timestamp,metrica,valor
2026-09-23 11:25:29,cpu_usr,16.0
2026-09-23 11:25:29,cpu_sys,16.6
2026-09-23 11:25:29,cpu_idl,66.6
2026-09-23 11:25:29,cpu_wai,0.0
2026-09-23 11:25:29,cpu_stl,0.0
2026-09-23 11:25:29,memory_percent,91.9
2026-09-23 11:25:29,memory_used_mb,14831.0
2026-09-23 11:25:29,memory_available_mb,1316.0
2026-09-23 11:25:29,disk_read_per_sec,0.0
2026-09-23 11:25:29,disk_write_per_sec,4408473.0
2026-09-23 11:25:29,net_send_per_sec,939.0
2026-09-23 11:25:29,net_recv_per_sec,0.0
2026-09-23 11:25:29,load1,0.0
2026-09-23 11:25:29,load5,0.0
2026-09-23 11:25:29,load15,0.0
2026-09-23 11:25:29,active_sessions,15.0
2026-09-23 11:25:29,active_requests,11.0
2026-09-23 11:25:29,long_queries,10.0
2026-09-23 11:25:29,long_transactions,10.0
2026-09-23 11:25:29,idle_sessions,14.0
2026-09-23 11:25:29,lock_waits,0.0
2026-09-23 11:25:29,total_locks,4.0
2026-09-23 11:25:29,deadlocks_per_sec,0.0
2026-09-23 11:25:29,page_life_expectancy,1545.0
2026-09-23 11:25:29,buffer_cache_hit_ratio,100.0
2026-09-23 11:25:29,database_size_mb,0.0
2026-09-23 11:25:29,total_reads,1410.0
2026-09-23 11:25:29,total_writes,36241.0
2026-09-23 11:25:29,venta_locks,0.0
2026-09-23 11:25:29,detalle_venta_locks,0.0
2026-09-23 11:25:29,inventario_locks,0.0
2026-09-23 11:25:29,kardex_locks,0.0
2026-09-23 11:25:29,caja_locks,0.0
2026-09-23 11:25:29,movimiento_caja_locks,0.0
2026-09-23 11:25:29,auditoria_locks,0.0
2026-09-23 11:25:29,api_status,0.0
2026-09-23 11:25:29,api_latency_ms,0.0
2026-09-23 11:25:29,products_count,0.0
2026-09-23 11:25:29,sales_count,0.0
2026-09-23 11:25:34,cpu_usr,10.8
2026-09-23 11:25:34,cpu_sys,24.8
2026-09-23 11:25:34,cpu_idl,63.2
2026-09-23 11:25:34,cpu_wai,0.0
2026-09-23 11:25:34,cpu_stl,0.0
2026-09-23 11:25:34,memory_percent,91.6
2026-09-23 11:25:34,memory_used_mb,14793.0
2026-09-23 11:25:34,memory_available_mb,1355.0
2026-09-23 11:25:34,disk_read_per_sec,325838.0
2026-09-23 11:25:34,disk_write_per_sec,616986.0
2026-09-23 11:25:34,net_send_per_sec,11746.0
2026-09-23 11:25:34,net_recv_per_sec,72318.0
2026-09-23 11:25:34,load1,0.0
2026-09-23 11:25:34,load5,0.0
2026-09-23 11:25:34,load15,0.0
2026-09-23 11:25:34,active_sessions,35.0
2026-09-23 11:25:34,active_requests,23.0
2026-09-23 11:25:34,long_queries,10.0
2026-09-23 11:25:34,long_transactions,10.0
2026-09-23 11:25:34,idle_sessions,22.0
2026-09-23 11:25:34,lock_waits,1.0
2026-09-23 11:25:34,total_locks,110.0
2026-09-23 11:25:34,deadlocks_per_sec,0.0
2026-09-23 11:25:34,page_life_expectancy,1550.0
2026-09-23 11:25:34,buffer_cache_hit_ratio,100.0
2026-09-23 11:25:34,transactions_per_sec,429.57
2026-09-23 11:25:34,page_reads_per_sec,0.0
2026-09-23 11:25:34,page_writes_per_sec,0.0
2026-09-23 11:25:34,rollbacks_per_sec,0.0
2026-09-23 11:25:34,batch_requests_per_sec,0.0
2026-09-23 11:25:34,sql_compilations_per_sec,0.0
2026-09-23 11:25:34,database_size_mb,0.0
2026-09-23 11:25:34,total_reads,1410.0
2026-09-23 11:25:34,total_writes,36392.0
2026-09-23 11:25:34,venta_locks,2.0
2026-09-23 11:25:34,detalle_venta_locks,0.0
2026-09-23 11:25:34,inventario_locks,0.0
2026-09-23 11:25:34,kardex_locks,0.0
2026-09-23 11:25:34,caja_locks,0.0
2026-09-23 11:25:34,movimiento_caja_locks,0.0
2026-09-23 11:25:34,auditoria_locks,0.0
2026-09-23 11:25:34,api_status,0.0
2026-09-23 11:25:34,api_latency_ms,0.0
2026-09-23 11:25:34,products_count,0.0
2026-09-23 11:25:34,sales_count,0.0
2026-09-23 11:25:40,cpu_usr,10.3
2026-09-23 11:25:40,cpu_sys,47.2
2026-09-23 11:25:40,cpu_idl,41.1
2026-09-23 11:25:40,cpu_wai,0.0
2026-09-23 11:25:40,cpu_stl,0.0
2026-09-23 11:25:40,memory_percent,91.0
2026-09-23 11:25:40,memory_used_mb,14696.0
2026-09-23 11:25:40,memory_available_mb,1451.0
2026-09-23 11:25:40,disk_read_per_sec,604641.0
2026-09-23 11:25:40,disk_write_per_sec,1395413.0
2026-09-23 11:25:40,net_send_per_sec,4946.0
2026-09-23 11:25:40,net_recv_per_sec,198004.0
2026-09-23 11:25:40,load1,0.0
2026-09-23 11:25:40,load5,0.0
2026-09-23 11:25:40,load15,0.0
2026-09-23 11:25:40,active_sessions,34.0
2026-09-23 11:25:40,active_requests,27.0
2026-09-23 11:25:40,long_queries,10.0
2026-09-23 11:25:40,long_transactions,10.0
2026-09-23 11:25:40,idle_sessions,21.0
2026-09-23 11:25:40,lock_waits,1.0
2026-09-23 11:25:40,total_locks,99.0
2026-09-23 11:25:40,deadlocks_per_sec,0.0
2026-09-23 11:25:40,page_life_expectancy,1556.0
2026-09-23 11:25:40,buffer_cache_hit_ratio,100.0
2026-09-23 11:25:40,transactions_per_sec,873.48
2026-09-23 11:25:40,page_reads_per_sec,0.0
2026-09-23 11:25:40,page_writes_per_sec,0.0
2026-09-23 11:25:40,rollbacks_per_sec,0.0
2026-09-23 11:25:40,batch_requests_per_sec,0.0
2026-09-23 11:25:40,sql_compilations_per_sec,0.0
2026-09-23 11:25:40,database_size_mb,0.0
2026-09-23 11:25:40,total_reads,1410.0
2026-09-23 11:25:40,total_writes,36735.0
2026-09-23 11:25:40,venta_locks,4.0
2026-09-23 11:25:40,detalle_venta_locks,0.0
2026-09-23 11:25:40,inventario_locks,0.0
2026-09-23 11:25:40,kardex_locks,0.0
2026-09-23 11:25:40,caja_locks,0.0
2026-09-23 11:25:40,movimiento_caja_locks,0.0
2026-09-23 11:25:40,auditoria_locks,0.0
2026-09-23 11:25:40,api_status,0.0
2026-09-23 11:25:40,api_latency_ms,4629.0
2026-09-23 11:25:40,products_count,0.0
2026-09-23 11:25:40,sales_count,0.0
2026-09-23 11:25:46,cpu_usr,9.1
2026-09-23 11:25:46,cpu_sys,48.1
2026-09-23 11:25:46,cpu_idl,41.4
2026-09-23 11:25:46,cpu_wai,0.0
2026-09-23 11:25:46,cpu_stl,0.0
2026-09-23 11:25:46,memory_percent,91.1
2026-09-23 11:25:46,memory_used_mb,14709.0
2026-09-23 11:25:46,memory_available_mb,1439.0
2026-09-23 11:25:46,disk_read_per_sec,31000.0
2026-09-23 11:25:46,disk_write_per_sec,2234738.0
2026-09-23 11:25:46,net_send_per_sec,5800.0
2026-09-23 11:25:46,net_recv_per_sec,241103.0
2026-09-23 11:25:46,load1,0.0
2026-09-23 11:25:46,load5,0.0
2026-09-23 11:25:46,load15,0.0
2026-09-23 11:25:46,active_sessions,35.0
2026-09-23 11:25:46,active_requests,24.0
2026-09-23 11:25:46,long_queries,10.0
2026-09-23 11:25:46,long_transactions,10.0
2026-09-23 11:25:46,idle_sessions,16.0
2026-09-23 11:25:46,lock_waits,0.0
2026-09-23 11:25:46,total_locks,105.0
2026-09-23 11:25:46,deadlocks_per_sec,0.0
2026-09-23 11:25:46,page_life_expectancy,1561.0
2026-09-23 11:25:46,buffer_cache_hit_ratio,100.0
2026-09-23 11:25:46,transactions_per_sec,913.91
2026-09-23 11:25:46,page_reads_per_sec,0.0
2026-09-23 11:25:46,page_writes_per_sec,0.0
2026-09-23 11:25:46,rollbacks_per_sec,0.0
2026-09-23 11:25:46,batch_requests_per_sec,0.0
2026-09-23 11:25:46,sql_compilations_per_sec,0.0
2026-09-23 11:25:46,database_size_mb,0.0
2026-09-23 11:25:46,total_reads,1410.0
2026-09-23 11:25:46,total_writes,37095.0
2026-09-23 11:25:46,venta_locks,0.0
2026-09-23 11:25:46,detalle_venta_locks,0.0
2026-09-23 11:25:46,inventario_locks,0.0
2026-09-23 11:25:46,kardex_locks,0.0
2026-09-23 11:25:46,caja_locks,0.0
2026-09-23 11:25:46,movimiento_caja_locks,0.0
2026-09-23 11:25:46,auditoria_locks,0.0
2026-09-23 11:25:46,api_status,0.0
2026-09-23 11:25:46,api_latency_ms,4629.0
2026-09-23 11:25:46,products_count,0.0
2026-09-23 11:25:46,sales_count,0.0
2026-09-23 11:25:51,cpu_usr,10.3
2026-09-23 11:25:51,cpu_sys,46.7
2026-09-23 11:25:51,cpu_idl,41.5
2026-09-23 11:25:51,cpu_wai,0.0
2026-09-23 11:25:51,cpu_stl,0.0
2026-09-23 11:25:51,memory_percent,91.4
2026-09-23 11:25:51,memory_used_mb,14754.0
2026-09-23 11:25:51,memory_available_mb,1394.0
2026-09-23 11:25:51,disk_read_per_sec,1158474.0
2026-09-23 11:25:51,disk_write_per_sec,2835097.0
2026-09-23 11:25:51,net_send_per_sec,3412.0
2026-09-23 11:25:51,net_recv_per_sec,222817.0
2026-09-23 11:25:51,load1,0.08
2026-09-23 11:25:51,load5,0.02
2026-09-23 11:25:51,load15,0.01
2026-09-23 11:25:51,active_sessions,35.0
2026-09-23 11:25:51,active_requests,28.0
2026-09-23 11:25:51,long_queries,10.0
2026-09-23 11:25:51,long_transactions,10.0
2026-09-23 11:25:51,idle_sessions,20.0
2026-09-23 11:25:51,lock_waits,1.0
2026-09-23 11:25:51,total_locks,88.0
2026-09-23 11:25:51,deadlocks_per_sec,0.0
2026-09-23 11:25:51,page_life_expectancy,1567.0
2026-09-23 11:25:51,buffer_cache_hit_ratio,100.0
2026-09-23 11:25:51,transactions_per_sec,908.69
2026-09-23 11:25:51,page_reads_per_sec,0.0
2026-09-23 11:25:51,page_writes_per_sec,0.0
2026-09-23 11:25:51,rollbacks_per_sec,0.0
2026-09-23 11:25:51,batch_requests_per_sec,0.0
2026-09-23 11:25:51,sql_compilations_per_sec,0.0
2026-09-23 11:25:51,database_size_mb,0.0
2026-09-23 11:25:51,total_reads,1410.0
2026-09-23 11:25:51,total_writes,37479.0
2026-09-23 11:25:51,venta_locks,3.0
2026-09-23 11:25:51,detalle_venta_locks,0.0
2026-09-23 11:25:51,inventario_locks,0.0
2026-09-23 11:25:51,kardex_locks,0.0
2026-09-23 11:25:51,caja_locks,0.0
2026-09-23 11:25:51,movimiento_caja_locks,0.0
2026-09-23 11:25:51,auditoria_locks,0.0
2026-09-23 11:25:51,api_status,0.0
2026-09-23 11:25:51,api_latency_ms,4043.0
2026-09-23 11:25:51,products_count,0.0
2026-09-23 11:25:51,sales_count,0.0
2026-09-23 11:25:57,cpu_usr,9.3
2026-09-23 11:25:57,cpu_sys,47.4
2026-09-23 11:25:57,cpu_idl,41.6
2026-09-23 11:25:57,cpu_wai,0.0
2026-09-23 11:25:57,cpu_stl,0.0
2026-09-23 11:25:57,memory_percent,90.5
2026-09-23 11:25:57,memory_used_mb,14611.0
2026-09-23 11:25:57,memory_available_mb,1537.0
2026-09-23 11:25:57,disk_read_per_sec,82537.0
2026-09-23 11:25:57,disk_write_per_sec,1849355.0
2026-09-23 11:25:57,net_send_per_sec,3982.0
2026-09-23 11:25:57,net_recv_per_sec,166352.0
2026-09-23 11:25:57,load1,0.07
2026-09-23 11:25:57,load5,0.02
2026-09-23 11:25:57,load15,0.01
2026-09-23 11:25:57,active_sessions,34.0
2026-09-23 11:25:57,active_requests,24.0
2026-09-23 11:25:57,long_queries,10.0
2026-09-23 11:25:57,long_transactions,10.0
2026-09-23 11:25:57,idle_sessions,20.0
2026-09-23 11:25:57,lock_waits,3.0
2026-09-23 11:25:57,total_locks,116.0
2026-09-23 11:25:57,deadlocks_per_sec,0.0
2026-09-23 11:25:57,page_life_expectancy,1572.0
2026-09-23 11:25:57,buffer_cache_hit_ratio,100.0
2026-09-23 11:25:57,transactions_per_sec,942.35
2026-09-23 11:25:57,page_reads_per_sec,0.0
2026-09-23 11:25:57,page_writes_per_sec,0.0
2026-09-23 11:25:57,rollbacks_per_sec,0.0
2026-09-23 11:25:57,batch_requests_per_sec,0.0
2026-09-23 11:25:57,sql_compilations_per_sec,0.0
2026-09-23 11:25:57,database_size_mb,0.0
2026-09-23 11:25:57,total_reads,1410.0
2026-09-23 11:25:57,total_writes,37841.0
2026-09-23 11:25:57,venta_locks,0.0
2026-09-23 11:25:57,detalle_venta_locks,0.0
2026-09-23 11:25:57,inventario_locks,0.0
2026-09-23 11:25:57,kardex_locks,0.0
2026-09-23 11:25:57,caja_locks,0.0
2026-09-23 11:25:57,movimiento_caja_locks,0.0
2026-09-23 11:25:57,auditoria_locks,0.0
2026-09-23 11:25:57,api_status,0.0
2026-09-23 11:25:57,api_latency_ms,4043.0
2026-09-23 11:25:57,products_count,0.0
2026-09-23 11:25:57,sales_count,0.0
2026-09-23 11:26:03,cpu_usr,10.1
2026-09-23 11:26:03,cpu_sys,48.3
2026-09-23 11:26:03,cpu_idl,39.8
2026-09-23 11:26:03,cpu_wai,0.0
2026-09-23 11:26:03,cpu_stl,0.0
2026-09-23 11:26:03,memory_percent,91.0
2026-09-23 11:26:03,memory_used_mb,14689.0
2026-09-23 11:26:03,memory_available_mb,1459.0
2026-09-23 11:26:03,disk_read_per_sec,862374.0
2026-09-23 11:26:03,disk_write_per_sec,1557284.0
2026-09-23 11:26:03,net_send_per_sec,11657.0
2026-09-23 11:26:03,net_recv_per_sec,126190.0
2026-09-23 11:26:03,load1,0.07
2026-09-23 11:26:03,load5,0.02
2026-09-23 11:26:03,load15,0.01
2026-09-23 11:26:03,active_sessions,34.0
2026-09-23 11:26:03,active_requests,21.0
2026-09-23 11:26:03,long_queries,10.0
2026-09-23 11:26:03,long_transactions,10.0
2026-09-23 11:26:03,idle_sessions,24.0
2026-09-23 11:26:03,lock_waits,3.0
2026-09-23 11:26:03,total_locks,115.0
2026-09-23 11:26:03,deadlocks_per_sec,0.0
2026-09-23 11:26:03,page_life_expectancy,1578.0
2026-09-23 11:26:03,buffer_cache_hit_ratio,100.0
2026-09-23 11:26:03,transactions_per_sec,908.12
2026-09-23 11:26:03,page_reads_per_sec,0.0
2026-09-23 11:26:03,page_writes_per_sec,0.0
2026-09-23 11:26:03,rollbacks_per_sec,0.0
2026-09-23 11:26:03,batch_requests_per_sec,0.0
2026-09-23 11:26:03,sql_compilations_per_sec,0.0
2026-09-23 11:26:03,database_size_mb,0.0
2026-09-23 11:26:03,total_reads,1410.0
2026-09-23 11:26:03,total_writes,38221.0
2026-09-23 11:26:03,venta_locks,0.0
2026-09-23 11:26:03,detalle_venta_locks,0.0
2026-09-23 11:26:03,inventario_locks,0.0
2026-09-23 11:26:03,kardex_locks,0.0
2026-09-23 11:26:03,caja_locks,0.0
2026-09-23 11:26:03,movimiento_caja_locks,0.0
2026-09-23 11:26:03,auditoria_locks,0.0
2026-09-23 11:26:03,api_status,0.0
2026-09-23 11:26:03,api_latency_ms,4043.0
2026-09-23 11:26:03,products_count,0.0
2026-09-23 11:26:03,sales_count,0.0
2026-09-23 11:26:08,cpu_usr,9.4
2026-09-23 11:26:08,cpu_sys,47.2
2026-09-23 11:26:08,cpu_idl,41.7
2026-09-23 11:26:08,cpu_wai,0.0
2026-09-23 11:26:08,cpu_stl,0.0
2026-09-23 11:26:08,memory_percent,91.1
2026-09-23 11:26:08,memory_used_mb,14709.0
2026-09-23 11:26:08,memory_available_mb,1438.0
2026-09-23 11:26:08,disk_read_per_sec,1266357.0
2026-09-23 11:26:08,disk_write_per_sec,1635559.0
2026-09-23 11:26:08,net_send_per_sec,4649.0
2026-09-23 11:26:08,net_recv_per_sec,309731.0
2026-09-23 11:26:08,load1,0.06
2026-09-23 11:26:08,load5,0.02
2026-09-23 11:26:08,load15,0.01
2026-09-23 11:26:08,active_sessions,35.0
2026-09-23 11:26:08,active_requests,26.0
2026-09-23 11:26:08,long_queries,10.0
2026-09-23 11:26:08,long_transactions,10.0
2026-09-23 11:26:08,idle_sessions,21.0
2026-09-23 11:26:08,lock_waits,7.0
2026-09-23 11:26:08,total_locks,161.0
2026-09-23 11:26:08,deadlocks_per_sec,0.0
2026-09-23 11:26:08,page_life_expectancy,1583.0
2026-09-23 11:26:08,buffer_cache_hit_ratio,100.0
2026-09-23 11:26:08,transactions_per_sec,958.48
2026-09-23 11:26:08,page_reads_per_sec,0.0
2026-09-23 11:26:08,page_writes_per_sec,0.0
2026-09-23 11:26:08,rollbacks_per_sec,0.0
2026-09-23 11:26:08,batch_requests_per_sec,0.0
2026-09-23 11:26:08,sql_compilations_per_sec,0.0
2026-09-23 11:26:08,database_size_mb,0.0
2026-09-23 11:26:08,total_reads,1410.0
2026-09-23 11:26:08,total_writes,38587.0
2026-09-23 11:26:08,venta_locks,0.0
2026-09-23 11:26:08,detalle_venta_locks,0.0
2026-09-23 11:26:08,inventario_locks,0.0
2026-09-23 11:26:08,kardex_locks,0.0
2026-09-23 11:26:08,caja_locks,0.0
2026-09-23 11:26:08,movimiento_caja_locks,0.0
2026-09-23 11:26:08,auditoria_locks,0.0
2026-09-23 11:26:08,api_status,0.0
2026-09-23 11:26:08,api_latency_ms,4048.0
2026-09-23 11:26:08,products_count,0.0
2026-09-23 11:26:08,sales_count,0.0
2026-09-23 11:26:14,cpu_usr,7.5
2026-09-23 11:26:14,cpu_sys,46.0
2026-09-23 11:26:14,cpu_idl,44.2
2026-09-23 11:26:14,cpu_wai,0.0
2026-09-23 11:26:14,cpu_stl,0.0
2026-09-23 11:26:14,memory_percent,90.9
2026-09-23 11:26:14,memory_used_mb,14681.0
2026-09-23 11:26:14,memory_available_mb,1466.0
2026-09-23 11:26:14,disk_read_per_sec,422998.0
2026-09-23 11:26:14,disk_write_per_sec,1900217.0
2026-09-23 11:26:14,net_send_per_sec,3630.0
2026-09-23 11:26:14,net_recv_per_sec,217228.0
2026-09-23 11:26:14,load1,0.14
2026-09-23 11:26:14,load5,0.03
2026-09-23 11:26:14,load15,0.01
2026-09-23 11:26:14,active_sessions,34.0
2026-09-23 11:26:14,active_requests,24.0
2026-09-23 11:26:14,long_queries,10.0
2026-09-23 11:26:14,long_transactions,10.0
2026-09-23 11:26:14,idle_sessions,20.0
2026-09-23 11:26:14,lock_waits,2.0
2026-09-23 11:26:14,total_locks,110.0
2026-09-23 11:26:14,deadlocks_per_sec,0.0
2026-09-23 11:26:14,page_life_expectancy,1589.0
2026-09-23 11:26:14,buffer_cache_hit_ratio,100.0
2026-09-23 11:26:14,transactions_per_sec,869.41
2026-09-23 11:26:14,page_reads_per_sec,0.0
2026-09-23 11:26:14,page_writes_per_sec,0.0
2026-09-23 11:26:14,rollbacks_per_sec,0.0
2026-09-23 11:26:14,batch_requests_per_sec,0.0
2026-09-23 11:26:14,sql_compilations_per_sec,0.0
2026-09-23 11:26:14,database_size_mb,0.0
2026-09-23 11:26:14,total_reads,1410.0
2026-09-23 11:26:14,total_writes,38913.0
2026-09-23 11:26:14,venta_locks,1.0
2026-09-23 11:26:14,detalle_venta_locks,0.0
2026-09-23 11:26:14,inventario_locks,0.0
2026-09-23 11:26:14,kardex_locks,0.0
2026-09-23 11:26:14,caja_locks,0.0
2026-09-23 11:26:14,movimiento_caja_locks,0.0
2026-09-23 11:26:14,auditoria_locks,0.0
2026-09-23 11:26:14,api_status,0.0
2026-09-23 11:26:14,api_latency_ms,4048.0
2026-09-23 11:26:14,products_count,0.0
2026-09-23 11:26:14,sales_count,0.0
2026-09-23 11:26:19,cpu_usr,12.1
2026-09-23 11:26:19,cpu_sys,54.8
2026-09-23 11:26:19,cpu_idl,30.7
2026-09-23 11:26:19,cpu_wai,0.0
2026-09-23 11:26:19,cpu_stl,0.0
2026-09-23 11:26:19,memory_percent,91.0
2026-09-23 11:26:19,memory_used_mb,14695.0
2026-09-23 11:26:19,memory_available_mb,1453.0
2026-09-23 11:26:19,disk_read_per_sec,227226.0
2026-09-23 11:26:19,disk_write_per_sec,7869184.0
2026-09-23 11:26:19,net_send_per_sec,4243.0
2026-09-23 11:26:19,net_recv_per_sec,75672.0
2026-09-23 11:26:19,load1,0.13
2026-09-23 11:26:19,load5,0.03
2026-09-23 11:26:19,load15,0.01
2026-09-23 11:26:19,active_sessions,34.0
2026-09-23 11:26:19,active_requests,25.0
2026-09-23 11:26:19,long_queries,10.0
2026-09-23 11:26:19,long_transactions,10.0
2026-09-23 11:26:19,idle_sessions,19.0
2026-09-23 11:26:19,lock_waits,0.0
2026-09-23 11:26:19,total_locks,89.0
2026-09-23 11:26:19,deadlocks_per_sec,0.0
2026-09-23 11:26:19,page_life_expectancy,1594.0
2026-09-23 11:26:19,buffer_cache_hit_ratio,100.0
2026-09-23 11:26:19,transactions_per_sec,833.96
2026-09-23 11:26:19,page_reads_per_sec,0.0
2026-09-23 11:26:19,page_writes_per_sec,0.0
2026-09-23 11:26:19,rollbacks_per_sec,0.0
2026-09-23 11:26:19,batch_requests_per_sec,0.0
2026-09-23 11:26:19,sql_compilations_per_sec,0.0
2026-09-23 11:26:19,database_size_mb,0.0
2026-09-23 11:26:19,total_reads,1410.0
2026-09-23 11:26:19,total_writes,39203.0
2026-09-23 11:26:19,venta_locks,2.0
2026-09-23 11:26:19,detalle_venta_locks,0.0
2026-09-23 11:26:19,inventario_locks,0.0
2026-09-23 11:26:19,kardex_locks,0.0
2026-09-23 11:26:19,caja_locks,0.0
2026-09-23 11:26:19,movimiento_caja_locks,0.0
2026-09-23 11:26:19,auditoria_locks,0.0
2026-09-23 11:26:19,api_status,0.0
2026-09-23 11:26:19,api_latency_ms,4059.0
2026-09-23 11:26:19,products_count,0.0
2026-09-23 11:26:19,sales_count,0.0
2026-09-23 11:26:24,cpu_usr,13.4
2026-09-23 11:26:24,cpu_sys,52.4
2026-09-23 11:26:24,cpu_idl,31.8
2026-09-23 11:26:24,cpu_wai,0.0
2026-09-23 11:26:24,cpu_stl,0.0
2026-09-23 11:26:24,memory_percent,92.2
2026-09-23 11:26:24,memory_used_mb,14881.0
2026-09-23 11:26:24,memory_available_mb,1266.0
2026-09-23 11:26:24,disk_read_per_sec,612261.0
2026-09-23 11:26:24,disk_write_per_sec,1724696.0
2026-09-23 11:26:24,net_send_per_sec,54105.0
2026-09-23 11:26:24,net_recv_per_sec,2205516.0
2026-09-23 11:26:24,load1,0.18
2026-09-23 11:26:24,load5,0.05
2026-09-23 11:26:24,load15,0.02
2026-09-23 11:26:24,active_sessions,35.0
2026-09-23 11:26:24,active_requests,23.0
2026-09-23 11:26:24,long_queries,10.0
2026-09-23 11:26:24,long_transactions,10.0
2026-09-23 11:26:24,idle_sessions,21.0
2026-09-23 11:26:24,lock_waits,2.0
2026-09-23 11:26:24,total_locks,71.0
2026-09-23 11:26:24,deadlocks_per_sec,0.0
2026-09-23 11:26:24,page_life_expectancy,1599.0
2026-09-23 11:26:24,buffer_cache_hit_ratio,100.0
2026-09-23 11:26:24,transactions_per_sec,814.2
2026-09-23 11:26:24,page_reads_per_sec,0.0
2026-09-23 11:26:24,page_writes_per_sec,0.0
2026-09-23 11:26:24,rollbacks_per_sec,0.0
2026-09-23 11:26:24,batch_requests_per_sec,0.0
2026-09-23 11:26:24,sql_compilations_per_sec,0.0
2026-09-23 11:26:24,database_size_mb,0.0
2026-09-23 11:26:24,total_reads,1410.0
2026-09-23 11:26:24,total_writes,39515.0
2026-09-23 11:26:24,venta_locks,1.0
2026-09-23 11:26:24,detalle_venta_locks,0.0
2026-09-23 11:26:24,inventario_locks,0.0
2026-09-23 11:26:24,kardex_locks,0.0
2026-09-23 11:26:24,caja_locks,0.0
2026-09-23 11:26:24,movimiento_caja_locks,0.0
2026-09-23 11:26:24,auditoria_locks,0.0
2026-09-23 11:26:24,api_status,0.0
2026-09-23 11:26:24,api_latency_ms,4059.0
2026-09-23 11:26:24,products_count,0.0
2026-09-23 11:26:24,sales_count,0.0
2026-09-23 11:26:30,cpu_usr,12.2
2026-09-23 11:26:30,cpu_sys,48.7
2026-09-23 11:26:30,cpu_idl,37.4
2026-09-23 11:26:30,cpu_wai,0.0
2026-09-23 11:26:30,cpu_stl,0.0
2026-09-23 11:26:30,memory_percent,91.6
2026-09-23 11:26:30,memory_used_mb,14798.0
2026-09-23 11:26:30,memory_available_mb,1349.0
2026-09-23 11:26:30,disk_read_per_sec,252182.0
2026-09-23 11:26:30,disk_write_per_sec,1676065.0
2026-09-23 11:26:30,net_send_per_sec,28758.0
2026-09-23 11:26:30,net_recv_per_sec,1498186.0
2026-09-23 11:26:30,load1,0.17
2026-09-23 11:26:30,load5,0.05
2026-09-23 11:26:30,load15,0.02
2026-09-23 11:26:30,active_sessions,34.0
2026-09-23 11:26:30,active_requests,25.0
2026-09-23 11:26:30,long_queries,10.0
2026-09-23 11:26:30,long_transactions,10.0
2026-09-23 11:26:30,idle_sessions,23.0
2026-09-23 11:26:30,lock_waits,1.0
2026-09-23 11:26:30,total_locks,120.0
2026-09-23 11:26:30,deadlocks_per_sec,0.0
2026-09-23 11:26:30,page_life_expectancy,1605.0
2026-09-23 11:26:30,buffer_cache_hit_ratio,100.0
2026-09-23 11:26:30,transactions_per_sec,855.35
2026-09-23 11:26:30,page_reads_per_sec,0.0
2026-09-23 11:26:30,page_writes_per_sec,0.0
2026-09-23 11:26:30,rollbacks_per_sec,0.0
2026-09-23 11:26:30,batch_requests_per_sec,0.0
2026-09-23 11:26:30,sql_compilations_per_sec,0.0
2026-09-23 11:26:30,database_size_mb,0.0
2026-09-23 11:26:30,total_reads,1410.0
2026-09-23 11:26:30,total_writes,39849.0
2026-09-23 11:26:30,venta_locks,0.0
2026-09-23 11:26:30,detalle_venta_locks,0.0
2026-09-23 11:26:30,inventario_locks,0.0
2026-09-23 11:26:30,kardex_locks,0.0
2026-09-23 11:26:30,caja_locks,0.0
2026-09-23 11:26:30,movimiento_caja_locks,0.0
2026-09-23 11:26:30,auditoria_locks,0.0
2026-09-23 11:26:30,api_status,0.0
2026-09-23 11:26:30,api_latency_ms,4086.0
2026-09-23 11:26:30,products_count,0.0
2026-09-23 11:26:30,sales_count,0.0
2026-09-23 11:26:36,cpu_usr,12.3
2026-09-23 11:26:36,cpu_sys,51.1
2026-09-23 11:26:36,cpu_idl,34.3
2026-09-23 11:26:36,cpu_wai,0.0
2026-09-23 11:26:36,cpu_stl,0.0
2026-09-23 11:26:36,memory_percent,91.7
2026-09-23 11:26:36,memory_used_mb,14815.0
2026-09-23 11:26:36,memory_available_mb,1333.0
2026-09-23 11:26:36,disk_read_per_sec,549765.0
2026-09-23 11:26:36,disk_write_per_sec,1573908.0
2026-09-23 11:26:36,net_send_per_sec,58629.0
2026-09-23 11:26:36,net_recv_per_sec,2996771.0
2026-09-23 11:26:36,load1,0.15
2026-09-23 11:26:36,load5,0.05
2026-09-23 11:26:36,load15,0.02
2026-09-23 11:26:36,active_sessions,34.0
2026-09-23 11:26:36,active_requests,26.0
2026-09-23 11:26:36,long_queries,10.0
2026-09-23 11:26:36,long_transactions,10.0
2026-09-23 11:26:36,idle_sessions,20.0
2026-09-23 11:26:36,lock_waits,1.0
2026-09-23 11:26:36,total_locks,119.0
2026-09-23 11:26:36,deadlocks_per_sec,0.0
2026-09-23 11:26:36,page_life_expectancy,1611.0
2026-09-23 11:26:36,buffer_cache_hit_ratio,100.0
2026-09-23 11:26:36,transactions_per_sec,884.53
2026-09-23 11:26:36,page_reads_per_sec,0.0
2026-09-23 11:26:36,page_writes_per_sec,0.0
2026-09-23 11:26:36,rollbacks_per_sec,0.0
2026-09-23 11:26:36,batch_requests_per_sec,0.0
2026-09-23 11:26:36,sql_compilations_per_sec,0.0
2026-09-23 11:26:36,database_size_mb,0.0
2026-09-23 11:26:36,total_reads,1410.0
2026-09-23 11:26:36,total_writes,40176.0
2026-09-23 11:26:36,venta_locks,1.0
2026-09-23 11:26:36,detalle_venta_locks,0.0
2026-09-23 11:26:36,inventario_locks,0.0
2026-09-23 11:26:36,kardex_locks,0.0
2026-09-23 11:26:36,caja_locks,0.0
2026-09-23 11:26:36,movimiento_caja_locks,0.0
2026-09-23 11:26:36,auditoria_locks,0.0
2026-09-23 11:26:36,api_status,0.0
2026-09-23 11:26:36,api_latency_ms,4086.0
2026-09-23 11:26:36,products_count,0.0
2026-09-23 11:26:36,sales_count,0.0
2026-09-23 11:26:41,cpu_usr,11.0
2026-09-23 11:26:41,cpu_sys,44.7
2026-09-23 11:26:41,cpu_idl,42.4
2026-09-23 11:26:41,cpu_wai,0.0
2026-09-23 11:26:41,cpu_stl,0.0
2026-09-23 11:26:41,memory_percent,90.4
2026-09-23 11:26:41,memory_used_mb,14603.0
2026-09-23 11:26:41,memory_available_mb,1545.0
2026-09-23 11:26:41,disk_read_per_sec,8325.0
2026-09-23 11:26:41,disk_write_per_sec,1429380.0
2026-09-23 11:26:41,net_send_per_sec,3083.0
2026-09-23 11:26:41,net_recv_per_sec,2145.0
2026-09-23 11:26:41,load1,0.14
2026-09-23 11:26:41,load5,0.04
2026-09-23 11:26:41,load15,0.02
2026-09-23 11:26:41,active_sessions,35.0
2026-09-23 11:26:41,active_requests,24.0
2026-09-23 11:26:41,long_queries,10.0
2026-09-23 11:26:41,long_transactions,10.0
2026-09-23 11:26:41,idle_sessions,18.0
2026-09-23 11:26:41,lock_waits,2.0
2026-09-23 11:26:41,total_locks,127.0
2026-09-23 11:26:41,deadlocks_per_sec,0.0
2026-09-23 11:26:41,page_life_expectancy,1616.0
2026-09-23 11:26:41,buffer_cache_hit_ratio,100.0
2026-09-23 11:26:41,transactions_per_sec,993.49
2026-09-23 11:26:41,page_reads_per_sec,0.0
2026-09-23 11:26:41,page_writes_per_sec,0.0
2026-09-23 11:26:41,rollbacks_per_sec,0.0
2026-09-23 11:26:41,batch_requests_per_sec,0.0
2026-09-23 11:26:41,sql_compilations_per_sec,0.0
2026-09-23 11:26:41,database_size_mb,0.0
2026-09-23 11:26:41,total_reads,1410.0
2026-09-23 11:26:41,total_writes,40532.0
2026-09-23 11:26:41,venta_locks,0.0
2026-09-23 11:26:41,detalle_venta_locks,0.0
2026-09-23 11:26:41,inventario_locks,0.0
2026-09-23 11:26:41,kardex_locks,0.0
2026-09-23 11:26:41,caja_locks,0.0
2026-09-23 11:26:41,movimiento_caja_locks,0.0
2026-09-23 11:26:41,auditoria_locks,0.0
2026-09-23 11:26:41,api_status,0.0
2026-09-23 11:26:41,api_latency_ms,4086.0
2026-09-23 11:26:41,products_count,0.0
2026-09-23 11:26:41,sales_count,0.0
2026-09-23 11:26:47,cpu_usr,9.0
2026-09-23 11:26:47,cpu_sys,46.8
2026-09-23 11:26:47,cpu_idl,42.7
2026-09-23 11:26:47,cpu_wai,0.0
2026-09-23 11:26:47,cpu_stl,0.0
2026-09-23 11:26:47,memory_percent,90.1
2026-09-23 11:26:47,memory_used_mb,14551.0
2026-09-23 11:26:47,memory_available_mb,1596.0
2026-09-23 11:26:47,disk_read_per_sec,588013.0
2026-09-23 11:26:47,disk_write_per_sec,1527699.0
2026-09-23 11:26:47,net_send_per_sec,3155.0
2026-09-23 11:26:47,net_recv_per_sec,10741.0
2026-09-23 11:26:47,load1,0.13
2026-09-23 11:26:47,load5,0.04
2026-09-23 11:26:47,load15,0.02
2026-09-23 11:26:47,active_sessions,33.0
2026-09-23 11:26:47,active_requests,20.0
2026-09-23 11:26:47,long_queries,10.0
2026-09-23 11:26:47,long_transactions,10.0
2026-09-23 11:26:47,idle_sessions,21.0
2026-09-23 11:26:47,lock_waits,0.0
2026-09-23 11:26:47,total_locks,167.0
2026-09-23 11:26:47,deadlocks_per_sec,0.0
2026-09-23 11:26:47,page_life_expectancy,1622.0
2026-09-23 11:26:47,buffer_cache_hit_ratio,100.0
2026-09-23 11:26:47,transactions_per_sec,871.95
2026-09-23 11:26:47,page_reads_per_sec,0.0
2026-09-23 11:26:47,page_writes_per_sec,0.0
2026-09-23 11:26:47,rollbacks_per_sec,0.0
2026-09-23 11:26:47,batch_requests_per_sec,0.0
2026-09-23 11:26:47,sql_compilations_per_sec,0.0
2026-09-23 11:26:47,database_size_mb,0.0
2026-09-23 11:26:47,total_reads,1410.0
2026-09-23 11:26:47,total_writes,40887.0
2026-09-23 11:26:47,venta_locks,1.0
2026-09-23 11:26:47,detalle_venta_locks,0.0
2026-09-23 11:26:47,inventario_locks,0.0
2026-09-23 11:26:47,kardex_locks,0.0
2026-09-23 11:26:47,caja_locks,0.0
2026-09-23 11:26:47,movimiento_caja_locks,0.0
2026-09-23 11:26:47,auditoria_locks,0.0
2026-09-23 11:26:47,api_status,0.0
2026-09-23 11:26:47,api_latency_ms,4065.0
2026-09-23 11:26:47,products_count,0.0
2026-09-23 11:26:47,sales_count,0.0
2026-09-23 11:26:52,cpu_usr,12.0
2026-09-23 11:26:52,cpu_sys,50.4
2026-09-23 11:26:52,cpu_idl,35.7
2026-09-23 11:26:52,cpu_wai,0.0
2026-09-23 11:26:52,cpu_stl,0.0
2026-09-23 11:26:52,memory_percent,90.4
2026-09-23 11:26:52,memory_used_mb,14601.0
2026-09-23 11:26:52,memory_available_mb,1547.0
2026-09-23 11:26:52,disk_read_per_sec,538548.0
2026-09-23 11:26:52,disk_write_per_sec,2267472.0
2026-09-23 11:26:52,net_send_per_sec,42934.0
2026-09-23 11:26:52,net_recv_per_sec,2124709.0
2026-09-23 11:26:52,load1,0.12
2026-09-23 11:26:52,load5,0.04
2026-09-23 11:26:52,load15,0.02
2026-09-23 11:26:52,active_sessions,33.0
2026-09-23 11:26:52,active_requests,23.0
2026-09-23 11:26:52,long_queries,10.0
2026-09-23 11:26:52,long_transactions,10.0
2026-09-23 11:26:52,idle_sessions,18.0
2026-09-23 11:26:52,lock_waits,2.0
2026-09-23 11:26:52,total_locks,91.0
2026-09-23 11:26:52,deadlocks_per_sec,0.0
2026-09-23 11:26:52,page_life_expectancy,1627.0
2026-09-23 11:26:52,buffer_cache_hit_ratio,100.0
2026-09-23 11:26:52,transactions_per_sec,916.46
2026-09-23 11:26:52,page_reads_per_sec,0.0
2026-09-23 11:26:52,page_writes_per_sec,0.0
2026-09-23 11:26:52,rollbacks_per_sec,0.0
2026-09-23 11:26:52,batch_requests_per_sec,0.0
2026-09-23 11:26:52,sql_compilations_per_sec,0.0
2026-09-23 11:26:52,database_size_mb,0.0
2026-09-23 11:26:52,total_reads,1410.0
2026-09-23 11:26:52,total_writes,41260.0
2026-09-23 11:26:52,venta_locks,0.0
2026-09-23 11:26:52,detalle_venta_locks,0.0
2026-09-23 11:26:52,inventario_locks,0.0
2026-09-23 11:26:52,kardex_locks,0.0
2026-09-23 11:26:52,caja_locks,0.0
2026-09-23 11:26:52,movimiento_caja_locks,0.0
2026-09-23 11:26:52,auditoria_locks,0.0
2026-09-23 11:26:52,api_status,0.0
2026-09-23 11:26:52,api_latency_ms,4065.0
2026-09-23 11:26:52,products_count,0.0
2026-09-23 11:26:52,sales_count,0.0
2026-09-23 11:26:58,cpu_usr,12.6
2026-09-23 11:26:58,cpu_sys,47.7
2026-09-23 11:26:58,cpu_idl,38.5
2026-09-23 11:26:58,cpu_wai,0.0
2026-09-23 11:26:58,cpu_stl,0.0
2026-09-23 11:26:58,memory_percent,90.4
2026-09-23 11:26:58,memory_used_mb,14604.0
2026-09-23 11:26:58,memory_available_mb,1543.0
2026-09-23 11:26:58,disk_read_per_sec,524022.0
2026-09-23 11:26:58,disk_write_per_sec,2127154.0
2026-09-23 11:26:58,net_send_per_sec,53017.0
2026-09-23 11:26:58,net_recv_per_sec,2687781.0
2026-09-23 11:26:58,load1,0.19
2026-09-23 11:26:58,load5,0.06
2026-09-23 11:26:58,load15,0.02
2026-09-23 11:26:58,active_sessions,32.0
2026-09-23 11:26:58,active_requests,24.0
2026-09-23 11:26:58,long_queries,10.0
2026-09-23 11:26:58,long_transactions,10.0
2026-09-23 11:26:58,idle_sessions,21.0
2026-09-23 11:26:58,lock_waits,7.0
2026-09-23 11:26:58,total_locks,116.0
2026-09-23 11:26:58,deadlocks_per_sec,0.0
2026-09-23 11:26:58,page_life_expectancy,1633.0
2026-09-23 11:26:58,buffer_cache_hit_ratio,100.0
2026-09-23 11:26:58,transactions_per_sec,918.39
2026-09-23 11:26:58,page_reads_per_sec,0.0
2026-09-23 11:26:58,page_writes_per_sec,0.0
2026-09-23 11:26:58,rollbacks_per_sec,0.0
2026-09-23 11:26:58,batch_requests_per_sec,0.0
2026-09-23 11:26:58,sql_compilations_per_sec,0.0
2026-09-23 11:26:58,database_size_mb,0.0
2026-09-23 11:26:58,total_reads,1410.0
2026-09-23 11:26:58,total_writes,41623.0
2026-09-23 11:26:58,venta_locks,0.0
2026-09-23 11:26:58,detalle_venta_locks,0.0
2026-09-23 11:26:58,inventario_locks,0.0
2026-09-23 11:26:58,kardex_locks,0.0
2026-09-23 11:26:58,caja_locks,0.0
2026-09-23 11:26:58,movimiento_caja_locks,0.0
2026-09-23 11:26:58,auditoria_locks,0.0
2026-09-23 11:26:58,api_status,0.0
2026-09-23 11:26:58,api_latency_ms,4075.0
2026-09-23 11:26:58,products_count,0.0
2026-09-23 11:26:58,sales_count,0.0
2026-09-23 11:27:04,cpu_usr,8.2
2026-09-23 11:27:04,cpu_sys,46.8
2026-09-23 11:27:04,cpu_idl,43.7
2026-09-23 11:27:04,cpu_wai,0.0
2026-09-23 11:27:04,cpu_stl,0.0
2026-09-23 11:27:04,memory_percent,90.5
2026-09-23 11:27:04,memory_used_mb,14607.0
2026-09-23 11:27:04,memory_available_mb,1541.0
2026-09-23 11:27:04,disk_read_per_sec,51551.0
2026-09-23 11:27:04,disk_write_per_sec,5688200.0
2026-09-23 11:27:04,net_send_per_sec,20516.0
2026-09-23 11:27:04,net_recv_per_sec,988072.0
2026-09-23 11:27:04,load1,0.17
2026-09-23 11:27:04,load5,0.06
2026-09-23 11:27:04,load15,0.02
2026-09-23 11:27:04,active_sessions,32.0
2026-09-23 11:27:04,active_requests,18.0
2026-09-23 11:27:04,long_queries,10.0
2026-09-23 11:27:04,long_transactions,10.0
2026-09-23 11:27:04,idle_sessions,21.0
2026-09-23 11:27:04,lock_waits,5.0
2026-09-23 11:27:04,total_locks,114.0
2026-09-23 11:27:04,deadlocks_per_sec,0.0
2026-09-23 11:27:04,page_life_expectancy,1639.0
2026-09-23 11:27:04,buffer_cache_hit_ratio,100.0
2026-09-23 11:27:04,transactions_per_sec,923.39
2026-09-23 11:27:04,page_reads_per_sec,0.0
2026-09-23 11:27:04,page_writes_per_sec,0.0
2026-09-23 11:27:04,rollbacks_per_sec,0.0
2026-09-23 11:27:04,batch_requests_per_sec,0.0
2026-09-23 11:27:04,sql_compilations_per_sec,0.0
2026-09-23 11:27:04,database_size_mb,0.0
2026-09-23 11:27:04,total_reads,1410.0
2026-09-23 11:27:04,total_writes,42002.0
2026-09-23 11:27:04,venta_locks,0.0
2026-09-23 11:27:04,detalle_venta_locks,0.0
2026-09-23 11:27:04,inventario_locks,0.0
2026-09-23 11:27:04,kardex_locks,0.0
2026-09-23 11:27:04,caja_locks,0.0
2026-09-23 11:27:04,movimiento_caja_locks,0.0
2026-09-23 11:27:04,auditoria_locks,0.0
2026-09-23 11:27:04,api_status,0.0
2026-09-23 11:27:04,api_latency_ms,4075.0
2026-09-23 11:27:04,products_count,0.0
2026-09-23 11:27:04,sales_count,0.0
2026-09-23 11:27:09,cpu_usr,9.6
2026-09-23 11:27:09,cpu_sys,47.5
2026-09-23 11:27:09,cpu_idl,41.4
2026-09-23 11:27:09,cpu_wai,0.0
2026-09-23 11:27:09,cpu_stl,0.0
2026-09-23 11:27:09,memory_percent,90.1
2026-09-23 11:27:09,memory_used_mb,14554.0
2026-09-23 11:27:09,memory_available_mb,1594.0
2026-09-23 11:27:09,disk_read_per_sec,555016.0
2026-09-23 11:27:09,disk_write_per_sec,2096504.0
2026-09-23 11:27:09,net_send_per_sec,87065.0
2026-09-23 11:27:09,net_recv_per_sec,4386355.0
2026-09-23 11:27:09,load1,0.16
2026-09-23 11:27:09,load5,0.06
2026-09-23 11:27:09,load15,0.02
2026-09-23 11:27:09,active_sessions,33.0
2026-09-23 11:27:09,active_requests,24.0
2026-09-23 11:27:09,long_queries,10.0
2026-09-23 11:27:09,long_transactions,10.0
2026-09-23 11:27:09,idle_sessions,19.0
2026-09-23 11:27:09,lock_waits,4.0
2026-09-23 11:27:09,total_locks,110.0
2026-09-23 11:27:09,deadlocks_per_sec,0.0
2026-09-23 11:27:09,page_life_expectancy,1645.0
2026-09-23 11:27:09,buffer_cache_hit_ratio,100.0
2026-09-23 11:27:09,transactions_per_sec,905.52
2026-09-23 11:27:09,page_reads_per_sec,0.0
2026-09-23 11:27:09,page_writes_per_sec,0.0
2026-09-23 11:27:09,rollbacks_per_sec,0.0
2026-09-23 11:27:09,batch_requests_per_sec,0.0
2026-09-23 11:27:09,sql_compilations_per_sec,0.0
2026-09-23 11:27:09,database_size_mb,0.0
2026-09-23 11:27:09,total_reads,1410.0
2026-09-23 11:27:09,total_writes,42328.0
2026-09-23 11:27:09,venta_locks,0.0
2026-09-23 11:27:09,detalle_venta_locks,0.0
2026-09-23 11:27:09,inventario_locks,0.0
2026-09-23 11:27:09,kardex_locks,0.0
2026-09-23 11:27:09,caja_locks,0.0
2026-09-23 11:27:09,movimiento_caja_locks,0.0
2026-09-23 11:27:09,auditoria_locks,0.0
2026-09-23 11:27:09,api_status,0.0
2026-09-23 11:27:09,api_latency_ms,4049.0
2026-09-23 11:27:09,products_count,0.0
2026-09-23 11:27:09,sales_count,0.0
2026-09-23 11:27:15,cpu_usr,8.0
2026-09-23 11:27:15,cpu_sys,47.2
2026-09-23 11:27:15,cpu_idl,43.0
2026-09-23 11:27:15,cpu_wai,0.0
2026-09-23 11:27:15,cpu_stl,0.0
2026-09-23 11:27:15,memory_percent,90.2
2026-09-23 11:27:15,memory_used_mb,14566.0
2026-09-23 11:27:15,memory_available_mb,1581.0
2026-09-23 11:27:15,disk_read_per_sec,264818.0
2026-09-23 11:27:15,disk_write_per_sec,1427453.0
2026-09-23 11:27:15,net_send_per_sec,76355.0
2026-09-23 11:27:15,net_recv_per_sec,3973877.0
2026-09-23 11:27:15,load1,0.22
2026-09-23 11:27:15,load5,0.07
2026-09-23 11:27:15,load15,0.03
2026-09-23 11:27:15,active_sessions,32.0
2026-09-23 11:27:15,active_requests,26.0
2026-09-23 11:27:15,long_queries,10.0
2026-09-23 11:27:15,long_transactions,10.0
2026-09-23 11:27:15,idle_sessions,24.0
2026-09-23 11:27:15,lock_waits,5.0
2026-09-23 11:27:15,total_locks,115.0
2026-09-23 11:27:15,deadlocks_per_sec,0.0
2026-09-23 11:27:15,page_life_expectancy,1650.0
2026-09-23 11:27:15,buffer_cache_hit_ratio,100.0
2026-09-23 11:27:15,transactions_per_sec,938.05
2026-09-23 11:27:15,page_reads_per_sec,0.0
2026-09-23 11:27:15,page_writes_per_sec,0.0
2026-09-23 11:27:15,rollbacks_per_sec,0.0
2026-09-23 11:27:15,batch_requests_per_sec,0.0
2026-09-23 11:27:15,sql_compilations_per_sec,0.0
2026-09-23 11:27:15,database_size_mb,0.0
2026-09-23 11:27:15,total_reads,1410.0
2026-09-23 11:27:15,total_writes,42652.0
2026-09-23 11:27:15,venta_locks,0.0
2026-09-23 11:27:15,detalle_venta_locks,0.0
2026-09-23 11:27:15,inventario_locks,0.0
2026-09-23 11:27:15,kardex_locks,0.0
2026-09-23 11:27:15,caja_locks,0.0
2026-09-23 11:27:15,movimiento_caja_locks,0.0
2026-09-23 11:27:15,auditoria_locks,0.0
2026-09-23 11:27:15,api_status,0.0
2026-09-23 11:27:15,api_latency_ms,4049.0
2026-09-23 11:27:15,products_count,0.0
2026-09-23 11:27:15,sales_count,0.0
2026-09-23 11:27:20,cpu_usr,6.7
2026-09-23 11:27:20,cpu_sys,46.6
2026-09-23 11:27:20,cpu_idl,45.4
2026-09-23 11:27:20,cpu_wai,0.0
2026-09-23 11:27:20,cpu_stl,0.0
2026-09-23 11:27:20,memory_percent,90.3
2026-09-23 11:27:20,memory_used_mb,14584.0
2026-09-23 11:27:20,memory_available_mb,1563.0
2026-09-23 11:27:20,disk_read_per_sec,44826.0
2026-09-23 11:27:20,disk_write_per_sec,1541308.0
2026-09-23 11:27:20,net_send_per_sec,45986.0
2026-09-23 11:27:20,net_recv_per_sec,2323846.0
2026-09-23 11:27:20,load1,0.2
2026-09-23 11:27:20,load5,0.07
2026-09-23 11:27:20,load15,0.03
2026-09-23 11:27:20,active_sessions,33.0
2026-09-23 11:27:20,active_requests,28.0
2026-09-23 11:27:20,long_queries,10.0
2026-09-23 11:27:20,long_transactions,10.0
2026-09-23 11:27:20,idle_sessions,18.0
2026-09-23 11:27:20,lock_waits,1.0
2026-09-23 11:27:20,total_locks,99.0
2026-09-23 11:27:20,deadlocks_per_sec,0.0
2026-09-23 11:27:20,page_life_expectancy,1656.0
2026-09-23 11:27:20,buffer_cache_hit_ratio,100.0
2026-09-23 11:27:20,transactions_per_sec,885.69
2026-09-23 11:27:20,page_reads_per_sec,0.0
2026-09-23 11:27:20,page_writes_per_sec,0.0
2026-09-23 11:27:20,rollbacks_per_sec,0.0
2026-09-23 11:27:20,batch_requests_per_sec,0.0
2026-09-23 11:27:20,sql_compilations_per_sec,0.0
2026-09-23 11:27:20,database_size_mb,0.0
2026-09-23 11:27:20,total_reads,1410.0
2026-09-23 11:27:20,total_writes,42945.0
2026-09-23 11:27:20,venta_locks,1.0
2026-09-23 11:27:20,detalle_venta_locks,0.0
2026-09-23 11:27:20,inventario_locks,0.0
2026-09-23 11:27:20,kardex_locks,0.0
2026-09-23 11:27:20,caja_locks,0.0
2026-09-23 11:27:20,movimiento_caja_locks,0.0
2026-09-23 11:27:20,auditoria_locks,0.0
2026-09-23 11:27:20,api_status,0.0
2026-09-23 11:27:20,api_latency_ms,4049.0
2026-09-23 11:27:20,products_count,0.0
2026-09-23 11:27:20,sales_count,0.0
2026-09-23 11:27:26,cpu_usr,6.0
2026-09-23 11:27:26,cpu_sys,45.6
2026-09-23 11:27:26,cpu_idl,46.8
2026-09-23 11:27:26,cpu_wai,0.0
2026-09-23 11:27:26,cpu_stl,0.0
2026-09-23 11:27:26,memory_percent,90.1
2026-09-23 11:27:26,memory_used_mb,14548.0
2026-09-23 11:27:26,memory_available_mb,1599.0
2026-09-23 11:27:26,disk_read_per_sec,484010.0
2026-09-23 11:27:26,disk_write_per_sec,1515489.0
2026-09-23 11:27:26,net_send_per_sec,41268.0
2026-09-23 11:27:26,net_recv_per_sec,2077777.0
2026-09-23 11:27:26,load1,0.18
2026-09-23 11:27:26,load5,0.07
2026-09-23 11:27:26,load15,0.03
2026-09-23 11:27:26,active_sessions,32.0
2026-09-23 11:27:26,active_requests,17.0
2026-09-23 11:27:26,long_queries,10.0
2026-09-23 11:27:26,long_transactions,10.0
2026-09-23 11:27:26,idle_sessions,17.0
2026-09-23 11:27:26,lock_waits,0.0
2026-09-23 11:27:26,total_locks,100.0
2026-09-23 11:27:26,deadlocks_per_sec,0.0
2026-09-23 11:27:26,page_life_expectancy,1661.0
2026-09-23 11:27:26,buffer_cache_hit_ratio,100.0
2026-09-23 11:27:26,transactions_per_sec,954.25
2026-09-23 11:27:26,page_reads_per_sec,0.0
2026-09-23 11:27:26,page_writes_per_sec,0.0
2026-09-23 11:27:26,rollbacks_per_sec,0.0
2026-09-23 11:27:26,batch_requests_per_sec,0.0
2026-09-23 11:27:26,sql_compilations_per_sec,0.0
2026-09-23 11:27:26,database_size_mb,0.0
2026-09-23 11:27:26,total_reads,1410.0
2026-09-23 11:27:26,total_writes,43271.0
2026-09-23 11:27:26,venta_locks,0.0
2026-09-23 11:27:26,detalle_venta_locks,0.0
2026-09-23 11:27:26,inventario_locks,0.0
2026-09-23 11:27:26,kardex_locks,0.0
2026-09-23 11:27:26,caja_locks,0.0
2026-09-23 11:27:26,movimiento_caja_locks,0.0
2026-09-23 11:27:26,auditoria_locks,0.0
2026-09-23 11:27:26,api_status,0.0
2026-09-23 11:27:26,api_latency_ms,4042.0
2026-09-23 11:27:26,products_count,0.0
2026-09-23 11:27:26,sales_count,0.0
2026-09-23 11:27:31,cpu_usr,11.0
2026-09-23 11:27:31,cpu_sys,51.8
2026-09-23 11:27:31,cpu_idl,35.2
2026-09-23 11:27:31,cpu_wai,0.0
2026-09-23 11:27:31,cpu_stl,0.0
2026-09-23 11:27:31,memory_percent,89.2
2026-09-23 11:27:31,memory_used_mb,14410.0
2026-09-23 11:27:31,memory_available_mb,1737.0
2026-09-23 11:27:31,disk_read_per_sec,144069.0
2026-09-23 11:27:31,disk_write_per_sec,1510300.0
2026-09-23 11:27:31,net_send_per_sec,8128.0
2026-09-23 11:27:31,net_recv_per_sec,216459.0
2026-09-23 11:27:31,load1,0.25
2026-09-23 11:27:31,load5,0.08
2026-09-23 11:27:31,load15,0.03
2026-09-23 11:27:31,active_sessions,32.0
2026-09-23 11:27:31,active_requests,19.0
2026-09-23 11:27:31,long_queries,10.0
2026-09-23 11:27:31,long_transactions,10.0
2026-09-23 11:27:31,idle_sessions,23.0
2026-09-23 11:27:31,lock_waits,0.0
2026-09-23 11:27:31,total_locks,119.0
2026-09-23 11:27:31,deadlocks_per_sec,0.0
2026-09-23 11:27:31,page_life_expectancy,1667.0
2026-09-23 11:27:31,buffer_cache_hit_ratio,100.0
2026-09-23 11:27:31,transactions_per_sec,837.37
2026-09-23 11:27:31,page_reads_per_sec,0.0
2026-09-23 11:27:31,page_writes_per_sec,0.0
2026-09-23 11:27:31,rollbacks_per_sec,0.0
2026-09-23 11:27:31,batch_requests_per_sec,0.0
2026-09-23 11:27:31,sql_compilations_per_sec,0.0
2026-09-23 11:27:31,database_size_mb,0.0
2026-09-23 11:27:31,total_reads,1410.0
2026-09-23 11:27:31,total_writes,43601.0
2026-09-23 11:27:31,venta_locks,1.0
2026-09-23 11:27:31,detalle_venta_locks,0.0
2026-09-23 11:27:31,inventario_locks,0.0
2026-09-23 11:27:31,kardex_locks,0.0
2026-09-23 11:27:31,caja_locks,0.0
2026-09-23 11:27:31,movimiento_caja_locks,0.0
2026-09-23 11:27:31,auditoria_locks,0.0
2026-09-23 11:27:31,api_status,0.0
2026-09-23 11:27:31,api_latency_ms,4042.0
2026-09-23 11:27:31,products_count,0.0
2026-09-23 11:27:31,sales_count,0.0
2026-09-23 11:27:37,cpu_usr,13.2
2026-09-23 11:27:37,cpu_sys,51.6
2026-09-23 11:27:37,cpu_idl,32.9
2026-09-23 11:27:37,cpu_wai,0.0
2026-09-23 11:27:37,cpu_stl,0.0
2026-09-23 11:27:37,memory_percent,89.3
2026-09-23 11:27:37,memory_used_mb,14419.0
2026-09-23 11:27:37,memory_available_mb,1729.0
2026-09-23 11:27:37,disk_read_per_sec,396516.0
2026-09-23 11:27:37,disk_write_per_sec,1396795.0
2026-09-23 11:27:37,net_send_per_sec,57591.0
2026-09-23 11:27:37,net_recv_per_sec,2220085.0
2026-09-23 11:27:37,load1,0.23
2026-09-23 11:27:37,load5,0.08
2026-09-23 11:27:37,load15,0.03
2026-09-23 11:27:37,active_sessions,33.0
2026-09-23 11:27:37,active_requests,27.0
2026-09-23 11:27:37,long_queries,10.0
2026-09-23 11:27:37,long_transactions,10.0
2026-09-23 11:27:37,idle_sessions,18.0
2026-09-23 11:27:37,lock_waits,3.0
2026-09-23 11:27:37,total_locks,83.0
2026-09-23 11:27:37,deadlocks_per_sec,0.0
2026-09-23 11:27:37,page_life_expectancy,1672.0
2026-09-23 11:27:37,buffer_cache_hit_ratio,100.0
2026-09-23 11:27:37,transactions_per_sec,909.19
2026-09-23 11:27:37,page_reads_per_sec,0.0
2026-09-23 11:27:37,page_writes_per_sec,0.0
2026-09-23 11:27:37,rollbacks_per_sec,0.0
2026-09-23 11:27:37,batch_requests_per_sec,0.0
2026-09-23 11:27:37,sql_compilations_per_sec,0.0
2026-09-23 11:27:37,database_size_mb,0.0
2026-09-23 11:27:37,total_reads,1410.0
2026-09-23 11:27:37,total_writes,43904.0
2026-09-23 11:27:37,venta_locks,0.0
2026-09-23 11:27:37,detalle_venta_locks,0.0
2026-09-23 11:27:37,inventario_locks,0.0
2026-09-23 11:27:37,kardex_locks,0.0
2026-09-23 11:27:37,caja_locks,0.0
2026-09-23 11:27:37,movimiento_caja_locks,0.0
2026-09-23 11:27:37,auditoria_locks,0.0
2026-09-23 11:27:37,api_status,0.0
2026-09-23 11:27:37,api_latency_ms,4044.0
2026-09-23 11:27:37,products_count,0.0
2026-09-23 11:27:37,sales_count,0.0
2026-09-23 11:27:43,cpu_usr,16.3
2026-09-23 11:27:43,cpu_sys,53.5
2026-09-23 11:27:43,cpu_idl,28.1
2026-09-23 11:27:43,cpu_wai,0.0
2026-09-23 11:27:43,cpu_stl,0.0
2026-09-23 11:27:43,memory_percent,88.2
2026-09-23 11:27:43,memory_used_mb,14240.0
2026-09-23 11:27:43,memory_available_mb,1908.0
2026-09-23 11:27:43,disk_read_per_sec,879869.0
2026-09-23 11:27:43,disk_write_per_sec,1236912.0
2026-09-23 11:27:43,net_send_per_sec,50579.0
2026-09-23 11:27:43,net_recv_per_sec,922783.0
2026-09-23 11:27:43,load1,0.37
2026-09-23 11:27:43,load5,0.11
2026-09-23 11:27:43,load15,0.04
2026-09-23 11:27:43,active_sessions,32.0
2026-09-23 11:27:43,active_requests,24.0
2026-09-23 11:27:43,long_queries,10.0
2026-09-23 11:27:43,long_transactions,10.0
2026-09-23 11:27:43,idle_sessions,17.0
2026-09-23 11:27:43,lock_waits,0.0
2026-09-23 11:27:43,total_locks,107.0
2026-09-23 11:27:43,deadlocks_per_sec,0.0
2026-09-23 11:27:43,page_life_expectancy,1678.0
2026-09-23 11:27:43,buffer_cache_hit_ratio,100.0
2026-09-23 11:27:43,transactions_per_sec,791.26
2026-09-23 11:27:43,page_reads_per_sec,0.0
2026-09-23 11:27:43,page_writes_per_sec,0.0
2026-09-23 11:27:43,rollbacks_per_sec,0.0
2026-09-23 11:27:43,batch_requests_per_sec,0.0
2026-09-23 11:27:43,sql_compilations_per_sec,0.0
2026-09-23 11:27:43,database_size_mb,0.0
2026-09-23 11:27:43,total_reads,1410.0
2026-09-23 11:27:43,total_writes,44166.0
2026-09-23 11:27:43,venta_locks,0.0
2026-09-23 11:27:43,detalle_venta_locks,0.0
2026-09-23 11:27:43,inventario_locks,0.0
2026-09-23 11:27:43,kardex_locks,0.0
2026-09-23 11:27:43,caja_locks,0.0
2026-09-23 11:27:43,movimiento_caja_locks,0.0
2026-09-23 11:27:43,auditoria_locks,0.0
2026-09-23 11:27:43,api_status,0.0
2026-09-23 11:27:43,api_latency_ms,4044.0
2026-09-23 11:27:43,products_count,0.0
2026-09-23 11:27:43,sales_count,0.0
2026-09-23 11:27:48,cpu_usr,10.5
2026-09-23 11:27:48,cpu_sys,47.6
2026-09-23 11:27:48,cpu_idl,40.6
2026-09-23 11:27:48,cpu_wai,0.0
2026-09-23 11:27:48,cpu_stl,0.0
2026-09-23 11:27:48,memory_percent,88.9
2026-09-23 11:27:48,memory_used_mb,14354.0
2026-09-23 11:27:48,memory_available_mb,1794.0
2026-09-23 11:27:48,disk_read_per_sec,1417818.0
2026-09-23 11:27:48,disk_write_per_sec,1792102.0
2026-09-23 11:27:48,net_send_per_sec,23103.0
2026-09-23 11:27:48,net_recv_per_sec,262936.0
2026-09-23 11:27:48,load1,0.34
2026-09-23 11:27:48,load5,0.11
2026-09-23 11:27:48,load15,0.04
2026-09-23 11:27:48,active_sessions,30.0
2026-09-23 11:27:48,active_requests,20.0
2026-09-23 11:27:48,long_queries,8.0
2026-09-23 11:27:48,long_transactions,8.0
2026-09-23 11:27:48,idle_sessions,18.0
2026-09-23 11:27:48,lock_waits,0.0
2026-09-23 11:27:48,total_locks,101.0
2026-09-23 11:27:48,deadlocks_per_sec,0.0
2026-09-23 11:27:48,page_life_expectancy,1683.0
2026-09-23 11:27:48,buffer_cache_hit_ratio,100.0
2026-09-23 11:27:48,transactions_per_sec,912.98
2026-09-23 11:27:48,page_reads_per_sec,0.0
2026-09-23 11:27:48,page_writes_per_sec,0.0
2026-09-23 11:27:48,rollbacks_per_sec,0.0
2026-09-23 11:27:48,batch_requests_per_sec,0.0
2026-09-23 11:27:48,sql_compilations_per_sec,0.0
2026-09-23 11:27:48,database_size_mb,0.0
2026-09-23 11:27:48,total_reads,1410.0
2026-09-23 11:27:48,total_writes,44507.0
2026-09-23 11:27:48,venta_locks,0.0
2026-09-23 11:27:48,detalle_venta_locks,0.0
2026-09-23 11:27:48,inventario_locks,0.0
2026-09-23 11:27:48,kardex_locks,0.0
2026-09-23 11:27:48,caja_locks,0.0
2026-09-23 11:27:48,movimiento_caja_locks,0.0
2026-09-23 11:27:48,auditoria_locks,0.0
2026-09-23 11:27:48,api_status,0.0
2026-09-23 11:27:48,api_latency_ms,4044.0
2026-09-23 11:27:48,products_count,0.0
2026-09-23 11:27:48,sales_count,0.0
2026-09-23 11:27:54,cpu_usr,9.0
2026-09-23 11:27:54,cpu_sys,46.0
2026-09-23 11:27:54,cpu_idl,43.1
2026-09-23 11:27:54,cpu_wai,0.0
2026-09-23 11:27:54,cpu_stl,0.0
2026-09-23 11:27:54,memory_percent,89.1
2026-09-23 11:27:54,memory_used_mb,14394.0
2026-09-23 11:27:54,memory_available_mb,1753.0
2026-09-23 11:27:54,disk_read_per_sec,157483.0
2026-09-23 11:27:54,disk_write_per_sec,1960299.0
2026-09-23 11:27:54,net_send_per_sec,18349.0
2026-09-23 11:27:54,net_recv_per_sec,160790.0
2026-09-23 11:27:54,load1,0.31
2026-09-23 11:27:54,load5,0.11
2026-09-23 11:27:54,load15,0.04
2026-09-23 11:27:54,active_sessions,30.0
2026-09-23 11:27:54,active_requests,22.0
2026-09-23 11:27:54,long_queries,8.0
2026-09-23 11:27:54,long_transactions,8.0
2026-09-23 11:27:54,idle_sessions,19.0
2026-09-23 11:27:54,lock_waits,1.0
2026-09-23 11:27:54,total_locks,99.0
2026-09-23 11:27:54,deadlocks_per_sec,0.0
2026-09-23 11:27:54,page_life_expectancy,1689.0
2026-09-23 11:27:54,buffer_cache_hit_ratio,100.0
2026-09-23 11:27:54,transactions_per_sec,928.45
2026-09-23 11:27:54,page_reads_per_sec,0.0
2026-09-23 11:27:54,page_writes_per_sec,0.0
2026-09-23 11:27:54,rollbacks_per_sec,0.0
2026-09-23 11:27:54,batch_requests_per_sec,0.0
2026-09-23 11:27:54,sql_compilations_per_sec,0.0
2026-09-23 11:27:54,database_size_mb,0.0
2026-09-23 11:27:54,total_reads,1410.0
2026-09-23 11:27:54,total_writes,44828.0
2026-09-23 11:27:54,venta_locks,0.0
2026-09-23 11:27:54,detalle_venta_locks,0.0
2026-09-23 11:27:54,inventario_locks,0.0
2026-09-23 11:27:54,kardex_locks,0.0
2026-09-23 11:27:54,caja_locks,0.0
2026-09-23 11:27:54,movimiento_caja_locks,0.0
2026-09-23 11:27:54,auditoria_locks,0.0
2026-09-23 11:27:54,api_status,0.0
2026-09-23 11:27:54,api_latency_ms,4056.0
2026-09-23 11:27:54,products_count,0.0
2026-09-23 11:27:54,sales_count,0.0
2026-09-23 11:27:59,cpu_usr,11.1
2026-09-23 11:27:59,cpu_sys,49.5
2026-09-23 11:27:59,cpu_idl,37.5
2026-09-23 11:27:59,cpu_wai,0.0
2026-09-23 11:27:59,cpu_stl,0.0
2026-09-23 11:27:59,memory_percent,89.4
2026-09-23 11:27:59,memory_used_mb,14432.0
2026-09-23 11:27:59,memory_available_mb,1716.0
2026-09-23 11:27:59,disk_read_per_sec,230004.0
2026-09-23 11:27:59,disk_write_per_sec,1413964.0
2026-09-23 11:27:59,net_send_per_sec,9473.0
2026-09-23 11:27:59,net_recv_per_sec,430902.0
2026-09-23 11:27:59,load1,0.37
2026-09-23 11:27:59,load5,0.13
2026-09-23 11:27:59,load15,0.05
2026-09-23 11:27:59,active_sessions,30.0
2026-09-23 11:27:59,active_requests,23.0
2026-09-23 11:27:59,long_queries,8.0
2026-09-23 11:27:59,long_transactions,8.0
2026-09-23 11:27:59,idle_sessions,17.0
2026-09-23 11:27:59,lock_waits,2.0
2026-09-23 11:27:59,total_locks,89.0
2026-09-23 11:27:59,deadlocks_per_sec,0.0
2026-09-23 11:27:59,page_life_expectancy,1694.0
2026-09-23 11:27:59,buffer_cache_hit_ratio,100.0
2026-09-23 11:27:59,transactions_per_sec,851.34
2026-09-23 11:27:59,page_reads_per_sec,0.0
2026-09-23 11:27:59,page_writes_per_sec,0.0
2026-09-23 11:27:59,rollbacks_per_sec,0.0
2026-09-23 11:27:59,batch_requests_per_sec,0.0
2026-09-23 11:27:59,sql_compilations_per_sec,0.0
2026-09-23 11:27:59,database_size_mb,0.0
2026-09-23 11:27:59,total_reads,1410.0
2026-09-23 11:27:59,total_writes,45098.0
2026-09-23 11:27:59,venta_locks,3.0
2026-09-23 11:27:59,detalle_venta_locks,0.0
2026-09-23 11:27:59,inventario_locks,0.0
2026-09-23 11:27:59,kardex_locks,0.0
2026-09-23 11:27:59,caja_locks,0.0
2026-09-23 11:27:59,movimiento_caja_locks,0.0
2026-09-23 11:27:59,auditoria_locks,0.0
2026-09-23 11:27:59,api_status,0.0
2026-09-23 11:27:59,api_latency_ms,4056.0
2026-09-23 11:27:59,products_count,0.0
2026-09-23 11:27:59,sales_count,0.0
2026-09-23 11:28:05,cpu_usr,9.6
2026-09-23 11:28:05,cpu_sys,47.9
2026-09-23 11:28:05,cpu_idl,41.1
2026-09-23 11:28:05,cpu_wai,0.0
2026-09-23 11:28:05,cpu_stl,0.0
2026-09-23 11:28:05,memory_percent,89.4
2026-09-23 11:28:05,memory_used_mb,14440.0
2026-09-23 11:28:05,memory_available_mb,1707.0
2026-09-23 11:28:05,disk_read_per_sec,201951.0
2026-09-23 11:28:05,disk_write_per_sec,1507855.0
2026-09-23 11:28:05,net_send_per_sec,5211.0
2026-09-23 11:28:05,net_recv_per_sec,418563.0
2026-09-23 11:28:05,load1,0.31
2026-09-23 11:28:05,load5,0.12
2026-09-23 11:28:05,load15,0.05
2026-09-23 11:28:05,active_sessions,30.0
2026-09-23 11:28:05,active_requests,22.0
2026-09-23 11:28:05,long_queries,8.0
2026-09-23 11:28:05,long_transactions,8.0
2026-09-23 11:28:05,idle_sessions,16.0
2026-09-23 11:28:05,lock_waits,2.0
2026-09-23 11:28:05,total_locks,111.0
2026-09-23 11:28:05,deadlocks_per_sec,0.0
2026-09-23 11:28:05,page_life_expectancy,1700.0
2026-09-23 11:28:05,buffer_cache_hit_ratio,100.0
2026-09-23 11:28:05,transactions_per_sec,871.97
2026-09-23 11:28:05,page_reads_per_sec,0.0
2026-09-23 11:28:05,page_writes_per_sec,0.0
2026-09-23 11:28:05,rollbacks_per_sec,0.0
2026-09-23 11:28:05,batch_requests_per_sec,0.0
2026-09-23 11:28:05,sql_compilations_per_sec,0.0
2026-09-23 11:28:05,database_size_mb,0.0
2026-09-23 11:28:05,total_reads,1410.0
2026-09-23 11:28:05,total_writes,45345.0
2026-09-23 11:28:05,venta_locks,0.0
2026-09-23 11:28:05,detalle_venta_locks,0.0
2026-09-23 11:28:05,inventario_locks,0.0
2026-09-23 11:28:05,kardex_locks,0.0
2026-09-23 11:28:05,caja_locks,0.0
2026-09-23 11:28:05,movimiento_caja_locks,0.0
2026-09-23 11:28:05,auditoria_locks,0.0
2026-09-23 11:28:05,api_status,0.0
2026-09-23 11:28:05,api_latency_ms,4072.0
2026-09-23 11:28:05,products_count,0.0
2026-09-23 11:28:05,sales_count,0.0
2026-09-23 11:28:10,cpu_usr,11.1
2026-09-23 11:28:10,cpu_sys,46.8
2026-09-23 11:28:10,cpu_idl,40.6
2026-09-23 11:28:10,cpu_wai,0.0
2026-09-23 11:28:10,cpu_stl,0.0
2026-09-23 11:28:10,memory_percent,89.1
2026-09-23 11:28:10,memory_used_mb,14387.0
2026-09-23 11:28:10,memory_available_mb,1760.0
2026-09-23 11:28:10,disk_read_per_sec,24556.0
2026-09-23 11:28:10,disk_write_per_sec,1359130.0
2026-09-23 11:28:10,net_send_per_sec,5367.0
2026-09-23 11:28:10,net_recv_per_sec,419394.0
2026-09-23 11:28:10,load1,0.29
2026-09-23 11:28:10,load5,0.12
2026-09-23 11:28:10,load15,0.05
2026-09-23 11:28:10,active_sessions,30.0
2026-09-23 11:28:10,active_requests,24.0
2026-09-23 11:28:10,long_queries,8.0
2026-09-23 11:28:10,long_transactions,8.0
2026-09-23 11:28:10,idle_sessions,16.0
2026-09-23 11:28:10,lock_waits,3.0
2026-09-23 11:28:10,total_locks,112.0
2026-09-23 11:28:10,deadlocks_per_sec,0.0
2026-09-23 11:28:10,page_life_expectancy,1705.0
2026-09-23 11:28:10,buffer_cache_hit_ratio,100.0
2026-09-23 11:28:10,transactions_per_sec,899.87
2026-09-23 11:28:10,page_reads_per_sec,0.0
2026-09-23 11:28:10,page_writes_per_sec,0.0
2026-09-23 11:28:10,rollbacks_per_sec,0.0
2026-09-23 11:28:10,batch_requests_per_sec,0.0
2026-09-23 11:28:10,sql_compilations_per_sec,0.0
2026-09-23 11:28:10,database_size_mb,0.0
2026-09-23 11:28:10,total_reads,1410.0
2026-09-23 11:28:10,total_writes,45600.0
2026-09-23 11:28:10,venta_locks,1.0
2026-09-23 11:28:10,detalle_venta_locks,0.0
2026-09-23 11:28:10,inventario_locks,0.0
2026-09-23 11:28:10,kardex_locks,0.0
2026-09-23 11:28:10,caja_locks,0.0
2026-09-23 11:28:10,movimiento_caja_locks,0.0
2026-09-23 11:28:10,auditoria_locks,0.0
2026-09-23 11:28:10,api_status,0.0
2026-09-23 11:28:10,api_latency_ms,4072.0
2026-09-23 11:28:10,products_count,0.0
2026-09-23 11:28:10,sales_count,0.0
2026-09-23 11:28:16,cpu_usr,11.8
2026-09-23 11:28:16,cpu_sys,48.6
2026-09-23 11:28:16,cpu_idl,37.7
2026-09-23 11:28:16,cpu_wai,0.0
2026-09-23 11:28:16,cpu_stl,0.0
2026-09-23 11:28:16,memory_percent,89.4
2026-09-23 11:28:16,memory_used_mb,14435.0
2026-09-23 11:28:16,memory_available_mb,1712.0
2026-09-23 11:28:16,disk_read_per_sec,61697.0
2026-09-23 11:28:16,disk_write_per_sec,1762443.0
2026-09-23 11:28:16,net_send_per_sec,11210.0
2026-09-23 11:28:16,net_recv_per_sec,422615.0
2026-09-23 11:28:16,load1,0.26
2026-09-23 11:28:16,load5,0.12
2026-09-23 11:28:16,load15,0.05
2026-09-23 11:28:16,active_sessions,30.0
2026-09-23 11:28:16,active_requests,27.0
2026-09-23 11:28:16,long_queries,8.0
2026-09-23 11:28:16,long_transactions,8.0
2026-09-23 11:28:16,idle_sessions,13.0
2026-09-23 11:28:16,lock_waits,0.0
2026-09-23 11:28:16,total_locks,76.0
2026-09-23 11:28:16,deadlocks_per_sec,0.0
2026-09-23 11:28:16,page_life_expectancy,1711.0
2026-09-23 11:28:16,buffer_cache_hit_ratio,100.0
2026-09-23 11:28:16,transactions_per_sec,827.22
2026-09-23 11:28:16,page_reads_per_sec,0.0
2026-09-23 11:28:16,page_writes_per_sec,0.0
2026-09-23 11:28:16,rollbacks_per_sec,0.0
2026-09-23 11:28:16,batch_requests_per_sec,0.0
2026-09-23 11:28:16,sql_compilations_per_sec,0.0
2026-09-23 11:28:16,database_size_mb,0.0
2026-09-23 11:28:16,total_reads,1410.0
2026-09-23 11:28:16,total_writes,45829.0
2026-09-23 11:28:16,venta_locks,0.0
2026-09-23 11:28:16,detalle_venta_locks,0.0
2026-09-23 11:28:16,inventario_locks,0.0
2026-09-23 11:28:16,kardex_locks,0.0
2026-09-23 11:28:16,caja_locks,0.0
2026-09-23 11:28:16,movimiento_caja_locks,0.0
2026-09-23 11:28:16,auditoria_locks,0.0
2026-09-23 11:28:16,api_status,0.0
2026-09-23 11:28:16,api_latency_ms,4045.0
2026-09-23 11:28:16,products_count,0.0
2026-09-23 11:28:16,sales_count,0.0
2026-09-23 11:28:21,cpu_usr,12.0
2026-09-23 11:28:21,cpu_sys,47.7
2026-09-23 11:28:21,cpu_idl,38.4
2026-09-23 11:28:21,cpu_wai,0.0
2026-09-23 11:28:21,cpu_stl,0.0
2026-09-23 11:28:21,memory_percent,89.2
2026-09-23 11:28:21,memory_used_mb,14401.0
2026-09-23 11:28:21,memory_available_mb,1746.0
2026-09-23 11:28:21,disk_read_per_sec,1036604.0
2026-09-23 11:28:21,disk_write_per_sec,1227669.0
2026-09-23 11:28:21,net_send_per_sec,5309.0
2026-09-23 11:28:21,net_recv_per_sec,414839.0
2026-09-23 11:28:21,load1,0.24
2026-09-23 11:28:21,load5,0.12
2026-09-23 11:28:21,load15,0.05
2026-09-23 11:28:21,active_sessions,30.0
2026-09-23 11:28:21,active_requests,20.0
2026-09-23 11:28:21,long_queries,8.0
2026-09-23 11:28:21,long_transactions,8.0
2026-09-23 11:28:21,idle_sessions,17.0
2026-09-23 11:28:21,lock_waits,6.0
2026-09-23 11:28:21,total_locks,72.0
2026-09-23 11:28:21,deadlocks_per_sec,0.0
2026-09-23 11:28:21,page_life_expectancy,1716.0
2026-09-23 11:28:21,buffer_cache_hit_ratio,100.0
2026-09-23 11:28:21,transactions_per_sec,851.04
2026-09-23 11:28:21,page_reads_per_sec,0.0
2026-09-23 11:28:21,page_writes_per_sec,0.0
2026-09-23 11:28:21,rollbacks_per_sec,0.0
2026-09-23 11:28:21,batch_requests_per_sec,0.0
2026-09-23 11:28:21,sql_compilations_per_sec,0.0
2026-09-23 11:28:21,database_size_mb,0.0
2026-09-23 11:28:21,total_reads,1410.0
2026-09-23 11:28:21,total_writes,46060.0
2026-09-23 11:28:21,venta_locks,0.0
2026-09-23 11:28:21,detalle_venta_locks,0.0
2026-09-23 11:28:21,inventario_locks,0.0
2026-09-23 11:28:21,kardex_locks,0.0
2026-09-23 11:28:21,caja_locks,0.0
2026-09-23 11:28:21,movimiento_caja_locks,0.0
2026-09-23 11:28:21,auditoria_locks,0.0
2026-09-23 11:28:21,api_status,0.0
2026-09-23 11:28:21,api_latency_ms,4045.0
2026-09-23 11:28:21,products_count,0.0
2026-09-23 11:28:21,sales_count,0.0
2026-09-23 11:28:27,cpu_usr,9.4
2026-09-23 11:28:27,cpu_sys,47.5
2026-09-23 11:28:27,cpu_idl,41.7
2026-09-23 11:28:27,cpu_wai,0.0
2026-09-23 11:28:27,cpu_stl,0.0
2026-09-23 11:28:27,memory_percent,88.7
2026-09-23 11:28:27,memory_used_mb,14329.0
2026-09-23 11:28:27,memory_available_mb,1818.0
2026-09-23 11:28:27,disk_read_per_sec,11308.0
2026-09-23 11:28:27,disk_write_per_sec,1551751.0
2026-09-23 11:28:27,net_send_per_sec,5670.0
2026-09-23 11:28:27,net_recv_per_sec,418132.0
2026-09-23 11:28:27,load1,0.46
2026-09-23 11:28:27,load5,0.16
2026-09-23 11:28:27,load15,0.06
2026-09-23 11:28:27,active_sessions,30.0
2026-09-23 11:28:27,active_requests,23.0
2026-09-23 11:28:27,long_queries,8.0
2026-09-23 11:28:27,long_transactions,8.0
2026-09-23 11:28:27,idle_sessions,16.0
2026-09-23 11:28:27,lock_waits,0.0
2026-09-23 11:28:27,total_locks,119.0
2026-09-23 11:28:27,deadlocks_per_sec,0.0
2026-09-23 11:28:27,page_life_expectancy,1722.0
2026-09-23 11:28:27,buffer_cache_hit_ratio,100.0
2026-09-23 11:28:27,transactions_per_sec,907.55
2026-09-23 11:28:27,page_reads_per_sec,0.0
2026-09-23 11:28:27,page_writes_per_sec,0.0
2026-09-23 11:28:27,rollbacks_per_sec,0.0
2026-09-23 11:28:27,batch_requests_per_sec,0.0
2026-09-23 11:28:27,sql_compilations_per_sec,0.0
2026-09-23 11:28:27,database_size_mb,0.0
2026-09-23 11:28:27,total_reads,1410.0
2026-09-23 11:28:27,total_writes,46349.0
2026-09-23 11:28:27,venta_locks,0.0
2026-09-23 11:28:27,detalle_venta_locks,0.0
2026-09-23 11:28:27,inventario_locks,0.0
2026-09-23 11:28:27,kardex_locks,0.0
2026-09-23 11:28:27,caja_locks,0.0
2026-09-23 11:28:27,movimiento_caja_locks,0.0
2026-09-23 11:28:27,auditoria_locks,0.0
2026-09-23 11:28:27,api_status,0.0
2026-09-23 11:28:27,api_latency_ms,4045.0
2026-09-23 11:28:27,products_count,0.0
2026-09-23 11:28:27,sales_count,0.0
2026-09-23 11:28:32,cpu_usr,10.2
2026-09-23 11:28:32,cpu_sys,47.5
2026-09-23 11:28:32,cpu_idl,40.7
2026-09-23 11:28:32,cpu_wai,0.0
2026-09-23 11:28:32,cpu_stl,0.0
2026-09-23 11:28:32,memory_percent,88.9
2026-09-23 11:28:32,memory_used_mb,14353.0
2026-09-23 11:28:32,memory_available_mb,1794.0
2026-09-23 11:28:32,disk_read_per_sec,91152.0
2026-09-23 11:28:32,disk_write_per_sec,1316146.0
2026-09-23 11:28:32,net_send_per_sec,7324.0
2026-09-23 11:28:32,net_recv_per_sec,423390.0
2026-09-23 11:28:32,load1,0.43
2026-09-23 11:28:32,load5,0.16
2026-09-23 11:28:32,load15,0.06
2026-09-23 11:28:32,active_sessions,30.0
2026-09-23 11:28:32,active_requests,20.0
2026-09-23 11:28:32,long_queries,8.0
2026-09-23 11:28:32,long_transactions,8.0
2026-09-23 11:28:32,idle_sessions,16.0
2026-09-23 11:28:32,lock_waits,2.0
2026-09-23 11:28:32,total_locks,108.0
2026-09-23 11:28:32,deadlocks_per_sec,0.0
2026-09-23 11:28:32,page_life_expectancy,1727.0
2026-09-23 11:28:32,buffer_cache_hit_ratio,100.0
2026-09-23 11:28:32,transactions_per_sec,834.57
2026-09-23 11:28:32,page_reads_per_sec,0.0
2026-09-23 11:28:32,page_writes_per_sec,0.0
2026-09-23 11:28:32,rollbacks_per_sec,0.0
2026-09-23 11:28:32,batch_requests_per_sec,0.0
2026-09-23 11:28:32,sql_compilations_per_sec,0.0
2026-09-23 11:28:32,database_size_mb,0.0
2026-09-23 11:28:32,total_reads,1410.0
2026-09-23 11:28:32,total_writes,46633.0
2026-09-23 11:28:32,venta_locks,0.0
2026-09-23 11:28:32,detalle_venta_locks,0.0
2026-09-23 11:28:32,inventario_locks,0.0
2026-09-23 11:28:32,kardex_locks,0.0
2026-09-23 11:28:32,caja_locks,0.0
2026-09-23 11:28:32,movimiento_caja_locks,0.0
2026-09-23 11:28:32,auditoria_locks,0.0
2026-09-23 11:28:32,api_status,0.0
2026-09-23 11:28:32,api_latency_ms,4066.0
2026-09-23 11:28:32,products_count,0.0
2026-09-23 11:28:32,sales_count,0.0
2026-09-23 11:28:38,cpu_usr,16.0
2026-09-23 11:28:38,cpu_sys,47.3
2026-09-23 11:28:38,cpu_idl,34.6
2026-09-23 11:28:38,cpu_wai,0.0
2026-09-23 11:28:38,cpu_stl,0.0
2026-09-23 11:28:38,memory_percent,89.8
2026-09-23 11:28:38,memory_used_mb,14493.0
2026-09-23 11:28:38,memory_available_mb,1654.0
2026-09-23 11:28:38,disk_read_per_sec,201759.0
2026-09-23 11:28:38,disk_write_per_sec,1404923.0
2026-09-23 11:28:38,net_send_per_sec,17987.0
2026-09-23 11:28:38,net_recv_per_sec,310981.0
2026-09-23 11:28:38,load1,0.39
2026-09-23 11:28:38,load5,0.16
2026-09-23 11:28:38,load15,0.06
2026-09-23 11:28:38,active_sessions,30.0
2026-09-23 11:28:38,active_requests,23.0
2026-09-23 11:28:38,long_queries,8.0
2026-09-23 11:28:38,long_transactions,8.0
2026-09-23 11:28:38,idle_sessions,16.0
2026-09-23 11:28:38,lock_waits,2.0
2026-09-23 11:28:38,total_locks,86.0
2026-09-23 11:28:38,deadlocks_per_sec,0.0
2026-09-23 11:28:38,page_life_expectancy,1733.0
2026-09-23 11:28:38,buffer_cache_hit_ratio,100.0
2026-09-23 11:28:38,transactions_per_sec,784.12
2026-09-23 11:28:38,page_reads_per_sec,0.0
2026-09-23 11:28:38,page_writes_per_sec,0.0
2026-09-23 11:28:38,rollbacks_per_sec,0.0
2026-09-23 11:28:38,batch_requests_per_sec,0.0
2026-09-23 11:28:38,sql_compilations_per_sec,0.0
2026-09-23 11:28:38,database_size_mb,0.0
2026-09-23 11:28:38,total_reads,1410.0
2026-09-23 11:28:38,total_writes,46921.0
2026-09-23 11:28:38,venta_locks,1.0
2026-09-23 11:28:38,detalle_venta_locks,0.0
2026-09-23 11:28:38,inventario_locks,0.0
2026-09-23 11:28:38,kardex_locks,0.0
2026-09-23 11:28:38,caja_locks,0.0
2026-09-23 11:28:38,movimiento_caja_locks,0.0
2026-09-23 11:28:38,auditoria_locks,0.0
2026-09-23 11:28:38,api_status,0.0
2026-09-23 11:28:38,api_latency_ms,4066.0
2026-09-23 11:28:38,products_count,0.0
2026-09-23 11:28:38,sales_count,0.0
2026-09-23 11:28:44,cpu_usr,7.3
2026-09-23 11:28:44,cpu_sys,46.8
2026-09-23 11:28:44,cpu_idl,43.7
2026-09-23 11:28:44,cpu_wai,0.0
2026-09-23 11:28:44,cpu_stl,0.0
2026-09-23 11:28:44,memory_percent,90.1
2026-09-23 11:28:44,memory_used_mb,14554.0
2026-09-23 11:28:44,memory_available_mb,1594.0
2026-09-23 11:28:44,disk_read_per_sec,20956.0
2026-09-23 11:28:44,disk_write_per_sec,1479966.0
2026-09-23 11:28:44,net_send_per_sec,5257.0
2026-09-23 11:28:44,net_recv_per_sec,18067.0
2026-09-23 11:28:44,load1,0.36
2026-09-23 11:28:44,load5,0.16
2026-09-23 11:28:44,load15,0.06
2026-09-23 11:28:44,active_sessions,30.0
2026-09-23 11:28:44,active_requests,19.0
2026-09-23 11:28:44,long_queries,8.0
2026-09-23 11:28:44,long_transactions,8.0
2026-09-23 11:28:44,idle_sessions,17.0
2026-09-23 11:28:44,lock_waits,1.0
2026-09-23 11:28:44,total_locks,122.0
2026-09-23 11:28:44,deadlocks_per_sec,0.0
2026-09-23 11:28:44,page_life_expectancy,1739.0
2026-09-23 11:28:44,buffer_cache_hit_ratio,100.0
2026-09-23 11:28:44,transactions_per_sec,914.38
2026-09-23 11:28:44,page_reads_per_sec,0.0
2026-09-23 11:28:44,page_writes_per_sec,0.0
2026-09-23 11:28:44,rollbacks_per_sec,0.0
2026-09-23 11:28:44,batch_requests_per_sec,0.0
2026-09-23 11:28:44,sql_compilations_per_sec,0.0
2026-09-23 11:28:44,database_size_mb,0.0
2026-09-23 11:28:44,total_reads,1410.0
2026-09-23 11:28:44,total_writes,47263.0
2026-09-23 11:28:44,venta_locks,0.0
2026-09-23 11:28:44,detalle_venta_locks,0.0
2026-09-23 11:28:44,inventario_locks,0.0
2026-09-23 11:28:44,kardex_locks,0.0
2026-09-23 11:28:44,caja_locks,0.0
2026-09-23 11:28:44,movimiento_caja_locks,0.0
2026-09-23 11:28:44,auditoria_locks,0.0
2026-09-23 11:28:44,api_status,0.0
2026-09-23 11:28:44,api_latency_ms,4043.0
2026-09-23 11:28:44,products_count,0.0
2026-09-23 11:28:44,sales_count,0.0
2026-09-23 11:28:49,cpu_usr,12.3
2026-09-23 11:28:49,cpu_sys,50.5
2026-09-23 11:28:49,cpu_idl,35.2
2026-09-23 11:28:49,cpu_wai,0.0
2026-09-23 11:28:49,cpu_stl,0.0
2026-09-23 11:28:49,memory_percent,90.2
2026-09-23 11:28:49,memory_used_mb,14572.0
2026-09-23 11:28:49,memory_available_mb,1575.0
2026-09-23 11:28:49,disk_read_per_sec,6790917.0
2026-09-23 11:28:49,disk_write_per_sec,1745454.0
2026-09-23 11:28:49,net_send_per_sec,28315.0
2026-09-23 11:28:49,net_recv_per_sec,237740.0
2026-09-23 11:28:49,load1,0.65
2026-09-23 11:28:49,load5,0.22
2026-09-23 11:28:49,load15,0.08
2026-09-23 11:28:49,active_sessions,30.0
2026-09-23 11:28:49,active_requests,24.0
2026-09-23 11:28:49,long_queries,8.0
2026-09-23 11:28:49,long_transactions,8.0
2026-09-23 11:28:49,idle_sessions,13.0
2026-09-23 11:28:49,lock_waits,8.0
2026-09-23 11:28:49,total_locks,121.0
2026-09-23 11:28:49,deadlocks_per_sec,0.0
2026-09-23 11:28:49,page_life_expectancy,1744.0
2026-09-23 11:28:49,buffer_cache_hit_ratio,100.0
2026-09-23 11:28:49,transactions_per_sec,962.75
2026-09-23 11:28:49,page_reads_per_sec,0.0
2026-09-23 11:28:49,page_writes_per_sec,0.0
2026-09-23 11:28:49,rollbacks_per_sec,0.0
2026-09-23 11:28:49,batch_requests_per_sec,0.0
2026-09-23 11:28:49,sql_compilations_per_sec,0.0
2026-09-23 11:28:49,database_size_mb,0.0
2026-09-23 11:28:49,total_reads,1410.0
2026-09-23 11:28:49,total_writes,47592.0
2026-09-23 11:28:49,venta_locks,0.0
2026-09-23 11:28:49,detalle_venta_locks,0.0
2026-09-23 11:28:49,inventario_locks,0.0
2026-09-23 11:28:49,kardex_locks,0.0
2026-09-23 11:28:49,caja_locks,0.0
2026-09-23 11:28:49,movimiento_caja_locks,0.0
2026-09-23 11:28:49,auditoria_locks,0.0
2026-09-23 11:28:49,api_status,0.0
2026-09-23 11:28:49,api_latency_ms,4043.0
2026-09-23 11:28:49,products_count,0.0
2026-09-23 11:28:49,sales_count,0.0
2026-09-23 11:28:55,cpu_usr,12.7
2026-09-23 11:28:55,cpu_sys,50.5
2026-09-23 11:28:55,cpu_idl,34.7
2026-09-23 11:28:55,cpu_wai,0.0
2026-09-23 11:28:55,cpu_stl,0.0
2026-09-23 11:28:55,memory_percent,88.0
2026-09-23 11:28:55,memory_used_mb,14217.0
2026-09-23 11:28:55,memory_available_mb,1930.0
2026-09-23 11:28:55,disk_read_per_sec,92602.0
2026-09-23 11:28:55,disk_write_per_sec,2008923.0
2026-09-23 11:28:55,net_send_per_sec,22696.0
2026-09-23 11:28:55,net_recv_per_sec,624023.0
2026-09-23 11:28:55,load1,0.93
2026-09-23 11:28:55,load5,0.29
2026-09-23 11:28:55,load15,0.11
2026-09-23 11:28:55,active_sessions,30.0
2026-09-23 11:28:55,active_requests,19.0
2026-09-23 11:28:55,long_queries,8.0
2026-09-23 11:28:55,long_transactions,8.0
2026-09-23 11:28:55,idle_sessions,19.0
2026-09-23 11:28:55,lock_waits,4.0
2026-09-23 11:28:55,total_locks,97.0
2026-09-23 11:28:55,deadlocks_per_sec,0.0
2026-09-23 11:28:55,page_life_expectancy,1750.0
2026-09-23 11:28:55,buffer_cache_hit_ratio,100.0
2026-09-23 11:28:55,transactions_per_sec,863.59
2026-09-23 11:28:55,page_reads_per_sec,0.0
2026-09-23 11:28:55,page_writes_per_sec,0.0
2026-09-23 11:28:55,rollbacks_per_sec,0.0
2026-09-23 11:28:55,batch_requests_per_sec,0.0
2026-09-23 11:28:55,sql_compilations_per_sec,0.0
2026-09-23 11:28:55,database_size_mb,0.0
2026-09-23 11:28:55,total_reads,1410.0
2026-09-23 11:28:55,total_writes,47949.0
2026-09-23 11:28:55,venta_locks,0.0
2026-09-23 11:28:55,detalle_venta_locks,0.0
2026-09-23 11:28:55,inventario_locks,0.0
2026-09-23 11:28:55,kardex_locks,0.0
2026-09-23 11:28:55,caja_locks,0.0
2026-09-23 11:28:55,movimiento_caja_locks,0.0
2026-09-23 11:28:55,auditoria_locks,0.0
2026-09-23 11:28:55,api_status,0.0
2026-09-23 11:28:55,api_latency_ms,4080.0
2026-09-23 11:28:55,products_count,0.0
2026-09-23 11:28:55,sales_count,0.0
2026-09-23 11:29:00,cpu_usr,13.1
2026-09-23 11:29:00,cpu_sys,50.4
2026-09-23 11:29:00,cpu_idl,35.2
2026-09-23 11:29:00,cpu_wai,0.0
2026-09-23 11:29:00,cpu_stl,0.0
2026-09-23 11:29:00,memory_percent,89.2
2026-09-23 11:29:00,memory_used_mb,14404.0
2026-09-23 11:29:00,memory_available_mb,1743.0
2026-09-23 11:29:00,disk_read_per_sec,220461.0
2026-09-23 11:29:00,disk_write_per_sec,6343289.0
2026-09-23 11:29:00,net_send_per_sec,11760.0
2026-09-23 11:29:00,net_recv_per_sec,49320.0
2026-09-23 11:29:00,load1,0.85
2026-09-23 11:29:00,load5,0.29
2026-09-23 11:29:00,load15,0.11
2026-09-23 11:29:00,active_sessions,30.0
2026-09-23 11:29:00,active_requests,21.0
2026-09-23 11:29:00,long_queries,8.0
2026-09-23 11:29:00,long_transactions,8.0
2026-09-23 11:29:00,idle_sessions,19.0
2026-09-23 11:29:00,lock_waits,0.0
2026-09-23 11:29:00,total_locks,122.0
2026-09-23 11:29:00,deadlocks_per_sec,0.0
2026-09-23 11:29:00,page_life_expectancy,1755.0
2026-09-23 11:29:00,buffer_cache_hit_ratio,100.0
2026-09-23 11:29:00,transactions_per_sec,850.19
2026-09-23 11:29:00,page_reads_per_sec,0.0
2026-09-23 11:29:00,page_writes_per_sec,0.0
2026-09-23 11:29:00,rollbacks_per_sec,0.0
2026-09-23 11:29:00,batch_requests_per_sec,0.0
2026-09-23 11:29:00,sql_compilations_per_sec,0.0
2026-09-23 11:29:00,database_size_mb,0.0
2026-09-23 11:29:00,total_reads,1410.0
2026-09-23 11:29:00,total_writes,48258.0
2026-09-23 11:29:00,venta_locks,0.0
2026-09-23 11:29:00,detalle_venta_locks,0.0
2026-09-23 11:29:00,inventario_locks,0.0
2026-09-23 11:29:00,kardex_locks,0.0
2026-09-23 11:29:00,caja_locks,0.0
2026-09-23 11:29:00,movimiento_caja_locks,0.0
2026-09-23 11:29:00,auditoria_locks,0.0
2026-09-23 11:29:00,api_status,0.0
2026-09-23 11:29:00,api_latency_ms,4080.0
2026-09-23 11:29:00,products_count,0.0
2026-09-23 11:29:00,sales_count,0.0
2026-09-23 11:29:06,cpu_usr,6.0
2026-09-23 11:29:06,cpu_sys,43.8
2026-09-23 11:29:06,cpu_idl,49.1
2026-09-23 11:29:06,cpu_wai,0.0
2026-09-23 11:29:06,cpu_stl,0.0
2026-09-23 11:29:06,memory_percent,87.1
2026-09-23 11:29:06,memory_used_mb,14066.0
2026-09-23 11:29:06,memory_available_mb,2082.0
2026-09-23 11:29:06,disk_read_per_sec,27401.0
2026-09-23 11:29:06,disk_write_per_sec,1534846.0
2026-09-23 11:29:06,net_send_per_sec,618.0
2026-09-23 11:29:06,net_recv_per_sec,397.0
2026-09-23 11:29:06,load1,0.78
2026-09-23 11:29:06,load5,0.28
2026-09-23 11:29:06,load15,0.11
2026-09-23 11:29:06,active_sessions,31.0
2026-09-23 11:29:06,active_requests,21.0
2026-09-23 11:29:06,long_queries,8.0
2026-09-23 11:29:06,long_transactions,8.0
2026-09-23 11:29:06,idle_sessions,17.0
2026-09-23 11:29:06,lock_waits,5.0
2026-09-23 11:29:06,total_locks,109.0
2026-09-23 11:29:06,deadlocks_per_sec,0.0
2026-09-23 11:29:06,page_life_expectancy,1762.0
2026-09-23 11:29:06,buffer_cache_hit_ratio,100.0
2026-09-23 11:29:06,transactions_per_sec,880.08
2026-09-23 11:29:06,page_reads_per_sec,0.0
2026-09-23 11:29:06,page_writes_per_sec,0.0
2026-09-23 11:29:06,rollbacks_per_sec,0.0
2026-09-23 11:29:06,batch_requests_per_sec,0.0
2026-09-23 11:29:06,sql_compilations_per_sec,0.0
2026-09-23 11:29:06,database_size_mb,0.0
2026-09-23 11:29:06,total_reads,1410.0
2026-09-23 11:29:06,total_writes,48577.0
2026-09-23 11:29:06,venta_locks,0.0
2026-09-23 11:29:06,detalle_venta_locks,0.0
2026-09-23 11:29:06,inventario_locks,0.0
2026-09-23 11:29:06,kardex_locks,0.0
2026-09-23 11:29:06,caja_locks,0.0
2026-09-23 11:29:06,movimiento_caja_locks,0.0
2026-09-23 11:29:06,auditoria_locks,0.0
2026-09-23 11:29:06,api_status,0.0
2026-09-23 11:29:06,api_latency_ms,4080.0
2026-09-23 11:29:06,products_count,0.0
2026-09-23 11:29:06,sales_count,0.0
2026-09-23 11:29:11,cpu_usr,6.0
2026-09-23 11:29:11,cpu_sys,43.9
2026-09-23 11:29:11,cpu_idl,48.7
2026-09-23 11:29:11,cpu_wai,0.0
2026-09-23 11:29:11,cpu_stl,0.0
2026-09-23 11:29:11,memory_percent,87.0
2026-09-23 11:29:11,memory_used_mb,14053.0
2026-09-23 11:29:11,memory_available_mb,2094.0
2026-09-23 11:29:11,disk_read_per_sec,259903.0
2026-09-23 11:29:11,disk_write_per_sec,1421706.0
2026-09-23 11:29:11,net_send_per_sec,516.0
2026-09-23 11:29:11,net_recv_per_sec,411.0
2026-09-23 11:29:11,load1,0.72
2026-09-23 11:29:11,load5,0.28
2026-09-23 11:29:11,load15,0.11
2026-09-23 11:29:11,active_sessions,30.0
2026-09-23 11:29:11,active_requests,18.0
2026-09-23 11:29:11,long_queries,8.0
2026-09-23 11:29:11,long_transactions,8.0
2026-09-23 11:29:11,idle_sessions,18.0
2026-09-23 11:29:11,lock_waits,6.0
2026-09-23 11:29:11,total_locks,122.0
2026-09-23 11:29:11,deadlocks_per_sec,0.0
2026-09-23 11:29:11,page_life_expectancy,1767.0
2026-09-23 11:29:11,buffer_cache_hit_ratio,100.0
2026-09-23 11:29:11,transactions_per_sec,970.98
2026-09-23 11:29:11,page_reads_per_sec,0.0
2026-09-23 11:29:11,page_writes_per_sec,0.0
2026-09-23 11:29:11,rollbacks_per_sec,0.0
2026-09-23 11:29:11,batch_requests_per_sec,0.0
2026-09-23 11:29:11,sql_compilations_per_sec,0.0
2026-09-23 11:29:11,database_size_mb,0.0
2026-09-23 11:29:11,total_reads,1410.0
2026-09-23 11:29:11,total_writes,48863.0
2026-09-23 11:29:11,venta_locks,0.0
2026-09-23 11:29:11,detalle_venta_locks,0.0
2026-09-23 11:29:11,inventario_locks,0.0
2026-09-23 11:29:11,kardex_locks,0.0
2026-09-23 11:29:11,caja_locks,0.0
2026-09-23 11:29:11,movimiento_caja_locks,0.0
2026-09-23 11:29:11,auditoria_locks,0.0
2026-09-23 11:29:11,api_status,0.0
2026-09-23 11:29:11,api_latency_ms,4041.0
2026-09-23 11:29:11,products_count,0.0
2026-09-23 11:29:11,sales_count,0.0
2026-09-23 11:29:17,cpu_usr,4.0
2026-09-23 11:29:17,cpu_sys,42.9
2026-09-23 11:29:17,cpu_idl,52.1
2026-09-23 11:29:17,cpu_wai,0.0
2026-09-23 11:29:17,cpu_stl,0.0
2026-09-23 11:29:17,memory_percent,87.1
2026-09-23 11:29:17,memory_used_mb,14060.0
2026-09-23 11:29:17,memory_available_mb,2087.0
2026-09-23 11:29:17,disk_read_per_sec,9835.0
2026-09-23 11:29:17,disk_write_per_sec,1347540.0
2026-09-23 11:29:17,net_send_per_sec,240.0
2026-09-23 11:29:17,net_recv_per_sec,275.0
2026-09-23 11:29:17,load1,0.66
2026-09-23 11:29:17,load5,0.27
2026-09-23 11:29:17,load15,0.11
2026-09-23 11:29:17,active_sessions,30.0
2026-09-23 11:29:17,active_requests,22.0
2026-09-23 11:29:17,long_queries,8.0
2026-09-23 11:29:17,long_transactions,8.0
2026-09-23 11:29:17,idle_sessions,13.0
2026-09-23 11:29:17,lock_waits,5.0
2026-09-23 11:29:17,total_locks,103.0
2026-09-23 11:29:17,deadlocks_per_sec,0.0
2026-09-23 11:29:17,page_life_expectancy,1772.0
2026-09-23 11:29:17,buffer_cache_hit_ratio,100.0
2026-09-23 11:29:17,transactions_per_sec,965.61
2026-09-23 11:29:17,page_reads_per_sec,0.0
2026-09-23 11:29:17,page_writes_per_sec,0.0
2026-09-23 11:29:17,rollbacks_per_sec,0.0
2026-09-23 11:29:17,batch_requests_per_sec,0.0
2026-09-23 11:29:17,sql_compilations_per_sec,0.0
2026-09-23 11:29:17,database_size_mb,0.0
2026-09-23 11:29:17,total_reads,1410.0
2026-09-23 11:29:17,total_writes,49132.0
2026-09-23 11:29:17,venta_locks,0.0
2026-09-23 11:29:17,detalle_venta_locks,0.0
2026-09-23 11:29:17,inventario_locks,0.0
2026-09-23 11:29:17,kardex_locks,0.0
2026-09-23 11:29:17,caja_locks,0.0
2026-09-23 11:29:17,movimiento_caja_locks,0.0
2026-09-23 11:29:17,auditoria_locks,0.0
2026-09-23 11:29:17,api_status,0.0
2026-09-23 11:29:17,api_latency_ms,4041.0
2026-09-23 11:29:17,products_count,0.0
2026-09-23 11:29:17,sales_count,0.0
2026-09-23 11:29:22,cpu_usr,6.1
2026-09-23 11:29:22,cpu_sys,44.6
2026-09-23 11:29:22,cpu_idl,48.2
2026-09-23 11:29:22,cpu_wai,0.0
2026-09-23 11:29:22,cpu_stl,0.0
2026-09-23 11:29:22,memory_percent,87.0
2026-09-23 11:29:22,memory_used_mb,14054.0
2026-09-23 11:29:22,memory_available_mb,2093.0
2026-09-23 11:29:22,disk_read_per_sec,3908.0
2026-09-23 11:29:22,disk_write_per_sec,1638762.0
2026-09-23 11:29:22,net_send_per_sec,999.0
2026-09-23 11:29:22,net_recv_per_sec,966.0
2026-09-23 11:29:22,load1,0.61
2026-09-23 11:29:22,load5,0.27
2026-09-23 11:29:22,load15,0.11
2026-09-23 11:29:22,active_sessions,31.0
2026-09-23 11:29:22,active_requests,21.0
2026-09-23 11:29:22,long_queries,8.0
2026-09-23 11:29:22,long_transactions,8.0
2026-09-23 11:29:22,idle_sessions,17.0
2026-09-23 11:29:22,lock_waits,0.0
2026-09-23 11:29:22,total_locks,115.0
2026-09-23 11:29:22,deadlocks_per_sec,0.0
2026-09-23 11:29:22,page_life_expectancy,1778.0
2026-09-23 11:29:22,buffer_cache_hit_ratio,100.0
2026-09-23 11:29:22,transactions_per_sec,979.09
2026-09-23 11:29:22,page_reads_per_sec,0.0
2026-09-23 11:29:22,page_writes_per_sec,0.0
2026-09-23 11:29:22,rollbacks_per_sec,0.0
2026-09-23 11:29:22,batch_requests_per_sec,0.0
2026-09-23 11:29:22,sql_compilations_per_sec,0.0
2026-09-23 11:29:22,database_size_mb,0.0
2026-09-23 11:29:22,total_reads,1410.0
2026-09-23 11:29:22,total_writes,49431.0
2026-09-23 11:29:22,venta_locks,6.0
2026-09-23 11:29:22,detalle_venta_locks,0.0
2026-09-23 11:29:22,inventario_locks,0.0
2026-09-23 11:29:22,kardex_locks,0.0
2026-09-23 11:29:22,caja_locks,0.0
2026-09-23 11:29:22,movimiento_caja_locks,0.0
2026-09-23 11:29:22,auditoria_locks,0.0
2026-09-23 11:29:22,api_status,0.0
2026-09-23 11:29:22,api_latency_ms,4033.0
2026-09-23 11:29:22,products_count,0.0
2026-09-23 11:29:22,sales_count,0.0
2026-09-23 11:29:28,cpu_usr,4.9
2026-09-23 11:29:28,cpu_sys,44.2
2026-09-23 11:29:28,cpu_idl,49.7
2026-09-23 11:29:28,cpu_wai,0.0
2026-09-23 11:29:28,cpu_stl,0.0
2026-09-23 11:29:28,memory_percent,87.3
2026-09-23 11:29:28,memory_used_mb,14096.0
2026-09-23 11:29:28,memory_available_mb,2051.0
2026-09-23 11:29:28,disk_read_per_sec,221282.0
2026-09-23 11:29:28,disk_write_per_sec,1502155.0
2026-09-23 11:29:28,net_send_per_sec,148.0
2026-09-23 11:29:28,net_recv_per_sec,171.0
2026-09-23 11:29:28,load1,0.56
2026-09-23 11:29:28,load5,0.27
2026-09-23 11:29:28,load15,0.11
2026-09-23 11:29:28,active_sessions,30.0
2026-09-23 11:29:28,active_requests,21.0
2026-09-23 11:29:28,long_queries,8.0
2026-09-23 11:29:28,long_transactions,8.0
2026-09-23 11:29:28,idle_sessions,19.0
2026-09-23 11:29:28,lock_waits,0.0
2026-09-23 11:29:28,total_locks,151.0
2026-09-23 11:29:28,deadlocks_per_sec,0.0
2026-09-23 11:29:28,page_life_expectancy,1783.0
2026-09-23 11:29:28,buffer_cache_hit_ratio,100.0
2026-09-23 11:29:28,transactions_per_sec,846.38
2026-09-23 11:29:28,page_reads_per_sec,0.0
2026-09-23 11:29:28,page_writes_per_sec,0.0
2026-09-23 11:29:28,rollbacks_per_sec,0.0
2026-09-23 11:29:28,batch_requests_per_sec,0.0
2026-09-23 11:29:28,sql_compilations_per_sec,0.0
2026-09-23 11:29:28,database_size_mb,0.0
2026-09-23 11:29:28,total_reads,1410.0
2026-09-23 11:29:28,total_writes,49779.0
2026-09-23 11:29:28,venta_locks,0.0
2026-09-23 11:29:28,detalle_venta_locks,0.0
2026-09-23 11:29:28,inventario_locks,0.0
2026-09-23 11:29:28,kardex_locks,0.0
2026-09-23 11:29:28,caja_locks,0.0
2026-09-23 11:29:28,movimiento_caja_locks,0.0
2026-09-23 11:29:28,auditoria_locks,0.0
2026-09-23 11:29:28,api_status,0.0
2026-09-23 11:29:28,api_latency_ms,4033.0
2026-09-23 11:29:28,products_count,0.0
2026-09-23 11:29:28,sales_count,0.0
2026-09-23 11:29:33,cpu_usr,4.4
2026-09-23 11:29:33,cpu_sys,43.1
2026-09-23 11:29:33,cpu_idl,51.4
2026-09-23 11:29:33,cpu_wai,0.0
2026-09-23 11:29:33,cpu_stl,0.0
2026-09-23 11:29:33,memory_percent,87.0
2026-09-23 11:29:33,memory_used_mb,14053.0
2026-09-23 11:29:33,memory_available_mb,2094.0
2026-09-23 11:29:33,disk_read_per_sec,823.0
2026-09-23 11:29:33,disk_write_per_sec,1700860.0
2026-09-23 11:29:33,net_send_per_sec,386.0
2026-09-23 11:29:33,net_recv_per_sec,472.0
2026-09-23 11:29:33,load1,0.52
2026-09-23 11:29:33,load5,0.26
2026-09-23 11:29:33,load15,0.11
2026-09-23 11:29:33,active_sessions,30.0
2026-09-23 11:29:33,active_requests,24.0
2026-09-23 11:29:33,long_queries,8.0
2026-09-23 11:29:33,long_transactions,8.0
2026-09-23 11:29:33,idle_sessions,17.0
2026-09-23 11:29:33,lock_waits,2.0
2026-09-23 11:29:33,total_locks,102.0
2026-09-23 11:29:33,deadlocks_per_sec,0.0
2026-09-23 11:29:33,page_life_expectancy,1789.0
2026-09-23 11:29:33,buffer_cache_hit_ratio,100.0
2026-09-23 11:29:33,transactions_per_sec,935.38
2026-09-23 11:29:33,page_reads_per_sec,0.0
2026-09-23 11:29:33,page_writes_per_sec,0.0
2026-09-23 11:29:33,rollbacks_per_sec,0.0
2026-09-23 11:29:33,batch_requests_per_sec,0.0
2026-09-23 11:29:33,sql_compilations_per_sec,0.0
2026-09-23 11:29:33,database_size_mb,0.0
2026-09-23 11:29:33,total_reads,1410.0
2026-09-23 11:29:33,total_writes,50153.0
2026-09-23 11:29:33,venta_locks,0.0
2026-09-23 11:29:33,detalle_venta_locks,0.0
2026-09-23 11:29:33,inventario_locks,0.0
2026-09-23 11:29:33,kardex_locks,0.0
2026-09-23 11:29:33,caja_locks,0.0
2026-09-23 11:29:33,movimiento_caja_locks,0.0
2026-09-23 11:29:33,auditoria_locks,0.0
2026-09-23 11:29:33,api_status,0.0
2026-09-23 11:29:33,api_latency_ms,4063.0
2026-09-23 11:29:33,products_count,0.0
2026-09-23 11:29:33,sales_count,0.0
2026-09-23 11:29:39,cpu_usr,5.5
2026-09-23 11:29:39,cpu_sys,45.6
2026-09-23 11:29:39,cpu_idl,47.8
2026-09-23 11:29:39,cpu_wai,0.0
2026-09-23 11:29:39,cpu_stl,0.0
2026-09-23 11:29:39,memory_percent,87.1
2026-09-23 11:29:39,memory_used_mb,14061.0
2026-09-23 11:29:39,memory_available_mb,2087.0
2026-09-23 11:29:39,disk_read_per_sec,818.0
2026-09-23 11:29:39,disk_write_per_sec,1579680.0
2026-09-23 11:29:39,net_send_per_sec,235.0
2026-09-23 11:29:39,net_recv_per_sec,246.0
2026-09-23 11:29:39,load1,0.48
2026-09-23 11:29:39,load5,0.26
2026-09-23 11:29:39,load15,0.1
2026-09-23 11:29:39,active_sessions,30.0
2026-09-23 11:29:39,active_requests,22.0
2026-09-23 11:29:39,long_queries,8.0
2026-09-23 11:29:39,long_transactions,8.0
2026-09-23 11:29:39,idle_sessions,14.0
2026-09-23 11:29:39,lock_waits,0.0
2026-09-23 11:29:39,total_locks,68.0
2026-09-23 11:29:39,deadlocks_per_sec,0.0
2026-09-23 11:29:39,page_life_expectancy,1794.0
2026-09-23 11:29:39,buffer_cache_hit_ratio,100.0
2026-09-23 11:29:39,transactions_per_sec,923.41
2026-09-23 11:29:39,page_reads_per_sec,0.0
2026-09-23 11:29:39,page_writes_per_sec,0.0
2026-09-23 11:29:39,rollbacks_per_sec,0.0
2026-09-23 11:29:39,batch_requests_per_sec,0.0
2026-09-23 11:29:39,sql_compilations_per_sec,0.0
2026-09-23 11:29:39,database_size_mb,0.0
2026-09-23 11:29:39,total_reads,1410.0
2026-09-23 11:29:39,total_writes,50524.0
2026-09-23 11:29:39,venta_locks,0.0
2026-09-23 11:29:39,detalle_venta_locks,0.0
2026-09-23 11:29:39,inventario_locks,0.0
2026-09-23 11:29:39,kardex_locks,0.0
2026-09-23 11:29:39,caja_locks,0.0
2026-09-23 11:29:39,movimiento_caja_locks,0.0
2026-09-23 11:29:39,auditoria_locks,0.0
2026-09-23 11:29:39,api_status,0.0
2026-09-23 11:29:39,api_latency_ms,4063.0
2026-09-23 11:29:39,products_count,0.0
2026-09-23 11:29:39,sales_count,0.0
2026-09-23 11:29:44,cpu_usr,7.0
2026-09-23 11:29:44,cpu_sys,48.3
2026-09-23 11:29:44,cpu_idl,43.4
2026-09-23 11:29:44,cpu_wai,0.0
2026-09-23 11:29:44,cpu_stl,0.0
2026-09-23 11:29:44,memory_percent,87.1
2026-09-23 11:29:44,memory_used_mb,14056.0
2026-09-23 11:29:44,memory_available_mb,2091.0
2026-09-23 11:29:44,disk_read_per_sec,3439329.0
2026-09-23 11:29:44,disk_write_per_sec,1816266.0
2026-09-23 11:29:44,net_send_per_sec,3780.0
2026-09-23 11:29:44,net_recv_per_sec,25752.0
2026-09-23 11:29:44,load1,0.44
2026-09-23 11:29:44,load5,0.25
2026-09-23 11:29:44,load15,0.1
2026-09-23 11:29:44,active_sessions,31.0
2026-09-23 11:29:44,active_requests,20.0
2026-09-23 11:29:44,long_queries,8.0
2026-09-23 11:29:44,long_transactions,8.0
2026-09-23 11:29:44,idle_sessions,18.0
2026-09-23 11:29:44,lock_waits,0.0
2026-09-23 11:29:44,total_locks,93.0
2026-09-23 11:29:44,deadlocks_per_sec,0.0
2026-09-23 11:29:44,page_life_expectancy,1800.0
2026-09-23 11:29:44,buffer_cache_hit_ratio,100.0
2026-09-23 11:29:44,transactions_per_sec,992.86
2026-09-23 11:29:44,page_reads_per_sec,0.0
2026-09-23 11:29:44,page_writes_per_sec,0.0
2026-09-23 11:29:44,rollbacks_per_sec,0.0
2026-09-23 11:29:44,batch_requests_per_sec,0.0
2026-09-23 11:29:44,sql_compilations_per_sec,0.0
2026-09-23 11:29:44,database_size_mb,0.0
2026-09-23 11:29:44,total_reads,1410.0
2026-09-23 11:29:44,total_writes,50856.0
2026-09-23 11:29:44,venta_locks,0.0
2026-09-23 11:29:44,detalle_venta_locks,0.0
2026-09-23 11:29:44,inventario_locks,0.0
2026-09-23 11:29:44,kardex_locks,0.0
2026-09-23 11:29:44,caja_locks,0.0
2026-09-23 11:29:44,movimiento_caja_locks,0.0
2026-09-23 11:29:44,auditoria_locks,0.0
2026-09-23 11:29:44,api_status,0.0
2026-09-23 11:29:44,api_latency_ms,4063.0
2026-09-23 11:29:44,products_count,0.0
2026-09-23 11:29:44,sales_count,0.0
2026-09-23 11:29:50,cpu_usr,6.7
2026-09-23 11:29:50,cpu_sys,46.8
2026-09-23 11:29:50,cpu_idl,45.3
2026-09-23 11:29:50,cpu_wai,0.0
2026-09-23 11:29:50,cpu_stl,0.0
2026-09-23 11:29:50,memory_percent,86.8
2026-09-23 11:29:50,memory_used_mb,14023.0
2026-09-23 11:29:50,memory_available_mb,2124.0
2026-09-23 11:29:50,disk_read_per_sec,6655.0
2026-09-23 11:29:50,disk_write_per_sec,5989629.0
2026-09-23 11:29:50,net_send_per_sec,1709.0
2026-09-23 11:29:50,net_recv_per_sec,3380.0
2026-09-23 11:29:50,load1,0.37
2026-09-23 11:29:50,load5,0.24
2026-09-23 11:29:50,load15,0.1
2026-09-23 11:29:50,active_sessions,36.0
2026-09-23 11:29:50,active_requests,27.0
2026-09-23 11:29:50,long_queries,8.0
2026-09-23 11:29:50,long_transactions,8.0
2026-09-23 11:29:50,idle_sessions,25.0
2026-09-23 11:29:50,lock_waits,1.0
2026-09-23 11:29:50,total_locks,88.0
2026-09-23 11:29:50,deadlocks_per_sec,0.0
2026-09-23 11:29:50,page_life_expectancy,1805.0
2026-09-23 11:29:50,buffer_cache_hit_ratio,100.0
2026-09-23 11:29:50,transactions_per_sec,898.51
2026-09-23 11:29:50,page_reads_per_sec,0.0
2026-09-23 11:29:50,page_writes_per_sec,0.0
2026-09-23 11:29:50,rollbacks_per_sec,0.0
2026-09-23 11:29:50,batch_requests_per_sec,0.0
2026-09-23 11:29:50,sql_compilations_per_sec,0.0
2026-09-23 11:29:50,database_size_mb,0.0
2026-09-23 11:29:50,total_reads,1410.0
2026-09-23 11:29:50,total_writes,51197.0
2026-09-23 11:29:50,venta_locks,0.0
2026-09-23 11:29:50,detalle_venta_locks,0.0
2026-09-23 11:29:50,inventario_locks,0.0
2026-09-23 11:29:50,kardex_locks,0.0
2026-09-23 11:29:50,caja_locks,0.0
2026-09-23 11:29:50,movimiento_caja_locks,0.0
2026-09-23 11:29:50,auditoria_locks,0.0
2026-09-23 11:29:50,api_status,0.0
2026-09-23 11:29:50,api_latency_ms,4033.0
2026-09-23 11:29:50,products_count,0.0
2026-09-23 11:29:50,sales_count,0.0
2026-09-23 11:29:56,cpu_usr,7.9
2026-09-23 11:29:56,cpu_sys,45.6
2026-09-23 11:29:56,cpu_idl,45.4
2026-09-23 11:29:56,cpu_wai,0.0
2026-09-23 11:29:56,cpu_stl,0.0
2026-09-23 11:29:56,memory_percent,86.2
2026-09-23 11:29:56,memory_used_mb,13918.0
2026-09-23 11:29:56,memory_available_mb,2230.0
2026-09-23 11:29:56,disk_read_per_sec,38563.0
2026-09-23 11:29:56,disk_write_per_sec,1525399.0
2026-09-23 11:29:56,net_send_per_sec,390.0
2026-09-23 11:29:56,net_recv_per_sec,260.0
2026-09-23 11:29:56,load1,0.34
2026-09-23 11:29:56,load5,0.24
2026-09-23 11:29:56,load15,0.1
2026-09-23 11:29:56,active_sessions,35.0
2026-09-23 11:29:56,active_requests,24.0
2026-09-23 11:29:56,long_queries,8.0
2026-09-23 11:29:56,long_transactions,8.0
2026-09-23 11:29:56,idle_sessions,21.0
2026-09-23 11:29:56,lock_waits,0.0
2026-09-23 11:29:56,total_locks,104.0
2026-09-23 11:29:56,deadlocks_per_sec,0.0
2026-09-23 11:29:56,page_life_expectancy,1811.0
2026-09-23 11:29:56,buffer_cache_hit_ratio,100.0
2026-09-23 11:29:56,transactions_per_sec,913.66
2026-09-23 11:29:56,page_reads_per_sec,0.0
2026-09-23 11:29:56,page_writes_per_sec,0.0
2026-09-23 11:29:56,rollbacks_per_sec,0.0
2026-09-23 11:29:56,batch_requests_per_sec,0.0
2026-09-23 11:29:56,sql_compilations_per_sec,0.0
2026-09-23 11:29:56,database_size_mb,0.0
2026-09-23 11:29:56,total_reads,1410.0
2026-09-23 11:29:56,total_writes,51528.0
2026-09-23 11:29:56,venta_locks,0.0
2026-09-23 11:29:56,detalle_venta_locks,0.0
2026-09-23 11:29:56,inventario_locks,0.0
2026-09-23 11:29:56,kardex_locks,0.0
2026-09-23 11:29:56,caja_locks,0.0
2026-09-23 11:29:56,movimiento_caja_locks,0.0
2026-09-23 11:29:56,auditoria_locks,0.0
2026-09-23 11:29:56,api_status,0.0
2026-09-23 11:29:56,api_latency_ms,4033.0
2026-09-23 11:29:56,products_count,0.0
2026-09-23 11:29:56,sales_count,0.0
2026-09-23 11:30:01,cpu_usr,6.7
2026-09-23 11:30:01,cpu_sys,44.6
2026-09-23 11:30:01,cpu_idl,47.3
2026-09-23 11:30:01,cpu_wai,0.0
2026-09-23 11:30:01,cpu_stl,0.0
2026-09-23 11:30:01,memory_percent,86.3
2026-09-23 11:30:01,memory_used_mb,13942.0
2026-09-23 11:30:01,memory_available_mb,2205.0
2026-09-23 11:30:01,disk_read_per_sec,141708.0
2026-09-23 11:30:01,disk_write_per_sec,1403662.0
2026-09-23 11:30:01,net_send_per_sec,754.0
2026-09-23 11:30:01,net_recv_per_sec,2236.0
2026-09-23 11:30:01,load1,0.31
2026-09-23 11:30:01,load5,0.24
2026-09-23 11:30:01,load15,0.1
2026-09-23 11:30:01,active_sessions,36.0
2026-09-23 11:30:01,active_requests,26.0
2026-09-23 11:30:01,long_queries,13.0
2026-09-23 11:30:01,long_transactions,8.0
2026-09-23 11:30:01,idle_sessions,20.0
2026-09-23 11:30:01,lock_waits,3.0
2026-09-23 11:30:01,total_locks,104.0
2026-09-23 11:30:01,deadlocks_per_sec,0.0
2026-09-23 11:30:01,page_life_expectancy,1817.0
2026-09-23 11:30:01,buffer_cache_hit_ratio,100.0
2026-09-23 11:30:01,transactions_per_sec,929.65
2026-09-23 11:30:01,page_reads_per_sec,0.0
2026-09-23 11:30:01,page_writes_per_sec,0.0
2026-09-23 11:30:01,rollbacks_per_sec,0.0
2026-09-23 11:30:01,batch_requests_per_sec,0.0
2026-09-23 11:30:01,sql_compilations_per_sec,0.0
2026-09-23 11:30:01,database_size_mb,0.0
2026-09-23 11:30:01,total_reads,1410.0
2026-09-23 11:30:01,total_writes,51819.0
2026-09-23 11:30:01,venta_locks,0.0
2026-09-23 11:30:01,detalle_venta_locks,0.0
2026-09-23 11:30:01,inventario_locks,0.0
2026-09-23 11:30:01,kardex_locks,0.0
2026-09-23 11:30:01,caja_locks,0.0
2026-09-23 11:30:01,movimiento_caja_locks,0.0
2026-09-23 11:30:01,auditoria_locks,0.0
2026-09-23 11:30:01,api_status,0.0
2026-09-23 11:30:01,api_latency_ms,4047.0
2026-09-23 11:30:01,products_count,0.0
2026-09-23 11:30:01,sales_count,0.0
2026-09-23 11:30:07,cpu_usr,5.4
2026-09-23 11:30:07,cpu_sys,44.0
2026-09-23 11:30:07,cpu_idl,49.6
2026-09-23 11:30:07,cpu_wai,0.0
2026-09-23 11:30:07,cpu_stl,0.0
2026-09-23 11:30:07,memory_percent,86.4
2026-09-23 11:30:07,memory_used_mb,13948.0
2026-09-23 11:30:07,memory_available_mb,2199.0
2026-09-23 11:30:07,disk_read_per_sec,744372.0
2026-09-23 11:30:07,disk_write_per_sec,1820655.0
2026-09-23 11:30:07,net_send_per_sec,233.0
2026-09-23 11:30:07,net_recv_per_sec,285.0
2026-09-23 11:30:07,load1,0.29
2026-09-23 11:30:07,load5,0.23
2026-09-23 11:30:07,load15,0.1
2026-09-23 11:30:07,active_sessions,36.0
2026-09-23 11:30:07,active_requests,27.0
2026-09-23 11:30:07,long_queries,13.0
2026-09-23 11:30:07,long_transactions,8.0
2026-09-23 11:30:07,idle_sessions,20.0
2026-09-23 11:30:07,lock_waits,0.0
2026-09-23 11:30:07,total_locks,106.0
2026-09-23 11:30:07,deadlocks_per_sec,0.0
2026-09-23 11:30:07,page_life_expectancy,1822.0
2026-09-23 11:30:07,buffer_cache_hit_ratio,100.0
2026-09-23 11:30:07,transactions_per_sec,957.15
2026-09-23 11:30:07,page_reads_per_sec,0.0
2026-09-23 11:30:07,page_writes_per_sec,0.0
2026-09-23 11:30:07,rollbacks_per_sec,0.0
2026-09-23 11:30:07,batch_requests_per_sec,0.0
2026-09-23 11:30:07,sql_compilations_per_sec,0.0
2026-09-23 11:30:07,database_size_mb,0.0
2026-09-23 11:30:07,total_reads,1410.0
2026-09-23 11:30:07,total_writes,52111.0
2026-09-23 11:30:07,venta_locks,0.0
2026-09-23 11:30:07,detalle_venta_locks,0.0
2026-09-23 11:30:07,inventario_locks,0.0
2026-09-23 11:30:07,kardex_locks,0.0
2026-09-23 11:30:07,caja_locks,0.0
2026-09-23 11:30:07,movimiento_caja_locks,0.0
2026-09-23 11:30:07,auditoria_locks,0.0
2026-09-23 11:30:07,api_status,0.0
2026-09-23 11:30:07,api_latency_ms,4047.0
2026-09-23 11:30:07,products_count,0.0
2026-09-23 11:30:07,sales_count,0.0
2026-09-23 11:30:12,cpu_usr,4.7
2026-09-23 11:30:12,cpu_sys,43.6
2026-09-23 11:30:12,cpu_idl,50.6
2026-09-23 11:30:12,cpu_wai,0.0
2026-09-23 11:30:12,cpu_stl,0.0
2026-09-23 11:30:12,memory_percent,86.3
2026-09-23 11:30:12,memory_used_mb,13941.0
2026-09-23 11:30:12,memory_available_mb,2207.0
2026-09-23 11:30:12,disk_read_per_sec,323307.0
2026-09-23 11:30:12,disk_write_per_sec,1312527.0
2026-09-23 11:30:12,net_send_per_sec,1498.0
2026-09-23 11:30:12,net_recv_per_sec,18139.0
2026-09-23 11:30:12,load1,0.27
2026-09-23 11:30:12,load5,0.23
2026-09-23 11:30:12,load15,0.1
2026-09-23 11:30:12,active_sessions,35.0
2026-09-23 11:30:12,active_requests,27.0
2026-09-23 11:30:12,long_queries,13.0
2026-09-23 11:30:12,long_transactions,8.0
2026-09-23 11:30:12,idle_sessions,21.0
2026-09-23 11:30:12,lock_waits,6.0
2026-09-23 11:30:12,total_locks,94.0
2026-09-23 11:30:12,deadlocks_per_sec,0.0
2026-09-23 11:30:12,page_life_expectancy,1827.0
2026-09-23 11:30:12,buffer_cache_hit_ratio,100.0
2026-09-23 11:30:12,transactions_per_sec,918.87
2026-09-23 11:30:12,page_reads_per_sec,0.0
2026-09-23 11:30:12,page_writes_per_sec,0.0
2026-09-23 11:30:12,rollbacks_per_sec,0.0
2026-09-23 11:30:12,batch_requests_per_sec,0.0
2026-09-23 11:30:12,sql_compilations_per_sec,0.0
2026-09-23 11:30:12,database_size_mb,0.0
2026-09-23 11:30:12,total_reads,1410.0
2026-09-23 11:30:12,total_writes,52376.0
2026-09-23 11:30:12,venta_locks,0.0
2026-09-23 11:30:12,detalle_venta_locks,0.0
2026-09-23 11:30:12,inventario_locks,0.0
2026-09-23 11:30:12,kardex_locks,0.0
2026-09-23 11:30:12,caja_locks,0.0
2026-09-23 11:30:12,movimiento_caja_locks,0.0
2026-09-23 11:30:12,auditoria_locks,0.0
2026-09-23 11:30:12,api_status,0.0
2026-09-23 11:30:12,api_latency_ms,4047.0
2026-09-23 11:30:12,products_count,0.0
2026-09-23 11:30:12,sales_count,0.0
2026-09-23 11:30:18,cpu_usr,4.1
2026-09-23 11:30:18,cpu_sys,43.7
2026-09-23 11:30:18,cpu_idl,51.5
2026-09-23 11:30:18,cpu_wai,0.0
2026-09-23 11:30:18,cpu_stl,0.0
2026-09-23 11:30:18,memory_percent,86.4
2026-09-23 11:30:18,memory_used_mb,13954.0
2026-09-23 11:30:18,memory_available_mb,2193.0
2026-09-23 11:30:18,disk_read_per_sec,71454.0
2026-09-23 11:30:18,disk_write_per_sec,1229823.0
2026-09-23 11:30:18,net_send_per_sec,1321.0
2026-09-23 11:30:18,net_recv_per_sec,1500.0
2026-09-23 11:30:18,load1,0.32
2026-09-23 11:30:18,load5,0.24
2026-09-23 11:30:18,load15,0.11
2026-09-23 11:30:18,active_sessions,36.0
2026-09-23 11:30:18,active_requests,28.0
2026-09-23 11:30:18,long_queries,13.0
2026-09-23 11:30:18,long_transactions,13.0
2026-09-23 11:30:18,idle_sessions,22.0
2026-09-23 11:30:18,lock_waits,1.0
2026-09-23 11:30:18,total_locks,123.0
2026-09-23 11:30:18,deadlocks_per_sec,0.0
2026-09-23 11:30:18,page_life_expectancy,1833.0
2026-09-23 11:30:18,buffer_cache_hit_ratio,100.0
2026-09-23 11:30:18,transactions_per_sec,1004.2
2026-09-23 11:30:18,page_reads_per_sec,0.0
2026-09-23 11:30:18,page_writes_per_sec,0.0
2026-09-23 11:30:18,rollbacks_per_sec,0.0
2026-09-23 11:30:18,batch_requests_per_sec,0.0
2026-09-23 11:30:18,sql_compilations_per_sec,0.0
2026-09-23 11:30:18,database_size_mb,0.0
2026-09-23 11:30:18,total_reads,1410.0
2026-09-23 11:30:18,total_writes,52604.0
2026-09-23 11:30:18,venta_locks,0.0
2026-09-23 11:30:18,detalle_venta_locks,0.0
2026-09-23 11:30:18,inventario_locks,0.0
2026-09-23 11:30:18,kardex_locks,0.0
2026-09-23 11:30:18,caja_locks,0.0
2026-09-23 11:30:18,movimiento_caja_locks,0.0
2026-09-23 11:30:18,auditoria_locks,0.0
2026-09-23 11:30:18,api_status,0.0
2026-09-23 11:30:18,api_latency_ms,4054.0
2026-09-23 11:30:18,products_count,0.0
2026-09-23 11:30:18,sales_count,0.0
2026-09-23 11:30:23,cpu_usr,5.0
2026-09-23 11:30:23,cpu_sys,44.9
2026-09-23 11:30:23,cpu_idl,49.0
2026-09-23 11:30:23,cpu_wai,0.0
2026-09-23 11:30:23,cpu_stl,0.0
2026-09-23 11:30:23,memory_percent,86.2
2026-09-23 11:30:23,memory_used_mb,13924.0
2026-09-23 11:30:23,memory_available_mb,2223.0
2026-09-23 11:30:23,disk_read_per_sec,59276.0
2026-09-23 11:30:23,disk_write_per_sec,1298894.0
2026-09-23 11:30:23,net_send_per_sec,281.0
2026-09-23 11:30:23,net_recv_per_sec,295.0
2026-09-23 11:30:23,load1,0.3
2026-09-23 11:30:23,load5,0.24
2026-09-23 11:30:23,load15,0.11
2026-09-23 11:30:23,active_sessions,35.0
2026-09-23 11:30:23,active_requests,26.0
2026-09-23 11:30:23,long_queries,13.0
2026-09-23 11:30:23,long_transactions,13.0
2026-09-23 11:30:23,idle_sessions,21.0
2026-09-23 11:30:23,lock_waits,0.0
2026-09-23 11:30:23,total_locks,116.0
2026-09-23 11:30:23,deadlocks_per_sec,0.0
2026-09-23 11:30:23,page_life_expectancy,1838.0
2026-09-23 11:30:23,buffer_cache_hit_ratio,100.0
2026-09-23 11:30:23,transactions_per_sec,913.73
2026-09-23 11:30:23,page_reads_per_sec,0.0
2026-09-23 11:30:23,page_writes_per_sec,0.0
2026-09-23 11:30:23,rollbacks_per_sec,0.0
2026-09-23 11:30:23,batch_requests_per_sec,0.0
2026-09-23 11:30:23,sql_compilations_per_sec,0.0
2026-09-23 11:30:23,database_size_mb,0.0
2026-09-23 11:30:23,total_reads,1410.0
2026-09-23 11:30:23,total_writes,52885.0
2026-09-23 11:30:23,venta_locks,0.0
2026-09-23 11:30:23,detalle_venta_locks,0.0
2026-09-23 11:30:23,inventario_locks,0.0
2026-09-23 11:30:23,kardex_locks,0.0
2026-09-23 11:30:23,caja_locks,0.0
2026-09-23 11:30:23,movimiento_caja_locks,0.0
2026-09-23 11:30:23,auditoria_locks,0.0
2026-09-23 11:30:23,api_status,0.0
2026-09-23 11:30:23,api_latency_ms,4054.0
2026-09-23 11:30:23,products_count,0.0
2026-09-23 11:30:23,sales_count,0.0
2026-09-23 11:30:29,cpu_usr,5.4
2026-09-23 11:30:29,cpu_sys,45.0
2026-09-23 11:30:29,cpu_idl,47.8
2026-09-23 11:30:29,cpu_wai,0.0
2026-09-23 11:30:29,cpu_stl,0.0
2026-09-23 11:30:29,memory_percent,86.4
2026-09-23 11:30:29,memory_used_mb,13946.0
2026-09-23 11:30:29,memory_available_mb,2202.0
2026-09-23 11:30:29,disk_read_per_sec,943493.0
2026-09-23 11:30:29,disk_write_per_sec,1327067.0
2026-09-23 11:30:29,net_send_per_sec,231.0
2026-09-23 11:30:29,net_recv_per_sec,266.0
2026-09-23 11:30:29,load1,0.27
2026-09-23 11:30:29,load5,0.23
2026-09-23 11:30:29,load15,0.1
2026-09-23 11:30:29,active_sessions,35.0
2026-09-23 11:30:29,active_requests,29.0
2026-09-23 11:30:29,long_queries,13.0
2026-09-23 11:30:29,long_transactions,13.0
2026-09-23 11:30:29,idle_sessions,21.0
2026-09-23 11:30:29,lock_waits,1.0
2026-09-23 11:30:29,total_locks,131.0
2026-09-23 11:30:29,deadlocks_per_sec,0.0
2026-09-23 11:30:29,page_life_expectancy,1844.0
2026-09-23 11:30:29,buffer_cache_hit_ratio,100.0
2026-09-23 11:30:29,transactions_per_sec,971.53
2026-09-23 11:30:29,page_reads_per_sec,0.0
2026-09-23 11:30:29,page_writes_per_sec,0.0
2026-09-23 11:30:29,rollbacks_per_sec,0.0
2026-09-23 11:30:29,batch_requests_per_sec,0.0
2026-09-23 11:30:29,sql_compilations_per_sec,0.0
2026-09-23 11:30:29,database_size_mb,0.0
2026-09-23 11:30:29,total_reads,1410.0
2026-09-23 11:30:29,total_writes,53160.0
2026-09-23 11:30:29,venta_locks,0.0
2026-09-23 11:30:29,detalle_venta_locks,0.0
2026-09-23 11:30:29,inventario_locks,0.0
2026-09-23 11:30:29,kardex_locks,0.0
2026-09-23 11:30:29,caja_locks,0.0
2026-09-23 11:30:29,movimiento_caja_locks,0.0
2026-09-23 11:30:29,auditoria_locks,0.0
2026-09-23 11:30:29,max_server_memory,4096.0
2026-09-23 11:30:29,user_connections_setting,0.0
2026-09-23 11:30:29,cost_threshold,5.0
2026-09-23 11:30:29,api_status,0.0
2026-09-23 11:30:29,api_latency_ms,4055.0
2026-09-23 11:30:29,products_count,0.0
2026-09-23 11:30:29,sales_count,0.0
2026-09-23 11:30:34,cpu_usr,5.4
2026-09-23 11:30:34,cpu_sys,32.8
2026-09-23 11:30:34,cpu_idl,60.7
2026-09-23 11:30:34,cpu_wai,0.0
2026-09-23 11:30:34,cpu_stl,0.0
2026-09-23 11:30:34,memory_percent,86.3
2026-09-23 11:30:34,memory_used_mb,13930.0
2026-09-23 11:30:34,memory_available_mb,2217.0
2026-09-23 11:30:34,disk_read_per_sec,348167.0
2026-09-23 11:30:34,disk_write_per_sec,843293.0
2026-09-23 11:30:34,net_send_per_sec,371.0
2026-09-23 11:30:34,net_recv_per_sec,442.0
2026-09-23 11:30:34,load1,0.25
2026-09-23 11:30:34,load5,0.23
2026-09-23 11:30:34,load15,0.1
2026-09-23 11:30:34,active_sessions,17.0
2026-09-23 11:30:34,active_requests,14.0
2026-09-23 11:30:34,long_queries,13.0
2026-09-23 11:30:34,long_transactions,13.0
2026-09-23 11:30:34,idle_sessions,16.0
2026-09-23 11:30:34,lock_waits,0.0
2026-09-23 11:30:34,total_locks,3.0
2026-09-23 11:30:34,deadlocks_per_sec,0.0
2026-09-23 11:30:34,page_life_expectancy,1849.0
2026-09-23 11:30:34,buffer_cache_hit_ratio,100.0
2026-09-23 11:30:34,transactions_per_sec,598.26
2026-09-23 11:30:34,page_reads_per_sec,0.0
2026-09-23 11:30:34,page_writes_per_sec,0.0
2026-09-23 11:30:34,rollbacks_per_sec,0.0
2026-09-23 11:30:34,batch_requests_per_sec,0.0
2026-09-23 11:30:34,sql_compilations_per_sec,0.0
2026-09-23 11:30:34,database_size_mb,0.0
2026-09-23 11:30:34,total_reads,1410.0
2026-09-23 11:30:34,total_writes,53324.0
2026-09-23 11:30:34,venta_locks,0.0
2026-09-23 11:30:34,detalle_venta_locks,0.0
2026-09-23 11:30:34,inventario_locks,0.0
2026-09-23 11:30:34,kardex_locks,0.0
2026-09-23 11:30:34,caja_locks,0.0
2026-09-23 11:30:34,movimiento_caja_locks,0.0
2026-09-23 11:30:34,auditoria_locks,0.0
2026-09-23 11:30:34,api_status,0.0
2026-09-23 11:30:34,api_latency_ms,4055.0
2026-09-23 11:30:34,products_count,0.0
2026-09-23 11:30:34,sales_count,0.0
