event_name,timestamp,session_id,login_name,program_name,database_name,resource_type,mode
login,2026-09-23 11:25:33.978,63,sa,Python,SteelNort,,
login,2026-09-23 11:25:33.978,66,sa,Python,SteelNort,,
login,2026-09-23 11:25:33.978,67,sa,SteelNortCargaNormal,SteelNort,,
login,2026-09-23 11:25:33.978,68,sa,SteelNortCargaNormal,SteelNort,,
login,2026-09-23 11:25:33.978,69,sa,SteelNortCargaNormal,SteelNort,,
login,2026-09-23 11:25:33.978,70,sa,SteelNortCargaNormal,SteelNort,,
login,2026-09-23 11:25:33.978,71,sa,SteelNortCargaNormal,SteelNort,,
login,2026-09-23 11:25:33.978,72,sa,SteelNortCargaNormal,SteelNort,,
login,2026-09-23 11:25:33.978,73,sa,SteelNortCargaNormal,SteelNort,,
login,2026-09-23 11:25:33.978,74,sa,SteelNortCargaNormal,SteelNort,,
login,2026-09-23 11:25:33.978,75,sa,SteelNortCargaNormal,SteelNort,,
login,2026-09-23 11:25:33.978,76,sa,SteelNortCargaNormal,SteelNort,,
login,2026-09-23 11:25:33.978,77,sa,SteelNortCargaNormal,SteelNort,,
login,2026-09-23 11:25:33.978,78,sa,SteelNortCargaNormal,SteelNort,,
login,2026-09-23 11:25:33.978,79,sa,SteelNortCargaNormal,SteelNort,,
login,2026-09-23 11:25:33.978,80,sa,SteelNortCargaNormal,SteelNort,,
login,2026-09-23 11:25:33.978,81,sa,SteelNortCargaNormal,SteelNort,,
login,2026-09-23 11:25:33.978,82,sa,SteelNortCargaNormal,SteelNort,,
login,2026-09-23 11:25:33.978,83,sa,SteelNortCargaNormal,SteelNort,,
login,2026-09-23 11:25:33.978,84,sa,SteelNortCargaNormal,SteelNort,,
login,2026-09-23 11:25:33.978,85,795ec2146175\Administrator,Microsoft SQL Server,SteelNort,,
lock_acquired,2026-09-23 11:25:33.978,84,,,,DATABASE,S
lock_acquired,2026-09-23 11:25:33.978,74,,,,DATABASE,S
lock_acquired,2026-09-23 11:25:33.978,75,,,,OBJECT,IS
lock_acquired,2026-09-23 11:25:33.978,75,,,,DATABASE,S
lock_acquired,2026-09-23 11:25:33.978,63,,,,DATABASE,S
lock_acquired,2026-09-23 11:25:33.978,76,,,,DATABASE,S
lock_acquired,2026-09-23 11:25:33.978,74,,,,METADATA,Sch-S
lock_acquired,2026-09-23 11:25:33.978,77,,,,OBJECT,IX
lock_acquired,2026-09-23 11:25:33.978,81,,,,PAGE,IX
lock_acquired,2026-09-23 11:25:33.978,71,,,,OBJECT,IS
lock_acquired,2026-09-23 11:25:33.978,80,,,,OBJECT,IX
lock_acquired,2026-09-23 11:25:33.978,71,,,,DATABASE,S
lock_acquired,2026-09-23 11:25:33.978,84,,,,OBJECT,IX
lock_acquired,2026-09-23 11:25:33.978,72,,,,PAGE,S
lock_acquired,2026-09-23 11:25:33.978,72,,,,DATABASE,S
lock_acquired,2026-09-23 11:25:33.978,75,,,,OBJECT,IX
lock_acquired,2026-09-23 11:25:33.978,83,,,,OBJECT,IS
lock_acquired,2026-09-23 11:25:33.978,83,,,,DATABASE,S
lock_acquired,2026-09-23 11:25:33.978,73,,,,DATABASE,S
lock_acquired,2026-09-23 11:25:33.978,82,,,,OBJECT,Sch-S
lock_acquired,2026-09-23 11:25:33.978,83,,,,PAGE,S
lock_acquired,2026-09-23 11:25:33.978,84,,,,KEY,X
lock_acquired,2026-09-23 11:25:33.978,67,,,,DATABASE,S
lock_acquired,2026-09-23 11:25:33.978,72,,,,OBJECT,IS
lock_acquired,2026-09-23 11:25:33.978,71,,,,OBJECT,IX
lock_acquired,2026-09-23 11:25:33.978,79,,,,DATABASE,S
lock_acquired,2026-09-23 11:25:33.978,69,,,,DATABASE,S
lock_acquired,2026-09-23 11:25:33.978,83,,,,OBJECT,IX
lock_acquired,2026-09-23 11:25:33.978,84,,,,PAGE,IX
lock_acquired,2026-09-23 11:25:33.978,73,,,,OBJECT,IX
lock_acquired,2026-09-23 11:25:33.978,82,,,,DATABASE,S
lock_acquired,2026-09-23 11:25:33.978,70,,,,DATABASE,S
lock_acquired,2026-09-23 11:25:33.978,72,,,,OBJECT,IX
lock_acquired,2026-09-23 11:25:33.978,81,,,,DATABASE,S
lock_acquired,2026-09-23 11:25:33.978,74,,,,OBJECT,Sch-S
lock_acquired,2026-09-23 11:25:33.978,80,,,,DATABASE,S
lock_acquired,2026-09-23 11:25:33.978,69,,,,OBJECT,IX
lock_acquired,2026-09-23 11:25:33.978,78,,,,DATABASE,S
lock_acquired,2026-09-23 11:25:33.978,66,,,,DATABASE,S
lock_acquired,2026-09-23 11:25:33.978,67,,,,OBJECT,IX
lock_acquired,2026-09-23 11:25:33.978,77,,,,OBJECT,IS
lock_acquired,2026-09-23 11:25:33.978,77,,,,DATABASE,S
lock_acquired,2026-09-23 11:25:33.978,70,,,,OBJECT,IX
lock_acquired,2026-09-23 11:25:33.978,76,,,,OBJECT,Sch-S
lock_acquired,2026-09-23 11:25:33.978,80,,,,OBJECT,IS
lock_acquired,2026-09-23 11:25:33.978,80,,,,PAGE,S
lock_acquired,2026-09-23 11:25:33.978,68,,,,DATABASE,S
lock_acquired,2026-09-23 11:25:39.070,79,,,,KEY,X
lock_acquired,2026-09-23 11:25:39.070,82,,,,OBJECT,IX
lock_acquired,2026-09-23 11:25:39.070,74,,,,KEY,U
lock_acquired,2026-09-23 11:25:39.070,79,,,,PAGE,IX
lock_acquired,2026-09-23 11:25:39.070,78,,,,KEY,X
lock_acquired,2026-09-23 11:25:39.070,70,,,,PAGE,IX
lock_acquired,2026-09-23 11:25:39.070,74,,,,OBJECT,IX
lock_acquired,2026-09-23 11:25:39.070,74,,,,KEY,X
lock_acquired,2026-09-23 11:25:39.070,67,,,,OBJECT,IS
lock_acquired,2026-09-23 11:25:39.070,68,,,,OBJECT,Sch-S
lock_acquired,2026-09-23 11:25:39.070,69,,,,OBJECT,IS
lock_acquired,2026-09-23 11:25:39.070,74,,,,PAGE,IX
lock_acquired,2026-09-23 11:25:39.070,69,,,,PAGE,S
lock_acquired,2026-09-23 11:25:39.070,82,,,,PAGE,S
lock_acquired,2026-09-23 11:25:39.070,71,,,,KEY,X
lock_acquired,2026-09-23 11:25:39.070,72,,,,KEY,X
lock_acquired,2026-09-23 11:25:39.070,82,,,,OBJECT,IS
lock_acquired,2026-09-23 11:25:39.070,71,,,,OBJECT,Sch-S
lock_acquired,2026-09-23 11:25:39.070,74,,,,PAGE,IU
lock_released,2026-09-23 11:25:39.070,75,,,,OBJECT,IS
lock_released,2026-09-23 11:25:39.070,74,,,,METADATA,Sch-S
lock_released,2026-09-23 11:25:39.070,77,,,,OBJECT,IX
lock_released,2026-09-23 11:25:39.070,81,,,,PAGE,IX
lock_released,2026-09-23 11:25:39.070,71,,,,OBJECT,IS
lock_released,2026-09-23 11:25:39.070,80,,,,OBJECT,IX
lock_released,2026-09-23 11:25:39.070,84,,,,OBJECT,IX
lock_released,2026-09-23 11:25:39.070,72,,,,PAGE,S
lock_released,2026-09-23 11:25:39.070,75,,,,OBJECT,IX
lock_released,2026-09-23 11:25:39.070,83,,,,OBJECT,IS
lock_released,2026-09-23 11:25:39.070,82,,,,OBJECT,Sch-S
lock_released,2026-09-23 11:25:39.070,83,,,,PAGE,S
lock_released,2026-09-23 11:25:39.070,72,,,,OBJECT,IS
lock_released,2026-09-23 11:25:39.070,71,,,,OBJECT,IX
lock_released,2026-09-23 11:25:39.070,83,,,,OBJECT,IX
lock_released,2026-09-23 11:25:39.070,84,,,,PAGE,IX
lock_released,2026-09-23 11:25:39.070,73,,,,OBJECT,IX
lock_released,2026-09-23 11:25:39.070,72,,,,OBJECT,IX
lock_released,2026-09-23 11:25:39.070,74,,,,OBJECT,Sch-S
lock_released,2026-09-23 11:25:39.070,77,,,,OBJECT,IS
lock_released,2026-09-23 11:25:39.070,80,,,,OBJECT,IS
lock_released,2026-09-23 11:25:39.070,80,,,,PAGE,S
logout,2026-09-23 11:25:44.123,85,,,,,
lock_acquired,2026-09-23 11:25:44.123,73,,,,OBJECT,Sch-S
lock_acquired,2026-09-23 11:25:44.123,67,,,,PAGE,IX
lock_acquired,2026-09-23 11:25:44.123,84,,,,METADATA,Sch-S
lock_acquired,2026-09-23 11:25:44.123,74,,,,METADATA,Sch-S
lock_acquired,2026-09-23 11:25:44.123,74,,,,OBJECT,IS
lock_acquired,2026-09-23 11:25:44.123,81,,,,KEY,X
lock_acquired,2026-09-23 11:25:44.123,79,,,,OBJECT,Sch-S
lock_acquired,2026-09-23 11:25:44.123,78,,,,OBJECT,IX
lock_acquired,2026-09-23 11:25:44.123,71,,,,OBJECT,IS
lock_acquired,2026-09-23 11:25:44.123,80,,,,OBJECT,IX
lock_acquired,2026-09-23 11:25:44.123,69,,,,OBJECT,Sch-S
lock_acquired,2026-09-23 11:25:44.123,68,,,,OBJECT,IX
lock_acquired,2026-09-23 11:25:44.123,71,,,,PAGE,S
lock_acquired,2026-09-23 11:25:44.123,76,,,,OBJECT,IS
lock_acquired,2026-09-23 11:25:44.123,72,,,,PAGE,S
lock_acquired,2026-09-23 11:25:44.123,83,,,,OBJECT,IS
lock_acquired,2026-09-23 11:25:44.123,83,,,,PAGE,S
lock_acquired,2026-09-23 11:25:44.123,68,,,,OBJECT,IS
lock_acquired,2026-09-23 11:25:44.123,72,,,,OBJECT,IS
lock_acquired,2026-09-23 11:25:44.123,71,,,,OBJECT,IX
lock_acquired,2026-09-23 11:25:44.123,77,,,,OBJECT,Sch-S
lock_acquired,2026-09-23 11:25:44.123,76,,,,OBJECT,IX
lock_acquired,2026-09-23 11:25:44.123,79,,,,METADATA,Sch-S
lock_acquired,2026-09-23 11:25:44.123,84,,,,OBJECT,Sch-S
lock_acquired,2026-09-23 11:25:44.123,83,,,,OBJECT,IX
lock_acquired,2026-09-23 11:25:44.123,69,,,,METADATA,Sch-S
lock_acquired,2026-09-23 11:25:44.123,72,,,,OBJECT,IX
lock_acquired,2026-09-23 11:25:44.123,74,,,,OBJECT,Sch-S
lock_acquired,2026-09-23 11:25:44.123,67,,,,KEY,X
lock_acquired,2026-09-23 11:25:44.123,74,,,,KEY,S
lock_acquired,2026-09-23 11:25:44.123,78,,,,OBJECT,IS
lock_acquired,2026-09-23 11:25:44.123,80,,,,OBJECT,IS
lock_released,2026-09-23 11:25:44.123,79,,,,KEY,X
lock_released,2026-09-23 11:25:44.123,74,,,,KEY,U
lock_released,2026-09-23 11:25:44.123,79,,,,PAGE,IX
lock_released,2026-09-23 11:25:44.123,78,,,,KEY,X
lock_released,2026-09-23 11:25:44.123,70,,,,PAGE,IX
lock_released,2026-09-23 11:25:44.123,74,,,,OBJECT,IX
lock_released,2026-09-23 11:25:44.123,84,,,,KEY,X
lock_released,2026-09-23 11:25:44.123,74,,,,KEY,X
lock_released,2026-09-23 11:25:44.123,67,,,,OBJECT,IS
lock_released,2026-09-23 11:25:44.123,68,,,,OBJECT,Sch-S
lock_released,2026-09-23 11:25:44.123,69,,,,OBJECT,IS
lock_released,2026-09-23 11:25:44.123,74,,,,PAGE,IX
lock_released,2026-09-23 11:25:44.123,69,,,,PAGE,S
lock_released,2026-09-23 11:25:44.123,70,,,,OBJECT,IX
lock_released,2026-09-23 11:25:44.123,82,,,,PAGE,S
lock_released,2026-09-23 11:25:44.123,71,,,,KEY,X
lock_released,2026-09-23 11:25:44.123,72,,,,KEY,X
lock_released,2026-09-23 11:25:44.123,69,,,,OBJECT,IX
lock_released,2026-09-23 11:25:44.123,71,,,,OBJECT,Sch-S
lock_released,2026-09-23 11:25:44.123,74,,,,PAGE,IU
lock_released,2026-09-23 11:25:44.123,76,,,,OBJECT,Sch-S
lock_acquired,2026-09-23 11:25:49.257,84,,,,OBJECT,IS
lock_acquired,2026-09-23 11:25:49.257,84,,,,PAGE,S
lock_acquired,2026-09-23 11:25:49.257,75,,,,OBJECT,IS
lock_acquired,2026-09-23 11:25:49.257,75,,,,PAGE,S
lock_acquired,2026-09-23 11:25:49.257,77,,,,OBJECT,IX
lock_acquired,2026-09-23 11:25:49.257,84,,,,OBJECT,IX
lock_acquired,2026-09-23 11:25:49.257,70,,,,OBJECT,Sch-S
lock_acquired,2026-09-23 11:25:49.257,75,,,,OBJECT,IX
lock_acquired,2026-09-23 11:25:49.257,73,,,,OBJECT,IS
lock_acquired,2026-09-23 11:25:49.257,73,,,,PAGE,S
lock_acquired,2026-09-23 11:25:49.257,67,,,,PAGE,S
lock_acquired,2026-09-23 11:25:49.257,67,,,,OBJECT,IS
lock_acquired,2026-09-23 11:25:49.257,69,,,,OBJECT,IS
lock_acquired,2026-09-23 11:25:49.257,69,,,,PAGE,S
lock_acquired,2026-09-23 11:25:49.257,81,,,,PAGE,S
lock_acquired,2026-09-23 11:25:49.257,73,,,,OBJECT,IX
lock_acquired,2026-09-23 11:25:49.257,81,,,,OBJECT,IS
lock_acquired,2026-09-23 11:25:49.257,69,,,,OBJECT,IX
lock_acquired,2026-09-23 11:25:49.257,77,,,,OBJECT,IS
lock_acquired,2026-09-23 11:25:49.257,77,,,,PAGE,S
lock_acquired,2026-09-23 11:25:49.257,76,,,,OBJECT,Sch-S
lock_acquired,2026-09-23 11:25:49.257,81,,,,OBJECT,IX
lock_released,2026-09-23 11:25:49.257,73,,,,OBJECT,Sch-S
lock_released,2026-09-23 11:25:49.257,82,,,,OBJECT,IX
lock_released,2026-09-23 11:25:49.257,67,,,,PAGE,IX
lock_released,2026-09-23 11:25:49.257,84,,,,METADATA,Sch-S
lock_released,2026-09-23 11:25:49.257,74,,,,METADATA,Sch-S
lock_released,2026-09-23 11:25:49.257,74,,,,OBJECT,IS
lock_released,2026-09-23 11:25:49.257,81,,,,KEY,X
lock_released,2026-09-23 11:25:49.257,79,,,,OBJECT,Sch-S
lock_released,2026-09-23 11:25:49.257,71,,,,OBJECT,IS
lock_released,2026-09-23 11:25:49.257,69,,,,OBJECT,Sch-S
lock_released,2026-09-23 11:25:49.257,71,,,,PAGE,S
lock_released,2026-09-23 11:25:49.257,76,,,,OBJECT,IS
lock_released,2026-09-23 11:25:49.257,72,,,,PAGE,S
lock_released,2026-09-23 11:25:49.257,83,,,,PAGE,S
lock_released,2026-09-23 11:25:49.257,72,,,,OBJECT,IS
lock_released,2026-09-23 11:25:49.257,77,,,,OBJECT,Sch-S
lock_released,2026-09-23 11:25:49.257,76,,,,OBJECT,IX
lock_released,2026-09-23 11:25:49.257,79,,,,METADATA,Sch-S
lock_released,2026-09-23 11:25:49.257,84,,,,OBJECT,Sch-S
lock_released,2026-09-23 11:25:49.257,69,,,,METADATA,Sch-S
lock_released,2026-09-23 11:25:49.257,72,,,,OBJECT,IX
lock_released,2026-09-23 11:25:49.257,74,,,,OBJECT,Sch-S
lock_released,2026-09-23 11:25:49.257,82,,,,OBJECT,IS
lock_released,2026-09-23 11:25:49.257,67,,,,KEY,X
lock_released,2026-09-23 11:25:49.257,74,,,,KEY,S
lock_released,2026-09-23 11:25:49.257,80,,,,OBJECT,IS
lock_acquired,2026-09-23 11:25:54.408,72,,,,OBJECT,IX
lock_acquired,2026-09-23 11:25:54.408,72,,,,KEY,X
lock_acquired,2026-09-23 11:25:54.408,76,,,,OBJECT,IX
lock_acquired,2026-09-23 11:25:54.408,82,,,,OBJECT,IS
lock_acquired,2026-09-23 11:25:54.408,72,,,,PAGE,IX
lock_acquired,2026-09-23 11:25:54.408,82,,,,OBJECT,IX
lock_acquired,2026-09-23 11:25:54.408,76,,,,OBJECT,IS
lock_acquired,2026-09-23 11:25:54.408,79,,,,METADATA,Sch-S
lock_acquired,2026-09-23 11:25:54.408,78,,,,OBJECT,Sch-S
lock_acquired,2026-09-23 11:25:54.408,70,,,,OBJECT,IX
lock_acquired,2026-09-23 11:25:54.408,76,,,,PAGE,S
lock_acquired,2026-09-23 11:25:54.408,79,,,,OBJECT,Sch-S
lock_acquired,2026-09-23 11:25:54.408,69,,,,METADATA,Sch-S
lock_acquired,2026-09-23 11:25:54.408,69,,,,OBJECT,Sch-S
lock_released,2026-09-23 11:25:54.408,70,,,,OBJECT,Sch-S
lock_released,2026-09-23 11:25:54.408,69,,,,OBJECT,IX
lock_released,2026-09-23 11:25:54.408,75,,,,OBJECT,IS
lock_released,2026-09-23 11:25:54.408,67,,,,OBJECT,IS
lock_released,2026-09-23 11:25:54.408,75,,,,PAGE,S
lock_released,2026-09-23 11:25:54.408,69,,,,OBJECT,IS
lock_released,2026-09-23 11:25:54.408,67,,,,OBJECT,IX
lock_released,2026-09-23 11:25:54.408,69,,,,PAGE,S
lock_released,2026-09-23 11:25:54.408,80,,,,OBJECT,IX
lock_released,2026-09-23 11:25:54.408,76,,,,OBJECT,Sch-S
lock_released,2026-09-23 11:25:54.408,73,,,,PAGE,S
lock_released,2026-09-23 11:25:54.408,77,,,,PAGE,S
lock_released,2026-09-23 11:25:54.408,78,,,,OBJECT,IS
lock_released,2026-09-23 11:25:54.408,67,,,,PAGE,S
lock_released,2026-09-23 11:25:54.408,68,,,,OBJECT,IS
lock_released,2026-09-23 11:25:54.408,78,,,,OBJECT,IX
lock_released,2026-09-23 11:25:54.408,68,,,,OBJECT,IX
login,2026-09-23 11:25:59.526,85,795ec2146175\Administrator,Microsoft SQL Server,SteelNort,,
lock_acquired,2026-09-23 11:25:59.526,83,,,,PAGE,IX
lock_acquired,2026-09-23 11:25:59.526,77,,,,PAGE,IX
lock_acquired,2026-09-23 11:25:59.526,70,,,,PAGE,IX
lock_acquired,2026-09-23 11:25:59.526,67,,,,METADATA,Sch-S
lock_acquired,2026-09-23 11:25:59.526,75,,,,OBJECT,IS
lock_acquired,2026-09-23 11:25:59.526,77,,,,KEY,X
lock_acquired,2026-09-23 11:25:59.526,70,,,,KEY,X
lock_acquired,2026-09-23 11:25:59.526,83,,,,KEY,X
lock_acquired,2026-09-23 11:25:59.526,71,,,,PAGE,IX
lock_acquired,2026-09-23 11:25:59.526,73,,,,PAGE,S
lock_acquired,2026-09-23 11:25:59.526,67,,,,OBJECT,Sch-S
lock_acquired,2026-09-23 11:25:59.526,71,,,,KEY,X
lock_released,2026-09-23 11:25:59.526,72,,,,KEY,X
lock_released,2026-09-23 11:25:59.526,76,,,,OBJECT,IX
lock_released,2026-09-23 11:25:59.526,82,,,,OBJECT,IS
lock_released,2026-09-23 11:25:59.526,72,,,,PAGE,IX
lock_released,2026-09-23 11:25:59.526,82,,,,OBJECT,IX
lock_released,2026-09-23 11:25:59.526,76,,,,OBJECT,IS
lock_released,2026-09-23 11:25:59.526,79,,,,METADATA,Sch-S
lock_released,2026-09-23 11:25:59.526,81,,,,PAGE,S
lock_released,2026-09-23 11:25:59.526,83,,,,OBJECT,IS
lock_released,2026-09-23 11:25:59.526,78,,,,OBJECT,Sch-S
lock_released,2026-09-23 11:25:59.526,77,,,,OBJECT,IS
lock_released,2026-09-23 11:25:59.526,76,,,,PAGE,S
lock_released,2026-09-23 11:25:59.526,79,,,,OBJECT,Sch-S
lock_released,2026-09-23 11:25:59.526,69,,,,METADATA,Sch-S
lock_released,2026-09-23 11:25:59.526,69,,,,OBJECT,Sch-S
lock_acquired,2026-09-23 11:26:04.583,78,,,,OBJECT,IS
lock_acquired,2026-09-23 11:26:04.583,83,,,,OBJECT,Sch-S
lock_acquired,2026-09-23 11:26:04.583,82,,,,KEY,X
lock_acquired,2026-09-23 11:26:04.583,78,,,,OBJECT,IX
lock_acquired,2026-09-23 11:26:04.583,71,,,,OBJECT,IS
lock_acquired,2026-09-23 11:26:04.583,71,,,,PAGE,S
lock_acquired,2026-09-23 11:26:04.583,83,,,,METADATA,Sch-S
lock_acquired,2026-09-23 11:26:04.583,74,,,,OBJECT,IX
lock_acquired,2026-09-23 11:26:04.583,74,,,,KEY,X
lock_acquired,2026-09-23 11:26:04.583,67,,,,OBJECT,IS
lock_acquired,2026-09-23 11:26:04.583,69,,,,OBJECT,IS
lock_acquired,2026-09-23 11:26:04.583,69,,,,PAGE,S
lock_acquired,2026-09-23 11:26:04.583,74,,,,PAGE,IX
lock_acquired,2026-09-23 11:26:04.583,76,,,,OBJECT,Sch-S
lock_acquired,2026-09-23 11:26:04.583,70,,,,OBJECT,IS
lock_acquired,2026-09-23 11:26:04.583,70,,,,PAGE,S
lock_acquired,2026-09-23 11:26:04.583,75,,,,OBJECT,Sch-S
lock_acquired,2026-09-23 11:26:04.583,69,,,,OBJECT,IX
lock_acquired,2026-09-23 11:26:04.583,78,,,,PAGE,S
lock_acquired,2026-09-23 11:26:04.583,73,,,,KEY,X
lock_acquired,2026-09-23 11:26:04.583,67,,,,OBJECT,IX
lock_acquired,2026-09-23 11:26:04.583,79,,,,OBJECT,IX
lock_acquired,2026-09-23 11:26:04.583,68,,,,METADATA,Sch-S
lock_released,2026-09-23 11:26:04.583,84,,,,OBJECT,IS
lock_released,2026-09-23 11:26:04.583,84,,,,PAGE,S
lock_released,2026-09-23 11:26:04.583,83,,,,PAGE,IX
lock_released,2026-09-23 11:26:04.583,75,,,,OBJECT,IS
lock_released,2026-09-23 11:26:04.583,70,,,,KEY,X
lock_released,2026-09-23 11:26:04.583,77,,,,OBJECT,IX
lock_released,2026-09-23 11:26:04.583,67,,,,OBJECT,Sch-S
lock_released,2026-09-23 11:26:04.583,70,,,,PAGE,IX
lock_released,2026-09-23 11:26:04.583,77,,,,KEY,X
lock_released,2026-09-23 11:26:04.583,75,,,,OBJECT,IX
lock_released,2026-09-23 11:26:04.583,73,,,,OBJECT,IS
lock_released,2026-09-23 11:26:04.583,73,,,,PAGE,S
lock_released,2026-09-23 11:26:04.583,77,,,,PAGE,IX
lock_released,2026-09-23 11:26:04.583,67,,,,METADATA,Sch-S
lock_released,2026-09-23 11:26:04.583,83,,,,OBJECT,IX
lock_released,2026-09-23 11:26:04.583,71,,,,KEY,X
lock_released,2026-09-23 11:26:04.583,81,,,,OBJECT,IS
lock_released,2026-09-23 11:26:04.583,72,,,,OBJECT,IX
lock_released,2026-09-23 11:26:04.583,83,,,,KEY,X
lock_released,2026-09-23 11:26:04.583,71,,,,PAGE,IX
logout,2026-09-23 11:26:09.776,85,,,,,
lock_acquired,2026-09-23 11:26:09.776,73,,,,OBJECT,Sch-S
lock_acquired,2026-09-23 11:26:09.776,76,,,,KEY,S
lock_acquired,2026-09-23 11:26:09.776,67,,,,PAGE,IX
lock_acquired,2026-09-23 11:26:09.776,72,,,,OBJECT,Sch-S
lock_acquired,2026-09-23 11:26:09.776,77,,,,OBJECT,IX
lock_acquired,2026-09-23 11:26:09.776,68,,,,OBJECT,IX
lock_acquired,2026-09-23 11:26:09.776,76,,,,OBJECT,IS
lock_acquired,2026-09-23 11:26:09.776,71,,,,METADATA,Sch-S
lock_acquired,2026-09-23 11:26:09.776,82,,,,OBJECT,Sch-S
lock_acquired,2026-09-23 11:26:09.776,76,,,,PAGE,IS
lock_acquired,2026-09-23 11:26:09.776,82,,,,KEY,S
lock_acquired,2026-09-23 11:26:09.776,73,,,,METADATA,Sch-S
lock_acquired,2026-09-23 11:26:09.776,81,,,,PAGE,S
lock_acquired,2026-09-23 11:26:09.776,78,,,,OBJECT,Sch-S
lock_acquired,2026-09-23 11:26:09.776,72,,,,METADATA,Sch-S
lock_acquired,2026-09-23 11:26:09.776,82,,,,METADATA,Sch-S
lock_acquired,2026-09-23 11:26:09.776,68,,,,PAGE,S
lock_acquired,2026-09-23 11:26:09.776,67,,,,KEY,X
lock_acquired,2026-09-23 11:26:09.776,77,,,,OBJECT,IS
lock_acquired,2026-09-23 11:26:09.776,77,,,,PAGE,S
lock_acquired,2026-09-23 11:26:09.776,71,,,,OBJECT,Sch-S
lock_acquired,2026-09-23 11:26:09.776,68,,,,OBJECT,IS
lock_acquired,2026-09-23 11:26:09.776,80,,,,PAGE,S
lock_released,2026-09-23 11:26:09.776,78,,,,OBJECT,IS
lock_released,2026-09-23 11:26:09.776,82,,,,KEY,X
lock_released,2026-09-23 11:26:09.776,78,,,,OBJECT,IX
lock_released,2026-09-23 11:26:09.776,71,,,,OBJECT,IS
lock_released,2026-09-23 11:26:09.776,84,,,,OBJECT,IX
lock_released,2026-09-23 11:26:09.776,71,,,,PAGE,S
lock_released,2026-09-23 11:26:09.776,83,,,,METADATA,Sch-S
lock_released,2026-09-23 11:26:09.776,74,,,,OBJECT,IX
lock_released,2026-09-23 11:26:09.776,74,,,,KEY,X
lock_released,2026-09-23 11:26:09.776,71,,,,OBJECT,IX
lock_released,2026-09-23 11:26:09.776,67,,,,OBJECT,IS
lock_released,2026-09-23 11:26:09.776,69,,,,OBJECT,IS
lock_released,2026-09-23 11:26:09.776,69,,,,PAGE,S
lock_released,2026-09-23 11:26:09.776,74,,,,PAGE,IX
lock_released,2026-09-23 11:26:09.776,76,,,,OBJECT,Sch-S
lock_released,2026-09-23 11:26:09.776,73,,,,OBJECT,IX
lock_released,2026-09-23 11:26:09.776,69,,,,OBJECT,IX
lock_released,2026-09-23 11:26:09.776,78,,,,PAGE,S
lock_released,2026-09-23 11:26:09.776,73,,,,KEY,X
lock_released,2026-09-23 11:26:09.776,79,,,,OBJECT,IX
lock_released,2026-09-23 11:26:09.776,68,,,,METADATA,Sch-S
lock_released,2026-09-23 11:26:09.776,81,,,,OBJECT,IX
lock_acquired,2026-09-23 11:26:14.859,84,,,,OBJECT,IS
lock_acquired,2026-09-23 11:26:14.859,82,,,,OBJECT,IX
lock_acquired,2026-09-23 11:26:14.859,74,,,,OBJECT,IS
lock_acquired,2026-09-23 11:26:14.859,71,,,,OBJECT,IS
lock_acquired,2026-09-23 11:26:14.859,84,,,,OBJECT,IX
lock_acquired,2026-09-23 11:26:14.859,71,,,,PAGE,S
lock_acquired,2026-09-23 11:26:14.859,83,,,,KEY,S
lock_acquired,2026-09-23 11:26:14.859,75,,,,OBJECT,IX
lock_acquired,2026-09-23 11:26:14.859,83,,,,OBJECT,IS
lock_acquired,2026-09-23 11:26:14.859,73,,,,OBJECT,IS
lock_acquired,2026-09-23 11:26:14.859,74,,,,OBJECT,IX
lock_acquired,2026-09-23 11:26:14.859,67,,,,PAGE,S
lock_acquired,2026-09-23 11:26:14.859,71,,,,OBJECT,IX
lock_acquired,2026-09-23 11:26:14.859,75,,,,KEY,X
lock_acquired,2026-09-23 11:26:14.859,77,,,,OBJECT,Sch-S
lock_acquired,2026-09-23 11:26:14.859,67,,,,OBJECT,IS
lock_acquired,2026-09-23 11:26:14.859,79,,,,OBJECT,IS
lock_acquired,2026-09-23 11:26:14.859,79,,,,PAGE,S
lock_acquired,2026-09-23 11:26:14.859,82,,,,PAGE,IU
lock_acquired,2026-09-23 11:26:14.859,73,,,,OBJECT,IX
lock_acquired,2026-09-23 11:26:14.859,75,,,,PAGE,IX
lock_acquired,2026-09-23 11:26:14.859,81,,,,OBJECT,IS
lock_acquired,2026-09-23 11:26:14.859,83,,,,PAGE,IS
lock_acquired,2026-09-23 11:26:14.859,82,,,,KEY,U
lock_acquired,2026-09-23 11:26:14.859,79,,,,OBJECT,IX
lock_acquired,2026-09-23 11:26:14.859,77,,,,METADATA,Sch-S
lock_acquired,2026-09-23 11:26:14.859,81,,,,OBJECT,IX
lock_released,2026-09-23 11:26:14.859,73,,,,OBJECT,Sch-S
lock_released,2026-09-23 11:26:14.859,76,,,,KEY,S
lock_released,2026-09-23 11:26:14.859,83,,,,OBJECT,Sch-S
lock_released,2026-09-23 11:26:14.859,67,,,,PAGE,IX
lock_released,2026-09-23 11:26:14.859,77,,,,OBJECT,IX
lock_released,2026-09-23 11:26:14.859,76,,,,OBJECT,IS
lock_released,2026-09-23 11:26:14.859,71,,,,METADATA,Sch-S
lock_released,2026-09-23 11:26:14.859,82,,,,OBJECT,Sch-S
lock_released,2026-09-23 11:26:14.859,76,,,,PAGE,IS
lock_released,2026-09-23 11:26:14.859,82,,,,KEY,S
lock_released,2026-09-23 11:26:14.859,73,,,,METADATA,Sch-S
lock_released,2026-09-23 11:26:14.859,81,,,,PAGE,S
lock_released,2026-09-23 11:26:14.859,70,,,,OBJECT,IS
lock_released,2026-09-23 11:26:14.859,70,,,,PAGE,S
lock_released,2026-09-23 11:26:14.859,75,,,,OBJECT,Sch-S
lock_released,2026-09-23 11:26:14.859,82,,,,METADATA,Sch-S
lock_released,2026-09-23 11:26:14.859,67,,,,KEY,X
lock_released,2026-09-23 11:26:14.859,77,,,,OBJECT,IS
lock_released,2026-09-23 11:26:14.859,77,,,,PAGE,S
lock_released,2026-09-23 11:26:14.859,71,,,,OBJECT,Sch-S
lock_released,2026-09-23 11:26:14.859,80,,,,PAGE,S
login,2026-09-23 11:26:19.949,85,795ec2146175\Administrator,Microsoft SQL Server,SteelNort,,
lock_acquired,2026-09-23 11:26:19.949,78,,,,KEY,X
lock_acquired,2026-09-23 11:26:19.949,83,,,,PAGE,IX
lock_acquired,2026-09-23 11:26:19.949,76,,,,OBJECT,IX
lock_acquired,2026-09-23 11:26:19.949,82,,,,OBJECT,IS
lock_acquired,2026-09-23 11:26:19.949,79,,,,METADATA,Sch-S
lock_acquired,2026-09-23 11:26:19.949,68,,,,OBJECT,Sch-S
lock_acquired,2026-09-23 11:26:19.949,83,,,,OBJECT,IX
lock_acquired,2026-09-23 11:26:19.949,73,,,,PAGE,S
lock_acquired,2026-09-23 11:26:19.949,80,,,,KEY,X
lock_acquired,2026-09-23 11:26:19.949,70,,,,PAGE,S
lock_acquired,2026-09-23 11:26:19.949,70,,,,OBJECT,IS
lock_acquired,2026-09-23 11:26:19.949,78,,,,PAGE,IX
lock_acquired,2026-09-23 11:26:19.949,79,,,,OBJECT,Sch-S
lock_acquired,2026-09-23 11:26:19.949,78,,,,OBJECT,IX
lock_acquired,2026-09-23 11:26:19.949,69,,,,OBJECT,Sch-S
lock_released,2026-09-23 11:26:19.949,84,,,,OBJECT,IS
lock_released,2026-09-23 11:26:19.949,74,,,,OBJECT,IS
lock_released,2026-09-23 11:26:19.949,68,,,,OBJECT,IX
lock_released,2026-09-23 11:26:19.949,84,,,,OBJECT,IX
lock_released,2026-09-23 11:26:19.949,83,,,,KEY,S
lock_released,2026-09-23 11:26:19.949,75,,,,OBJECT,IX
lock_released,2026-09-23 11:26:19.949,83,,,,OBJECT,IS
lock_released,2026-09-23 11:26:19.949,74,,,,OBJECT,IX
lock_released,2026-09-23 11:26:19.949,67,,,,PAGE,S
lock_released,2026-09-23 11:26:19.949,75,,,,KEY,X
lock_released,2026-09-23 11:26:19.949,77,,,,OBJECT,Sch-S
lock_released,2026-09-23 11:26:19.949,67,,,,OBJECT,IS
lock_released,2026-09-23 11:26:19.949,79,,,,OBJECT,IS
lock_released,2026-09-23 11:26:19.949,79,,,,PAGE,S
lock_released,2026-09-23 11:26:19.949,82,,,,PAGE,IU
lock_released,2026-09-23 11:26:19.949,78,,,,OBJECT,Sch-S
lock_released,2026-09-23 11:26:19.949,75,,,,PAGE,IX
lock_released,2026-09-23 11:26:19.949,81,,,,OBJECT,IS
lock_released,2026-09-23 11:26:19.949,83,,,,PAGE,IS
lock_released,2026-09-23 11:26:19.949,82,,,,KEY,U
lock_released,2026-09-23 11:26:19.949,67,,,,OBJECT,IX
lock_released,2026-09-23 11:26:19.949,79,,,,OBJECT,IX
lock_released,2026-09-23 11:26:19.949,77,,,,METADATA,Sch-S
lock_released,2026-09-23 11:26:19.949,81,,,,OBJECT,IX
lock_released,2026-09-23 11:26:19.949,68,,,,OBJECT,IS
lock_released,2026-09-23 11:26:19.949,68,,,,PAGE,S
lock_acquired,2026-09-23 11:26:25.004,73,,,,OBJECT,Sch-S
lock_acquired,2026-09-23 11:26:25.004,82,,,,PAGE,IS
lock_acquired,2026-09-23 11:26:25.004,69,,,,KEY,X
lock_acquired,2026-09-23 11:26:25.004,67,,,,METADATA,Sch-S
lock_acquired,2026-09-23 11:26:25.004,69,,,,OBJECT,IX
lock_acquired,2026-09-23 11:26:25.004,79,,,,OBJECT,IS
lock_acquired,2026-09-23 11:26:25.004,70,,,,KEY,X
lock_acquired,2026-09-23 11:26:25.004,79,,,,OBJECT,IX
lock_acquired,2026-09-23 11:26:25.004,83,,,,OBJECT,IS
lock_acquired,2026-09-23 11:26:25.004,74,,,,OBJECT,IS
lock_acquired,2026-09-23 11:26:25.004,74,,,,OBJECT,IX
lock_acquired,2026-09-23 11:26:25.004,69,,,,PAGE,IX
lock_acquired,2026-09-23 11:26:25.004,67,,,,OBJECT,Sch-S
lock_acquired,2026-09-23 11:26:25.004,83,,,,PAGE,S
lock_released,2026-09-23 11:26:25.004,78,,,,KEY,X
lock_released,2026-09-23 11:26:25.004,83,,,,PAGE,IX
lock_released,2026-09-23 11:26:25.004,76,,,,OBJECT,IX
lock_released,2026-09-23 11:26:25.004,82,,,,OBJECT,IX
lock_released,2026-09-23 11:26:25.004,79,,,,METADATA,Sch-S
lock_released,2026-09-23 11:26:25.004,72,,,,OBJECT,Sch-S
lock_released,2026-09-23 11:26:25.004,73,,,,OBJECT,IS
lock_released,2026-09-23 11:26:25.004,72,,,,METADATA,Sch-S
lock_released,2026-09-23 11:26:25.004,73,,,,PAGE,S
lock_released,2026-09-23 11:26:25.004,80,,,,KEY,X
lock_released,2026-09-23 11:26:25.004,73,,,,OBJECT,IX
lock_released,2026-09-23 11:26:25.004,70,,,,PAGE,S
lock_released,2026-09-23 11:26:25.004,70,,,,OBJECT,IS
lock_released,2026-09-23 11:26:25.004,70,,,,OBJECT,IX
lock_released,2026-09-23 11:26:25.004,78,,,,PAGE,IX
lock_released,2026-09-23 11:26:25.004,79,,,,OBJECT,Sch-S
lock_released,2026-09-23 11:26:25.004,78,,,,OBJECT,IX
lock_released,2026-09-23 11:26:25.004,69,,,,OBJECT,Sch-S
lock_acquired,2026-09-23 11:26:30.088,82,,,,OBJECT,IX
lock_acquired,2026-09-23 11:26:30.088,81,,,,KEY,X
lock_acquired,2026-09-23 11:26:30.088,78,,,,OBJECT,IX
lock_acquired,2026-09-23 11:26:30.088,68,,,,OBJECT,IX
lock_acquired,2026-09-23 11:26:30.088,78,,,,KEY,X
lock_acquired,2026-09-23 11:26:30.088,84,,,,OBJECT,IX
lock_acquired,2026-09-23 11:26:30.088,76,,,,OBJECT,IS
lock_acquired,2026-09-23 11:26:30.088,83,,,,PAGE,IU
lock_acquired,2026-09-23 11:26:30.088,75,,,,OBJECT,IX
lock_acquired,2026-09-23 11:26:30.088,72,,,,PAGE,S
lock_acquired,2026-09-23 11:26:30.088,78,,,,PAGE,IX
lock_acquired,2026-09-23 11:26:30.088,72,,,,OBJECT,IS
lock_acquired,2026-09-23 11:26:30.088,75,,,,KEY,X
lock_acquired,2026-09-23 11:26:30.088,76,,,,OBJECT,IX
lock_acquired,2026-09-23 11:26:30.088,73,,,,METADATA,Sch-S
lock_acquired,2026-09-23 11:26:30.088,80,,,,OBJECT,Sch-S
lock_acquired,2026-09-23 11:26:30.088,69,,,,OBJECT,IS
lock_acquired,2026-09-23 11:26:30.088,70,,,,OBJECT,IS
lock_acquired,2026-09-23 11:26:30.088,84,,,,PAGE,IX
lock_acquired,2026-09-23 11:26:30.088,70,,,,PAGE,S
lock_acquired,2026-09-23 11:26:30.088,82,,,,PAGE,S
lock_acquired,2026-09-23 11:26:30.088,75,,,,PAGE,IX
lock_acquired,2026-09-23 11:26:30.088,72,,,,OBJECT,IX
lock_acquired,2026-09-23 11:26:30.088,67,,,,KEY,X
lock_acquired,2026-09-23 11:26:30.088,70,,,,OBJECT,IX
lock_acquired,2026-09-23 11:26:30.088,68,,,,OBJECT,IS
lock_acquired,2026-09-23 11:26:30.088,68,,,,PAGE,S
lock_released,2026-09-23 11:26:30.088,82,,,,PAGE,IS
lock_released,2026-09-23 11:26:30.088,69,,,,KEY,X
lock_released,2026-09-23 11:26:30.088,71,,,,PAGE,S
lock_released,2026-09-23 11:26:30.088,67,,,,METADATA,Sch-S
lock_released,2026-09-23 11:26:30.088,79,,,,OBJECT,IS
lock_released,2026-09-23 11:26:30.088,70,,,,KEY,X
lock_released,2026-09-23 11:26:30.088,68,,,,OBJECT,Sch-S
lock_released,2026-09-23 11:26:30.088,83,,,,OBJECT,IS
lock_released,2026-09-23 11:26:30.088,74,,,,OBJECT,IS
lock_released,2026-09-23 11:26:30.088,69,,,,PAGE,IX
lock_released,2026-09-23 11:26:30.088,67,,,,OBJECT,Sch-S
lock_released,2026-09-23 11:26:30.088,83,,,,PAGE,S
logout,2026-09-23 11:26:35.264,85,,,,,
lock_acquired,2026-09-23 11:26:35.264,84,,,,OBJECT,IS
lock_acquired,2026-09-23 11:26:35.264,84,,,,PAGE,S
lock_acquired,2026-09-23 11:26:35.264,73,,,,PAGE,IX
lock_acquired,2026-09-23 11:26:35.264,71,,,,PAGE,IU
lock_acquired,2026-09-23 11:26:35.264,79,,,,PAGE,IX
lock_acquired,2026-09-23 11:26:35.264,69,,,,OBJECT,Sch-S
lock_acquired,2026-09-23 11:26:35.264,80,,,,OBJECT,IX
lock_acquired,2026-09-23 11:26:35.264,70,,,,OBJECT,Sch-S
lock_acquired,2026-09-23 11:26:35.264,68,,,,PAGE,IS
lock_acquired,2026-09-23 11:26:35.264,77,,,,KEY,X
lock_acquired,2026-09-23 11:26:35.264,71,,,,KEY,U
lock_acquired,2026-09-23 11:26:35.264,74,,,,KEY,X
lock_acquired,2026-09-23 11:26:35.264,70,,,,METADATA,Sch-S
lock_acquired,2026-09-23 11:26:35.264,73,,,,OBJECT,IX
lock_acquired,2026-09-23 11:26:35.264,78,,,,PAGE,S
lock_acquired,2026-09-23 11:26:35.264,73,,,,KEY,X
lock_acquired,2026-09-23 11:26:35.264,67,,,,OBJECT,IX
lock_acquired,2026-09-23 11:26:35.264,68,,,,KEY,S
lock_acquired,2026-09-23 11:26:35.264,78,,,,OBJECT,IS
lock_acquired,2026-09-23 11:26:35.264,81,,,,OBJECT,IX
lock_released,2026-09-23 11:26:35.264,73,,,,OBJECT,Sch-S
lock_released,2026-09-23 11:26:35.264,81,,,,KEY,X
lock_released,2026-09-23 11:26:35.264,71,,,,OBJECT,IS
lock_released,2026-09-23 11:26:35.264,68,,,,OBJECT,IX
lock_released,2026-09-23 11:26:35.264,78,,,,KEY,X
lock_released,2026-09-23 11:26:35.264,76,,,,OBJECT,IS
lock_released,2026-09-23 11:26:35.264,83,,,,PAGE,IU
lock_released,2026-09-23 11:26:35.264,74,,,,OBJECT,IX
lock_released,2026-09-23 11:26:35.264,78,,,,PAGE,IX
lock_released,2026-09-23 11:26:35.264,71,,,,OBJECT,IX
lock_released,2026-09-23 11:26:35.264,75,,,,KEY,X
lock_released,2026-09-23 11:26:35.264,76,,,,OBJECT,IX
lock_released,2026-09-23 11:26:35.264,73,,,,METADATA,Sch-S
lock_released,2026-09-23 11:26:35.264,80,,,,OBJECT,Sch-S
lock_released,2026-09-23 11:26:35.264,69,,,,OBJECT,IS
lock_released,2026-09-23 11:26:35.264,83,,,,OBJECT,IX
lock_released,2026-09-23 11:26:35.264,70,,,,OBJECT,IS
lock_released,2026-09-23 11:26:35.264,84,,,,PAGE,IX
lock_released,2026-09-23 11:26:35.264,70,,,,PAGE,S
lock_released,2026-09-23 11:26:35.264,75,,,,PAGE,IX
lock_released,2026-09-23 11:26:35.264,69,,,,OBJECT,IX
lock_released,2026-09-23 11:26:35.264,67,,,,KEY,X
lock_released,2026-09-23 11:26:35.264,70,,,,OBJECT,IX
lock_released,2026-09-23 11:26:35.264,68,,,,PAGE,S
lock_acquired,2026-09-23 11:26:40.369,70,,,,KEY,X
lock_acquired,2026-09-23 11:26:40.369,74,,,,METADATA,Sch-S
lock_acquired,2026-09-23 11:26:40.369,67,,,,OBJECT,Sch-S
lock_acquired,2026-09-23 11:26:40.369,68,,,,OBJECT,IX
lock_acquired,2026-09-23 11:26:40.369,76,,,,OBJECT,IS
lock_acquired,2026-09-23 11:26:40.369,83,,,,OBJECT,IS
lock_acquired,2026-09-23 11:26:40.369,73,,,,OBJECT,IS
lock_acquired,2026-09-23 11:26:40.369,83,,,,PAGE,S
lock_acquired,2026-09-23 11:26:40.369,76,,,,OBJECT,IX
lock_acquired,2026-09-23 11:26:40.369,67,,,,METADATA,Sch-S
lock_acquired,2026-09-23 11:26:40.369,79,,,,OBJECT,IS
lock_acquired,2026-09-23 11:26:40.369,79,,,,PAGE,S
lock_acquired,2026-09-23 11:26:40.369,81,,,,PAGE,S
lock_acquired,2026-09-23 11:26:40.369,83,,,,OBJECT,IX
lock_acquired,2026-09-23 11:26:40.369,75,,,,OBJECT,Sch-S
lock_acquired,2026-09-23 11:26:40.369,81,,,,OBJECT,IS
lock_acquired,2026-09-23 11:26:40.369,74,,,,OBJECT,Sch-S
lock_acquired,2026-09-23 11:26:40.369,68,,,,PAGE,S
lock_acquired,2026-09-23 11:26:40.369,80,,,,OBJECT,IS
lock_acquired,2026-09-23 11:26:40.369,80,,,,PAGE,S
lock_released,2026-09-23 11:26:40.369,84,,,,OBJECT,IS
lock_released,2026-09-23 11:26:40.369,84,,,,PAGE,S
lock_released,2026-09-23 11:26:40.369,73,,,,PAGE,IX
lock_released,2026-09-23 11:26:40.369,82,,,,OBJECT,IX
lock_released,2026-09-23 11:26:40.369,71,,,,PAGE,IU
lock_released,2026-09-23 11:26:40.369,78,,,,OBJECT,IX
lock_released,2026-09-23 11:26:40.369,79,,,,PAGE,IX
lock_released,2026-09-23 11:26:40.369,84,,,,OBJECT,IX
lock_released,2026-09-23 11:26:40.369,70,,,,OBJECT,Sch-S
lock_released,2026-09-23 11:26:40.369,68,,,,PAGE,IS
lock_released,2026-09-23 11:26:40.369,77,,,,KEY,X
lock_released,2026-09-23 11:26:40.369,75,,,,OBJECT,IX
lock_released,2026-09-23 11:26:40.369,72,,,,PAGE,S
lock_released,2026-09-23 11:26:40.369,71,,,,KEY,U
lock_released,2026-09-23 11:26:40.369,74,,,,KEY,X
lock_released,2026-09-23 11:26:40.369,72,,,,OBJECT,IS
lock_released,2026-09-23 11:26:40.369,70,,,,METADATA,Sch-S
lock_released,2026-09-23 11:26:40.369,82,,,,PAGE,S
lock_released,2026-09-23 11:26:40.369,72,,,,OBJECT,IX
lock_released,2026-09-23 11:26:40.369,82,,,,OBJECT,IS
lock_released,2026-09-23 11:26:40.369,78,,,,PAGE,S
lock_released,2026-09-23 11:26:40.369,73,,,,KEY,X
lock_released,2026-09-23 11:26:40.369,67,,,,OBJECT,IX
lock_released,2026-09-23 11:26:40.369,68,,,,KEY,S
lock_released,2026-09-23 11:26:40.369,78,,,,OBJECT,IS
login,2026-09-23 11:26:45.477,85,795ec2146175\Administrator,Microsoft SQL Server,SteelNort,,
logout,2026-09-23 11:26:45.477,52,,,,,
lock_acquired,2026-09-23 11:26:45.477,79,,,,KEY,X
lock_acquired,2026-09-23 11:26:45.477,82,,,,OBJECT,IX
lock_acquired,2026-09-23 11:26:45.477,74,,,,OBJECT,IS
lock_acquired,2026-09-23 11:26:45.477,77,,,,OBJECT,IX
lock_acquired,2026-09-23 11:26:45.477,81,,,,KEY,X
lock_acquired,2026-09-23 11:26:45.477,78,,,,OBJECT,IX
lock_acquired,2026-09-23 11:26:45.477,71,,,,OBJECT,IS
lock_acquired,2026-09-23 11:26:45.477,79,,,,PAGE,IX
lock_acquired,2026-09-23 11:26:45.477,82,,,,PAGE,IX
lock_acquired,2026-09-23 11:26:45.477,84,,,,OBJECT,IX
lock_acquired,2026-09-23 11:26:45.477,72,,,,PAGE,S
lock_acquired,2026-09-23 11:26:45.477,80,,,,KEY,X
lock_acquired,2026-09-23 11:26:45.477,74,,,,OBJECT,IX
lock_acquired,2026-09-23 11:26:45.477,72,,,,OBJECT,IS
lock_acquired,2026-09-23 11:26:45.477,71,,,,OBJECT,IX
lock_acquired,2026-09-23 11:26:45.477,75,,,,KEY,X
lock_acquired,2026-09-23 11:26:45.477,77,,,,PAGE,IX
lock_acquired,2026-09-23 11:26:45.477,80,,,,PAGE,IX
lock_acquired,2026-09-23 11:26:45.477,70,,,,OBJECT,IS
lock_acquired,2026-09-23 11:26:45.477,75,,,,PAGE,IX
lock_acquired,2026-09-23 11:26:45.477,72,,,,OBJECT,IX
lock_acquired,2026-09-23 11:26:45.477,76,,,,PAGE,IX
lock_acquired,2026-09-23 11:26:45.477,70,,,,OBJECT,IX
lock_released,2026-09-23 11:26:45.477,52,,,,DATABASE,S
lock_released,2026-09-23 11:26:45.477,70,,,,KEY,X
lock_released,2026-09-23 11:26:45.477,74,,,,METADATA,Sch-S
lock_released,2026-09-23 11:26:45.477,69,,,,OBJECT,Sch-S
lock_released,2026-09-23 11:26:45.477,80,,,,OBJECT,IX
lock_released,2026-09-23 11:26:45.477,76,,,,OBJECT,IS
lock_released,2026-09-23 11:26:45.477,83,,,,OBJECT,IS
lock_released,2026-09-23 11:26:45.477,73,,,,OBJECT,IS
lock_released,2026-09-23 11:26:45.477,83,,,,PAGE,S
lock_released,2026-09-23 11:26:45.477,68,,,,OBJECT,IS
lock_released,2026-09-23 11:26:45.477,79,,,,OBJECT,IS
lock_released,2026-09-23 11:26:45.477,79,,,,PAGE,S
lock_released,2026-09-23 11:26:45.477,81,,,,PAGE,S
lock_released,2026-09-23 11:26:45.477,73,,,,OBJECT,IX
lock_released,2026-09-23 11:26:45.477,75,,,,OBJECT,Sch-S
lock_released,2026-09-23 11:26:45.477,81,,,,OBJECT,IS
lock_released,2026-09-23 11:26:45.477,74,,,,OBJECT,Sch-S
lock_released,2026-09-23 11:26:45.477,68,,,,PAGE,S
lock_released,2026-09-23 11:26:45.477,81,,,,OBJECT,IX
lock_released,2026-09-23 11:26:45.477,80,,,,OBJECT,IS
lock_released,2026-09-23 11:26:45.477,80,,,,PAGE,S
logout,2026-09-23 11:26:50.569,66,,,,,
logout,2026-09-23 11:26:50.569,85,,,,,
lock_acquired,2026-09-23 11:26:50.569,75,,,,PAGE,IU
lock_acquired,2026-09-23 11:26:50.569,73,,,,PAGE,IX
lock_acquired,2026-09-23 11:26:50.569,77,,,,KEY,U
lock_acquired,2026-09-23 11:26:50.569,72,,,,OBJECT,Sch-S
lock_acquired,2026-09-23 11:26:50.569,72,,,,KEY,S
lock_acquired,2026-09-23 11:26:50.569,80,,,,OBJECT,IX
lock_acquired,2026-09-23 11:26:50.569,77,,,,KEY,X
lock_acquired,2026-09-23 11:26:50.569,75,,,,OBJECT,IX
lock_acquired,2026-09-23 11:26:50.569,73,,,,PAGE,IU
lock_acquired,2026-09-23 11:26:50.569,83,,,,OBJECT,IS
lock_acquired,2026-09-23 11:26:50.569,83,,,,PAGE,S
lock_acquired,2026-09-23 11:26:50.569,68,,,,OBJECT,IS
lock_acquired,2026-09-23 11:26:50.569,67,,,,PAGE,S
lock_acquired,2026-09-23 11:26:50.569,74,,,,KEY,X
lock_acquired,2026-09-23 11:26:50.569,67,,,,OBJECT,IS
lock_acquired,2026-09-23 11:26:50.569,76,,,,KEY,X
lock_acquired,2026-09-23 11:26:50.569,72,,,,METADATA,Sch-S
lock_acquired,2026-09-23 11:26:50.569,73,,,,OBJECT,IX
lock_acquired,2026-09-23 11:26:50.569,71,,,,KEY,X
lock_acquired,2026-09-23 11:26:50.569,81,,,,OBJECT,IS
lock_acquired,2026-09-23 11:26:50.569,82,,,,OBJECT,IS
lock_acquired,2026-09-23 11:26:50.569,69,,,,OBJECT,IX
lock_acquired,2026-09-23 11:26:50.569,67,,,,OBJECT,IX
lock_acquired,2026-09-23 11:26:50.569,81,,,,OBJECT,IX
lock_acquired,2026-09-23 11:26:50.569,80,,,,OBJECT,IS
lock_acquired,2026-09-23 11:26:50.569,80,,,,PAGE,S
lock_released,2026-09-23 11:26:50.569,82,,,,PAGE,IX
lock_released,2026-09-23 11:26:50.569,71,,,,OBJECT,IX
lock_released,2026-09-23 11:26:50.569,72,,,,OBJECT,IX
lock_released,2026-09-23 11:26:50.569,71,,,,OBJECT,IS
lock_released,2026-09-23 11:26:50.569,79,,,,KEY,X
lock_released,2026-09-23 11:26:50.569,75,,,,KEY,X
lock_released,2026-09-23 11:26:50.569,67,,,,METADATA,Sch-S
lock_released,2026-09-23 11:26:50.569,66,,,,DATABASE,S
lock_released,2026-09-23 11:26:50.569,75,,,,PAGE,IX
lock_released,2026-09-23 11:26:50.569,72,,,,PAGE,S
lock_released,2026-09-23 11:26:50.569,80,,,,PAGE,IX
lock_released,2026-09-23 11:26:50.569,70,,,,OBJECT,IS
lock_released,2026-09-23 11:26:50.569,74,,,,OBJECT,IS
lock_released,2026-09-23 11:26:50.569,80,,,,KEY,X
lock_released,2026-09-23 11:26:50.569,81,,,,KEY,X
lock_released,2026-09-23 11:26:50.569,67,,,,OBJECT,Sch-S
lock_released,2026-09-23 11:26:50.569,72,,,,OBJECT,IS
lock_released,2026-09-23 11:26:50.569,79,,,,PAGE,IX
login,2026-09-23 11:26:55.660,52,795ec2146175\Administrator,Microsoft SQL Server,SteelNort,,
lock_acquired,2026-09-23 11:26:55.660,71,,,,OBJECT,IX
lock_acquired,2026-09-23 11:26:55.660,83,,,,PAGE,IX
lock_acquired,2026-09-23 11:26:55.660,67,,,,PAGE,IX
lock_acquired,2026-09-23 11:26:55.660,69,,,,OBJECT,IS
lock_acquired,2026-09-23 11:26:55.660,68,,,,PAGE,S
lock_acquired,2026-09-23 11:26:55.660,69,,,,PAGE,S
lock_acquired,2026-09-23 11:26:55.660,83,,,,KEY,X
lock_acquired,2026-09-23 11:26:55.660,84,,,,OBJECT,Sch-S
lock_acquired,2026-09-23 11:26:55.660,67,,,,KEY,X
lock_acquired,2026-09-23 11:26:55.660,77,,,,OBJECT,IS
lock_acquired,2026-09-23 11:26:55.660,82,,,,PAGE,S
lock_acquired,2026-09-23 11:26:55.660,71,,,,OBJECT,IS
lock_released,2026-09-23 11:26:55.660,75,,,,PAGE,IU
lock_released,2026-09-23 11:26:55.660,73,,,,PAGE,IX
lock_released,2026-09-23 11:26:55.660,77,,,,KEY,U
lock_released,2026-09-23 11:26:55.660,72,,,,OBJECT,Sch-S
lock_released,2026-09-23 11:26:55.660,72,,,,KEY,S
lock_released,2026-09-23 11:26:55.660,84,,,,OBJECT,IX
lock_released,2026-09-23 11:26:55.660,77,,,,KEY,X
lock_released,2026-09-23 11:26:55.660,75,,,,OBJECT,IX
lock_released,2026-09-23 11:26:55.660,73,,,,PAGE,IU
lock_released,2026-09-23 11:26:55.660,83,,,,OBJECT,IS
lock_released,2026-09-23 11:26:55.660,83,,,,PAGE,S
lock_released,2026-09-23 11:26:55.660,67,,,,PAGE,S
lock_released,2026-09-23 11:26:55.660,77,,,,PAGE,IX
lock_released,2026-09-23 11:26:55.660,67,,,,OBJECT,IS
lock_released,2026-09-23 11:26:55.660,72,,,,METADATA,Sch-S
lock_released,2026-09-23 11:26:55.660,73,,,,OBJECT,IX
lock_released,2026-09-23 11:26:55.660,71,,,,KEY,X
lock_released,2026-09-23 11:26:55.660,81,,,,OBJECT,IS
lock_released,2026-09-23 11:26:55.660,79,,,,OBJECT,IX
lock_released,2026-09-23 11:26:55.660,70,,,,OBJECT,IX
lock_released,2026-09-23 11:26:55.660,81,,,,OBJECT,IX
lock_acquired,2026-09-23 11:27:00.719,69,,,,KEY,X
lock_acquired,2026-09-23 11:27:00.719,83,,,,OBJECT,Sch-S
lock_acquired,2026-09-23 11:27:00.719,75,,,,OBJECT,IS
lock_acquired,2026-09-23 11:27:00.719,76,,,,PAGE,IU
lock_acquired,2026-09-23 11:27:00.719,75,,,,PAGE,S
lock_acquired,2026-09-23 11:27:00.719,70,,,,KEY,X
lock_acquired,2026-09-23 11:27:00.719,81,,,,KEY,X
lock_acquired,2026-09-23 11:27:00.719,69,,,,PAGE,IX
lock_acquired,2026-09-23 11:27:00.719,81,,,,PAGE,IX
lock_acquired,2026-09-23 11:27:00.719,78,,,,KEY,X
lock_acquired,2026-09-23 11:27:00.719,70,,,,PAGE,IX
lock_acquired,2026-09-23 11:27:00.719,76,,,,KEY,U
lock_acquired,2026-09-23 11:27:00.719,80,,,,PAGE,IS
lock_acquired,2026-09-23 11:27:00.719,75,,,,OBJECT,IX
lock_acquired,2026-09-23 11:27:00.719,73,,,,OBJECT,IS
lock_acquired,2026-09-23 11:27:00.719,78,,,,PAGE,IX
lock_acquired,2026-09-23 11:27:00.719,67,,,,PAGE,S
lock_acquired,2026-09-23 11:27:00.719,79,,,,OBJECT,IS
lock_acquired,2026-09-23 11:27:00.719,67,,,,OBJECT,IS
lock_acquired,2026-09-23 11:27:00.719,70,,,,PAGE,IU
lock_acquired,2026-09-23 11:27:00.719,79,,,,PAGE,IS
lock_acquired,2026-09-23 11:27:00.719,73,,,,OBJECT,IX
lock_acquired,2026-09-23 11:27:00.719,70,,,,PAGE,S
lock_acquired,2026-09-23 11:27:00.719,72,,,,OBJECT,IX
lock_acquired,2026-09-23 11:27:00.719,69,,,,KEY,U
lock_acquired,2026-09-23 11:27:00.719,80,,,,KEY,S
lock_acquired,2026-09-23 11:27:00.719,71,,,,OBJECT,Sch-S
lock_acquired,2026-09-23 11:27:00.719,70,,,,OBJECT,IX
lock_acquired,2026-09-23 11:27:00.719,81,,,,OBJECT,IX
lock_released,2026-09-23 11:27:00.719,83,,,,PAGE,IX
lock_released,2026-09-23 11:27:00.719,67,,,,PAGE,IX
lock_released,2026-09-23 11:27:00.719,77,,,,OBJECT,IX
lock_released,2026-09-23 11:27:00.719,71,,,,OBJECT,IS
lock_released,2026-09-23 11:27:00.719,80,,,,OBJECT,IX
lock_released,2026-09-23 11:27:00.719,74,,,,KEY,X
lock_released,2026-09-23 11:27:00.719,71,,,,OBJECT,IX
lock_released,2026-09-23 11:27:00.719,80,,,,PAGE,S
lock_released,2026-09-23 11:27:00.719,69,,,,OBJECT,IS
lock_released,2026-09-23 11:27:00.719,69,,,,PAGE,S
lock_released,2026-09-23 11:27:00.719,76,,,,KEY,X
lock_released,2026-09-23 11:27:00.719,84,,,,OBJECT,Sch-S
lock_released,2026-09-23 11:27:00.719,83,,,,OBJECT,IX
lock_released,2026-09-23 11:27:00.719,82,,,,PAGE,S
lock_released,2026-09-23 11:27:00.719,76,,,,PAGE,IX
lock_released,2026-09-23 11:27:00.719,82,,,,OBJECT,IS
lock_released,2026-09-23 11:27:00.719,83,,,,KEY,X
lock_released,2026-09-23 11:27:00.719,67,,,,KEY,X
lock_released,2026-09-23 11:27:00.719,77,,,,OBJECT,IS
lock_released,2026-09-23 11:27:00.719,68,,,,PAGE,S
login,2026-09-23 11:27:05.818,66,795ec2146175\Administrator,Microsoft SQL Server,SteelNort,,
logout,2026-09-23 11:27:05.818,52,,,,,
lock_acquired,2026-09-23 11:27:05.818,74,,,,PAGE,S
lock_acquired,2026-09-23 11:27:05.818,84,,,,METADATA,Sch-S
lock_acquired,2026-09-23 11:27:05.818,74,,,,OBJECT,IS
lock_acquired,2026-09-23 11:27:05.818,77,,,,OBJECT,IX
lock_acquired,2026-09-23 11:27:05.818,79,,,,OBJECT,Sch-S
lock_acquired,2026-09-23 11:27:05.818,80,,,,OBJECT,IX
lock_acquired,2026-09-23 11:27:05.818,73,,,,PAGE,S
lock_acquired,2026-09-23 11:27:05.818,80,,,,KEY,X
lock_acquired,2026-09-23 11:27:05.818,68,,,,KEY,X
lock_acquired,2026-09-23 11:27:05.818,79,,,,KEY,S
lock_acquired,2026-09-23 11:27:05.818,71,,,,OBJECT,IX
lock_acquired,2026-09-23 11:27:05.818,75,,,,KEY,X
lock_acquired,2026-09-23 11:27:05.818,79,,,,METADATA,Sch-S
lock_acquired,2026-09-23 11:27:05.818,68,,,,PAGE,IX
lock_acquired,2026-09-23 11:27:05.818,76,,,,KEY,X
lock_acquired,2026-09-23 11:27:05.818,84,,,,OBJECT,Sch-S
lock_acquired,2026-09-23 11:27:05.818,83,,,,OBJECT,IX
lock_acquired,2026-09-23 11:27:05.818,70,,,,OBJECT,IS
lock_acquired,2026-09-23 11:27:05.818,75,,,,PAGE,IX
lock_acquired,2026-09-23 11:27:05.818,71,,,,KEY,X
lock_acquired,2026-09-23 11:27:05.818,76,,,,PAGE,IX
lock_acquired,2026-09-23 11:27:05.818,71,,,,PAGE,IX
lock_released,2026-09-23 11:27:05.818,83,,,,OBJECT,Sch-S
lock_released,2026-09-23 11:27:05.818,82,,,,OBJECT,IX
lock_released,2026-09-23 11:27:05.818,75,,,,OBJECT,IS
lock_released,2026-09-23 11:27:05.818,76,,,,PAGE,IU
lock_released,2026-09-23 11:27:05.818,75,,,,PAGE,S
lock_released,2026-09-23 11:27:05.818,70,,,,KEY,X
lock_released,2026-09-23 11:27:05.818,81,,,,KEY,X
lock_released,2026-09-23 11:27:05.818,81,,,,PAGE,IX
lock_released,2026-09-23 11:27:05.818,78,,,,OBJECT,IX
lock_released,2026-09-23 11:27:05.818,78,,,,KEY,X
lock_released,2026-09-23 11:27:05.818,70,,,,PAGE,IX
lock_released,2026-09-23 11:27:05.818,76,,,,KEY,U
lock_released,2026-09-23 11:27:05.818,80,,,,PAGE,IS
lock_released,2026-09-23 11:27:05.818,78,,,,PAGE,IX
lock_released,2026-09-23 11:27:05.818,67,,,,PAGE,S
lock_released,2026-09-23 11:27:05.818,79,,,,OBJECT,IS
lock_released,2026-09-23 11:27:05.818,70,,,,PAGE,IU
lock_released,2026-09-23 11:27:05.818,79,,,,PAGE,IS
lock_released,2026-09-23 11:27:05.818,80,,,,OBJECT,IS
lock_released,2026-09-23 11:27:05.818,72,,,,OBJECT,IX
lock_released,2026-09-23 11:27:05.818,69,,,,KEY,U
lock_released,2026-09-23 11:27:05.818,80,,,,KEY,S
lock_released,2026-09-23 11:27:05.818,71,,,,OBJECT,Sch-S
lock_released,2026-09-23 11:27:05.818,81,,,,OBJECT,IX
lock_released,2026-09-23 11:27:05.818,68,,,,OBJECT,IS
logout,2026-09-23 11:27:10.858,66,,,,,
lock_acquired,2026-09-23 11:27:10.858,78,,,,KEY,U
lock_acquired,2026-09-23 11:27:10.858,82,,,,OBJECT,IX
lock_acquired,2026-09-23 11:27:10.858,82,,,,KEY,X
lock_acquired,2026-09-23 11:27:10.858,76,,,,PAGE,S
lock_acquired,2026-09-23 11:27:10.858,78,,,,OBJECT,IX
lock_acquired,2026-09-23 11:27:10.858,82,,,,PAGE,IX
lock_acquired,2026-09-23 11:27:10.858,84,,,,OBJECT,IX
lock_acquired,2026-09-23 11:27:10.858,76,,,,OBJECT,IS
lock_acquired,2026-09-23 11:27:10.858,72,,,,PAGE,S
lock_acquired,2026-09-23 11:27:10.858,84,,,,KEY,X
lock_acquired,2026-09-23 11:27:10.858,67,,,,PAGE,S
lock_acquired,2026-09-23 11:27:10.858,72,,,,OBJECT,IS
lock_acquired,2026-09-23 11:27:10.858,68,,,,OBJECT,Sch-S
lock_acquired,2026-09-23 11:27:10.858,80,,,,PAGE,IX
lock_acquired,2026-09-23 11:27:10.858,81,,,,PAGE,S
lock_acquired,2026-09-23 11:27:10.858,84,,,,PAGE,IX
lock_acquired,2026-09-23 11:27:10.858,81,,,,OBJECT,IS
lock_acquired,2026-09-23 11:27:10.858,72,,,,OBJECT,IX
lock_acquired,2026-09-23 11:27:10.858,74,,,,OBJECT,Sch-S
lock_acquired,2026-09-23 11:27:10.858,79,,,,OBJECT,IX
lock_acquired,2026-09-23 11:27:10.858,77,,,,OBJECT,IS
lock_acquired,2026-09-23 11:27:10.858,68,,,,METADATA,Sch-S
lock_acquired,2026-09-23 11:27:10.858,81,,,,OBJECT,IX
lock_released,2026-09-23 11:27:10.858,74,,,,PAGE,S
lock_released,2026-09-23 11:27:10.858,69,,,,KEY,X
lock_released,2026-09-23 11:27:10.858,84,,,,METADATA,Sch-S
lock_released,2026-09-23 11:27:10.858,74,,,,OBJECT,IS
lock_released,2026-09-23 11:27:10.858,69,,,,PAGE,IX
lock_released,2026-09-23 11:27:10.858,79,,,,OBJECT,Sch-S
lock_released,2026-09-23 11:27:10.858,68,,,,OBJECT,IX
lock_released,2026-09-23 11:27:10.858,73,,,,OBJECT,IS
lock_released,2026-09-23 11:27:10.858,73,,,,PAGE,S
lock_released,2026-09-23 11:27:10.858,68,,,,KEY,X
lock_released,2026-09-23 11:27:10.858,74,,,,OBJECT,IX
lock_released,2026-09-23 11:27:10.858,79,,,,KEY,S
lock_released,2026-09-23 11:27:10.858,71,,,,OBJECT,IX
lock_released,2026-09-23 11:27:10.858,75,,,,KEY,X
lock_released,2026-09-23 11:27:10.858,79,,,,METADATA,Sch-S
lock_released,2026-09-23 11:27:10.858,68,,,,PAGE,IX
lock_released,2026-09-23 11:27:10.858,76,,,,KEY,X
lock_released,2026-09-23 11:27:10.858,84,,,,OBJECT,Sch-S
lock_released,2026-09-23 11:27:10.858,83,,,,OBJECT,IX
lock_released,2026-09-23 11:27:10.858,73,,,,OBJECT,IX
lock_released,2026-09-23 11:27:10.858,70,,,,PAGE,S
lock_released,2026-09-23 11:27:10.858,75,,,,PAGE,IX
lock_released,2026-09-23 11:27:10.858,71,,,,KEY,X
lock_released,2026-09-23 11:27:10.858,76,,,,PAGE,IX
lock_released,2026-09-23 11:27:10.858,69,,,,OBJECT,IX
lock_released,2026-09-23 11:27:10.858,71,,,,PAGE,IX
lock_acquired,2026-09-23 11:27:15.966,75,,,,OBJECT,IS
lock_acquired,2026-09-23 11:27:15.966,80,,,,METADATA,Sch-S
lock_acquired,2026-09-23 11:27:15.966,75,,,,PAGE,S
lock_acquired,2026-09-23 11:27:15.966,67,,,,OBJECT,Sch-S
lock_acquired,2026-09-23 11:27:15.966,71,,,,OBJECT,IS
lock_acquired,2026-09-23 11:27:15.966,68,,,,OBJECT,IX
lock_acquired,2026-09-23 11:27:15.966,77,,,,PAGE,IS
lock_acquired,2026-09-23 11:27:15.966,73,,,,KEY,S
lock_acquired,2026-09-23 11:27:15.966,73,,,,OBJECT,IS
lock_acquired,2026-09-23 11:27:15.966,74,,,,OBJECT,IX
lock_acquired,2026-09-23 11:27:15.966,74,,,,KEY,X
lock_acquired,2026-09-23 11:27:15.966,71,,,,OBJECT,IX
lock_acquired,2026-09-23 11:27:15.966,80,,,,OBJECT,Sch-S
lock_acquired,2026-09-23 11:27:15.966,69,,,,OBJECT,IS
lock_acquired,2026-09-23 11:27:15.966,69,,,,PAGE,S
lock_acquired,2026-09-23 11:27:15.966,74,,,,PAGE,IX
lock_acquired,2026-09-23 11:27:15.966,73,,,,PAGE,IS
lock_acquired,2026-09-23 11:27:15.966,69,,,,OBJECT,IX
lock_acquired,2026-09-23 11:27:15.966,78,,,,OBJECT,IS
lock_released,2026-09-23 11:27:15.966,78,,,,KEY,U
lock_released,2026-09-23 11:27:15.966,82,,,,OBJECT,IX
lock_released,2026-09-23 11:27:15.966,82,,,,KEY,X
lock_released,2026-09-23 11:27:15.966,77,,,,OBJECT,IX
lock_released,2026-09-23 11:27:15.966,76,,,,PAGE,S
lock_released,2026-09-23 11:27:15.966,80,,,,OBJECT,IX
lock_released,2026-09-23 11:27:15.966,82,,,,PAGE,IX
lock_released,2026-09-23 11:27:15.966,76,,,,OBJECT,IS
lock_released,2026-09-23 11:27:15.966,80,,,,KEY,X
lock_released,2026-09-23 11:27:15.966,67,,,,PAGE,S
lock_released,2026-09-23 11:27:15.966,76,,,,OBJECT,IX
lock_released,2026-09-23 11:27:15.966,67,,,,OBJECT,IS
lock_released,2026-09-23 11:27:15.966,68,,,,OBJECT,Sch-S
lock_released,2026-09-23 11:27:15.966,80,,,,PAGE,IX
lock_released,2026-09-23 11:27:15.966,70,,,,OBJECT,IS
lock_released,2026-09-23 11:27:15.966,74,,,,OBJECT,Sch-S
lock_released,2026-09-23 11:27:15.966,67,,,,OBJECT,IX
lock_released,2026-09-23 11:27:15.966,70,,,,OBJECT,IX
lock_released,2026-09-23 11:27:15.966,68,,,,METADATA,Sch-S
login,2026-09-23 11:27:21.059,52,795ec2146175\Administrator,Microsoft SQL Server,SteelNort,,
lock_acquired,2026-09-23 11:27:21.059,75,,,,PAGE,IU
lock_acquired,2026-09-23 11:27:21.059,74,,,,OBJECT,Sch-S
lock_acquired,2026-09-23 11:27:21.059,76,,,,METADATA,Sch-S
lock_acquired,2026-09-23 11:27:21.059,83,,,,OBJECT,Sch-S
lock_acquired,2026-09-23 11:27:21.059,82,,,,OBJECT,IX
lock_acquired,2026-09-23 11:27:21.059,67,,,,METADATA,Sch-S
lock_acquired,2026-09-23 11:27:21.059,79,,,,OBJECT,IS
lock_acquired,2026-09-23 11:27:21.059,82,,,,OBJECT,IS
lock_acquired,2026-09-23 11:27:21.059,79,,,,PAGE,S
lock_acquired,2026-09-23 11:27:21.059,70,,,,OBJECT,IX
lock_acquired,2026-09-23 11:27:21.059,83,,,,METADATA,Sch-S
lock_acquired,2026-09-23 11:27:21.059,77,,,,OBJECT,IX
lock_acquired,2026-09-23 11:27:21.059,82,,,,PAGE,S
lock_acquired,2026-09-23 11:27:21.059,76,,,,OBJECT,Sch-S
lock_acquired,2026-09-23 11:27:21.059,68,,,,OBJECT,IS
lock_acquired,2026-09-23 11:27:21.059,68,,,,PAGE,S
lock_acquired,2026-09-23 11:27:21.059,80,,,,OBJECT,IX
lock_released,2026-09-23 11:27:21.059,75,,,,OBJECT,IS
lock_released,2026-09-23 11:27:21.059,80,,,,METADATA,Sch-S
lock_released,2026-09-23 11:27:21.059,75,,,,PAGE,S
lock_released,2026-09-23 11:27:21.059,71,,,,OBJECT,IS
lock_released,2026-09-23 11:27:21.059,77,,,,PAGE,IS
lock_released,2026-09-23 11:27:21.059,73,,,,KEY,S
lock_released,2026-09-23 11:27:21.059,72,,,,PAGE,S
lock_released,2026-09-23 11:27:21.059,73,,,,OBJECT,IS
lock_released,2026-09-23 11:27:21.059,74,,,,OBJECT,IX
lock_released,2026-09-23 11:27:21.059,84,,,,KEY,X
lock_released,2026-09-23 11:27:21.059,74,,,,KEY,X
lock_released,2026-09-23 11:27:21.059,72,,,,OBJECT,IS
lock_released,2026-09-23 11:27:21.059,80,,,,OBJECT,Sch-S
lock_released,2026-09-23 11:27:21.059,81,,,,PAGE,S
lock_released,2026-09-23 11:27:21.059,74,,,,PAGE,IX
lock_released,2026-09-23 11:27:21.059,84,,,,PAGE,IX
lock_released,2026-09-23 11:27:21.059,81,,,,OBJECT,IS
lock_released,2026-09-23 11:27:21.059,73,,,,PAGE,IS
lock_released,2026-09-23 11:27:21.059,77,,,,OBJECT,IS
lock_released,2026-09-23 11:27:21.059,78,,,,OBJECT,IS
lock_released,2026-09-23 11:27:21.059,81,,,,OBJECT,IX
logout,2026-09-23 11:27:26.138,52,,,,,
lock_acquired,2026-09-23 11:27:26.138,76,,,,OBJECT,IX
lock_acquired,2026-09-23 11:27:26.138,67,,,,OBJECT,IS
lock_acquired,2026-09-23 11:27:26.138,67,,,,OBJECT,IX
lock_acquired,2026-09-23 11:27:26.138,79,,,,PAGE,IX
lock_acquired,2026-09-23 11:27:26.138,81,,,,KEY,S
lock_acquired,2026-09-23 11:27:26.138,83,,,,KEY,X
lock_acquired,2026-09-23 11:27:26.138,78,,,,OBJECT,Sch-S
lock_acquired,2026-09-23 11:27:26.138,77,,,,OBJECT,IS
lock_acquired,2026-09-23 11:27:26.138,77,,,,PAGE,S
lock_acquired,2026-09-23 11:27:26.138,81,,,,PAGE,IS
lock_acquired,2026-09-23 11:27:26.138,67,,,,PAGE,S
lock_acquired,2026-09-23 11:27:26.138,74,,,,KEY,X
lock_acquired,2026-09-23 11:27:26.138,69,,,,PAGE,IS
lock_acquired,2026-09-23 11:27:26.138,69,,,,KEY,S
lock_acquired,2026-09-23 11:27:26.138,81,,,,OBJECT,IS
lock_released,2026-09-23 11:27:26.138,72,,,,OBJECT,IX
lock_released,2026-09-23 11:27:26.138,71,,,,OBJECT,IX
lock_released,2026-09-23 11:27:26.138,84,,,,OBJECT,IX
lock_released,2026-09-23 11:27:26.138,75,,,,PAGE,IU
lock_released,2026-09-23 11:27:26.138,74,,,,OBJECT,Sch-S
lock_released,2026-09-23 11:27:26.138,76,,,,METADATA,Sch-S
lock_released,2026-09-23 11:27:26.138,83,,,,OBJECT,Sch-S
lock_released,2026-09-23 11:27:26.138,67,,,,METADATA,Sch-S
lock_released,2026-09-23 11:27:26.138,69,,,,OBJECT,IX
lock_released,2026-09-23 11:27:26.138,79,,,,OBJECT,IS
lock_released,2026-09-23 11:27:26.138,75,,,,OBJECT,IX
lock_released,2026-09-23 11:27:26.138,79,,,,PAGE,S
lock_released,2026-09-23 11:27:26.138,69,,,,PAGE,S
lock_released,2026-09-23 11:27:26.138,83,,,,METADATA,Sch-S
lock_released,2026-09-23 11:27:26.138,76,,,,OBJECT,Sch-S
lock_released,2026-09-23 11:27:26.138,67,,,,OBJECT,Sch-S
lock_released,2026-09-23 11:27:26.138,78,,,,OBJECT,IX
lock_acquired,2026-09-23 11:27:31.234,74,,,,PAGE,S
lock_acquired,2026-09-23 11:27:31.234,67,,,,PAGE,IX
lock_acquired,2026-09-23 11:27:31.234,70,,,,KEY,X
lock_acquired,2026-09-23 11:27:31.234,84,,,,METADATA,Sch-S
lock_acquired,2026-09-23 11:27:31.234,74,,,,OBJECT,IS
lock_acquired,2026-09-23 11:27:31.234,78,,,,PAGE,IS
lock_acquired,2026-09-23 11:27:31.234,81,,,,PAGE,IX
lock_acquired,2026-09-23 11:27:31.234,71,,,,OBJECT,IS
lock_acquired,2026-09-23 11:27:31.234,72,,,,PAGE,IU
lock_acquired,2026-09-23 11:27:31.234,68,,,,KEY,X
lock_acquired,2026-09-23 11:27:31.234,82,,,,OBJECT,Sch-S
lock_acquired,2026-09-23 11:27:31.234,74,,,,OBJECT,IX
lock_acquired,2026-09-23 11:27:31.234,71,,,,OBJECT,IX
lock_acquired,2026-09-23 11:27:31.234,75,,,,KEY,X
lock_acquired,2026-09-23 11:27:31.234,72,,,,KEY,U
lock_acquired,2026-09-23 11:27:31.234,69,,,,PAGE,S
lock_acquired,2026-09-23 11:27:31.234,84,,,,OBJECT,Sch-S
lock_acquired,2026-09-23 11:27:31.234,83,,,,OBJECT,IX
lock_acquired,2026-09-23 11:27:31.234,73,,,,OBJECT,IX
lock_acquired,2026-09-23 11:27:31.234,72,,,,OBJECT,IX
lock_acquired,2026-09-23 11:27:31.234,69,,,,OBJECT,IX
lock_acquired,2026-09-23 11:27:31.234,84,,,,KEY,S
lock_acquired,2026-09-23 11:27:31.234,78,,,,OBJECT,IS
lock_acquired,2026-09-23 11:27:31.234,81,,,,OBJECT,IX
lock_released,2026-09-23 11:27:31.234,82,,,,OBJECT,IX
lock_released,2026-09-23 11:27:31.234,77,,,,OBJECT,IX
lock_released,2026-09-23 11:27:31.234,68,,,,OBJECT,IX
lock_released,2026-09-23 11:27:31.234,67,,,,PAGE,S
lock_released,2026-09-23 11:27:31.234,74,,,,KEY,X
lock_released,2026-09-23 11:27:31.234,69,,,,KEY,S
lock_released,2026-09-23 11:27:31.234,67,,,,OBJECT,IS
lock_released,2026-09-23 11:27:31.234,81,,,,KEY,S
lock_released,2026-09-23 11:27:31.234,82,,,,PAGE,S
lock_released,2026-09-23 11:27:31.234,81,,,,OBJECT,IS
lock_released,2026-09-23 11:27:31.234,82,,,,OBJECT,IS
lock_released,2026-09-23 11:27:31.234,83,,,,KEY,X
lock_released,2026-09-23 11:27:31.234,77,,,,OBJECT,IS
lock_released,2026-09-23 11:27:31.234,77,,,,PAGE,S
lock_released,2026-09-23 11:27:31.234,81,,,,PAGE,IS
lock_released,2026-09-23 11:27:31.234,70,,,,OBJECT,IX
lock_released,2026-09-23 11:27:31.234,68,,,,OBJECT,IS
lock_released,2026-09-23 11:27:31.234,69,,,,PAGE,IS
lock_released,2026-09-23 11:27:31.234,68,,,,PAGE,S
lock_acquired,2026-09-23 11:27:36.346,79,,,,KEY,X
lock_acquired,2026-09-23 11:27:36.346,69,,,,KEY,X
lock_acquired,2026-09-23 11:27:36.346,83,,,,OBJECT,Sch-S
lock_acquired,2026-09-23 11:27:36.346,82,,,,OBJECT,IX
lock_acquired,2026-09-23 11:27:36.346,69,,,,PAGE,IX
lock_acquired,2026-09-23 11:27:36.346,78,,,,OBJECT,IX
lock_acquired,2026-09-23 11:27:36.346,78,,,,KEY,X
lock_acquired,2026-09-23 11:27:36.346,76,,,,OBJECT,IS
lock_acquired,2026-09-23 11:27:36.346,75,,,,OBJECT,IX
lock_acquired,2026-09-23 11:27:36.346,72,,,,PAGE,S
lock_acquired,2026-09-23 11:27:36.346,83,,,,OBJECT,IS
lock_acquired,2026-09-23 11:27:36.346,73,,,,OBJECT,IS
lock_acquired,2026-09-23 11:27:36.346,73,,,,PAGE,S
lock_acquired,2026-09-23 11:27:36.346,83,,,,METADATA,Sch-S
lock_acquired,2026-09-23 11:27:36.346,67,,,,PAGE,S
lock_acquired,2026-09-23 11:27:36.346,78,,,,PAGE,IX
lock_acquired,2026-09-23 11:27:36.346,72,,,,OBJECT,IS
lock_acquired,2026-09-23 11:27:36.346,77,,,,OBJECT,Sch-S
lock_acquired,2026-09-23 11:27:36.346,67,,,,OBJECT,IS
lock_acquired,2026-09-23 11:27:36.346,68,,,,OBJECT,Sch-S
lock_acquired,2026-09-23 11:27:36.346,82,,,,PAGE,S
lock_acquired,2026-09-23 11:27:36.346,75,,,,PAGE,IX
lock_acquired,2026-09-23 11:27:36.346,79,,,,KEY,U
lock_acquired,2026-09-23 11:27:36.346,82,,,,OBJECT,IS
lock_acquired,2026-09-23 11:27:36.346,77,,,,METADATA,Sch-S
lock_acquired,2026-09-23 11:27:36.346,68,,,,METADATA,Sch-S
lock_acquired,2026-09-23 11:27:36.346,80,,,,OBJECT,IS
lock_released,2026-09-23 11:27:36.346,74,,,,PAGE,S
lock_released,2026-09-23 11:27:36.346,67,,,,PAGE,IX
lock_released,2026-09-23 11:27:36.346,70,,,,KEY,X
lock_released,2026-09-23 11:27:36.346,84,,,,METADATA,Sch-S
lock_released,2026-09-23 11:27:36.346,74,,,,OBJECT,IS
lock_released,2026-09-23 11:27:36.346,78,,,,PAGE,IS
lock_released,2026-09-23 11:27:36.346,81,,,,PAGE,IX
lock_released,2026-09-23 11:27:36.346,72,,,,PAGE,IU
lock_released,2026-09-23 11:27:36.346,68,,,,KEY,X
lock_released,2026-09-23 11:27:36.346,82,,,,OBJECT,Sch-S
lock_released,2026-09-23 11:27:36.346,75,,,,KEY,X
lock_released,2026-09-23 11:27:36.346,72,,,,KEY,U
lock_released,2026-09-23 11:27:36.346,69,,,,OBJECT,IS
lock_released,2026-09-23 11:27:36.346,69,,,,PAGE,S
lock_released,2026-09-23 11:27:36.346,78,,,,OBJECT,Sch-S
lock_released,2026-09-23 11:27:36.346,84,,,,OBJECT,Sch-S
lock_released,2026-09-23 11:27:36.346,83,,,,OBJECT,IX
lock_released,2026-09-23 11:27:36.346,84,,,,KEY,S
lock_released,2026-09-23 11:27:36.346,78,,,,OBJECT,IS
lock_released,2026-09-23 11:27:36.346,81,,,,OBJECT,IX
login,2026-09-23 11:27:41.468,52,795ec2146175\Administrator,Microsoft SQL Server,SteelNort,,
lock_acquired,2026-09-23 11:27:41.468,75,,,,KEY,U
lock_acquired,2026-09-23 11:27:41.468,75,,,,KEY,X
lock_acquired,2026-09-23 11:27:41.468,84,,,,OBJECT,IX
lock_acquired,2026-09-23 11:27:41.468,75,,,,PAGE,IU
lock_acquired,2026-09-23 11:27:41.468,76,,,,PAGE,IX
lock_acquired,2026-09-23 11:27:41.468,80,,,,PAGE,S
lock_acquired,2026-09-23 11:27:41.468,69,,,,OBJECT,IS
lock_acquired,2026-09-23 11:27:41.468,68,,,,PAGE,S
lock_acquired,2026-09-23 11:27:41.468,76,,,,KEY,X
lock_acquired,2026-09-23 11:27:41.468,71,,,,PAGE,IX
lock_acquired,2026-09-23 11:27:41.468,83,,,,OBJECT,IX
lock_acquired,2026-09-23 11:27:41.468,77,,,,OBJECT,IS
lock_acquired,2026-09-23 11:27:41.468,77,,,,PAGE,S
lock_acquired,2026-09-23 11:27:41.468,77,,,,OBJECT,IX
lock_acquired,2026-09-23 11:27:41.468,81,,,,OBJECT,IX
lock_acquired,2026-09-23 11:27:41.468,68,,,,OBJECT,IS
lock_acquired,2026-09-23 11:27:41.468,71,,,,KEY,X
lock_acquired,2026-09-23 11:27:41.468,68,,,,OBJECT,IX
lock_released,2026-09-23 11:27:41.468,79,,,,KEY,X
lock_released,2026-09-23 11:27:41.468,69,,,,KEY,X
lock_released,2026-09-23 11:27:41.468,83,,,,OBJECT,Sch-S
lock_released,2026-09-23 11:27:41.468,69,,,,PAGE,IX
lock_released,2026-09-23 11:27:41.468,78,,,,OBJECT,IX
lock_released,2026-09-23 11:27:41.468,79,,,,PAGE,IX
lock_released,2026-09-23 11:27:41.468,71,,,,OBJECT,IS
lock_released,2026-09-23 11:27:41.468,78,,,,KEY,X
lock_released,2026-09-23 11:27:41.468,76,,,,OBJECT,IS
lock_released,2026-09-23 11:27:41.468,72,,,,PAGE,S
lock_released,2026-09-23 11:27:41.468,83,,,,OBJECT,IS
lock_released,2026-09-23 11:27:41.468,83,,,,METADATA,Sch-S
lock_released,2026-09-23 11:27:41.468,67,,,,PAGE,S
lock_released,2026-09-23 11:27:41.468,78,,,,PAGE,IX
lock_released,2026-09-23 11:27:41.468,72,,,,OBJECT,IS
lock_released,2026-09-23 11:27:41.468,77,,,,OBJECT,Sch-S
lock_released,2026-09-23 11:27:41.468,68,,,,OBJECT,Sch-S
lock_released,2026-09-23 11:27:41.468,82,,,,PAGE,S
lock_released,2026-09-23 11:27:41.468,72,,,,OBJECT,IX
lock_released,2026-09-23 11:27:41.468,79,,,,KEY,U
lock_released,2026-09-23 11:27:41.468,82,,,,OBJECT,IS
lock_released,2026-09-23 11:27:41.468,77,,,,METADATA,Sch-S
lock_released,2026-09-23 11:27:41.468,68,,,,METADATA,Sch-S
logout,2026-09-23 11:27:46.561,64,,,,,
logout,2026-09-23 11:27:46.561,65,,,,,
logout,2026-09-23 11:27:46.561,52,,,,,
lock_acquired,2026-09-23 11:27:46.561,72,,,,KEY,X
lock_acquired,2026-09-23 11:27:46.561,74,,,,PAGE,S
lock_acquired,2026-09-23 11:27:46.561,77,,,,PAGE,IX
lock_acquired,2026-09-23 11:27:46.561,82,,,,OBJECT,IS
lock_acquired,2026-09-23 11:27:46.561,76,,,,OBJECT,IS
lock_acquired,2026-09-23 11:27:46.561,67,,,,PAGE,IX
lock_acquired,2026-09-23 11:27:46.561,70,,,,OBJECT,IX
lock_acquired,2026-09-23 11:27:46.561,70,,,,OBJECT,IS
lock_acquired,2026-09-23 11:27:46.561,74,,,,OBJECT,IS
lock_acquired,2026-09-23 11:27:46.561,70,,,,PAGE,S
lock_acquired,2026-09-23 11:27:46.561,82,,,,PAGE,S
lock_acquired,2026-09-23 11:27:46.561,84,,,,PAGE,IX
lock_acquired,2026-09-23 11:27:46.561,76,,,,PAGE,S
lock_acquired,2026-09-23 11:27:46.561,71,,,,OBJECT,Sch-S
lock_acquired,2026-09-23 11:27:46.561,72,,,,PAGE,IX
lock_acquired,2026-09-23 11:27:46.561,81,,,,OBJECT,IS
lock_released,2026-09-23 11:27:46.561,71,,,,OBJECT,IX
lock_released,2026-09-23 11:27:46.561,75,,,,KEY,U
lock_released,2026-09-23 11:27:46.561,75,,,,KEY,X
lock_released,2026-09-23 11:27:46.561,76,,,,PAGE,IX
lock_released,2026-09-23 11:27:46.561,69,,,,OBJECT,IX
lock_released,2026-09-23 11:27:46.561,67,,,,OBJECT,IS
lock_released,2026-09-23 11:27:46.561,69,,,,OBJECT,IS
lock_released,2026-09-23 11:27:46.561,79,,,,OBJECT,IX
lock_released,2026-09-23 11:27:46.561,68,,,,PAGE,S
lock_released,2026-09-23 11:27:46.561,76,,,,KEY,X
lock_released,2026-09-23 11:27:46.561,71,,,,PAGE,IX
lock_released,2026-09-23 11:27:46.561,73,,,,OBJECT,IS
lock_released,2026-09-23 11:27:46.561,83,,,,OBJECT,IX
lock_released,2026-09-23 11:27:46.561,73,,,,PAGE,S
lock_released,2026-09-23 11:27:46.561,77,,,,OBJECT,IS
lock_released,2026-09-23 11:27:46.561,77,,,,PAGE,S
lock_released,2026-09-23 11:27:46.561,71,,,,KEY,X
lock_acquired,2026-09-23 11:27:51.628,71,,,,OBJECT,IX
lock_acquired,2026-09-23 11:27:51.628,73,,,,PAGE,IX
lock_acquired,2026-09-23 11:27:51.628,71,,,,PAGE,S
lock_acquired,2026-09-23 11:27:51.628,73,,,,KEY,X
lock_acquired,2026-09-23 11:27:51.628,81,,,,PAGE,S
lock_acquired,2026-09-23 11:27:51.628,78,,,,OBJECT,Sch-S
lock_acquired,2026-09-23 11:27:51.628,74,,,,PAGE,IS
lock_acquired,2026-09-23 11:27:51.628,69,,,,OBJECT,Sch-S
lock_acquired,2026-09-23 11:27:51.628,68,,,,KEY,X
lock_acquired,2026-09-23 11:27:51.628,83,,,,OBJECT,IX
lock_acquired,2026-09-23 11:27:51.628,77,,,,OBJECT,IS
lock_acquired,2026-09-23 11:27:51.628,77,,,,PAGE,S
lock_acquired,2026-09-23 11:27:51.628,74,,,,METADATA,X
lock_acquired,2026-09-23 11:27:51.628,71,,,,OBJECT,IS
lock_acquired,2026-09-23 11:27:51.628,78,,,,METADATA,Sch-S
lock_released,2026-09-23 11:27:51.628,75,,,,PAGE,IU
lock_released,2026-09-23 11:27:51.628,74,,,,PAGE,S
lock_released,2026-09-23 11:27:51.628,67,,,,PAGE,IX
lock_released,2026-09-23 11:27:51.628,76,,,,PAGE,S
lock_released,2026-09-23 11:27:51.628,68,,,,OBJECT,IX
lock_released,2026-09-23 11:27:51.628,84,,,,OBJECT,IX
lock_released,2026-09-23 11:27:51.628,76,,,,OBJECT,IS
lock_released,2026-09-23 11:27:51.628,74,,,,OBJECT,IX
lock_released,2026-09-23 11:27:51.628,80,,,,PAGE,S
lock_released,2026-09-23 11:27:51.628,76,,,,OBJECT,IX
lock_released,2026-09-23 11:27:51.628,77,,,,PAGE,IX
lock_released,2026-09-23 11:27:51.628,70,,,,OBJECT,IS
lock_released,2026-09-23 11:27:51.628,84,,,,PAGE,IX
lock_released,2026-09-23 11:27:51.628,70,,,,PAGE,S
lock_released,2026-09-23 11:27:51.628,82,,,,PAGE,S
lock_released,2026-09-23 11:27:51.628,75,,,,PAGE,IX
lock_released,2026-09-23 11:27:51.628,72,,,,KEY,X
lock_released,2026-09-23 11:27:51.628,67,,,,OBJECT,IX
lock_released,2026-09-23 11:27:51.628,71,,,,OBJECT,Sch-S
lock_released,2026-09-23 11:27:51.628,68,,,,OBJECT,IS
lock_released,2026-09-23 11:27:51.628,72,,,,PAGE,IX
login,2026-09-23 11:27:56.690,52,795ec2146175\Administrator,Microsoft SQL Server,SteelNort,,
lock_acquired,2026-09-23 11:27:56.690,83,,,,PAGE,IX
lock_acquired,2026-09-23 11:27:56.690,67,,,,PAGE,IX
lock_acquired,2026-09-23 11:27:56.690,71,,,,PAGE,IU
lock_acquired,2026-09-23 11:27:56.690,78,,,,OBJECT,IX
lock_acquired,2026-09-23 11:27:56.690,73,,,,OBJECT,IS
lock_acquired,2026-09-23 11:27:56.690,82,,,,OBJECT,Sch-S
lock_acquired,2026-09-23 11:27:56.690,74,,,,OBJECT,IX
lock_acquired,2026-09-23 11:27:56.690,74,,,,KEY,X
lock_acquired,2026-09-23 11:27:56.690,80,,,,PAGE,S
lock_acquired,2026-09-23 11:27:56.690,77,,,,OBJECT,Sch-S
lock_acquired,2026-09-23 11:27:56.690,76,,,,OBJECT,IX
lock_acquired,2026-09-23 11:27:56.690,69,,,,OBJECT,IS
lock_acquired,2026-09-23 11:27:56.690,69,,,,PAGE,S
lock_acquired,2026-09-23 11:27:56.690,74,,,,PAGE,IX
lock_acquired,2026-09-23 11:27:56.690,70,,,,OBJECT,IS
lock_acquired,2026-09-23 11:27:56.690,71,,,,KEY,X
lock_acquired,2026-09-23 11:27:56.690,72,,,,OBJECT,IX
lock_acquired,2026-09-23 11:27:56.690,73,,,,PAGE,IS
lock_acquired,2026-09-23 11:27:56.690,69,,,,OBJECT,IX
lock_acquired,2026-09-23 11:27:56.690,78,,,,PAGE,S
lock_acquired,2026-09-23 11:27:56.690,67,,,,OBJECT,IX
lock_acquired,2026-09-23 11:27:56.690,71,,,,PAGE,IX
lock_acquired,2026-09-23 11:27:56.690,67,,,,KEY,X
lock_acquired,2026-09-23 11:27:56.690,77,,,,METADATA,Sch-S
lock_acquired,2026-09-23 11:27:56.690,78,,,,OBJECT,IS
lock_acquired,2026-09-23 11:27:56.690,72,,,,PAGE,IX
lock_released,2026-09-23 11:27:56.690,73,,,,PAGE,IX
lock_released,2026-09-23 11:27:56.690,82,,,,OBJECT,IX
lock_released,2026-09-23 11:27:56.690,74,,,,OBJECT,IS
lock_released,2026-09-23 11:27:56.690,77,,,,OBJECT,IX
lock_released,2026-09-23 11:27:56.690,71,,,,OBJECT,IS
lock_released,2026-09-23 11:27:56.690,69,,,,OBJECT,Sch-S
lock_released,2026-09-23 11:27:56.690,71,,,,PAGE,S
lock_released,2026-09-23 11:27:56.690,75,,,,OBJECT,IX
lock_released,2026-09-23 11:27:56.690,74,,,,PAGE,IS
lock_released,2026-09-23 11:27:56.690,68,,,,KEY,X
lock_released,2026-09-23 11:27:56.690,81,,,,PAGE,S
lock_released,2026-09-23 11:27:56.690,78,,,,OBJECT,Sch-S
lock_released,2026-09-23 11:27:56.690,73,,,,OBJECT,IX
lock_released,2026-09-23 11:27:56.690,74,,,,METADATA,X
lock_released,2026-09-23 11:27:56.690,82,,,,OBJECT,IS
lock_released,2026-09-23 11:27:56.690,73,,,,KEY,X
lock_released,2026-09-23 11:27:56.690,77,,,,OBJECT,IS
lock_released,2026-09-23 11:27:56.690,77,,,,PAGE,S
lock_released,2026-09-23 11:27:56.690,78,,,,METADATA,Sch-S
logout,2026-09-23 11:28:01.794,52,,,,,
lock_acquired,2026-09-23 11:28:01.794,75,,,,KEY,X
lock_acquired,2026-09-23 11:28:01.794,82,,,,OBJECT,IS
lock_acquired,2026-09-23 11:28:01.794,82,,,,OBJECT,IX
lock_acquired,2026-09-23 11:28:01.794,67,,,,OBJECT,IS
lock_acquired,2026-09-23 11:28:01.794,75,,,,OBJECT,IX
lock_acquired,2026-09-23 11:28:01.794,68,,,,OBJECT,Sch-S
lock_acquired,2026-09-23 11:28:01.794,77,,,,OBJECT,IS
lock_acquired,2026-09-23 11:28:01.794,73,,,,PAGE,S
lock_acquired,2026-09-23 11:28:01.794,74,,,,OBJECT,IS
lock_acquired,2026-09-23 11:28:01.794,77,,,,OBJECT,IX
lock_acquired,2026-09-23 11:28:01.794,73,,,,OBJECT,IX
lock_acquired,2026-09-23 11:28:01.794,82,,,,PAGE,S
lock_acquired,2026-09-23 11:28:01.794,77,,,,PAGE,S
lock_acquired,2026-09-23 11:28:01.794,68,,,,METADATA,Sch-S
lock_acquired,2026-09-23 11:28:01.794,75,,,,PAGE,IX
lock_released,2026-09-23 11:28:01.794,83,,,,PAGE,IX
lock_released,2026-09-23 11:28:01.794,67,,,,PAGE,IX
lock_released,2026-09-23 11:28:01.794,71,,,,PAGE,IU
lock_released,2026-09-23 11:28:01.794,78,,,,OBJECT,IX
lock_released,2026-09-23 11:28:01.794,82,,,,OBJECT,Sch-S
lock_released,2026-09-23 11:28:01.794,74,,,,KEY,X
lock_released,2026-09-23 11:28:01.794,71,,,,OBJECT,IX
lock_released,2026-09-23 11:28:01.794,80,,,,PAGE,S
lock_released,2026-09-23 11:28:01.794,77,,,,OBJECT,Sch-S
lock_released,2026-09-23 11:28:01.794,74,,,,PAGE,IX
lock_released,2026-09-23 11:28:01.794,70,,,,OBJECT,IS
lock_released,2026-09-23 11:28:01.794,71,,,,KEY,X
lock_released,2026-09-23 11:28:01.794,81,,,,OBJECT,IS
lock_released,2026-09-23 11:28:01.794,72,,,,OBJECT,IX
lock_released,2026-09-23 11:28:01.794,73,,,,PAGE,IS
lock_released,2026-09-23 11:28:01.794,78,,,,PAGE,S
lock_released,2026-09-23 11:28:01.794,71,,,,PAGE,IX
lock_released,2026-09-23 11:28:01.794,67,,,,KEY,X
lock_released,2026-09-23 11:28:01.794,77,,,,METADATA,Sch-S
lock_released,2026-09-23 11:28:01.794,70,,,,OBJECT,IX
lock_released,2026-09-23 11:28:01.794,78,,,,OBJECT,IS
lock_released,2026-09-23 11:28:01.794,72,,,,PAGE,IX
lock_acquired,2026-09-23 11:28:06.877,72,,,,OBJECT,IX
lock_acquired,2026-09-23 11:28:06.877,71,,,,OBJECT,IX
lock_acquired,2026-09-23 11:28:06.877,84,,,,OBJECT,IX
lock_acquired,2026-09-23 11:28:06.877,77,,,,PAGE,IX
lock_acquired,2026-09-23 11:28:06.877,71,,,,PAGE,S
lock_acquired,2026-09-23 11:28:06.877,72,,,,PAGE,IX
lock_acquired,2026-09-23 11:28:06.877,67,,,,METADATA,Sch-S
lock_acquired,2026-09-23 11:28:06.877,75,,,,OBJECT,IS
lock_acquired,2026-09-23 11:28:06.877,77,,,,KEY,U
lock_acquired,2026-09-23 11:28:06.877,79,,,,OBJECT,IS
lock_acquired,2026-09-23 11:28:06.877,79,,,,PAGE,S
lock_acquired,2026-09-23 11:28:06.877,79,,,,OBJECT,IX
lock_acquired,2026-09-23 11:28:06.877,78,,,,OBJECT,IS
lock_acquired,2026-09-23 11:28:06.877,67,,,,OBJECT,Sch-S
lock_acquired,2026-09-23 11:28:06.877,78,,,,OBJECT,IX
lock_acquired,2026-09-23 11:28:06.877,71,,,,OBJECT,IS
lock_released,2026-09-23 11:28:06.877,75,,,,KEY,X
lock_released,2026-09-23 11:28:06.877,76,,,,OBJECT,IX
lock_released,2026-09-23 11:28:06.877,82,,,,OBJECT,IS
lock_released,2026-09-23 11:28:06.877,67,,,,OBJECT,IS
lock_released,2026-09-23 11:28:06.877,67,,,,OBJECT,IX
lock_released,2026-09-23 11:28:06.877,69,,,,PAGE,S
lock_released,2026-09-23 11:28:06.877,77,,,,OBJECT,IS
lock_released,2026-09-23 11:28:06.877,73,,,,PAGE,S
lock_released,2026-09-23 11:28:06.877,77,,,,PAGE,S
lock_released,2026-09-23 11:28:06.877,82,,,,PAGE,S
lock_released,2026-09-23 11:28:06.877,80,,,,OBJECT,IS
lock_released,2026-09-23 11:28:06.877,75,,,,PAGE,IX
lock_acquired,2026-09-23 11:28:11.961,67,,,,PAGE,IX
lock_acquired,2026-09-23 11:28:11.961,81,,,,PAGE,IX
lock_acquired,2026-09-23 11:28:11.961,76,,,,PAGE,S
lock_acquired,2026-09-23 11:28:11.961,76,,,,OBJECT,IS
lock_acquired,2026-09-23 11:28:11.961,77,,,,KEY,X
lock_acquired,2026-09-23 11:28:11.961,72,,,,PAGE,S
lock_acquired,2026-09-23 11:28:11.961,71,,,,METADATA,Sch-S
lock_acquired,2026-09-23 11:28:11.961,72,,,,OBJECT,IS
lock_acquired,2026-09-23 11:28:11.961,76,,,,OBJECT,IX
lock_acquired,2026-09-23 11:28:11.961,70,,,,OBJECT,IX
lock_acquired,2026-09-23 11:28:11.961,70,,,,OBJECT,IS
lock_acquired,2026-09-23 11:28:11.961,70,,,,PAGE,S
lock_acquired,2026-09-23 11:28:11.961,82,,,,OBJECT,IS
lock_acquired,2026-09-23 11:28:11.961,67,,,,OBJECT,IX
lock_acquired,2026-09-23 11:28:11.961,67,,,,KEY,X
lock_acquired,2026-09-23 11:28:11.961,71,,,,OBJECT,Sch-S
lock_acquired,2026-09-23 11:28:11.961,81,,,,KEY,U
lock_acquired,2026-09-23 11:28:11.961,80,,,,OBJECT,IS
lock_acquired,2026-09-23 11:28:11.961,80,,,,PAGE,S
lock_released,2026-09-23 11:28:11.961,71,,,,OBJECT,IX
lock_released,2026-09-23 11:28:11.961,72,,,,PAGE,IX
lock_released,2026-09-23 11:28:11.961,71,,,,PAGE,S
lock_released,2026-09-23 11:28:11.961,67,,,,METADATA,Sch-S
lock_released,2026-09-23 11:28:11.961,75,,,,OBJECT,IS
lock_released,2026-09-23 11:28:11.961,77,,,,KEY,U
lock_released,2026-09-23 11:28:11.961,79,,,,OBJECT,IS
lock_released,2026-09-23 11:28:11.961,75,,,,OBJECT,IX
lock_released,2026-09-23 11:28:11.961,68,,,,OBJECT,Sch-S
lock_released,2026-09-23 11:28:11.961,79,,,,PAGE,S
lock_released,2026-09-23 11:28:11.961,73,,,,OBJECT,IS
lock_released,2026-09-23 11:28:11.961,83,,,,OBJECT,IX
lock_released,2026-09-23 11:28:11.961,74,,,,OBJECT,IS
lock_released,2026-09-23 11:28:11.961,74,,,,OBJECT,IX
lock_released,2026-09-23 11:28:11.961,68,,,,METADATA,Sch-S
lock_released,2026-09-23 11:28:11.961,78,,,,OBJECT,IS
lock_released,2026-09-23 11:28:11.961,67,,,,OBJECT,Sch-S
lock_released,2026-09-23 11:28:11.961,71,,,,OBJECT,IS
lock_acquired,2026-09-23 11:28:17.057,84,,,,OBJECT,IS
lock_acquired,2026-09-23 11:28:17.057,71,,,,OBJECT,IX
lock_acquired,2026-09-23 11:28:17.057,73,,,,OBJECT,Sch-S
lock_acquired,2026-09-23 11:28:17.057,70,,,,PAGE,IX
lock_acquired,2026-09-23 11:28:17.057,67,,,,OBJECT,IS
lock_acquired,2026-09-23 11:28:17.057,70,,,,KEY,X
lock_acquired,2026-09-23 11:28:17.057,80,,,,OBJECT,Sch-S
lock_acquired,2026-09-23 11:28:17.057,68,,,,OBJECT,Sch-S
lock_acquired,2026-09-23 11:28:17.057,83,,,,OBJECT,IS
lock_acquired,2026-09-23 11:28:17.057,69,,,,PAGE,S
lock_acquired,2026-09-23 11:28:17.057,83,,,,OBJECT,IX
lock_acquired,2026-09-23 11:28:17.057,74,,,,OBJECT,IX
lock_acquired,2026-09-23 11:28:17.057,68,,,,METADATA,Sch-S
lock_acquired,2026-09-23 11:28:17.057,71,,,,OBJECT,IS
lock_acquired,2026-09-23 11:28:17.057,81,,,,OBJECT,IS
lock_released,2026-09-23 11:28:17.057,81,,,,PAGE,IX
lock_released,2026-09-23 11:28:17.057,82,,,,OBJECT,IS
lock_released,2026-09-23 11:28:17.057,67,,,,PAGE,IX
lock_released,2026-09-23 11:28:17.057,72,,,,PAGE,S
lock_released,2026-09-23 11:28:17.057,81,,,,KEY,U
lock_released,2026-09-23 11:28:17.057,67,,,,KEY,X
lock_released,2026-09-23 11:28:17.057,70,,,,OBJECT,IS
lock_released,2026-09-23 11:28:17.057,71,,,,METADATA,Sch-S
lock_released,2026-09-23 11:28:17.057,73,,,,OBJECT,IX
lock_released,2026-09-23 11:28:17.057,70,,,,PAGE,S
lock_released,2026-09-23 11:28:17.057,71,,,,OBJECT,Sch-S
lock_released,2026-09-23 11:28:17.057,76,,,,PAGE,S
lock_released,2026-09-23 11:28:17.057,80,,,,OBJECT,IS
lock_released,2026-09-23 11:28:17.057,78,,,,OBJECT,IX
lock_released,2026-09-23 11:28:17.057,80,,,,PAGE,S
lock_released,2026-09-23 11:28:17.057,80,,,,OBJECT,IX
lock_acquired,2026-09-23 11:28:22.205,83,,,,PAGE,IS
lock_acquired,2026-09-23 11:28:22.205,74,,,,OBJECT,Sch-S
lock_acquired,2026-09-23 11:28:22.205,83,,,,OBJECT,Sch-S
lock_acquired,2026-09-23 11:28:22.205,83,,,,KEY,S
lock_acquired,2026-09-23 11:28:22.205,73,,,,KEY,X
lock_acquired,2026-09-23 11:28:22.205,73,,,,OBJECT,IX
lock_acquired,2026-09-23 11:28:22.205,81,,,,KEY,X
lock_acquired,2026-09-23 11:28:22.205,84,,,,KEY,X
lock_acquired,2026-09-23 11:28:22.205,68,,,,OBJECT,IS
lock_acquired,2026-09-23 11:28:22.205,78,,,,OBJECT,IX
lock_acquired,2026-09-23 11:28:22.205,79,,,,PAGE,IX
lock_acquired,2026-09-23 11:28:22.205,68,,,,OBJECT,IX
lock_released,2026-09-23 11:28:22.205,84,,,,OBJECT,IS
lock_released,2026-09-23 11:28:22.205,73,,,,OBJECT,Sch-S
lock_released,2026-09-23 11:28:22.205,82,,,,OBJECT,IX
lock_released,2026-09-23 11:28:22.205,77,,,,OBJECT,IX
lock_released,2026-09-23 11:28:22.205,71,,,,OBJECT,IS
lock_released,2026-09-23 11:28:22.205,70,,,,PAGE,IX
lock_released,2026-09-23 11:28:22.205,77,,,,KEY,X
lock_released,2026-09-23 11:28:22.205,83,,,,OBJECT,IS
lock_released,2026-09-23 11:28:22.205,74,,,,OBJECT,IX
lock_released,2026-09-23 11:28:22.205,72,,,,OBJECT,IS
lock_released,2026-09-23 11:28:22.205,71,,,,OBJECT,IX
lock_released,2026-09-23 11:28:22.205,77,,,,PAGE,IX
lock_released,2026-09-23 11:28:22.205,67,,,,OBJECT,IS
lock_released,2026-09-23 11:28:22.205,68,,,,OBJECT,Sch-S
lock_released,2026-09-23 11:28:22.205,69,,,,PAGE,S
lock_released,2026-09-23 11:28:22.205,83,,,,OBJECT,IX
lock_released,2026-09-23 11:28:22.205,81,,,,OBJECT,IS
lock_released,2026-09-23 11:28:22.205,68,,,,METADATA,Sch-S
lock_released,2026-09-23 11:28:22.205,81,,,,OBJECT,IX
lock_acquired,2026-09-23 11:28:27.281,69,,,,KEY,X
lock_acquired,2026-09-23 11:28:27.281,84,,,,METADATA,Sch-S
lock_acquired,2026-09-23 11:28:27.281,69,,,,PAGE,IX
lock_acquired,2026-09-23 11:28:27.281,81,,,,PAGE,IX
lock_acquired,2026-09-23 11:28:27.281,70,,,,PAGE,IX
lock_acquired,2026-09-23 11:28:27.281,73,,,,OBJECT,IS
lock_acquired,2026-09-23 11:28:27.281,73,,,,PAGE,S
lock_acquired,2026-09-23 11:28:27.281,80,,,,KEY,X
lock_acquired,2026-09-23 11:28:27.281,71,,,,OBJECT,IX
lock_acquired,2026-09-23 11:28:27.281,81,,,,PAGE,IU
lock_acquired,2026-09-23 11:28:27.281,77,,,,OBJECT,Sch-S
lock_acquired,2026-09-23 11:28:27.281,79,,,,OBJECT,IS
lock_acquired,2026-09-23 11:28:27.281,84,,,,OBJECT,Sch-S
lock_acquired,2026-09-23 11:28:27.281,78,,,,OBJECT,Sch-S
lock_acquired,2026-09-23 11:28:27.281,83,,,,OBJECT,IX
lock_acquired,2026-09-23 11:28:27.281,71,,,,KEY,X
lock_acquired,2026-09-23 11:28:27.281,72,,,,KEY,X
lock_acquired,2026-09-23 11:28:27.281,71,,,,PAGE,IX
lock_acquired,2026-09-23 11:28:27.281,81,,,,OBJECT,IX
lock_acquired,2026-09-23 11:28:27.281,72,,,,PAGE,IX
lock_acquired,2026-09-23 11:28:27.281,78,,,,METADATA,Sch-S
lock_released,2026-09-23 11:28:27.281,83,,,,PAGE,IS
lock_released,2026-09-23 11:28:27.281,84,,,,OBJECT,IX
lock_released,2026-09-23 11:28:27.281,76,,,,OBJECT,IX
lock_released,2026-09-23 11:28:27.281,83,,,,OBJECT,Sch-S
lock_released,2026-09-23 11:28:27.281,83,,,,KEY,S
lock_released,2026-09-23 11:28:27.281,76,,,,OBJECT,IS
lock_released,2026-09-23 11:28:27.281,73,,,,KEY,X
lock_released,2026-09-23 11:28:27.281,80,,,,OBJECT,Sch-S
lock_released,2026-09-23 11:28:27.281,69,,,,OBJECT,IS
lock_released,2026-09-23 11:28:27.281,67,,,,OBJECT,IX
lock_released,2026-09-23 11:28:27.281,81,,,,KEY,X
lock_released,2026-09-23 11:28:27.281,84,,,,KEY,X
lock_released,2026-09-23 11:28:27.281,78,,,,OBJECT,IX
lock_released,2026-09-23 11:28:27.281,79,,,,PAGE,IX
lock_acquired,2026-09-23 11:28:32.386,73,,,,PAGE,IX
lock_acquired,2026-09-23 11:28:32.386,75,,,,OBJECT,IS
lock_acquired,2026-09-23 11:28:32.386,74,,,,METADATA,Sch-S
lock_acquired,2026-09-23 11:28:32.386,79,,,,OBJECT,Sch-S
lock_acquired,2026-09-23 11:28:32.386,78,,,,OBJECT,IX
lock_acquired,2026-09-23 11:28:32.386,69,,,,OBJECT,Sch-S
lock_acquired,2026-09-23 11:28:32.386,71,,,,OBJECT,IS
lock_acquired,2026-09-23 11:28:32.386,71,,,,PAGE,S
lock_acquired,2026-09-23 11:28:32.386,76,,,,METADATA,Sch-S
lock_acquired,2026-09-23 11:28:32.386,72,,,,PAGE,S
lock_acquired,2026-09-23 11:28:32.386,82,,,,OBJECT,Sch-S
lock_acquired,2026-09-23 11:28:32.386,83,,,,PAGE,S
lock_acquired,2026-09-23 11:28:32.386,72,,,,OBJECT,IS
lock_acquired,2026-09-23 11:28:32.386,77,,,,PAGE,IX
lock_acquired,2026-09-23 11:28:32.386,79,,,,METADATA,Sch-S
lock_acquired,2026-09-23 11:28:32.386,76,,,,OBJECT,Sch-S
lock_acquired,2026-09-23 11:28:32.386,82,,,,METADATA,Sch-S
lock_acquired,2026-09-23 11:28:32.386,78,,,,PAGE,S
lock_acquired,2026-09-23 11:28:32.386,78,,,,OBJECT,IS
lock_released,2026-09-23 11:28:32.386,69,,,,KEY,X
lock_released,2026-09-23 11:28:32.386,70,,,,KEY,X
lock_released,2026-09-23 11:28:32.386,84,,,,METADATA,Sch-S
lock_released,2026-09-23 11:28:32.386,69,,,,PAGE,IX
lock_released,2026-09-23 11:28:32.386,81,,,,PAGE,IX
lock_released,2026-09-23 11:28:32.386,68,,,,OBJECT,IX
lock_released,2026-09-23 11:28:32.386,73,,,,OBJECT,IS
lock_released,2026-09-23 11:28:32.386,73,,,,PAGE,S
lock_released,2026-09-23 11:28:32.386,80,,,,KEY,X
lock_released,2026-09-23 11:28:32.386,81,,,,PAGE,IU
lock_released,2026-09-23 11:28:32.386,77,,,,OBJECT,Sch-S
lock_released,2026-09-23 11:28:32.386,79,,,,OBJECT,IS
lock_released,2026-09-23 11:28:32.386,84,,,,OBJECT,Sch-S
lock_released,2026-09-23 11:28:32.386,78,,,,OBJECT,Sch-S
lock_released,2026-09-23 11:28:32.386,83,,,,OBJECT,IX
lock_released,2026-09-23 11:28:32.386,71,,,,KEY,X
lock_released,2026-09-23 11:28:32.386,72,,,,KEY,X
lock_released,2026-09-23 11:28:32.386,69,,,,OBJECT,IX
lock_released,2026-09-23 11:28:32.386,79,,,,OBJECT,IX
lock_released,2026-09-23 11:28:32.386,71,,,,PAGE,IX
lock_released,2026-09-23 11:28:32.386,68,,,,OBJECT,IS
lock_released,2026-09-23 11:28:32.386,72,,,,PAGE,IX
lock_released,2026-09-23 11:28:32.386,78,,,,METADATA,Sch-S
lock_acquired,2026-09-23 11:28:37.477,84,,,,OBJECT,IS
lock_acquired,2026-09-23 11:28:37.477,84,,,,PAGE,S
lock_acquired,2026-09-23 11:28:37.477,73,,,,OBJECT,Sch-S
lock_acquired,2026-09-23 11:28:37.477,70,,,,KEY,X
lock_acquired,2026-09-23 11:28:37.477,72,,,,OBJECT,Sch-S
lock_acquired,2026-09-23 11:28:37.477,77,,,,OBJECT,IX
lock_acquired,2026-09-23 11:28:37.477,76,,,,PAGE,S
lock_acquired,2026-09-23 11:28:37.477,68,,,,OBJECT,IX
lock_acquired,2026-09-23 11:28:37.477,84,,,,OBJECT,IX
lock_acquired,2026-09-23 11:28:37.477,76,,,,OBJECT,IS
lock_acquired,2026-09-23 11:28:37.477,83,,,,OBJECT,IS
lock_acquired,2026-09-23 11:28:37.477,78,,,,PAGE,IX
lock_acquired,2026-09-23 11:28:37.477,76,,,,OBJECT,IX
lock_acquired,2026-09-23 11:28:37.477,79,,,,OBJECT,IS
lock_acquired,2026-09-23 11:28:37.477,83,,,,OBJECT,IX
lock_acquired,2026-09-23 11:28:37.477,75,,,,PAGE,IX
lock_acquired,2026-09-23 11:28:37.477,73,,,,PAGE,IS
lock_acquired,2026-09-23 11:28:37.477,79,,,,OBJECT,IX
lock_acquired,2026-09-23 11:28:37.477,67,,,,KEY,X
lock_acquired,2026-09-23 11:28:37.477,77,,,,OBJECT,IS
lock_acquired,2026-09-23 11:28:37.477,68,,,,OBJECT,IS
lock_acquired,2026-09-23 11:28:37.477,68,,,,PAGE,S
lock_released,2026-09-23 11:28:37.477,78,,,,OBJECT,IS
lock_released,2026-09-23 11:28:37.477,73,,,,PAGE,IX
lock_released,2026-09-23 11:28:37.477,75,,,,OBJECT,IS
lock_released,2026-09-23 11:28:37.477,74,,,,METADATA,Sch-S
lock_released,2026-09-23 11:28:37.477,79,,,,OBJECT,Sch-S
lock_released,2026-09-23 11:28:37.477,78,,,,OBJECT,IX
lock_released,2026-09-23 11:28:37.477,71,,,,OBJECT,IS
lock_released,2026-09-23 11:28:37.477,71,,,,PAGE,S
lock_released,2026-09-23 11:28:37.477,76,,,,METADATA,Sch-S
lock_released,2026-09-23 11:28:37.477,72,,,,PAGE,S
lock_released,2026-09-23 11:28:37.477,72,,,,OBJECT,IS
lock_released,2026-09-23 11:28:37.477,71,,,,OBJECT,IX
lock_released,2026-09-23 11:28:37.477,77,,,,PAGE,IX
lock_released,2026-09-23 11:28:37.477,79,,,,METADATA,Sch-S
lock_released,2026-09-23 11:28:37.477,73,,,,OBJECT,IX
lock_released,2026-09-23 11:28:37.477,72,,,,OBJECT,IX
lock_released,2026-09-23 11:28:37.477,82,,,,METADATA,Sch-S
lock_released,2026-09-23 11:28:37.477,74,,,,OBJECT,Sch-S
lock_released,2026-09-23 11:28:37.477,78,,,,PAGE,S
lock_released,2026-09-23 11:28:37.477,76,,,,OBJECT,Sch-S
lock_acquired,2026-09-23 11:28:42.585,80,,,,OBJECT,IX
lock_acquired,2026-09-23 11:28:42.585,78,,,,KEY,X
lock_acquired,2026-09-23 11:28:42.585,81,,,,OBJECT,Sch-S
lock_acquired,2026-09-23 11:28:42.585,80,,,,KEY,X
lock_acquired,2026-09-23 11:28:42.585,74,,,,OBJECT,IX
lock_acquired,2026-09-23 11:28:42.585,67,,,,PAGE,S
lock_acquired,2026-09-23 11:28:42.585,74,,,,KEY,X
lock_acquired,2026-09-23 11:28:42.585,71,,,,OBJECT,IX
lock_acquired,2026-09-23 11:28:42.585,77,,,,OBJECT,Sch-S
lock_acquired,2026-09-23 11:28:42.585,67,,,,OBJECT,IS
lock_acquired,2026-09-23 11:28:42.585,80,,,,PAGE,IX
lock_acquired,2026-09-23 11:28:42.585,74,,,,PAGE,IX
lock_acquired,2026-09-23 11:28:42.585,81,,,,METADATA,Sch-S
lock_acquired,2026-09-23 11:28:42.585,69,,,,METADATA,Sch-S
lock_acquired,2026-09-23 11:28:42.585,71,,,,KEY,X
lock_acquired,2026-09-23 11:28:42.585,72,,,,OBJECT,IX
lock_acquired,2026-09-23 11:28:42.585,72,,,,KEY,X
lock_acquired,2026-09-23 11:28:42.585,67,,,,OBJECT,IX
lock_acquired,2026-09-23 11:28:42.585,71,,,,PAGE,IX
lock_acquired,2026-09-23 11:28:42.585,72,,,,PAGE,IX
lock_released,2026-09-23 11:28:42.585,84,,,,OBJECT,IS
lock_released,2026-09-23 11:28:42.585,84,,,,PAGE,S
lock_released,2026-09-23 11:28:42.585,73,,,,OBJECT,Sch-S
lock_released,2026-09-23 11:28:42.585,70,,,,KEY,X
lock_released,2026-09-23 11:28:42.585,72,,,,OBJECT,Sch-S
lock_released,2026-09-23 11:28:42.585,77,,,,OBJECT,IX
lock_released,2026-09-23 11:28:42.585,76,,,,PAGE,S
lock_released,2026-09-23 11:28:42.585,68,,,,OBJECT,IX
lock_released,2026-09-23 11:28:42.585,70,,,,PAGE,IX
lock_released,2026-09-23 11:28:42.585,76,,,,OBJECT,IS
lock_released,2026-09-23 11:28:42.585,83,,,,OBJECT,IS
lock_released,2026-09-23 11:28:42.585,82,,,,OBJECT,Sch-S
lock_released,2026-09-23 11:28:42.585,83,,,,PAGE,S
lock_released,2026-09-23 11:28:42.585,78,,,,PAGE,IX
lock_released,2026-09-23 11:28:42.585,76,,,,OBJECT,IX
lock_released,2026-09-23 11:28:42.585,79,,,,OBJECT,IS
lock_released,2026-09-23 11:28:42.585,83,,,,OBJECT,IX
lock_released,2026-09-23 11:28:42.585,75,,,,PAGE,IX
lock_released,2026-09-23 11:28:42.585,73,,,,PAGE,IS
lock_released,2026-09-23 11:28:42.585,79,,,,OBJECT,IX
lock_released,2026-09-23 11:28:42.585,67,,,,KEY,X
lock_released,2026-09-23 11:28:42.585,77,,,,OBJECT,IS
lock_released,2026-09-23 11:28:42.585,70,,,,OBJECT,IX
lock_released,2026-09-23 11:28:42.585,81,,,,OBJECT,IX
lock_released,2026-09-23 11:28:42.585,68,,,,OBJECT,IS
lock_released,2026-09-23 11:28:42.585,68,,,,PAGE,S
lock_acquired,2026-09-23 11:28:47.643,84,,,,OBJECT,IS
lock_acquired,2026-09-23 11:28:47.643,83,,,,PAGE,IX
lock_acquired,2026-09-23 11:28:47.643,74,,,,PAGE,S
lock_acquired,2026-09-23 11:28:47.643,73,,,,PAGE,IX
lock_acquired,2026-09-23 11:28:47.643,82,,,,OBJECT,IX
lock_acquired,2026-09-23 11:28:47.643,75,,,,OBJECT,IS
lock_acquired,2026-09-23 11:28:47.643,76,,,,PAGE,IU
lock_acquired,2026-09-23 11:28:47.643,75,,,,PAGE,S
lock_acquired,2026-09-23 11:28:47.643,74,,,,OBJECT,IS
lock_acquired,2026-09-23 11:28:47.643,77,,,,OBJECT,IX
lock_acquired,2026-09-23 11:28:47.643,81,,,,KEY,X
lock_acquired,2026-09-23 11:28:47.643,81,,,,PAGE,IX
lock_acquired,2026-09-23 11:28:47.643,67,,,,OBJECT,Sch-S
lock_acquired,2026-09-23 11:28:47.643,71,,,,OBJECT,IS
lock_acquired,2026-09-23 11:28:47.643,70,,,,OBJECT,Sch-S
lock_acquired,2026-09-23 11:28:47.643,76,,,,KEY,U
lock_acquired,2026-09-23 11:28:47.643,75,,,,OBJECT,IX
lock_acquired,2026-09-23 11:28:47.643,76,,,,OBJECT,IX
lock_acquired,2026-09-23 11:28:47.643,68,,,,OBJECT,Sch-S
lock_acquired,2026-09-23 11:28:47.643,69,,,,OBJECT,IS
lock_acquired,2026-09-23 11:28:47.643,83,,,,OBJECT,IX
lock_acquired,2026-09-23 11:28:47.643,73,,,,OBJECT,IX
lock_acquired,2026-09-23 11:28:47.643,82,,,,OBJECT,IS
lock_acquired,2026-09-23 11:28:47.643,69,,,,OBJECT,IX
lock_acquired,2026-09-23 11:28:47.643,73,,,,KEY,X
lock_acquired,2026-09-23 11:28:47.643,67,,,,KEY,X
lock_acquired,2026-09-23 11:28:47.643,68,,,,METADATA,Sch-S
lock_acquired,2026-09-23 11:28:47.643,81,,,,OBJECT,IX
lock_released,2026-09-23 11:28:47.643,69,,,,OBJECT,Sch-S
lock_released,2026-09-23 11:28:47.643,80,,,,OBJECT,IX
lock_released,2026-09-23 11:28:47.643,78,,,,KEY,X
lock_released,2026-09-23 11:28:47.643,81,,,,OBJECT,Sch-S
lock_released,2026-09-23 11:28:47.643,80,,,,KEY,X
lock_released,2026-09-23 11:28:47.643,67,,,,PAGE,S
lock_released,2026-09-23 11:28:47.643,74,,,,KEY,X
lock_released,2026-09-23 11:28:47.643,77,,,,OBJECT,Sch-S
lock_released,2026-09-23 11:28:47.643,67,,,,OBJECT,IS
lock_released,2026-09-23 11:28:47.643,80,,,,PAGE,IX
lock_released,2026-09-23 11:28:47.643,74,,,,PAGE,IX
lock_released,2026-09-23 11:28:47.643,81,,,,METADATA,Sch-S
lock_released,2026-09-23 11:28:47.643,71,,,,KEY,X
lock_released,2026-09-23 11:28:47.643,69,,,,METADATA,Sch-S
lock_released,2026-09-23 11:28:47.643,72,,,,OBJECT,IX
lock_released,2026-09-23 11:28:47.643,72,,,,KEY,X
lock_released,2026-09-23 11:28:47.643,67,,,,OBJECT,IX
lock_released,2026-09-23 11:28:47.643,71,,,,PAGE,IX
lock_released,2026-09-23 11:28:47.643,72,,,,PAGE,IX
lock_acquired,2026-09-23 11:28:52.760,72,,,,OBJECT,IX
lock_acquired,2026-09-23 11:28:52.760,82,,,,KEY,S
lock_acquired,2026-09-23 11:28:52.760,69,,,,KEY,X
lock_acquired,2026-09-23 11:28:52.760,83,,,,OBJECT,Sch-S
lock_acquired,2026-09-23 11:28:52.760,67,,,,OBJECT,IS
lock_acquired,2026-09-23 11:28:52.760,72,,,,PAGE,S
lock_acquired,2026-09-23 11:28:52.760,67,,,,OBJECT,IX
lock_acquired,2026-09-23 11:28:52.760,77,,,,OBJECT,IS
lock_acquired,2026-09-23 11:28:52.760,70,,,,OBJECT,IS
lock_acquired,2026-09-23 11:28:52.760,72,,,,OBJECT,IS
lock_acquired,2026-09-23 11:28:52.760,70,,,,OBJECT,IX
lock_acquired,2026-09-23 11:28:52.760,82,,,,OBJECT,Sch-S
lock_acquired,2026-09-23 11:28:52.760,69,,,,PAGE,IX
lock_acquired,2026-09-23 11:28:52.760,78,,,,OBJECT,IS
lock_acquired,2026-09-23 11:28:52.760,80,,,,OBJECT,IS
lock_acquired,2026-09-23 11:28:52.760,78,,,,OBJECT,IX
lock_acquired,2026-09-23 11:28:52.760,80,,,,OBJECT,IX
lock_released,2026-09-23 11:28:52.760,84,,,,OBJECT,IS
lock_released,2026-09-23 11:28:52.760,83,,,,PAGE,IX
lock_released,2026-09-23 11:28:52.760,74,,,,PAGE,S
lock_released,2026-09-23 11:28:52.760,73,,,,PAGE,IX
lock_released,2026-09-23 11:28:52.760,82,,,,OBJECT,IX
lock_released,2026-09-23 11:28:52.760,76,,,,PAGE,IU
lock_released,2026-09-23 11:28:52.760,75,,,,PAGE,S
lock_released,2026-09-23 11:28:52.760,74,,,,OBJECT,IS
lock_released,2026-09-23 11:28:52.760,81,,,,KEY,X
lock_released,2026-09-23 11:28:52.760,81,,,,PAGE,IX
lock_released,2026-09-23 11:28:52.760,67,,,,OBJECT,Sch-S
lock_released,2026-09-23 11:28:52.760,84,,,,OBJECT,IX
lock_released,2026-09-23 11:28:52.760,70,,,,OBJECT,Sch-S
lock_released,2026-09-23 11:28:52.760,76,,,,KEY,U
lock_released,2026-09-23 11:28:52.760,76,,,,OBJECT,IX
lock_released,2026-09-23 11:28:52.760,69,,,,OBJECT,IS
lock_released,2026-09-23 11:28:52.760,83,,,,OBJECT,IX
lock_released,2026-09-23 11:28:52.760,73,,,,OBJECT,IX
lock_released,2026-09-23 11:28:52.760,82,,,,OBJECT,IS
lock_released,2026-09-23 11:28:52.760,73,,,,KEY,X
lock_released,2026-09-23 11:28:52.760,67,,,,KEY,X
lock_released,2026-09-23 11:28:52.760,81,,,,OBJECT,IX
login,2026-09-23 11:28:57.793,52,795ec2146175\Administrator,Microsoft SQL Server,SteelNort,,
lock_acquired,2026-09-23 11:28:57.793,79,,,,KEY,X
lock_acquired,2026-09-23 11:28:57.793,82,,,,OBJECT,IX
lock_acquired,2026-09-23 11:28:57.793,76,,,,PAGE,IU
lock_acquired,2026-09-23 11:28:57.793,67,,,,PAGE,IX
lock_acquired,2026-09-23 11:28:57.793,79,,,,PAGE,IX
lock_acquired,2026-09-23 11:28:57.793,68,,,,OBJECT,IX
lock_acquired,2026-09-23 11:28:57.793,82,,,,PAGE,IX
lock_acquired,2026-09-23 11:28:57.793,84,,,,OBJECT,IX
lock_acquired,2026-09-23 11:28:57.793,70,,,,OBJECT,Sch-S
lock_acquired,2026-09-23 11:28:57.793,77,,,,KEY,X
lock_acquired,2026-09-23 11:28:57.793,83,,,,OBJECT,IS
lock_acquired,2026-09-23 11:28:57.793,84,,,,KEY,X
lock_acquired,2026-09-23 11:28:57.793,76,,,,OBJECT,IX
lock_acquired,2026-09-23 11:28:57.793,77,,,,PAGE,IX
lock_acquired,2026-09-23 11:28:57.793,69,,,,OBJECT,IS
lock_acquired,2026-09-23 11:28:57.793,70,,,,METADATA,Sch-S
lock_acquired,2026-09-23 11:28:57.793,83,,,,OBJECT,IX
lock_acquired,2026-09-23 11:28:57.793,84,,,,PAGE,IX
lock_acquired,2026-09-23 11:28:57.793,76,,,,PAGE,IX
lock_acquired,2026-09-23 11:28:57.793,72,,,,PAGE,IX
lock_acquired,2026-09-23 11:28:57.793,79,,,,OBJECT,IX
lock_acquired,2026-09-23 11:28:57.793,68,,,,PAGE,S
lock_acquired,2026-09-23 11:28:57.793,81,,,,OBJECT,IX
lock_acquired,2026-09-23 11:28:57.793,68,,,,OBJECT,IS
lock_acquired,2026-09-23 11:28:57.793,80,,,,PAGE,S
lock_released,2026-09-23 11:28:57.793,69,,,,KEY,X
lock_released,2026-09-23 11:28:57.793,83,,,,OBJECT,Sch-S
lock_released,2026-09-23 11:28:57.793,75,,,,OBJECT,IS
lock_released,2026-09-23 11:28:57.793,69,,,,PAGE,IX
lock_released,2026-09-23 11:28:57.793,71,,,,OBJECT,IS
lock_released,2026-09-23 11:28:57.793,80,,,,OBJECT,IX
lock_released,2026-09-23 11:28:57.793,72,,,,PAGE,S
lock_released,2026-09-23 11:28:57.793,75,,,,OBJECT,IX
lock_released,2026-09-23 11:28:57.793,82,,,,OBJECT,Sch-S
lock_released,2026-09-23 11:28:57.793,74,,,,OBJECT,IX
lock_released,2026-09-23 11:28:57.793,72,,,,OBJECT,IS
lock_released,2026-09-23 11:28:57.793,68,,,,METADATA,Sch-S
lock_released,2026-09-23 11:28:57.793,71,,,,OBJECT,IX
lock_released,2026-09-23 11:28:57.793,82,,,,KEY,S
lock_released,2026-09-23 11:28:57.793,67,,,,OBJECT,IS
lock_released,2026-09-23 11:28:57.793,68,,,,OBJECT,Sch-S
lock_released,2026-09-23 11:28:57.793,70,,,,OBJECT,IS
lock_released,2026-09-23 11:28:57.793,77,,,,OBJECT,IS
lock_released,2026-09-23 11:28:57.793,70,,,,OBJECT,IX
lock_released,2026-09-23 11:28:57.793,78,,,,OBJECT,IS
lock_released,2026-09-23 11:28:57.793,80,,,,OBJECT,IS
lock_acquired,2026-09-23 11:29:02.909,69,,,,KEY,X
lock_acquired,2026-09-23 11:29:02.909,80,,,,KEY,U
lock_acquired,2026-09-23 11:29:02.909,74,,,,OBJECT,IS
lock_acquired,2026-09-23 11:29:02.909,69,,,,PAGE,IX
lock_acquired,2026-09-23 11:29:02.909,71,,,,PAGE,IU
lock_acquired,2026-09-23 11:29:02.909,79,,,,OBJECT,Sch-S
lock_acquired,2026-09-23 11:29:02.909,80,,,,OBJECT,IX
lock_acquired,2026-09-23 11:29:02.909,76,,,,OBJECT,IS
lock_acquired,2026-09-23 11:29:02.909,71,,,,KEY,U
lock_acquired,2026-09-23 11:29:02.909,74,,,,OBJECT,IX
lock_acquired,2026-09-23 11:29:02.909,67,,,,PAGE,S
lock_acquired,2026-09-23 11:29:02.909,71,,,,OBJECT,IX
lock_acquired,2026-09-23 11:29:02.909,79,,,,METADATA,Sch-S
lock_acquired,2026-09-23 11:29:02.909,67,,,,OBJECT,IS
lock_acquired,2026-09-23 11:29:02.909,84,,,,OBJECT,Sch-S
lock_acquired,2026-09-23 11:29:02.909,70,,,,OBJECT,IX
lock_acquired,2026-09-23 11:29:02.909,70,,,,OBJECT,IS
lock_acquired,2026-09-23 11:29:02.909,73,,,,OBJECT,IX
lock_acquired,2026-09-23 11:29:02.909,70,,,,PAGE,S
lock_acquired,2026-09-23 11:29:02.909,75,,,,OBJECT,Sch-S
lock_acquired,2026-09-23 11:29:02.909,81,,,,OBJECT,IS
lock_acquired,2026-09-23 11:29:02.909,77,,,,OBJECT,IS
lock_acquired,2026-09-23 11:29:02.909,77,,,,PAGE,S
lock_acquired,2026-09-23 11:29:02.909,80,,,,PAGE,IU
lock_acquired,2026-09-23 11:29:02.909,78,,,,OBJECT,IS
lock_released,2026-09-23 11:29:02.909,79,,,,KEY,X
lock_released,2026-09-23 11:29:02.909,82,,,,OBJECT,IX
lock_released,2026-09-23 11:29:02.909,76,,,,PAGE,IU
lock_released,2026-09-23 11:29:02.909,67,,,,PAGE,IX
lock_released,2026-09-23 11:29:02.909,79,,,,PAGE,IX
lock_released,2026-09-23 11:29:02.909,82,,,,PAGE,IX
lock_released,2026-09-23 11:29:02.909,84,,,,OBJECT,IX
lock_released,2026-09-23 11:29:02.909,70,,,,OBJECT,Sch-S
lock_released,2026-09-23 11:29:02.909,77,,,,KEY,X
lock_released,2026-09-23 11:29:02.909,83,,,,OBJECT,IS
lock_released,2026-09-23 11:29:02.909,84,,,,KEY,X
lock_released,2026-09-23 11:29:02.909,77,,,,PAGE,IX
lock_released,2026-09-23 11:29:02.909,69,,,,OBJECT,IS
lock_released,2026-09-23 11:29:02.909,70,,,,METADATA,Sch-S
lock_released,2026-09-23 11:29:02.909,84,,,,PAGE,IX
lock_released,2026-09-23 11:29:02.909,72,,,,OBJECT,IX
lock_released,2026-09-23 11:29:02.909,76,,,,PAGE,IX
lock_released,2026-09-23 11:29:02.909,72,,,,PAGE,IX
lock_released,2026-09-23 11:29:02.909,79,,,,OBJECT,IX
lock_released,2026-09-23 11:29:02.909,68,,,,PAGE,S
lock_released,2026-09-23 11:29:02.909,80,,,,PAGE,S
logout,2026-09-23 11:29:08.042,52,,,,,
lock_acquired,2026-09-23 11:29:08.042,72,,,,OBJECT,IX
lock_acquired,2026-09-23 11:29:08.042,83,,,,PAGE,IX
lock_acquired,2026-09-23 11:29:08.042,84,,,,OBJECT,IX
lock_acquired,2026-09-23 11:29:08.042,71,,,,PAGE,S
lock_acquired,2026-09-23 11:29:08.042,70,,,,PAGE,IX
lock_acquired,2026-09-23 11:29:08.042,82,,,,OBJECT,IX
lock_acquired,2026-09-23 11:29:08.042,75,,,,OBJECT,IS
lock_acquired,2026-09-23 11:29:08.042,79,,,,OBJECT,IS
lock_acquired,2026-09-23 11:29:08.042,72,,,,PAGE,S
lock_acquired,2026-09-23 11:29:08.042,75,,,,OBJECT,IX
lock_acquired,2026-09-23 11:29:08.042,79,,,,PAGE,S
lock_acquired,2026-09-23 11:29:08.042,79,,,,OBJECT,IX
lock_acquired,2026-09-23 11:29:08.042,83,,,,KEY,X
lock_acquired,2026-09-23 11:29:08.042,73,,,,OBJECT,IS
lock_acquired,2026-09-23 11:29:08.042,84,,,,PAGE,IX
lock_acquired,2026-09-23 11:29:08.042,72,,,,OBJECT,IS
lock_acquired,2026-09-23 11:29:08.042,71,,,,OBJECT,IS
lock_released,2026-09-23 11:29:08.042,69,,,,KEY,X
lock_released,2026-09-23 11:29:08.042,80,,,,KEY,U
lock_released,2026-09-23 11:29:08.042,74,,,,OBJECT,IS
lock_released,2026-09-23 11:29:08.042,69,,,,PAGE,IX
lock_released,2026-09-23 11:29:08.042,71,,,,PAGE,IU
lock_released,2026-09-23 11:29:08.042,79,,,,OBJECT,Sch-S
lock_released,2026-09-23 11:29:08.042,78,,,,OBJECT,IX
lock_released,2026-09-23 11:29:08.042,71,,,,KEY,U
lock_released,2026-09-23 11:29:08.042,74,,,,OBJECT,IX
lock_released,2026-09-23 11:29:08.042,79,,,,METADATA,Sch-S
lock_released,2026-09-23 11:29:08.042,84,,,,OBJECT,Sch-S
lock_released,2026-09-23 11:29:08.042,70,,,,OBJECT,IS
lock_released,2026-09-23 11:29:08.042,70,,,,PAGE,S
lock_released,2026-09-23 11:29:08.042,75,,,,OBJECT,Sch-S
lock_released,2026-09-23 11:29:08.042,81,,,,OBJECT,IS
lock_released,2026-09-23 11:29:08.042,69,,,,OBJECT,IX
lock_released,2026-09-23 11:29:08.042,77,,,,PAGE,S
lock_released,2026-09-23 11:29:08.042,80,,,,PAGE,IU
lock_released,2026-09-23 11:29:08.042,78,,,,OBJECT,IS
lock_released,2026-09-23 11:29:08.042,81,,,,OBJECT,IX
login,2026-09-23 11:29:13.150,52,795ec2146175\Administrator,Microsoft SQL Server,SteelNort,,
lock_acquired,2026-09-23 11:29:13.150,69,,,,PAGE,IU
lock_acquired,2026-09-23 11:29:13.150,75,,,,KEY,X
lock_acquired,2026-09-23 11:29:13.150,82,,,,OBJECT,IS
lock_acquired,2026-09-23 11:29:13.150,69,,,,OBJECT,IX
lock_acquired,2026-09-23 11:29:13.150,68,,,,OBJECT,Sch-S
lock_acquired,2026-09-23 11:29:13.150,69,,,,OBJECT,IS
lock_acquired,2026-09-23 11:29:13.150,80,,,,PAGE,IX
lock_acquired,2026-09-23 11:29:13.150,69,,,,PAGE,IX
lock_acquired,2026-09-23 11:29:13.150,78,,,,OBJECT,Sch-S
lock_acquired,2026-09-23 11:29:13.150,80,,,,KEY,U
lock_acquired,2026-09-23 11:29:13.150,73,,,,PAGE,S
lock_acquired,2026-09-23 11:29:13.150,76,,,,PAGE,S
lock_acquired,2026-09-23 11:29:13.150,80,,,,KEY,X
lock_acquired,2026-09-23 11:29:13.150,74,,,,OBJECT,IX
lock_acquired,2026-09-23 11:29:13.150,81,,,,PAGE,IX
lock_acquired,2026-09-23 11:29:13.150,68,,,,METADATA,Sch-S
lock_acquired,2026-09-23 11:29:13.150,75,,,,PAGE,IX
lock_acquired,2026-09-23 11:29:13.150,78,,,,METADATA,Sch-S
lock_released,2026-09-23 11:29:13.150,84,,,,OBJECT,IX
lock_released,2026-09-23 11:29:13.150,70,,,,PAGE,IX
lock_released,2026-09-23 11:29:13.150,71,,,,PAGE,S
lock_released,2026-09-23 11:29:13.150,75,,,,OBJECT,IS
lock_released,2026-09-23 11:29:13.150,72,,,,PAGE,S
lock_released,2026-09-23 11:29:13.150,83,,,,OBJECT,IX
lock_released,2026-09-23 11:29:13.150,84,,,,PAGE,IX
lock_released,2026-09-23 11:29:13.150,77,,,,OBJECT,IS
lock_released,2026-09-23 11:29:13.150,67,,,,PAGE,S
lock_released,2026-09-23 11:29:13.150,68,,,,OBJECT,IS
lock_released,2026-09-23 11:29:13.150,72,,,,OBJECT,IS
lock_released,2026-09-23 11:29:13.150,68,,,,OBJECT,IX
logout,2026-09-23 11:29:18.254,52,,,,,
lock_acquired,2026-09-23 11:29:18.254,84,,,,OBJECT,IX
lock_acquired,2026-09-23 11:29:18.254,73,,,,PAGE,IX
lock_acquired,2026-09-23 11:29:18.254,69,,,,KEY,X
lock_acquired,2026-09-23 11:29:18.254,77,,,,PAGE,IX
lock_acquired,2026-09-23 11:29:18.254,83,,,,OBJECT,Sch-S
lock_acquired,2026-09-23 11:29:18.254,69,,,,KEY,U
lock_acquired,2026-09-23 11:29:18.254,78,,,,PAGE,S
lock_acquired,2026-09-23 11:29:18.254,72,,,,OBJECT,Sch-S
lock_acquired,2026-09-23 11:29:18.254,81,,,,PAGE,S
lock_acquired,2026-09-23 11:29:18.254,72,,,,METADATA,Sch-S
lock_acquired,2026-09-23 11:29:18.254,70,,,,OBJECT,IS
lock_acquired,2026-09-23 11:29:18.254,74,,,,OBJECT,IS
lock_acquired,2026-09-23 11:29:18.254,83,,,,METADATA,Sch-S
lock_acquired,2026-09-23 11:29:18.254,84,,,,PAGE,IX
lock_acquired,2026-09-23 11:29:18.254,84,,,,KEY,X
lock_acquired,2026-09-23 11:29:18.254,81,,,,OBJECT,IX
lock_acquired,2026-09-23 11:29:18.254,81,,,,OBJECT,IS
lock_released,2026-09-23 11:29:18.254,72,,,,OBJECT,IX
lock_released,2026-09-23 11:29:18.254,83,,,,PAGE,IX
lock_released,2026-09-23 11:29:18.254,75,,,,KEY,X
lock_released,2026-09-23 11:29:18.254,67,,,,OBJECT,IS
lock_released,2026-09-23 11:29:18.254,69,,,,OBJECT,IS
lock_released,2026-09-23 11:29:18.254,79,,,,PAGE,S
lock_released,2026-09-23 11:29:18.254,83,,,,KEY,X
lock_released,2026-09-23 11:29:18.254,73,,,,OBJECT,IS
lock_released,2026-09-23 11:29:18.254,78,,,,OBJECT,Sch-S
lock_released,2026-09-23 11:29:18.254,80,,,,KEY,U
lock_released,2026-09-23 11:29:18.254,73,,,,PAGE,S
lock_released,2026-09-23 11:29:18.254,77,,,,OBJECT,IX
lock_released,2026-09-23 11:29:18.254,76,,,,PAGE,S
lock_released,2026-09-23 11:29:18.254,80,,,,KEY,X
lock_released,2026-09-23 11:29:18.254,81,,,,PAGE,IX
lock_released,2026-09-23 11:29:18.254,68,,,,METADATA,Sch-S
lock_released,2026-09-23 11:29:18.254,78,,,,METADATA,Sch-S
lock_released,2026-09-23 11:29:18.254,80,,,,OBJECT,IX
lock_acquired,2026-09-23 11:29:23.308,84,,,,OBJECT,IS
lock_acquired,2026-09-23 11:29:23.308,84,,,,PAGE,S
lock_acquired,2026-09-23 11:29:23.308,73,,,,OBJECT,Sch-S
lock_acquired,2026-09-23 11:29:23.308,83,,,,PAGE,IX
lock_acquired,2026-09-23 11:29:23.308,75,,,,OBJECT,IS
lock_acquired,2026-09-23 11:29:23.308,75,,,,PAGE,S
lock_acquired,2026-09-23 11:29:23.308,77,,,,OBJECT,IX
lock_acquired,2026-09-23 11:29:23.308,79,,,,OBJECT,Sch-S
lock_acquired,2026-09-23 11:29:23.308,78,,,,OBJECT,IX
lock_acquired,2026-09-23 11:29:23.308,80,,,,OBJECT,IX
lock_acquired,2026-09-23 11:29:23.308,68,,,,OBJECT,IX
lock_acquired,2026-09-23 11:29:23.308,71,,,,PAGE,S
lock_acquired,2026-09-23 11:29:23.308,72,,,,PAGE,S
lock_acquired,2026-09-23 11:29:23.308,72,,,,OBJECT,IS
lock_acquired,2026-09-23 11:29:23.308,69,,,,OBJECT,IS
lock_acquired,2026-09-23 11:29:23.308,83,,,,OBJECT,IX
lock_acquired,2026-09-23 11:29:23.308,70,,,,PAGE,S
lock_acquired,2026-09-23 11:29:23.308,72,,,,OBJECT,IX
lock_acquired,2026-09-23 11:29:23.308,83,,,,KEY,X
lock_acquired,2026-09-23 11:29:23.308,77,,,,OBJECT,IS
lock_acquired,2026-09-23 11:29:23.308,77,,,,PAGE,S
lock_acquired,2026-09-23 11:29:23.308,78,,,,OBJECT,IS
lock_acquired,2026-09-23 11:29:23.308,80,,,,OBJECT,IS
lock_acquired,2026-09-23 11:29:23.308,80,,,,PAGE,S
lock_released,2026-09-23 11:29:23.308,73,,,,PAGE,IX
lock_released,2026-09-23 11:29:23.308,69,,,,KEY,X
lock_released,2026-09-23 11:29:23.308,83,,,,OBJECT,Sch-S
lock_released,2026-09-23 11:29:23.308,72,,,,OBJECT,Sch-S
lock_released,2026-09-23 11:29:23.308,74,,,,OBJECT,IS
lock_released,2026-09-23 11:29:23.308,69,,,,PAGE,IX
lock_released,2026-09-23 11:29:23.308,76,,,,OBJECT,IS
lock_released,2026-09-23 11:29:23.308,83,,,,METADATA,Sch-S
lock_released,2026-09-23 11:29:23.308,84,,,,KEY,X
lock_released,2026-09-23 11:29:23.308,69,,,,PAGE,IU
lock_released,2026-09-23 11:29:23.308,77,,,,PAGE,IX
lock_released,2026-09-23 11:29:23.308,79,,,,OBJECT,IS
lock_released,2026-09-23 11:29:23.308,68,,,,OBJECT,Sch-S
lock_released,2026-09-23 11:29:23.308,81,,,,PAGE,S
lock_released,2026-09-23 11:29:23.308,80,,,,PAGE,IX
lock_released,2026-09-23 11:29:23.308,72,,,,METADATA,Sch-S
lock_released,2026-09-23 11:29:23.308,84,,,,PAGE,IX
lock_released,2026-09-23 11:29:23.308,73,,,,OBJECT,IX
lock_released,2026-09-23 11:29:23.308,75,,,,PAGE,IX
lock_released,2026-09-23 11:29:23.308,69,,,,KEY,U
lock_released,2026-09-23 11:29:23.308,82,,,,OBJECT,IS
lock_released,2026-09-23 11:29:23.308,79,,,,OBJECT,IX
lock_released,2026-09-23 11:29:23.308,67,,,,OBJECT,IX
login,2026-09-23 11:29:28.439,52,795ec2146175\Administrator,Microsoft SQL Server,SteelNort,,
lock_acquired,2026-09-23 11:29:28.439,75,,,,METADATA,Sch-S
lock_acquired,2026-09-23 11:29:28.439,76,,,,PAGE,IX
lock_acquired,2026-09-23 11:29:28.439,79,,,,OBJECT,IS
lock_acquired,2026-09-23 11:29:28.439,67,,,,PAGE,IX
lock_acquired,2026-09-23 11:29:28.439,79,,,,PAGE,S
lock_acquired,2026-09-23 11:29:28.439,79,,,,OBJECT,IX
lock_acquired,2026-09-23 11:29:28.439,67,,,,OBJECT,IX
lock_acquired,2026-09-23 11:29:28.439,83,,,,OBJECT,IS
lock_acquired,2026-09-23 11:29:28.439,76,,,,KEY,X
lock_acquired,2026-09-23 11:29:28.439,73,,,,OBJECT,IS
lock_acquired,2026-09-23 11:29:28.439,73,,,,OBJECT,IX
lock_acquired,2026-09-23 11:29:28.439,75,,,,OBJECT,Sch-S
lock_acquired,2026-09-23 11:29:28.439,68,,,,OBJECT,IS
lock_acquired,2026-09-23 11:29:28.439,68,,,,PAGE,S
lock_released,2026-09-23 11:29:28.439,84,,,,OBJECT,IS
lock_released,2026-09-23 11:29:28.439,84,,,,PAGE,S
lock_released,2026-09-23 11:29:28.439,73,,,,OBJECT,Sch-S
lock_released,2026-09-23 11:29:28.439,83,,,,PAGE,IX
lock_released,2026-09-23 11:29:28.439,75,,,,OBJECT,IS
lock_released,2026-09-23 11:29:28.439,75,,,,PAGE,S
lock_released,2026-09-23 11:29:28.439,79,,,,OBJECT,Sch-S
lock_released,2026-09-23 11:29:28.439,71,,,,OBJECT,IS
lock_released,2026-09-23 11:29:28.439,80,,,,OBJECT,IX
lock_released,2026-09-23 11:29:28.439,71,,,,PAGE,S
lock_released,2026-09-23 11:29:28.439,75,,,,OBJECT,IX
lock_released,2026-09-23 11:29:28.439,72,,,,PAGE,S
lock_released,2026-09-23 11:29:28.439,72,,,,OBJECT,IS
lock_released,2026-09-23 11:29:28.439,70,,,,OBJECT,IS
lock_released,2026-09-23 11:29:28.439,70,,,,PAGE,S
lock_released,2026-09-23 11:29:28.439,81,,,,OBJECT,IS
lock_released,2026-09-23 11:29:28.439,72,,,,OBJECT,IX
lock_released,2026-09-23 11:29:28.439,83,,,,KEY,X
lock_released,2026-09-23 11:29:28.439,78,,,,OBJECT,IS
lock_released,2026-09-23 11:29:28.439,80,,,,OBJECT,IS
lock_released,2026-09-23 11:29:28.439,80,,,,PAGE,S
logout,2026-09-23 11:29:33.528,52,,,,,
lock_acquired,2026-09-23 11:29:33.528,78,,,,OBJECT,IS
lock_acquired,2026-09-23 11:29:33.528,77,,,,OBJECT,Sch-S
lock_acquired,2026-09-23 11:29:33.528,70,,,,PAGE,IX
lock_acquired,2026-09-23 11:29:33.528,80,,,,METADATA,Sch-S
lock_acquired,2026-09-23 11:29:33.528,75,,,,OBJECT,IX
lock_acquired,2026-09-23 11:29:33.528,80,,,,OBJECT,Sch-S
lock_acquired,2026-09-23 11:29:33.528,68,,,,PAGE,IX
lock_acquired,2026-09-23 11:29:33.528,82,,,,OBJECT,Sch-S
lock_acquired,2026-09-23 11:29:33.528,81,,,,KEY,X
lock_acquired,2026-09-23 11:29:33.528,81,,,,PAGE,IX
lock_acquired,2026-09-23 11:29:33.528,76,,,,OBJECT,Sch-S
lock_acquired,2026-09-23 11:29:33.528,75,,,,PAGE,IX
lock_acquired,2026-09-23 11:29:33.528,71,,,,OBJECT,IS
lock_acquired,2026-09-23 11:29:33.528,83,,,,PAGE,S
lock_released,2026-09-23 11:29:33.528,75,,,,METADATA,Sch-S
lock_released,2026-09-23 11:29:33.528,76,,,,PAGE,IX
lock_released,2026-09-23 11:29:33.528,84,,,,OBJECT,IX
lock_released,2026-09-23 11:29:33.528,76,,,,OBJECT,IX
lock_released,2026-09-23 11:29:33.528,82,,,,OBJECT,IX
lock_released,2026-09-23 11:29:33.528,78,,,,PAGE,S
lock_released,2026-09-23 11:29:33.528,69,,,,OBJECT,IS
lock_released,2026-09-23 11:29:33.528,79,,,,PAGE,S
lock_released,2026-09-23 11:29:33.528,67,,,,OBJECT,IX
lock_released,2026-09-23 11:29:33.528,76,,,,KEY,X
lock_released,2026-09-23 11:29:33.528,77,,,,OBJECT,IS
lock_released,2026-09-23 11:29:33.528,77,,,,PAGE,S
lock_released,2026-09-23 11:29:33.528,77,,,,OBJECT,IX
lock_released,2026-09-23 11:29:33.528,75,,,,OBJECT,Sch-S
lock_released,2026-09-23 11:29:33.528,68,,,,OBJECT,IS
lock_released,2026-09-23 11:29:33.528,68,,,,PAGE,S
lock_released,2026-09-23 11:29:33.528,81,,,,OBJECT,IX
login,2026-09-23 11:29:38.565,64,795ec2146175\Administrator,Microsoft SQL Server,SteelNort,,
lock_acquired,2026-09-23 11:29:38.565,72,,,,OBJECT,IX
lock_acquired,2026-09-23 11:29:38.565,73,,,,OBJECT,Sch-S
lock_acquired,2026-09-23 11:29:38.565,76,,,,OBJECT,IX
lock_acquired,2026-09-23 11:29:38.565,71,,,,PAGE,S
lock_acquired,2026-09-23 11:29:38.565,82,,,,OBJECT,IX
lock_acquired,2026-09-23 11:29:38.565,76,,,,OBJECT,IS
lock_acquired,2026-09-23 11:29:38.565,73,,,,METADATA,Sch-S
lock_acquired,2026-09-23 11:29:38.565,72,,,,PAGE,S
lock_acquired,2026-09-23 11:29:38.565,69,,,,OBJECT,IS
lock_acquired,2026-09-23 11:29:38.565,69,,,,PAGE,S
lock_acquired,2026-09-23 11:29:38.565,67,,,,OBJECT,IX
lock_acquired,2026-09-23 11:29:38.565,67,,,,KEY,U
lock_acquired,2026-09-23 11:29:38.565,67,,,,KEY,X
lock_acquired,2026-09-23 11:29:38.565,76,,,,PAGE,S
lock_acquired,2026-09-23 11:29:38.565,68,,,,OBJECT,IS
lock_acquired,2026-09-23 11:29:38.565,72,,,,OBJECT,IS
lock_released,2026-09-23 11:29:38.565,78,,,,OBJECT,IS
lock_released,2026-09-23 11:29:38.565,77,,,,OBJECT,Sch-S
lock_released,2026-09-23 11:29:38.565,70,,,,PAGE,IX
lock_released,2026-09-23 11:29:38.565,79,,,,OBJECT,IS
lock_released,2026-09-23 11:29:38.565,80,,,,METADATA,Sch-S
lock_released,2026-09-23 11:29:38.565,68,,,,PAGE,IX
lock_released,2026-09-23 11:29:38.565,70,,,,OBJECT,IX
lock_released,2026-09-23 11:29:38.565,73,,,,OBJECT,IX
lock_released,2026-09-23 11:29:38.565,74,,,,OBJECT,IX
lock_released,2026-09-23 11:29:38.565,82,,,,OBJECT,Sch-S
lock_released,2026-09-23 11:29:38.565,81,,,,KEY,X
lock_released,2026-09-23 11:29:38.565,81,,,,PAGE,IX
lock_released,2026-09-23 11:29:38.565,76,,,,OBJECT,Sch-S
lock_released,2026-09-23 11:29:38.565,75,,,,PAGE,IX
logout,2026-09-23 11:29:43.670,64,,,,,
lock_acquired,2026-09-23 11:29:43.670,83,,,,PAGE,IX
lock_acquired,2026-09-23 11:29:43.670,79,,,,KEY,X
lock_acquired,2026-09-23 11:29:43.670,69,,,,KEY,X
lock_acquired,2026-09-23 11:29:43.670,77,,,,OBJECT,IX
lock_acquired,2026-09-23 11:29:43.670,81,,,,KEY,X
lock_acquired,2026-09-23 11:29:43.670,69,,,,PAGE,IX
lock_acquired,2026-09-23 11:29:43.670,84,,,,KEY,U
lock_acquired,2026-09-23 11:29:43.670,80,,,,OBJECT,IX
lock_acquired,2026-09-23 11:29:43.670,84,,,,OBJECT,IX
lock_acquired,2026-09-23 11:29:43.670,83,,,,PAGE,IU
lock_acquired,2026-09-23 11:29:43.670,67,,,,PAGE,S
lock_acquired,2026-09-23 11:29:43.670,75,,,,KEY,X
lock_acquired,2026-09-23 11:29:43.670,67,,,,OBJECT,IS
lock_acquired,2026-09-23 11:29:43.670,70,,,,OBJECT,IS
lock_acquired,2026-09-23 11:29:43.670,73,,,,OBJECT,IX
lock_acquired,2026-09-23 11:29:43.670,70,,,,PAGE,S
lock_acquired,2026-09-23 11:29:43.670,72,,,,KEY,X
lock_acquired,2026-09-23 11:29:43.670,82,,,,OBJECT,IS
lock_acquired,2026-09-23 11:29:43.670,78,,,,PAGE,S
lock_acquired,2026-09-23 11:29:43.670,68,,,,PAGE,S
lock_acquired,2026-09-23 11:29:43.670,83,,,,KEY,X
lock_acquired,2026-09-23 11:29:43.670,70,,,,OBJECT,IX
lock_acquired,2026-09-23 11:29:43.670,78,,,,OBJECT,IS
lock_acquired,2026-09-23 11:29:43.670,84,,,,PAGE,IU
lock_acquired,2026-09-23 11:29:43.670,72,,,,PAGE,IX
lock_released,2026-09-23 11:29:43.670,71,,,,OBJECT,IX
lock_released,2026-09-23 11:29:43.670,73,,,,OBJECT,Sch-S
lock_released,2026-09-23 11:29:43.670,71,,,,PAGE,S
lock_released,2026-09-23 11:29:43.670,73,,,,METADATA,Sch-S
lock_released,2026-09-23 11:29:43.670,67,,,,PAGE,IX
lock_released,2026-09-23 11:29:43.670,72,,,,PAGE,S
lock_released,2026-09-23 11:29:43.670,80,,,,OBJECT,Sch-S
lock_released,2026-09-23 11:29:43.670,69,,,,PAGE,S
lock_released,2026-09-23 11:29:43.670,83,,,,OBJECT,IS
lock_released,2026-09-23 11:29:43.670,67,,,,KEY,U
lock_released,2026-09-23 11:29:43.670,73,,,,OBJECT,IS
lock_released,2026-09-23 11:29:43.670,69,,,,OBJECT,IS
lock_released,2026-09-23 11:29:43.670,67,,,,KEY,X
lock_released,2026-09-23 11:29:43.670,76,,,,PAGE,S
lock_released,2026-09-23 11:29:43.670,72,,,,OBJECT,IS
lock_released,2026-09-23 11:29:43.670,71,,,,OBJECT,IS
lock_released,2026-09-23 11:29:43.670,83,,,,PAGE,S
login,2026-09-23 11:29:48.730,64,sa,unknown,SteelNort,,
login,2026-09-23 11:29:48.730,65,sa,unknown,SteelNort,,
login,2026-09-23 11:29:48.730,66,sa,unknown,SteelNort,,
login,2026-09-23 11:29:48.730,85,sa,unknown,SteelNort,,
login,2026-09-23 11:29:48.730,86,sa,unknown,SteelNort,,
lock_acquired,2026-09-23 11:29:48.730,73,,,,PAGE,IX
lock_acquired,2026-09-23 11:29:48.730,83,,,,OBJECT,Sch-S
lock_acquired,2026-09-23 11:29:48.730,82,,,,KEY,X
lock_acquired,2026-09-23 11:29:48.730,72,,,,OBJECT,Sch-S
lock_acquired,2026-09-23 11:29:48.730,71,,,,OBJECT,IS
lock_acquired,2026-09-23 11:29:48.730,82,,,,PAGE,IX
lock_acquired,2026-09-23 11:29:48.730,76,,,,METADATA,Sch-S
lock_acquired,2026-09-23 11:29:48.730,83,,,,METADATA,Sch-S
lock_acquired,2026-09-23 11:29:48.730,74,,,,KEY,X
lock_acquired,2026-09-23 11:29:48.730,68,,,,OBJECT,Sch-S
lock_acquired,2026-09-23 11:29:48.730,71,,,,PAGE,IS
lock_acquired,2026-09-23 11:29:48.730,81,,,,PAGE,S
lock_acquired,2026-09-23 11:29:48.730,72,,,,METADATA,Sch-S
lock_acquired,2026-09-23 11:29:48.730,81,,,,OBJECT,IS
lock_acquired,2026-09-23 11:29:48.730,73,,,,KEY,X
lock_acquired,2026-09-23 11:29:48.730,77,,,,OBJECT,IS
lock_acquired,2026-09-23 11:29:48.730,77,,,,PAGE,S
lock_acquired,2026-09-23 11:29:48.730,76,,,,OBJECT,Sch-S
lock_acquired,2026-09-23 11:29:48.730,81,,,,OBJECT,IX
lock_released,2026-09-23 11:29:48.730,84,,,,PAGE,IU
lock_released,2026-09-23 11:29:48.730,83,,,,PAGE,IX
lock_released,2026-09-23 11:29:48.730,79,,,,KEY,X
lock_released,2026-09-23 11:29:48.730,81,,,,KEY,X
lock_released,2026-09-23 11:29:48.730,84,,,,KEY,U
lock_released,2026-09-23 11:29:48.730,68,,,,OBJECT,IX
lock_released,2026-09-23 11:29:48.730,76,,,,OBJECT,IS
lock_released,2026-09-23 11:29:48.730,83,,,,PAGE,IU
lock_released,2026-09-23 11:29:48.730,75,,,,OBJECT,IX
lock_released,2026-09-23 11:29:48.730,76,,,,OBJECT,IX
lock_released,2026-09-23 11:29:48.730,83,,,,OBJECT,IX
lock_released,2026-09-23 11:29:48.730,73,,,,OBJECT,IX
lock_released,2026-09-23 11:29:48.730,72,,,,OBJECT,IX
lock_released,2026-09-23 11:29:48.730,72,,,,KEY,X
lock_released,2026-09-23 11:29:48.730,82,,,,OBJECT,IS
lock_released,2026-09-23 11:29:48.730,78,,,,PAGE,S
lock_released,2026-09-23 11:29:48.730,68,,,,PAGE,S
lock_released,2026-09-23 11:29:48.730,83,,,,KEY,X
lock_released,2026-09-23 11:29:48.730,78,,,,OBJECT,IS
lock_released,2026-09-23 11:29:48.730,68,,,,OBJECT,IS
lock_released,2026-09-23 11:29:48.730,72,,,,PAGE,IX
lock_acquired,2026-09-23 11:29:53.800,84,,,,OBJECT,IS
lock_acquired,2026-09-23 11:29:53.800,84,,,,PAGE,S
lock_acquired,2026-09-23 11:29:53.800,75,,,,OBJECT,IS
lock_acquired,2026-09-23 11:29:53.800,67,,,,OBJECT,Sch-S
lock_acquired,2026-09-23 11:29:53.800,68,,,,OBJECT,IX
lock_acquired,2026-09-23 11:29:53.800,75,,,,OBJECT,IX
lock_acquired,2026-09-23 11:29:53.800,83,,,,OBJECT,IS
lock_acquired,2026-09-23 11:29:53.800,80,,,,KEY,X
lock_acquired,2026-09-23 11:29:53.800,83,,,,PAGE,S
lock_acquired,2026-09-23 11:29:53.800,72,,,,OBJECT,IS
lock_acquired,2026-09-23 11:29:53.800,71,,,,OBJECT,IX
lock_acquired,2026-09-23 11:29:53.800,79,,,,OBJECT,IS
lock_acquired,2026-09-23 11:29:53.800,69,,,,OBJECT,IS
lock_acquired,2026-09-23 11:29:53.800,69,,,,PAGE,S
lock_acquired,2026-09-23 11:29:53.800,80,,,,PAGE,IX
lock_acquired,2026-09-23 11:29:53.800,83,,,,OBJECT,IX
lock_acquired,2026-09-23 11:29:53.800,73,,,,OBJECT,IX
lock_acquired,2026-09-23 11:29:53.800,72,,,,OBJECT,IX
lock_acquired,2026-09-23 11:29:53.800,74,,,,OBJECT,Sch-S
lock_acquired,2026-09-23 11:29:53.800,78,,,,PAGE,S
lock_acquired,2026-09-23 11:29:53.800,71,,,,PAGE,IX
lock_acquired,2026-09-23 11:29:53.800,78,,,,OBJECT,IS
lock_acquired,2026-09-23 11:29:53.800,68,,,,OBJECT,IS
lock_released,2026-09-23 11:29:53.800,73,,,,PAGE,IX
lock_released,2026-09-23 11:29:53.800,69,,,,KEY,X
lock_released,2026-09-23 11:29:53.800,83,,,,OBJECT,Sch-S
lock_released,2026-09-23 11:29:53.800,82,,,,OBJECT,IX
lock_released,2026-09-23 11:29:53.800,82,,,,KEY,X
lock_released,2026-09-23 11:29:53.800,72,,,,OBJECT,Sch-S
lock_released,2026-09-23 11:29:53.800,69,,,,PAGE,IX
lock_released,2026-09-23 11:29:53.800,71,,,,OBJECT,IS
lock_released,2026-09-23 11:29:53.800,82,,,,PAGE,IX
lock_released,2026-09-23 11:29:53.800,76,,,,METADATA,Sch-S
lock_released,2026-09-23 11:29:53.800,83,,,,METADATA,Sch-S
lock_released,2026-09-23 11:29:53.800,67,,,,PAGE,S
lock_released,2026-09-23 11:29:53.800,74,,,,KEY,X
lock_released,2026-09-23 11:29:53.800,75,,,,KEY,X
lock_released,2026-09-23 11:29:53.800,67,,,,OBJECT,IS
lock_released,2026-09-23 11:29:53.800,68,,,,OBJECT,Sch-S
lock_released,2026-09-23 11:29:53.800,71,,,,PAGE,IS
lock_released,2026-09-23 11:29:53.800,81,,,,PAGE,S
lock_released,2026-09-23 11:29:53.800,72,,,,METADATA,Sch-S
lock_released,2026-09-23 11:29:53.800,70,,,,PAGE,S
lock_released,2026-09-23 11:29:53.800,81,,,,OBJECT,IS
lock_released,2026-09-23 11:29:53.800,73,,,,KEY,X
lock_released,2026-09-23 11:29:53.800,67,,,,OBJECT,IX
lock_released,2026-09-23 11:29:53.800,77,,,,OBJECT,IS
lock_released,2026-09-23 11:29:53.800,77,,,,PAGE,S
lock_released,2026-09-23 11:29:53.800,76,,,,OBJECT,Sch-S
lock_acquired,2026-09-23 11:29:58.913,69,,,,METADATA,Sch-S
lock_acquired,2026-09-23 11:29:58.913,82,,,,OBJECT,IS
lock_acquired,2026-09-23 11:29:58.913,82,,,,OBJECT,IX
lock_acquired,2026-09-23 11:29:58.913,67,,,,OBJECT,IS
lock_acquired,2026-09-23 11:29:58.913,68,,,,OBJECT,Sch-S
lock_acquired,2026-09-23 11:29:58.913,79,,,,PAGE,S
lock_acquired,2026-09-23 11:29:58.913,67,,,,OBJECT,IX
lock_acquired,2026-09-23 11:29:58.913,81,,,,OBJECT,Sch-S
lock_acquired,2026-09-23 11:29:58.913,69,,,,OBJECT,Sch-S
lock_acquired,2026-09-23 11:29:58.913,70,,,,PAGE,S
lock_acquired,2026-09-23 11:29:58.913,74,,,,PAGE,IU
lock_acquired,2026-09-23 11:29:58.913,74,,,,OBJECT,IX
lock_acquired,2026-09-23 11:29:58.913,82,,,,PAGE,S
lock_acquired,2026-09-23 11:29:58.913,68,,,,METADATA,Sch-S
lock_acquired,2026-09-23 11:29:58.913,74,,,,KEY,U
lock_acquired,2026-09-23 11:29:58.913,80,,,,OBJECT,IS
lock_acquired,2026-09-23 11:29:58.913,81,,,,METADATA,Sch-S
lock_acquired,2026-09-23 11:29:58.913,71,,,,OBJECT,IS
lock_released,2026-09-23 11:29:58.913,84,,,,OBJECT,IS
lock_released,2026-09-23 11:29:58.913,84,,,,PAGE,S
lock_released,2026-09-23 11:29:58.913,77,,,,OBJECT,IX
lock_released,2026-09-23 11:29:58.913,67,,,,OBJECT,Sch-S
lock_released,2026-09-23 11:29:58.913,78,,,,OBJECT,IX
lock_released,2026-09-23 11:29:58.913,68,,,,OBJECT,IX
lock_released,2026-09-23 11:29:58.913,83,,,,OBJECT,IS
lock_released,2026-09-23 11:29:58.913,80,,,,KEY,X
lock_released,2026-09-23 11:29:58.913,83,,,,PAGE,S
lock_released,2026-09-23 11:29:58.913,69,,,,OBJECT,IS
lock_released,2026-09-23 11:29:58.913,69,,,,PAGE,S
lock_released,2026-09-23 11:29:58.913,80,,,,PAGE,IX
lock_released,2026-09-23 11:29:58.913,83,,,,OBJECT,IX
lock_released,2026-09-23 11:29:58.913,73,,,,OBJECT,IX
lock_released,2026-09-23 11:29:58.913,74,,,,OBJECT,Sch-S
lock_released,2026-09-23 11:29:58.913,69,,,,OBJECT,IX
lock_released,2026-09-23 11:29:58.913,71,,,,PAGE,IX
lock_released,2026-09-23 11:29:58.913,78,,,,OBJECT,IS
lock_released,2026-09-23 11:29:58.913,81,,,,OBJECT,IX
lock_released,2026-09-23 11:29:58.913,68,,,,OBJECT,IS
lock_acquired,2026-09-23 11:30:04.015,84,,,,OBJECT,IS
lock_acquired,2026-09-23 11:30:04.015,81,,,,PAGE,IU
lock_acquired,2026-09-23 11:30:04.015,84,,,,PAGE,S
lock_acquired,2026-09-23 11:30:04.015,74,,,,OBJECT,Sch-S
lock_acquired,2026-09-23 11:30:04.015,70,,,,PAGE,IX
lock_acquired,2026-09-23 11:30:04.015,79,,,,METADATA,Sch-S
lock_acquired,2026-09-23 11:30:04.015,69,,,,OBJECT,IX
lock_acquired,2026-09-23 11:30:04.015,80,,,,METADATA,Sch-S
lock_acquired,2026-09-23 11:30:04.015,70,,,,KEY,X
lock_acquired,2026-09-23 11:30:04.015,80,,,,OBJECT,Sch-S
lock_acquired,2026-09-23 11:30:04.015,73,,,,OBJECT,IS
lock_acquired,2026-09-23 11:30:04.015,73,,,,PAGE,S
lock_acquired,2026-09-23 11:30:04.015,73,,,,OBJECT,IX
lock_acquired,2026-09-23 11:30:04.015,76,,,,OBJECT,Sch-S
lock_acquired,2026-09-23 11:30:04.015,81,,,,OBJECT,IX
lock_acquired,2026-09-23 11:30:04.015,79,,,,OBJECT,Sch-S
lock_acquired,2026-09-23 11:30:04.015,78,,,,OBJECT,IX
lock_released,2026-09-23 11:30:04.015,75,,,,OBJECT,IS
lock_released,2026-09-23 11:30:04.015,74,,,,KEY,U
lock_released,2026-09-23 11:30:04.015,71,,,,OBJECT,IS
lock_released,2026-09-23 11:30:04.015,69,,,,OBJECT,Sch-S
lock_released,2026-09-23 11:30:04.015,80,,,,OBJECT,IX
lock_released,2026-09-23 11:30:04.015,75,,,,OBJECT,IX
lock_released,2026-09-23 11:30:04.015,81,,,,OBJECT,Sch-S
lock_released,2026-09-23 11:30:04.015,74,,,,OBJECT,IX
lock_released,2026-09-23 11:30:04.015,72,,,,OBJECT,IS
lock_released,2026-09-23 11:30:04.015,71,,,,OBJECT,IX
lock_released,2026-09-23 11:30:04.015,79,,,,OBJECT,IS
lock_released,2026-09-23 11:30:04.015,67,,,,OBJECT,IS
lock_released,2026-09-23 11:30:04.015,79,,,,PAGE,S
lock_released,2026-09-23 11:30:04.015,70,,,,OBJECT,IS
lock_released,2026-09-23 11:30:04.015,70,,,,PAGE,S
lock_released,2026-09-23 11:30:04.015,69,,,,METADATA,Sch-S
lock_released,2026-09-23 11:30:04.015,81,,,,METADATA,Sch-S
lock_released,2026-09-23 11:30:04.015,72,,,,OBJECT,IX
lock_released,2026-09-23 11:30:04.015,78,,,,PAGE,S
lock_released,2026-09-23 11:30:04.015,79,,,,OBJECT,IX
lock_released,2026-09-23 11:30:04.015,67,,,,OBJECT,IX
lock_released,2026-09-23 11:30:04.015,74,,,,PAGE,IU
lock_released,2026-09-23 11:30:04.015,80,,,,OBJECT,IS
lock_acquired,2026-09-23 11:30:09.060,73,,,,OBJECT,Sch-S
lock_acquired,2026-09-23 11:30:09.060,69,,,,KEY,X
lock_acquired,2026-09-23 11:30:09.060,75,,,,OBJECT,IS
lock_acquired,2026-09-23 11:30:09.060,69,,,,PAGE,IX
lock_acquired,2026-09-23 11:30:09.060,76,,,,PAGE,S
lock_acquired,2026-09-23 11:30:09.060,68,,,,OBJECT,IX
lock_acquired,2026-09-23 11:30:09.060,80,,,,OBJECT,IX
lock_acquired,2026-09-23 11:30:09.060,75,,,,OBJECT,IX
lock_acquired,2026-09-23 11:30:09.060,80,,,,KEY,X
lock_acquired,2026-09-23 11:30:09.060,68,,,,KEY,X
lock_acquired,2026-09-23 11:30:09.060,74,,,,OBJECT,IX
lock_acquired,2026-09-23 11:30:09.060,79,,,,KEY,S
lock_acquired,2026-09-23 11:30:09.060,72,,,,OBJECT,IS
lock_acquired,2026-09-23 11:30:09.060,71,,,,OBJECT,IX
lock_acquired,2026-09-23 11:30:09.060,73,,,,METADATA,Sch-S
lock_acquired,2026-09-23 11:30:09.060,80,,,,PAGE,IX
lock_acquired,2026-09-23 11:30:09.060,68,,,,PAGE,IX
lock_acquired,2026-09-23 11:30:09.060,78,,,,OBJECT,Sch-S
lock_acquired,2026-09-23 11:30:09.060,72,,,,OBJECT,IX
lock_acquired,2026-09-23 11:30:09.060,71,,,,PAGE,IX
lock_acquired,2026-09-23 11:30:09.060,78,,,,METADATA,Sch-S
lock_released,2026-09-23 11:30:09.060,84,,,,OBJECT,IS
lock_released,2026-09-23 11:30:09.060,84,,,,PAGE,S
lock_released,2026-09-23 11:30:09.060,82,,,,OBJECT,IX
lock_released,2026-09-23 11:30:09.060,80,,,,METADATA,Sch-S
lock_released,2026-09-23 11:30:09.060,78,,,,OBJECT,IX
lock_released,2026-09-23 11:30:09.060,70,,,,PAGE,IX
lock_released,2026-09-23 11:30:09.060,73,,,,OBJECT,IS
lock_released,2026-09-23 11:30:09.060,73,,,,PAGE,S
lock_released,2026-09-23 11:30:09.060,68,,,,METADATA,Sch-S
lock_released,2026-09-23 11:30:09.060,81,,,,PAGE,IU
lock_released,2026-09-23 11:30:09.060,79,,,,METADATA,Sch-S
lock_released,2026-09-23 11:30:09.060,80,,,,OBJECT,Sch-S
lock_released,2026-09-23 11:30:09.060,68,,,,OBJECT,Sch-S
lock_released,2026-09-23 11:30:09.060,73,,,,OBJECT,IX
lock_released,2026-09-23 11:30:09.060,82,,,,PAGE,S
lock_released,2026-09-23 11:30:09.060,74,,,,OBJECT,Sch-S
lock_released,2026-09-23 11:30:09.060,82,,,,OBJECT,IS
lock_released,2026-09-23 11:30:09.060,70,,,,OBJECT,IX
lock_released,2026-09-23 11:30:09.060,76,,,,OBJECT,Sch-S
lock_released,2026-09-23 11:30:09.060,81,,,,OBJECT,IX
login,2026-09-23 11:30:14.114,52,795ec2146175\Administrator,Microsoft SQL Server,SteelNort,,
lock_acquired,2026-09-23 11:30:14.114,78,,,,KEY,U
lock_acquired,2026-09-23 11:30:14.114,74,,,,PAGE,S
lock_acquired,2026-09-23 11:30:14.114,82,,,,OBJECT,IX
lock_acquired,2026-09-23 11:30:14.114,74,,,,OBJECT,IS
lock_acquired,2026-09-23 11:30:14.114,77,,,,OBJECT,IX
lock_acquired,2026-09-23 11:30:14.114,78,,,,OBJECT,IX
lock_acquired,2026-09-23 11:30:14.114,71,,,,OBJECT,IS
lock_acquired,2026-09-23 11:30:14.114,71,,,,PAGE,S
lock_acquired,2026-09-23 11:30:14.114,73,,,,OBJECT,IS
lock_acquired,2026-09-23 11:30:14.114,84,,,,KEY,X
lock_acquired,2026-09-23 11:30:14.114,67,,,,PAGE,S
lock_acquired,2026-09-23 11:30:14.114,78,,,,PAGE,IX
lock_acquired,2026-09-23 11:30:14.114,67,,,,OBJECT,IS
lock_acquired,2026-09-23 11:30:14.114,69,,,,OBJECT,IS
lock_acquired,2026-09-23 11:30:14.114,69,,,,PAGE,S
lock_acquired,2026-09-23 11:30:14.114,83,,,,OBJECT,IX
lock_acquired,2026-09-23 11:30:14.114,73,,,,OBJECT,IX
lock_acquired,2026-09-23 11:30:14.114,82,,,,PAGE,S
lock_acquired,2026-09-23 11:30:14.114,81,,,,OBJECT,IS
lock_acquired,2026-09-23 11:30:14.114,78,,,,PAGE,IU
lock_acquired,2026-09-23 11:30:14.114,82,,,,OBJECT,IS
lock_acquired,2026-09-23 11:30:14.114,79,,,,OBJECT,IX
lock_acquired,2026-09-23 11:30:14.114,67,,,,OBJECT,IX
lock_acquired,2026-09-23 11:30:14.114,77,,,,OBJECT,IS
lock_acquired,2026-09-23 11:30:14.114,77,,,,PAGE,S
lock_acquired,2026-09-23 11:30:14.114,76,,,,OBJECT,Sch-S
lock_acquired,2026-09-23 11:30:14.114,81,,,,OBJECT,IX
lock_acquired,2026-09-23 11:30:14.114,72,,,,PAGE,IX
lock_released,2026-09-23 11:30:14.114,73,,,,OBJECT,Sch-S
lock_released,2026-09-23 11:30:14.114,69,,,,KEY,X
lock_released,2026-09-23 11:30:14.114,75,,,,OBJECT,IS
lock_released,2026-09-23 11:30:14.114,70,,,,KEY,X
lock_released,2026-09-23 11:30:14.114,69,,,,PAGE,IX
lock_released,2026-09-23 11:30:14.114,76,,,,PAGE,S
lock_released,2026-09-23 11:30:14.114,79,,,,OBJECT,Sch-S
lock_released,2026-09-23 11:30:14.114,68,,,,OBJECT,IX
lock_released,2026-09-23 11:30:14.114,84,,,,OBJECT,IX
lock_released,2026-09-23 11:30:14.114,80,,,,KEY,X
lock_released,2026-09-23 11:30:14.114,68,,,,KEY,X
lock_released,2026-09-23 11:30:14.114,79,,,,KEY,S
lock_released,2026-09-23 11:30:14.114,72,,,,OBJECT,IS
lock_released,2026-09-23 11:30:14.114,73,,,,METADATA,Sch-S
lock_released,2026-09-23 11:30:14.114,80,,,,PAGE,IX
lock_released,2026-09-23 11:30:14.114,68,,,,PAGE,IX
lock_released,2026-09-23 11:30:14.114,78,,,,OBJECT,Sch-S
lock_released,2026-09-23 11:30:14.114,71,,,,PAGE,IX
lock_released,2026-09-23 11:30:14.114,78,,,,METADATA,Sch-S
logout,2026-09-23 11:30:19.227,52,,,,,
lock_acquired,2026-09-23 11:30:19.227,80,,,,PAGE,S
lock_acquired,2026-09-23 11:30:19.227,84,,,,OBJECT,IX
lock_acquired,2026-09-23 11:30:19.227,70,,,,OBJECT,Sch-S
lock_acquired,2026-09-23 11:30:19.227,69,,,,METADATA,Sch-S
lock_acquired,2026-09-23 11:30:19.227,78,,,,PAGE,S
lock_acquired,2026-09-23 11:30:19.227,72,,,,PAGE,S
lock_acquired,2026-09-23 11:30:19.227,83,,,,OBJECT,IS
lock_acquired,2026-09-23 11:30:19.227,73,,,,PAGE,S
lock_acquired,2026-09-23 11:30:19.227,84,,,,PAGE,IX
lock_acquired,2026-09-23 11:30:19.227,71,,,,OBJECT,Sch-S
lock_acquired,2026-09-23 11:30:19.227,83,,,,PAGE,S
lock_acquired,2026-09-23 11:30:19.227,80,,,,OBJECT,IS
lock_acquired,2026-09-23 11:30:19.227,72,,,,OBJECT,IS
lock_acquired,2026-09-23 11:30:19.227,69,,,,OBJECT,Sch-S
lock_acquired,2026-09-23 11:30:19.227,68,,,,OBJECT,IX
lock_released,2026-09-23 11:30:19.227,78,,,,KEY,U
lock_released,2026-09-23 11:30:19.227,74,,,,PAGE,S
lock_released,2026-09-23 11:30:19.227,82,,,,OBJECT,IX
lock_released,2026-09-23 11:30:19.227,74,,,,OBJECT,IS
lock_released,2026-09-23 11:30:19.227,78,,,,OBJECT,IX
lock_released,2026-09-23 11:30:19.227,71,,,,OBJECT,IS
lock_released,2026-09-23 11:30:19.227,71,,,,PAGE,S
lock_released,2026-09-23 11:30:19.227,74,,,,OBJECT,IX
lock_released,2026-09-23 11:30:19.227,67,,,,PAGE,S
lock_released,2026-09-23 11:30:19.227,78,,,,PAGE,IX
lock_released,2026-09-23 11:30:19.227,71,,,,OBJECT,IX
lock_released,2026-09-23 11:30:19.227,67,,,,OBJECT,IS
lock_released,2026-09-23 11:30:19.227,69,,,,OBJECT,IS
lock_released,2026-09-23 11:30:19.227,69,,,,PAGE,S
lock_released,2026-09-23 11:30:19.227,82,,,,PAGE,S
lock_released,2026-09-23 11:30:19.227,81,,,,OBJECT,IS
lock_released,2026-09-23 11:30:19.227,78,,,,PAGE,IU
lock_released,2026-09-23 11:30:19.227,82,,,,OBJECT,IS
lock_released,2026-09-23 11:30:19.227,69,,,,OBJECT,IX
lock_released,2026-09-23 11:30:19.227,79,,,,OBJECT,IX
lock_released,2026-09-23 11:30:19.227,81,,,,OBJECT,IX
lock_released,2026-09-23 11:30:19.227,72,,,,PAGE,IX
login,2026-09-23 11:30:24.322,52,795ec2146175\Administrator,Microsoft SQL Server,SteelNort,,
lock_acquired,2026-09-23 11:30:24.322,84,,,,OBJECT,IS
lock_acquired,2026-09-23 11:30:24.322,84,,,,PAGE,S
lock_acquired,2026-09-23 11:30:24.322,73,,,,PAGE,IX
lock_acquired,2026-09-23 11:30:24.322,82,,,,OBJECT,IX
lock_acquired,2026-09-23 11:30:24.322,82,,,,KEY,X
lock_acquired,2026-09-23 11:30:24.322,74,,,,METADATA,Sch-S
lock_acquired,2026-09-23 11:30:24.322,78,,,,OBJECT,IX
lock_acquired,2026-09-23 11:30:24.322,79,,,,PAGE,IX
lock_acquired,2026-09-23 11:30:24.322,71,,,,OBJECT,IS
lock_acquired,2026-09-23 11:30:24.322,82,,,,PAGE,IX
lock_acquired,2026-09-23 11:30:24.322,78,,,,KEY,X
lock_acquired,2026-09-23 11:30:24.322,68,,,,KEY,X
lock_acquired,2026-09-23 11:30:24.322,67,,,,PAGE,S
lock_acquired,2026-09-23 11:30:24.322,78,,,,PAGE,IX
lock_acquired,2026-09-23 11:30:24.322,71,,,,OBJECT,IX
lock_acquired,2026-09-23 11:30:24.322,75,,,,KEY,X
lock_acquired,2026-09-23 11:30:24.322,77,,,,OBJECT,Sch-S
lock_acquired,2026-09-23 11:30:24.322,67,,,,OBJECT,IS
lock_acquired,2026-09-23 11:30:24.322,68,,,,PAGE,IX
lock_acquired,2026-09-23 11:30:24.322,81,,,,PAGE,S
lock_acquired,2026-09-23 11:30:24.322,75,,,,PAGE,IX
lock_acquired,2026-09-23 11:30:24.322,81,,,,OBJECT,IS
lock_acquired,2026-09-23 11:30:24.322,78,,,,PAGE,IU
lock_acquired,2026-09-23 11:30:24.322,72,,,,KEY,X
lock_acquired,2026-09-23 11:30:24.322,74,,,,OBJECT,Sch-S
lock_acquired,2026-09-23 11:30:24.322,73,,,,KEY,X
lock_acquired,2026-09-23 11:30:24.322,79,,,,OBJECT,IX
lock_acquired,2026-09-23 11:30:24.322,81,,,,OBJECT,IX
lock_acquired,2026-09-23 11:30:24.322,72,,,,PAGE,IX
lock_released,2026-09-23 11:30:24.322,70,,,,OBJECT,Sch-S
lock_released,2026-09-23 11:30:24.322,78,,,,PAGE,S
lock_released,2026-09-23 11:30:24.322,72,,,,PAGE,S
lock_released,2026-09-23 11:30:24.322,73,,,,OBJECT,IS
lock_released,2026-09-23 11:30:24.322,77,,,,OBJECT,IS
lock_released,2026-09-23 11:30:24.322,73,,,,PAGE,S
lock_released,2026-09-23 11:30:24.322,84,,,,PAGE,IX
lock_released,2026-09-23 11:30:24.322,77,,,,OBJECT,IX
lock_released,2026-09-23 11:30:24.322,77,,,,PAGE,S
lock_released,2026-09-23 11:30:24.322,71,,,,OBJECT,Sch-S
lock_released,2026-09-23 11:30:24.322,76,,,,OBJECT,Sch-S
lock_released,2026-09-23 11:30:24.322,84,,,,KEY,X
lock_released,2026-09-23 11:30:24.322,80,,,,OBJECT,IS
lock_released,2026-09-23 11:30:24.322,72,,,,OBJECT,IS
lock_released,2026-09-23 11:30:24.322,80,,,,PAGE,S
logout,2026-09-23 11:30:29.381,52,,,,,
lock_acquired,2026-09-23 11:30:29.381,79,,,,KEY,X
lock_acquired,2026-09-23 11:30:29.381,76,,,,OBJECT,IX
lock_acquired,2026-09-23 11:30:29.381,82,,,,METADATA,Sch-S
lock_acquired,2026-09-23 11:30:29.381,83,,,,OBJECT,Sch-S
lock_acquired,2026-09-23 11:30:29.381,76,,,,OBJECT,IS
lock_acquired,2026-09-23 11:30:29.381,75,,,,PAGE,S
lock_acquired,2026-09-23 11:30:29.381,67,,,,PAGE,IX
lock_acquired,2026-09-23 11:30:29.381,77,,,,KEY,X
lock_acquired,2026-09-23 11:30:29.381,73,,,,OBJECT,IS
lock_acquired,2026-09-23 11:30:29.381,67,,,,KEY,X
lock_acquired,2026-09-23 11:30:29.381,70,,,,OBJECT,IS
lock_acquired,2026-09-23 11:30:29.381,83,,,,METADATA,Sch-S
lock_acquired,2026-09-23 11:30:29.381,70,,,,OBJECT,IX
lock_acquired,2026-09-23 11:30:29.381,82,,,,OBJECT,Sch-S
lock_acquired,2026-09-23 11:30:29.381,74,,,,OBJECT,IX
lock_acquired,2026-09-23 11:30:29.381,78,,,,OBJECT,IS
lock_acquired,2026-09-23 11:30:29.381,72,,,,OBJECT,IS
lock_released,2026-09-23 11:30:29.381,73,,,,PAGE,IX
lock_released,2026-09-23 11:30:29.381,82,,,,OBJECT,IX
lock_released,2026-09-23 11:30:29.381,82,,,,KEY,X
lock_released,2026-09-23 11:30:29.381,74,,,,METADATA,Sch-S
lock_released,2026-09-23 11:30:29.381,71,,,,OBJECT,IS
lock_released,2026-09-23 11:30:29.381,68,,,,OBJECT,IX
lock_released,2026-09-23 11:30:29.381,82,,,,PAGE,IX
lock_released,2026-09-23 11:30:29.381,78,,,,KEY,X
lock_released,2026-09-23 11:30:29.381,69,,,,OBJECT,Sch-S
lock_released,2026-09-23 11:30:29.381,80,,,,OBJECT,IX
lock_released,2026-09-23 11:30:29.381,75,,,,OBJECT,IX
lock_released,2026-09-23 11:30:29.381,83,,,,OBJECT,IS
lock_released,2026-09-23 11:30:29.381,68,,,,KEY,X
lock_released,2026-09-23 11:30:29.381,83,,,,PAGE,S
lock_released,2026-09-23 11:30:29.381,67,,,,PAGE,S
lock_released,2026-09-23 11:30:29.381,78,,,,PAGE,IX
lock_released,2026-09-23 11:30:29.381,75,,,,KEY,X
lock_released,2026-09-23 11:30:29.381,77,,,,OBJECT,Sch-S
lock_released,2026-09-23 11:30:29.381,67,,,,OBJECT,IS
lock_released,2026-09-23 11:30:29.381,68,,,,PAGE,IX
lock_released,2026-09-23 11:30:29.381,83,,,,OBJECT,IX
lock_released,2026-09-23 11:30:29.381,69,,,,METADATA,Sch-S
lock_released,2026-09-23 11:30:29.381,75,,,,PAGE,IX
lock_released,2026-09-23 11:30:29.381,78,,,,PAGE,IU
lock_released,2026-09-23 11:30:29.381,72,,,,KEY,X
lock_released,2026-09-23 11:30:29.381,74,,,,OBJECT,Sch-S
lock_released,2026-09-23 11:30:29.381,73,,,,KEY,X
lock_released,2026-09-23 11:30:29.381,72,,,,PAGE,IX
logout,2026-09-23 11:30:34.475,67,,,,,
logout,2026-09-23 11:30:34.475,68,,,,,
logout,2026-09-23 11:30:34.475,69,,,,,
logout,2026-09-23 11:30:34.475,70,,,,,
logout,2026-09-23 11:30:34.475,71,,,,,
logout,2026-09-23 11:30:34.475,72,,,,,
logout,2026-09-23 11:30:34.475,73,,,,,
logout,2026-09-23 11:30:34.475,74,,,,,
logout,2026-09-23 11:30:34.475,75,,,,,
logout,2026-09-23 11:30:34.475,76,,,,,
logout,2026-09-23 11:30:34.475,77,,,,,
logout,2026-09-23 11:30:34.475,78,,,,,
logout,2026-09-23 11:30:34.475,79,,,,,
logout,2026-09-23 11:30:34.475,80,,,,,
logout,2026-09-23 11:30:34.475,81,,,,,
logout,2026-09-23 11:30:34.475,82,,,,,
logout,2026-09-23 11:30:34.475,83,,,,,
logout,2026-09-23 11:30:34.475,84,,,,,
lock_released,2026-09-23 11:30:34.475,84,,,,OBJECT,IS
lock_released,2026-09-23 11:30:34.475,84,,,,PAGE,S
lock_released,2026-09-23 11:30:34.475,84,,,,DATABASE,S
lock_released,2026-09-23 11:30:34.475,79,,,,KEY,X
lock_released,2026-09-23 11:30:34.475,74,,,,DATABASE,S
lock_released,2026-09-23 11:30:34.475,83,,,,OBJECT,Sch-S
lock_released,2026-09-23 11:30:34.475,67,,,,PAGE,IX
lock_released,2026-09-23 11:30:34.475,75,,,,DATABASE,S
lock_released,2026-09-23 11:30:34.475,75,,,,PAGE,S
lock_released,2026-09-23 11:30:34.475,76,,,,DATABASE,S
lock_released,2026-09-23 11:30:34.475,68,,,,DATABASE,S
lock_released,2026-09-23 11:30:34.475,78,,,,OBJECT,IX
lock_released,2026-09-23 11:30:34.475,79,,,,PAGE,IX
lock_released,2026-09-23 11:30:34.475,71,,,,DATABASE,S
lock_released,2026-09-23 11:30:34.475,84,,,,OBJECT,IX
lock_released,2026-09-23 11:30:34.475,76,,,,OBJECT,IS
lock_released,2026-09-23 11:30:34.475,77,,,,KEY,X
lock_released,2026-09-23 11:30:34.475,72,,,,DATABASE,S
lock_released,2026-09-23 11:30:34.475,73,,,,OBJECT,IS
lock_released,2026-09-23 11:30:34.475,83,,,,DATABASE,S
lock_released,2026-09-23 11:30:34.475,73,,,,DATABASE,S
lock_released,2026-09-23 11:30:34.475,83,,,,METADATA,Sch-S
lock_released,2026-09-23 11:30:34.475,82,,,,OBJECT,Sch-S
lock_released,2026-09-23 11:30:34.475,74,,,,OBJECT,IX
lock_released,2026-09-23 11:30:34.475,67,,,,DATABASE,S
lock_released,2026-09-23 11:30:34.475,72,,,,OBJECT,IS
lock_released,2026-09-23 11:30:34.475,71,,,,OBJECT,IX
lock_released,2026-09-23 11:30:34.475,76,,,,OBJECT,IX
lock_released,2026-09-23 11:30:34.475,79,,,,DATABASE,S
lock_released,2026-09-23 11:30:34.475,81,,,,PAGE,S
lock_released,2026-09-23 11:30:34.475,69,,,,DATABASE,S
lock_released,2026-09-23 11:30:34.475,70,,,,OBJECT,IS
lock_released,2026-09-23 11:30:34.475,73,,,,OBJECT,IX
lock_released,2026-09-23 11:30:34.475,82,,,,DATABASE,S
lock_released,2026-09-23 11:30:34.475,70,,,,DATABASE,S
lock_released,2026-09-23 11:30:34.475,81,,,,OBJECT,IS
lock_released,2026-09-23 11:30:34.475,72,,,,OBJECT,IX
lock_released,2026-09-23 11:30:34.475,81,,,,DATABASE,S
lock_released,2026-09-23 11:30:34.475,82,,,,METADATA,Sch-S
lock_released,2026-09-23 11:30:34.475,78,,,,DATABASE,S
lock_released,2026-09-23 11:30:34.475,79,,,,OBJECT,IX
lock_released,2026-09-23 11:30:34.475,67,,,,OBJECT,IX
lock_released,2026-09-23 11:30:34.475,67,,,,KEY,X
lock_released,2026-09-23 11:30:34.475,77,,,,DATABASE,S
lock_released,2026-09-23 11:30:34.475,70,,,,OBJECT,IX
lock_released,2026-09-23 11:30:34.475,78,,,,OBJECT,IS
lock_released,2026-09-23 11:30:34.475,81,,,,OBJECT,IX
lock_released,2026-09-23 11:30:34.475,80,,,,DATABASE,S
