event_name,timestamp,session_id,login_name,program_name,database_name,_linea,command,duration,cpu_time,logical_reads,writes,wait_type,resource_type,mode,status,process_type
login,2026-09-07 05:07:11.602,64,sa,Microsoft JDBC Driver for SQL Server,SteelNort,"{""event_name"": ""login"", ""timestamp"": ""2026-09-07 05:07:11.602"", ""session_id"": 64, ""login_name"": ""sa"", ""program_name"": ""Microsoft JDBC Driver for SQL Server"", ""database_name"": ""SteelNort""}",0,0.0,0.0,0.0,0.0,0,0,0,0,UNKNOWN
login,2026-09-07 05:07:11.602,65,sa,Microsoft JDBC Driver for SQL Server,SteelNort,"{""event_name"": ""login"", ""timestamp"": ""2026-09-07 05:07:11.602"", ""session_id"": 65, ""login_name"": ""sa"", ""program_name"": ""Microsoft JDBC Driver for SQL Server"", ""database_name"": ""SteelNort""}",0,0.0,0.0,0.0,0.0,0,0,0,0,UNKNOWN
login,2026-09-07 05:07:11.602,66,sa,Microsoft JDBC Driver for SQL Server,SteelNort,"{""event_name"": ""login"", ""timestamp"": ""2026-09-07 05:07:11.602"", ""session_id"": 66, ""login_name"": ""sa"", ""program_name"": ""Microsoft JDBC Driver for SQL Server"", ""database_name"": ""SteelNort""}",0,0.0,0.0,0.0,0.0,0,0,0,0,UNKNOWN
login,2026-09-07 05:07:11.602,67,sa,Microsoft JDBC Driver for SQL Server,SteelNort,"{""event_name"": ""login"", ""timestamp"": ""2026-09-07 05:07:11.602"", ""session_id"": 67, ""login_name"": ""sa"", ""program_name"": ""Microsoft JDBC Driver for SQL Server"", ""database_name"": ""SteelNort""}",0,0.0,0.0,0.0,0.0,0,0,0,0,UNKNOWN
login,2026-09-07 05:07:11.602,68,sa,Microsoft JDBC Driver for SQL Server,SteelNort,"{""event_name"": ""login"", ""timestamp"": ""2026-09-07 05:07:11.602"", ""session_id"": 68, ""login_name"": ""sa"", ""program_name"": ""Microsoft JDBC Driver for SQL Server"", ""database_name"": ""SteelNort""}",0,0.0,0.0,0.0,0.0,0,0,0,0,UNKNOWN
login,2026-09-07 05:07:11.602,69,NT AUTHORITY\SYSTEM,SQLServerCEIP,SteelNort,"{""event_name"": ""login"", ""timestamp"": ""2026-09-07 05:07:11.602"", ""session_id"": 69, ""login_name"": ""NT AUTHORITY\\SYSTEM"", ""program_name"": ""SQLServerCEIP"", ""database_name"": ""SteelNort""}",0,0.0,0.0,0.0,0.0,0,0,0,0,UNKNOWN
login,2026-09-07 05:07:11.602,70,sa,unknown,SteelNort,"{""event_name"": ""login"", ""timestamp"": ""2026-09-07 05:07:11.602"", ""session_id"": 70, ""login_name"": ""sa"", ""program_name"": ""unknown"", ""database_name"": ""SteelNort""}",0,0.0,0.0,0.0,0.0,0,0,0,0,UNKNOWN
login,2026-09-07 05:07:11.602,71,sa,unknown,SteelNort,"{""event_name"": ""login"", ""timestamp"": ""2026-09-07 05:07:11.602"", ""session_id"": 71, ""login_name"": ""sa"", ""program_name"": ""unknown"", ""database_name"": ""SteelNort""}",0,0.0,0.0,0.0,0.0,0,0,0,0,UNKNOWN
login,2026-09-07 05:07:11.602,72,sa,unknown,SteelNort,"{""event_name"": ""login"", ""timestamp"": ""2026-09-07 05:07:11.602"", ""session_id"": 72, ""login_name"": ""sa"", ""program_name"": ""unknown"", ""database_name"": ""SteelNort""}",0,0.0,0.0,0.0,0.0,0,0,0,0,UNKNOWN
login,2026-09-07 05:07:11.602,73,sa,unknown,SteelNort,"{""event_name"": ""login"", ""timestamp"": ""2026-09-07 05:07:11.602"", ""session_id"": 73, ""login_name"": ""sa"", ""program_name"": ""unknown"", ""database_name"": ""SteelNort""}",0,0.0,0.0,0.0,0.0,0,0,0,0,UNKNOWN
login,2026-09-07 05:07:11.602,74,sa,unknown,SteelNort,"{""event_name"": ""login"", ""timestamp"": ""2026-09-07 05:07:11.602"", ""session_id"": 74, ""login_name"": ""sa"", ""program_name"": ""unknown"", ""database_name"": ""SteelNort""}",0,0.0,0.0,0.0,0.0,0,0,0,0,UNKNOWN
login,2026-09-07 05:07:11.602,75,sa,unknown,SteelNort,"{""event_name"": ""login"", ""timestamp"": ""2026-09-07 05:07:11.602"", ""session_id"": 75, ""login_name"": ""sa"", ""program_name"": ""unknown"", ""database_name"": ""SteelNort""}",0,0.0,0.0,0.0,0.0,0,0,0,0,UNKNOWN
login,2026-09-07 05:07:11.602,76,sa,python3.11,SteelNort,"{""event_name"": ""login"", ""timestamp"": ""2026-09-07 05:07:11.602"", ""session_id"": 76, ""login_name"": ""sa"", ""program_name"": ""python3.11"", ""database_name"": ""SteelNort""}",0,0.0,0.0,0.0,0.0,0,0,0,0,UNKNOWN
login,2026-09-07 05:07:11.602,77,sa,python3.11,SteelNort,"{""event_name"": ""login"", ""timestamp"": ""2026-09-07 05:07:11.602"", ""session_id"": 77, ""login_name"": ""sa"", ""program_name"": ""python3.11"", ""database_name"": ""SteelNort""}",0,0.0,0.0,0.0,0.0,0,0,0,0,UNKNOWN
login,2026-09-07 05:07:11.602,78,sa,python3.11,SteelNort,"{""event_name"": ""login"", ""timestamp"": ""2026-09-07 05:07:11.602"", ""session_id"": 78, ""login_name"": ""sa"", ""program_name"": ""python3.11"", ""database_name"": ""SteelNort""}",0,0.0,0.0,0.0,0.0,0,0,0,0,UNKNOWN
login,2026-09-07 05:07:11.602,51,sa,Microsoft JDBC Driver for SQL Server,SteelNort,"{""event_name"": ""login"", ""timestamp"": ""2026-09-07 05:07:11.602"", ""session_id"": 51, ""login_name"": ""sa"", ""program_name"": ""Microsoft JDBC Driver for SQL Server"", ""database_name"": ""SteelNort""}",0,0.0,0.0,0.0,0.0,0,0,0,0,UNKNOWN
login,2026-09-07 05:07:11.602,52,sa,Microsoft JDBC Driver for SQL Server,SteelNort,"{""event_name"": ""login"", ""timestamp"": ""2026-09-07 05:07:11.602"", ""session_id"": 52, ""login_name"": ""sa"", ""program_name"": ""Microsoft JDBC Driver for SQL Server"", ""database_name"": ""SteelNort""}",0,0.0,0.0,0.0,0.0,0,0,0,0,UNKNOWN
login,2026-09-07 05:07:11.602,53,sa,unknown,SteelNort,"{""event_name"": ""login"", ""timestamp"": ""2026-09-07 05:07:11.602"", ""session_id"": 53, ""login_name"": ""sa"", ""program_name"": ""unknown"", ""database_name"": ""SteelNort""}",0,0.0,0.0,0.0,0.0,0,0,0,0,UNKNOWN
login,2026-09-07 05:07:11.602,54,sa,unknown,SteelNort,"{""event_name"": ""login"", ""timestamp"": ""2026-09-07 05:07:11.602"", ""session_id"": 54, ""login_name"": ""sa"", ""program_name"": ""unknown"", ""database_name"": ""SteelNort""}",0,0.0,0.0,0.0,0.0,0,0,0,0,UNKNOWN
login,2026-09-07 05:07:11.602,55,sa,unknown,SteelNort,"{""event_name"": ""login"", ""timestamp"": ""2026-09-07 05:07:11.602"", ""session_id"": 55, ""login_name"": ""sa"", ""program_name"": ""unknown"", ""database_name"": ""SteelNort""}",0,0.0,0.0,0.0,0.0,0,0,0,0,UNKNOWN
login,2026-09-07 05:07:11.602,56,sa,unknown,SteelNort,"{""event_name"": ""login"", ""timestamp"": ""2026-09-07 05:07:11.602"", ""session_id"": 56, ""login_name"": ""sa"", ""program_name"": ""unknown"", ""database_name"": ""SteelNort""}",0,0.0,0.0,0.0,0.0,0,0,0,0,UNKNOWN
login,2026-09-07 05:07:11.602,57,sa,unknown,SteelNort,"{""event_name"": ""login"", ""timestamp"": ""2026-09-07 05:07:11.602"", ""session_id"": 57, ""login_name"": ""sa"", ""program_name"": ""unknown"", ""database_name"": ""SteelNort""}",0,0.0,0.0,0.0,0.0,0,0,0,0,UNKNOWN
login,2026-09-07 05:07:11.602,58,sa,unknown,SteelNort,"{""event_name"": ""login"", ""timestamp"": ""2026-09-07 05:07:11.602"", ""session_id"": 58, ""login_name"": ""sa"", ""program_name"": ""unknown"", ""database_name"": ""SteelNort""}",0,0.0,0.0,0.0,0.0,0,0,0,0,UNKNOWN
login,2026-09-07 05:07:11.602,59,sa,unknown,SteelNort,"{""event_name"": ""login"", ""timestamp"": ""2026-09-07 05:07:11.602"", ""session_id"": 59, ""login_name"": ""sa"", ""program_name"": ""unknown"", ""database_name"": ""SteelNort""}",0,0.0,0.0,0.0,0.0,0,0,0,0,UNKNOWN
login,2026-09-07 05:07:11.602,60,sa,Microsoft JDBC Driver for SQL Server,SteelNort,"{""event_name"": ""login"", ""timestamp"": ""2026-09-07 05:07:11.602"", ""session_id"": 60, ""login_name"": ""sa"", ""program_name"": ""Microsoft JDBC Driver for SQL Server"", ""database_name"": ""SteelNort""}",0,0.0,0.0,0.0,0.0,0,0,0,0,UNKNOWN
login,2026-09-07 05:07:11.602,61,sa,unknown,SteelNort,"{""event_name"": ""login"", ""timestamp"": ""2026-09-07 05:07:11.602"", ""session_id"": 61, ""login_name"": ""sa"", ""program_name"": ""unknown"", ""database_name"": ""SteelNort""}",0,0.0,0.0,0.0,0.0,0,0,0,0,UNKNOWN
login,2026-09-07 05:07:11.602,62,sa,Microsoft JDBC Driver for SQL Server,SteelNort,"{""event_name"": ""login"", ""timestamp"": ""2026-09-07 05:07:11.602"", ""session_id"": 62, ""login_name"": ""sa"", ""program_name"": ""Microsoft JDBC Driver for SQL Server"", ""database_name"": ""SteelNort""}",0,0.0,0.0,0.0,0.0,0,0,0,0,UNKNOWN
login,2026-09-07 05:07:11.602,63,sa,Microsoft JDBC Driver for SQL Server,SteelNort,"{""event_name"": ""login"", ""timestamp"": ""2026-09-07 05:07:11.602"", ""session_id"": 63, ""login_name"": ""sa"", ""program_name"": ""Microsoft JDBC Driver for SQL Server"", ""database_name"": ""SteelNort""}",0,0.0,0.0,0.0,0.0,0,0,0,0,UNKNOWN
sql_batch_completed,2026-09-07 05:07:11.602,53,0,0,master,"{""event_name"": ""sql_batch_completed"", ""timestamp"": ""2026-09-07 05:07:11.602"", ""database_name"": ""master"", ""session_id"": 53, ""command"": ""TRACE QUEUE TASK"", ""duration"": 2719429, ""cpu_time"": 59, ""logical_reads"": 0, ""writes"": 0, ""wait_type"": ""SQLTRACE_INCREMENTAL_FLUSH_SLEEP""}",TRACE QUEUE TASK,2719429.0,59.0,0.0,0.0,SQLTRACE_INCREMENTAL_FLUSH_SLEEP,0,0,0,SQL_SERVER_INTERNAL
sql_batch_completed,2026-09-07 05:07:11.602,54,0,0,SteelNort,"{""event_name"": ""sql_batch_completed"", ""timestamp"": ""2026-09-07 05:07:11.602"", ""database_name"": ""SteelNort"", ""session_id"": 54, ""command"": ""SYSTEM_HEALTH_MONITOR"", ""duration"": 2719430, ""cpu_time"": 10, ""logical_reads"": 0, ""writes"": 0, ""wait_type"": ""SP_SERVER_DIAGNOSTICS_SLEEP""}",SYSTEM_HEALTH_MONITOR,2719430.0,10.0,0.0,0.0,SP_SERVER_DIAGNOSTICS_SLEEP,0,0,0,SQL_SERVER_INTERNAL
sql_batch_completed,2026-09-07 05:07:11.602,55,0,0,master,"{""event_name"": ""sql_batch_completed"", ""timestamp"": ""2026-09-07 05:07:11.602"", ""database_name"": ""master"", ""session_id"": 55, ""command"": ""TASK MANAGER"", ""duration"": 2719337, ""cpu_time"": 0, ""logical_reads"": 0, ""writes"": 0, ""wait_type"": ""ONDEMAND_TASK_QUEUE""}",TASK MANAGER,2719337.0,0.0,0.0,0.0,ONDEMAND_TASK_QUEUE,0,0,0,SQL_SERVER_INTERNAL
sql_batch_completed,2026-09-07 05:07:11.602,56,0,0,master,"{""event_name"": ""sql_batch_completed"", ""timestamp"": ""2026-09-07 05:07:11.602"", ""database_name"": ""master"", ""session_id"": 56, ""command"": ""CHECKPOINT"", ""duration"": 2719338, ""cpu_time"": 7, ""logical_reads"": 0, ""writes"": 6, ""wait_type"": ""CHECKPOINT_QUEUE""}",CHECKPOINT,2719338.0,7.0,0.0,6.0,CHECKPOINT_QUEUE,0,0,0,SQL_SERVER_INTERNAL
sql_batch_completed,2026-09-07 05:07:11.602,57,0,0,master,"{""event_name"": ""sql_batch_completed"", ""timestamp"": ""2026-09-07 05:07:11.602"", ""database_name"": ""master"", ""session_id"": 57, ""command"": ""BRKR EVENT HNDLR"", ""duration"": 2717669, ""cpu_time"": 5, ""logical_reads"": 16, ""writes"": 3, ""wait_type"": ""BROKER_EVENTHANDLER""}",BRKR EVENT HNDLR,2717669.0,5.0,16.0,3.0,BROKER_EVENTHANDLER,0,0,0,UNKNOWN
sql_batch_completed,2026-09-07 05:07:11.602,58,0,0,master,"{""event_name"": ""sql_batch_completed"", ""timestamp"": ""2026-09-07 05:07:11.602"", ""database_name"": ""master"", ""session_id"": 58, ""command"": ""BRKR TASK"", ""duration"": 2717665, ""cpu_time"": 315, ""logical_reads"": 0, ""writes"": 0, ""wait_type"": ""BROKER_TO_FLUSH""}",BRKR TASK,2717665.0,315.0,0.0,0.0,BROKER_TO_FLUSH,0,0,0,SQL_SERVER_INTERNAL
sql_batch_completed,2026-09-07 05:07:11.602,59,0,0,master,"{""event_name"": ""sql_batch_completed"", ""timestamp"": ""2026-09-07 05:07:11.602"", ""database_name"": ""master"", ""session_id"": 59, ""command"": ""BRKR TASK"", ""duration"": 2717666, ""cpu_time"": 900, ""logical_reads"": 0, ""writes"": 0, ""wait_type"": ""HADR_FILESTREAM_IOMGR_IOCOMPLETION""}",BRKR TASK,2717666.0,900.0,0.0,0.0,HADR_FILESTREAM_IOMGR_IOCOMPLETION,0,0,0,SQL_SERVER_INTERNAL
sql_batch_completed,2026-09-07 05:07:11.602,60,0,0,SteelNort,"{""event_name"": ""sql_batch_completed"", ""timestamp"": ""2026-09-07 05:07:11.602"", ""database_name"": ""SteelNort"", ""session_id"": 60, ""command"": ""SELECT"", ""duration"": -9, ""cpu_time"": 6, ""logical_reads"": 0, ""writes"": 0}",SELECT,-9.0,6.0,0.0,0.0,0,0,0,0,USER
sql_batch_completed,2026-09-07 05:07:11.602,61,0,0,SteelNort,"{""event_name"": ""sql_batch_completed"", ""timestamp"": ""2026-09-07 05:07:11.602"", ""database_name"": ""SteelNort"", ""session_id"": 61, ""command"": ""HADR_AR_MGR_NOTIFICATION_WORKER"", ""duration"": 2719325, ""cpu_time"": 0, ""logical_reads"": 0, ""writes"": 0, ""wait_type"": ""HADR_NOTIFICATION_DEQUEUE""}",HADR_AR_MGR_NOTIFICATION_WORKER,2719325.0,0.0,0.0,0.0,HADR_NOTIFICATION_DEQUEUE,0,0,0,SQL_SERVER_INTERNAL
sql_batch_completed,2026-09-07 05:07:11.602,70,0,0,master,"{""event_name"": ""sql_batch_completed"", ""timestamp"": ""2026-09-07 05:07:11.602"", ""database_name"": ""master"", ""session_id"": 70, ""command"": ""TASK MANAGER"", ""duration"": 118379, ""cpu_time"": 0, ""logical_reads"": 0, ""writes"": 0}",TASK MANAGER,118379.0,0.0,0.0,0.0,0,0,0,0,SQL_SERVER_INTERNAL
sql_batch_completed,2026-09-07 05:07:11.602,71,0,0,master,"{""event_name"": ""sql_batch_completed"", ""timestamp"": ""2026-09-07 05:07:11.602"", ""database_name"": ""master"", ""session_id"": 71, ""command"": ""TASK MANAGER"", ""duration"": 118374, ""cpu_time"": 0, ""logical_reads"": 0, ""writes"": 0}",TASK MANAGER,118374.0,0.0,0.0,0.0,0,0,0,0,SQL_SERVER_INTERNAL
sql_batch_completed,2026-09-07 05:07:11.602,72,0,0,master,"{""event_name"": ""sql_batch_completed"", ""timestamp"": ""2026-09-07 05:07:11.602"", ""database_name"": ""master"", ""session_id"": 72, ""command"": ""TASK MANAGER"", ""duration"": 118374, ""cpu_time"": 0, ""logical_reads"": 0, ""writes"": 0}",TASK MANAGER,118374.0,0.0,0.0,0.0,0,0,0,0,SQL_SERVER_INTERNAL
sql_batch_completed,2026-09-07 05:07:11.602,73,0,0,master,"{""event_name"": ""sql_batch_completed"", ""timestamp"": ""2026-09-07 05:07:11.602"", ""database_name"": ""master"", ""session_id"": 73, ""command"": ""TASK MANAGER"", ""duration"": 408075, ""cpu_time"": 0, ""logical_reads"": 0, ""writes"": 0}",TASK MANAGER,408075.0,0.0,0.0,0.0,0,0,0,0,SQL_SERVER_INTERNAL
sql_batch_completed,2026-09-07 05:07:11.602,74,0,0,master,"{""event_name"": ""sql_batch_completed"", ""timestamp"": ""2026-09-07 05:07:11.602"", ""database_name"": ""master"", ""session_id"": 74, ""command"": ""TASK MANAGER"", ""duration"": 408072, ""cpu_time"": 0, ""logical_reads"": 0, ""writes"": 0}",TASK MANAGER,408072.0,0.0,0.0,0.0,0,0,0,0,SQL_SERVER_INTERNAL
sql_batch_completed,2026-09-07 05:07:11.602,75,0,0,master,"{""event_name"": ""sql_batch_completed"", ""timestamp"": ""2026-09-07 05:07:11.602"", ""database_name"": ""master"", ""session_id"": 75, ""command"": ""TASK MANAGER"", ""duration"": 118376, ""cpu_time"": 0, ""logical_reads"": 0, ""writes"": 0}",TASK MANAGER,118376.0,0.0,0.0,0.0,0,0,0,0,SQL_SERVER_INTERNAL
sql_batch_completed,2026-09-07 05:07:11.602,76,0,0,SteelNort,"{""event_name"": ""sql_batch_completed"", ""timestamp"": ""2026-09-07 05:07:11.602"", ""database_name"": ""SteelNort"", ""session_id"": 76, ""command"": ""SELECT"", ""duration"": -6, ""cpu_time"": 0, ""logical_reads"": 0, ""writes"": 0}",SELECT,-6.0,0.0,0.0,0.0,0,0,0,0,USER
sql_batch_completed,2026-09-07 05:07:11.602,77,0,0,SteelNort,"{""event_name"": ""sql_batch_completed"", ""timestamp"": ""2026-09-07 05:07:11.602"", ""database_name"": ""SteelNort"", ""session_id"": 77, ""command"": ""EXECUTE"", ""duration"": 34, ""cpu_time"": 38, ""logical_reads"": 0, ""writes"": 0, ""wait_type"": ""MSQL_XP""}",EXECUTE,34.0,38.0,0.0,0.0,MSQL_XP,0,0,0,USER
sql_batch_completed,2026-09-07 05:07:11.602,78,0,0,SteelNort,"{""event_name"": ""sql_batch_completed"", ""timestamp"": ""2026-09-07 05:07:11.602"", ""database_name"": ""SteelNort"", ""session_id"": 78, ""command"": ""SELECT"", ""duration"": -4, ""cpu_time"": 0, ""logical_reads"": 0, ""writes"": 0}",SELECT,-4.0,0.0,0.0,0.0,0,0,0,0,USER
lock_acquired,2026-09-07 05:07:11.602,62,0,0,0,"{""event_name"": ""lock_acquired"", ""timestamp"": ""2026-09-07 05:07:11.602"", ""session_id"": 62, ""resource_type"": ""DATABASE"", ""mode"": ""S""}",0,0.0,0.0,0.0,0.0,0,DATABASE,S,0,UNKNOWN
lock_acquired,2026-09-07 05:07:11.602,78,0,0,0,"{""event_name"": ""lock_acquired"", ""timestamp"": ""2026-09-07 05:07:11.602"", ""session_id"": 78, ""resource_type"": ""DATABASE"", ""mode"": ""S""}",0,0.0,0.0,0.0,0.0,0,DATABASE,S,0,UNKNOWN
lock_acquired,2026-09-07 05:07:11.602,51,0,0,0,"{""event_name"": ""lock_acquired"", ""timestamp"": ""2026-09-07 05:07:11.602"", ""session_id"": 51, ""resource_type"": ""DATABASE"", ""mode"": ""S""}",0,0.0,0.0,0.0,0.0,0,DATABASE,S,0,UNKNOWN
lock_acquired,2026-09-07 05:07:11.602,63,0,0,0,"{""event_name"": ""lock_acquired"", ""timestamp"": ""2026-09-07 05:07:11.602"", ""session_id"": 63, ""resource_type"": ""DATABASE"", ""mode"": ""S""}",0,0.0,0.0,0.0,0.0,0,DATABASE,S,0,UNKNOWN
lock_acquired,2026-09-07 05:07:11.602,60,0,0,0,"{""event_name"": ""lock_acquired"", ""timestamp"": ""2026-09-07 05:07:11.602"", ""session_id"": 60, ""resource_type"": ""DATABASE"", ""mode"": ""S""}",0,0.0,0.0,0.0,0.0,0,DATABASE,S,0,UNKNOWN
lock_acquired,2026-09-07 05:07:11.602,66,0,0,0,"{""event_name"": ""lock_acquired"", ""timestamp"": ""2026-09-07 05:07:11.602"", ""session_id"": 66, ""resource_type"": ""DATABASE"", ""mode"": ""S""}",0,0.0,0.0,0.0,0.0,0,DATABASE,S,0,UNKNOWN
lock_acquired,2026-09-07 05:07:11.602,76,0,0,0,"{""event_name"": ""lock_acquired"", ""timestamp"": ""2026-09-07 05:07:11.602"", ""session_id"": 76, ""resource_type"": ""DATABASE"", ""mode"": ""S""}",0,0.0,0.0,0.0,0.0,0,DATABASE,S,0,UNKNOWN
lock_acquired,2026-09-07 05:07:11.602,64,0,0,0,"{""event_name"": ""lock_acquired"", ""timestamp"": ""2026-09-07 05:07:11.602"", ""session_id"": 64, ""resource_type"": ""DATABASE"", ""mode"": ""S""}",0,0.0,0.0,0.0,0.0,0,DATABASE,S,0,UNKNOWN
lock_acquired,2026-09-07 05:07:11.602,77,0,0,0,"{""event_name"": ""lock_acquired"", ""timestamp"": ""2026-09-07 05:07:11.602"", ""session_id"": 77, ""resource_type"": ""DATABASE"", ""mode"": ""S""}",0,0.0,0.0,0.0,0.0,0,DATABASE,S,0,UNKNOWN
lock_acquired,2026-09-07 05:07:11.602,52,0,0,0,"{""event_name"": ""lock_acquired"", ""timestamp"": ""2026-09-07 05:07:11.602"", ""session_id"": 52, ""resource_type"": ""DATABASE"", ""mode"": ""S""}",0,0.0,0.0,0.0,0.0,0,DATABASE,S,0,UNKNOWN
lock_acquired,2026-09-07 05:07:11.602,67,0,0,0,"{""event_name"": ""lock_acquired"", ""timestamp"": ""2026-09-07 05:07:11.602"", ""session_id"": 67, ""resource_type"": ""DATABASE"", ""mode"": ""S""}",0,0.0,0.0,0.0,0.0,0,DATABASE,S,0,UNKNOWN
lock_acquired,2026-09-07 05:07:11.602,68,0,0,0,"{""event_name"": ""lock_acquired"", ""timestamp"": ""2026-09-07 05:07:11.602"", ""session_id"": 68, ""resource_type"": ""DATABASE"", ""mode"": ""S""}",0,0.0,0.0,0.0,0.0,0,DATABASE,S,0,UNKNOWN
lock_acquired,2026-09-07 05:07:11.602,78,0,0,0,"{""event_name"": ""lock_acquired"", ""timestamp"": ""2026-09-07 05:07:11.602"", ""session_id"": 78, ""resource_type"": ""OBJECT"", ""mode"": ""Sch-S""}",0,0.0,0.0,0.0,0.0,0,OBJECT,Sch-S,0,UNKNOWN
lock_acquired,2026-09-07 05:07:11.602,65,0,0,0,"{""event_name"": ""lock_acquired"", ""timestamp"": ""2026-09-07 05:07:11.602"", ""session_id"": 65, ""resource_type"": ""DATABASE"", ""mode"": ""S""}",0,0.0,0.0,0.0,0.0,0,DATABASE,S,0,UNKNOWN
sql_batch_completed,2026-09-07 05:07:13.684,60,0,0,SteelNort,"{""event_name"": ""sql_batch_completed"", ""timestamp"": ""2026-09-07 05:07:13.684"", ""database_name"": ""SteelNort"", ""session_id"": 60, ""command"": ""SELECT"", ""duration"": 2030, ""cpu_time"": 6, ""logical_reads"": 0, ""writes"": 0, ""status"": ""completed""}",SELECT,2030.0,6.0,0.0,0.0,0,0,0,completed,USER
sql_batch_completed,2026-09-07 05:07:13.684,77,0,0,SteelNort,"{""event_name"": ""sql_batch_completed"", ""timestamp"": ""2026-09-07 05:07:13.684"", ""database_name"": ""SteelNort"", ""session_id"": 77, ""command"": ""EXECUTE"", ""duration"": 2065, ""cpu_time"": 38, ""logical_reads"": 0, ""writes"": 0, ""status"": ""completed""}",EXECUTE,2065.0,38.0,0.0,0.0,0,0,0,completed,USER
sql_batch_completed,2026-09-07 05:07:13.684,78,0,0,SteelNort,"{""event_name"": ""sql_batch_completed"", ""timestamp"": ""2026-09-07 05:07:13.684"", ""database_name"": ""SteelNort"", ""session_id"": 78, ""command"": ""SELECT"", ""duration"": 2026, ""cpu_time"": 0, ""logical_reads"": 0, ""writes"": 0, ""status"": ""completed""}",SELECT,2026.0,0.0,0.0,0.0,0,0,0,completed,USER
lock_released,2026-09-07 05:07:13.684,78,0,0,0,"{""event_name"": ""lock_released"", ""timestamp"": ""2026-09-07 05:07:13.684"", ""session_id"": 78, ""resource_type"": ""OBJECT"", ""mode"": ""Sch-S""}",0,0.0,0.0,0.0,0.0,0,OBJECT,Sch-S,0,UNKNOWN
login,2026-09-07 05:07:15.716,79,795ec2146175\Administrator,Microsoft SQL Server,SteelNort,"{""event_name"": ""login"", ""timestamp"": ""2026-09-07 05:07:15.716"", ""session_id"": 79, ""login_name"": ""795ec2146175\\Administrator"", ""program_name"": ""Microsoft SQL Server"", ""database_name"": ""SteelNort""}",0,0.0,0.0,0.0,0.0,0,0,0,0,UNKNOWN
sql_batch_completed,2026-09-07 05:07:15.716,62,0,0,SteelNort,"{""event_name"": ""sql_batch_completed"", ""timestamp"": ""2026-09-07 05:07:15.716"", ""database_name"": ""SteelNort"", ""session_id"": 62, ""command"": ""SELECT"", ""duration"": 809, ""cpu_time"": 454, ""logical_reads"": 0, ""writes"": 0}",SELECT,809.0,454.0,0.0,0.0,0,0,0,0,USER
sql_batch_completed,2026-09-07 05:07:15.716,64,0,0,SteelNort,"{""event_name"": ""sql_batch_completed"", ""timestamp"": ""2026-09-07 05:07:15.716"", ""database_name"": ""SteelNort"", ""session_id"": 64, ""command"": ""SELECT"", ""duration"": 362, ""cpu_time"": 89, ""logical_reads"": 0, ""writes"": 0}",SELECT,362.0,89.0,0.0,0.0,0,0,0,0,USER
sql_batch_completed,2026-09-07 05:07:15.716,77,0,0,SteelNort,"{""event_name"": ""sql_batch_completed"", ""timestamp"": ""2026-09-07 05:07:15.716"", ""database_name"": ""SteelNort"", ""session_id"": 77, ""command"": ""EXECUTE"", ""duration"": 1036, ""cpu_time"": 305, ""logical_reads"": 0, ""writes"": 0, ""wait_type"": ""MSQL_XP""}",EXECUTE,1036.0,305.0,0.0,0.0,MSQL_XP,0,0,0,USER
sql_batch_completed,2026-09-07 05:07:15.716,78,0,0,SteelNort,"{""event_name"": ""sql_batch_completed"", ""timestamp"": ""2026-09-07 05:07:15.716"", ""database_name"": ""SteelNort"", ""session_id"": 78, ""command"": ""SELECT"", ""duration"": 100, ""cpu_time"": 9, ""logical_reads"": 0, ""writes"": 0}",SELECT,100.0,9.0,0.0,0.0,0,0,0,0,USER
lock_acquired,2026-09-07 05:07:15.716,52,0,0,0,"{""event_name"": ""lock_acquired"", ""timestamp"": ""2026-09-07 05:07:15.716"", ""session_id"": 52, ""resource_type"": ""RID"", ""mode"": ""X""}",0,0.0,0.0,0.0,0.0,0,RID,X,0,UNKNOWN
lock_acquired,2026-09-07 05:07:15.716,67,0,0,0,"{""event_name"": ""lock_acquired"", ""timestamp"": ""2026-09-07 05:07:15.716"", ""session_id"": 67, ""resource_type"": ""PAGE"", ""mode"": ""IX""}",0,0.0,0.0,0.0,0.0,0,PAGE,IX,0,UNKNOWN
lock_acquired,2026-09-07 05:07:15.716,64,0,0,0,"{""event_name"": ""lock_acquired"", ""timestamp"": ""2026-09-07 05:07:15.716"", ""session_id"": 64, ""resource_type"": ""RID"", ""mode"": ""S""}",0,0.0,0.0,0.0,0.0,0,RID,S,0,UNKNOWN
lock_acquired,2026-09-07 05:07:15.716,51,0,0,0,"{""event_name"": ""lock_acquired"", ""timestamp"": ""2026-09-07 05:07:15.716"", ""session_id"": 51, ""resource_type"": ""PAGE"", ""mode"": ""IX""}",0,0.0,0.0,0.0,0.0,0,PAGE,IX,0,UNKNOWN
lock_acquired,2026-09-07 05:07:15.716,62,0,0,0,"{""event_name"": ""lock_acquired"", ""timestamp"": ""2026-09-07 05:07:15.716"", ""session_id"": 62, ""resource_type"": ""PAGE"", ""mode"": ""IS""}",0,0.0,0.0,0.0,0.0,0,PAGE,IS,0,UNKNOWN
lock_acquired,2026-09-07 05:07:15.716,67,0,0,0,"{""event_name"": ""lock_acquired"", ""timestamp"": ""2026-09-07 05:07:15.716"", ""session_id"": 67, ""resource_type"": ""KEY"", ""mode"": ""X""}",0,0.0,0.0,0.0,0.0,0,KEY,X,0,UNKNOWN
lock_acquired,2026-09-07 05:07:15.716,64,0,0,0,"{""event_name"": ""lock_acquired"", ""timestamp"": ""2026-09-07 05:07:15.716"", ""session_id"": 64, ""resource_type"": ""OBJECT"", ""mode"": ""IS""}",0,0.0,0.0,0.0,0.0,0,OBJECT,IS,0,UNKNOWN
lock_acquired,2026-09-07 05:07:15.716,51,0,0,0,"{""event_name"": ""lock_acquired"", ""timestamp"": ""2026-09-07 05:07:15.716"", ""session_id"": 51, ""resource_type"": ""KEY"", ""mode"": ""X""}",0,0.0,0.0,0.0,0.0,0,KEY,X,0,UNKNOWN
lock_acquired,2026-09-07 05:07:15.716,51,0,0,0,"{""event_name"": ""lock_acquired"", ""timestamp"": ""2026-09-07 05:07:15.716"", ""session_id"": 51, ""resource_type"": ""RID"", ""mode"": ""X""}",0,0.0,0.0,0.0,0.0,0,RID,X,0,UNKNOWN
lock_acquired,2026-09-07 05:07:15.716,52,0,0,0,"{""event_name"": ""lock_acquired"", ""timestamp"": ""2026-09-07 05:07:15.716"", ""session_id"": 52, ""resource_type"": ""PAGE"", ""mode"": ""IX""}",0,0.0,0.0,0.0,0.0,0,PAGE,IX,0,UNKNOWN
lock_acquired,2026-09-07 05:07:15.716,52,0,0,0,"{""event_name"": ""lock_acquired"", ""timestamp"": ""2026-09-07 05:07:15.716"", ""session_id"": 52, ""resource_type"": ""KEY"", ""mode"": ""X""}",0,0.0,0.0,0.0,0.0,0,KEY,X,0,UNKNOWN
lock_acquired,2026-09-07 05:07:15.716,67,0,0,0,"{""event_name"": ""lock_acquired"", ""timestamp"": ""2026-09-07 05:07:15.716"", ""session_id"": 67, ""resource_type"": ""OBJECT"", ""mode"": ""IX""}",0,0.0,0.0,0.0,0.0,0,OBJECT,IX,0,UNKNOWN
lock_acquired,2026-09-07 05:07:15.716,62,0,0,0,"{""event_name"": ""lock_acquired"", ""timestamp"": ""2026-09-07 05:07:15.716"", ""session_id"": 62, ""resource_type"": ""OBJECT"", ""mode"": ""IS""}",0,0.0,0.0,0.0,0.0,0,OBJECT,IS,0,UNKNOWN
lock_acquired,2026-09-07 05:07:15.716,52,0,0,0,"{""event_name"": ""lock_acquired"", ""timestamp"": ""2026-09-07 05:07:15.716"", ""session_id"": 52, ""resource_type"": ""OBJECT"", ""mode"": ""IX""}",0,0.0,0.0,0.0,0.0,0,OBJECT,IX,0,UNKNOWN
lock_acquired,2026-09-07 05:07:15.716,63,0,0,0,"{""event_name"": ""lock_acquired"", ""timestamp"": ""2026-09-07 05:07:15.716"", ""session_id"": 63, ""resource_type"": ""PAGE"", ""mode"": ""IS""}",0,0.0,0.0,0.0,0.0,0,PAGE,IS,0,UNKNOWN
lock_acquired,2026-09-07 05:07:15.716,67,0,0,0,"{""event_name"": ""lock_acquired"", ""timestamp"": ""2026-09-07 05:07:15.716"", ""session_id"": 67, ""resource_type"": ""RID"", ""mode"": ""X""}",0,0.0,0.0,0.0,0.0,0,RID,X,0,UNKNOWN
lock_acquired,2026-09-07 05:07:15.716,64,0,0,0,"{""event_name"": ""lock_acquired"", ""timestamp"": ""2026-09-07 05:07:15.716"", ""session_id"": 64, ""resource_type"": ""PAGE"", ""mode"": ""IS""}",0,0.0,0.0,0.0,0.0,0,PAGE,IS,0,UNKNOWN
sql_batch_completed,2026-09-07 05:07:19.511,64,0,0,SteelNort,"{""event_name"": ""sql_batch_completed"", ""timestamp"": ""2026-09-07 05:07:19.511"", ""database_name"": ""SteelNort"", ""session_id"": 64, ""command"": ""SELECT"", ""duration"": 3690, ""cpu_time"": 89, ""logical_reads"": 0, ""writes"": 0, ""status"": ""completed""}",SELECT,3690.0,89.0,0.0,0.0,0,0,0,completed,USER
sql_batch_completed,2026-09-07 05:07:19.511,62,0,0,SteelNort,"{""event_name"": ""sql_batch_completed"", ""timestamp"": ""2026-09-07 05:07:19.511"", ""database_name"": ""SteelNort"", ""session_id"": 62, ""command"": ""SELECT"", ""duration"": 4178, ""cpu_time"": 454, ""logical_reads"": 0, ""writes"": 0, ""status"": ""completed""}",SELECT,4178.0,454.0,0.0,0.0,0,0,0,completed,USER
lock_acquired,2026-09-07 05:07:19.511,51,0,0,0,"{""event_name"": ""lock_acquired"", ""timestamp"": ""2026-09-07 05:07:19.511"", ""session_id"": 51, ""resource_type"": ""RID"", ""mode"": ""S""}",0,0.0,0.0,0.0,0.0,0,RID,S,0,UNKNOWN
lock_acquired,2026-09-07 05:07:19.511,51,0,0,0,"{""event_name"": ""lock_acquired"", ""timestamp"": ""2026-09-07 05:07:19.511"", ""session_id"": 51, ""resource_type"": ""PAGE"", ""mode"": ""IS""}",0,0.0,0.0,0.0,0.0,0,PAGE,IS,0,UNKNOWN
lock_acquired,2026-09-07 05:07:19.511,51,0,0,0,"{""event_name"": ""lock_acquired"", ""timestamp"": ""2026-09-07 05:07:19.511"", ""session_id"": 51, ""resource_type"": ""KEY"", ""mode"": ""S""}",0,0.0,0.0,0.0,0.0,0,KEY,S,0,UNKNOWN
lock_acquired,2026-09-07 05:07:19.511,51,0,0,0,"{""event_name"": ""lock_acquired"", ""timestamp"": ""2026-09-07 05:07:19.511"", ""session_id"": 51, ""resource_type"": ""OBJECT"", ""mode"": ""IS""}",0,0.0,0.0,0.0,0.0,0,OBJECT,IS,0,UNKNOWN
lock_released,2026-09-07 05:07:19.511,52,0,0,0,"{""event_name"": ""lock_released"", ""timestamp"": ""2026-09-07 05:07:19.511"", ""session_id"": 52, ""resource_type"": ""RID"", ""mode"": ""X""}",0,0.0,0.0,0.0,0.0,0,RID,X,0,UNKNOWN
lock_released,2026-09-07 05:07:19.511,67,0,0,0,"{""event_name"": ""lock_released"", ""timestamp"": ""2026-09-07 05:07:19.511"", ""session_id"": 67, ""resource_type"": ""PAGE"", ""mode"": ""IX""}",0,0.0,0.0,0.0,0.0,0,PAGE,IX,0,UNKNOWN
lock_released,2026-09-07 05:07:19.511,64,0,0,0,"{""event_name"": ""lock_released"", ""timestamp"": ""2026-09-07 05:07:19.511"", ""session_id"": 64, ""resource_type"": ""RID"", ""mode"": ""S""}",0,0.0,0.0,0.0,0.0,0,RID,S,0,UNKNOWN
lock_released,2026-09-07 05:07:19.511,51,0,0,0,"{""event_name"": ""lock_released"", ""timestamp"": ""2026-09-07 05:07:19.511"", ""session_id"": 51, ""resource_type"": ""PAGE"", ""mode"": ""IX""}",0,0.0,0.0,0.0,0.0,0,PAGE,IX,0,UNKNOWN
lock_released,2026-09-07 05:07:19.511,62,0,0,0,"{""event_name"": ""lock_released"", ""timestamp"": ""2026-09-07 05:07:19.511"", ""session_id"": 62, ""resource_type"": ""PAGE"", ""mode"": ""IS""}",0,0.0,0.0,0.0,0.0,0,PAGE,IS,0,UNKNOWN
lock_released,2026-09-07 05:07:19.511,67,0,0,0,"{""event_name"": ""lock_released"", ""timestamp"": ""2026-09-07 05:07:19.511"", ""session_id"": 67, ""resource_type"": ""KEY"", ""mode"": ""X""}",0,0.0,0.0,0.0,0.0,0,KEY,X,0,UNKNOWN
lock_released,2026-09-07 05:07:19.511,64,0,0,0,"{""event_name"": ""lock_released"", ""timestamp"": ""2026-09-07 05:07:19.511"", ""session_id"": 64, ""resource_type"": ""OBJECT"", ""mode"": ""IS""}",0,0.0,0.0,0.0,0.0,0,OBJECT,IS,0,UNKNOWN
lock_released,2026-09-07 05:07:19.511,51,0,0,0,"{""event_name"": ""lock_released"", ""timestamp"": ""2026-09-07 05:07:19.511"", ""session_id"": 51, ""resource_type"": ""KEY"", ""mode"": ""X""}",0,0.0,0.0,0.0,0.0,0,KEY,X,0,UNKNOWN
lock_released,2026-09-07 05:07:19.511,51,0,0,0,"{""event_name"": ""lock_released"", ""timestamp"": ""2026-09-07 05:07:19.511"", ""session_id"": 51, ""resource_type"": ""RID"", ""mode"": ""X""}",0,0.0,0.0,0.0,0.0,0,RID,X,0,UNKNOWN
lock_released,2026-09-07 05:07:19.511,52,0,0,0,"{""event_name"": ""lock_released"", ""timestamp"": ""2026-09-07 05:07:19.511"", ""session_id"": 52, ""resource_type"": ""PAGE"", ""mode"": ""IX""}",0,0.0,0.0,0.0,0.0,0,PAGE,IX,0,UNKNOWN
lock_released,2026-09-07 05:07:19.511,52,0,0,0,"{""event_name"": ""lock_released"", ""timestamp"": ""2026-09-07 05:07:19.511"", ""session_id"": 52, ""resource_type"": ""KEY"", ""mode"": ""X""}",0,0.0,0.0,0.0,0.0,0,KEY,X,0,UNKNOWN
lock_released,2026-09-07 05:07:19.511,67,0,0,0,"{""event_name"": ""lock_released"", ""timestamp"": ""2026-09-07 05:07:19.511"", ""session_id"": 67, ""resource_type"": ""OBJECT"", ""mode"": ""IX""}",0,0.0,0.0,0.0,0.0,0,OBJECT,IX,0,UNKNOWN
lock_released,2026-09-07 05:07:19.511,62,0,0,0,"{""event_name"": ""lock_released"", ""timestamp"": ""2026-09-07 05:07:19.511"", ""session_id"": 62, ""resource_type"": ""OBJECT"", ""mode"": ""IS""}",0,0.0,0.0,0.0,0.0,0,OBJECT,IS,0,UNKNOWN
lock_released,2026-09-07 05:07:19.511,52,0,0,0,"{""event_name"": ""lock_released"", ""timestamp"": ""2026-09-07 05:07:19.511"", ""session_id"": 52, ""resource_type"": ""OBJECT"", ""mode"": ""IX""}",0,0.0,0.0,0.0,0.0,0,OBJECT,IX,0,UNKNOWN
lock_released,2026-09-07 05:07:19.511,63,0,0,0,"{""event_name"": ""lock_released"", ""timestamp"": ""2026-09-07 05:07:19.511"", ""session_id"": 63, ""resource_type"": ""PAGE"", ""mode"": ""IS""}",0,0.0,0.0,0.0,0.0,0,PAGE,IS,0,UNKNOWN
lock_released,2026-09-07 05:07:19.511,67,0,0,0,"{""event_name"": ""lock_released"", ""timestamp"": ""2026-09-07 05:07:19.511"", ""session_id"": 67, ""resource_type"": ""RID"", ""mode"": ""X""}",0,0.0,0.0,0.0,0.0,0,RID,X,0,UNKNOWN
lock_released,2026-09-07 05:07:19.511,64,0,0,0,"{""event_name"": ""lock_released"", ""timestamp"": ""2026-09-07 05:07:19.511"", ""session_id"": 64, ""resource_type"": ""PAGE"", ""mode"": ""IS""}",0,0.0,0.0,0.0,0.0,0,PAGE,IS,0,UNKNOWN
lock_acquired,2026-09-07 05:07:22.787,78,0,0,0,"{""event_name"": ""lock_acquired"", ""timestamp"": ""2026-09-07 05:07:22.787"", ""session_id"": 78, ""resource_type"": ""OBJECT"", ""mode"": ""Sch-S""}",0,0.0,0.0,0.0,0.0,0,OBJECT,Sch-S,0,UNKNOWN
lock_released,2026-09-07 05:07:22.787,51,0,0,0,"{""event_name"": ""lock_released"", ""timestamp"": ""2026-09-07 05:07:22.787"", ""session_id"": 51, ""resource_type"": ""RID"", ""mode"": ""S""}",0,0.0,0.0,0.0,0.0,0,RID,S,0,UNKNOWN
lock_released,2026-09-07 05:07:22.787,51,0,0,0,"{""event_name"": ""lock_released"", ""timestamp"": ""2026-09-07 05:07:22.787"", ""session_id"": 51, ""resource_type"": ""PAGE"", ""mode"": ""IS""}",0,0.0,0.0,0.0,0.0,0,PAGE,IS,0,UNKNOWN
lock_released,2026-09-07 05:07:22.787,51,0,0,0,"{""event_name"": ""lock_released"", ""timestamp"": ""2026-09-07 05:07:22.787"", ""session_id"": 51, ""resource_type"": ""KEY"", ""mode"": ""S""}",0,0.0,0.0,0.0,0.0,0,KEY,S,0,UNKNOWN
lock_released,2026-09-07 05:07:22.787,51,0,0,0,"{""event_name"": ""lock_released"", ""timestamp"": ""2026-09-07 05:07:22.787"", ""session_id"": 51, ""resource_type"": ""OBJECT"", ""mode"": ""IS""}",0,0.0,0.0,0.0,0.0,0,OBJECT,IS,0,UNKNOWN
logout,2026-09-07 05:07:26.664,79,0,0,0,"{""event_name"": ""logout"", ""timestamp"": ""2026-09-07 05:07:26.664"", ""session_id"": 79}",0,0.0,0.0,0.0,0.0,0,0,0,0,UNKNOWN
wait_info,2026-09-07 05:07:26.664,58,0,0,master,"{""event_name"": ""wait_info"", ""timestamp"": ""2026-09-07 05:07:26.664"", ""session_id"": 58, ""wait_type"": ""SLEEP_TASK"", ""database_name"": ""master""}",0,0.0,0.0,0.0,0.0,SLEEP_TASK,0,0,0,UNKNOWN
sql_batch_completed,2026-09-07 05:07:26.664,77,0,0,SteelNort,"{""event_name"": ""sql_batch_completed"", ""timestamp"": ""2026-09-07 05:07:26.664"", ""database_name"": ""SteelNort"", ""session_id"": 77, ""command"": ""EXECUTE"", ""duration"": 8574, ""cpu_time"": 1907, ""logical_reads"": 0, ""writes"": 0, ""status"": ""completed""}",EXECUTE,8574.0,1907.0,0.0,0.0,0,0,0,completed,USER
sql_batch_completed,2026-09-07 05:07:26.664,78,0,0,SteelNort,"{""event_name"": ""sql_batch_completed"", ""timestamp"": ""2026-09-07 05:07:26.664"", ""database_name"": ""SteelNort"", ""session_id"": 78, ""command"": ""SELECT"", ""duration"": 3074, ""cpu_time"": 61, ""logical_reads"": 0, ""writes"": 0, ""status"": ""completed""}",SELECT,3074.0,61.0,0.0,0.0,0,0,0,completed,USER
lock_released,2026-09-07 05:07:26.664,78,0,0,0,"{""event_name"": ""lock_released"", ""timestamp"": ""2026-09-07 05:07:26.664"", ""session_id"": 78, ""resource_type"": ""OBJECT"", ""mode"": ""Sch-S""}",0,0.0,0.0,0.0,0.0,0,OBJECT,Sch-S,0,UNKNOWN
sql_batch_completed,2026-09-07 05:07:30.723,77,0,0,SteelNort,"{""event_name"": ""sql_batch_completed"", ""timestamp"": ""2026-09-07 05:07:30.723"", ""database_name"": ""SteelNort"", ""session_id"": 77, ""command"": ""EXECUTE"", ""duration"": 25, ""cpu_time"": 49, ""logical_reads"": 0, ""writes"": 0, ""wait_type"": ""MSQL_XP""}",EXECUTE,25.0,49.0,0.0,0.0,MSQL_XP,0,0,0,USER
sql_batch_completed,2026-09-07 05:07:32.748,78,0,0,SteelNort,"{""event_name"": ""sql_batch_completed"", ""timestamp"": ""2026-09-07 05:07:32.748"", ""database_name"": ""SteelNort"", ""session_id"": 78, ""command"": ""SELECT"", ""duration"": 1, ""cpu_time"": 2, ""logical_reads"": 0, ""writes"": 0}",SELECT,1.0,2.0,0.0,0.0,0,0,0,0,USER
sql_batch_completed,2026-09-07 05:07:32.748,77,0,0,SteelNort,"{""event_name"": ""sql_batch_completed"", ""timestamp"": ""2026-09-07 05:07:32.748"", ""database_name"": ""SteelNort"", ""session_id"": 77, ""command"": ""EXECUTE"", ""duration"": 2058, ""cpu_time"": 49, ""logical_reads"": 0, ""writes"": 0, ""status"": ""completed""}",EXECUTE,2058.0,49.0,0.0,0.0,0,0,0,completed,USER
sql_batch_completed,2026-09-07 05:07:34.792,78,0,0,SteelNort,"{""event_name"": ""sql_batch_completed"", ""timestamp"": ""2026-09-07 05:07:34.792"", ""database_name"": ""SteelNort"", ""session_id"": 78, ""command"": ""SELECT"", ""duration"": 2043, ""cpu_time"": 2, ""logical_reads"": 0, ""writes"": 0, ""status"": ""completed""}",SELECT,2043.0,2.0,0.0,0.0,0,0,0,completed,USER
sql_batch_completed,2026-09-07 05:07:38.848,52,0,0,SteelNort,"{""event_name"": ""sql_batch_completed"", ""timestamp"": ""2026-09-07 05:07:38.848"", ""database_name"": ""SteelNort"", ""session_id"": 52, ""command"": ""EXECUTE"", ""duration"": -13, ""cpu_time"": 0, ""logical_reads"": 0, ""writes"": 0}",EXECUTE,-13.0,0.0,0.0,0.0,0,0,0,0,USER
wait_info,2026-09-07 05:07:40.908,58,0,0,master,"{""event_name"": ""wait_info"", ""timestamp"": ""2026-09-07 05:07:40.908"", ""session_id"": 58, ""wait_type"": ""BROKER_TO_FLUSH"", ""database_name"": ""master""}",0,0.0,0.0,0.0,0.0,BROKER_TO_FLUSH,0,0,0,UNKNOWN
sql_batch_completed,2026-09-07 05:07:40.908,77,0,0,SteelNort,"{""event_name"": ""sql_batch_completed"", ""timestamp"": ""2026-09-07 05:07:40.908"", ""database_name"": ""SteelNort"", ""session_id"": 77, ""command"": ""EXECUTE"", ""duration"": 1680, ""cpu_time"": 1602, ""logical_reads"": 0, ""writes"": 0, ""wait_type"": ""MSQL_XP""}",EXECUTE,1680.0,1602.0,0.0,0.0,MSQL_XP,0,0,0,USER
sql_batch_completed,2026-09-07 05:07:40.908,78,0,0,SteelNort,"{""event_name"": ""sql_batch_completed"", ""timestamp"": ""2026-09-07 05:07:40.908"", ""database_name"": ""SteelNort"", ""session_id"": 78, ""command"": ""SELECT"", ""duration"": 328, ""cpu_time"": 174, ""logical_reads"": 0, ""writes"": 0}",SELECT,328.0,174.0,0.0,0.0,0,0,0,0,USER
sql_batch_completed,2026-09-07 05:07:40.908,52,0,0,SteelNort,"{""event_name"": ""sql_batch_completed"", ""timestamp"": ""2026-09-07 05:07:40.908"", ""database_name"": ""SteelNort"", ""session_id"": 52, ""command"": ""EXECUTE"", ""duration"": 2446, ""cpu_time"": 0, ""logical_reads"": 0, ""writes"": 0, ""status"": ""completed""}",EXECUTE,2446.0,0.0,0.0,0.0,0,0,0,completed,USER
login,2026-09-07 05:07:44.077,79,795ec2146175\Administrator,Microsoft SQL Server,SteelNort,"{""event_name"": ""login"", ""timestamp"": ""2026-09-07 05:07:44.077"", ""session_id"": 79, ""login_name"": ""795ec2146175\\Administrator"", ""program_name"": ""Microsoft SQL Server"", ""database_name"": ""SteelNort""}",0,0.0,0.0,0.0,0.0,0,0,0,0,UNKNOWN
lock_acquired,2026-09-07 05:07:44.077,78,0,0,0,"{""event_name"": ""lock_acquired"", ""timestamp"": ""2026-09-07 05:07:44.077"", ""session_id"": 78, ""resource_type"": ""OBJECT"", ""mode"": ""Sch-S""}",0,0.0,0.0,0.0,0.0,0,OBJECT,Sch-S,0,UNKNOWN
logout,2026-09-07 05:07:46.101,79,0,0,0,"{""event_name"": ""logout"", ""timestamp"": ""2026-09-07 05:07:46.101"", ""session_id"": 79}",0,0.0,0.0,0.0,0.0,0,0,0,0,UNKNOWN
sql_batch_completed,2026-09-07 05:07:46.101,62,0,0,SteelNort,"{""event_name"": ""sql_batch_completed"", ""timestamp"": ""2026-09-07 05:07:46.101"", ""database_name"": ""SteelNort"", ""session_id"": 62, ""command"": ""EXECUTE"", ""duration"": -27, ""cpu_time"": 0, ""logical_reads"": 0, ""writes"": 0}",EXECUTE,-27.0,0.0,0.0,0.0,0,0,0,0,USER
sql_batch_completed,2026-09-07 05:07:46.101,63,0,0,SteelNort,"{""event_name"": ""sql_batch_completed"", ""timestamp"": ""2026-09-07 05:07:46.101"", ""database_name"": ""SteelNort"", ""session_id"": 63, ""command"": ""CONDITIONAL"", ""duration"": -26, ""cpu_time"": 0, ""logical_reads"": 0, ""writes"": 0}",CONDITIONAL,-26.0,0.0,0.0,0.0,0,0,0,0,UNKNOWN
sql_batch_completed,2026-09-07 05:07:46.101,77,0,0,SteelNort,"{""event_name"": ""sql_batch_completed"", ""timestamp"": ""2026-09-07 05:07:46.101"", ""database_name"": ""SteelNort"", ""session_id"": 77, ""command"": ""EXECUTE"", ""duration"": 2080, ""cpu_time"": 68, ""logical_reads"": 0, ""writes"": 0, ""status"": ""completed""}",EXECUTE,2080.0,68.0,0.0,0.0,0,0,0,completed,USER
sql_batch_completed,2026-09-07 05:07:46.101,78,0,0,SteelNort,"{""event_name"": ""sql_batch_completed"", ""timestamp"": ""2026-09-07 05:07:46.101"", ""database_name"": ""SteelNort"", ""session_id"": 78, ""command"": ""SELECT"", ""duration"": 2007, ""cpu_time"": 4, ""logical_reads"": 0, ""writes"": 0, ""status"": ""completed""}",SELECT,2007.0,4.0,0.0,0.0,0,0,0,completed,USER
lock_released,2026-09-07 05:07:46.101,78,0,0,0,"{""event_name"": ""lock_released"", ""timestamp"": ""2026-09-07 05:07:46.101"", ""session_id"": 78, ""resource_type"": ""OBJECT"", ""mode"": ""Sch-S""}",0,0.0,0.0,0.0,0.0,0,OBJECT,Sch-S,0,UNKNOWN
login,2026-09-07 05:07:48.129,79,795ec2146175\Administrator,Microsoft SQL Server,SteelNort,"{""event_name"": ""login"", ""timestamp"": ""2026-09-07 05:07:48.129"", ""session_id"": 79, ""login_name"": ""795ec2146175\\Administrator"", ""program_name"": ""Microsoft SQL Server"", ""database_name"": ""SteelNort""}",0,0.0,0.0,0.0,0.0,0,0,0,0,UNKNOWN
wait_info,2026-09-07 05:07:48.129,58,0,0,master,"{""event_name"": ""wait_info"", ""timestamp"": ""2026-09-07 05:07:48.129"", ""session_id"": 58, ""wait_type"": ""SLEEP_TASK"", ""database_name"": ""master""}",0,0.0,0.0,0.0,0.0,SLEEP_TASK,0,0,0,UNKNOWN
sql_batch_completed,2026-09-07 05:07:48.129,66,0,0,SteelNort,"{""event_name"": ""sql_batch_completed"", ""timestamp"": ""2026-09-07 05:07:48.129"", ""database_name"": ""SteelNort"", ""session_id"": 66, ""command"": ""SET OPTION OFF"", ""duration"": -5, ""cpu_time"": 0, ""logical_reads"": 0, ""writes"": 0}",SET OPTION OFF,-5.0,0.0,0.0,0.0,0,0,0,0,UNKNOWN
sql_batch_completed,2026-09-07 05:07:48.129,62,0,0,SteelNort,"{""event_name"": ""sql_batch_completed"", ""timestamp"": ""2026-09-07 05:07:48.129"", ""database_name"": ""SteelNort"", ""session_id"": 62, ""command"": ""EXECUTE"", ""duration"": 2178, ""cpu_time"": 0, ""logical_reads"": 0, ""writes"": 0, ""status"": ""completed""}",EXECUTE,2178.0,0.0,0.0,0.0,0,0,0,completed,USER
sql_batch_completed,2026-09-07 05:07:48.129,63,0,0,SteelNort,"{""event_name"": ""sql_batch_completed"", ""timestamp"": ""2026-09-07 05:07:48.129"", ""database_name"": ""SteelNort"", ""session_id"": 63, ""command"": ""CONDITIONAL"", ""duration"": 2179, ""cpu_time"": 0, ""logical_reads"": 0, ""writes"": 0, ""status"": ""completed""}",CONDITIONAL,2179.0,0.0,0.0,0.0,0,0,0,completed,UNKNOWN
sql_batch_completed,2026-09-07 05:07:50.330,77,0,0,SteelNort,"{""event_name"": ""sql_batch_completed"", ""timestamp"": ""2026-09-07 05:07:50.330"", ""database_name"": ""SteelNort"", ""session_id"": 77, ""command"": ""EXECUTE"", ""duration"": 1045, ""cpu_time"": 1079, ""logical_reads"": 0, ""writes"": 0, ""wait_type"": ""MSQL_XP""}",EXECUTE,1045.0,1079.0,0.0,0.0,MSQL_XP,0,0,0,USER
sql_batch_completed,2026-09-07 05:07:50.330,66,0,0,SteelNort,"{""event_name"": ""sql_batch_completed"", ""timestamp"": ""2026-09-07 05:07:50.330"", ""database_name"": ""SteelNort"", ""session_id"": 66, ""command"": ""SET OPTION OFF"", ""duration"": 2072, ""cpu_time"": 0, ""logical_reads"": 0, ""writes"": 0, ""status"": ""completed""}",SET OPTION OFF,2072.0,0.0,0.0,0.0,0,0,0,completed,UNKNOWN
sql_batch_completed,2026-09-07 05:07:52.407,78,0,0,SteelNort,"{""event_name"": ""sql_batch_completed"", ""timestamp"": ""2026-09-07 05:07:52.407"", ""database_name"": ""SteelNort"", ""session_id"": 78, ""command"": ""SELECT"", ""duration"": 318, ""cpu_time"": 165, ""logical_reads"": 0, ""writes"": 0}",SELECT,318.0,165.0,0.0,0.0,0,0,0,0,USER
logout,2026-09-07 05:07:55.272,79,0,0,0,"{""event_name"": ""logout"", ""timestamp"": ""2026-09-07 05:07:55.272"", ""session_id"": 79}",0,0.0,0.0,0.0,0.0,0,0,0,0,UNKNOWN
wait_info,2026-09-07 05:07:55.272,58,0,0,master,"{""event_name"": ""wait_info"", ""timestamp"": ""2026-09-07 05:07:55.272"", ""session_id"": 58, ""wait_type"": ""BROKER_TO_FLUSH"", ""database_name"": ""master""}",0,0.0,0.0,0.0,0.0,BROKER_TO_FLUSH,0,0,0,UNKNOWN
sql_batch_completed,2026-09-07 05:07:55.272,77,0,0,SteelNort,"{""event_name"": ""sql_batch_completed"", ""timestamp"": ""2026-09-07 05:07:55.272"", ""database_name"": ""SteelNort"", ""session_id"": 77, ""command"": ""EXECUTE"", ""duration"": 3760, ""cpu_time"": 1095, ""logical_reads"": 0, ""writes"": 0, ""status"": ""completed""}",EXECUTE,3760.0,1095.0,0.0,0.0,0,0,0,completed,USER
sql_batch_completed,2026-09-07 05:07:55.272,78,0,0,SteelNort,"{""event_name"": ""sql_batch_completed"", ""timestamp"": ""2026-09-07 05:07:55.272"", ""database_name"": ""SteelNort"", ""session_id"": 78, ""command"": ""SELECT"", ""duration"": 2915, ""cpu_time"": 165, ""logical_reads"": 0, ""writes"": 0, ""status"": ""completed""}",SELECT,2915.0,165.0,0.0,0.0,0,0,0,completed,USER
login,2026-09-07 05:07:57.299,79,795ec2146175\Administrator,Microsoft SQL Server,SteelNort,"{""event_name"": ""login"", ""timestamp"": ""2026-09-07 05:07:57.299"", ""session_id"": 79, ""login_name"": ""795ec2146175\\Administrator"", ""program_name"": ""Microsoft SQL Server"", ""database_name"": ""SteelNort""}",0,0.0,0.0,0.0,0.0,0,0,0,0,UNKNOWN
sql_batch_completed,2026-09-07 05:07:57.299,77,0,0,SteelNort,"{""event_name"": ""sql_batch_completed"", ""timestamp"": ""2026-09-07 05:07:57.299"", ""database_name"": ""SteelNort"", ""session_id"": 77, ""command"": ""EXECUTE"", ""duration"": 1800, ""cpu_time"": 1135, ""logical_reads"": 0, ""writes"": 0, ""wait_type"": ""MSQL_XP""}",EXECUTE,1800.0,1135.0,0.0,0.0,MSQL_XP,0,0,0,USER
sql_batch_completed,2026-09-07 05:07:57.299,78,0,0,SteelNort,"{""event_name"": ""sql_batch_completed"", ""timestamp"": ""2026-09-07 05:07:57.299"", ""database_name"": ""SteelNort"", ""session_id"": 78, ""command"": ""SELECT"", ""duration"": -2, ""cpu_time"": 10, ""logical_reads"": 0, ""writes"": 0}",SELECT,-2.0,10.0,0.0,0.0,0,0,0,0,USER
lock_acquired,2026-09-07 05:07:57.299,78,0,0,0,"{""event_name"": ""lock_acquired"", ""timestamp"": ""2026-09-07 05:07:57.299"", ""session_id"": 78, ""resource_type"": ""OBJECT"", ""mode"": ""Sch-S""}",0,0.0,0.0,0.0,0.0,0,OBJECT,Sch-S,0,UNKNOWN
logout,2026-09-07 05:07:59.359,79,0,0,0,"{""event_name"": ""logout"", ""timestamp"": ""2026-09-07 05:07:59.359"", ""session_id"": 79}",0,0.0,0.0,0.0,0.0,0,0,0,0,UNKNOWN
sql_batch_completed,2026-09-07 05:07:59.359,77,0,0,SteelNort,"{""event_name"": ""sql_batch_completed"", ""timestamp"": ""2026-09-07 05:07:59.359"", ""database_name"": ""SteelNort"", ""session_id"": 77, ""command"": ""EXECUTE"", ""duration"": 3824, ""cpu_time"": 1135, ""logical_reads"": 0, ""writes"": 0, ""status"": ""completed""}",EXECUTE,3824.0,1135.0,0.0,0.0,0,0,0,completed,USER
sql_batch_completed,2026-09-07 05:07:59.359,78,0,0,SteelNort,"{""event_name"": ""sql_batch_completed"", ""timestamp"": ""2026-09-07 05:07:59.359"", ""database_name"": ""SteelNort"", ""session_id"": 78, ""command"": ""SELECT"", ""duration"": 2021, ""cpu_time"": 10, ""logical_reads"": 0, ""writes"": 0, ""status"": ""completed""}",SELECT,2021.0,10.0,0.0,0.0,0,0,0,completed,USER
lock_released,2026-09-07 05:07:59.359,78,0,0,0,"{""event_name"": ""lock_released"", ""timestamp"": ""2026-09-07 05:07:59.359"", ""session_id"": 78, ""resource_type"": ""OBJECT"", ""mode"": ""Sch-S""}",0,0.0,0.0,0.0,0.0,0,OBJECT,Sch-S,0,UNKNOWN
sql_batch_completed,2026-09-07 05:08:01.376,60,0,0,SteelNort,"{""event_name"": ""sql_batch_completed"", ""timestamp"": ""2026-09-07 05:08:01.376"", ""database_name"": ""SteelNort"", ""session_id"": 60, ""command"": ""EXECUTE"", ""duration"": -24, ""cpu_time"": 0, ""logical_reads"": 0, ""writes"": 0}",EXECUTE,-24.0,0.0,0.0,0.0,0,0,0,0,USER
sql_batch_completed,2026-09-07 05:08:03.393,60,0,0,SteelNort,"{""event_name"": ""sql_batch_completed"", ""timestamp"": ""2026-09-07 05:08:03.393"", ""database_name"": ""SteelNort"", ""session_id"": 60, ""command"": ""EXECUTE"", ""duration"": 1993, ""cpu_time"": 0, ""logical_reads"": 0, ""writes"": 0, ""status"": ""completed""}",EXECUTE,1993.0,0.0,0.0,0.0,0,0,0,completed,USER
login,2026-09-07 05:08:07.424,80,sa,unknown,SteelNort,"{""event_name"": ""login"", ""timestamp"": ""2026-09-07 05:08:07.424"", ""session_id"": 80, ""login_name"": ""sa"", ""program_name"": ""unknown"", ""database_name"": ""SteelNort""}",0,0.0,0.0,0.0,0.0,0,0,0,0,UNKNOWN
wait_info,2026-09-07 05:08:07.424,74,0,0,master,"{""event_name"": ""wait_info"", ""timestamp"": ""2026-09-07 05:08:07.424"", ""session_id"": 74, ""wait_type"": ""SLEEP_TASK"", ""database_name"": ""master""}",0,0.0,0.0,0.0,0.0,SLEEP_TASK,0,0,0,UNKNOWN
sql_batch_completed,2026-09-07 05:08:07.424,80,0,0,SteelNort,"{""event_name"": ""sql_batch_completed"", ""timestamp"": ""2026-09-07 05:08:07.424"", ""database_name"": ""SteelNort"", ""session_id"": 80, ""command"": ""BRKR TASK"", ""duration"": 155, ""cpu_time"": 6, ""logical_reads"": 0, ""writes"": 0, ""wait_type"": ""WRITELOG""}",BRKR TASK,155.0,6.0,0.0,0.0,WRITELOG,0,0,0,SQL_SERVER_INTERNAL
lock_acquired,2026-09-07 05:08:07.424,80,0,0,0,"{""event_name"": ""lock_acquired"", ""timestamp"": ""2026-09-07 05:08:07.424"", ""session_id"": 80, ""resource_type"": ""OBJECT"", ""mode"": ""IX""}",0,0.0,0.0,0.0,0.0,0,OBJECT,IX,0,UNKNOWN
lock_acquired,2026-09-07 05:08:07.424,80,0,0,0,"{""event_name"": ""lock_acquired"", ""timestamp"": ""2026-09-07 05:08:07.424"", ""session_id"": 80, ""resource_type"": ""DATABASE"", ""mode"": ""S""}",0,0.0,0.0,0.0,0.0,0,DATABASE,S,0,UNKNOWN
lock_acquired,2026-09-07 05:08:07.424,80,0,0,0,"{""event_name"": ""lock_acquired"", ""timestamp"": ""2026-09-07 05:08:07.424"", ""session_id"": 80, ""resource_type"": ""KEY"", ""mode"": ""X""}",0,0.0,0.0,0.0,0.0,0,KEY,X,0,UNKNOWN
lock_acquired,2026-09-07 05:08:07.424,80,0,0,0,"{""event_name"": ""lock_acquired"", ""timestamp"": ""2026-09-07 05:08:07.424"", ""session_id"": 80, ""resource_type"": ""PAGE"", ""mode"": ""IX""}",0,0.0,0.0,0.0,0.0,0,PAGE,IX,0,UNKNOWN
login,2026-09-07 05:08:09.447,79,sa,unknown,SteelNort,"{""event_name"": ""login"", ""timestamp"": ""2026-09-07 05:08:09.447"", ""session_id"": 79, ""login_name"": ""sa"", ""program_name"": ""unknown"", ""database_name"": ""SteelNort""}",0,0.0,0.0,0.0,0.0,0,0,0,0,UNKNOWN
logout,2026-09-07 05:08:09.447,80,0,0,0,"{""event_name"": ""logout"", ""timestamp"": ""2026-09-07 05:08:09.447"", ""session_id"": 80}",0,0.0,0.0,0.0,0.0,0,0,0,0,UNKNOWN
sql_batch_completed,2026-09-07 05:08:09.447,79,0,0,master,"{""event_name"": ""sql_batch_completed"", ""timestamp"": ""2026-09-07 05:08:09.447"", ""database_name"": ""master"", ""session_id"": 79, ""command"": ""BRKR TASK"", ""duration"": 1399, ""cpu_time"": 0, ""logical_reads"": 0, ""writes"": 0, ""wait_type"": ""BROKER_TASK_STOP""}",BRKR TASK,1399.0,0.0,0.0,0.0,BROKER_TASK_STOP,0,0,0,SQL_SERVER_INTERNAL
sql_batch_completed,2026-09-07 05:08:09.447,80,0,0,SteelNort,"{""event_name"": ""sql_batch_completed"", ""timestamp"": ""2026-09-07 05:08:09.447"", ""database_name"": ""SteelNort"", ""session_id"": 80, ""command"": ""BRKR TASK"", ""duration"": 2177, ""cpu_time"": 6, ""logical_reads"": 0, ""writes"": 0, ""status"": ""completed""}",BRKR TASK,2177.0,6.0,0.0,0.0,0,0,0,completed,SQL_SERVER_INTERNAL
lock_released,2026-09-07 05:08:09.447,80,0,0,0,"{""event_name"": ""lock_released"", ""timestamp"": ""2026-09-07 05:08:09.447"", ""session_id"": 80, ""resource_type"": ""OBJECT"", ""mode"": ""IX""}",0,0.0,0.0,0.0,0.0,0,OBJECT,IX,0,UNKNOWN
lock_released,2026-09-07 05:08:09.447,80,0,0,0,"{""event_name"": ""lock_released"", ""timestamp"": ""2026-09-07 05:08:09.447"", ""session_id"": 80, ""resource_type"": ""DATABASE"", ""mode"": ""S""}",0,0.0,0.0,0.0,0.0,0,DATABASE,S,0,UNKNOWN
lock_released,2026-09-07 05:08:09.447,80,0,0,0,"{""event_name"": ""lock_released"", ""timestamp"": ""2026-09-07 05:08:09.447"", ""session_id"": 80, ""resource_type"": ""KEY"", ""mode"": ""X""}",0,0.0,0.0,0.0,0.0,0,KEY,X,0,UNKNOWN
lock_released,2026-09-07 05:08:09.447,80,0,0,0,"{""event_name"": ""lock_released"", ""timestamp"": ""2026-09-07 05:08:09.447"", ""session_id"": 80, ""resource_type"": ""PAGE"", ""mode"": ""IX""}",0,0.0,0.0,0.0,0.0,0,PAGE,IX,0,UNKNOWN
sql_batch_completed,2026-09-07 05:08:13.483,52,0,0,SteelNort,"{""event_name"": ""sql_batch_completed"", ""timestamp"": ""2026-09-07 05:08:13.483"", ""database_name"": ""SteelNort"", ""session_id"": 52, ""command"": ""AWAITING COMMAND"", ""duration"": -7, ""cpu_time"": 0, ""logical_reads"": 0, ""writes"": 0}",AWAITING COMMAND,-7.0,0.0,0.0,0.0,0,0,0,0,UNKNOWN
sql_batch_completed,2026-09-07 05:08:15.498,52,0,0,SteelNort,"{""event_name"": ""sql_batch_completed"", ""timestamp"": ""2026-09-07 05:08:15.498"", ""database_name"": ""SteelNort"", ""session_id"": 52, ""command"": ""AWAITING COMMAND"", ""duration"": 2009, ""cpu_time"": 0, ""logical_reads"": 0, ""writes"": 0, ""status"": ""completed""}",AWAITING COMMAND,2009.0,0.0,0.0,0.0,0,0,0,completed,UNKNOWN
logout,2026-09-07 05:08:17.566,79,0,0,0,"{""event_name"": ""logout"", ""timestamp"": ""2026-09-07 05:08:17.566"", ""session_id"": 79}",0,0.0,0.0,0.0,0.0,0,0,0,0,UNKNOWN
sql_batch_completed,2026-09-07 05:08:17.566,77,0,0,SteelNort,"{""event_name"": ""sql_batch_completed"", ""timestamp"": ""2026-09-07 05:08:17.566"", ""database_name"": ""SteelNort"", ""session_id"": 77, ""command"": ""EXECUTE"", ""duration"": 1858, ""cpu_time"": 1515, ""logical_reads"": 0, ""writes"": 0, ""wait_type"": ""MSQL_XP""}",EXECUTE,1858.0,1515.0,0.0,0.0,MSQL_XP,0,0,0,USER
sql_batch_completed,2026-09-07 05:08:17.566,79,0,0,master,"{""event_name"": ""sql_batch_completed"", ""timestamp"": ""2026-09-07 05:08:17.566"", ""database_name"": ""master"", ""session_id"": 79, ""command"": ""BRKR TASK"", ""duration"": 9795, ""cpu_time"": 0, ""logical_reads"": 0, ""writes"": 0, ""status"": ""completed""}",BRKR TASK,9795.0,0.0,0.0,0.0,0,0,0,completed,SQL_SERVER_INTERNAL
sql_batch_completed,2026-09-07 05:08:17.566,71,0,0,master,"{""event_name"": ""sql_batch_completed"", ""timestamp"": ""2026-09-07 05:08:17.566"", ""database_name"": ""master"", ""session_id"": 71, ""command"": ""TASK MANAGER"", ""duration"": 184570, ""cpu_time"": 0, ""logical_reads"": 0, ""writes"": 0, ""status"": ""completed""}",TASK MANAGER,184570.0,0.0,0.0,0.0,0,0,0,completed,SQL_SERVER_INTERNAL
logout,2026-09-07 05:08:19.874,71,0,0,0,"{""event_name"": ""logout"", ""timestamp"": ""2026-09-07 05:08:19.874"", ""session_id"": 71}",0,0.0,0.0,0.0,0.0,0,0,0,0,UNKNOWN
wait_info,2026-09-07 05:08:19.874,58,0,0,master,"{""event_name"": ""wait_info"", ""timestamp"": ""2026-09-07 05:08:19.874"", ""session_id"": 58, ""wait_type"": ""SLEEP_TASK"", ""database_name"": ""master""}",0,0.0,0.0,0.0,0.0,SLEEP_TASK,0,0,0,UNKNOWN
sql_batch_completed,2026-09-07 05:08:19.874,62,0,0,SteelNort,"{""event_name"": ""sql_batch_completed"", ""timestamp"": ""2026-09-07 05:08:19.874"", ""database_name"": ""SteelNort"", ""session_id"": 62, ""command"": ""SELECT"", ""duration"": 35, ""cpu_time"": 12, ""logical_reads"": 0, ""writes"": 0}",SELECT,35.0,12.0,0.0,0.0,0,0,0,0,USER
sql_batch_completed,2026-09-07 05:08:19.874,65,0,0,SteelNort,"{""event_name"": ""sql_batch_completed"", ""timestamp"": ""2026-09-07 05:08:19.874"", ""database_name"": ""SteelNort"", ""session_id"": 65, ""command"": ""EXECUTE"", ""duration"": 64, ""cpu_time"": 0, ""logical_reads"": 0, ""writes"": 0}",EXECUTE,64.0,0.0,0.0,0.0,0,0,0,0,USER
sql_batch_completed,2026-09-07 05:08:19.874,78,0,0,SteelNort,"{""event_name"": ""sql_batch_completed"", ""timestamp"": ""2026-09-07 05:08:19.874"", ""database_name"": ""SteelNort"", ""session_id"": 78, ""command"": ""SELECT"", ""duration"": 357, ""cpu_time"": 86, ""logical_reads"": 0, ""writes"": 0}",SELECT,357.0,86.0,0.0,0.0,0,0,0,0,USER
sql_batch_completed,2026-09-07 05:08:19.874,77,0,0,SteelNort,"{""event_name"": ""sql_batch_completed"", ""timestamp"": ""2026-09-07 05:08:19.874"", ""database_name"": ""SteelNort"", ""session_id"": 77, ""command"": ""EXECUTE"", ""duration"": 4323, ""cpu_time"": 1515, ""logical_reads"": 0, ""writes"": 0, ""status"": ""completed""}",EXECUTE,4323.0,1515.0,0.0,0.0,0,0,0,completed,USER
lock_acquired,2026-09-07 05:08:19.874,78,0,0,0,"{""event_name"": ""lock_acquired"", ""timestamp"": ""2026-09-07 05:08:19.874"", ""session_id"": 78, ""resource_type"": ""OBJECT"", ""mode"": ""Sch-S""}",0,0.0,0.0,0.0,0.0,0,OBJECT,Sch-S,0,UNKNOWN
login,2026-09-07 05:08:22.981,71,795ec2146175\Administrator,Microsoft SQL Server,SteelNort,"{""event_name"": ""login"", ""timestamp"": ""2026-09-07 05:08:22.981"", ""session_id"": 71, ""login_name"": ""795ec2146175\\Administrator"", ""program_name"": ""Microsoft SQL Server"", ""database_name"": ""SteelNort""}",0,0.0,0.0,0.0,0.0,0,0,0,0,UNKNOWN
logout,2026-09-07 05:08:22.981,73,0,0,0,"{""event_name"": ""logout"", ""timestamp"": ""2026-09-07 05:08:22.981"", ""session_id"": 73}",0,0.0,0.0,0.0,0.0,0,0,0,0,UNKNOWN
logout,2026-09-07 05:08:22.981,75,0,0,0,"{""event_name"": ""logout"", ""timestamp"": ""2026-09-07 05:08:22.981"", ""session_id"": 75}",0,0.0,0.0,0.0,0.0,0,0,0,0,UNKNOWN
wait_info,2026-09-07 05:08:22.981,58,0,0,master,"{""event_name"": ""wait_info"", ""timestamp"": ""2026-09-07 05:08:22.981"", ""session_id"": 58, ""wait_type"": ""BROKER_TO_FLUSH"", ""database_name"": ""master""}",0,0.0,0.0,0.0,0.0,BROKER_TO_FLUSH,0,0,0,UNKNOWN
sql_batch_completed,2026-09-07 05:08:22.981,77,0,0,SteelNort,"{""event_name"": ""sql_batch_completed"", ""timestamp"": ""2026-09-07 05:08:22.981"", ""database_name"": ""SteelNort"", ""session_id"": 77, ""command"": ""EXECUTE"", ""duration"": 3260, ""cpu_time"": 2260, ""logical_reads"": 0, ""writes"": 0, ""wait_type"": ""MSQL_XP""}",EXECUTE,3260.0,2260.0,0.0,0.0,MSQL_XP,0,0,0,USER
sql_batch_completed,2026-09-07 05:08:22.981,73,0,0,master,"{""event_name"": ""sql_batch_completed"", ""timestamp"": ""2026-09-07 05:08:22.981"", ""database_name"": ""master"", ""session_id"": 73, ""command"": ""TASK MANAGER"", ""duration"": 480265, ""cpu_time"": 0, ""logical_reads"": 0, ""writes"": 0, ""status"": ""completed""}",TASK MANAGER,480265.0,0.0,0.0,0.0,0,0,0,completed,SQL_SERVER_INTERNAL
sql_batch_completed,2026-09-07 05:08:22.981,65,0,0,SteelNort,"{""event_name"": ""sql_batch_completed"", ""timestamp"": ""2026-09-07 05:08:22.981"", ""database_name"": ""SteelNort"", ""session_id"": 65, ""command"": ""EXECUTE"", ""duration"": 3745, ""cpu_time"": 0, ""logical_reads"": 0, ""writes"": 0, ""status"": ""completed""}",EXECUTE,3745.0,0.0,0.0,0.0,0,0,0,completed,USER
sql_batch_completed,2026-09-07 05:08:22.981,75,0,0,master,"{""event_name"": ""sql_batch_completed"", ""timestamp"": ""2026-09-07 05:08:22.981"", ""database_name"": ""master"", ""session_id"": 75, ""command"": ""TASK MANAGER"", ""duration"": 190619, ""cpu_time"": 0, ""logical_reads"": 0, ""writes"": 0, ""status"": ""completed""}",TASK MANAGER,190619.0,0.0,0.0,0.0,0,0,0,completed,SQL_SERVER_INTERNAL
sql_batch_completed,2026-09-07 05:08:22.981,62,0,0,SteelNort,"{""event_name"": ""sql_batch_completed"", ""timestamp"": ""2026-09-07 05:08:22.981"", ""database_name"": ""SteelNort"", ""session_id"": 62, ""command"": ""SELECT"", ""duration"": 3776, ""cpu_time"": 12, ""logical_reads"": 0, ""writes"": 0, ""status"": ""completed""}",SELECT,3776.0,12.0,0.0,0.0,0,0,0,completed,USER
lock_released,2026-09-07 05:08:22.981,78,0,0,0,"{""event_name"": ""lock_released"", ""timestamp"": ""2026-09-07 05:08:22.981"", ""session_id"": 78, ""resource_type"": ""OBJECT"", ""mode"": ""Sch-S""}",0,0.0,0.0,0.0,0.0,0,OBJECT,Sch-S,0,UNKNOWN
logout,2026-09-07 05:08:25.935,71,0,0,0,"{""event_name"": ""logout"", ""timestamp"": ""2026-09-07 05:08:25.935"", ""session_id"": 71}",0,0.0,0.0,0.0,0.0,0,0,0,0,UNKNOWN
wait_info,2026-09-07 05:08:25.935,58,0,0,master,"{""event_name"": ""wait_info"", ""timestamp"": ""2026-09-07 05:08:25.935"", ""session_id"": 58, ""wait_type"": ""SLEEP_TASK"", ""database_name"": ""master""}",0,0.0,0.0,0.0,0.0,SLEEP_TASK,0,0,0,UNKNOWN
sql_batch_completed,2026-09-07 05:08:25.935,78,0,0,SteelNort,"{""event_name"": ""sql_batch_completed"", ""timestamp"": ""2026-09-07 05:08:25.935"", ""database_name"": ""SteelNort"", ""session_id"": 78, ""command"": ""SELECT"", ""duration"": 2554, ""cpu_time"": 92, ""logical_reads"": 0, ""writes"": 0, ""status"": ""completed""}",SELECT,2554.0,92.0,0.0,0.0,0,0,0,completed,USER
lock_acquired,2026-09-07 05:08:25.935,78,0,0,0,"{""event_name"": ""lock_acquired"", ""timestamp"": ""2026-09-07 05:08:25.935"", ""session_id"": 78, ""resource_type"": ""OBJECT"", ""mode"": ""Sch-S""}",0,0.0,0.0,0.0,0.0,0,OBJECT,Sch-S,0,UNKNOWN
logout,2026-09-07 05:08:28.010,72,0,0,0,"{""event_name"": ""logout"", ""timestamp"": ""2026-09-07 05:08:28.010"", ""session_id"": 72}",0,0.0,0.0,0.0,0.0,0,0,0,0,UNKNOWN
logout,2026-09-07 05:08:28.010,74,0,0,0,"{""event_name"": ""logout"", ""timestamp"": ""2026-09-07 05:08:28.010"", ""session_id"": 74}",0,0.0,0.0,0.0,0.0,0,0,0,0,UNKNOWN
logout,2026-09-07 05:08:28.010,70,0,0,0,"{""event_name"": ""logout"", ""timestamp"": ""2026-09-07 05:08:28.010"", ""session_id"": 70}",0,0.0,0.0,0.0,0.0,0,0,0,0,UNKNOWN
sql_batch_completed,2026-09-07 05:08:28.010,72,0,0,master,"{""event_name"": ""sql_batch_completed"", ""timestamp"": ""2026-09-07 05:08:28.010"", ""database_name"": ""master"", ""session_id"": 72, ""command"": ""TASK MANAGER"", ""duration"": 194746, ""cpu_time"": 0, ""logical_reads"": 0, ""writes"": 0, ""status"": ""completed""}",TASK MANAGER,194746.0,0.0,0.0,0.0,0,0,0,completed,SQL_SERVER_INTERNAL
sql_batch_completed,2026-09-07 05:08:28.010,74,0,0,master,"{""event_name"": ""sql_batch_completed"", ""timestamp"": ""2026-09-07 05:08:28.010"", ""database_name"": ""master"", ""session_id"": 74, ""command"": ""TASK MANAGER"", ""duration"": 484443, ""cpu_time"": 0, ""logical_reads"": 0, ""writes"": 0, ""status"": ""completed""}",TASK MANAGER,484443.0,0.0,0.0,0.0,0,0,0,completed,SQL_SERVER_INTERNAL
sql_batch_completed,2026-09-07 05:08:28.010,77,0,0,SteelNort,"{""event_name"": ""sql_batch_completed"", ""timestamp"": ""2026-09-07 05:08:28.010"", ""database_name"": ""SteelNort"", ""session_id"": 77, ""command"": ""EXECUTE"", ""duration"": 3095, ""cpu_time"": 1081, ""logical_reads"": 0, ""writes"": 0, ""status"": ""completed""}",EXECUTE,3095.0,1081.0,0.0,0.0,0,0,0,completed,USER
sql_batch_completed,2026-09-07 05:08:28.010,70,0,0,master,"{""event_name"": ""sql_batch_completed"", ""timestamp"": ""2026-09-07 05:08:28.010"", ""database_name"": ""master"", ""session_id"": 70, ""command"": ""TASK MANAGER"", ""duration"": 194765, ""cpu_time"": 0, ""logical_reads"": 0, ""writes"": 0, ""status"": ""completed""}",TASK MANAGER,194765.0,0.0,0.0,0.0,0,0,0,completed,SQL_SERVER_INTERNAL
lock_released,2026-09-07 05:08:28.010,78,0,0,0,"{""event_name"": ""lock_released"", ""timestamp"": ""2026-09-07 05:08:28.010"", ""session_id"": 78, ""resource_type"": ""OBJECT"", ""mode"": ""Sch-S""}",0,0.0,0.0,0.0,0.0,0,OBJECT,Sch-S,0,UNKNOWN
sql_batch_completed,2026-09-07 05:08:30.061,52,0,0,SteelNort,"{""event_name"": ""sql_batch_completed"", ""timestamp"": ""2026-09-07 05:08:30.061"", ""database_name"": ""SteelNort"", ""session_id"": 52, ""command"": ""EXECUTE"", ""duration"": -13, ""cpu_time"": 0, ""logical_reads"": 0, ""writes"": 0}",EXECUTE,-13.0,0.0,0.0,0.0,0,0,0,0,USER
sql_batch_completed,2026-09-07 05:08:32.080,65,0,0,SteelNort,"{""event_name"": ""sql_batch_completed"", ""timestamp"": ""2026-09-07 05:08:32.080"", ""database_name"": ""SteelNort"", ""session_id"": 65, ""command"": ""EXECUTE"", ""duration"": -19, ""cpu_time"": 0, ""logical_reads"": 0, ""writes"": 0}",EXECUTE,-19.0,0.0,0.0,0.0,0,0,0,0,USER
sql_batch_completed,2026-09-07 05:08:32.080,77,0,0,SteelNort,"{""event_name"": ""sql_batch_completed"", ""timestamp"": ""2026-09-07 05:08:32.080"", ""database_name"": ""SteelNort"", ""session_id"": 77, ""command"": ""EXECUTE"", ""duration"": 0, ""cpu_time"": 13, ""logical_reads"": 0, ""writes"": 0, ""wait_type"": ""MSQL_XP""}",EXECUTE,0.0,13.0,0.0,0.0,MSQL_XP,0,0,0,USER
sql_batch_completed,2026-09-07 05:08:32.080,52,0,0,SteelNort,"{""event_name"": ""sql_batch_completed"", ""timestamp"": ""2026-09-07 05:08:32.080"", ""database_name"": ""SteelNort"", ""session_id"": 52, ""command"": ""EXECUTE"", ""duration"": 2013, ""cpu_time"": 0, ""logical_reads"": 0, ""writes"": 0, ""status"": ""completed""}",EXECUTE,2013.0,0.0,0.0,0.0,0,0,0,completed,USER
sql_batch_completed,2026-09-07 05:08:34.109,78,0,0,SteelNort,"{""event_name"": ""sql_batch_completed"", ""timestamp"": ""2026-09-07 05:08:34.109"", ""database_name"": ""SteelNort"", ""session_id"": 78, ""command"": ""SELECT"", ""duration"": -22, ""cpu_time"": 0, ""logical_reads"": 0, ""writes"": 0}",SELECT,-22.0,0.0,0.0,0.0,0,0,0,0,USER
sql_batch_completed,2026-09-07 05:08:34.109,65,0,0,SteelNort,"{""event_name"": ""sql_batch_completed"", ""timestamp"": ""2026-09-07 05:08:34.109"", ""database_name"": ""SteelNort"", ""session_id"": 65, ""command"": ""EXECUTE"", ""duration"": 2012, ""cpu_time"": 0, ""logical_reads"": 0, ""writes"": 0, ""status"": ""completed""}",EXECUTE,2012.0,0.0,0.0,0.0,0,0,0,completed,USER
sql_batch_completed,2026-09-07 05:08:34.109,77,0,0,SteelNort,"{""event_name"": ""sql_batch_completed"", ""timestamp"": ""2026-09-07 05:08:34.109"", ""database_name"": ""SteelNort"", ""session_id"": 77, ""command"": ""EXECUTE"", ""duration"": 2029, ""cpu_time"": 13, ""logical_reads"": 0, ""writes"": 0, ""status"": ""completed""}",EXECUTE,2029.0,13.0,0.0,0.0,0,0,0,completed,USER
lock_acquired,2026-09-07 05:08:34.109,78,0,0,0,"{""event_name"": ""lock_acquired"", ""timestamp"": ""2026-09-07 05:08:34.109"", ""session_id"": 78, ""resource_type"": ""OBJECT"", ""mode"": ""Sch-S""}",0,0.0,0.0,0.0,0.0,0,OBJECT,Sch-S,0,UNKNOWN
login,2026-09-07 05:08:36.138,70,795ec2146175\Administrator,Microsoft SQL Server,SteelNort,"{""event_name"": ""login"", ""timestamp"": ""2026-09-07 05:08:36.138"", ""session_id"": 70, ""login_name"": ""795ec2146175\\Administrator"", ""program_name"": ""Microsoft SQL Server"", ""database_name"": ""SteelNort""}",0,0.0,0.0,0.0,0.0,0,0,0,0,UNKNOWN
sql_batch_completed,2026-09-07 05:08:36.138,67,0,0,SteelNort,"{""event_name"": ""sql_batch_completed"", ""timestamp"": ""2026-09-07 05:08:36.138"", ""database_name"": ""SteelNort"", ""session_id"": 67, ""command"": ""CONDITIONAL"", ""duration"": -25, ""cpu_time"": 0, ""logical_reads"": 0, ""writes"": 0}",CONDITIONAL,-25.0,0.0,0.0,0.0,0,0,0,0,UNKNOWN
sql_batch_completed,2026-09-07 05:08:36.138,77,0,0,SteelNort,"{""event_name"": ""sql_batch_completed"", ""timestamp"": ""2026-09-07 05:08:36.138"", ""database_name"": ""SteelNort"", ""session_id"": 77, ""command"": ""EXECUTE"", ""duration"": 311, ""cpu_time"": 143, ""logical_reads"": 0, ""writes"": 0, ""wait_type"": ""MSQL_XP""}",EXECUTE,311.0,143.0,0.0,0.0,MSQL_XP,0,0,0,USER
sql_batch_completed,2026-09-07 05:08:36.138,78,0,0,SteelNort,"{""event_name"": ""sql_batch_completed"", ""timestamp"": ""2026-09-07 05:08:36.138"", ""database_name"": ""SteelNort"", ""session_id"": 78, ""command"": ""SELECT"", ""duration"": 2006, ""cpu_time"": 0, ""logical_reads"": 0, ""writes"": 0, ""status"": ""completed""}",SELECT,2006.0,0.0,0.0,0.0,0,0,0,completed,USER
lock_released,2026-09-07 05:08:36.138,78,0,0,0,"{""event_name"": ""lock_released"", ""timestamp"": ""2026-09-07 05:08:36.138"", ""session_id"": 78, ""resource_type"": ""OBJECT"", ""mode"": ""Sch-S""}",0,0.0,0.0,0.0,0.0,0,OBJECT,Sch-S,0,UNKNOWN
logout,2026-09-07 05:08:38.166,70,0,0,0,"{""event_name"": ""logout"", ""timestamp"": ""2026-09-07 05:08:38.166"", ""session_id"": 70}",0,0.0,0.0,0.0,0.0,0,0,0,0,UNKNOWN
sql_batch_completed,2026-09-07 05:08:38.166,67,0,0,SteelNort,"{""event_name"": ""sql_batch_completed"", ""timestamp"": ""2026-09-07 05:08:38.166"", ""database_name"": ""SteelNort"", ""session_id"": 67, ""command"": ""CONDITIONAL"", ""duration"": 2003, ""cpu_time"": 0, ""logical_reads"": 0, ""writes"": 0, ""status"": ""completed""}",CONDITIONAL,2003.0,0.0,0.0,0.0,0,0,0,completed,UNKNOWN
sql_batch_completed,2026-09-07 05:08:38.166,77,0,0,SteelNort,"{""event_name"": ""sql_batch_completed"", ""timestamp"": ""2026-09-07 05:08:38.166"", ""database_name"": ""SteelNort"", ""session_id"": 77, ""command"": ""EXECUTE"", ""duration"": 2340, ""cpu_time"": 143, ""logical_reads"": 0, ""writes"": 0, ""status"": ""completed""}",EXECUTE,2340.0,143.0,0.0,0.0,0,0,0,completed,USER
sql_batch_completed,2026-09-07 05:08:42.210,77,0,0,SteelNort,"{""event_name"": ""sql_batch_completed"", ""timestamp"": ""2026-09-07 05:08:42.210"", ""database_name"": ""SteelNort"", ""session_id"": 77, ""command"": ""EXECUTE"", ""duration"": 29, ""cpu_time"": 29, ""logical_reads"": 0, ""writes"": 0, ""wait_type"": ""MSQL_XP""}",EXECUTE,29.0,29.0,0.0,0.0,MSQL_XP,0,0,0,USER
sql_batch_completed,2026-09-07 05:08:42.210,78,0,0,SteelNort,"{""event_name"": ""sql_batch_completed"", ""timestamp"": ""2026-09-07 05:08:42.210"", ""database_name"": ""SteelNort"", ""session_id"": 78, ""command"": ""SELECT"", ""duration"": 0, ""cpu_time"": 1, ""logical_reads"": 0, ""writes"": 0}",SELECT,0.0,1.0,0.0,0.0,0,0,0,0,USER
sql_batch_completed,2026-09-07 05:08:44.233,77,0,0,SteelNort,"{""event_name"": ""sql_batch_completed"", ""timestamp"": ""2026-09-07 05:08:44.233"", ""database_name"": ""SteelNort"", ""session_id"": 77, ""command"": ""EXECUTE"", ""duration"": 2054, ""cpu_time"": 29, ""logical_reads"": 0, ""writes"": 0, ""status"": ""completed""}",EXECUTE,2054.0,29.0,0.0,0.0,0,0,0,completed,USER
sql_batch_completed,2026-09-07 05:08:44.233,78,0,0,SteelNort,"{""event_name"": ""sql_batch_completed"", ""timestamp"": ""2026-09-07 05:08:44.233"", ""database_name"": ""SteelNort"", ""session_id"": 78, ""command"": ""SELECT"", ""duration"": 2025, ""cpu_time"": 1, ""logical_reads"": 0, ""writes"": 0, ""status"": ""completed""}",SELECT,2025.0,1.0,0.0,0.0,0,0,0,completed,USER
login,2026-09-07 05:08:46.260,70,795ec2146175\Administrator,Microsoft SQL Server,SteelNort,"{""event_name"": ""login"", ""timestamp"": ""2026-09-07 05:08:46.260"", ""session_id"": 70, ""login_name"": ""795ec2146175\\Administrator"", ""program_name"": ""Microsoft SQL Server"", ""database_name"": ""SteelNort""}",0,0.0,0.0,0.0,0.0,0,0,0,0,UNKNOWN
sql_batch_completed,2026-09-07 05:08:46.260,52,0,0,SteelNort,"{""event_name"": ""sql_batch_completed"", ""timestamp"": ""2026-09-07 05:08:46.260"", ""database_name"": ""SteelNort"", ""session_id"": 52, ""command"": ""EXECUTE"", ""duration"": -7, ""cpu_time"": 0, ""logical_reads"": 0, ""writes"": 0}",EXECUTE,-7.0,0.0,0.0,0.0,0,0,0,0,USER
sql_batch_completed,2026-09-07 05:08:46.260,77,0,0,SteelNort,"{""event_name"": ""sql_batch_completed"", ""timestamp"": ""2026-09-07 05:08:46.260"", ""database_name"": ""SteelNort"", ""session_id"": 77, ""command"": ""EXECUTE"", ""duration"": 269, ""cpu_time"": 112, ""logical_reads"": 0, ""writes"": 0, ""wait_type"": ""MSQL_XP""}",EXECUTE,269.0,112.0,0.0,0.0,MSQL_XP,0,0,0,USER
logout,2026-09-07 05:08:48.288,70,0,0,0,"{""event_name"": ""logout"", ""timestamp"": ""2026-09-07 05:08:48.288"", ""session_id"": 70}",0,0.0,0.0,0.0,0.0,0,0,0,0,UNKNOWN
sql_batch_completed,2026-09-07 05:08:48.288,52,0,0,SteelNort,"{""event_name"": ""sql_batch_completed"", ""timestamp"": ""2026-09-07 05:08:48.288"", ""database_name"": ""SteelNort"", ""session_id"": 52, ""command"": ""EXECUTE"", ""duration"": 2017, ""cpu_time"": 0, ""logical_reads"": 0, ""writes"": 0, ""status"": ""completed""}",EXECUTE,2017.0,0.0,0.0,0.0,0,0,0,completed,USER
sql_batch_completed,2026-09-07 05:08:48.288,77,0,0,SteelNort,"{""event_name"": ""sql_batch_completed"", ""timestamp"": ""2026-09-07 05:08:48.288"", ""database_name"": ""SteelNort"", ""session_id"": 77, ""command"": ""EXECUTE"", ""duration"": 2295, ""cpu_time"": 112, ""logical_reads"": 0, ""writes"": 0, ""status"": ""completed""}",EXECUTE,2295.0,112.0,0.0,0.0,0,0,0,completed,USER
login,2026-09-07 05:08:52.341,70,795ec2146175\Administrator,Microsoft SQL Server,SteelNort,"{""event_name"": ""login"", ""timestamp"": ""2026-09-07 05:08:52.341"", ""session_id"": 70, ""login_name"": ""795ec2146175\\Administrator"", ""program_name"": ""Microsoft SQL Server"", ""database_name"": ""SteelNort""}",0,0.0,0.0,0.0,0.0,0,0,0,0,UNKNOWN
sql_batch_completed,2026-09-07 05:08:52.341,77,0,0,SteelNort,"{""event_name"": ""sql_batch_completed"", ""timestamp"": ""2026-09-07 05:08:52.341"", ""database_name"": ""SteelNort"", ""session_id"": 77, ""command"": ""EXECUTE"", ""duration"": 96, ""cpu_time"": 94, ""logical_reads"": 0, ""writes"": 0, ""wait_type"": ""MSQL_XP""}",EXECUTE,96.0,94.0,0.0,0.0,MSQL_XP,0,0,0,USER
logout,2026-09-07 05:08:54.364,70,0,0,0,"{""event_name"": ""logout"", ""timestamp"": ""2026-09-07 05:08:54.364"", ""session_id"": 70}",0,0.0,0.0,0.0,0.0,0,0,0,0,UNKNOWN
sql_batch_completed,2026-09-07 05:08:54.364,60,0,0,SteelNort,"{""event_name"": ""sql_batch_completed"", ""timestamp"": ""2026-09-07 05:08:54.364"", ""database_name"": ""SteelNort"", ""session_id"": 60, ""command"": ""EXECUTE"", ""duration"": -23, ""cpu_time"": 0, ""logical_reads"": 0, ""writes"": 0}",EXECUTE,-23.0,0.0,0.0,0.0,0,0,0,0,USER
sql_batch_completed,2026-09-07 05:08:54.364,67,0,0,SteelNort,"{""event_name"": ""sql_batch_completed"", ""timestamp"": ""2026-09-07 05:08:54.364"", ""database_name"": ""SteelNort"", ""session_id"": 67, ""command"": ""SELECT"", ""duration"": -5, ""cpu_time"": 7, ""logical_reads"": 0, ""writes"": 0}",SELECT,-5.0,7.0,0.0,0.0,0,0,0,0,USER
sql_batch_completed,2026-09-07 05:08:54.364,77,0,0,SteelNort,"{""event_name"": ""sql_batch_completed"", ""timestamp"": ""2026-09-07 05:08:54.364"", ""database_name"": ""SteelNort"", ""session_id"": 77, ""command"": ""EXECUTE"", ""duration"": 2151, ""cpu_time"": 94, ""logical_reads"": 0, ""writes"": 0, ""status"": ""completed""}",EXECUTE,2151.0,94.0,0.0,0.0,0,0,0,completed,USER
sql_batch_completed,2026-09-07 05:08:56.436,63,0,0,SteelNort,"{""event_name"": ""sql_batch_completed"", ""timestamp"": ""2026-09-07 05:08:56.436"", ""database_name"": ""SteelNort"", ""session_id"": 63, ""command"": ""SELECT"", ""duration"": -26, ""cpu_time"": 2, ""logical_reads"": 0, ""writes"": 0}",SELECT,-26.0,2.0,0.0,0.0,0,0,0,0,USER
sql_batch_completed,2026-09-07 05:08:56.436,65,0,0,SteelNort,"{""event_name"": ""sql_batch_completed"", ""timestamp"": ""2026-09-07 05:08:56.436"", ""database_name"": ""SteelNort"", ""session_id"": 65, ""command"": ""SELECT"", ""duration"": 11, ""cpu_time"": 4, ""logical_reads"": 0, ""writes"": 0}",SELECT,11.0,4.0,0.0,0.0,0,0,0,0,USER
sql_batch_completed,2026-09-07 05:08:56.436,67,0,0,SteelNort,"{""event_name"": ""sql_batch_completed"", ""timestamp"": ""2026-09-07 05:08:56.436"", ""database_name"": ""SteelNort"", ""session_id"": 67, ""command"": ""SELECT"", ""duration"": 2045, ""cpu_time"": 7, ""logical_reads"": 0, ""writes"": 0, ""status"": ""completed""}",SELECT,2045.0,7.0,0.0,0.0,0,0,0,completed,USER
sql_batch_completed,2026-09-07 05:08:56.436,60,0,0,SteelNort,"{""event_name"": ""sql_batch_completed"", ""timestamp"": ""2026-09-07 05:08:56.436"", ""database_name"": ""SteelNort"", ""session_id"": 60, ""command"": ""EXECUTE"", ""duration"": 2039, ""cpu_time"": 0, ""logical_reads"": 0, ""writes"": 0, ""status"": ""completed""}",EXECUTE,2039.0,0.0,0.0,0.0,0,0,0,completed,USER
login,2026-09-07 05:08:58.468,70,795ec2146175\Administrator,Microsoft SQL Server,SteelNort,"{""event_name"": ""login"", ""timestamp"": ""2026-09-07 05:08:58.468"", ""session_id"": 70, ""login_name"": ""795ec2146175\\Administrator"", ""program_name"": ""Microsoft SQL Server"", ""database_name"": ""SteelNort""}",0,0.0,0.0,0.0,0.0,0,0,0,0,UNKNOWN
sql_batch_completed,2026-09-07 05:08:58.468,62,0,0,SteelNort,"{""event_name"": ""sql_batch_completed"", ""timestamp"": ""2026-09-07 05:08:58.468"", ""database_name"": ""SteelNort"", ""session_id"": 62, ""command"": ""AWAITING COMMAND"", ""duration"": 4, ""cpu_time"": 0, ""logical_reads"": 0, ""writes"": 0}",AWAITING COMMAND,4.0,0.0,0.0,0.0,0,0,0,0,UNKNOWN
sql_batch_completed,2026-09-07 05:08:58.468,77,0,0,SteelNort,"{""event_name"": ""sql_batch_completed"", ""timestamp"": ""2026-09-07 05:08:58.468"", ""database_name"": ""SteelNort"", ""session_id"": 77, ""command"": ""EXECUTE"", ""duration"": 76, ""cpu_time"": 99, ""logical_reads"": 0, ""writes"": 0, ""wait_type"": ""MSQL_XP""}",EXECUTE,76.0,99.0,0.0,0.0,MSQL_XP,0,0,0,USER
sql_batch_completed,2026-09-07 05:08:58.468,78,0,0,SteelNort,"{""event_name"": ""sql_batch_completed"", ""timestamp"": ""2026-09-07 05:08:58.468"", ""database_name"": ""SteelNort"", ""session_id"": 78, ""command"": ""SELECT"", ""duration"": 13, ""cpu_time"": 11, ""logical_reads"": 0, ""writes"": 0}",SELECT,13.0,11.0,0.0,0.0,0,0,0,0,USER
sql_batch_completed,2026-09-07 05:08:58.468,65,0,0,SteelNort,"{""event_name"": ""sql_batch_completed"", ""timestamp"": ""2026-09-07 05:08:58.468"", ""database_name"": ""SteelNort"", ""session_id"": 65, ""command"": ""SELECT"", ""duration"": 2041, ""cpu_time"": 4, ""logical_reads"": 0, ""writes"": 0, ""status"": ""completed""}",SELECT,2041.0,4.0,0.0,0.0,0,0,0,completed,USER
sql_batch_completed,2026-09-07 05:08:58.468,63,0,0,SteelNort,"{""event_name"": ""sql_batch_completed"", ""timestamp"": ""2026-09-07 05:08:58.468"", ""database_name"": ""SteelNort"", ""session_id"": 63, ""command"": ""SELECT"", ""duration"": 2005, ""cpu_time"": 2, ""logical_reads"": 0, ""writes"": 0, ""status"": ""completed""}",SELECT,2005.0,2.0,0.0,0.0,0,0,0,completed,USER
lock_acquired,2026-09-07 05:08:58.468,78,0,0,0,"{""event_name"": ""lock_acquired"", ""timestamp"": ""2026-09-07 05:08:58.468"", ""session_id"": 78, ""resource_type"": ""OBJECT"", ""mode"": ""Sch-S""}",0,0.0,0.0,0.0,0.0,0,OBJECT,Sch-S,0,UNKNOWN
logout,2026-09-07 05:09:00.494,70,0,0,0,"{""event_name"": ""logout"", ""timestamp"": ""2026-09-07 05:09:00.494"", ""session_id"": 70}",0,0.0,0.0,0.0,0.0,0,0,0,0,UNKNOWN
wait_info,2026-09-07 05:09:00.494,58,0,0,master,"{""event_name"": ""wait_info"", ""timestamp"": ""2026-09-07 05:09:00.494"", ""session_id"": 58, ""wait_type"": ""BROKER_TO_FLUSH"", ""database_name"": ""master""}",0,0.0,0.0,0.0,0.0,BROKER_TO_FLUSH,0,0,0,UNKNOWN
sql_batch_completed,2026-09-07 05:09:00.494,62,0,0,SteelNort,"{""event_name"": ""sql_batch_completed"", ""timestamp"": ""2026-09-07 05:09:00.494"", ""database_name"": ""SteelNort"", ""session_id"": 62, ""command"": ""AWAITING COMMAND"", ""duration"": 2032, ""cpu_time"": 0, ""logical_reads"": 0, ""writes"": 0, ""status"": ""completed""}",AWAITING COMMAND,2032.0,0.0,0.0,0.0,0,0,0,completed,UNKNOWN
sql_batch_completed,2026-09-07 05:09:00.494,77,0,0,SteelNort,"{""event_name"": ""sql_batch_completed"", ""timestamp"": ""2026-09-07 05:09:00.494"", ""database_name"": ""SteelNort"", ""session_id"": 77, ""command"": ""EXECUTE"", ""duration"": 2104, ""cpu_time"": 99, ""logical_reads"": 0, ""writes"": 0, ""status"": ""completed""}",EXECUTE,2104.0,99.0,0.0,0.0,0,0,0,completed,USER
sql_batch_completed,2026-09-07 05:09:00.494,78,0,0,SteelNort,"{""event_name"": ""sql_batch_completed"", ""timestamp"": ""2026-09-07 05:09:00.494"", ""database_name"": ""SteelNort"", ""session_id"": 78, ""command"": ""SELECT"", ""duration"": 2041, ""cpu_time"": 11, ""logical_reads"": 0, ""writes"": 0, ""status"": ""completed""}",SELECT,2041.0,11.0,0.0,0.0,0,0,0,completed,USER
lock_released,2026-09-07 05:09:00.494,78,0,0,0,"{""event_name"": ""lock_released"", ""timestamp"": ""2026-09-07 05:09:00.494"", ""session_id"": 78, ""resource_type"": ""OBJECT"", ""mode"": ""Sch-S""}",0,0.0,0.0,0.0,0.0,0,OBJECT,Sch-S,0,UNKNOWN
lock_acquired,2026-09-07 05:09:02.523,62,0,0,0,"{""event_name"": ""lock_acquired"", ""timestamp"": ""2026-09-07 05:09:02.523"", ""session_id"": 62, ""resource_type"": ""KEY"", ""mode"": ""X""}",0,0.0,0.0,0.0,0.0,0,KEY,X,0,UNKNOWN
lock_acquired,2026-09-07 05:09:02.523,62,0,0,0,"{""event_name"": ""lock_acquired"", ""timestamp"": ""2026-09-07 05:09:02.523"", ""session_id"": 62, ""resource_type"": ""PAGE"", ""mode"": ""IX""}",0,0.0,0.0,0.0,0.0,0,PAGE,IX,0,UNKNOWN
lock_acquired,2026-09-07 05:09:02.523,62,0,0,0,"{""event_name"": ""lock_acquired"", ""timestamp"": ""2026-09-07 05:09:02.523"", ""session_id"": 62, ""resource_type"": ""OBJECT"", ""mode"": ""IX""}",0,0.0,0.0,0.0,0.0,0,OBJECT,IX,0,UNKNOWN
lock_acquired,2026-09-07 05:09:02.523,62,0,0,0,"{""event_name"": ""lock_acquired"", ""timestamp"": ""2026-09-07 05:09:02.523"", ""session_id"": 62, ""resource_type"": ""RID"", ""mode"": ""X""}",0,0.0,0.0,0.0,0.0,0,RID,X,0,UNKNOWN
lock_released,2026-09-07 05:09:04.558,62,0,0,0,"{""event_name"": ""lock_released"", ""timestamp"": ""2026-09-07 05:09:04.558"", ""session_id"": 62, ""resource_type"": ""KEY"", ""mode"": ""X""}",0,0.0,0.0,0.0,0.0,0,KEY,X,0,UNKNOWN
lock_released,2026-09-07 05:09:04.558,62,0,0,0,"{""event_name"": ""lock_released"", ""timestamp"": ""2026-09-07 05:09:04.558"", ""session_id"": 62, ""resource_type"": ""PAGE"", ""mode"": ""IX""}",0,0.0,0.0,0.0,0.0,0,PAGE,IX,0,UNKNOWN
lock_released,2026-09-07 05:09:04.558,62,0,0,0,"{""event_name"": ""lock_released"", ""timestamp"": ""2026-09-07 05:09:04.558"", ""session_id"": 62, ""resource_type"": ""OBJECT"", ""mode"": ""IX""}",0,0.0,0.0,0.0,0.0,0,OBJECT,IX,0,UNKNOWN
lock_released,2026-09-07 05:09:04.558,62,0,0,0,"{""event_name"": ""lock_released"", ""timestamp"": ""2026-09-07 05:09:04.558"", ""session_id"": 62, ""resource_type"": ""RID"", ""mode"": ""X""}",0,0.0,0.0,0.0,0.0,0,RID,X,0,UNKNOWN
sql_batch_completed,2026-09-07 05:09:08.616,77,0,0,SteelNort,"{""event_name"": ""sql_batch_completed"", ""timestamp"": ""2026-09-07 05:09:08.616"", ""database_name"": ""SteelNort"", ""session_id"": 77, ""command"": ""EXECUTE"", ""duration"": 68, ""cpu_time"": 83, ""logical_reads"": 0, ""writes"": 0, ""wait_type"": ""MSQL_XP""}",EXECUTE,68.0,83.0,0.0,0.0,MSQL_XP,0,0,0,USER
sql_batch_completed,2026-09-07 05:09:10.637,77,0,0,SteelNort,"{""event_name"": ""sql_batch_completed"", ""timestamp"": ""2026-09-07 05:09:10.637"", ""database_name"": ""SteelNort"", ""session_id"": 77, ""command"": ""EXECUTE"", ""duration"": 2090, ""cpu_time"": 83, ""logical_reads"": 0, ""writes"": 0, ""status"": ""completed""}",EXECUTE,2090.0,83.0,0.0,0.0,0,0,0,completed,USER
sql_batch_completed,2026-09-07 05:09:20.762,78,0,0,SteelNort,"{""event_name"": ""sql_batch_completed"", ""timestamp"": ""2026-09-07 05:09:20.762"", ""database_name"": ""SteelNort"", ""session_id"": 78, ""command"": ""SELECT"", ""duration"": 7, ""cpu_time"": 6, ""logical_reads"": 0, ""writes"": 0}",SELECT,7.0,6.0,0.0,0.0,0,0,0,0,USER
sql_batch_completed,2026-09-07 05:09:22.783,78,0,0,SteelNort,"{""event_name"": ""sql_batch_completed"", ""timestamp"": ""2026-09-07 05:09:22.783"", ""database_name"": ""SteelNort"", ""session_id"": 78, ""command"": ""SELECT"", ""duration"": 2033, ""cpu_time"": 6, ""logical_reads"": 0, ""writes"": 0, ""status"": ""completed""}",SELECT,2033.0,6.0,0.0,0.0,0,0,0,completed,USER
login,2026-09-07 05:09:24.810,70,795ec2146175\Administrator,Microsoft SQL Server,SteelNort,"{""event_name"": ""login"", ""timestamp"": ""2026-09-07 05:09:24.810"", ""session_id"": 70, ""login_name"": ""795ec2146175\\Administrator"", ""program_name"": ""Microsoft SQL Server"", ""database_name"": ""SteelNort""}",0,0.0,0.0,0.0,0.0,0,0,0,0,UNKNOWN
sql_batch_completed,2026-09-07 05:09:24.810,77,0,0,SteelNort,"{""event_name"": ""sql_batch_completed"", ""timestamp"": ""2026-09-07 05:09:24.810"", ""database_name"": ""SteelNort"", ""session_id"": 77, ""command"": ""EXECUTE"", ""duration"": 152, ""cpu_time"": 107, ""logical_reads"": 0, ""writes"": 0, ""wait_type"": ""MSQL_XP""}",EXECUTE,152.0,107.0,0.0,0.0,MSQL_XP,0,0,0,USER
logout,2026-09-07 05:09:26.836,70,0,0,0,"{""event_name"": ""logout"", ""timestamp"": ""2026-09-07 05:09:26.836"", ""session_id"": 70}",0,0.0,0.0,0.0,0.0,0,0,0,0,UNKNOWN
sql_batch_completed,2026-09-07 05:09:26.836,77,0,0,SteelNort,"{""event_name"": ""sql_batch_completed"", ""timestamp"": ""2026-09-07 05:09:26.836"", ""database_name"": ""SteelNort"", ""session_id"": 77, ""command"": ""EXECUTE"", ""duration"": 2178, ""cpu_time"": 107, ""logical_reads"": 0, ""writes"": 0, ""status"": ""completed""}",EXECUTE,2178.0,107.0,0.0,0.0,0,0,0,completed,USER
sql_batch_completed,2026-09-07 05:09:28.861,78,0,0,SteelNort,"{""event_name"": ""sql_batch_completed"", ""timestamp"": ""2026-09-07 05:09:28.861"", ""database_name"": ""SteelNort"", ""session_id"": 78, ""command"": ""SELECT"", ""duration"": -4, ""cpu_time"": 9, ""logical_reads"": 0, ""writes"": 0}",SELECT,-4.0,9.0,0.0,0.0,0,0,0,0,USER
sql_batch_completed,2026-09-07 05:09:30.895,78,0,0,SteelNort,"{""event_name"": ""sql_batch_completed"", ""timestamp"": ""2026-09-07 05:09:30.895"", ""database_name"": ""SteelNort"", ""session_id"": 78, ""command"": ""SELECT"", ""duration"": 2029, ""cpu_time"": 9, ""logical_reads"": 0, ""writes"": 0, ""status"": ""completed""}",SELECT,2029.0,9.0,0.0,0.0,0,0,0,completed,USER
lock_acquired,2026-09-07 05:09:34.946,68,0,0,0,"{""event_name"": ""lock_acquired"", ""timestamp"": ""2026-09-07 05:09:34.946"", ""session_id"": 68, ""resource_type"": ""PAGE"", ""mode"": ""IS""}",0,0.0,0.0,0.0,0.0,0,PAGE,IS,0,UNKNOWN
wait_info,2026-09-07 05:09:37.010,58,0,0,master,"{""event_name"": ""wait_info"", ""timestamp"": ""2026-09-07 05:09:37.010"", ""session_id"": 58, ""wait_type"": ""SLEEP_TASK"", ""database_name"": ""master""}",0,0.0,0.0,0.0,0.0,SLEEP_TASK,0,0,0,UNKNOWN
lock_released,2026-09-07 05:09:37.010,68,0,0,0,"{""event_name"": ""lock_released"", ""timestamp"": ""2026-09-07 05:09:37.010"", ""session_id"": 68, ""resource_type"": ""PAGE"", ""mode"": ""IS""}",0,0.0,0.0,0.0,0.0,0,PAGE,IS,0,UNKNOWN
login,2026-09-07 05:09:39.043,70,795ec2146175\Administrator,Microsoft SQL Server,SteelNort,"{""event_name"": ""login"", ""timestamp"": ""2026-09-07 05:09:39.043"", ""session_id"": 70, ""login_name"": ""795ec2146175\\Administrator"", ""program_name"": ""Microsoft SQL Server"", ""database_name"": ""SteelNort""}",0,0.0,0.0,0.0,0.0,0,0,0,0,UNKNOWN
sql_batch_completed,2026-09-07 05:09:39.043,77,0,0,SteelNort,"{""event_name"": ""sql_batch_completed"", ""timestamp"": ""2026-09-07 05:09:39.043"", ""database_name"": ""SteelNort"", ""session_id"": 77, ""command"": ""EXECUTE"", ""duration"": 189, ""cpu_time"": 126, ""logical_reads"": 0, ""writes"": 0, ""wait_type"": ""MSQL_XP""}",EXECUTE,189.0,126.0,0.0,0.0,MSQL_XP,0,0,0,USER
logout,2026-09-07 05:09:41.073,70,0,0,0,"{""event_name"": ""logout"", ""timestamp"": ""2026-09-07 05:09:41.073"", ""session_id"": 70}",0,0.0,0.0,0.0,0.0,0,0,0,0,UNKNOWN
sql_batch_completed,2026-09-07 05:09:41.073,77,0,0,SteelNort,"{""event_name"": ""sql_batch_completed"", ""timestamp"": ""2026-09-07 05:09:41.073"", ""database_name"": ""SteelNort"", ""session_id"": 77, ""command"": ""EXECUTE"", ""duration"": 2217, ""cpu_time"": 126, ""logical_reads"": 0, ""writes"": 0, ""status"": ""completed""}",EXECUTE,2217.0,126.0,0.0,0.0,0,0,0,completed,USER
sql_batch_completed,2026-09-07 05:09:43.097,78,0,0,SteelNort,"{""event_name"": ""sql_batch_completed"", ""timestamp"": ""2026-09-07 05:09:43.097"", ""database_name"": ""SteelNort"", ""session_id"": 78, ""command"": ""SELECT"", ""duration"": -2, ""cpu_time"": 6, ""logical_reads"": 0, ""writes"": 0}",SELECT,-2.0,6.0,0.0,0.0,0,0,0,0,USER
sql_batch_completed,2026-09-07 05:09:45.121,63,0,0,SteelNort,"{""event_name"": ""sql_batch_completed"", ""timestamp"": ""2026-09-07 05:09:45.121"", ""database_name"": ""SteelNort"", ""session_id"": 63, ""command"": ""AWAITING COMMAND"", ""duration"": -10, ""cpu_time"": 0, ""logical_reads"": 0, ""writes"": 0}",AWAITING COMMAND,-10.0,0.0,0.0,0.0,0,0,0,0,UNKNOWN
sql_batch_completed,2026-09-07 05:09:45.121,68,0,0,SteelNort,"{""event_name"": ""sql_batch_completed"", ""timestamp"": ""2026-09-07 05:09:45.121"", ""database_name"": ""SteelNort"", ""session_id"": 68, ""command"": ""SET OPTION ON"", ""duration"": -9, ""cpu_time"": 0, ""logical_reads"": 0, ""writes"": 0}",SET OPTION ON,-9.0,0.0,0.0,0.0,0,0,0,0,UNKNOWN
sql_batch_completed,2026-09-07 05:09:45.121,78,0,0,SteelNort,"{""event_name"": ""sql_batch_completed"", ""timestamp"": ""2026-09-07 05:09:45.121"", ""database_name"": ""SteelNort"", ""session_id"": 78, ""command"": ""SELECT"", ""duration"": 2022, ""cpu_time"": 6, ""logical_reads"": 0, ""writes"": 0, ""status"": ""completed""}",SELECT,2022.0,6.0,0.0,0.0,0,0,0,completed,USER
sql_batch_completed,2026-09-07 05:09:47.149,68,0,0,SteelNort,"{""event_name"": ""sql_batch_completed"", ""timestamp"": ""2026-09-07 05:09:47.149"", ""database_name"": ""SteelNort"", ""session_id"": 68, ""command"": ""SET OPTION ON"", ""duration"": 2023, ""cpu_time"": 0, ""logical_reads"": 0, ""writes"": 0, ""status"": ""completed""}",SET OPTION ON,2023.0,0.0,0.0,0.0,0,0,0,completed,UNKNOWN
sql_batch_completed,2026-09-07 05:09:47.149,63,0,0,SteelNort,"{""event_name"": ""sql_batch_completed"", ""timestamp"": ""2026-09-07 05:09:47.149"", ""database_name"": ""SteelNort"", ""session_id"": 63, ""command"": ""AWAITING COMMAND"", ""duration"": 2024, ""cpu_time"": 0, ""logical_reads"": 0, ""writes"": 0, ""status"": ""completed""}",AWAITING COMMAND,2024.0,0.0,0.0,0.0,0,0,0,completed,UNKNOWN
sql_batch_completed,2026-09-07 05:09:49.184,77,0,0,SteelNort,"{""event_name"": ""sql_batch_completed"", ""timestamp"": ""2026-09-07 05:09:49.184"", ""database_name"": ""SteelNort"", ""session_id"": 77, ""command"": ""EXECUTE"", ""duration"": 62, ""cpu_time"": 75, ""logical_reads"": 0, ""writes"": 0, ""wait_type"": ""MSQL_XP""}",EXECUTE,62.0,75.0,0.0,0.0,MSQL_XP,0,0,0,USER
sql_batch_completed,2026-09-07 05:09:51.208,77,0,0,SteelNort,"{""event_name"": ""sql_batch_completed"", ""timestamp"": ""2026-09-07 05:09:51.208"", ""database_name"": ""SteelNort"", ""session_id"": 77, ""command"": ""EXECUTE"", ""duration"": 2082, ""cpu_time"": 75, ""logical_reads"": 0, ""writes"": 0, ""status"": ""completed""}",EXECUTE,2082.0,75.0,0.0,0.0,0,0,0,completed,USER
sql_batch_completed,2026-09-07 05:09:53.225,77,0,0,SteelNort,"{""event_name"": ""sql_batch_completed"", ""timestamp"": ""2026-09-07 05:09:53.225"", ""database_name"": ""SteelNort"", ""session_id"": 77, ""command"": ""EXECUTE"", ""duration"": 398, ""cpu_time"": 413, ""logical_reads"": 0, ""writes"": 0, ""wait_type"": ""MSQL_XP""}",EXECUTE,398.0,413.0,0.0,0.0,MSQL_XP,0,0,0,USER
login,2026-09-07 05:09:55.560,70,795ec2146175\Administrator,Microsoft SQL Server,SteelNort,"{""event_name"": ""login"", ""timestamp"": ""2026-09-07 05:09:55.560"", ""session_id"": 70, ""login_name"": ""795ec2146175\\Administrator"", ""program_name"": ""Microsoft SQL Server"", ""database_name"": ""SteelNort""}",0,0.0,0.0,0.0,0.0,0,0,0,0,UNKNOWN
wait_info,2026-09-07 05:09:55.560,58,0,0,master,"{""event_name"": ""wait_info"", ""timestamp"": ""2026-09-07 05:09:55.560"", ""session_id"": 58, ""wait_type"": ""BROKER_TO_FLUSH"", ""database_name"": ""master""}",0,0.0,0.0,0.0,0.0,BROKER_TO_FLUSH,0,0,0,UNKNOWN
sql_batch_completed,2026-09-07 05:09:55.560,78,0,0,SteelNort,"{""event_name"": ""sql_batch_completed"", ""timestamp"": ""2026-09-07 05:09:55.560"", ""database_name"": ""SteelNort"", ""session_id"": 78, ""command"": ""SELECT"", ""duration"": 318, ""cpu_time"": 152, ""logical_reads"": 0, ""writes"": 0}",SELECT,318.0,152.0,0.0,0.0,0,0,0,0,USER
lock_acquired,2026-09-07 05:09:55.560,78,0,0,0,"{""event_name"": ""lock_acquired"", ""timestamp"": ""2026-09-07 05:09:55.560"", ""session_id"": 78, ""resource_type"": ""OBJECT"", ""mode"": ""Sch-S""}",0,0.0,0.0,0.0,0.0,0,OBJECT,Sch-S,0,UNKNOWN
logout,2026-09-07 05:09:58.810,70,0,0,0,"{""event_name"": ""logout"", ""timestamp"": ""2026-09-07 05:09:58.810"", ""session_id"": 70}",0,0.0,0.0,0.0,0.0,0,0,0,0,UNKNOWN
sql_batch_completed,2026-09-07 05:09:58.810,77,0,0,SteelNort,"{""event_name"": ""sql_batch_completed"", ""timestamp"": ""2026-09-07 05:09:58.810"", ""database_name"": ""SteelNort"", ""session_id"": 77, ""command"": ""EXECUTE"", ""duration"": 5860, ""cpu_time"": 1493, ""logical_reads"": 0, ""writes"": 0, ""status"": ""completed""}",EXECUTE,5860.0,1493.0,0.0,0.0,0,0,0,completed,USER
sql_batch_completed,2026-09-07 05:09:58.810,78,0,0,SteelNort,"{""event_name"": ""sql_batch_completed"", ""timestamp"": ""2026-09-07 05:09:58.810"", ""database_name"": ""SteelNort"", ""session_id"": 78, ""command"": ""SELECT"", ""duration"": 2911, ""cpu_time"": 152, ""logical_reads"": 0, ""writes"": 0, ""status"": ""completed""}",SELECT,2911.0,152.0,0.0,0.0,0,0,0,completed,USER
lock_released,2026-09-07 05:09:58.810,78,0,0,0,"{""event_name"": ""lock_released"", ""timestamp"": ""2026-09-07 05:09:58.810"", ""session_id"": 78, ""resource_type"": ""OBJECT"", ""mode"": ""Sch-S""}",0,0.0,0.0,0.0,0.0,0,OBJECT,Sch-S,0,UNKNOWN
wait_info,2026-09-07 05:10:00.835,58,0,0,master,"{""event_name"": ""wait_info"", ""timestamp"": ""2026-09-07 05:10:00.835"", ""session_id"": 58, ""wait_type"": ""SLEEP_TASK"", ""database_name"": ""master""}",0,0.0,0.0,0.0,0.0,SLEEP_TASK,0,0,0,UNKNOWN
sql_batch_completed,2026-09-07 05:10:00.835,77,0,0,SteelNort,"{""event_name"": ""sql_batch_completed"", ""timestamp"": ""2026-09-07 05:10:00.835"", ""database_name"": ""SteelNort"", ""session_id"": 77, ""command"": ""EXECUTE"", ""duration"": 1213, ""cpu_time"": 1255, ""logical_reads"": 0, ""writes"": 0, ""wait_type"": ""MSQL_XP""}",EXECUTE,1213.0,1255.0,0.0,0.0,MSQL_XP,0,0,0,USER
sql_batch_completed,2026-09-07 05:10:00.835,78,0,0,SteelNort,"{""event_name"": ""sql_batch_completed"", ""timestamp"": ""2026-09-07 05:10:00.835"", ""database_name"": ""SteelNort"", ""session_id"": 78, ""command"": ""SELECT"", ""duration"": -22, ""cpu_time"": 1, ""logical_reads"": 0, ""writes"": 0}",SELECT,-22.0,1.0,0.0,0.0,0,0,0,0,USER
lock_acquired,2026-09-07 05:10:00.835,78,0,0,0,"{""event_name"": ""lock_acquired"", ""timestamp"": ""2026-09-07 05:10:00.835"", ""session_id"": 78, ""resource_type"": ""OBJECT"", ""mode"": ""Sch-S""}",0,0.0,0.0,0.0,0.0,0,OBJECT,Sch-S,0,UNKNOWN
login,2026-09-07 05:10:03.262,70,sa,unknown,SteelNort,"{""event_name"": ""login"", ""timestamp"": ""2026-09-07 05:10:03.262"", ""session_id"": 70, ""login_name"": ""sa"", ""program_name"": ""unknown"", ""database_name"": ""SteelNort""}",0,0.0,0.0,0.0,0.0,0,0,0,0,UNKNOWN
login,2026-09-07 05:10:03.262,71,sa,unknown,SteelNort,"{""event_name"": ""login"", ""timestamp"": ""2026-09-07 05:10:03.262"", ""session_id"": 71, ""login_name"": ""sa"", ""program_name"": ""unknown"", ""database_name"": ""SteelNort""}",0,0.0,0.0,0.0,0.0,0,0,0,0,UNKNOWN
login,2026-09-07 05:10:03.262,72,sa,unknown,SteelNort,"{""event_name"": ""login"", ""timestamp"": ""2026-09-07 05:10:03.262"", ""session_id"": 72, ""login_name"": ""sa"", ""program_name"": ""unknown"", ""database_name"": ""SteelNort""}",0,0.0,0.0,0.0,0.0,0,0,0,0,UNKNOWN
login,2026-09-07 05:10:03.262,73,sa,unknown,SteelNort,"{""event_name"": ""login"", ""timestamp"": ""2026-09-07 05:10:03.262"", ""session_id"": 73, ""login_name"": ""sa"", ""program_name"": ""unknown"", ""database_name"": ""SteelNort""}",0,0.0,0.0,0.0,0.0,0,0,0,0,UNKNOWN
login,2026-09-07 05:10:03.262,74,sa,unknown,SteelNort,"{""event_name"": ""login"", ""timestamp"": ""2026-09-07 05:10:03.262"", ""session_id"": 74, ""login_name"": ""sa"", ""program_name"": ""unknown"", ""database_name"": ""SteelNort""}",0,0.0,0.0,0.0,0.0,0,0,0,0,UNKNOWN
login,2026-09-07 05:10:03.262,75,sa,unknown,SteelNort,"{""event_name"": ""login"", ""timestamp"": ""2026-09-07 05:10:03.262"", ""session_id"": 75, ""login_name"": ""sa"", ""program_name"": ""unknown"", ""database_name"": ""SteelNort""}",0,0.0,0.0,0.0,0.0,0,0,0,0,UNKNOWN
login,2026-09-07 05:10:03.262,79,sa,unknown,SteelNort,"{""event_name"": ""login"", ""timestamp"": ""2026-09-07 05:10:03.262"", ""session_id"": 79, ""login_name"": ""sa"", ""program_name"": ""unknown"", ""database_name"": ""SteelNort""}",0,0.0,0.0,0.0,0.0,0,0,0,0,UNKNOWN
login,2026-09-07 05:10:03.262,80,sa,unknown,SteelNort,"{""event_name"": ""login"", ""timestamp"": ""2026-09-07 05:10:03.262"", ""session_id"": 80, ""login_name"": ""sa"", ""program_name"": ""unknown"", ""database_name"": ""SteelNort""}",0,0.0,0.0,0.0,0.0,0,0,0,0,UNKNOWN
login,2026-09-07 05:10:03.262,81,sa,unknown,SteelNort,"{""event_name"": ""login"", ""timestamp"": ""2026-09-07 05:10:03.262"", ""session_id"": 81, ""login_name"": ""sa"", ""program_name"": ""unknown"", ""database_name"": ""SteelNort""}",0,0.0,0.0,0.0,0.0,0,0,0,0,UNKNOWN
wait_info,2026-09-07 05:10:03.262,58,0,0,master,"{""event_name"": ""wait_info"", ""timestamp"": ""2026-09-07 05:10:03.262"", ""session_id"": 58, ""wait_type"": ""BROKER_TO_FLUSH"", ""database_name"": ""master""}",0,0.0,0.0,0.0,0.0,BROKER_TO_FLUSH,0,0,0,UNKNOWN
sql_batch_completed,2026-09-07 05:10:03.262,70,0,0,master,"{""event_name"": ""sql_batch_completed"", ""timestamp"": ""2026-09-07 05:10:03.262"", ""database_name"": ""master"", ""session_id"": 70, ""command"": ""TASK MANAGER"", ""duration"": 1497, ""cpu_time"": 0, ""logical_reads"": 0, ""writes"": 0}",TASK MANAGER,1497.0,0.0,0.0,0.0,0,0,0,0,SQL_SERVER_INTERNAL
sql_batch_completed,2026-09-07 05:10:03.262,71,0,0,master,"{""event_name"": ""sql_batch_completed"", ""timestamp"": ""2026-09-07 05:10:03.262"", ""database_name"": ""master"", ""session_id"": 71, ""command"": ""BRKR TASK"", ""duration"": 1506, ""cpu_time"": 0, ""logical_reads"": 0, ""writes"": 0, ""wait_type"": ""BROKER_TASK_STOP""}",BRKR TASK,1506.0,0.0,0.0,0.0,BROKER_TASK_STOP,0,0,0,SQL_SERVER_INTERNAL
sql_batch_completed,2026-09-07 05:10:03.262,72,0,0,master,"{""event_name"": ""sql_batch_completed"", ""timestamp"": ""2026-09-07 05:10:03.262"", ""database_name"": ""master"", ""session_id"": 72, ""command"": ""TASK MANAGER"", ""duration"": 1514, ""cpu_time"": 0, ""logical_reads"": 0, ""writes"": 0}",TASK MANAGER,1514.0,0.0,0.0,0.0,0,0,0,0,SQL_SERVER_INTERNAL
sql_batch_completed,2026-09-07 05:10:03.262,73,0,0,master,"{""event_name"": ""sql_batch_completed"", ""timestamp"": ""2026-09-07 05:10:03.262"", ""database_name"": ""master"", ""session_id"": 73, ""command"": ""TASK MANAGER"", ""duration"": 1523, ""cpu_time"": 0, ""logical_reads"": 0, ""writes"": 0}",TASK MANAGER,1523.0,0.0,0.0,0.0,0,0,0,0,SQL_SERVER_INTERNAL
sql_batch_completed,2026-09-07 05:10:03.262,74,0,0,master,"{""event_name"": ""sql_batch_completed"", ""timestamp"": ""2026-09-07 05:10:03.262"", ""database_name"": ""master"", ""session_id"": 74, ""command"": ""TASK MANAGER"", ""duration"": 1536, ""cpu_time"": 0, ""logical_reads"": 0, ""writes"": 0}",TASK MANAGER,1536.0,0.0,0.0,0.0,0,0,0,0,SQL_SERVER_INTERNAL
sql_batch_completed,2026-09-07 05:10:03.262,75,0,0,master,"{""event_name"": ""sql_batch_completed"", ""timestamp"": ""2026-09-07 05:10:03.262"", ""database_name"": ""master"", ""session_id"": 75, ""command"": ""TASK MANAGER"", ""duration"": 1512, ""cpu_time"": 0, ""logical_reads"": 0, ""writes"": 0}",TASK MANAGER,1512.0,0.0,0.0,0.0,0,0,0,0,SQL_SERVER_INTERNAL
sql_batch_completed,2026-09-07 05:10:03.262,79,0,0,master,"{""event_name"": ""sql_batch_completed"", ""timestamp"": ""2026-09-07 05:10:03.262"", ""database_name"": ""master"", ""session_id"": 79, ""command"": ""TASK MANAGER"", ""duration"": 1546, ""cpu_time"": 0, ""logical_reads"": 0, ""writes"": 0}",TASK MANAGER,1546.0,0.0,0.0,0.0,0,0,0,0,SQL_SERVER_INTERNAL
sql_batch_completed,2026-09-07 05:10:03.262,80,0,0,master,"{""event_name"": ""sql_batch_completed"", ""timestamp"": ""2026-09-07 05:10:03.262"", ""database_name"": ""master"", ""session_id"": 80, ""command"": ""TASK MANAGER"", ""duration"": 1617, ""cpu_time"": 0, ""logical_reads"": 0, ""writes"": 0}",TASK MANAGER,1617.0,0.0,0.0,0.0,0,0,0,0,SQL_SERVER_INTERNAL
sql_batch_completed,2026-09-07 05:10:03.262,81,0,0,master,"{""event_name"": ""sql_batch_completed"", ""timestamp"": ""2026-09-07 05:10:03.262"", ""database_name"": ""master"", ""session_id"": 81, ""command"": ""TASK MANAGER"", ""duration"": 1644, ""cpu_time"": 0, ""logical_reads"": 0, ""writes"": 0}",TASK MANAGER,1644.0,0.0,0.0,0.0,0,0,0,0,SQL_SERVER_INTERNAL
sql_batch_completed,2026-09-07 05:10:03.262,78,0,0,SteelNort,"{""event_name"": ""sql_batch_completed"", ""timestamp"": ""2026-09-07 05:10:03.262"", ""database_name"": ""SteelNort"", ""session_id"": 78, ""command"": ""SELECT"", ""duration"": 3634, ""cpu_time"": 1, ""logical_reads"": 0, ""writes"": 0, ""status"": ""completed""}",SELECT,3634.0,1.0,0.0,0.0,0,0,0,completed,USER
lock_released,2026-09-07 05:10:03.262,78,0,0,0,"{""event_name"": ""lock_released"", ""timestamp"": ""2026-09-07 05:10:03.262"", ""session_id"": 78, ""resource_type"": ""OBJECT"", ""mode"": ""Sch-S""}",0,0.0,0.0,0.0,0.0,0,OBJECT,Sch-S,0,UNKNOWN
wait_info,2026-09-07 05:10:07.132,58,0,0,master,"{""event_name"": ""wait_info"", ""timestamp"": ""2026-09-07 05:10:07.132"", ""session_id"": 58, ""wait_type"": ""SLEEP_TASK"", ""database_name"": ""master""}",0,0.0,0.0,0.0,0.0,SLEEP_TASK,0,0,0,UNKNOWN
sql_batch_completed,2026-09-07 05:10:07.132,66,0,0,SteelNort,"{""event_name"": ""sql_batch_completed"", ""timestamp"": ""2026-09-07 05:10:07.132"", ""database_name"": ""SteelNort"", ""session_id"": 66, ""command"": ""EXECUTE"", ""duration"": 0, ""cpu_time"": 0, ""logical_reads"": 0, ""writes"": 0}",EXECUTE,0.0,0.0,0.0,0.0,0,0,0,0,USER
sql_batch_completed,2026-09-07 05:10:07.132,77,0,0,SteelNort,"{""event_name"": ""sql_batch_completed"", ""timestamp"": ""2026-09-07 05:10:07.132"", ""database_name"": ""SteelNort"", ""session_id"": 77, ""command"": ""EXECUTE"", ""duration"": 3646, ""cpu_time"": 752, ""logical_reads"": 0, ""writes"": 0, ""status"": ""completed""}",EXECUTE,3646.0,752.0,0.0,0.0,0,0,0,completed,USER
login,2026-09-07 05:10:09.156,82,795ec2146175\Administrator,Microsoft SQL Server,SteelNort,"{""event_name"": ""login"", ""timestamp"": ""2026-09-07 05:10:09.156"", ""session_id"": 82, ""login_name"": ""795ec2146175\\Administrator"", ""program_name"": ""Microsoft SQL Server"", ""database_name"": ""SteelNort""}",0,0.0,0.0,0.0,0.0,0,0,0,0,UNKNOWN
sql_batch_completed,2026-09-07 05:10:09.156,77,0,0,SteelNort,"{""event_name"": ""sql_batch_completed"", ""timestamp"": ""2026-09-07 05:10:09.156"", ""database_name"": ""SteelNort"", ""session_id"": 77, ""command"": ""EXECUTE"", ""duration"": 1832, ""cpu_time"": 1243, ""logical_reads"": 0, ""writes"": 0, ""wait_type"": ""MSQL_XP""}",EXECUTE,1832.0,1243.0,0.0,0.0,MSQL_XP,0,0,0,USER
sql_batch_completed,2026-09-07 05:10:09.156,78,0,0,SteelNort,"{""event_name"": ""sql_batch_completed"", ""timestamp"": ""2026-09-07 05:10:09.156"", ""database_name"": ""SteelNort"", ""session_id"": 78, ""command"": ""SELECT"", ""duration"": -4, ""cpu_time"": 0, ""logical_reads"": 0, ""writes"": 0}",SELECT,-4.0,0.0,0.0,0.0,0,0,0,0,USER
sql_batch_completed,2026-09-07 05:10:09.156,66,0,0,SteelNort,"{""event_name"": ""sql_batch_completed"", ""timestamp"": ""2026-09-07 05:10:09.156"", ""database_name"": ""SteelNort"", ""session_id"": 66, ""command"": ""EXECUTE"", ""duration"": 2030, ""cpu_time"": 0, ""logical_reads"": 0, ""writes"": 0, ""status"": ""completed""}",EXECUTE,2030.0,0.0,0.0,0.0,0,0,0,completed,USER
lock_acquired,2026-09-07 05:10:09.156,78,0,0,0,"{""event_name"": ""lock_acquired"", ""timestamp"": ""2026-09-07 05:10:09.156"", ""session_id"": 78, ""resource_type"": ""OBJECT"", ""mode"": ""Sch-S""}",0,0.0,0.0,0.0,0.0,0,OBJECT,Sch-S,0,UNKNOWN
logout,2026-09-07 05:10:11.180,82,0,0,0,"{""event_name"": ""logout"", ""timestamp"": ""2026-09-07 05:10:11.180"", ""session_id"": 82}",0,0.0,0.0,0.0,0.0,0,0,0,0,UNKNOWN
sql_batch_completed,2026-09-07 05:10:11.180,64,0,0,SteelNort,"{""event_name"": ""sql_batch_completed"", ""timestamp"": ""2026-09-07 05:10:11.180"", ""database_name"": ""SteelNort"", ""session_id"": 64, ""command"": ""SELECT"", ""duration"": -9, ""cpu_time"": 0, ""logical_reads"": 0, ""writes"": 0}",SELECT,-9.0,0.0,0.0,0.0,0,0,0,0,USER
sql_batch_completed,2026-09-07 05:10:11.180,77,0,0,SteelNort,"{""event_name"": ""sql_batch_completed"", ""timestamp"": ""2026-09-07 05:10:11.180"", ""database_name"": ""SteelNort"", ""session_id"": 77, ""command"": ""EXECUTE"", ""duration"": 3852, ""cpu_time"": 1243, ""logical_reads"": 0, ""writes"": 0, ""status"": ""completed""}",EXECUTE,3852.0,1243.0,0.0,0.0,0,0,0,completed,USER
sql_batch_completed,2026-09-07 05:10:11.180,78,0,0,SteelNort,"{""event_name"": ""sql_batch_completed"", ""timestamp"": ""2026-09-07 05:10:11.180"", ""database_name"": ""SteelNort"", ""session_id"": 78, ""command"": ""SELECT"", ""duration"": 2016, ""cpu_time"": 0, ""logical_reads"": 0, ""writes"": 0, ""status"": ""completed""}",SELECT,2016.0,0.0,0.0,0.0,0,0,0,completed,USER
lock_released,2026-09-07 05:10:11.180,78,0,0,0,"{""event_name"": ""lock_released"", ""timestamp"": ""2026-09-07 05:10:11.180"", ""session_id"": 78, ""resource_type"": ""OBJECT"", ""mode"": ""Sch-S""}",0,0.0,0.0,0.0,0.0,0,OBJECT,Sch-S,0,UNKNOWN
logout,2026-09-07 05:10:13.204,71,0,0,0,"{""event_name"": ""logout"", ""timestamp"": ""2026-09-07 05:10:13.204"", ""session_id"": 71}",0,0.0,0.0,0.0,0.0,0,0,0,0,UNKNOWN
sql_batch_completed,2026-09-07 05:10:13.204,77,0,0,SteelNort,"{""event_name"": ""sql_batch_completed"", ""timestamp"": ""2026-09-07 05:10:13.204"", ""database_name"": ""SteelNort"", ""session_id"": 77, ""command"": ""EXECUTE"", ""duration"": 1116, ""cpu_time"": 1127, ""logical_reads"": 0, ""writes"": 0, ""wait_type"": ""MSQL_XP""}",EXECUTE,1116.0,1127.0,0.0,0.0,MSQL_XP,0,0,0,USER
sql_batch_completed,2026-09-07 05:10:13.204,64,0,0,SteelNort,"{""event_name"": ""sql_batch_completed"", ""timestamp"": ""2026-09-07 05:10:13.204"", ""database_name"": ""SteelNort"", ""session_id"": 64, ""command"": ""SELECT"", ""duration"": 2561, ""cpu_time"": 0, ""logical_reads"": 0, ""writes"": 0, ""status"": ""completed""}",SELECT,2561.0,0.0,0.0,0.0,0,0,0,completed,USER
sql_batch_completed,2026-09-07 05:10:13.204,71,0,0,master,"{""event_name"": ""sql_batch_completed"", ""timestamp"": ""2026-09-07 05:10:13.204"", ""database_name"": ""master"", ""session_id"": 71, ""command"": ""BRKR TASK"", ""duration"": 10915, ""cpu_time"": 0, ""logical_reads"": 0, ""writes"": 0, ""status"": ""completed""}",BRKR TASK,10915.0,0.0,0.0,0.0,0,0,0,completed,SQL_SERVER_INTERNAL
wait_info,2026-09-07 05:10:16.273,58,0,0,master,"{""event_name"": ""wait_info"", ""timestamp"": ""2026-09-07 05:10:16.273"", ""session_id"": 58, ""wait_type"": ""BROKER_TO_FLUSH"", ""database_name"": ""master""}",0,0.0,0.0,0.0,0.0,BROKER_TO_FLUSH,0,0,0,UNKNOWN
sql_batch_completed,2026-09-07 05:10:16.273,77,0,0,SteelNort,"{""event_name"": ""sql_batch_completed"", ""timestamp"": ""2026-09-07 05:10:16.273"", ""database_name"": ""SteelNort"", ""session_id"": 77, ""command"": ""EXECUTE"", ""duration"": 3738, ""cpu_time"": 1127, ""logical_reads"": 0, ""writes"": 0, ""status"": ""completed""}",EXECUTE,3738.0,1127.0,0.0,0.0,0,0,0,completed,USER
sql_batch_completed,2026-09-07 05:10:18.290,77,0,0,SteelNort,"{""event_name"": ""sql_batch_completed"", ""timestamp"": ""2026-09-07 05:10:18.290"", ""database_name"": ""SteelNort"", ""session_id"": 77, ""command"": ""EXECUTE"", ""duration"": 743, ""cpu_time"": 749, ""logical_reads"": 0, ""writes"": 0, ""wait_type"": ""MSQL_XP""}",EXECUTE,743.0,749.0,0.0,0.0,MSQL_XP,0,0,0,USER
sql_batch_completed,2026-09-07 05:10:18.290,78,0,0,SteelNort,"{""event_name"": ""sql_batch_completed"", ""timestamp"": ""2026-09-07 05:10:18.290"", ""database_name"": ""SteelNort"", ""session_id"": 78, ""command"": ""SELECT"", ""duration"": -8, ""cpu_time"": 1, ""logical_reads"": 0, ""writes"": 0}",SELECT,-8.0,1.0,0.0,0.0,0,0,0,0,USER
wait_info,2026-09-07 05:10:20.673,58,0,0,master,"{""event_name"": ""wait_info"", ""timestamp"": ""2026-09-07 05:10:20.673"", ""session_id"": 58, ""wait_type"": ""SLEEP_TASK"", ""database_name"": ""master""}",0,0.0,0.0,0.0,0.0,SLEEP_TASK,0,0,0,UNKNOWN
sql_batch_completed,2026-09-07 05:10:20.673,77,0,0,SteelNort,"{""event_name"": ""sql_batch_completed"", ""timestamp"": ""2026-09-07 05:10:20.673"", ""database_name"": ""SteelNort"", ""session_id"": 77, ""command"": ""EXECUTE"", ""duration"": 3000, ""cpu_time"": 749, ""logical_reads"": 0, ""writes"": 0, ""status"": ""completed""}",EXECUTE,3000.0,749.0,0.0,0.0,0,0,0,completed,USER
sql_batch_completed,2026-09-07 05:10:20.673,78,0,0,SteelNort,"{""event_name"": ""sql_batch_completed"", ""timestamp"": ""2026-09-07 05:10:20.673"", ""database_name"": ""SteelNort"", ""session_id"": 78, ""command"": ""SELECT"", ""duration"": 2241, ""cpu_time"": 1, ""logical_reads"": 0, ""writes"": 0, ""status"": ""completed""}",SELECT,2241.0,1.0,0.0,0.0,0,0,0,completed,USER
login,2026-09-07 05:10:22.687,71,795ec2146175\Administrator,Microsoft SQL Server,SteelNort,"{""event_name"": ""login"", ""timestamp"": ""2026-09-07 05:10:22.687"", ""session_id"": 71, ""login_name"": ""795ec2146175\\Administrator"", ""program_name"": ""Microsoft SQL Server"", ""database_name"": ""SteelNort""}",0,0.0,0.0,0.0,0.0,0,0,0,0,UNKNOWN
sql_batch_completed,2026-09-07 05:10:22.687,77,0,0,SteelNort,"{""event_name"": ""sql_batch_completed"", ""timestamp"": ""2026-09-07 05:10:22.687"", ""database_name"": ""SteelNort"", ""session_id"": 77, ""command"": ""EXECUTE"", ""duration"": 175, ""cpu_time"": 90, ""logical_reads"": 0, ""writes"": 0, ""wait_type"": ""MSQL_XP""}",EXECUTE,175.0,90.0,0.0,0.0,MSQL_XP,0,0,0,USER
logout,2026-09-07 05:10:24.706,71,0,0,0,"{""event_name"": ""logout"", ""timestamp"": ""2026-09-07 05:10:24.706"", ""session_id"": 71}",0,0.0,0.0,0.0,0.0,0,0,0,0,UNKNOWN
lock_acquired,2026-09-07 05:10:24.706,62,0,0,0,"{""event_name"": ""lock_acquired"", ""timestamp"": ""2026-09-07 05:10:24.706"", ""session_id"": 62, ""resource_type"": ""OBJECT"", ""mode"": ""IS""}",0,0.0,0.0,0.0,0.0,0,OBJECT,IS,0,UNKNOWN
sql_batch_completed,2026-09-07 05:10:26.959,77,0,0,SteelNort,"{""event_name"": ""sql_batch_completed"", ""timestamp"": ""2026-09-07 05:10:26.959"", ""database_name"": ""SteelNort"", ""session_id"": 77, ""command"": ""EXECUTE"", ""duration"": 3405, ""cpu_time"": 1138, ""logical_reads"": 0, ""writes"": 0, ""status"": ""completed""}",EXECUTE,3405.0,1138.0,0.0,0.0,0,0,0,completed,USER
lock_released,2026-09-07 05:10:26.959,62,0,0,0,"{""event_name"": ""lock_released"", ""timestamp"": ""2026-09-07 05:10:26.959"", ""session_id"": 62, ""resource_type"": ""OBJECT"", ""mode"": ""IS""}",0,0.0,0.0,0.0,0.0,0,OBJECT,IS,0,UNKNOWN
wait_info,2026-09-07 05:10:31.538,58,0,0,master,"{""event_name"": ""wait_info"", ""timestamp"": ""2026-09-07 05:10:31.538"", ""session_id"": 58, ""wait_type"": ""BROKER_TO_FLUSH"", ""database_name"": ""master""}",0,0.0,0.0,0.0,0.0,BROKER_TO_FLUSH,0,0,0,UNKNOWN
lock_acquired,2026-09-07 05:10:31.538,60,0,0,0,"{""event_name"": ""lock_acquired"", ""timestamp"": ""2026-09-07 05:10:31.538"", ""session_id"": 60, ""resource_type"": ""OBJECT"", ""mode"": ""IS""}",0,0.0,0.0,0.0,0.0,0,OBJECT,IS,0,UNKNOWN
sql_batch_completed,2026-09-07 05:10:33.559,77,0,0,SteelNort,"{""event_name"": ""sql_batch_completed"", ""timestamp"": ""2026-09-07 05:10:33.559"", ""database_name"": ""SteelNort"", ""session_id"": 77, ""command"": ""EXECUTE"", ""duration"": -14, ""cpu_time"": 0, ""logical_reads"": 0, ""writes"": 0, ""wait_type"": ""MSQL_XP""}",EXECUTE,-14.0,0.0,0.0,0.0,MSQL_XP,0,0,0,USER
lock_released,2026-09-07 05:10:33.559,60,0,0,0,"{""event_name"": ""lock_released"", ""timestamp"": ""2026-09-07 05:10:33.559"", ""session_id"": 60, ""resource_type"": ""OBJECT"", ""mode"": ""IS""}",0,0.0,0.0,0.0,0.0,0,OBJECT,IS,0,UNKNOWN
sql_batch_completed,2026-09-07 05:10:35.691,51,0,0,SteelNort,"{""event_name"": ""sql_batch_completed"", ""timestamp"": ""2026-09-07 05:10:35.691"", ""database_name"": ""SteelNort"", ""session_id"": 51, ""command"": ""EXECUTE"", ""duration"": 10, ""cpu_time"": 0, ""logical_reads"": 0, ""writes"": 0}",EXECUTE,10.0,0.0,0.0,0.0,0,0,0,0,USER
sql_batch_completed,2026-09-07 05:10:35.691,78,0,0,SteelNort,"{""event_name"": ""sql_batch_completed"", ""timestamp"": ""2026-09-07 05:10:35.691"", ""database_name"": ""SteelNort"", ""session_id"": 78, ""command"": ""SELECT"", ""duration"": 33, ""cpu_time"": 5, ""logical_reads"": 0, ""writes"": 0}",SELECT,33.0,5.0,0.0,0.0,0,0,0,0,USER
sql_batch_completed,2026-09-07 05:10:38.427,51,0,0,SteelNort,"{""event_name"": ""sql_batch_completed"", ""timestamp"": ""2026-09-07 05:10:38.427"", ""database_name"": ""SteelNort"", ""session_id"": 51, ""command"": ""EXECUTE"", ""duration"": 2059, ""cpu_time"": 0, ""logical_reads"": 0, ""writes"": 0, ""status"": ""completed""}",EXECUTE,2059.0,0.0,0.0,0.0,0,0,0,completed,USER
sql_batch_completed,2026-09-07 05:10:38.427,77,0,0,SteelNort,"{""event_name"": ""sql_batch_completed"", ""timestamp"": ""2026-09-07 05:10:38.427"", ""database_name"": ""SteelNort"", ""session_id"": 77, ""command"": ""EXECUTE"", ""duration"": 3663, ""cpu_time"": 1685, ""logical_reads"": 0, ""writes"": 0, ""status"": ""completed""}",EXECUTE,3663.0,1685.0,0.0,0.0,0,0,0,completed,USER
lock_acquired,2026-09-07 05:10:38.427,78,0,0,0,"{""event_name"": ""lock_acquired"", ""timestamp"": ""2026-09-07 05:10:38.427"", ""session_id"": 78, ""resource_type"": ""OBJECT"", ""mode"": ""Sch-S""}",0,0.0,0.0,0.0,0.0,0,OBJECT,Sch-S,0,UNKNOWN
lock_acquired,2026-09-07 05:10:38.427,67,0,0,0,"{""event_name"": ""lock_acquired"", ""timestamp"": ""2026-09-07 05:10:38.427"", ""session_id"": 67, ""resource_type"": ""OBJECT"", ""mode"": ""IS""}",0,0.0,0.0,0.0,0.0,0,OBJECT,IS,0,UNKNOWN
login,2026-09-07 05:10:40.457,71,795ec2146175\Administrator,Microsoft SQL Server,SteelNort,"{""event_name"": ""login"", ""timestamp"": ""2026-09-07 05:10:40.457"", ""session_id"": 71, ""login_name"": ""795ec2146175\\Administrator"", ""program_name"": ""Microsoft SQL Server"", ""database_name"": ""SteelNort""}",0,0.0,0.0,0.0,0.0,0,0,0,0,UNKNOWN
sql_batch_completed,2026-09-07 05:10:40.457,77,0,0,SteelNort,"{""event_name"": ""sql_batch_completed"", ""timestamp"": ""2026-09-07 05:10:40.457"", ""database_name"": ""SteelNort"", ""session_id"": 77, ""command"": ""EXECUTE"", ""duration"": 1718, ""cpu_time"": 1596, ""logical_reads"": 0, ""writes"": 0, ""wait_type"": ""MSQL_XP""}",EXECUTE,1718.0,1596.0,0.0,0.0,MSQL_XP,0,0,0,USER
sql_batch_completed,2026-09-07 05:10:40.457,78,0,0,SteelNort,"{""event_name"": ""sql_batch_completed"", ""timestamp"": ""2026-09-07 05:10:40.457"", ""database_name"": ""SteelNort"", ""session_id"": 78, ""command"": ""SELECT"", ""duration"": 2056, ""cpu_time"": 2, ""logical_reads"": 0, ""writes"": 0, ""status"": ""completed""}",SELECT,2056.0,2.0,0.0,0.0,0,0,0,completed,USER
lock_released,2026-09-07 05:10:40.457,78,0,0,0,"{""event_name"": ""lock_released"", ""timestamp"": ""2026-09-07 05:10:40.457"", ""session_id"": 78, ""resource_type"": ""OBJECT"", ""mode"": ""Sch-S""}",0,0.0,0.0,0.0,0.0,0,OBJECT,Sch-S,0,UNKNOWN
lock_released,2026-09-07 05:10:40.457,67,0,0,0,"{""event_name"": ""lock_released"", ""timestamp"": ""2026-09-07 05:10:40.457"", ""session_id"": 67, ""resource_type"": ""OBJECT"", ""mode"": ""IS""}",0,0.0,0.0,0.0,0.0,0,OBJECT,IS,0,UNKNOWN
logout,2026-09-07 05:10:42.509,71,0,0,0,"{""event_name"": ""logout"", ""timestamp"": ""2026-09-07 05:10:42.509"", ""session_id"": 71}",0,0.0,0.0,0.0,0.0,0,0,0,0,UNKNOWN
sql_batch_completed,2026-09-07 05:10:42.509,52,0,0,SteelNort,"{""event_name"": ""sql_batch_completed"", ""timestamp"": ""2026-09-07 05:10:42.509"", ""database_name"": ""SteelNort"", ""session_id"": 52, ""command"": ""SELECT"", ""duration"": -24, ""cpu_time"": 0, ""logical_reads"": 0, ""writes"": 0}",SELECT,-24.0,0.0,0.0,0.0,0,0,0,0,USER
sql_batch_completed,2026-09-07 05:10:42.509,77,0,0,SteelNort,"{""event_name"": ""sql_batch_completed"", ""timestamp"": ""2026-09-07 05:10:42.509"", ""database_name"": ""SteelNort"", ""session_id"": 77, ""command"": ""EXECUTE"", ""duration"": 3739, ""cpu_time"": 1596, ""logical_reads"": 0, ""writes"": 0, ""status"": ""completed""}",EXECUTE,3739.0,1596.0,0.0,0.0,0,0,0,completed,USER
sql_batch_completed,2026-09-07 05:10:44.526,52,0,0,SteelNort,"{""event_name"": ""sql_batch_completed"", ""timestamp"": ""2026-09-07 05:10:44.526"", ""database_name"": ""SteelNort"", ""session_id"": 52, ""command"": ""SELECT"", ""duration"": 1989, ""cpu_time"": 0, ""logical_reads"": 0, ""writes"": 0, ""status"": ""completed""}",SELECT,1989.0,0.0,0.0,0.0,0,0,0,completed,USER
login,2026-09-07 05:10:46.543,71,795ec2146175\Administrator,Microsoft SQL Server,SteelNort,"{""event_name"": ""login"", ""timestamp"": ""2026-09-07 05:10:46.543"", ""session_id"": 71, ""login_name"": ""795ec2146175\\Administrator"", ""program_name"": ""Microsoft SQL Server"", ""database_name"": ""SteelNort""}",0,0.0,0.0,0.0,0.0,0,0,0,0,UNKNOWN
wait_info,2026-09-07 05:10:46.543,58,0,0,master,"{""event_name"": ""wait_info"", ""timestamp"": ""2026-09-07 05:10:46.543"", ""session_id"": 58, ""wait_type"": ""SLEEP_TASK"", ""database_name"": ""master""}",0,0.0,0.0,0.0,0.0,SLEEP_TASK,0,0,0,UNKNOWN
sql_batch_completed,2026-09-07 05:10:46.543,77,0,0,SteelNort,"{""event_name"": ""sql_batch_completed"", ""timestamp"": ""2026-09-07 05:10:46.543"", ""database_name"": ""SteelNort"", ""session_id"": 77, ""command"": ""EXECUTE"", ""duration"": 126, ""cpu_time"": 93, ""logical_reads"": 0, ""writes"": 0, ""wait_type"": ""MSQL_XP""}",EXECUTE,126.0,93.0,0.0,0.0,MSQL_XP,0,0,0,USER
logout,2026-09-07 05:10:48.567,71,0,0,0,"{""event_name"": ""logout"", ""timestamp"": ""2026-09-07 05:10:48.567"", ""session_id"": 71}",0,0.0,0.0,0.0,0.0,0,0,0,0,UNKNOWN
sql_batch_completed,2026-09-07 05:10:48.567,78,0,0,SteelNort,"{""event_name"": ""sql_batch_completed"", ""timestamp"": ""2026-09-07 05:10:48.567"", ""database_name"": ""SteelNort"", ""session_id"": 78, ""command"": ""SELECT"", ""duration"": 60, ""cpu_time"": 17, ""logical_reads"": 0, ""writes"": 0}",SELECT,60.0,17.0,0.0,0.0,0,0,0,0,USER
login,2026-09-07 05:10:52.034,71,795ec2146175\Administrator,Microsoft SQL Server,SteelNort,"{""event_name"": ""login"", ""timestamp"": ""2026-09-07 05:10:52.034"", ""session_id"": 71, ""login_name"": ""795ec2146175\\Administrator"", ""program_name"": ""Microsoft SQL Server"", ""database_name"": ""SteelNort""}",0,0.0,0.0,0.0,0.0,0,0,0,0,UNKNOWN
wait_info,2026-09-07 05:10:52.034,58,0,0,master,"{""event_name"": ""wait_info"", ""timestamp"": ""2026-09-07 05:10:52.034"", ""session_id"": 58, ""wait_type"": ""BROKER_TO_FLUSH"", ""database_name"": ""master""}",0,0.0,0.0,0.0,0.0,BROKER_TO_FLUSH,0,0,0,UNKNOWN
lock_acquired,2026-09-07 05:10:52.034,78,0,0,0,"{""event_name"": ""lock_acquired"", ""timestamp"": ""2026-09-07 05:10:52.034"", ""session_id"": 78, ""resource_type"": ""OBJECT"", ""mode"": ""Sch-S""}",0,0.0,0.0,0.0,0.0,0,OBJECT,Sch-S,0,UNKNOWN
logout,2026-09-07 05:10:54.812,71,0,0,0,"{""event_name"": ""logout"", ""timestamp"": ""2026-09-07 05:10:54.812"", ""session_id"": 71}",0,0.0,0.0,0.0,0.0,0,0,0,0,UNKNOWN
sql_batch_completed,2026-09-07 05:10:54.812,52,0,0,SteelNort,"{""event_name"": ""sql_batch_completed"", ""timestamp"": ""2026-09-07 05:10:54.812"", ""database_name"": ""SteelNort"", ""session_id"": 52, ""command"": ""AWAITING COMMAND"", ""duration"": -18, ""cpu_time"": 0, ""logical_reads"": 0, ""writes"": 0}",AWAITING COMMAND,-18.0,0.0,0.0,0.0,0,0,0,0,UNKNOWN
wait_info,2026-09-07 05:10:54.812,58,0,0,master,"{""event_name"": ""wait_info"", ""timestamp"": ""2026-09-07 05:10:54.812"", ""session_id"": 58, ""wait_type"": ""SLEEP_TASK"", ""database_name"": ""master""}",0,0.0,0.0,0.0,0.0,SLEEP_TASK,0,0,0,UNKNOWN
sql_batch_completed,2026-09-07 05:10:54.812,78,0,0,SteelNort,"{""event_name"": ""sql_batch_completed"", ""timestamp"": ""2026-09-07 05:10:54.812"", ""database_name"": ""SteelNort"", ""session_id"": 78, ""command"": ""SELECT"", ""duration"": 2632, ""cpu_time"": 119, ""logical_reads"": 0, ""writes"": 0, ""status"": ""completed""}",SELECT,2632.0,119.0,0.0,0.0,0,0,0,completed,USER
lock_released,2026-09-07 05:10:54.812,78,0,0,0,"{""event_name"": ""lock_released"", ""timestamp"": ""2026-09-07 05:10:54.812"", ""session_id"": 78, ""resource_type"": ""OBJECT"", ""mode"": ""Sch-S""}",0,0.0,0.0,0.0,0.0,0,OBJECT,Sch-S,0,UNKNOWN
sql_batch_completed,2026-09-07 05:10:56.992,64,0,0,SteelNort,"{""event_name"": ""sql_batch_completed"", ""timestamp"": ""2026-09-07 05:10:56.992"", ""database_name"": ""SteelNort"", ""session_id"": 64, ""command"": ""AWAITING COMMAND"", ""duration"": -16, ""cpu_time"": 0, ""logical_reads"": 0, ""writes"": 0}",AWAITING COMMAND,-16.0,0.0,0.0,0.0,0,0,0,0,UNKNOWN
sql_batch_completed,2026-09-07 05:10:56.992,78,0,0,SteelNort,"{""event_name"": ""sql_batch_completed"", ""timestamp"": ""2026-09-07 05:10:56.992"", ""database_name"": ""SteelNort"", ""session_id"": 78, ""command"": ""SELECT"", ""duration"": -8, ""cpu_time"": 6, ""logical_reads"": 0, ""writes"": 0}",SELECT,-8.0,6.0,0.0,0.0,0,0,0,0,USER
sql_batch_completed,2026-09-07 05:10:56.992,52,0,0,SteelNort,"{""event_name"": ""sql_batch_completed"", ""timestamp"": ""2026-09-07 05:10:56.992"", ""database_name"": ""SteelNort"", ""session_id"": 52, ""command"": ""AWAITING COMMAND"", ""duration"": 2136, ""cpu_time"": 0, ""logical_reads"": 0, ""writes"": 0, ""status"": ""completed""}",AWAITING COMMAND,2136.0,0.0,0.0,0.0,0,0,0,completed,UNKNOWN
sql_batch_completed,2026-09-07 05:10:56.992,77,0,0,SteelNort,"{""event_name"": ""sql_batch_completed"", ""timestamp"": ""2026-09-07 05:10:56.992"", ""database_name"": ""SteelNort"", ""session_id"": 77, ""command"": ""EXECUTE"", ""duration"": 3123, ""cpu_time"": 1019, ""logical_reads"": 0, ""writes"": 0, ""status"": ""completed""}",EXECUTE,3123.0,1019.0,0.0,0.0,0,0,0,completed,USER
sql_batch_completed,2026-09-07 05:10:59.023,64,0,0,SteelNort,"{""event_name"": ""sql_batch_completed"", ""timestamp"": ""2026-09-07 05:10:59.023"", ""database_name"": ""SteelNort"", ""session_id"": 64, ""command"": ""AWAITING COMMAND"", ""duration"": 2013, ""cpu_time"": 0, ""logical_reads"": 0, ""writes"": 0, ""status"": ""completed""}",AWAITING COMMAND,2013.0,0.0,0.0,0.0,0,0,0,completed,UNKNOWN
sql_batch_completed,2026-09-07 05:10:59.023,78,0,0,SteelNort,"{""event_name"": ""sql_batch_completed"", ""timestamp"": ""2026-09-07 05:10:59.023"", ""database_name"": ""SteelNort"", ""session_id"": 78, ""command"": ""SELECT"", ""duration"": 2021, ""cpu_time"": 6, ""logical_reads"": 0, ""writes"": 0, ""status"": ""completed""}",SELECT,2021.0,6.0,0.0,0.0,0,0,0,completed,USER
sql_batch_completed,2026-09-07 05:11:03.090,60,0,0,SteelNort,"{""event_name"": ""sql_batch_completed"", ""timestamp"": ""2026-09-07 05:11:03.090"", ""database_name"": ""SteelNort"", ""session_id"": 60, ""command"": ""AWAITING COMMAND"", ""duration"": -1, ""cpu_time"": 0, ""logical_reads"": 0, ""writes"": 0}",AWAITING COMMAND,-1.0,0.0,0.0,0.0,0,0,0,0,UNKNOWN
sql_batch_completed,2026-09-07 05:11:05.119,77,0,0,SteelNort,"{""event_name"": ""sql_batch_completed"", ""timestamp"": ""2026-09-07 05:11:05.119"", ""database_name"": ""SteelNort"", ""session_id"": 77, ""command"": ""EXECUTE"", ""duration"": 12, ""cpu_time"": 14, ""logical_reads"": 0, ""writes"": 0, ""wait_type"": ""MSQL_XP""}",EXECUTE,12.0,14.0,0.0,0.0,MSQL_XP,0,0,0,USER
sql_batch_completed,2026-09-07 05:11:05.119,60,0,0,SteelNort,"{""event_name"": ""sql_batch_completed"", ""timestamp"": ""2026-09-07 05:11:05.119"", ""database_name"": ""SteelNort"", ""session_id"": 60, ""command"": ""AWAITING COMMAND"", ""duration"": 2024, ""cpu_time"": 0, ""logical_reads"": 0, ""writes"": 0, ""status"": ""completed""}",AWAITING COMMAND,2024.0,0.0,0.0,0.0,0,0,0,completed,UNKNOWN
sql_batch_completed,2026-09-07 05:11:07.147,64,0,0,SteelNort,"{""event_name"": ""sql_batch_completed"", ""timestamp"": ""2026-09-07 05:11:07.147"", ""database_name"": ""SteelNort"", ""session_id"": 64, ""command"": ""EXECUTE"", ""duration"": -7, ""cpu_time"": 0, ""logical_reads"": 0, ""writes"": 0}",EXECUTE,-7.0,0.0,0.0,0.0,0,0,0,0,USER
sql_batch_completed,2026-09-07 05:11:07.147,77,0,0,SteelNort,"{""event_name"": ""sql_batch_completed"", ""timestamp"": ""2026-09-07 05:11:07.147"", ""database_name"": ""SteelNort"", ""session_id"": 77, ""command"": ""EXECUTE"", ""duration"": 2046, ""cpu_time"": 14, ""logical_reads"": 0, ""writes"": 0, ""status"": ""completed""}",EXECUTE,2046.0,14.0,0.0,0.0,0,0,0,completed,USER
login,2026-09-07 05:11:09.179,71,795ec2146175\Administrator,Microsoft SQL Server,SteelNort,"{""event_name"": ""login"", ""timestamp"": ""2026-09-07 05:11:09.179"", ""session_id"": 71, ""login_name"": ""795ec2146175\\Administrator"", ""program_name"": ""Microsoft SQL Server"", ""database_name"": ""SteelNort""}",0,0.0,0.0,0.0,0.0,0,0,0,0,UNKNOWN
sql_batch_completed,2026-09-07 05:11:09.179,77,0,0,SteelNort,"{""event_name"": ""sql_batch_completed"", ""timestamp"": ""2026-09-07 05:11:09.179"", ""database_name"": ""SteelNort"", ""session_id"": 77, ""command"": ""EXECUTE"", ""duration"": 172, ""cpu_time"": 118, ""logical_reads"": 0, ""writes"": 0, ""wait_type"": ""MSQL_XP""}",EXECUTE,172.0,118.0,0.0,0.0,MSQL_XP,0,0,0,USER
sql_batch_completed,2026-09-07 05:11:09.179,64,0,0,SteelNort,"{""event_name"": ""sql_batch_completed"", ""timestamp"": ""2026-09-07 05:11:09.179"", ""database_name"": ""SteelNort"", ""session_id"": 64, ""command"": ""EXECUTE"", ""duration"": 2024, ""cpu_time"": 0, ""logical_reads"": 0, ""writes"": 0, ""status"": ""completed""}",EXECUTE,2024.0,0.0,0.0,0.0,0,0,0,completed,USER
logout,2026-09-07 05:11:11.209,71,0,0,0,"{""event_name"": ""logout"", ""timestamp"": ""2026-09-07 05:11:11.209"", ""session_id"": 71}",0,0.0,0.0,0.0,0.0,0,0,0,0,UNKNOWN
sql_batch_completed,2026-09-07 05:11:11.209,65,0,0,SteelNort,"{""event_name"": ""sql_batch_completed"", ""timestamp"": ""2026-09-07 05:11:11.209"", ""database_name"": ""SteelNort"", ""session_id"": 65, ""command"": ""EXECUTE"", ""duration"": -18, ""cpu_time"": 0, ""logical_reads"": 0, ""writes"": 0}",EXECUTE,-18.0,0.0,0.0,0.0,0,0,0,0,USER
sql_batch_completed,2026-09-07 05:11:11.209,77,0,0,SteelNort,"{""event_name"": ""sql_batch_completed"", ""timestamp"": ""2026-09-07 05:11:11.209"", ""database_name"": ""SteelNort"", ""session_id"": 77, ""command"": ""EXECUTE"", ""duration"": 2202, ""cpu_time"": 118, ""logical_reads"": 0, ""writes"": 0, ""status"": ""completed""}",EXECUTE,2202.0,118.0,0.0,0.0,0,0,0,completed,USER
sql_batch_completed,2026-09-07 05:11:13.233,52,0,0,SteelNort,"{""event_name"": ""sql_batch_completed"", ""timestamp"": ""2026-09-07 05:11:13.233"", ""database_name"": ""SteelNort"", ""session_id"": 52, ""command"": ""AWAITING COMMAND"", ""duration"": -17, ""cpu_time"": 0, ""logical_reads"": 0, ""writes"": 0}",AWAITING COMMAND,-17.0,0.0,0.0,0.0,0,0,0,0,UNKNOWN
sql_batch_completed,2026-09-07 05:11:13.233,65,0,0,SteelNort,"{""event_name"": ""sql_batch_completed"", ""timestamp"": ""2026-09-07 05:11:13.233"", ""database_name"": ""SteelNort"", ""session_id"": 65, ""command"": ""EXECUTE"", ""duration"": 2003, ""cpu_time"": 0, ""logical_reads"": 0, ""writes"": 0, ""status"": ""completed""}",EXECUTE,2003.0,0.0,0.0,0.0,0,0,0,completed,USER
sql_batch_completed,2026-09-07 05:11:15.258,67,0,0,SteelNort,"{""event_name"": ""sql_batch_completed"", ""timestamp"": ""2026-09-07 05:11:15.258"", ""database_name"": ""SteelNort"", ""session_id"": 67, ""command"": ""SET OPTION OFF"", ""duration"": -28, ""cpu_time"": 0, ""logical_reads"": 0, ""writes"": 0}",SET OPTION OFF,-28.0,0.0,0.0,0.0,0,0,0,0,UNKNOWN
sql_batch_completed,2026-09-07 05:11:15.258,52,0,0,SteelNort,"{""event_name"": ""sql_batch_completed"", ""timestamp"": ""2026-09-07 05:11:15.258"", ""database_name"": ""SteelNort"", ""session_id"": 52, ""command"": ""AWAITING COMMAND"", ""duration"": 2010, ""cpu_time"": 0, ""logical_reads"": 0, ""writes"": 0, ""status"": ""completed""}",AWAITING COMMAND,2010.0,0.0,0.0,0.0,0,0,0,completed,UNKNOWN
sql_batch_completed,2026-09-07 05:11:17.284,67,0,0,SteelNort,"{""event_name"": ""sql_batch_completed"", ""timestamp"": ""2026-09-07 05:11:17.284"", ""database_name"": ""SteelNort"", ""session_id"": 67, ""command"": ""SET OPTION OFF"", ""duration"": 1999, ""cpu_time"": 0, ""logical_reads"": 0, ""writes"": 0, ""status"": ""completed""}",SET OPTION OFF,1999.0,0.0,0.0,0.0,0,0,0,completed,UNKNOWN
login,2026-09-07 05:11:19.319,71,795ec2146175\Administrator,Microsoft SQL Server,SteelNort,"{""event_name"": ""login"", ""timestamp"": ""2026-09-07 05:11:19.319"", ""session_id"": 71, ""login_name"": ""795ec2146175\\Administrator"", ""program_name"": ""Microsoft SQL Server"", ""database_name"": ""SteelNort""}",0,0.0,0.0,0.0,0.0,0,0,0,0,UNKNOWN
wait_info,2026-09-07 05:11:19.319,58,0,0,master,"{""event_name"": ""wait_info"", ""timestamp"": ""2026-09-07 05:11:19.319"", ""session_id"": 58, ""wait_type"": ""BROKER_TO_FLUSH"", ""database_name"": ""master""}",0,0.0,0.0,0.0,0.0,BROKER_TO_FLUSH,0,0,0,UNKNOWN
sql_batch_completed,2026-09-07 05:11:19.319,68,0,0,SteelNort,"{""event_name"": ""sql_batch_completed"", ""timestamp"": ""2026-09-07 05:11:19.319"", ""database_name"": ""SteelNort"", ""session_id"": 68, ""command"": ""EXECUTE"", ""duration"": 3, ""cpu_time"": 0, ""logical_reads"": 0, ""writes"": 0}",EXECUTE,3.0,0.0,0.0,0.0,0,0,0,0,USER
sql_batch_completed,2026-09-07 05:11:19.319,77,0,0,SteelNort,"{""event_name"": ""sql_batch_completed"", ""timestamp"": ""2026-09-07 05:11:19.319"", ""database_name"": ""SteelNort"", ""session_id"": 77, ""command"": ""EXECUTE"", ""duration"": 132, ""cpu_time"": 125, ""logical_reads"": 0, ""writes"": 0, ""wait_type"": ""MSQL_XP""}",EXECUTE,132.0,125.0,0.0,0.0,MSQL_XP,0,0,0,USER
sql_batch_completed,2026-09-07 05:11:19.319,78,0,0,SteelNort,"{""event_name"": ""sql_batch_completed"", ""timestamp"": ""2026-09-07 05:11:19.319"", ""database_name"": ""SteelNort"", ""session_id"": 78, ""command"": ""SELECT"", ""duration"": 10, ""cpu_time"": 1, ""logical_reads"": 0, ""writes"": 0}",SELECT,10.0,1.0,0.0,0.0,0,0,0,0,USER
logout,2026-09-07 05:11:21.347,71,0,0,0,"{""event_name"": ""logout"", ""timestamp"": ""2026-09-07 05:11:21.347"", ""session_id"": 71}",0,0.0,0.0,0.0,0.0,0,0,0,0,UNKNOWN
sql_batch_completed,2026-09-07 05:11:21.347,68,0,0,SteelNort,"{""event_name"": ""sql_batch_completed"", ""timestamp"": ""2026-09-07 05:11:21.347"", ""database_name"": ""SteelNort"", ""session_id"": 68, ""command"": ""EXECUTE"", ""duration"": 2029, ""cpu_time"": 0, ""logical_reads"": 0, ""writes"": 0, ""status"": ""completed""}",EXECUTE,2029.0,0.0,0.0,0.0,0,0,0,completed,USER
sql_batch_completed,2026-09-07 05:11:21.347,77,0,0,SteelNort,"{""event_name"": ""sql_batch_completed"", ""timestamp"": ""2026-09-07 05:11:21.347"", ""database_name"": ""SteelNort"", ""session_id"": 77, ""command"": ""EXECUTE"", ""duration"": 2158, ""cpu_time"": 125, ""logical_reads"": 0, ""writes"": 0, ""status"": ""completed""}",EXECUTE,2158.0,125.0,0.0,0.0,0,0,0,completed,USER
sql_batch_completed,2026-09-07 05:11:21.347,78,0,0,SteelNort,"{""event_name"": ""sql_batch_completed"", ""timestamp"": ""2026-09-07 05:11:21.347"", ""database_name"": ""SteelNort"", ""session_id"": 78, ""command"": ""SELECT"", ""duration"": 2035, ""cpu_time"": 1, ""logical_reads"": 0, ""writes"": 0, ""status"": ""completed""}",SELECT,2035.0,1.0,0.0,0.0,0,0,0,completed,USER
sql_batch_completed,2026-09-07 05:11:29.462,66,0,0,SteelNort,"{""event_name"": ""sql_batch_completed"", ""timestamp"": ""2026-09-07 05:11:29.462"", ""database_name"": ""SteelNort"", ""session_id"": 66, ""command"": ""EXECUTE"", ""duration"": -1, ""cpu_time"": 0, ""logical_reads"": 0, ""writes"": 0}",EXECUTE,-1.0,0.0,0.0,0.0,0,0,0,0,USER
sql_batch_completed,2026-09-07 05:11:29.462,77,0,0,SteelNort,"{""event_name"": ""sql_batch_completed"", ""timestamp"": ""2026-09-07 05:11:29.462"", ""database_name"": ""SteelNort"", ""session_id"": 77, ""command"": ""EXECUTE"", ""duration"": 479, ""cpu_time"": 458, ""logical_reads"": 0, ""writes"": 0, ""wait_type"": ""MSQL_XP""}",EXECUTE,479.0,458.0,0.0,0.0,MSQL_XP,0,0,0,USER
wait_info,2026-09-07 05:11:32.025,58,0,0,master,"{""event_name"": ""wait_info"", ""timestamp"": ""2026-09-07 05:11:32.025"", ""session_id"": 58, ""wait_type"": ""SLEEP_TASK"", ""database_name"": ""master""}",0,0.0,0.0,0.0,0.0,SLEEP_TASK,0,0,0,UNKNOWN
sql_batch_completed,2026-09-07 05:11:32.025,78,0,0,SteelNort,"{""event_name"": ""sql_batch_completed"", ""timestamp"": ""2026-09-07 05:11:32.025"", ""database_name"": ""SteelNort"", ""session_id"": 78, ""command"": ""SELECT"", ""duration"": 348, ""cpu_time"": 18, ""logical_reads"": 0, ""writes"": 0}",SELECT,348.0,18.0,0.0,0.0,0,0,0,0,USER
sql_batch_completed,2026-09-07 05:11:32.025,66,0,0,SteelNort,"{""event_name"": ""sql_batch_completed"", ""timestamp"": ""2026-09-07 05:11:32.025"", ""database_name"": ""SteelNort"", ""session_id"": 66, ""command"": ""EXECUTE"", ""duration"": 3294, ""cpu_time"": 0, ""logical_reads"": 0, ""writes"": 0, ""status"": ""completed""}",EXECUTE,3294.0,0.0,0.0,0.0,0,0,0,completed,USER
sql_batch_completed,2026-09-07 05:11:35.160,66,0,0,SteelNort,"{""event_name"": ""sql_batch_completed"", ""timestamp"": ""2026-09-07 05:11:35.160"", ""database_name"": ""SteelNort"", ""session_id"": 66, ""command"": ""AWAITING COMMAND"", ""duration"": -9, ""cpu_time"": 0, ""logical_reads"": 0, ""writes"": 0}",AWAITING COMMAND,-9.0,0.0,0.0,0.0,0,0,0,0,UNKNOWN
sql_batch_completed,2026-09-07 05:11:35.160,77,0,0,SteelNort,"{""event_name"": ""sql_batch_completed"", ""timestamp"": ""2026-09-07 05:11:35.160"", ""database_name"": ""SteelNort"", ""session_id"": 77, ""command"": ""EXECUTE"", ""duration"": 3598, ""cpu_time"": 845, ""logical_reads"": 0, ""writes"": 0, ""status"": ""completed""}",EXECUTE,3598.0,845.0,0.0,0.0,0,0,0,completed,USER
sql_batch_completed,2026-09-07 05:11:35.160,78,0,0,SteelNort,"{""event_name"": ""sql_batch_completed"", ""timestamp"": ""2026-09-07 05:11:35.160"", ""database_name"": ""SteelNort"", ""session_id"": 78, ""command"": ""SELECT"", ""duration"": 2786, ""cpu_time"": 18, ""logical_reads"": 0, ""writes"": 0, ""status"": ""completed""}",SELECT,2786.0,18.0,0.0,0.0,0,0,0,completed,USER
login,2026-09-07 05:11:37.180,71,795ec2146175\Administrator,Microsoft SQL Server,SteelNort,"{""event_name"": ""login"", ""timestamp"": ""2026-09-07 05:11:37.180"", ""session_id"": 71, ""login_name"": ""795ec2146175\\Administrator"", ""program_name"": ""Microsoft SQL Server"", ""database_name"": ""SteelNort""}",0,0.0,0.0,0.0,0.0,0,0,0,0,UNKNOWN
wait_info,2026-09-07 05:11:37.180,58,0,0,master,"{""event_name"": ""wait_info"", ""timestamp"": ""2026-09-07 05:11:37.180"", ""session_id"": 58, ""wait_type"": ""BROKER_TO_FLUSH"", ""database_name"": ""master""}",0,0.0,0.0,0.0,0.0,BROKER_TO_FLUSH,0,0,0,UNKNOWN
sql_batch_completed,2026-09-07 05:11:37.180,64,0,0,SteelNort,"{""event_name"": ""sql_batch_completed"", ""timestamp"": ""2026-09-07 05:11:37.180"", ""database_name"": ""SteelNort"", ""session_id"": 64, ""command"": ""EXECUTE"", ""duration"": -15, ""cpu_time"": 0, ""logical_reads"": 0, ""writes"": 0}",EXECUTE,-15.0,0.0,0.0,0.0,0,0,0,0,USER
sql_batch_completed,2026-09-07 05:11:37.180,77,0,0,SteelNort,"{""event_name"": ""sql_batch_completed"", ""timestamp"": ""2026-09-07 05:11:37.180"", ""database_name"": ""SteelNort"", ""session_id"": 77, ""command"": ""EXECUTE"", ""duration"": 1518, ""cpu_time"": 1560, ""logical_reads"": 0, ""writes"": 0, ""wait_type"": ""MSQL_XP""}",EXECUTE,1518.0,1560.0,0.0,0.0,MSQL_XP,0,0,0,USER
sql_batch_completed,2026-09-07 05:11:37.180,78,0,0,SteelNort,"{""event_name"": ""sql_batch_completed"", ""timestamp"": ""2026-09-07 05:11:37.180"", ""database_name"": ""SteelNort"", ""session_id"": 78, ""command"": ""SELECT"", ""duration"": -8, ""cpu_time"": 4, ""logical_reads"": 0, ""writes"": 0}",SELECT,-8.0,4.0,0.0,0.0,0,0,0,0,USER
sql_batch_completed,2026-09-07 05:11:37.180,66,0,0,SteelNort,"{""event_name"": ""sql_batch_completed"", ""timestamp"": ""2026-09-07 05:11:37.180"", ""database_name"": ""SteelNort"", ""session_id"": 66, ""command"": ""AWAITING COMMAND"", ""duration"": 2022, ""cpu_time"": 0, ""logical_reads"": 0, ""writes"": 0, ""status"": ""completed""}",AWAITING COMMAND,2022.0,0.0,0.0,0.0,0,0,0,completed,UNKNOWN
lock_acquired,2026-09-07 05:11:37.180,68,0,0,0,"{""event_name"": ""lock_acquired"", ""timestamp"": ""2026-09-07 05:11:37.180"", ""session_id"": 68, ""resource_type"": ""RID"", ""mode"": ""X""}",0,0.0,0.0,0.0,0.0,0,RID,X,0,UNKNOWN
lock_acquired,2026-09-07 05:11:37.180,68,0,0,0,"{""event_name"": ""lock_acquired"", ""timestamp"": ""2026-09-07 05:11:37.180"", ""session_id"": 68, ""resource_type"": ""PAGE"", ""mode"": ""IX""}",0,0.0,0.0,0.0,0.0,0,PAGE,IX,0,UNKNOWN
lock_acquired,2026-09-07 05:11:37.180,68,0,0,0,"{""event_name"": ""lock_acquired"", ""timestamp"": ""2026-09-07 05:11:37.180"", ""session_id"": 68, ""resource_type"": ""OBJECT"", ""mode"": ""IX""}",0,0.0,0.0,0.0,0.0,0,OBJECT,IX,0,UNKNOWN
lock_acquired,2026-09-07 05:11:37.180,68,0,0,0,"{""event_name"": ""lock_acquired"", ""timestamp"": ""2026-09-07 05:11:37.180"", ""session_id"": 68, ""resource_type"": ""KEY"", ""mode"": ""X""}",0,0.0,0.0,0.0,0.0,0,KEY,X,0,UNKNOWN
lock_acquired,2026-09-07 05:11:37.180,78,0,0,0,"{""event_name"": ""lock_acquired"", ""timestamp"": ""2026-09-07 05:11:37.180"", ""session_id"": 78, ""resource_type"": ""OBJECT"", ""mode"": ""Sch-S""}",0,0.0,0.0,0.0,0.0,0,OBJECT,Sch-S,0,UNKNOWN
logout,2026-09-07 05:11:39.215,71,0,0,0,"{""event_name"": ""logout"", ""timestamp"": ""2026-09-07 05:11:39.215"", ""session_id"": 71}",0,0.0,0.0,0.0,0.0,0,0,0,0,UNKNOWN
sql_batch_completed,2026-09-07 05:11:39.215,66,0,0,SteelNort,"{""event_name"": ""sql_batch_completed"", ""timestamp"": ""2026-09-07 05:11:39.215"", ""database_name"": ""SteelNort"", ""session_id"": 66, ""command"": ""AWAITING COMMAND"", ""duration"": -7, ""cpu_time"": 0, ""logical_reads"": 0, ""writes"": 0}",AWAITING COMMAND,-7.0,0.0,0.0,0.0,0,0,0,0,UNKNOWN
sql_batch_completed,2026-09-07 05:11:39.215,64,0,0,SteelNort,"{""event_name"": ""sql_batch_completed"", ""timestamp"": ""2026-09-07 05:11:39.215"", ""database_name"": ""SteelNort"", ""session_id"": 64, ""command"": ""EXECUTE"", ""duration"": 2023, ""cpu_time"": 0, ""logical_reads"": 0, ""writes"": 0, ""status"": ""completed""}",EXECUTE,2023.0,0.0,0.0,0.0,0,0,0,completed,USER
sql_batch_completed,2026-09-07 05:11:39.215,77,0,0,SteelNort,"{""event_name"": ""sql_batch_completed"", ""timestamp"": ""2026-09-07 05:11:39.215"", ""database_name"": ""SteelNort"", ""session_id"": 77, ""command"": ""EXECUTE"", ""duration"": 3556, ""cpu_time"": 1560, ""logical_reads"": 0, ""writes"": 0, ""status"": ""completed""}",EXECUTE,3556.0,1560.0,0.0,0.0,0,0,0,completed,USER
sql_batch_completed,2026-09-07 05:11:39.215,78,0,0,SteelNort,"{""event_name"": ""sql_batch_completed"", ""timestamp"": ""2026-09-07 05:11:39.215"", ""database_name"": ""SteelNort"", ""session_id"": 78, ""command"": ""SELECT"", ""duration"": 2030, ""cpu_time"": 4, ""logical_reads"": 0, ""writes"": 0, ""status"": ""completed""}",SELECT,2030.0,4.0,0.0,0.0,0,0,0,completed,USER
lock_released,2026-09-07 05:11:39.215,78,0,0,0,"{""event_name"": ""lock_released"", ""timestamp"": ""2026-09-07 05:11:39.215"", ""session_id"": 78, ""resource_type"": ""OBJECT"", ""mode"": ""Sch-S""}",0,0.0,0.0,0.0,0.0,0,OBJECT,Sch-S,0,UNKNOWN
sql_batch_completed,2026-09-07 05:11:41.252,78,0,0,SteelNort,"{""event_name"": ""sql_batch_completed"", ""timestamp"": ""2026-09-07 05:11:41.252"", ""database_name"": ""SteelNort"", ""session_id"": 78, ""command"": ""SELECT"", ""duration"": 0, ""cpu_time"": 17, ""logical_reads"": 0, ""writes"": 0}",SELECT,0.0,17.0,0.0,0.0,0,0,0,0,USER
sql_batch_completed,2026-09-07 05:11:41.252,66,0,0,SteelNort,"{""event_name"": ""sql_batch_completed"", ""timestamp"": ""2026-09-07 05:11:41.252"", ""database_name"": ""SteelNort"", ""session_id"": 66, ""command"": ""AWAITING COMMAND"", ""duration"": 2276, ""cpu_time"": 0, ""logical_reads"": 0, ""writes"": 0, ""status"": ""completed""}",AWAITING COMMAND,2276.0,0.0,0.0,0.0,0,0,0,completed,UNKNOWN
lock_released,2026-09-07 05:11:41.252,68,0,0,0,"{""event_name"": ""lock_released"", ""timestamp"": ""2026-09-07 05:11:41.252"", ""session_id"": 68, ""resource_type"": ""RID"", ""mode"": ""X""}",0,0.0,0.0,0.0,0.0,0,RID,X,0,UNKNOWN
lock_released,2026-09-07 05:11:41.252,68,0,0,0,"{""event_name"": ""lock_released"", ""timestamp"": ""2026-09-07 05:11:41.252"", ""session_id"": 68, ""resource_type"": ""KEY"", ""mode"": ""X""}",0,0.0,0.0,0.0,0.0,0,KEY,X,0,UNKNOWN
lock_released,2026-09-07 05:11:41.252,68,0,0,0,"{""event_name"": ""lock_released"", ""timestamp"": ""2026-09-07 05:11:41.252"", ""session_id"": 68, ""resource_type"": ""PAGE"", ""mode"": ""IX""}",0,0.0,0.0,0.0,0.0,0,PAGE,IX,0,UNKNOWN
lock_released,2026-09-07 05:11:41.252,68,0,0,0,"{""event_name"": ""lock_released"", ""timestamp"": ""2026-09-07 05:11:41.252"", ""session_id"": 68, ""resource_type"": ""OBJECT"", ""mode"": ""IX""}",0,0.0,0.0,0.0,0.0,0,OBJECT,IX,0,UNKNOWN
login,2026-09-07 05:11:44.339,71,795ec2146175\Administrator,Microsoft SQL Server,SteelNort,"{""event_name"": ""login"", ""timestamp"": ""2026-09-07 05:11:44.339"", ""session_id"": 71, ""login_name"": ""795ec2146175\\Administrator"", ""program_name"": ""Microsoft SQL Server"", ""database_name"": ""SteelNort""}",0,0.0,0.0,0.0,0.0,0,0,0,0,UNKNOWN
wait_info,2026-09-07 05:11:44.339,58,0,0,master,"{""event_name"": ""wait_info"", ""timestamp"": ""2026-09-07 05:11:44.339"", ""session_id"": 58, ""wait_type"": ""SLEEP_TASK"", ""database_name"": ""master""}",0,0.0,0.0,0.0,0.0,SLEEP_TASK,0,0,0,UNKNOWN
sql_batch_completed,2026-09-07 05:11:44.339,77,0,0,SteelNort,"{""event_name"": ""sql_batch_completed"", ""timestamp"": ""2026-09-07 05:11:44.339"", ""database_name"": ""SteelNort"", ""session_id"": 77, ""command"": ""EXECUTE"", ""duration"": 2661, ""cpu_time"": 1877, ""logical_reads"": 0, ""writes"": 0, ""wait_type"": ""MSQL_XP""}",EXECUTE,2661.0,1877.0,0.0,0.0,MSQL_XP,0,0,0,USER
sql_batch_completed,2026-09-07 05:11:44.339,78,0,0,SteelNort,"{""event_name"": ""sql_batch_completed"", ""timestamp"": ""2026-09-07 05:11:44.339"", ""database_name"": ""SteelNort"", ""session_id"": 78, ""command"": ""SELECT"", ""duration"": 2922, ""cpu_time"": 17, ""logical_reads"": 0, ""writes"": 0, ""status"": ""completed""}",SELECT,2922.0,17.0,0.0,0.0,0,0,0,completed,USER
lock_acquired,2026-09-07 05:11:44.339,78,0,0,0,"{""event_name"": ""lock_acquired"", ""timestamp"": ""2026-09-07 05:11:44.339"", ""session_id"": 78, ""resource_type"": ""OBJECT"", ""mode"": ""Sch-S""}",0,0.0,0.0,0.0,0.0,0,OBJECT,Sch-S,0,UNKNOWN
logout,2026-09-07 05:11:48.963,71,0,0,0,"{""event_name"": ""logout"", ""timestamp"": ""2026-09-07 05:11:48.963"", ""session_id"": 71}",0,0.0,0.0,0.0,0.0,0,0,0,0,UNKNOWN
wait_info,2026-09-07 05:11:48.963,58,0,0,master,"{""event_name"": ""wait_info"", ""timestamp"": ""2026-09-07 05:11:48.963"", ""session_id"": 58, ""wait_type"": ""BROKER_TO_FLUSH"", ""database_name"": ""master""}",0,0.0,0.0,0.0,0.0,BROKER_TO_FLUSH,0,0,0,UNKNOWN
sql_batch_completed,2026-09-07 05:11:48.963,77,0,0,SteelNort,"{""event_name"": ""sql_batch_completed"", ""timestamp"": ""2026-09-07 05:11:48.963"", ""database_name"": ""SteelNort"", ""session_id"": 77, ""command"": ""EXECUTE"", ""duration"": 4185, ""cpu_time"": 1069, ""logical_reads"": 0, ""writes"": 0, ""status"": ""completed""}",EXECUTE,4185.0,1069.0,0.0,0.0,0,0,0,completed,USER
lock_released,2026-09-07 05:11:48.963,78,0,0,0,"{""event_name"": ""lock_released"", ""timestamp"": ""2026-09-07 05:11:48.963"", ""session_id"": 78, ""resource_type"": ""OBJECT"", ""mode"": ""Sch-S""}",0,0.0,0.0,0.0,0.0,0,OBJECT,Sch-S,0,UNKNOWN
wait_info,2026-09-07 05:11:52.460,58,0,0,master,"{""event_name"": ""wait_info"", ""timestamp"": ""2026-09-07 05:11:52.460"", ""session_id"": 58, ""wait_type"": ""SLEEP_TASK"", ""database_name"": ""master""}",0,0.0,0.0,0.0,0.0,SLEEP_TASK,0,0,0,UNKNOWN
sql_batch_completed,2026-09-07 05:11:52.460,77,0,0,SteelNort,"{""event_name"": ""sql_batch_completed"", ""timestamp"": ""2026-09-07 05:11:52.460"", ""database_name"": ""SteelNort"", ""session_id"": 77, ""command"": ""EXECUTE"", ""duration"": 2373, ""cpu_time"": 1239, ""logical_reads"": 0, ""writes"": 0, ""wait_type"": ""MSQL_XP""}",EXECUTE,2373.0,1239.0,0.0,0.0,MSQL_XP,0,0,0,USER
sql_batch_completed,2026-09-07 05:11:56.832,60,0,0,SteelNort,"{""event_name"": ""sql_batch_completed"", ""timestamp"": ""2026-09-07 05:11:56.832"", ""database_name"": ""SteelNort"", ""session_id"": 60, ""command"": ""EXECUTE"", ""duration"": -25, ""cpu_time"": 0, ""logical_reads"": 0, ""writes"": 0}",EXECUTE,-25.0,0.0,0.0,0.0,0,0,0,0,USER
sql_batch_completed,2026-09-07 05:11:56.832,77,0,0,SteelNort,"{""event_name"": ""sql_batch_completed"", ""timestamp"": ""2026-09-07 05:11:56.832"", ""database_name"": ""SteelNort"", ""session_id"": 77, ""command"": ""EXECUTE"", ""duration"": 5146, ""cpu_time"": 1239, ""logical_reads"": 0, ""writes"": 0, ""status"": ""completed""}",EXECUTE,5146.0,1239.0,0.0,0.0,0,0,0,completed,USER
wait_info,2026-09-07 05:11:58.865,81,0,0,master,"{""event_name"": ""wait_info"", ""timestamp"": ""2026-09-07 05:11:58.865"", ""session_id"": 81, ""wait_type"": ""SLEEP_TASK"", ""database_name"": ""master""}",0,0.0,0.0,0.0,0.0,SLEEP_TASK,0,0,0,UNKNOWN
sql_batch_completed,2026-09-07 05:11:58.865,60,0,0,SteelNort,"{""event_name"": ""sql_batch_completed"", ""timestamp"": ""2026-09-07 05:11:58.865"", ""database_name"": ""SteelNort"", ""session_id"": 60, ""command"": ""EXECUTE"", ""duration"": 2005, ""cpu_time"": 0, ""logical_reads"": 0, ""writes"": 0, ""status"": ""completed""}",EXECUTE,2005.0,0.0,0.0,0.0,0,0,0,completed,USER
login,2026-09-07 05:12:04.935,71,795ec2146175\Administrator,Microsoft SQL Server,SteelNort,"{""event_name"": ""login"", ""timestamp"": ""2026-09-07 05:12:04.935"", ""session_id"": 71, ""login_name"": ""795ec2146175\\Administrator"", ""program_name"": ""Microsoft SQL Server"", ""database_name"": ""SteelNort""}",0,0.0,0.0,0.0,0.0,0,0,0,0,UNKNOWN
sql_batch_completed,2026-09-07 05:12:04.935,66,0,0,SteelNort,"{""event_name"": ""sql_batch_completed"", ""timestamp"": ""2026-09-07 05:12:04.935"", ""database_name"": ""SteelNort"", ""session_id"": 66, ""command"": ""AWAITING COMMAND"", ""duration"": -3, ""cpu_time"": 0, ""logical_reads"": 0, ""writes"": 0}",AWAITING COMMAND,-3.0,0.0,0.0,0.0,0,0,0,0,UNKNOWN
sql_batch_completed,2026-09-07 05:12:04.935,77,0,0,SteelNort,"{""event_name"": ""sql_batch_completed"", ""timestamp"": ""2026-09-07 05:12:04.935"", ""database_name"": ""SteelNort"", ""session_id"": 77, ""command"": ""EXECUTE"", ""duration"": 105, ""cpu_time"": 98, ""logical_reads"": 0, ""writes"": 0, ""wait_type"": ""MSQL_XP""}",EXECUTE,105.0,98.0,0.0,0.0,MSQL_XP,0,0,0,USER
logout,2026-09-07 05:12:06.988,71,0,0,0,"{""event_name"": ""logout"", ""timestamp"": ""2026-09-07 05:12:06.988"", ""session_id"": 71}",0,0.0,0.0,0.0,0.0,0,0,0,0,UNKNOWN
sql_batch_completed,2026-09-07 05:12:06.988,66,0,0,SteelNort,"{""event_name"": ""sql_batch_completed"", ""timestamp"": ""2026-09-07 05:12:06.988"", ""database_name"": ""SteelNort"", ""session_id"": 66, ""command"": ""AWAITING COMMAND"", ""duration"": 2048, ""cpu_time"": 0, ""logical_reads"": 0, ""writes"": 0, ""status"": ""completed""}",AWAITING COMMAND,2048.0,0.0,0.0,0.0,0,0,0,completed,UNKNOWN
sql_batch_completed,2026-09-07 05:12:06.988,77,0,0,SteelNort,"{""event_name"": ""sql_batch_completed"", ""timestamp"": ""2026-09-07 05:12:06.988"", ""database_name"": ""SteelNort"", ""session_id"": 77, ""command"": ""EXECUTE"", ""duration"": 2149, ""cpu_time"": 98, ""logical_reads"": 0, ""writes"": 0, ""status"": ""completed""}",EXECUTE,2149.0,98.0,0.0,0.0,0,0,0,completed,USER
wait_info,2026-09-07 05:12:09.011,58,0,0,master,"{""event_name"": ""wait_info"", ""timestamp"": ""2026-09-07 05:12:09.011"", ""session_id"": 58, ""wait_type"": ""BROKER_TO_FLUSH"", ""database_name"": ""master""}",0,0.0,0.0,0.0,0.0,BROKER_TO_FLUSH,0,0,0,UNKNOWN
sql_batch_completed,2026-09-07 05:12:15.078,77,0,0,SteelNort,"{""event_name"": ""sql_batch_completed"", ""timestamp"": ""2026-09-07 05:12:15.078"", ""database_name"": ""SteelNort"", ""session_id"": 77, ""command"": ""EXECUTE"", ""duration"": 19, ""cpu_time"": 38, ""logical_reads"": 0, ""writes"": 0, ""wait_type"": ""MSQL_XP""}",EXECUTE,19.0,38.0,0.0,0.0,MSQL_XP,0,0,0,USER
sql_batch_completed,2026-09-07 05:12:17.102,51,0,0,SteelNort,"{""event_name"": ""sql_batch_completed"", ""timestamp"": ""2026-09-07 05:12:17.102"", ""database_name"": ""SteelNort"", ""session_id"": 51, ""command"": ""AWAITING COMMAND"", ""duration"": -28, ""cpu_time"": 0, ""logical_reads"": 0, ""writes"": 0}",AWAITING COMMAND,-28.0,0.0,0.0,0.0,0,0,0,0,UNKNOWN
sql_batch_completed,2026-09-07 05:12:17.102,78,0,0,SteelNort,"{""event_name"": ""sql_batch_completed"", ""timestamp"": ""2026-09-07 05:12:17.102"", ""database_name"": ""SteelNort"", ""session_id"": 78, ""command"": ""SELECT"", ""duration"": -16, ""cpu_time"": 8, ""logical_reads"": 0, ""writes"": 0}",SELECT,-16.0,8.0,0.0,0.0,0,0,0,0,USER
sql_batch_completed,2026-09-07 05:12:17.102,77,0,0,SteelNort,"{""event_name"": ""sql_batch_completed"", ""timestamp"": ""2026-09-07 05:12:17.102"", ""database_name"": ""SteelNort"", ""session_id"": 77, ""command"": ""EXECUTE"", ""duration"": 2051, ""cpu_time"": 38, ""logical_reads"": 0, ""writes"": 0, ""status"": ""completed""}",EXECUTE,2051.0,38.0,0.0,0.0,0,0,0,completed,USER
lock_acquired,2026-09-07 05:12:17.102,66,0,0,0,"{""event_name"": ""lock_acquired"", ""timestamp"": ""2026-09-07 05:12:17.102"", ""session_id"": 66, ""resource_type"": ""PAGE"", ""mode"": ""IX""}",0,0.0,0.0,0.0,0.0,0,PAGE,IX,0,UNKNOWN
lock_acquired,2026-09-07 05:12:17.102,66,0,0,0,"{""event_name"": ""lock_acquired"", ""timestamp"": ""2026-09-07 05:12:17.102"", ""session_id"": 66, ""resource_type"": ""OBJECT"", ""mode"": ""IX""}",0,0.0,0.0,0.0,0.0,0,OBJECT,IX,0,UNKNOWN
lock_acquired,2026-09-07 05:12:17.102,66,0,0,0,"{""event_name"": ""lock_acquired"", ""timestamp"": ""2026-09-07 05:12:17.102"", ""session_id"": 66, ""resource_type"": ""KEY"", ""mode"": ""X""}",0,0.0,0.0,0.0,0.0,0,KEY,X,0,UNKNOWN
lock_acquired,2026-09-07 05:12:17.102,66,0,0,0,"{""event_name"": ""lock_acquired"", ""timestamp"": ""2026-09-07 05:12:17.102"", ""session_id"": 66, ""resource_type"": ""RID"", ""mode"": ""X""}",0,0.0,0.0,0.0,0.0,0,RID,X,0,UNKNOWN
sql_batch_completed,2026-09-07 05:12:19.147,68,0,0,SteelNort,"{""event_name"": ""sql_batch_completed"", ""timestamp"": ""2026-09-07 05:12:19.147"", ""database_name"": ""SteelNort"", ""session_id"": 68, ""command"": ""AWAITING COMMAND"", ""duration"": 4, ""cpu_time"": 0, ""logical_reads"": 0, ""writes"": 0}",AWAITING COMMAND,4.0,0.0,0.0,0.0,0,0,0,0,UNKNOWN
sql_batch_completed,2026-09-07 05:12:19.147,51,0,0,SteelNort,"{""event_name"": ""sql_batch_completed"", ""timestamp"": ""2026-09-07 05:12:19.147"", ""database_name"": ""SteelNort"", ""session_id"": 51, ""command"": ""AWAITING COMMAND"", ""duration"": 2012, ""cpu_time"": 0, ""logical_reads"": 0, ""writes"": 0, ""status"": ""completed""}",AWAITING COMMAND,2012.0,0.0,0.0,0.0,0,0,0,completed,UNKNOWN
sql_batch_completed,2026-09-07 05:12:19.147,78,0,0,SteelNort,"{""event_name"": ""sql_batch_completed"", ""timestamp"": ""2026-09-07 05:12:19.147"", ""database_name"": ""SteelNort"", ""session_id"": 78, ""command"": ""SELECT"", ""duration"": 2023, ""cpu_time"": 8, ""logical_reads"": 0, ""writes"": 0, ""status"": ""completed""}",SELECT,2023.0,8.0,0.0,0.0,0,0,0,completed,USER
lock_released,2026-09-07 05:12:19.147,66,0,0,0,"{""event_name"": ""lock_released"", ""timestamp"": ""2026-09-07 05:12:19.147"", ""session_id"": 66, ""resource_type"": ""PAGE"", ""mode"": ""IX""}",0,0.0,0.0,0.0,0.0,0,PAGE,IX,0,UNKNOWN
lock_released,2026-09-07 05:12:19.147,66,0,0,0,"{""event_name"": ""lock_released"", ""timestamp"": ""2026-09-07 05:12:19.147"", ""session_id"": 66, ""resource_type"": ""OBJECT"", ""mode"": ""IX""}",0,0.0,0.0,0.0,0.0,0,OBJECT,IX,0,UNKNOWN
lock_released,2026-09-07 05:12:19.147,66,0,0,0,"{""event_name"": ""lock_released"", ""timestamp"": ""2026-09-07 05:12:19.147"", ""session_id"": 66, ""resource_type"": ""KEY"", ""mode"": ""X""}",0,0.0,0.0,0.0,0.0,0,KEY,X,0,UNKNOWN
lock_released,2026-09-07 05:12:19.147,66,0,0,0,"{""event_name"": ""lock_released"", ""timestamp"": ""2026-09-07 05:12:19.147"", ""session_id"": 66, ""resource_type"": ""RID"", ""mode"": ""X""}",0,0.0,0.0,0.0,0.0,0,RID,X,0,UNKNOWN
sql_batch_completed,2026-09-07 05:12:21.177,62,0,0,SteelNort,"{""event_name"": ""sql_batch_completed"", ""timestamp"": ""2026-09-07 05:12:21.177"", ""database_name"": ""SteelNort"", ""session_id"": 62, ""command"": ""AWAITING COMMAND"", ""duration"": 2, ""cpu_time"": 0, ""logical_reads"": 0, ""writes"": 0}",AWAITING COMMAND,2.0,0.0,0.0,0.0,0,0,0,0,UNKNOWN
sql_batch_completed,2026-09-07 05:12:21.177,68,0,0,SteelNort,"{""event_name"": ""sql_batch_completed"", ""timestamp"": ""2026-09-07 05:12:21.177"", ""database_name"": ""SteelNort"", ""session_id"": 68, ""command"": ""AWAITING COMMAND"", ""duration"": 2040, ""cpu_time"": 0, ""logical_reads"": 0, ""writes"": 0, ""status"": ""completed""}",AWAITING COMMAND,2040.0,0.0,0.0,0.0,0,0,0,completed,UNKNOWN
sql_batch_completed,2026-09-07 05:12:23.210,66,0,0,SteelNort,"{""event_name"": ""sql_batch_completed"", ""timestamp"": ""2026-09-07 05:12:23.210"", ""database_name"": ""SteelNort"", ""session_id"": 66, ""command"": ""SELECT"", ""duration"": -7, ""cpu_time"": 0, ""logical_reads"": 0, ""writes"": 0}",SELECT,-7.0,0.0,0.0,0.0,0,0,0,0,USER
sql_batch_completed,2026-09-07 05:12:23.210,68,0,0,SteelNort,"{""event_name"": ""sql_batch_completed"", ""timestamp"": ""2026-09-07 05:12:23.210"", ""database_name"": ""SteelNort"", ""session_id"": 68, ""command"": ""AWAITING COMMAND"", ""duration"": -5, ""cpu_time"": 0, ""logical_reads"": 0, ""writes"": 0}",AWAITING COMMAND,-5.0,0.0,0.0,0.0,0,0,0,0,UNKNOWN
sql_batch_completed,2026-09-07 05:12:23.210,62,0,0,SteelNort,"{""event_name"": ""sql_batch_completed"", ""timestamp"": ""2026-09-07 05:12:23.210"", ""database_name"": ""SteelNort"", ""session_id"": 62, ""command"": ""AWAITING COMMAND"", ""duration"": 2035, ""cpu_time"": 0, ""logical_reads"": 0, ""writes"": 0, ""status"": ""completed""}",AWAITING COMMAND,2035.0,0.0,0.0,0.0,0,0,0,completed,UNKNOWN
login,2026-09-07 05:12:25.244,71,795ec2146175\Administrator,Microsoft SQL Server,SteelNort,"{""event_name"": ""login"", ""timestamp"": ""2026-09-07 05:12:25.244"", ""session_id"": 71, ""login_name"": ""795ec2146175\\Administrator"", ""program_name"": ""Microsoft SQL Server"", ""database_name"": ""SteelNort""}",0,0.0,0.0,0.0,0.0,0,0,0,0,UNKNOWN
sql_batch_completed,2026-09-07 05:12:25.244,77,0,0,SteelNort,"{""event_name"": ""sql_batch_completed"", ""timestamp"": ""2026-09-07 05:12:25.244"", ""database_name"": ""SteelNort"", ""session_id"": 77, ""command"": ""EXECUTE"", ""duration"": 187, ""cpu_time"": 121, ""logical_reads"": 0, ""writes"": 0, ""wait_type"": ""MSQL_XP""}",EXECUTE,187.0,121.0,0.0,0.0,MSQL_XP,0,0,0,USER
sql_batch_completed,2026-09-07 05:12:25.244,66,0,0,SteelNort,"{""event_name"": ""sql_batch_completed"", ""timestamp"": ""2026-09-07 05:12:25.244"", ""database_name"": ""SteelNort"", ""session_id"": 66, ""command"": ""SELECT"", ""duration"": 2028, ""cpu_time"": 0, ""logical_reads"": 0, ""writes"": 0, ""status"": ""completed""}",SELECT,2028.0,0.0,0.0,0.0,0,0,0,completed,USER
sql_batch_completed,2026-09-07 05:12:25.244,68,0,0,SteelNort,"{""event_name"": ""sql_batch_completed"", ""timestamp"": ""2026-09-07 05:12:25.244"", ""database_name"": ""SteelNort"", ""session_id"": 68, ""command"": ""AWAITING COMMAND"", ""duration"": 2030, ""cpu_time"": 0, ""logical_reads"": 0, ""writes"": 0, ""status"": ""completed""}",AWAITING COMMAND,2030.0,0.0,0.0,0.0,0,0,0,completed,UNKNOWN
logout,2026-09-07 05:12:27.272,71,0,0,0,"{""event_name"": ""logout"", ""timestamp"": ""2026-09-07 05:12:27.272"", ""session_id"": 71}",0,0.0,0.0,0.0,0.0,0,0,0,0,UNKNOWN
sql_batch_completed,2026-09-07 05:12:27.272,77,0,0,SteelNort,"{""event_name"": ""sql_batch_completed"", ""timestamp"": ""2026-09-07 05:12:27.272"", ""database_name"": ""SteelNort"", ""session_id"": 77, ""command"": ""EXECUTE"", ""duration"": 2214, ""cpu_time"": 121, ""logical_reads"": 0, ""writes"": 0, ""status"": ""completed""}",EXECUTE,2214.0,121.0,0.0,0.0,0,0,0,completed,USER
sql_batch_completed,2026-09-07 05:12:33.369,51,0,0,SteelNort,"{""event_name"": ""sql_batch_completed"", ""timestamp"": ""2026-09-07 05:12:33.369"", ""database_name"": ""SteelNort"", ""session_id"": 51, ""command"": ""AWAITING COMMAND"", ""duration"": 42, ""cpu_time"": 6, ""logical_reads"": 0, ""writes"": 0}",AWAITING COMMAND,42.0,6.0,0.0,0.0,0,0,0,0,UNKNOWN
wait_info,2026-09-07 05:12:33.369,58,0,0,master,"{""event_name"": ""wait_info"", ""timestamp"": ""2026-09-07 05:12:33.369"", ""session_id"": 58, ""wait_type"": ""SLEEP_TASK"", ""database_name"": ""master""}",0,0.0,0.0,0.0,0.0,SLEEP_TASK,0,0,0,UNKNOWN
sql_batch_completed,2026-09-07 05:12:33.369,77,0,0,SteelNort,"{""event_name"": ""sql_batch_completed"", ""timestamp"": ""2026-09-07 05:12:33.369"", ""database_name"": ""SteelNort"", ""session_id"": 77, ""command"": ""EXECUTE"", ""duration"": 1742, ""cpu_time"": 1619, ""logical_reads"": 0, ""writes"": 0, ""wait_type"": ""MSQL_XP""}",EXECUTE,1742.0,1619.0,0.0,0.0,MSQL_XP,0,0,0,USER
sql_batch_completed,2026-09-07 05:12:33.369,78,0,0,SteelNort,"{""event_name"": ""sql_batch_completed"", ""timestamp"": ""2026-09-07 05:12:33.369"", ""database_name"": ""SteelNort"", ""session_id"": 78, ""command"": ""SELECT"", ""duration"": 271, ""cpu_time"": 91, ""logical_reads"": 0, ""writes"": 0}",SELECT,271.0,91.0,0.0,0.0,0,0,0,0,USER
wait_info,2026-09-07 05:12:36.421,58,0,0,master,"{""event_name"": ""wait_info"", ""timestamp"": ""2026-09-07 05:12:36.421"", ""session_id"": 58, ""wait_type"": ""BROKER_TO_FLUSH"", ""database_name"": ""master""}",0,0.0,0.0,0.0,0.0,BROKER_TO_FLUSH,0,0,0,UNKNOWN
sql_batch_completed,2026-09-07 05:12:36.421,51,0,0,SteelNort,"{""event_name"": ""sql_batch_completed"", ""timestamp"": ""2026-09-07 05:12:36.421"", ""database_name"": ""SteelNort"", ""session_id"": 51, ""command"": ""AWAITING COMMAND"", ""duration"": 2780, ""cpu_time"": 6, ""logical_reads"": 0, ""writes"": 0, ""status"": ""completed""}",AWAITING COMMAND,2780.0,6.0,0.0,0.0,0,0,0,completed,UNKNOWN
sql_batch_completed,2026-09-07 05:12:36.421,77,0,0,SteelNort,"{""event_name"": ""sql_batch_completed"", ""timestamp"": ""2026-09-07 05:12:36.421"", ""database_name"": ""SteelNort"", ""session_id"": 77, ""command"": ""EXECUTE"", ""duration"": 4511, ""cpu_time"": 1619, ""logical_reads"": 0, ""writes"": 0, ""status"": ""completed""}",EXECUTE,4511.0,1619.0,0.0,0.0,0,0,0,completed,USER
sql_batch_completed,2026-09-07 05:12:36.421,78,0,0,SteelNort,"{""event_name"": ""sql_batch_completed"", ""timestamp"": ""2026-09-07 05:12:36.421"", ""database_name"": ""SteelNort"", ""session_id"": 78, ""command"": ""SELECT"", ""duration"": 3200, ""cpu_time"": 91, ""logical_reads"": 0, ""writes"": 0, ""status"": ""completed""}",SELECT,3200.0,91.0,0.0,0.0,0,0,0,completed,USER
login,2026-09-07 05:12:39.982,71,795ec2146175\Administrator,Microsoft SQL Server,SteelNort,"{""event_name"": ""login"", ""timestamp"": ""2026-09-07 05:12:39.982"", ""session_id"": 71, ""login_name"": ""795ec2146175\\Administrator"", ""program_name"": ""Microsoft SQL Server"", ""database_name"": ""SteelNort""}",0,0.0,0.0,0.0,0.0,0,0,0,0,UNKNOWN
wait_info,2026-09-07 05:12:39.982,58,0,0,master,"{""event_name"": ""wait_info"", ""timestamp"": ""2026-09-07 05:12:39.982"", ""session_id"": 58, ""wait_type"": ""SLEEP_TASK"", ""database_name"": ""master""}",0,0.0,0.0,0.0,0.0,SLEEP_TASK,0,0,0,UNKNOWN
sql_batch_completed,2026-09-07 05:12:39.982,64,0,0,SteelNort,"{""event_name"": ""sql_batch_completed"", ""timestamp"": ""2026-09-07 05:12:39.982"", ""database_name"": ""SteelNort"", ""session_id"": 64, ""command"": ""EXECUTE"", ""duration"": 1, ""cpu_time"": 0, ""logical_reads"": 0, ""writes"": 0}",EXECUTE,1.0,0.0,0.0,0.0,0,0,0,0,USER
logout,2026-09-07 05:12:42.272,71,0,0,0,"{""event_name"": ""logout"", ""timestamp"": ""2026-09-07 05:12:42.272"", ""session_id"": 71}",0,0.0,0.0,0.0,0.0,0,0,0,0,UNKNOWN
sql_batch_completed,2026-09-07 05:12:42.272,77,0,0,SteelNort,"{""event_name"": ""sql_batch_completed"", ""timestamp"": ""2026-09-07 05:12:42.272"", ""database_name"": ""SteelNort"", ""session_id"": 77, ""command"": ""EXECUTE"", ""duration"": 39, ""cpu_time"": 19, ""logical_reads"": 0, ""writes"": 0, ""wait_type"": ""MSQL_XP""}",EXECUTE,39.0,19.0,0.0,0.0,MSQL_XP,0,0,0,USER
sql_batch_completed,2026-09-07 05:12:42.272,64,0,0,SteelNort,"{""event_name"": ""sql_batch_completed"", ""timestamp"": ""2026-09-07 05:12:42.272"", ""database_name"": ""SteelNort"", ""session_id"": 64, ""command"": ""EXECUTE"", ""duration"": 2229, ""cpu_time"": 0, ""logical_reads"": 0, ""writes"": 0, ""status"": ""completed""}",EXECUTE,2229.0,0.0,0.0,0.0,0,0,0,completed,USER
login,2026-09-07 05:12:44.983,71,795ec2146175\Administrator,Microsoft SQL Server,SteelNort,"{""event_name"": ""login"", ""timestamp"": ""2026-09-07 05:12:44.983"", ""session_id"": 71, ""login_name"": ""795ec2146175\\Administrator"", ""program_name"": ""Microsoft SQL Server"", ""database_name"": ""SteelNort""}",0,0.0,0.0,0.0,0.0,0,0,0,0,UNKNOWN
wait_info,2026-09-07 05:12:44.983,58,0,0,master,"{""event_name"": ""wait_info"", ""timestamp"": ""2026-09-07 05:12:44.983"", ""session_id"": 58, ""wait_type"": ""BROKER_TO_FLUSH"", ""database_name"": ""master""}",0,0.0,0.0,0.0,0.0,BROKER_TO_FLUSH,0,0,0,UNKNOWN
sql_batch_completed,2026-09-07 05:12:44.983,66,0,0,SteelNort,"{""event_name"": ""sql_batch_completed"", ""timestamp"": ""2026-09-07 05:12:44.983"", ""database_name"": ""SteelNort"", ""session_id"": 66, ""command"": ""AWAITING COMMAND"", ""duration"": -6, ""cpu_time"": 2, ""logical_reads"": 0, ""writes"": 0}",AWAITING COMMAND,-6.0,2.0,0.0,0.0,0,0,0,0,UNKNOWN
sql_batch_completed,2026-09-07 05:12:44.983,78,0,0,SteelNort,"{""event_name"": ""sql_batch_completed"", ""timestamp"": ""2026-09-07 05:12:44.983"", ""database_name"": ""SteelNort"", ""session_id"": 78, ""command"": ""SELECT"", ""duration"": 150, ""cpu_time"": 84, ""logical_reads"": 0, ""writes"": 0}",SELECT,150.0,84.0,0.0,0.0,0,0,0,0,USER
lock_acquired,2026-09-07 05:12:44.983,78,0,0,0,"{""event_name"": ""lock_acquired"", ""timestamp"": ""2026-09-07 05:12:44.983"", ""session_id"": 78, ""resource_type"": ""OBJECT"", ""mode"": ""Sch-S""}",0,0.0,0.0,0.0,0.0,0,OBJECT,Sch-S,0,UNKNOWN
logout,2026-09-07 05:12:47.758,71,0,0,0,"{""event_name"": ""logout"", ""timestamp"": ""2026-09-07 05:12:47.758"", ""session_id"": 71}",0,0.0,0.0,0.0,0.0,0,0,0,0,UNKNOWN
wait_info,2026-09-07 05:12:47.758,58,0,0,master,"{""event_name"": ""wait_info"", ""timestamp"": ""2026-09-07 05:12:47.758"", ""session_id"": 58, ""wait_type"": ""SLEEP_TASK"", ""database_name"": ""master""}",0,0.0,0.0,0.0,0.0,SLEEP_TASK,0,0,0,UNKNOWN
sql_batch_completed,2026-09-07 05:12:47.758,66,0,0,SteelNort,"{""event_name"": ""sql_batch_completed"", ""timestamp"": ""2026-09-07 05:12:47.758"", ""database_name"": ""SteelNort"", ""session_id"": 66, ""command"": ""AWAITING COMMAND"", ""duration"": 2569, ""cpu_time"": 2, ""logical_reads"": 0, ""writes"": 0, ""status"": ""completed""}",AWAITING COMMAND,2569.0,2.0,0.0,0.0,0,0,0,completed,UNKNOWN
sql_batch_completed,2026-09-07 05:12:47.758,77,0,0,SteelNort,"{""event_name"": ""sql_batch_completed"", ""timestamp"": ""2026-09-07 05:12:47.758"", ""database_name"": ""SteelNort"", ""session_id"": 77, ""command"": ""EXECUTE"", ""duration"": 5342, ""cpu_time"": 1482, ""logical_reads"": 0, ""writes"": 0, ""status"": ""completed""}",EXECUTE,5342.0,1482.0,0.0,0.0,0,0,0,completed,USER
sql_batch_completed,2026-09-07 05:12:47.758,78,0,0,SteelNort,"{""event_name"": ""sql_batch_completed"", ""timestamp"": ""2026-09-07 05:12:47.758"", ""database_name"": ""SteelNort"", ""session_id"": 78, ""command"": ""SELECT"", ""duration"": 2700, ""cpu_time"": 84, ""logical_reads"": 0, ""writes"": 0, ""status"": ""completed""}",SELECT,2700.0,84.0,0.0,0.0,0,0,0,completed,USER
lock_released,2026-09-07 05:12:47.758,78,0,0,0,"{""event_name"": ""lock_released"", ""timestamp"": ""2026-09-07 05:12:47.758"", ""session_id"": 78, ""resource_type"": ""OBJECT"", ""mode"": ""Sch-S""}",0,0.0,0.0,0.0,0.0,0,OBJECT,Sch-S,0,UNKNOWN
sql_batch_completed,2026-09-07 05:12:49.778,77,0,0,SteelNort,"{""event_name"": ""sql_batch_completed"", ""timestamp"": ""2026-09-07 05:12:49.778"", ""database_name"": ""SteelNort"", ""session_id"": 77, ""command"": ""EXECUTE"", ""duration"": 35, ""cpu_time"": 55, ""logical_reads"": 0, ""writes"": 0, ""wait_type"": ""MSQL_XP""}",EXECUTE,35.0,55.0,0.0,0.0,MSQL_XP,0,0,0,USER
sql_batch_completed,2026-09-07 05:12:51.794,77,0,0,SteelNort,"{""event_name"": ""sql_batch_completed"", ""timestamp"": ""2026-09-07 05:12:51.794"", ""database_name"": ""SteelNort"", ""session_id"": 77, ""command"": ""EXECUTE"", ""duration"": 2054, ""cpu_time"": 55, ""logical_reads"": 0, ""writes"": 0, ""status"": ""completed""}",EXECUTE,2054.0,55.0,0.0,0.0,0,0,0,completed,USER
login,2026-09-07 05:12:55.845,71,795ec2146175\Administrator,Microsoft SQL Server,SteelNort,"{""event_name"": ""login"", ""timestamp"": ""2026-09-07 05:12:55.845"", ""session_id"": 71, ""login_name"": ""795ec2146175\\Administrator"", ""program_name"": ""Microsoft SQL Server"", ""database_name"": ""SteelNort""}",0,0.0,0.0,0.0,0.0,0,0,0,0,UNKNOWN
sql_batch_completed,2026-09-07 05:12:55.845,77,0,0,SteelNort,"{""event_name"": ""sql_batch_completed"", ""timestamp"": ""2026-09-07 05:12:55.845"", ""database_name"": ""SteelNort"", ""session_id"": 77, ""command"": ""EXECUTE"", ""duration"": 149, ""cpu_time"": 112, ""logical_reads"": 0, ""writes"": 0, ""wait_type"": ""MSQL_XP""}",EXECUTE,149.0,112.0,0.0,0.0,MSQL_XP,0,0,0,USER
logout,2026-09-07 05:12:57.906,71,0,0,0,"{""event_name"": ""logout"", ""timestamp"": ""2026-09-07 05:12:57.906"", ""session_id"": 71}",0,0.0,0.0,0.0,0.0,0,0,0,0,UNKNOWN
sql_batch_completed,2026-09-07 05:12:57.906,65,0,0,SteelNort,"{""event_name"": ""sql_batch_completed"", ""timestamp"": ""2026-09-07 05:12:57.906"", ""database_name"": ""SteelNort"", ""session_id"": 65, ""command"": ""CONDITIONAL"", ""duration"": 176, ""cpu_time"": 46, ""logical_reads"": 0, ""writes"": 0}",CONDITIONAL,176.0,46.0,0.0,0.0,0,0,0,0,UNKNOWN
sql_batch_completed,2026-09-07 05:12:57.906,67,0,0,SteelNort,"{""event_name"": ""sql_batch_completed"", ""timestamp"": ""2026-09-07 05:12:57.906"", ""database_name"": ""SteelNort"", ""session_id"": 67, ""command"": ""EXECUTE"", ""duration"": 180, ""cpu_time"": 30, ""logical_reads"": 0, ""writes"": 0}",EXECUTE,180.0,30.0,0.0,0.0,0,0,0,0,USER
sql_batch_completed,2026-09-07 05:12:57.906,78,0,0,SteelNort,"{""event_name"": ""sql_batch_completed"", ""timestamp"": ""2026-09-07 05:12:57.906"", ""database_name"": ""SteelNort"", ""session_id"": 78, ""command"": ""SELECT"", ""duration"": 462, ""cpu_time"": 368, ""logical_reads"": 0, ""writes"": 0}",SELECT,462.0,368.0,0.0,0.0,0,0,0,0,USER
wait_info,2026-09-07 05:13:00.689,58,0,0,master,"{""event_name"": ""wait_info"", ""timestamp"": ""2026-09-07 05:13:00.689"", ""session_id"": 58, ""wait_type"": ""BROKER_TO_FLUSH"", ""database_name"": ""master""}",0,0.0,0.0,0.0,0.0,BROKER_TO_FLUSH,0,0,0,UNKNOWN
sql_batch_completed,2026-09-07 05:13:00.689,65,0,0,SteelNort,"{""event_name"": ""sql_batch_completed"", ""timestamp"": ""2026-09-07 05:13:00.689"", ""database_name"": ""SteelNort"", ""session_id"": 65, ""command"": ""CONDITIONAL"", ""duration"": 2483, ""cpu_time"": 46, ""logical_reads"": 0, ""writes"": 0, ""status"": ""completed""}",CONDITIONAL,2483.0,46.0,0.0,0.0,0,0,0,completed,UNKNOWN
sql_batch_completed,2026-09-07 05:13:00.689,67,0,0,SteelNort,"{""event_name"": ""sql_batch_completed"", ""timestamp"": ""2026-09-07 05:13:00.689"", ""database_name"": ""SteelNort"", ""session_id"": 67, ""command"": ""EXECUTE"", ""duration"": 2404, ""cpu_time"": 30, ""logical_reads"": 0, ""writes"": 0, ""status"": ""completed""}",EXECUTE,2404.0,30.0,0.0,0.0,0,0,0,completed,USER
sql_batch_completed,2026-09-07 05:13:00.689,78,0,0,SteelNort,"{""event_name"": ""sql_batch_completed"", ""timestamp"": ""2026-09-07 05:13:00.689"", ""database_name"": ""SteelNort"", ""session_id"": 78, ""command"": ""SELECT"", ""duration"": 2678, ""cpu_time"": 368, ""logical_reads"": 0, ""writes"": 0, ""status"": ""completed""}",SELECT,2678.0,368.0,0.0,0.0,0,0,0,completed,USER
sql_batch_completed,2026-09-07 05:13:02.906,51,0,0,SteelNort,"{""event_name"": ""sql_batch_completed"", ""timestamp"": ""2026-09-07 05:13:02.906"", ""database_name"": ""SteelNort"", ""session_id"": 51, ""command"": ""SELECT"", ""duration"": 53, ""cpu_time"": 5, ""logical_reads"": 0, ""writes"": 0}",SELECT,53.0,5.0,0.0,0.0,0,0,0,0,USER
sql_batch_completed,2026-09-07 05:13:02.906,78,0,0,SteelNort,"{""event_name"": ""sql_batch_completed"", ""timestamp"": ""2026-09-07 05:13:02.906"", ""database_name"": ""SteelNort"", ""session_id"": 78, ""command"": ""SELECT"", ""duration"": 453, ""cpu_time"": 203, ""logical_reads"": 0, ""writes"": 0}",SELECT,453.0,203.0,0.0,0.0,0,0,0,0,USER
wait_info,2026-09-07 05:13:05.711,58,0,0,master,"{""event_name"": ""wait_info"", ""timestamp"": ""2026-09-07 05:13:05.711"", ""session_id"": 58, ""wait_type"": ""SLEEP_TASK"", ""database_name"": ""master""}",0,0.0,0.0,0.0,0.0,SLEEP_TASK,0,0,0,UNKNOWN
sql_batch_completed,2026-09-07 05:13:05.711,51,0,0,SteelNort,"{""event_name"": ""sql_batch_completed"", ""timestamp"": ""2026-09-07 05:13:05.711"", ""database_name"": ""SteelNort"", ""session_id"": 51, ""command"": ""SELECT"", ""duration"": 2922, ""cpu_time"": 5, ""logical_reads"": 0, ""writes"": 0, ""status"": ""completed""}",SELECT,2922.0,5.0,0.0,0.0,0,0,0,completed,USER
sql_batch_completed,2026-09-07 05:13:05.711,77,0,0,SteelNort,"{""event_name"": ""sql_batch_completed"", ""timestamp"": ""2026-09-07 05:13:05.711"", ""database_name"": ""SteelNort"", ""session_id"": 77, ""command"": ""EXECUTE"", ""duration"": 4083, ""cpu_time"": 1033, ""logical_reads"": 0, ""writes"": 0, ""status"": ""completed""}",EXECUTE,4083.0,1033.0,0.0,0.0,0,0,0,completed,USER
logout,2026-09-07 05:13:08.903,73,0,0,0,"{""event_name"": ""logout"", ""timestamp"": ""2026-09-07 05:13:08.903"", ""session_id"": 73}",0,0.0,0.0,0.0,0.0,0,0,0,0,UNKNOWN
wait_info,2026-09-07 05:13:08.903,58,0,0,master,"{""event_name"": ""wait_info"", ""timestamp"": ""2026-09-07 05:13:08.903"", ""session_id"": 58, ""wait_type"": ""BROKER_TO_FLUSH"", ""database_name"": ""master""}",0,0.0,0.0,0.0,0.0,BROKER_TO_FLUSH,0,0,0,UNKNOWN
sql_batch_completed,2026-09-07 05:13:08.903,73,0,0,master,"{""event_name"": ""sql_batch_completed"", ""timestamp"": ""2026-09-07 05:13:08.903"", ""database_name"": ""master"", ""session_id"": 73, ""command"": ""TASK MANAGER"", ""duration"": 185991, ""cpu_time"": 0, ""logical_reads"": 0, ""writes"": 0, ""status"": ""completed""}",TASK MANAGER,185991.0,0.0,0.0,0.0,0,0,0,completed,SQL_SERVER_INTERNAL
sql_batch_completed,2026-09-07 05:13:08.903,78,0,0,SteelNort,"{""event_name"": ""sql_batch_completed"", ""timestamp"": ""2026-09-07 05:13:08.903"", ""database_name"": ""SteelNort"", ""session_id"": 78, ""command"": ""SELECT"", ""duration"": 3189, ""cpu_time"": 67, ""logical_reads"": 0, ""writes"": 0, ""status"": ""completed""}",SELECT,3189.0,67.0,0.0,0.0,0,0,0,completed,USER
logout,2026-09-07 05:13:12.967,80,0,0,0,"{""event_name"": ""logout"", ""timestamp"": ""2026-09-07 05:13:12.967"", ""session_id"": 80}",0,0.0,0.0,0.0,0.0,0,0,0,0,UNKNOWN
logout,2026-09-07 05:13:12.967,70,0,0,0,"{""event_name"": ""logout"", ""timestamp"": ""2026-09-07 05:13:12.967"", ""session_id"": 70}",0,0.0,0.0,0.0,0.0,0,0,0,0,UNKNOWN
sql_batch_completed,2026-09-07 05:13:12.967,80,0,0,master,"{""event_name"": ""sql_batch_completed"", ""timestamp"": ""2026-09-07 05:13:12.967"", ""database_name"": ""master"", ""session_id"": 80, ""command"": ""TASK MANAGER"", ""duration"": 190015, ""cpu_time"": 0, ""logical_reads"": 0, ""writes"": 0, ""status"": ""completed""}",TASK MANAGER,190015.0,0.0,0.0,0.0,0,0,0,completed,SQL_SERVER_INTERNAL
sql_batch_completed,2026-09-07 05:13:12.967,70,0,0,master,"{""event_name"": ""sql_batch_completed"", ""timestamp"": ""2026-09-07 05:13:12.967"", ""database_name"": ""master"", ""session_id"": 70, ""command"": ""TASK MANAGER"", ""duration"": 190052, ""cpu_time"": 0, ""logical_reads"": 0, ""writes"": 0, ""status"": ""completed""}",TASK MANAGER,190052.0,0.0,0.0,0.0,0,0,0,completed,SQL_SERVER_INTERNAL
login,2026-09-07 05:13:17.019,70,795ec2146175\Administrator,Microsoft SQL Server,SteelNort,"{""event_name"": ""login"", ""timestamp"": ""2026-09-07 05:13:17.019"", ""session_id"": 70, ""login_name"": ""795ec2146175\\Administrator"", ""program_name"": ""Microsoft SQL Server"", ""database_name"": ""SteelNort""}",0,0.0,0.0,0.0,0.0,0,0,0,0,UNKNOWN
logout,2026-09-07 05:13:17.019,72,0,0,0,"{""event_name"": ""logout"", ""timestamp"": ""2026-09-07 05:13:17.019"", ""session_id"": 72}",0,0.0,0.0,0.0,0.0,0,0,0,0,UNKNOWN
logout,2026-09-07 05:13:17.019,81,0,0,0,"{""event_name"": ""logout"", ""timestamp"": ""2026-09-07 05:13:17.019"", ""session_id"": 81}",0,0.0,0.0,0.0,0.0,0,0,0,0,UNKNOWN
logout,2026-09-07 05:13:17.019,74,0,0,0,"{""event_name"": ""logout"", ""timestamp"": ""2026-09-07 05:13:17.019"", ""session_id"": 74}",0,0.0,0.0,0.0,0.0,0,0,0,0,UNKNOWN
logout,2026-09-07 05:13:17.019,79,0,0,0,"{""event_name"": ""logout"", ""timestamp"": ""2026-09-07 05:13:17.019"", ""session_id"": 79}",0,0.0,0.0,0.0,0.0,0,0,0,0,UNKNOWN
sql_batch_completed,2026-09-07 05:13:17.019,77,0,0,SteelNort,"{""event_name"": ""sql_batch_completed"", ""timestamp"": ""2026-09-07 05:13:17.019"", ""database_name"": ""SteelNort"", ""session_id"": 77, ""command"": ""EXECUTE"", ""duration"": 180, ""cpu_time"": 113, ""logical_reads"": 0, ""writes"": 0, ""wait_type"": ""MSQL_XP""}",EXECUTE,180.0,113.0,0.0,0.0,MSQL_XP,0,0,0,USER
sql_batch_completed,2026-09-07 05:13:17.019,72,0,0,master,"{""event_name"": ""sql_batch_completed"", ""timestamp"": ""2026-09-07 05:13:17.019"", ""database_name"": ""master"", ""session_id"": 72, ""command"": ""TASK MANAGER"", ""duration"": 194116, ""cpu_time"": 0, ""logical_reads"": 0, ""writes"": 0, ""status"": ""completed""}",TASK MANAGER,194116.0,0.0,0.0,0.0,0,0,0,completed,SQL_SERVER_INTERNAL
sql_batch_completed,2026-09-07 05:13:17.019,81,0,0,master,"{""event_name"": ""sql_batch_completed"", ""timestamp"": ""2026-09-07 05:13:17.019"", ""database_name"": ""master"", ""session_id"": 81, ""command"": ""TASK MANAGER"", ""duration"": 194077, ""cpu_time"": 0, ""logical_reads"": 0, ""writes"": 0, ""status"": ""completed""}",TASK MANAGER,194077.0,0.0,0.0,0.0,0,0,0,completed,SQL_SERVER_INTERNAL
sql_batch_completed,2026-09-07 05:13:17.019,74,0,0,master,"{""event_name"": ""sql_batch_completed"", ""timestamp"": ""2026-09-07 05:13:17.019"", ""database_name"": ""master"", ""session_id"": 74, ""command"": ""TASK MANAGER"", ""duration"": 194118, ""cpu_time"": 0, ""logical_reads"": 0, ""writes"": 0, ""status"": ""completed""}",TASK MANAGER,194118.0,0.0,0.0,0.0,0,0,0,completed,SQL_SERVER_INTERNAL
sql_batch_completed,2026-09-07 05:13:17.019,79,0,0,master,"{""event_name"": ""sql_batch_completed"", ""timestamp"": ""2026-09-07 05:13:17.019"", ""database_name"": ""master"", ""session_id"": 79, ""command"": ""TASK MANAGER"", ""duration"": 194083, ""cpu_time"": 0, ""logical_reads"": 0, ""writes"": 0, ""status"": ""completed""}",TASK MANAGER,194083.0,0.0,0.0,0.0,0,0,0,completed,SQL_SERVER_INTERNAL
logout,2026-09-07 05:13:19.060,70,0,0,0,"{""event_name"": ""logout"", ""timestamp"": ""2026-09-07 05:13:19.060"", ""session_id"": 70}",0,0.0,0.0,0.0,0.0,0,0,0,0,UNKNOWN
sql_batch_completed,2026-09-07 05:13:19.060,77,0,0,SteelNort,"{""event_name"": ""sql_batch_completed"", ""timestamp"": ""2026-09-07 05:13:19.060"", ""database_name"": ""SteelNort"", ""session_id"": 77, ""command"": ""EXECUTE"", ""duration"": 2210, ""cpu_time"": 113, ""logical_reads"": 0, ""writes"": 0, ""status"": ""completed""}",EXECUTE,2210.0,113.0,0.0,0.0,0,0,0,completed,USER
logout,2026-09-07 05:13:21.085,75,0,0,0,"{""event_name"": ""logout"", ""timestamp"": ""2026-09-07 05:13:21.085"", ""session_id"": 75}",0,0.0,0.0,0.0,0.0,0,0,0,0,UNKNOWN
sql_batch_completed,2026-09-07 05:13:21.085,60,0,0,SteelNort,"{""event_name"": ""sql_batch_completed"", ""timestamp"": ""2026-09-07 05:13:21.085"", ""database_name"": ""SteelNort"", ""session_id"": 60, ""command"": ""EXECUTE"", ""duration"": -18, ""cpu_time"": 0, ""logical_reads"": 0, ""writes"": 0}",EXECUTE,-18.0,0.0,0.0,0.0,0,0,0,0,USER
sql_batch_completed,2026-09-07 05:13:21.085,75,0,0,master,"{""event_name"": ""sql_batch_completed"", ""timestamp"": ""2026-09-07 05:13:21.085"", ""database_name"": ""master"", ""session_id"": 75, ""command"": ""TASK MANAGER"", ""duration"": 198139, ""cpu_time"": 0, ""logical_reads"": 0, ""writes"": 0, ""status"": ""completed""}",TASK MANAGER,198139.0,0.0,0.0,0.0,0,0,0,completed,SQL_SERVER_INTERNAL
sql_batch_completed,2026-09-07 05:13:23.113,60,0,0,SteelNort,"{""event_name"": ""sql_batch_completed"", ""timestamp"": ""2026-09-07 05:13:23.113"", ""database_name"": ""SteelNort"", ""session_id"": 60, ""command"": ""EXECUTE"", ""duration"": 2002, ""cpu_time"": 0, ""logical_reads"": 0, ""writes"": 0, ""status"": ""completed""}",EXECUTE,2002.0,0.0,0.0,0.0,0,0,0,completed,USER
sql_batch_completed,2026-09-07 05:13:29.181,51,0,0,SteelNort,"{""event_name"": ""sql_batch_completed"", ""timestamp"": ""2026-09-07 05:13:29.181"", ""database_name"": ""SteelNort"", ""session_id"": 51, ""command"": ""CONDITIONAL"", ""duration"": 69, ""cpu_time"": 81, ""logical_reads"": 0, ""writes"": 0}",CONDITIONAL,69.0,81.0,0.0,0.0,0,0,0,0,UNKNOWN
wait_info,2026-09-07 05:13:29.181,58,0,0,master,"{""event_name"": ""wait_info"", ""timestamp"": ""2026-09-07 05:13:29.181"", ""session_id"": 58, ""wait_type"": ""SLEEP_TASK"", ""database_name"": ""master""}",0,0.0,0.0,0.0,0.0,SLEEP_TASK,0,0,0,UNKNOWN
sql_batch_completed,2026-09-07 05:13:29.181,77,0,0,SteelNort,"{""event_name"": ""sql_batch_completed"", ""timestamp"": ""2026-09-07 05:13:29.181"", ""database_name"": ""SteelNort"", ""session_id"": 77, ""command"": ""EXECUTE"", ""duration"": 1642, ""cpu_time"": 1686, ""logical_reads"": 0, ""writes"": 0, ""wait_type"": ""MSQL_XP""}",EXECUTE,1642.0,1686.0,0.0,0.0,MSQL_XP,0,0,0,USER
sql_batch_completed,2026-09-07 05:13:32.125,64,0,0,SteelNort,"{""event_name"": ""sql_batch_completed"", ""timestamp"": ""2026-09-07 05:13:32.125"", ""database_name"": ""SteelNort"", ""session_id"": 64, ""command"": ""SELECT"", ""duration"": 0, ""cpu_time"": 0, ""logical_reads"": 0, ""writes"": 0}",SELECT,0.0,0.0,0.0,0.0,0,0,0,0,USER
sql_batch_completed,2026-09-07 05:13:32.125,51,0,0,SteelNort,"{""event_name"": ""sql_batch_completed"", ""timestamp"": ""2026-09-07 05:13:32.125"", ""database_name"": ""SteelNort"", ""session_id"": 51, ""command"": ""CONDITIONAL"", ""duration"": 2143, ""cpu_time"": 81, ""logical_reads"": 0, ""writes"": 0, ""status"": ""completed""}",CONDITIONAL,2143.0,81.0,0.0,0.0,0,0,0,completed,UNKNOWN
sql_batch_completed,2026-09-07 05:13:32.125,77,0,0,SteelNort,"{""event_name"": ""sql_batch_completed"", ""timestamp"": ""2026-09-07 05:13:32.125"", ""database_name"": ""SteelNort"", ""session_id"": 77, ""command"": ""EXECUTE"", ""duration"": 3701, ""cpu_time"": 1686, ""logical_reads"": 0, ""writes"": 0, ""status"": ""completed""}",EXECUTE,3701.0,1686.0,0.0,0.0,0,0,0,completed,USER
sql_batch_completed,2026-09-07 05:13:34.149,60,0,0,SteelNort,"{""event_name"": ""sql_batch_completed"", ""timestamp"": ""2026-09-07 05:13:34.149"", ""database_name"": ""SteelNort"", ""session_id"": 60, ""command"": ""EXECUTE"", ""duration"": -2, ""cpu_time"": 1, ""logical_reads"": 0, ""writes"": 0}",EXECUTE,-2.0,1.0,0.0,0.0,0,0,0,0,USER
sql_batch_completed,2026-09-07 05:13:34.149,64,0,0,SteelNort,"{""event_name"": ""sql_batch_completed"", ""timestamp"": ""2026-09-07 05:13:34.149"", ""database_name"": ""SteelNort"", ""session_id"": 64, ""command"": ""SELECT"", ""duration"": 2025, ""cpu_time"": 0, ""logical_reads"": 0, ""writes"": 0, ""status"": ""completed""}",SELECT,2025.0,0.0,0.0,0.0,0,0,0,completed,USER
login,2026-09-07 05:13:36.172,70,795ec2146175\Administrator,Microsoft SQL Server,SteelNort,"{""event_name"": ""login"", ""timestamp"": ""2026-09-07 05:13:36.172"", ""session_id"": 70, ""login_name"": ""795ec2146175\\Administrator"", ""program_name"": ""Microsoft SQL Server"", ""database_name"": ""SteelNort""}",0,0.0,0.0,0.0,0.0,0,0,0,0,UNKNOWN
sql_batch_completed,2026-09-07 05:13:36.172,77,0,0,SteelNort,"{""event_name"": ""sql_batch_completed"", ""timestamp"": ""2026-09-07 05:13:36.172"", ""database_name"": ""SteelNort"", ""session_id"": 77, ""command"": ""EXECUTE"", ""duration"": 89, ""cpu_time"": 74, ""logical_reads"": 0, ""writes"": 0, ""wait_type"": ""MSQL_XP""}",EXECUTE,89.0,74.0,0.0,0.0,MSQL_XP,0,0,0,USER
sql_batch_completed,2026-09-07 05:13:36.172,60,0,0,SteelNort,"{""event_name"": ""sql_batch_completed"", ""timestamp"": ""2026-09-07 05:13:36.172"", ""database_name"": ""SteelNort"", ""session_id"": 60, ""command"": ""EXECUTE"", ""duration"": 2020, ""cpu_time"": 1, ""logical_reads"": 0, ""writes"": 0, ""status"": ""completed""}",EXECUTE,2020.0,1.0,0.0,0.0,0,0,0,completed,USER
logout,2026-09-07 05:13:38.203,70,0,0,0,"{""event_name"": ""logout"", ""timestamp"": ""2026-09-07 05:13:38.203"", ""session_id"": 70}",0,0.0,0.0,0.0,0.0,0,0,0,0,UNKNOWN
wait_info,2026-09-07 05:13:38.203,58,0,0,master,"{""event_name"": ""wait_info"", ""timestamp"": ""2026-09-07 05:13:38.203"", ""session_id"": 58, ""wait_type"": ""BROKER_TO_FLUSH"", ""database_name"": ""master""}",0,0.0,0.0,0.0,0.0,BROKER_TO_FLUSH,0,0,0,UNKNOWN
sql_batch_completed,2026-09-07 05:13:38.203,78,0,0,SteelNort,"{""event_name"": ""sql_batch_completed"", ""timestamp"": ""2026-09-07 05:13:38.203"", ""database_name"": ""SteelNort"", ""session_id"": 78, ""command"": ""SELECT"", ""duration"": 6, ""cpu_time"": 9, ""logical_reads"": 0, ""writes"": 0}",SELECT,6.0,9.0,0.0,0.0,0,0,0,0,USER
sql_batch_completed,2026-09-07 05:13:38.203,77,0,0,SteelNort,"{""event_name"": ""sql_batch_completed"", ""timestamp"": ""2026-09-07 05:13:38.203"", ""database_name"": ""SteelNort"", ""session_id"": 77, ""command"": ""EXECUTE"", ""duration"": 2161, ""cpu_time"": 74, ""logical_reads"": 0, ""writes"": 0, ""status"": ""completed""}",EXECUTE,2161.0,74.0,0.0,0.0,0,0,0,completed,USER
lock_acquired,2026-09-07 05:13:38.203,78,0,0,0,"{""event_name"": ""lock_acquired"", ""timestamp"": ""2026-09-07 05:13:38.203"", ""session_id"": 78, ""resource_type"": ""OBJECT"", ""mode"": ""Sch-S""}",0,0.0,0.0,0.0,0.0,0,OBJECT,Sch-S,0,UNKNOWN
sql_batch_completed,2026-09-07 05:13:40.288,78,0,0,SteelNort,"{""event_name"": ""sql_batch_completed"", ""timestamp"": ""2026-09-07 05:13:40.288"", ""database_name"": ""SteelNort"", ""session_id"": 78, ""command"": ""SELECT"", ""duration"": 2055, ""cpu_time"": 9, ""logical_reads"": 0, ""writes"": 0, ""status"": ""completed""}",SELECT,2055.0,9.0,0.0,0.0,0,0,0,completed,USER
lock_released,2026-09-07 05:13:40.288,78,0,0,0,"{""event_name"": ""lock_released"", ""timestamp"": ""2026-09-07 05:13:40.288"", ""session_id"": 78, ""resource_type"": ""OBJECT"", ""mode"": ""Sch-S""}",0,0.0,0.0,0.0,0.0,0,OBJECT,Sch-S,0,UNKNOWN
sql_batch_completed,2026-09-07 05:13:42.310,68,0,0,SteelNort,"{""event_name"": ""sql_batch_completed"", ""timestamp"": ""2026-09-07 05:13:42.310"", ""database_name"": ""SteelNort"", ""session_id"": 68, ""command"": ""CONDITIONAL"", ""duration"": 3, ""cpu_time"": 2, ""logical_reads"": 0, ""writes"": 0}",CONDITIONAL,3.0,2.0,0.0,0.0,0,0,0,0,UNKNOWN
sql_batch_completed,2026-09-07 05:13:42.310,77,0,0,SteelNort,"{""event_name"": ""sql_batch_completed"", ""timestamp"": ""2026-09-07 05:13:42.310"", ""database_name"": ""SteelNort"", ""session_id"": 77, ""command"": ""EXECUTE"", ""duration"": 250, ""cpu_time"": 220, ""logical_reads"": 0, ""writes"": 0, ""wait_type"": ""MSQL_XP""}",EXECUTE,250.0,220.0,0.0,0.0,MSQL_XP,0,0,0,USER
login,2026-09-07 05:13:45.611,70,795ec2146175\Administrator,Microsoft SQL Server,SteelNort,"{""event_name"": ""login"", ""timestamp"": ""2026-09-07 05:13:45.611"", ""session_id"": 70, ""login_name"": ""795ec2146175\\Administrator"", ""program_name"": ""Microsoft SQL Server"", ""database_name"": ""SteelNort""}",0,0.0,0.0,0.0,0.0,0,0,0,0,UNKNOWN
wait_info,2026-09-07 05:13:45.611,58,0,0,master,"{""event_name"": ""wait_info"", ""timestamp"": ""2026-09-07 05:13:45.611"", ""session_id"": 58, ""wait_type"": ""SLEEP_TASK"", ""database_name"": ""master""}",0,0.0,0.0,0.0,0.0,SLEEP_TASK,0,0,0,UNKNOWN
sql_batch_completed,2026-09-07 05:13:45.611,62,0,0,SteelNort,"{""event_name"": ""sql_batch_completed"", ""timestamp"": ""2026-09-07 05:13:45.611"", ""database_name"": ""SteelNort"", ""session_id"": 62, ""command"": ""EXECUTE"", ""duration"": 13, ""cpu_time"": 0, ""logical_reads"": 0, ""writes"": 0}",EXECUTE,13.0,0.0,0.0,0.0,0,0,0,0,USER
sql_batch_completed,2026-09-07 05:13:45.611,78,0,0,SteelNort,"{""event_name"": ""sql_batch_completed"", ""timestamp"": ""2026-09-07 05:13:45.611"", ""database_name"": ""SteelNort"", ""session_id"": 78, ""command"": ""SELECT"", ""duration"": 266, ""cpu_time"": 164, ""logical_reads"": 0, ""writes"": 0}",SELECT,266.0,164.0,0.0,0.0,0,0,0,0,USER
sql_batch_completed,2026-09-07 05:13:45.611,68,0,0,SteelNort,"{""event_name"": ""sql_batch_completed"", ""timestamp"": ""2026-09-07 05:13:45.611"", ""database_name"": ""SteelNort"", ""session_id"": 68, ""command"": ""CONDITIONAL"", ""duration"": 3253, ""cpu_time"": 2, ""logical_reads"": 0, ""writes"": 0, ""status"": ""completed""}",CONDITIONAL,3253.0,2.0,0.0,0.0,0,0,0,completed,UNKNOWN
lock_acquired,2026-09-07 05:13:45.611,78,0,0,0,"{""event_name"": ""lock_acquired"", ""timestamp"": ""2026-09-07 05:13:45.611"", ""session_id"": 78, ""resource_type"": ""OBJECT"", ""mode"": ""Sch-S""}",0,0.0,0.0,0.0,0.0,0,OBJECT,Sch-S,0,UNKNOWN
sql_batch_completed,2026-09-07 06:57:33.913,51,0,0,SteelNort,"{""event_name"": ""sql_batch_completed"", ""timestamp"": ""2026-09-07 06:57:33.913"", ""database_name"": ""SteelNort"", ""session_id"": 51, ""command"": ""EXECUTE"", ""duration"": 3919, ""cpu_time"": 0, ""logical_reads"": 0, ""writes"": 0}",EXECUTE,3919.0,0.0,0.0,0.0,0,0,0,0,USER
wait_info,2026-09-07 06:57:33.913,58,0,0,master,"{""event_name"": ""wait_info"", ""timestamp"": ""2026-09-07 06:57:33.913"", ""session_id"": 58, ""wait_type"": ""BROKER_TO_FLUSH"", ""database_name"": ""master""}",0,0.0,0.0,0.0,0.0,BROKER_TO_FLUSH,0,0,0,UNKNOWN
sql_batch_completed,2026-09-07 06:57:33.913,62,0,0,SteelNort,"{""event_name"": ""sql_batch_completed"", ""timestamp"": ""2026-09-07 06:57:33.913"", ""database_name"": ""SteelNort"", ""session_id"": 62, ""command"": ""EXECUTE"", ""duration"": 6240151, ""cpu_time"": 0, ""logical_reads"": 0, ""writes"": 0, ""status"": ""completed""}",EXECUTE,6240151.0,0.0,0.0,0.0,0,0,0,completed,USER
sql_batch_completed,2026-09-07 06:57:33.913,77,0,0,SteelNort,"{""event_name"": ""sql_batch_completed"", ""timestamp"": ""2026-09-07 06:57:33.913"", ""database_name"": ""SteelNort"", ""session_id"": 77, ""command"": ""EXECUTE"", ""duration"": 6244608, ""cpu_time"": 3240, ""logical_reads"": 0, ""writes"": 0, ""status"": ""completed""}",EXECUTE,6244608.0,3240.0,0.0,0.0,0,0,0,completed,USER
sql_batch_completed,2026-09-07 06:57:33.913,78,0,0,SteelNort,"{""event_name"": ""sql_batch_completed"", ""timestamp"": ""2026-09-07 06:57:33.913"", ""database_name"": ""SteelNort"", ""session_id"": 78, ""command"": ""SELECT"", ""duration"": 6248960, ""cpu_time"": 164, ""logical_reads"": 0, ""writes"": 0, ""status"": ""completed""}",SELECT,6248960.0,164.0,0.0,0.0,0,0,0,completed,USER
lock_released,2026-09-07 06:57:33.913,78,0,0,0,"{""event_name"": ""lock_released"", ""timestamp"": ""2026-09-07 06:57:33.913"", ""session_id"": 78, ""resource_type"": ""OBJECT"", ""mode"": ""Sch-S""}",0,0.0,0.0,0.0,0.0,0,OBJECT,Sch-S,0,UNKNOWN
login,2026-09-07 06:57:59.227,72,sa,unknown,SteelNort,"{""event_name"": ""login"", ""timestamp"": ""2026-09-07 06:57:59.227"", ""session_id"": 72, ""login_name"": ""sa"", ""program_name"": ""unknown"", ""database_name"": ""SteelNort""}",0,0.0,0.0,0.0,0.0,0,0,0,0,UNKNOWN
login,2026-09-07 06:57:59.227,73,sa,unknown,SteelNort,"{""event_name"": ""login"", ""timestamp"": ""2026-09-07 06:57:59.227"", ""session_id"": 73, ""login_name"": ""sa"", ""program_name"": ""unknown"", ""database_name"": ""SteelNort""}",0,0.0,0.0,0.0,0.0,0,0,0,0,UNKNOWN
login,2026-09-07 06:57:59.227,71,sa,unknown,SteelNort,"{""event_name"": ""login"", ""timestamp"": ""2026-09-07 06:57:59.227"", ""session_id"": 71, ""login_name"": ""sa"", ""program_name"": ""unknown"", ""database_name"": ""SteelNort""}",0,0.0,0.0,0.0,0.0,0,0,0,0,UNKNOWN
sql_batch_completed,2026-09-07 06:57:59.227,70,0,0,master,"{""event_name"": ""sql_batch_completed"", ""timestamp"": ""2026-09-07 06:57:59.227"", ""database_name"": ""master"", ""session_id"": 70, ""command"": ""TASK MANAGER"", ""duration"": 20781, ""cpu_time"": 0, ""logical_reads"": 0, ""writes"": 0}",TASK MANAGER,20781.0,0.0,0.0,0.0,0,0,0,0,SQL_SERVER_INTERNAL
sql_batch_completed,2026-09-07 06:57:59.227,71,0,0,master,"{""event_name"": ""sql_batch_completed"", ""timestamp"": ""2026-09-07 06:57:59.227"", ""database_name"": ""master"", ""session_id"": 71, ""command"": ""TASK MANAGER"", ""duration"": 23007, ""cpu_time"": 0, ""logical_reads"": 0, ""writes"": 0}",TASK MANAGER,23007.0,0.0,0.0,0.0,0,0,0,0,SQL_SERVER_INTERNAL
sql_batch_completed,2026-09-07 06:57:59.227,72,0,0,master,"{""event_name"": ""sql_batch_completed"", ""timestamp"": ""2026-09-07 06:57:59.227"", ""database_name"": ""master"", ""session_id"": 72, ""command"": ""TASK MANAGER"", ""duration"": 23148, ""cpu_time"": 0, ""logical_reads"": 0, ""writes"": 0}",TASK MANAGER,23148.0,0.0,0.0,0.0,0,0,0,0,SQL_SERVER_INTERNAL
sql_batch_completed,2026-09-07 06:57:59.227,73,0,0,master,"{""event_name"": ""sql_batch_completed"", ""timestamp"": ""2026-09-07 06:57:59.227"", ""database_name"": ""master"", ""session_id"": 73, ""command"": ""TASK MANAGER"", ""duration"": 23118, ""cpu_time"": 0, ""logical_reads"": 0, ""writes"": 0}",TASK MANAGER,23118.0,0.0,0.0,0.0,0,0,0,0,SQL_SERVER_INTERNAL
sql_batch_completed,2026-09-07 06:57:59.227,51,0,0,SteelNort,"{""event_name"": ""sql_batch_completed"", ""timestamp"": ""2026-09-07 06:57:59.227"", ""database_name"": ""SteelNort"", ""session_id"": 51, ""command"": ""EXECUTE"", ""duration"": 25177, ""cpu_time"": 0, ""logical_reads"": 0, ""writes"": 0, ""status"": ""completed""}",EXECUTE,25177.0,0.0,0.0,0.0,0,0,0,completed,USER
wait_info,2026-09-07 06:58:13.555,58,0,0,master,"{""event_name"": ""wait_info"", ""timestamp"": ""2026-09-07 06:58:13.555"", ""session_id"": 58, ""wait_type"": ""SLEEP_TASK"", ""database_name"": ""master""}",0,0.0,0.0,0.0,0.0,SLEEP_TASK,0,0,0,UNKNOWN
sql_batch_completed,2026-09-07 06:58:13.555,77,0,0,SteelNort,"{""event_name"": ""sql_batch_completed"", ""timestamp"": ""2026-09-07 06:58:13.555"", ""database_name"": ""SteelNort"", ""session_id"": 77, ""command"": ""EXECUTE"", ""duration"": 453, ""cpu_time"": 138, ""logical_reads"": 0, ""writes"": 0, ""wait_type"": ""MSQL_XP""}",EXECUTE,453.0,138.0,0.0,0.0,MSQL_XP,0,0,0,USER
wait_info,2026-09-07 06:58:20.671,58,0,0,master,"{""event_name"": ""wait_info"", ""timestamp"": ""2026-09-07 06:58:20.671"", ""session_id"": 58, ""wait_type"": ""BROKER_TO_FLUSH"", ""database_name"": ""master""}",0,0.0,0.0,0.0,0.0,BROKER_TO_FLUSH,0,0,0,UNKNOWN
sql_batch_completed,2026-09-07 06:58:20.671,62,0,0,SteelNort,"{""event_name"": ""sql_batch_completed"", ""timestamp"": ""2026-09-07 06:58:20.671"", ""database_name"": ""SteelNort"", ""session_id"": 62, ""command"": ""EXECUTE"", ""duration"": 991, ""cpu_time"": 14, ""logical_reads"": 0, ""writes"": 0}",EXECUTE,991.0,14.0,0.0,0.0,0,0,0,0,USER
sql_batch_completed,2026-09-07 06:58:20.671,68,0,0,SteelNort,"{""event_name"": ""sql_batch_completed"", ""timestamp"": ""2026-09-07 06:58:20.671"", ""database_name"": ""SteelNort"", ""session_id"": 68, ""command"": ""EXECUTE"", ""duration"": 1034, ""cpu_time"": 5, ""logical_reads"": 0, ""writes"": 0}",EXECUTE,1034.0,5.0,0.0,0.0,0,0,0,0,USER
sql_batch_completed,2026-09-07 06:58:20.671,77,0,0,SteelNort,"{""event_name"": ""sql_batch_completed"", ""timestamp"": ""2026-09-07 06:58:20.671"", ""database_name"": ""SteelNort"", ""session_id"": 77, ""command"": ""EXECUTE"", ""duration"": 4662, ""cpu_time"": 138, ""logical_reads"": 0, ""writes"": 0, ""status"": ""completed""}",EXECUTE,4662.0,138.0,0.0,0.0,0,0,0,completed,USER
sql_batch_completed,2026-09-07 06:58:24.992,68,0,0,SteelNort,"{""event_name"": ""sql_batch_completed"", ""timestamp"": ""2026-09-07 06:58:24.992"", ""database_name"": ""SteelNort"", ""session_id"": 68, ""command"": ""EXECUTE"", ""duration"": 6515, ""cpu_time"": 5, ""logical_reads"": 0, ""writes"": 0, ""status"": ""completed""}",EXECUTE,6515.0,5.0,0.0,0.0,0,0,0,completed,USER
sql_batch_completed,2026-09-07 06:58:24.992,62,0,0,SteelNort,"{""event_name"": ""sql_batch_completed"", ""timestamp"": ""2026-09-07 06:58:24.992"", ""database_name"": ""SteelNort"", ""session_id"": 62, ""command"": ""EXECUTE"", ""duration"": 6540, ""cpu_time"": 14, ""logical_reads"": 0, ""writes"": 0, ""status"": ""completed""}",EXECUTE,6540.0,14.0,0.0,0.0,0,0,0,completed,USER
sql_batch_completed,2026-09-07 06:58:30.215,66,0,0,SteelNort,"{""event_name"": ""sql_batch_completed"", ""timestamp"": ""2026-09-07 06:58:30.215"", ""database_name"": ""SteelNort"", ""session_id"": 66, ""command"": ""EXECUTE"", ""duration"": 670, ""cpu_time"": 0, ""logical_reads"": 0, ""writes"": 0}",EXECUTE,670.0,0.0,0.0,0.0,0,0,0,0,USER
sql_batch_completed,2026-09-07 06:58:30.215,77,0,0,SteelNort,"{""event_name"": ""sql_batch_completed"", ""timestamp"": ""2026-09-07 06:58:30.215"", ""database_name"": ""SteelNort"", ""session_id"": 77, ""command"": ""EXECUTE"", ""duration"": 708, ""cpu_time"": 5, ""logical_reads"": 0, ""writes"": 0, ""wait_type"": ""MSQL_XP""}",EXECUTE,708.0,5.0,0.0,0.0,MSQL_XP,0,0,0,USER
sql_batch_completed,2026-09-07 06:58:34.152,66,0,0,SteelNort,"{""event_name"": ""sql_batch_completed"", ""timestamp"": ""2026-09-07 06:58:34.152"", ""database_name"": ""SteelNort"", ""session_id"": 66, ""command"": ""EXECUTE"", ""duration"": 4677, ""cpu_time"": 0, ""logical_reads"": 0, ""writes"": 0, ""status"": ""completed""}",EXECUTE,4677.0,0.0,0.0,0.0,0,0,0,completed,USER
sql_batch_completed,2026-09-07 06:58:34.152,77,0,0,SteelNort,"{""event_name"": ""sql_batch_completed"", ""timestamp"": ""2026-09-07 06:58:34.152"", ""database_name"": ""SteelNort"", ""session_id"": 77, ""command"": ""EXECUTE"", ""duration"": 4685, ""cpu_time"": 5, ""logical_reads"": 0, ""writes"": 0, ""status"": ""completed""}",EXECUTE,4685.0,5.0,0.0,0.0,0,0,0,completed,USER
sql_batch_completed,2026-09-07 06:58:37.746,77,0,0,SteelNort,"{""event_name"": ""sql_batch_completed"", ""timestamp"": ""2026-09-07 06:58:37.746"", ""database_name"": ""SteelNort"", ""session_id"": 77, ""command"": ""EXECUTE"", ""duration"": 1004, ""cpu_time"": 91, ""logical_reads"": 0, ""writes"": 0, ""wait_type"": ""MSQL_XP""}",EXECUTE,1004.0,91.0,0.0,0.0,MSQL_XP,0,0,0,USER
wait_info,2026-09-07 06:58:41.479,58,0,0,master,"{""event_name"": ""wait_info"", ""timestamp"": ""2026-09-07 06:58:41.479"", ""session_id"": 58, ""wait_type"": ""SLEEP_TASK"", ""database_name"": ""master""}",0,0.0,0.0,0.0,0.0,SLEEP_TASK,0,0,0,UNKNOWN
sql_batch_completed,2026-09-07 06:58:41.479,65,0,0,SteelNort,"{""event_name"": ""sql_batch_completed"", ""timestamp"": ""2026-09-07 06:58:41.479"", ""database_name"": ""SteelNort"", ""session_id"": 65, ""command"": ""AWAITING COMMAND"", ""duration"": 494, ""cpu_time"": 1, ""logical_reads"": 0, ""writes"": 0}",AWAITING COMMAND,494.0,1.0,0.0,0.0,0,0,0,0,UNKNOWN
sql_batch_completed,2026-09-07 06:58:41.479,77,0,0,SteelNort,"{""event_name"": ""sql_batch_completed"", ""timestamp"": ""2026-09-07 06:58:41.479"", ""database_name"": ""SteelNort"", ""session_id"": 77, ""command"": ""EXECUTE"", ""duration"": 4313, ""cpu_time"": 91, ""logical_reads"": 0, ""writes"": 0, ""status"": ""completed""}",EXECUTE,4313.0,91.0,0.0,0.0,0,0,0,completed,USER
wait_info,2026-09-07 06:58:44.778,58,0,0,master,"{""event_name"": ""wait_info"", ""timestamp"": ""2026-09-07 06:58:44.778"", ""session_id"": 58, ""wait_type"": ""BROKER_TO_FLUSH"", ""database_name"": ""master""}",0,0.0,0.0,0.0,0.0,BROKER_TO_FLUSH,0,0,0,UNKNOWN
sql_batch_completed,2026-09-07 06:58:44.778,65,0,0,SteelNort,"{""event_name"": ""sql_batch_completed"", ""timestamp"": ""2026-09-07 06:58:44.778"", ""database_name"": ""SteelNort"", ""session_id"": 65, ""command"": ""AWAITING COMMAND"", ""duration"": 2894, ""cpu_time"": 1, ""logical_reads"": 0, ""writes"": 0, ""status"": ""completed""}",AWAITING COMMAND,2894.0,1.0,0.0,0.0,0,0,0,completed,UNKNOWN
wait_info,2026-09-07 06:58:47.544,58,0,0,master,"{""event_name"": ""wait_info"", ""timestamp"": ""2026-09-07 06:58:47.544"", ""session_id"": 58, ""wait_type"": ""SLEEP_TASK"", ""database_name"": ""master""}",0,0.0,0.0,0.0,0.0,SLEEP_TASK,0,0,0,UNKNOWN
sql_batch_completed,2026-09-07 06:58:47.544,77,0,0,SteelNort,"{""event_name"": ""sql_batch_completed"", ""timestamp"": ""2026-09-07 06:58:47.544"", ""database_name"": ""SteelNort"", ""session_id"": 77, ""command"": ""EXECUTE"", ""duration"": 111, ""cpu_time"": 30, ""logical_reads"": 0, ""writes"": 0, ""wait_type"": ""MSQL_XP""}",EXECUTE,111.0,30.0,0.0,0.0,MSQL_XP,0,0,0,USER
sql_batch_completed,2026-09-07 06:58:50.588,77,0,0,SteelNort,"{""event_name"": ""sql_batch_completed"", ""timestamp"": ""2026-09-07 06:58:50.588"", ""database_name"": ""SteelNort"", ""session_id"": 77, ""command"": ""EXECUTE"", ""duration"": 4435, ""cpu_time"": 30, ""logical_reads"": 0, ""writes"": 0, ""status"": ""completed""}",EXECUTE,4435.0,30.0,0.0,0.0,0,0,0,completed,USER
sql_batch_completed,2026-09-07 06:58:58.431,62,0,0,SteelNort,"{""event_name"": ""sql_batch_completed"", ""timestamp"": ""2026-09-07 06:58:58.431"", ""database_name"": ""SteelNort"", ""session_id"": 62, ""command"": ""EXECUTE"", ""duration"": 43, ""cpu_time"": 2, ""logical_reads"": 0, ""writes"": 0}",EXECUTE,43.0,2.0,0.0,0.0,0,0,0,0,USER
wait_info,2026-09-07 06:59:01.714,58,0,0,master,"{""event_name"": ""wait_info"", ""timestamp"": ""2026-09-07 06:59:01.714"", ""session_id"": 58, ""wait_type"": ""BROKER_TO_FLUSH"", ""database_name"": ""master""}",0,0.0,0.0,0.0,0.0,BROKER_TO_FLUSH,0,0,0,UNKNOWN
sql_batch_completed,2026-09-07 06:59:01.714,62,0,0,SteelNort,"{""event_name"": ""sql_batch_completed"", ""timestamp"": ""2026-09-07 06:59:01.714"", ""database_name"": ""SteelNort"", ""session_id"": 62, ""command"": ""EXECUTE"", ""duration"": 4576, ""cpu_time"": 2, ""logical_reads"": 0, ""writes"": 0, ""status"": ""completed""}",EXECUTE,4576.0,2.0,0.0,0.0,0,0,0,completed,USER
sql_batch_completed,2026-09-07 06:59:22.115,67,0,0,SteelNort,"{""event_name"": ""sql_batch_completed"", ""timestamp"": ""2026-09-07 06:59:22.115"", ""database_name"": ""SteelNort"", ""session_id"": 67, ""command"": ""AWAITING COMMAND"", ""duration"": 913, ""cpu_time"": 0, ""logical_reads"": 0, ""writes"": 0}",AWAITING COMMAND,913.0,0.0,0.0,0.0,0,0,0,0,UNKNOWN
sql_batch_completed,2026-09-07 06:59:26.477,67,0,0,SteelNort,"{""event_name"": ""sql_batch_completed"", ""timestamp"": ""2026-09-07 06:59:26.477"", ""database_name"": ""SteelNort"", ""session_id"": 67, ""command"": ""AWAITING COMMAND"", ""duration"": 4867, ""cpu_time"": 0, ""logical_reads"": 0, ""writes"": 0, ""status"": ""completed""}",AWAITING COMMAND,4867.0,0.0,0.0,0.0,0,0,0,completed,UNKNOWN
wait_info,2026-09-07 06:59:30.322,58,0,0,master,"{""event_name"": ""wait_info"", ""timestamp"": ""2026-09-07 06:59:30.322"", ""session_id"": 58, ""wait_type"": ""SLEEP_TASK"", ""database_name"": ""master""}",0,0.0,0.0,0.0,0.0,SLEEP_TASK,0,0,0,UNKNOWN
sql_batch_completed,2026-09-07 06:59:43.482,77,0,0,SteelNort,"{""event_name"": ""sql_batch_completed"", ""timestamp"": ""2026-09-07 06:59:43.482"", ""database_name"": ""SteelNort"", ""session_id"": 77, ""command"": ""EXECUTE"", ""duration"": 1424, ""cpu_time"": 60, ""logical_reads"": 0, ""writes"": 0, ""wait_type"": ""MSQL_XP""}",EXECUTE,1424.0,60.0,0.0,0.0,MSQL_XP,0,0,0,USER
wait_info,2026-09-07 06:59:48.012,58,0,0,master,"{""event_name"": ""wait_info"", ""timestamp"": ""2026-09-07 06:59:48.012"", ""session_id"": 58, ""wait_type"": ""BROKER_TO_FLUSH"", ""database_name"": ""master""}",0,0.0,0.0,0.0,0.0,BROKER_TO_FLUSH,0,0,0,UNKNOWN
sql_batch_completed,2026-09-07 06:59:48.012,77,0,0,SteelNort,"{""event_name"": ""sql_batch_completed"", ""timestamp"": ""2026-09-07 06:59:48.012"", ""database_name"": ""SteelNort"", ""session_id"": 77, ""command"": ""EXECUTE"", ""duration"": 5753, ""cpu_time"": 60, ""logical_reads"": 0, ""writes"": 0, ""status"": ""completed""}",EXECUTE,5753.0,60.0,0.0,0.0,0,0,0,completed,USER
wait_info,2026-09-07 06:59:56.655,58,0,0,master,"{""event_name"": ""wait_info"", ""timestamp"": ""2026-09-07 06:59:56.655"", ""session_id"": 58, ""wait_type"": ""SLEEP_TASK"", ""database_name"": ""master""}",0,0.0,0.0,0.0,0.0,SLEEP_TASK,0,0,0,UNKNOWN
wait_info,2026-09-07 07:00:13.847,58,0,0,master,"{""event_name"": ""wait_info"", ""timestamp"": ""2026-09-07 07:00:13.847"", ""session_id"": 58, ""wait_type"": ""BROKER_TO_FLUSH"", ""database_name"": ""master""}",0,0.0,0.0,0.0,0.0,BROKER_TO_FLUSH,0,0,0,UNKNOWN
wait_info,2026-09-07 07:00:22.963,58,0,0,master,"{""event_name"": ""wait_info"", ""timestamp"": ""2026-09-07 07:00:22.963"", ""session_id"": 58, ""wait_type"": ""SLEEP_TASK"", ""database_name"": ""master""}",0,0.0,0.0,0.0,0.0,SLEEP_TASK,0,0,0,UNKNOWN
wait_info,2026-09-07 07:00:27.752,58,0,0,master,"{""event_name"": ""wait_info"", ""timestamp"": ""2026-09-07 07:00:27.752"", ""session_id"": 58, ""wait_type"": ""BROKER_TO_FLUSH"", ""database_name"": ""master""}",0,0.0,0.0,0.0,0.0,BROKER_TO_FLUSH,0,0,0,UNKNOWN
logout,2026-09-07 07:00:44.970,73,0,0,0,"{""event_name"": ""logout"", ""timestamp"": ""2026-09-07 07:00:44.970"", ""session_id"": 73}",0,0.0,0.0,0.0,0.0,0,0,0,0,UNKNOWN
sql_batch_completed,2026-09-07 07:00:44.970,73,0,0,master,"{""event_name"": ""sql_batch_completed"", ""timestamp"": ""2026-09-07 07:00:44.970"", ""database_name"": ""master"", ""session_id"": 73, ""command"": ""TASK MANAGER"", ""duration"": 186063, ""cpu_time"": 0, ""logical_reads"": 0, ""writes"": 0, ""status"": ""completed""}",TASK MANAGER,186063.0,0.0,0.0,0.0,0,0,0,completed,SQL_SERVER_INTERNAL
logout,2026-09-07 07:00:48.829,72,0,0,0,"{""event_name"": ""logout"", ""timestamp"": ""2026-09-07 07:00:48.829"", ""session_id"": 72}",0,0.0,0.0,0.0,0.0,0,0,0,0,UNKNOWN
logout,2026-09-07 07:00:48.829,70,0,0,0,"{""event_name"": ""logout"", ""timestamp"": ""2026-09-07 07:00:48.829"", ""session_id"": 70}",0,0.0,0.0,0.0,0.0,0,0,0,0,UNKNOWN
logout,2026-09-07 07:00:48.829,71,0,0,0,"{""event_name"": ""logout"", ""timestamp"": ""2026-09-07 07:00:48.829"", ""session_id"": 71}",0,0.0,0.0,0.0,0.0,0,0,0,0,UNKNOWN
sql_batch_completed,2026-09-07 07:00:48.829,72,0,0,master,"{""event_name"": ""sql_batch_completed"", ""timestamp"": ""2026-09-07 07:00:48.829"", ""database_name"": ""master"", ""session_id"": 72, ""command"": ""TASK MANAGER"", ""duration"": 190259, ""cpu_time"": 0, ""logical_reads"": 0, ""writes"": 0, ""status"": ""completed""}",TASK MANAGER,190259.0,0.0,0.0,0.0,0,0,0,completed,SQL_SERVER_INTERNAL
sql_batch_completed,2026-09-07 07:00:48.829,70,0,0,master,"{""event_name"": ""sql_batch_completed"", ""timestamp"": ""2026-09-07 07:00:48.829"", ""database_name"": ""master"", ""session_id"": 70, ""command"": ""TASK MANAGER"", ""duration"": 188206, ""cpu_time"": 0, ""logical_reads"": 0, ""writes"": 0, ""status"": ""completed""}",TASK MANAGER,188206.0,0.0,0.0,0.0,0,0,0,completed,SQL_SERVER_INTERNAL
sql_batch_completed,2026-09-07 07:00:48.829,71,0,0,master,"{""event_name"": ""sql_batch_completed"", ""timestamp"": ""2026-09-07 07:00:48.829"", ""database_name"": ""master"", ""session_id"": 71, ""command"": ""TASK MANAGER"", ""duration"": 190301, ""cpu_time"": 0, ""logical_reads"": 0, ""writes"": 0, ""status"": ""completed""}",TASK MANAGER,190301.0,0.0,0.0,0.0,0,0,0,completed,SQL_SERVER_INTERNAL
sql_batch_completed,2026-09-07 07:01:04.700,78,0,0,SteelNort,"{""event_name"": ""sql_batch_completed"", ""timestamp"": ""2026-09-07 07:01:04.700"", ""database_name"": ""SteelNort"", ""session_id"": 78, ""command"": ""SELECT"", ""duration"": 677, ""cpu_time"": 4, ""logical_reads"": 0, ""writes"": 0}",SELECT,677.0,4.0,0.0,0.0,0,0,0,0,USER
wait_info,2026-09-07 07:01:08.508,58,0,0,master,"{""event_name"": ""wait_info"", ""timestamp"": ""2026-09-07 07:01:08.508"", ""session_id"": 58, ""wait_type"": ""SLEEP_TASK"", ""database_name"": ""master""}",0,0.0,0.0,0.0,0.0,SLEEP_TASK,0,0,0,UNKNOWN
sql_batch_completed,2026-09-07 07:01:08.508,78,0,0,SteelNort,"{""event_name"": ""sql_batch_completed"", ""timestamp"": ""2026-09-07 07:01:08.508"", ""database_name"": ""SteelNort"", ""session_id"": 78, ""command"": ""SELECT"", ""duration"": 4500, ""cpu_time"": 4, ""logical_reads"": 0, ""writes"": 0, ""status"": ""completed""}",SELECT,4500.0,4.0,0.0,0.0,0,0,0,completed,USER
wait_info,2026-09-07 07:01:24.247,58,0,0,master,"{""event_name"": ""wait_info"", ""timestamp"": ""2026-09-07 07:01:24.247"", ""session_id"": 58, ""wait_type"": ""BROKER_TO_FLUSH"", ""database_name"": ""master""}",0,0.0,0.0,0.0,0.0,BROKER_TO_FLUSH,0,0,0,UNKNOWN
login,2026-09-07 07:01:36.231,70,795ec2146175\Administrator,Microsoft SQL Server,SteelNort,"{""event_name"": ""login"", ""timestamp"": ""2026-09-07 07:01:36.231"", ""session_id"": 70, ""login_name"": ""795ec2146175\\Administrator"", ""program_name"": ""Microsoft SQL Server"", ""database_name"": ""SteelNort""}",0,0.0,0.0,0.0,0.0,0,0,0,0,UNKNOWN
wait_info,2026-09-07 07:01:36.231,58,0,0,master,"{""event_name"": ""wait_info"", ""timestamp"": ""2026-09-07 07:01:36.231"", ""session_id"": 58, ""wait_type"": ""SLEEP_TASK"", ""database_name"": ""master""}",0,0.0,0.0,0.0,0.0,SLEEP_TASK,0,0,0,UNKNOWN
logout,2026-09-07 07:01:40.428,70,0,0,0,"{""event_name"": ""logout"", ""timestamp"": ""2026-09-07 07:01:40.428"", ""session_id"": 70}",0,0.0,0.0,0.0,0.0,0,0,0,0,UNKNOWN
wait_info,2026-09-07 07:01:43.849,58,0,0,master,"{""event_name"": ""wait_info"", ""timestamp"": ""2026-09-07 07:01:43.849"", ""session_id"": 58, ""wait_type"": ""BROKER_TO_FLUSH"", ""database_name"": ""master""}",0,0.0,0.0,0.0,0.0,BROKER_TO_FLUSH,0,0,0,UNKNOWN
wait_info,2026-09-07 07:01:55.373,58,0,0,master,"{""event_name"": ""wait_info"", ""timestamp"": ""2026-09-07 07:01:55.373"", ""session_id"": 58, ""wait_type"": ""SLEEP_TASK"", ""database_name"": ""master""}",0,0.0,0.0,0.0,0.0,SLEEP_TASK,0,0,0,UNKNOWN
wait_info,2026-09-07 07:02:12.142,58,0,0,master,"{""event_name"": ""wait_info"", ""timestamp"": ""2026-09-07 07:02:12.142"", ""session_id"": 58, ""wait_type"": ""BROKER_TO_FLUSH"", ""database_name"": ""master""}",0,0.0,0.0,0.0,0.0,BROKER_TO_FLUSH,0,0,0,UNKNOWN
wait_info,2026-09-07 07:02:17.538,58,0,0,master,"{""event_name"": ""wait_info"", ""timestamp"": ""2026-09-07 07:02:17.538"", ""session_id"": 58, ""wait_type"": ""SLEEP_TASK"", ""database_name"": ""master""}",0,0.0,0.0,0.0,0.0,SLEEP_TASK,0,0,0,UNKNOWN
wait_info,2026-09-07 07:02:37.095,58,0,0,master,"{""event_name"": ""wait_info"", ""timestamp"": ""2026-09-07 07:02:37.095"", ""session_id"": 58, ""wait_type"": ""BROKER_TO_FLUSH"", ""database_name"": ""master""}",0,0.0,0.0,0.0,0.0,BROKER_TO_FLUSH,0,0,0,UNKNOWN
logout,2026-09-07 07:02:52.379,69,0,0,0,"{""event_name"": ""logout"", ""timestamp"": ""2026-09-07 07:02:52.379"", ""session_id"": 69}",0,0.0,0.0,0.0,0.0,0,0,0,0,UNKNOWN
wait_info,2026-09-07 07:02:52.379,58,0,0,master,"{""event_name"": ""wait_info"", ""timestamp"": ""2026-09-07 07:02:52.379"", ""session_id"": 58, ""wait_type"": ""SLEEP_TASK"", ""database_name"": ""master""}",0,0.0,0.0,0.0,0.0,SLEEP_TASK,0,0,0,UNKNOWN
lock_acquired,2026-09-07 07:03:08.298,78,0,0,0,"{""event_name"": ""lock_acquired"", ""timestamp"": ""2026-09-07 07:03:08.298"", ""session_id"": 78, ""resource_type"": ""OBJECT"", ""mode"": ""Sch-S""}",0,0.0,0.0,0.0,0.0,0,OBJECT,Sch-S,0,UNKNOWN
lock_released,2026-09-07 07:03:12.334,78,0,0,0,"{""event_name"": ""lock_released"", ""timestamp"": ""2026-09-07 07:03:12.334"", ""session_id"": 78, ""resource_type"": ""OBJECT"", ""mode"": ""Sch-S""}",0,0.0,0.0,0.0,0.0,0,OBJECT,Sch-S,0,UNKNOWN
sql_batch_completed,2026-09-07 07:03:16.150,77,0,0,SteelNort,"{""event_name"": ""sql_batch_completed"", ""timestamp"": ""2026-09-07 07:03:16.150"", ""database_name"": ""SteelNort"", ""session_id"": 77, ""command"": ""EXECUTE"", ""duration"": 934, ""cpu_time"": 95, ""logical_reads"": 0, ""writes"": 0, ""wait_type"": ""MSQL_XP""}",EXECUTE,934.0,95.0,0.0,0.0,MSQL_XP,0,0,0,USER
sql_batch_completed,2026-09-07 07:03:20.479,77,0,0,SteelNort,"{""event_name"": ""sql_batch_completed"", ""timestamp"": ""2026-09-07 07:03:20.479"", ""database_name"": ""SteelNort"", ""session_id"": 77, ""command"": ""EXECUTE"", ""duration"": 5109, ""cpu_time"": 95, ""logical_reads"": 0, ""writes"": 0, ""status"": ""completed""}",EXECUTE,5109.0,95.0,0.0,0.0,0,0,0,completed,USER
lock_acquired,2026-09-07 07:03:24.612,78,0,0,0,"{""event_name"": ""lock_acquired"", ""timestamp"": ""2026-09-07 07:03:24.612"", ""session_id"": 78, ""resource_type"": ""OBJECT"", ""mode"": ""Sch-S""}",0,0.0,0.0,0.0,0.0,0,OBJECT,Sch-S,0,UNKNOWN
login,2026-09-07 07:03:28.835,69,sa,unknown,SteelNort,"{""event_name"": ""login"", ""timestamp"": ""2026-09-07 07:03:28.835"", ""session_id"": 69, ""login_name"": ""sa"", ""program_name"": ""unknown"", ""database_name"": ""SteelNort""}",0,0.0,0.0,0.0,0.0,0,0,0,0,UNKNOWN
login,2026-09-07 07:03:28.835,70,sa,unknown,SteelNort,"{""event_name"": ""login"", ""timestamp"": ""2026-09-07 07:03:28.835"", ""session_id"": 70, ""login_name"": ""sa"", ""program_name"": ""unknown"", ""database_name"": ""SteelNort""}",0,0.0,0.0,0.0,0.0,0,0,0,0,UNKNOWN
login,2026-09-07 07:03:28.835,71,sa,unknown,SteelNort,"{""event_name"": ""login"", ""timestamp"": ""2026-09-07 07:03:28.835"", ""session_id"": 71, ""login_name"": ""sa"", ""program_name"": ""unknown"", ""database_name"": ""SteelNort""}",0,0.0,0.0,0.0,0.0,0,0,0,0,UNKNOWN
login,2026-09-07 07:03:28.835,72,sa,unknown,SteelNort,"{""event_name"": ""login"", ""timestamp"": ""2026-09-07 07:03:28.835"", ""session_id"": 72, ""login_name"": ""sa"", ""program_name"": ""unknown"", ""database_name"": ""SteelNort""}",0,0.0,0.0,0.0,0.0,0,0,0,0,UNKNOWN
login,2026-09-07 07:03:28.835,73,sa,unknown,SteelNort,"{""event_name"": ""login"", ""timestamp"": ""2026-09-07 07:03:28.835"", ""session_id"": 73, ""login_name"": ""sa"", ""program_name"": ""unknown"", ""database_name"": ""SteelNort""}",0,0.0,0.0,0.0,0.0,0,0,0,0,UNKNOWN
login,2026-09-07 07:03:28.835,74,sa,unknown,SteelNort,"{""event_name"": ""login"", ""timestamp"": ""2026-09-07 07:03:28.835"", ""session_id"": 74, ""login_name"": ""sa"", ""program_name"": ""unknown"", ""database_name"": ""SteelNort""}",0,0.0,0.0,0.0,0.0,0,0,0,0,UNKNOWN
login,2026-09-07 07:03:28.835,75,sa,unknown,SteelNort,"{""event_name"": ""login"", ""timestamp"": ""2026-09-07 07:03:28.835"", ""session_id"": 75, ""login_name"": ""sa"", ""program_name"": ""unknown"", ""database_name"": ""SteelNort""}",0,0.0,0.0,0.0,0.0,0,0,0,0,UNKNOWN
sql_batch_completed,2026-09-07 07:03:28.835,69,0,0,master,"{""event_name"": ""sql_batch_completed"", ""timestamp"": ""2026-09-07 07:03:28.835"", ""database_name"": ""master"", ""session_id"": 69, ""command"": ""TASK MANAGER"", ""duration"": 3191, ""cpu_time"": 0, ""logical_reads"": 0, ""writes"": 0}",TASK MANAGER,3191.0,0.0,0.0,0.0,0,0,0,0,SQL_SERVER_INTERNAL
sql_batch_completed,2026-09-07 07:03:28.835,70,0,0,master,"{""event_name"": ""sql_batch_completed"", ""timestamp"": ""2026-09-07 07:03:28.835"", ""database_name"": ""master"", ""session_id"": 70, ""command"": ""TASK MANAGER"", ""duration"": 3193, ""cpu_time"": 0, ""logical_reads"": 0, ""writes"": 0}",TASK MANAGER,3193.0,0.0,0.0,0.0,0,0,0,0,SQL_SERVER_INTERNAL
sql_batch_completed,2026-09-07 07:03:28.835,71,0,0,master,"{""event_name"": ""sql_batch_completed"", ""timestamp"": ""2026-09-07 07:03:28.835"", ""database_name"": ""master"", ""session_id"": 71, ""command"": ""TASK MANAGER"", ""duration"": 3200, ""cpu_time"": 0, ""logical_reads"": 0, ""writes"": 0}",TASK MANAGER,3200.0,0.0,0.0,0.0,0,0,0,0,SQL_SERVER_INTERNAL
sql_batch_completed,2026-09-07 07:03:28.835,72,0,0,master,"{""event_name"": ""sql_batch_completed"", ""timestamp"": ""2026-09-07 07:03:28.835"", ""database_name"": ""master"", ""session_id"": 72, ""command"": ""TASK MANAGER"", ""duration"": 3205, ""cpu_time"": 0, ""logical_reads"": 0, ""writes"": 0}",TASK MANAGER,3205.0,0.0,0.0,0.0,0,0,0,0,SQL_SERVER_INTERNAL
sql_batch_completed,2026-09-07 07:03:28.835,73,0,0,master,"{""event_name"": ""sql_batch_completed"", ""timestamp"": ""2026-09-07 07:03:28.835"", ""database_name"": ""master"", ""session_id"": 73, ""command"": ""TASK MANAGER"", ""duration"": 3211, ""cpu_time"": 0, ""logical_reads"": 0, ""writes"": 0}",TASK MANAGER,3211.0,0.0,0.0,0.0,0,0,0,0,SQL_SERVER_INTERNAL
sql_batch_completed,2026-09-07 07:03:28.835,74,0,0,master,"{""event_name"": ""sql_batch_completed"", ""timestamp"": ""2026-09-07 07:03:28.835"", ""database_name"": ""master"", ""session_id"": 74, ""command"": ""TASK MANAGER"", ""duration"": 3215, ""cpu_time"": 0, ""logical_reads"": 0, ""writes"": 0}",TASK MANAGER,3215.0,0.0,0.0,0.0,0,0,0,0,SQL_SERVER_INTERNAL
sql_batch_completed,2026-09-07 07:03:28.835,75,0,0,master,"{""event_name"": ""sql_batch_completed"", ""timestamp"": ""2026-09-07 07:03:28.835"", ""database_name"": ""master"", ""session_id"": 75, ""command"": ""TASK MANAGER"", ""duration"": 3235, ""cpu_time"": 0, ""logical_reads"": 0, ""writes"": 0}",TASK MANAGER,3235.0,0.0,0.0,0.0,0,0,0,0,SQL_SERVER_INTERNAL
lock_released,2026-09-07 07:03:28.835,78,0,0,0,"{""event_name"": ""lock_released"", ""timestamp"": ""2026-09-07 07:03:28.835"", ""session_id"": 78, ""resource_type"": ""OBJECT"", ""mode"": ""Sch-S""}",0,0.0,0.0,0.0,0.0,0,OBJECT,Sch-S,0,UNKNOWN
login,2026-09-07 07:03:33.181,79,NT AUTHORITY\SYSTEM,SQLServerCEIP,SteelNort,"{""event_name"": ""login"", ""timestamp"": ""2026-09-07 07:03:33.181"", ""session_id"": 79, ""login_name"": ""NT AUTHORITY\\SYSTEM"", ""program_name"": ""SQLServerCEIP"", ""database_name"": ""SteelNort""}",0,0.0,0.0,0.0,0.0,0,0,0,0,UNKNOWN
wait_info,2026-09-07 07:03:37.533,58,0,0,master,"{""event_name"": ""wait_info"", ""timestamp"": ""2026-09-07 07:03:37.533"", ""session_id"": 58, ""wait_type"": ""BROKER_TO_FLUSH"", ""database_name"": ""master""}",0,0.0,0.0,0.0,0.0,BROKER_TO_FLUSH,0,0,0,UNKNOWN
wait_info,2026-09-07 07:03:46.502,58,0,0,master,"{""event_name"": ""wait_info"", ""timestamp"": ""2026-09-07 07:03:46.502"", ""session_id"": 58, ""wait_type"": ""SLEEP_TASK"", ""database_name"": ""master""}",0,0.0,0.0,0.0,0.0,SLEEP_TASK,0,0,0,UNKNOWN
sql_batch_completed,2026-09-07 07:03:46.502,78,0,0,SteelNort,"{""event_name"": ""sql_batch_completed"", ""timestamp"": ""2026-09-07 07:03:46.502"", ""database_name"": ""SteelNort"", ""session_id"": 78, ""command"": ""SELECT"", ""duration"": 1023, ""cpu_time"": 1, ""logical_reads"": 0, ""writes"": 0}",SELECT,1023.0,1.0,0.0,0.0,0,0,0,0,USER
sql_batch_completed,2026-09-07 07:03:51.028,77,0,0,SteelNort,"{""event_name"": ""sql_batch_completed"", ""timestamp"": ""2026-09-07 07:03:51.028"", ""database_name"": ""SteelNort"", ""session_id"": 77, ""command"": ""EXECUTE"", ""duration"": 1298, ""cpu_time"": 85, ""logical_reads"": 0, ""writes"": 0, ""wait_type"": ""MSQL_XP""}",EXECUTE,1298.0,85.0,0.0,0.0,MSQL_XP,0,0,0,USER
sql_batch_completed,2026-09-07 07:03:51.028,78,0,0,SteelNort,"{""event_name"": ""sql_batch_completed"", ""timestamp"": ""2026-09-07 07:03:51.028"", ""database_name"": ""SteelNort"", ""session_id"": 78, ""command"": ""SELECT"", ""duration"": 5473, ""cpu_time"": 1, ""logical_reads"": 0, ""writes"": 0, ""status"": ""completed""}",SELECT,5473.0,1.0,0.0,0.0,0,0,0,completed,USER
sql_batch_completed,2026-09-07 07:03:55.438,77,0,0,SteelNort,"{""event_name"": ""sql_batch_completed"", ""timestamp"": ""2026-09-07 07:03:55.438"", ""database_name"": ""SteelNort"", ""session_id"": 77, ""command"": ""EXECUTE"", ""duration"": 5621, ""cpu_time"": 85, ""logical_reads"": 0, ""writes"": 0, ""status"": ""completed""}",EXECUTE,5621.0,85.0,0.0,0.0,0,0,0,completed,USER
wait_info,2026-09-07 07:03:59.880,58,0,0,master,"{""event_name"": ""wait_info"", ""timestamp"": ""2026-09-07 07:03:59.880"", ""session_id"": 58, ""wait_type"": ""BROKER_TO_FLUSH"", ""database_name"": ""master""}",0,0.0,0.0,0.0,0.0,BROKER_TO_FLUSH,0,0,0,UNKNOWN
sql_batch_completed,2026-09-07 07:04:08.428,78,0,0,SteelNort,"{""event_name"": ""sql_batch_completed"", ""timestamp"": ""2026-09-07 07:04:08.428"", ""database_name"": ""SteelNort"", ""session_id"": 78, ""command"": ""SELECT"", ""duration"": 1275, ""cpu_time"": 0, ""logical_reads"": 0, ""writes"": 0}",SELECT,1275.0,0.0,0.0,0.0,0,0,0,0,USER
sql_batch_completed,2026-09-07 07:04:13.296,78,0,0,SteelNort,"{""event_name"": ""sql_batch_completed"", ""timestamp"": ""2026-09-07 07:04:13.296"", ""database_name"": ""SteelNort"", ""session_id"": 78, ""command"": ""SELECT"", ""duration"": 5292, ""cpu_time"": 0, ""logical_reads"": 0, ""writes"": 0, ""status"": ""completed""}",SELECT,5292.0,0.0,0.0,0.0,0,0,0,completed,USER
wait_info,2026-09-07 07:04:21.586,58,0,0,master,"{""event_name"": ""wait_info"", ""timestamp"": ""2026-09-07 07:04:21.586"", ""session_id"": 58, ""wait_type"": ""SLEEP_TASK"", ""database_name"": ""master""}",0,0.0,0.0,0.0,0.0,SLEEP_TASK,0,0,0,UNKNOWN
login,2026-09-07 07:04:25.891,80,795ec2146175\Administrator,Microsoft SQL Server,SteelNort,"{""event_name"": ""login"", ""timestamp"": ""2026-09-07 07:04:25.891"", ""session_id"": 80, ""login_name"": ""795ec2146175\\Administrator"", ""program_name"": ""Microsoft SQL Server"", ""database_name"": ""SteelNort""}",0,0.0,0.0,0.0,0.0,0,0,0,0,UNKNOWN
sql_batch_completed,2026-09-07 07:04:25.891,78,0,0,SteelNort,"{""event_name"": ""sql_batch_completed"", ""timestamp"": ""2026-09-07 07:04:25.891"", ""database_name"": ""SteelNort"", ""session_id"": 78, ""command"": ""SELECT"", ""duration"": 794, ""cpu_time"": 10, ""logical_reads"": 0, ""writes"": 0}",SELECT,794.0,10.0,0.0,0.0,0,0,0,0,USER
logout,2026-09-07 07:04:30.123,80,0,0,0,"{""event_name"": ""logout"", ""timestamp"": ""2026-09-07 07:04:30.123"", ""session_id"": 80}",0,0.0,0.0,0.0,0.0,0,0,0,0,UNKNOWN
sql_batch_completed,2026-09-07 07:04:30.123,78,0,0,SteelNort,"{""event_name"": ""sql_batch_completed"", ""timestamp"": ""2026-09-07 07:04:30.123"", ""database_name"": ""SteelNort"", ""session_id"": 78, ""command"": ""SELECT"", ""duration"": 5544, ""cpu_time"": 10, ""logical_reads"": 0, ""writes"": 0, ""status"": ""completed""}",SELECT,5544.0,10.0,0.0,0.0,0,0,0,completed,USER
wait_info,2026-09-07 07:04:34.926,58,0,0,master,"{""event_name"": ""wait_info"", ""timestamp"": ""2026-09-07 07:04:34.926"", ""session_id"": 58, ""wait_type"": ""BROKER_TO_FLUSH"", ""database_name"": ""master""}",0,0.0,0.0,0.0,0.0,BROKER_TO_FLUSH,0,0,0,UNKNOWN
sql_batch_completed,2026-09-07 07:04:34.926,77,0,0,SteelNort,"{""event_name"": ""sql_batch_completed"", ""timestamp"": ""2026-09-07 07:04:34.926"", ""database_name"": ""SteelNort"", ""session_id"": 77, ""command"": ""EXECUTE"", ""duration"": 1518, ""cpu_time"": 103, ""logical_reads"": 0, ""writes"": 0, ""wait_type"": ""MSQL_XP""}",EXECUTE,1518.0,103.0,0.0,0.0,MSQL_XP,0,0,0,USER
sql_batch_completed,2026-09-07 07:04:39.482,77,0,0,SteelNort,"{""event_name"": ""sql_batch_completed"", ""timestamp"": ""2026-09-07 07:04:39.482"", ""database_name"": ""SteelNort"", ""session_id"": 77, ""command"": ""EXECUTE"", ""duration"": 5625, ""cpu_time"": 103, ""logical_reads"": 0, ""writes"": 0, ""status"": ""completed""}",EXECUTE,5625.0,103.0,0.0,0.0,0,0,0,completed,USER
wait_info,2026-09-07 07:04:43.612,58,0,0,master,"{""event_name"": ""wait_info"", ""timestamp"": ""2026-09-07 07:04:43.612"", ""session_id"": 58, ""wait_type"": ""SLEEP_TASK"", ""database_name"": ""master""}",0,0.0,0.0,0.0,0.0,SLEEP_TASK,0,0,0,UNKNOWN
wait_info,2026-09-07 07:05:05.156,58,0,0,master,"{""event_name"": ""wait_info"", ""timestamp"": ""2026-09-07 07:05:05.156"", ""session_id"": 58, ""wait_type"": ""BROKER_TO_FLUSH"", ""database_name"": ""master""}",0,0.0,0.0,0.0,0.0,BROKER_TO_FLUSH,0,0,0,UNKNOWN
wait_info,2026-09-07 07:05:09.307,58,0,0,master,"{""event_name"": ""wait_info"", ""timestamp"": ""2026-09-07 07:05:09.307"", ""session_id"": 58, ""wait_type"": ""SLEEP_TASK"", ""database_name"": ""master""}",0,0.0,0.0,0.0,0.0,SLEEP_TASK,0,0,0,UNKNOWN
sql_batch_completed,2026-09-07 07:05:09.307,77,0,0,SteelNort,"{""event_name"": ""sql_batch_completed"", ""timestamp"": ""2026-09-07 07:05:09.307"", ""database_name"": ""SteelNort"", ""session_id"": 77, ""command"": ""EXECUTE"", ""duration"": 302, ""cpu_time"": 123, ""logical_reads"": 0, ""writes"": 0, ""wait_type"": ""MSQL_XP""}",EXECUTE,302.0,123.0,0.0,0.0,MSQL_XP,0,0,0,USER
wait_info,2026-09-07 07:05:12.351,58,0,0,master,"{""event_name"": ""wait_info"", ""timestamp"": ""2026-09-07 07:05:12.351"", ""session_id"": 58, ""wait_type"": ""BROKER_TO_FLUSH"", ""database_name"": ""master""}",0,0.0,0.0,0.0,0.0,BROKER_TO_FLUSH,0,0,0,UNKNOWN
sql_batch_completed,2026-09-07 07:05:12.351,77,0,0,SteelNort,"{""event_name"": ""sql_batch_completed"", ""timestamp"": ""2026-09-07 07:05:12.351"", ""database_name"": ""SteelNort"", ""session_id"": 77, ""command"": ""EXECUTE"", ""duration"": 4603, ""cpu_time"": 123, ""logical_reads"": 0, ""writes"": 0, ""status"": ""completed""}",EXECUTE,4603.0,123.0,0.0,0.0,0,0,0,completed,USER
wait_info,2026-09-07 07:05:16.682,58,0,0,master,"{""event_name"": ""wait_info"", ""timestamp"": ""2026-09-07 07:05:16.682"", ""session_id"": 58, ""wait_type"": ""SLEEP_TASK"", ""database_name"": ""master""}",0,0.0,0.0,0.0,0.0,SLEEP_TASK,0,0,0,UNKNOWN
wait_info,2026-09-07 07:05:26.081,58,0,0,master,"{""event_name"": ""wait_info"", ""timestamp"": ""2026-09-07 07:05:26.081"", ""session_id"": 58, ""wait_type"": ""BROKER_TO_FLUSH"", ""database_name"": ""master""}",0,0.0,0.0,0.0,0.0,BROKER_TO_FLUSH,0,0,0,UNKNOWN
lock_acquired,2026-09-07 07:05:34.515,78,0,0,0,"{""event_name"": ""lock_acquired"", ""timestamp"": ""2026-09-07 07:05:34.515"", ""session_id"": 78, ""resource_type"": ""OBJECT"", ""mode"": ""Sch-S""}",0,0.0,0.0,0.0,0.0,0,OBJECT,Sch-S,0,UNKNOWN
wait_info,2026-09-07 07:05:39.265,58,0,0,master,"{""event_name"": ""wait_info"", ""timestamp"": ""2026-09-07 07:05:39.265"", ""session_id"": 58, ""wait_type"": ""SLEEP_TASK"", ""database_name"": ""master""}",0,0.0,0.0,0.0,0.0,SLEEP_TASK,0,0,0,UNKNOWN
lock_released,2026-09-07 07:05:39.265,78,0,0,0,"{""event_name"": ""lock_released"", ""timestamp"": ""2026-09-07 07:05:39.265"", ""session_id"": 78, ""resource_type"": ""OBJECT"", ""mode"": ""Sch-S""}",0,0.0,0.0,0.0,0.0,0,OBJECT,Sch-S,0,UNKNOWN
wait_info,2026-09-07 07:06:00.524,58,0,0,master,"{""event_name"": ""wait_info"", ""timestamp"": ""2026-09-07 07:06:00.524"", ""session_id"": 58, ""wait_type"": ""BROKER_TO_FLUSH"", ""database_name"": ""master""}",0,0.0,0.0,0.0,0.0,BROKER_TO_FLUSH,0,0,0,UNKNOWN
