event_name,timestamp,session_id,login_name,program_name,database_name,_linea,command,duration,cpu_time,logical_reads,writes,wait_type,resource_type,mode,status,process_type
login,2026-09-04 05:01:46.876,64,sa,Microsoft JDBC Driver for SQL Server,SteelNort,"{""event_name"": ""login"", ""timestamp"": ""2026-09-04 05:01:46.876"", ""session_id"": 64, ""login_name"": ""sa"", ""program_name"": ""Microsoft JDBC Driver for SQL Server"", ""database_name"": ""SteelNort""}",0,0.0,0.0,0.0,0.0,0,0,0,0,UNKNOWN
login,2026-09-04 05:01:46.876,65,sa,Microsoft JDBC Driver for SQL Server,SteelNort,"{""event_name"": ""login"", ""timestamp"": ""2026-09-04 05:01:46.876"", ""session_id"": 65, ""login_name"": ""sa"", ""program_name"": ""Microsoft JDBC Driver for SQL Server"", ""database_name"": ""SteelNort""}",0,0.0,0.0,0.0,0.0,0,0,0,0,UNKNOWN
login,2026-09-04 05:01:46.876,66,sa,Microsoft JDBC Driver for SQL Server,SteelNort,"{""event_name"": ""login"", ""timestamp"": ""2026-09-04 05:01:46.876"", ""session_id"": 66, ""login_name"": ""sa"", ""program_name"": ""Microsoft JDBC Driver for SQL Server"", ""database_name"": ""SteelNort""}",0,0.0,0.0,0.0,0.0,0,0,0,0,UNKNOWN
login,2026-09-04 05:01:46.876,67,sa,Microsoft JDBC Driver for SQL Server,SteelNort,"{""event_name"": ""login"", ""timestamp"": ""2026-09-04 05:01:46.876"", ""session_id"": 67, ""login_name"": ""sa"", ""program_name"": ""Microsoft JDBC Driver for SQL Server"", ""database_name"": ""SteelNort""}",0,0.0,0.0,0.0,0.0,0,0,0,0,UNKNOWN
login,2026-09-04 05:01:46.876,68,sa,Microsoft JDBC Driver for SQL Server,SteelNort,"{""event_name"": ""login"", ""timestamp"": ""2026-09-04 05:01:46.876"", ""session_id"": 68, ""login_name"": ""sa"", ""program_name"": ""Microsoft JDBC Driver for SQL Server"", ""database_name"": ""SteelNort""}",0,0.0,0.0,0.0,0.0,0,0,0,0,UNKNOWN
login,2026-09-04 05:01:46.876,69,sa,Microsoft JDBC Driver for SQL Server,SteelNort,"{""event_name"": ""login"", ""timestamp"": ""2026-09-04 05:01:46.876"", ""session_id"": 69, ""login_name"": ""sa"", ""program_name"": ""Microsoft JDBC Driver for SQL Server"", ""database_name"": ""SteelNort""}",0,0.0,0.0,0.0,0.0,0,0,0,0,UNKNOWN
login,2026-09-04 05:01:46.876,70,NT AUTHORITY\SYSTEM,SQLServerCEIP,SteelNort,"{""event_name"": ""login"", ""timestamp"": ""2026-09-04 05:01:46.876"", ""session_id"": 70, ""login_name"": ""NT AUTHORITY\\SYSTEM"", ""program_name"": ""SQLServerCEIP"", ""database_name"": ""SteelNort""}",0,0.0,0.0,0.0,0.0,0,0,0,0,UNKNOWN
login,2026-09-04 05:01:46.876,71,sa,unknown,SteelNort,"{""event_name"": ""login"", ""timestamp"": ""2026-09-04 05:01:46.876"", ""session_id"": 71, ""login_name"": ""sa"", ""program_name"": ""unknown"", ""database_name"": ""SteelNort""}",0,0.0,0.0,0.0,0.0,0,0,0,0,UNKNOWN
login,2026-09-04 05:01:46.876,72,sa,unknown,SteelNort,"{""event_name"": ""login"", ""timestamp"": ""2026-09-04 05:01:46.876"", ""session_id"": 72, ""login_name"": ""sa"", ""program_name"": ""unknown"", ""database_name"": ""SteelNort""}",0,0.0,0.0,0.0,0.0,0,0,0,0,UNKNOWN
login,2026-09-04 05:01:46.876,73,sa,unknown,SteelNort,"{""event_name"": ""login"", ""timestamp"": ""2026-09-04 05:01:46.876"", ""session_id"": 73, ""login_name"": ""sa"", ""program_name"": ""unknown"", ""database_name"": ""SteelNort""}",0,0.0,0.0,0.0,0.0,0,0,0,0,UNKNOWN
login,2026-09-04 05:01:46.876,74,sa,unknown,SteelNort,"{""event_name"": ""login"", ""timestamp"": ""2026-09-04 05:01:46.876"", ""session_id"": 74, ""login_name"": ""sa"", ""program_name"": ""unknown"", ""database_name"": ""SteelNort""}",0,0.0,0.0,0.0,0.0,0,0,0,0,UNKNOWN
login,2026-09-04 05:01:46.876,75,sa,unknown,SteelNort,"{""event_name"": ""login"", ""timestamp"": ""2026-09-04 05:01:46.876"", ""session_id"": 75, ""login_name"": ""sa"", ""program_name"": ""unknown"", ""database_name"": ""SteelNort""}",0,0.0,0.0,0.0,0.0,0,0,0,0,UNKNOWN
login,2026-09-04 05:01:46.876,76,sa,unknown,SteelNort,"{""event_name"": ""login"", ""timestamp"": ""2026-09-04 05:01:46.876"", ""session_id"": 76, ""login_name"": ""sa"", ""program_name"": ""unknown"", ""database_name"": ""SteelNort""}",0,0.0,0.0,0.0,0.0,0,0,0,0,UNKNOWN
login,2026-09-04 05:01:46.876,77,sa,python3.11,SteelNort,"{""event_name"": ""login"", ""timestamp"": ""2026-09-04 05:01:46.876"", ""session_id"": 77, ""login_name"": ""sa"", ""program_name"": ""python3.11"", ""database_name"": ""SteelNort""}",0,0.0,0.0,0.0,0.0,0,0,0,0,UNKNOWN
login,2026-09-04 05:01:46.876,78,sa,python3.11,SteelNort,"{""event_name"": ""login"", ""timestamp"": ""2026-09-04 05:01:46.876"", ""session_id"": 78, ""login_name"": ""sa"", ""program_name"": ""python3.11"", ""database_name"": ""SteelNort""}",0,0.0,0.0,0.0,0.0,0,0,0,0,UNKNOWN
login,2026-09-04 05:01:46.876,79,sa,python3.11,SteelNort,"{""event_name"": ""login"", ""timestamp"": ""2026-09-04 05:01:46.876"", ""session_id"": 79, ""login_name"": ""sa"", ""program_name"": ""python3.11"", ""database_name"": ""SteelNort""}",0,0.0,0.0,0.0,0.0,0,0,0,0,UNKNOWN
login,2026-09-04 05:01:46.876,51,sa,unknown,SteelNort,"{""event_name"": ""login"", ""timestamp"": ""2026-09-04 05:01:46.876"", ""session_id"": 51, ""login_name"": ""sa"", ""program_name"": ""unknown"", ""database_name"": ""SteelNort""}",0,0.0,0.0,0.0,0.0,0,0,0,0,UNKNOWN
login,2026-09-04 05:01:46.876,52,sa,Microsoft JDBC Driver for SQL Server,SteelNort,"{""event_name"": ""login"", ""timestamp"": ""2026-09-04 05:01:46.876"", ""session_id"": 52, ""login_name"": ""sa"", ""program_name"": ""Microsoft JDBC Driver for SQL Server"", ""database_name"": ""SteelNort""}",0,0.0,0.0,0.0,0.0,0,0,0,0,UNKNOWN
login,2026-09-04 05:01:46.876,53,sa,unknown,SteelNort,"{""event_name"": ""login"", ""timestamp"": ""2026-09-04 05:01:46.876"", ""session_id"": 53, ""login_name"": ""sa"", ""program_name"": ""unknown"", ""database_name"": ""SteelNort""}",0,0.0,0.0,0.0,0.0,0,0,0,0,UNKNOWN
login,2026-09-04 05:01:46.876,54,sa,unknown,SteelNort,"{""event_name"": ""login"", ""timestamp"": ""2026-09-04 05:01:46.876"", ""session_id"": 54, ""login_name"": ""sa"", ""program_name"": ""unknown"", ""database_name"": ""SteelNort""}",0,0.0,0.0,0.0,0.0,0,0,0,0,UNKNOWN
login,2026-09-04 05:01:46.876,55,sa,unknown,SteelNort,"{""event_name"": ""login"", ""timestamp"": ""2026-09-04 05:01:46.876"", ""session_id"": 55, ""login_name"": ""sa"", ""program_name"": ""unknown"", ""database_name"": ""SteelNort""}",0,0.0,0.0,0.0,0.0,0,0,0,0,UNKNOWN
login,2026-09-04 05:01:46.876,56,sa,unknown,SteelNort,"{""event_name"": ""login"", ""timestamp"": ""2026-09-04 05:01:46.876"", ""session_id"": 56, ""login_name"": ""sa"", ""program_name"": ""unknown"", ""database_name"": ""SteelNort""}",0,0.0,0.0,0.0,0.0,0,0,0,0,UNKNOWN
login,2026-09-04 05:01:46.876,57,sa,unknown,SteelNort,"{""event_name"": ""login"", ""timestamp"": ""2026-09-04 05:01:46.876"", ""session_id"": 57, ""login_name"": ""sa"", ""program_name"": ""unknown"", ""database_name"": ""SteelNort""}",0,0.0,0.0,0.0,0.0,0,0,0,0,UNKNOWN
login,2026-09-04 05:01:46.876,58,sa,unknown,SteelNort,"{""event_name"": ""login"", ""timestamp"": ""2026-09-04 05:01:46.876"", ""session_id"": 58, ""login_name"": ""sa"", ""program_name"": ""unknown"", ""database_name"": ""SteelNort""}",0,0.0,0.0,0.0,0.0,0,0,0,0,UNKNOWN
login,2026-09-04 05:01:46.876,59,sa,unknown,SteelNort,"{""event_name"": ""login"", ""timestamp"": ""2026-09-04 05:01:46.876"", ""session_id"": 59, ""login_name"": ""sa"", ""program_name"": ""unknown"", ""database_name"": ""SteelNort""}",0,0.0,0.0,0.0,0.0,0,0,0,0,UNKNOWN
login,2026-09-04 05:01:46.876,60,sa,Microsoft JDBC Driver for SQL Server,SteelNort,"{""event_name"": ""login"", ""timestamp"": ""2026-09-04 05:01:46.876"", ""session_id"": 60, ""login_name"": ""sa"", ""program_name"": ""Microsoft JDBC Driver for SQL Server"", ""database_name"": ""SteelNort""}",0,0.0,0.0,0.0,0.0,0,0,0,0,UNKNOWN
login,2026-09-04 05:01:46.876,61,sa,unknown,SteelNort,"{""event_name"": ""login"", ""timestamp"": ""2026-09-04 05:01:46.876"", ""session_id"": 61, ""login_name"": ""sa"", ""program_name"": ""unknown"", ""database_name"": ""SteelNort""}",0,0.0,0.0,0.0,0.0,0,0,0,0,UNKNOWN
login,2026-09-04 05:01:46.876,62,sa,Microsoft JDBC Driver for SQL Server,SteelNort,"{""event_name"": ""login"", ""timestamp"": ""2026-09-04 05:01:46.876"", ""session_id"": 62, ""login_name"": ""sa"", ""program_name"": ""Microsoft JDBC Driver for SQL Server"", ""database_name"": ""SteelNort""}",0,0.0,0.0,0.0,0.0,0,0,0,0,UNKNOWN
login,2026-09-04 05:01:46.876,63,sa,Microsoft JDBC Driver for SQL Server,SteelNort,"{""event_name"": ""login"", ""timestamp"": ""2026-09-04 05:01:46.876"", ""session_id"": 63, ""login_name"": ""sa"", ""program_name"": ""Microsoft JDBC Driver for SQL Server"", ""database_name"": ""SteelNort""}",0,0.0,0.0,0.0,0.0,0,0,0,0,UNKNOWN
sql_batch_completed,2026-09-04 05:01:46.876,51,0,0,master,"{""event_name"": ""sql_batch_completed"", ""timestamp"": ""2026-09-04 05:01:46.876"", ""database_name"": ""master"", ""session_id"": 51, ""command"": ""TASK MANAGER"", ""duration"": 53931, ""cpu_time"": 0, ""logical_reads"": 0, ""writes"": 0}",TASK MANAGER,53931.0,0.0,0.0,0.0,0,0,0,0,SQL_SERVER_INTERNAL
sql_batch_completed,2026-09-04 05:01:46.876,53,0,0,master,"{""event_name"": ""sql_batch_completed"", ""timestamp"": ""2026-09-04 05:01:46.876"", ""database_name"": ""master"", ""session_id"": 53, ""command"": ""TRACE QUEUE TASK"", ""duration"": 649065, ""cpu_time"": 20, ""logical_reads"": 0, ""writes"": 0, ""wait_type"": ""SQLTRACE_INCREMENTAL_FLUSH_SLEEP""}",TRACE QUEUE TASK,649065.0,20.0,0.0,0.0,SQLTRACE_INCREMENTAL_FLUSH_SLEEP,0,0,0,SQL_SERVER_INTERNAL
sql_batch_completed,2026-09-04 05:01:46.876,54,0,0,SteelNort,"{""event_name"": ""sql_batch_completed"", ""timestamp"": ""2026-09-04 05:01:46.876"", ""database_name"": ""SteelNort"", ""session_id"": 54, ""command"": ""SYSTEM_HEALTH_MONITOR"", ""duration"": 649060, ""cpu_time"": 1, ""logical_reads"": 0, ""writes"": 0, ""wait_type"": ""SP_SERVER_DIAGNOSTICS_SLEEP""}",SYSTEM_HEALTH_MONITOR,649060.0,1.0,0.0,0.0,SP_SERVER_DIAGNOSTICS_SLEEP,0,0,0,SQL_SERVER_INTERNAL
sql_batch_completed,2026-09-04 05:01:46.876,55,0,0,master,"{""event_name"": ""sql_batch_completed"", ""timestamp"": ""2026-09-04 05:01:46.876"", ""database_name"": ""master"", ""session_id"": 55, ""command"": ""BRKR TASK"", ""duration"": 647075, ""cpu_time"": 0, ""logical_reads"": 0, ""writes"": 0, ""wait_type"": ""BROKER_TRANSMITTER""}",BRKR TASK,647075.0,0.0,0.0,0.0,BROKER_TRANSMITTER,0,0,0,SQL_SERVER_INTERNAL
sql_batch_completed,2026-09-04 05:01:46.876,56,0,0,master,"{""event_name"": ""sql_batch_completed"", ""timestamp"": ""2026-09-04 05:01:46.876"", ""database_name"": ""master"", ""session_id"": 56, ""command"": ""CHECKPOINT"", ""duration"": 649009, ""cpu_time"": 0, ""logical_reads"": 0, ""writes"": 6, ""wait_type"": ""CHECKPOINT_QUEUE""}",CHECKPOINT,649009.0,0.0,0.0,6.0,CHECKPOINT_QUEUE,0,0,0,SQL_SERVER_INTERNAL
sql_batch_completed,2026-09-04 05:01:46.876,57,0,0,master,"{""event_name"": ""sql_batch_completed"", ""timestamp"": ""2026-09-04 05:01:46.876"", ""database_name"": ""master"", ""session_id"": 57, ""command"": ""TASK MANAGER"", ""duration"": 649010, ""cpu_time"": 0, ""logical_reads"": 0, ""writes"": 0, ""wait_type"": ""ONDEMAND_TASK_QUEUE""}",TASK MANAGER,649010.0,0.0,0.0,0.0,ONDEMAND_TASK_QUEUE,0,0,0,SQL_SERVER_INTERNAL
sql_batch_completed,2026-09-04 05:01:46.876,58,0,0,master,"{""event_name"": ""sql_batch_completed"", ""timestamp"": ""2026-09-04 05:01:46.876"", ""database_name"": ""master"", ""session_id"": 58, ""command"": ""BRKR TASK"", ""duration"": 647078, ""cpu_time"": 75, ""logical_reads"": 0, ""writes"": 0, ""wait_type"": ""BROKER_TO_FLUSH""}",BRKR TASK,647078.0,75.0,0.0,0.0,BROKER_TO_FLUSH,0,0,0,SQL_SERVER_INTERNAL
sql_batch_completed,2026-09-04 05:01:46.876,59,0,0,master,"{""event_name"": ""sql_batch_completed"", ""timestamp"": ""2026-09-04 05:01:46.876"", ""database_name"": ""master"", ""session_id"": 59, ""command"": ""BRKR TASK"", ""duration"": 647080, ""cpu_time"": 227, ""logical_reads"": 0, ""writes"": 0, ""wait_type"": ""HADR_FILESTREAM_IOMGR_IOCOMPLETION""}",BRKR TASK,647080.0,227.0,0.0,0.0,HADR_FILESTREAM_IOMGR_IOCOMPLETION,0,0,0,SQL_SERVER_INTERNAL
sql_batch_completed,2026-09-04 05:01:46.876,61,0,0,SteelNort,"{""event_name"": ""sql_batch_completed"", ""timestamp"": ""2026-09-04 05:01:46.876"", ""database_name"": ""SteelNort"", ""session_id"": 61, ""command"": ""HADR_AR_MGR_NOTIFICATION_WORKER"", ""duration"": 648994, ""cpu_time"": 0, ""logical_reads"": 0, ""writes"": 0, ""wait_type"": ""HADR_NOTIFICATION_DEQUEUE""}",HADR_AR_MGR_NOTIFICATION_WORKER,648994.0,0.0,0.0,0.0,HADR_NOTIFICATION_DEQUEUE,0,0,0,SQL_SERVER_INTERNAL
sql_batch_completed,2026-09-04 05:01:46.876,71,0,0,master,"{""event_name"": ""sql_batch_completed"", ""timestamp"": ""2026-09-04 05:01:46.876"", ""database_name"": ""master"", ""session_id"": 71, ""command"": ""TASK MANAGER"", ""duration"": 53942, ""cpu_time"": 0, ""logical_reads"": 0, ""writes"": 0}",TASK MANAGER,53942.0,0.0,0.0,0.0,0,0,0,0,SQL_SERVER_INTERNAL
sql_batch_completed,2026-09-04 05:01:46.876,72,0,0,master,"{""event_name"": ""sql_batch_completed"", ""timestamp"": ""2026-09-04 05:01:46.876"", ""database_name"": ""master"", ""session_id"": 72, ""command"": ""TASK MANAGER"", ""duration"": 53943, ""cpu_time"": 0, ""logical_reads"": 0, ""writes"": 0}",TASK MANAGER,53943.0,0.0,0.0,0.0,0,0,0,0,SQL_SERVER_INTERNAL
sql_batch_completed,2026-09-04 05:01:46.876,73,0,0,master,"{""event_name"": ""sql_batch_completed"", ""timestamp"": ""2026-09-04 05:01:46.876"", ""database_name"": ""master"", ""session_id"": 73, ""command"": ""TASK MANAGER"", ""duration"": 53944, ""cpu_time"": 0, ""logical_reads"": 0, ""writes"": 0}",TASK MANAGER,53944.0,0.0,0.0,0.0,0,0,0,0,SQL_SERVER_INTERNAL
sql_batch_completed,2026-09-04 05:01:46.876,74,0,0,master,"{""event_name"": ""sql_batch_completed"", ""timestamp"": ""2026-09-04 05:01:46.876"", ""database_name"": ""master"", ""session_id"": 74, ""command"": ""TASK MANAGER"", ""duration"": 53945, ""cpu_time"": 0, ""logical_reads"": 0, ""writes"": 0}",TASK MANAGER,53945.0,0.0,0.0,0.0,0,0,0,0,SQL_SERVER_INTERNAL
sql_batch_completed,2026-09-04 05:01:46.876,75,0,0,master,"{""event_name"": ""sql_batch_completed"", ""timestamp"": ""2026-09-04 05:01:46.876"", ""database_name"": ""master"", ""session_id"": 75, ""command"": ""TASK MANAGER"", ""duration"": 53946, ""cpu_time"": 0, ""logical_reads"": 0, ""writes"": 0}",TASK MANAGER,53946.0,0.0,0.0,0.0,0,0,0,0,SQL_SERVER_INTERNAL
sql_batch_completed,2026-09-04 05:01:46.876,76,0,0,master,"{""event_name"": ""sql_batch_completed"", ""timestamp"": ""2026-09-04 05:01:46.876"", ""database_name"": ""master"", ""session_id"": 76, ""command"": ""TASK MANAGER"", ""duration"": 53943, ""cpu_time"": 0, ""logical_reads"": 0, ""writes"": 0}",TASK MANAGER,53943.0,0.0,0.0,0.0,0,0,0,0,SQL_SERVER_INTERNAL
sql_batch_completed,2026-09-04 05:01:46.876,77,0,0,SteelNort,"{""event_name"": ""sql_batch_completed"", ""timestamp"": ""2026-09-04 05:01:46.876"", ""database_name"": ""SteelNort"", ""session_id"": 77, ""command"": ""EXECUTE"", ""duration"": 72, ""cpu_time"": 51, ""logical_reads"": 0, ""writes"": 0, ""wait_type"": ""MSQL_XP""}",EXECUTE,72.0,51.0,0.0,0.0,MSQL_XP,0,0,0,USER
sql_batch_completed,2026-09-04 05:01:46.876,79,0,0,SteelNort,"{""event_name"": ""sql_batch_completed"", ""timestamp"": ""2026-09-04 05:01:46.876"", ""database_name"": ""SteelNort"", ""session_id"": 79, ""command"": ""SELECT"", ""duration"": 23, ""cpu_time"": 0, ""logical_reads"": 0, ""writes"": 0}",SELECT,23.0,0.0,0.0,0.0,0,0,0,0,USER
lock_acquired,2026-09-04 05:01:46.876,63,0,0,0,"{""event_name"": ""lock_acquired"", ""timestamp"": ""2026-09-04 05:01:46.876"", ""session_id"": 63, ""resource_type"": ""DATABASE"", ""mode"": ""S""}",0,0.0,0.0,0.0,0.0,0,DATABASE,S,0,UNKNOWN
lock_acquired,2026-09-04 05:01:46.876,60,0,0,0,"{""event_name"": ""lock_acquired"", ""timestamp"": ""2026-09-04 05:01:46.876"", ""session_id"": 60, ""resource_type"": ""DATABASE"", ""mode"": ""S""}",0,0.0,0.0,0.0,0.0,0,DATABASE,S,0,UNKNOWN
lock_acquired,2026-09-04 05:01:46.876,79,0,0,0,"{""event_name"": ""lock_acquired"", ""timestamp"": ""2026-09-04 05:01:46.876"", ""session_id"": 79, ""resource_type"": ""DATABASE"", ""mode"": ""S""}",0,0.0,0.0,0.0,0.0,0,DATABASE,S,0,UNKNOWN
lock_acquired,2026-09-04 05:01:46.876,64,0,0,0,"{""event_name"": ""lock_acquired"", ""timestamp"": ""2026-09-04 05:01:46.876"", ""session_id"": 64, ""resource_type"": ""DATABASE"", ""mode"": ""S""}",0,0.0,0.0,0.0,0.0,0,DATABASE,S,0,UNKNOWN
lock_acquired,2026-09-04 05:01:46.876,78,0,0,0,"{""event_name"": ""lock_acquired"", ""timestamp"": ""2026-09-04 05:01:46.876"", ""session_id"": 78, ""resource_type"": ""OBJECT"", ""mode"": ""Sch-S""}",0,0.0,0.0,0.0,0.0,0,OBJECT,Sch-S,0,UNKNOWN
lock_acquired,2026-09-04 05:01:46.876,52,0,0,0,"{""event_name"": ""lock_acquired"", ""timestamp"": ""2026-09-04 05:01:46.876"", ""session_id"": 52, ""resource_type"": ""DATABASE"", ""mode"": ""S""}",0,0.0,0.0,0.0,0.0,0,DATABASE,S,0,UNKNOWN
lock_acquired,2026-09-04 05:01:46.876,67,0,0,0,"{""event_name"": ""lock_acquired"", ""timestamp"": ""2026-09-04 05:01:46.876"", ""session_id"": 67, ""resource_type"": ""DATABASE"", ""mode"": ""S""}",0,0.0,0.0,0.0,0.0,0,DATABASE,S,0,UNKNOWN
lock_acquired,2026-09-04 05:01:46.876,78,0,0,0,"{""event_name"": ""lock_acquired"", ""timestamp"": ""2026-09-04 05:01:46.876"", ""session_id"": 78, ""resource_type"": ""DATABASE"", ""mode"": ""S""}",0,0.0,0.0,0.0,0.0,0,DATABASE,S,0,UNKNOWN
lock_acquired,2026-09-04 05:01:46.876,68,0,0,0,"{""event_name"": ""lock_acquired"", ""timestamp"": ""2026-09-04 05:01:46.876"", ""session_id"": 68, ""resource_type"": ""DATABASE"", ""mode"": ""S""}",0,0.0,0.0,0.0,0.0,0,DATABASE,S,0,UNKNOWN
lock_acquired,2026-09-04 05:01:46.876,65,0,0,0,"{""event_name"": ""lock_acquired"", ""timestamp"": ""2026-09-04 05:01:46.876"", ""session_id"": 65, ""resource_type"": ""DATABASE"", ""mode"": ""S""}",0,0.0,0.0,0.0,0.0,0,DATABASE,S,0,UNKNOWN
lock_acquired,2026-09-04 05:01:46.876,62,0,0,0,"{""event_name"": ""lock_acquired"", ""timestamp"": ""2026-09-04 05:01:46.876"", ""session_id"": 62, ""resource_type"": ""DATABASE"", ""mode"": ""S""}",0,0.0,0.0,0.0,0.0,0,DATABASE,S,0,UNKNOWN
lock_acquired,2026-09-04 05:01:46.876,77,0,0,0,"{""event_name"": ""lock_acquired"", ""timestamp"": ""2026-09-04 05:01:46.876"", ""session_id"": 77, ""resource_type"": ""DATABASE"", ""mode"": ""S""}",0,0.0,0.0,0.0,0.0,0,DATABASE,S,0,UNKNOWN
lock_acquired,2026-09-04 05:01:46.876,69,0,0,0,"{""event_name"": ""lock_acquired"", ""timestamp"": ""2026-09-04 05:01:46.876"", ""session_id"": 69, ""resource_type"": ""DATABASE"", ""mode"": ""S""}",0,0.0,0.0,0.0,0.0,0,DATABASE,S,0,UNKNOWN
lock_acquired,2026-09-04 05:01:46.876,66,0,0,0,"{""event_name"": ""lock_acquired"", ""timestamp"": ""2026-09-04 05:01:46.876"", ""session_id"": 66, ""resource_type"": ""DATABASE"", ""mode"": ""S""}",0,0.0,0.0,0.0,0.0,0,DATABASE,S,0,UNKNOWN
wait_info,2026-09-04 05:01:51.972,58,0,0,master,"{""event_name"": ""wait_info"", ""timestamp"": ""2026-09-04 05:01:51.972"", ""session_id"": 58, ""wait_type"": ""SLEEP_TASK"", ""database_name"": ""master""}",0,0.0,0.0,0.0,0.0,SLEEP_TASK,0,0,0,UNKNOWN
sql_batch_completed,2026-09-04 05:01:51.972,77,0,0,SteelNort,"{""event_name"": ""sql_batch_completed"", ""timestamp"": ""2026-09-04 05:01:51.972"", ""database_name"": ""SteelNort"", ""session_id"": 77, ""command"": ""EXECUTE"", ""duration"": 5113, ""cpu_time"": 51, ""logical_reads"": 0, ""writes"": 0, ""status"": ""completed""}",EXECUTE,5113.0,51.0,0.0,0.0,0,0,0,completed,USER
lock_released,2026-09-04 05:01:51.972,78,0,0,0,"{""event_name"": ""lock_released"", ""timestamp"": ""2026-09-04 05:01:51.972"", ""session_id"": 78, ""resource_type"": ""OBJECT"", ""mode"": ""Sch-S""}",0,0.0,0.0,0.0,0.0,0,OBJECT,Sch-S,0,UNKNOWN
wait_info,2026-09-04 05:01:56.998,58,0,0,master,"{""event_name"": ""wait_info"", ""timestamp"": ""2026-09-04 05:01:56.998"", ""session_id"": 58, ""wait_type"": ""BROKER_TO_FLUSH"", ""database_name"": ""master""}",0,0.0,0.0,0.0,0.0,BROKER_TO_FLUSH,0,0,0,UNKNOWN
wait_info,2026-09-04 05:02:02.018,58,0,0,master,"{""event_name"": ""wait_info"", ""timestamp"": ""2026-09-04 05:02:02.018"", ""session_id"": 58, ""wait_type"": ""SLEEP_TASK"", ""database_name"": ""master""}",0,0.0,0.0,0.0,0.0,SLEEP_TASK,0,0,0,UNKNOWN
sql_batch_completed,2026-09-04 05:02:02.018,63,0,0,SteelNort,"{""event_name"": ""sql_batch_completed"", ""timestamp"": ""2026-09-04 05:02:02.018"", ""database_name"": ""SteelNort"", ""session_id"": 63, ""command"": ""EXECUTE"", ""duration"": 8, ""cpu_time"": 0, ""logical_reads"": 0, ""writes"": 0}",EXECUTE,8.0,0.0,0.0,0.0,0,0,0,0,USER
sql_batch_completed,2026-09-04 05:02:07.047,63,0,0,SteelNort,"{""event_name"": ""sql_batch_completed"", ""timestamp"": ""2026-09-04 05:02:07.047"", ""database_name"": ""SteelNort"", ""session_id"": 63, ""command"": ""EXECUTE"", ""duration"": 5035, ""cpu_time"": 0, ""logical_reads"": 0, ""writes"": 0, ""status"": ""completed""}",EXECUTE,5035.0,0.0,0.0,0.0,0,0,0,completed,USER
wait_info,2026-09-04 05:02:12.068,58,0,0,master,"{""event_name"": ""wait_info"", ""timestamp"": ""2026-09-04 05:02:12.068"", ""session_id"": 58, ""wait_type"": ""BROKER_TO_FLUSH"", ""database_name"": ""master""}",0,0.0,0.0,0.0,0.0,BROKER_TO_FLUSH,0,0,0,UNKNOWN
wait_info,2026-09-04 05:02:17.086,58,0,0,master,"{""event_name"": ""wait_info"", ""timestamp"": ""2026-09-04 05:02:17.086"", ""session_id"": 58, ""wait_type"": ""SLEEP_TASK"", ""database_name"": ""master""}",0,0.0,0.0,0.0,0.0,SLEEP_TASK,0,0,0,UNKNOWN
wait_info,2026-09-04 05:02:22.109,58,0,0,master,"{""event_name"": ""wait_info"", ""timestamp"": ""2026-09-04 05:02:22.109"", ""session_id"": 58, ""wait_type"": ""BROKER_TO_FLUSH"", ""database_name"": ""master""}",0,0.0,0.0,0.0,0.0,BROKER_TO_FLUSH,0,0,0,UNKNOWN
wait_info,2026-09-04 05:02:27.145,58,0,0,master,"{""event_name"": ""wait_info"", ""timestamp"": ""2026-09-04 05:02:27.145"", ""session_id"": 58, ""wait_type"": ""SLEEP_TASK"", ""database_name"": ""master""}",0,0.0,0.0,0.0,0.0,SLEEP_TASK,0,0,0,UNKNOWN
sql_batch_completed,2026-09-04 05:02:27.145,60,0,0,SteelNort,"{""event_name"": ""sql_batch_completed"", ""timestamp"": ""2026-09-04 05:02:27.145"", ""database_name"": ""SteelNort"", ""session_id"": 60, ""command"": ""AWAITING COMMAND"", ""duration"": 8, ""cpu_time"": 0, ""logical_reads"": 0, ""writes"": 0}",AWAITING COMMAND,8.0,0.0,0.0,0.0,0,0,0,0,UNKNOWN
sql_batch_completed,2026-09-04 05:02:27.145,68,0,0,SteelNort,"{""event_name"": ""sql_batch_completed"", ""timestamp"": ""2026-09-04 05:02:27.145"", ""database_name"": ""SteelNort"", ""session_id"": 68, ""command"": ""EXECUTE"", ""duration"": 9, ""cpu_time"": 1, ""logical_reads"": 0, ""writes"": 0}",EXECUTE,9.0,1.0,0.0,0.0,0,0,0,0,USER
wait_info,2026-09-04 05:02:32.178,58,0,0,master,"{""event_name"": ""wait_info"", ""timestamp"": ""2026-09-04 05:02:32.178"", ""session_id"": 58, ""wait_type"": ""BROKER_TO_FLUSH"", ""database_name"": ""master""}",0,0.0,0.0,0.0,0.0,BROKER_TO_FLUSH,0,0,0,UNKNOWN
sql_batch_completed,2026-09-04 05:02:32.178,60,0,0,SteelNort,"{""event_name"": ""sql_batch_completed"", ""timestamp"": ""2026-09-04 05:02:32.178"", ""database_name"": ""SteelNort"", ""session_id"": 60, ""command"": ""AWAITING COMMAND"", ""duration"": 5051, ""cpu_time"": 0, ""logical_reads"": 0, ""writes"": 0, ""status"": ""completed""}",AWAITING COMMAND,5051.0,0.0,0.0,0.0,0,0,0,completed,UNKNOWN
lock_acquired,2026-09-04 05:02:32.178,68,0,0,0,"{""event_name"": ""lock_acquired"", ""timestamp"": ""2026-09-04 05:02:32.178"", ""session_id"": 68, ""resource_type"": ""PAGE"", ""mode"": ""IX""}",0,0.0,0.0,0.0,0.0,0,PAGE,IX,0,UNKNOWN
lock_acquired,2026-09-04 05:02:32.178,68,0,0,0,"{""event_name"": ""lock_acquired"", ""timestamp"": ""2026-09-04 05:02:32.178"", ""session_id"": 68, ""resource_type"": ""OBJECT"", ""mode"": ""IX""}",0,0.0,0.0,0.0,0.0,0,OBJECT,IX,0,UNKNOWN
lock_acquired,2026-09-04 05:02:32.178,68,0,0,0,"{""event_name"": ""lock_acquired"", ""timestamp"": ""2026-09-04 05:02:32.178"", ""session_id"": 68, ""resource_type"": ""RID"", ""mode"": ""X""}",0,0.0,0.0,0.0,0.0,0,RID,X,0,UNKNOWN
lock_acquired,2026-09-04 05:02:32.178,68,0,0,0,"{""event_name"": ""lock_acquired"", ""timestamp"": ""2026-09-04 05:02:32.178"", ""session_id"": 68, ""resource_type"": ""KEY"", ""mode"": ""X""}",0,0.0,0.0,0.0,0.0,0,KEY,X,0,UNKNOWN
wait_info,2026-09-04 05:02:37.223,58,0,0,master,"{""event_name"": ""wait_info"", ""timestamp"": ""2026-09-04 05:02:37.223"", ""session_id"": 58, ""wait_type"": ""SLEEP_TASK"", ""database_name"": ""master""}",0,0.0,0.0,0.0,0.0,SLEEP_TASK,0,0,0,UNKNOWN
sql_batch_completed,2026-09-04 05:02:37.223,68,0,0,SteelNort,"{""event_name"": ""sql_batch_completed"", ""timestamp"": ""2026-09-04 05:02:37.223"", ""database_name"": ""SteelNort"", ""session_id"": 68, ""command"": ""AWAITING COMMAND"", ""duration"": 5042, ""cpu_time"": 0, ""logical_reads"": 0, ""writes"": 0, ""status"": ""completed""}",AWAITING COMMAND,5042.0,0.0,0.0,0.0,0,0,0,completed,UNKNOWN
lock_released,2026-09-04 05:02:37.223,68,0,0,0,"{""event_name"": ""lock_released"", ""timestamp"": ""2026-09-04 05:02:37.223"", ""session_id"": 68, ""resource_type"": ""PAGE"", ""mode"": ""IX""}",0,0.0,0.0,0.0,0.0,0,PAGE,IX,0,UNKNOWN
lock_released,2026-09-04 05:02:37.223,68,0,0,0,"{""event_name"": ""lock_released"", ""timestamp"": ""2026-09-04 05:02:37.223"", ""session_id"": 68, ""resource_type"": ""OBJECT"", ""mode"": ""IX""}",0,0.0,0.0,0.0,0.0,0,OBJECT,IX,0,UNKNOWN
lock_released,2026-09-04 05:02:37.223,68,0,0,0,"{""event_name"": ""lock_released"", ""timestamp"": ""2026-09-04 05:02:37.223"", ""session_id"": 68, ""resource_type"": ""RID"", ""mode"": ""X""}",0,0.0,0.0,0.0,0.0,0,RID,X,0,UNKNOWN
lock_released,2026-09-04 05:02:37.223,68,0,0,0,"{""event_name"": ""lock_released"", ""timestamp"": ""2026-09-04 05:02:37.223"", ""session_id"": 68, ""resource_type"": ""KEY"", ""mode"": ""X""}",0,0.0,0.0,0.0,0.0,0,KEY,X,0,UNKNOWN
wait_info,2026-09-04 05:02:42.251,58,0,0,master,"{""event_name"": ""wait_info"", ""timestamp"": ""2026-09-04 05:02:42.251"", ""session_id"": 58, ""wait_type"": ""BROKER_TO_FLUSH"", ""database_name"": ""master""}",0,0.0,0.0,0.0,0.0,BROKER_TO_FLUSH,0,0,0,UNKNOWN
wait_info,2026-09-04 05:02:47.273,58,0,0,master,"{""event_name"": ""wait_info"", ""timestamp"": ""2026-09-04 05:02:47.273"", ""session_id"": 58, ""wait_type"": ""SLEEP_TASK"", ""database_name"": ""master""}",0,0.0,0.0,0.0,0.0,SLEEP_TASK,0,0,0,UNKNOWN
sql_batch_completed,2026-09-04 05:02:47.273,65,0,0,SteelNort,"{""event_name"": ""sql_batch_completed"", ""timestamp"": ""2026-09-04 05:02:47.273"", ""database_name"": ""SteelNort"", ""session_id"": 65, ""command"": ""SELECT"", ""duration"": 6, ""cpu_time"": 0, ""logical_reads"": 0, ""writes"": 0}",SELECT,6.0,0.0,0.0,0.0,0,0,0,0,USER
login,2026-09-04 05:02:52.300,80,795ec2146175\Administrator,Microsoft SQL Server,SteelNort,"{""event_name"": ""login"", ""timestamp"": ""2026-09-04 05:02:52.300"", ""session_id"": 80, ""login_name"": ""795ec2146175\\Administrator"", ""program_name"": ""Microsoft SQL Server"", ""database_name"": ""SteelNort""}",0,0.0,0.0,0.0,0.0,0,0,0,0,UNKNOWN
wait_info,2026-09-04 05:02:52.300,58,0,0,master,"{""event_name"": ""wait_info"", ""timestamp"": ""2026-09-04 05:02:52.300"", ""session_id"": 58, ""wait_type"": ""BROKER_TO_FLUSH"", ""database_name"": ""master""}",0,0.0,0.0,0.0,0.0,BROKER_TO_FLUSH,0,0,0,UNKNOWN
sql_batch_completed,2026-09-04 05:02:52.300,60,0,0,SteelNort,"{""event_name"": ""sql_batch_completed"", ""timestamp"": ""2026-09-04 05:02:52.300"", ""database_name"": ""SteelNort"", ""session_id"": 60, ""command"": ""AWAITING COMMAND"", ""duration"": 9, ""cpu_time"": 0, ""logical_reads"": 0, ""writes"": 0}",AWAITING COMMAND,9.0,0.0,0.0,0.0,0,0,0,0,UNKNOWN
sql_batch_completed,2026-09-04 05:02:52.300,66,0,0,SteelNort,"{""event_name"": ""sql_batch_completed"", ""timestamp"": ""2026-09-04 05:02:52.300"", ""database_name"": ""SteelNort"", ""session_id"": 66, ""command"": ""AWAITING COMMAND"", ""duration"": 10, ""cpu_time"": 1, ""logical_reads"": 0, ""writes"": 0}",AWAITING COMMAND,10.0,1.0,0.0,0.0,0,0,0,0,UNKNOWN
sql_batch_completed,2026-09-04 05:02:52.300,77,0,0,SteelNort,"{""event_name"": ""sql_batch_completed"", ""timestamp"": ""2026-09-04 05:02:52.300"", ""database_name"": ""SteelNort"", ""session_id"": 77, ""command"": ""EXECUTE"", ""duration"": 344, ""cpu_time"": 134, ""logical_reads"": 0, ""writes"": 0, ""wait_type"": ""MSQL_XP""}",EXECUTE,344.0,134.0,0.0,0.0,MSQL_XP,0,0,0,USER
sql_batch_completed,2026-09-04 05:02:52.300,65,0,0,SteelNort,"{""event_name"": ""sql_batch_completed"", ""timestamp"": ""2026-09-04 05:02:52.300"", ""database_name"": ""SteelNort"", ""session_id"": 65, ""command"": ""SELECT"", ""duration"": 5035, ""cpu_time"": 0, ""logical_reads"": 0, ""writes"": 0, ""status"": ""completed""}",SELECT,5035.0,0.0,0.0,0.0,0,0,0,completed,USER
logout,2026-09-04 05:02:57.328,80,0,0,0,"{""event_name"": ""logout"", ""timestamp"": ""2026-09-04 05:02:57.328"", ""session_id"": 80}",0,0.0,0.0,0.0,0.0,0,0,0,0,UNKNOWN
wait_info,2026-09-04 05:02:57.328,58,0,0,master,"{""event_name"": ""wait_info"", ""timestamp"": ""2026-09-04 05:02:57.328"", ""session_id"": 58, ""wait_type"": ""SLEEP_TASK"", ""database_name"": ""master""}",0,0.0,0.0,0.0,0.0,SLEEP_TASK,0,0,0,UNKNOWN
sql_batch_completed,2026-09-04 05:02:57.328,62,0,0,SteelNort,"{""event_name"": ""sql_batch_completed"", ""timestamp"": ""2026-09-04 05:02:57.328"", ""database_name"": ""SteelNort"", ""session_id"": 62, ""command"": ""EXECUTE"", ""duration"": 7, ""cpu_time"": 0, ""logical_reads"": 0, ""writes"": 0}",EXECUTE,7.0,0.0,0.0,0.0,0,0,0,0,USER
sql_batch_completed,2026-09-04 05:02:57.328,66,0,0,SteelNort,"{""event_name"": ""sql_batch_completed"", ""timestamp"": ""2026-09-04 05:02:57.328"", ""database_name"": ""SteelNort"", ""session_id"": 66, ""command"": ""AWAITING COMMAND"", ""duration"": 5035, ""cpu_time"": 1, ""logical_reads"": 0, ""writes"": 0, ""status"": ""completed""}",AWAITING COMMAND,5035.0,1.0,0.0,0.0,0,0,0,completed,UNKNOWN
sql_batch_completed,2026-09-04 05:02:57.328,60,0,0,SteelNort,"{""event_name"": ""sql_batch_completed"", ""timestamp"": ""2026-09-04 05:02:57.328"", ""database_name"": ""SteelNort"", ""session_id"": 60, ""command"": ""AWAITING COMMAND"", ""duration"": 5036, ""cpu_time"": 0, ""logical_reads"": 0, ""writes"": 0, ""status"": ""completed""}",AWAITING COMMAND,5036.0,0.0,0.0,0.0,0,0,0,completed,UNKNOWN
sql_batch_completed,2026-09-04 05:02:57.328,77,0,0,SteelNort,"{""event_name"": ""sql_batch_completed"", ""timestamp"": ""2026-09-04 05:02:57.328"", ""database_name"": ""SteelNort"", ""session_id"": 77, ""command"": ""EXECUTE"", ""duration"": 5370, ""cpu_time"": 134, ""logical_reads"": 0, ""writes"": 0, ""status"": ""completed""}",EXECUTE,5370.0,134.0,0.0,0.0,0,0,0,completed,USER
sql_batch_completed,2026-09-04 05:03:02.351,62,0,0,SteelNort,"{""event_name"": ""sql_batch_completed"", ""timestamp"": ""2026-09-04 05:03:02.351"", ""database_name"": ""SteelNort"", ""session_id"": 62, ""command"": ""EXECUTE"", ""duration"": 5027, ""cpu_time"": 0, ""logical_reads"": 0, ""writes"": 0, ""status"": ""completed""}",EXECUTE,5027.0,0.0,0.0,0.0,0,0,0,completed,USER
wait_info,2026-09-04 05:03:07.369,58,0,0,master,"{""event_name"": ""wait_info"", ""timestamp"": ""2026-09-04 05:03:07.369"", ""session_id"": 58, ""wait_type"": ""BROKER_TO_FLUSH"", ""database_name"": ""master""}",0,0.0,0.0,0.0,0.0,BROKER_TO_FLUSH,0,0,0,UNKNOWN
login,2026-09-04 05:03:12.397,80,sa,unknown,SteelNort,"{""event_name"": ""login"", ""timestamp"": ""2026-09-04 05:03:12.397"", ""session_id"": 80, ""login_name"": ""sa"", ""program_name"": ""unknown"", ""database_name"": ""SteelNort""}",0,0.0,0.0,0.0,0.0,0,0,0,0,UNKNOWN
wait_info,2026-09-04 05:03:12.397,58,0,0,master,"{""event_name"": ""wait_info"", ""timestamp"": ""2026-09-04 05:03:12.397"", ""session_id"": 58, ""wait_type"": ""SLEEP_TASK"", ""database_name"": ""master""}",0,0.0,0.0,0.0,0.0,SLEEP_TASK,0,0,0,UNKNOWN
sql_batch_completed,2026-09-04 05:03:12.397,80,0,0,master,"{""event_name"": ""sql_batch_completed"", ""timestamp"": ""2026-09-04 05:03:12.397"", ""database_name"": ""master"", ""session_id"": 80, ""command"": ""BRKR TASK"", ""duration"": 3113, ""cpu_time"": 0, ""logical_reads"": 0, ""writes"": 0, ""wait_type"": ""BROKER_TASK_STOP""}",BRKR TASK,3113.0,0.0,0.0,0.0,BROKER_TASK_STOP,0,0,0,SQL_SERVER_INTERNAL
lock_acquired,2026-09-04 05:03:12.397,60,0,0,0,"{""event_name"": ""lock_acquired"", ""timestamp"": ""2026-09-04 05:03:12.397"", ""session_id"": 60, ""resource_type"": ""OBJECT"", ""mode"": ""IX""}",0,0.0,0.0,0.0,0.0,0,OBJECT,IX,0,UNKNOWN
lock_acquired,2026-09-04 05:03:12.397,60,0,0,0,"{""event_name"": ""lock_acquired"", ""timestamp"": ""2026-09-04 05:03:12.397"", ""session_id"": 60, ""resource_type"": ""RID"", ""mode"": ""X""}",0,0.0,0.0,0.0,0.0,0,RID,X,0,UNKNOWN
lock_acquired,2026-09-04 05:03:12.397,60,0,0,0,"{""event_name"": ""lock_acquired"", ""timestamp"": ""2026-09-04 05:03:12.397"", ""session_id"": 60, ""resource_type"": ""KEY"", ""mode"": ""X""}",0,0.0,0.0,0.0,0.0,0,KEY,X,0,UNKNOWN
lock_acquired,2026-09-04 05:03:12.397,60,0,0,0,"{""event_name"": ""lock_acquired"", ""timestamp"": ""2026-09-04 05:03:12.397"", ""session_id"": 60, ""resource_type"": ""PAGE"", ""mode"": ""IX""}",0,0.0,0.0,0.0,0.0,0,PAGE,IX,0,UNKNOWN
login,2026-09-04 05:03:17.424,81,795ec2146175\Administrator,Microsoft SQL Server,SteelNort,"{""event_name"": ""login"", ""timestamp"": ""2026-09-04 05:03:17.424"", ""session_id"": 81, ""login_name"": ""795ec2146175\\Administrator"", ""program_name"": ""Microsoft SQL Server"", ""database_name"": ""SteelNort""}",0,0.0,0.0,0.0,0.0,0,0,0,0,UNKNOWN
wait_info,2026-09-04 05:03:17.424,58,0,0,master,"{""event_name"": ""wait_info"", ""timestamp"": ""2026-09-04 05:03:17.424"", ""session_id"": 58, ""wait_type"": ""BROKER_TO_FLUSH"", ""database_name"": ""master""}",0,0.0,0.0,0.0,0.0,BROKER_TO_FLUSH,0,0,0,UNKNOWN
sql_batch_completed,2026-09-04 05:03:17.424,77,0,0,SteelNort,"{""event_name"": ""sql_batch_completed"", ""timestamp"": ""2026-09-04 05:03:17.424"", ""database_name"": ""SteelNort"", ""session_id"": 77, ""command"": ""EXECUTE"", ""duration"": 232, ""cpu_time"": 131, ""logical_reads"": 0, ""writes"": 0, ""wait_type"": ""MSQL_XP""}",EXECUTE,232.0,131.0,0.0,0.0,MSQL_XP,0,0,0,USER
lock_released,2026-09-04 05:03:17.424,60,0,0,0,"{""event_name"": ""lock_released"", ""timestamp"": ""2026-09-04 05:03:17.424"", ""session_id"": 60, ""resource_type"": ""OBJECT"", ""mode"": ""IX""}",0,0.0,0.0,0.0,0.0,0,OBJECT,IX,0,UNKNOWN
lock_released,2026-09-04 05:03:17.424,60,0,0,0,"{""event_name"": ""lock_released"", ""timestamp"": ""2026-09-04 05:03:17.424"", ""session_id"": 60, ""resource_type"": ""RID"", ""mode"": ""X""}",0,0.0,0.0,0.0,0.0,0,RID,X,0,UNKNOWN
lock_released,2026-09-04 05:03:17.424,60,0,0,0,"{""event_name"": ""lock_released"", ""timestamp"": ""2026-09-04 05:03:17.424"", ""session_id"": 60, ""resource_type"": ""KEY"", ""mode"": ""X""}",0,0.0,0.0,0.0,0.0,0,KEY,X,0,UNKNOWN
lock_released,2026-09-04 05:03:17.424,60,0,0,0,"{""event_name"": ""lock_released"", ""timestamp"": ""2026-09-04 05:03:17.424"", ""session_id"": 60, ""resource_type"": ""PAGE"", ""mode"": ""IX""}",0,0.0,0.0,0.0,0.0,0,PAGE,IX,0,UNKNOWN
logout,2026-09-04 05:03:22.464,80,0,0,0,"{""event_name"": ""logout"", ""timestamp"": ""2026-09-04 05:03:22.464"", ""session_id"": 80}",0,0.0,0.0,0.0,0.0,0,0,0,0,UNKNOWN
logout,2026-09-04 05:03:22.464,81,0,0,0,"{""event_name"": ""logout"", ""timestamp"": ""2026-09-04 05:03:22.464"", ""session_id"": 81}",0,0.0,0.0,0.0,0.0,0,0,0,0,UNKNOWN
wait_info,2026-09-04 05:03:22.464,58,0,0,master,"{""event_name"": ""wait_info"", ""timestamp"": ""2026-09-04 05:03:22.464"", ""session_id"": 58, ""wait_type"": ""SLEEP_TASK"", ""database_name"": ""master""}",0,0.0,0.0,0.0,0.0,SLEEP_TASK,0,0,0,UNKNOWN
sql_batch_completed,2026-09-04 05:03:22.464,80,0,0,master,"{""event_name"": ""sql_batch_completed"", ""timestamp"": ""2026-09-04 05:03:22.464"", ""database_name"": ""master"", ""session_id"": 80, ""command"": ""BRKR TASK"", ""duration"": 13183, ""cpu_time"": 0, ""logical_reads"": 0, ""writes"": 0, ""status"": ""completed""}",BRKR TASK,13183.0,0.0,0.0,0.0,0,0,0,completed,SQL_SERVER_INTERNAL
sql_batch_completed,2026-09-04 05:03:22.464,77,0,0,SteelNort,"{""event_name"": ""sql_batch_completed"", ""timestamp"": ""2026-09-04 05:03:22.464"", ""database_name"": ""SteelNort"", ""session_id"": 77, ""command"": ""EXECUTE"", ""duration"": 5270, ""cpu_time"": 131, ""logical_reads"": 0, ""writes"": 0, ""status"": ""completed""}",EXECUTE,5270.0,131.0,0.0,0.0,0,0,0,completed,USER
sql_batch_completed,2026-09-04 05:03:27.491,52,0,0,SteelNort,"{""event_name"": ""sql_batch_completed"", ""timestamp"": ""2026-09-04 05:03:27.491"", ""database_name"": ""SteelNort"", ""session_id"": 52, ""command"": ""EXECUTE"", ""duration"": 8, ""cpu_time"": 0, ""logical_reads"": 0, ""writes"": 0}",EXECUTE,8.0,0.0,0.0,0.0,0,0,0,0,USER
wait_info,2026-09-04 05:03:27.491,58,0,0,master,"{""event_name"": ""wait_info"", ""timestamp"": ""2026-09-04 05:03:27.491"", ""session_id"": 58, ""wait_type"": ""BROKER_TO_FLUSH"", ""database_name"": ""master""}",0,0.0,0.0,0.0,0.0,BROKER_TO_FLUSH,0,0,0,UNKNOWN
sql_batch_completed,2026-09-04 05:03:27.491,67,0,0,SteelNort,"{""event_name"": ""sql_batch_completed"", ""timestamp"": ""2026-09-04 05:03:27.491"", ""database_name"": ""SteelNort"", ""session_id"": 67, ""command"": ""AWAITING COMMAND"", ""duration"": 10, ""cpu_time"": 0, ""logical_reads"": 0, ""writes"": 0}",AWAITING COMMAND,10.0,0.0,0.0,0.0,0,0,0,0,UNKNOWN
wait_info,2026-09-04 05:03:32.515,58,0,0,master,"{""event_name"": ""wait_info"", ""timestamp"": ""2026-09-04 05:03:32.515"", ""session_id"": 58, ""wait_type"": ""SLEEP_TASK"", ""database_name"": ""master""}",0,0.0,0.0,0.0,0.0,SLEEP_TASK,0,0,0,UNKNOWN
sql_batch_completed,2026-09-04 05:03:32.515,66,0,0,SteelNort,"{""event_name"": ""sql_batch_completed"", ""timestamp"": ""2026-09-04 05:03:32.515"", ""database_name"": ""SteelNort"", ""session_id"": 66, ""command"": ""AWAITING COMMAND"", ""duration"": 9, ""cpu_time"": 0, ""logical_reads"": 0, ""writes"": 0}",AWAITING COMMAND,9.0,0.0,0.0,0.0,0,0,0,0,UNKNOWN
sql_batch_completed,2026-09-04 05:03:32.515,67,0,0,SteelNort,"{""event_name"": ""sql_batch_completed"", ""timestamp"": ""2026-09-04 05:03:32.515"", ""database_name"": ""SteelNort"", ""session_id"": 67, ""command"": ""AWAITING COMMAND"", ""duration"": 5047, ""cpu_time"": 0, ""logical_reads"": 0, ""writes"": 0, ""status"": ""completed""}",AWAITING COMMAND,5047.0,0.0,0.0,0.0,0,0,0,completed,UNKNOWN
sql_batch_completed,2026-09-04 05:03:32.515,52,0,0,SteelNort,"{""event_name"": ""sql_batch_completed"", ""timestamp"": ""2026-09-04 05:03:32.515"", ""database_name"": ""SteelNort"", ""session_id"": 52, ""command"": ""EXECUTE"", ""duration"": 5048, ""cpu_time"": 0, ""logical_reads"": 0, ""writes"": 0, ""status"": ""completed""}",EXECUTE,5048.0,0.0,0.0,0.0,0,0,0,completed,USER
wait_info,2026-09-04 05:03:37.565,58,0,0,master,"{""event_name"": ""wait_info"", ""timestamp"": ""2026-09-04 05:03:37.565"", ""session_id"": 58, ""wait_type"": ""BROKER_TO_FLUSH"", ""database_name"": ""master""}",0,0.0,0.0,0.0,0.0,BROKER_TO_FLUSH,0,0,0,UNKNOWN
sql_batch_completed,2026-09-04 05:03:37.565,66,0,0,SteelNort,"{""event_name"": ""sql_batch_completed"", ""timestamp"": ""2026-09-04 05:03:37.565"", ""database_name"": ""SteelNort"", ""session_id"": 66, ""command"": ""AWAITING COMMAND"", ""duration"": 5045, ""cpu_time"": 0, ""logical_reads"": 0, ""writes"": 0, ""status"": ""completed""}",AWAITING COMMAND,5045.0,0.0,0.0,0.0,0,0,0,completed,UNKNOWN
lock_acquired,2026-09-04 05:03:37.565,52,0,0,0,"{""event_name"": ""lock_acquired"", ""timestamp"": ""2026-09-04 05:03:37.565"", ""session_id"": 52, ""resource_type"": ""PAGE"", ""mode"": ""IS""}",0,0.0,0.0,0.0,0.0,0,PAGE,IS,0,UNKNOWN
wait_info,2026-09-04 05:03:42.594,58,0,0,master,"{""event_name"": ""wait_info"", ""timestamp"": ""2026-09-04 05:03:42.594"", ""session_id"": 58, ""wait_type"": ""SLEEP_TASK"", ""database_name"": ""master""}",0,0.0,0.0,0.0,0.0,SLEEP_TASK,0,0,0,UNKNOWN
lock_released,2026-09-04 05:03:42.594,52,0,0,0,"{""event_name"": ""lock_released"", ""timestamp"": ""2026-09-04 05:03:42.594"", ""session_id"": 52, ""resource_type"": ""PAGE"", ""mode"": ""IS""}",0,0.0,0.0,0.0,0.0,0,PAGE,IS,0,UNKNOWN
wait_info,2026-09-04 05:03:47.620,58,0,0,master,"{""event_name"": ""wait_info"", ""timestamp"": ""2026-09-04 05:03:47.620"", ""session_id"": 58, ""wait_type"": ""BROKER_TO_FLUSH"", ""database_name"": ""master""}",0,0.0,0.0,0.0,0.0,BROKER_TO_FLUSH,0,0,0,UNKNOWN
wait_info,2026-09-04 05:03:52.642,58,0,0,master,"{""event_name"": ""wait_info"", ""timestamp"": ""2026-09-04 05:03:52.642"", ""session_id"": 58, ""wait_type"": ""SLEEP_TASK"", ""database_name"": ""master""}",0,0.0,0.0,0.0,0.0,SLEEP_TASK,0,0,0,UNKNOWN
logout,2026-09-04 05:03:57.665,73,0,0,0,"{""event_name"": ""logout"", ""timestamp"": ""2026-09-04 05:03:57.665"", ""session_id"": 73}",0,0.0,0.0,0.0,0.0,0,0,0,0,UNKNOWN
logout,2026-09-04 05:03:57.665,75,0,0,0,"{""event_name"": ""logout"", ""timestamp"": ""2026-09-04 05:03:57.665"", ""session_id"": 75}",0,0.0,0.0,0.0,0.0,0,0,0,0,UNKNOWN
logout,2026-09-04 05:03:57.665,51,0,0,0,"{""event_name"": ""logout"", ""timestamp"": ""2026-09-04 05:03:57.665"", ""session_id"": 51}",0,0.0,0.0,0.0,0.0,0,0,0,0,UNKNOWN
logout,2026-09-04 05:03:57.665,76,0,0,0,"{""event_name"": ""logout"", ""timestamp"": ""2026-09-04 05:03:57.665"", ""session_id"": 76}",0,0.0,0.0,0.0,0.0,0,0,0,0,UNKNOWN
sql_batch_completed,2026-09-04 05:03:57.665,52,0,0,SteelNort,"{""event_name"": ""sql_batch_completed"", ""timestamp"": ""2026-09-04 05:03:57.665"", ""database_name"": ""SteelNort"", ""session_id"": 52, ""command"": ""AWAITING COMMAND"", ""duration"": 2, ""cpu_time"": 0, ""logical_reads"": 0, ""writes"": 0}",AWAITING COMMAND,2.0,0.0,0.0,0.0,0,0,0,0,UNKNOWN
sql_batch_completed,2026-09-04 05:03:57.665,66,0,0,SteelNort,"{""event_name"": ""sql_batch_completed"", ""timestamp"": ""2026-09-04 05:03:57.665"", ""database_name"": ""SteelNort"", ""session_id"": 66, ""command"": ""EXECUTE"", ""duration"": 3, ""cpu_time"": 0, ""logical_reads"": 0, ""writes"": 0}",EXECUTE,3.0,0.0,0.0,0.0,0,0,0,0,USER
sql_batch_completed,2026-09-04 05:03:57.665,73,0,0,master,"{""event_name"": ""sql_batch_completed"", ""timestamp"": ""2026-09-04 05:03:57.665"", ""database_name"": ""master"", ""session_id"": 73, ""command"": ""TASK MANAGER"", ""duration"": 184691, ""cpu_time"": 0, ""logical_reads"": 0, ""writes"": 0, ""status"": ""completed""}",TASK MANAGER,184691.0,0.0,0.0,0.0,0,0,0,completed,SQL_SERVER_INTERNAL
sql_batch_completed,2026-09-04 05:03:57.665,75,0,0,master,"{""event_name"": ""sql_batch_completed"", ""timestamp"": ""2026-09-04 05:03:57.665"", ""database_name"": ""master"", ""session_id"": 75, ""command"": ""TASK MANAGER"", ""duration"": 184692, ""cpu_time"": 0, ""logical_reads"": 0, ""writes"": 0, ""status"": ""completed""}",TASK MANAGER,184692.0,0.0,0.0,0.0,0,0,0,completed,SQL_SERVER_INTERNAL
sql_batch_completed,2026-09-04 05:03:57.665,76,0,0,master,"{""event_name"": ""sql_batch_completed"", ""timestamp"": ""2026-09-04 05:03:57.665"", ""database_name"": ""master"", ""session_id"": 76, ""command"": ""TASK MANAGER"", ""duration"": 184689, ""cpu_time"": 0, ""logical_reads"": 0, ""writes"": 0, ""status"": ""completed""}",TASK MANAGER,184689.0,0.0,0.0,0.0,0,0,0,completed,SQL_SERVER_INTERNAL
sql_batch_completed,2026-09-04 05:03:57.665,51,0,0,master,"{""event_name"": ""sql_batch_completed"", ""timestamp"": ""2026-09-04 05:03:57.665"", ""database_name"": ""master"", ""session_id"": 51, ""command"": ""TASK MANAGER"", ""duration"": 184694, ""cpu_time"": 0, ""logical_reads"": 0, ""writes"": 0, ""status"": ""completed""}",TASK MANAGER,184694.0,0.0,0.0,0.0,0,0,0,completed,SQL_SERVER_INTERNAL
wait_info,2026-09-04 05:04:02.698,58,0,0,master,"{""event_name"": ""wait_info"", ""timestamp"": ""2026-09-04 05:04:02.698"", ""session_id"": 58, ""wait_type"": ""BROKER_TO_FLUSH"", ""database_name"": ""master""}",0,0.0,0.0,0.0,0.0,BROKER_TO_FLUSH,0,0,0,UNKNOWN
sql_batch_completed,2026-09-04 05:04:02.698,66,0,0,SteelNort,"{""event_name"": ""sql_batch_completed"", ""timestamp"": ""2026-09-04 05:04:02.698"", ""database_name"": ""SteelNort"", ""session_id"": 66, ""command"": ""EXECUTE"", ""duration"": 5028, ""cpu_time"": 0, ""logical_reads"": 0, ""writes"": 0, ""status"": ""completed""}",EXECUTE,5028.0,0.0,0.0,0.0,0,0,0,completed,USER
sql_batch_completed,2026-09-04 05:04:02.698,52,0,0,SteelNort,"{""event_name"": ""sql_batch_completed"", ""timestamp"": ""2026-09-04 05:04:02.698"", ""database_name"": ""SteelNort"", ""session_id"": 52, ""command"": ""AWAITING COMMAND"", ""duration"": 5029, ""cpu_time"": 0, ""logical_reads"": 0, ""writes"": 0, ""status"": ""completed""}",AWAITING COMMAND,5029.0,0.0,0.0,0.0,0,0,0,completed,UNKNOWN
lock_acquired,2026-09-04 05:04:02.698,63,0,0,0,"{""event_name"": ""lock_acquired"", ""timestamp"": ""2026-09-04 05:04:02.698"", ""session_id"": 63, ""resource_type"": ""OBJECT"", ""mode"": ""IS""}",0,0.0,0.0,0.0,0.0,0,OBJECT,IS,0,UNKNOWN
wait_info,2026-09-04 05:04:07.723,58,0,0,master,"{""event_name"": ""wait_info"", ""timestamp"": ""2026-09-04 05:04:07.723"", ""session_id"": 58, ""wait_type"": ""SLEEP_TASK"", ""database_name"": ""master""}",0,0.0,0.0,0.0,0.0,SLEEP_TASK,0,0,0,UNKNOWN
lock_released,2026-09-04 05:04:07.723,63,0,0,0,"{""event_name"": ""lock_released"", ""timestamp"": ""2026-09-04 05:04:07.723"", ""session_id"": 63, ""resource_type"": ""OBJECT"", ""mode"": ""IS""}",0,0.0,0.0,0.0,0.0,0,OBJECT,IS,0,UNKNOWN
wait_info,2026-09-04 05:04:12.743,58,0,0,master,"{""event_name"": ""wait_info"", ""timestamp"": ""2026-09-04 05:04:12.743"", ""session_id"": 58, ""wait_type"": ""BROKER_TO_FLUSH"", ""database_name"": ""master""}",0,0.0,0.0,0.0,0.0,BROKER_TO_FLUSH,0,0,0,UNKNOWN
sql_batch_completed,2026-09-04 05:04:12.743,65,0,0,SteelNort,"{""event_name"": ""sql_batch_completed"", ""timestamp"": ""2026-09-04 05:04:12.743"", ""database_name"": ""SteelNort"", ""session_id"": 65, ""command"": ""AWAITING COMMAND"", ""duration"": 4, ""cpu_time"": 1, ""logical_reads"": 0, ""writes"": 0}",AWAITING COMMAND,4.0,1.0,0.0,0.0,0,0,0,0,UNKNOWN
lock_acquired,2026-09-04 05:04:12.743,66,0,0,0,"{""event_name"": ""lock_acquired"", ""timestamp"": ""2026-09-04 05:04:12.743"", ""session_id"": 66, ""resource_type"": ""KEY"", ""mode"": ""X""}",0,0.0,0.0,0.0,0.0,0,KEY,X,0,UNKNOWN
lock_acquired,2026-09-04 05:04:12.743,66,0,0,0,"{""event_name"": ""lock_acquired"", ""timestamp"": ""2026-09-04 05:04:12.743"", ""session_id"": 66, ""resource_type"": ""OBJECT"", ""mode"": ""IX""}",0,0.0,0.0,0.0,0.0,0,OBJECT,IX,0,UNKNOWN
lock_acquired,2026-09-04 05:04:12.743,66,0,0,0,"{""event_name"": ""lock_acquired"", ""timestamp"": ""2026-09-04 05:04:12.743"", ""session_id"": 66, ""resource_type"": ""PAGE"", ""mode"": ""IX""}",0,0.0,0.0,0.0,0.0,0,PAGE,IX,0,UNKNOWN
lock_acquired,2026-09-04 05:04:12.743,66,0,0,0,"{""event_name"": ""lock_acquired"", ""timestamp"": ""2026-09-04 05:04:12.743"", ""session_id"": 66, ""resource_type"": ""RID"", ""mode"": ""X""}",0,0.0,0.0,0.0,0.0,0,RID,X,0,UNKNOWN
wait_info,2026-09-04 05:04:17.773,58,0,0,master,"{""event_name"": ""wait_info"", ""timestamp"": ""2026-09-04 05:04:17.773"", ""session_id"": 58, ""wait_type"": ""SLEEP_TASK"", ""database_name"": ""master""}",0,0.0,0.0,0.0,0.0,SLEEP_TASK,0,0,0,UNKNOWN
sql_batch_completed,2026-09-04 05:04:17.773,66,0,0,SteelNort,"{""event_name"": ""sql_batch_completed"", ""timestamp"": ""2026-09-04 05:04:17.773"", ""database_name"": ""SteelNort"", ""session_id"": 66, ""command"": ""AWAITING COMMAND"", ""duration"": 7, ""cpu_time"": 0, ""logical_reads"": 0, ""writes"": 0}",AWAITING COMMAND,7.0,0.0,0.0,0.0,0,0,0,0,UNKNOWN
sql_batch_completed,2026-09-04 05:04:17.773,65,0,0,SteelNort,"{""event_name"": ""sql_batch_completed"", ""timestamp"": ""2026-09-04 05:04:17.773"", ""database_name"": ""SteelNort"", ""session_id"": 65, ""command"": ""AWAITING COMMAND"", ""duration"": 5038, ""cpu_time"": 1, ""logical_reads"": 0, ""writes"": 0, ""status"": ""completed""}",AWAITING COMMAND,5038.0,1.0,0.0,0.0,0,0,0,completed,UNKNOWN
lock_released,2026-09-04 05:04:17.773,66,0,0,0,"{""event_name"": ""lock_released"", ""timestamp"": ""2026-09-04 05:04:17.773"", ""session_id"": 66, ""resource_type"": ""KEY"", ""mode"": ""X""}",0,0.0,0.0,0.0,0.0,0,KEY,X,0,UNKNOWN
lock_released,2026-09-04 05:04:17.773,66,0,0,0,"{""event_name"": ""lock_released"", ""timestamp"": ""2026-09-04 05:04:17.773"", ""session_id"": 66, ""resource_type"": ""OBJECT"", ""mode"": ""IX""}",0,0.0,0.0,0.0,0.0,0,OBJECT,IX,0,UNKNOWN
lock_released,2026-09-04 05:04:17.773,66,0,0,0,"{""event_name"": ""lock_released"", ""timestamp"": ""2026-09-04 05:04:17.773"", ""session_id"": 66, ""resource_type"": ""PAGE"", ""mode"": ""IX""}",0,0.0,0.0,0.0,0.0,0,PAGE,IX,0,UNKNOWN
lock_released,2026-09-04 05:04:17.773,66,0,0,0,"{""event_name"": ""lock_released"", ""timestamp"": ""2026-09-04 05:04:17.773"", ""session_id"": 66, ""resource_type"": ""RID"", ""mode"": ""X""}",0,0.0,0.0,0.0,0.0,0,RID,X,0,UNKNOWN
wait_info,2026-09-04 05:04:22.809,58,0,0,master,"{""event_name"": ""wait_info"", ""timestamp"": ""2026-09-04 05:04:22.809"", ""session_id"": 58, ""wait_type"": ""BROKER_TO_FLUSH"", ""database_name"": ""master""}",0,0.0,0.0,0.0,0.0,BROKER_TO_FLUSH,0,0,0,UNKNOWN
sql_batch_completed,2026-09-04 05:04:22.809,66,0,0,SteelNort,"{""event_name"": ""sql_batch_completed"", ""timestamp"": ""2026-09-04 05:04:22.809"", ""database_name"": ""SteelNort"", ""session_id"": 66, ""command"": ""AWAITING COMMAND"", ""duration"": 5043, ""cpu_time"": 0, ""logical_reads"": 0, ""writes"": 0, ""status"": ""completed""}",AWAITING COMMAND,5043.0,0.0,0.0,0.0,0,0,0,completed,UNKNOWN
wait_info,2026-09-04 05:04:27.832,58,0,0,master,"{""event_name"": ""wait_info"", ""timestamp"": ""2026-09-04 05:04:27.832"", ""session_id"": 58, ""wait_type"": ""SLEEP_TASK"", ""database_name"": ""master""}",0,0.0,0.0,0.0,0.0,SLEEP_TASK,0,0,0,UNKNOWN
sql_batch_completed,2026-09-04 05:04:32.851,52,0,0,SteelNort,"{""event_name"": ""sql_batch_completed"", ""timestamp"": ""2026-09-04 05:04:32.851"", ""database_name"": ""SteelNort"", ""session_id"": 52, ""command"": ""AWAITING COMMAND"", ""duration"": 8, ""cpu_time"": 0, ""logical_reads"": 0, ""writes"": 0}",AWAITING COMMAND,8.0,0.0,0.0,0.0,0,0,0,0,UNKNOWN
wait_info,2026-09-04 05:04:32.851,58,0,0,master,"{""event_name"": ""wait_info"", ""timestamp"": ""2026-09-04 05:04:32.851"", ""session_id"": 58, ""wait_type"": ""BROKER_TO_FLUSH"", ""database_name"": ""master""}",0,0.0,0.0,0.0,0.0,BROKER_TO_FLUSH,0,0,0,UNKNOWN
sql_batch_completed,2026-09-04 05:04:32.851,63,0,0,SteelNort,"{""event_name"": ""sql_batch_completed"", ""timestamp"": ""2026-09-04 05:04:32.851"", ""database_name"": ""SteelNort"", ""session_id"": 63, ""command"": ""EXECUTE"", ""duration"": 7, ""cpu_time"": 0, ""logical_reads"": 0, ""writes"": 0}",EXECUTE,7.0,0.0,0.0,0.0,0,0,0,0,USER
wait_info,2026-09-04 05:04:37.874,58,0,0,master,"{""event_name"": ""wait_info"", ""timestamp"": ""2026-09-04 05:04:37.874"", ""session_id"": 58, ""wait_type"": ""SLEEP_TASK"", ""database_name"": ""master""}",0,0.0,0.0,0.0,0.0,SLEEP_TASK,0,0,0,UNKNOWN
sql_batch_completed,2026-09-04 05:04:37.874,52,0,0,SteelNort,"{""event_name"": ""sql_batch_completed"", ""timestamp"": ""2026-09-04 05:04:37.874"", ""database_name"": ""SteelNort"", ""session_id"": 52, ""command"": ""AWAITING COMMAND"", ""duration"": 5033, ""cpu_time"": 0, ""logical_reads"": 0, ""writes"": 0, ""status"": ""completed""}",AWAITING COMMAND,5033.0,0.0,0.0,0.0,0,0,0,completed,UNKNOWN
sql_batch_completed,2026-09-04 05:04:37.874,63,0,0,SteelNort,"{""event_name"": ""sql_batch_completed"", ""timestamp"": ""2026-09-04 05:04:37.874"", ""database_name"": ""SteelNort"", ""session_id"": 63, ""command"": ""EXECUTE"", ""duration"": 5030, ""cpu_time"": 0, ""logical_reads"": 0, ""writes"": 0, ""status"": ""completed""}",EXECUTE,5030.0,0.0,0.0,0.0,0,0,0,completed,USER
wait_info,2026-09-04 05:04:42.902,58,0,0,master,"{""event_name"": ""wait_info"", ""timestamp"": ""2026-09-04 05:04:42.902"", ""session_id"": 58, ""wait_type"": ""BROKER_TO_FLUSH"", ""database_name"": ""master""}",0,0.0,0.0,0.0,0.0,BROKER_TO_FLUSH,0,0,0,UNKNOWN
login,2026-09-04 05:04:52.943,51,795ec2146175\Administrator,Microsoft SQL Server,SteelNort,"{""event_name"": ""login"", ""timestamp"": ""2026-09-04 05:04:52.943"", ""session_id"": 51, ""login_name"": ""795ec2146175\\Administrator"", ""program_name"": ""Microsoft SQL Server"", ""database_name"": ""SteelNort""}",0,0.0,0.0,0.0,0.0,0,0,0,0,UNKNOWN
wait_info,2026-09-04 05:04:52.943,58,0,0,master,"{""event_name"": ""wait_info"", ""timestamp"": ""2026-09-04 05:04:52.943"", ""session_id"": 58, ""wait_type"": ""SLEEP_TASK"", ""database_name"": ""master""}",0,0.0,0.0,0.0,0.0,SLEEP_TASK,0,0,0,UNKNOWN
sql_batch_completed,2026-09-04 05:04:52.943,77,0,0,SteelNort,"{""event_name"": ""sql_batch_completed"", ""timestamp"": ""2026-09-04 05:04:52.943"", ""database_name"": ""SteelNort"", ""session_id"": 77, ""command"": ""EXECUTE"", ""duration"": 164, ""cpu_time"": 82, ""logical_reads"": 0, ""writes"": 0, ""wait_type"": ""MSQL_XP""}",EXECUTE,164.0,82.0,0.0,0.0,MSQL_XP,0,0,0,USER
logout,2026-09-04 05:04:57.973,51,0,0,0,"{""event_name"": ""logout"", ""timestamp"": ""2026-09-04 05:04:57.973"", ""session_id"": 51}",0,0.0,0.0,0.0,0.0,0,0,0,0,UNKNOWN
wait_info,2026-09-04 05:04:57.973,58,0,0,master,"{""event_name"": ""wait_info"", ""timestamp"": ""2026-09-04 05:04:57.973"", ""session_id"": 58, ""wait_type"": ""BROKER_TO_FLUSH"", ""database_name"": ""master""}",0,0.0,0.0,0.0,0.0,BROKER_TO_FLUSH,0,0,0,UNKNOWN
sql_batch_completed,2026-09-04 05:04:57.973,60,0,0,SteelNort,"{""event_name"": ""sql_batch_completed"", ""timestamp"": ""2026-09-04 05:04:57.973"", ""database_name"": ""SteelNort"", ""session_id"": 60, ""command"": ""AWAITING COMMAND"", ""duration"": 5, ""cpu_time"": 0, ""logical_reads"": 0, ""writes"": 0}",AWAITING COMMAND,5.0,0.0,0.0,0.0,0,0,0,0,UNKNOWN
sql_batch_completed,2026-09-04 05:04:57.973,77,0,0,SteelNort,"{""event_name"": ""sql_batch_completed"", ""timestamp"": ""2026-09-04 05:04:57.973"", ""database_name"": ""SteelNort"", ""session_id"": 77, ""command"": ""EXECUTE"", ""duration"": 5193, ""cpu_time"": 82, ""logical_reads"": 0, ""writes"": 0, ""status"": ""completed""}",EXECUTE,5193.0,82.0,0.0,0.0,0,0,0,completed,USER
wait_info,2026-09-04 05:05:02.996,58,0,0,master,"{""event_name"": ""wait_info"", ""timestamp"": ""2026-09-04 05:05:02.996"", ""session_id"": 58, ""wait_type"": ""SLEEP_TASK"", ""database_name"": ""master""}",0,0.0,0.0,0.0,0.0,SLEEP_TASK,0,0,0,UNKNOWN
sql_batch_completed,2026-09-04 05:05:02.996,60,0,0,SteelNort,"{""event_name"": ""sql_batch_completed"", ""timestamp"": ""2026-09-04 05:05:02.996"", ""database_name"": ""SteelNort"", ""session_id"": 60, ""command"": ""AWAITING COMMAND"", ""duration"": 5030, ""cpu_time"": 0, ""logical_reads"": 0, ""writes"": 0, ""status"": ""completed""}",AWAITING COMMAND,5030.0,0.0,0.0,0.0,0,0,0,completed,UNKNOWN
wait_info,2026-09-04 05:05:08.020,58,0,0,master,"{""event_name"": ""wait_info"", ""timestamp"": ""2026-09-04 05:05:08.020"", ""session_id"": 58, ""wait_type"": ""BROKER_TO_FLUSH"", ""database_name"": ""master""}",0,0.0,0.0,0.0,0.0,BROKER_TO_FLUSH,0,0,0,UNKNOWN
wait_info,2026-09-04 05:05:13.041,58,0,0,master,"{""event_name"": ""wait_info"", ""timestamp"": ""2026-09-04 05:05:13.041"", ""session_id"": 58, ""wait_type"": ""SLEEP_TASK"", ""database_name"": ""master""}",0,0.0,0.0,0.0,0.0,SLEEP_TASK,0,0,0,UNKNOWN
sql_batch_completed,2026-09-04 05:05:13.041,77,0,0,SteelNort,"{""event_name"": ""sql_batch_completed"", ""timestamp"": ""2026-09-04 05:05:13.041"", ""database_name"": ""SteelNort"", ""session_id"": 77, ""command"": ""EXECUTE"", ""duration"": 14, ""cpu_time"": 2, ""logical_reads"": 0, ""writes"": 0, ""wait_type"": ""MSQL_XP""}",EXECUTE,14.0,2.0,0.0,0.0,MSQL_XP,0,0,0,USER
lock_acquired,2026-09-04 05:05:13.041,52,0,0,0,"{""event_name"": ""lock_acquired"", ""timestamp"": ""2026-09-04 05:05:13.041"", ""session_id"": 52, ""resource_type"": ""RID"", ""mode"": ""X""}",0,0.0,0.0,0.0,0.0,0,RID,X,0,UNKNOWN
wait_info,2026-09-04 05:05:18.067,58,0,0,master,"{""event_name"": ""wait_info"", ""timestamp"": ""2026-09-04 05:05:18.067"", ""session_id"": 58, ""wait_type"": ""BROKER_TO_FLUSH"", ""database_name"": ""master""}",0,0.0,0.0,0.0,0.0,BROKER_TO_FLUSH,0,0,0,UNKNOWN
sql_batch_completed,2026-09-04 05:05:18.067,77,0,0,SteelNort,"{""event_name"": ""sql_batch_completed"", ""timestamp"": ""2026-09-04 05:05:18.067"", ""database_name"": ""SteelNort"", ""session_id"": 77, ""command"": ""EXECUTE"", ""duration"": 5035, ""cpu_time"": 2, ""logical_reads"": 0, ""writes"": 0, ""status"": ""completed""}",EXECUTE,5035.0,2.0,0.0,0.0,0,0,0,completed,USER
lock_released,2026-09-04 05:05:18.067,52,0,0,0,"{""event_name"": ""lock_released"", ""timestamp"": ""2026-09-04 05:05:18.067"", ""session_id"": 52, ""resource_type"": ""RID"", ""mode"": ""X""}",0,0.0,0.0,0.0,0.0,0,RID,X,0,UNKNOWN
wait_info,2026-09-04 05:05:23.092,58,0,0,master,"{""event_name"": ""wait_info"", ""timestamp"": ""2026-09-04 05:05:23.092"", ""session_id"": 58, ""wait_type"": ""SLEEP_TASK"", ""database_name"": ""master""}",0,0.0,0.0,0.0,0.0,SLEEP_TASK,0,0,0,UNKNOWN
wait_info,2026-09-04 05:05:28.114,58,0,0,master,"{""event_name"": ""wait_info"", ""timestamp"": ""2026-09-04 05:05:28.114"", ""session_id"": 58, ""wait_type"": ""BROKER_TO_FLUSH"", ""database_name"": ""master""}",0,0.0,0.0,0.0,0.0,BROKER_TO_FLUSH,0,0,0,UNKNOWN
lock_acquired,2026-09-04 05:05:28.114,68,0,0,0,"{""event_name"": ""lock_acquired"", ""timestamp"": ""2026-09-04 05:05:28.114"", ""session_id"": 68, ""resource_type"": ""PAGE"", ""mode"": ""IX""}",0,0.0,0.0,0.0,0.0,0,PAGE,IX,0,UNKNOWN
lock_acquired,2026-09-04 05:05:28.114,68,0,0,0,"{""event_name"": ""lock_acquired"", ""timestamp"": ""2026-09-04 05:05:28.114"", ""session_id"": 68, ""resource_type"": ""OBJECT"", ""mode"": ""IX""}",0,0.0,0.0,0.0,0.0,0,OBJECT,IX,0,UNKNOWN
lock_acquired,2026-09-04 05:05:28.114,68,0,0,0,"{""event_name"": ""lock_acquired"", ""timestamp"": ""2026-09-04 05:05:28.114"", ""session_id"": 68, ""resource_type"": ""RID"", ""mode"": ""X""}",0,0.0,0.0,0.0,0.0,0,RID,X,0,UNKNOWN
lock_acquired,2026-09-04 05:05:28.114,68,0,0,0,"{""event_name"": ""lock_acquired"", ""timestamp"": ""2026-09-04 05:05:28.114"", ""session_id"": 68, ""resource_type"": ""KEY"", ""mode"": ""X""}",0,0.0,0.0,0.0,0.0,0,KEY,X,0,UNKNOWN
wait_info,2026-09-04 05:05:33.142,58,0,0,master,"{""event_name"": ""wait_info"", ""timestamp"": ""2026-09-04 05:05:33.142"", ""session_id"": 58, ""wait_type"": ""SLEEP_TASK"", ""database_name"": ""master""}",0,0.0,0.0,0.0,0.0,SLEEP_TASK,0,0,0,UNKNOWN
sql_batch_completed,2026-09-04 05:05:33.142,67,0,0,SteelNort,"{""event_name"": ""sql_batch_completed"", ""timestamp"": ""2026-09-04 05:05:33.142"", ""database_name"": ""SteelNort"", ""session_id"": 67, ""command"": ""AWAITING COMMAND"", ""duration"": 6, ""cpu_time"": 0, ""logical_reads"": 0, ""writes"": 0}",AWAITING COMMAND,6.0,0.0,0.0,0.0,0,0,0,0,UNKNOWN
sql_batch_completed,2026-09-04 05:05:33.142,68,0,0,SteelNort,"{""event_name"": ""sql_batch_completed"", ""timestamp"": ""2026-09-04 05:05:33.142"", ""database_name"": ""SteelNort"", ""session_id"": 68, ""command"": ""EXECUTE"", ""duration"": 7, ""cpu_time"": 0, ""logical_reads"": 0, ""writes"": 0}",EXECUTE,7.0,0.0,0.0,0.0,0,0,0,0,USER
lock_acquired,2026-09-04 05:05:33.142,67,0,0,0,"{""event_name"": ""lock_acquired"", ""timestamp"": ""2026-09-04 05:05:33.142"", ""session_id"": 67, ""resource_type"": ""KEY"", ""mode"": ""X""}",0,0.0,0.0,0.0,0.0,0,KEY,X,0,UNKNOWN
lock_acquired,2026-09-04 05:05:33.142,67,0,0,0,"{""event_name"": ""lock_acquired"", ""timestamp"": ""2026-09-04 05:05:33.142"", ""session_id"": 67, ""resource_type"": ""RID"", ""mode"": ""X""}",0,0.0,0.0,0.0,0.0,0,RID,X,0,UNKNOWN
lock_released,2026-09-04 05:05:33.142,68,0,0,0,"{""event_name"": ""lock_released"", ""timestamp"": ""2026-09-04 05:05:33.142"", ""session_id"": 68, ""resource_type"": ""PAGE"", ""mode"": ""IX""}",0,0.0,0.0,0.0,0.0,0,PAGE,IX,0,UNKNOWN
lock_released,2026-09-04 05:05:33.142,68,0,0,0,"{""event_name"": ""lock_released"", ""timestamp"": ""2026-09-04 05:05:33.142"", ""session_id"": 68, ""resource_type"": ""OBJECT"", ""mode"": ""IX""}",0,0.0,0.0,0.0,0.0,0,OBJECT,IX,0,UNKNOWN
lock_released,2026-09-04 05:05:33.142,68,0,0,0,"{""event_name"": ""lock_released"", ""timestamp"": ""2026-09-04 05:05:33.142"", ""session_id"": 68, ""resource_type"": ""RID"", ""mode"": ""X""}",0,0.0,0.0,0.0,0.0,0,RID,X,0,UNKNOWN
lock_released,2026-09-04 05:05:33.142,68,0,0,0,"{""event_name"": ""lock_released"", ""timestamp"": ""2026-09-04 05:05:33.142"", ""session_id"": 68, ""resource_type"": ""KEY"", ""mode"": ""X""}",0,0.0,0.0,0.0,0.0,0,KEY,X,0,UNKNOWN
wait_info,2026-09-04 05:05:38.171,58,0,0,master,"{""event_name"": ""wait_info"", ""timestamp"": ""2026-09-04 05:05:38.171"", ""session_id"": 58, ""wait_type"": ""BROKER_TO_FLUSH"", ""database_name"": ""master""}",0,0.0,0.0,0.0,0.0,BROKER_TO_FLUSH,0,0,0,UNKNOWN
sql_batch_completed,2026-09-04 05:05:38.171,67,0,0,SteelNort,"{""event_name"": ""sql_batch_completed"", ""timestamp"": ""2026-09-04 05:05:38.171"", ""database_name"": ""SteelNort"", ""session_id"": 67, ""command"": ""AWAITING COMMAND"", ""duration"": 5035, ""cpu_time"": 0, ""logical_reads"": 0, ""writes"": 0, ""status"": ""completed""}",AWAITING COMMAND,5035.0,0.0,0.0,0.0,0,0,0,completed,UNKNOWN
sql_batch_completed,2026-09-04 05:05:38.171,68,0,0,SteelNort,"{""event_name"": ""sql_batch_completed"", ""timestamp"": ""2026-09-04 05:05:38.171"", ""database_name"": ""SteelNort"", ""session_id"": 68, ""command"": ""EXECUTE"", ""duration"": 5036, ""cpu_time"": 0, ""logical_reads"": 0, ""writes"": 0, ""status"": ""completed""}",EXECUTE,5036.0,0.0,0.0,0.0,0,0,0,completed,USER
lock_released,2026-09-04 05:05:38.171,67,0,0,0,"{""event_name"": ""lock_released"", ""timestamp"": ""2026-09-04 05:05:38.171"", ""session_id"": 67, ""resource_type"": ""KEY"", ""mode"": ""X""}",0,0.0,0.0,0.0,0.0,0,KEY,X,0,UNKNOWN
lock_released,2026-09-04 05:05:38.171,67,0,0,0,"{""event_name"": ""lock_released"", ""timestamp"": ""2026-09-04 05:05:38.171"", ""session_id"": 67, ""resource_type"": ""RID"", ""mode"": ""X""}",0,0.0,0.0,0.0,0.0,0,RID,X,0,UNKNOWN
sql_batch_completed,2026-09-04 05:05:43.198,66,0,0,SteelNort,"{""event_name"": ""sql_batch_completed"", ""timestamp"": ""2026-09-04 05:05:43.198"", ""database_name"": ""SteelNort"", ""session_id"": 66, ""command"": ""SELECT"", ""duration"": 6, ""cpu_time"": 0, ""logical_reads"": 0, ""writes"": 0}",SELECT,6.0,0.0,0.0,0.0,0,0,0,0,USER
wait_info,2026-09-04 05:05:48.223,58,0,0,master,"{""event_name"": ""wait_info"", ""timestamp"": ""2026-09-04 05:05:48.223"", ""session_id"": 58, ""wait_type"": ""SLEEP_TASK"", ""database_name"": ""master""}",0,0.0,0.0,0.0,0.0,SLEEP_TASK,0,0,0,UNKNOWN
sql_batch_completed,2026-09-04 05:05:48.223,66,0,0,SteelNort,"{""event_name"": ""sql_batch_completed"", ""timestamp"": ""2026-09-04 05:05:48.223"", ""database_name"": ""SteelNort"", ""session_id"": 66, ""command"": ""SELECT"", ""duration"": 5033, ""cpu_time"": 0, ""logical_reads"": 0, ""writes"": 0, ""status"": ""completed""}",SELECT,5033.0,0.0,0.0,0.0,0,0,0,completed,USER
login,2026-09-04 05:05:53.253,73,sa,unknown,SteelNort,"{""event_name"": ""login"", ""timestamp"": ""2026-09-04 05:05:53.253"", ""session_id"": 73, ""login_name"": ""sa"", ""program_name"": ""unknown"", ""database_name"": ""SteelNort""}",0,0.0,0.0,0.0,0.0,0,0,0,0,UNKNOWN
login,2026-09-04 05:05:53.253,75,sa,unknown,SteelNort,"{""event_name"": ""login"", ""timestamp"": ""2026-09-04 05:05:53.253"", ""session_id"": 75, ""login_name"": ""sa"", ""program_name"": ""unknown"", ""database_name"": ""SteelNort""}",0,0.0,0.0,0.0,0.0,0,0,0,0,UNKNOWN
login,2026-09-04 05:05:53.253,51,sa,unknown,SteelNort,"{""event_name"": ""login"", ""timestamp"": ""2026-09-04 05:05:53.253"", ""session_id"": 51, ""login_name"": ""sa"", ""program_name"": ""unknown"", ""database_name"": ""SteelNort""}",0,0.0,0.0,0.0,0.0,0,0,0,0,UNKNOWN
login,2026-09-04 05:05:53.253,76,sa,unknown,SteelNort,"{""event_name"": ""login"", ""timestamp"": ""2026-09-04 05:05:53.253"", ""session_id"": 76, ""login_name"": ""sa"", ""program_name"": ""unknown"", ""database_name"": ""SteelNort""}",0,0.0,0.0,0.0,0.0,0,0,0,0,UNKNOWN
sql_batch_completed,2026-09-04 05:05:53.253,51,0,0,master,"{""event_name"": ""sql_batch_completed"", ""timestamp"": ""2026-09-04 05:05:53.253"", ""database_name"": ""master"", ""session_id"": 51, ""command"": ""TASK MANAGER"", ""duration"": 205, ""cpu_time"": 0, ""logical_reads"": 0, ""writes"": 0}",TASK MANAGER,205.0,0.0,0.0,0.0,0,0,0,0,SQL_SERVER_INTERNAL
wait_info,2026-09-04 05:05:53.253,58,0,0,master,"{""event_name"": ""wait_info"", ""timestamp"": ""2026-09-04 05:05:53.253"", ""session_id"": 58, ""wait_type"": ""BROKER_TO_FLUSH"", ""database_name"": ""master""}",0,0.0,0.0,0.0,0.0,BROKER_TO_FLUSH,0,0,0,UNKNOWN
sql_batch_completed,2026-09-04 05:05:53.253,73,0,0,master,"{""event_name"": ""sql_batch_completed"", ""timestamp"": ""2026-09-04 05:05:53.253"", ""database_name"": ""master"", ""session_id"": 73, ""command"": ""TASK MANAGER"", ""duration"": 204, ""cpu_time"": 0, ""logical_reads"": 0, ""writes"": 0}",TASK MANAGER,204.0,0.0,0.0,0.0,0,0,0,0,SQL_SERVER_INTERNAL
sql_batch_completed,2026-09-04 05:05:53.253,75,0,0,master,"{""event_name"": ""sql_batch_completed"", ""timestamp"": ""2026-09-04 05:05:53.253"", ""database_name"": ""master"", ""session_id"": 75, ""command"": ""TASK MANAGER"", ""duration"": 205, ""cpu_time"": 0, ""logical_reads"": 0, ""writes"": 0}",TASK MANAGER,205.0,0.0,0.0,0.0,0,0,0,0,SQL_SERVER_INTERNAL
sql_batch_completed,2026-09-04 05:05:53.253,76,0,0,master,"{""event_name"": ""sql_batch_completed"", ""timestamp"": ""2026-09-04 05:05:53.253"", ""database_name"": ""master"", ""session_id"": 76, ""command"": ""TASK MANAGER"", ""duration"": 206, ""cpu_time"": 0, ""logical_reads"": 0, ""writes"": 0}",TASK MANAGER,206.0,0.0,0.0,0.0,0,0,0,0,SQL_SERVER_INTERNAL
login,2026-09-04 05:05:58.288,80,795ec2146175\Administrator,Microsoft SQL Server,SteelNort,"{""event_name"": ""login"", ""timestamp"": ""2026-09-04 05:05:58.288"", ""session_id"": 80, ""login_name"": ""795ec2146175\\Administrator"", ""program_name"": ""Microsoft SQL Server"", ""database_name"": ""SteelNort""}",0,0.0,0.0,0.0,0.0,0,0,0,0,UNKNOWN
sql_batch_completed,2026-09-04 05:05:58.288,52,0,0,SteelNort,"{""event_name"": ""sql_batch_completed"", ""timestamp"": ""2026-09-04 05:05:58.288"", ""database_name"": ""SteelNort"", ""session_id"": 52, ""command"": ""AWAITING COMMAND"", ""duration"": 5, ""cpu_time"": 0, ""logical_reads"": 0, ""writes"": 0}",AWAITING COMMAND,5.0,0.0,0.0,0.0,0,0,0,0,UNKNOWN
wait_info,2026-09-04 05:05:58.288,58,0,0,master,"{""event_name"": ""wait_info"", ""timestamp"": ""2026-09-04 05:05:58.288"", ""session_id"": 58, ""wait_type"": ""SLEEP_TASK"", ""database_name"": ""master""}",0,0.0,0.0,0.0,0.0,SLEEP_TASK,0,0,0,UNKNOWN
sql_batch_completed,2026-09-04 05:05:58.288,77,0,0,SteelNort,"{""event_name"": ""sql_batch_completed"", ""timestamp"": ""2026-09-04 05:05:58.288"", ""database_name"": ""SteelNort"", ""session_id"": 77, ""command"": ""EXECUTE"", ""duration"": 180, ""cpu_time"": 100, ""logical_reads"": 0, ""writes"": 0, ""wait_type"": ""MSQL_XP""}",EXECUTE,180.0,100.0,0.0,0.0,MSQL_XP,0,0,0,USER
logout,2026-09-04 05:06:03.322,80,0,0,0,"{""event_name"": ""logout"", ""timestamp"": ""2026-09-04 05:06:03.322"", ""session_id"": 80}",0,0.0,0.0,0.0,0.0,0,0,0,0,UNKNOWN
wait_info,2026-09-04 05:06:03.322,58,0,0,master,"{""event_name"": ""wait_info"", ""timestamp"": ""2026-09-04 05:06:03.322"", ""session_id"": 58, ""wait_type"": ""BROKER_TO_FLUSH"", ""database_name"": ""master""}",0,0.0,0.0,0.0,0.0,BROKER_TO_FLUSH,0,0,0,UNKNOWN
sql_batch_completed,2026-09-04 05:06:03.322,69,0,0,SteelNort,"{""event_name"": ""sql_batch_completed"", ""timestamp"": ""2026-09-04 05:06:03.322"", ""database_name"": ""SteelNort"", ""session_id"": 69, ""command"": ""COMMIT TRANSACTION"", ""duration"": 33, ""cpu_time"": 24, ""logical_reads"": 0, ""writes"": 0, ""wait_type"": ""PREEMPTIVE_OS_FLUSHFILEBUFFERS""}",COMMIT TRANSACTION,33.0,24.0,0.0,0.0,PREEMPTIVE_OS_FLUSHFILEBUFFERS,0,0,0,UNKNOWN
sql_batch_completed,2026-09-04 05:06:03.322,52,0,0,SteelNort,"{""event_name"": ""sql_batch_completed"", ""timestamp"": ""2026-09-04 05:06:03.322"", ""database_name"": ""SteelNort"", ""session_id"": 52, ""command"": ""AWAITING COMMAND"", ""duration"": 5034, ""cpu_time"": 0, ""logical_reads"": 0, ""writes"": 0, ""status"": ""completed""}",AWAITING COMMAND,5034.0,0.0,0.0,0.0,0,0,0,completed,UNKNOWN
sql_batch_completed,2026-09-04 05:06:03.322,77,0,0,SteelNort,"{""event_name"": ""sql_batch_completed"", ""timestamp"": ""2026-09-04 05:06:03.322"", ""database_name"": ""SteelNort"", ""session_id"": 77, ""command"": ""EXECUTE"", ""duration"": 5208, ""cpu_time"": 100, ""logical_reads"": 0, ""writes"": 0, ""status"": ""completed""}",EXECUTE,5208.0,100.0,0.0,0.0,0,0,0,completed,USER
lock_acquired,2026-09-04 05:06:03.322,69,0,0,0,"{""event_name"": ""lock_acquired"", ""timestamp"": ""2026-09-04 05:06:03.322"", ""session_id"": 69, ""resource_type"": ""PAGE"", ""mode"": ""IX""}",0,0.0,0.0,0.0,0.0,0,PAGE,IX,0,UNKNOWN
lock_acquired,2026-09-04 05:06:03.322,69,0,0,0,"{""event_name"": ""lock_acquired"", ""timestamp"": ""2026-09-04 05:06:03.322"", ""session_id"": 69, ""resource_type"": ""OBJECT"", ""mode"": ""IX""}",0,0.0,0.0,0.0,0.0,0,OBJECT,IX,0,UNKNOWN
lock_acquired,2026-09-04 05:06:03.322,69,0,0,0,"{""event_name"": ""lock_acquired"", ""timestamp"": ""2026-09-04 05:06:03.322"", ""session_id"": 69, ""resource_type"": ""KEY"", ""mode"": ""X""}",0,0.0,0.0,0.0,0.0,0,KEY,X,0,UNKNOWN
lock_acquired,2026-09-04 05:06:03.322,69,0,0,0,"{""event_name"": ""lock_acquired"", ""timestamp"": ""2026-09-04 05:06:03.322"", ""session_id"": 69, ""resource_type"": ""RID"", ""mode"": ""X""}",0,0.0,0.0,0.0,0.0,0,RID,X,0,UNKNOWN
wait_info,2026-09-04 05:06:08.365,58,0,0,master,"{""event_name"": ""wait_info"", ""timestamp"": ""2026-09-04 05:06:08.365"", ""session_id"": 58, ""wait_type"": ""SLEEP_TASK"", ""database_name"": ""master""}",0,0.0,0.0,0.0,0.0,SLEEP_TASK,0,0,0,UNKNOWN
sql_batch_completed,2026-09-04 05:06:08.365,69,0,0,SteelNort,"{""event_name"": ""sql_batch_completed"", ""timestamp"": ""2026-09-04 05:06:08.365"", ""database_name"": ""SteelNort"", ""session_id"": 69, ""command"": ""COMMIT TRANSACTION"", ""duration"": 5072, ""cpu_time"": 24, ""logical_reads"": 0, ""writes"": 0, ""status"": ""completed""}",COMMIT TRANSACTION,5072.0,24.0,0.0,0.0,0,0,0,completed,UNKNOWN
lock_released,2026-09-04 05:06:08.365,69,0,0,0,"{""event_name"": ""lock_released"", ""timestamp"": ""2026-09-04 05:06:08.365"", ""session_id"": 69, ""resource_type"": ""PAGE"", ""mode"": ""IX""}",0,0.0,0.0,0.0,0.0,0,PAGE,IX,0,UNKNOWN
lock_released,2026-09-04 05:06:08.365,69,0,0,0,"{""event_name"": ""lock_released"", ""timestamp"": ""2026-09-04 05:06:08.365"", ""session_id"": 69, ""resource_type"": ""OBJECT"", ""mode"": ""IX""}",0,0.0,0.0,0.0,0.0,0,OBJECT,IX,0,UNKNOWN
lock_released,2026-09-04 05:06:08.365,69,0,0,0,"{""event_name"": ""lock_released"", ""timestamp"": ""2026-09-04 05:06:08.365"", ""session_id"": 69, ""resource_type"": ""KEY"", ""mode"": ""X""}",0,0.0,0.0,0.0,0.0,0,KEY,X,0,UNKNOWN
lock_released,2026-09-04 05:06:08.365,69,0,0,0,"{""event_name"": ""lock_released"", ""timestamp"": ""2026-09-04 05:06:08.365"", ""session_id"": 69, ""resource_type"": ""RID"", ""mode"": ""X""}",0,0.0,0.0,0.0,0.0,0,RID,X,0,UNKNOWN
wait_info,2026-09-04 05:06:13.391,58,0,0,master,"{""event_name"": ""wait_info"", ""timestamp"": ""2026-09-04 05:06:13.391"", ""session_id"": 58, ""wait_type"": ""BROKER_TO_FLUSH"", ""database_name"": ""master""}",0,0.0,0.0,0.0,0.0,BROKER_TO_FLUSH,0,0,0,UNKNOWN
lock_acquired,2026-09-04 05:06:13.391,67,0,0,0,"{""event_name"": ""lock_acquired"", ""timestamp"": ""2026-09-04 05:06:13.391"", ""session_id"": 67, ""resource_type"": ""KEY"", ""mode"": ""X""}",0,0.0,0.0,0.0,0.0,0,KEY,X,0,UNKNOWN
wait_info,2026-09-04 05:06:18.413,58,0,0,master,"{""event_name"": ""wait_info"", ""timestamp"": ""2026-09-04 05:06:18.413"", ""session_id"": 58, ""wait_type"": ""SLEEP_TASK"", ""database_name"": ""master""}",0,0.0,0.0,0.0,0.0,SLEEP_TASK,0,0,0,UNKNOWN
sql_batch_completed,2026-09-04 05:06:18.413,65,0,0,SteelNort,"{""event_name"": ""sql_batch_completed"", ""timestamp"": ""2026-09-04 05:06:18.413"", ""database_name"": ""SteelNort"", ""session_id"": 65, ""command"": ""AWAITING COMMAND"", ""duration"": 6, ""cpu_time"": 0, ""logical_reads"": 0, ""writes"": 0}",AWAITING COMMAND,6.0,0.0,0.0,0.0,0,0,0,0,UNKNOWN
lock_released,2026-09-04 05:06:18.413,67,0,0,0,"{""event_name"": ""lock_released"", ""timestamp"": ""2026-09-04 05:06:18.413"", ""session_id"": 67, ""resource_type"": ""KEY"", ""mode"": ""X""}",0,0.0,0.0,0.0,0.0,0,KEY,X,0,UNKNOWN
sql_batch_completed,2026-09-04 05:06:23.443,52,0,0,SteelNort,"{""event_name"": ""sql_batch_completed"", ""timestamp"": ""2026-09-04 05:06:23.443"", ""database_name"": ""SteelNort"", ""session_id"": 52, ""command"": ""EXECUTE"", ""duration"": 3, ""cpu_time"": 0, ""logical_reads"": 0, ""writes"": 0}",EXECUTE,3.0,0.0,0.0,0.0,0,0,0,0,USER
wait_info,2026-09-04 05:06:23.443,58,0,0,master,"{""event_name"": ""wait_info"", ""timestamp"": ""2026-09-04 05:06:23.443"", ""session_id"": 58, ""wait_type"": ""BROKER_TO_FLUSH"", ""database_name"": ""master""}",0,0.0,0.0,0.0,0.0,BROKER_TO_FLUSH,0,0,0,UNKNOWN
sql_batch_completed,2026-09-04 05:06:23.443,69,0,0,SteelNort,"{""event_name"": ""sql_batch_completed"", ""timestamp"": ""2026-09-04 05:06:23.443"", ""database_name"": ""SteelNort"", ""session_id"": 69, ""command"": ""EXECUTE"", ""duration"": 5, ""cpu_time"": 0, ""logical_reads"": 0, ""writes"": 0}",EXECUTE,5.0,0.0,0.0,0.0,0,0,0,0,USER
sql_batch_completed,2026-09-04 05:06:23.443,65,0,0,SteelNort,"{""event_name"": ""sql_batch_completed"", ""timestamp"": ""2026-09-04 05:06:23.443"", ""database_name"": ""SteelNort"", ""session_id"": 65, ""command"": ""AWAITING COMMAND"", ""duration"": 5036, ""cpu_time"": 0, ""logical_reads"": 0, ""writes"": 0, ""status"": ""completed""}",AWAITING COMMAND,5036.0,0.0,0.0,0.0,0,0,0,completed,UNKNOWN
wait_info,2026-09-04 05:06:28.471,58,0,0,master,"{""event_name"": ""wait_info"", ""timestamp"": ""2026-09-04 05:06:28.471"", ""session_id"": 58, ""wait_type"": ""SLEEP_TASK"", ""database_name"": ""master""}",0,0.0,0.0,0.0,0.0,SLEEP_TASK,0,0,0,UNKNOWN
sql_batch_completed,2026-09-04 05:06:28.471,52,0,0,SteelNort,"{""event_name"": ""sql_batch_completed"", ""timestamp"": ""2026-09-04 05:06:28.471"", ""database_name"": ""SteelNort"", ""session_id"": 52, ""command"": ""EXECUTE"", ""duration"": 5031, ""cpu_time"": 0, ""logical_reads"": 0, ""writes"": 0, ""status"": ""completed""}",EXECUTE,5031.0,0.0,0.0,0.0,0,0,0,completed,USER
sql_batch_completed,2026-09-04 05:06:28.471,69,0,0,SteelNort,"{""event_name"": ""sql_batch_completed"", ""timestamp"": ""2026-09-04 05:06:28.471"", ""database_name"": ""SteelNort"", ""session_id"": 69, ""command"": ""EXECUTE"", ""duration"": 5032, ""cpu_time"": 0, ""logical_reads"": 0, ""writes"": 0, ""status"": ""completed""}",EXECUTE,5032.0,0.0,0.0,0.0,0,0,0,completed,USER
wait_info,2026-09-04 05:06:38.518,58,0,0,master,"{""event_name"": ""wait_info"", ""timestamp"": ""2026-09-04 05:06:38.518"", ""session_id"": 58, ""wait_type"": ""BROKER_TO_FLUSH"", ""database_name"": ""master""}",0,0.0,0.0,0.0,0.0,BROKER_TO_FLUSH,0,0,0,UNKNOWN
wait_info,2026-09-04 05:06:43.540,58,0,0,master,"{""event_name"": ""wait_info"", ""timestamp"": ""2026-09-04 05:06:43.540"", ""session_id"": 58, ""wait_type"": ""SLEEP_TASK"", ""database_name"": ""master""}",0,0.0,0.0,0.0,0.0,SLEEP_TASK,0,0,0,UNKNOWN
wait_info,2026-09-04 05:06:48.565,58,0,0,master,"{""event_name"": ""wait_info"", ""timestamp"": ""2026-09-04 05:06:48.565"", ""session_id"": 58, ""wait_type"": ""BROKER_TO_FLUSH"", ""database_name"": ""master""}",0,0.0,0.0,0.0,0.0,BROKER_TO_FLUSH,0,0,0,UNKNOWN
sql_batch_completed,2026-09-04 05:06:48.565,69,0,0,SteelNort,"{""event_name"": ""sql_batch_completed"", ""timestamp"": ""2026-09-04 05:06:48.565"", ""database_name"": ""SteelNort"", ""session_id"": 69, ""command"": ""EXECUTE"", ""duration"": 5, ""cpu_time"": 0, ""logical_reads"": 0, ""writes"": 0}",EXECUTE,5.0,0.0,0.0,0.0,0,0,0,0,USER
login,2026-09-04 05:06:53.588,81,sa,unknown,SteelNort,"{""event_name"": ""login"", ""timestamp"": ""2026-09-04 05:06:53.588"", ""session_id"": 81, ""login_name"": ""sa"", ""program_name"": ""unknown"", ""database_name"": ""SteelNort""}",0,0.0,0.0,0.0,0.0,0,0,0,0,UNKNOWN
wait_info,2026-09-04 05:06:53.588,58,0,0,master,"{""event_name"": ""wait_info"", ""timestamp"": ""2026-09-04 05:06:53.588"", ""session_id"": 58, ""wait_type"": ""SLEEP_TASK"", ""database_name"": ""master""}",0,0.0,0.0,0.0,0.0,SLEEP_TASK,0,0,0,UNKNOWN
sql_batch_completed,2026-09-04 05:06:53.588,81,0,0,SteelNort,"{""event_name"": ""sql_batch_completed"", ""timestamp"": ""2026-09-04 05:06:53.588"", ""database_name"": ""SteelNort"", ""session_id"": 81, ""command"": ""BRKR TASK"", ""duration"": 260, ""cpu_time"": 17, ""logical_reads"": 0, ""writes"": 0, ""wait_type"": ""PREEMPTIVE_OS_FLUSHFILEBUFFERS""}",BRKR TASK,260.0,17.0,0.0,0.0,PREEMPTIVE_OS_FLUSHFILEBUFFERS,0,0,0,SQL_SERVER_INTERNAL
sql_batch_completed,2026-09-04 05:06:53.588,69,0,0,SteelNort,"{""event_name"": ""sql_batch_completed"", ""timestamp"": ""2026-09-04 05:06:53.588"", ""database_name"": ""SteelNort"", ""session_id"": 69, ""command"": ""EXECUTE"", ""duration"": 5031, ""cpu_time"": 0, ""logical_reads"": 0, ""writes"": 0, ""status"": ""completed""}",EXECUTE,5031.0,0.0,0.0,0.0,0,0,0,completed,USER
lock_acquired,2026-09-04 05:06:53.588,81,0,0,0,"{""event_name"": ""lock_acquired"", ""timestamp"": ""2026-09-04 05:06:53.588"", ""session_id"": 81, ""resource_type"": ""METADATA"", ""mode"": ""X""}",0,0.0,0.0,0.0,0.0,0,METADATA,X,0,UNKNOWN
lock_acquired,2026-09-04 05:06:53.588,81,0,0,0,"{""event_name"": ""lock_acquired"", ""timestamp"": ""2026-09-04 05:06:53.588"", ""session_id"": 81, ""resource_type"": ""DATABASE"", ""mode"": ""S""}",0,0.0,0.0,0.0,0.0,0,DATABASE,S,0,UNKNOWN
lock_acquired,2026-09-04 05:06:53.588,81,0,0,0,"{""event_name"": ""lock_acquired"", ""timestamp"": ""2026-09-04 05:06:53.588"", ""session_id"": 81, ""resource_type"": ""OBJECT"", ""mode"": ""IX""}",0,0.0,0.0,0.0,0.0,0,OBJECT,IX,0,UNKNOWN
lock_acquired,2026-09-04 05:06:53.588,81,0,0,0,"{""event_name"": ""lock_acquired"", ""timestamp"": ""2026-09-04 05:06:53.588"", ""session_id"": 81, ""resource_type"": ""PAGE"", ""mode"": ""IX""}",0,0.0,0.0,0.0,0.0,0,PAGE,IX,0,UNKNOWN
lock_acquired,2026-09-04 05:06:53.588,81,0,0,0,"{""event_name"": ""lock_acquired"", ""timestamp"": ""2026-09-04 05:06:53.588"", ""session_id"": 81, ""resource_type"": ""KEY"", ""mode"": ""X""}",0,0.0,0.0,0.0,0.0,0,KEY,X,0,UNKNOWN
login,2026-09-04 05:06:58.621,80,sa,unknown,SteelNort,"{""event_name"": ""login"", ""timestamp"": ""2026-09-04 05:06:58.621"", ""session_id"": 80, ""login_name"": ""sa"", ""program_name"": ""unknown"", ""database_name"": ""SteelNort""}",0,0.0,0.0,0.0,0.0,0,0,0,0,UNKNOWN
wait_info,2026-09-04 05:06:58.621,58,0,0,master,"{""event_name"": ""wait_info"", ""timestamp"": ""2026-09-04 05:06:58.621"", ""session_id"": 58, ""wait_type"": ""BROKER_TO_FLUSH"", ""database_name"": ""master""}",0,0.0,0.0,0.0,0.0,BROKER_TO_FLUSH,0,0,0,UNKNOWN
sql_batch_completed,2026-09-04 05:06:58.621,80,0,0,master,"{""event_name"": ""sql_batch_completed"", ""timestamp"": ""2026-09-04 05:06:58.621"", ""database_name"": ""master"", ""session_id"": 80, ""command"": ""BRKR TASK"", ""duration"": 3883, ""cpu_time"": 0, ""logical_reads"": 0, ""writes"": 0, ""wait_type"": ""BROKER_TASK_STOP""}",BRKR TASK,3883.0,0.0,0.0,0.0,BROKER_TASK_STOP,0,0,0,SQL_SERVER_INTERNAL
wait_info,2026-09-04 05:06:58.621,81,0,0,master,"{""event_name"": ""wait_info"", ""timestamp"": ""2026-09-04 05:06:58.621"", ""session_id"": 81, ""wait_type"": ""BROKER_TASK_STOP"", ""database_name"": ""master""}",0,0.0,0.0,0.0,0.0,BROKER_TASK_STOP,0,0,0,UNKNOWN
lock_released,2026-09-04 05:06:58.621,81,0,0,0,"{""event_name"": ""lock_released"", ""timestamp"": ""2026-09-04 05:06:58.621"", ""session_id"": 81, ""resource_type"": ""METADATA"", ""mode"": ""X""}",0,0.0,0.0,0.0,0.0,0,METADATA,X,0,UNKNOWN
lock_released,2026-09-04 05:06:58.621,81,0,0,0,"{""event_name"": ""lock_released"", ""timestamp"": ""2026-09-04 05:06:58.621"", ""session_id"": 81, ""resource_type"": ""DATABASE"", ""mode"": ""S""}",0,0.0,0.0,0.0,0.0,0,DATABASE,S,0,UNKNOWN
lock_released,2026-09-04 05:06:58.621,81,0,0,0,"{""event_name"": ""lock_released"", ""timestamp"": ""2026-09-04 05:06:58.621"", ""session_id"": 81, ""resource_type"": ""OBJECT"", ""mode"": ""IX""}",0,0.0,0.0,0.0,0.0,0,OBJECT,IX,0,UNKNOWN
lock_released,2026-09-04 05:06:58.621,81,0,0,0,"{""event_name"": ""lock_released"", ""timestamp"": ""2026-09-04 05:06:58.621"", ""session_id"": 81, ""resource_type"": ""PAGE"", ""mode"": ""IX""}",0,0.0,0.0,0.0,0.0,0,PAGE,IX,0,UNKNOWN
lock_released,2026-09-04 05:06:58.621,81,0,0,0,"{""event_name"": ""lock_released"", ""timestamp"": ""2026-09-04 05:06:58.621"", ""session_id"": 81, ""resource_type"": ""KEY"", ""mode"": ""X""}",0,0.0,0.0,0.0,0.0,0,KEY,X,0,UNKNOWN
wait_info,2026-09-04 05:07:03.658,58,0,0,master,"{""event_name"": ""wait_info"", ""timestamp"": ""2026-09-04 05:07:03.658"", ""session_id"": 58, ""wait_type"": ""SLEEP_TASK"", ""database_name"": ""master""}",0,0.0,0.0,0.0,0.0,SLEEP_TASK,0,0,0,UNKNOWN
sql_batch_completed,2026-09-04 05:07:03.658,65,0,0,SteelNort,"{""event_name"": ""sql_batch_completed"", ""timestamp"": ""2026-09-04 05:07:03.658"", ""database_name"": ""SteelNort"", ""session_id"": 65, ""command"": ""EXECUTE"", ""duration"": 4, ""cpu_time"": 0, ""logical_reads"": 0, ""writes"": 0}",EXECUTE,4.0,0.0,0.0,0.0,0,0,0,0,USER
logout,2026-09-04 05:07:08.678,80,0,0,0,"{""event_name"": ""logout"", ""timestamp"": ""2026-09-04 05:07:08.678"", ""session_id"": 80}",0,0.0,0.0,0.0,0.0,0,0,0,0,UNKNOWN
logout,2026-09-04 05:07:08.678,81,0,0,0,"{""event_name"": ""logout"", ""timestamp"": ""2026-09-04 05:07:08.678"", ""session_id"": 81}",0,0.0,0.0,0.0,0.0,0,0,0,0,UNKNOWN
sql_batch_completed,2026-09-04 05:07:08.678,52,0,0,SteelNort,"{""event_name"": ""sql_batch_completed"", ""timestamp"": ""2026-09-04 05:07:08.678"", ""database_name"": ""SteelNort"", ""session_id"": 52, ""command"": ""EXECUTE"", ""duration"": 6, ""cpu_time"": 0, ""logical_reads"": 0, ""writes"": 0}",EXECUTE,6.0,0.0,0.0,0.0,0,0,0,0,USER
wait_info,2026-09-04 05:07:08.678,58,0,0,master,"{""event_name"": ""wait_info"", ""timestamp"": ""2026-09-04 05:07:08.678"", ""session_id"": 58, ""wait_type"": ""BROKER_TO_FLUSH"", ""database_name"": ""master""}",0,0.0,0.0,0.0,0.0,BROKER_TO_FLUSH,0,0,0,UNKNOWN
sql_batch_completed,2026-09-04 05:07:08.678,69,0,0,SteelNort,"{""event_name"": ""sql_batch_completed"", ""timestamp"": ""2026-09-04 05:07:08.678"", ""database_name"": ""SteelNort"", ""session_id"": 69, ""command"": ""AWAITING COMMAND"", ""duration"": 8, ""cpu_time"": 0, ""logical_reads"": 0, ""writes"": 0}",AWAITING COMMAND,8.0,0.0,0.0,0.0,0,0,0,0,UNKNOWN
sql_batch_completed,2026-09-04 05:07:08.678,80,0,0,master,"{""event_name"": ""sql_batch_completed"", ""timestamp"": ""2026-09-04 05:07:08.678"", ""database_name"": ""master"", ""session_id"": 80, ""command"": ""BRKR TASK"", ""duration"": 13943, ""cpu_time"": 0, ""logical_reads"": 0, ""writes"": 0, ""status"": ""completed""}",BRKR TASK,13943.0,0.0,0.0,0.0,0,0,0,completed,SQL_SERVER_INTERNAL
sql_batch_completed,2026-09-04 05:07:08.678,65,0,0,SteelNort,"{""event_name"": ""sql_batch_completed"", ""timestamp"": ""2026-09-04 05:07:08.678"", ""database_name"": ""SteelNort"", ""session_id"": 65, ""command"": ""EXECUTE"", ""duration"": 5033, ""cpu_time"": 0, ""logical_reads"": 0, ""writes"": 0, ""status"": ""completed""}",EXECUTE,5033.0,0.0,0.0,0.0,0,0,0,completed,USER
sql_batch_completed,2026-09-04 05:07:08.678,81,0,0,master,"{""event_name"": ""sql_batch_completed"", ""timestamp"": ""2026-09-04 05:07:08.678"", ""database_name"": ""master"", ""session_id"": 81, ""command"": ""BRKR TASK"", ""duration"": 14417, ""cpu_time"": 0, ""logical_reads"": 0, ""writes"": 0, ""status"": ""completed""}",BRKR TASK,14417.0,0.0,0.0,0.0,0,0,0,completed,SQL_SERVER_INTERNAL
wait_info,2026-09-04 05:07:13.709,58,0,0,master,"{""event_name"": ""wait_info"", ""timestamp"": ""2026-09-04 05:07:13.709"", ""session_id"": 58, ""wait_type"": ""SLEEP_TASK"", ""database_name"": ""master""}",0,0.0,0.0,0.0,0.0,SLEEP_TASK,0,0,0,UNKNOWN
sql_batch_completed,2026-09-04 05:07:13.709,52,0,0,SteelNort,"{""event_name"": ""sql_batch_completed"", ""timestamp"": ""2026-09-04 05:07:13.709"", ""database_name"": ""SteelNort"", ""session_id"": 52, ""command"": ""EXECUTE"", ""duration"": 5034, ""cpu_time"": 0, ""logical_reads"": 0, ""writes"": 0, ""status"": ""completed""}",EXECUTE,5034.0,0.0,0.0,0.0,0,0,0,completed,USER
sql_batch_completed,2026-09-04 05:07:13.709,69,0,0,SteelNort,"{""event_name"": ""sql_batch_completed"", ""timestamp"": ""2026-09-04 05:07:13.709"", ""database_name"": ""SteelNort"", ""session_id"": 69, ""command"": ""AWAITING COMMAND"", ""duration"": 5035, ""cpu_time"": 0, ""logical_reads"": 0, ""writes"": 0, ""status"": ""completed""}",AWAITING COMMAND,5035.0,0.0,0.0,0.0,0,0,0,completed,UNKNOWN
wait_info,2026-09-04 05:07:18.734,58,0,0,master,"{""event_name"": ""wait_info"", ""timestamp"": ""2026-09-04 05:07:18.734"", ""session_id"": 58, ""wait_type"": ""BROKER_TO_FLUSH"", ""database_name"": ""master""}",0,0.0,0.0,0.0,0.0,BROKER_TO_FLUSH,0,0,0,UNKNOWN
sql_batch_completed,2026-09-04 05:07:23.758,52,0,0,SteelNort,"{""event_name"": ""sql_batch_completed"", ""timestamp"": ""2026-09-04 05:07:23.758"", ""database_name"": ""SteelNort"", ""session_id"": 52, ""command"": ""EXECUTE"", ""duration"": 5, ""cpu_time"": 0, ""logical_reads"": 0, ""writes"": 0}",EXECUTE,5.0,0.0,0.0,0.0,0,0,0,0,USER
wait_info,2026-09-04 05:07:23.758,58,0,0,master,"{""event_name"": ""wait_info"", ""timestamp"": ""2026-09-04 05:07:23.758"", ""session_id"": 58, ""wait_type"": ""SLEEP_TASK"", ""database_name"": ""master""}",0,0.0,0.0,0.0,0.0,SLEEP_TASK,0,0,0,UNKNOWN
sql_batch_completed,2026-09-04 05:07:28.784,52,0,0,SteelNort,"{""event_name"": ""sql_batch_completed"", ""timestamp"": ""2026-09-04 05:07:28.784"", ""database_name"": ""SteelNort"", ""session_id"": 52, ""command"": ""EXECUTE"", ""duration"": 5033, ""cpu_time"": 0, ""logical_reads"": 0, ""writes"": 0, ""status"": ""completed""}",EXECUTE,5033.0,0.0,0.0,0.0,0,0,0,completed,USER
login,2026-09-04 05:07:33.813,80,sa,unknown,SteelNort,"{""event_name"": ""login"", ""timestamp"": ""2026-09-04 05:07:33.813"", ""session_id"": 80, ""login_name"": ""sa"", ""program_name"": ""unknown"", ""database_name"": ""SteelNort""}",0,0.0,0.0,0.0,0.0,0,0,0,0,UNKNOWN
wait_info,2026-09-04 05:07:33.813,58,0,0,master,"{""event_name"": ""wait_info"", ""timestamp"": ""2026-09-04 05:07:33.813"", ""session_id"": 58, ""wait_type"": ""BROKER_TO_FLUSH"", ""database_name"": ""master""}",0,0.0,0.0,0.0,0.0,BROKER_TO_FLUSH,0,0,0,UNKNOWN
sql_batch_completed,2026-09-04 05:07:33.813,63,0,0,SteelNort,"{""event_name"": ""sql_batch_completed"", ""timestamp"": ""2026-09-04 05:07:33.813"", ""database_name"": ""SteelNort"", ""session_id"": 63, ""command"": ""AWAITING COMMAND"", ""duration"": 7, ""cpu_time"": 0, ""logical_reads"": 0, ""writes"": 0}",AWAITING COMMAND,7.0,0.0,0.0,0.0,0,0,0,0,UNKNOWN
sql_batch_completed,2026-09-04 05:07:33.813,80,0,0,master,"{""event_name"": ""sql_batch_completed"", ""timestamp"": ""2026-09-04 05:07:33.813"", ""database_name"": ""master"", ""session_id"": 80, ""command"": ""BRKR TASK"", ""duration"": 745, ""cpu_time"": 0, ""logical_reads"": 0, ""writes"": 0, ""wait_type"": ""BROKER_TASK_STOP""}",BRKR TASK,745.0,0.0,0.0,0.0,BROKER_TASK_STOP,0,0,0,SQL_SERVER_INTERNAL
wait_info,2026-09-04 05:07:38.839,58,0,0,master,"{""event_name"": ""wait_info"", ""timestamp"": ""2026-09-04 05:07:38.839"", ""session_id"": 58, ""wait_type"": ""SLEEP_TASK"", ""database_name"": ""master""}",0,0.0,0.0,0.0,0.0,SLEEP_TASK,0,0,0,UNKNOWN
sql_batch_completed,2026-09-04 05:07:38.839,63,0,0,SteelNort,"{""event_name"": ""sql_batch_completed"", ""timestamp"": ""2026-09-04 05:07:38.839"", ""database_name"": ""SteelNort"", ""session_id"": 63, ""command"": ""AWAITING COMMAND"", ""duration"": 5030, ""cpu_time"": 0, ""logical_reads"": 0, ""writes"": 0, ""status"": ""completed""}",AWAITING COMMAND,5030.0,0.0,0.0,0.0,0,0,0,completed,UNKNOWN
logout,2026-09-04 05:07:43.865,80,0,0,0,"{""event_name"": ""logout"", ""timestamp"": ""2026-09-04 05:07:43.865"", ""session_id"": 80}",0,0.0,0.0,0.0,0.0,0,0,0,0,UNKNOWN
wait_info,2026-09-04 05:07:43.865,58,0,0,master,"{""event_name"": ""wait_info"", ""timestamp"": ""2026-09-04 05:07:43.865"", ""session_id"": 58, ""wait_type"": ""BROKER_TO_FLUSH"", ""database_name"": ""master""}",0,0.0,0.0,0.0,0.0,BROKER_TO_FLUSH,0,0,0,UNKNOWN
sql_batch_completed,2026-09-04 05:07:43.865,80,0,0,master,"{""event_name"": ""sql_batch_completed"", ""timestamp"": ""2026-09-04 05:07:43.865"", ""database_name"": ""master"", ""session_id"": 80, ""command"": ""BRKR TASK"", ""duration"": 10793, ""cpu_time"": 0, ""logical_reads"": 0, ""writes"": 0, ""status"": ""completed""}",BRKR TASK,10793.0,0.0,0.0,0.0,0,0,0,completed,SQL_SERVER_INTERNAL
wait_info,2026-09-04 05:07:48.894,58,0,0,master,"{""event_name"": ""wait_info"", ""timestamp"": ""2026-09-04 05:07:48.894"", ""session_id"": 58, ""wait_type"": ""SLEEP_TASK"", ""database_name"": ""master""}",0,0.0,0.0,0.0,0.0,SLEEP_TASK,0,0,0,UNKNOWN
wait_info,2026-09-04 05:07:53.916,58,0,0,master,"{""event_name"": ""wait_info"", ""timestamp"": ""2026-09-04 05:07:53.916"", ""session_id"": 58, ""wait_type"": ""BROKER_TO_FLUSH"", ""database_name"": ""master""}",0,0.0,0.0,0.0,0.0,BROKER_TO_FLUSH,0,0,0,UNKNOWN
sql_batch_completed,2026-09-04 05:07:53.916,69,0,0,SteelNort,"{""event_name"": ""sql_batch_completed"", ""timestamp"": ""2026-09-04 05:07:53.916"", ""database_name"": ""SteelNort"", ""session_id"": 69, ""command"": ""AWAITING COMMAND"", ""duration"": 6, ""cpu_time"": 0, ""logical_reads"": 0, ""writes"": 0}",AWAITING COMMAND,6.0,0.0,0.0,0.0,0,0,0,0,UNKNOWN
wait_info,2026-09-04 05:07:53.916,75,0,0,master,"{""event_name"": ""wait_info"", ""timestamp"": ""2026-09-04 05:07:53.916"", ""session_id"": 75, ""wait_type"": ""SLEEP_TASK"", ""database_name"": ""master""}",0,0.0,0.0,0.0,0.0,SLEEP_TASK,0,0,0,UNKNOWN
wait_info,2026-09-04 05:07:58.943,58,0,0,master,"{""event_name"": ""wait_info"", ""timestamp"": ""2026-09-04 05:07:58.943"", ""session_id"": 58, ""wait_type"": ""SLEEP_TASK"", ""database_name"": ""master""}",0,0.0,0.0,0.0,0.0,SLEEP_TASK,0,0,0,UNKNOWN
sql_batch_completed,2026-09-04 05:07:58.943,69,0,0,SteelNort,"{""event_name"": ""sql_batch_completed"", ""timestamp"": ""2026-09-04 05:07:58.943"", ""database_name"": ""SteelNort"", ""session_id"": 69, ""command"": ""AWAITING COMMAND"", ""duration"": 5032, ""cpu_time"": 0, ""logical_reads"": 0, ""writes"": 0, ""status"": ""completed""}",AWAITING COMMAND,5032.0,0.0,0.0,0.0,0,0,0,completed,UNKNOWN
lock_acquired,2026-09-04 05:07:58.943,68,0,0,0,"{""event_name"": ""lock_acquired"", ""timestamp"": ""2026-09-04 05:07:58.943"", ""session_id"": 68, ""resource_type"": ""PAGE"", ""mode"": ""IX""}",0,0.0,0.0,0.0,0.0,0,PAGE,IX,0,UNKNOWN
lock_acquired,2026-09-04 05:07:58.943,68,0,0,0,"{""event_name"": ""lock_acquired"", ""timestamp"": ""2026-09-04 05:07:58.943"", ""session_id"": 68, ""resource_type"": ""OBJECT"", ""mode"": ""IX""}",0,0.0,0.0,0.0,0.0,0,OBJECT,IX,0,UNKNOWN
lock_acquired,2026-09-04 05:07:58.943,68,0,0,0,"{""event_name"": ""lock_acquired"", ""timestamp"": ""2026-09-04 05:07:58.943"", ""session_id"": 68, ""resource_type"": ""RID"", ""mode"": ""X""}",0,0.0,0.0,0.0,0.0,0,RID,X,0,UNKNOWN
lock_acquired,2026-09-04 05:07:58.943,68,0,0,0,"{""event_name"": ""lock_acquired"", ""timestamp"": ""2026-09-04 05:07:58.943"", ""session_id"": 68, ""resource_type"": ""KEY"", ""mode"": ""X""}",0,0.0,0.0,0.0,0.0,0,KEY,X,0,UNKNOWN
wait_info,2026-09-04 05:08:03.973,58,0,0,master,"{""event_name"": ""wait_info"", ""timestamp"": ""2026-09-04 05:08:03.973"", ""session_id"": 58, ""wait_type"": ""BROKER_TO_FLUSH"", ""database_name"": ""master""}",0,0.0,0.0,0.0,0.0,BROKER_TO_FLUSH,0,0,0,UNKNOWN
lock_released,2026-09-04 05:08:03.973,68,0,0,0,"{""event_name"": ""lock_released"", ""timestamp"": ""2026-09-04 05:08:03.973"", ""session_id"": 68, ""resource_type"": ""PAGE"", ""mode"": ""IX""}",0,0.0,0.0,0.0,0.0,0,PAGE,IX,0,UNKNOWN
lock_released,2026-09-04 05:08:03.973,68,0,0,0,"{""event_name"": ""lock_released"", ""timestamp"": ""2026-09-04 05:08:03.973"", ""session_id"": 68, ""resource_type"": ""OBJECT"", ""mode"": ""IX""}",0,0.0,0.0,0.0,0.0,0,OBJECT,IX,0,UNKNOWN
lock_released,2026-09-04 05:08:03.973,68,0,0,0,"{""event_name"": ""lock_released"", ""timestamp"": ""2026-09-04 05:08:03.973"", ""session_id"": 68, ""resource_type"": ""RID"", ""mode"": ""X""}",0,0.0,0.0,0.0,0.0,0,RID,X,0,UNKNOWN
lock_released,2026-09-04 05:08:03.973,68,0,0,0,"{""event_name"": ""lock_released"", ""timestamp"": ""2026-09-04 05:08:03.973"", ""session_id"": 68, ""resource_type"": ""KEY"", ""mode"": ""X""}",0,0.0,0.0,0.0,0.0,0,KEY,X,0,UNKNOWN
wait_info,2026-09-04 05:08:09.000,58,0,0,master,"{""event_name"": ""wait_info"", ""timestamp"": ""2026-09-04 05:08:09.000"", ""session_id"": 58, ""wait_type"": ""SLEEP_TASK"", ""database_name"": ""master""}",0,0.0,0.0,0.0,0.0,SLEEP_TASK,0,0,0,UNKNOWN
wait_info,2026-09-04 05:08:14.022,58,0,0,master,"{""event_name"": ""wait_info"", ""timestamp"": ""2026-09-04 05:08:14.022"", ""session_id"": 58, ""wait_type"": ""BROKER_TO_FLUSH"", ""database_name"": ""master""}",0,0.0,0.0,0.0,0.0,BROKER_TO_FLUSH,0,0,0,UNKNOWN
wait_info,2026-09-04 05:08:19.053,58,0,0,master,"{""event_name"": ""wait_info"", ""timestamp"": ""2026-09-04 05:08:19.053"", ""session_id"": 58, ""wait_type"": ""SLEEP_TASK"", ""database_name"": ""master""}",0,0.0,0.0,0.0,0.0,SLEEP_TASK,0,0,0,UNKNOWN
sql_batch_completed,2026-09-04 05:08:24.076,68,0,0,SteelNort,"{""event_name"": ""sql_batch_completed"", ""timestamp"": ""2026-09-04 05:08:24.076"", ""database_name"": ""SteelNort"", ""session_id"": 68, ""command"": ""EXECUTE"", ""duration"": 6, ""cpu_time"": 0, ""logical_reads"": 0, ""writes"": 0}",EXECUTE,6.0,0.0,0.0,0.0,0,0,0,0,USER
sql_batch_completed,2026-09-04 05:08:29.105,52,0,0,SteelNort,"{""event_name"": ""sql_batch_completed"", ""timestamp"": ""2026-09-04 05:08:29.105"", ""database_name"": ""SteelNort"", ""session_id"": 52, ""command"": ""AWAITING COMMAND"", ""duration"": 6, ""cpu_time"": 0, ""logical_reads"": 0, ""writes"": 0}",AWAITING COMMAND,6.0,0.0,0.0,0.0,0,0,0,0,UNKNOWN
wait_info,2026-09-04 05:08:29.105,58,0,0,master,"{""event_name"": ""wait_info"", ""timestamp"": ""2026-09-04 05:08:29.105"", ""session_id"": 58, ""wait_type"": ""BROKER_TO_FLUSH"", ""database_name"": ""master""}",0,0.0,0.0,0.0,0.0,BROKER_TO_FLUSH,0,0,0,UNKNOWN
sql_batch_completed,2026-09-04 05:08:29.105,62,0,0,SteelNort,"{""event_name"": ""sql_batch_completed"", ""timestamp"": ""2026-09-04 05:08:29.105"", ""database_name"": ""SteelNort"", ""session_id"": 62, ""command"": ""AWAITING COMMAND"", ""duration"": 8, ""cpu_time"": 0, ""logical_reads"": 0, ""writes"": 0}",AWAITING COMMAND,8.0,0.0,0.0,0.0,0,0,0,0,UNKNOWN
sql_batch_completed,2026-09-04 05:08:29.105,68,0,0,SteelNort,"{""event_name"": ""sql_batch_completed"", ""timestamp"": ""2026-09-04 05:08:29.105"", ""database_name"": ""SteelNort"", ""session_id"": 68, ""command"": ""EXECUTE"", ""duration"": 5040, ""cpu_time"": 0, ""logical_reads"": 0, ""writes"": 0, ""status"": ""completed""}",EXECUTE,5040.0,0.0,0.0,0.0,0,0,0,completed,USER
wait_info,2026-09-04 05:08:34.132,58,0,0,master,"{""event_name"": ""wait_info"", ""timestamp"": ""2026-09-04 05:08:34.132"", ""session_id"": 58, ""wait_type"": ""SLEEP_TASK"", ""database_name"": ""master""}",0,0.0,0.0,0.0,0.0,SLEEP_TASK,0,0,0,UNKNOWN
sql_batch_completed,2026-09-04 05:08:34.132,52,0,0,SteelNort,"{""event_name"": ""sql_batch_completed"", ""timestamp"": ""2026-09-04 05:08:34.132"", ""database_name"": ""SteelNort"", ""session_id"": 52, ""command"": ""AWAITING COMMAND"", ""duration"": 5034, ""cpu_time"": 0, ""logical_reads"": 0, ""writes"": 0, ""status"": ""completed""}",AWAITING COMMAND,5034.0,0.0,0.0,0.0,0,0,0,completed,UNKNOWN
wait_info,2026-09-04 05:08:39.159,58,0,0,master,"{""event_name"": ""wait_info"", ""timestamp"": ""2026-09-04 05:08:39.159"", ""session_id"": 58, ""wait_type"": ""BROKER_TO_FLUSH"", ""database_name"": ""master""}",0,0.0,0.0,0.0,0.0,BROKER_TO_FLUSH,0,0,0,UNKNOWN
sql_batch_completed,2026-09-04 05:08:39.159,62,0,0,SteelNort,"{""event_name"": ""sql_batch_completed"", ""timestamp"": ""2026-09-04 05:08:39.159"", ""database_name"": ""SteelNort"", ""session_id"": 62, ""command"": ""AWAITING COMMAND"", ""duration"": 5037, ""cpu_time"": 0, ""logical_reads"": 0, ""writes"": 0, ""status"": ""completed""}",AWAITING COMMAND,5037.0,0.0,0.0,0.0,0,0,0,completed,UNKNOWN
wait_info,2026-09-04 05:08:44.189,58,0,0,master,"{""event_name"": ""wait_info"", ""timestamp"": ""2026-09-04 05:08:44.189"", ""session_id"": 58, ""wait_type"": ""SLEEP_TASK"", ""database_name"": ""master""}",0,0.0,0.0,0.0,0.0,SLEEP_TASK,0,0,0,UNKNOWN
sql_batch_completed,2026-09-04 05:08:44.189,62,0,0,SteelNort,"{""event_name"": ""sql_batch_completed"", ""timestamp"": ""2026-09-04 05:08:44.189"", ""database_name"": ""SteelNort"", ""session_id"": 62, ""command"": ""EXECUTE"", ""duration"": 7, ""cpu_time"": 0, ""logical_reads"": 0, ""writes"": 0}",EXECUTE,7.0,0.0,0.0,0.0,0,0,0,0,USER
wait_info,2026-09-04 05:08:49.214,58,0,0,master,"{""event_name"": ""wait_info"", ""timestamp"": ""2026-09-04 05:08:49.214"", ""session_id"": 58, ""wait_type"": ""BROKER_TO_FLUSH"", ""database_name"": ""master""}",0,0.0,0.0,0.0,0.0,BROKER_TO_FLUSH,0,0,0,UNKNOWN
sql_batch_completed,2026-09-04 05:08:49.214,62,0,0,SteelNort,"{""event_name"": ""sql_batch_completed"", ""timestamp"": ""2026-09-04 05:08:49.214"", ""database_name"": ""SteelNort"", ""session_id"": 62, ""command"": ""EXECUTE"", ""duration"": 5034, ""cpu_time"": 0, ""logical_reads"": 0, ""writes"": 0, ""status"": ""completed""}",EXECUTE,5034.0,0.0,0.0,0.0,0,0,0,completed,USER
logout,2026-09-04 05:08:54.233,72,0,0,0,"{""event_name"": ""logout"", ""timestamp"": ""2026-09-04 05:08:54.233"", ""session_id"": 72}",0,0.0,0.0,0.0,0.0,0,0,0,0,UNKNOWN
logout,2026-09-04 05:08:54.233,74,0,0,0,"{""event_name"": ""logout"", ""timestamp"": ""2026-09-04 05:08:54.233"", ""session_id"": 74}",0,0.0,0.0,0.0,0.0,0,0,0,0,UNKNOWN
logout,2026-09-04 05:08:54.233,75,0,0,0,"{""event_name"": ""logout"", ""timestamp"": ""2026-09-04 05:08:54.233"", ""session_id"": 75}",0,0.0,0.0,0.0,0.0,0,0,0,0,UNKNOWN
wait_info,2026-09-04 05:08:54.233,58,0,0,master,"{""event_name"": ""wait_info"", ""timestamp"": ""2026-09-04 05:08:54.233"", ""session_id"": 58, ""wait_type"": ""SLEEP_TASK"", ""database_name"": ""master""}",0,0.0,0.0,0.0,0.0,SLEEP_TASK,0,0,0,UNKNOWN
sql_batch_completed,2026-09-04 05:08:54.233,62,0,0,SteelNort,"{""event_name"": ""sql_batch_completed"", ""timestamp"": ""2026-09-04 05:08:54.233"", ""database_name"": ""SteelNort"", ""session_id"": 62, ""command"": ""EXECUTE"", ""duration"": 7, ""cpu_time"": 0, ""logical_reads"": 0, ""writes"": 0}",EXECUTE,7.0,0.0,0.0,0.0,0,0,0,0,USER
sql_batch_completed,2026-09-04 05:08:54.233,72,0,0,master,"{""event_name"": ""sql_batch_completed"", ""timestamp"": ""2026-09-04 05:08:54.233"", ""database_name"": ""master"", ""session_id"": 72, ""command"": ""TASK MANAGER"", ""duration"": 481262, ""cpu_time"": 0, ""logical_reads"": 0, ""writes"": 0, ""status"": ""completed""}",TASK MANAGER,481262.0,0.0,0.0,0.0,0,0,0,completed,SQL_SERVER_INTERNAL
sql_batch_completed,2026-09-04 05:08:54.233,74,0,0,master,"{""event_name"": ""sql_batch_completed"", ""timestamp"": ""2026-09-04 05:08:54.233"", ""database_name"": ""master"", ""session_id"": 74, ""command"": ""TASK MANAGER"", ""duration"": 481263, ""cpu_time"": 0, ""logical_reads"": 0, ""writes"": 0, ""status"": ""completed""}",TASK MANAGER,481263.0,0.0,0.0,0.0,0,0,0,completed,SQL_SERVER_INTERNAL
sql_batch_completed,2026-09-04 05:08:54.233,75,0,0,master,"{""event_name"": ""sql_batch_completed"", ""timestamp"": ""2026-09-04 05:08:54.233"", ""database_name"": ""master"", ""session_id"": 75, ""command"": ""TASK MANAGER"", ""duration"": 181191, ""cpu_time"": 0, ""logical_reads"": 0, ""writes"": 0, ""status"": ""completed""}",TASK MANAGER,181191.0,0.0,0.0,0.0,0,0,0,completed,SQL_SERVER_INTERNAL
lock_acquired,2026-09-04 05:08:54.233,67,0,0,0,"{""event_name"": ""lock_acquired"", ""timestamp"": ""2026-09-04 05:08:54.233"", ""session_id"": 67, ""resource_type"": ""KEY"", ""mode"": ""X""}",0,0.0,0.0,0.0,0.0,0,KEY,X,0,UNKNOWN
lock_acquired,2026-09-04 05:08:54.233,67,0,0,0,"{""event_name"": ""lock_acquired"", ""timestamp"": ""2026-09-04 05:08:54.233"", ""session_id"": 67, ""resource_type"": ""OBJECT"", ""mode"": ""IX""}",0,0.0,0.0,0.0,0.0,0,OBJECT,IX,0,UNKNOWN
lock_acquired,2026-09-04 05:08:54.233,67,0,0,0,"{""event_name"": ""lock_acquired"", ""timestamp"": ""2026-09-04 05:08:54.233"", ""session_id"": 67, ""resource_type"": ""RID"", ""mode"": ""X""}",0,0.0,0.0,0.0,0.0,0,RID,X,0,UNKNOWN
lock_acquired,2026-09-04 05:08:54.233,67,0,0,0,"{""event_name"": ""lock_acquired"", ""timestamp"": ""2026-09-04 05:08:54.233"", ""session_id"": 67, ""resource_type"": ""PAGE"", ""mode"": ""IX""}",0,0.0,0.0,0.0,0.0,0,PAGE,IX,0,UNKNOWN
wait_info,2026-09-04 05:08:59.276,58,0,0,master,"{""event_name"": ""wait_info"", ""timestamp"": ""2026-09-04 05:08:59.276"", ""session_id"": 58, ""wait_type"": ""BROKER_TO_FLUSH"", ""database_name"": ""master""}",0,0.0,0.0,0.0,0.0,BROKER_TO_FLUSH,0,0,0,UNKNOWN
sql_batch_completed,2026-09-04 05:08:59.276,62,0,0,SteelNort,"{""event_name"": ""sql_batch_completed"", ""timestamp"": ""2026-09-04 05:08:59.276"", ""database_name"": ""SteelNort"", ""session_id"": 62, ""command"": ""EXECUTE"", ""duration"": 5040, ""cpu_time"": 0, ""logical_reads"": 0, ""writes"": 0, ""status"": ""completed""}",EXECUTE,5040.0,0.0,0.0,0.0,0,0,0,completed,USER
lock_released,2026-09-04 05:08:59.276,67,0,0,0,"{""event_name"": ""lock_released"", ""timestamp"": ""2026-09-04 05:08:59.276"", ""session_id"": 67, ""resource_type"": ""KEY"", ""mode"": ""X""}",0,0.0,0.0,0.0,0.0,0,KEY,X,0,UNKNOWN
lock_released,2026-09-04 05:08:59.276,67,0,0,0,"{""event_name"": ""lock_released"", ""timestamp"": ""2026-09-04 05:08:59.276"", ""session_id"": 67, ""resource_type"": ""OBJECT"", ""mode"": ""IX""}",0,0.0,0.0,0.0,0.0,0,OBJECT,IX,0,UNKNOWN
lock_released,2026-09-04 05:08:59.276,67,0,0,0,"{""event_name"": ""lock_released"", ""timestamp"": ""2026-09-04 05:08:59.276"", ""session_id"": 67, ""resource_type"": ""RID"", ""mode"": ""X""}",0,0.0,0.0,0.0,0.0,0,RID,X,0,UNKNOWN
lock_released,2026-09-04 05:08:59.276,67,0,0,0,"{""event_name"": ""lock_released"", ""timestamp"": ""2026-09-04 05:08:59.276"", ""session_id"": 67, ""resource_type"": ""PAGE"", ""mode"": ""IX""}",0,0.0,0.0,0.0,0.0,0,PAGE,IX,0,UNKNOWN
wait_info,2026-09-04 05:09:04.306,58,0,0,master,"{""event_name"": ""wait_info"", ""timestamp"": ""2026-09-04 05:09:04.306"", ""session_id"": 58, ""wait_type"": ""SLEEP_TASK"", ""database_name"": ""master""}",0,0.0,0.0,0.0,0.0,SLEEP_TASK,0,0,0,UNKNOWN
wait_info,2026-09-04 05:09:09.327,58,0,0,master,"{""event_name"": ""wait_info"", ""timestamp"": ""2026-09-04 05:09:09.327"", ""session_id"": 58, ""wait_type"": ""BROKER_TO_FLUSH"", ""database_name"": ""master""}",0,0.0,0.0,0.0,0.0,BROKER_TO_FLUSH,0,0,0,UNKNOWN
sql_batch_completed,2026-09-04 05:09:14.351,60,0,0,SteelNort,"{""event_name"": ""sql_batch_completed"", ""timestamp"": ""2026-09-04 05:09:14.351"", ""database_name"": ""SteelNort"", ""session_id"": 60, ""command"": ""EXECUTE"", ""duration"": 7, ""cpu_time"": 0, ""logical_reads"": 0, ""writes"": 0}",EXECUTE,7.0,0.0,0.0,0.0,0,0,0,0,USER
sql_batch_completed,2026-09-04 05:09:14.351,78,0,0,SteelNort,"{""event_name"": ""sql_batch_completed"", ""timestamp"": ""2026-09-04 05:09:14.351"", ""database_name"": ""SteelNort"", ""session_id"": 78, ""command"": ""SELECT"", ""duration"": 15, ""cpu_time"": 6, ""logical_reads"": 0, ""writes"": 0}",SELECT,15.0,6.0,0.0,0.0,0,0,0,0,USER
lock_acquired,2026-09-04 05:09:14.351,78,0,0,0,"{""event_name"": ""lock_acquired"", ""timestamp"": ""2026-09-04 05:09:14.351"", ""session_id"": 78, ""resource_type"": ""OBJECT"", ""mode"": ""Sch-S""}",0,0.0,0.0,0.0,0.0,0,OBJECT,Sch-S,0,UNKNOWN
wait_info,2026-09-04 05:09:19.375,58,0,0,master,"{""event_name"": ""wait_info"", ""timestamp"": ""2026-09-04 05:09:19.375"", ""session_id"": 58, ""wait_type"": ""SLEEP_TASK"", ""database_name"": ""master""}",0,0.0,0.0,0.0,0.0,SLEEP_TASK,0,0,0,UNKNOWN
sql_batch_completed,2026-09-04 05:09:19.375,60,0,0,SteelNort,"{""event_name"": ""sql_batch_completed"", ""timestamp"": ""2026-09-04 05:09:19.375"", ""database_name"": ""SteelNort"", ""session_id"": 60, ""command"": ""EXECUTE"", ""duration"": 5030, ""cpu_time"": 0, ""logical_reads"": 0, ""writes"": 0, ""status"": ""completed""}",EXECUTE,5030.0,0.0,0.0,0.0,0,0,0,completed,USER
sql_batch_completed,2026-09-04 05:09:19.375,78,0,0,SteelNort,"{""event_name"": ""sql_batch_completed"", ""timestamp"": ""2026-09-04 05:09:19.375"", ""database_name"": ""SteelNort"", ""session_id"": 78, ""command"": ""SELECT"", ""duration"": 5037, ""cpu_time"": 6, ""logical_reads"": 0, ""writes"": 0, ""status"": ""completed""}",SELECT,5037.0,6.0,0.0,0.0,0,0,0,completed,USER
lock_released,2026-09-04 05:09:19.375,78,0,0,0,"{""event_name"": ""lock_released"", ""timestamp"": ""2026-09-04 05:09:19.375"", ""session_id"": 78, ""resource_type"": ""OBJECT"", ""mode"": ""Sch-S""}",0,0.0,0.0,0.0,0.0,0,OBJECT,Sch-S,0,UNKNOWN
wait_info,2026-09-04 05:09:24.398,58,0,0,master,"{""event_name"": ""wait_info"", ""timestamp"": ""2026-09-04 05:09:24.398"", ""session_id"": 58, ""wait_type"": ""BROKER_TO_FLUSH"", ""database_name"": ""master""}",0,0.0,0.0,0.0,0.0,BROKER_TO_FLUSH,0,0,0,UNKNOWN
sql_batch_completed,2026-09-04 05:09:24.398,62,0,0,SteelNort,"{""event_name"": ""sql_batch_completed"", ""timestamp"": ""2026-09-04 05:09:24.398"", ""database_name"": ""SteelNort"", ""session_id"": 62, ""command"": ""EXECUTE"", ""duration"": 8, ""cpu_time"": 0, ""logical_reads"": 0, ""writes"": 0}",EXECUTE,8.0,0.0,0.0,0.0,0,0,0,0,USER
wait_info,2026-09-04 05:09:29.423,58,0,0,master,"{""event_name"": ""wait_info"", ""timestamp"": ""2026-09-04 05:09:29.423"", ""session_id"": 58, ""wait_type"": ""SLEEP_TASK"", ""database_name"": ""master""}",0,0.0,0.0,0.0,0.0,SLEEP_TASK,0,0,0,UNKNOWN
sql_batch_completed,2026-09-04 05:09:29.423,62,0,0,SteelNort,"{""event_name"": ""sql_batch_completed"", ""timestamp"": ""2026-09-04 05:09:29.423"", ""database_name"": ""SteelNort"", ""session_id"": 62, ""command"": ""EXECUTE"", ""duration"": 5034, ""cpu_time"": 0, ""logical_reads"": 0, ""writes"": 0, ""status"": ""completed""}",EXECUTE,5034.0,0.0,0.0,0.0,0,0,0,completed,USER
wait_info,2026-09-04 05:09:34.449,58,0,0,master,"{""event_name"": ""wait_info"", ""timestamp"": ""2026-09-04 05:09:34.449"", ""session_id"": 58, ""wait_type"": ""BROKER_TO_FLUSH"", ""database_name"": ""master""}",0,0.0,0.0,0.0,0.0,BROKER_TO_FLUSH,0,0,0,UNKNOWN
wait_info,2026-09-04 05:09:39.471,58,0,0,master,"{""event_name"": ""wait_info"", ""timestamp"": ""2026-09-04 05:09:39.471"", ""session_id"": 58, ""wait_type"": ""SLEEP_TASK"", ""database_name"": ""master""}",0,0.0,0.0,0.0,0.0,SLEEP_TASK,0,0,0,UNKNOWN
wait_info,2026-09-04 05:09:44.495,58,0,0,master,"{""event_name"": ""wait_info"", ""timestamp"": ""2026-09-04 05:09:44.495"", ""session_id"": 58, ""wait_type"": ""BROKER_TO_FLUSH"", ""database_name"": ""master""}",0,0.0,0.0,0.0,0.0,BROKER_TO_FLUSH,0,0,0,UNKNOWN
wait_info,2026-09-04 05:09:49.517,58,0,0,master,"{""event_name"": ""wait_info"", ""timestamp"": ""2026-09-04 05:09:49.517"", ""session_id"": 58, ""wait_type"": ""SLEEP_TASK"", ""database_name"": ""master""}",0,0.0,0.0,0.0,0.0,SLEEP_TASK,0,0,0,UNKNOWN
login,2026-09-04 05:09:54.538,72,795ec2146175\Administrator,Microsoft SQL Server,SteelNort,"{""event_name"": ""login"", ""timestamp"": ""2026-09-04 05:09:54.538"", ""session_id"": 72, ""login_name"": ""795ec2146175\\Administrator"", ""program_name"": ""Microsoft SQL Server"", ""database_name"": ""SteelNort""}",0,0.0,0.0,0.0,0.0,0,0,0,0,UNKNOWN
sql_batch_completed,2026-09-04 05:09:54.538,52,0,0,SteelNort,"{""event_name"": ""sql_batch_completed"", ""timestamp"": ""2026-09-04 05:09:54.538"", ""database_name"": ""SteelNort"", ""session_id"": 52, ""command"": ""AWAITING COMMAND"", ""duration"": 6, ""cpu_time"": 0, ""logical_reads"": 0, ""writes"": 0}",AWAITING COMMAND,6.0,0.0,0.0,0.0,0,0,0,0,UNKNOWN
wait_info,2026-09-04 05:09:54.538,58,0,0,master,"{""event_name"": ""wait_info"", ""timestamp"": ""2026-09-04 05:09:54.538"", ""session_id"": 58, ""wait_type"": ""BROKER_TO_FLUSH"", ""database_name"": ""master""}",0,0.0,0.0,0.0,0.0,BROKER_TO_FLUSH,0,0,0,UNKNOWN
sql_batch_completed,2026-09-04 05:09:54.538,60,0,0,SteelNort,"{""event_name"": ""sql_batch_completed"", ""timestamp"": ""2026-09-04 05:09:54.538"", ""database_name"": ""SteelNort"", ""session_id"": 60, ""command"": ""EXECUTE"", ""duration"": 9, ""cpu_time"": 0, ""logical_reads"": 0, ""writes"": 0}",EXECUTE,9.0,0.0,0.0,0.0,0,0,0,0,USER
sql_batch_completed,2026-09-04 05:09:54.538,77,0,0,SteelNort,"{""event_name"": ""sql_batch_completed"", ""timestamp"": ""2026-09-04 05:09:54.538"", ""database_name"": ""SteelNort"", ""session_id"": 77, ""command"": ""EXECUTE"", ""duration"": 113, ""cpu_time"": 98, ""logical_reads"": 0, ""writes"": 0, ""wait_type"": ""MSQL_XP""}",EXECUTE,113.0,98.0,0.0,0.0,MSQL_XP,0,0,0,USER
logout,2026-09-04 05:09:59.569,72,0,0,0,"{""event_name"": ""logout"", ""timestamp"": ""2026-09-04 05:09:59.569"", ""session_id"": 72}",0,0.0,0.0,0.0,0.0,0,0,0,0,UNKNOWN
wait_info,2026-09-04 05:09:59.569,58,0,0,master,"{""event_name"": ""wait_info"", ""timestamp"": ""2026-09-04 05:09:59.569"", ""session_id"": 58, ""wait_type"": ""SLEEP_TASK"", ""database_name"": ""master""}",0,0.0,0.0,0.0,0.0,SLEEP_TASK,0,0,0,UNKNOWN
sql_batch_completed,2026-09-04 05:09:59.569,52,0,0,SteelNort,"{""event_name"": ""sql_batch_completed"", ""timestamp"": ""2026-09-04 05:09:59.569"", ""database_name"": ""SteelNort"", ""session_id"": 52, ""command"": ""AWAITING COMMAND"", ""duration"": 5041, ""cpu_time"": 0, ""logical_reads"": 0, ""writes"": 0, ""status"": ""completed""}",AWAITING COMMAND,5041.0,0.0,0.0,0.0,0,0,0,completed,UNKNOWN
sql_batch_completed,2026-09-04 05:09:59.569,77,0,0,SteelNort,"{""event_name"": ""sql_batch_completed"", ""timestamp"": ""2026-09-04 05:09:59.569"", ""database_name"": ""SteelNort"", ""session_id"": 77, ""command"": ""EXECUTE"", ""duration"": 5145, ""cpu_time"": 98, ""logical_reads"": 0, ""writes"": 0, ""status"": ""completed""}",EXECUTE,5145.0,98.0,0.0,0.0,0,0,0,completed,USER
sql_batch_completed,2026-09-04 05:09:59.569,60,0,0,SteelNort,"{""event_name"": ""sql_batch_completed"", ""timestamp"": ""2026-09-04 05:09:59.569"", ""database_name"": ""SteelNort"", ""session_id"": 60, ""command"": ""EXECUTE"", ""duration"": 5043, ""cpu_time"": 0, ""logical_reads"": 0, ""writes"": 0, ""status"": ""completed""}",EXECUTE,5043.0,0.0,0.0,0.0,0,0,0,completed,USER
wait_info,2026-09-04 05:10:04.600,58,0,0,master,"{""event_name"": ""wait_info"", ""timestamp"": ""2026-09-04 05:10:04.600"", ""session_id"": 58, ""wait_type"": ""BROKER_TO_FLUSH"", ""database_name"": ""master""}",0,0.0,0.0,0.0,0.0,BROKER_TO_FLUSH,0,0,0,UNKNOWN
lock_acquired,2026-09-04 05:10:04.600,60,0,0,0,"{""event_name"": ""lock_acquired"", ""timestamp"": ""2026-09-04 05:10:04.600"", ""session_id"": 60, ""resource_type"": ""OBJECT"", ""mode"": ""IX""}",0,0.0,0.0,0.0,0.0,0,OBJECT,IX,0,UNKNOWN
lock_acquired,2026-09-04 05:10:04.600,60,0,0,0,"{""event_name"": ""lock_acquired"", ""timestamp"": ""2026-09-04 05:10:04.600"", ""session_id"": 60, ""resource_type"": ""RID"", ""mode"": ""X""}",0,0.0,0.0,0.0,0.0,0,RID,X,0,UNKNOWN
lock_acquired,2026-09-04 05:10:04.600,60,0,0,0,"{""event_name"": ""lock_acquired"", ""timestamp"": ""2026-09-04 05:10:04.600"", ""session_id"": 60, ""resource_type"": ""KEY"", ""mode"": ""X""}",0,0.0,0.0,0.0,0.0,0,KEY,X,0,UNKNOWN
lock_acquired,2026-09-04 05:10:04.600,60,0,0,0,"{""event_name"": ""lock_acquired"", ""timestamp"": ""2026-09-04 05:10:04.600"", ""session_id"": 60, ""resource_type"": ""PAGE"", ""mode"": ""IX""}",0,0.0,0.0,0.0,0.0,0,PAGE,IX,0,UNKNOWN
lock_released,2026-09-04 05:10:09.633,60,0,0,0,"{""event_name"": ""lock_released"", ""timestamp"": ""2026-09-04 05:10:09.633"", ""session_id"": 60, ""resource_type"": ""OBJECT"", ""mode"": ""IX""}",0,0.0,0.0,0.0,0.0,0,OBJECT,IX,0,UNKNOWN
lock_released,2026-09-04 05:10:09.633,60,0,0,0,"{""event_name"": ""lock_released"", ""timestamp"": ""2026-09-04 05:10:09.633"", ""session_id"": 60, ""resource_type"": ""RID"", ""mode"": ""X""}",0,0.0,0.0,0.0,0.0,0,RID,X,0,UNKNOWN
lock_released,2026-09-04 05:10:09.633,60,0,0,0,"{""event_name"": ""lock_released"", ""timestamp"": ""2026-09-04 05:10:09.633"", ""session_id"": 60, ""resource_type"": ""KEY"", ""mode"": ""X""}",0,0.0,0.0,0.0,0.0,0,KEY,X,0,UNKNOWN
lock_released,2026-09-04 05:10:09.633,60,0,0,0,"{""event_name"": ""lock_released"", ""timestamp"": ""2026-09-04 05:10:09.633"", ""session_id"": 60, ""resource_type"": ""PAGE"", ""mode"": ""IX""}",0,0.0,0.0,0.0,0.0,0,PAGE,IX,0,UNKNOWN
wait_info,2026-09-04 05:10:14.660,58,0,0,master,"{""event_name"": ""wait_info"", ""timestamp"": ""2026-09-04 05:10:14.660"", ""session_id"": 58, ""wait_type"": ""SLEEP_TASK"", ""database_name"": ""master""}",0,0.0,0.0,0.0,0.0,SLEEP_TASK,0,0,0,UNKNOWN
wait_info,2026-09-04 05:10:19.688,58,0,0,master,"{""event_name"": ""wait_info"", ""timestamp"": ""2026-09-04 05:10:19.688"", ""session_id"": 58, ""wait_type"": ""BROKER_TO_FLUSH"", ""database_name"": ""master""}",0,0.0,0.0,0.0,0.0,BROKER_TO_FLUSH,0,0,0,UNKNOWN
sql_batch_completed,2026-09-04 05:10:19.688,66,0,0,SteelNort,"{""event_name"": ""sql_batch_completed"", ""timestamp"": ""2026-09-04 05:10:19.688"", ""database_name"": ""SteelNort"", ""session_id"": 66, ""command"": ""AWAITING COMMAND"", ""duration"": 9, ""cpu_time"": 0, ""logical_reads"": 0, ""writes"": 0}",AWAITING COMMAND,9.0,0.0,0.0,0.0,0,0,0,0,UNKNOWN
wait_info,2026-09-04 05:10:24.717,58,0,0,master,"{""event_name"": ""wait_info"", ""timestamp"": ""2026-09-04 05:10:24.717"", ""session_id"": 58, ""wait_type"": ""SLEEP_TASK"", ""database_name"": ""master""}",0,0.0,0.0,0.0,0.0,SLEEP_TASK,0,0,0,UNKNOWN
sql_batch_completed,2026-09-04 05:10:24.717,66,0,0,SteelNort,"{""event_name"": ""sql_batch_completed"", ""timestamp"": ""2026-09-04 05:10:24.717"", ""database_name"": ""SteelNort"", ""session_id"": 66, ""command"": ""AWAITING COMMAND"", ""duration"": 5036, ""cpu_time"": 0, ""logical_reads"": 0, ""writes"": 0, ""status"": ""completed""}",AWAITING COMMAND,5036.0,0.0,0.0,0.0,0,0,0,completed,UNKNOWN
wait_info,2026-09-04 05:10:29.742,58,0,0,master,"{""event_name"": ""wait_info"", ""timestamp"": ""2026-09-04 05:10:29.742"", ""session_id"": 58, ""wait_type"": ""BROKER_TO_FLUSH"", ""database_name"": ""master""}",0,0.0,0.0,0.0,0.0,BROKER_TO_FLUSH,0,0,0,UNKNOWN
sql_batch_completed,2026-09-04 05:10:29.742,63,0,0,SteelNort,"{""event_name"": ""sql_batch_completed"", ""timestamp"": ""2026-09-04 05:10:29.742"", ""database_name"": ""SteelNort"", ""session_id"": 63, ""command"": ""SET OPTION OFF"", ""duration"": 5, ""cpu_time"": 0, ""logical_reads"": 0, ""writes"": 0}",SET OPTION OFF,5.0,0.0,0.0,0.0,0,0,0,0,UNKNOWN
sql_batch_completed,2026-09-04 05:10:29.742,77,0,0,SteelNort,"{""event_name"": ""sql_batch_completed"", ""timestamp"": ""2026-09-04 05:10:29.742"", ""database_name"": ""SteelNort"", ""session_id"": 77, ""command"": ""EXECUTE"", ""duration"": 16, ""cpu_time"": 6, ""logical_reads"": 0, ""writes"": 0, ""wait_type"": ""MSQL_XP""}",EXECUTE,16.0,6.0,0.0,0.0,MSQL_XP,0,0,0,USER
wait_info,2026-09-04 05:10:34.770,58,0,0,master,"{""event_name"": ""wait_info"", ""timestamp"": ""2026-09-04 05:10:34.770"", ""session_id"": 58, ""wait_type"": ""SLEEP_TASK"", ""database_name"": ""master""}",0,0.0,0.0,0.0,0.0,SLEEP_TASK,0,0,0,UNKNOWN
sql_batch_completed,2026-09-04 05:10:34.770,77,0,0,SteelNort,"{""event_name"": ""sql_batch_completed"", ""timestamp"": ""2026-09-04 05:10:34.770"", ""database_name"": ""SteelNort"", ""session_id"": 77, ""command"": ""EXECUTE"", ""duration"": 5042, ""cpu_time"": 6, ""logical_reads"": 0, ""writes"": 0, ""status"": ""completed""}",EXECUTE,5042.0,6.0,0.0,0.0,0,0,0,completed,USER
sql_batch_completed,2026-09-04 05:10:34.770,63,0,0,SteelNort,"{""event_name"": ""sql_batch_completed"", ""timestamp"": ""2026-09-04 05:10:34.770"", ""database_name"": ""SteelNort"", ""session_id"": 63, ""command"": ""SET OPTION OFF"", ""duration"": 5034, ""cpu_time"": 0, ""logical_reads"": 0, ""writes"": 0, ""status"": ""completed""}",SET OPTION OFF,5034.0,0.0,0.0,0.0,0,0,0,completed,UNKNOWN
wait_info,2026-09-04 05:10:39.798,58,0,0,master,"{""event_name"": ""wait_info"", ""timestamp"": ""2026-09-04 05:10:39.798"", ""session_id"": 58, ""wait_type"": ""BROKER_TO_FLUSH"", ""database_name"": ""master""}",0,0.0,0.0,0.0,0.0,BROKER_TO_FLUSH,0,0,0,UNKNOWN
sql_batch_completed,2026-09-04 05:10:39.798,69,0,0,SteelNort,"{""event_name"": ""sql_batch_completed"", ""timestamp"": ""2026-09-04 05:10:39.798"", ""database_name"": ""SteelNort"", ""session_id"": 69, ""command"": ""CONDITIONAL"", ""duration"": 4, ""cpu_time"": 0, ""logical_reads"": 0, ""writes"": 0}",CONDITIONAL,4.0,0.0,0.0,0.0,0,0,0,0,UNKNOWN
wait_info,2026-09-04 05:10:44.817,58,0,0,master,"{""event_name"": ""wait_info"", ""timestamp"": ""2026-09-04 05:10:44.817"", ""session_id"": 58, ""wait_type"": ""SLEEP_TASK"", ""database_name"": ""master""}",0,0.0,0.0,0.0,0.0,SLEEP_TASK,0,0,0,UNKNOWN
sql_batch_completed,2026-09-04 05:10:44.817,69,0,0,SteelNort,"{""event_name"": ""sql_batch_completed"", ""timestamp"": ""2026-09-04 05:10:44.817"", ""database_name"": ""SteelNort"", ""session_id"": 69, ""command"": ""CONDITIONAL"", ""duration"": 5025, ""cpu_time"": 0, ""logical_reads"": 0, ""writes"": 0, ""status"": ""completed""}",CONDITIONAL,5025.0,0.0,0.0,0.0,0,0,0,completed,UNKNOWN
wait_info,2026-09-04 05:10:49.845,58,0,0,master,"{""event_name"": ""wait_info"", ""timestamp"": ""2026-09-04 05:10:49.845"", ""session_id"": 58, ""wait_type"": ""BROKER_TO_FLUSH"", ""database_name"": ""master""}",0,0.0,0.0,0.0,0.0,BROKER_TO_FLUSH,0,0,0,UNKNOWN
sql_batch_completed,2026-09-04 05:10:49.845,77,0,0,SteelNort,"{""event_name"": ""sql_batch_completed"", ""timestamp"": ""2026-09-04 05:10:49.845"", ""database_name"": ""SteelNort"", ""session_id"": 77, ""command"": ""EXECUTE"", ""duration"": 37, ""cpu_time"": 30, ""logical_reads"": 0, ""writes"": 0, ""wait_type"": ""MSQL_XP""}",EXECUTE,37.0,30.0,0.0,0.0,MSQL_XP,0,0,0,USER
wait_info,2026-09-04 05:10:54.871,58,0,0,master,"{""event_name"": ""wait_info"", ""timestamp"": ""2026-09-04 05:10:54.871"", ""session_id"": 58, ""wait_type"": ""SLEEP_TASK"", ""database_name"": ""master""}",0,0.0,0.0,0.0,0.0,SLEEP_TASK,0,0,0,UNKNOWN
wait_info,2026-09-04 05:10:54.871,71,0,0,master,"{""event_name"": ""wait_info"", ""timestamp"": ""2026-09-04 05:10:54.871"", ""session_id"": 71, ""wait_type"": ""SLEEP_TASK"", ""database_name"": ""master""}",0,0.0,0.0,0.0,0.0,SLEEP_TASK,0,0,0,UNKNOWN
sql_batch_completed,2026-09-04 05:10:54.871,77,0,0,SteelNort,"{""event_name"": ""sql_batch_completed"", ""timestamp"": ""2026-09-04 05:10:54.871"", ""database_name"": ""SteelNort"", ""session_id"": 77, ""command"": ""EXECUTE"", ""duration"": 5067, ""cpu_time"": 30, ""logical_reads"": 0, ""writes"": 0, ""status"": ""completed""}",EXECUTE,5067.0,30.0,0.0,0.0,0,0,0,completed,USER
sql_batch_completed,2026-09-04 05:10:59.904,52,0,0,SteelNort,"{""event_name"": ""sql_batch_completed"", ""timestamp"": ""2026-09-04 05:10:59.904"", ""database_name"": ""SteelNort"", ""session_id"": 52, ""command"": ""EXECUTE"", ""duration"": 5, ""cpu_time"": 0, ""logical_reads"": 0, ""writes"": 0}",EXECUTE,5.0,0.0,0.0,0.0,0,0,0,0,USER
lock_acquired,2026-09-04 05:10:59.904,66,0,0,0,"{""event_name"": ""lock_acquired"", ""timestamp"": ""2026-09-04 05:10:59.904"", ""session_id"": 66, ""resource_type"": ""OBJECT"", ""mode"": ""IS""}",0,0.0,0.0,0.0,0.0,0,OBJECT,IS,0,UNKNOWN
lock_acquired,2026-09-04 05:10:59.904,52,0,0,0,"{""event_name"": ""lock_acquired"", ""timestamp"": ""2026-09-04 05:10:59.904"", ""session_id"": 52, ""resource_type"": ""KEY"", ""mode"": ""X""}",0,0.0,0.0,0.0,0.0,0,KEY,X,0,UNKNOWN
lock_acquired,2026-09-04 05:10:59.904,52,0,0,0,"{""event_name"": ""lock_acquired"", ""timestamp"": ""2026-09-04 05:10:59.904"", ""session_id"": 52, ""resource_type"": ""OBJECT"", ""mode"": ""IX""}",0,0.0,0.0,0.0,0.0,0,OBJECT,IX,0,UNKNOWN
lock_acquired,2026-09-04 05:10:59.904,66,0,0,0,"{""event_name"": ""lock_acquired"", ""timestamp"": ""2026-09-04 05:10:59.904"", ""session_id"": 66, ""resource_type"": ""PAGE"", ""mode"": ""IS""}",0,0.0,0.0,0.0,0.0,0,PAGE,IS,0,UNKNOWN
lock_acquired,2026-09-04 05:10:59.904,66,0,0,0,"{""event_name"": ""lock_acquired"", ""timestamp"": ""2026-09-04 05:10:59.904"", ""session_id"": 66, ""resource_type"": ""KEY"", ""mode"": ""S""}",0,0.0,0.0,0.0,0.0,0,KEY,S,0,UNKNOWN
lock_acquired,2026-09-04 05:10:59.904,52,0,0,0,"{""event_name"": ""lock_acquired"", ""timestamp"": ""2026-09-04 05:10:59.904"", ""session_id"": 52, ""resource_type"": ""PAGE"", ""mode"": ""IX""}",0,0.0,0.0,0.0,0.0,0,PAGE,IX,0,UNKNOWN
wait_info,2026-09-04 05:11:04.942,58,0,0,master,"{""event_name"": ""wait_info"", ""timestamp"": ""2026-09-04 05:11:04.942"", ""session_id"": 58, ""wait_type"": ""BROKER_TO_FLUSH"", ""database_name"": ""master""}",0,0.0,0.0,0.0,0.0,BROKER_TO_FLUSH,0,0,0,UNKNOWN
sql_batch_completed,2026-09-04 05:11:04.942,63,0,0,SteelNort,"{""event_name"": ""sql_batch_completed"", ""timestamp"": ""2026-09-04 05:11:04.942"", ""database_name"": ""SteelNort"", ""session_id"": 63, ""command"": ""SET OPTION OFF"", ""duration"": 6, ""cpu_time"": 0, ""logical_reads"": 0, ""writes"": 0}",SET OPTION OFF,6.0,0.0,0.0,0.0,0,0,0,0,UNKNOWN
sql_batch_completed,2026-09-04 05:11:04.942,52,0,0,SteelNort,"{""event_name"": ""sql_batch_completed"", ""timestamp"": ""2026-09-04 05:11:04.942"", ""database_name"": ""SteelNort"", ""session_id"": 52, ""command"": ""EXECUTE"", ""duration"": 5047, ""cpu_time"": 0, ""logical_reads"": 0, ""writes"": 0, ""status"": ""completed""}",EXECUTE,5047.0,0.0,0.0,0.0,0,0,0,completed,USER
lock_released,2026-09-04 05:11:04.942,66,0,0,0,"{""event_name"": ""lock_released"", ""timestamp"": ""2026-09-04 05:11:04.942"", ""session_id"": 66, ""resource_type"": ""OBJECT"", ""mode"": ""IS""}",0,0.0,0.0,0.0,0.0,0,OBJECT,IS,0,UNKNOWN
lock_released,2026-09-04 05:11:04.942,52,0,0,0,"{""event_name"": ""lock_released"", ""timestamp"": ""2026-09-04 05:11:04.942"", ""session_id"": 52, ""resource_type"": ""KEY"", ""mode"": ""X""}",0,0.0,0.0,0.0,0.0,0,KEY,X,0,UNKNOWN
lock_released,2026-09-04 05:11:04.942,52,0,0,0,"{""event_name"": ""lock_released"", ""timestamp"": ""2026-09-04 05:11:04.942"", ""session_id"": 52, ""resource_type"": ""OBJECT"", ""mode"": ""IX""}",0,0.0,0.0,0.0,0.0,0,OBJECT,IX,0,UNKNOWN
lock_released,2026-09-04 05:11:04.942,66,0,0,0,"{""event_name"": ""lock_released"", ""timestamp"": ""2026-09-04 05:11:04.942"", ""session_id"": 66, ""resource_type"": ""PAGE"", ""mode"": ""IS""}",0,0.0,0.0,0.0,0.0,0,PAGE,IS,0,UNKNOWN
lock_released,2026-09-04 05:11:04.942,66,0,0,0,"{""event_name"": ""lock_released"", ""timestamp"": ""2026-09-04 05:11:04.942"", ""session_id"": 66, ""resource_type"": ""KEY"", ""mode"": ""S""}",0,0.0,0.0,0.0,0.0,0,KEY,S,0,UNKNOWN
lock_released,2026-09-04 05:11:04.942,52,0,0,0,"{""event_name"": ""lock_released"", ""timestamp"": ""2026-09-04 05:11:04.942"", ""session_id"": 52, ""resource_type"": ""PAGE"", ""mode"": ""IX""}",0,0.0,0.0,0.0,0.0,0,PAGE,IX,0,UNKNOWN
wait_info,2026-09-04 05:11:09.981,58,0,0,master,"{""event_name"": ""wait_info"", ""timestamp"": ""2026-09-04 05:11:09.981"", ""session_id"": 58, ""wait_type"": ""SLEEP_TASK"", ""database_name"": ""master""}",0,0.0,0.0,0.0,0.0,SLEEP_TASK,0,0,0,UNKNOWN
sql_batch_completed,2026-09-04 05:11:09.981,63,0,0,SteelNort,"{""event_name"": ""sql_batch_completed"", ""timestamp"": ""2026-09-04 05:11:09.981"", ""database_name"": ""SteelNort"", ""session_id"": 63, ""command"": ""SET OPTION OFF"", ""duration"": 5040, ""cpu_time"": 0, ""logical_reads"": 0, ""writes"": 0, ""status"": ""completed""}",SET OPTION OFF,5040.0,0.0,0.0,0.0,0,0,0,completed,UNKNOWN
wait_info,2026-09-04 05:11:15.002,58,0,0,master,"{""event_name"": ""wait_info"", ""timestamp"": ""2026-09-04 05:11:15.002"", ""session_id"": 58, ""wait_type"": ""BROKER_TO_FLUSH"", ""database_name"": ""master""}",0,0.0,0.0,0.0,0.0,BROKER_TO_FLUSH,0,0,0,UNKNOWN
sql_batch_completed,2026-09-04 05:11:15.002,65,0,0,SteelNort,"{""event_name"": ""sql_batch_completed"", ""timestamp"": ""2026-09-04 05:11:15.002"", ""database_name"": ""SteelNort"", ""session_id"": 65, ""command"": ""AWAITING COMMAND"", ""duration"": 4, ""cpu_time"": 0, ""logical_reads"": 0, ""writes"": 0}",AWAITING COMMAND,4.0,0.0,0.0,0.0,0,0,0,0,UNKNOWN
wait_info,2026-09-04 05:11:20.028,58,0,0,master,"{""event_name"": ""wait_info"", ""timestamp"": ""2026-09-04 05:11:20.028"", ""session_id"": 58, ""wait_type"": ""SLEEP_TASK"", ""database_name"": ""master""}",0,0.0,0.0,0.0,0.0,SLEEP_TASK,0,0,0,UNKNOWN
sql_batch_completed,2026-09-04 05:11:20.028,65,0,0,SteelNort,"{""event_name"": ""sql_batch_completed"", ""timestamp"": ""2026-09-04 05:11:20.028"", ""database_name"": ""SteelNort"", ""session_id"": 65, ""command"": ""AWAITING COMMAND"", ""duration"": 5028, ""cpu_time"": 0, ""logical_reads"": 0, ""writes"": 0, ""status"": ""completed""}",AWAITING COMMAND,5028.0,0.0,0.0,0.0,0,0,0,completed,UNKNOWN
wait_info,2026-09-04 05:11:25.049,58,0,0,master,"{""event_name"": ""wait_info"", ""timestamp"": ""2026-09-04 05:11:25.049"", ""session_id"": 58, ""wait_type"": ""BROKER_TO_FLUSH"", ""database_name"": ""master""}",0,0.0,0.0,0.0,0.0,BROKER_TO_FLUSH,0,0,0,UNKNOWN
sql_batch_completed,2026-09-04 05:11:25.049,60,0,0,SteelNort,"{""event_name"": ""sql_batch_completed"", ""timestamp"": ""2026-09-04 05:11:25.049"", ""database_name"": ""SteelNort"", ""session_id"": 60, ""command"": ""SELECT"", ""duration"": 4, ""cpu_time"": 0, ""logical_reads"": 0, ""writes"": 0}",SELECT,4.0,0.0,0.0,0.0,0,0,0,0,USER
sql_batch_completed,2026-09-04 05:11:25.049,62,0,0,SteelNort,"{""event_name"": ""sql_batch_completed"", ""timestamp"": ""2026-09-04 05:11:25.049"", ""database_name"": ""SteelNort"", ""session_id"": 62, ""command"": ""AWAITING COMMAND"", ""duration"": 6, ""cpu_time"": 0, ""logical_reads"": 0, ""writes"": 0}",AWAITING COMMAND,6.0,0.0,0.0,0.0,0,0,0,0,UNKNOWN
wait_info,2026-09-04 05:11:30.073,58,0,0,master,"{""event_name"": ""wait_info"", ""timestamp"": ""2026-09-04 05:11:30.073"", ""session_id"": 58, ""wait_type"": ""SLEEP_TASK"", ""database_name"": ""master""}",0,0.0,0.0,0.0,0.0,SLEEP_TASK,0,0,0,UNKNOWN
sql_batch_completed,2026-09-04 05:11:30.073,60,0,0,SteelNort,"{""event_name"": ""sql_batch_completed"", ""timestamp"": ""2026-09-04 05:11:30.073"", ""database_name"": ""SteelNort"", ""session_id"": 60, ""command"": ""SELECT"", ""duration"": 5028, ""cpu_time"": 0, ""logical_reads"": 0, ""writes"": 0, ""status"": ""completed""}",SELECT,5028.0,0.0,0.0,0.0,0,0,0,completed,USER
sql_batch_completed,2026-09-04 05:11:30.073,62,0,0,SteelNort,"{""event_name"": ""sql_batch_completed"", ""timestamp"": ""2026-09-04 05:11:30.073"", ""database_name"": ""SteelNort"", ""session_id"": 62, ""command"": ""AWAITING COMMAND"", ""duration"": 5029, ""cpu_time"": 0, ""logical_reads"": 0, ""writes"": 0, ""status"": ""completed""}",AWAITING COMMAND,5029.0,0.0,0.0,0.0,0,0,0,completed,UNKNOWN
wait_info,2026-09-04 05:11:35.101,58,0,0,master,"{""event_name"": ""wait_info"", ""timestamp"": ""2026-09-04 05:11:35.101"", ""session_id"": 58, ""wait_type"": ""BROKER_TO_FLUSH"", ""database_name"": ""master""}",0,0.0,0.0,0.0,0.0,BROKER_TO_FLUSH,0,0,0,UNKNOWN
wait_info,2026-09-04 05:11:40.127,58,0,0,master,"{""event_name"": ""wait_info"", ""timestamp"": ""2026-09-04 05:11:40.127"", ""session_id"": 58, ""wait_type"": ""SLEEP_TASK"", ""database_name"": ""master""}",0,0.0,0.0,0.0,0.0,SLEEP_TASK,0,0,0,UNKNOWN
logout,2026-09-04 05:11:45.155,70,0,0,0,"{""event_name"": ""logout"", ""timestamp"": ""2026-09-04 05:11:45.155"", ""session_id"": 70}",0,0.0,0.0,0.0,0.0,0,0,0,0,UNKNOWN
wait_info,2026-09-04 05:11:45.155,58,0,0,master,"{""event_name"": ""wait_info"", ""timestamp"": ""2026-09-04 05:11:45.155"", ""session_id"": 58, ""wait_type"": ""BROKER_TO_FLUSH"", ""database_name"": ""master""}",0,0.0,0.0,0.0,0.0,BROKER_TO_FLUSH,0,0,0,UNKNOWN
sql_batch_completed,2026-09-04 05:11:45.155,68,0,0,SteelNort,"{""event_name"": ""sql_batch_completed"", ""timestamp"": ""2026-09-04 05:11:45.155"", ""database_name"": ""SteelNort"", ""session_id"": 68, ""command"": ""AWAITING COMMAND"", ""duration"": 8, ""cpu_time"": 0, ""logical_reads"": 0, ""writes"": 0}",AWAITING COMMAND,8.0,0.0,0.0,0.0,0,0,0,0,UNKNOWN
login,2026-09-04 05:11:50.182,70,795ec2146175\Administrator,Microsoft SQL Server,SteelNort,"{""event_name"": ""login"", ""timestamp"": ""2026-09-04 05:11:50.182"", ""session_id"": 70, ""login_name"": ""795ec2146175\\Administrator"", ""program_name"": ""Microsoft SQL Server"", ""database_name"": ""SteelNort""}",0,0.0,0.0,0.0,0.0,0,0,0,0,UNKNOWN
wait_info,2026-09-04 05:11:50.182,58,0,0,master,"{""event_name"": ""wait_info"", ""timestamp"": ""2026-09-04 05:11:50.182"", ""session_id"": 58, ""wait_type"": ""SLEEP_TASK"", ""database_name"": ""master""}",0,0.0,0.0,0.0,0.0,SLEEP_TASK,0,0,0,UNKNOWN
sql_batch_completed,2026-09-04 05:11:50.182,60,0,0,SteelNort,"{""event_name"": ""sql_batch_completed"", ""timestamp"": ""2026-09-04 05:11:50.182"", ""database_name"": ""SteelNort"", ""session_id"": 60, ""command"": ""SELECT"", ""duration"": 4, ""cpu_time"": 0, ""logical_reads"": 0, ""writes"": 0}",SELECT,4.0,0.0,0.0,0.0,0,0,0,0,USER
sql_batch_completed,2026-09-04 05:11:50.182,77,0,0,SteelNort,"{""event_name"": ""sql_batch_completed"", ""timestamp"": ""2026-09-04 05:11:50.182"", ""database_name"": ""SteelNort"", ""session_id"": 77, ""command"": ""EXECUTE"", ""duration"": 154, ""cpu_time"": 102, ""logical_reads"": 0, ""writes"": 0, ""wait_type"": ""MSQL_XP""}",EXECUTE,154.0,102.0,0.0,0.0,MSQL_XP,0,0,0,USER
sql_batch_completed,2026-09-04 05:11:50.182,68,0,0,SteelNort,"{""event_name"": ""sql_batch_completed"", ""timestamp"": ""2026-09-04 05:11:50.182"", ""database_name"": ""SteelNort"", ""session_id"": 68, ""command"": ""AWAITING COMMAND"", ""duration"": 5035, ""cpu_time"": 0, ""logical_reads"": 0, ""writes"": 0, ""status"": ""completed""}",AWAITING COMMAND,5035.0,0.0,0.0,0.0,0,0,0,completed,UNKNOWN
logout,2026-09-04 05:11:55.209,70,0,0,0,"{""event_name"": ""logout"", ""timestamp"": ""2026-09-04 05:11:55.209"", ""session_id"": 70}",0,0.0,0.0,0.0,0.0,0,0,0,0,UNKNOWN
sql_batch_completed,2026-09-04 05:11:55.209,60,0,0,SteelNort,"{""event_name"": ""sql_batch_completed"", ""timestamp"": ""2026-09-04 05:11:55.209"", ""database_name"": ""SteelNort"", ""session_id"": 60, ""command"": ""SELECT"", ""duration"": 5033, ""cpu_time"": 0, ""logical_reads"": 0, ""writes"": 0, ""status"": ""completed""}",SELECT,5033.0,0.0,0.0,0.0,0,0,0,completed,USER
sql_batch_completed,2026-09-04 05:11:55.209,77,0,0,SteelNort,"{""event_name"": ""sql_batch_completed"", ""timestamp"": ""2026-09-04 05:11:55.209"", ""database_name"": ""SteelNort"", ""session_id"": 77, ""command"": ""EXECUTE"", ""duration"": 5184, ""cpu_time"": 102, ""logical_reads"": 0, ""writes"": 0, ""status"": ""completed""}",EXECUTE,5184.0,102.0,0.0,0.0,0,0,0,completed,USER
wait_info,2026-09-04 05:12:00.238,58,0,0,master,"{""event_name"": ""wait_info"", ""timestamp"": ""2026-09-04 05:12:00.238"", ""session_id"": 58, ""wait_type"": ""BROKER_TO_FLUSH"", ""database_name"": ""master""}",0,0.0,0.0,0.0,0.0,BROKER_TO_FLUSH,0,0,0,UNKNOWN
wait_info,2026-09-04 05:12:05.259,58,0,0,master,"{""event_name"": ""wait_info"", ""timestamp"": ""2026-09-04 05:12:05.259"", ""session_id"": 58, ""wait_type"": ""SLEEP_TASK"", ""database_name"": ""master""}",0,0.0,0.0,0.0,0.0,SLEEP_TASK,0,0,0,UNKNOWN
sql_batch_completed,2026-09-04 05:12:10.281,52,0,0,SteelNort,"{""event_name"": ""sql_batch_completed"", ""timestamp"": ""2026-09-04 05:12:10.281"", ""database_name"": ""SteelNort"", ""session_id"": 52, ""command"": ""AWAITING COMMAND"", ""duration"": 5, ""cpu_time"": 0, ""logical_reads"": 0, ""writes"": 0}",AWAITING COMMAND,5.0,0.0,0.0,0.0,0,0,0,0,UNKNOWN
wait_info,2026-09-04 05:12:10.281,58,0,0,master,"{""event_name"": ""wait_info"", ""timestamp"": ""2026-09-04 05:12:10.281"", ""session_id"": 58, ""wait_type"": ""BROKER_TO_FLUSH"", ""database_name"": ""master""}",0,0.0,0.0,0.0,0.0,BROKER_TO_FLUSH,0,0,0,UNKNOWN
sql_batch_completed,2026-09-04 05:12:10.281,77,0,0,SteelNort,"{""event_name"": ""sql_batch_completed"", ""timestamp"": ""2026-09-04 05:12:10.281"", ""database_name"": ""SteelNort"", ""session_id"": 77, ""command"": ""EXECUTE"", ""duration"": 33, ""cpu_time"": 27, ""logical_reads"": 0, ""writes"": 0, ""wait_type"": ""MSQL_XP""}",EXECUTE,33.0,27.0,0.0,0.0,MSQL_XP,0,0,0,USER
wait_info,2026-09-04 05:12:15.308,58,0,0,master,"{""event_name"": ""wait_info"", ""timestamp"": ""2026-09-04 05:12:15.308"", ""session_id"": 58, ""wait_type"": ""SLEEP_TASK"", ""database_name"": ""master""}",0,0.0,0.0,0.0,0.0,SLEEP_TASK,0,0,0,UNKNOWN
sql_batch_completed,2026-09-04 05:12:15.308,52,0,0,SteelNort,"{""event_name"": ""sql_batch_completed"", ""timestamp"": ""2026-09-04 05:12:15.308"", ""database_name"": ""SteelNort"", ""session_id"": 52, ""command"": ""AWAITING COMMAND"", ""duration"": 5035, ""cpu_time"": 0, ""logical_reads"": 0, ""writes"": 0, ""status"": ""completed""}",AWAITING COMMAND,5035.0,0.0,0.0,0.0,0,0,0,completed,UNKNOWN
sql_batch_completed,2026-09-04 05:12:15.308,77,0,0,SteelNort,"{""event_name"": ""sql_batch_completed"", ""timestamp"": ""2026-09-04 05:12:15.308"", ""database_name"": ""SteelNort"", ""session_id"": 77, ""command"": ""EXECUTE"", ""duration"": 5062, ""cpu_time"": 27, ""logical_reads"": 0, ""writes"": 0, ""status"": ""completed""}",EXECUTE,5062.0,27.0,0.0,0.0,0,0,0,completed,USER
wait_info,2026-09-04 05:12:20.331,58,0,0,master,"{""event_name"": ""wait_info"", ""timestamp"": ""2026-09-04 05:12:20.331"", ""session_id"": 58, ""wait_type"": ""BROKER_TO_FLUSH"", ""database_name"": ""master""}",0,0.0,0.0,0.0,0.0,BROKER_TO_FLUSH,0,0,0,UNKNOWN
wait_info,2026-09-04 05:12:25.356,58,0,0,master,"{""event_name"": ""wait_info"", ""timestamp"": ""2026-09-04 05:12:25.356"", ""session_id"": 58, ""wait_type"": ""SLEEP_TASK"", ""database_name"": ""master""}",0,0.0,0.0,0.0,0.0,SLEEP_TASK,0,0,0,UNKNOWN
lock_acquired,2026-09-04 05:12:25.356,67,0,0,0,"{""event_name"": ""lock_acquired"", ""timestamp"": ""2026-09-04 05:12:25.356"", ""session_id"": 67, ""resource_type"": ""OBJECT"", ""mode"": ""IS""}",0,0.0,0.0,0.0,0.0,0,OBJECT,IS,0,UNKNOWN
wait_info,2026-09-04 05:12:30.379,58,0,0,master,"{""event_name"": ""wait_info"", ""timestamp"": ""2026-09-04 05:12:30.379"", ""session_id"": 58, ""wait_type"": ""BROKER_TO_FLUSH"", ""database_name"": ""master""}",0,0.0,0.0,0.0,0.0,BROKER_TO_FLUSH,0,0,0,UNKNOWN
lock_released,2026-09-04 05:12:30.379,67,0,0,0,"{""event_name"": ""lock_released"", ""timestamp"": ""2026-09-04 05:12:30.379"", ""session_id"": 67, ""resource_type"": ""OBJECT"", ""mode"": ""IS""}",0,0.0,0.0,0.0,0.0,0,OBJECT,IS,0,UNKNOWN
wait_info,2026-09-04 05:12:35.405,58,0,0,master,"{""event_name"": ""wait_info"", ""timestamp"": ""2026-09-04 05:12:35.405"", ""session_id"": 58, ""wait_type"": ""SLEEP_TASK"", ""database_name"": ""master""}",0,0.0,0.0,0.0,0.0,SLEEP_TASK,0,0,0,UNKNOWN
wait_info,2026-09-04 05:12:40.431,58,0,0,master,"{""event_name"": ""wait_info"", ""timestamp"": ""2026-09-04 05:12:40.431"", ""session_id"": 58, ""wait_type"": ""BROKER_TO_FLUSH"", ""database_name"": ""master""}",0,0.0,0.0,0.0,0.0,BROKER_TO_FLUSH,0,0,0,UNKNOWN
login,2026-09-04 05:12:50.471,70,795ec2146175\Administrator,Microsoft SQL Server,SteelNort,"{""event_name"": ""login"", ""timestamp"": ""2026-09-04 05:12:50.471"", ""session_id"": 70, ""login_name"": ""795ec2146175\\Administrator"", ""program_name"": ""Microsoft SQL Server"", ""database_name"": ""SteelNort""}",0,0.0,0.0,0.0,0.0,0,0,0,0,UNKNOWN
wait_info,2026-09-04 05:12:50.471,58,0,0,master,"{""event_name"": ""wait_info"", ""timestamp"": ""2026-09-04 05:12:50.471"", ""session_id"": 58, ""wait_type"": ""SLEEP_TASK"", ""database_name"": ""master""}",0,0.0,0.0,0.0,0.0,SLEEP_TASK,0,0,0,UNKNOWN
sql_batch_completed,2026-09-04 05:12:50.471,77,0,0,SteelNort,"{""event_name"": ""sql_batch_completed"", ""timestamp"": ""2026-09-04 05:12:50.471"", ""database_name"": ""SteelNort"", ""session_id"": 77, ""command"": ""EXECUTE"", ""duration"": 146, ""cpu_time"": 90, ""logical_reads"": 0, ""writes"": 0, ""wait_type"": ""MSQL_XP""}",EXECUTE,146.0,90.0,0.0,0.0,MSQL_XP,0,0,0,USER
logout,2026-09-04 05:12:55.496,70,0,0,0,"{""event_name"": ""logout"", ""timestamp"": ""2026-09-04 05:12:55.496"", ""session_id"": 70}",0,0.0,0.0,0.0,0.0,0,0,0,0,UNKNOWN
wait_info,2026-09-04 05:12:55.496,58,0,0,master,"{""event_name"": ""wait_info"", ""timestamp"": ""2026-09-04 05:12:55.496"", ""session_id"": 58, ""wait_type"": ""BROKER_TO_FLUSH"", ""database_name"": ""master""}",0,0.0,0.0,0.0,0.0,BROKER_TO_FLUSH,0,0,0,UNKNOWN
sql_batch_completed,2026-09-04 05:12:55.496,77,0,0,SteelNort,"{""event_name"": ""sql_batch_completed"", ""timestamp"": ""2026-09-04 05:12:55.496"", ""database_name"": ""SteelNort"", ""session_id"": 77, ""command"": ""EXECUTE"", ""duration"": 5170, ""cpu_time"": 90, ""logical_reads"": 0, ""writes"": 0, ""status"": ""completed""}",EXECUTE,5170.0,90.0,0.0,0.0,0,0,0,completed,USER
wait_info,2026-09-04 05:13:00.524,58,0,0,master,"{""event_name"": ""wait_info"", ""timestamp"": ""2026-09-04 05:13:00.524"", ""session_id"": 58, ""wait_type"": ""SLEEP_TASK"", ""database_name"": ""master""}",0,0.0,0.0,0.0,0.0,SLEEP_TASK,0,0,0,UNKNOWN
wait_info,2026-09-04 05:13:05.552,58,0,0,master,"{""event_name"": ""wait_info"", ""timestamp"": ""2026-09-04 05:13:05.552"", ""session_id"": 58, ""wait_type"": ""BROKER_TO_FLUSH"", ""database_name"": ""master""}",0,0.0,0.0,0.0,0.0,BROKER_TO_FLUSH,0,0,0,UNKNOWN
wait_info,2026-09-04 05:13:10.579,58,0,0,master,"{""event_name"": ""wait_info"", ""timestamp"": ""2026-09-04 05:13:10.579"", ""session_id"": 58, ""wait_type"": ""SLEEP_TASK"", ""database_name"": ""master""}",0,0.0,0.0,0.0,0.0,SLEEP_TASK,0,0,0,UNKNOWN
sql_batch_completed,2026-09-04 05:13:10.579,67,0,0,SteelNort,"{""event_name"": ""sql_batch_completed"", ""timestamp"": ""2026-09-04 05:13:10.579"", ""database_name"": ""SteelNort"", ""session_id"": 67, ""command"": ""AWAITING COMMAND"", ""duration"": 8, ""cpu_time"": 0, ""logical_reads"": 0, ""writes"": 0}",AWAITING COMMAND,8.0,0.0,0.0,0.0,0,0,0,0,UNKNOWN
sql_batch_completed,2026-09-04 05:13:10.579,77,0,0,SteelNort,"{""event_name"": ""sql_batch_completed"", ""timestamp"": ""2026-09-04 05:13:10.579"", ""database_name"": ""SteelNort"", ""session_id"": 77, ""command"": ""EXECUTE"", ""duration"": 93, ""cpu_time"": 82, ""logical_reads"": 0, ""writes"": 0, ""wait_type"": ""MSQL_XP""}",EXECUTE,93.0,82.0,0.0,0.0,MSQL_XP,0,0,0,USER
lock_acquired,2026-09-04 05:13:10.579,70,0,0,0,"{""event_name"": ""lock_acquired"", ""timestamp"": ""2026-09-04 05:13:10.579"", ""session_id"": 70, ""resource_type"": ""DATABASE"", ""mode"": ""S""}",0,0.0,0.0,0.0,0.0,0,DATABASE,S,0,UNKNOWN
wait_info,2026-09-04 05:13:15.615,58,0,0,master,"{""event_name"": ""wait_info"", ""timestamp"": ""2026-09-04 05:13:15.615"", ""session_id"": 58, ""wait_type"": ""BROKER_TO_FLUSH"", ""database_name"": ""master""}",0,0.0,0.0,0.0,0.0,BROKER_TO_FLUSH,0,0,0,UNKNOWN
sql_batch_completed,2026-09-04 05:13:15.615,67,0,0,SteelNort,"{""event_name"": ""sql_batch_completed"", ""timestamp"": ""2026-09-04 05:13:15.615"", ""database_name"": ""SteelNort"", ""session_id"": 67, ""command"": ""AWAITING COMMAND"", ""duration"": 5046, ""cpu_time"": 0, ""logical_reads"": 0, ""writes"": 0, ""status"": ""completed""}",AWAITING COMMAND,5046.0,0.0,0.0,0.0,0,0,0,completed,UNKNOWN
sql_batch_completed,2026-09-04 05:13:15.615,77,0,0,SteelNort,"{""event_name"": ""sql_batch_completed"", ""timestamp"": ""2026-09-04 05:13:15.615"", ""database_name"": ""SteelNort"", ""session_id"": 77, ""command"": ""EXECUTE"", ""duration"": 5130, ""cpu_time"": 82, ""logical_reads"": 0, ""writes"": 0, ""status"": ""completed""}",EXECUTE,5130.0,82.0,0.0,0.0,0,0,0,completed,USER
lock_released,2026-09-04 05:13:15.615,70,0,0,0,"{""event_name"": ""lock_released"", ""timestamp"": ""2026-09-04 05:13:15.615"", ""session_id"": 70, ""resource_type"": ""DATABASE"", ""mode"": ""S""}",0,0.0,0.0,0.0,0.0,0,DATABASE,S,0,UNKNOWN
wait_info,2026-09-04 05:13:20.643,58,0,0,master,"{""event_name"": ""wait_info"", ""timestamp"": ""2026-09-04 05:13:20.643"", ""session_id"": 58, ""wait_type"": ""SLEEP_TASK"", ""database_name"": ""master""}",0,0.0,0.0,0.0,0.0,SLEEP_TASK,0,0,0,UNKNOWN
lock_acquired,2026-09-04 05:13:20.643,69,0,0,0,"{""event_name"": ""lock_acquired"", ""timestamp"": ""2026-09-04 05:13:20.643"", ""session_id"": 69, ""resource_type"": ""KEY"", ""mode"": ""S""}",0,0.0,0.0,0.0,0.0,0,KEY,S,0,UNKNOWN
wait_info,2026-09-04 05:13:25.667,58,0,0,master,"{""event_name"": ""wait_info"", ""timestamp"": ""2026-09-04 05:13:25.667"", ""session_id"": 58, ""wait_type"": ""BROKER_TO_FLUSH"", ""database_name"": ""master""}",0,0.0,0.0,0.0,0.0,BROKER_TO_FLUSH,0,0,0,UNKNOWN
sql_batch_completed,2026-09-04 05:13:25.667,69,0,0,SteelNort,"{""event_name"": ""sql_batch_completed"", ""timestamp"": ""2026-09-04 05:13:25.667"", ""database_name"": ""SteelNort"", ""session_id"": 69, ""command"": ""AWAITING COMMAND"", ""duration"": 6, ""cpu_time"": 0, ""logical_reads"": 0, ""writes"": 0}",AWAITING COMMAND,6.0,0.0,0.0,0.0,0,0,0,0,UNKNOWN
lock_released,2026-09-04 05:13:25.667,69,0,0,0,"{""event_name"": ""lock_released"", ""timestamp"": ""2026-09-04 05:13:25.667"", ""session_id"": 69, ""resource_type"": ""KEY"", ""mode"": ""S""}",0,0.0,0.0,0.0,0.0,0,KEY,S,0,UNKNOWN
wait_info,2026-09-04 05:13:30.693,58,0,0,master,"{""event_name"": ""wait_info"", ""timestamp"": ""2026-09-04 05:13:30.693"", ""session_id"": 58, ""wait_type"": ""SLEEP_TASK"", ""database_name"": ""master""}",0,0.0,0.0,0.0,0.0,SLEEP_TASK,0,0,0,UNKNOWN
login,2026-09-04 05:13:35.721,70,NT AUTHORITY\SYSTEM,SQLServerCEIP,SteelNort,"{""event_name"": ""login"", ""timestamp"": ""2026-09-04 05:13:35.721"", ""session_id"": 70, ""login_name"": ""NT AUTHORITY\\SYSTEM"", ""program_name"": ""SQLServerCEIP"", ""database_name"": ""SteelNort""}",0,0.0,0.0,0.0,0.0,0,0,0,0,UNKNOWN
wait_info,2026-09-04 05:13:35.721,58,0,0,master,"{""event_name"": ""wait_info"", ""timestamp"": ""2026-09-04 05:13:35.721"", ""session_id"": 58, ""wait_type"": ""BROKER_TO_FLUSH"", ""database_name"": ""master""}",0,0.0,0.0,0.0,0.0,BROKER_TO_FLUSH,0,0,0,UNKNOWN
sql_batch_completed,2026-09-04 05:13:35.721,69,0,0,SteelNort,"{""event_name"": ""sql_batch_completed"", ""timestamp"": ""2026-09-04 05:13:35.721"", ""database_name"": ""SteelNort"", ""session_id"": 69, ""command"": ""EXECUTE"", ""duration"": 5033, ""cpu_time"": 0, ""logical_reads"": 0, ""writes"": 0, ""status"": ""completed""}",EXECUTE,5033.0,0.0,0.0,0.0,0,0,0,completed,USER
wait_info,2026-09-04 05:13:45.767,58,0,0,master,"{""event_name"": ""wait_info"", ""timestamp"": ""2026-09-04 05:13:45.767"", ""session_id"": 58, ""wait_type"": ""SLEEP_TASK"", ""database_name"": ""master""}",0,0.0,0.0,0.0,0.0,SLEEP_TASK,0,0,0,UNKNOWN
sql_batch_completed,2026-09-04 05:13:45.767,62,0,0,SteelNort,"{""event_name"": ""sql_batch_completed"", ""timestamp"": ""2026-09-04 05:13:45.767"", ""database_name"": ""SteelNort"", ""session_id"": 62, ""command"": ""AWAITING COMMAND"", ""duration"": 8, ""cpu_time"": 0, ""logical_reads"": 0, ""writes"": 0}",AWAITING COMMAND,8.0,0.0,0.0,0.0,0,0,0,0,UNKNOWN
wait_info,2026-09-04 05:13:50.787,58,0,0,master,"{""event_name"": ""wait_info"", ""timestamp"": ""2026-09-04 05:13:50.787"", ""session_id"": 58, ""wait_type"": ""BROKER_TO_FLUSH"", ""database_name"": ""master""}",0,0.0,0.0,0.0,0.0,BROKER_TO_FLUSH,0,0,0,UNKNOWN
sql_batch_completed,2026-09-04 05:13:50.787,62,0,0,SteelNort,"{""event_name"": ""sql_batch_completed"", ""timestamp"": ""2026-09-04 05:13:50.787"", ""database_name"": ""SteelNort"", ""session_id"": 62, ""command"": ""AWAITING COMMAND"", ""duration"": 5033, ""cpu_time"": 0, ""logical_reads"": 0, ""writes"": 0, ""status"": ""completed""}",AWAITING COMMAND,5033.0,0.0,0.0,0.0,0,0,0,completed,UNKNOWN
logout,2026-09-04 05:13:55.814,73,0,0,0,"{""event_name"": ""logout"", ""timestamp"": ""2026-09-04 05:13:55.814"", ""session_id"": 73}",0,0.0,0.0,0.0,0.0,0,0,0,0,UNKNOWN
logout,2026-09-04 05:13:55.814,76,0,0,0,"{""event_name"": ""logout"", ""timestamp"": ""2026-09-04 05:13:55.814"", ""session_id"": 76}",0,0.0,0.0,0.0,0.0,0,0,0,0,UNKNOWN
logout,2026-09-04 05:13:55.814,71,0,0,0,"{""event_name"": ""logout"", ""timestamp"": ""2026-09-04 05:13:55.814"", ""session_id"": 71}",0,0.0,0.0,0.0,0.0,0,0,0,0,UNKNOWN
wait_info,2026-09-04 05:13:55.814,58,0,0,master,"{""event_name"": ""wait_info"", ""timestamp"": ""2026-09-04 05:13:55.814"", ""session_id"": 58, ""wait_type"": ""SLEEP_TASK"", ""database_name"": ""master""}",0,0.0,0.0,0.0,0.0,SLEEP_TASK,0,0,0,UNKNOWN
sql_batch_completed,2026-09-04 05:13:55.814,73,0,0,master,"{""event_name"": ""sql_batch_completed"", ""timestamp"": ""2026-09-04 05:13:55.814"", ""database_name"": ""master"", ""session_id"": 73, ""command"": ""TASK MANAGER"", ""duration"": 482759, ""cpu_time"": 0, ""logical_reads"": 0, ""writes"": 0, ""status"": ""completed""}",TASK MANAGER,482759.0,0.0,0.0,0.0,0,0,0,completed,SQL_SERVER_INTERNAL
sql_batch_completed,2026-09-04 05:13:55.814,76,0,0,master,"{""event_name"": ""sql_batch_completed"", ""timestamp"": ""2026-09-04 05:13:55.814"", ""database_name"": ""master"", ""session_id"": 76, ""command"": ""TASK MANAGER"", ""duration"": 482760, ""cpu_time"": 0, ""logical_reads"": 0, ""writes"": 0, ""status"": ""completed""}",TASK MANAGER,482760.0,0.0,0.0,0.0,0,0,0,completed,SQL_SERVER_INTERNAL
sql_batch_completed,2026-09-04 05:13:55.814,71,0,0,master,"{""event_name"": ""sql_batch_completed"", ""timestamp"": ""2026-09-04 05:13:55.814"", ""database_name"": ""master"", ""session_id"": 71, ""command"": ""TASK MANAGER"", ""duration"": 782835, ""cpu_time"": 0, ""logical_reads"": 0, ""writes"": 0, ""status"": ""completed""}",TASK MANAGER,782835.0,0.0,0.0,0.0,0,0,0,completed,SQL_SERVER_INTERNAL
wait_info,2026-09-04 05:14:00.837,58,0,0,master,"{""event_name"": ""wait_info"", ""timestamp"": ""2026-09-04 05:14:00.837"", ""session_id"": 58, ""wait_type"": ""BROKER_TO_FLUSH"", ""database_name"": ""master""}",0,0.0,0.0,0.0,0.0,BROKER_TO_FLUSH,0,0,0,UNKNOWN
sql_batch_completed,2026-09-04 05:14:00.837,63,0,0,SteelNort,"{""event_name"": ""sql_batch_completed"", ""timestamp"": ""2026-09-04 05:14:00.837"", ""database_name"": ""SteelNort"", ""session_id"": 63, ""command"": ""CONDITIONAL"", ""duration"": 7, ""cpu_time"": 1, ""logical_reads"": 0, ""writes"": 0}",CONDITIONAL,7.0,1.0,0.0,0.0,0,0,0,0,UNKNOWN
wait_info,2026-09-04 05:14:05.861,58,0,0,master,"{""event_name"": ""wait_info"", ""timestamp"": ""2026-09-04 05:14:05.861"", ""session_id"": 58, ""wait_type"": ""SLEEP_TASK"", ""database_name"": ""master""}",0,0.0,0.0,0.0,0.0,SLEEP_TASK,0,0,0,UNKNOWN
sql_batch_completed,2026-09-04 05:14:05.861,63,0,0,SteelNort,"{""event_name"": ""sql_batch_completed"", ""timestamp"": ""2026-09-04 05:14:05.861"", ""database_name"": ""SteelNort"", ""session_id"": 63, ""command"": ""CONDITIONAL"", ""duration"": 5032, ""cpu_time"": 1, ""logical_reads"": 0, ""writes"": 0, ""status"": ""completed""}",CONDITIONAL,5032.0,1.0,0.0,0.0,0,0,0,completed,UNKNOWN
wait_info,2026-09-04 05:14:10.889,58,0,0,master,"{""event_name"": ""wait_info"", ""timestamp"": ""2026-09-04 05:14:10.889"", ""session_id"": 58, ""wait_type"": ""BROKER_TO_FLUSH"", ""database_name"": ""master""}",0,0.0,0.0,0.0,0.0,BROKER_TO_FLUSH,0,0,0,UNKNOWN
login,2026-09-04 05:14:15.911,71,795ec2146175\Administrator,Microsoft SQL Server,SteelNort,"{""event_name"": ""login"", ""timestamp"": ""2026-09-04 05:14:15.911"", ""session_id"": 71, ""login_name"": ""795ec2146175\\Administrator"", ""program_name"": ""Microsoft SQL Server"", ""database_name"": ""SteelNort""}",0,0.0,0.0,0.0,0.0,0,0,0,0,UNKNOWN
wait_info,2026-09-04 05:14:15.911,58,0,0,master,"{""event_name"": ""wait_info"", ""timestamp"": ""2026-09-04 05:14:15.911"", ""session_id"": 58, ""wait_type"": ""SLEEP_TASK"", ""database_name"": ""master""}",0,0.0,0.0,0.0,0.0,SLEEP_TASK,0,0,0,UNKNOWN
sql_batch_completed,2026-09-04 05:14:15.911,77,0,0,SteelNort,"{""event_name"": ""sql_batch_completed"", ""timestamp"": ""2026-09-04 05:14:15.911"", ""database_name"": ""SteelNort"", ""session_id"": 77, ""command"": ""EXECUTE"", ""duration"": 216, ""cpu_time"": 114, ""logical_reads"": 0, ""writes"": 0, ""wait_type"": ""MSQL_XP""}",EXECUTE,216.0,114.0,0.0,0.0,MSQL_XP,0,0,0,USER
logout,2026-09-04 05:14:20.939,71,0,0,0,"{""event_name"": ""logout"", ""timestamp"": ""2026-09-04 05:14:20.939"", ""session_id"": 71}",0,0.0,0.0,0.0,0.0,0,0,0,0,UNKNOWN
wait_info,2026-09-04 05:14:20.939,58,0,0,master,"{""event_name"": ""wait_info"", ""timestamp"": ""2026-09-04 05:14:20.939"", ""session_id"": 58, ""wait_type"": ""BROKER_TO_FLUSH"", ""database_name"": ""master""}",0,0.0,0.0,0.0,0.0,BROKER_TO_FLUSH,0,0,0,UNKNOWN
sql_batch_completed,2026-09-04 05:14:20.939,77,0,0,SteelNort,"{""event_name"": ""sql_batch_completed"", ""timestamp"": ""2026-09-04 05:14:20.939"", ""database_name"": ""SteelNort"", ""session_id"": 77, ""command"": ""EXECUTE"", ""duration"": 5245, ""cpu_time"": 114, ""logical_reads"": 0, ""writes"": 0, ""status"": ""completed""}",EXECUTE,5245.0,114.0,0.0,0.0,0,0,0,completed,USER
wait_info,2026-09-04 05:14:25.968,58,0,0,master,"{""event_name"": ""wait_info"", ""timestamp"": ""2026-09-04 05:14:25.968"", ""session_id"": 58, ""wait_type"": ""SLEEP_TASK"", ""database_name"": ""master""}",0,0.0,0.0,0.0,0.0,SLEEP_TASK,0,0,0,UNKNOWN
lock_acquired,2026-09-04 05:14:25.968,64,0,0,0,"{""event_name"": ""lock_acquired"", ""timestamp"": ""2026-09-04 05:14:25.968"", ""session_id"": 64, ""resource_type"": ""OBJECT"", ""mode"": ""IS""}",0,0.0,0.0,0.0,0.0,0,OBJECT,IS,0,UNKNOWN
sql_batch_completed,2026-09-04 05:14:30.989,64,0,0,SteelNort,"{""event_name"": ""sql_batch_completed"", ""timestamp"": ""2026-09-04 05:14:30.989"", ""database_name"": ""SteelNort"", ""session_id"": 64, ""command"": ""AWAITING COMMAND"", ""duration"": 3, ""cpu_time"": 0, ""logical_reads"": 0, ""writes"": 0}",AWAITING COMMAND,3.0,0.0,0.0,0.0,0,0,0,0,UNKNOWN
sql_batch_completed,2026-09-04 05:14:30.989,69,0,0,SteelNort,"{""event_name"": ""sql_batch_completed"", ""timestamp"": ""2026-09-04 05:14:30.989"", ""database_name"": ""SteelNort"", ""session_id"": 69, ""command"": ""EXECUTE"", ""duration"": 5, ""cpu_time"": 0, ""logical_reads"": 0, ""writes"": 0}",EXECUTE,5.0,0.0,0.0,0.0,0,0,0,0,USER
lock_released,2026-09-04 05:14:30.989,64,0,0,0,"{""event_name"": ""lock_released"", ""timestamp"": ""2026-09-04 05:14:30.989"", ""session_id"": 64, ""resource_type"": ""OBJECT"", ""mode"": ""IS""}",0,0.0,0.0,0.0,0.0,0,OBJECT,IS,0,UNKNOWN
wait_info,2026-09-04 05:14:36.020,58,0,0,master,"{""event_name"": ""wait_info"", ""timestamp"": ""2026-09-04 05:14:36.020"", ""session_id"": 58, ""wait_type"": ""BROKER_TO_FLUSH"", ""database_name"": ""master""}",0,0.0,0.0,0.0,0.0,BROKER_TO_FLUSH,0,0,0,UNKNOWN
sql_batch_completed,2026-09-04 05:14:36.020,64,0,0,SteelNort,"{""event_name"": ""sql_batch_completed"", ""timestamp"": ""2026-09-04 05:14:36.020"", ""database_name"": ""SteelNort"", ""session_id"": 64, ""command"": ""AWAITING COMMAND"", ""duration"": 5037, ""cpu_time"": 0, ""logical_reads"": 0, ""writes"": 0, ""status"": ""completed""}",AWAITING COMMAND,5037.0,0.0,0.0,0.0,0,0,0,completed,UNKNOWN
sql_batch_completed,2026-09-04 05:14:36.020,69,0,0,SteelNort,"{""event_name"": ""sql_batch_completed"", ""timestamp"": ""2026-09-04 05:14:36.020"", ""database_name"": ""SteelNort"", ""session_id"": 69, ""command"": ""EXECUTE"", ""duration"": 5038, ""cpu_time"": 0, ""logical_reads"": 0, ""writes"": 0, ""status"": ""completed""}",EXECUTE,5038.0,0.0,0.0,0.0,0,0,0,completed,USER
wait_info,2026-09-04 05:14:41.047,58,0,0,master,"{""event_name"": ""wait_info"", ""timestamp"": ""2026-09-04 05:14:41.047"", ""session_id"": 58, ""wait_type"": ""SLEEP_TASK"", ""database_name"": ""master""}",0,0.0,0.0,0.0,0.0,SLEEP_TASK,0,0,0,UNKNOWN
sql_batch_completed,2026-09-04 05:14:41.047,68,0,0,SteelNort,"{""event_name"": ""sql_batch_completed"", ""timestamp"": ""2026-09-04 05:14:41.047"", ""database_name"": ""SteelNort"", ""session_id"": 68, ""command"": ""INSERT"", ""duration"": 6, ""cpu_time"": 0, ""logical_reads"": 0, ""writes"": 0}",INSERT,6.0,0.0,0.0,0.0,0,0,0,0,USER
lock_acquired,2026-09-04 05:14:41.047,68,0,0,0,"{""event_name"": ""lock_acquired"", ""timestamp"": ""2026-09-04 05:14:41.047"", ""session_id"": 68, ""resource_type"": ""PAGE"", ""mode"": ""IX""}",0,0.0,0.0,0.0,0.0,0,PAGE,IX,0,UNKNOWN
lock_acquired,2026-09-04 05:14:41.047,68,0,0,0,"{""event_name"": ""lock_acquired"", ""timestamp"": ""2026-09-04 05:14:41.047"", ""session_id"": 68, ""resource_type"": ""OBJECT"", ""mode"": ""IX""}",0,0.0,0.0,0.0,0.0,0,OBJECT,IX,0,UNKNOWN
lock_acquired,2026-09-04 05:14:41.047,68,0,0,0,"{""event_name"": ""lock_acquired"", ""timestamp"": ""2026-09-04 05:14:41.047"", ""session_id"": 68, ""resource_type"": ""RID"", ""mode"": ""X""}",0,0.0,0.0,0.0,0.0,0,RID,X,0,UNKNOWN
lock_acquired,2026-09-04 05:14:41.047,68,0,0,0,"{""event_name"": ""lock_acquired"", ""timestamp"": ""2026-09-04 05:14:41.047"", ""session_id"": 68, ""resource_type"": ""KEY"", ""mode"": ""X""}",0,0.0,0.0,0.0,0.0,0,KEY,X,0,UNKNOWN
wait_info,2026-09-04 05:14:46.079,58,0,0,master,"{""event_name"": ""wait_info"", ""timestamp"": ""2026-09-04 05:14:46.079"", ""session_id"": 58, ""wait_type"": ""BROKER_TO_FLUSH"", ""database_name"": ""master""}",0,0.0,0.0,0.0,0.0,BROKER_TO_FLUSH,0,0,0,UNKNOWN
sql_batch_completed,2026-09-04 05:14:46.079,68,0,0,SteelNort,"{""event_name"": ""sql_batch_completed"", ""timestamp"": ""2026-09-04 05:14:46.079"", ""database_name"": ""SteelNort"", ""session_id"": 68, ""command"": ""INSERT"", ""duration"": 5036, ""cpu_time"": 0, ""logical_reads"": 0, ""writes"": 0, ""status"": ""completed""}",INSERT,5036.0,0.0,0.0,0.0,0,0,0,completed,USER
lock_released,2026-09-04 05:14:46.079,68,0,0,0,"{""event_name"": ""lock_released"", ""timestamp"": ""2026-09-04 05:14:46.079"", ""session_id"": 68, ""resource_type"": ""PAGE"", ""mode"": ""IX""}",0,0.0,0.0,0.0,0.0,0,PAGE,IX,0,UNKNOWN
lock_released,2026-09-04 05:14:46.079,68,0,0,0,"{""event_name"": ""lock_released"", ""timestamp"": ""2026-09-04 05:14:46.079"", ""session_id"": 68, ""resource_type"": ""OBJECT"", ""mode"": ""IX""}",0,0.0,0.0,0.0,0.0,0,OBJECT,IX,0,UNKNOWN
lock_released,2026-09-04 05:14:46.079,68,0,0,0,"{""event_name"": ""lock_released"", ""timestamp"": ""2026-09-04 05:14:46.079"", ""session_id"": 68, ""resource_type"": ""RID"", ""mode"": ""X""}",0,0.0,0.0,0.0,0.0,0,RID,X,0,UNKNOWN
lock_released,2026-09-04 05:14:46.079,68,0,0,0,"{""event_name"": ""lock_released"", ""timestamp"": ""2026-09-04 05:14:46.079"", ""session_id"": 68, ""resource_type"": ""KEY"", ""mode"": ""X""}",0,0.0,0.0,0.0,0.0,0,KEY,X,0,UNKNOWN
wait_info,2026-09-04 05:14:51.107,58,0,0,master,"{""event_name"": ""wait_info"", ""timestamp"": ""2026-09-04 05:14:51.107"", ""session_id"": 58, ""wait_type"": ""SLEEP_TASK"", ""database_name"": ""master""}",0,0.0,0.0,0.0,0.0,SLEEP_TASK,0,0,0,UNKNOWN
sql_batch_completed,2026-09-04 05:14:51.107,69,0,0,SteelNort,"{""event_name"": ""sql_batch_completed"", ""timestamp"": ""2026-09-04 05:14:51.107"", ""database_name"": ""SteelNort"", ""session_id"": 69, ""command"": ""EXECUTE"", ""duration"": 9, ""cpu_time"": 0, ""logical_reads"": 0, ""writes"": 0}",EXECUTE,9.0,0.0,0.0,0.0,0,0,0,0,USER
wait_info,2026-09-04 05:14:56.139,58,0,0,master,"{""event_name"": ""wait_info"", ""timestamp"": ""2026-09-04 05:14:56.139"", ""session_id"": 58, ""wait_type"": ""BROKER_TO_FLUSH"", ""database_name"": ""master""}",0,0.0,0.0,0.0,0.0,BROKER_TO_FLUSH,0,0,0,UNKNOWN
sql_batch_completed,2026-09-04 05:14:56.139,69,0,0,SteelNort,"{""event_name"": ""sql_batch_completed"", ""timestamp"": ""2026-09-04 05:14:56.139"", ""database_name"": ""SteelNort"", ""session_id"": 69, ""command"": ""EXECUTE"", ""duration"": 5038, ""cpu_time"": 0, ""logical_reads"": 0, ""writes"": 0, ""status"": ""completed""}",EXECUTE,5038.0,0.0,0.0,0.0,0,0,0,completed,USER
login,2026-09-04 05:15:01.171,71,795ec2146175\Administrator,Microsoft SQL Server,SteelNort,"{""event_name"": ""login"", ""timestamp"": ""2026-09-04 05:15:01.171"", ""session_id"": 71, ""login_name"": ""795ec2146175\\Administrator"", ""program_name"": ""Microsoft SQL Server"", ""database_name"": ""SteelNort""}",0,0.0,0.0,0.0,0.0,0,0,0,0,UNKNOWN
wait_info,2026-09-04 05:15:01.171,58,0,0,master,"{""event_name"": ""wait_info"", ""timestamp"": ""2026-09-04 05:15:01.171"", ""session_id"": 58, ""wait_type"": ""SLEEP_TASK"", ""database_name"": ""master""}",0,0.0,0.0,0.0,0.0,SLEEP_TASK,0,0,0,UNKNOWN
sql_batch_completed,2026-09-04 05:15:01.171,64,0,0,SteelNort,"{""event_name"": ""sql_batch_completed"", ""timestamp"": ""2026-09-04 05:15:01.171"", ""database_name"": ""SteelNort"", ""session_id"": 64, ""command"": ""EXECUTE"", ""duration"": 6, ""cpu_time"": 0, ""logical_reads"": 0, ""writes"": 0}",EXECUTE,6.0,0.0,0.0,0.0,0,0,0,0,USER
sql_batch_completed,2026-09-04 05:15:01.171,77,0,0,SteelNort,"{""event_name"": ""sql_batch_completed"", ""timestamp"": ""2026-09-04 05:15:01.171"", ""database_name"": ""SteelNort"", ""session_id"": 77, ""command"": ""EXECUTE"", ""duration"": 187, ""cpu_time"": 100, ""logical_reads"": 0, ""writes"": 0, ""wait_type"": ""MSQL_XP""}",EXECUTE,187.0,100.0,0.0,0.0,MSQL_XP,0,0,0,USER
logout,2026-09-04 05:15:06.196,71,0,0,0,"{""event_name"": ""logout"", ""timestamp"": ""2026-09-04 05:15:06.196"", ""session_id"": 71}",0,0.0,0.0,0.0,0.0,0,0,0,0,UNKNOWN
wait_info,2026-09-04 05:15:06.196,58,0,0,master,"{""event_name"": ""wait_info"", ""timestamp"": ""2026-09-04 05:15:06.196"", ""session_id"": 58, ""wait_type"": ""BROKER_TO_FLUSH"", ""database_name"": ""master""}",0,0.0,0.0,0.0,0.0,BROKER_TO_FLUSH,0,0,0,UNKNOWN
sql_batch_completed,2026-09-04 05:15:06.196,64,0,0,SteelNort,"{""event_name"": ""sql_batch_completed"", ""timestamp"": ""2026-09-04 05:15:06.196"", ""database_name"": ""SteelNort"", ""session_id"": 64, ""command"": ""EXECUTE"", ""duration"": 5027, ""cpu_time"": 0, ""logical_reads"": 0, ""writes"": 0, ""status"": ""completed""}",EXECUTE,5027.0,0.0,0.0,0.0,0,0,0,completed,USER
sql_batch_completed,2026-09-04 05:15:06.196,77,0,0,SteelNort,"{""event_name"": ""sql_batch_completed"", ""timestamp"": ""2026-09-04 05:15:06.196"", ""database_name"": ""SteelNort"", ""session_id"": 77, ""command"": ""EXECUTE"", ""duration"": 5208, ""cpu_time"": 100, ""logical_reads"": 0, ""writes"": 0, ""status"": ""completed""}",EXECUTE,5208.0,100.0,0.0,0.0,0,0,0,completed,USER
wait_info,2026-09-04 05:15:11.215,58,0,0,master,"{""event_name"": ""wait_info"", ""timestamp"": ""2026-09-04 05:15:11.215"", ""session_id"": 58, ""wait_type"": ""SLEEP_TASK"", ""database_name"": ""master""}",0,0.0,0.0,0.0,0.0,SLEEP_TASK,0,0,0,UNKNOWN
wait_info,2026-09-04 05:15:16.239,58,0,0,master,"{""event_name"": ""wait_info"", ""timestamp"": ""2026-09-04 05:15:16.239"", ""session_id"": 58, ""wait_type"": ""BROKER_TO_FLUSH"", ""database_name"": ""master""}",0,0.0,0.0,0.0,0.0,BROKER_TO_FLUSH,0,0,0,UNKNOWN
wait_info,2026-09-04 05:15:21.260,58,0,0,master,"{""event_name"": ""wait_info"", ""timestamp"": ""2026-09-04 05:15:21.260"", ""session_id"": 58, ""wait_type"": ""SLEEP_TASK"", ""database_name"": ""master""}",0,0.0,0.0,0.0,0.0,SLEEP_TASK,0,0,0,UNKNOWN
lock_acquired,2026-09-04 05:15:21.260,62,0,0,0,"{""event_name"": ""lock_acquired"", ""timestamp"": ""2026-09-04 05:15:21.260"", ""session_id"": 62, ""resource_type"": ""OBJECT"", ""mode"": ""IX""}",0,0.0,0.0,0.0,0.0,0,OBJECT,IX,0,UNKNOWN
lock_acquired,2026-09-04 05:15:21.260,62,0,0,0,"{""event_name"": ""lock_acquired"", ""timestamp"": ""2026-09-04 05:15:21.260"", ""session_id"": 62, ""resource_type"": ""RID"", ""mode"": ""X""}",0,0.0,0.0,0.0,0.0,0,RID,X,0,UNKNOWN
lock_acquired,2026-09-04 05:15:21.260,62,0,0,0,"{""event_name"": ""lock_acquired"", ""timestamp"": ""2026-09-04 05:15:21.260"", ""session_id"": 62, ""resource_type"": ""KEY"", ""mode"": ""X""}",0,0.0,0.0,0.0,0.0,0,KEY,X,0,UNKNOWN
lock_acquired,2026-09-04 05:15:21.260,62,0,0,0,"{""event_name"": ""lock_acquired"", ""timestamp"": ""2026-09-04 05:15:21.260"", ""session_id"": 62, ""resource_type"": ""PAGE"", ""mode"": ""IX""}",0,0.0,0.0,0.0,0.0,0,PAGE,IX,0,UNKNOWN
sql_batch_completed,2026-09-04 05:15:26.284,62,0,0,SteelNort,"{""event_name"": ""sql_batch_completed"", ""timestamp"": ""2026-09-04 05:15:26.284"", ""database_name"": ""SteelNort"", ""session_id"": 62, ""command"": ""EXECUTE"", ""duration"": 3, ""cpu_time"": 0, ""logical_reads"": 0, ""writes"": 0}",EXECUTE,3.0,0.0,0.0,0.0,0,0,0,0,USER
sql_batch_completed,2026-09-04 05:15:26.284,63,0,0,SteelNort,"{""event_name"": ""sql_batch_completed"", ""timestamp"": ""2026-09-04 05:15:26.284"", ""database_name"": ""SteelNort"", ""session_id"": 63, ""command"": ""AWAITING COMMAND"", ""duration"": 5, ""cpu_time"": 0, ""logical_reads"": 0, ""writes"": 0}",AWAITING COMMAND,5.0,0.0,0.0,0.0,0,0,0,0,UNKNOWN
lock_released,2026-09-04 05:15:26.284,62,0,0,0,"{""event_name"": ""lock_released"", ""timestamp"": ""2026-09-04 05:15:26.284"", ""session_id"": 62, ""resource_type"": ""OBJECT"", ""mode"": ""IX""}",0,0.0,0.0,0.0,0.0,0,OBJECT,IX,0,UNKNOWN
lock_released,2026-09-04 05:15:26.284,62,0,0,0,"{""event_name"": ""lock_released"", ""timestamp"": ""2026-09-04 05:15:26.284"", ""session_id"": 62, ""resource_type"": ""RID"", ""mode"": ""X""}",0,0.0,0.0,0.0,0.0,0,RID,X,0,UNKNOWN
lock_released,2026-09-04 05:15:26.284,62,0,0,0,"{""event_name"": ""lock_released"", ""timestamp"": ""2026-09-04 05:15:26.284"", ""session_id"": 62, ""resource_type"": ""KEY"", ""mode"": ""X""}",0,0.0,0.0,0.0,0.0,0,KEY,X,0,UNKNOWN
lock_released,2026-09-04 05:15:26.284,62,0,0,0,"{""event_name"": ""lock_released"", ""timestamp"": ""2026-09-04 05:15:26.284"", ""session_id"": 62, ""resource_type"": ""PAGE"", ""mode"": ""IX""}",0,0.0,0.0,0.0,0.0,0,PAGE,IX,0,UNKNOWN
wait_info,2026-09-04 05:15:31.312,58,0,0,master,"{""event_name"": ""wait_info"", ""timestamp"": ""2026-09-04 05:15:31.312"", ""session_id"": 58, ""wait_type"": ""BROKER_TO_FLUSH"", ""database_name"": ""master""}",0,0.0,0.0,0.0,0.0,BROKER_TO_FLUSH,0,0,0,UNKNOWN
sql_batch_completed,2026-09-04 05:15:31.312,62,0,0,SteelNort,"{""event_name"": ""sql_batch_completed"", ""timestamp"": ""2026-09-04 05:15:31.312"", ""database_name"": ""SteelNort"", ""session_id"": 62, ""command"": ""EXECUTE"", ""duration"": 5032, ""cpu_time"": 0, ""logical_reads"": 0, ""writes"": 0, ""status"": ""completed""}",EXECUTE,5032.0,0.0,0.0,0.0,0,0,0,completed,USER
sql_batch_completed,2026-09-04 05:15:31.312,63,0,0,SteelNort,"{""event_name"": ""sql_batch_completed"", ""timestamp"": ""2026-09-04 05:15:31.312"", ""database_name"": ""SteelNort"", ""session_id"": 63, ""command"": ""AWAITING COMMAND"", ""duration"": 5033, ""cpu_time"": 0, ""logical_reads"": 0, ""writes"": 0, ""status"": ""completed""}",AWAITING COMMAND,5033.0,0.0,0.0,0.0,0,0,0,completed,UNKNOWN
wait_info,2026-09-04 05:15:36.339,58,0,0,master,"{""event_name"": ""wait_info"", ""timestamp"": ""2026-09-04 05:15:36.339"", ""session_id"": 58, ""wait_type"": ""SLEEP_TASK"", ""database_name"": ""master""}",0,0.0,0.0,0.0,0.0,SLEEP_TASK,0,0,0,UNKNOWN
sql_batch_completed,2026-09-04 05:15:36.339,67,0,0,SteelNort,"{""event_name"": ""sql_batch_completed"", ""timestamp"": ""2026-09-04 05:15:36.339"", ""database_name"": ""SteelNort"", ""session_id"": 67, ""command"": ""EXECUTE"", ""duration"": 4, ""cpu_time"": 0, ""logical_reads"": 0, ""writes"": 0}",EXECUTE,4.0,0.0,0.0,0.0,0,0,0,0,USER
wait_info,2026-09-04 05:15:41.364,58,0,0,master,"{""event_name"": ""wait_info"", ""timestamp"": ""2026-09-04 05:15:41.364"", ""session_id"": 58, ""wait_type"": ""BROKER_TO_FLUSH"", ""database_name"": ""master""}",0,0.0,0.0,0.0,0.0,BROKER_TO_FLUSH,0,0,0,UNKNOWN
sql_batch_completed,2026-09-04 05:15:41.364,67,0,0,SteelNort,"{""event_name"": ""sql_batch_completed"", ""timestamp"": ""2026-09-04 05:15:41.364"", ""database_name"": ""SteelNort"", ""session_id"": 67, ""command"": ""EXECUTE"", ""duration"": 5029, ""cpu_time"": 0, ""logical_reads"": 0, ""writes"": 0, ""status"": ""completed""}",EXECUTE,5029.0,0.0,0.0,0.0,0,0,0,completed,USER
login,2026-09-04 05:15:46.386,71,795ec2146175\Administrator,Microsoft SQL Server,SteelNort,"{""event_name"": ""login"", ""timestamp"": ""2026-09-04 05:15:46.386"", ""session_id"": 71, ""login_name"": ""795ec2146175\\Administrator"", ""program_name"": ""Microsoft SQL Server"", ""database_name"": ""SteelNort""}",0,0.0,0.0,0.0,0.0,0,0,0,0,UNKNOWN
wait_info,2026-09-04 05:15:46.386,58,0,0,master,"{""event_name"": ""wait_info"", ""timestamp"": ""2026-09-04 05:15:46.386"", ""session_id"": 58, ""wait_type"": ""SLEEP_TASK"", ""database_name"": ""master""}",0,0.0,0.0,0.0,0.0,SLEEP_TASK,0,0,0,UNKNOWN
sql_batch_completed,2026-09-04 05:15:46.386,77,0,0,SteelNort,"{""event_name"": ""sql_batch_completed"", ""timestamp"": ""2026-09-04 05:15:46.386"", ""database_name"": ""SteelNort"", ""session_id"": 77, ""command"": ""EXECUTE"", ""duration"": 197, ""cpu_time"": 103, ""logical_reads"": 0, ""writes"": 0, ""wait_type"": ""MSQL_XP""}",EXECUTE,197.0,103.0,0.0,0.0,MSQL_XP,0,0,0,USER
logout,2026-09-04 05:15:51.408,71,0,0,0,"{""event_name"": ""logout"", ""timestamp"": ""2026-09-04 05:15:51.408"", ""session_id"": 71}",0,0.0,0.0,0.0,0.0,0,0,0,0,UNKNOWN
wait_info,2026-09-04 05:15:51.408,58,0,0,master,"{""event_name"": ""wait_info"", ""timestamp"": ""2026-09-04 05:15:51.408"", ""session_id"": 58, ""wait_type"": ""BROKER_TO_FLUSH"", ""database_name"": ""master""}",0,0.0,0.0,0.0,0.0,BROKER_TO_FLUSH,0,0,0,UNKNOWN
sql_batch_completed,2026-09-04 05:15:51.408,77,0,0,SteelNort,"{""event_name"": ""sql_batch_completed"", ""timestamp"": ""2026-09-04 05:15:51.408"", ""database_name"": ""SteelNort"", ""session_id"": 77, ""command"": ""EXECUTE"", ""duration"": 5225, ""cpu_time"": 103, ""logical_reads"": 0, ""writes"": 0, ""status"": ""completed""}",EXECUTE,5225.0,103.0,0.0,0.0,0,0,0,completed,USER
login,2026-09-04 05:15:56.437,72,sa,unknown,SteelNort,"{""event_name"": ""login"", ""timestamp"": ""2026-09-04 05:15:56.437"", ""session_id"": 72, ""login_name"": ""sa"", ""program_name"": ""unknown"", ""database_name"": ""SteelNort""}",0,0.0,0.0,0.0,0.0,0,0,0,0,UNKNOWN
login,2026-09-04 05:15:56.437,73,sa,unknown,SteelNort,"{""event_name"": ""login"", ""timestamp"": ""2026-09-04 05:15:56.437"", ""session_id"": 73, ""login_name"": ""sa"", ""program_name"": ""unknown"", ""database_name"": ""SteelNort""}",0,0.0,0.0,0.0,0.0,0,0,0,0,UNKNOWN
wait_info,2026-09-04 05:15:56.437,58,0,0,master,"{""event_name"": ""wait_info"", ""timestamp"": ""2026-09-04 05:15:56.437"", ""session_id"": 58, ""wait_type"": ""SLEEP_TASK"", ""database_name"": ""master""}",0,0.0,0.0,0.0,0.0,SLEEP_TASK,0,0,0,UNKNOWN
sql_batch_completed,2026-09-04 05:15:56.437,72,0,0,master,"{""event_name"": ""sql_batch_completed"", ""timestamp"": ""2026-09-04 05:15:56.437"", ""database_name"": ""master"", ""session_id"": 72, ""command"": ""TASK MANAGER"", ""duration"": 3257, ""cpu_time"": 0, ""logical_reads"": 0, ""writes"": 0}",TASK MANAGER,3257.0,0.0,0.0,0.0,0,0,0,0,SQL_SERVER_INTERNAL
sql_batch_completed,2026-09-04 05:15:56.437,73,0,0,master,"{""event_name"": ""sql_batch_completed"", ""timestamp"": ""2026-09-04 05:15:56.437"", ""database_name"": ""master"", ""session_id"": 73, ""command"": ""TASK MANAGER"", ""duration"": 3258, ""cpu_time"": 0, ""logical_reads"": 0, ""writes"": 0}",TASK MANAGER,3258.0,0.0,0.0,0.0,0,0,0,0,SQL_SERVER_INTERNAL
wait_info,2026-09-04 05:16:01.463,58,0,0,master,"{""event_name"": ""wait_info"", ""timestamp"": ""2026-09-04 05:16:01.463"", ""session_id"": 58, ""wait_type"": ""BROKER_TO_FLUSH"", ""database_name"": ""master""}",0,0.0,0.0,0.0,0.0,BROKER_TO_FLUSH,0,0,0,UNKNOWN
sql_batch_completed,2026-09-04 05:16:01.463,62,0,0,SteelNort,"{""event_name"": ""sql_batch_completed"", ""timestamp"": ""2026-09-04 05:16:01.463"", ""database_name"": ""SteelNort"", ""session_id"": 62, ""command"": ""EXECUTE"", ""duration"": 7, ""cpu_time"": 0, ""logical_reads"": 0, ""writes"": 0}",EXECUTE,7.0,0.0,0.0,0.0,0,0,0,0,USER
lock_acquired,2026-09-04 05:16:01.463,60,0,0,0,"{""event_name"": ""lock_acquired"", ""timestamp"": ""2026-09-04 05:16:01.463"", ""session_id"": 60, ""resource_type"": ""KEY"", ""mode"": ""S""}",0,0.0,0.0,0.0,0.0,0,KEY,S,0,UNKNOWN
lock_acquired,2026-09-04 05:16:01.463,60,0,0,0,"{""event_name"": ""lock_acquired"", ""timestamp"": ""2026-09-04 05:16:01.463"", ""session_id"": 60, ""resource_type"": ""PAGE"", ""mode"": ""IS""}",0,0.0,0.0,0.0,0.0,0,PAGE,IS,0,UNKNOWN
lock_acquired,2026-09-04 05:16:01.463,60,0,0,0,"{""event_name"": ""lock_acquired"", ""timestamp"": ""2026-09-04 05:16:01.463"", ""session_id"": 60, ""resource_type"": ""OBJECT"", ""mode"": ""IS""}",0,0.0,0.0,0.0,0.0,0,OBJECT,IS,0,UNKNOWN
wait_info,2026-09-04 05:16:06.497,58,0,0,master,"{""event_name"": ""wait_info"", ""timestamp"": ""2026-09-04 05:16:06.497"", ""session_id"": 58, ""wait_type"": ""SLEEP_TASK"", ""database_name"": ""master""}",0,0.0,0.0,0.0,0.0,SLEEP_TASK,0,0,0,UNKNOWN
sql_batch_completed,2026-09-04 05:16:06.497,62,0,0,SteelNort,"{""event_name"": ""sql_batch_completed"", ""timestamp"": ""2026-09-04 05:16:06.497"", ""database_name"": ""SteelNort"", ""session_id"": 62, ""command"": ""EXECUTE"", ""duration"": 5039, ""cpu_time"": 0, ""logical_reads"": 0, ""writes"": 0, ""status"": ""completed""}",EXECUTE,5039.0,0.0,0.0,0.0,0,0,0,completed,USER
lock_released,2026-09-04 05:16:06.497,60,0,0,0,"{""event_name"": ""lock_released"", ""timestamp"": ""2026-09-04 05:16:06.497"", ""session_id"": 60, ""resource_type"": ""KEY"", ""mode"": ""S""}",0,0.0,0.0,0.0,0.0,0,KEY,S,0,UNKNOWN
lock_released,2026-09-04 05:16:06.497,60,0,0,0,"{""event_name"": ""lock_released"", ""timestamp"": ""2026-09-04 05:16:06.497"", ""session_id"": 60, ""resource_type"": ""PAGE"", ""mode"": ""IS""}",0,0.0,0.0,0.0,0.0,0,PAGE,IS,0,UNKNOWN
lock_released,2026-09-04 05:16:06.497,60,0,0,0,"{""event_name"": ""lock_released"", ""timestamp"": ""2026-09-04 05:16:06.497"", ""session_id"": 60, ""resource_type"": ""OBJECT"", ""mode"": ""IS""}",0,0.0,0.0,0.0,0.0,0,OBJECT,IS,0,UNKNOWN
wait_info,2026-09-04 05:16:11.528,58,0,0,master,"{""event_name"": ""wait_info"", ""timestamp"": ""2026-09-04 05:16:11.528"", ""session_id"": 58, ""wait_type"": ""BROKER_TO_FLUSH"", ""database_name"": ""master""}",0,0.0,0.0,0.0,0.0,BROKER_TO_FLUSH,0,0,0,UNKNOWN
wait_info,2026-09-04 05:16:21.582,58,0,0,master,"{""event_name"": ""wait_info"", ""timestamp"": ""2026-09-04 05:16:21.582"", ""session_id"": 58, ""wait_type"": ""SLEEP_TASK"", ""database_name"": ""master""}",0,0.0,0.0,0.0,0.0,SLEEP_TASK,0,0,0,UNKNOWN
wait_info,2026-09-04 05:16:26.614,58,0,0,master,"{""event_name"": ""wait_info"", ""timestamp"": ""2026-09-04 05:16:26.614"", ""session_id"": 58, ""wait_type"": ""BROKER_TO_FLUSH"", ""database_name"": ""master""}",0,0.0,0.0,0.0,0.0,BROKER_TO_FLUSH,0,0,0,UNKNOWN
login,2026-09-04 05:16:31.639,71,795ec2146175\Administrator,Microsoft SQL Server,SteelNort,"{""event_name"": ""login"", ""timestamp"": ""2026-09-04 05:16:31.639"", ""session_id"": 71, ""login_name"": ""795ec2146175\\Administrator"", ""program_name"": ""Microsoft SQL Server"", ""database_name"": ""SteelNort""}",0,0.0,0.0,0.0,0.0,0,0,0,0,UNKNOWN
wait_info,2026-09-04 05:16:31.639,58,0,0,master,"{""event_name"": ""wait_info"", ""timestamp"": ""2026-09-04 05:16:31.639"", ""session_id"": 58, ""wait_type"": ""SLEEP_TASK"", ""database_name"": ""master""}",0,0.0,0.0,0.0,0.0,SLEEP_TASK,0,0,0,UNKNOWN
sql_batch_completed,2026-09-04 05:16:31.639,77,0,0,SteelNort,"{""event_name"": ""sql_batch_completed"", ""timestamp"": ""2026-09-04 05:16:31.639"", ""database_name"": ""SteelNort"", ""session_id"": 77, ""command"": ""EXECUTE"", ""duration"": 180, ""cpu_time"": 169, ""logical_reads"": 0, ""writes"": 0, ""wait_type"": ""MSQL_XP""}",EXECUTE,180.0,169.0,0.0,0.0,MSQL_XP,0,0,0,USER
logout,2026-09-04 05:16:36.675,71,0,0,0,"{""event_name"": ""logout"", ""timestamp"": ""2026-09-04 05:16:36.675"", ""session_id"": 71}",0,0.0,0.0,0.0,0.0,0,0,0,0,UNKNOWN
wait_info,2026-09-04 05:16:36.675,58,0,0,master,"{""event_name"": ""wait_info"", ""timestamp"": ""2026-09-04 05:16:36.675"", ""session_id"": 58, ""wait_type"": ""BROKER_TO_FLUSH"", ""database_name"": ""master""}",0,0.0,0.0,0.0,0.0,BROKER_TO_FLUSH,0,0,0,UNKNOWN
sql_batch_completed,2026-09-04 05:16:36.675,77,0,0,SteelNort,"{""event_name"": ""sql_batch_completed"", ""timestamp"": ""2026-09-04 05:16:36.675"", ""database_name"": ""SteelNort"", ""session_id"": 77, ""command"": ""EXECUTE"", ""duration"": 5213, ""cpu_time"": 169, ""logical_reads"": 0, ""writes"": 0, ""status"": ""completed""}",EXECUTE,5213.0,169.0,0.0,0.0,0,0,0,completed,USER
wait_info,2026-09-04 05:16:41.696,58,0,0,master,"{""event_name"": ""wait_info"", ""timestamp"": ""2026-09-04 05:16:41.696"", ""session_id"": 58, ""wait_type"": ""SLEEP_TASK"", ""database_name"": ""master""}",0,0.0,0.0,0.0,0.0,SLEEP_TASK,0,0,0,UNKNOWN
wait_info,2026-09-04 05:16:46.717,58,0,0,master,"{""event_name"": ""wait_info"", ""timestamp"": ""2026-09-04 05:16:46.717"", ""session_id"": 58, ""wait_type"": ""BROKER_TO_FLUSH"", ""database_name"": ""master""}",0,0.0,0.0,0.0,0.0,BROKER_TO_FLUSH,0,0,0,UNKNOWN
wait_info,2026-09-04 05:16:51.736,58,0,0,master,"{""event_name"": ""wait_info"", ""timestamp"": ""2026-09-04 05:16:51.736"", ""session_id"": 58, ""wait_type"": ""SLEEP_TASK"", ""database_name"": ""master""}",0,0.0,0.0,0.0,0.0,SLEEP_TASK,0,0,0,UNKNOWN
sql_batch_completed,2026-09-04 05:16:51.736,62,0,0,SteelNort,"{""event_name"": ""sql_batch_completed"", ""timestamp"": ""2026-09-04 05:16:51.736"", ""database_name"": ""SteelNort"", ""session_id"": 62, ""command"": ""AWAITING COMMAND"", ""duration"": 7, ""cpu_time"": 0, ""logical_reads"": 0, ""writes"": 0}",AWAITING COMMAND,7.0,0.0,0.0,0.0,0,0,0,0,UNKNOWN
sql_batch_completed,2026-09-04 05:16:56.774,52,0,0,SteelNort,"{""event_name"": ""sql_batch_completed"", ""timestamp"": ""2026-09-04 05:16:56.774"", ""database_name"": ""SteelNort"", ""session_id"": 52, ""command"": ""EXECUTE"", ""duration"": 4, ""cpu_time"": 0, ""logical_reads"": 0, ""writes"": 0}",EXECUTE,4.0,0.0,0.0,0.0,0,0,0,0,USER
wait_info,2026-09-04 05:16:56.774,58,0,0,master,"{""event_name"": ""wait_info"", ""timestamp"": ""2026-09-04 05:16:56.774"", ""session_id"": 58, ""wait_type"": ""BROKER_TO_FLUSH"", ""database_name"": ""master""}",0,0.0,0.0,0.0,0.0,BROKER_TO_FLUSH,0,0,0,UNKNOWN
sql_batch_completed,2026-09-04 05:16:56.774,62,0,0,SteelNort,"{""event_name"": ""sql_batch_completed"", ""timestamp"": ""2026-09-04 05:16:56.774"", ""database_name"": ""SteelNort"", ""session_id"": 62, ""command"": ""AWAITING COMMAND"", ""duration"": 5044, ""cpu_time"": 0, ""logical_reads"": 0, ""writes"": 0, ""status"": ""completed""}",AWAITING COMMAND,5044.0,0.0,0.0,0.0,0,0,0,completed,UNKNOWN
wait_info,2026-09-04 05:17:01.798,58,0,0,master,"{""event_name"": ""wait_info"", ""timestamp"": ""2026-09-04 05:17:01.798"", ""session_id"": 58, ""wait_type"": ""SLEEP_TASK"", ""database_name"": ""master""}",0,0.0,0.0,0.0,0.0,SLEEP_TASK,0,0,0,UNKNOWN
sql_batch_completed,2026-09-04 05:17:01.798,52,0,0,SteelNort,"{""event_name"": ""sql_batch_completed"", ""timestamp"": ""2026-09-04 05:17:01.798"", ""database_name"": ""SteelNort"", ""session_id"": 52, ""command"": ""EXECUTE"", ""duration"": 5038, ""cpu_time"": 0, ""logical_reads"": 0, ""writes"": 0, ""status"": ""completed""}",EXECUTE,5038.0,0.0,0.0,0.0,0,0,0,completed,USER
wait_info,2026-09-04 05:17:06.829,58,0,0,master,"{""event_name"": ""wait_info"", ""timestamp"": ""2026-09-04 05:17:06.829"", ""session_id"": 58, ""wait_type"": ""BROKER_TO_FLUSH"", ""database_name"": ""master""}",0,0.0,0.0,0.0,0.0,BROKER_TO_FLUSH,0,0,0,UNKNOWN
sql_batch_completed,2026-09-04 05:17:06.829,66,0,0,SteelNort,"{""event_name"": ""sql_batch_completed"", ""timestamp"": ""2026-09-04 05:17:06.829"", ""database_name"": ""SteelNort"", ""session_id"": 66, ""command"": ""AWAITING COMMAND"", ""duration"": 5, ""cpu_time"": 0, ""logical_reads"": 0, ""writes"": 0}",AWAITING COMMAND,5.0,0.0,0.0,0.0,0,0,0,0,UNKNOWN
