timestamp,metrica,valor
2026-09-04 05:01:46,cpu_usr,0.0
2026-09-04 05:01:46,cpu_sys,0.0
2026-09-04 05:01:46,cpu_idl,0.0
2026-09-04 05:01:46,cpu_wai,0.0
2026-09-04 05:01:46,cpu_stl,0.0
2026-09-04 05:01:46,memory_percent,48.4
2026-09-04 05:01:46,memory_used_mb,1896.0
2026-09-04 05:01:46,memory_available_mb,2020.0
2026-09-04 05:01:46,disk_read_per_sec,0.0
2026-09-04 05:01:46,disk_write_per_sec,0.0
2026-09-04 05:01:46,net_send_per_sec,185829.0
2026-09-04 05:01:46,net_recv_per_sec,530004.0
2026-09-04 05:01:46,load1,2.48
2026-09-04 05:01:46,load5,2.65
2026-09-04 05:01:46,load15,1.29
2026-09-04 05:01:46,active_sessions,29.0
2026-09-04 05:01:46,active_requests,17.0
2026-09-04 05:01:46,long_queries,15.0
2026-09-04 05:01:46,long_transactions,15.0
2026-09-04 05:01:46,idle_sessions,27.0
2026-09-04 05:01:46,lock_waits,0.0
2026-09-04 05:01:46,total_locks,13.0
2026-09-04 05:01:46,deadlocks_per_sec,0.0
2026-09-04 05:01:46,page_life_expectancy,654.0
2026-09-04 05:01:46,buffer_cache_hit_ratio,100.0
2026-09-04 05:01:46,database_size_mb,0.0
2026-09-04 05:01:46,total_reads,485.0
2026-09-04 05:01:46,total_writes,250.0
2026-09-04 05:01:46,venta_locks,0.0
2026-09-04 05:01:46,detalle_venta_locks,0.0
2026-09-04 05:01:46,inventario_locks,0.0
2026-09-04 05:01:46,kardex_locks,0.0
2026-09-04 05:01:46,caja_locks,0.0
2026-09-04 05:01:46,movimiento_caja_locks,0.0
2026-09-04 05:01:46,auditoria_locks,0.0
2026-09-04 05:01:46,api_status,200.0
2026-09-04 05:01:46,api_latency_ms,28.0
2026-09-04 05:01:46,products_count,672.0
2026-09-04 05:01:46,sales_count,0.0
2026-09-04 05:01:57,cpu_usr,34.9
2026-09-04 05:01:57,cpu_sys,13.6
2026-09-04 05:01:57,cpu_idl,42.9
2026-09-04 05:01:57,cpu_wai,0.3
2026-09-04 05:01:57,cpu_stl,0.0
2026-09-04 05:01:57,memory_percent,49.2
2026-09-04 05:01:57,memory_used_mb,1925.0
2026-09-04 05:01:57,memory_available_mb,1991.0
2026-09-04 05:01:57,disk_read_per_sec,55082.0
2026-09-04 05:01:57,disk_write_per_sec,10162894.0
2026-09-04 05:01:57,net_send_per_sec,9442.0
2026-09-04 05:01:57,net_recv_per_sec,49222.0
2026-09-04 05:01:57,load1,3.52
2026-09-04 05:01:57,load5,2.86
2026-09-04 05:01:57,load15,1.37
2026-09-04 05:01:57,active_sessions,29.0
2026-09-04 05:01:57,active_requests,17.0
2026-09-04 05:01:57,long_queries,15.0
2026-09-04 05:01:57,long_transactions,15.0
2026-09-04 05:01:57,idle_sessions,27.0
2026-09-04 05:01:57,lock_waits,0.0
2026-09-04 05:01:57,total_locks,13.0
2026-09-04 05:01:57,deadlocks_per_sec,0.0
2026-09-04 05:01:57,page_life_expectancy,665.0
2026-09-04 05:01:57,buffer_cache_hit_ratio,100.0
2026-09-04 05:01:57,transactions_per_sec,129.47
2026-09-04 05:01:57,page_reads_per_sec,0.0
2026-09-04 05:01:57,page_writes_per_sec,0.0
2026-09-04 05:01:57,rollbacks_per_sec,0.0
2026-09-04 05:01:57,batch_requests_per_sec,0.0
2026-09-04 05:01:57,sql_compilations_per_sec,0.0
2026-09-04 05:01:57,database_size_mb,0.0
2026-09-04 05:01:57,total_reads,486.0
2026-09-04 05:01:57,total_writes,282.0
2026-09-04 05:01:57,venta_locks,0.0
2026-09-04 05:01:57,detalle_venta_locks,0.0
2026-09-04 05:01:57,inventario_locks,0.0
2026-09-04 05:01:57,kardex_locks,0.0
2026-09-04 05:01:57,caja_locks,0.0
2026-09-04 05:01:57,movimiento_caja_locks,0.0
2026-09-04 05:01:57,auditoria_locks,0.0
2026-09-04 05:01:57,api_status,200.0
2026-09-04 05:01:57,api_latency_ms,1841.0
2026-09-04 05:01:57,products_count,672.0
2026-09-04 05:01:57,sales_count,0.0
2026-09-04 05:02:09,cpu_usr,46.9
2026-09-04 05:02:09,cpu_sys,17.0
2026-09-04 05:02:09,cpu_idl,28.5
2026-09-04 05:02:09,cpu_wai,0.1
2026-09-04 05:02:09,cpu_stl,0.0
2026-09-04 05:02:09,memory_percent,49.8
2026-09-04 05:02:09,memory_used_mb,1950.0
2026-09-04 05:02:09,memory_available_mb,1967.0
2026-09-04 05:02:09,disk_read_per_sec,26596.0
2026-09-04 05:02:09,disk_write_per_sec,3365452.0
2026-09-04 05:02:09,net_send_per_sec,7745.0
2026-09-04 05:02:09,net_recv_per_sec,374634.0
2026-09-04 05:02:09,load1,5.09
2026-09-04 05:02:09,load5,3.21
2026-09-04 05:02:09,load15,1.5
2026-09-04 05:02:09,active_sessions,29.0
2026-09-04 05:02:09,active_requests,16.0
2026-09-04 05:02:09,long_queries,15.0
2026-09-04 05:02:09,long_transactions,15.0
2026-09-04 05:02:09,idle_sessions,26.0
2026-09-04 05:02:09,lock_waits,0.0
2026-09-04 05:02:09,total_locks,13.0
2026-09-04 05:02:09,deadlocks_per_sec,0.0
2026-09-04 05:02:09,page_life_expectancy,677.0
2026-09-04 05:02:09,buffer_cache_hit_ratio,100.0
2026-09-04 05:02:09,transactions_per_sec,176.65
2026-09-04 05:02:09,page_reads_per_sec,0.0
2026-09-04 05:02:09,page_writes_per_sec,0.0
2026-09-04 05:02:09,rollbacks_per_sec,0.0
2026-09-04 05:02:09,batch_requests_per_sec,0.0
2026-09-04 05:02:09,sql_compilations_per_sec,0.0
2026-09-04 05:02:09,database_size_mb,0.0
2026-09-04 05:02:09,total_reads,486.0
2026-09-04 05:02:09,total_writes,306.0
2026-09-04 05:02:09,venta_locks,0.0
2026-09-04 05:02:09,detalle_venta_locks,0.0
2026-09-04 05:02:09,inventario_locks,0.0
2026-09-04 05:02:09,kardex_locks,0.0
2026-09-04 05:02:09,caja_locks,0.0
2026-09-04 05:02:09,movimiento_caja_locks,0.0
2026-09-04 05:02:09,auditoria_locks,0.0
2026-09-04 05:02:09,api_status,0.0
2026-09-04 05:02:09,api_latency_ms,5007.0
2026-09-04 05:02:09,products_count,0.0
2026-09-04 05:02:09,sales_count,0.0
2026-09-04 05:02:24,cpu_usr,46.0
2026-09-04 05:02:24,cpu_sys,17.8
2026-09-04 05:02:24,cpu_idl,28.3
2026-09-04 05:02:24,cpu_wai,0.1
2026-09-04 05:02:24,cpu_stl,0.0
2026-09-04 05:02:24,memory_percent,50.1
2026-09-04 05:02:24,memory_used_mb,1964.0
2026-09-04 05:02:24,memory_available_mb,1952.0
2026-09-04 05:02:24,disk_read_per_sec,38580.0
2026-09-04 05:02:24,disk_write_per_sec,3073160.0
2026-09-04 05:02:24,net_send_per_sec,4374.0
2026-09-04 05:02:24,net_recv_per_sec,88870.0
2026-09-04 05:02:24,load1,5.29
2026-09-04 05:02:24,load5,3.35
2026-09-04 05:02:24,load15,1.57
2026-09-04 05:02:24,active_sessions,30.0
2026-09-04 05:02:24,active_requests,18.0
2026-09-04 05:02:24,long_queries,15.0
2026-09-04 05:02:24,long_transactions,15.0
2026-09-04 05:02:24,idle_sessions,27.0
2026-09-04 05:02:24,lock_waits,0.0
2026-09-04 05:02:24,total_locks,33.0
2026-09-04 05:02:24,deadlocks_per_sec,0.0
2026-09-04 05:02:24,page_life_expectancy,692.0
2026-09-04 05:02:24,buffer_cache_hit_ratio,100.0
2026-09-04 05:02:24,transactions_per_sec,172.5
2026-09-04 05:02:24,page_reads_per_sec,0.0
2026-09-04 05:02:24,page_writes_per_sec,0.0
2026-09-04 05:02:24,rollbacks_per_sec,0.0
2026-09-04 05:02:24,batch_requests_per_sec,0.0
2026-09-04 05:02:24,sql_compilations_per_sec,0.0
2026-09-04 05:02:24,database_size_mb,0.0
2026-09-04 05:02:24,total_reads,486.0
2026-09-04 05:02:24,total_writes,319.0
2026-09-04 05:02:24,venta_locks,0.0
2026-09-04 05:02:24,detalle_venta_locks,0.0
2026-09-04 05:02:24,inventario_locks,0.0
2026-09-04 05:02:24,kardex_locks,0.0
2026-09-04 05:02:24,caja_locks,0.0
2026-09-04 05:02:24,movimiento_caja_locks,0.0
2026-09-04 05:02:24,auditoria_locks,0.0
2026-09-04 05:02:24,api_status,0.0
2026-09-04 05:02:24,api_latency_ms,5004.0
2026-09-04 05:02:24,products_count,0.0
2026-09-04 05:02:24,sales_count,0.0
2026-09-04 05:02:39,cpu_usr,46.4
2026-09-04 05:02:39,cpu_sys,16.9
2026-09-04 05:02:39,cpu_idl,28.7
2026-09-04 05:02:39,cpu_wai,0.2
2026-09-04 05:02:39,cpu_stl,0.0
2026-09-04 05:02:39,memory_percent,50.6
2026-09-04 05:02:39,memory_used_mb,1982.0
2026-09-04 05:02:39,memory_available_mb,1934.0
2026-09-04 05:02:39,disk_read_per_sec,63714.0
2026-09-04 05:02:39,disk_write_per_sec,3951585.0
2026-09-04 05:02:39,net_send_per_sec,3656.0
2026-09-04 05:02:39,net_recv_per_sec,22209.0
2026-09-04 05:02:39,load1,6.72
2026-09-04 05:02:39,load5,3.8
2026-09-04 05:02:39,load15,1.76
2026-09-04 05:02:39,active_sessions,29.0
2026-09-04 05:02:39,active_requests,16.0
2026-09-04 05:02:39,long_queries,15.0
2026-09-04 05:02:39,long_transactions,15.0
2026-09-04 05:02:39,idle_sessions,28.0
2026-09-04 05:02:39,lock_waits,0.0
2026-09-04 05:02:39,total_locks,13.0
2026-09-04 05:02:39,deadlocks_per_sec,0.0
2026-09-04 05:02:39,page_life_expectancy,707.0
2026-09-04 05:02:39,buffer_cache_hit_ratio,100.0
2026-09-04 05:02:39,transactions_per_sec,141.24
2026-09-04 05:02:39,page_reads_per_sec,0.0
2026-09-04 05:02:39,page_writes_per_sec,0.0
2026-09-04 05:02:39,rollbacks_per_sec,0.0
2026-09-04 05:02:39,batch_requests_per_sec,0.0
2026-09-04 05:02:39,sql_compilations_per_sec,0.0
2026-09-04 05:02:39,database_size_mb,0.0
2026-09-04 05:02:39,total_reads,486.0
2026-09-04 05:02:39,total_writes,333.0
2026-09-04 05:02:39,venta_locks,0.0
2026-09-04 05:02:39,detalle_venta_locks,0.0
2026-09-04 05:02:39,inventario_locks,0.0
2026-09-04 05:02:39,kardex_locks,0.0
2026-09-04 05:02:39,caja_locks,0.0
2026-09-04 05:02:39,movimiento_caja_locks,0.0
2026-09-04 05:02:39,auditoria_locks,0.0
2026-09-04 05:02:39,api_status,0.0
2026-09-04 05:02:39,api_latency_ms,5007.0
2026-09-04 05:02:39,products_count,0.0
2026-09-04 05:02:39,sales_count,0.0
2026-09-04 05:02:54,cpu_usr,44.8
2026-09-04 05:02:54,cpu_sys,17.0
2026-09-04 05:02:54,cpu_idl,30.2
2026-09-04 05:02:54,cpu_wai,0.0
2026-09-04 05:02:54,cpu_stl,0.0
2026-09-04 05:02:54,memory_percent,50.9
2026-09-04 05:02:54,memory_used_mb,1995.0
2026-09-04 05:02:54,memory_available_mb,1921.0
2026-09-04 05:02:54,disk_read_per_sec,138038.0
2026-09-04 05:02:54,disk_write_per_sec,3265997.0
2026-09-04 05:02:54,net_send_per_sec,3731.0
2026-09-04 05:02:54,net_recv_per_sec,22161.0
2026-09-04 05:02:54,load1,7.38
2026-09-04 05:02:54,load5,4.09
2026-09-04 05:02:54,load15,1.89
2026-09-04 05:02:54,active_sessions,29.0
2026-09-04 05:02:54,active_requests,16.0
2026-09-04 05:02:54,long_queries,15.0
2026-09-04 05:02:54,long_transactions,15.0
2026-09-04 05:02:54,idle_sessions,28.0
2026-09-04 05:02:54,lock_waits,0.0
2026-09-04 05:02:54,total_locks,13.0
2026-09-04 05:02:54,deadlocks_per_sec,0.0
2026-09-04 05:02:54,page_life_expectancy,722.0
2026-09-04 05:02:54,buffer_cache_hit_ratio,100.0
2026-09-04 05:02:54,transactions_per_sec,107.16
2026-09-04 05:02:54,page_reads_per_sec,0.0
2026-09-04 05:02:54,page_writes_per_sec,0.0
2026-09-04 05:02:54,rollbacks_per_sec,0.0
2026-09-04 05:02:54,batch_requests_per_sec,0.0
2026-09-04 05:02:54,sql_compilations_per_sec,0.0
2026-09-04 05:02:54,database_size_mb,0.0
2026-09-04 05:02:54,total_reads,486.0
2026-09-04 05:02:54,total_writes,343.0
2026-09-04 05:02:54,venta_locks,0.0
2026-09-04 05:02:54,detalle_venta_locks,0.0
2026-09-04 05:02:54,inventario_locks,0.0
2026-09-04 05:02:54,kardex_locks,0.0
2026-09-04 05:02:54,caja_locks,0.0
2026-09-04 05:02:54,movimiento_caja_locks,0.0
2026-09-04 05:02:54,auditoria_locks,0.0
2026-09-04 05:02:54,api_status,0.0
2026-09-04 05:02:54,api_latency_ms,5007.0
2026-09-04 05:02:54,products_count,0.0
2026-09-04 05:02:54,sales_count,0.0
2026-09-04 05:03:09,cpu_usr,46.0
2026-09-04 05:03:09,cpu_sys,16.9
2026-09-04 05:03:09,cpu_idl,29.1
2026-09-04 05:03:09,cpu_wai,0.1
2026-09-04 05:03:09,cpu_stl,0.0
2026-09-04 05:03:09,memory_percent,51.3
2026-09-04 05:03:09,memory_used_mb,2008.0
2026-09-04 05:03:09,memory_available_mb,1908.0
2026-09-04 05:03:09,disk_read_per_sec,119324.0
2026-09-04 05:03:09,disk_write_per_sec,4939540.0
2026-09-04 05:03:09,net_send_per_sec,3586.0
2026-09-04 05:03:09,net_recv_per_sec,19120.0
2026-09-04 05:03:09,load1,8.42
2026-09-04 05:03:09,load5,4.47
2026-09-04 05:03:09,load15,2.05
2026-09-04 05:03:09,active_sessions,30.0
2026-09-04 05:03:09,active_requests,17.0
2026-09-04 05:03:09,long_queries,15.0
2026-09-04 05:03:09,long_transactions,15.0
2026-09-04 05:03:09,idle_sessions,29.0
2026-09-04 05:03:09,lock_waits,0.0
2026-09-04 05:03:09,total_locks,13.0
2026-09-04 05:03:09,deadlocks_per_sec,0.0
2026-09-04 05:03:09,page_life_expectancy,737.0
2026-09-04 05:03:09,buffer_cache_hit_ratio,100.0
2026-09-04 05:03:09,transactions_per_sec,115.14
2026-09-04 05:03:09,page_reads_per_sec,0.0
2026-09-04 05:03:09,page_writes_per_sec,0.0
2026-09-04 05:03:09,rollbacks_per_sec,0.0
2026-09-04 05:03:09,batch_requests_per_sec,0.0
2026-09-04 05:03:09,sql_compilations_per_sec,0.0
2026-09-04 05:03:09,database_size_mb,0.0
2026-09-04 05:03:09,total_reads,486.0
2026-09-04 05:03:09,total_writes,355.0
2026-09-04 05:03:09,venta_locks,0.0
2026-09-04 05:03:09,detalle_venta_locks,0.0
2026-09-04 05:03:09,inventario_locks,0.0
2026-09-04 05:03:09,kardex_locks,0.0
2026-09-04 05:03:09,caja_locks,0.0
2026-09-04 05:03:09,movimiento_caja_locks,0.0
2026-09-04 05:03:09,auditoria_locks,0.0
2026-09-04 05:03:09,api_status,0.0
2026-09-04 05:03:09,api_latency_ms,5006.0
2026-09-04 05:03:09,products_count,0.0
2026-09-04 05:03:09,sales_count,0.0
2026-09-04 05:03:25,cpu_usr,46.0
2026-09-04 05:03:25,cpu_sys,17.2
2026-09-04 05:03:25,cpu_idl,29.2
2026-09-04 05:03:25,cpu_wai,0.1
2026-09-04 05:03:25,cpu_stl,0.0
2026-09-04 05:03:25,memory_percent,52.1
2026-09-04 05:03:25,memory_used_mb,2040.0
2026-09-04 05:03:25,memory_available_mb,1876.0
2026-09-04 05:03:25,disk_read_per_sec,263493.0
2026-09-04 05:03:25,disk_write_per_sec,4434827.0
2026-09-04 05:03:25,net_send_per_sec,3917.0
2026-09-04 05:03:25,net_recv_per_sec,27529.0
2026-09-04 05:03:25,load1,8.04
2026-09-04 05:03:25,load5,4.58
2026-09-04 05:03:25,load15,2.13
2026-09-04 05:03:25,active_sessions,29.0
2026-09-04 05:03:25,active_requests,16.0
2026-09-04 05:03:25,long_queries,15.0
2026-09-04 05:03:25,long_transactions,15.0
2026-09-04 05:03:25,idle_sessions,27.0
2026-09-04 05:03:25,lock_waits,0.0
2026-09-04 05:03:25,total_locks,13.0
2026-09-04 05:03:25,deadlocks_per_sec,0.0
2026-09-04 05:03:25,page_life_expectancy,753.0
2026-09-04 05:03:25,buffer_cache_hit_ratio,100.0
2026-09-04 05:03:25,transactions_per_sec,227.53
2026-09-04 05:03:25,page_reads_per_sec,0.0
2026-09-04 05:03:25,page_writes_per_sec,0.0
2026-09-04 05:03:25,rollbacks_per_sec,0.0
2026-09-04 05:03:25,batch_requests_per_sec,0.0
2026-09-04 05:03:25,sql_compilations_per_sec,0.0
2026-09-04 05:03:25,database_size_mb,0.0
2026-09-04 05:03:25,total_reads,486.0
2026-09-04 05:03:25,total_writes,388.0
2026-09-04 05:03:25,venta_locks,0.0
2026-09-04 05:03:25,detalle_venta_locks,0.0
2026-09-04 05:03:25,inventario_locks,0.0
2026-09-04 05:03:25,kardex_locks,0.0
2026-09-04 05:03:25,caja_locks,0.0
2026-09-04 05:03:25,movimiento_caja_locks,0.0
2026-09-04 05:03:25,auditoria_locks,0.0
2026-09-04 05:03:25,api_status,0.0
2026-09-04 05:03:25,api_latency_ms,5006.0
2026-09-04 05:03:25,products_count,0.0
2026-09-04 05:03:25,sales_count,0.0
2026-09-04 05:03:40,cpu_usr,45.9
2026-09-04 05:03:40,cpu_sys,17.0
2026-09-04 05:03:40,cpu_idl,29.0
2026-09-04 05:03:40,cpu_wai,0.1
2026-09-04 05:03:40,cpu_stl,0.0
2026-09-04 05:03:40,memory_percent,52.5
2026-09-04 05:03:40,memory_used_mb,2055.0
2026-09-04 05:03:40,memory_available_mb,1861.0
2026-09-04 05:03:40,disk_read_per_sec,110958.0
2026-09-04 05:03:40,disk_write_per_sec,5284151.0
2026-09-04 05:03:40,net_send_per_sec,3590.0
2026-09-04 05:03:40,net_recv_per_sec,21489.0
2026-09-04 05:03:40,load1,8.33
2026-09-04 05:03:40,load5,4.82
2026-09-04 05:03:40,load15,2.24
2026-09-04 05:03:40,active_sessions,29.0
2026-09-04 05:03:40,active_requests,16.0
2026-09-04 05:03:40,long_queries,15.0
2026-09-04 05:03:40,long_transactions,15.0
2026-09-04 05:03:40,idle_sessions,27.0
2026-09-04 05:03:40,lock_waits,0.0
2026-09-04 05:03:40,total_locks,13.0
2026-09-04 05:03:40,deadlocks_per_sec,0.0
2026-09-04 05:03:40,page_life_expectancy,768.0
2026-09-04 05:03:40,buffer_cache_hit_ratio,100.0
2026-09-04 05:03:40,transactions_per_sec,137.29
2026-09-04 05:03:40,page_reads_per_sec,0.0
2026-09-04 05:03:40,page_writes_per_sec,0.0
2026-09-04 05:03:40,rollbacks_per_sec,0.0
2026-09-04 05:03:40,batch_requests_per_sec,0.0
2026-09-04 05:03:40,sql_compilations_per_sec,0.0
2026-09-04 05:03:40,database_size_mb,0.0
2026-09-04 05:03:40,total_reads,487.0
2026-09-04 05:03:40,total_writes,396.0
2026-09-04 05:03:40,venta_locks,0.0
2026-09-04 05:03:40,detalle_venta_locks,0.0
2026-09-04 05:03:40,inventario_locks,0.0
2026-09-04 05:03:40,kardex_locks,0.0
2026-09-04 05:03:40,caja_locks,0.0
2026-09-04 05:03:40,movimiento_caja_locks,0.0
2026-09-04 05:03:40,auditoria_locks,0.0
2026-09-04 05:03:40,api_status,0.0
2026-09-04 05:03:40,api_latency_ms,5004.0
2026-09-04 05:03:40,products_count,0.0
2026-09-04 05:03:40,sales_count,0.0
2026-09-04 05:03:55,cpu_usr,46.5
2026-09-04 05:03:55,cpu_sys,16.6
2026-09-04 05:03:55,cpu_idl,28.7
2026-09-04 05:03:55,cpu_wai,0.3
2026-09-04 05:03:55,cpu_stl,0.0
2026-09-04 05:03:55,memory_percent,52.6
2026-09-04 05:03:55,memory_used_mb,2062.0
2026-09-04 05:03:55,memory_available_mb,1855.0
2026-09-04 05:03:55,disk_read_per_sec,267515.0
2026-09-04 05:03:55,disk_write_per_sec,3405302.0
2026-09-04 05:03:55,net_send_per_sec,3773.0
2026-09-04 05:03:55,net_recv_per_sec,19325.0
2026-09-04 05:03:55,load1,8.95
2026-09-04 05:03:55,load5,5.13
2026-09-04 05:03:55,load15,2.39
2026-09-04 05:03:55,active_sessions,25.0
2026-09-04 05:03:55,active_requests,12.0
2026-09-04 05:03:55,long_queries,11.0
2026-09-04 05:03:55,long_transactions,11.0
2026-09-04 05:03:55,idle_sessions,24.0
2026-09-04 05:03:55,lock_waits,0.0
2026-09-04 05:03:55,total_locks,13.0
2026-09-04 05:03:55,deadlocks_per_sec,0.0
2026-09-04 05:03:55,page_life_expectancy,783.0
2026-09-04 05:03:55,buffer_cache_hit_ratio,100.0
2026-09-04 05:03:55,transactions_per_sec,139.36
2026-09-04 05:03:55,page_reads_per_sec,0.0
2026-09-04 05:03:55,page_writes_per_sec,0.0
2026-09-04 05:03:55,rollbacks_per_sec,0.0
2026-09-04 05:03:55,batch_requests_per_sec,0.0
2026-09-04 05:03:55,sql_compilations_per_sec,0.0
2026-09-04 05:03:55,database_size_mb,0.0
2026-09-04 05:03:55,total_reads,493.0
2026-09-04 05:03:55,total_writes,619.0
2026-09-04 05:03:55,venta_locks,0.0
2026-09-04 05:03:55,detalle_venta_locks,0.0
2026-09-04 05:03:55,inventario_locks,0.0
2026-09-04 05:03:55,kardex_locks,0.0
2026-09-04 05:03:55,caja_locks,0.0
2026-09-04 05:03:55,movimiento_caja_locks,0.0
2026-09-04 05:03:55,auditoria_locks,0.0
2026-09-04 05:03:55,api_status,0.0
2026-09-04 05:03:55,api_latency_ms,5005.0
2026-09-04 05:03:55,products_count,0.0
2026-09-04 05:03:55,sales_count,0.0
2026-09-04 05:04:10,cpu_usr,45.0
2026-09-04 05:04:10,cpu_sys,17.6
2026-09-04 05:04:10,cpu_idl,29.7
2026-09-04 05:04:10,cpu_wai,0.1
2026-09-04 05:04:10,cpu_stl,0.0
2026-09-04 05:04:10,memory_percent,52.9
2026-09-04 05:04:10,memory_used_mb,2073.0
2026-09-04 05:04:10,memory_available_mb,1843.0
2026-09-04 05:04:10,disk_read_per_sec,35913.0
2026-09-04 05:04:10,disk_write_per_sec,6017650.0
2026-09-04 05:04:10,net_send_per_sec,3731.0
2026-09-04 05:04:10,net_recv_per_sec,23177.0
2026-09-04 05:04:10,load1,8.58
2026-09-04 05:04:10,load5,5.24
2026-09-04 05:04:10,load15,2.47
2026-09-04 05:04:10,active_sessions,25.0
2026-09-04 05:04:10,active_requests,12.0
2026-09-04 05:04:10,long_queries,11.0
2026-09-04 05:04:10,long_transactions,11.0
2026-09-04 05:04:10,idle_sessions,23.0
2026-09-04 05:04:10,lock_waits,0.0
2026-09-04 05:04:10,total_locks,13.0
2026-09-04 05:04:10,deadlocks_per_sec,0.0
2026-09-04 05:04:10,page_life_expectancy,798.0
2026-09-04 05:04:10,buffer_cache_hit_ratio,100.0
2026-09-04 05:04:10,transactions_per_sec,180.83
2026-09-04 05:04:10,page_reads_per_sec,0.0
2026-09-04 05:04:10,page_writes_per_sec,0.0
2026-09-04 05:04:10,rollbacks_per_sec,0.0
2026-09-04 05:04:10,batch_requests_per_sec,0.0
2026-09-04 05:04:10,sql_compilations_per_sec,0.0
2026-09-04 05:04:10,database_size_mb,0.0
2026-09-04 05:04:10,total_reads,493.0
2026-09-04 05:04:10,total_writes,639.0
2026-09-04 05:04:10,venta_locks,0.0
2026-09-04 05:04:10,detalle_venta_locks,0.0
2026-09-04 05:04:10,inventario_locks,0.0
2026-09-04 05:04:10,kardex_locks,0.0
2026-09-04 05:04:10,caja_locks,0.0
2026-09-04 05:04:10,movimiento_caja_locks,0.0
2026-09-04 05:04:10,auditoria_locks,0.0
2026-09-04 05:04:10,api_status,0.0
2026-09-04 05:04:10,api_latency_ms,5005.0
2026-09-04 05:04:10,products_count,0.0
2026-09-04 05:04:10,sales_count,0.0
2026-09-04 05:04:25,cpu_usr,45.4
2026-09-04 05:04:25,cpu_sys,17.5
2026-09-04 05:04:25,cpu_idl,29.1
2026-09-04 05:04:25,cpu_wai,0.1
2026-09-04 05:04:25,cpu_stl,0.0
2026-09-04 05:04:25,memory_percent,53.1
2026-09-04 05:04:25,memory_used_mb,2078.0
2026-09-04 05:04:25,memory_available_mb,1838.0
2026-09-04 05:04:25,disk_read_per_sec,31553.0
2026-09-04 05:04:25,disk_write_per_sec,3387196.0
2026-09-04 05:04:25,net_send_per_sec,3721.0
2026-09-04 05:04:25,net_recv_per_sec,25660.0
2026-09-04 05:04:25,load1,8.73
2026-09-04 05:04:25,load5,5.44
2026-09-04 05:04:25,load15,2.58
2026-09-04 05:04:25,active_sessions,26.0
2026-09-04 05:04:25,active_requests,14.0
2026-09-04 05:04:25,long_queries,11.0
2026-09-04 05:04:25,long_transactions,11.0
2026-09-04 05:04:25,idle_sessions,24.0
2026-09-04 05:04:25,lock_waits,0.0
2026-09-04 05:04:25,total_locks,13.0
2026-09-04 05:04:25,deadlocks_per_sec,0.0
2026-09-04 05:04:25,page_life_expectancy,813.0
2026-09-04 05:04:25,buffer_cache_hit_ratio,100.0
2026-09-04 05:04:25,transactions_per_sec,211.81
2026-09-04 05:04:25,page_reads_per_sec,0.0
2026-09-04 05:04:25,page_writes_per_sec,0.0
2026-09-04 05:04:25,rollbacks_per_sec,0.0
2026-09-04 05:04:25,batch_requests_per_sec,0.0
2026-09-04 05:04:25,sql_compilations_per_sec,0.0
2026-09-04 05:04:25,database_size_mb,0.0
2026-09-04 05:04:25,total_reads,493.0
2026-09-04 05:04:25,total_writes,655.0
2026-09-04 05:04:25,venta_locks,0.0
2026-09-04 05:04:25,detalle_venta_locks,0.0
2026-09-04 05:04:25,inventario_locks,0.0
2026-09-04 05:04:25,kardex_locks,0.0
2026-09-04 05:04:25,caja_locks,0.0
2026-09-04 05:04:25,movimiento_caja_locks,0.0
2026-09-04 05:04:25,auditoria_locks,0.0
2026-09-04 05:04:25,api_status,0.0
2026-09-04 05:04:25,api_latency_ms,5007.0
2026-09-04 05:04:25,products_count,0.0
2026-09-04 05:04:25,sales_count,0.0
2026-09-04 05:04:41,cpu_usr,44.2
2026-09-04 05:04:41,cpu_sys,17.7
2026-09-04 05:04:41,cpu_idl,29.6
2026-09-04 05:04:41,cpu_wai,0.2
2026-09-04 05:04:41,cpu_stl,0.0
2026-09-04 05:04:41,memory_percent,53.3
2026-09-04 05:04:41,memory_used_mb,2089.0
2026-09-04 05:04:41,memory_available_mb,1827.0
2026-09-04 05:04:41,disk_read_per_sec,67588.0
2026-09-04 05:04:41,disk_write_per_sec,7501738.0
2026-09-04 05:04:41,net_send_per_sec,3866.0
2026-09-04 05:04:41,net_recv_per_sec,25833.0
2026-09-04 05:04:41,load1,8.43
2026-09-04 05:04:41,load5,5.54
2026-09-04 05:04:41,load15,2.66
2026-09-04 05:04:41,active_sessions,25.0
2026-09-04 05:04:41,active_requests,12.0
2026-09-04 05:04:41,long_queries,11.0
2026-09-04 05:04:41,long_transactions,11.0
2026-09-04 05:04:41,idle_sessions,24.0
2026-09-04 05:04:41,lock_waits,0.0
2026-09-04 05:04:41,total_locks,13.0
2026-09-04 05:04:41,deadlocks_per_sec,0.0
2026-09-04 05:04:41,page_life_expectancy,828.0
2026-09-04 05:04:41,buffer_cache_hit_ratio,100.0
2026-09-04 05:04:41,transactions_per_sec,198.87
2026-09-04 05:04:41,page_reads_per_sec,0.0
2026-09-04 05:04:41,page_writes_per_sec,0.0
2026-09-04 05:04:41,rollbacks_per_sec,0.0
2026-09-04 05:04:41,batch_requests_per_sec,0.0
2026-09-04 05:04:41,sql_compilations_per_sec,0.0
2026-09-04 05:04:41,database_size_mb,0.0
2026-09-04 05:04:41,total_reads,493.0
2026-09-04 05:04:41,total_writes,685.0
2026-09-04 05:04:41,venta_locks,0.0
2026-09-04 05:04:41,detalle_venta_locks,0.0
2026-09-04 05:04:41,inventario_locks,0.0
2026-09-04 05:04:41,kardex_locks,0.0
2026-09-04 05:04:41,caja_locks,0.0
2026-09-04 05:04:41,movimiento_caja_locks,0.0
2026-09-04 05:04:41,auditoria_locks,0.0
2026-09-04 05:04:41,api_status,0.0
2026-09-04 05:04:41,api_latency_ms,5007.0
2026-09-04 05:04:41,products_count,0.0
2026-09-04 05:04:41,sales_count,0.0
2026-09-04 05:04:56,cpu_usr,43.7
2026-09-04 05:04:56,cpu_sys,18.1
2026-09-04 05:04:56,cpu_idl,30.1
2026-09-04 05:04:56,cpu_wai,0.1
2026-09-04 05:04:56,cpu_stl,0.0
2026-09-04 05:04:56,memory_percent,53.5
2026-09-04 05:04:56,memory_used_mb,2095.0
2026-09-04 05:04:56,memory_available_mb,1821.0
2026-09-04 05:04:56,disk_read_per_sec,7287.0
2026-09-04 05:04:56,disk_write_per_sec,3644158.0
2026-09-04 05:04:56,net_send_per_sec,3627.0
2026-09-04 05:04:56,net_recv_per_sec,23513.0
2026-09-04 05:04:56,load1,9.17
2026-09-04 05:04:56,load5,5.85
2026-09-04 05:04:56,load15,2.81
2026-09-04 05:04:56,active_sessions,25.0
2026-09-04 05:04:56,active_requests,12.0
2026-09-04 05:04:56,long_queries,11.0
2026-09-04 05:04:56,long_transactions,11.0
2026-09-04 05:04:56,idle_sessions,22.0
2026-09-04 05:04:56,lock_waits,0.0
2026-09-04 05:04:56,total_locks,13.0
2026-09-04 05:04:56,deadlocks_per_sec,0.0
2026-09-04 05:04:56,page_life_expectancy,843.0
2026-09-04 05:04:56,buffer_cache_hit_ratio,100.0
2026-09-04 05:04:56,transactions_per_sec,142.46
2026-09-04 05:04:56,page_reads_per_sec,0.0
2026-09-04 05:04:56,page_writes_per_sec,0.0
2026-09-04 05:04:56,rollbacks_per_sec,0.0
2026-09-04 05:04:56,batch_requests_per_sec,0.0
2026-09-04 05:04:56,sql_compilations_per_sec,0.0
2026-09-04 05:04:56,database_size_mb,0.0
2026-09-04 05:04:56,total_reads,493.0
2026-09-04 05:04:56,total_writes,699.0
2026-09-04 05:04:56,venta_locks,0.0
2026-09-04 05:04:56,detalle_venta_locks,0.0
2026-09-04 05:04:56,inventario_locks,0.0
2026-09-04 05:04:56,kardex_locks,0.0
2026-09-04 05:04:56,caja_locks,0.0
2026-09-04 05:04:56,movimiento_caja_locks,0.0
2026-09-04 05:04:56,auditoria_locks,0.0
2026-09-04 05:04:56,api_status,0.0
2026-09-04 05:04:56,api_latency_ms,5008.0
2026-09-04 05:04:56,products_count,0.0
2026-09-04 05:04:56,sales_count,0.0
2026-09-04 05:05:11,cpu_usr,43.7
2026-09-04 05:05:11,cpu_sys,17.6
2026-09-04 05:05:11,cpu_idl,30.4
2026-09-04 05:05:11,cpu_wai,0.1
2026-09-04 05:05:11,cpu_stl,0.0
2026-09-04 05:05:11,memory_percent,53.8
2026-09-04 05:05:11,memory_used_mb,2108.0
2026-09-04 05:05:11,memory_available_mb,1808.0
2026-09-04 05:05:11,disk_read_per_sec,24003.0
2026-09-04 05:05:11,disk_write_per_sec,3492784.0
2026-09-04 05:05:11,net_send_per_sec,3946.0
2026-09-04 05:05:11,net_recv_per_sec,32971.0
2026-09-04 05:05:11,load1,9.14
2026-09-04 05:05:11,load5,6.01
2026-09-04 05:05:11,load15,2.91
2026-09-04 05:05:11,active_sessions,25.0
2026-09-04 05:05:11,active_requests,12.0
2026-09-04 05:05:11,long_queries,11.0
2026-09-04 05:05:11,long_transactions,11.0
2026-09-04 05:05:11,idle_sessions,24.0
2026-09-04 05:05:11,lock_waits,0.0
2026-09-04 05:05:11,total_locks,13.0
2026-09-04 05:05:11,deadlocks_per_sec,0.0
2026-09-04 05:05:11,page_life_expectancy,858.0
2026-09-04 05:05:11,buffer_cache_hit_ratio,100.0
2026-09-04 05:05:11,transactions_per_sec,157.17
2026-09-04 05:05:11,page_reads_per_sec,0.0
2026-09-04 05:05:11,page_writes_per_sec,0.0
2026-09-04 05:05:11,rollbacks_per_sec,0.0
2026-09-04 05:05:11,batch_requests_per_sec,0.0
2026-09-04 05:05:11,sql_compilations_per_sec,0.0
2026-09-04 05:05:11,database_size_mb,0.0
2026-09-04 05:05:11,total_reads,493.0
2026-09-04 05:05:11,total_writes,718.0
2026-09-04 05:05:11,venta_locks,0.0
2026-09-04 05:05:11,detalle_venta_locks,0.0
2026-09-04 05:05:11,inventario_locks,0.0
2026-09-04 05:05:11,kardex_locks,0.0
2026-09-04 05:05:11,caja_locks,0.0
2026-09-04 05:05:11,movimiento_caja_locks,0.0
2026-09-04 05:05:11,auditoria_locks,0.0
2026-09-04 05:05:11,api_status,0.0
2026-09-04 05:05:11,api_latency_ms,5007.0
2026-09-04 05:05:11,products_count,0.0
2026-09-04 05:05:11,sales_count,0.0
2026-09-04 05:05:26,cpu_usr,44.1
2026-09-04 05:05:26,cpu_sys,18.2
2026-09-04 05:05:26,cpu_idl,29.6
2026-09-04 05:05:26,cpu_wai,0.1
2026-09-04 05:05:26,cpu_stl,0.0
2026-09-04 05:05:26,memory_percent,53.8
2026-09-04 05:05:26,memory_used_mb,2108.0
2026-09-04 05:05:26,memory_available_mb,1808.0
2026-09-04 05:05:26,disk_read_per_sec,78852.0
2026-09-04 05:05:26,disk_write_per_sec,5796035.0
2026-09-04 05:05:26,net_send_per_sec,3545.0
2026-09-04 05:05:26,net_recv_per_sec,22474.0
2026-09-04 05:05:26,load1,9.57
2026-09-04 05:05:26,load5,6.25
2026-09-04 05:05:26,load15,3.04
2026-09-04 05:05:26,active_sessions,26.0
2026-09-04 05:05:26,active_requests,13.0
2026-09-04 05:05:26,long_queries,11.0
2026-09-04 05:05:26,long_transactions,11.0
2026-09-04 05:05:26,idle_sessions,24.0
2026-09-04 05:05:26,lock_waits,0.0
2026-09-04 05:05:26,total_locks,13.0
2026-09-04 05:05:26,deadlocks_per_sec,0.0
2026-09-04 05:05:26,page_life_expectancy,874.0
2026-09-04 05:05:26,buffer_cache_hit_ratio,100.0
2026-09-04 05:05:26,transactions_per_sec,176.41
2026-09-04 05:05:26,page_reads_per_sec,0.0
2026-09-04 05:05:26,page_writes_per_sec,0.0
2026-09-04 05:05:26,rollbacks_per_sec,0.0
2026-09-04 05:05:26,batch_requests_per_sec,0.0
2026-09-04 05:05:26,sql_compilations_per_sec,0.0
2026-09-04 05:05:26,database_size_mb,0.0
2026-09-04 05:05:26,total_reads,493.0
2026-09-04 05:05:26,total_writes,734.0
2026-09-04 05:05:26,venta_locks,0.0
2026-09-04 05:05:26,detalle_venta_locks,0.0
2026-09-04 05:05:26,inventario_locks,0.0
2026-09-04 05:05:26,kardex_locks,0.0
2026-09-04 05:05:26,caja_locks,0.0
2026-09-04 05:05:26,movimiento_caja_locks,0.0
2026-09-04 05:05:26,auditoria_locks,0.0
2026-09-04 05:05:26,api_status,0.0
2026-09-04 05:05:26,api_latency_ms,5004.0
2026-09-04 05:05:26,products_count,0.0
2026-09-04 05:05:26,sales_count,0.0
2026-09-04 05:05:41,cpu_usr,45.5
2026-09-04 05:05:41,cpu_sys,17.6
2026-09-04 05:05:41,cpu_idl,29.1
2026-09-04 05:05:41,cpu_wai,0.1
2026-09-04 05:05:41,cpu_stl,0.0
2026-09-04 05:05:41,memory_percent,53.8
2026-09-04 05:05:41,memory_used_mb,2108.0
2026-09-04 05:05:41,memory_available_mb,1808.0
2026-09-04 05:05:41,disk_read_per_sec,55854.0
2026-09-04 05:05:41,disk_write_per_sec,3385495.0
2026-09-04 05:05:41,net_send_per_sec,3738.0
2026-09-04 05:05:41,net_recv_per_sec,23485.0
2026-09-04 05:05:41,load1,9.13
2026-09-04 05:05:41,load5,6.32
2026-09-04 05:05:41,load15,3.11
2026-09-04 05:05:41,active_sessions,25.0
2026-09-04 05:05:41,active_requests,12.0
2026-09-04 05:05:41,long_queries,11.0
2026-09-04 05:05:41,long_transactions,11.0
2026-09-04 05:05:41,idle_sessions,23.0
2026-09-04 05:05:41,lock_waits,0.0
2026-09-04 05:05:41,total_locks,13.0
2026-09-04 05:05:41,deadlocks_per_sec,0.0
2026-09-04 05:05:41,page_life_expectancy,889.0
2026-09-04 05:05:41,buffer_cache_hit_ratio,100.0
2026-09-04 05:05:41,transactions_per_sec,131.16
2026-09-04 05:05:41,page_reads_per_sec,0.0
2026-09-04 05:05:41,page_writes_per_sec,0.0
2026-09-04 05:05:41,rollbacks_per_sec,0.0
2026-09-04 05:05:41,batch_requests_per_sec,0.0
2026-09-04 05:05:41,sql_compilations_per_sec,0.0
2026-09-04 05:05:41,database_size_mb,0.0
2026-09-04 05:05:41,total_reads,493.0
2026-09-04 05:05:41,total_writes,744.0
2026-09-04 05:05:41,venta_locks,0.0
2026-09-04 05:05:41,detalle_venta_locks,0.0
2026-09-04 05:05:41,inventario_locks,0.0
2026-09-04 05:05:41,kardex_locks,9.0
2026-09-04 05:05:41,caja_locks,0.0
2026-09-04 05:05:41,movimiento_caja_locks,0.0
2026-09-04 05:05:41,auditoria_locks,0.0
2026-09-04 05:05:41,api_status,0.0
2026-09-04 05:05:41,api_latency_ms,5004.0
2026-09-04 05:05:41,products_count,0.0
2026-09-04 05:05:41,sales_count,0.0
2026-09-04 05:05:57,cpu_usr,45.2
2026-09-04 05:05:57,cpu_sys,17.8
2026-09-04 05:05:57,cpu_idl,28.9
2026-09-04 05:05:57,cpu_wai,0.1
2026-09-04 05:05:57,cpu_stl,0.0
2026-09-04 05:05:57,memory_percent,53.9
2026-09-04 05:05:57,memory_used_mb,2110.0
2026-09-04 05:05:57,memory_available_mb,1806.0
2026-09-04 05:05:57,disk_read_per_sec,12130.0
2026-09-04 05:05:57,disk_write_per_sec,4613269.0
2026-09-04 05:05:57,net_send_per_sec,3841.0
2026-09-04 05:05:57,net_recv_per_sec,23748.0
2026-09-04 05:05:57,load1,8.99
2026-09-04 05:05:57,load5,6.44
2026-09-04 05:05:57,load15,3.2
2026-09-04 05:05:57,active_sessions,29.0
2026-09-04 05:05:57,active_requests,16.0
2026-09-04 05:05:57,long_queries,11.0
2026-09-04 05:05:57,long_transactions,11.0
2026-09-04 05:05:57,idle_sessions,28.0
2026-09-04 05:05:57,lock_waits,0.0
2026-09-04 05:05:57,total_locks,13.0
2026-09-04 05:05:57,deadlocks_per_sec,0.0
2026-09-04 05:05:57,page_life_expectancy,905.0
2026-09-04 05:05:57,buffer_cache_hit_ratio,100.0
2026-09-04 05:05:57,transactions_per_sec,150.3
2026-09-04 05:05:57,page_reads_per_sec,0.0
2026-09-04 05:05:57,page_writes_per_sec,0.0
2026-09-04 05:05:57,rollbacks_per_sec,0.0
2026-09-04 05:05:57,batch_requests_per_sec,0.0
2026-09-04 05:05:57,sql_compilations_per_sec,0.0
2026-09-04 05:05:57,database_size_mb,0.0
2026-09-04 05:05:57,total_reads,493.0
2026-09-04 05:05:57,total_writes,761.0
2026-09-04 05:05:57,venta_locks,0.0
2026-09-04 05:05:57,detalle_venta_locks,0.0
2026-09-04 05:05:57,inventario_locks,0.0
2026-09-04 05:05:57,kardex_locks,0.0
2026-09-04 05:05:57,caja_locks,0.0
2026-09-04 05:05:57,movimiento_caja_locks,0.0
2026-09-04 05:05:57,auditoria_locks,0.0
2026-09-04 05:05:57,api_status,0.0
2026-09-04 05:05:57,api_latency_ms,5007.0
2026-09-04 05:05:57,products_count,0.0
2026-09-04 05:05:57,sales_count,0.0
2026-09-04 05:06:12,cpu_usr,45.5
2026-09-04 05:06:12,cpu_sys,17.1
2026-09-04 05:06:12,cpu_idl,29.7
2026-09-04 05:06:12,cpu_wai,0.1
2026-09-04 05:06:12,cpu_stl,0.0
2026-09-04 05:06:12,memory_percent,54.0
2026-09-04 05:06:12,memory_used_mb,2116.0
2026-09-04 05:06:12,memory_available_mb,1800.0
2026-09-04 05:06:12,disk_read_per_sec,104127.0
2026-09-04 05:06:12,disk_write_per_sec,4573487.0
2026-09-04 05:06:12,net_send_per_sec,3682.0
2026-09-04 05:06:12,net_recv_per_sec,22302.0
2026-09-04 05:06:12,load1,9.23
2026-09-04 05:06:12,load5,6.62
2026-09-04 05:06:12,load15,3.32
2026-09-04 05:06:12,active_sessions,29.0
2026-09-04 05:06:12,active_requests,16.0
2026-09-04 05:06:12,long_queries,15.0
2026-09-04 05:06:12,long_transactions,11.0
2026-09-04 05:06:12,idle_sessions,28.0
2026-09-04 05:06:12,lock_waits,0.0
2026-09-04 05:06:12,total_locks,13.0
2026-09-04 05:06:12,deadlocks_per_sec,0.0
2026-09-04 05:06:12,page_life_expectancy,920.0
2026-09-04 05:06:12,buffer_cache_hit_ratio,100.0
2026-09-04 05:06:12,transactions_per_sec,170.77
2026-09-04 05:06:12,page_reads_per_sec,0.0
2026-09-04 05:06:12,page_writes_per_sec,0.0
2026-09-04 05:06:12,rollbacks_per_sec,0.0
2026-09-04 05:06:12,batch_requests_per_sec,0.0
2026-09-04 05:06:12,sql_compilations_per_sec,0.0
2026-09-04 05:06:12,database_size_mb,0.0
2026-09-04 05:06:12,total_reads,493.0
2026-09-04 05:06:12,total_writes,767.0
2026-09-04 05:06:12,venta_locks,0.0
2026-09-04 05:06:12,detalle_venta_locks,0.0
2026-09-04 05:06:12,inventario_locks,0.0
2026-09-04 05:06:12,kardex_locks,0.0
2026-09-04 05:06:12,caja_locks,0.0
2026-09-04 05:06:12,movimiento_caja_locks,0.0
2026-09-04 05:06:12,auditoria_locks,0.0
2026-09-04 05:06:12,api_status,0.0
2026-09-04 05:06:12,api_latency_ms,5009.0
2026-09-04 05:06:12,products_count,0.0
2026-09-04 05:06:12,sales_count,0.0
2026-09-04 05:06:27,cpu_usr,45.2
2026-09-04 05:06:27,cpu_sys,17.0
2026-09-04 05:06:27,cpu_idl,30.0
2026-09-04 05:06:27,cpu_wai,0.1
2026-09-04 05:06:27,cpu_stl,0.0
2026-09-04 05:06:27,memory_percent,54.2
2026-09-04 05:06:27,memory_used_mb,2122.0
2026-09-04 05:06:27,memory_available_mb,1794.0
2026-09-04 05:06:27,disk_read_per_sec,0.0
2026-09-04 05:06:27,disk_write_per_sec,3284278.0
2026-09-04 05:06:27,net_send_per_sec,3973.0
2026-09-04 05:06:27,net_recv_per_sec,23499.0
2026-09-04 05:06:27,load1,8.52
2026-09-04 05:06:27,load5,6.59
2026-09-04 05:06:27,load15,3.36
2026-09-04 05:06:27,active_sessions,29.0
2026-09-04 05:06:27,active_requests,16.0
2026-09-04 05:06:27,long_queries,15.0
2026-09-04 05:06:27,long_transactions,15.0
2026-09-04 05:06:27,idle_sessions,28.0
2026-09-04 05:06:27,lock_waits,0.0
2026-09-04 05:06:27,total_locks,13.0
2026-09-04 05:06:27,deadlocks_per_sec,0.0
2026-09-04 05:06:27,page_life_expectancy,935.0
2026-09-04 05:06:27,buffer_cache_hit_ratio,100.0
2026-09-04 05:06:27,transactions_per_sec,151.63
2026-09-04 05:06:27,page_reads_per_sec,0.0
2026-09-04 05:06:27,page_writes_per_sec,0.0
2026-09-04 05:06:27,rollbacks_per_sec,0.0
2026-09-04 05:06:27,batch_requests_per_sec,0.0
2026-09-04 05:06:27,sql_compilations_per_sec,0.0
2026-09-04 05:06:27,database_size_mb,0.0
2026-09-04 05:06:27,total_reads,493.0
2026-09-04 05:06:27,total_writes,788.0
2026-09-04 05:06:27,venta_locks,0.0
2026-09-04 05:06:27,detalle_venta_locks,0.0
2026-09-04 05:06:27,inventario_locks,0.0
2026-09-04 05:06:27,kardex_locks,0.0
2026-09-04 05:06:27,caja_locks,0.0
2026-09-04 05:06:27,movimiento_caja_locks,0.0
2026-09-04 05:06:27,auditoria_locks,0.0
2026-09-04 05:06:27,api_status,0.0
2026-09-04 05:06:27,api_latency_ms,5006.0
2026-09-04 05:06:27,products_count,0.0
2026-09-04 05:06:27,sales_count,0.0
2026-09-04 05:06:42,cpu_usr,44.6
2026-09-04 05:06:42,cpu_sys,17.3
2026-09-04 05:06:42,cpu_idl,30.1
2026-09-04 05:06:42,cpu_wai,0.1
2026-09-04 05:06:42,cpu_stl,0.0
2026-09-04 05:06:42,memory_percent,54.3
2026-09-04 05:06:42,memory_used_mb,2125.0
2026-09-04 05:06:42,memory_available_mb,1791.0
2026-09-04 05:06:42,disk_read_per_sec,36113.0
2026-09-04 05:06:42,disk_write_per_sec,6549317.0
2026-09-04 05:06:42,net_send_per_sec,3808.0
2026-09-04 05:06:42,net_recv_per_sec,22643.0
2026-09-04 05:06:42,load1,8.22
2026-09-04 05:06:42,load5,6.63
2026-09-04 05:06:42,load15,3.42
2026-09-04 05:06:42,active_sessions,29.0
2026-09-04 05:06:42,active_requests,16.0
2026-09-04 05:06:42,long_queries,15.0
2026-09-04 05:06:42,long_transactions,15.0
2026-09-04 05:06:42,idle_sessions,26.0
2026-09-04 05:06:42,lock_waits,0.0
2026-09-04 05:06:42,total_locks,14.0
2026-09-04 05:06:42,deadlocks_per_sec,0.0
2026-09-04 05:06:42,page_life_expectancy,950.0
2026-09-04 05:06:42,buffer_cache_hit_ratio,100.0
2026-09-04 05:06:42,transactions_per_sec,144.42
2026-09-04 05:06:42,page_reads_per_sec,0.0
2026-09-04 05:06:42,page_writes_per_sec,0.0
2026-09-04 05:06:42,rollbacks_per_sec,0.0
2026-09-04 05:06:42,batch_requests_per_sec,0.0
2026-09-04 05:06:42,sql_compilations_per_sec,0.0
2026-09-04 05:06:42,database_size_mb,0.0
2026-09-04 05:06:42,total_reads,493.0
2026-09-04 05:06:42,total_writes,803.0
2026-09-04 05:06:42,venta_locks,2.0
2026-09-04 05:06:42,detalle_venta_locks,0.0
2026-09-04 05:06:42,inventario_locks,0.0
2026-09-04 05:06:42,kardex_locks,0.0
2026-09-04 05:06:42,caja_locks,0.0
2026-09-04 05:06:42,movimiento_caja_locks,0.0
2026-09-04 05:06:42,auditoria_locks,0.0
2026-09-04 05:06:42,api_status,0.0
2026-09-04 05:06:42,api_latency_ms,5007.0
2026-09-04 05:06:42,products_count,0.0
2026-09-04 05:06:42,sales_count,0.0
2026-09-04 05:06:57,cpu_usr,44.6
2026-09-04 05:06:57,cpu_sys,17.3
2026-09-04 05:06:57,cpu_idl,29.5
2026-09-04 05:06:57,cpu_wai,0.4
2026-09-04 05:06:57,cpu_stl,0.0
2026-09-04 05:06:57,memory_percent,54.2
2026-09-04 05:06:57,memory_used_mb,2124.0
2026-09-04 05:06:57,memory_available_mb,1792.0
2026-09-04 05:06:57,disk_read_per_sec,4593.0
2026-09-04 05:06:57,disk_write_per_sec,3660584.0
2026-09-04 05:06:57,net_send_per_sec,3768.0
2026-09-04 05:06:57,net_recv_per_sec,24741.0
2026-09-04 05:06:57,load1,8.58
2026-09-04 05:06:57,load5,6.78
2026-09-04 05:06:57,load15,3.52
2026-09-04 05:06:57,active_sessions,31.0
2026-09-04 05:06:57,active_requests,18.0
2026-09-04 05:06:57,long_queries,15.0
2026-09-04 05:06:57,long_transactions,15.0
2026-09-04 05:06:57,idle_sessions,29.0
2026-09-04 05:06:57,lock_waits,0.0
2026-09-04 05:06:57,total_locks,38.0
2026-09-04 05:06:57,deadlocks_per_sec,0.0
2026-09-04 05:06:57,page_life_expectancy,965.0
2026-09-04 05:06:57,buffer_cache_hit_ratio,100.0
2026-09-04 05:06:57,transactions_per_sec,178.03
2026-09-04 05:06:57,page_reads_per_sec,0.0
2026-09-04 05:06:57,page_writes_per_sec,0.0
2026-09-04 05:06:57,rollbacks_per_sec,0.0
2026-09-04 05:06:57,batch_requests_per_sec,0.0
2026-09-04 05:06:57,sql_compilations_per_sec,0.0
2026-09-04 05:06:57,database_size_mb,0.0
2026-09-04 05:06:57,total_reads,494.0
2026-09-04 05:06:57,total_writes,966.0
2026-09-04 05:06:57,venta_locks,2.0
2026-09-04 05:06:57,detalle_venta_locks,0.0
2026-09-04 05:06:57,inventario_locks,0.0
2026-09-04 05:06:57,kardex_locks,10.0
2026-09-04 05:06:57,caja_locks,0.0
2026-09-04 05:06:57,movimiento_caja_locks,0.0
2026-09-04 05:06:57,auditoria_locks,0.0
2026-09-04 05:06:57,api_status,0.0
2026-09-04 05:06:57,api_latency_ms,5004.0
2026-09-04 05:06:57,products_count,0.0
2026-09-04 05:06:57,sales_count,0.0
2026-09-04 05:07:12,cpu_usr,44.8
2026-09-04 05:07:12,cpu_sys,17.0
2026-09-04 05:07:12,cpu_idl,30.2
2026-09-04 05:07:12,cpu_wai,0.1
2026-09-04 05:07:12,cpu_stl,0.0
2026-09-04 05:07:12,memory_percent,54.3
2026-09-04 05:07:12,memory_used_mb,2126.0
2026-09-04 05:07:12,memory_available_mb,1790.0
2026-09-04 05:07:12,disk_read_per_sec,97781.0
2026-09-04 05:07:12,disk_write_per_sec,6819244.0
2026-09-04 05:07:12,net_send_per_sec,3814.0
2026-09-04 05:07:12,net_recv_per_sec,24239.0
2026-09-04 05:07:12,load1,8.69
2026-09-04 05:07:12,load5,6.89
2026-09-04 05:07:12,load15,3.61
2026-09-04 05:07:12,active_sessions,29.0
2026-09-04 05:07:12,active_requests,16.0
2026-09-04 05:07:12,long_queries,15.0
2026-09-04 05:07:12,long_transactions,15.0
2026-09-04 05:07:12,idle_sessions,28.0
2026-09-04 05:07:12,lock_waits,0.0
2026-09-04 05:07:12,total_locks,45.0
2026-09-04 05:07:12,deadlocks_per_sec,0.0
2026-09-04 05:07:12,page_life_expectancy,980.0
2026-09-04 05:07:12,buffer_cache_hit_ratio,100.0
2026-09-04 05:07:12,transactions_per_sec,118.44
2026-09-04 05:07:12,page_reads_per_sec,0.0
2026-09-04 05:07:12,page_writes_per_sec,0.0
2026-09-04 05:07:12,rollbacks_per_sec,0.0
2026-09-04 05:07:12,batch_requests_per_sec,0.0
2026-09-04 05:07:12,sql_compilations_per_sec,0.0
2026-09-04 05:07:12,database_size_mb,0.0
2026-09-04 05:07:12,total_reads,494.0
2026-09-04 05:07:12,total_writes,989.0
2026-09-04 05:07:12,venta_locks,0.0
2026-09-04 05:07:12,detalle_venta_locks,0.0
2026-09-04 05:07:12,inventario_locks,0.0
2026-09-04 05:07:12,kardex_locks,0.0
2026-09-04 05:07:12,caja_locks,0.0
2026-09-04 05:07:12,movimiento_caja_locks,0.0
2026-09-04 05:07:12,auditoria_locks,0.0
2026-09-04 05:07:12,api_status,0.0
2026-09-04 05:07:12,api_latency_ms,5008.0
2026-09-04 05:07:12,products_count,0.0
2026-09-04 05:07:12,sales_count,0.0
2026-09-04 05:07:28,cpu_usr,46.9
2026-09-04 05:07:28,cpu_sys,17.0
2026-09-04 05:07:28,cpu_idl,28.2
2026-09-04 05:07:28,cpu_wai,0.1
2026-09-04 05:07:28,cpu_stl,0.0
2026-09-04 05:07:28,memory_percent,54.4
2026-09-04 05:07:28,memory_used_mb,2129.0
2026-09-04 05:07:28,memory_available_mb,1787.0
2026-09-04 05:07:28,disk_read_per_sec,540.0
2026-09-04 05:07:28,disk_write_per_sec,6095240.0
2026-09-04 05:07:28,net_send_per_sec,3681.0
2026-09-04 05:07:28,net_recv_per_sec,22746.0
2026-09-04 05:07:28,load1,8.29
2026-09-04 05:07:28,load5,6.88
2026-09-04 05:07:28,load15,3.66
2026-09-04 05:07:28,active_sessions,29.0
2026-09-04 05:07:28,active_requests,16.0
2026-09-04 05:07:28,long_queries,15.0
2026-09-04 05:07:28,long_transactions,15.0
2026-09-04 05:07:28,idle_sessions,28.0
2026-09-04 05:07:28,lock_waits,0.0
2026-09-04 05:07:28,total_locks,13.0
2026-09-04 05:07:28,deadlocks_per_sec,0.0
2026-09-04 05:07:28,page_life_expectancy,996.0
2026-09-04 05:07:28,buffer_cache_hit_ratio,100.0
2026-09-04 05:07:28,transactions_per_sec,121.78
2026-09-04 05:07:28,page_reads_per_sec,0.0
2026-09-04 05:07:28,page_writes_per_sec,0.0
2026-09-04 05:07:28,rollbacks_per_sec,0.0
2026-09-04 05:07:28,batch_requests_per_sec,0.0
2026-09-04 05:07:28,sql_compilations_per_sec,0.0
2026-09-04 05:07:28,database_size_mb,0.0
2026-09-04 05:07:28,total_reads,494.0
2026-09-04 05:07:28,total_writes,1006.0
2026-09-04 05:07:28,venta_locks,0.0
2026-09-04 05:07:28,detalle_venta_locks,0.0
2026-09-04 05:07:28,inventario_locks,0.0
2026-09-04 05:07:28,kardex_locks,0.0
2026-09-04 05:07:28,caja_locks,0.0
2026-09-04 05:07:28,movimiento_caja_locks,0.0
2026-09-04 05:07:28,auditoria_locks,0.0
2026-09-04 05:07:28,api_status,0.0
2026-09-04 05:07:28,api_latency_ms,5006.0
2026-09-04 05:07:28,products_count,0.0
2026-09-04 05:07:28,sales_count,0.0
2026-09-04 05:07:43,cpu_usr,46.5
2026-09-04 05:07:43,cpu_sys,17.5
2026-09-04 05:07:43,cpu_idl,27.8
2026-09-04 05:07:43,cpu_wai,0.1
2026-09-04 05:07:43,cpu_stl,0.0
2026-09-04 05:07:43,memory_percent,54.4
2026-09-04 05:07:43,memory_used_mb,2129.0
2026-09-04 05:07:43,memory_available_mb,1788.0
2026-09-04 05:07:43,disk_read_per_sec,168375.0
2026-09-04 05:07:43,disk_write_per_sec,3376398.0
2026-09-04 05:07:43,net_send_per_sec,3845.0
2026-09-04 05:07:43,net_recv_per_sec,23803.0
2026-09-04 05:07:43,load1,8.7
2026-09-04 05:07:43,load5,7.04
2026-09-04 05:07:43,load15,3.77
2026-09-04 05:07:43,active_sessions,29.0
2026-09-04 05:07:43,active_requests,16.0
2026-09-04 05:07:43,long_queries,15.0
2026-09-04 05:07:43,long_transactions,15.0
2026-09-04 05:07:43,idle_sessions,28.0
2026-09-04 05:07:43,lock_waits,0.0
2026-09-04 05:07:43,total_locks,13.0
2026-09-04 05:07:43,deadlocks_per_sec,0.0
2026-09-04 05:07:43,page_life_expectancy,1011.0
2026-09-04 05:07:43,buffer_cache_hit_ratio,100.0
2026-09-04 05:07:43,transactions_per_sec,165.02
2026-09-04 05:07:43,page_reads_per_sec,0.0
2026-09-04 05:07:43,page_writes_per_sec,0.0
2026-09-04 05:07:43,rollbacks_per_sec,0.0
2026-09-04 05:07:43,batch_requests_per_sec,0.0
2026-09-04 05:07:43,sql_compilations_per_sec,0.0
2026-09-04 05:07:43,database_size_mb,0.0
2026-09-04 05:07:43,total_reads,494.0
2026-09-04 05:07:43,total_writes,1025.0
2026-09-04 05:07:43,venta_locks,0.0
2026-09-04 05:07:43,detalle_venta_locks,0.0
2026-09-04 05:07:43,inventario_locks,0.0
2026-09-04 05:07:43,kardex_locks,0.0
2026-09-04 05:07:43,caja_locks,0.0
2026-09-04 05:07:43,movimiento_caja_locks,0.0
2026-09-04 05:07:43,auditoria_locks,0.0
2026-09-04 05:07:43,api_status,0.0
2026-09-04 05:07:43,api_latency_ms,5006.0
2026-09-04 05:07:43,products_count,0.0
2026-09-04 05:07:43,sales_count,0.0
2026-09-04 05:07:58,cpu_usr,46.3
2026-09-04 05:07:58,cpu_sys,16.9
2026-09-04 05:07:58,cpu_idl,28.8
2026-09-04 05:07:58,cpu_wai,0.1
2026-09-04 05:07:58,cpu_stl,0.0
2026-09-04 05:07:58,memory_percent,54.1
2026-09-04 05:07:58,memory_used_mb,2120.0
2026-09-04 05:07:58,memory_available_mb,1796.0
2026-09-04 05:07:58,disk_read_per_sec,42149.0
2026-09-04 05:07:58,disk_write_per_sec,4709041.0
2026-09-04 05:07:58,net_send_per_sec,3749.0
2026-09-04 05:07:58,net_recv_per_sec,21154.0
2026-09-04 05:07:58,load1,7.86
2026-09-04 05:07:58,load5,6.93
2026-09-04 05:07:58,load15,3.79
2026-09-04 05:07:58,active_sessions,29.0
2026-09-04 05:07:58,active_requests,16.0
2026-09-04 05:07:58,long_queries,15.0
2026-09-04 05:07:58,long_transactions,15.0
2026-09-04 05:07:58,idle_sessions,26.0
2026-09-04 05:07:58,lock_waits,0.0
2026-09-04 05:07:58,total_locks,13.0
2026-09-04 05:07:58,deadlocks_per_sec,0.0
2026-09-04 05:07:58,page_life_expectancy,1026.0
2026-09-04 05:07:58,buffer_cache_hit_ratio,100.0
2026-09-04 05:07:58,transactions_per_sec,170.98
2026-09-04 05:07:58,page_reads_per_sec,0.0
2026-09-04 05:07:58,page_writes_per_sec,0.0
2026-09-04 05:07:58,rollbacks_per_sec,0.0
2026-09-04 05:07:58,batch_requests_per_sec,0.0
2026-09-04 05:07:58,sql_compilations_per_sec,0.0
2026-09-04 05:07:58,database_size_mb,0.0
2026-09-04 05:07:58,total_reads,494.0
2026-09-04 05:07:58,total_writes,1040.0
2026-09-04 05:07:58,venta_locks,0.0
2026-09-04 05:07:58,detalle_venta_locks,0.0
2026-09-04 05:07:58,inventario_locks,0.0
2026-09-04 05:07:58,kardex_locks,0.0
2026-09-04 05:07:58,caja_locks,0.0
2026-09-04 05:07:58,movimiento_caja_locks,0.0
2026-09-04 05:07:58,auditoria_locks,0.0
2026-09-04 05:07:58,api_status,0.0
2026-09-04 05:07:58,api_latency_ms,5006.0
2026-09-04 05:07:58,products_count,0.0
2026-09-04 05:07:58,sales_count,0.0
2026-09-04 05:08:13,cpu_usr,44.7
2026-09-04 05:08:13,cpu_sys,17.2
2026-09-04 05:08:13,cpu_idl,30.2
2026-09-04 05:08:13,cpu_wai,0.0
2026-09-04 05:08:13,cpu_stl,0.0
2026-09-04 05:08:13,memory_percent,54.3
2026-09-04 05:08:13,memory_used_mb,2127.0
2026-09-04 05:08:13,memory_available_mb,1789.0
2026-09-04 05:08:13,disk_read_per_sec,10539.0
2026-09-04 05:08:13,disk_write_per_sec,3279875.0
2026-09-04 05:08:13,net_send_per_sec,3660.0
2026-09-04 05:08:13,net_recv_per_sec,23053.0
2026-09-04 05:08:13,load1,8.68
2026-09-04 05:08:13,load5,7.16
2026-09-04 05:08:13,load15,3.91
2026-09-04 05:08:13,active_sessions,29.0
2026-09-04 05:08:13,active_requests,16.0
2026-09-04 05:08:13,long_queries,15.0
2026-09-04 05:08:13,long_transactions,15.0
2026-09-04 05:08:13,idle_sessions,27.0
2026-09-04 05:08:13,lock_waits,0.0
2026-09-04 05:08:13,total_locks,13.0
2026-09-04 05:08:13,deadlocks_per_sec,0.0
2026-09-04 05:08:13,page_life_expectancy,1041.0
2026-09-04 05:08:13,buffer_cache_hit_ratio,100.0
2026-09-04 05:08:13,transactions_per_sec,132.02
2026-09-04 05:08:13,page_reads_per_sec,0.0
2026-09-04 05:08:13,page_writes_per_sec,0.0
2026-09-04 05:08:13,rollbacks_per_sec,0.0
2026-09-04 05:08:13,batch_requests_per_sec,0.0
2026-09-04 05:08:13,sql_compilations_per_sec,0.0
2026-09-04 05:08:13,database_size_mb,0.0
2026-09-04 05:08:13,total_reads,494.0
2026-09-04 05:08:13,total_writes,1054.0
2026-09-04 05:08:13,venta_locks,0.0
2026-09-04 05:08:13,detalle_venta_locks,0.0
2026-09-04 05:08:13,inventario_locks,0.0
2026-09-04 05:08:13,kardex_locks,0.0
2026-09-04 05:08:13,caja_locks,0.0
2026-09-04 05:08:13,movimiento_caja_locks,0.0
2026-09-04 05:08:13,auditoria_locks,0.0
2026-09-04 05:08:13,api_status,0.0
2026-09-04 05:08:13,api_latency_ms,5005.0
2026-09-04 05:08:13,products_count,0.0
2026-09-04 05:08:13,sales_count,0.0
2026-09-04 05:08:28,cpu_usr,45.7
2026-09-04 05:08:28,cpu_sys,17.0
2026-09-04 05:08:28,cpu_idl,29.0
2026-09-04 05:08:28,cpu_wai,0.1
2026-09-04 05:08:28,cpu_stl,0.0
2026-09-04 05:08:28,memory_percent,54.4
2026-09-04 05:08:28,memory_used_mb,2130.0
2026-09-04 05:08:28,memory_available_mb,1786.0
2026-09-04 05:08:28,disk_read_per_sec,1350.0
2026-09-04 05:08:28,disk_write_per_sec,5277591.0
2026-09-04 05:08:28,net_send_per_sec,3846.0
2026-09-04 05:08:28,net_recv_per_sec,24129.0
2026-09-04 05:08:28,load1,9.73
2026-09-04 05:08:28,load5,7.47
2026-09-04 05:08:28,load15,4.06
2026-09-04 05:08:28,active_sessions,29.0
2026-09-04 05:08:28,active_requests,16.0
2026-09-04 05:08:28,long_queries,15.0
2026-09-04 05:08:28,long_transactions,15.0
2026-09-04 05:08:28,idle_sessions,28.0
2026-09-04 05:08:28,lock_waits,0.0
2026-09-04 05:08:28,total_locks,48.0
2026-09-04 05:08:28,deadlocks_per_sec,0.0
2026-09-04 05:08:28,page_life_expectancy,1056.0
2026-09-04 05:08:28,buffer_cache_hit_ratio,100.0
2026-09-04 05:08:28,transactions_per_sec,131.56
2026-09-04 05:08:28,page_reads_per_sec,0.0
2026-09-04 05:08:28,page_writes_per_sec,0.0
2026-09-04 05:08:28,rollbacks_per_sec,0.0
2026-09-04 05:08:28,batch_requests_per_sec,0.0
2026-09-04 05:08:28,sql_compilations_per_sec,0.0
2026-09-04 05:08:28,database_size_mb,0.0
2026-09-04 05:08:28,total_reads,494.0
2026-09-04 05:08:28,total_writes,1068.0
2026-09-04 05:08:28,venta_locks,0.0
2026-09-04 05:08:28,detalle_venta_locks,0.0
2026-09-04 05:08:28,inventario_locks,0.0
2026-09-04 05:08:28,kardex_locks,6.0
2026-09-04 05:08:28,caja_locks,0.0
2026-09-04 05:08:28,movimiento_caja_locks,6.0
2026-09-04 05:08:28,auditoria_locks,0.0
2026-09-04 05:08:28,api_status,0.0
2026-09-04 05:08:28,api_latency_ms,5006.0
2026-09-04 05:08:28,products_count,0.0
2026-09-04 05:08:28,sales_count,0.0
2026-09-04 05:08:43,cpu_usr,45.3
2026-09-04 05:08:43,cpu_sys,17.5
2026-09-04 05:08:43,cpu_idl,29.1
2026-09-04 05:08:43,cpu_wai,0.1
2026-09-04 05:08:43,cpu_stl,0.0
2026-09-04 05:08:43,memory_percent,55.2
2026-09-04 05:08:43,memory_used_mb,2160.0
2026-09-04 05:08:43,memory_available_mb,1756.0
2026-09-04 05:08:43,disk_read_per_sec,155135.0
2026-09-04 05:08:43,disk_write_per_sec,3264766.0
2026-09-04 05:08:43,net_send_per_sec,3809.0
2026-09-04 05:08:43,net_recv_per_sec,23321.0
2026-09-04 05:08:43,load1,9.31
2026-09-04 05:08:43,load5,7.49
2026-09-04 05:08:43,load15,4.13
2026-09-04 05:08:43,active_sessions,29.0
2026-09-04 05:08:43,active_requests,16.0
2026-09-04 05:08:43,long_queries,15.0
2026-09-04 05:08:43,long_transactions,15.0
2026-09-04 05:08:43,idle_sessions,28.0
2026-09-04 05:08:43,lock_waits,0.0
2026-09-04 05:08:43,total_locks,14.0
2026-09-04 05:08:43,deadlocks_per_sec,0.0
2026-09-04 05:08:43,page_life_expectancy,1071.0
2026-09-04 05:08:43,buffer_cache_hit_ratio,100.0
2026-09-04 05:08:43,transactions_per_sec,148.08
2026-09-04 05:08:43,page_reads_per_sec,0.0
2026-09-04 05:08:43,page_writes_per_sec,0.0
2026-09-04 05:08:43,rollbacks_per_sec,0.0
2026-09-04 05:08:43,batch_requests_per_sec,0.0
2026-09-04 05:08:43,sql_compilations_per_sec,0.0
2026-09-04 05:08:43,database_size_mb,0.0
2026-09-04 05:08:43,total_reads,494.0
2026-09-04 05:08:43,total_writes,1087.0
2026-09-04 05:08:43,venta_locks,0.0
2026-09-04 05:08:43,detalle_venta_locks,0.0
2026-09-04 05:08:43,inventario_locks,0.0
2026-09-04 05:08:43,kardex_locks,0.0
2026-09-04 05:08:43,caja_locks,0.0
2026-09-04 05:08:43,movimiento_caja_locks,0.0
2026-09-04 05:08:43,auditoria_locks,0.0
2026-09-04 05:08:43,api_status,0.0
2026-09-04 05:08:43,api_latency_ms,5007.0
2026-09-04 05:08:43,products_count,0.0
2026-09-04 05:08:43,sales_count,0.0
2026-09-04 05:08:59,cpu_usr,45.2
2026-09-04 05:08:59,cpu_sys,18.0
2026-09-04 05:08:59,cpu_idl,28.9
2026-09-04 05:08:59,cpu_wai,0.1
2026-09-04 05:08:59,cpu_stl,0.0
2026-09-04 05:08:59,memory_percent,55.2
2026-09-04 05:08:59,memory_used_mb,2160.0
2026-09-04 05:08:59,memory_available_mb,1756.0
2026-09-04 05:08:59,disk_read_per_sec,34816.0
2026-09-04 05:08:59,disk_write_per_sec,6466825.0
2026-09-04 05:08:59,net_send_per_sec,3912.0
2026-09-04 05:08:59,net_recv_per_sec,29702.0
2026-09-04 05:08:59,load1,9.46
2026-09-04 05:08:59,load5,7.62
2026-09-04 05:08:59,load15,4.22
2026-09-04 05:08:59,active_sessions,26.0
2026-09-04 05:08:59,active_requests,13.0
2026-09-04 05:08:59,long_queries,12.0
2026-09-04 05:08:59,long_transactions,12.0
2026-09-04 05:08:59,idle_sessions,24.0
2026-09-04 05:08:59,lock_waits,0.0
2026-09-04 05:08:59,total_locks,13.0
2026-09-04 05:08:59,deadlocks_per_sec,0.0
2026-09-04 05:08:59,page_life_expectancy,1086.0
2026-09-04 05:08:59,buffer_cache_hit_ratio,100.0
2026-09-04 05:08:59,transactions_per_sec,230.42
2026-09-04 05:08:59,page_reads_per_sec,0.0
2026-09-04 05:08:59,page_writes_per_sec,0.0
2026-09-04 05:08:59,rollbacks_per_sec,0.0
2026-09-04 05:08:59,batch_requests_per_sec,0.0
2026-09-04 05:08:59,sql_compilations_per_sec,0.0
2026-09-04 05:08:59,database_size_mb,0.0
2026-09-04 05:08:59,total_reads,494.0
2026-09-04 05:08:59,total_writes,1123.0
2026-09-04 05:08:59,venta_locks,0.0
2026-09-04 05:08:59,detalle_venta_locks,0.0
2026-09-04 05:08:59,inventario_locks,0.0
2026-09-04 05:08:59,kardex_locks,0.0
2026-09-04 05:08:59,caja_locks,0.0
2026-09-04 05:08:59,movimiento_caja_locks,0.0
2026-09-04 05:08:59,auditoria_locks,0.0
2026-09-04 05:08:59,api_status,0.0
2026-09-04 05:08:59,api_latency_ms,5006.0
2026-09-04 05:08:59,products_count,0.0
2026-09-04 05:08:59,sales_count,0.0
2026-09-04 05:09:14,cpu_usr,44.0
2026-09-04 05:09:14,cpu_sys,17.8
2026-09-04 05:09:14,cpu_idl,29.9
2026-09-04 05:09:14,cpu_wai,0.2
2026-09-04 05:09:14,cpu_stl,0.0
2026-09-04 05:09:14,memory_percent,55.1
2026-09-04 05:09:14,memory_used_mb,2159.0
2026-09-04 05:09:14,memory_available_mb,1757.0
2026-09-04 05:09:14,disk_read_per_sec,18098.0
2026-09-04 05:09:14,disk_write_per_sec,3575846.0
2026-09-04 05:09:14,net_send_per_sec,3886.0
2026-09-04 05:09:14,net_recv_per_sec,23182.0
2026-09-04 05:09:14,load1,9.53
2026-09-04 05:09:14,load5,7.73
2026-09-04 05:09:14,load15,4.31
2026-09-04 05:09:14,active_sessions,26.0
2026-09-04 05:09:14,active_requests,14.0
2026-09-04 05:09:14,long_queries,12.0
2026-09-04 05:09:14,long_transactions,12.0
2026-09-04 05:09:14,idle_sessions,24.0
2026-09-04 05:09:14,lock_waits,0.0
2026-09-04 05:09:14,total_locks,13.0
2026-09-04 05:09:14,deadlocks_per_sec,0.0
2026-09-04 05:09:14,page_life_expectancy,1101.0
2026-09-04 05:09:14,buffer_cache_hit_ratio,100.0
2026-09-04 05:09:14,transactions_per_sec,185.77
2026-09-04 05:09:14,page_reads_per_sec,0.0
2026-09-04 05:09:14,page_writes_per_sec,0.0
2026-09-04 05:09:14,rollbacks_per_sec,0.0
2026-09-04 05:09:14,batch_requests_per_sec,0.0
2026-09-04 05:09:14,sql_compilations_per_sec,0.0
2026-09-04 05:09:14,database_size_mb,0.0
2026-09-04 05:09:14,total_reads,494.0
2026-09-04 05:09:14,total_writes,1140.0
2026-09-04 05:09:14,venta_locks,0.0
2026-09-04 05:09:14,detalle_venta_locks,0.0
2026-09-04 05:09:14,inventario_locks,0.0
2026-09-04 05:09:14,kardex_locks,0.0
2026-09-04 05:09:14,caja_locks,0.0
2026-09-04 05:09:14,movimiento_caja_locks,0.0
2026-09-04 05:09:14,auditoria_locks,0.0
2026-09-04 05:09:14,api_status,0.0
2026-09-04 05:09:14,api_latency_ms,5006.0
2026-09-04 05:09:14,products_count,0.0
2026-09-04 05:09:14,sales_count,0.0
2026-09-04 05:09:29,cpu_usr,44.4
2026-09-04 05:09:29,cpu_sys,17.4
2026-09-04 05:09:29,cpu_idl,30.1
2026-09-04 05:09:29,cpu_wai,0.0
2026-09-04 05:09:29,cpu_stl,0.0
2026-09-04 05:09:29,memory_percent,55.2
2026-09-04 05:09:29,memory_used_mb,2160.0
2026-09-04 05:09:29,memory_available_mb,1756.0
2026-09-04 05:09:29,disk_read_per_sec,270.0
2026-09-04 05:09:29,disk_write_per_sec,3354972.0
2026-09-04 05:09:29,net_send_per_sec,3817.0
2026-09-04 05:09:29,net_recv_per_sec,22980.0
2026-09-04 05:09:29,load1,9.72
2026-09-04 05:09:29,load5,7.86
2026-09-04 05:09:29,load15,4.41
2026-09-04 05:09:29,active_sessions,26.0
2026-09-04 05:09:29,active_requests,13.0
2026-09-04 05:09:29,long_queries,12.0
2026-09-04 05:09:29,long_transactions,12.0
2026-09-04 05:09:29,idle_sessions,24.0
2026-09-04 05:09:29,lock_waits,0.0
2026-09-04 05:09:29,total_locks,13.0
2026-09-04 05:09:29,deadlocks_per_sec,0.0
2026-09-04 05:09:29,page_life_expectancy,1117.0
2026-09-04 05:09:29,buffer_cache_hit_ratio,100.0
2026-09-04 05:09:29,transactions_per_sec,155.9
2026-09-04 05:09:29,page_reads_per_sec,0.0
2026-09-04 05:09:29,page_writes_per_sec,0.0
2026-09-04 05:09:29,rollbacks_per_sec,0.0
2026-09-04 05:09:29,batch_requests_per_sec,0.0
2026-09-04 05:09:29,sql_compilations_per_sec,0.0
2026-09-04 05:09:29,database_size_mb,0.0
2026-09-04 05:09:29,total_reads,494.0
2026-09-04 05:09:29,total_writes,1149.0
2026-09-04 05:09:29,venta_locks,0.0
2026-09-04 05:09:29,detalle_venta_locks,0.0
2026-09-04 05:09:29,inventario_locks,0.0
2026-09-04 05:09:29,kardex_locks,0.0
2026-09-04 05:09:29,caja_locks,0.0
2026-09-04 05:09:29,movimiento_caja_locks,0.0
2026-09-04 05:09:29,auditoria_locks,0.0
2026-09-04 05:09:29,api_status,0.0
2026-09-04 05:09:29,api_latency_ms,5007.0
2026-09-04 05:09:29,products_count,0.0
2026-09-04 05:09:29,sales_count,0.0
2026-09-04 05:09:44,cpu_usr,45.6
2026-09-04 05:09:44,cpu_sys,16.9
2026-09-04 05:09:44,cpu_idl,29.7
2026-09-04 05:09:44,cpu_wai,0.1
2026-09-04 05:09:44,cpu_stl,0.0
2026-09-04 05:09:44,memory_percent,55.2
2026-09-04 05:09:44,memory_used_mb,2162.0
2026-09-04 05:09:44,memory_available_mb,1754.0
2026-09-04 05:09:44,disk_read_per_sec,61828.0
2026-09-04 05:09:44,disk_write_per_sec,5313386.0
2026-09-04 05:09:44,net_send_per_sec,3737.0
2026-09-04 05:09:44,net_recv_per_sec,22348.0
2026-09-04 05:09:44,load1,10.25
2026-09-04 05:09:44,load5,8.06
2026-09-04 05:09:44,load15,4.53
2026-09-04 05:09:44,active_sessions,26.0
2026-09-04 05:09:44,active_requests,14.0
2026-09-04 05:09:44,long_queries,12.0
2026-09-04 05:09:44,long_transactions,12.0
2026-09-04 05:09:44,idle_sessions,25.0
2026-09-04 05:09:44,lock_waits,0.0
2026-09-04 05:09:44,total_locks,13.0
2026-09-04 05:09:44,deadlocks_per_sec,0.0
2026-09-04 05:09:44,page_life_expectancy,1132.0
2026-09-04 05:09:44,buffer_cache_hit_ratio,100.0
2026-09-04 05:09:44,transactions_per_sec,121.68
2026-09-04 05:09:44,page_reads_per_sec,0.0
2026-09-04 05:09:44,page_writes_per_sec,0.0
2026-09-04 05:09:44,rollbacks_per_sec,0.0
2026-09-04 05:09:44,batch_requests_per_sec,0.0
2026-09-04 05:09:44,sql_compilations_per_sec,0.0
2026-09-04 05:09:44,database_size_mb,0.0
2026-09-04 05:09:44,total_reads,494.0
2026-09-04 05:09:44,total_writes,1162.0
2026-09-04 05:09:44,venta_locks,0.0
2026-09-04 05:09:44,detalle_venta_locks,0.0
2026-09-04 05:09:44,inventario_locks,0.0
2026-09-04 05:09:44,kardex_locks,0.0
2026-09-04 05:09:44,caja_locks,0.0
2026-09-04 05:09:44,movimiento_caja_locks,0.0
2026-09-04 05:09:44,auditoria_locks,0.0
2026-09-04 05:09:44,api_status,0.0
2026-09-04 05:09:44,api_latency_ms,5008.0
2026-09-04 05:09:44,products_count,0.0
2026-09-04 05:09:44,sales_count,0.0
2026-09-04 05:09:59,cpu_usr,45.9
2026-09-04 05:09:59,cpu_sys,17.1
2026-09-04 05:09:59,cpu_idl,29.2
2026-09-04 05:09:59,cpu_wai,0.1
2026-09-04 05:09:59,cpu_stl,0.0
2026-09-04 05:09:59,memory_percent,55.1
2026-09-04 05:09:59,memory_used_mb,2159.0
2026-09-04 05:09:59,memory_available_mb,1757.0
2026-09-04 05:09:59,disk_read_per_sec,9983.0
2026-09-04 05:09:59,disk_write_per_sec,4437511.0
2026-09-04 05:09:59,net_send_per_sec,3650.0
2026-09-04 05:09:59,net_recv_per_sec,21001.0
2026-09-04 05:09:59,load1,10.12
2026-09-04 05:09:59,load5,8.14
2026-09-04 05:09:59,load15,4.62
2026-09-04 05:09:59,active_sessions,26.0
2026-09-04 05:09:59,active_requests,13.0
2026-09-04 05:09:59,long_queries,12.0
2026-09-04 05:09:59,long_transactions,12.0
2026-09-04 05:09:59,idle_sessions,25.0
2026-09-04 05:09:59,lock_waits,0.0
2026-09-04 05:09:59,total_locks,13.0
2026-09-04 05:09:59,deadlocks_per_sec,0.0
2026-09-04 05:09:59,page_life_expectancy,1147.0
2026-09-04 05:09:59,buffer_cache_hit_ratio,100.0
2026-09-04 05:09:59,transactions_per_sec,91.96
2026-09-04 05:09:59,page_reads_per_sec,0.0
2026-09-04 05:09:59,page_writes_per_sec,0.0
2026-09-04 05:09:59,rollbacks_per_sec,0.0
2026-09-04 05:09:59,batch_requests_per_sec,0.0
2026-09-04 05:09:59,sql_compilations_per_sec,0.0
2026-09-04 05:09:59,database_size_mb,0.0
2026-09-04 05:09:59,total_reads,494.0
2026-09-04 05:09:59,total_writes,1168.0
2026-09-04 05:09:59,venta_locks,0.0
2026-09-04 05:09:59,detalle_venta_locks,0.0
2026-09-04 05:09:59,inventario_locks,0.0
2026-09-04 05:09:59,kardex_locks,0.0
2026-09-04 05:09:59,caja_locks,0.0
2026-09-04 05:09:59,movimiento_caja_locks,0.0
2026-09-04 05:09:59,auditoria_locks,0.0
2026-09-04 05:09:59,api_status,0.0
2026-09-04 05:09:59,api_latency_ms,5007.0
2026-09-04 05:09:59,products_count,0.0
2026-09-04 05:09:59,sales_count,0.0
2026-09-04 05:10:14,cpu_usr,45.9
2026-09-04 05:10:14,cpu_sys,17.2
2026-09-04 05:10:14,cpu_idl,29.0
2026-09-04 05:10:14,cpu_wai,0.1
2026-09-04 05:10:14,cpu_stl,0.0
2026-09-04 05:10:14,memory_percent,55.4
2026-09-04 05:10:14,memory_used_mb,2168.0
2026-09-04 05:10:14,memory_available_mb,1748.0
2026-09-04 05:10:14,disk_read_per_sec,61812.0
2026-09-04 05:10:14,disk_write_per_sec,6465658.0
2026-09-04 05:10:14,net_send_per_sec,3917.0
2026-09-04 05:10:14,net_recv_per_sec,22820.0
2026-09-04 05:10:14,load1,9.86
2026-09-04 05:10:14,load5,8.21
2026-09-04 05:10:14,load15,4.72
2026-09-04 05:10:14,active_sessions,26.0
2026-09-04 05:10:14,active_requests,13.0
2026-09-04 05:10:14,long_queries,12.0
2026-09-04 05:10:14,long_transactions,12.0
2026-09-04 05:10:14,idle_sessions,24.0
2026-09-04 05:10:14,lock_waits,0.0
2026-09-04 05:10:14,total_locks,13.0
2026-09-04 05:10:14,deadlocks_per_sec,0.0
2026-09-04 05:10:14,page_life_expectancy,1162.0
2026-09-04 05:10:14,buffer_cache_hit_ratio,100.0
2026-09-04 05:10:14,transactions_per_sec,171.86
2026-09-04 05:10:14,page_reads_per_sec,0.0
2026-09-04 05:10:14,page_writes_per_sec,0.0
2026-09-04 05:10:14,rollbacks_per_sec,0.0
2026-09-04 05:10:14,batch_requests_per_sec,0.0
2026-09-04 05:10:14,sql_compilations_per_sec,0.0
2026-09-04 05:10:14,database_size_mb,0.0
2026-09-04 05:10:14,total_reads,494.0
2026-09-04 05:10:14,total_writes,1177.0
2026-09-04 05:10:14,venta_locks,0.0
2026-09-04 05:10:14,detalle_venta_locks,0.0
2026-09-04 05:10:14,inventario_locks,0.0
2026-09-04 05:10:14,kardex_locks,0.0
2026-09-04 05:10:14,caja_locks,0.0
2026-09-04 05:10:14,movimiento_caja_locks,0.0
2026-09-04 05:10:14,auditoria_locks,0.0
2026-09-04 05:10:14,api_status,0.0
2026-09-04 05:10:14,api_latency_ms,5006.0
2026-09-04 05:10:14,products_count,0.0
2026-09-04 05:10:14,sales_count,0.0
2026-09-04 05:10:30,cpu_usr,45.3
2026-09-04 05:10:30,cpu_sys,17.1
2026-09-04 05:10:30,cpu_idl,29.2
2026-09-04 05:10:30,cpu_wai,0.1
2026-09-04 05:10:30,cpu_stl,0.0
2026-09-04 05:10:30,memory_percent,55.4
2026-09-04 05:10:30,memory_used_mb,2169.0
2026-09-04 05:10:30,memory_available_mb,1747.0
2026-09-04 05:10:30,disk_read_per_sec,22126.0
2026-09-04 05:10:30,disk_write_per_sec,3313984.0
2026-09-04 05:10:30,net_send_per_sec,3773.0
2026-09-04 05:10:30,net_recv_per_sec,24266.0
2026-09-04 05:10:30,load1,9.36
2026-09-04 05:10:30,load5,8.17
2026-09-04 05:10:30,load15,4.76
2026-09-04 05:10:30,active_sessions,26.0
2026-09-04 05:10:30,active_requests,13.0
2026-09-04 05:10:30,long_queries,12.0
2026-09-04 05:10:30,long_transactions,12.0
2026-09-04 05:10:30,idle_sessions,25.0
2026-09-04 05:10:30,lock_waits,0.0
2026-09-04 05:10:30,total_locks,13.0
2026-09-04 05:10:30,deadlocks_per_sec,0.0
2026-09-04 05:10:30,page_life_expectancy,1178.0
2026-09-04 05:10:30,buffer_cache_hit_ratio,100.0
2026-09-04 05:10:30,transactions_per_sec,186.69
2026-09-04 05:10:30,page_reads_per_sec,0.0
2026-09-04 05:10:30,page_writes_per_sec,0.0
2026-09-04 05:10:30,rollbacks_per_sec,0.0
2026-09-04 05:10:30,batch_requests_per_sec,0.0
2026-09-04 05:10:30,sql_compilations_per_sec,0.0
2026-09-04 05:10:30,database_size_mb,0.0
2026-09-04 05:10:30,total_reads,494.0
2026-09-04 05:10:30,total_writes,1193.0
2026-09-04 05:10:30,venta_locks,0.0
2026-09-04 05:10:30,detalle_venta_locks,0.0
2026-09-04 05:10:30,inventario_locks,0.0
2026-09-04 05:10:30,kardex_locks,0.0
2026-09-04 05:10:30,caja_locks,0.0
2026-09-04 05:10:30,movimiento_caja_locks,0.0
2026-09-04 05:10:30,auditoria_locks,0.0
2026-09-04 05:10:30,api_status,0.0
2026-09-04 05:10:30,api_latency_ms,5007.0
2026-09-04 05:10:30,products_count,0.0
2026-09-04 05:10:30,sales_count,0.0
2026-09-04 05:10:45,cpu_usr,45.0
2026-09-04 05:10:45,cpu_sys,17.7
2026-09-04 05:10:45,cpu_idl,29.0
2026-09-04 05:10:45,cpu_wai,0.1
2026-09-04 05:10:45,cpu_stl,0.0
2026-09-04 05:10:45,memory_percent,55.6
2026-09-04 05:10:45,memory_used_mb,2177.0
2026-09-04 05:10:45,memory_available_mb,1739.0
2026-09-04 05:10:45,disk_read_per_sec,184459.0
2026-09-04 05:10:45,disk_write_per_sec,4780012.0
2026-09-04 05:10:45,net_send_per_sec,3696.0
2026-09-04 05:10:45,net_recv_per_sec,22870.0
2026-09-04 05:10:45,load1,9.7
2026-09-04 05:10:45,load5,8.3
2026-09-04 05:10:45,load15,4.86
2026-09-04 05:10:45,active_sessions,26.0
2026-09-04 05:10:45,active_requests,13.0
2026-09-04 05:10:45,long_queries,12.0
2026-09-04 05:10:45,long_transactions,12.0
2026-09-04 05:10:45,idle_sessions,25.0
2026-09-04 05:10:45,lock_waits,0.0
2026-09-04 05:10:45,total_locks,45.0
2026-09-04 05:10:45,deadlocks_per_sec,0.0
2026-09-04 05:10:45,page_life_expectancy,1193.0
2026-09-04 05:10:45,buffer_cache_hit_ratio,100.0
2026-09-04 05:10:45,transactions_per_sec,184.29
2026-09-04 05:10:45,page_reads_per_sec,0.0
2026-09-04 05:10:45,page_writes_per_sec,0.0
2026-09-04 05:10:45,rollbacks_per_sec,0.0
2026-09-04 05:10:45,batch_requests_per_sec,0.0
2026-09-04 05:10:45,sql_compilations_per_sec,0.0
2026-09-04 05:10:45,database_size_mb,0.0
2026-09-04 05:10:45,total_reads,494.0
2026-09-04 05:10:45,total_writes,1207.0
2026-09-04 05:10:45,venta_locks,0.0
2026-09-04 05:10:45,detalle_venta_locks,0.0
2026-09-04 05:10:45,inventario_locks,0.0
2026-09-04 05:10:45,kardex_locks,11.0
2026-09-04 05:10:45,caja_locks,0.0
2026-09-04 05:10:45,movimiento_caja_locks,6.0
2026-09-04 05:10:45,auditoria_locks,0.0
2026-09-04 05:10:45,api_status,0.0
2026-09-04 05:10:45,api_latency_ms,5008.0
2026-09-04 05:10:45,products_count,0.0
2026-09-04 05:10:45,sales_count,0.0
2026-09-04 05:11:00,cpu_usr,45.4
2026-09-04 05:11:00,cpu_sys,17.4
2026-09-04 05:11:00,cpu_idl,29.2
2026-09-04 05:11:00,cpu_wai,0.1
2026-09-04 05:11:00,cpu_stl,0.0
2026-09-04 05:11:00,memory_percent,55.6
2026-09-04 05:11:00,memory_used_mb,2178.0
2026-09-04 05:11:00,memory_available_mb,1738.0
2026-09-04 05:11:00,disk_read_per_sec,0.0
2026-09-04 05:11:00,disk_write_per_sec,3264028.0
2026-09-04 05:11:00,net_send_per_sec,3659.0
2026-09-04 05:11:00,net_recv_per_sec,23588.0
2026-09-04 05:11:00,load1,9.57
2026-09-04 05:11:00,load5,8.33
2026-09-04 05:11:00,load15,4.92
2026-09-04 05:11:00,active_sessions,26.0
2026-09-04 05:11:00,active_requests,14.0
2026-09-04 05:11:00,long_queries,12.0
2026-09-04 05:11:00,long_transactions,12.0
2026-09-04 05:11:00,idle_sessions,24.0
2026-09-04 05:11:00,lock_waits,0.0
2026-09-04 05:11:00,total_locks,13.0
2026-09-04 05:11:00,deadlocks_per_sec,0.0
2026-09-04 05:11:00,page_life_expectancy,1208.0
2026-09-04 05:11:00,buffer_cache_hit_ratio,100.0
2026-09-04 05:11:00,transactions_per_sec,147.75
2026-09-04 05:11:00,page_reads_per_sec,0.0
2026-09-04 05:11:00,page_writes_per_sec,0.0
2026-09-04 05:11:00,rollbacks_per_sec,0.0
2026-09-04 05:11:00,batch_requests_per_sec,0.0
2026-09-04 05:11:00,sql_compilations_per_sec,0.0
2026-09-04 05:11:00,database_size_mb,0.0
2026-09-04 05:11:00,total_reads,494.0
2026-09-04 05:11:00,total_writes,1227.0
2026-09-04 05:11:00,venta_locks,0.0
2026-09-04 05:11:00,detalle_venta_locks,0.0
2026-09-04 05:11:00,inventario_locks,0.0
2026-09-04 05:11:00,kardex_locks,0.0
2026-09-04 05:11:00,caja_locks,0.0
2026-09-04 05:11:00,movimiento_caja_locks,0.0
2026-09-04 05:11:00,auditoria_locks,0.0
2026-09-04 05:11:00,api_status,0.0
2026-09-04 05:11:00,api_latency_ms,5007.0
2026-09-04 05:11:00,products_count,0.0
2026-09-04 05:11:00,sales_count,0.0
2026-09-04 05:11:15,cpu_usr,43.7
2026-09-04 05:11:15,cpu_sys,17.8
2026-09-04 05:11:15,cpu_idl,30.2
2026-09-04 05:11:15,cpu_wai,0.1
2026-09-04 05:11:15,cpu_stl,0.0
2026-09-04 05:11:15,memory_percent,55.6
2026-09-04 05:11:15,memory_used_mb,2176.0
2026-09-04 05:11:15,memory_available_mb,1740.0
2026-09-04 05:11:15,disk_read_per_sec,139545.0
2026-09-04 05:11:15,disk_write_per_sec,5356699.0
2026-09-04 05:11:15,net_send_per_sec,3613.0
2026-09-04 05:11:15,net_recv_per_sec,23241.0
2026-09-04 05:11:15,load1,9.64
2026-09-04 05:11:15,load5,8.41
2026-09-04 05:11:15,load15,5.0
2026-09-04 05:11:15,active_sessions,26.0
2026-09-04 05:11:15,active_requests,13.0
2026-09-04 05:11:15,long_queries,12.0
2026-09-04 05:11:15,long_transactions,12.0
2026-09-04 05:11:15,idle_sessions,24.0
2026-09-04 05:11:15,lock_waits,0.0
2026-09-04 05:11:15,total_locks,13.0
2026-09-04 05:11:15,deadlocks_per_sec,0.0
2026-09-04 05:11:15,page_life_expectancy,1223.0
2026-09-04 05:11:15,buffer_cache_hit_ratio,100.0
2026-09-04 05:11:15,transactions_per_sec,177.26
2026-09-04 05:11:15,page_reads_per_sec,0.0
2026-09-04 05:11:15,page_writes_per_sec,0.0
2026-09-04 05:11:15,rollbacks_per_sec,0.0
2026-09-04 05:11:15,batch_requests_per_sec,0.0
2026-09-04 05:11:15,sql_compilations_per_sec,0.0
2026-09-04 05:11:15,database_size_mb,0.0
2026-09-04 05:11:15,total_reads,494.0
2026-09-04 05:11:15,total_writes,1233.0
2026-09-04 05:11:15,venta_locks,0.0
2026-09-04 05:11:15,detalle_venta_locks,0.0
2026-09-04 05:11:15,inventario_locks,0.0
2026-09-04 05:11:15,kardex_locks,0.0
2026-09-04 05:11:15,caja_locks,0.0
2026-09-04 05:11:15,movimiento_caja_locks,0.0
2026-09-04 05:11:15,auditoria_locks,0.0
2026-09-04 05:11:15,api_status,0.0
2026-09-04 05:11:15,api_latency_ms,5006.0
2026-09-04 05:11:15,products_count,0.0
2026-09-04 05:11:15,sales_count,0.0
2026-09-04 05:11:30,cpu_usr,44.3
2026-09-04 05:11:30,cpu_sys,17.4
2026-09-04 05:11:30,cpu_idl,30.3
2026-09-04 05:11:30,cpu_wai,0.1
2026-09-04 05:11:30,cpu_stl,0.0
2026-09-04 05:11:30,memory_percent,55.6
2026-09-04 05:11:30,memory_used_mb,2176.0
2026-09-04 05:11:30,memory_available_mb,1740.0
2026-09-04 05:11:30,disk_read_per_sec,199016.0
2026-09-04 05:11:30,disk_write_per_sec,3413512.0
2026-09-04 05:11:30,net_send_per_sec,3809.0
2026-09-04 05:11:30,net_recv_per_sec,23713.0
2026-09-04 05:11:30,load1,9.95
2026-09-04 05:11:30,load5,8.54
2026-09-04 05:11:30,load15,5.1
2026-09-04 05:11:30,active_sessions,26.0
2026-09-04 05:11:30,active_requests,13.0
2026-09-04 05:11:30,long_queries,12.0
2026-09-04 05:11:30,long_transactions,12.0
2026-09-04 05:11:30,idle_sessions,24.0
2026-09-04 05:11:30,lock_waits,0.0
2026-09-04 05:11:30,total_locks,13.0
2026-09-04 05:11:30,deadlocks_per_sec,0.0
2026-09-04 05:11:30,page_life_expectancy,1238.0
2026-09-04 05:11:30,buffer_cache_hit_ratio,100.0
2026-09-04 05:11:30,transactions_per_sec,167.06
2026-09-04 05:11:30,page_reads_per_sec,0.0
2026-09-04 05:11:30,page_writes_per_sec,0.0
2026-09-04 05:11:30,rollbacks_per_sec,0.0
2026-09-04 05:11:30,batch_requests_per_sec,0.0
2026-09-04 05:11:30,sql_compilations_per_sec,0.0
2026-09-04 05:11:30,database_size_mb,0.0
2026-09-04 05:11:30,total_reads,494.0
2026-09-04 05:11:30,total_writes,1248.0
2026-09-04 05:11:30,venta_locks,0.0
2026-09-04 05:11:30,detalle_venta_locks,0.0
2026-09-04 05:11:30,inventario_locks,0.0
2026-09-04 05:11:30,kardex_locks,0.0
2026-09-04 05:11:30,caja_locks,0.0
2026-09-04 05:11:30,movimiento_caja_locks,0.0
2026-09-04 05:11:30,auditoria_locks,0.0
2026-09-04 05:11:30,api_status,0.0
2026-09-04 05:11:30,api_latency_ms,5006.0
2026-09-04 05:11:30,products_count,0.0
2026-09-04 05:11:30,sales_count,0.0
2026-09-04 05:11:46,cpu_usr,43.8
2026-09-04 05:11:46,cpu_sys,17.7
2026-09-04 05:11:46,cpu_idl,30.5
2026-09-04 05:11:46,cpu_wai,0.0
2026-09-04 05:11:46,cpu_stl,0.0
2026-09-04 05:11:46,memory_percent,55.7
2026-09-04 05:11:46,memory_used_mb,2181.0
2026-09-04 05:11:46,memory_available_mb,1735.0
2026-09-04 05:11:46,disk_read_per_sec,0.0
2026-09-04 05:11:46,disk_write_per_sec,5949124.0
2026-09-04 05:11:46,net_send_per_sec,3884.0
2026-09-04 05:11:46,net_recv_per_sec,25284.0
2026-09-04 05:11:46,load1,9.27
2026-09-04 05:11:46,load5,8.47
2026-09-04 05:11:46,load15,5.13
2026-09-04 05:11:46,active_sessions,25.0
2026-09-04 05:11:46,active_requests,16.0
2026-09-04 05:11:46,long_queries,12.0
2026-09-04 05:11:46,long_transactions,12.0
2026-09-04 05:11:46,idle_sessions,24.0
2026-09-04 05:11:46,lock_waits,0.0
2026-09-04 05:11:46,total_locks,13.0
2026-09-04 05:11:46,deadlocks_per_sec,0.0
2026-09-04 05:11:46,page_life_expectancy,1254.0
2026-09-04 05:11:46,buffer_cache_hit_ratio,100.0
2026-09-04 05:11:46,transactions_per_sec,207.85
2026-09-04 05:11:46,page_reads_per_sec,0.0
2026-09-04 05:11:46,page_writes_per_sec,0.0
2026-09-04 05:11:46,rollbacks_per_sec,0.0
2026-09-04 05:11:46,batch_requests_per_sec,0.0
2026-09-04 05:11:46,sql_compilations_per_sec,0.0
2026-09-04 05:11:46,database_size_mb,0.0
2026-09-04 05:11:46,total_reads,494.0
2026-09-04 05:11:46,total_writes,1263.0
2026-09-04 05:11:46,venta_locks,0.0
2026-09-04 05:11:46,detalle_venta_locks,0.0
2026-09-04 05:11:46,inventario_locks,0.0
2026-09-04 05:11:46,kardex_locks,0.0
2026-09-04 05:11:46,caja_locks,0.0
2026-09-04 05:11:46,movimiento_caja_locks,0.0
2026-09-04 05:11:46,auditoria_locks,0.0
2026-09-04 05:11:46,api_status,0.0
2026-09-04 05:11:46,api_latency_ms,5004.0
2026-09-04 05:11:46,products_count,0.0
2026-09-04 05:11:46,sales_count,0.0
2026-09-04 05:12:01,cpu_usr,44.1
2026-09-04 05:12:01,cpu_sys,17.2
2026-09-04 05:12:01,cpu_idl,30.5
2026-09-04 05:12:01,cpu_wai,0.1
2026-09-04 05:12:01,cpu_stl,0.0
2026-09-04 05:12:01,memory_percent,55.6
2026-09-04 05:12:01,memory_used_mb,2179.0
2026-09-04 05:12:01,memory_available_mb,1737.0
2026-09-04 05:12:01,disk_read_per_sec,183246.0
2026-09-04 05:12:01,disk_write_per_sec,3303020.0
2026-09-04 05:12:01,net_send_per_sec,3879.0
2026-09-04 05:12:01,net_recv_per_sec,21988.0
2026-09-04 05:12:01,load1,9.08
2026-09-04 05:12:01,load5,8.46
2026-09-04 05:12:01,load15,5.18
2026-09-04 05:12:01,active_sessions,25.0
2026-09-04 05:12:01,active_requests,14.0
2026-09-04 05:12:01,long_queries,12.0
2026-09-04 05:12:01,long_transactions,12.0
2026-09-04 05:12:01,idle_sessions,22.0
2026-09-04 05:12:01,lock_waits,0.0
2026-09-04 05:12:01,total_locks,13.0
2026-09-04 05:12:01,deadlocks_per_sec,0.0
2026-09-04 05:12:01,page_life_expectancy,1269.0
2026-09-04 05:12:01,buffer_cache_hit_ratio,100.0
2026-09-04 05:12:01,transactions_per_sec,129.73
2026-09-04 05:12:01,page_reads_per_sec,0.0
2026-09-04 05:12:01,page_writes_per_sec,0.0
2026-09-04 05:12:01,rollbacks_per_sec,0.0
2026-09-04 05:12:01,batch_requests_per_sec,0.0
2026-09-04 05:12:01,sql_compilations_per_sec,0.0
2026-09-04 05:12:01,database_size_mb,0.0
2026-09-04 05:12:01,total_reads,494.0
2026-09-04 05:12:01,total_writes,1281.0
2026-09-04 05:12:01,venta_locks,0.0
2026-09-04 05:12:01,detalle_venta_locks,0.0
2026-09-04 05:12:01,inventario_locks,0.0
2026-09-04 05:12:01,kardex_locks,0.0
2026-09-04 05:12:01,caja_locks,0.0
2026-09-04 05:12:01,movimiento_caja_locks,0.0
2026-09-04 05:12:01,auditoria_locks,0.0
2026-09-04 05:12:01,api_status,0.0
2026-09-04 05:12:01,api_latency_ms,5007.0
2026-09-04 05:12:01,products_count,0.0
2026-09-04 05:12:01,sales_count,0.0
2026-09-04 05:12:16,cpu_usr,45.0
2026-09-04 05:12:16,cpu_sys,17.5
2026-09-04 05:12:16,cpu_idl,29.7
2026-09-04 05:12:16,cpu_wai,0.1
2026-09-04 05:12:16,cpu_stl,0.0
2026-09-04 05:12:16,memory_percent,55.5
2026-09-04 05:12:16,memory_used_mb,2173.0
2026-09-04 05:12:16,memory_available_mb,1743.0
2026-09-04 05:12:16,disk_read_per_sec,37527.0
2026-09-04 05:12:16,disk_write_per_sec,6494096.0
2026-09-04 05:12:16,net_send_per_sec,3638.0
2026-09-04 05:12:16,net_recv_per_sec,25198.0
2026-09-04 05:12:16,load1,9.42
2026-09-04 05:12:16,load5,8.57
2026-09-04 05:12:16,load15,5.27
2026-09-04 05:12:16,active_sessions,25.0
2026-09-04 05:12:16,active_requests,13.0
2026-09-04 05:12:16,long_queries,12.0
2026-09-04 05:12:16,long_transactions,12.0
2026-09-04 05:12:16,idle_sessions,24.0
2026-09-04 05:12:16,lock_waits,0.0
2026-09-04 05:12:16,total_locks,13.0
2026-09-04 05:12:16,deadlocks_per_sec,0.0
2026-09-04 05:12:16,page_life_expectancy,1284.0
2026-09-04 05:12:16,buffer_cache_hit_ratio,100.0
2026-09-04 05:12:16,transactions_per_sec,201.83
2026-09-04 05:12:16,page_reads_per_sec,0.0
2026-09-04 05:12:16,page_writes_per_sec,0.0
2026-09-04 05:12:16,rollbacks_per_sec,0.0
2026-09-04 05:12:16,batch_requests_per_sec,0.0
2026-09-04 05:12:16,sql_compilations_per_sec,0.0
2026-09-04 05:12:16,database_size_mb,0.0
2026-09-04 05:12:16,total_reads,494.0
2026-09-04 05:12:16,total_writes,1302.0
2026-09-04 05:12:16,venta_locks,0.0
2026-09-04 05:12:16,detalle_venta_locks,0.0
2026-09-04 05:12:16,inventario_locks,0.0
2026-09-04 05:12:16,kardex_locks,0.0
2026-09-04 05:12:16,caja_locks,0.0
2026-09-04 05:12:16,movimiento_caja_locks,0.0
2026-09-04 05:12:16,auditoria_locks,0.0
2026-09-04 05:12:16,api_status,0.0
2026-09-04 05:12:16,api_latency_ms,5005.0
2026-09-04 05:12:16,products_count,0.0
2026-09-04 05:12:16,sales_count,0.0
2026-09-04 05:12:31,cpu_usr,45.2
2026-09-04 05:12:31,cpu_sys,16.5
2026-09-04 05:12:31,cpu_idl,30.4
2026-09-04 05:12:31,cpu_wai,0.1
2026-09-04 05:12:31,cpu_stl,0.0
2026-09-04 05:12:31,memory_percent,55.9
2026-09-04 05:12:31,memory_used_mb,2190.0
2026-09-04 05:12:31,memory_available_mb,1726.0
2026-09-04 05:12:31,disk_read_per_sec,0.0
2026-09-04 05:12:31,disk_write_per_sec,3263990.0
2026-09-04 05:12:31,net_send_per_sec,3654.0
2026-09-04 05:12:31,net_recv_per_sec,22041.0
2026-09-04 05:12:31,load1,9.18
2026-09-04 05:12:31,load5,8.56
2026-09-04 05:12:31,load15,5.32
2026-09-04 05:12:31,active_sessions,25.0
2026-09-04 05:12:31,active_requests,13.0
2026-09-04 05:12:31,long_queries,12.0
2026-09-04 05:12:31,long_transactions,12.0
2026-09-04 05:12:31,idle_sessions,24.0
2026-09-04 05:12:31,lock_waits,0.0
2026-09-04 05:12:31,total_locks,13.0
2026-09-04 05:12:31,deadlocks_per_sec,0.0
2026-09-04 05:12:31,page_life_expectancy,1299.0
2026-09-04 05:12:31,buffer_cache_hit_ratio,100.0
2026-09-04 05:12:31,transactions_per_sec,124.92
2026-09-04 05:12:31,page_reads_per_sec,0.0
2026-09-04 05:12:31,page_writes_per_sec,0.0
2026-09-04 05:12:31,rollbacks_per_sec,0.0
2026-09-04 05:12:31,batch_requests_per_sec,0.0
2026-09-04 05:12:31,sql_compilations_per_sec,0.0
2026-09-04 05:12:31,database_size_mb,0.0
2026-09-04 05:12:31,total_reads,494.0
2026-09-04 05:12:31,total_writes,1307.0
2026-09-04 05:12:31,venta_locks,0.0
2026-09-04 05:12:31,detalle_venta_locks,0.0
2026-09-04 05:12:31,inventario_locks,0.0
2026-09-04 05:12:31,kardex_locks,0.0
2026-09-04 05:12:31,caja_locks,0.0
2026-09-04 05:12:31,movimiento_caja_locks,0.0
2026-09-04 05:12:31,auditoria_locks,0.0
2026-09-04 05:12:31,api_status,0.0
2026-09-04 05:12:31,api_latency_ms,5005.0
2026-09-04 05:12:31,products_count,0.0
2026-09-04 05:12:31,sales_count,0.0
2026-09-04 05:12:46,cpu_usr,46.0
2026-09-04 05:12:46,cpu_sys,16.5
2026-09-04 05:12:46,cpu_idl,29.9
2026-09-04 05:12:46,cpu_wai,0.1
2026-09-04 05:12:46,cpu_stl,0.0
2026-09-04 05:12:46,memory_percent,55.6
2026-09-04 05:12:46,memory_used_mb,2178.0
2026-09-04 05:12:46,memory_available_mb,1738.0
2026-09-04 05:12:46,disk_read_per_sec,196820.0
2026-09-04 05:12:46,disk_write_per_sec,6713487.0
2026-09-04 05:12:46,net_send_per_sec,3758.0
2026-09-04 05:12:46,net_recv_per_sec,24613.0
2026-09-04 05:12:46,load1,9.28
2026-09-04 05:12:46,load5,8.61
2026-09-04 05:12:46,load15,5.39
2026-09-04 05:12:46,active_sessions,25.0
2026-09-04 05:12:46,active_requests,13.0
2026-09-04 05:12:46,long_queries,12.0
2026-09-04 05:12:46,long_transactions,12.0
2026-09-04 05:12:46,idle_sessions,23.0
2026-09-04 05:12:46,lock_waits,0.0
2026-09-04 05:12:46,total_locks,13.0
2026-09-04 05:12:46,deadlocks_per_sec,0.0
2026-09-04 05:12:46,page_life_expectancy,1314.0
2026-09-04 05:12:46,buffer_cache_hit_ratio,100.0
2026-09-04 05:12:46,transactions_per_sec,173.42
2026-09-04 05:12:46,page_reads_per_sec,0.0
2026-09-04 05:12:46,page_writes_per_sec,0.0
2026-09-04 05:12:46,rollbacks_per_sec,0.0
2026-09-04 05:12:46,batch_requests_per_sec,0.0
2026-09-04 05:12:46,sql_compilations_per_sec,0.0
2026-09-04 05:12:46,database_size_mb,0.0
2026-09-04 05:12:46,total_reads,494.0
2026-09-04 05:12:46,total_writes,1319.0
2026-09-04 05:12:46,venta_locks,0.0
2026-09-04 05:12:46,detalle_venta_locks,0.0
2026-09-04 05:12:46,inventario_locks,0.0
2026-09-04 05:12:46,kardex_locks,0.0
2026-09-04 05:12:46,caja_locks,0.0
2026-09-04 05:12:46,movimiento_caja_locks,0.0
2026-09-04 05:12:46,auditoria_locks,0.0
2026-09-04 05:12:46,api_status,0.0
2026-09-04 05:12:46,api_latency_ms,5008.0
2026-09-04 05:12:46,products_count,0.0
2026-09-04 05:12:46,sales_count,0.0
2026-09-04 05:13:01,cpu_usr,46.8
2026-09-04 05:13:01,cpu_sys,16.8
2026-09-04 05:13:01,cpu_idl,29.3
2026-09-04 05:13:01,cpu_wai,0.1
2026-09-04 05:13:01,cpu_stl,0.0
2026-09-04 05:13:01,memory_percent,55.8
2026-09-04 05:13:01,memory_used_mb,2185.0
2026-09-04 05:13:01,memory_available_mb,1731.0
2026-09-04 05:13:01,disk_read_per_sec,18614.0
2026-09-04 05:13:01,disk_write_per_sec,4289774.0
2026-09-04 05:13:01,net_send_per_sec,3706.0
2026-09-04 05:13:01,net_recv_per_sec,21544.0
2026-09-04 05:13:01,load1,8.94
2026-09-04 05:13:01,load5,8.57
2026-09-04 05:13:01,load15,5.43
2026-09-04 05:13:01,active_sessions,25.0
2026-09-04 05:13:01,active_requests,13.0
2026-09-04 05:13:01,long_queries,12.0
2026-09-04 05:13:01,long_transactions,12.0
2026-09-04 05:13:01,idle_sessions,24.0
2026-09-04 05:13:01,lock_waits,0.0
2026-09-04 05:13:01,total_locks,13.0
2026-09-04 05:13:01,deadlocks_per_sec,0.0
2026-09-04 05:13:01,page_life_expectancy,1329.0
2026-09-04 05:13:01,buffer_cache_hit_ratio,100.0
2026-09-04 05:13:01,transactions_per_sec,132.84
2026-09-04 05:13:01,page_reads_per_sec,0.0
2026-09-04 05:13:01,page_writes_per_sec,0.0
2026-09-04 05:13:01,rollbacks_per_sec,0.0
2026-09-04 05:13:01,batch_requests_per_sec,0.0
2026-09-04 05:13:01,sql_compilations_per_sec,0.0
2026-09-04 05:13:01,database_size_mb,0.0
2026-09-04 05:13:01,total_reads,494.0
2026-09-04 05:13:01,total_writes,1325.0
2026-09-04 05:13:01,venta_locks,0.0
2026-09-04 05:13:01,detalle_venta_locks,0.0
2026-09-04 05:13:01,inventario_locks,0.0
2026-09-04 05:13:01,kardex_locks,0.0
2026-09-04 05:13:01,caja_locks,0.0
2026-09-04 05:13:01,movimiento_caja_locks,0.0
2026-09-04 05:13:01,auditoria_locks,0.0
2026-09-04 05:13:01,api_status,0.0
2026-09-04 05:13:01,api_latency_ms,5005.0
2026-09-04 05:13:01,products_count,0.0
2026-09-04 05:13:01,sales_count,0.0
2026-09-04 05:13:17,cpu_usr,47.5
2026-09-04 05:13:17,cpu_sys,16.5
2026-09-04 05:13:17,cpu_idl,28.2
2026-09-04 05:13:17,cpu_wai,0.1
2026-09-04 05:13:17,cpu_stl,0.0
2026-09-04 05:13:17,memory_percent,55.8
2026-09-04 05:13:17,memory_used_mb,2184.0
2026-09-04 05:13:17,memory_available_mb,1732.0
2026-09-04 05:13:17,disk_read_per_sec,78284.0
2026-09-04 05:13:17,disk_write_per_sec,3160524.0
2026-09-04 05:13:17,net_send_per_sec,3733.0
2026-09-04 05:13:17,net_recv_per_sec,18992.0
2026-09-04 05:13:17,load1,8.6
2026-09-04 05:13:17,load5,8.51
2026-09-04 05:13:17,load15,5.46
2026-09-04 05:13:17,active_sessions,25.0
2026-09-04 05:13:17,active_requests,14.0
2026-09-04 05:13:17,long_queries,12.0
2026-09-04 05:13:17,long_transactions,12.0
2026-09-04 05:13:17,idle_sessions,23.0
2026-09-04 05:13:17,lock_waits,0.0
2026-09-04 05:13:17,total_locks,13.0
2026-09-04 05:13:17,deadlocks_per_sec,0.0
2026-09-04 05:13:17,page_life_expectancy,1344.0
2026-09-04 05:13:17,buffer_cache_hit_ratio,100.0
2026-09-04 05:13:17,transactions_per_sec,138.0
2026-09-04 05:13:17,page_reads_per_sec,0.0
2026-09-04 05:13:17,page_writes_per_sec,0.0
2026-09-04 05:13:17,rollbacks_per_sec,0.0
2026-09-04 05:13:17,batch_requests_per_sec,0.0
2026-09-04 05:13:17,sql_compilations_per_sec,0.0
2026-09-04 05:13:17,database_size_mb,0.0
2026-09-04 05:13:17,total_reads,494.0
2026-09-04 05:13:17,total_writes,1331.0
2026-09-04 05:13:17,venta_locks,0.0
2026-09-04 05:13:17,detalle_venta_locks,0.0
2026-09-04 05:13:17,inventario_locks,0.0
2026-09-04 05:13:17,kardex_locks,0.0
2026-09-04 05:13:17,caja_locks,0.0
2026-09-04 05:13:17,movimiento_caja_locks,0.0
2026-09-04 05:13:17,auditoria_locks,0.0
2026-09-04 05:13:17,api_status,0.0
2026-09-04 05:13:17,api_latency_ms,5004.0
2026-09-04 05:13:17,products_count,0.0
2026-09-04 05:13:17,sales_count,0.0
2026-09-04 05:13:32,cpu_usr,46.7
2026-09-04 05:13:32,cpu_sys,16.7
2026-09-04 05:13:32,cpu_idl,28.9
2026-09-04 05:13:32,cpu_wai,0.1
2026-09-04 05:13:32,cpu_stl,0.0
2026-09-04 05:13:32,memory_percent,55.8
2026-09-04 05:13:32,memory_used_mb,2184.0
2026-09-04 05:13:32,memory_available_mb,1732.0
2026-09-04 05:13:32,disk_read_per_sec,36737.0
2026-09-04 05:13:32,disk_write_per_sec,6116769.0
2026-09-04 05:13:32,net_send_per_sec,3671.0
2026-09-04 05:13:32,net_recv_per_sec,23500.0
2026-09-04 05:13:32,load1,9.31
2026-09-04 05:13:32,load5,8.66
2026-09-04 05:13:32,load15,5.56
2026-09-04 05:13:32,active_sessions,25.0
2026-09-04 05:13:32,active_requests,13.0
2026-09-04 05:13:32,long_queries,12.0
2026-09-04 05:13:32,long_transactions,12.0
2026-09-04 05:13:32,idle_sessions,24.0
2026-09-04 05:13:32,lock_waits,0.0
2026-09-04 05:13:32,total_locks,13.0
2026-09-04 05:13:32,deadlocks_per_sec,0.0
2026-09-04 05:13:32,page_life_expectancy,1360.0
2026-09-04 05:13:32,buffer_cache_hit_ratio,100.0
2026-09-04 05:13:32,transactions_per_sec,174.37
2026-09-04 05:13:32,page_reads_per_sec,0.0
2026-09-04 05:13:32,page_writes_per_sec,0.0
2026-09-04 05:13:32,rollbacks_per_sec,0.0
2026-09-04 05:13:32,batch_requests_per_sec,0.0
2026-09-04 05:13:32,sql_compilations_per_sec,0.0
2026-09-04 05:13:32,database_size_mb,0.0
2026-09-04 05:13:32,total_reads,494.0
2026-09-04 05:13:32,total_writes,1335.0
2026-09-04 05:13:32,venta_locks,0.0
2026-09-04 05:13:32,detalle_venta_locks,0.0
2026-09-04 05:13:32,inventario_locks,0.0
2026-09-04 05:13:32,kardex_locks,0.0
2026-09-04 05:13:32,caja_locks,0.0
2026-09-04 05:13:32,movimiento_caja_locks,0.0
2026-09-04 05:13:32,auditoria_locks,0.0
2026-09-04 05:13:32,api_status,0.0
2026-09-04 05:13:32,api_latency_ms,5008.0
2026-09-04 05:13:32,products_count,0.0
2026-09-04 05:13:32,sales_count,0.0
2026-09-04 05:13:47,cpu_usr,45.7
2026-09-04 05:13:47,cpu_sys,16.9
2026-09-04 05:13:47,cpu_idl,29.4
2026-09-04 05:13:47,cpu_wai,0.1
2026-09-04 05:13:47,cpu_stl,0.0
2026-09-04 05:13:47,memory_percent,55.9
2026-09-04 05:13:47,memory_used_mb,2188.0
2026-09-04 05:13:47,memory_available_mb,1728.0
2026-09-04 05:13:47,disk_read_per_sec,100512.0
2026-09-04 05:13:47,disk_write_per_sec,3290131.0
2026-09-04 05:13:47,net_send_per_sec,3883.0
2026-09-04 05:13:47,net_recv_per_sec,22573.0
2026-09-04 05:13:47,load1,9.78
2026-09-04 05:13:47,load5,8.8
2026-09-04 05:13:47,load15,5.65
2026-09-04 05:13:47,active_sessions,26.0
2026-09-04 05:13:47,active_requests,13.0
2026-09-04 05:13:47,long_queries,12.0
2026-09-04 05:13:47,long_transactions,12.0
2026-09-04 05:13:47,idle_sessions,23.0
2026-09-04 05:13:47,lock_waits,0.0
2026-09-04 05:13:47,total_locks,13.0
2026-09-04 05:13:47,deadlocks_per_sec,0.0
2026-09-04 05:13:47,page_life_expectancy,1375.0
2026-09-04 05:13:47,buffer_cache_hit_ratio,100.0
2026-09-04 05:13:47,transactions_per_sec,169.86
2026-09-04 05:13:47,page_reads_per_sec,0.0
2026-09-04 05:13:47,page_writes_per_sec,0.0
2026-09-04 05:13:47,rollbacks_per_sec,0.0
2026-09-04 05:13:47,batch_requests_per_sec,0.0
2026-09-04 05:13:47,sql_compilations_per_sec,0.0
2026-09-04 05:13:47,database_size_mb,0.0
2026-09-04 05:13:47,total_reads,494.0
2026-09-04 05:13:47,total_writes,1344.0
2026-09-04 05:13:47,venta_locks,0.0
2026-09-04 05:13:47,detalle_venta_locks,0.0
2026-09-04 05:13:47,inventario_locks,0.0
2026-09-04 05:13:47,kardex_locks,0.0
2026-09-04 05:13:47,caja_locks,0.0
2026-09-04 05:13:47,movimiento_caja_locks,0.0
2026-09-04 05:13:47,auditoria_locks,0.0
2026-09-04 05:13:47,max_server_memory,4096.0
2026-09-04 05:13:47,user_connections_setting,0.0
2026-09-04 05:13:47,cost_threshold,5.0
2026-09-04 05:13:47,api_status,0.0
2026-09-04 05:13:47,api_latency_ms,5007.0
2026-09-04 05:13:47,products_count,0.0
2026-09-04 05:13:47,sales_count,0.0
2026-09-04 05:14:02,cpu_usr,45.1
2026-09-04 05:14:02,cpu_sys,16.9
2026-09-04 05:14:02,cpu_idl,30.0
2026-09-04 05:14:02,cpu_wai,0.1
2026-09-04 05:14:02,cpu_stl,0.0
2026-09-04 05:14:02,memory_percent,55.7
2026-09-04 05:14:02,memory_used_mb,2182.0
2026-09-04 05:14:02,memory_available_mb,1734.0
2026-09-04 05:14:02,disk_read_per_sec,0.0
2026-09-04 05:14:02,disk_write_per_sec,3142861.0
2026-09-04 05:14:02,net_send_per_sec,3914.0
2026-09-04 05:14:02,net_recv_per_sec,22396.0
2026-09-04 05:14:02,load1,9.51
2026-09-04 05:14:02,load5,8.79
2026-09-04 05:14:02,load15,5.7
2026-09-04 05:14:02,active_sessions,23.0
2026-09-04 05:14:02,active_requests,10.0
2026-09-04 05:14:02,long_queries,9.0
2026-09-04 05:14:02,long_transactions,9.0
2026-09-04 05:14:02,idle_sessions,22.0
2026-09-04 05:14:02,lock_waits,0.0
2026-09-04 05:14:02,total_locks,13.0
2026-09-04 05:14:02,deadlocks_per_sec,0.0
2026-09-04 05:14:02,page_life_expectancy,1390.0
2026-09-04 05:14:02,buffer_cache_hit_ratio,100.0
2026-09-04 05:14:02,transactions_per_sec,110.49
2026-09-04 05:14:02,page_reads_per_sec,0.0
2026-09-04 05:14:02,page_writes_per_sec,0.0
2026-09-04 05:14:02,rollbacks_per_sec,0.0
2026-09-04 05:14:02,batch_requests_per_sec,0.0
2026-09-04 05:14:02,sql_compilations_per_sec,0.0
2026-09-04 05:14:02,database_size_mb,0.0
2026-09-04 05:14:02,total_reads,494.0
2026-09-04 05:14:02,total_writes,1356.0
2026-09-04 05:14:02,venta_locks,0.0
2026-09-04 05:14:02,detalle_venta_locks,0.0
2026-09-04 05:14:02,inventario_locks,0.0
2026-09-04 05:14:02,kardex_locks,0.0
2026-09-04 05:14:02,caja_locks,0.0
2026-09-04 05:14:02,movimiento_caja_locks,0.0
2026-09-04 05:14:02,auditoria_locks,0.0
2026-09-04 05:14:02,api_status,0.0
2026-09-04 05:14:02,api_latency_ms,5005.0
2026-09-04 05:14:02,products_count,0.0
2026-09-04 05:14:02,sales_count,0.0
2026-09-04 05:14:17,cpu_usr,44.6
2026-09-04 05:14:17,cpu_sys,17.2
2026-09-04 05:14:17,cpu_idl,29.9
2026-09-04 05:14:17,cpu_wai,0.1
2026-09-04 05:14:17,cpu_stl,0.0
2026-09-04 05:14:17,memory_percent,55.9
2026-09-04 05:14:17,memory_used_mb,2189.0
2026-09-04 05:14:17,memory_available_mb,1727.0
2026-09-04 05:14:17,disk_read_per_sec,230376.0
2026-09-04 05:14:17,disk_write_per_sec,5536856.0
2026-09-04 05:14:17,net_send_per_sec,3562.0
2026-09-04 05:14:17,net_recv_per_sec,21555.0
2026-09-04 05:14:17,load1,9.54
2026-09-04 05:14:17,load5,8.83
2026-09-04 05:14:17,load15,5.77
2026-09-04 05:14:17,active_sessions,23.0
2026-09-04 05:14:17,active_requests,10.0
2026-09-04 05:14:17,long_queries,9.0
2026-09-04 05:14:17,long_transactions,9.0
2026-09-04 05:14:17,idle_sessions,22.0
2026-09-04 05:14:17,lock_waits,0.0
2026-09-04 05:14:17,total_locks,13.0
2026-09-04 05:14:17,deadlocks_per_sec,0.0
2026-09-04 05:14:17,page_life_expectancy,1405.0
2026-09-04 05:14:17,buffer_cache_hit_ratio,100.0
2026-09-04 05:14:17,transactions_per_sec,128.97
2026-09-04 05:14:17,page_reads_per_sec,0.0
2026-09-04 05:14:17,page_writes_per_sec,0.0
2026-09-04 05:14:17,rollbacks_per_sec,0.0
2026-09-04 05:14:17,batch_requests_per_sec,0.0
2026-09-04 05:14:17,sql_compilations_per_sec,0.0
2026-09-04 05:14:17,database_size_mb,0.0
2026-09-04 05:14:17,total_reads,494.0
2026-09-04 05:14:17,total_writes,1360.0
2026-09-04 05:14:17,venta_locks,0.0
2026-09-04 05:14:17,detalle_venta_locks,0.0
2026-09-04 05:14:17,inventario_locks,0.0
2026-09-04 05:14:17,kardex_locks,0.0
2026-09-04 05:14:17,caja_locks,0.0
2026-09-04 05:14:17,movimiento_caja_locks,0.0
2026-09-04 05:14:17,auditoria_locks,0.0
2026-09-04 05:14:17,api_status,0.0
2026-09-04 05:14:17,api_latency_ms,5008.0
2026-09-04 05:14:17,products_count,0.0
2026-09-04 05:14:17,sales_count,0.0
2026-09-04 05:14:32,cpu_usr,45.5
2026-09-04 05:14:32,cpu_sys,17.3
2026-09-04 05:14:32,cpu_idl,29.0
2026-09-04 05:14:32,cpu_wai,0.1
2026-09-04 05:14:32,cpu_stl,0.0
2026-09-04 05:14:32,memory_percent,56.0
2026-09-04 05:14:32,memory_used_mb,2193.0
2026-09-04 05:14:32,memory_available_mb,1723.0
2026-09-04 05:14:32,disk_read_per_sec,68304.0
2026-09-04 05:14:32,disk_write_per_sec,3227016.0
2026-09-04 05:14:32,net_send_per_sec,3848.0
2026-09-04 05:14:32,net_recv_per_sec,26607.0
2026-09-04 05:14:32,load1,9.93
2026-09-04 05:14:32,load5,8.95
2026-09-04 05:14:32,load15,5.86
2026-09-04 05:14:32,active_sessions,23.0
2026-09-04 05:14:32,active_requests,10.0
2026-09-04 05:14:32,long_queries,9.0
2026-09-04 05:14:32,long_transactions,9.0
2026-09-04 05:14:32,idle_sessions,21.0
2026-09-04 05:14:32,lock_waits,0.0
2026-09-04 05:14:32,total_locks,13.0
2026-09-04 05:14:32,deadlocks_per_sec,0.0
2026-09-04 05:14:32,page_life_expectancy,1420.0
2026-09-04 05:14:32,buffer_cache_hit_ratio,100.0
2026-09-04 05:14:32,transactions_per_sec,191.01
2026-09-04 05:14:32,page_reads_per_sec,0.0
2026-09-04 05:14:32,page_writes_per_sec,0.0
2026-09-04 05:14:32,rollbacks_per_sec,0.0
2026-09-04 05:14:32,batch_requests_per_sec,0.0
2026-09-04 05:14:32,sql_compilations_per_sec,0.0
2026-09-04 05:14:32,database_size_mb,0.0
2026-09-04 05:14:32,total_reads,494.0
2026-09-04 05:14:32,total_writes,1373.0
2026-09-04 05:14:32,venta_locks,0.0
2026-09-04 05:14:32,detalle_venta_locks,0.0
2026-09-04 05:14:32,inventario_locks,0.0
2026-09-04 05:14:32,kardex_locks,0.0
2026-09-04 05:14:32,caja_locks,0.0
2026-09-04 05:14:32,movimiento_caja_locks,0.0
2026-09-04 05:14:32,auditoria_locks,0.0
2026-09-04 05:14:32,api_status,0.0
2026-09-04 05:14:32,api_latency_ms,5007.0
2026-09-04 05:14:32,products_count,0.0
2026-09-04 05:14:32,sales_count,0.0
2026-09-04 05:14:48,cpu_usr,44.8
2026-09-04 05:14:48,cpu_sys,16.8
2026-09-04 05:14:48,cpu_idl,30.4
2026-09-04 05:14:48,cpu_wai,0.1
2026-09-04 05:14:48,cpu_stl,0.0
2026-09-04 05:14:48,memory_percent,56.0
2026-09-04 05:14:48,memory_used_mb,2193.0
2026-09-04 05:14:48,memory_available_mb,1723.0
2026-09-04 05:14:48,disk_read_per_sec,93364.0
2026-09-04 05:14:48,disk_write_per_sec,6183904.0
2026-09-04 05:14:48,net_send_per_sec,3680.0
2026-09-04 05:14:48,net_recv_per_sec,24941.0
2026-09-04 05:14:48,load1,9.89
2026-09-04 05:14:48,load5,8.99
2026-09-04 05:14:48,load15,5.92
2026-09-04 05:14:48,active_sessions,23.0
2026-09-04 05:14:48,active_requests,11.0
2026-09-04 05:14:48,long_queries,9.0
2026-09-04 05:14:48,long_transactions,9.0
2026-09-04 05:14:48,idle_sessions,22.0
2026-09-04 05:14:48,lock_waits,0.0
2026-09-04 05:14:48,total_locks,13.0
2026-09-04 05:14:48,deadlocks_per_sec,0.0
2026-09-04 05:14:48,page_life_expectancy,1435.0
2026-09-04 05:14:48,buffer_cache_hit_ratio,100.0
2026-09-04 05:14:48,transactions_per_sec,142.3
2026-09-04 05:14:48,page_reads_per_sec,0.0
2026-09-04 05:14:48,page_writes_per_sec,0.0
2026-09-04 05:14:48,rollbacks_per_sec,0.0
2026-09-04 05:14:48,batch_requests_per_sec,0.0
2026-09-04 05:14:48,sql_compilations_per_sec,0.0
2026-09-04 05:14:48,database_size_mb,0.0
2026-09-04 05:14:48,total_reads,494.0
2026-09-04 05:14:48,total_writes,1388.0
2026-09-04 05:14:48,venta_locks,0.0
2026-09-04 05:14:48,detalle_venta_locks,0.0
2026-09-04 05:14:48,inventario_locks,0.0
2026-09-04 05:14:48,kardex_locks,0.0
2026-09-04 05:14:48,caja_locks,0.0
2026-09-04 05:14:48,movimiento_caja_locks,0.0
2026-09-04 05:14:48,auditoria_locks,0.0
2026-09-04 05:14:48,api_status,0.0
2026-09-04 05:14:48,api_latency_ms,5007.0
2026-09-04 05:14:48,products_count,0.0
2026-09-04 05:14:48,sales_count,0.0
2026-09-04 05:15:03,cpu_usr,44.5
2026-09-04 05:15:03,cpu_sys,16.7
2026-09-04 05:15:03,cpu_idl,31.0
2026-09-04 05:15:03,cpu_wai,0.0
2026-09-04 05:15:03,cpu_stl,0.0
2026-09-04 05:15:03,memory_percent,56.1
2026-09-04 05:15:03,memory_used_mb,2199.0
2026-09-04 05:15:03,memory_available_mb,1717.0
2026-09-04 05:15:03,disk_read_per_sec,0.0
2026-09-04 05:15:03,disk_write_per_sec,3124372.0
2026-09-04 05:15:03,net_send_per_sec,3737.0
2026-09-04 05:15:03,net_recv_per_sec,18698.0
2026-09-04 05:15:03,load1,9.68
2026-09-04 05:15:03,load5,8.99
2026-09-04 05:15:03,load15,5.97
2026-09-04 05:15:03,active_sessions,23.0
2026-09-04 05:15:03,active_requests,10.0
2026-09-04 05:15:03,long_queries,9.0
2026-09-04 05:15:03,long_transactions,9.0
2026-09-04 05:15:03,idle_sessions,22.0
2026-09-04 05:15:03,lock_waits,0.0
2026-09-04 05:15:03,total_locks,13.0
2026-09-04 05:15:03,deadlocks_per_sec,0.0
2026-09-04 05:15:03,page_life_expectancy,1450.0
2026-09-04 05:15:03,buffer_cache_hit_ratio,100.0
2026-09-04 05:15:03,transactions_per_sec,84.95
2026-09-04 05:15:03,page_reads_per_sec,0.0
2026-09-04 05:15:03,page_writes_per_sec,0.0
2026-09-04 05:15:03,rollbacks_per_sec,0.0
2026-09-04 05:15:03,batch_requests_per_sec,0.0
2026-09-04 05:15:03,sql_compilations_per_sec,0.0
2026-09-04 05:15:03,database_size_mb,0.0
2026-09-04 05:15:03,total_reads,494.0
2026-09-04 05:15:03,total_writes,1392.0
2026-09-04 05:15:03,venta_locks,0.0
2026-09-04 05:15:03,detalle_venta_locks,0.0
2026-09-04 05:15:03,inventario_locks,0.0
2026-09-04 05:15:03,kardex_locks,0.0
2026-09-04 05:15:03,caja_locks,0.0
2026-09-04 05:15:03,movimiento_caja_locks,0.0
2026-09-04 05:15:03,auditoria_locks,0.0
2026-09-04 05:15:03,api_status,0.0
2026-09-04 05:15:03,api_latency_ms,5007.0
2026-09-04 05:15:03,products_count,0.0
2026-09-04 05:15:03,sales_count,0.0
2026-09-04 05:15:18,cpu_usr,45.7
2026-09-04 05:15:18,cpu_sys,16.4
2026-09-04 05:15:18,cpu_idl,30.3
2026-09-04 05:15:18,cpu_wai,0.1
2026-09-04 05:15:18,cpu_stl,0.0
2026-09-04 05:15:18,memory_percent,55.9
2026-09-04 05:15:18,memory_used_mb,2189.0
2026-09-04 05:15:18,memory_available_mb,1727.0
2026-09-04 05:15:18,disk_read_per_sec,7570.0
2026-09-04 05:15:18,disk_write_per_sec,7648153.0
2026-09-04 05:15:18,net_send_per_sec,3759.0
2026-09-04 05:15:18,net_recv_per_sec,22042.0
2026-09-04 05:15:18,load1,9.66
2026-09-04 05:15:18,load5,9.02
2026-09-04 05:15:18,load15,6.03
2026-09-04 05:15:18,active_sessions,23.0
2026-09-04 05:15:18,active_requests,10.0
2026-09-04 05:15:18,long_queries,9.0
2026-09-04 05:15:18,long_transactions,9.0
2026-09-04 05:15:18,idle_sessions,22.0
2026-09-04 05:15:18,lock_waits,0.0
2026-09-04 05:15:18,total_locks,13.0
2026-09-04 05:15:18,deadlocks_per_sec,0.0
2026-09-04 05:15:18,page_life_expectancy,1465.0
2026-09-04 05:15:18,buffer_cache_hit_ratio,100.0
2026-09-04 05:15:18,transactions_per_sec,90.49
2026-09-04 05:15:18,page_reads_per_sec,0.0
2026-09-04 05:15:18,page_writes_per_sec,0.0
2026-09-04 05:15:18,rollbacks_per_sec,0.0
2026-09-04 05:15:18,batch_requests_per_sec,0.0
2026-09-04 05:15:18,sql_compilations_per_sec,0.0
2026-09-04 05:15:18,database_size_mb,0.0
2026-09-04 05:15:18,total_reads,494.0
2026-09-04 05:15:18,total_writes,1397.0
2026-09-04 05:15:18,venta_locks,0.0
2026-09-04 05:15:18,detalle_venta_locks,0.0
2026-09-04 05:15:18,inventario_locks,0.0
2026-09-04 05:15:18,kardex_locks,0.0
2026-09-04 05:15:18,caja_locks,0.0
2026-09-04 05:15:18,movimiento_caja_locks,0.0
2026-09-04 05:15:18,auditoria_locks,0.0
2026-09-04 05:15:18,api_status,0.0
2026-09-04 05:15:18,api_latency_ms,5008.0
2026-09-04 05:15:18,products_count,0.0
2026-09-04 05:15:18,sales_count,0.0
2026-09-04 05:15:33,cpu_usr,46.0
2026-09-04 05:15:33,cpu_sys,16.2
2026-09-04 05:15:33,cpu_idl,30.2
2026-09-04 05:15:33,cpu_wai,0.1
2026-09-04 05:15:33,cpu_stl,0.0
2026-09-04 05:15:33,memory_percent,56.3
2026-09-04 05:15:33,memory_used_mb,2203.0
2026-09-04 05:15:33,memory_available_mb,1713.0
2026-09-04 05:15:33,disk_read_per_sec,109627.0
2026-09-04 05:15:33,disk_write_per_sec,5835627.0
2026-09-04 05:15:33,net_send_per_sec,3783.0
2026-09-04 05:15:33,net_recv_per_sec,20627.0
2026-09-04 05:15:33,load1,9.18
2026-09-04 05:15:33,load5,8.95
2026-09-04 05:15:33,load15,6.05
2026-09-04 05:15:33,active_sessions,23.0
2026-09-04 05:15:33,active_requests,10.0
2026-09-04 05:15:33,long_queries,9.0
2026-09-04 05:15:33,long_transactions,9.0
2026-09-04 05:15:33,idle_sessions,22.0
2026-09-04 05:15:33,lock_waits,0.0
2026-09-04 05:15:33,total_locks,13.0
2026-09-04 05:15:33,deadlocks_per_sec,0.0
2026-09-04 05:15:33,page_life_expectancy,1480.0
2026-09-04 05:15:33,buffer_cache_hit_ratio,100.0
2026-09-04 05:15:33,transactions_per_sec,82.67
2026-09-04 05:15:33,page_reads_per_sec,0.0
2026-09-04 05:15:33,page_writes_per_sec,0.0
2026-09-04 05:15:33,rollbacks_per_sec,0.0
2026-09-04 05:15:33,batch_requests_per_sec,0.0
2026-09-04 05:15:33,sql_compilations_per_sec,0.0
2026-09-04 05:15:33,database_size_mb,0.0
2026-09-04 05:15:33,total_reads,494.0
2026-09-04 05:15:33,total_writes,1403.0
2026-09-04 05:15:33,venta_locks,0.0
2026-09-04 05:15:33,detalle_venta_locks,0.0
2026-09-04 05:15:33,inventario_locks,0.0
2026-09-04 05:15:33,kardex_locks,0.0
2026-09-04 05:15:33,caja_locks,0.0
2026-09-04 05:15:33,movimiento_caja_locks,0.0
2026-09-04 05:15:33,auditoria_locks,0.0
2026-09-04 05:15:33,api_status,0.0
2026-09-04 05:15:33,api_latency_ms,5006.0
2026-09-04 05:15:33,products_count,0.0
2026-09-04 05:15:33,sales_count,0.0
2026-09-04 05:15:48,cpu_usr,45.3
2026-09-04 05:15:48,cpu_sys,16.6
2026-09-04 05:15:48,cpu_idl,30.5
2026-09-04 05:15:48,cpu_wai,0.1
2026-09-04 05:15:48,cpu_stl,0.0
2026-09-04 05:15:48,memory_percent,56.2
2026-09-04 05:15:48,memory_used_mb,2200.0
2026-09-04 05:15:48,memory_available_mb,1716.0
2026-09-04 05:15:48,disk_read_per_sec,86284.0
2026-09-04 05:15:48,disk_write_per_sec,3276920.0
2026-09-04 05:15:48,net_send_per_sec,3851.0
2026-09-04 05:15:48,net_recv_per_sec,23592.0
2026-09-04 05:15:48,load1,9.66
2026-09-04 05:15:48,load5,9.07
2026-09-04 05:15:48,load15,6.14
2026-09-04 05:15:48,active_sessions,23.0
2026-09-04 05:15:48,active_requests,10.0
2026-09-04 05:15:48,long_queries,9.0
2026-09-04 05:15:48,long_transactions,9.0
2026-09-04 05:15:48,idle_sessions,22.0
2026-09-04 05:15:48,lock_waits,0.0
2026-09-04 05:15:48,total_locks,13.0
2026-09-04 05:15:48,deadlocks_per_sec,0.0
2026-09-04 05:15:48,page_life_expectancy,1497.0
2026-09-04 05:15:48,buffer_cache_hit_ratio,100.0
2026-09-04 05:15:48,transactions_per_sec,129.29
2026-09-04 05:15:48,page_reads_per_sec,0.0
2026-09-04 05:15:48,page_writes_per_sec,0.0
2026-09-04 05:15:48,rollbacks_per_sec,0.0
2026-09-04 05:15:48,batch_requests_per_sec,0.0
2026-09-04 05:15:48,sql_compilations_per_sec,0.0
2026-09-04 05:15:48,database_size_mb,0.0
2026-09-04 05:15:48,total_reads,494.0
2026-09-04 05:15:48,total_writes,1418.0
2026-09-04 05:15:48,venta_locks,0.0
2026-09-04 05:15:48,detalle_venta_locks,0.0
2026-09-04 05:15:48,inventario_locks,0.0
2026-09-04 05:15:48,kardex_locks,0.0
2026-09-04 05:15:48,caja_locks,0.0
2026-09-04 05:15:48,movimiento_caja_locks,0.0
2026-09-04 05:15:48,auditoria_locks,0.0
2026-09-04 05:15:48,api_status,0.0
2026-09-04 05:15:48,api_latency_ms,5006.0
2026-09-04 05:15:48,products_count,0.0
2026-09-04 05:15:48,sales_count,0.0
2026-09-04 05:16:03,cpu_usr,45.2
2026-09-04 05:16:03,cpu_sys,16.9
2026-09-04 05:16:03,cpu_idl,30.0
2026-09-04 05:16:03,cpu_wai,0.1
2026-09-04 05:16:03,cpu_stl,0.0
2026-09-04 05:16:03,memory_percent,56.2
2026-09-04 05:16:03,memory_used_mb,2199.0
2026-09-04 05:16:03,memory_available_mb,1717.0
2026-09-04 05:16:03,disk_read_per_sec,203230.0
2026-09-04 05:16:03,disk_write_per_sec,5460503.0
2026-09-04 05:16:03,net_send_per_sec,3859.0
2026-09-04 05:16:03,net_recv_per_sec,22284.0
2026-09-04 05:16:03,load1,9.77
2026-09-04 05:16:03,load5,9.12
2026-09-04 05:16:03,load15,6.2
2026-09-04 05:16:03,active_sessions,25.0
2026-09-04 05:16:03,active_requests,12.0
2026-09-04 05:16:03,long_queries,9.0
2026-09-04 05:16:03,long_transactions,9.0
2026-09-04 05:16:03,idle_sessions,24.0
2026-09-04 05:16:03,lock_waits,0.0
2026-09-04 05:16:03,total_locks,13.0
2026-09-04 05:16:03,deadlocks_per_sec,0.0
2026-09-04 05:16:03,page_life_expectancy,1512.0
2026-09-04 05:16:03,buffer_cache_hit_ratio,100.0
2026-09-04 05:16:03,transactions_per_sec,170.59
2026-09-04 05:16:03,page_reads_per_sec,0.0
2026-09-04 05:16:03,page_writes_per_sec,0.0
2026-09-04 05:16:03,rollbacks_per_sec,0.0
2026-09-04 05:16:03,batch_requests_per_sec,0.0
2026-09-04 05:16:03,sql_compilations_per_sec,0.0
2026-09-04 05:16:03,database_size_mb,0.0
2026-09-04 05:16:03,total_reads,494.0
2026-09-04 05:16:03,total_writes,1430.0
2026-09-04 05:16:03,venta_locks,0.0
2026-09-04 05:16:03,detalle_venta_locks,0.0
2026-09-04 05:16:03,inventario_locks,0.0
2026-09-04 05:16:03,kardex_locks,0.0
2026-09-04 05:16:03,caja_locks,0.0
2026-09-04 05:16:03,movimiento_caja_locks,0.0
2026-09-04 05:16:03,auditoria_locks,0.0
2026-09-04 05:16:03,api_status,0.0
2026-09-04 05:16:03,api_latency_ms,5007.0
2026-09-04 05:16:03,products_count,0.0
2026-09-04 05:16:03,sales_count,0.0
2026-09-04 05:16:19,cpu_usr,44.5
2026-09-04 05:16:19,cpu_sys,17.3
2026-09-04 05:16:19,cpu_idl,30.1
2026-09-04 05:16:19,cpu_wai,0.1
2026-09-04 05:16:19,cpu_stl,0.0
2026-09-04 05:16:19,memory_percent,56.3
2026-09-04 05:16:19,memory_used_mb,2203.0
2026-09-04 05:16:19,memory_available_mb,1713.0
2026-09-04 05:16:19,disk_read_per_sec,24851.0
2026-09-04 05:16:19,disk_write_per_sec,3364676.0
2026-09-04 05:16:19,net_send_per_sec,3590.0
2026-09-04 05:16:19,net_recv_per_sec,23308.0
2026-09-04 05:16:19,load1,9.31
2026-09-04 05:16:19,load5,9.05
2026-09-04 05:16:19,load15,6.23
2026-09-04 05:16:19,active_sessions,25.0
2026-09-04 05:16:19,active_requests,12.0
2026-09-04 05:16:19,long_queries,11.0
2026-09-04 05:16:19,long_transactions,9.0
2026-09-04 05:16:19,idle_sessions,24.0
2026-09-04 05:16:19,lock_waits,0.0
2026-09-04 05:16:19,total_locks,13.0
2026-09-04 05:16:19,deadlocks_per_sec,0.0
2026-09-04 05:16:19,page_life_expectancy,1527.0
2026-09-04 05:16:19,buffer_cache_hit_ratio,100.0
2026-09-04 05:16:19,transactions_per_sec,159.33
2026-09-04 05:16:19,page_reads_per_sec,0.0
2026-09-04 05:16:19,page_writes_per_sec,0.0
2026-09-04 05:16:19,rollbacks_per_sec,0.0
2026-09-04 05:16:19,batch_requests_per_sec,0.0
2026-09-04 05:16:19,sql_compilations_per_sec,0.0
2026-09-04 05:16:19,database_size_mb,0.0
2026-09-04 05:16:19,total_reads,494.0
2026-09-04 05:16:19,total_writes,1437.0
2026-09-04 05:16:19,venta_locks,0.0
2026-09-04 05:16:19,detalle_venta_locks,0.0
2026-09-04 05:16:19,inventario_locks,0.0
2026-09-04 05:16:19,kardex_locks,0.0
2026-09-04 05:16:19,caja_locks,0.0
2026-09-04 05:16:19,movimiento_caja_locks,0.0
2026-09-04 05:16:19,auditoria_locks,0.0
2026-09-04 05:16:19,api_status,0.0
2026-09-04 05:16:19,api_latency_ms,5004.0
2026-09-04 05:16:19,products_count,0.0
2026-09-04 05:16:19,sales_count,0.0
2026-09-04 05:16:34,cpu_usr,46.0
2026-09-04 05:16:34,cpu_sys,17.1
2026-09-04 05:16:34,cpu_idl,28.9
2026-09-04 05:16:34,cpu_wai,0.2
2026-09-04 05:16:34,cpu_stl,0.0
2026-09-04 05:16:34,memory_percent,56.2
2026-09-04 05:16:34,memory_used_mb,2200.0
2026-09-04 05:16:34,memory_available_mb,1716.0
2026-09-04 05:16:34,disk_read_per_sec,76768.0
2026-09-04 05:16:34,disk_write_per_sec,4649321.0
2026-09-04 05:16:34,net_send_per_sec,3535.0
2026-09-04 05:16:34,net_recv_per_sec,20066.0
2026-09-04 05:16:34,load1,9.63
2026-09-04 05:16:34,load5,9.14
2026-09-04 05:16:34,load15,6.3
2026-09-04 05:16:34,active_sessions,25.0
2026-09-04 05:16:34,active_requests,12.0
2026-09-04 05:16:34,long_queries,11.0
2026-09-04 05:16:34,long_transactions,11.0
2026-09-04 05:16:34,idle_sessions,24.0
2026-09-04 05:16:34,lock_waits,0.0
2026-09-04 05:16:34,total_locks,13.0
2026-09-04 05:16:34,deadlocks_per_sec,0.0
2026-09-04 05:16:34,page_life_expectancy,1542.0
2026-09-04 05:16:34,buffer_cache_hit_ratio,100.0
2026-09-04 05:16:34,transactions_per_sec,78.8
2026-09-04 05:16:34,page_reads_per_sec,0.0
2026-09-04 05:16:34,page_writes_per_sec,0.0
2026-09-04 05:16:34,rollbacks_per_sec,0.0
2026-09-04 05:16:34,batch_requests_per_sec,0.0
2026-09-04 05:16:34,sql_compilations_per_sec,0.0
2026-09-04 05:16:34,database_size_mb,0.0
2026-09-04 05:16:34,total_reads,494.0
2026-09-04 05:16:34,total_writes,1442.0
2026-09-04 05:16:34,venta_locks,0.0
2026-09-04 05:16:34,detalle_venta_locks,0.0
2026-09-04 05:16:34,inventario_locks,0.0
2026-09-04 05:16:34,kardex_locks,0.0
2026-09-04 05:16:34,caja_locks,0.0
2026-09-04 05:16:34,movimiento_caja_locks,0.0
2026-09-04 05:16:34,auditoria_locks,0.0
2026-09-04 05:16:34,api_status,0.0
2026-09-04 05:16:34,api_latency_ms,5009.0
2026-09-04 05:16:34,products_count,0.0
2026-09-04 05:16:34,sales_count,0.0
2026-09-04 05:16:49,cpu_usr,45.6
2026-09-04 05:16:49,cpu_sys,16.8
2026-09-04 05:16:49,cpu_idl,29.5
2026-09-04 05:16:49,cpu_wai,0.0
2026-09-04 05:16:49,cpu_stl,0.0
2026-09-04 05:16:49,memory_percent,56.2
2026-09-04 05:16:49,memory_used_mb,2201.0
2026-09-04 05:16:49,memory_available_mb,1715.0
2026-09-04 05:16:49,disk_read_per_sec,540.0
2026-09-04 05:16:49,disk_write_per_sec,3268628.0
2026-09-04 05:16:49,net_send_per_sec,3764.0
2026-09-04 05:16:49,net_recv_per_sec,19113.0
2026-09-04 05:16:49,load1,8.95
2026-09-04 05:16:49,load5,9.02
2026-09-04 05:16:49,load15,6.31
2026-09-04 05:16:49,active_sessions,25.0
2026-09-04 05:16:49,active_requests,12.0
2026-09-04 05:16:49,long_queries,11.0
2026-09-04 05:16:49,long_transactions,11.0
2026-09-04 05:16:49,idle_sessions,23.0
2026-09-04 05:16:49,lock_waits,0.0
2026-09-04 05:16:49,total_locks,13.0
2026-09-04 05:16:49,deadlocks_per_sec,0.0
2026-09-04 05:16:49,page_life_expectancy,1557.0
2026-09-04 05:16:49,buffer_cache_hit_ratio,100.0
2026-09-04 05:16:49,transactions_per_sec,126.67
2026-09-04 05:16:49,page_reads_per_sec,0.0
2026-09-04 05:16:49,page_writes_per_sec,0.0
2026-09-04 05:16:49,rollbacks_per_sec,0.0
2026-09-04 05:16:49,batch_requests_per_sec,0.0
2026-09-04 05:16:49,sql_compilations_per_sec,0.0
2026-09-04 05:16:49,database_size_mb,0.0
2026-09-04 05:16:49,total_reads,494.0
2026-09-04 05:16:49,total_writes,1445.0
2026-09-04 05:16:49,venta_locks,0.0
2026-09-04 05:16:49,detalle_venta_locks,0.0
2026-09-04 05:16:49,inventario_locks,0.0
2026-09-04 05:16:49,kardex_locks,0.0
2026-09-04 05:16:49,caja_locks,0.0
2026-09-04 05:16:49,movimiento_caja_locks,0.0
2026-09-04 05:16:49,auditoria_locks,0.0
2026-09-04 05:16:49,api_status,0.0
2026-09-04 05:16:49,api_latency_ms,5006.0
2026-09-04 05:16:49,products_count,0.0
2026-09-04 05:16:49,sales_count,0.0
2026-09-04 05:17:04,cpu_usr,46.7
2026-09-04 05:17:04,cpu_sys,16.4
2026-09-04 05:17:04,cpu_idl,29.2
2026-09-04 05:17:04,cpu_wai,0.1
2026-09-04 05:17:04,cpu_stl,0.0
2026-09-04 05:17:04,memory_percent,55.7
2026-09-04 05:17:04,memory_used_mb,2181.0
2026-09-04 05:17:04,memory_available_mb,1735.0
2026-09-04 05:17:04,disk_read_per_sec,213453.0
2026-09-04 05:17:04,disk_write_per_sec,5936754.0
2026-09-04 05:17:04,net_send_per_sec,2628.0
2026-09-04 05:17:04,net_recv_per_sec,20564.0
2026-09-04 05:17:04,load1,9.34
2026-09-04 05:17:04,load5,9.1
2026-09-04 05:17:04,load15,6.38
2026-09-04 05:17:04,active_sessions,25.0
2026-09-04 05:17:04,active_requests,12.0
2026-09-04 05:17:04,long_queries,11.0
2026-09-04 05:17:04,long_transactions,11.0
2026-09-04 05:17:04,idle_sessions,23.0
2026-09-04 05:17:04,lock_waits,0.0
2026-09-04 05:17:04,total_locks,13.0
2026-09-04 05:17:04,deadlocks_per_sec,0.0
2026-09-04 05:17:04,page_life_expectancy,1572.0
2026-09-04 05:17:04,buffer_cache_hit_ratio,100.0
2026-09-04 05:17:04,transactions_per_sec,114.11
2026-09-04 05:17:04,page_reads_per_sec,0.0
2026-09-04 05:17:04,page_writes_per_sec,0.0
2026-09-04 05:17:04,rollbacks_per_sec,0.0
2026-09-04 05:17:04,batch_requests_per_sec,0.0
2026-09-04 05:17:04,sql_compilations_per_sec,0.0
2026-09-04 05:17:04,database_size_mb,0.0
2026-09-04 05:17:04,total_reads,494.0
2026-09-04 05:17:04,total_writes,1450.0
2026-09-04 05:17:04,venta_locks,0.0
2026-09-04 05:17:04,detalle_venta_locks,0.0
2026-09-04 05:17:04,inventario_locks,0.0
2026-09-04 05:17:04,kardex_locks,0.0
2026-09-04 05:17:04,caja_locks,0.0
2026-09-04 05:17:04,movimiento_caja_locks,0.0
2026-09-04 05:17:04,auditoria_locks,0.0
2026-09-04 05:17:04,api_status,0.0
2026-09-04 05:17:04,api_latency_ms,5007.0
2026-09-04 05:17:04,products_count,0.0
2026-09-04 05:17:04,sales_count,0.0
