event_name,timestamp,session_id,login_name,program_name,database_name,_linea,resource_type,mode,process_type
login,2026-09-23 11:15:02.786,71,sa,Python,SteelNort,"{""event_name"": ""login"", ""timestamp"": ""2026-09-23 11:15:02.786"", ""session_id"": 71, ""login_name"": ""sa"", ""program_name"": ""Python"", ""database_name"": ""SteelNort""}",0,0,UNKNOWN
login,2026-09-23 11:15:02.786,72,sa,Python,SteelNort,"{""event_name"": ""login"", ""timestamp"": ""2026-09-23 11:15:02.786"", ""session_id"": 72, ""login_name"": ""sa"", ""program_name"": ""Python"", ""database_name"": ""SteelNort""}",0,0,UNKNOWN
login,2026-09-23 11:15:02.786,73,sa,SteelNortCargaNormal,SteelNort,"{""event_name"": ""login"", ""timestamp"": ""2026-09-23 11:15:02.786"", ""session_id"": 73, ""login_name"": ""sa"", ""program_name"": ""SteelNortCargaNormal"", ""database_name"": ""SteelNort""}",0,0,UNKNOWN
login,2026-09-23 11:15:02.786,74,sa,SteelNortCargaNormal,SteelNort,"{""event_name"": ""login"", ""timestamp"": ""2026-09-23 11:15:02.786"", ""session_id"": 74, ""login_name"": ""sa"", ""program_name"": ""SteelNortCargaNormal"", ""database_name"": ""SteelNort""}",0,0,UNKNOWN
login,2026-09-23 11:15:02.786,75,sa,SteelNortCargaNormal,SteelNort,"{""event_name"": ""login"", ""timestamp"": ""2026-09-23 11:15:02.786"", ""session_id"": 75, ""login_name"": ""sa"", ""program_name"": ""SteelNortCargaNormal"", ""database_name"": ""SteelNort""}",0,0,UNKNOWN
login,2026-09-23 11:15:02.786,77,sa,SteelNortCargaNormal,SteelNort,"{""event_name"": ""login"", ""timestamp"": ""2026-09-23 11:15:02.786"", ""session_id"": 77, ""login_name"": ""sa"", ""program_name"": ""SteelNortCargaNormal"", ""database_name"": ""SteelNort""}",0,0,UNKNOWN
login,2026-09-23 11:15:02.786,78,sa,SteelNortCargaNormal,SteelNort,"{""event_name"": ""login"", ""timestamp"": ""2026-09-23 11:15:02.786"", ""session_id"": 78, ""login_name"": ""sa"", ""program_name"": ""SteelNortCargaNormal"", ""database_name"": ""SteelNort""}",0,0,UNKNOWN
login,2026-09-23 11:15:02.786,79,sa,SteelNortCargaNormal,SteelNort,"{""event_name"": ""login"", ""timestamp"": ""2026-09-23 11:15:02.786"", ""session_id"": 79, ""login_name"": ""sa"", ""program_name"": ""SteelNortCargaNormal"", ""database_name"": ""SteelNort""}",0,0,UNKNOWN
login,2026-09-23 11:15:02.786,80,sa,SteelNortCargaNormal,SteelNort,"{""event_name"": ""login"", ""timestamp"": ""2026-09-23 11:15:02.786"", ""session_id"": 80, ""login_name"": ""sa"", ""program_name"": ""SteelNortCargaNormal"", ""database_name"": ""SteelNort""}",0,0,UNKNOWN
login,2026-09-23 11:15:02.786,81,sa,SteelNortCargaNormal,SteelNort,"{""event_name"": ""login"", ""timestamp"": ""2026-09-23 11:15:02.786"", ""session_id"": 81, ""login_name"": ""sa"", ""program_name"": ""SteelNortCargaNormal"", ""database_name"": ""SteelNort""}",0,0,UNKNOWN
lock_acquired,2026-09-23 11:15:02.786,73,0,0,0,"{""event_name"": ""lock_acquired"", ""timestamp"": ""2026-09-23 11:15:02.786"", ""session_id"": 73, ""resource_type"": ""OBJECT"", ""mode"": ""IX""}",OBJECT,IX,UNKNOWN
lock_acquired,2026-09-23 11:15:02.786,79,0,0,0,"{""event_name"": ""lock_acquired"", ""timestamp"": ""2026-09-23 11:15:02.786"", ""session_id"": 79, ""resource_type"": ""DATABASE"", ""mode"": ""S""}",DATABASE,S,UNKNOWN
lock_acquired,2026-09-23 11:15:02.786,80,0,0,0,"{""event_name"": ""lock_acquired"", ""timestamp"": ""2026-09-23 11:15:02.786"", ""session_id"": 80, ""resource_type"": ""DATABASE"", ""mode"": ""S""}",DATABASE,S,UNKNOWN
lock_acquired,2026-09-23 11:15:02.786,79,0,0,0,"{""event_name"": ""lock_acquired"", ""timestamp"": ""2026-09-23 11:15:02.786"", ""session_id"": 79, ""resource_type"": ""OBJECT"", ""mode"": ""IX""}",OBJECT,IX,UNKNOWN
lock_acquired,2026-09-23 11:15:02.786,80,0,0,0,"{""event_name"": ""lock_acquired"", ""timestamp"": ""2026-09-23 11:15:02.786"", ""session_id"": 80, ""resource_type"": ""OBJECT"", ""mode"": ""IX""}",OBJECT,IX,UNKNOWN
lock_acquired,2026-09-23 11:15:02.786,74,0,0,0,"{""event_name"": ""lock_acquired"", ""timestamp"": ""2026-09-23 11:15:02.786"", ""session_id"": 74, ""resource_type"": ""DATABASE"", ""mode"": ""S""}",DATABASE,S,UNKNOWN
lock_acquired,2026-09-23 11:15:02.786,81,0,0,0,"{""event_name"": ""lock_acquired"", ""timestamp"": ""2026-09-23 11:15:02.786"", ""session_id"": 81, ""resource_type"": ""DATABASE"", ""mode"": ""S""}",DATABASE,S,UNKNOWN
lock_acquired,2026-09-23 11:15:02.786,74,0,0,0,"{""event_name"": ""lock_acquired"", ""timestamp"": ""2026-09-23 11:15:02.786"", ""session_id"": 74, ""resource_type"": ""OBJECT"", ""mode"": ""IX""}",OBJECT,IX,UNKNOWN
lock_acquired,2026-09-23 11:15:02.786,78,0,0,0,"{""event_name"": ""lock_acquired"", ""timestamp"": ""2026-09-23 11:15:02.786"", ""session_id"": 78, ""resource_type"": ""OBJECT"", ""mode"": ""IS""}",OBJECT,IS,UNKNOWN
lock_acquired,2026-09-23 11:15:02.786,75,0,0,0,"{""event_name"": ""lock_acquired"", ""timestamp"": ""2026-09-23 11:15:02.786"", ""session_id"": 75, ""resource_type"": ""DATABASE"", ""mode"": ""S""}",DATABASE,S,UNKNOWN
lock_acquired,2026-09-23 11:15:02.786,81,0,0,0,"{""event_name"": ""lock_acquired"", ""timestamp"": ""2026-09-23 11:15:02.786"", ""session_id"": 81, ""resource_type"": ""OBJECT"", ""mode"": ""IX""}",OBJECT,IX,UNKNOWN
lock_acquired,2026-09-23 11:15:02.786,77,0,0,0,"{""event_name"": ""lock_acquired"", ""timestamp"": ""2026-09-23 11:15:02.786"", ""session_id"": 77, ""resource_type"": ""OBJECT"", ""mode"": ""Sch-S""}",OBJECT,Sch-S,UNKNOWN
lock_acquired,2026-09-23 11:15:02.786,75,0,0,0,"{""event_name"": ""lock_acquired"", ""timestamp"": ""2026-09-23 11:15:02.786"", ""session_id"": 75, ""resource_type"": ""OBJECT"", ""mode"": ""IX""}",OBJECT,IX,UNKNOWN
lock_acquired,2026-09-23 11:15:02.786,73,0,0,0,"{""event_name"": ""lock_acquired"", ""timestamp"": ""2026-09-23 11:15:02.786"", ""session_id"": 73, ""resource_type"": ""OBJECT"", ""mode"": ""IS""}",OBJECT,IS,UNKNOWN
lock_acquired,2026-09-23 11:15:02.786,78,0,0,0,"{""event_name"": ""lock_acquired"", ""timestamp"": ""2026-09-23 11:15:02.786"", ""session_id"": 78, ""resource_type"": ""PAGE"", ""mode"": ""S""}",PAGE,S,UNKNOWN
lock_acquired,2026-09-23 11:15:02.786,79,0,0,0,"{""event_name"": ""lock_acquired"", ""timestamp"": ""2026-09-23 11:15:02.786"", ""session_id"": 79, ""resource_type"": ""OBJECT"", ""mode"": ""IS""}",OBJECT,IS,UNKNOWN
lock_acquired,2026-09-23 11:15:02.786,71,0,0,0,"{""event_name"": ""lock_acquired"", ""timestamp"": ""2026-09-23 11:15:02.786"", ""session_id"": 71, ""resource_type"": ""DATABASE"", ""mode"": ""S""}",DATABASE,S,UNKNOWN
lock_acquired,2026-09-23 11:15:02.786,80,0,0,0,"{""event_name"": ""lock_acquired"", ""timestamp"": ""2026-09-23 11:15:02.786"", ""session_id"": 80, ""resource_type"": ""OBJECT"", ""mode"": ""IS""}",OBJECT,IS,UNKNOWN
lock_acquired,2026-09-23 11:15:02.786,77,0,0,0,"{""event_name"": ""lock_acquired"", ""timestamp"": ""2026-09-23 11:15:02.786"", ""session_id"": 77, ""resource_type"": ""DATABASE"", ""mode"": ""S""}",DATABASE,S,UNKNOWN
lock_acquired,2026-09-23 11:15:02.786,74,0,0,0,"{""event_name"": ""lock_acquired"", ""timestamp"": ""2026-09-23 11:15:02.786"", ""session_id"": 74, ""resource_type"": ""OBJECT"", ""mode"": ""IS""}",OBJECT,IS,UNKNOWN
lock_acquired,2026-09-23 11:15:02.786,78,0,0,0,"{""event_name"": ""lock_acquired"", ""timestamp"": ""2026-09-23 11:15:02.786"", ""session_id"": 78, ""resource_type"": ""DATABASE"", ""mode"": ""S""}",DATABASE,S,UNKNOWN
lock_acquired,2026-09-23 11:15:02.786,81,0,0,0,"{""event_name"": ""lock_acquired"", ""timestamp"": ""2026-09-23 11:15:02.786"", ""session_id"": 81, ""resource_type"": ""OBJECT"", ""mode"": ""IS""}",OBJECT,IS,UNKNOWN
lock_acquired,2026-09-23 11:15:02.786,72,0,0,0,"{""event_name"": ""lock_acquired"", ""timestamp"": ""2026-09-23 11:15:02.786"", ""session_id"": 72, ""resource_type"": ""DATABASE"", ""mode"": ""S""}",DATABASE,S,UNKNOWN
lock_acquired,2026-09-23 11:15:02.786,75,0,0,0,"{""event_name"": ""lock_acquired"", ""timestamp"": ""2026-09-23 11:15:02.786"", ""session_id"": 75, ""resource_type"": ""OBJECT"", ""mode"": ""IS""}",OBJECT,IS,UNKNOWN
lock_acquired,2026-09-23 11:15:02.786,78,0,0,0,"{""event_name"": ""lock_acquired"", ""timestamp"": ""2026-09-23 11:15:02.786"", ""session_id"": 78, ""resource_type"": ""OBJECT"", ""mode"": ""IX""}",OBJECT,IX,UNKNOWN
lock_acquired,2026-09-23 11:15:02.786,73,0,0,0,"{""event_name"": ""lock_acquired"", ""timestamp"": ""2026-09-23 11:15:02.786"", ""session_id"": 73, ""resource_type"": ""DATABASE"", ""mode"": ""S""}",DATABASE,S,UNKNOWN
logout,2026-09-23 11:15:07.836,69,0,0,0,"{""event_name"": ""logout"", ""timestamp"": ""2026-09-23 11:15:07.836"", ""session_id"": 69}",0,0,UNKNOWN
logout,2026-09-23 11:15:07.836,70,0,0,0,"{""event_name"": ""logout"", ""timestamp"": ""2026-09-23 11:15:07.836"", ""session_id"": 70}",0,0,UNKNOWN
lock_acquired,2026-09-23 11:15:07.836,77,0,0,0,"{""event_name"": ""lock_acquired"", ""timestamp"": ""2026-09-23 11:15:07.836"", ""session_id"": 77, ""resource_type"": ""KEY"", ""mode"": ""X""}",KEY,X,UNKNOWN
lock_acquired,2026-09-23 11:15:07.836,79,0,0,0,"{""event_name"": ""lock_acquired"", ""timestamp"": ""2026-09-23 11:15:07.836"", ""session_id"": 79, ""resource_type"": ""OBJECT"", ""mode"": ""Sch-S""}",OBJECT,Sch-S,UNKNOWN
lock_released,2026-09-23 11:15:07.836,79,0,0,0,"{""event_name"": ""lock_released"", ""timestamp"": ""2026-09-23 11:15:07.836"", ""session_id"": 79, ""resource_type"": ""OBJECT"", ""mode"": ""IS""}",OBJECT,IS,UNKNOWN
lock_released,2026-09-23 11:15:07.836,78,0,0,0,"{""event_name"": ""lock_released"", ""timestamp"": ""2026-09-23 11:15:07.836"", ""session_id"": 78, ""resource_type"": ""PAGE"", ""mode"": ""S""}",PAGE,S,UNKNOWN
lock_released,2026-09-23 11:15:07.836,79,0,0,0,"{""event_name"": ""lock_released"", ""timestamp"": ""2026-09-23 11:15:07.836"", ""session_id"": 79, ""resource_type"": ""OBJECT"", ""mode"": ""IX""}",OBJECT,IX,UNKNOWN
lock_released,2026-09-23 11:15:07.836,77,0,0,0,"{""event_name"": ""lock_released"", ""timestamp"": ""2026-09-23 11:15:07.836"", ""session_id"": 77, ""resource_type"": ""OBJECT"", ""mode"": ""Sch-S""}",OBJECT,Sch-S,UNKNOWN
lock_acquired,2026-09-23 11:15:12.876,77,0,0,0,"{""event_name"": ""lock_acquired"", ""timestamp"": ""2026-09-23 11:15:12.876"", ""session_id"": 77, ""resource_type"": ""OBJECT"", ""mode"": ""IS""}",OBJECT,IS,UNKNOWN
lock_acquired,2026-09-23 11:15:12.876,77,0,0,0,"{""event_name"": ""lock_acquired"", ""timestamp"": ""2026-09-23 11:15:12.876"", ""session_id"": 77, ""resource_type"": ""OBJECT"", ""mode"": ""IX""}",OBJECT,IX,UNKNOWN
lock_released,2026-09-23 11:15:12.876,77,0,0,0,"{""event_name"": ""lock_released"", ""timestamp"": ""2026-09-23 11:15:12.876"", ""session_id"": 77, ""resource_type"": ""KEY"", ""mode"": ""X""}",KEY,X,UNKNOWN
lock_released,2026-09-23 11:15:12.876,79,0,0,0,"{""event_name"": ""lock_released"", ""timestamp"": ""2026-09-23 11:15:12.876"", ""session_id"": 79, ""resource_type"": ""OBJECT"", ""mode"": ""Sch-S""}",OBJECT,Sch-S,UNKNOWN
lock_acquired,2026-09-23 11:15:17.917,75,0,0,0,"{""event_name"": ""lock_acquired"", ""timestamp"": ""2026-09-23 11:15:17.917"", ""session_id"": 75, ""resource_type"": ""PAGE"", ""mode"": ""IU""}",PAGE,IU,UNKNOWN
lock_acquired,2026-09-23 11:15:17.917,80,0,0,0,"{""event_name"": ""lock_acquired"", ""timestamp"": ""2026-09-23 11:15:17.917"", ""session_id"": 80, ""resource_type"": ""PAGE"", ""mode"": ""IX""}",PAGE,IX,UNKNOWN
lock_acquired,2026-09-23 11:15:17.917,79,0,0,0,"{""event_name"": ""lock_acquired"", ""timestamp"": ""2026-09-23 11:15:17.917"", ""session_id"": 79, ""resource_type"": ""OBJECT"", ""mode"": ""IS""}",OBJECT,IS,UNKNOWN
lock_acquired,2026-09-23 11:15:17.917,79,0,0,0,"{""event_name"": ""lock_acquired"", ""timestamp"": ""2026-09-23 11:15:17.917"", ""session_id"": 79, ""resource_type"": ""OBJECT"", ""mode"": ""IX""}",OBJECT,IX,UNKNOWN
lock_acquired,2026-09-23 11:15:17.917,80,0,0,0,"{""event_name"": ""lock_acquired"", ""timestamp"": ""2026-09-23 11:15:17.917"", ""session_id"": 80, ""resource_type"": ""KEY"", ""mode"": ""X""}",KEY,X,UNKNOWN
lock_acquired,2026-09-23 11:15:17.917,73,0,0,0,"{""event_name"": ""lock_acquired"", ""timestamp"": ""2026-09-23 11:15:17.917"", ""session_id"": 73, ""resource_type"": ""OBJECT"", ""mode"": ""Sch-S""}",OBJECT,Sch-S,UNKNOWN
lock_acquired,2026-09-23 11:15:17.917,75,0,0,0,"{""event_name"": ""lock_acquired"", ""timestamp"": ""2026-09-23 11:15:17.917"", ""session_id"": 75, ""resource_type"": ""PAGE"", ""mode"": ""IX""}",PAGE,IX,UNKNOWN
lock_released,2026-09-23 11:15:17.917,73,0,0,0,"{""event_name"": ""lock_released"", ""timestamp"": ""2026-09-23 11:15:17.917"", ""session_id"": 73, ""resource_type"": ""OBJECT"", ""mode"": ""IS""}",OBJECT,IS,UNKNOWN
lock_released,2026-09-23 11:15:17.917,73,0,0,0,"{""event_name"": ""lock_released"", ""timestamp"": ""2026-09-23 11:15:17.917"", ""session_id"": 73, ""resource_type"": ""OBJECT"", ""mode"": ""IX""}",OBJECT,IX,UNKNOWN
lock_released,2026-09-23 11:15:17.917,80,0,0,0,"{""event_name"": ""lock_released"", ""timestamp"": ""2026-09-23 11:15:17.917"", ""session_id"": 80, ""resource_type"": ""OBJECT"", ""mode"": ""IS""}",OBJECT,IS,UNKNOWN
lock_released,2026-09-23 11:15:17.917,81,0,0,0,"{""event_name"": ""lock_released"", ""timestamp"": ""2026-09-23 11:15:17.917"", ""session_id"": 81, ""resource_type"": ""OBJECT"", ""mode"": ""IS""}",OBJECT,IS,UNKNOWN
lock_released,2026-09-23 11:15:17.917,78,0,0,0,"{""event_name"": ""lock_released"", ""timestamp"": ""2026-09-23 11:15:17.917"", ""session_id"": 78, ""resource_type"": ""OBJECT"", ""mode"": ""IS""}",OBJECT,IS,UNKNOWN
lock_released,2026-09-23 11:15:17.917,81,0,0,0,"{""event_name"": ""lock_released"", ""timestamp"": ""2026-09-23 11:15:17.917"", ""session_id"": 81, ""resource_type"": ""OBJECT"", ""mode"": ""IX""}",OBJECT,IX,UNKNOWN
lock_released,2026-09-23 11:15:17.917,78,0,0,0,"{""event_name"": ""lock_released"", ""timestamp"": ""2026-09-23 11:15:17.917"", ""session_id"": 78, ""resource_type"": ""OBJECT"", ""mode"": ""IX""}",OBJECT,IX,UNKNOWN
lock_acquired,2026-09-23 11:15:22.962,81,0,0,0,"{""event_name"": ""lock_acquired"", ""timestamp"": ""2026-09-23 11:15:22.962"", ""session_id"": 81, ""resource_type"": ""OBJECT"", ""mode"": ""Sch-S""}",OBJECT,Sch-S,UNKNOWN
lock_acquired,2026-09-23 11:15:22.962,78,0,0,0,"{""event_name"": ""lock_acquired"", ""timestamp"": ""2026-09-23 11:15:22.962"", ""session_id"": 78, ""resource_type"": ""KEY"", ""mode"": ""S""}",KEY,S,UNKNOWN
lock_acquired,2026-09-23 11:15:22.962,78,0,0,0,"{""event_name"": ""lock_acquired"", ""timestamp"": ""2026-09-23 11:15:22.962"", ""session_id"": 78, ""resource_type"": ""OBJECT"", ""mode"": ""Sch-S""}",OBJECT,Sch-S,UNKNOWN
lock_acquired,2026-09-23 11:15:22.962,80,0,0,0,"{""event_name"": ""lock_acquired"", ""timestamp"": ""2026-09-23 11:15:22.962"", ""session_id"": 80, ""resource_type"": ""OBJECT"", ""mode"": ""IS""}",OBJECT,IS,UNKNOWN
lock_acquired,2026-09-23 11:15:22.962,79,0,0,0,"{""event_name"": ""lock_acquired"", ""timestamp"": ""2026-09-23 11:15:22.962"", ""session_id"": 79, ""resource_type"": ""OBJECT"", ""mode"": ""Sch-S""}",OBJECT,Sch-S,UNKNOWN
lock_acquired,2026-09-23 11:15:22.962,81,0,0,0,"{""event_name"": ""lock_acquired"", ""timestamp"": ""2026-09-23 11:15:22.962"", ""session_id"": 81, ""resource_type"": ""METADATA"", ""mode"": ""Sch-S""}",METADATA,Sch-S,UNKNOWN
lock_acquired,2026-09-23 11:15:22.962,78,0,0,0,"{""event_name"": ""lock_acquired"", ""timestamp"": ""2026-09-23 11:15:22.962"", ""session_id"": 78, ""resource_type"": ""METADATA"", ""mode"": ""Sch-S""}",METADATA,Sch-S,UNKNOWN
lock_released,2026-09-23 11:15:22.962,75,0,0,0,"{""event_name"": ""lock_released"", ""timestamp"": ""2026-09-23 11:15:22.962"", ""session_id"": 75, ""resource_type"": ""PAGE"", ""mode"": ""IU""}",PAGE,IU,UNKNOWN
lock_released,2026-09-23 11:15:22.962,80,0,0,0,"{""event_name"": ""lock_released"", ""timestamp"": ""2026-09-23 11:15:22.962"", ""session_id"": 80, ""resource_type"": ""PAGE"", ""mode"": ""IX""}",PAGE,IX,UNKNOWN
lock_released,2026-09-23 11:15:22.962,79,0,0,0,"{""event_name"": ""lock_released"", ""timestamp"": ""2026-09-23 11:15:22.962"", ""session_id"": 79, ""resource_type"": ""OBJECT"", ""mode"": ""IS""}",OBJECT,IS,UNKNOWN
lock_released,2026-09-23 11:15:22.962,79,0,0,0,"{""event_name"": ""lock_released"", ""timestamp"": ""2026-09-23 11:15:22.962"", ""session_id"": 79, ""resource_type"": ""OBJECT"", ""mode"": ""IX""}",OBJECT,IX,UNKNOWN
lock_released,2026-09-23 11:15:22.962,80,0,0,0,"{""event_name"": ""lock_released"", ""timestamp"": ""2026-09-23 11:15:22.962"", ""session_id"": 80, ""resource_type"": ""KEY"", ""mode"": ""X""}",KEY,X,UNKNOWN
lock_released,2026-09-23 11:15:22.962,75,0,0,0,"{""event_name"": ""lock_released"", ""timestamp"": ""2026-09-23 11:15:22.962"", ""session_id"": 75, ""resource_type"": ""PAGE"", ""mode"": ""IX""}",PAGE,IX,UNKNOWN
lock_released,2026-09-23 11:15:22.962,74,0,0,0,"{""event_name"": ""lock_released"", ""timestamp"": ""2026-09-23 11:15:22.962"", ""session_id"": 74, ""resource_type"": ""OBJECT"", ""mode"": ""IS""}",OBJECT,IS,UNKNOWN
lock_released,2026-09-23 11:15:22.962,74,0,0,0,"{""event_name"": ""lock_released"", ""timestamp"": ""2026-09-23 11:15:22.962"", ""session_id"": 74, ""resource_type"": ""OBJECT"", ""mode"": ""IX""}",OBJECT,IX,UNKNOWN
lock_acquired,2026-09-23 11:15:27.994,73,0,0,0,"{""event_name"": ""lock_acquired"", ""timestamp"": ""2026-09-23 11:15:27.994"", ""session_id"": 73, ""resource_type"": ""OBJECT"", ""mode"": ""IS""}",OBJECT,IS,UNKNOWN
lock_acquired,2026-09-23 11:15:27.994,73,0,0,0,"{""event_name"": ""lock_acquired"", ""timestamp"": ""2026-09-23 11:15:27.994"", ""session_id"": 73, ""resource_type"": ""OBJECT"", ""mode"": ""IX""}",OBJECT,IX,UNKNOWN
lock_acquired,2026-09-23 11:15:27.994,79,0,0,0,"{""event_name"": ""lock_acquired"", ""timestamp"": ""2026-09-23 11:15:27.994"", ""session_id"": 79, ""resource_type"": ""OBJECT"", ""mode"": ""IS""}",OBJECT,IS,UNKNOWN
lock_acquired,2026-09-23 11:15:27.994,79,0,0,0,"{""event_name"": ""lock_acquired"", ""timestamp"": ""2026-09-23 11:15:27.994"", ""session_id"": 79, ""resource_type"": ""OBJECT"", ""mode"": ""IX""}",OBJECT,IX,UNKNOWN
lock_acquired,2026-09-23 11:15:27.994,74,0,0,0,"{""event_name"": ""lock_acquired"", ""timestamp"": ""2026-09-23 11:15:27.994"", ""session_id"": 74, ""resource_type"": ""OBJECT"", ""mode"": ""IS""}",OBJECT,IS,UNKNOWN
lock_acquired,2026-09-23 11:15:27.994,81,0,0,0,"{""event_name"": ""lock_acquired"", ""timestamp"": ""2026-09-23 11:15:27.994"", ""session_id"": 81, ""resource_type"": ""OBJECT"", ""mode"": ""IS""}",OBJECT,IS,UNKNOWN
lock_acquired,2026-09-23 11:15:27.994,74,0,0,0,"{""event_name"": ""lock_acquired"", ""timestamp"": ""2026-09-23 11:15:27.994"", ""session_id"": 74, ""resource_type"": ""OBJECT"", ""mode"": ""IX""}",OBJECT,IX,UNKNOWN
lock_acquired,2026-09-23 11:15:27.994,78,0,0,0,"{""event_name"": ""lock_acquired"", ""timestamp"": ""2026-09-23 11:15:27.994"", ""session_id"": 78, ""resource_type"": ""OBJECT"", ""mode"": ""IS""}",OBJECT,IS,UNKNOWN
lock_acquired,2026-09-23 11:15:27.994,81,0,0,0,"{""event_name"": ""lock_acquired"", ""timestamp"": ""2026-09-23 11:15:27.994"", ""session_id"": 81, ""resource_type"": ""OBJECT"", ""mode"": ""IX""}",OBJECT,IX,UNKNOWN
lock_acquired,2026-09-23 11:15:27.994,78,0,0,0,"{""event_name"": ""lock_acquired"", ""timestamp"": ""2026-09-23 11:15:27.994"", ""session_id"": 78, ""resource_type"": ""OBJECT"", ""mode"": ""IX""}",OBJECT,IX,UNKNOWN
lock_released,2026-09-23 11:15:27.994,81,0,0,0,"{""event_name"": ""lock_released"", ""timestamp"": ""2026-09-23 11:15:27.994"", ""session_id"": 81, ""resource_type"": ""OBJECT"", ""mode"": ""Sch-S""}",OBJECT,Sch-S,UNKNOWN
lock_released,2026-09-23 11:15:27.994,78,0,0,0,"{""event_name"": ""lock_released"", ""timestamp"": ""2026-09-23 11:15:27.994"", ""session_id"": 78, ""resource_type"": ""KEY"", ""mode"": ""S""}",KEY,S,UNKNOWN
lock_released,2026-09-23 11:15:27.994,78,0,0,0,"{""event_name"": ""lock_released"", ""timestamp"": ""2026-09-23 11:15:27.994"", ""session_id"": 78, ""resource_type"": ""OBJECT"", ""mode"": ""Sch-S""}",OBJECT,Sch-S,UNKNOWN
lock_released,2026-09-23 11:15:27.994,73,0,0,0,"{""event_name"": ""lock_released"", ""timestamp"": ""2026-09-23 11:15:27.994"", ""session_id"": 73, ""resource_type"": ""OBJECT"", ""mode"": ""Sch-S""}",OBJECT,Sch-S,UNKNOWN
lock_released,2026-09-23 11:15:27.994,79,0,0,0,"{""event_name"": ""lock_released"", ""timestamp"": ""2026-09-23 11:15:27.994"", ""session_id"": 79, ""resource_type"": ""OBJECT"", ""mode"": ""Sch-S""}",OBJECT,Sch-S,UNKNOWN
lock_released,2026-09-23 11:15:27.994,81,0,0,0,"{""event_name"": ""lock_released"", ""timestamp"": ""2026-09-23 11:15:27.994"", ""session_id"": 81, ""resource_type"": ""METADATA"", ""mode"": ""Sch-S""}",METADATA,Sch-S,UNKNOWN
lock_released,2026-09-23 11:15:27.994,78,0,0,0,"{""event_name"": ""lock_released"", ""timestamp"": ""2026-09-23 11:15:27.994"", ""session_id"": 78, ""resource_type"": ""METADATA"", ""mode"": ""Sch-S""}",METADATA,Sch-S,UNKNOWN
login,2026-09-23 11:15:33.037,69,sa,unknown,SteelNort,"{""event_name"": ""login"", ""timestamp"": ""2026-09-23 11:15:33.037"", ""session_id"": 69, ""login_name"": ""sa"", ""program_name"": ""unknown"", ""database_name"": ""SteelNort""}",0,0,UNKNOWN
lock_acquired,2026-09-23 11:15:33.037,81,0,0,0,"{""event_name"": ""lock_acquired"", ""timestamp"": ""2026-09-23 11:15:33.037"", ""session_id"": 81, ""resource_type"": ""PAGE"", ""mode"": ""IX""}",PAGE,IX,UNKNOWN
lock_acquired,2026-09-23 11:15:33.037,81,0,0,0,"{""event_name"": ""lock_acquired"", ""timestamp"": ""2026-09-23 11:15:33.037"", ""session_id"": 81, ""resource_type"": ""KEY"", ""mode"": ""X""}",KEY,X,UNKNOWN
lock_released,2026-09-23 11:15:33.037,80,0,0,0,"{""event_name"": ""lock_released"", ""timestamp"": ""2026-09-23 11:15:33.037"", ""session_id"": 80, ""resource_type"": ""OBJECT"", ""mode"": ""IS""}",OBJECT,IS,UNKNOWN
lock_released,2026-09-23 11:15:33.037,81,0,0,0,"{""event_name"": ""lock_released"", ""timestamp"": ""2026-09-23 11:15:33.037"", ""session_id"": 81, ""resource_type"": ""OBJECT"", ""mode"": ""IS""}",OBJECT,IS,UNKNOWN
lock_released,2026-09-23 11:15:33.037,80,0,0,0,"{""event_name"": ""lock_released"", ""timestamp"": ""2026-09-23 11:15:33.037"", ""session_id"": 80, ""resource_type"": ""OBJECT"", ""mode"": ""IX""}",OBJECT,IX,UNKNOWN
lock_acquired,2026-09-23 11:15:38.089,81,0,0,0,"{""event_name"": ""lock_acquired"", ""timestamp"": ""2026-09-23 11:15:38.089"", ""session_id"": 81, ""resource_type"": ""PAGE"", ""mode"": ""S""}",PAGE,S,UNKNOWN
lock_acquired,2026-09-23 11:15:38.089,80,0,0,0,"{""event_name"": ""lock_acquired"", ""timestamp"": ""2026-09-23 11:15:38.089"", ""session_id"": 80, ""resource_type"": ""OBJECT"", ""mode"": ""IS""}",OBJECT,IS,UNKNOWN
lock_acquired,2026-09-23 11:15:38.089,81,0,0,0,"{""event_name"": ""lock_acquired"", ""timestamp"": ""2026-09-23 11:15:38.089"", ""session_id"": 81, ""resource_type"": ""OBJECT"", ""mode"": ""IS""}",OBJECT,IS,UNKNOWN
lock_acquired,2026-09-23 11:15:38.089,80,0,0,0,"{""event_name"": ""lock_acquired"", ""timestamp"": ""2026-09-23 11:15:38.089"", ""session_id"": 80, ""resource_type"": ""OBJECT"", ""mode"": ""IX""}",OBJECT,IX,UNKNOWN
lock_released,2026-09-23 11:15:38.089,74,0,0,0,"{""event_name"": ""lock_released"", ""timestamp"": ""2026-09-23 11:15:38.089"", ""session_id"": 74, ""resource_type"": ""OBJECT"", ""mode"": ""IS""}",OBJECT,IS,UNKNOWN
lock_released,2026-09-23 11:15:38.089,74,0,0,0,"{""event_name"": ""lock_released"", ""timestamp"": ""2026-09-23 11:15:38.089"", ""session_id"": 74, ""resource_type"": ""OBJECT"", ""mode"": ""IX""}",OBJECT,IX,UNKNOWN
lock_released,2026-09-23 11:15:38.089,81,0,0,0,"{""event_name"": ""lock_released"", ""timestamp"": ""2026-09-23 11:15:38.089"", ""session_id"": 81, ""resource_type"": ""PAGE"", ""mode"": ""IX""}",PAGE,IX,UNKNOWN
lock_released,2026-09-23 11:15:38.089,81,0,0,0,"{""event_name"": ""lock_released"", ""timestamp"": ""2026-09-23 11:15:38.089"", ""session_id"": 81, ""resource_type"": ""KEY"", ""mode"": ""X""}",KEY,X,UNKNOWN
logout,2026-09-23 11:15:43.136,69,0,0,0,"{""event_name"": ""logout"", ""timestamp"": ""2026-09-23 11:15:43.136"", ""session_id"": 69}",0,0,UNKNOWN
lock_acquired,2026-09-23 11:15:43.136,73,0,0,0,"{""event_name"": ""lock_acquired"", ""timestamp"": ""2026-09-23 11:15:43.136"", ""session_id"": 73, ""resource_type"": ""METADATA"", ""mode"": ""Sch-S""}",METADATA,Sch-S,UNKNOWN
lock_acquired,2026-09-23 11:15:43.136,75,0,0,0,"{""event_name"": ""lock_acquired"", ""timestamp"": ""2026-09-23 11:15:43.136"", ""session_id"": 75, ""resource_type"": ""OBJECT"", ""mode"": ""Sch-S""}",OBJECT,Sch-S,UNKNOWN
lock_acquired,2026-09-23 11:15:43.136,73,0,0,0,"{""event_name"": ""lock_acquired"", ""timestamp"": ""2026-09-23 11:15:43.136"", ""session_id"": 73, ""resource_type"": ""OBJECT"", ""mode"": ""Sch-S""}",OBJECT,Sch-S,UNKNOWN
lock_acquired,2026-09-23 11:15:43.136,74,0,0,0,"{""event_name"": ""lock_acquired"", ""timestamp"": ""2026-09-23 11:15:43.136"", ""session_id"": 74, ""resource_type"": ""OBJECT"", ""mode"": ""IS""}",OBJECT,IS,UNKNOWN
lock_acquired,2026-09-23 11:15:43.136,80,0,0,0,"{""event_name"": ""lock_acquired"", ""timestamp"": ""2026-09-23 11:15:43.136"", ""session_id"": 80, ""resource_type"": ""PAGE"", ""mode"": ""S""}",PAGE,S,UNKNOWN
lock_acquired,2026-09-23 11:15:43.136,74,0,0,0,"{""event_name"": ""lock_acquired"", ""timestamp"": ""2026-09-23 11:15:43.136"", ""session_id"": 74, ""resource_type"": ""OBJECT"", ""mode"": ""IX""}",OBJECT,IX,UNKNOWN
lock_acquired,2026-09-23 11:15:43.136,74,0,0,0,"{""event_name"": ""lock_acquired"", ""timestamp"": ""2026-09-23 11:15:43.136"", ""session_id"": 74, ""resource_type"": ""PAGE"", ""mode"": ""S""}",PAGE,S,UNKNOWN
lock_acquired,2026-09-23 11:15:43.136,75,0,0,0,"{""event_name"": ""lock_acquired"", ""timestamp"": ""2026-09-23 11:15:43.136"", ""session_id"": 75, ""resource_type"": ""METADATA"", ""mode"": ""Sch-S""}",METADATA,Sch-S,UNKNOWN
lock_released,2026-09-23 11:15:43.136,73,0,0,0,"{""event_name"": ""lock_released"", ""timestamp"": ""2026-09-23 11:15:43.136"", ""session_id"": 73, ""resource_type"": ""OBJECT"", ""mode"": ""IS""}",OBJECT,IS,UNKNOWN
lock_released,2026-09-23 11:15:43.136,73,0,0,0,"{""event_name"": ""lock_released"", ""timestamp"": ""2026-09-23 11:15:43.136"", ""session_id"": 73, ""resource_type"": ""OBJECT"", ""mode"": ""IX""}",OBJECT,IX,UNKNOWN
lock_released,2026-09-23 11:15:43.136,81,0,0,0,"{""event_name"": ""lock_released"", ""timestamp"": ""2026-09-23 11:15:43.136"", ""session_id"": 81, ""resource_type"": ""PAGE"", ""mode"": ""S""}",PAGE,S,UNKNOWN
lock_released,2026-09-23 11:15:43.136,75,0,0,0,"{""event_name"": ""lock_released"", ""timestamp"": ""2026-09-23 11:15:43.136"", ""session_id"": 75, ""resource_type"": ""OBJECT"", ""mode"": ""IS""}",OBJECT,IS,UNKNOWN
lock_released,2026-09-23 11:15:43.136,75,0,0,0,"{""event_name"": ""lock_released"", ""timestamp"": ""2026-09-23 11:15:43.136"", ""session_id"": 75, ""resource_type"": ""OBJECT"", ""mode"": ""IX""}",OBJECT,IX,UNKNOWN
lock_acquired,2026-09-23 11:15:48.162,73,0,0,0,"{""event_name"": ""lock_acquired"", ""timestamp"": ""2026-09-23 11:15:48.162"", ""session_id"": 73, ""resource_type"": ""OBJECT"", ""mode"": ""IS""}",OBJECT,IS,UNKNOWN
lock_acquired,2026-09-23 11:15:48.162,73,0,0,0,"{""event_name"": ""lock_acquired"", ""timestamp"": ""2026-09-23 11:15:48.162"", ""session_id"": 73, ""resource_type"": ""OBJECT"", ""mode"": ""IX""}",OBJECT,IX,UNKNOWN
lock_acquired,2026-09-23 11:15:48.162,77,0,0,0,"{""event_name"": ""lock_acquired"", ""timestamp"": ""2026-09-23 11:15:48.162"", ""session_id"": 77, ""resource_type"": ""PAGE"", ""mode"": ""S""}",PAGE,S,UNKNOWN
lock_acquired,2026-09-23 11:15:48.162,75,0,0,0,"{""event_name"": ""lock_acquired"", ""timestamp"": ""2026-09-23 11:15:48.162"", ""session_id"": 75, ""resource_type"": ""OBJECT"", ""mode"": ""IS""}",OBJECT,IS,UNKNOWN
lock_acquired,2026-09-23 11:15:48.162,75,0,0,0,"{""event_name"": ""lock_acquired"", ""timestamp"": ""2026-09-23 11:15:48.162"", ""session_id"": 75, ""resource_type"": ""OBJECT"", ""mode"": ""IX""}",OBJECT,IX,UNKNOWN
lock_released,2026-09-23 11:15:48.162,73,0,0,0,"{""event_name"": ""lock_released"", ""timestamp"": ""2026-09-23 11:15:48.162"", ""session_id"": 73, ""resource_type"": ""METADATA"", ""mode"": ""Sch-S""}",METADATA,Sch-S,UNKNOWN
lock_released,2026-09-23 11:15:48.162,75,0,0,0,"{""event_name"": ""lock_released"", ""timestamp"": ""2026-09-23 11:15:48.162"", ""session_id"": 75, ""resource_type"": ""OBJECT"", ""mode"": ""Sch-S""}",OBJECT,Sch-S,UNKNOWN
lock_released,2026-09-23 11:15:48.162,73,0,0,0,"{""event_name"": ""lock_released"", ""timestamp"": ""2026-09-23 11:15:48.162"", ""session_id"": 73, ""resource_type"": ""OBJECT"", ""mode"": ""Sch-S""}",OBJECT,Sch-S,UNKNOWN
lock_released,2026-09-23 11:15:48.162,80,0,0,0,"{""event_name"": ""lock_released"", ""timestamp"": ""2026-09-23 11:15:48.162"", ""session_id"": 80, ""resource_type"": ""PAGE"", ""mode"": ""S""}",PAGE,S,UNKNOWN
lock_released,2026-09-23 11:15:48.162,74,0,0,0,"{""event_name"": ""lock_released"", ""timestamp"": ""2026-09-23 11:15:48.162"", ""session_id"": 74, ""resource_type"": ""PAGE"", ""mode"": ""S""}",PAGE,S,UNKNOWN
lock_released,2026-09-23 11:15:48.162,75,0,0,0,"{""event_name"": ""lock_released"", ""timestamp"": ""2026-09-23 11:15:48.162"", ""session_id"": 75, ""resource_type"": ""METADATA"", ""mode"": ""Sch-S""}",METADATA,Sch-S,UNKNOWN
lock_acquired,2026-09-23 11:15:53.194,74,0,0,0,"{""event_name"": ""lock_acquired"", ""timestamp"": ""2026-09-23 11:15:53.194"", ""session_id"": 74, ""resource_type"": ""PAGE"", ""mode"": ""S""}",PAGE,S,UNKNOWN
lock_released,2026-09-23 11:15:53.194,77,0,0,0,"{""event_name"": ""lock_released"", ""timestamp"": ""2026-09-23 11:15:53.194"", ""session_id"": 77, ""resource_type"": ""PAGE"", ""mode"": ""S""}",PAGE,S,UNKNOWN
lock_released,2026-09-23 11:15:53.194,73,0,0,0,"{""event_name"": ""lock_released"", ""timestamp"": ""2026-09-23 11:15:53.194"", ""session_id"": 73, ""resource_type"": ""OBJECT"", ""mode"": ""IS""}",OBJECT,IS,UNKNOWN
lock_released,2026-09-23 11:15:53.194,73,0,0,0,"{""event_name"": ""lock_released"", ""timestamp"": ""2026-09-23 11:15:53.194"", ""session_id"": 73, ""resource_type"": ""OBJECT"", ""mode"": ""IX""}",OBJECT,IX,UNKNOWN
lock_acquired,2026-09-23 11:15:58.235,74,0,0,0,"{""event_name"": ""lock_acquired"", ""timestamp"": ""2026-09-23 11:15:58.235"", ""session_id"": 74, ""resource_type"": ""OBJECT"", ""mode"": ""Sch-S""}",OBJECT,Sch-S,UNKNOWN
lock_acquired,2026-09-23 11:15:58.235,73,0,0,0,"{""event_name"": ""lock_acquired"", ""timestamp"": ""2026-09-23 11:15:58.235"", ""session_id"": 73, ""resource_type"": ""OBJECT"", ""mode"": ""IS""}",OBJECT,IS,UNKNOWN
lock_acquired,2026-09-23 11:15:58.235,74,0,0,0,"{""event_name"": ""lock_acquired"", ""timestamp"": ""2026-09-23 11:15:58.235"", ""session_id"": 74, ""resource_type"": ""METADATA"", ""mode"": ""Sch-S""}",METADATA,Sch-S,UNKNOWN
lock_acquired,2026-09-23 11:15:58.235,73,0,0,0,"{""event_name"": ""lock_acquired"", ""timestamp"": ""2026-09-23 11:15:58.235"", ""session_id"": 73, ""resource_type"": ""OBJECT"", ""mode"": ""IX""}",OBJECT,IX,UNKNOWN
lock_released,2026-09-23 11:15:58.235,74,0,0,0,"{""event_name"": ""lock_released"", ""timestamp"": ""2026-09-23 11:15:58.235"", ""session_id"": 74, ""resource_type"": ""PAGE"", ""mode"": ""S""}",PAGE,S,UNKNOWN
lock_released,2026-09-23 11:15:58.235,74,0,0,0,"{""event_name"": ""lock_released"", ""timestamp"": ""2026-09-23 11:15:58.235"", ""session_id"": 74, ""resource_type"": ""OBJECT"", ""mode"": ""IS""}",OBJECT,IS,UNKNOWN
lock_released,2026-09-23 11:15:58.235,74,0,0,0,"{""event_name"": ""lock_released"", ""timestamp"": ""2026-09-23 11:15:58.235"", ""session_id"": 74, ""resource_type"": ""OBJECT"", ""mode"": ""IX""}",OBJECT,IX,UNKNOWN
lock_acquired,2026-09-23 11:16:03.273,74,0,0,0,"{""event_name"": ""lock_acquired"", ""timestamp"": ""2026-09-23 11:16:03.273"", ""session_id"": 74, ""resource_type"": ""OBJECT"", ""mode"": ""IS""}",OBJECT,IS,UNKNOWN
lock_acquired,2026-09-23 11:16:03.273,74,0,0,0,"{""event_name"": ""lock_acquired"", ""timestamp"": ""2026-09-23 11:16:03.273"", ""session_id"": 74, ""resource_type"": ""OBJECT"", ""mode"": ""IX""}",OBJECT,IX,UNKNOWN
lock_acquired,2026-09-23 11:16:03.273,75,0,0,0,"{""event_name"": ""lock_acquired"", ""timestamp"": ""2026-09-23 11:16:03.273"", ""session_id"": 75, ""resource_type"": ""OBJECT"", ""mode"": ""Sch-S""}",OBJECT,Sch-S,UNKNOWN
lock_acquired,2026-09-23 11:16:03.273,81,0,0,0,"{""event_name"": ""lock_acquired"", ""timestamp"": ""2026-09-23 11:16:03.273"", ""session_id"": 81, ""resource_type"": ""KEY"", ""mode"": ""X""}",KEY,X,UNKNOWN
lock_released,2026-09-23 11:16:03.273,75,0,0,0,"{""event_name"": ""lock_released"", ""timestamp"": ""2026-09-23 11:16:03.273"", ""session_id"": 75, ""resource_type"": ""OBJECT"", ""mode"": ""IS""}",OBJECT,IS,UNKNOWN
lock_released,2026-09-23 11:16:03.273,74,0,0,0,"{""event_name"": ""lock_released"", ""timestamp"": ""2026-09-23 11:16:03.273"", ""session_id"": 74, ""resource_type"": ""METADATA"", ""mode"": ""Sch-S""}",METADATA,Sch-S,UNKNOWN
lock_released,2026-09-23 11:16:03.273,81,0,0,0,"{""event_name"": ""lock_released"", ""timestamp"": ""2026-09-23 11:16:03.273"", ""session_id"": 81, ""resource_type"": ""OBJECT"", ""mode"": ""IS""}",OBJECT,IS,UNKNOWN
lock_released,2026-09-23 11:16:03.273,74,0,0,0,"{""event_name"": ""lock_released"", ""timestamp"": ""2026-09-23 11:16:03.273"", ""session_id"": 74, ""resource_type"": ""OBJECT"", ""mode"": ""Sch-S""}",OBJECT,Sch-S,UNKNOWN
lock_released,2026-09-23 11:16:03.273,81,0,0,0,"{""event_name"": ""lock_released"", ""timestamp"": ""2026-09-23 11:16:03.273"", ""session_id"": 81, ""resource_type"": ""OBJECT"", ""mode"": ""IX""}",OBJECT,IX,UNKNOWN
lock_released,2026-09-23 11:16:03.273,75,0,0,0,"{""event_name"": ""lock_released"", ""timestamp"": ""2026-09-23 11:16:03.273"", ""session_id"": 75, ""resource_type"": ""OBJECT"", ""mode"": ""IX""}",OBJECT,IX,UNKNOWN
lock_acquired,2026-09-23 11:16:08.301,79,0,0,0,"{""event_name"": ""lock_acquired"", ""timestamp"": ""2026-09-23 11:16:08.301"", ""session_id"": 79, ""resource_type"": ""PAGE"", ""mode"": ""S""}",PAGE,S,UNKNOWN
lock_acquired,2026-09-23 11:16:08.301,74,0,0,0,"{""event_name"": ""lock_acquired"", ""timestamp"": ""2026-09-23 11:16:08.301"", ""session_id"": 74, ""resource_type"": ""PAGE"", ""mode"": ""S""}",PAGE,S,UNKNOWN
lock_acquired,2026-09-23 11:16:08.301,77,0,0,0,"{""event_name"": ""lock_acquired"", ""timestamp"": ""2026-09-23 11:16:08.301"", ""session_id"": 77, ""resource_type"": ""PAGE"", ""mode"": ""S""}",PAGE,S,UNKNOWN
lock_acquired,2026-09-23 11:16:08.301,81,0,0,0,"{""event_name"": ""lock_acquired"", ""timestamp"": ""2026-09-23 11:16:08.301"", ""session_id"": 81, ""resource_type"": ""OBJECT"", ""mode"": ""IS""}",OBJECT,IS,UNKNOWN
lock_acquired,2026-09-23 11:16:08.301,81,0,0,0,"{""event_name"": ""lock_acquired"", ""timestamp"": ""2026-09-23 11:16:08.301"", ""session_id"": 81, ""resource_type"": ""OBJECT"", ""mode"": ""IX""}",OBJECT,IX,UNKNOWN
lock_acquired,2026-09-23 11:16:08.301,75,0,0,0,"{""event_name"": ""lock_acquired"", ""timestamp"": ""2026-09-23 11:16:08.301"", ""session_id"": 75, ""resource_type"": ""METADATA"", ""mode"": ""Sch-S""}",METADATA,Sch-S,UNKNOWN
lock_released,2026-09-23 11:16:08.301,81,0,0,0,"{""event_name"": ""lock_released"", ""timestamp"": ""2026-09-23 11:16:08.301"", ""session_id"": 81, ""resource_type"": ""KEY"", ""mode"": ""X""}",KEY,X,UNKNOWN
lock_acquired,2026-09-23 11:16:13.331,75,0,0,0,"{""event_name"": ""lock_acquired"", ""timestamp"": ""2026-09-23 11:16:13.331"", ""session_id"": 75, ""resource_type"": ""OBJECT"", ""mode"": ""IS""}",OBJECT,IS,UNKNOWN
lock_acquired,2026-09-23 11:16:13.331,75,0,0,0,"{""event_name"": ""lock_acquired"", ""timestamp"": ""2026-09-23 11:16:13.331"", ""session_id"": 75, ""resource_type"": ""OBJECT"", ""mode"": ""IX""}",OBJECT,IX,UNKNOWN
lock_released,2026-09-23 11:16:13.331,79,0,0,0,"{""event_name"": ""lock_released"", ""timestamp"": ""2026-09-23 11:16:13.331"", ""session_id"": 79, ""resource_type"": ""PAGE"", ""mode"": ""S""}",PAGE,S,UNKNOWN
lock_released,2026-09-23 11:16:13.331,75,0,0,0,"{""event_name"": ""lock_released"", ""timestamp"": ""2026-09-23 11:16:13.331"", ""session_id"": 75, ""resource_type"": ""OBJECT"", ""mode"": ""Sch-S""}",OBJECT,Sch-S,UNKNOWN
lock_released,2026-09-23 11:16:13.331,77,0,0,0,"{""event_name"": ""lock_released"", ""timestamp"": ""2026-09-23 11:16:13.331"", ""session_id"": 77, ""resource_type"": ""PAGE"", ""mode"": ""S""}",PAGE,S,UNKNOWN
lock_released,2026-09-23 11:16:13.331,74,0,0,0,"{""event_name"": ""lock_released"", ""timestamp"": ""2026-09-23 11:16:13.331"", ""session_id"": 74, ""resource_type"": ""PAGE"", ""mode"": ""S""}",PAGE,S,UNKNOWN
lock_released,2026-09-23 11:16:13.331,75,0,0,0,"{""event_name"": ""lock_released"", ""timestamp"": ""2026-09-23 11:16:13.331"", ""session_id"": 75, ""resource_type"": ""METADATA"", ""mode"": ""Sch-S""}",METADATA,Sch-S,UNKNOWN
logout,2026-09-23 11:16:18.390,65,0,0,0,"{""event_name"": ""logout"", ""timestamp"": ""2026-09-23 11:16:18.390"", ""session_id"": 65}",0,0,UNKNOWN
lock_acquired,2026-09-23 11:16:18.390,78,0,0,0,"{""event_name"": ""lock_acquired"", ""timestamp"": ""2026-09-23 11:16:18.390"", ""session_id"": 78, ""resource_type"": ""PAGE"", ""mode"": ""S""}",PAGE,S,UNKNOWN
lock_acquired,2026-09-23 11:16:18.390,73,0,0,0,"{""event_name"": ""lock_acquired"", ""timestamp"": ""2026-09-23 11:16:18.390"", ""session_id"": 73, ""resource_type"": ""OBJECT"", ""mode"": ""Sch-S""}",OBJECT,Sch-S,UNKNOWN
lock_released,2026-09-23 11:16:18.390,73,0,0,0,"{""event_name"": ""lock_released"", ""timestamp"": ""2026-09-23 11:16:18.390"", ""session_id"": 73, ""resource_type"": ""OBJECT"", ""mode"": ""IS""}",OBJECT,IS,UNKNOWN
lock_released,2026-09-23 11:16:18.390,73,0,0,0,"{""event_name"": ""lock_released"", ""timestamp"": ""2026-09-23 11:16:18.390"", ""session_id"": 73, ""resource_type"": ""OBJECT"", ""mode"": ""IX""}",OBJECT,IX,UNKNOWN
lock_released,2026-09-23 11:16:18.390,65,0,0,0,"{""event_name"": ""lock_released"", ""timestamp"": ""2026-09-23 11:16:18.390"", ""session_id"": 65, ""resource_type"": ""DATABASE"", ""mode"": ""S""}",DATABASE,S,UNKNOWN
lock_released,2026-09-23 11:16:18.390,77,0,0,0,"{""event_name"": ""lock_released"", ""timestamp"": ""2026-09-23 11:16:18.390"", ""session_id"": 77, ""resource_type"": ""OBJECT"", ""mode"": ""IS""}",OBJECT,IS,UNKNOWN
lock_released,2026-09-23 11:16:18.390,77,0,0,0,"{""event_name"": ""lock_released"", ""timestamp"": ""2026-09-23 11:16:18.390"", ""session_id"": 77, ""resource_type"": ""OBJECT"", ""mode"": ""IX""}",OBJECT,IX,UNKNOWN
login,2026-09-23 11:16:23.414,65,795ec2146175\Administrator,Microsoft SQL Server,SteelNort,"{""event_name"": ""login"", ""timestamp"": ""2026-09-23 11:16:23.414"", ""session_id"": 65, ""login_name"": ""795ec2146175\\Administrator"", ""program_name"": ""Microsoft SQL Server"", ""database_name"": ""SteelNort""}",0,0,UNKNOWN
logout,2026-09-23 11:16:23.414,72,0,0,0,"{""event_name"": ""logout"", ""timestamp"": ""2026-09-23 11:16:23.414"", ""session_id"": 72}",0,0,UNKNOWN
lock_acquired,2026-09-23 11:16:23.414,77,0,0,0,"{""event_name"": ""lock_acquired"", ""timestamp"": ""2026-09-23 11:16:23.414"", ""session_id"": 77, ""resource_type"": ""OBJECT"", ""mode"": ""IS""}",OBJECT,IS,UNKNOWN
lock_acquired,2026-09-23 11:16:23.414,73,0,0,0,"{""event_name"": ""lock_acquired"", ""timestamp"": ""2026-09-23 11:16:23.414"", ""session_id"": 73, ""resource_type"": ""OBJECT"", ""mode"": ""IS""}",OBJECT,IS,UNKNOWN
lock_acquired,2026-09-23 11:16:23.414,77,0,0,0,"{""event_name"": ""lock_acquired"", ""timestamp"": ""2026-09-23 11:16:23.414"", ""session_id"": 77, ""resource_type"": ""OBJECT"", ""mode"": ""IX""}",OBJECT,IX,UNKNOWN
lock_acquired,2026-09-23 11:16:23.414,73,0,0,0,"{""event_name"": ""lock_acquired"", ""timestamp"": ""2026-09-23 11:16:23.414"", ""session_id"": 73, ""resource_type"": ""OBJECT"", ""mode"": ""IX""}",OBJECT,IX,UNKNOWN
lock_released,2026-09-23 11:16:23.414,72,0,0,0,"{""event_name"": ""lock_released"", ""timestamp"": ""2026-09-23 11:16:23.414"", ""session_id"": 72, ""resource_type"": ""DATABASE"", ""mode"": ""S""}",DATABASE,S,UNKNOWN
lock_released,2026-09-23 11:16:23.414,73,0,0,0,"{""event_name"": ""lock_released"", ""timestamp"": ""2026-09-23 11:16:23.414"", ""session_id"": 73, ""resource_type"": ""OBJECT"", ""mode"": ""Sch-S""}",OBJECT,Sch-S,UNKNOWN
lock_acquired,2026-09-23 11:16:28.464,79,0,0,0,"{""event_name"": ""lock_acquired"", ""timestamp"": ""2026-09-23 11:16:28.464"", ""session_id"": 79, ""resource_type"": ""PAGE"", ""mode"": ""S""}",PAGE,S,UNKNOWN
lock_acquired,2026-09-23 11:16:28.464,75,0,0,0,"{""event_name"": ""lock_acquired"", ""timestamp"": ""2026-09-23 11:16:28.464"", ""session_id"": 75, ""resource_type"": ""KEY"", ""mode"": ""X""}",KEY,X,UNKNOWN
lock_acquired,2026-09-23 11:16:28.464,77,0,0,0,"{""event_name"": ""lock_acquired"", ""timestamp"": ""2026-09-23 11:16:28.464"", ""session_id"": 77, ""resource_type"": ""OBJECT"", ""mode"": ""Sch-S""}",OBJECT,Sch-S,UNKNOWN
lock_released,2026-09-23 11:16:28.464,73,0,0,0,"{""event_name"": ""lock_released"", ""timestamp"": ""2026-09-23 11:16:28.464"", ""session_id"": 73, ""resource_type"": ""OBJECT"", ""mode"": ""IS""}",OBJECT,IS,UNKNOWN
lock_released,2026-09-23 11:16:28.464,73,0,0,0,"{""event_name"": ""lock_released"", ""timestamp"": ""2026-09-23 11:16:28.464"", ""session_id"": 73, ""resource_type"": ""OBJECT"", ""mode"": ""IX""}",OBJECT,IX,UNKNOWN
lock_released,2026-09-23 11:16:28.464,78,0,0,0,"{""event_name"": ""lock_released"", ""timestamp"": ""2026-09-23 11:16:28.464"", ""session_id"": 78, ""resource_type"": ""PAGE"", ""mode"": ""S""}",PAGE,S,UNKNOWN
lock_released,2026-09-23 11:16:28.464,77,0,0,0,"{""event_name"": ""lock_released"", ""timestamp"": ""2026-09-23 11:16:28.464"", ""session_id"": 77, ""resource_type"": ""OBJECT"", ""mode"": ""IS""}",OBJECT,IS,UNKNOWN
lock_released,2026-09-23 11:16:28.464,77,0,0,0,"{""event_name"": ""lock_released"", ""timestamp"": ""2026-09-23 11:16:28.464"", ""session_id"": 77, ""resource_type"": ""OBJECT"", ""mode"": ""IX""}",OBJECT,IX,UNKNOWN
lock_released,2026-09-23 11:16:28.464,75,0,0,0,"{""event_name"": ""lock_released"", ""timestamp"": ""2026-09-23 11:16:28.464"", ""session_id"": 75, ""resource_type"": ""OBJECT"", ""mode"": ""IS""}",OBJECT,IS,UNKNOWN
lock_released,2026-09-23 11:16:28.464,75,0,0,0,"{""event_name"": ""lock_released"", ""timestamp"": ""2026-09-23 11:16:28.464"", ""session_id"": 75, ""resource_type"": ""OBJECT"", ""mode"": ""IX""}",OBJECT,IX,UNKNOWN
lock_acquired,2026-09-23 11:16:33.511,73,0,0,0,"{""event_name"": ""lock_acquired"", ""timestamp"": ""2026-09-23 11:16:33.511"", ""session_id"": 73, ""resource_type"": ""OBJECT"", ""mode"": ""IS""}",OBJECT,IS,UNKNOWN
lock_acquired,2026-09-23 11:16:33.511,73,0,0,0,"{""event_name"": ""lock_acquired"", ""timestamp"": ""2026-09-23 11:16:33.511"", ""session_id"": 73, ""resource_type"": ""OBJECT"", ""mode"": ""IX""}",OBJECT,IX,UNKNOWN
lock_acquired,2026-09-23 11:16:33.511,77,0,0,0,"{""event_name"": ""lock_acquired"", ""timestamp"": ""2026-09-23 11:16:33.511"", ""session_id"": 77, ""resource_type"": ""OBJECT"", ""mode"": ""IS""}",OBJECT,IS,UNKNOWN
lock_acquired,2026-09-23 11:16:33.511,77,0,0,0,"{""event_name"": ""lock_acquired"", ""timestamp"": ""2026-09-23 11:16:33.511"", ""session_id"": 77, ""resource_type"": ""OBJECT"", ""mode"": ""IX""}",OBJECT,IX,UNKNOWN
lock_acquired,2026-09-23 11:16:33.511,81,0,0,0,"{""event_name"": ""lock_acquired"", ""timestamp"": ""2026-09-23 11:16:33.511"", ""session_id"": 81, ""resource_type"": ""PAGE"", ""mode"": ""S""}",PAGE,S,UNKNOWN
lock_acquired,2026-09-23 11:16:33.511,75,0,0,0,"{""event_name"": ""lock_acquired"", ""timestamp"": ""2026-09-23 11:16:33.511"", ""session_id"": 75, ""resource_type"": ""OBJECT"", ""mode"": ""IS""}",OBJECT,IS,UNKNOWN
lock_acquired,2026-09-23 11:16:33.511,75,0,0,0,"{""event_name"": ""lock_acquired"", ""timestamp"": ""2026-09-23 11:16:33.511"", ""session_id"": 75, ""resource_type"": ""OBJECT"", ""mode"": ""IX""}",OBJECT,IX,UNKNOWN
lock_released,2026-09-23 11:16:33.511,79,0,0,0,"{""event_name"": ""lock_released"", ""timestamp"": ""2026-09-23 11:16:33.511"", ""session_id"": 79, ""resource_type"": ""PAGE"", ""mode"": ""S""}",PAGE,S,UNKNOWN
lock_released,2026-09-23 11:16:33.511,75,0,0,0,"{""event_name"": ""lock_released"", ""timestamp"": ""2026-09-23 11:16:33.511"", ""session_id"": 75, ""resource_type"": ""KEY"", ""mode"": ""X""}",KEY,X,UNKNOWN
lock_released,2026-09-23 11:16:33.511,77,0,0,0,"{""event_name"": ""lock_released"", ""timestamp"": ""2026-09-23 11:16:33.511"", ""session_id"": 77, ""resource_type"": ""OBJECT"", ""mode"": ""Sch-S""}",OBJECT,Sch-S,UNKNOWN
logout,2026-09-23 11:16:38.589,65,0,0,0,"{""event_name"": ""logout"", ""timestamp"": ""2026-09-23 11:16:38.589"", ""session_id"": 65}",0,0,UNKNOWN
lock_acquired,2026-09-23 11:16:38.589,78,0,0,0,"{""event_name"": ""lock_acquired"", ""timestamp"": ""2026-09-23 11:16:38.589"", ""session_id"": 78, ""resource_type"": ""OBJECT"", ""mode"": ""Sch-S""}",OBJECT,Sch-S,UNKNOWN
lock_acquired,2026-09-23 11:16:38.589,75,0,0,0,"{""event_name"": ""lock_acquired"", ""timestamp"": ""2026-09-23 11:16:38.589"", ""session_id"": 75, ""resource_type"": ""PAGE"", ""mode"": ""S""}",PAGE,S,UNKNOWN
lock_acquired,2026-09-23 11:16:38.589,79,0,0,0,"{""event_name"": ""lock_acquired"", ""timestamp"": ""2026-09-23 11:16:38.589"", ""session_id"": 79, ""resource_type"": ""OBJECT"", ""mode"": ""Sch-S""}",OBJECT,Sch-S,UNKNOWN
lock_acquired,2026-09-23 11:16:38.589,78,0,0,0,"{""event_name"": ""lock_acquired"", ""timestamp"": ""2026-09-23 11:16:38.589"", ""session_id"": 78, ""resource_type"": ""METADATA"", ""mode"": ""Sch-S""}",METADATA,Sch-S,UNKNOWN
lock_acquired,2026-09-23 11:16:38.589,79,0,0,0,"{""event_name"": ""lock_acquired"", ""timestamp"": ""2026-09-23 11:16:38.589"", ""session_id"": 79, ""resource_type"": ""METADATA"", ""mode"": ""Sch-S""}",METADATA,Sch-S,UNKNOWN
lock_released,2026-09-23 11:16:38.589,79,0,0,0,"{""event_name"": ""lock_released"", ""timestamp"": ""2026-09-23 11:16:38.589"", ""session_id"": 79, ""resource_type"": ""OBJECT"", ""mode"": ""IS""}",OBJECT,IS,UNKNOWN
lock_released,2026-09-23 11:16:38.589,78,0,0,0,"{""event_name"": ""lock_released"", ""timestamp"": ""2026-09-23 11:16:38.589"", ""session_id"": 78, ""resource_type"": ""OBJECT"", ""mode"": ""IX""}",OBJECT,IX,UNKNOWN
lock_released,2026-09-23 11:16:38.589,79,0,0,0,"{""event_name"": ""lock_released"", ""timestamp"": ""2026-09-23 11:16:38.589"", ""session_id"": 79, ""resource_type"": ""OBJECT"", ""mode"": ""IX""}",OBJECT,IX,UNKNOWN
lock_released,2026-09-23 11:16:38.589,78,0,0,0,"{""event_name"": ""lock_released"", ""timestamp"": ""2026-09-23 11:16:38.589"", ""session_id"": 78, ""resource_type"": ""OBJECT"", ""mode"": ""IS""}",OBJECT,IS,UNKNOWN
logout,2026-09-23 11:16:43.677,63,0,0,0,"{""event_name"": ""logout"", ""timestamp"": ""2026-09-23 11:16:43.677"", ""session_id"": 63}",0,0,UNKNOWN
lock_acquired,2026-09-23 11:16:43.677,79,0,0,0,"{""event_name"": ""lock_acquired"", ""timestamp"": ""2026-09-23 11:16:43.677"", ""session_id"": 79, ""resource_type"": ""OBJECT"", ""mode"": ""IS""}",OBJECT,IS,UNKNOWN
lock_acquired,2026-09-23 11:16:43.677,80,0,0,0,"{""event_name"": ""lock_acquired"", ""timestamp"": ""2026-09-23 11:16:43.677"", ""session_id"": 80, ""resource_type"": ""PAGE"", ""mode"": ""IX""}",PAGE,IX,UNKNOWN
lock_acquired,2026-09-23 11:16:43.677,79,0,0,0,"{""event_name"": ""lock_acquired"", ""timestamp"": ""2026-09-23 11:16:43.677"", ""session_id"": 79, ""resource_type"": ""OBJECT"", ""mode"": ""IX""}",OBJECT,IX,UNKNOWN
lock_acquired,2026-09-23 11:16:43.677,80,0,0,0,"{""event_name"": ""lock_acquired"", ""timestamp"": ""2026-09-23 11:16:43.677"", ""session_id"": 80, ""resource_type"": ""KEY"", ""mode"": ""X""}",KEY,X,UNKNOWN
lock_released,2026-09-23 11:16:43.677,78,0,0,0,"{""event_name"": ""lock_released"", ""timestamp"": ""2026-09-23 11:16:43.677"", ""session_id"": 78, ""resource_type"": ""OBJECT"", ""mode"": ""Sch-S""}",OBJECT,Sch-S,UNKNOWN
lock_released,2026-09-23 11:16:43.677,75,0,0,0,"{""event_name"": ""lock_released"", ""timestamp"": ""2026-09-23 11:16:43.677"", ""session_id"": 75, ""resource_type"": ""PAGE"", ""mode"": ""S""}",PAGE,S,UNKNOWN
lock_released,2026-09-23 11:16:43.677,80,0,0,0,"{""event_name"": ""lock_released"", ""timestamp"": ""2026-09-23 11:16:43.677"", ""session_id"": 80, ""resource_type"": ""OBJECT"", ""mode"": ""IS""}",OBJECT,IS,UNKNOWN
lock_released,2026-09-23 11:16:43.677,79,0,0,0,"{""event_name"": ""lock_released"", ""timestamp"": ""2026-09-23 11:16:43.677"", ""session_id"": 79, ""resource_type"": ""OBJECT"", ""mode"": ""Sch-S""}",OBJECT,Sch-S,UNKNOWN
lock_released,2026-09-23 11:16:43.677,81,0,0,0,"{""event_name"": ""lock_released"", ""timestamp"": ""2026-09-23 11:16:43.677"", ""session_id"": 81, ""resource_type"": ""PAGE"", ""mode"": ""S""}",PAGE,S,UNKNOWN
lock_released,2026-09-23 11:16:43.677,78,0,0,0,"{""event_name"": ""lock_released"", ""timestamp"": ""2026-09-23 11:16:43.677"", ""session_id"": 78, ""resource_type"": ""METADATA"", ""mode"": ""Sch-S""}",METADATA,Sch-S,UNKNOWN
lock_released,2026-09-23 11:16:43.677,75,0,0,0,"{""event_name"": ""lock_released"", ""timestamp"": ""2026-09-23 11:16:43.677"", ""session_id"": 75, ""resource_type"": ""OBJECT"", ""mode"": ""IS""}",OBJECT,IS,UNKNOWN
lock_released,2026-09-23 11:16:43.677,79,0,0,0,"{""event_name"": ""lock_released"", ""timestamp"": ""2026-09-23 11:16:43.677"", ""session_id"": 79, ""resource_type"": ""METADATA"", ""mode"": ""Sch-S""}",METADATA,Sch-S,UNKNOWN
lock_released,2026-09-23 11:16:43.677,75,0,0,0,"{""event_name"": ""lock_released"", ""timestamp"": ""2026-09-23 11:16:43.677"", ""session_id"": 75, ""resource_type"": ""OBJECT"", ""mode"": ""IX""}",OBJECT,IX,UNKNOWN
lock_acquired,2026-09-23 11:16:48.726,80,0,0,0,"{""event_name"": ""lock_acquired"", ""timestamp"": ""2026-09-23 11:16:48.726"", ""session_id"": 80, ""resource_type"": ""OBJECT"", ""mode"": ""IS""}",OBJECT,IS,UNKNOWN
lock_acquired,2026-09-23 11:16:48.726,77,0,0,0,"{""event_name"": ""lock_acquired"", ""timestamp"": ""2026-09-23 11:16:48.726"", ""session_id"": 77, ""resource_type"": ""PAGE"", ""mode"": ""S""}",PAGE,S,UNKNOWN
lock_acquired,2026-09-23 11:16:48.726,79,0,0,0,"{""event_name"": ""lock_acquired"", ""timestamp"": ""2026-09-23 11:16:48.726"", ""session_id"": 79, ""resource_type"": ""PAGE"", ""mode"": ""IX""}",PAGE,IX,UNKNOWN
lock_acquired,2026-09-23 11:16:48.726,81,0,0,0,"{""event_name"": ""lock_acquired"", ""timestamp"": ""2026-09-23 11:16:48.726"", ""session_id"": 81, ""resource_type"": ""PAGE"", ""mode"": ""S""}",PAGE,S,UNKNOWN
lock_acquired,2026-09-23 11:16:48.726,78,0,0,0,"{""event_name"": ""lock_acquired"", ""timestamp"": ""2026-09-23 11:16:48.726"", ""session_id"": 78, ""resource_type"": ""PAGE"", ""mode"": ""IX""}",PAGE,IX,UNKNOWN
lock_acquired,2026-09-23 11:16:48.726,74,0,0,0,"{""event_name"": ""lock_acquired"", ""timestamp"": ""2026-09-23 11:16:48.726"", ""session_id"": 74, ""resource_type"": ""KEY"", ""mode"": ""S""}",KEY,S,UNKNOWN
lock_acquired,2026-09-23 11:16:48.726,74,0,0,0,"{""event_name"": ""lock_acquired"", ""timestamp"": ""2026-09-23 11:16:48.726"", ""session_id"": 74, ""resource_type"": ""OBJECT"", ""mode"": ""Sch-S""}",OBJECT,Sch-S,UNKNOWN
lock_acquired,2026-09-23 11:16:48.726,75,0,0,0,"{""event_name"": ""lock_acquired"", ""timestamp"": ""2026-09-23 11:16:48.726"", ""session_id"": 75, ""resource_type"": ""OBJECT"", ""mode"": ""IS""}",OBJECT,IS,UNKNOWN
lock_acquired,2026-09-23 11:16:48.726,78,0,0,0,"{""event_name"": ""lock_acquired"", ""timestamp"": ""2026-09-23 11:16:48.726"", ""session_id"": 78, ""resource_type"": ""OBJECT"", ""mode"": ""IX""}",OBJECT,IX,UNKNOWN
lock_acquired,2026-09-23 11:16:48.726,79,0,0,0,"{""event_name"": ""lock_acquired"", ""timestamp"": ""2026-09-23 11:16:48.726"", ""session_id"": 79, ""resource_type"": ""KEY"", ""mode"": ""X""}",KEY,X,UNKNOWN
lock_acquired,2026-09-23 11:16:48.726,75,0,0,0,"{""event_name"": ""lock_acquired"", ""timestamp"": ""2026-09-23 11:16:48.726"", ""session_id"": 75, ""resource_type"": ""OBJECT"", ""mode"": ""IX""}",OBJECT,IX,UNKNOWN
lock_released,2026-09-23 11:16:48.726,80,0,0,0,"{""event_name"": ""lock_released"", ""timestamp"": ""2026-09-23 11:16:48.726"", ""session_id"": 80, ""resource_type"": ""PAGE"", ""mode"": ""IX""}",PAGE,IX,UNKNOWN
lock_released,2026-09-23 11:16:48.726,79,0,0,0,"{""event_name"": ""lock_released"", ""timestamp"": ""2026-09-23 11:16:48.726"", ""session_id"": 79, ""resource_type"": ""OBJECT"", ""mode"": ""IS""}",OBJECT,IS,UNKNOWN
lock_released,2026-09-23 11:16:48.726,80,0,0,0,"{""event_name"": ""lock_released"", ""timestamp"": ""2026-09-23 11:16:48.726"", ""session_id"": 80, ""resource_type"": ""KEY"", ""mode"": ""X""}",KEY,X,UNKNOWN
lock_released,2026-09-23 11:16:48.726,74,0,0,0,"{""event_name"": ""lock_released"", ""timestamp"": ""2026-09-23 11:16:48.726"", ""session_id"": 74, ""resource_type"": ""OBJECT"", ""mode"": ""IS""}",OBJECT,IS,UNKNOWN
lock_released,2026-09-23 11:16:48.726,74,0,0,0,"{""event_name"": ""lock_released"", ""timestamp"": ""2026-09-23 11:16:48.726"", ""session_id"": 74, ""resource_type"": ""OBJECT"", ""mode"": ""IX""}",OBJECT,IX,UNKNOWN
logout,2026-09-23 11:16:53.760,64,0,0,0,"{""event_name"": ""logout"", ""timestamp"": ""2026-09-23 11:16:53.760"", ""session_id"": 64}",0,0,UNKNOWN
logout,2026-09-23 11:16:53.760,66,0,0,0,"{""event_name"": ""logout"", ""timestamp"": ""2026-09-23 11:16:53.760"", ""session_id"": 66}",0,0,UNKNOWN
logout,2026-09-23 11:16:53.760,76,0,0,0,"{""event_name"": ""logout"", ""timestamp"": ""2026-09-23 11:16:53.760"", ""session_id"": 76}",0,0,UNKNOWN
logout,2026-09-23 11:16:53.760,52,0,0,0,"{""event_name"": ""logout"", ""timestamp"": ""2026-09-23 11:16:53.760"", ""session_id"": 52}",0,0,UNKNOWN
logout,2026-09-23 11:16:53.760,58,0,0,0,"{""event_name"": ""logout"", ""timestamp"": ""2026-09-23 11:16:53.760"", ""session_id"": 58}",0,0,UNKNOWN
lock_acquired,2026-09-23 11:16:53.760,79,0,0,0,"{""event_name"": ""lock_acquired"", ""timestamp"": ""2026-09-23 11:16:53.760"", ""session_id"": 79, ""resource_type"": ""OBJECT"", ""mode"": ""IS""}",OBJECT,IS,UNKNOWN
lock_acquired,2026-09-23 11:16:53.760,74,0,0,0,"{""event_name"": ""lock_acquired"", ""timestamp"": ""2026-09-23 11:16:53.760"", ""session_id"": 74, ""resource_type"": ""OBJECT"", ""mode"": ""IS""}",OBJECT,IS,UNKNOWN
lock_acquired,2026-09-23 11:16:53.760,74,0,0,0,"{""event_name"": ""lock_acquired"", ""timestamp"": ""2026-09-23 11:16:53.760"", ""session_id"": 74, ""resource_type"": ""OBJECT"", ""mode"": ""IX""}",OBJECT,IX,UNKNOWN
lock_acquired,2026-09-23 11:16:53.760,78,0,0,0,"{""event_name"": ""lock_acquired"", ""timestamp"": ""2026-09-23 11:16:53.760"", ""session_id"": 78, ""resource_type"": ""OBJECT"", ""mode"": ""IS""}",OBJECT,IS,UNKNOWN
lock_released,2026-09-23 11:16:53.760,74,0,0,0,"{""event_name"": ""lock_released"", ""timestamp"": ""2026-09-23 11:16:53.760"", ""session_id"": 74, ""resource_type"": ""OBJECT"", ""mode"": ""Sch-S""}",OBJECT,Sch-S,UNKNOWN
lock_released,2026-09-23 11:16:53.760,77,0,0,0,"{""event_name"": ""lock_released"", ""timestamp"": ""2026-09-23 11:16:53.760"", ""session_id"": 77, ""resource_type"": ""PAGE"", ""mode"": ""S""}",PAGE,S,UNKNOWN
lock_released,2026-09-23 11:16:53.760,75,0,0,0,"{""event_name"": ""lock_released"", ""timestamp"": ""2026-09-23 11:16:53.760"", ""session_id"": 75, ""resource_type"": ""OBJECT"", ""mode"": ""IS""}",OBJECT,IS,UNKNOWN
lock_released,2026-09-23 11:16:53.760,79,0,0,0,"{""event_name"": ""lock_released"", ""timestamp"": ""2026-09-23 11:16:53.760"", ""session_id"": 79, ""resource_type"": ""PAGE"", ""mode"": ""IX""}",PAGE,IX,UNKNOWN
lock_released,2026-09-23 11:16:53.760,81,0,0,0,"{""event_name"": ""lock_released"", ""timestamp"": ""2026-09-23 11:16:53.760"", ""session_id"": 81, ""resource_type"": ""PAGE"", ""mode"": ""S""}",PAGE,S,UNKNOWN
lock_released,2026-09-23 11:16:53.760,81,0,0,0,"{""event_name"": ""lock_released"", ""timestamp"": ""2026-09-23 11:16:53.760"", ""session_id"": 81, ""resource_type"": ""OBJECT"", ""mode"": ""IS""}",OBJECT,IS,UNKNOWN
lock_released,2026-09-23 11:16:53.760,74,0,0,0,"{""event_name"": ""lock_released"", ""timestamp"": ""2026-09-23 11:16:53.760"", ""session_id"": 74, ""resource_type"": ""KEY"", ""mode"": ""S""}",KEY,S,UNKNOWN
lock_released,2026-09-23 11:16:53.760,78,0,0,0,"{""event_name"": ""lock_released"", ""timestamp"": ""2026-09-23 11:16:53.760"", ""session_id"": 78, ""resource_type"": ""PAGE"", ""mode"": ""IX""}",PAGE,IX,UNKNOWN
lock_released,2026-09-23 11:16:53.760,81,0,0,0,"{""event_name"": ""lock_released"", ""timestamp"": ""2026-09-23 11:16:53.760"", ""session_id"": 81, ""resource_type"": ""OBJECT"", ""mode"": ""IX""}",OBJECT,IX,UNKNOWN
lock_released,2026-09-23 11:16:53.760,79,0,0,0,"{""event_name"": ""lock_released"", ""timestamp"": ""2026-09-23 11:16:53.760"", ""session_id"": 79, ""resource_type"": ""KEY"", ""mode"": ""X""}",KEY,X,UNKNOWN
lock_released,2026-09-23 11:16:53.760,75,0,0,0,"{""event_name"": ""lock_released"", ""timestamp"": ""2026-09-23 11:16:53.760"", ""session_id"": 75, ""resource_type"": ""OBJECT"", ""mode"": ""IX""}",OBJECT,IX,UNKNOWN
logout,2026-09-23 11:16:58.798,62,0,0,0,"{""event_name"": ""logout"", ""timestamp"": ""2026-09-23 11:16:58.798"", ""session_id"": 62}",0,0,UNKNOWN
lock_acquired,2026-09-23 11:16:58.798,75,0,0,0,"{""event_name"": ""lock_acquired"", ""timestamp"": ""2026-09-23 11:16:58.798"", ""session_id"": 75, ""resource_type"": ""OBJECT"", ""mode"": ""Sch-S""}",OBJECT,Sch-S,UNKNOWN
lock_acquired,2026-09-23 11:16:58.798,75,0,0,0,"{""event_name"": ""lock_acquired"", ""timestamp"": ""2026-09-23 11:16:58.798"", ""session_id"": 75, ""resource_type"": ""PAGE"", ""mode"": ""S""}",PAGE,S,UNKNOWN
lock_acquired,2026-09-23 11:16:58.798,80,0,0,0,"{""event_name"": ""lock_acquired"", ""timestamp"": ""2026-09-23 11:16:58.798"", ""session_id"": 80, ""resource_type"": ""METADATA"", ""mode"": ""Sch-S""}",METADATA,Sch-S,UNKNOWN
lock_acquired,2026-09-23 11:16:58.798,75,0,0,0,"{""event_name"": ""lock_acquired"", ""timestamp"": ""2026-09-23 11:16:58.798"", ""session_id"": 75, ""resource_type"": ""OBJECT"", ""mode"": ""IS""}",OBJECT,IS,UNKNOWN
lock_acquired,2026-09-23 11:16:58.798,81,0,0,0,"{""event_name"": ""lock_acquired"", ""timestamp"": ""2026-09-23 11:16:58.798"", ""session_id"": 81, ""resource_type"": ""OBJECT"", ""mode"": ""IS""}",OBJECT,IS,UNKNOWN
lock_acquired,2026-09-23 11:16:58.798,80,0,0,0,"{""event_name"": ""lock_acquired"", ""timestamp"": ""2026-09-23 11:16:58.798"", ""session_id"": 80, ""resource_type"": ""OBJECT"", ""mode"": ""Sch-S""}",OBJECT,Sch-S,UNKNOWN
lock_acquired,2026-09-23 11:16:58.798,81,0,0,0,"{""event_name"": ""lock_acquired"", ""timestamp"": ""2026-09-23 11:16:58.798"", ""session_id"": 81, ""resource_type"": ""OBJECT"", ""mode"": ""IX""}",OBJECT,IX,UNKNOWN
lock_acquired,2026-09-23 11:16:58.798,75,0,0,0,"{""event_name"": ""lock_acquired"", ""timestamp"": ""2026-09-23 11:16:58.798"", ""session_id"": 75, ""resource_type"": ""OBJECT"", ""mode"": ""IX""}",OBJECT,IX,UNKNOWN
lock_released,2026-09-23 11:16:58.798,80,0,0,0,"{""event_name"": ""lock_released"", ""timestamp"": ""2026-09-23 11:16:58.798"", ""session_id"": 80, ""resource_type"": ""OBJECT"", ""mode"": ""IS""}",OBJECT,IS,UNKNOWN
lock_released,2026-09-23 11:16:58.798,80,0,0,0,"{""event_name"": ""lock_released"", ""timestamp"": ""2026-09-23 11:16:58.798"", ""session_id"": 80, ""resource_type"": ""OBJECT"", ""mode"": ""IX""}",OBJECT,IX,UNKNOWN
logout,2026-09-23 11:17:03.844,51,0,0,0,"{""event_name"": ""logout"", ""timestamp"": ""2026-09-23 11:17:03.844"", ""session_id"": 51}",0,0,UNKNOWN
lock_acquired,2026-09-23 11:17:03.844,80,0,0,0,"{""event_name"": ""lock_acquired"", ""timestamp"": ""2026-09-23 11:17:03.844"", ""session_id"": 80, ""resource_type"": ""OBJECT"", ""mode"": ""IS""}",OBJECT,IS,UNKNOWN
lock_acquired,2026-09-23 11:17:03.844,74,0,0,0,"{""event_name"": ""lock_acquired"", ""timestamp"": ""2026-09-23 11:17:03.844"", ""session_id"": 74, ""resource_type"": ""KEY"", ""mode"": ""X""}",KEY,X,UNKNOWN
lock_acquired,2026-09-23 11:17:03.844,80,0,0,0,"{""event_name"": ""lock_acquired"", ""timestamp"": ""2026-09-23 11:17:03.844"", ""session_id"": 80, ""resource_type"": ""OBJECT"", ""mode"": ""IX""}",OBJECT,IX,UNKNOWN
lock_released,2026-09-23 11:17:03.844,73,0,0,0,"{""event_name"": ""lock_released"", ""timestamp"": ""2026-09-23 11:17:03.844"", ""session_id"": 73, ""resource_type"": ""OBJECT"", ""mode"": ""IS""}",OBJECT,IS,UNKNOWN
lock_released,2026-09-23 11:17:03.844,73,0,0,0,"{""event_name"": ""lock_released"", ""timestamp"": ""2026-09-23 11:17:03.844"", ""session_id"": 73, ""resource_type"": ""OBJECT"", ""mode"": ""IX""}",OBJECT,IX,UNKNOWN
lock_released,2026-09-23 11:17:03.844,75,0,0,0,"{""event_name"": ""lock_released"", ""timestamp"": ""2026-09-23 11:17:03.844"", ""session_id"": 75, ""resource_type"": ""OBJECT"", ""mode"": ""Sch-S""}",OBJECT,Sch-S,UNKNOWN
lock_released,2026-09-23 11:17:03.844,75,0,0,0,"{""event_name"": ""lock_released"", ""timestamp"": ""2026-09-23 11:17:03.844"", ""session_id"": 75, ""resource_type"": ""PAGE"", ""mode"": ""S""}",PAGE,S,UNKNOWN
lock_released,2026-09-23 11:17:03.844,80,0,0,0,"{""event_name"": ""lock_released"", ""timestamp"": ""2026-09-23 11:17:03.844"", ""session_id"": 80, ""resource_type"": ""METADATA"", ""mode"": ""Sch-S""}",METADATA,Sch-S,UNKNOWN
lock_released,2026-09-23 11:17:03.844,74,0,0,0,"{""event_name"": ""lock_released"", ""timestamp"": ""2026-09-23 11:17:03.844"", ""session_id"": 74, ""resource_type"": ""OBJECT"", ""mode"": ""IS""}",OBJECT,IS,UNKNOWN
lock_released,2026-09-23 11:17:03.844,80,0,0,0,"{""event_name"": ""lock_released"", ""timestamp"": ""2026-09-23 11:17:03.844"", ""session_id"": 80, ""resource_type"": ""OBJECT"", ""mode"": ""Sch-S""}",OBJECT,Sch-S,UNKNOWN
lock_acquired,2026-09-23 11:17:08.876,73,0,0,0,"{""event_name"": ""lock_acquired"", ""timestamp"": ""2026-09-23 11:17:08.876"", ""session_id"": 73, ""resource_type"": ""OBJECT"", ""mode"": ""IS""}",OBJECT,IS,UNKNOWN
lock_acquired,2026-09-23 11:17:08.876,73,0,0,0,"{""event_name"": ""lock_acquired"", ""timestamp"": ""2026-09-23 11:17:08.876"", ""session_id"": 73, ""resource_type"": ""OBJECT"", ""mode"": ""IX""}",OBJECT,IX,UNKNOWN
lock_acquired,2026-09-23 11:17:08.876,79,0,0,0,"{""event_name"": ""lock_acquired"", ""timestamp"": ""2026-09-23 11:17:08.876"", ""session_id"": 79, ""resource_type"": ""OBJECT"", ""mode"": ""Sch-S""}",OBJECT,Sch-S,UNKNOWN
lock_acquired,2026-09-23 11:17:08.876,73,0,0,0,"{""event_name"": ""lock_acquired"", ""timestamp"": ""2026-09-23 11:17:08.876"", ""session_id"": 73, ""resource_type"": ""PAGE"", ""mode"": ""S""}",PAGE,S,UNKNOWN
lock_acquired,2026-09-23 11:17:08.876,74,0,0,0,"{""event_name"": ""lock_acquired"", ""timestamp"": ""2026-09-23 11:17:08.876"", ""session_id"": 74, ""resource_type"": ""OBJECT"", ""mode"": ""IS""}",OBJECT,IS,UNKNOWN
lock_released,2026-09-23 11:17:08.876,79,0,0,0,"{""event_name"": ""lock_released"", ""timestamp"": ""2026-09-23 11:17:08.876"", ""session_id"": 79, ""resource_type"": ""OBJECT"", ""mode"": ""IS""}",OBJECT,IS,UNKNOWN
lock_released,2026-09-23 11:17:08.876,79,0,0,0,"{""event_name"": ""lock_released"", ""timestamp"": ""2026-09-23 11:17:08.876"", ""session_id"": 79, ""resource_type"": ""OBJECT"", ""mode"": ""IX""}",OBJECT,IX,UNKNOWN
lock_released,2026-09-23 11:17:08.876,74,0,0,0,"{""event_name"": ""lock_released"", ""timestamp"": ""2026-09-23 11:17:08.876"", ""session_id"": 74, ""resource_type"": ""KEY"", ""mode"": ""X""}",KEY,X,UNKNOWN
lock_released,2026-09-23 11:17:08.876,77,0,0,0,"{""event_name"": ""lock_released"", ""timestamp"": ""2026-09-23 11:17:08.876"", ""session_id"": 77, ""resource_type"": ""OBJECT"", ""mode"": ""IS""}",OBJECT,IS,UNKNOWN
lock_released,2026-09-23 11:17:08.876,77,0,0,0,"{""event_name"": ""lock_released"", ""timestamp"": ""2026-09-23 11:17:08.876"", ""session_id"": 77, ""resource_type"": ""OBJECT"", ""mode"": ""IX""}",OBJECT,IX,UNKNOWN
lock_acquired,2026-09-23 11:17:13.942,79,0,0,0,"{""event_name"": ""lock_acquired"", ""timestamp"": ""2026-09-23 11:17:13.942"", ""session_id"": 79, ""resource_type"": ""OBJECT"", ""mode"": ""IS""}",OBJECT,IS,UNKNOWN
lock_acquired,2026-09-23 11:17:13.942,80,0,0,0,"{""event_name"": ""lock_acquired"", ""timestamp"": ""2026-09-23 11:17:13.942"", ""session_id"": 80, ""resource_type"": ""METADATA"", ""mode"": ""Sch-S""}",METADATA,Sch-S,UNKNOWN
lock_acquired,2026-09-23 11:17:13.942,79,0,0,0,"{""event_name"": ""lock_acquired"", ""timestamp"": ""2026-09-23 11:17:13.942"", ""session_id"": 79, ""resource_type"": ""OBJECT"", ""mode"": ""IX""}",OBJECT,IX,UNKNOWN
lock_acquired,2026-09-23 11:17:13.942,77,0,0,0,"{""event_name"": ""lock_acquired"", ""timestamp"": ""2026-09-23 11:17:13.942"", ""session_id"": 77, ""resource_type"": ""OBJECT"", ""mode"": ""IS""}",OBJECT,IS,UNKNOWN
lock_acquired,2026-09-23 11:17:13.942,77,0,0,0,"{""event_name"": ""lock_acquired"", ""timestamp"": ""2026-09-23 11:17:13.942"", ""session_id"": 77, ""resource_type"": ""OBJECT"", ""mode"": ""IX""}",OBJECT,IX,UNKNOWN
lock_acquired,2026-09-23 11:17:13.942,80,0,0,0,"{""event_name"": ""lock_acquired"", ""timestamp"": ""2026-09-23 11:17:13.942"", ""session_id"": 80, ""resource_type"": ""OBJECT"", ""mode"": ""Sch-S""}",OBJECT,Sch-S,UNKNOWN
lock_released,2026-09-23 11:17:13.942,80,0,0,0,"{""event_name"": ""lock_released"", ""timestamp"": ""2026-09-23 11:17:13.942"", ""session_id"": 80, ""resource_type"": ""OBJECT"", ""mode"": ""IS""}",OBJECT,IS,UNKNOWN
lock_released,2026-09-23 11:17:13.942,79,0,0,0,"{""event_name"": ""lock_released"", ""timestamp"": ""2026-09-23 11:17:13.942"", ""session_id"": 79, ""resource_type"": ""OBJECT"", ""mode"": ""Sch-S""}",OBJECT,Sch-S,UNKNOWN
lock_released,2026-09-23 11:17:13.942,80,0,0,0,"{""event_name"": ""lock_released"", ""timestamp"": ""2026-09-23 11:17:13.942"", ""session_id"": 80, ""resource_type"": ""OBJECT"", ""mode"": ""IX""}",OBJECT,IX,UNKNOWN
lock_released,2026-09-23 11:17:13.942,73,0,0,0,"{""event_name"": ""lock_released"", ""timestamp"": ""2026-09-23 11:17:13.942"", ""session_id"": 73, ""resource_type"": ""PAGE"", ""mode"": ""S""}",PAGE,S,UNKNOWN
lock_released,2026-09-23 11:17:13.942,74,0,0,0,"{""event_name"": ""lock_released"", ""timestamp"": ""2026-09-23 11:17:13.942"", ""session_id"": 74, ""resource_type"": ""OBJECT"", ""mode"": ""IS""}",OBJECT,IS,UNKNOWN
lock_released,2026-09-23 11:17:13.942,74,0,0,0,"{""event_name"": ""lock_released"", ""timestamp"": ""2026-09-23 11:17:13.942"", ""session_id"": 74, ""resource_type"": ""OBJECT"", ""mode"": ""IX""}",OBJECT,IX,UNKNOWN
lock_acquired,2026-09-23 11:17:18.980,78,0,0,0,"{""event_name"": ""lock_acquired"", ""timestamp"": ""2026-09-23 11:17:18.980"", ""session_id"": 78, ""resource_type"": ""OBJECT"", ""mode"": ""Sch-S""}",OBJECT,Sch-S,UNKNOWN
lock_acquired,2026-09-23 11:17:18.980,80,0,0,0,"{""event_name"": ""lock_acquired"", ""timestamp"": ""2026-09-23 11:17:18.980"", ""session_id"": 80, ""resource_type"": ""OBJECT"", ""mode"": ""IS""}",OBJECT,IS,UNKNOWN
lock_acquired,2026-09-23 11:17:18.980,80,0,0,0,"{""event_name"": ""lock_acquired"", ""timestamp"": ""2026-09-23 11:17:18.980"", ""session_id"": 80, ""resource_type"": ""OBJECT"", ""mode"": ""IX""}",OBJECT,IX,UNKNOWN
lock_acquired,2026-09-23 11:17:18.980,74,0,0,0,"{""event_name"": ""lock_acquired"", ""timestamp"": ""2026-09-23 11:17:18.980"", ""session_id"": 74, ""resource_type"": ""OBJECT"", ""mode"": ""IS""}",OBJECT,IS,UNKNOWN
lock_acquired,2026-09-23 11:17:18.980,74,0,0,0,"{""event_name"": ""lock_acquired"", ""timestamp"": ""2026-09-23 11:17:18.980"", ""session_id"": 74, ""resource_type"": ""OBJECT"", ""mode"": ""IX""}",OBJECT,IX,UNKNOWN
lock_released,2026-09-23 11:17:18.980,80,0,0,0,"{""event_name"": ""lock_released"", ""timestamp"": ""2026-09-23 11:17:18.980"", ""session_id"": 80, ""resource_type"": ""METADATA"", ""mode"": ""Sch-S""}",METADATA,Sch-S,UNKNOWN
lock_released,2026-09-23 11:17:18.980,78,0,0,0,"{""event_name"": ""lock_released"", ""timestamp"": ""2026-09-23 11:17:18.980"", ""session_id"": 78, ""resource_type"": ""OBJECT"", ""mode"": ""IS""}",OBJECT,IS,UNKNOWN
lock_released,2026-09-23 11:17:18.980,80,0,0,0,"{""event_name"": ""lock_released"", ""timestamp"": ""2026-09-23 11:17:18.980"", ""session_id"": 80, ""resource_type"": ""OBJECT"", ""mode"": ""Sch-S""}",OBJECT,Sch-S,UNKNOWN
lock_released,2026-09-23 11:17:18.980,75,0,0,0,"{""event_name"": ""lock_released"", ""timestamp"": ""2026-09-23 11:17:18.980"", ""session_id"": 75, ""resource_type"": ""OBJECT"", ""mode"": ""IS""}",OBJECT,IS,UNKNOWN
lock_released,2026-09-23 11:17:18.980,78,0,0,0,"{""event_name"": ""lock_released"", ""timestamp"": ""2026-09-23 11:17:18.980"", ""session_id"": 78, ""resource_type"": ""OBJECT"", ""mode"": ""IX""}",OBJECT,IX,UNKNOWN
lock_released,2026-09-23 11:17:18.980,75,0,0,0,"{""event_name"": ""lock_released"", ""timestamp"": ""2026-09-23 11:17:18.980"", ""session_id"": 75, ""resource_type"": ""OBJECT"", ""mode"": ""IX""}",OBJECT,IX,UNKNOWN
lock_acquired,2026-09-23 11:17:24.018,75,0,0,0,"{""event_name"": ""lock_acquired"", ""timestamp"": ""2026-09-23 11:17:24.018"", ""session_id"": 75, ""resource_type"": ""OBJECT"", ""mode"": ""IS""}",OBJECT,IS,UNKNOWN
lock_acquired,2026-09-23 11:17:24.018,75,0,0,0,"{""event_name"": ""lock_acquired"", ""timestamp"": ""2026-09-23 11:17:24.018"", ""session_id"": 75, ""resource_type"": ""OBJECT"", ""mode"": ""IX""}",OBJECT,IX,UNKNOWN
lock_acquired,2026-09-23 11:17:24.018,78,0,0,0,"{""event_name"": ""lock_acquired"", ""timestamp"": ""2026-09-23 11:17:24.018"", ""session_id"": 78, ""resource_type"": ""KEY"", ""mode"": ""X""}",KEY,X,UNKNOWN
lock_acquired,2026-09-23 11:17:24.018,73,0,0,0,"{""event_name"": ""lock_acquired"", ""timestamp"": ""2026-09-23 11:17:24.018"", ""session_id"": 73, ""resource_type"": ""PAGE"", ""mode"": ""S""}",PAGE,S,UNKNOWN
lock_released,2026-09-23 11:17:24.018,78,0,0,0,"{""event_name"": ""lock_released"", ""timestamp"": ""2026-09-23 11:17:24.018"", ""session_id"": 78, ""resource_type"": ""OBJECT"", ""mode"": ""Sch-S""}",OBJECT,Sch-S,UNKNOWN
lock_released,2026-09-23 11:17:24.018,79,0,0,0,"{""event_name"": ""lock_released"", ""timestamp"": ""2026-09-23 11:17:24.018"", ""session_id"": 79, ""resource_type"": ""OBJECT"", ""mode"": ""IS""}",OBJECT,IS,UNKNOWN
lock_released,2026-09-23 11:17:24.018,79,0,0,0,"{""event_name"": ""lock_released"", ""timestamp"": ""2026-09-23 11:17:24.018"", ""session_id"": 79, ""resource_type"": ""OBJECT"", ""mode"": ""IX""}",OBJECT,IX,UNKNOWN
lock_released,2026-09-23 11:17:24.018,81,0,0,0,"{""event_name"": ""lock_released"", ""timestamp"": ""2026-09-23 11:17:24.018"", ""session_id"": 81, ""resource_type"": ""OBJECT"", ""mode"": ""IS""}",OBJECT,IS,UNKNOWN
lock_released,2026-09-23 11:17:24.018,81,0,0,0,"{""event_name"": ""lock_released"", ""timestamp"": ""2026-09-23 11:17:24.018"", ""session_id"": 81, ""resource_type"": ""OBJECT"", ""mode"": ""IX""}",OBJECT,IX,UNKNOWN
lock_acquired,2026-09-23 11:17:29.065,79,0,0,0,"{""event_name"": ""lock_acquired"", ""timestamp"": ""2026-09-23 11:17:29.065"", ""session_id"": 79, ""resource_type"": ""PAGE"", ""mode"": ""S""}",PAGE,S,UNKNOWN
lock_acquired,2026-09-23 11:17:29.065,81,0,0,0,"{""event_name"": ""lock_acquired"", ""timestamp"": ""2026-09-23 11:17:29.065"", ""session_id"": 81, ""resource_type"": ""PAGE"", ""mode"": ""IX""}",PAGE,IX,UNKNOWN
lock_acquired,2026-09-23 11:17:29.065,79,0,0,0,"{""event_name"": ""lock_acquired"", ""timestamp"": ""2026-09-23 11:17:29.065"", ""session_id"": 79, ""resource_type"": ""OBJECT"", ""mode"": ""IS""}",OBJECT,IS,UNKNOWN
lock_acquired,2026-09-23 11:17:29.065,79,0,0,0,"{""event_name"": ""lock_acquired"", ""timestamp"": ""2026-09-23 11:17:29.065"", ""session_id"": 79, ""resource_type"": ""OBJECT"", ""mode"": ""IX""}",OBJECT,IX,UNKNOWN
lock_acquired,2026-09-23 11:17:29.065,78,0,0,0,"{""event_name"": ""lock_acquired"", ""timestamp"": ""2026-09-23 11:17:29.065"", ""session_id"": 78, ""resource_type"": ""OBJECT"", ""mode"": ""IS""}",OBJECT,IS,UNKNOWN
lock_acquired,2026-09-23 11:17:29.065,81,0,0,0,"{""event_name"": ""lock_acquired"", ""timestamp"": ""2026-09-23 11:17:29.065"", ""session_id"": 81, ""resource_type"": ""OBJECT"", ""mode"": ""IX""}",OBJECT,IX,UNKNOWN
lock_acquired,2026-09-23 11:17:29.065,78,0,0,0,"{""event_name"": ""lock_acquired"", ""timestamp"": ""2026-09-23 11:17:29.065"", ""session_id"": 78, ""resource_type"": ""OBJECT"", ""mode"": ""IX""}",OBJECT,IX,UNKNOWN
lock_released,2026-09-23 11:17:29.065,78,0,0,0,"{""event_name"": ""lock_released"", ""timestamp"": ""2026-09-23 11:17:29.065"", ""session_id"": 78, ""resource_type"": ""KEY"", ""mode"": ""X""}",KEY,X,UNKNOWN
lock_released,2026-09-23 11:17:29.065,73,0,0,0,"{""event_name"": ""lock_released"", ""timestamp"": ""2026-09-23 11:17:29.065"", ""session_id"": 73, ""resource_type"": ""PAGE"", ""mode"": ""S""}",PAGE,S,UNKNOWN
login,2026-09-23 11:17:34.114,51,NT AUTHORITY\SYSTEM,SQLServerCEIP,SteelNort,"{""event_name"": ""login"", ""timestamp"": ""2026-09-23 11:17:34.114"", ""session_id"": 51, ""login_name"": ""NT AUTHORITY\\SYSTEM"", ""program_name"": ""SQLServerCEIP"", ""database_name"": ""SteelNort""}",0,0,UNKNOWN
lock_acquired,2026-09-23 11:17:34.114,81,0,0,0,"{""event_name"": ""lock_acquired"", ""timestamp"": ""2026-09-23 11:17:34.114"", ""session_id"": 81, ""resource_type"": ""OBJECT"", ""mode"": ""Sch-S""}",OBJECT,Sch-S,UNKNOWN
lock_acquired,2026-09-23 11:17:34.114,81,0,0,0,"{""event_name"": ""lock_acquired"", ""timestamp"": ""2026-09-23 11:17:34.114"", ""session_id"": 81, ""resource_type"": ""METADATA"", ""mode"": ""Sch-S""}",METADATA,Sch-S,UNKNOWN
lock_released,2026-09-23 11:17:34.114,79,0,0,0,"{""event_name"": ""lock_released"", ""timestamp"": ""2026-09-23 11:17:34.114"", ""session_id"": 79, ""resource_type"": ""PAGE"", ""mode"": ""S""}",PAGE,S,UNKNOWN
lock_released,2026-09-23 11:17:34.114,81,0,0,0,"{""event_name"": ""lock_released"", ""timestamp"": ""2026-09-23 11:17:34.114"", ""session_id"": 81, ""resource_type"": ""PAGE"", ""mode"": ""IX""}",PAGE,IX,UNKNOWN
lock_released,2026-09-23 11:17:34.114,74,0,0,0,"{""event_name"": ""lock_released"", ""timestamp"": ""2026-09-23 11:17:34.114"", ""session_id"": 74, ""resource_type"": ""OBJECT"", ""mode"": ""IS""}",OBJECT,IS,UNKNOWN
lock_released,2026-09-23 11:17:34.114,74,0,0,0,"{""event_name"": ""lock_released"", ""timestamp"": ""2026-09-23 11:17:34.114"", ""session_id"": 74, ""resource_type"": ""OBJECT"", ""mode"": ""IX""}",OBJECT,IX,UNKNOWN
lock_released,2026-09-23 11:17:34.114,81,0,0,0,"{""event_name"": ""lock_released"", ""timestamp"": ""2026-09-23 11:17:34.114"", ""session_id"": 81, ""resource_type"": ""OBJECT"", ""mode"": ""IX""}",OBJECT,IX,UNKNOWN
lock_acquired,2026-09-23 11:17:39.153,73,0,0,0,"{""event_name"": ""lock_acquired"", ""timestamp"": ""2026-09-23 11:17:39.153"", ""session_id"": 73, ""resource_type"": ""METADATA"", ""mode"": ""Sch-S""}",METADATA,Sch-S,UNKNOWN
lock_acquired,2026-09-23 11:17:39.153,78,0,0,0,"{""event_name"": ""lock_acquired"", ""timestamp"": ""2026-09-23 11:17:39.153"", ""session_id"": 78, ""resource_type"": ""PAGE"", ""mode"": ""S""}",PAGE,S,UNKNOWN
lock_acquired,2026-09-23 11:17:39.153,73,0,0,0,"{""event_name"": ""lock_acquired"", ""timestamp"": ""2026-09-23 11:17:39.153"", ""session_id"": 73, ""resource_type"": ""OBJECT"", ""mode"": ""Sch-S""}",OBJECT,Sch-S,UNKNOWN
lock_acquired,2026-09-23 11:17:39.153,80,0,0,0,"{""event_name"": ""lock_acquired"", ""timestamp"": ""2026-09-23 11:17:39.153"", ""session_id"": 80, ""resource_type"": ""PAGE"", ""mode"": ""S""}",PAGE,S,UNKNOWN
lock_acquired,2026-09-23 11:17:39.153,74,0,0,0,"{""event_name"": ""lock_acquired"", ""timestamp"": ""2026-09-23 11:17:39.153"", ""session_id"": 74, ""resource_type"": ""OBJECT"", ""mode"": ""IS""}",OBJECT,IS,UNKNOWN
lock_acquired,2026-09-23 11:17:39.153,81,0,0,0,"{""event_name"": ""lock_acquired"", ""timestamp"": ""2026-09-23 11:17:39.153"", ""session_id"": 81, ""resource_type"": ""PAGE"", ""mode"": ""S""}",PAGE,S,UNKNOWN
lock_acquired,2026-09-23 11:17:39.153,74,0,0,0,"{""event_name"": ""lock_acquired"", ""timestamp"": ""2026-09-23 11:17:39.153"", ""session_id"": 74, ""resource_type"": ""OBJECT"", ""mode"": ""IX""}",OBJECT,IX,UNKNOWN
lock_acquired,2026-09-23 11:17:39.153,81,0,0,0,"{""event_name"": ""lock_acquired"", ""timestamp"": ""2026-09-23 11:17:39.153"", ""session_id"": 81, ""resource_type"": ""OBJECT"", ""mode"": ""IS""}",OBJECT,IS,UNKNOWN
lock_acquired,2026-09-23 11:17:39.153,81,0,0,0,"{""event_name"": ""lock_acquired"", ""timestamp"": ""2026-09-23 11:17:39.153"", ""session_id"": 81, ""resource_type"": ""OBJECT"", ""mode"": ""IX""}",OBJECT,IX,UNKNOWN
lock_released,2026-09-23 11:17:39.153,73,0,0,0,"{""event_name"": ""lock_released"", ""timestamp"": ""2026-09-23 11:17:39.153"", ""session_id"": 73, ""resource_type"": ""OBJECT"", ""mode"": ""IS""}",OBJECT,IS,UNKNOWN
lock_released,2026-09-23 11:17:39.153,81,0,0,0,"{""event_name"": ""lock_released"", ""timestamp"": ""2026-09-23 11:17:39.153"", ""session_id"": 81, ""resource_type"": ""OBJECT"", ""mode"": ""Sch-S""}",OBJECT,Sch-S,UNKNOWN
lock_released,2026-09-23 11:17:39.153,73,0,0,0,"{""event_name"": ""lock_released"", ""timestamp"": ""2026-09-23 11:17:39.153"", ""session_id"": 73, ""resource_type"": ""OBJECT"", ""mode"": ""IX""}",OBJECT,IX,UNKNOWN
lock_released,2026-09-23 11:17:39.153,79,0,0,0,"{""event_name"": ""lock_released"", ""timestamp"": ""2026-09-23 11:17:39.153"", ""session_id"": 79, ""resource_type"": ""OBJECT"", ""mode"": ""IS""}",OBJECT,IS,UNKNOWN
lock_released,2026-09-23 11:17:39.153,79,0,0,0,"{""event_name"": ""lock_released"", ""timestamp"": ""2026-09-23 11:17:39.153"", ""session_id"": 79, ""resource_type"": ""OBJECT"", ""mode"": ""IX""}",OBJECT,IX,UNKNOWN
lock_released,2026-09-23 11:17:39.153,81,0,0,0,"{""event_name"": ""lock_released"", ""timestamp"": ""2026-09-23 11:17:39.153"", ""session_id"": 81, ""resource_type"": ""METADATA"", ""mode"": ""Sch-S""}",METADATA,Sch-S,UNKNOWN
lock_acquired,2026-09-23 11:17:44.189,79,0,0,0,"{""event_name"": ""lock_acquired"", ""timestamp"": ""2026-09-23 11:17:44.189"", ""session_id"": 79, ""resource_type"": ""OBJECT"", ""mode"": ""IS""}",OBJECT,IS,UNKNOWN
lock_acquired,2026-09-23 11:17:44.189,79,0,0,0,"{""event_name"": ""lock_acquired"", ""timestamp"": ""2026-09-23 11:17:44.189"", ""session_id"": 79, ""resource_type"": ""OBJECT"", ""mode"": ""IX""}",OBJECT,IX,UNKNOWN
lock_released,2026-09-23 11:17:44.189,78,0,0,0,"{""event_name"": ""lock_released"", ""timestamp"": ""2026-09-23 11:17:44.189"", ""session_id"": 78, ""resource_type"": ""PAGE"", ""mode"": ""S""}",PAGE,S,UNKNOWN
lock_released,2026-09-23 11:17:44.189,81,0,0,0,"{""event_name"": ""lock_released"", ""timestamp"": ""2026-09-23 11:17:44.189"", ""session_id"": 81, ""resource_type"": ""PAGE"", ""mode"": ""S""}",PAGE,S,UNKNOWN
lock_acquired,2026-09-23 11:17:49.218,73,0,0,0,"{""event_name"": ""lock_acquired"", ""timestamp"": ""2026-09-23 11:17:49.218"", ""session_id"": 73, ""resource_type"": ""OBJECT"", ""mode"": ""IS""}",OBJECT,IS,UNKNOWN
lock_acquired,2026-09-23 11:17:49.218,73,0,0,0,"{""event_name"": ""lock_acquired"", ""timestamp"": ""2026-09-23 11:17:49.218"", ""session_id"": 73, ""resource_type"": ""OBJECT"", ""mode"": ""IX""}",OBJECT,IX,UNKNOWN
lock_acquired,2026-09-23 11:17:49.218,80,0,0,0,"{""event_name"": ""lock_acquired"", ""timestamp"": ""2026-09-23 11:17:49.218"", ""session_id"": 80, ""resource_type"": ""KEY"", ""mode"": ""S""}",KEY,S,UNKNOWN
lock_acquired,2026-09-23 11:17:49.218,75,0,0,0,"{""event_name"": ""lock_acquired"", ""timestamp"": ""2026-09-23 11:17:49.218"", ""session_id"": 75, ""resource_type"": ""PAGE"", ""mode"": ""IX""}",PAGE,IX,UNKNOWN
lock_acquired,2026-09-23 11:17:49.218,77,0,0,0,"{""event_name"": ""lock_acquired"", ""timestamp"": ""2026-09-23 11:17:49.218"", ""session_id"": 77, ""resource_type"": ""KEY"", ""mode"": ""X""}",KEY,X,UNKNOWN
lock_acquired,2026-09-23 11:17:49.218,75,0,0,0,"{""event_name"": ""lock_acquired"", ""timestamp"": ""2026-09-23 11:17:49.218"", ""session_id"": 75, ""resource_type"": ""KEY"", ""mode"": ""X""}",KEY,X,UNKNOWN
lock_acquired,2026-09-23 11:17:49.218,80,0,0,0,"{""event_name"": ""lock_acquired"", ""timestamp"": ""2026-09-23 11:17:49.218"", ""session_id"": 80, ""resource_type"": ""PAGE"", ""mode"": ""IS""}",PAGE,IS,UNKNOWN
lock_released,2026-09-23 11:17:49.218,73,0,0,0,"{""event_name"": ""lock_released"", ""timestamp"": ""2026-09-23 11:17:49.218"", ""session_id"": 73, ""resource_type"": ""METADATA"", ""mode"": ""Sch-S""}",METADATA,Sch-S,UNKNOWN
lock_released,2026-09-23 11:17:49.218,79,0,0,0,"{""event_name"": ""lock_released"", ""timestamp"": ""2026-09-23 11:17:49.218"", ""session_id"": 79, ""resource_type"": ""OBJECT"", ""mode"": ""IS""}",OBJECT,IS,UNKNOWN
lock_released,2026-09-23 11:17:49.218,79,0,0,0,"{""event_name"": ""lock_released"", ""timestamp"": ""2026-09-23 11:17:49.218"", ""session_id"": 79, ""resource_type"": ""OBJECT"", ""mode"": ""IX""}",OBJECT,IX,UNKNOWN
lock_released,2026-09-23 11:17:49.218,73,0,0,0,"{""event_name"": ""lock_released"", ""timestamp"": ""2026-09-23 11:17:49.218"", ""session_id"": 73, ""resource_type"": ""OBJECT"", ""mode"": ""Sch-S""}",OBJECT,Sch-S,UNKNOWN
lock_released,2026-09-23 11:17:49.218,80,0,0,0,"{""event_name"": ""lock_released"", ""timestamp"": ""2026-09-23 11:17:49.218"", ""session_id"": 80, ""resource_type"": ""OBJECT"", ""mode"": ""IX""}",OBJECT,IX,UNKNOWN
lock_released,2026-09-23 11:17:49.218,77,0,0,0,"{""event_name"": ""lock_released"", ""timestamp"": ""2026-09-23 11:17:49.218"", ""session_id"": 77, ""resource_type"": ""OBJECT"", ""mode"": ""IS""}",OBJECT,IS,UNKNOWN
lock_released,2026-09-23 11:17:49.218,75,0,0,0,"{""event_name"": ""lock_released"", ""timestamp"": ""2026-09-23 11:17:49.218"", ""session_id"": 75, ""resource_type"": ""OBJECT"", ""mode"": ""IS""}",OBJECT,IS,UNKNOWN
lock_released,2026-09-23 11:17:49.218,80,0,0,0,"{""event_name"": ""lock_released"", ""timestamp"": ""2026-09-23 11:17:49.218"", ""session_id"": 80, ""resource_type"": ""PAGE"", ""mode"": ""S""}",PAGE,S,UNKNOWN
lock_released,2026-09-23 11:17:49.218,77,0,0,0,"{""event_name"": ""lock_released"", ""timestamp"": ""2026-09-23 11:17:49.218"", ""session_id"": 77, ""resource_type"": ""OBJECT"", ""mode"": ""IX""}",OBJECT,IX,UNKNOWN
lock_released,2026-09-23 11:17:49.218,81,0,0,0,"{""event_name"": ""lock_released"", ""timestamp"": ""2026-09-23 11:17:49.218"", ""session_id"": 81, ""resource_type"": ""OBJECT"", ""mode"": ""IS""}",OBJECT,IS,UNKNOWN
lock_released,2026-09-23 11:17:49.218,81,0,0,0,"{""event_name"": ""lock_released"", ""timestamp"": ""2026-09-23 11:17:49.218"", ""session_id"": 81, ""resource_type"": ""OBJECT"", ""mode"": ""IX""}",OBJECT,IX,UNKNOWN
lock_acquired,2026-09-23 11:18:45.561,74,0,0,0,"{""event_name"": ""lock_acquired"", ""timestamp"": ""2026-09-23 11:18:45.561"", ""session_id"": 74, ""resource_type"": ""PAGE"", ""mode"": ""S""}",PAGE,S,UNKNOWN
lock_acquired,2026-09-23 11:18:45.561,79,0,0,0,"{""event_name"": ""lock_acquired"", ""timestamp"": ""2026-09-23 11:18:45.561"", ""session_id"": 79, ""resource_type"": ""OBJECT"", ""mode"": ""IS""}",OBJECT,IS,UNKNOWN
lock_acquired,2026-09-23 11:18:45.561,79,0,0,0,"{""event_name"": ""lock_acquired"", ""timestamp"": ""2026-09-23 11:18:45.561"", ""session_id"": 79, ""resource_type"": ""OBJECT"", ""mode"": ""IX""}",OBJECT,IX,UNKNOWN
lock_acquired,2026-09-23 11:18:45.561,73,0,0,0,"{""event_name"": ""lock_acquired"", ""timestamp"": ""2026-09-23 11:18:45.561"", ""session_id"": 73, ""resource_type"": ""PAGE"", ""mode"": ""S""}",PAGE,S,UNKNOWN
lock_acquired,2026-09-23 11:18:45.561,80,0,0,0,"{""event_name"": ""lock_acquired"", ""timestamp"": ""2026-09-23 11:18:45.561"", ""session_id"": 80, ""resource_type"": ""OBJECT"", ""mode"": ""IX""}",OBJECT,IX,UNKNOWN
lock_acquired,2026-09-23 11:18:45.561,77,0,0,0,"{""event_name"": ""lock_acquired"", ""timestamp"": ""2026-09-23 11:18:45.561"", ""session_id"": 77, ""resource_type"": ""OBJECT"", ""mode"": ""IS""}",OBJECT,IS,UNKNOWN
lock_acquired,2026-09-23 11:18:45.561,77,0,0,0,"{""event_name"": ""lock_acquired"", ""timestamp"": ""2026-09-23 11:18:45.561"", ""session_id"": 77, ""resource_type"": ""OBJECT"", ""mode"": ""IX""}",OBJECT,IX,UNKNOWN
lock_acquired,2026-09-23 11:18:45.561,81,0,0,0,"{""event_name"": ""lock_acquired"", ""timestamp"": ""2026-09-23 11:18:45.561"", ""session_id"": 81, ""resource_type"": ""OBJECT"", ""mode"": ""IS""}",OBJECT,IS,UNKNOWN
lock_acquired,2026-09-23 11:18:45.561,81,0,0,0,"{""event_name"": ""lock_acquired"", ""timestamp"": ""2026-09-23 11:18:45.561"", ""session_id"": 81, ""resource_type"": ""PAGE"", ""mode"": ""S""}",PAGE,S,UNKNOWN
lock_acquired,2026-09-23 11:18:45.561,81,0,0,0,"{""event_name"": ""lock_acquired"", ""timestamp"": ""2026-09-23 11:18:45.561"", ""session_id"": 81, ""resource_type"": ""OBJECT"", ""mode"": ""IX""}",OBJECT,IX,UNKNOWN
lock_released,2026-09-23 11:18:45.561,80,0,0,0,"{""event_name"": ""lock_released"", ""timestamp"": ""2026-09-23 11:18:45.561"", ""session_id"": 80, ""resource_type"": ""KEY"", ""mode"": ""S""}",KEY,S,UNKNOWN
lock_released,2026-09-23 11:18:45.561,77,0,0,0,"{""event_name"": ""lock_released"", ""timestamp"": ""2026-09-23 11:18:45.561"", ""session_id"": 77, ""resource_type"": ""KEY"", ""mode"": ""X""}",KEY,X,UNKNOWN
lock_released,2026-09-23 11:18:45.561,80,0,0,0,"{""event_name"": ""lock_released"", ""timestamp"": ""2026-09-23 11:18:45.561"", ""session_id"": 80, ""resource_type"": ""PAGE"", ""mode"": ""IS""}",PAGE,IS,UNKNOWN
lock_acquired,2026-09-23 11:18:51.607,75,0,0,0,"{""event_name"": ""lock_acquired"", ""timestamp"": ""2026-09-23 11:18:51.607"", ""session_id"": 75, ""resource_type"": ""OBJECT"", ""mode"": ""IS""}",OBJECT,IS,UNKNOWN
lock_released,2026-09-23 11:18:51.607,74,0,0,0,"{""event_name"": ""lock_released"", ""timestamp"": ""2026-09-23 11:18:51.607"", ""session_id"": 74, ""resource_type"": ""PAGE"", ""mode"": ""S""}",PAGE,S,UNKNOWN
lock_released,2026-09-23 11:18:51.607,73,0,0,0,"{""event_name"": ""lock_released"", ""timestamp"": ""2026-09-23 11:18:51.607"", ""session_id"": 73, ""resource_type"": ""PAGE"", ""mode"": ""S""}",PAGE,S,UNKNOWN
lock_released,2026-09-23 11:18:51.607,77,0,0,0,"{""event_name"": ""lock_released"", ""timestamp"": ""2026-09-23 11:18:51.607"", ""session_id"": 77, ""resource_type"": ""OBJECT"", ""mode"": ""IS""}",OBJECT,IS,UNKNOWN
lock_released,2026-09-23 11:18:51.607,75,0,0,0,"{""event_name"": ""lock_released"", ""timestamp"": ""2026-09-23 11:18:51.607"", ""session_id"": 75, ""resource_type"": ""PAGE"", ""mode"": ""IX""}",PAGE,IX,UNKNOWN
lock_released,2026-09-23 11:18:51.607,77,0,0,0,"{""event_name"": ""lock_released"", ""timestamp"": ""2026-09-23 11:18:51.607"", ""session_id"": 77, ""resource_type"": ""OBJECT"", ""mode"": ""IX""}",OBJECT,IX,UNKNOWN
lock_released,2026-09-23 11:18:51.607,81,0,0,0,"{""event_name"": ""lock_released"", ""timestamp"": ""2026-09-23 11:18:51.607"", ""session_id"": 81, ""resource_type"": ""OBJECT"", ""mode"": ""IS""}",OBJECT,IS,UNKNOWN
lock_released,2026-09-23 11:18:51.607,81,0,0,0,"{""event_name"": ""lock_released"", ""timestamp"": ""2026-09-23 11:18:51.607"", ""session_id"": 81, ""resource_type"": ""PAGE"", ""mode"": ""S""}",PAGE,S,UNKNOWN
lock_released,2026-09-23 11:18:51.607,81,0,0,0,"{""event_name"": ""lock_released"", ""timestamp"": ""2026-09-23 11:18:51.607"", ""session_id"": 81, ""resource_type"": ""OBJECT"", ""mode"": ""IX""}",OBJECT,IX,UNKNOWN
lock_released,2026-09-23 11:18:51.607,75,0,0,0,"{""event_name"": ""lock_released"", ""timestamp"": ""2026-09-23 11:18:51.607"", ""session_id"": 75, ""resource_type"": ""KEY"", ""mode"": ""X""}",KEY,X,UNKNOWN
lock_acquired,2026-09-23 11:18:56.670,77,0,0,0,"{""event_name"": ""lock_acquired"", ""timestamp"": ""2026-09-23 11:18:56.670"", ""session_id"": 77, ""resource_type"": ""OBJECT"", ""mode"": ""IS""}",OBJECT,IS,UNKNOWN
lock_acquired,2026-09-23 11:18:56.670,77,0,0,0,"{""event_name"": ""lock_acquired"", ""timestamp"": ""2026-09-23 11:18:56.670"", ""session_id"": 77, ""resource_type"": ""OBJECT"", ""mode"": ""IX""}",OBJECT,IX,UNKNOWN
lock_released,2026-09-23 11:18:56.670,80,0,0,0,"{""event_name"": ""lock_released"", ""timestamp"": ""2026-09-23 11:18:56.670"", ""session_id"": 80, ""resource_type"": ""OBJECT"", ""mode"": ""IS""}",OBJECT,IS,UNKNOWN
lock_released,2026-09-23 11:18:56.670,80,0,0,0,"{""event_name"": ""lock_released"", ""timestamp"": ""2026-09-23 11:18:56.670"", ""session_id"": 80, ""resource_type"": ""OBJECT"", ""mode"": ""IX""}",OBJECT,IX,UNKNOWN
lock_released,2026-09-23 11:18:56.670,74,0,0,0,"{""event_name"": ""lock_released"", ""timestamp"": ""2026-09-23 11:18:56.670"", ""session_id"": 74, ""resource_type"": ""OBJECT"", ""mode"": ""IS""}",OBJECT,IS,UNKNOWN
lock_released,2026-09-23 11:18:56.670,74,0,0,0,"{""event_name"": ""lock_released"", ""timestamp"": ""2026-09-23 11:18:56.670"", ""session_id"": 74, ""resource_type"": ""OBJECT"", ""mode"": ""IX""}",OBJECT,IX,UNKNOWN
lock_released,2026-09-23 11:18:56.670,78,0,0,0,"{""event_name"": ""lock_released"", ""timestamp"": ""2026-09-23 11:18:56.670"", ""session_id"": 78, ""resource_type"": ""OBJECT"", ""mode"": ""IS""}",OBJECT,IS,UNKNOWN
lock_released,2026-09-23 11:18:56.670,78,0,0,0,"{""event_name"": ""lock_released"", ""timestamp"": ""2026-09-23 11:18:56.670"", ""session_id"": 78, ""resource_type"": ""OBJECT"", ""mode"": ""IX""}",OBJECT,IX,UNKNOWN
lock_acquired,2026-09-23 11:19:01.726,80,0,0,0,"{""event_name"": ""lock_acquired"", ""timestamp"": ""2026-09-23 11:19:01.726"", ""session_id"": 80, ""resource_type"": ""OBJECT"", ""mode"": ""IS""}",OBJECT,IS,UNKNOWN
lock_acquired,2026-09-23 11:19:01.726,80,0,0,0,"{""event_name"": ""lock_acquired"", ""timestamp"": ""2026-09-23 11:19:01.726"", ""session_id"": 80, ""resource_type"": ""OBJECT"", ""mode"": ""IX""}",OBJECT,IX,UNKNOWN
lock_acquired,2026-09-23 11:19:01.726,81,0,0,0,"{""event_name"": ""lock_acquired"", ""timestamp"": ""2026-09-23 11:19:01.726"", ""session_id"": 81, ""resource_type"": ""OBJECT"", ""mode"": ""IS""}",OBJECT,IS,UNKNOWN
lock_acquired,2026-09-23 11:19:01.726,78,0,0,0,"{""event_name"": ""lock_acquired"", ""timestamp"": ""2026-09-23 11:19:01.726"", ""session_id"": 78, ""resource_type"": ""OBJECT"", ""mode"": ""IS""}",OBJECT,IS,UNKNOWN
lock_acquired,2026-09-23 11:19:01.726,81,0,0,0,"{""event_name"": ""lock_acquired"", ""timestamp"": ""2026-09-23 11:19:01.726"", ""session_id"": 81, ""resource_type"": ""OBJECT"", ""mode"": ""IX""}",OBJECT,IX,UNKNOWN
lock_acquired,2026-09-23 11:19:01.726,78,0,0,0,"{""event_name"": ""lock_acquired"", ""timestamp"": ""2026-09-23 11:19:01.726"", ""session_id"": 78, ""resource_type"": ""OBJECT"", ""mode"": ""IX""}",OBJECT,IX,UNKNOWN
login,2026-09-23 11:19:06.757,52,795ec2146175\Administrator,Microsoft SQL Server,SteelNort,"{""event_name"": ""login"", ""timestamp"": ""2026-09-23 11:19:06.757"", ""session_id"": 52, ""login_name"": ""795ec2146175\\Administrator"", ""program_name"": ""Microsoft SQL Server"", ""database_name"": ""SteelNort""}",0,0,UNKNOWN
lock_acquired,2026-09-23 11:19:06.757,80,0,0,0,"{""event_name"": ""lock_acquired"", ""timestamp"": ""2026-09-23 11:19:06.757"", ""session_id"": 80, ""resource_type"": ""PAGE"", ""mode"": ""IX""}",PAGE,IX,UNKNOWN
lock_acquired,2026-09-23 11:19:06.757,74,0,0,0,"{""event_name"": ""lock_acquired"", ""timestamp"": ""2026-09-23 11:19:06.757"", ""session_id"": 74, ""resource_type"": ""PAGE"", ""mode"": ""IX""}",PAGE,IX,UNKNOWN
lock_acquired,2026-09-23 11:19:06.757,80,0,0,0,"{""event_name"": ""lock_acquired"", ""timestamp"": ""2026-09-23 11:19:06.757"", ""session_id"": 80, ""resource_type"": ""KEY"", ""mode"": ""X""}",KEY,X,UNKNOWN
lock_acquired,2026-09-23 11:19:06.757,74,0,0,0,"{""event_name"": ""lock_acquired"", ""timestamp"": ""2026-09-23 11:19:06.757"", ""session_id"": 74, ""resource_type"": ""KEY"", ""mode"": ""X""}",KEY,X,UNKNOWN
lock_acquired,2026-09-23 11:19:06.757,77,0,0,0,"{""event_name"": ""lock_acquired"", ""timestamp"": ""2026-09-23 11:19:06.757"", ""session_id"": 77, ""resource_type"": ""PAGE"", ""mode"": ""S""}",PAGE,S,UNKNOWN
lock_acquired,2026-09-23 11:19:06.757,74,0,0,0,"{""event_name"": ""lock_acquired"", ""timestamp"": ""2026-09-23 11:19:06.757"", ""session_id"": 74, ""resource_type"": ""OBJECT"", ""mode"": ""IX""}",OBJECT,IX,UNKNOWN
lock_released,2026-09-23 11:19:06.757,81,0,0,0,"{""event_name"": ""lock_released"", ""timestamp"": ""2026-09-23 11:19:06.757"", ""session_id"": 81, ""resource_type"": ""OBJECT"", ""mode"": ""IX""}",OBJECT,IX,UNKNOWN
lock_released,2026-09-23 11:19:06.757,80,0,0,0,"{""event_name"": ""lock_released"", ""timestamp"": ""2026-09-23 11:19:06.757"", ""session_id"": 80, ""resource_type"": ""OBJECT"", ""mode"": ""IS""}",OBJECT,IS,UNKNOWN
lock_released,2026-09-23 11:19:06.757,81,0,0,0,"{""event_name"": ""lock_released"", ""timestamp"": ""2026-09-23 11:19:06.757"", ""session_id"": 81, ""resource_type"": ""OBJECT"", ""mode"": ""IS""}",OBJECT,IS,UNKNOWN
logout,2026-09-23 11:19:11.801,52,0,0,0,"{""event_name"": ""logout"", ""timestamp"": ""2026-09-23 11:19:11.801"", ""session_id"": 52}",0,0,UNKNOWN
lock_acquired,2026-09-23 11:19:11.801,74,0,0,0,"{""event_name"": ""lock_acquired"", ""timestamp"": ""2026-09-23 11:19:11.801"", ""session_id"": 74, ""resource_type"": ""KEY"", ""mode"": ""U""}",KEY,U,UNKNOWN
lock_acquired,2026-09-23 11:19:11.801,80,0,0,0,"{""event_name"": ""lock_acquired"", ""timestamp"": ""2026-09-23 11:19:11.801"", ""session_id"": 80, ""resource_type"": ""OBJECT"", ""mode"": ""IS""}",OBJECT,IS,UNKNOWN
lock_acquired,2026-09-23 11:19:11.801,73,0,0,0,"{""event_name"": ""lock_acquired"", ""timestamp"": ""2026-09-23 11:19:11.801"", ""session_id"": 73, ""resource_type"": ""KEY"", ""mode"": ""S""}",KEY,S,UNKNOWN
lock_acquired,2026-09-23 11:19:11.801,73,0,0,0,"{""event_name"": ""lock_acquired"", ""timestamp"": ""2026-09-23 11:19:11.801"", ""session_id"": 73, ""resource_type"": ""OBJECT"", ""mode"": ""Sch-S""}",OBJECT,Sch-S,UNKNOWN
lock_acquired,2026-09-23 11:19:11.801,81,0,0,0,"{""event_name"": ""lock_acquired"", ""timestamp"": ""2026-09-23 11:19:11.801"", ""session_id"": 81, ""resource_type"": ""OBJECT"", ""mode"": ""IS""}",OBJECT,IS,UNKNOWN
lock_acquired,2026-09-23 11:19:11.801,81,0,0,0,"{""event_name"": ""lock_acquired"", ""timestamp"": ""2026-09-23 11:19:11.801"", ""session_id"": 81, ""resource_type"": ""OBJECT"", ""mode"": ""IX""}",OBJECT,IX,UNKNOWN
lock_acquired,2026-09-23 11:19:11.801,73,0,0,0,"{""event_name"": ""lock_acquired"", ""timestamp"": ""2026-09-23 11:19:11.801"", ""session_id"": 73, ""resource_type"": ""PAGE"", ""mode"": ""IS""}",PAGE,IS,UNKNOWN
lock_released,2026-09-23 11:19:11.801,80,0,0,0,"{""event_name"": ""lock_released"", ""timestamp"": ""2026-09-23 11:19:11.801"", ""session_id"": 80, ""resource_type"": ""PAGE"", ""mode"": ""IX""}",PAGE,IX,UNKNOWN
lock_released,2026-09-23 11:19:11.801,73,0,0,0,"{""event_name"": ""lock_released"", ""timestamp"": ""2026-09-23 11:19:11.801"", ""session_id"": 73, ""resource_type"": ""OBJECT"", ""mode"": ""IX""}",OBJECT,IX,UNKNOWN
lock_released,2026-09-23 11:19:11.801,80,0,0,0,"{""event_name"": ""lock_released"", ""timestamp"": ""2026-09-23 11:19:11.801"", ""session_id"": 80, ""resource_type"": ""KEY"", ""mode"": ""X""}",KEY,X,UNKNOWN
lock_released,2026-09-23 11:19:11.801,77,0,0,0,"{""event_name"": ""lock_released"", ""timestamp"": ""2026-09-23 11:19:11.801"", ""session_id"": 77, ""resource_type"": ""PAGE"", ""mode"": ""S""}",PAGE,S,UNKNOWN
lock_released,2026-09-23 11:19:11.801,75,0,0,0,"{""event_name"": ""lock_released"", ""timestamp"": ""2026-09-23 11:19:11.801"", ""session_id"": 75, ""resource_type"": ""OBJECT"", ""mode"": ""IS""}",OBJECT,IS,UNKNOWN
lock_released,2026-09-23 11:19:11.801,75,0,0,0,"{""event_name"": ""lock_released"", ""timestamp"": ""2026-09-23 11:19:11.801"", ""session_id"": 75, ""resource_type"": ""OBJECT"", ""mode"": ""IX""}",OBJECT,IX,UNKNOWN
lock_acquired,2026-09-23 11:19:16.822,73,0,0,0,"{""event_name"": ""lock_acquired"", ""timestamp"": ""2026-09-23 11:19:16.822"", ""session_id"": 73, ""resource_type"": ""OBJECT"", ""mode"": ""IX""}",OBJECT,IX,UNKNOWN
lock_acquired,2026-09-23 11:19:16.822,73,0,0,0,"{""event_name"": ""lock_acquired"", ""timestamp"": ""2026-09-23 11:19:16.822"", ""session_id"": 73, ""resource_type"": ""PAGE"", ""mode"": ""S""}",PAGE,S,UNKNOWN
lock_acquired,2026-09-23 11:19:16.822,74,0,0,0,"{""event_name"": ""lock_acquired"", ""timestamp"": ""2026-09-23 11:19:16.822"", ""session_id"": 74, ""resource_type"": ""OBJECT"", ""mode"": ""IS""}",OBJECT,IS,UNKNOWN
lock_acquired,2026-09-23 11:19:16.822,75,0,0,0,"{""event_name"": ""lock_acquired"", ""timestamp"": ""2026-09-23 11:19:16.822"", ""session_id"": 75, ""resource_type"": ""OBJECT"", ""mode"": ""IS""}",OBJECT,IS,UNKNOWN
lock_acquired,2026-09-23 11:19:16.822,75,0,0,0,"{""event_name"": ""lock_acquired"", ""timestamp"": ""2026-09-23 11:19:16.822"", ""session_id"": 75, ""resource_type"": ""OBJECT"", ""mode"": ""IX""}",OBJECT,IX,UNKNOWN
lock_released,2026-09-23 11:19:16.822,74,0,0,0,"{""event_name"": ""lock_released"", ""timestamp"": ""2026-09-23 11:19:16.822"", ""session_id"": 74, ""resource_type"": ""KEY"", ""mode"": ""U""}",KEY,U,UNKNOWN
lock_released,2026-09-23 11:19:16.822,79,0,0,0,"{""event_name"": ""lock_released"", ""timestamp"": ""2026-09-23 11:19:16.822"", ""session_id"": 79, ""resource_type"": ""OBJECT"", ""mode"": ""IS""}",OBJECT,IS,UNKNOWN
lock_released,2026-09-23 11:19:16.822,74,0,0,0,"{""event_name"": ""lock_released"", ""timestamp"": ""2026-09-23 11:19:16.822"", ""session_id"": 74, ""resource_type"": ""PAGE"", ""mode"": ""IX""}",PAGE,IX,UNKNOWN
lock_released,2026-09-23 11:19:16.822,79,0,0,0,"{""event_name"": ""lock_released"", ""timestamp"": ""2026-09-23 11:19:16.822"", ""session_id"": 79, ""resource_type"": ""OBJECT"", ""mode"": ""IX""}",OBJECT,IX,UNKNOWN
lock_released,2026-09-23 11:19:16.822,74,0,0,0,"{""event_name"": ""lock_released"", ""timestamp"": ""2026-09-23 11:19:16.822"", ""session_id"": 74, ""resource_type"": ""KEY"", ""mode"": ""X""}",KEY,X,UNKNOWN
lock_released,2026-09-23 11:19:16.822,73,0,0,0,"{""event_name"": ""lock_released"", ""timestamp"": ""2026-09-23 11:19:16.822"", ""session_id"": 73, ""resource_type"": ""OBJECT"", ""mode"": ""Sch-S""}",OBJECT,Sch-S,UNKNOWN
lock_released,2026-09-23 11:19:16.822,73,0,0,0,"{""event_name"": ""lock_released"", ""timestamp"": ""2026-09-23 11:19:16.822"", ""session_id"": 73, ""resource_type"": ""KEY"", ""mode"": ""S""}",KEY,S,UNKNOWN
lock_released,2026-09-23 11:19:16.822,73,0,0,0,"{""event_name"": ""lock_released"", ""timestamp"": ""2026-09-23 11:19:16.822"", ""session_id"": 73, ""resource_type"": ""PAGE"", ""mode"": ""IS""}",PAGE,IS,UNKNOWN
lock_acquired,2026-09-23 11:19:21.848,79,0,0,0,"{""event_name"": ""lock_acquired"", ""timestamp"": ""2026-09-23 11:19:21.848"", ""session_id"": 79, ""resource_type"": ""OBJECT"", ""mode"": ""IS""}",OBJECT,IS,UNKNOWN
lock_acquired,2026-09-23 11:19:21.848,79,0,0,0,"{""event_name"": ""lock_acquired"", ""timestamp"": ""2026-09-23 11:19:21.848"", ""session_id"": 79, ""resource_type"": ""OBJECT"", ""mode"": ""IX""}",OBJECT,IX,UNKNOWN
lock_released,2026-09-23 11:19:21.848,73,0,0,0,"{""event_name"": ""lock_released"", ""timestamp"": ""2026-09-23 11:19:21.848"", ""session_id"": 73, ""resource_type"": ""PAGE"", ""mode"": ""S""}",PAGE,S,UNKNOWN
lock_acquired,2026-09-23 11:19:26.891,77,0,0,0,"{""event_name"": ""lock_acquired"", ""timestamp"": ""2026-09-23 11:19:26.891"", ""session_id"": 77, ""resource_type"": ""METADATA"", ""mode"": ""Sch-S""}",METADATA,Sch-S,UNKNOWN
lock_acquired,2026-09-23 11:19:26.891,77,0,0,0,"{""event_name"": ""lock_acquired"", ""timestamp"": ""2026-09-23 11:19:26.891"", ""session_id"": 77, ""resource_type"": ""OBJECT"", ""mode"": ""Sch-S""}",OBJECT,Sch-S,UNKNOWN
lock_released,2026-09-23 11:19:26.891,80,0,0,0,"{""event_name"": ""lock_released"", ""timestamp"": ""2026-09-23 11:19:26.891"", ""session_id"": 80, ""resource_type"": ""OBJECT"", ""mode"": ""IS""}",OBJECT,IS,UNKNOWN
lock_released,2026-09-23 11:19:26.891,80,0,0,0,"{""event_name"": ""lock_released"", ""timestamp"": ""2026-09-23 11:19:26.891"", ""session_id"": 80, ""resource_type"": ""OBJECT"", ""mode"": ""IX""}",OBJECT,IX,UNKNOWN
lock_released,2026-09-23 11:19:26.891,77,0,0,0,"{""event_name"": ""lock_released"", ""timestamp"": ""2026-09-23 11:19:26.891"", ""session_id"": 77, ""resource_type"": ""OBJECT"", ""mode"": ""IS""}",OBJECT,IS,UNKNOWN
lock_released,2026-09-23 11:19:26.891,74,0,0,0,"{""event_name"": ""lock_released"", ""timestamp"": ""2026-09-23 11:19:26.891"", ""session_id"": 74, ""resource_type"": ""OBJECT"", ""mode"": ""IS""}",OBJECT,IS,UNKNOWN
lock_released,2026-09-23 11:19:26.891,77,0,0,0,"{""event_name"": ""lock_released"", ""timestamp"": ""2026-09-23 11:19:26.891"", ""session_id"": 77, ""resource_type"": ""OBJECT"", ""mode"": ""IX""}",OBJECT,IX,UNKNOWN
lock_released,2026-09-23 11:19:26.891,74,0,0,0,"{""event_name"": ""lock_released"", ""timestamp"": ""2026-09-23 11:19:26.891"", ""session_id"": 74, ""resource_type"": ""OBJECT"", ""mode"": ""IX""}",OBJECT,IX,UNKNOWN
lock_acquired,2026-09-23 11:19:31.924,80,0,0,0,"{""event_name"": ""lock_acquired"", ""timestamp"": ""2026-09-23 11:19:31.924"", ""session_id"": 80, ""resource_type"": ""OBJECT"", ""mode"": ""IS""}",OBJECT,IS,UNKNOWN
lock_acquired,2026-09-23 11:19:31.924,80,0,0,0,"{""event_name"": ""lock_acquired"", ""timestamp"": ""2026-09-23 11:19:31.924"", ""session_id"": 80, ""resource_type"": ""OBJECT"", ""mode"": ""IX""}",OBJECT,IX,UNKNOWN
lock_acquired,2026-09-23 11:19:31.924,77,0,0,0,"{""event_name"": ""lock_acquired"", ""timestamp"": ""2026-09-23 11:19:31.924"", ""session_id"": 77, ""resource_type"": ""OBJECT"", ""mode"": ""IS""}",OBJECT,IS,UNKNOWN
lock_acquired,2026-09-23 11:19:31.924,74,0,0,0,"{""event_name"": ""lock_acquired"", ""timestamp"": ""2026-09-23 11:19:31.924"", ""session_id"": 74, ""resource_type"": ""OBJECT"", ""mode"": ""IS""}",OBJECT,IS,UNKNOWN
lock_acquired,2026-09-23 11:19:31.924,77,0,0,0,"{""event_name"": ""lock_acquired"", ""timestamp"": ""2026-09-23 11:19:31.924"", ""session_id"": 77, ""resource_type"": ""OBJECT"", ""mode"": ""IX""}",OBJECT,IX,UNKNOWN
lock_acquired,2026-09-23 11:19:31.924,74,0,0,0,"{""event_name"": ""lock_acquired"", ""timestamp"": ""2026-09-23 11:19:31.924"", ""session_id"": 74, ""resource_type"": ""OBJECT"", ""mode"": ""IX""}",OBJECT,IX,UNKNOWN
lock_released,2026-09-23 11:19:31.924,77,0,0,0,"{""event_name"": ""lock_released"", ""timestamp"": ""2026-09-23 11:19:31.924"", ""session_id"": 77, ""resource_type"": ""METADATA"", ""mode"": ""Sch-S""}",METADATA,Sch-S,UNKNOWN
lock_released,2026-09-23 11:19:31.924,78,0,0,0,"{""event_name"": ""lock_released"", ""timestamp"": ""2026-09-23 11:19:31.924"", ""session_id"": 78, ""resource_type"": ""OBJECT"", ""mode"": ""IS""}",OBJECT,IS,UNKNOWN
lock_released,2026-09-23 11:19:31.924,75,0,0,0,"{""event_name"": ""lock_released"", ""timestamp"": ""2026-09-23 11:19:31.924"", ""session_id"": 75, ""resource_type"": ""OBJECT"", ""mode"": ""IS""}",OBJECT,IS,UNKNOWN
lock_released,2026-09-23 11:19:31.924,78,0,0,0,"{""event_name"": ""lock_released"", ""timestamp"": ""2026-09-23 11:19:31.924"", ""session_id"": 78, ""resource_type"": ""OBJECT"", ""mode"": ""IX""}",OBJECT,IX,UNKNOWN
lock_released,2026-09-23 11:19:31.924,77,0,0,0,"{""event_name"": ""lock_released"", ""timestamp"": ""2026-09-23 11:19:31.924"", ""session_id"": 77, ""resource_type"": ""OBJECT"", ""mode"": ""Sch-S""}",OBJECT,Sch-S,UNKNOWN
lock_released,2026-09-23 11:19:31.924,75,0,0,0,"{""event_name"": ""lock_released"", ""timestamp"": ""2026-09-23 11:19:31.924"", ""session_id"": 75, ""resource_type"": ""OBJECT"", ""mode"": ""IX""}",OBJECT,IX,UNKNOWN
lock_acquired,2026-09-23 11:19:36.941,75,0,0,0,"{""event_name"": ""lock_acquired"", ""timestamp"": ""2026-09-23 11:19:36.941"", ""session_id"": 75, ""resource_type"": ""OBJECT"", ""mode"": ""IS""}",OBJECT,IS,UNKNOWN
lock_acquired,2026-09-23 11:19:36.941,80,0,0,0,"{""event_name"": ""lock_acquired"", ""timestamp"": ""2026-09-23 11:19:36.941"", ""session_id"": 80, ""resource_type"": ""PAGE"", ""mode"": ""IX""}",PAGE,IX,UNKNOWN
lock_acquired,2026-09-23 11:19:36.941,75,0,0,0,"{""event_name"": ""lock_acquired"", ""timestamp"": ""2026-09-23 11:19:36.941"", ""session_id"": 75, ""resource_type"": ""OBJECT"", ""mode"": ""IX""}",OBJECT,IX,UNKNOWN
lock_acquired,2026-09-23 11:19:36.941,80,0,0,0,"{""event_name"": ""lock_acquired"", ""timestamp"": ""2026-09-23 11:19:36.941"", ""session_id"": 80, ""resource_type"": ""KEY"", ""mode"": ""X""}",KEY,X,UNKNOWN
lock_released,2026-09-23 11:19:36.941,80,0,0,0,"{""event_name"": ""lock_released"", ""timestamp"": ""2026-09-23 11:19:36.941"", ""session_id"": 80, ""resource_type"": ""OBJECT"", ""mode"": ""IS""}",OBJECT,IS,UNKNOWN
login,2026-09-23 11:19:41.979,52,795ec2146175\Administrator,Microsoft SQL Server,SteelNort,"{""event_name"": ""login"", ""timestamp"": ""2026-09-23 11:19:41.979"", ""session_id"": 52, ""login_name"": ""795ec2146175\\Administrator"", ""program_name"": ""Microsoft SQL Server"", ""database_name"": ""SteelNort""}",0,0,UNKNOWN
lock_acquired,2026-09-23 11:19:41.979,79,0,0,0,"{""event_name"": ""lock_acquired"", ""timestamp"": ""2026-09-23 11:19:41.979"", ""session_id"": 79, ""resource_type"": ""PAGE"", ""mode"": ""S""}",PAGE,S,UNKNOWN
lock_acquired,2026-09-23 11:19:41.979,78,0,0,0,"{""event_name"": ""lock_acquired"", ""timestamp"": ""2026-09-23 11:19:41.979"", ""session_id"": 78, ""resource_type"": ""OBJECT"", ""mode"": ""IX""}",OBJECT,IX,UNKNOWN
lock_acquired,2026-09-23 11:19:41.979,80,0,0,0,"{""event_name"": ""lock_acquired"", ""timestamp"": ""2026-09-23 11:19:41.979"", ""session_id"": 80, ""resource_type"": ""OBJECT"", ""mode"": ""IS""}",OBJECT,IS,UNKNOWN
lock_acquired,2026-09-23 11:19:41.979,78,0,0,0,"{""event_name"": ""lock_acquired"", ""timestamp"": ""2026-09-23 11:19:41.979"", ""session_id"": 78, ""resource_type"": ""OBJECT"", ""mode"": ""IS""}",OBJECT,IS,UNKNOWN
lock_released,2026-09-23 11:19:41.979,80,0,0,0,"{""event_name"": ""lock_released"", ""timestamp"": ""2026-09-23 11:19:41.979"", ""session_id"": 80, ""resource_type"": ""PAGE"", ""mode"": ""IX""}",PAGE,IX,UNKNOWN
lock_released,2026-09-23 11:19:41.979,80,0,0,0,"{""event_name"": ""lock_released"", ""timestamp"": ""2026-09-23 11:19:41.979"", ""session_id"": 80, ""resource_type"": ""KEY"", ""mode"": ""X""}",KEY,X,UNKNOWN
lock_released,2026-09-23 11:19:41.979,77,0,0,0,"{""event_name"": ""lock_released"", ""timestamp"": ""2026-09-23 11:19:41.979"", ""session_id"": 77, ""resource_type"": ""OBJECT"", ""mode"": ""IS""}",OBJECT,IS,UNKNOWN
lock_released,2026-09-23 11:19:41.979,75,0,0,0,"{""event_name"": ""lock_released"", ""timestamp"": ""2026-09-23 11:19:41.979"", ""session_id"": 75, ""resource_type"": ""OBJECT"", ""mode"": ""IS""}",OBJECT,IS,UNKNOWN
lock_released,2026-09-23 11:19:41.979,77,0,0,0,"{""event_name"": ""lock_released"", ""timestamp"": ""2026-09-23 11:19:41.979"", ""session_id"": 77, ""resource_type"": ""OBJECT"", ""mode"": ""IX""}",OBJECT,IX,UNKNOWN
lock_released,2026-09-23 11:19:41.979,81,0,0,0,"{""event_name"": ""lock_released"", ""timestamp"": ""2026-09-23 11:19:41.979"", ""session_id"": 81, ""resource_type"": ""OBJECT"", ""mode"": ""IS""}",OBJECT,IS,UNKNOWN
lock_released,2026-09-23 11:19:41.979,81,0,0,0,"{""event_name"": ""lock_released"", ""timestamp"": ""2026-09-23 11:19:41.979"", ""session_id"": 81, ""resource_type"": ""OBJECT"", ""mode"": ""IX""}",OBJECT,IX,UNKNOWN
lock_released,2026-09-23 11:19:41.979,75,0,0,0,"{""event_name"": ""lock_released"", ""timestamp"": ""2026-09-23 11:19:41.979"", ""session_id"": 75, ""resource_type"": ""OBJECT"", ""mode"": ""IX""}",OBJECT,IX,UNKNOWN
login,2026-09-23 11:19:47.013,64,sa,unknown,SteelNort,"{""event_name"": ""login"", ""timestamp"": ""2026-09-23 11:19:47.013"", ""session_id"": 64, ""login_name"": ""sa"", ""program_name"": ""unknown"", ""database_name"": ""SteelNort""}",0,0,UNKNOWN
login,2026-09-23 11:19:47.013,65,sa,unknown,SteelNort,"{""event_name"": ""login"", ""timestamp"": ""2026-09-23 11:19:47.013"", ""session_id"": 65, ""login_name"": ""sa"", ""program_name"": ""unknown"", ""database_name"": ""SteelNort""}",0,0,UNKNOWN
login,2026-09-23 11:19:47.013,66,sa,unknown,SteelNort,"{""event_name"": ""login"", ""timestamp"": ""2026-09-23 11:19:47.013"", ""session_id"": 66, ""login_name"": ""sa"", ""program_name"": ""unknown"", ""database_name"": ""SteelNort""}",0,0,UNKNOWN
login,2026-09-23 11:19:47.013,69,sa,unknown,SteelNort,"{""event_name"": ""login"", ""timestamp"": ""2026-09-23 11:19:47.013"", ""session_id"": 69, ""login_name"": ""sa"", ""program_name"": ""unknown"", ""database_name"": ""SteelNort""}",0,0,UNKNOWN
login,2026-09-23 11:19:47.013,70,795ec2146175\Administrator,Microsoft SQL Server,SteelNort,"{""event_name"": ""login"", ""timestamp"": ""2026-09-23 11:19:47.013"", ""session_id"": 70, ""login_name"": ""795ec2146175\\Administrator"", ""program_name"": ""Microsoft SQL Server"", ""database_name"": ""SteelNort""}",0,0,UNKNOWN
login,2026-09-23 11:19:47.013,58,sa,unknown,SteelNort,"{""event_name"": ""login"", ""timestamp"": ""2026-09-23 11:19:47.013"", ""session_id"": 58, ""login_name"": ""sa"", ""program_name"": ""unknown"", ""database_name"": ""SteelNort""}",0,0,UNKNOWN
login,2026-09-23 11:19:47.013,62,sa,unknown,SteelNort,"{""event_name"": ""login"", ""timestamp"": ""2026-09-23 11:19:47.013"", ""session_id"": 62, ""login_name"": ""sa"", ""program_name"": ""unknown"", ""database_name"": ""SteelNort""}",0,0,UNKNOWN
login,2026-09-23 11:19:47.013,63,sa,unknown,SteelNort,"{""event_name"": ""login"", ""timestamp"": ""2026-09-23 11:19:47.013"", ""session_id"": 63, ""login_name"": ""sa"", ""program_name"": ""unknown"", ""database_name"": ""SteelNort""}",0,0,UNKNOWN
lock_acquired,2026-09-23 11:19:47.013,81,0,0,0,"{""event_name"": ""lock_acquired"", ""timestamp"": ""2026-09-23 11:19:47.013"", ""session_id"": 81, ""resource_type"": ""OBJECT"", ""mode"": ""Sch-S""}",OBJECT,Sch-S,UNKNOWN
lock_acquired,2026-09-23 11:19:47.013,78,0,0,0,"{""event_name"": ""lock_acquired"", ""timestamp"": ""2026-09-23 11:19:47.013"", ""session_id"": 78, ""resource_type"": ""PAGE"", ""mode"": ""S""}",PAGE,S,UNKNOWN
lock_acquired,2026-09-23 11:19:47.013,77,0,0,0,"{""event_name"": ""lock_acquired"", ""timestamp"": ""2026-09-23 11:19:47.013"", ""session_id"": 77, ""resource_type"": ""OBJECT"", ""mode"": ""IS""}",OBJECT,IS,UNKNOWN
lock_acquired,2026-09-23 11:19:47.013,75,0,0,0,"{""event_name"": ""lock_acquired"", ""timestamp"": ""2026-09-23 11:19:47.013"", ""session_id"": 75, ""resource_type"": ""PAGE"", ""mode"": ""IX""}",PAGE,IX,UNKNOWN
lock_acquired,2026-09-23 11:19:47.013,77,0,0,0,"{""event_name"": ""lock_acquired"", ""timestamp"": ""2026-09-23 11:19:47.013"", ""session_id"": 77, ""resource_type"": ""OBJECT"", ""mode"": ""IX""}",OBJECT,IX,UNKNOWN
lock_acquired,2026-09-23 11:19:47.013,81,0,0,0,"{""event_name"": ""lock_acquired"", ""timestamp"": ""2026-09-23 11:19:47.013"", ""session_id"": 81, ""resource_type"": ""METADATA"", ""mode"": ""Sch-S""}",METADATA,Sch-S,UNKNOWN
lock_acquired,2026-09-23 11:19:47.013,74,0,0,0,"{""event_name"": ""lock_acquired"", ""timestamp"": ""2026-09-23 11:19:47.013"", ""session_id"": 74, ""resource_type"": ""PAGE"", ""mode"": ""S""}",PAGE,S,UNKNOWN
lock_acquired,2026-09-23 11:19:47.013,75,0,0,0,"{""event_name"": ""lock_acquired"", ""timestamp"": ""2026-09-23 11:19:47.013"", ""session_id"": 75, ""resource_type"": ""KEY"", ""mode"": ""X""}",KEY,X,UNKNOWN
logout,2026-09-23 11:19:52.097,70,0,0,0,"{""event_name"": ""logout"", ""timestamp"": ""2026-09-23 11:19:52.097"", ""session_id"": 70}",0,0,UNKNOWN
lock_acquired,2026-09-23 11:19:52.097,77,0,0,0,"{""event_name"": ""lock_acquired"", ""timestamp"": ""2026-09-23 11:19:52.097"", ""session_id"": 77, ""resource_type"": ""PAGE"", ""mode"": ""S""}",PAGE,S,UNKNOWN
lock_acquired,2026-09-23 11:19:52.097,75,0,0,0,"{""event_name"": ""lock_acquired"", ""timestamp"": ""2026-09-23 11:19:52.097"", ""session_id"": 75, ""resource_type"": ""OBJECT"", ""mode"": ""IS""}",OBJECT,IS,UNKNOWN
lock_acquired,2026-09-23 11:19:52.097,80,0,0,0,"{""event_name"": ""lock_acquired"", ""timestamp"": ""2026-09-23 11:19:52.097"", ""session_id"": 80, ""resource_type"": ""PAGE"", ""mode"": ""S""}",PAGE,S,UNKNOWN
lock_acquired,2026-09-23 11:19:52.097,81,0,0,0,"{""event_name"": ""lock_acquired"", ""timestamp"": ""2026-09-23 11:19:52.097"", ""session_id"": 81, ""resource_type"": ""OBJECT"", ""mode"": ""IS""}",OBJECT,IS,UNKNOWN
lock_acquired,2026-09-23 11:19:52.097,81,0,0,0,"{""event_name"": ""lock_acquired"", ""timestamp"": ""2026-09-23 11:19:52.097"", ""session_id"": 81, ""resource_type"": ""OBJECT"", ""mode"": ""IX""}",OBJECT,IX,UNKNOWN
lock_acquired,2026-09-23 11:19:52.097,75,0,0,0,"{""event_name"": ""lock_acquired"", ""timestamp"": ""2026-09-23 11:19:52.097"", ""session_id"": 75, ""resource_type"": ""OBJECT"", ""mode"": ""IX""}",OBJECT,IX,UNKNOWN
lock_released,2026-09-23 11:19:52.097,79,0,0,0,"{""event_name"": ""lock_released"", ""timestamp"": ""2026-09-23 11:19:52.097"", ""session_id"": 79, ""resource_type"": ""PAGE"", ""mode"": ""S""}",PAGE,S,UNKNOWN
lock_released,2026-09-23 11:19:52.097,81,0,0,0,"{""event_name"": ""lock_released"", ""timestamp"": ""2026-09-23 11:19:52.097"", ""session_id"": 81, ""resource_type"": ""OBJECT"", ""mode"": ""Sch-S""}",OBJECT,Sch-S,UNKNOWN
lock_released,2026-09-23 11:19:52.097,78,0,0,0,"{""event_name"": ""lock_released"", ""timestamp"": ""2026-09-23 11:19:52.097"", ""session_id"": 78, ""resource_type"": ""PAGE"", ""mode"": ""S""}",PAGE,S,UNKNOWN
lock_released,2026-09-23 11:19:52.097,75,0,0,0,"{""event_name"": ""lock_released"", ""timestamp"": ""2026-09-23 11:19:52.097"", ""session_id"": 75, ""resource_type"": ""PAGE"", ""mode"": ""IX""}",PAGE,IX,UNKNOWN
lock_released,2026-09-23 11:19:52.097,74,0,0,0,"{""event_name"": ""lock_released"", ""timestamp"": ""2026-09-23 11:19:52.097"", ""session_id"": 74, ""resource_type"": ""OBJECT"", ""mode"": ""IS""}",OBJECT,IS,UNKNOWN
lock_released,2026-09-23 11:19:52.097,74,0,0,0,"{""event_name"": ""lock_released"", ""timestamp"": ""2026-09-23 11:19:52.097"", ""session_id"": 74, ""resource_type"": ""OBJECT"", ""mode"": ""IX""}",OBJECT,IX,UNKNOWN
lock_released,2026-09-23 11:19:52.097,81,0,0,0,"{""event_name"": ""lock_released"", ""timestamp"": ""2026-09-23 11:19:52.097"", ""session_id"": 81, ""resource_type"": ""METADATA"", ""mode"": ""Sch-S""}",METADATA,Sch-S,UNKNOWN
lock_released,2026-09-23 11:19:52.097,74,0,0,0,"{""event_name"": ""lock_released"", ""timestamp"": ""2026-09-23 11:19:52.097"", ""session_id"": 74, ""resource_type"": ""PAGE"", ""mode"": ""S""}",PAGE,S,UNKNOWN
lock_released,2026-09-23 11:19:52.097,75,0,0,0,"{""event_name"": ""lock_released"", ""timestamp"": ""2026-09-23 11:19:52.097"", ""session_id"": 75, ""resource_type"": ""KEY"", ""mode"": ""X""}",KEY,X,UNKNOWN
lock_acquired,2026-09-23 11:19:57.138,74,0,0,0,"{""event_name"": ""lock_acquired"", ""timestamp"": ""2026-09-23 11:19:57.138"", ""session_id"": 74, ""resource_type"": ""OBJECT"", ""mode"": ""IS""}",OBJECT,IS,UNKNOWN
lock_acquired,2026-09-23 11:19:57.138,77,0,0,0,"{""event_name"": ""lock_acquired"", ""timestamp"": ""2026-09-23 11:19:57.138"", ""session_id"": 77, ""resource_type"": ""PAGE"", ""mode"": ""IX""}",PAGE,IX,UNKNOWN
lock_acquired,2026-09-23 11:19:57.138,74,0,0,0,"{""event_name"": ""lock_acquired"", ""timestamp"": ""2026-09-23 11:19:57.138"", ""session_id"": 74, ""resource_type"": ""OBJECT"", ""mode"": ""IX""}",OBJECT,IX,UNKNOWN
lock_acquired,2026-09-23 11:19:57.138,77,0,0,0,"{""event_name"": ""lock_acquired"", ""timestamp"": ""2026-09-23 11:19:57.138"", ""session_id"": 77, ""resource_type"": ""KEY"", ""mode"": ""X""}",KEY,X,UNKNOWN
lock_released,2026-09-23 11:19:57.138,80,0,0,0,"{""event_name"": ""lock_released"", ""timestamp"": ""2026-09-23 11:19:57.138"", ""session_id"": 80, ""resource_type"": ""OBJECT"", ""mode"": ""IS""}",OBJECT,IS,UNKNOWN
lock_released,2026-09-23 11:19:57.138,80,0,0,0,"{""event_name"": ""lock_released"", ""timestamp"": ""2026-09-23 11:19:57.138"", ""session_id"": 80, ""resource_type"": ""OBJECT"", ""mode"": ""IX""}",OBJECT,IX,UNKNOWN
lock_released,2026-09-23 11:19:57.138,77,0,0,0,"{""event_name"": ""lock_released"", ""timestamp"": ""2026-09-23 11:19:57.138"", ""session_id"": 77, ""resource_type"": ""OBJECT"", ""mode"": ""IS""}",OBJECT,IS,UNKNOWN
lock_released,2026-09-23 11:19:57.138,77,0,0,0,"{""event_name"": ""lock_released"", ""timestamp"": ""2026-09-23 11:19:57.138"", ""session_id"": 77, ""resource_type"": ""PAGE"", ""mode"": ""S""}",PAGE,S,UNKNOWN
lock_released,2026-09-23 11:19:57.138,80,0,0,0,"{""event_name"": ""lock_released"", ""timestamp"": ""2026-09-23 11:19:57.138"", ""session_id"": 80, ""resource_type"": ""PAGE"", ""mode"": ""S""}",PAGE,S,UNKNOWN
lock_released,2026-09-23 11:19:57.138,81,0,0,0,"{""event_name"": ""lock_released"", ""timestamp"": ""2026-09-23 11:19:57.138"", ""session_id"": 81, ""resource_type"": ""OBJECT"", ""mode"": ""IS""}",OBJECT,IS,UNKNOWN
lock_released,2026-09-23 11:19:57.138,81,0,0,0,"{""event_name"": ""lock_released"", ""timestamp"": ""2026-09-23 11:19:57.138"", ""session_id"": 81, ""resource_type"": ""OBJECT"", ""mode"": ""IX""}",OBJECT,IX,UNKNOWN
logout,2026-09-23 11:20:02.172,73,0,0,0,"{""event_name"": ""logout"", ""timestamp"": ""2026-09-23 11:20:02.172"", ""session_id"": 73}",0,0,UNKNOWN
logout,2026-09-23 11:20:02.172,74,0,0,0,"{""event_name"": ""logout"", ""timestamp"": ""2026-09-23 11:20:02.172"", ""session_id"": 74}",0,0,UNKNOWN
logout,2026-09-23 11:20:02.172,75,0,0,0,"{""event_name"": ""logout"", ""timestamp"": ""2026-09-23 11:20:02.172"", ""session_id"": 75}",0,0,UNKNOWN
logout,2026-09-23 11:20:02.172,77,0,0,0,"{""event_name"": ""logout"", ""timestamp"": ""2026-09-23 11:20:02.172"", ""session_id"": 77}",0,0,UNKNOWN
logout,2026-09-23 11:20:02.172,78,0,0,0,"{""event_name"": ""logout"", ""timestamp"": ""2026-09-23 11:20:02.172"", ""session_id"": 78}",0,0,UNKNOWN
logout,2026-09-23 11:20:02.172,79,0,0,0,"{""event_name"": ""logout"", ""timestamp"": ""2026-09-23 11:20:02.172"", ""session_id"": 79}",0,0,UNKNOWN
logout,2026-09-23 11:20:02.172,80,0,0,0,"{""event_name"": ""logout"", ""timestamp"": ""2026-09-23 11:20:02.172"", ""session_id"": 80}",0,0,UNKNOWN
logout,2026-09-23 11:20:02.172,81,0,0,0,"{""event_name"": ""logout"", ""timestamp"": ""2026-09-23 11:20:02.172"", ""session_id"": 81}",0,0,UNKNOWN
lock_released,2026-09-23 11:20:02.172,73,0,0,0,"{""event_name"": ""lock_released"", ""timestamp"": ""2026-09-23 11:20:02.172"", ""session_id"": 73, ""resource_type"": ""OBJECT"", ""mode"": ""IX""}",OBJECT,IX,UNKNOWN
lock_released,2026-09-23 11:20:02.172,79,0,0,0,"{""event_name"": ""lock_released"", ""timestamp"": ""2026-09-23 11:20:02.172"", ""session_id"": 79, ""resource_type"": ""DATABASE"", ""mode"": ""S""}",DATABASE,S,UNKNOWN
lock_released,2026-09-23 11:20:02.172,80,0,0,0,"{""event_name"": ""lock_released"", ""timestamp"": ""2026-09-23 11:20:02.172"", ""session_id"": 80, ""resource_type"": ""DATABASE"", ""mode"": ""S""}",DATABASE,S,UNKNOWN
lock_released,2026-09-23 11:20:02.172,79,0,0,0,"{""event_name"": ""lock_released"", ""timestamp"": ""2026-09-23 11:20:02.172"", ""session_id"": 79, ""resource_type"": ""OBJECT"", ""mode"": ""IX""}",OBJECT,IX,UNKNOWN
lock_released,2026-09-23 11:20:02.172,74,0,0,0,"{""event_name"": ""lock_released"", ""timestamp"": ""2026-09-23 11:20:02.172"", ""session_id"": 74, ""resource_type"": ""DATABASE"", ""mode"": ""S""}",DATABASE,S,UNKNOWN
lock_released,2026-09-23 11:20:02.172,81,0,0,0,"{""event_name"": ""lock_released"", ""timestamp"": ""2026-09-23 11:20:02.172"", ""session_id"": 81, ""resource_type"": ""DATABASE"", ""mode"": ""S""}",DATABASE,S,UNKNOWN
lock_released,2026-09-23 11:20:02.172,74,0,0,0,"{""event_name"": ""lock_released"", ""timestamp"": ""2026-09-23 11:20:02.172"", ""session_id"": 74, ""resource_type"": ""OBJECT"", ""mode"": ""IX""}",OBJECT,IX,UNKNOWN
lock_released,2026-09-23 11:20:02.172,78,0,0,0,"{""event_name"": ""lock_released"", ""timestamp"": ""2026-09-23 11:20:02.172"", ""session_id"": 78, ""resource_type"": ""OBJECT"", ""mode"": ""IS""}",OBJECT,IS,UNKNOWN
lock_released,2026-09-23 11:20:02.172,75,0,0,0,"{""event_name"": ""lock_released"", ""timestamp"": ""2026-09-23 11:20:02.172"", ""session_id"": 75, ""resource_type"": ""DATABASE"", ""mode"": ""S""}",DATABASE,S,UNKNOWN
lock_released,2026-09-23 11:20:02.172,77,0,0,0,"{""event_name"": ""lock_released"", ""timestamp"": ""2026-09-23 11:20:02.172"", ""session_id"": 77, ""resource_type"": ""PAGE"", ""mode"": ""IX""}",PAGE,IX,UNKNOWN
lock_released,2026-09-23 11:20:02.172,75,0,0,0,"{""event_name"": ""lock_released"", ""timestamp"": ""2026-09-23 11:20:02.172"", ""session_id"": 75, ""resource_type"": ""OBJECT"", ""mode"": ""IX""}",OBJECT,IX,UNKNOWN
lock_released,2026-09-23 11:20:02.172,73,0,0,0,"{""event_name"": ""lock_released"", ""timestamp"": ""2026-09-23 11:20:02.172"", ""session_id"": 73, ""resource_type"": ""OBJECT"", ""mode"": ""IS""}",OBJECT,IS,UNKNOWN
lock_released,2026-09-23 11:20:02.172,79,0,0,0,"{""event_name"": ""lock_released"", ""timestamp"": ""2026-09-23 11:20:02.172"", ""session_id"": 79, ""resource_type"": ""OBJECT"", ""mode"": ""IS""}",OBJECT,IS,UNKNOWN
lock_released,2026-09-23 11:20:02.172,77,0,0,0,"{""event_name"": ""lock_released"", ""timestamp"": ""2026-09-23 11:20:02.172"", ""session_id"": 77, ""resource_type"": ""DATABASE"", ""mode"": ""S""}",DATABASE,S,UNKNOWN
lock_released,2026-09-23 11:20:02.172,74,0,0,0,"{""event_name"": ""lock_released"", ""timestamp"": ""2026-09-23 11:20:02.172"", ""session_id"": 74, ""resource_type"": ""OBJECT"", ""mode"": ""IS""}",OBJECT,IS,UNKNOWN
lock_released,2026-09-23 11:20:02.172,77,0,0,0,"{""event_name"": ""lock_released"", ""timestamp"": ""2026-09-23 11:20:02.172"", ""session_id"": 77, ""resource_type"": ""KEY"", ""mode"": ""X""}",KEY,X,UNKNOWN
lock_released,2026-09-23 11:20:02.172,77,0,0,0,"{""event_name"": ""lock_released"", ""timestamp"": ""2026-09-23 11:20:02.172"", ""session_id"": 77, ""resource_type"": ""OBJECT"", ""mode"": ""IX""}",OBJECT,IX,UNKNOWN
lock_released,2026-09-23 11:20:02.172,78,0,0,0,"{""event_name"": ""lock_released"", ""timestamp"": ""2026-09-23 11:20:02.172"", ""session_id"": 78, ""resource_type"": ""DATABASE"", ""mode"": ""S""}",DATABASE,S,UNKNOWN
lock_released,2026-09-23 11:20:02.172,75,0,0,0,"{""event_name"": ""lock_released"", ""timestamp"": ""2026-09-23 11:20:02.172"", ""session_id"": 75, ""resource_type"": ""OBJECT"", ""mode"": ""IS""}",OBJECT,IS,UNKNOWN
lock_released,2026-09-23 11:20:02.172,78,0,0,0,"{""event_name"": ""lock_released"", ""timestamp"": ""2026-09-23 11:20:02.172"", ""session_id"": 78, ""resource_type"": ""OBJECT"", ""mode"": ""IX""}",OBJECT,IX,UNKNOWN
lock_released,2026-09-23 11:20:02.172,73,0,0,0,"{""event_name"": ""lock_released"", ""timestamp"": ""2026-09-23 11:20:02.172"", ""session_id"": 73, ""resource_type"": ""DATABASE"", ""mode"": ""S""}",DATABASE,S,UNKNOWN
