event_name,timestamp,session_id,login_name,program_name,database_name,_linea,resource_type,mode,process_type
login,2026-09-18 16:49:38.669,74,sa,Python,SteelNort,"{""event_name"": ""login"", ""timestamp"": ""2026-09-18 16:49:38.669"", ""session_id"": 74, ""login_name"": ""sa"", ""program_name"": ""Python"", ""database_name"": ""SteelNort""}",0,0,UNKNOWN
login,2026-09-18 16:49:38.669,75,sa,Python,SteelNort,"{""event_name"": ""login"", ""timestamp"": ""2026-09-18 16:49:38.669"", ""session_id"": 75, ""login_name"": ""sa"", ""program_name"": ""Python"", ""database_name"": ""SteelNort""}",0,0,UNKNOWN
login,2026-09-18 16:49:38.669,76,sa,SteelNortCargaNormal,SteelNort,"{""event_name"": ""login"", ""timestamp"": ""2026-09-18 16:49:38.669"", ""session_id"": 76, ""login_name"": ""sa"", ""program_name"": ""SteelNortCargaNormal"", ""database_name"": ""SteelNort""}",0,0,UNKNOWN
login,2026-09-18 16:49:38.669,77,sa,SteelNortCargaNormal,SteelNort,"{""event_name"": ""login"", ""timestamp"": ""2026-09-18 16:49:38.669"", ""session_id"": 77, ""login_name"": ""sa"", ""program_name"": ""SteelNortCargaNormal"", ""database_name"": ""SteelNort""}",0,0,UNKNOWN
login,2026-09-18 16:49:38.669,78,sa,SteelNortCargaNormal,SteelNort,"{""event_name"": ""login"", ""timestamp"": ""2026-09-18 16:49:38.669"", ""session_id"": 78, ""login_name"": ""sa"", ""program_name"": ""SteelNortCargaNormal"", ""database_name"": ""SteelNort""}",0,0,UNKNOWN
login,2026-09-18 16:49:38.669,79,sa,SteelNortCargaNormal,SteelNort,"{""event_name"": ""login"", ""timestamp"": ""2026-09-18 16:49:38.669"", ""session_id"": 79, ""login_name"": ""sa"", ""program_name"": ""SteelNortCargaNormal"", ""database_name"": ""SteelNort""}",0,0,UNKNOWN
login,2026-09-18 16:49:38.669,80,sa,SteelNortCargaNormal,SteelNort,"{""event_name"": ""login"", ""timestamp"": ""2026-09-18 16:49:38.669"", ""session_id"": 80, ""login_name"": ""sa"", ""program_name"": ""SteelNortCargaNormal"", ""database_name"": ""SteelNort""}",0,0,UNKNOWN
login,2026-09-18 16:49:38.669,81,sa,SteelNortCargaNormal,SteelNort,"{""event_name"": ""login"", ""timestamp"": ""2026-09-18 16:49:38.669"", ""session_id"": 81, ""login_name"": ""sa"", ""program_name"": ""SteelNortCargaNormal"", ""database_name"": ""SteelNort""}",0,0,UNKNOWN
login,2026-09-18 16:49:38.669,82,sa,SteelNortCargaNormal,SteelNort,"{""event_name"": ""login"", ""timestamp"": ""2026-09-18 16:49:38.669"", ""session_id"": 82, ""login_name"": ""sa"", ""program_name"": ""SteelNortCargaNormal"", ""database_name"": ""SteelNort""}",0,0,UNKNOWN
login,2026-09-18 16:49:38.669,83,sa,SteelNortCargaNormal,SteelNort,"{""event_name"": ""login"", ""timestamp"": ""2026-09-18 16:49:38.669"", ""session_id"": 83, ""login_name"": ""sa"", ""program_name"": ""SteelNortCargaNormal"", ""database_name"": ""SteelNort""}",0,0,UNKNOWN
login,2026-09-18 16:49:38.669,84,sa,SteelNortCargaNormal,SteelNort,"{""event_name"": ""login"", ""timestamp"": ""2026-09-18 16:49:38.669"", ""session_id"": 84, ""login_name"": ""sa"", ""program_name"": ""SteelNortCargaNormal"", ""database_name"": ""SteelNort""}",0,0,UNKNOWN
login,2026-09-18 16:49:38.669,85,sa,SteelNortCargaNormal,SteelNort,"{""event_name"": ""login"", ""timestamp"": ""2026-09-18 16:49:38.669"", ""session_id"": 85, ""login_name"": ""sa"", ""program_name"": ""SteelNortCargaNormal"", ""database_name"": ""SteelNort""}",0,0,UNKNOWN
lock_acquired,2026-09-18 16:49:38.669,77,0,0,0,"{""event_name"": ""lock_acquired"", ""timestamp"": ""2026-09-18 16:49:38.669"", ""session_id"": 77, ""resource_type"": ""DATABASE"", ""mode"": ""S""}",DATABASE,S,UNKNOWN
lock_acquired,2026-09-18 16:49:38.669,84,0,0,0,"{""event_name"": ""lock_acquired"", ""timestamp"": ""2026-09-18 16:49:38.669"", ""session_id"": 84, ""resource_type"": ""PAGE"", ""mode"": ""S""}",PAGE,S,UNKNOWN
lock_acquired,2026-09-18 16:49:38.669,80,0,0,0,"{""event_name"": ""lock_acquired"", ""timestamp"": ""2026-09-18 16:49:38.669"", ""session_id"": 80, ""resource_type"": ""DATABASE"", ""mode"": ""S""}",DATABASE,S,UNKNOWN
lock_acquired,2026-09-18 16:49:38.669,84,0,0,0,"{""event_name"": ""lock_acquired"", ""timestamp"": ""2026-09-18 16:49:38.669"", ""session_id"": 84, ""resource_type"": ""DATABASE"", ""mode"": ""S""}",DATABASE,S,UNKNOWN
lock_acquired,2026-09-18 16:49:38.669,74,0,0,0,"{""event_name"": ""lock_acquired"", ""timestamp"": ""2026-09-18 16:49:38.669"", ""session_id"": 74, ""resource_type"": ""DATABASE"", ""mode"": ""S""}",DATABASE,S,UNKNOWN
lock_acquired,2026-09-18 16:49:38.669,75,0,0,0,"{""event_name"": ""lock_acquired"", ""timestamp"": ""2026-09-18 16:49:38.669"", ""session_id"": 75, ""resource_type"": ""DATABASE"", ""mode"": ""S""}",DATABASE,S,UNKNOWN
lock_acquired,2026-09-18 16:49:38.669,81,0,0,0,"{""event_name"": ""lock_acquired"", ""timestamp"": ""2026-09-18 16:49:38.669"", ""session_id"": 81, ""resource_type"": ""OBJECT"", ""mode"": ""IS""}",OBJECT,IS,UNKNOWN
lock_acquired,2026-09-18 16:49:38.669,76,0,0,0,"{""event_name"": ""lock_acquired"", ""timestamp"": ""2026-09-18 16:49:38.669"", ""session_id"": 76, ""resource_type"": ""OBJECT"", ""mode"": ""IX""}",OBJECT,IX,UNKNOWN
lock_acquired,2026-09-18 16:49:38.669,82,0,0,0,"{""event_name"": ""lock_acquired"", ""timestamp"": ""2026-09-18 16:49:38.669"", ""session_id"": 82, ""resource_type"": ""OBJECT"", ""mode"": ""IS""}",OBJECT,IS,UNKNOWN
lock_acquired,2026-09-18 16:49:38.669,76,0,0,0,"{""event_name"": ""lock_acquired"", ""timestamp"": ""2026-09-18 16:49:38.669"", ""session_id"": 76, ""resource_type"": ""DATABASE"", ""mode"": ""S""}",DATABASE,S,UNKNOWN
lock_acquired,2026-09-18 16:49:38.669,83,0,0,0,"{""event_name"": ""lock_acquired"", ""timestamp"": ""2026-09-18 16:49:38.669"", ""session_id"": 83, ""resource_type"": ""OBJECT"", ""mode"": ""IX""}",OBJECT,IX,UNKNOWN
lock_acquired,2026-09-18 16:49:38.669,77,0,0,0,"{""event_name"": ""lock_acquired"", ""timestamp"": ""2026-09-18 16:49:38.669"", ""session_id"": 77, ""resource_type"": ""OBJECT"", ""mode"": ""IS""}",OBJECT,IS,UNKNOWN
lock_acquired,2026-09-18 16:49:38.669,80,0,0,0,"{""event_name"": ""lock_acquired"", ""timestamp"": ""2026-09-18 16:49:38.669"", ""session_id"": 80, ""resource_type"": ""OBJECT"", ""mode"": ""IS""}",OBJECT,IS,UNKNOWN
lock_acquired,2026-09-18 16:49:38.669,78,0,0,0,"{""event_name"": ""lock_acquired"", ""timestamp"": ""2026-09-18 16:49:38.669"", ""session_id"": 78, ""resource_type"": ""OBJECT"", ""mode"": ""IS""}",OBJECT,IS,UNKNOWN
lock_acquired,2026-09-18 16:49:38.669,84,0,0,0,"{""event_name"": ""lock_acquired"", ""timestamp"": ""2026-09-18 16:49:38.669"", ""session_id"": 84, ""resource_type"": ""OBJECT"", ""mode"": ""IS""}",OBJECT,IS,UNKNOWN
lock_acquired,2026-09-18 16:49:38.669,79,0,0,0,"{""event_name"": ""lock_acquired"", ""timestamp"": ""2026-09-18 16:49:38.669"", ""session_id"": 79, ""resource_type"": ""OBJECT"", ""mode"": ""IX""}",OBJECT,IX,UNKNOWN
lock_acquired,2026-09-18 16:49:38.669,83,0,0,0,"{""event_name"": ""lock_acquired"", ""timestamp"": ""2026-09-18 16:49:38.669"", ""session_id"": 83, ""resource_type"": ""DATABASE"", ""mode"": ""S""}",DATABASE,S,UNKNOWN
lock_acquired,2026-09-18 16:49:38.669,77,0,0,0,"{""event_name"": ""lock_acquired"", ""timestamp"": ""2026-09-18 16:49:38.669"", ""session_id"": 77, ""resource_type"": ""PAGE"", ""mode"": ""IS""}",PAGE,IS,UNKNOWN
lock_acquired,2026-09-18 16:49:38.669,81,0,0,0,"{""event_name"": ""lock_acquired"", ""timestamp"": ""2026-09-18 16:49:38.669"", ""session_id"": 81, ""resource_type"": ""OBJECT"", ""mode"": ""IX""}",OBJECT,IX,UNKNOWN
lock_acquired,2026-09-18 16:49:38.669,79,0,0,0,"{""event_name"": ""lock_acquired"", ""timestamp"": ""2026-09-18 16:49:38.669"", ""session_id"": 79, ""resource_type"": ""DATABASE"", ""mode"": ""S""}",DATABASE,S,UNKNOWN
lock_acquired,2026-09-18 16:49:38.669,85,0,0,0,"{""event_name"": ""lock_acquired"", ""timestamp"": ""2026-09-18 16:49:38.669"", ""session_id"": 85, ""resource_type"": ""DATABASE"", ""mode"": ""S""}",DATABASE,S,UNKNOWN
lock_acquired,2026-09-18 16:49:38.669,77,0,0,0,"{""event_name"": ""lock_acquired"", ""timestamp"": ""2026-09-18 16:49:38.669"", ""session_id"": 77, ""resource_type"": ""KEY"", ""mode"": ""S""}",KEY,S,UNKNOWN
lock_acquired,2026-09-18 16:49:38.669,82,0,0,0,"{""event_name"": ""lock_acquired"", ""timestamp"": ""2026-09-18 16:49:38.669"", ""session_id"": 82, ""resource_type"": ""OBJECT"", ""mode"": ""IX""}",OBJECT,IX,UNKNOWN
lock_acquired,2026-09-18 16:49:38.669,82,0,0,0,"{""event_name"": ""lock_acquired"", ""timestamp"": ""2026-09-18 16:49:38.669"", ""session_id"": 82, ""resource_type"": ""DATABASE"", ""mode"": ""S""}",DATABASE,S,UNKNOWN
lock_acquired,2026-09-18 16:49:38.669,76,0,0,0,"{""event_name"": ""lock_acquired"", ""timestamp"": ""2026-09-18 16:49:38.669"", ""session_id"": 76, ""resource_type"": ""OBJECT"", ""mode"": ""IS""}",OBJECT,IS,UNKNOWN
lock_acquired,2026-09-18 16:49:38.669,81,0,0,0,"{""event_name"": ""lock_acquired"", ""timestamp"": ""2026-09-18 16:49:38.669"", ""session_id"": 81, ""resource_type"": ""DATABASE"", ""mode"": ""S""}",DATABASE,S,UNKNOWN
lock_acquired,2026-09-18 16:49:38.669,83,0,0,0,"{""event_name"": ""lock_acquired"", ""timestamp"": ""2026-09-18 16:49:38.669"", ""session_id"": 83, ""resource_type"": ""OBJECT"", ""mode"": ""IS""}",OBJECT,IS,UNKNOWN
lock_acquired,2026-09-18 16:49:38.669,78,0,0,0,"{""event_name"": ""lock_acquired"", ""timestamp"": ""2026-09-18 16:49:38.669"", ""session_id"": 78, ""resource_type"": ""OBJECT"", ""mode"": ""IX""}",OBJECT,IX,UNKNOWN
lock_acquired,2026-09-18 16:49:38.669,80,0,0,0,"{""event_name"": ""lock_acquired"", ""timestamp"": ""2026-09-18 16:49:38.669"", ""session_id"": 80, ""resource_type"": ""OBJECT"", ""mode"": ""IX""}",OBJECT,IX,UNKNOWN
lock_acquired,2026-09-18 16:49:38.669,84,0,0,0,"{""event_name"": ""lock_acquired"", ""timestamp"": ""2026-09-18 16:49:38.669"", ""session_id"": 84, ""resource_type"": ""OBJECT"", ""mode"": ""IX""}",OBJECT,IX,UNKNOWN
lock_acquired,2026-09-18 16:49:38.669,78,0,0,0,"{""event_name"": ""lock_acquired"", ""timestamp"": ""2026-09-18 16:49:38.669"", ""session_id"": 78, ""resource_type"": ""DATABASE"", ""mode"": ""S""}",DATABASE,S,UNKNOWN
lock_acquired,2026-09-18 16:49:38.669,79,0,0,0,"{""event_name"": ""lock_acquired"", ""timestamp"": ""2026-09-18 16:49:38.669"", ""session_id"": 79, ""resource_type"": ""OBJECT"", ""mode"": ""IS""}",OBJECT,IS,UNKNOWN
login,2026-09-18 16:49:43.716,86,795ec2146175\Administrator,Microsoft SQL Server,SteelNort,"{""event_name"": ""login"", ""timestamp"": ""2026-09-18 16:49:43.716"", ""session_id"": 86, ""login_name"": ""795ec2146175\\Administrator"", ""program_name"": ""Microsoft SQL Server"", ""database_name"": ""SteelNort""}",0,0,UNKNOWN
lock_acquired,2026-09-18 16:49:43.716,76,0,0,0,"{""event_name"": ""lock_acquired"", ""timestamp"": ""2026-09-18 16:49:43.716"", ""session_id"": 76, ""resource_type"": ""KEY"", ""mode"": ""X""}",KEY,X,UNKNOWN
lock_acquired,2026-09-18 16:49:43.716,77,0,0,0,"{""event_name"": ""lock_acquired"", ""timestamp"": ""2026-09-18 16:49:43.716"", ""session_id"": 77, ""resource_type"": ""OBJECT"", ""mode"": ""IX""}",OBJECT,IX,UNKNOWN
lock_acquired,2026-09-18 16:49:43.716,84,0,0,0,"{""event_name"": ""lock_acquired"", ""timestamp"": ""2026-09-18 16:49:43.716"", ""session_id"": 84, ""resource_type"": ""PAGE"", ""mode"": ""IX""}",PAGE,IX,UNKNOWN
lock_acquired,2026-09-18 16:49:43.716,85,0,0,0,"{""event_name"": ""lock_acquired"", ""timestamp"": ""2026-09-18 16:49:43.716"", ""session_id"": 85, ""resource_type"": ""OBJECT"", ""mode"": ""IX""}",OBJECT,IX,UNKNOWN
lock_acquired,2026-09-18 16:49:43.716,76,0,0,0,"{""event_name"": ""lock_acquired"", ""timestamp"": ""2026-09-18 16:49:43.716"", ""session_id"": 76, ""resource_type"": ""PAGE"", ""mode"": ""IX""}",PAGE,IX,UNKNOWN
lock_acquired,2026-09-18 16:49:43.716,85,0,0,0,"{""event_name"": ""lock_acquired"", ""timestamp"": ""2026-09-18 16:49:43.716"", ""session_id"": 85, ""resource_type"": ""OBJECT"", ""mode"": ""IS""}",OBJECT,IS,UNKNOWN
lock_released,2026-09-18 16:49:43.716,77,0,0,0,"{""event_name"": ""lock_released"", ""timestamp"": ""2026-09-18 16:49:43.716"", ""session_id"": 77, ""resource_type"": ""PAGE"", ""mode"": ""IS""}",PAGE,IS,UNKNOWN
lock_released,2026-09-18 16:49:43.716,84,0,0,0,"{""event_name"": ""lock_released"", ""timestamp"": ""2026-09-18 16:49:43.716"", ""session_id"": 84, ""resource_type"": ""PAGE"", ""mode"": ""S""}",PAGE,S,UNKNOWN
lock_released,2026-09-18 16:49:43.716,80,0,0,0,"{""event_name"": ""lock_released"", ""timestamp"": ""2026-09-18 16:49:43.716"", ""session_id"": 80, ""resource_type"": ""OBJECT"", ""mode"": ""IS""}",OBJECT,IS,UNKNOWN
lock_released,2026-09-18 16:49:43.716,80,0,0,0,"{""event_name"": ""lock_released"", ""timestamp"": ""2026-09-18 16:49:43.716"", ""session_id"": 80, ""resource_type"": ""OBJECT"", ""mode"": ""IX""}",OBJECT,IX,UNKNOWN
lock_released,2026-09-18 16:49:43.716,77,0,0,0,"{""event_name"": ""lock_released"", ""timestamp"": ""2026-09-18 16:49:43.716"", ""session_id"": 77, ""resource_type"": ""KEY"", ""mode"": ""S""}",KEY,S,UNKNOWN
lock_released,2026-09-18 16:49:43.716,84,0,0,0,"{""event_name"": ""lock_released"", ""timestamp"": ""2026-09-18 16:49:43.716"", ""session_id"": 84, ""resource_type"": ""OBJECT"", ""mode"": ""IS""}",OBJECT,IS,UNKNOWN
lock_released,2026-09-18 16:49:43.716,84,0,0,0,"{""event_name"": ""lock_released"", ""timestamp"": ""2026-09-18 16:49:43.716"", ""session_id"": 84, ""resource_type"": ""OBJECT"", ""mode"": ""IX""}",OBJECT,IX,UNKNOWN
lock_released,2026-09-18 16:49:43.716,76,0,0,0,"{""event_name"": ""lock_released"", ""timestamp"": ""2026-09-18 16:49:43.716"", ""session_id"": 76, ""resource_type"": ""OBJECT"", ""mode"": ""IS""}",OBJECT,IS,UNKNOWN
login,2026-09-18 16:49:48.781,87,sa,unknown,SteelNort,"{""event_name"": ""login"", ""timestamp"": ""2026-09-18 16:49:48.781"", ""session_id"": 87, ""login_name"": ""sa"", ""program_name"": ""unknown"", ""database_name"": ""SteelNort""}",0,0,UNKNOWN
login,2026-09-18 16:49:48.781,88,sa,unknown,SteelNort,"{""event_name"": ""login"", ""timestamp"": ""2026-09-18 16:49:48.781"", ""session_id"": 88, ""login_name"": ""sa"", ""program_name"": ""unknown"", ""database_name"": ""SteelNort""}",0,0,UNKNOWN
login,2026-09-18 16:49:48.781,89,sa,unknown,SteelNort,"{""event_name"": ""login"", ""timestamp"": ""2026-09-18 16:49:48.781"", ""session_id"": 89, ""login_name"": ""sa"", ""program_name"": ""unknown"", ""database_name"": ""SteelNort""}",0,0,UNKNOWN
login,2026-09-18 16:49:48.781,90,sa,unknown,SteelNort,"{""event_name"": ""login"", ""timestamp"": ""2026-09-18 16:49:48.781"", ""session_id"": 90, ""login_name"": ""sa"", ""program_name"": ""unknown"", ""database_name"": ""SteelNort""}",0,0,UNKNOWN
login,2026-09-18 16:49:48.781,91,sa,unknown,SteelNort,"{""event_name"": ""login"", ""timestamp"": ""2026-09-18 16:49:48.781"", ""session_id"": 91, ""login_name"": ""sa"", ""program_name"": ""unknown"", ""database_name"": ""SteelNort""}",0,0,UNKNOWN
login,2026-09-18 16:49:48.781,92,sa,unknown,SteelNort,"{""event_name"": ""login"", ""timestamp"": ""2026-09-18 16:49:48.781"", ""session_id"": 92, ""login_name"": ""sa"", ""program_name"": ""unknown"", ""database_name"": ""SteelNort""}",0,0,UNKNOWN
login,2026-09-18 16:49:48.781,93,sa,unknown,SteelNort,"{""event_name"": ""login"", ""timestamp"": ""2026-09-18 16:49:48.781"", ""session_id"": 93, ""login_name"": ""sa"", ""program_name"": ""unknown"", ""database_name"": ""SteelNort""}",0,0,UNKNOWN
login,2026-09-18 16:49:48.781,94,795ec2146175\Administrator,Microsoft SQL Server,SteelNort,"{""event_name"": ""login"", ""timestamp"": ""2026-09-18 16:49:48.781"", ""session_id"": 94, ""login_name"": ""795ec2146175\\Administrator"", ""program_name"": ""Microsoft SQL Server"", ""database_name"": ""SteelNort""}",0,0,UNKNOWN
lock_acquired,2026-09-18 16:49:48.781,77,0,0,0,"{""event_name"": ""lock_acquired"", ""timestamp"": ""2026-09-18 16:49:48.781"", ""session_id"": 77, ""resource_type"": ""KEY"", ""mode"": ""U""}",KEY,U,UNKNOWN
lock_acquired,2026-09-18 16:49:48.781,76,0,0,0,"{""event_name"": ""lock_acquired"", ""timestamp"": ""2026-09-18 16:49:48.781"", ""session_id"": 76, ""resource_type"": ""OBJECT"", ""mode"": ""IS""}",OBJECT,IS,UNKNOWN
lock_acquired,2026-09-18 16:49:48.781,77,0,0,0,"{""event_name"": ""lock_acquired"", ""timestamp"": ""2026-09-18 16:49:48.781"", ""session_id"": 77, ""resource_type"": ""KEY"", ""mode"": ""X""}",KEY,X,UNKNOWN
lock_released,2026-09-18 16:49:48.781,76,0,0,0,"{""event_name"": ""lock_released"", ""timestamp"": ""2026-09-18 16:49:48.781"", ""session_id"": 76, ""resource_type"": ""KEY"", ""mode"": ""X""}",KEY,X,UNKNOWN
lock_released,2026-09-18 16:49:48.781,83,0,0,0,"{""event_name"": ""lock_released"", ""timestamp"": ""2026-09-18 16:49:48.781"", ""session_id"": 83, ""resource_type"": ""OBJECT"", ""mode"": ""IX""}",OBJECT,IX,UNKNOWN
lock_released,2026-09-18 16:49:48.781,84,0,0,0,"{""event_name"": ""lock_released"", ""timestamp"": ""2026-09-18 16:49:48.781"", ""session_id"": 84, ""resource_type"": ""PAGE"", ""mode"": ""IX""}",PAGE,IX,UNKNOWN
lock_released,2026-09-18 16:49:48.781,83,0,0,0,"{""event_name"": ""lock_released"", ""timestamp"": ""2026-09-18 16:49:48.781"", ""session_id"": 83, ""resource_type"": ""OBJECT"", ""mode"": ""IS""}",OBJECT,IS,UNKNOWN
lock_released,2026-09-18 16:49:48.781,78,0,0,0,"{""event_name"": ""lock_released"", ""timestamp"": ""2026-09-18 16:49:48.781"", ""session_id"": 78, ""resource_type"": ""OBJECT"", ""mode"": ""IX""}",OBJECT,IX,UNKNOWN
lock_released,2026-09-18 16:49:48.781,78,0,0,0,"{""event_name"": ""lock_released"", ""timestamp"": ""2026-09-18 16:49:48.781"", ""session_id"": 78, ""resource_type"": ""OBJECT"", ""mode"": ""IS""}",OBJECT,IS,UNKNOWN
lock_released,2026-09-18 16:49:48.781,76,0,0,0,"{""event_name"": ""lock_released"", ""timestamp"": ""2026-09-18 16:49:48.781"", ""session_id"": 76, ""resource_type"": ""PAGE"", ""mode"": ""IX""}",PAGE,IX,UNKNOWN
logout,2026-09-18 16:49:53.839,94,0,0,0,"{""event_name"": ""logout"", ""timestamp"": ""2026-09-18 16:49:53.839"", ""session_id"": 94}",0,0,UNKNOWN
lock_acquired,2026-09-18 16:49:53.839,82,0,0,0,"{""event_name"": ""lock_acquired"", ""timestamp"": ""2026-09-18 16:49:53.839"", ""session_id"": 82, ""resource_type"": ""OBJECT"", ""mode"": ""Sch-S""}",OBJECT,Sch-S,UNKNOWN
lock_acquired,2026-09-18 16:49:53.839,83,0,0,0,"{""event_name"": ""lock_acquired"", ""timestamp"": ""2026-09-18 16:49:53.839"", ""session_id"": 83, ""resource_type"": ""OBJECT"", ""mode"": ""IX""}",OBJECT,IX,UNKNOWN
lock_acquired,2026-09-18 16:49:53.839,79,0,0,0,"{""event_name"": ""lock_acquired"", ""timestamp"": ""2026-09-18 16:49:53.839"", ""session_id"": 79, ""resource_type"": ""OBJECT"", ""mode"": ""Sch-S""}",OBJECT,Sch-S,UNKNOWN
lock_acquired,2026-09-18 16:49:53.839,83,0,0,0,"{""event_name"": ""lock_acquired"", ""timestamp"": ""2026-09-18 16:49:53.839"", ""session_id"": 83, ""resource_type"": ""OBJECT"", ""mode"": ""IS""}",OBJECT,IS,UNKNOWN
lock_acquired,2026-09-18 16:49:53.839,78,0,0,0,"{""event_name"": ""lock_acquired"", ""timestamp"": ""2026-09-18 16:49:53.839"", ""session_id"": 78, ""resource_type"": ""OBJECT"", ""mode"": ""IX""}",OBJECT,IX,UNKNOWN
lock_acquired,2026-09-18 16:49:53.839,80,0,0,0,"{""event_name"": ""lock_acquired"", ""timestamp"": ""2026-09-18 16:49:53.839"", ""session_id"": 80, ""resource_type"": ""OBJECT"", ""mode"": ""IS""}",OBJECT,IS,UNKNOWN
lock_acquired,2026-09-18 16:49:53.839,80,0,0,0,"{""event_name"": ""lock_acquired"", ""timestamp"": ""2026-09-18 16:49:53.839"", ""session_id"": 80, ""resource_type"": ""OBJECT"", ""mode"": ""IX""}",OBJECT,IX,UNKNOWN
lock_acquired,2026-09-18 16:49:53.839,79,0,0,0,"{""event_name"": ""lock_acquired"", ""timestamp"": ""2026-09-18 16:49:53.839"", ""session_id"": 79, ""resource_type"": ""METADATA"", ""mode"": ""Sch-S""}",METADATA,Sch-S,UNKNOWN
lock_acquired,2026-09-18 16:49:53.839,78,0,0,0,"{""event_name"": ""lock_acquired"", ""timestamp"": ""2026-09-18 16:49:53.839"", ""session_id"": 78, ""resource_type"": ""OBJECT"", ""mode"": ""IS""}",OBJECT,IS,UNKNOWN
lock_acquired,2026-09-18 16:49:53.839,84,0,0,0,"{""event_name"": ""lock_acquired"", ""timestamp"": ""2026-09-18 16:49:53.839"", ""session_id"": 84, ""resource_type"": ""OBJECT"", ""mode"": ""IS""}",OBJECT,IS,UNKNOWN
lock_acquired,2026-09-18 16:49:53.839,84,0,0,0,"{""event_name"": ""lock_acquired"", ""timestamp"": ""2026-09-18 16:49:53.839"", ""session_id"": 84, ""resource_type"": ""OBJECT"", ""mode"": ""IX""}",OBJECT,IX,UNKNOWN
lock_acquired,2026-09-18 16:49:53.839,81,0,0,0,"{""event_name"": ""lock_acquired"", ""timestamp"": ""2026-09-18 16:49:53.839"", ""session_id"": 81, ""resource_type"": ""KEY"", ""mode"": ""X""}",KEY,X,UNKNOWN
lock_acquired,2026-09-18 16:49:53.839,78,0,0,0,"{""event_name"": ""lock_acquired"", ""timestamp"": ""2026-09-18 16:49:53.839"", ""session_id"": 78, ""resource_type"": ""PAGE"", ""mode"": ""S""}",PAGE,S,UNKNOWN
lock_acquired,2026-09-18 16:49:53.839,80,0,0,0,"{""event_name"": ""lock_acquired"", ""timestamp"": ""2026-09-18 16:49:53.839"", ""session_id"": 80, ""resource_type"": ""PAGE"", ""mode"": ""S""}",PAGE,S,UNKNOWN
lock_released,2026-09-18 16:49:53.839,77,0,0,0,"{""event_name"": ""lock_released"", ""timestamp"": ""2026-09-18 16:49:53.839"", ""session_id"": 77, ""resource_type"": ""KEY"", ""mode"": ""U""}",KEY,U,UNKNOWN
lock_released,2026-09-18 16:49:53.839,77,0,0,0,"{""event_name"": ""lock_released"", ""timestamp"": ""2026-09-18 16:49:53.839"", ""session_id"": 77, ""resource_type"": ""KEY"", ""mode"": ""X""}",KEY,X,UNKNOWN
lock_released,2026-09-18 16:49:53.839,81,0,0,0,"{""event_name"": ""lock_released"", ""timestamp"": ""2026-09-18 16:49:53.839"", ""session_id"": 81, ""resource_type"": ""OBJECT"", ""mode"": ""IX""}",OBJECT,IX,UNKNOWN
lock_released,2026-09-18 16:49:53.839,82,0,0,0,"{""event_name"": ""lock_released"", ""timestamp"": ""2026-09-18 16:49:53.839"", ""session_id"": 82, ""resource_type"": ""OBJECT"", ""mode"": ""IX""}",OBJECT,IX,UNKNOWN
lock_released,2026-09-18 16:49:53.839,81,0,0,0,"{""event_name"": ""lock_released"", ""timestamp"": ""2026-09-18 16:49:53.839"", ""session_id"": 81, ""resource_type"": ""OBJECT"", ""mode"": ""IS""}",OBJECT,IS,UNKNOWN
lock_released,2026-09-18 16:49:53.839,79,0,0,0,"{""event_name"": ""lock_released"", ""timestamp"": ""2026-09-18 16:49:53.839"", ""session_id"": 79, ""resource_type"": ""OBJECT"", ""mode"": ""IX""}",OBJECT,IX,UNKNOWN
lock_released,2026-09-18 16:49:53.839,82,0,0,0,"{""event_name"": ""lock_released"", ""timestamp"": ""2026-09-18 16:49:53.839"", ""session_id"": 82, ""resource_type"": ""OBJECT"", ""mode"": ""IS""}",OBJECT,IS,UNKNOWN
lock_released,2026-09-18 16:49:53.839,79,0,0,0,"{""event_name"": ""lock_released"", ""timestamp"": ""2026-09-18 16:49:53.839"", ""session_id"": 79, ""resource_type"": ""OBJECT"", ""mode"": ""IS""}",OBJECT,IS,UNKNOWN
lock_acquired,2026-09-18 16:49:58.916,76,0,0,0,"{""event_name"": ""lock_acquired"", ""timestamp"": ""2026-09-18 16:49:58.916"", ""session_id"": 76, ""resource_type"": ""OBJECT"", ""mode"": ""Sch-S""}",OBJECT,Sch-S,UNKNOWN
lock_acquired,2026-09-18 16:49:58.916,81,0,0,0,"{""event_name"": ""lock_acquired"", ""timestamp"": ""2026-09-18 16:49:58.916"", ""session_id"": 81, ""resource_type"": ""OBJECT"", ""mode"": ""IX""}",OBJECT,IX,UNKNOWN
lock_acquired,2026-09-18 16:49:58.916,82,0,0,0,"{""event_name"": ""lock_acquired"", ""timestamp"": ""2026-09-18 16:49:58.916"", ""session_id"": 82, ""resource_type"": ""OBJECT"", ""mode"": ""IX""}",OBJECT,IX,UNKNOWN
lock_acquired,2026-09-18 16:49:58.916,79,0,0,0,"{""event_name"": ""lock_acquired"", ""timestamp"": ""2026-09-18 16:49:58.916"", ""session_id"": 79, ""resource_type"": ""PAGE"", ""mode"": ""S""}",PAGE,S,UNKNOWN
lock_acquired,2026-09-18 16:49:58.916,82,0,0,0,"{""event_name"": ""lock_acquired"", ""timestamp"": ""2026-09-18 16:49:58.916"", ""session_id"": 82, ""resource_type"": ""PAGE"", ""mode"": ""S""}",PAGE,S,UNKNOWN
lock_acquired,2026-09-18 16:49:58.916,81,0,0,0,"{""event_name"": ""lock_acquired"", ""timestamp"": ""2026-09-18 16:49:58.916"", ""session_id"": 81, ""resource_type"": ""OBJECT"", ""mode"": ""IS""}",OBJECT,IS,UNKNOWN
lock_acquired,2026-09-18 16:49:58.916,79,0,0,0,"{""event_name"": ""lock_acquired"", ""timestamp"": ""2026-09-18 16:49:58.916"", ""session_id"": 79, ""resource_type"": ""OBJECT"", ""mode"": ""IX""}",OBJECT,IX,UNKNOWN
lock_acquired,2026-09-18 16:49:58.916,82,0,0,0,"{""event_name"": ""lock_acquired"", ""timestamp"": ""2026-09-18 16:49:58.916"", ""session_id"": 82, ""resource_type"": ""OBJECT"", ""mode"": ""IS""}",OBJECT,IS,UNKNOWN
lock_acquired,2026-09-18 16:49:58.916,81,0,0,0,"{""event_name"": ""lock_acquired"", ""timestamp"": ""2026-09-18 16:49:58.916"", ""session_id"": 81, ""resource_type"": ""PAGE"", ""mode"": ""S""}",PAGE,S,UNKNOWN
lock_acquired,2026-09-18 16:49:58.916,79,0,0,0,"{""event_name"": ""lock_acquired"", ""timestamp"": ""2026-09-18 16:49:58.916"", ""session_id"": 79, ""resource_type"": ""OBJECT"", ""mode"": ""IS""}",OBJECT,IS,UNKNOWN
lock_released,2026-09-18 16:49:58.916,82,0,0,0,"{""event_name"": ""lock_released"", ""timestamp"": ""2026-09-18 16:49:58.916"", ""session_id"": 82, ""resource_type"": ""OBJECT"", ""mode"": ""Sch-S""}",OBJECT,Sch-S,UNKNOWN
lock_released,2026-09-18 16:49:58.916,78,0,0,0,"{""event_name"": ""lock_released"", ""timestamp"": ""2026-09-18 16:49:58.916"", ""session_id"": 78, ""resource_type"": ""PAGE"", ""mode"": ""S""}",PAGE,S,UNKNOWN
lock_released,2026-09-18 16:49:58.916,77,0,0,0,"{""event_name"": ""lock_released"", ""timestamp"": ""2026-09-18 16:49:58.916"", ""session_id"": 77, ""resource_type"": ""OBJECT"", ""mode"": ""IS""}",OBJECT,IS,UNKNOWN
lock_released,2026-09-18 16:49:58.916,79,0,0,0,"{""event_name"": ""lock_released"", ""timestamp"": ""2026-09-18 16:49:58.916"", ""session_id"": 79, ""resource_type"": ""OBJECT"", ""mode"": ""Sch-S""}",OBJECT,Sch-S,UNKNOWN
lock_released,2026-09-18 16:49:58.916,79,0,0,0,"{""event_name"": ""lock_released"", ""timestamp"": ""2026-09-18 16:49:58.916"", ""session_id"": 79, ""resource_type"": ""METADATA"", ""mode"": ""Sch-S""}",METADATA,Sch-S,UNKNOWN
lock_released,2026-09-18 16:49:58.916,84,0,0,0,"{""event_name"": ""lock_released"", ""timestamp"": ""2026-09-18 16:49:58.916"", ""session_id"": 84, ""resource_type"": ""OBJECT"", ""mode"": ""IS""}",OBJECT,IS,UNKNOWN
lock_released,2026-09-18 16:49:58.916,76,0,0,0,"{""event_name"": ""lock_released"", ""timestamp"": ""2026-09-18 16:49:58.916"", ""session_id"": 76, ""resource_type"": ""OBJECT"", ""mode"": ""IX""}",OBJECT,IX,UNKNOWN
lock_released,2026-09-18 16:49:58.916,84,0,0,0,"{""event_name"": ""lock_released"", ""timestamp"": ""2026-09-18 16:49:58.916"", ""session_id"": 84, ""resource_type"": ""OBJECT"", ""mode"": ""IX""}",OBJECT,IX,UNKNOWN
lock_released,2026-09-18 16:49:58.916,81,0,0,0,"{""event_name"": ""lock_released"", ""timestamp"": ""2026-09-18 16:49:58.916"", ""session_id"": 81, ""resource_type"": ""KEY"", ""mode"": ""X""}",KEY,X,UNKNOWN
lock_released,2026-09-18 16:49:58.916,76,0,0,0,"{""event_name"": ""lock_released"", ""timestamp"": ""2026-09-18 16:49:58.916"", ""session_id"": 76, ""resource_type"": ""OBJECT"", ""mode"": ""IS""}",OBJECT,IS,UNKNOWN
lock_acquired,2026-09-18 16:50:03.982,78,0,0,0,"{""event_name"": ""lock_acquired"", ""timestamp"": ""2026-09-18 16:50:03.982"", ""session_id"": 78, ""resource_type"": ""PAGE"", ""mode"": ""IX""}",PAGE,IX,UNKNOWN
lock_acquired,2026-09-18 16:50:03.982,76,0,0,0,"{""event_name"": ""lock_acquired"", ""timestamp"": ""2026-09-18 16:50:03.982"", ""session_id"": 76, ""resource_type"": ""METADATA"", ""mode"": ""Sch-S""}",METADATA,Sch-S,UNKNOWN
lock_acquired,2026-09-18 16:50:03.982,84,0,0,0,"{""event_name"": ""lock_acquired"", ""timestamp"": ""2026-09-18 16:50:03.982"", ""session_id"": 84, ""resource_type"": ""OBJECT"", ""mode"": ""IS""}",OBJECT,IS,UNKNOWN
lock_acquired,2026-09-18 16:50:03.982,77,0,0,0,"{""event_name"": ""lock_acquired"", ""timestamp"": ""2026-09-18 16:50:03.982"", ""session_id"": 77, ""resource_type"": ""OBJECT"", ""mode"": ""Sch-S""}",OBJECT,Sch-S,UNKNOWN
lock_acquired,2026-09-18 16:50:03.982,84,0,0,0,"{""event_name"": ""lock_acquired"", ""timestamp"": ""2026-09-18 16:50:03.982"", ""session_id"": 84, ""resource_type"": ""OBJECT"", ""mode"": ""IX""}",OBJECT,IX,UNKNOWN
lock_acquired,2026-09-18 16:50:03.982,78,0,0,0,"{""event_name"": ""lock_acquired"", ""timestamp"": ""2026-09-18 16:50:03.982"", ""session_id"": 78, ""resource_type"": ""KEY"", ""mode"": ""X""}",KEY,X,UNKNOWN
lock_released,2026-09-18 16:50:03.982,77,0,0,0,"{""event_name"": ""lock_released"", ""timestamp"": ""2026-09-18 16:50:03.982"", ""session_id"": 77, ""resource_type"": ""OBJECT"", ""mode"": ""IX""}",OBJECT,IX,UNKNOWN
lock_released,2026-09-18 16:50:03.982,79,0,0,0,"{""event_name"": ""lock_released"", ""timestamp"": ""2026-09-18 16:50:03.982"", ""session_id"": 79, ""resource_type"": ""PAGE"", ""mode"": ""S""}",PAGE,S,UNKNOWN
lock_released,2026-09-18 16:50:03.982,82,0,0,0,"{""event_name"": ""lock_released"", ""timestamp"": ""2026-09-18 16:50:03.982"", ""session_id"": 82, ""resource_type"": ""PAGE"", ""mode"": ""S""}",PAGE,S,UNKNOWN
lock_released,2026-09-18 16:50:03.982,80,0,0,0,"{""event_name"": ""lock_released"", ""timestamp"": ""2026-09-18 16:50:03.982"", ""session_id"": 80, ""resource_type"": ""PAGE"", ""mode"": ""S""}",PAGE,S,UNKNOWN
lock_released,2026-09-18 16:50:03.982,78,0,0,0,"{""event_name"": ""lock_released"", ""timestamp"": ""2026-09-18 16:50:03.982"", ""session_id"": 78, ""resource_type"": ""OBJECT"", ""mode"": ""IS""}",OBJECT,IS,UNKNOWN
lock_released,2026-09-18 16:50:03.982,79,0,0,0,"{""event_name"": ""lock_released"", ""timestamp"": ""2026-09-18 16:50:03.982"", ""session_id"": 79, ""resource_type"": ""OBJECT"", ""mode"": ""IX""}",OBJECT,IX,UNKNOWN
lock_released,2026-09-18 16:50:03.982,81,0,0,0,"{""event_name"": ""lock_released"", ""timestamp"": ""2026-09-18 16:50:03.982"", ""session_id"": 81, ""resource_type"": ""PAGE"", ""mode"": ""S""}",PAGE,S,UNKNOWN
lock_released,2026-09-18 16:50:03.982,79,0,0,0,"{""event_name"": ""lock_released"", ""timestamp"": ""2026-09-18 16:50:03.982"", ""session_id"": 79, ""resource_type"": ""OBJECT"", ""mode"": ""IS""}",OBJECT,IS,UNKNOWN
lock_acquired,2026-09-18 16:50:09.056,78,0,0,0,"{""event_name"": ""lock_acquired"", ""timestamp"": ""2026-09-18 16:50:09.056"", ""session_id"": 78, ""resource_type"": ""PAGE"", ""mode"": ""S""}",PAGE,S,UNKNOWN
lock_acquired,2026-09-18 16:50:09.056,85,0,0,0,"{""event_name"": ""lock_acquired"", ""timestamp"": ""2026-09-18 16:50:09.056"", ""session_id"": 85, ""resource_type"": ""OBJECT"", ""mode"": ""Sch-S""}",OBJECT,Sch-S,UNKNOWN
lock_acquired,2026-09-18 16:50:09.056,85,0,0,0,"{""event_name"": ""lock_acquired"", ""timestamp"": ""2026-09-18 16:50:09.056"", ""session_id"": 85, ""resource_type"": ""METADATA"", ""mode"": ""Sch-S""}",METADATA,Sch-S,UNKNOWN
lock_acquired,2026-09-18 16:50:09.056,79,0,0,0,"{""event_name"": ""lock_acquired"", ""timestamp"": ""2026-09-18 16:50:09.056"", ""session_id"": 79, ""resource_type"": ""OBJECT"", ""mode"": ""IS""}",OBJECT,IS,UNKNOWN
lock_acquired,2026-09-18 16:50:09.056,78,0,0,0,"{""event_name"": ""lock_acquired"", ""timestamp"": ""2026-09-18 16:50:09.056"", ""session_id"": 78, ""resource_type"": ""OBJECT"", ""mode"": ""IS""}",OBJECT,IS,UNKNOWN
lock_acquired,2026-09-18 16:50:09.056,76,0,0,0,"{""event_name"": ""lock_acquired"", ""timestamp"": ""2026-09-18 16:50:09.056"", ""session_id"": 76, ""resource_type"": ""OBJECT"", ""mode"": ""IX""}",OBJECT,IX,UNKNOWN
lock_acquired,2026-09-18 16:50:09.056,79,0,0,0,"{""event_name"": ""lock_acquired"", ""timestamp"": ""2026-09-18 16:50:09.056"", ""session_id"": 79, ""resource_type"": ""OBJECT"", ""mode"": ""IX""}",OBJECT,IX,UNKNOWN
lock_acquired,2026-09-18 16:50:09.056,76,0,0,0,"{""event_name"": ""lock_acquired"", ""timestamp"": ""2026-09-18 16:50:09.056"", ""session_id"": 76, ""resource_type"": ""OBJECT"", ""mode"": ""IS""}",OBJECT,IS,UNKNOWN
lock_acquired,2026-09-18 16:50:09.056,80,0,0,0,"{""event_name"": ""lock_acquired"", ""timestamp"": ""2026-09-18 16:50:09.056"", ""session_id"": 80, ""resource_type"": ""PAGE"", ""mode"": ""S""}",PAGE,S,UNKNOWN
lock_released,2026-09-18 16:50:09.056,83,0,0,0,"{""event_name"": ""lock_released"", ""timestamp"": ""2026-09-18 16:50:09.056"", ""session_id"": 83, ""resource_type"": ""OBJECT"", ""mode"": ""IX""}",OBJECT,IX,UNKNOWN
lock_released,2026-09-18 16:50:09.056,76,0,0,0,"{""event_name"": ""lock_released"", ""timestamp"": ""2026-09-18 16:50:09.056"", ""session_id"": 76, ""resource_type"": ""OBJECT"", ""mode"": ""Sch-S""}",OBJECT,Sch-S,UNKNOWN
lock_released,2026-09-18 16:50:09.056,78,0,0,0,"{""event_name"": ""lock_released"", ""timestamp"": ""2026-09-18 16:50:09.056"", ""session_id"": 78, ""resource_type"": ""PAGE"", ""mode"": ""IX""}",PAGE,IX,UNKNOWN
lock_released,2026-09-18 16:50:09.056,76,0,0,0,"{""event_name"": ""lock_released"", ""timestamp"": ""2026-09-18 16:50:09.056"", ""session_id"": 76, ""resource_type"": ""METADATA"", ""mode"": ""Sch-S""}",METADATA,Sch-S,UNKNOWN
lock_released,2026-09-18 16:50:09.056,83,0,0,0,"{""event_name"": ""lock_released"", ""timestamp"": ""2026-09-18 16:50:09.056"", ""session_id"": 83, ""resource_type"": ""OBJECT"", ""mode"": ""IS""}",OBJECT,IS,UNKNOWN
lock_released,2026-09-18 16:50:09.056,84,0,0,0,"{""event_name"": ""lock_released"", ""timestamp"": ""2026-09-18 16:50:09.056"", ""session_id"": 84, ""resource_type"": ""OBJECT"", ""mode"": ""IS""}",OBJECT,IS,UNKNOWN
lock_released,2026-09-18 16:50:09.056,84,0,0,0,"{""event_name"": ""lock_released"", ""timestamp"": ""2026-09-18 16:50:09.056"", ""session_id"": 84, ""resource_type"": ""OBJECT"", ""mode"": ""IX""}",OBJECT,IX,UNKNOWN
lock_released,2026-09-18 16:50:09.056,77,0,0,0,"{""event_name"": ""lock_released"", ""timestamp"": ""2026-09-18 16:50:09.056"", ""session_id"": 77, ""resource_type"": ""OBJECT"", ""mode"": ""Sch-S""}",OBJECT,Sch-S,UNKNOWN
lock_released,2026-09-18 16:50:09.056,85,0,0,0,"{""event_name"": ""lock_released"", ""timestamp"": ""2026-09-18 16:50:09.056"", ""session_id"": 85, ""resource_type"": ""OBJECT"", ""mode"": ""IX""}",OBJECT,IX,UNKNOWN
lock_released,2026-09-18 16:50:09.056,78,0,0,0,"{""event_name"": ""lock_released"", ""timestamp"": ""2026-09-18 16:50:09.056"", ""session_id"": 78, ""resource_type"": ""KEY"", ""mode"": ""X""}",KEY,X,UNKNOWN
lock_released,2026-09-18 16:50:09.056,85,0,0,0,"{""event_name"": ""lock_released"", ""timestamp"": ""2026-09-18 16:50:09.056"", ""session_id"": 85, ""resource_type"": ""OBJECT"", ""mode"": ""IS""}",OBJECT,IS,UNKNOWN
lock_acquired,2026-09-18 16:50:14.178,80,0,0,0,"{""event_name"": ""lock_acquired"", ""timestamp"": ""2026-09-18 16:50:14.178"", ""session_id"": 80, ""resource_type"": ""METADATA"", ""mode"": ""Sch-S""}",METADATA,Sch-S,UNKNOWN
lock_acquired,2026-09-18 16:50:14.178,77,0,0,0,"{""event_name"": ""lock_acquired"", ""timestamp"": ""2026-09-18 16:50:14.178"", ""session_id"": 77, ""resource_type"": ""KEY"", ""mode"": ""X""}",KEY,X,UNKNOWN
lock_acquired,2026-09-18 16:50:14.178,79,0,0,0,"{""event_name"": ""lock_acquired"", ""timestamp"": ""2026-09-18 16:50:14.178"", ""session_id"": 79, ""resource_type"": ""KEY"", ""mode"": ""X""}",KEY,X,UNKNOWN
lock_acquired,2026-09-18 16:50:14.178,77,0,0,0,"{""event_name"": ""lock_acquired"", ""timestamp"": ""2026-09-18 16:50:14.178"", ""session_id"": 77, ""resource_type"": ""OBJECT"", ""mode"": ""IX""}",OBJECT,IX,UNKNOWN
lock_acquired,2026-09-18 16:50:14.178,85,0,0,0,"{""event_name"": ""lock_acquired"", ""timestamp"": ""2026-09-18 16:50:14.178"", ""session_id"": 85, ""resource_type"": ""PAGE"", ""mode"": ""IS""}",PAGE,IS,UNKNOWN
lock_acquired,2026-09-18 16:50:14.178,84,0,0,0,"{""event_name"": ""lock_acquired"", ""timestamp"": ""2026-09-18 16:50:14.178"", ""session_id"": 84, ""resource_type"": ""OBJECT"", ""mode"": ""IS""}",OBJECT,IS,UNKNOWN
lock_acquired,2026-09-18 16:50:14.178,84,0,0,0,"{""event_name"": ""lock_acquired"", ""timestamp"": ""2026-09-18 16:50:14.178"", ""session_id"": 84, ""resource_type"": ""OBJECT"", ""mode"": ""IX""}",OBJECT,IX,UNKNOWN
lock_acquired,2026-09-18 16:50:14.178,80,0,0,0,"{""event_name"": ""lock_acquired"", ""timestamp"": ""2026-09-18 16:50:14.178"", ""session_id"": 80, ""resource_type"": ""OBJECT"", ""mode"": ""Sch-S""}",OBJECT,Sch-S,UNKNOWN
lock_acquired,2026-09-18 16:50:14.178,77,0,0,0,"{""event_name"": ""lock_acquired"", ""timestamp"": ""2026-09-18 16:50:14.178"", ""session_id"": 77, ""resource_type"": ""PAGE"", ""mode"": ""IX""}",PAGE,IX,UNKNOWN
lock_acquired,2026-09-18 16:50:14.178,85,0,0,0,"{""event_name"": ""lock_acquired"", ""timestamp"": ""2026-09-18 16:50:14.178"", ""session_id"": 85, ""resource_type"": ""OBJECT"", ""mode"": ""IS""}",OBJECT,IS,UNKNOWN
lock_released,2026-09-18 16:50:14.178,85,0,0,0,"{""event_name"": ""lock_released"", ""timestamp"": ""2026-09-18 16:50:14.178"", ""session_id"": 85, ""resource_type"": ""OBJECT"", ""mode"": ""Sch-S""}",OBJECT,Sch-S,UNKNOWN
lock_released,2026-09-18 16:50:14.178,85,0,0,0,"{""event_name"": ""lock_released"", ""timestamp"": ""2026-09-18 16:50:14.178"", ""session_id"": 85, ""resource_type"": ""METADATA"", ""mode"": ""Sch-S""}",METADATA,Sch-S,UNKNOWN
lock_released,2026-09-18 16:50:14.178,80,0,0,0,"{""event_name"": ""lock_released"", ""timestamp"": ""2026-09-18 16:50:14.178"", ""session_id"": 80, ""resource_type"": ""OBJECT"", ""mode"": ""IS""}",OBJECT,IS,UNKNOWN
lock_released,2026-09-18 16:50:14.178,80,0,0,0,"{""event_name"": ""lock_released"", ""timestamp"": ""2026-09-18 16:50:14.178"", ""session_id"": 80, ""resource_type"": ""OBJECT"", ""mode"": ""IX""}",OBJECT,IX,UNKNOWN
lock_released,2026-09-18 16:50:14.178,79,0,0,0,"{""event_name"": ""lock_released"", ""timestamp"": ""2026-09-18 16:50:14.178"", ""session_id"": 79, ""resource_type"": ""OBJECT"", ""mode"": ""IS""}",OBJECT,IS,UNKNOWN
lock_released,2026-09-18 16:50:14.178,79,0,0,0,"{""event_name"": ""lock_released"", ""timestamp"": ""2026-09-18 16:50:14.178"", ""session_id"": 79, ""resource_type"": ""OBJECT"", ""mode"": ""IX""}",OBJECT,IX,UNKNOWN
lock_released,2026-09-18 16:50:14.178,78,0,0,0,"{""event_name"": ""lock_released"", ""timestamp"": ""2026-09-18 16:50:14.178"", ""session_id"": 78, ""resource_type"": ""PAGE"", ""mode"": ""S""}",PAGE,S,UNKNOWN
lock_released,2026-09-18 16:50:14.178,80,0,0,0,"{""event_name"": ""lock_released"", ""timestamp"": ""2026-09-18 16:50:14.178"", ""session_id"": 80, ""resource_type"": ""PAGE"", ""mode"": ""S""}",PAGE,S,UNKNOWN
lock_acquired,2026-09-18 16:50:19.242,83,0,0,0,"{""event_name"": ""lock_acquired"", ""timestamp"": ""2026-09-18 16:50:19.242"", ""session_id"": 83, ""resource_type"": ""OBJECT"", ""mode"": ""IX""}",OBJECT,IX,UNKNOWN
lock_acquired,2026-09-18 16:50:19.242,79,0,0,0,"{""event_name"": ""lock_acquired"", ""timestamp"": ""2026-09-18 16:50:19.242"", ""session_id"": 79, ""resource_type"": ""OBJECT"", ""mode"": ""Sch-S""}",OBJECT,Sch-S,UNKNOWN
lock_acquired,2026-09-18 16:50:19.242,77,0,0,0,"{""event_name"": ""lock_acquired"", ""timestamp"": ""2026-09-18 16:50:19.242"", ""session_id"": 77, ""resource_type"": ""OBJECT"", ""mode"": ""IS""}",OBJECT,IS,UNKNOWN
lock_acquired,2026-09-18 16:50:19.242,83,0,0,0,"{""event_name"": ""lock_acquired"", ""timestamp"": ""2026-09-18 16:50:19.242"", ""session_id"": 83, ""resource_type"": ""OBJECT"", ""mode"": ""IS""}",OBJECT,IS,UNKNOWN
lock_acquired,2026-09-18 16:50:19.242,80,0,0,0,"{""event_name"": ""lock_acquired"", ""timestamp"": ""2026-09-18 16:50:19.242"", ""session_id"": 80, ""resource_type"": ""OBJECT"", ""mode"": ""IS""}",OBJECT,IS,UNKNOWN
lock_acquired,2026-09-18 16:50:19.242,80,0,0,0,"{""event_name"": ""lock_acquired"", ""timestamp"": ""2026-09-18 16:50:19.242"", ""session_id"": 80, ""resource_type"": ""OBJECT"", ""mode"": ""IX""}",OBJECT,IX,UNKNOWN
lock_acquired,2026-09-18 16:50:19.242,85,0,0,0,"{""event_name"": ""lock_acquired"", ""timestamp"": ""2026-09-18 16:50:19.242"", ""session_id"": 85, ""resource_type"": ""OBJECT"", ""mode"": ""IX""}",OBJECT,IX,UNKNOWN
lock_acquired,2026-09-18 16:50:19.242,84,0,0,0,"{""event_name"": ""lock_acquired"", ""timestamp"": ""2026-09-18 16:50:19.242"", ""session_id"": 84, ""resource_type"": ""OBJECT"", ""mode"": ""Sch-S""}",OBJECT,Sch-S,UNKNOWN
lock_released,2026-09-18 16:50:19.242,80,0,0,0,"{""event_name"": ""lock_released"", ""timestamp"": ""2026-09-18 16:50:19.242"", ""session_id"": 80, ""resource_type"": ""METADATA"", ""mode"": ""Sch-S""}",METADATA,Sch-S,UNKNOWN
lock_released,2026-09-18 16:50:19.242,77,0,0,0,"{""event_name"": ""lock_released"", ""timestamp"": ""2026-09-18 16:50:19.242"", ""session_id"": 77, ""resource_type"": ""KEY"", ""mode"": ""X""}",KEY,X,UNKNOWN
lock_released,2026-09-18 16:50:19.242,79,0,0,0,"{""event_name"": ""lock_released"", ""timestamp"": ""2026-09-18 16:50:19.242"", ""session_id"": 79, ""resource_type"": ""KEY"", ""mode"": ""X""}",KEY,X,UNKNOWN
lock_released,2026-09-18 16:50:19.242,85,0,0,0,"{""event_name"": ""lock_released"", ""timestamp"": ""2026-09-18 16:50:19.242"", ""session_id"": 85, ""resource_type"": ""PAGE"", ""mode"": ""IS""}",PAGE,IS,UNKNOWN
lock_released,2026-09-18 16:50:19.242,84,0,0,0,"{""event_name"": ""lock_released"", ""timestamp"": ""2026-09-18 16:50:19.242"", ""session_id"": 84, ""resource_type"": ""OBJECT"", ""mode"": ""IS""}",OBJECT,IS,UNKNOWN
lock_released,2026-09-18 16:50:19.242,76,0,0,0,"{""event_name"": ""lock_released"", ""timestamp"": ""2026-09-18 16:50:19.242"", ""session_id"": 76, ""resource_type"": ""OBJECT"", ""mode"": ""IX""}",OBJECT,IX,UNKNOWN
lock_released,2026-09-18 16:50:19.242,84,0,0,0,"{""event_name"": ""lock_released"", ""timestamp"": ""2026-09-18 16:50:19.242"", ""session_id"": 84, ""resource_type"": ""OBJECT"", ""mode"": ""IX""}",OBJECT,IX,UNKNOWN
lock_released,2026-09-18 16:50:19.242,80,0,0,0,"{""event_name"": ""lock_released"", ""timestamp"": ""2026-09-18 16:50:19.242"", ""session_id"": 80, ""resource_type"": ""OBJECT"", ""mode"": ""Sch-S""}",OBJECT,Sch-S,UNKNOWN
lock_released,2026-09-18 16:50:19.242,77,0,0,0,"{""event_name"": ""lock_released"", ""timestamp"": ""2026-09-18 16:50:19.242"", ""session_id"": 77, ""resource_type"": ""PAGE"", ""mode"": ""IX""}",PAGE,IX,UNKNOWN
lock_released,2026-09-18 16:50:19.242,76,0,0,0,"{""event_name"": ""lock_released"", ""timestamp"": ""2026-09-18 16:50:19.242"", ""session_id"": 76, ""resource_type"": ""OBJECT"", ""mode"": ""IS""}",OBJECT,IS,UNKNOWN
login,2026-09-18 16:50:24.327,94,795ec2146175\Administrator,Microsoft SQL Server,SteelNort,"{""event_name"": ""login"", ""timestamp"": ""2026-09-18 16:50:24.327"", ""session_id"": 94, ""login_name"": ""795ec2146175\\Administrator"", ""program_name"": ""Microsoft SQL Server"", ""database_name"": ""SteelNort""}",0,0,UNKNOWN
lock_acquired,2026-09-18 16:50:24.327,84,0,0,0,"{""event_name"": ""lock_acquired"", ""timestamp"": ""2026-09-18 16:50:24.327"", ""session_id"": 84, ""resource_type"": ""METADATA"", ""mode"": ""Sch-S""}",METADATA,Sch-S,UNKNOWN
lock_acquired,2026-09-18 16:50:24.327,84,0,0,0,"{""event_name"": ""lock_acquired"", ""timestamp"": ""2026-09-18 16:50:24.327"", ""session_id"": 84, ""resource_type"": ""KEY"", ""mode"": ""X""}",KEY,X,UNKNOWN
lock_acquired,2026-09-18 16:50:24.327,83,0,0,0,"{""event_name"": ""lock_acquired"", ""timestamp"": ""2026-09-18 16:50:24.327"", ""session_id"": 83, ""resource_type"": ""KEY"", ""mode"": ""X""}",KEY,X,UNKNOWN
lock_acquired,2026-09-18 16:50:24.327,79,0,0,0,"{""event_name"": ""lock_acquired"", ""timestamp"": ""2026-09-18 16:50:24.327"", ""session_id"": 79, ""resource_type"": ""PAGE"", ""mode"": ""IX""}",PAGE,IX,UNKNOWN
lock_acquired,2026-09-18 16:50:24.327,83,0,0,0,"{""event_name"": ""lock_acquired"", ""timestamp"": ""2026-09-18 16:50:24.327"", ""session_id"": 83, ""resource_type"": ""OBJECT"", ""mode"": ""Sch-S""}",OBJECT,Sch-S,UNKNOWN
lock_acquired,2026-09-18 16:50:24.327,76,0,0,0,"{""event_name"": ""lock_acquired"", ""timestamp"": ""2026-09-18 16:50:24.327"", ""session_id"": 76, ""resource_type"": ""OBJECT"", ""mode"": ""IX""}",OBJECT,IX,UNKNOWN
lock_acquired,2026-09-18 16:50:24.327,79,0,0,0,"{""event_name"": ""lock_acquired"", ""timestamp"": ""2026-09-18 16:50:24.327"", ""session_id"": 79, ""resource_type"": ""OBJECT"", ""mode"": ""IX""}",OBJECT,IX,UNKNOWN
lock_acquired,2026-09-18 16:50:24.327,78,0,0,0,"{""event_name"": ""lock_acquired"", ""timestamp"": ""2026-09-18 16:50:24.327"", ""session_id"": 78, ""resource_type"": ""KEY"", ""mode"": ""X""}",KEY,X,UNKNOWN
lock_acquired,2026-09-18 16:50:24.327,76,0,0,0,"{""event_name"": ""lock_acquired"", ""timestamp"": ""2026-09-18 16:50:24.327"", ""session_id"": 76, ""resource_type"": ""OBJECT"", ""mode"": ""IS""}",OBJECT,IS,UNKNOWN
lock_released,2026-09-18 16:50:24.327,83,0,0,0,"{""event_name"": ""lock_released"", ""timestamp"": ""2026-09-18 16:50:24.327"", ""session_id"": 83, ""resource_type"": ""OBJECT"", ""mode"": ""IS""}",OBJECT,IS,UNKNOWN
lock_released,2026-09-18 16:50:24.327,78,0,0,0,"{""event_name"": ""lock_released"", ""timestamp"": ""2026-09-18 16:50:24.327"", ""session_id"": 78, ""resource_type"": ""OBJECT"", ""mode"": ""IS""}",OBJECT,IS,UNKNOWN
lock_released,2026-09-18 16:50:24.327,78,0,0,0,"{""event_name"": ""lock_released"", ""timestamp"": ""2026-09-18 16:50:24.327"", ""session_id"": 78, ""resource_type"": ""OBJECT"", ""mode"": ""IX""}",OBJECT,IX,UNKNOWN
lock_released,2026-09-18 16:50:24.327,79,0,0,0,"{""event_name"": ""lock_released"", ""timestamp"": ""2026-09-18 16:50:24.327"", ""session_id"": 79, ""resource_type"": ""OBJECT"", ""mode"": ""Sch-S""}",OBJECT,Sch-S,UNKNOWN
lock_acquired,2026-09-18 16:50:29.413,83,0,0,0,"{""event_name"": ""lock_acquired"", ""timestamp"": ""2026-09-18 16:50:29.413"", ""session_id"": 83, ""resource_type"": ""OBJECT"", ""mode"": ""IS""}",OBJECT,IS,UNKNOWN
lock_acquired,2026-09-18 16:50:29.413,78,0,0,0,"{""event_name"": ""lock_acquired"", ""timestamp"": ""2026-09-18 16:50:29.413"", ""session_id"": 78, ""resource_type"": ""OBJECT"", ""mode"": ""IX""}",OBJECT,IX,UNKNOWN
lock_acquired,2026-09-18 16:50:29.413,76,0,0,0,"{""event_name"": ""lock_acquired"", ""timestamp"": ""2026-09-18 16:50:29.413"", ""session_id"": 76, ""resource_type"": ""PAGE"", ""mode"": ""S""}",PAGE,S,UNKNOWN
lock_acquired,2026-09-18 16:50:29.413,78,0,0,0,"{""event_name"": ""lock_acquired"", ""timestamp"": ""2026-09-18 16:50:29.413"", ""session_id"": 78, ""resource_type"": ""OBJECT"", ""mode"": ""IS""}",OBJECT,IS,UNKNOWN
lock_acquired,2026-09-18 16:50:29.413,84,0,0,0,"{""event_name"": ""lock_acquired"", ""timestamp"": ""2026-09-18 16:50:29.413"", ""session_id"": 84, ""resource_type"": ""OBJECT"", ""mode"": ""IS""}",OBJECT,IS,UNKNOWN
lock_acquired,2026-09-18 16:50:29.413,84,0,0,0,"{""event_name"": ""lock_acquired"", ""timestamp"": ""2026-09-18 16:50:29.413"", ""session_id"": 84, ""resource_type"": ""OBJECT"", ""mode"": ""IX""}",OBJECT,IX,UNKNOWN
lock_acquired,2026-09-18 16:50:29.413,81,0,0,0,"{""event_name"": ""lock_acquired"", ""timestamp"": ""2026-09-18 16:50:29.413"", ""session_id"": 81, ""resource_type"": ""PAGE"", ""mode"": ""S""}",PAGE,S,UNKNOWN
lock_released,2026-09-18 16:50:29.413,84,0,0,0,"{""event_name"": ""lock_released"", ""timestamp"": ""2026-09-18 16:50:29.413"", ""session_id"": 84, ""resource_type"": ""METADATA"", ""mode"": ""Sch-S""}",METADATA,Sch-S,UNKNOWN
lock_released,2026-09-18 16:50:29.413,84,0,0,0,"{""event_name"": ""lock_released"", ""timestamp"": ""2026-09-18 16:50:29.413"", ""session_id"": 84, ""resource_type"": ""KEY"", ""mode"": ""X""}",KEY,X,UNKNOWN
lock_released,2026-09-18 16:50:29.413,83,0,0,0,"{""event_name"": ""lock_released"", ""timestamp"": ""2026-09-18 16:50:29.413"", ""session_id"": 83, ""resource_type"": ""KEY"", ""mode"": ""X""}",KEY,X,UNKNOWN
lock_released,2026-09-18 16:50:29.413,79,0,0,0,"{""event_name"": ""lock_released"", ""timestamp"": ""2026-09-18 16:50:29.413"", ""session_id"": 79, ""resource_type"": ""PAGE"", ""mode"": ""IX""}",PAGE,IX,UNKNOWN
lock_released,2026-09-18 16:50:29.413,83,0,0,0,"{""event_name"": ""lock_released"", ""timestamp"": ""2026-09-18 16:50:29.413"", ""session_id"": 83, ""resource_type"": ""OBJECT"", ""mode"": ""Sch-S""}",OBJECT,Sch-S,UNKNOWN
lock_released,2026-09-18 16:50:29.413,79,0,0,0,"{""event_name"": ""lock_released"", ""timestamp"": ""2026-09-18 16:50:29.413"", ""session_id"": 79, ""resource_type"": ""OBJECT"", ""mode"": ""IX""}",OBJECT,IX,UNKNOWN
lock_released,2026-09-18 16:50:29.413,78,0,0,0,"{""event_name"": ""lock_released"", ""timestamp"": ""2026-09-18 16:50:29.413"", ""session_id"": 78, ""resource_type"": ""KEY"", ""mode"": ""X""}",KEY,X,UNKNOWN
lock_released,2026-09-18 16:50:29.413,84,0,0,0,"{""event_name"": ""lock_released"", ""timestamp"": ""2026-09-18 16:50:29.413"", ""session_id"": 84, ""resource_type"": ""OBJECT"", ""mode"": ""Sch-S""}",OBJECT,Sch-S,UNKNOWN
logout,2026-09-18 16:50:34.527,94,0,0,0,"{""event_name"": ""logout"", ""timestamp"": ""2026-09-18 16:50:34.527"", ""session_id"": 94}",0,0,UNKNOWN
lock_acquired,2026-09-18 16:50:34.527,79,0,0,0,"{""event_name"": ""lock_acquired"", ""timestamp"": ""2026-09-18 16:50:34.527"", ""session_id"": 79, ""resource_type"": ""OBJECT"", ""mode"": ""IS""}",OBJECT,IS,UNKNOWN
lock_acquired,2026-09-18 16:50:34.527,80,0,0,0,"{""event_name"": ""lock_acquired"", ""timestamp"": ""2026-09-18 16:50:34.527"", ""session_id"": 80, ""resource_type"": ""PAGE"", ""mode"": ""S""}",PAGE,S,UNKNOWN
lock_acquired,2026-09-18 16:50:34.527,79,0,0,0,"{""event_name"": ""lock_acquired"", ""timestamp"": ""2026-09-18 16:50:34.527"", ""session_id"": 79, ""resource_type"": ""OBJECT"", ""mode"": ""IX""}",OBJECT,IX,UNKNOWN
lock_released,2026-09-18 16:50:34.527,81,0,0,0,"{""event_name"": ""lock_released"", ""timestamp"": ""2026-09-18 16:50:34.527"", ""session_id"": 81, ""resource_type"": ""OBJECT"", ""mode"": ""IX""}",OBJECT,IX,UNKNOWN
lock_released,2026-09-18 16:50:34.527,82,0,0,0,"{""event_name"": ""lock_released"", ""timestamp"": ""2026-09-18 16:50:34.527"", ""session_id"": 82, ""resource_type"": ""OBJECT"", ""mode"": ""IX""}",OBJECT,IX,UNKNOWN
lock_released,2026-09-18 16:50:34.527,80,0,0,0,"{""event_name"": ""lock_released"", ""timestamp"": ""2026-09-18 16:50:34.527"", ""session_id"": 80, ""resource_type"": ""OBJECT"", ""mode"": ""IX""}",OBJECT,IX,UNKNOWN
lock_released,2026-09-18 16:50:34.527,81,0,0,0,"{""event_name"": ""lock_released"", ""timestamp"": ""2026-09-18 16:50:34.527"", ""session_id"": 81, ""resource_type"": ""OBJECT"", ""mode"": ""IS""}",OBJECT,IS,UNKNOWN
lock_released,2026-09-18 16:50:34.527,76,0,0,0,"{""event_name"": ""lock_released"", ""timestamp"": ""2026-09-18 16:50:34.527"", ""session_id"": 76, ""resource_type"": ""PAGE"", ""mode"": ""S""}",PAGE,S,UNKNOWN
lock_released,2026-09-18 16:50:34.527,82,0,0,0,"{""event_name"": ""lock_released"", ""timestamp"": ""2026-09-18 16:50:34.527"", ""session_id"": 82, ""resource_type"": ""OBJECT"", ""mode"": ""IS""}",OBJECT,IS,UNKNOWN
lock_released,2026-09-18 16:50:34.527,81,0,0,0,"{""event_name"": ""lock_released"", ""timestamp"": ""2026-09-18 16:50:34.527"", ""session_id"": 81, ""resource_type"": ""PAGE"", ""mode"": ""S""}",PAGE,S,UNKNOWN
login,2026-09-18 16:50:39.566,94,unknown,SQLCMD,SteelNort,"{""event_name"": ""login"", ""timestamp"": ""2026-09-18 16:50:39.566"", ""session_id"": 94, ""login_name"": ""unknown"", ""program_name"": ""SQLCMD"", ""database_name"": ""SteelNort""}",0,0,UNKNOWN
lock_acquired,2026-09-18 16:50:39.566,81,0,0,0,"{""event_name"": ""lock_acquired"", ""timestamp"": ""2026-09-18 16:50:39.566"", ""session_id"": 81, ""resource_type"": ""OBJECT"", ""mode"": ""IX""}",OBJECT,IX,UNKNOWN
lock_acquired,2026-09-18 16:50:39.566,82,0,0,0,"{""event_name"": ""lock_acquired"", ""timestamp"": ""2026-09-18 16:50:39.566"", ""session_id"": 82, ""resource_type"": ""OBJECT"", ""mode"": ""IX""}",OBJECT,IX,UNKNOWN
lock_acquired,2026-09-18 16:50:39.566,80,0,0,0,"{""event_name"": ""lock_acquired"", ""timestamp"": ""2026-09-18 16:50:39.566"", ""session_id"": 80, ""resource_type"": ""OBJECT"", ""mode"": ""IX""}",OBJECT,IX,UNKNOWN
lock_acquired,2026-09-18 16:50:39.566,81,0,0,0,"{""event_name"": ""lock_acquired"", ""timestamp"": ""2026-09-18 16:50:39.566"", ""session_id"": 81, ""resource_type"": ""OBJECT"", ""mode"": ""IS""}",OBJECT,IS,UNKNOWN
lock_acquired,2026-09-18 16:50:39.566,82,0,0,0,"{""event_name"": ""lock_acquired"", ""timestamp"": ""2026-09-18 16:50:39.566"", ""session_id"": 82, ""resource_type"": ""OBJECT"", ""mode"": ""IS""}",OBJECT,IS,UNKNOWN
lock_acquired,2026-09-18 16:50:39.566,81,0,0,0,"{""event_name"": ""lock_acquired"", ""timestamp"": ""2026-09-18 16:50:39.566"", ""session_id"": 81, ""resource_type"": ""PAGE"", ""mode"": ""S""}",PAGE,S,UNKNOWN
lock_acquired,2026-09-18 16:50:39.566,78,0,0,0,"{""event_name"": ""lock_acquired"", ""timestamp"": ""2026-09-18 16:50:39.566"", ""session_id"": 78, ""resource_type"": ""PAGE"", ""mode"": ""S""}",PAGE,S,UNKNOWN
lock_released,2026-09-18 16:50:39.566,79,0,0,0,"{""event_name"": ""lock_released"", ""timestamp"": ""2026-09-18 16:50:39.566"", ""session_id"": 79, ""resource_type"": ""OBJECT"", ""mode"": ""IS""}",OBJECT,IS,UNKNOWN
lock_released,2026-09-18 16:50:39.566,80,0,0,0,"{""event_name"": ""lock_released"", ""timestamp"": ""2026-09-18 16:50:39.566"", ""session_id"": 80, ""resource_type"": ""PAGE"", ""mode"": ""S""}",PAGE,S,UNKNOWN
lock_released,2026-09-18 16:50:39.566,79,0,0,0,"{""event_name"": ""lock_released"", ""timestamp"": ""2026-09-18 16:50:39.566"", ""session_id"": 79, ""resource_type"": ""OBJECT"", ""mode"": ""IX""}",OBJECT,IX,UNKNOWN
logout,2026-09-18 16:50:44.643,94,0,0,0,"{""event_name"": ""logout"", ""timestamp"": ""2026-09-18 16:50:44.643"", ""session_id"": 94}",0,0,UNKNOWN
lock_acquired,2026-09-18 16:50:44.643,85,0,0,0,"{""event_name"": ""lock_acquired"", ""timestamp"": ""2026-09-18 16:50:44.643"", ""session_id"": 85, ""resource_type"": ""KEY"", ""mode"": ""U""}",KEY,U,UNKNOWN
lock_acquired,2026-09-18 16:50:44.643,82,0,0,0,"{""event_name"": ""lock_acquired"", ""timestamp"": ""2026-09-18 16:50:44.643"", ""session_id"": 82, ""resource_type"": ""PAGE"", ""mode"": ""S""}",PAGE,S,UNKNOWN
lock_acquired,2026-09-18 16:50:44.643,85,0,0,0,"{""event_name"": ""lock_acquired"", ""timestamp"": ""2026-09-18 16:50:44.643"", ""session_id"": 85, ""resource_type"": ""PAGE"", ""mode"": ""IX""}",PAGE,IX,UNKNOWN
lock_acquired,2026-09-18 16:50:44.643,84,0,0,0,"{""event_name"": ""lock_acquired"", ""timestamp"": ""2026-09-18 16:50:44.643"", ""session_id"": 84, ""resource_type"": ""KEY"", ""mode"": ""X""}",KEY,X,UNKNOWN
lock_acquired,2026-09-18 16:50:44.643,85,0,0,0,"{""event_name"": ""lock_acquired"", ""timestamp"": ""2026-09-18 16:50:44.643"", ""session_id"": 85, ""resource_type"": ""KEY"", ""mode"": ""X""}",KEY,X,UNKNOWN
lock_acquired,2026-09-18 16:50:44.643,80,0,0,0,"{""event_name"": ""lock_acquired"", ""timestamp"": ""2026-09-18 16:50:44.643"", ""session_id"": 80, ""resource_type"": ""PAGE"", ""mode"": ""S""}",PAGE,S,UNKNOWN
lock_released,2026-09-18 16:50:44.643,83,0,0,0,"{""event_name"": ""lock_released"", ""timestamp"": ""2026-09-18 16:50:44.643"", ""session_id"": 83, ""resource_type"": ""OBJECT"", ""mode"": ""IX""}",OBJECT,IX,UNKNOWN
lock_released,2026-09-18 16:50:44.643,78,0,0,0,"{""event_name"": ""lock_released"", ""timestamp"": ""2026-09-18 16:50:44.643"", ""session_id"": 78, ""resource_type"": ""PAGE"", ""mode"": ""S""}",PAGE,S,UNKNOWN
lock_released,2026-09-18 16:50:44.643,77,0,0,0,"{""event_name"": ""lock_released"", ""timestamp"": ""2026-09-18 16:50:44.643"", ""session_id"": 77, ""resource_type"": ""OBJECT"", ""mode"": ""IS""}",OBJECT,IS,UNKNOWN
lock_released,2026-09-18 16:50:44.643,77,0,0,0,"{""event_name"": ""lock_released"", ""timestamp"": ""2026-09-18 16:50:44.643"", ""session_id"": 77, ""resource_type"": ""OBJECT"", ""mode"": ""IX""}",OBJECT,IX,UNKNOWN
lock_released,2026-09-18 16:50:44.643,83,0,0,0,"{""event_name"": ""lock_released"", ""timestamp"": ""2026-09-18 16:50:44.643"", ""session_id"": 83, ""resource_type"": ""OBJECT"", ""mode"": ""IS""}",OBJECT,IS,UNKNOWN
lock_released,2026-09-18 16:50:44.643,84,0,0,0,"{""event_name"": ""lock_released"", ""timestamp"": ""2026-09-18 16:50:44.643"", ""session_id"": 84, ""resource_type"": ""OBJECT"", ""mode"": ""IS""}",OBJECT,IS,UNKNOWN
lock_released,2026-09-18 16:50:44.643,76,0,0,0,"{""event_name"": ""lock_released"", ""timestamp"": ""2026-09-18 16:50:44.643"", ""session_id"": 76, ""resource_type"": ""OBJECT"", ""mode"": ""IX""}",OBJECT,IX,UNKNOWN
lock_released,2026-09-18 16:50:44.643,76,0,0,0,"{""event_name"": ""lock_released"", ""timestamp"": ""2026-09-18 16:50:44.643"", ""session_id"": 76, ""resource_type"": ""OBJECT"", ""mode"": ""IS""}",OBJECT,IS,UNKNOWN
lock_released,2026-09-18 16:50:44.643,85,0,0,0,"{""event_name"": ""lock_released"", ""timestamp"": ""2026-09-18 16:50:44.643"", ""session_id"": 85, ""resource_type"": ""OBJECT"", ""mode"": ""IS""}",OBJECT,IS,UNKNOWN
lock_acquired,2026-09-18 16:50:49.690,83,0,0,0,"{""event_name"": ""lock_acquired"", ""timestamp"": ""2026-09-18 16:50:49.690"", ""session_id"": 83, ""resource_type"": ""OBJECT"", ""mode"": ""IX""}",OBJECT,IX,UNKNOWN
lock_acquired,2026-09-18 16:50:49.690,77,0,0,0,"{""event_name"": ""lock_acquired"", ""timestamp"": ""2026-09-18 16:50:49.690"", ""session_id"": 77, ""resource_type"": ""OBJECT"", ""mode"": ""IS""}",OBJECT,IS,UNKNOWN
lock_acquired,2026-09-18 16:50:49.690,78,0,0,0,"{""event_name"": ""lock_acquired"", ""timestamp"": ""2026-09-18 16:50:49.690"", ""session_id"": 78, ""resource_type"": ""PAGE"", ""mode"": ""IX""}",PAGE,IX,UNKNOWN
lock_acquired,2026-09-18 16:50:49.690,77,0,0,0,"{""event_name"": ""lock_acquired"", ""timestamp"": ""2026-09-18 16:50:49.690"", ""session_id"": 77, ""resource_type"": ""OBJECT"", ""mode"": ""IX""}",OBJECT,IX,UNKNOWN
lock_acquired,2026-09-18 16:50:49.690,83,0,0,0,"{""event_name"": ""lock_acquired"", ""timestamp"": ""2026-09-18 16:50:49.690"", ""session_id"": 83, ""resource_type"": ""OBJECT"", ""mode"": ""IS""}",OBJECT,IS,UNKNOWN
lock_acquired,2026-09-18 16:50:49.690,76,0,0,0,"{""event_name"": ""lock_acquired"", ""timestamp"": ""2026-09-18 16:50:49.690"", ""session_id"": 76, ""resource_type"": ""PAGE"", ""mode"": ""S""}",PAGE,S,UNKNOWN
lock_acquired,2026-09-18 16:50:49.690,79,0,0,0,"{""event_name"": ""lock_acquired"", ""timestamp"": ""2026-09-18 16:50:49.690"", ""session_id"": 79, ""resource_type"": ""OBJECT"", ""mode"": ""IS""}",OBJECT,IS,UNKNOWN
lock_acquired,2026-09-18 16:50:49.690,84,0,0,0,"{""event_name"": ""lock_acquired"", ""timestamp"": ""2026-09-18 16:50:49.690"", ""session_id"": 84, ""resource_type"": ""OBJECT"", ""mode"": ""IS""}",OBJECT,IS,UNKNOWN
lock_acquired,2026-09-18 16:50:49.690,76,0,0,0,"{""event_name"": ""lock_acquired"", ""timestamp"": ""2026-09-18 16:50:49.690"", ""session_id"": 76, ""resource_type"": ""OBJECT"", ""mode"": ""IX""}",OBJECT,IX,UNKNOWN
lock_acquired,2026-09-18 16:50:49.690,79,0,0,0,"{""event_name"": ""lock_acquired"", ""timestamp"": ""2026-09-18 16:50:49.690"", ""session_id"": 79, ""resource_type"": ""OBJECT"", ""mode"": ""IX""}",OBJECT,IX,UNKNOWN
lock_acquired,2026-09-18 16:50:49.690,78,0,0,0,"{""event_name"": ""lock_acquired"", ""timestamp"": ""2026-09-18 16:50:49.690"", ""session_id"": 78, ""resource_type"": ""KEY"", ""mode"": ""X""}",KEY,X,UNKNOWN
lock_acquired,2026-09-18 16:50:49.690,76,0,0,0,"{""event_name"": ""lock_acquired"", ""timestamp"": ""2026-09-18 16:50:49.690"", ""session_id"": 76, ""resource_type"": ""OBJECT"", ""mode"": ""IS""}",OBJECT,IS,UNKNOWN
lock_acquired,2026-09-18 16:50:49.690,85,0,0,0,"{""event_name"": ""lock_acquired"", ""timestamp"": ""2026-09-18 16:50:49.690"", ""session_id"": 85, ""resource_type"": ""OBJECT"", ""mode"": ""IS""}",OBJECT,IS,UNKNOWN
lock_released,2026-09-18 16:50:49.690,85,0,0,0,"{""event_name"": ""lock_released"", ""timestamp"": ""2026-09-18 16:50:49.690"", ""session_id"": 85, ""resource_type"": ""KEY"", ""mode"": ""U""}",KEY,U,UNKNOWN
lock_released,2026-09-18 16:50:49.690,84,0,0,0,"{""event_name"": ""lock_released"", ""timestamp"": ""2026-09-18 16:50:49.690"", ""session_id"": 84, ""resource_type"": ""KEY"", ""mode"": ""X""}",KEY,X,UNKNOWN
lock_released,2026-09-18 16:50:49.690,82,0,0,0,"{""event_name"": ""lock_released"", ""timestamp"": ""2026-09-18 16:50:49.690"", ""session_id"": 82, ""resource_type"": ""PAGE"", ""mode"": ""S""}",PAGE,S,UNKNOWN
lock_released,2026-09-18 16:50:49.690,85,0,0,0,"{""event_name"": ""lock_released"", ""timestamp"": ""2026-09-18 16:50:49.690"", ""session_id"": 85, ""resource_type"": ""PAGE"", ""mode"": ""IX""}",PAGE,IX,UNKNOWN
lock_released,2026-09-18 16:50:49.690,78,0,0,0,"{""event_name"": ""lock_released"", ""timestamp"": ""2026-09-18 16:50:49.690"", ""session_id"": 78, ""resource_type"": ""OBJECT"", ""mode"": ""IS""}",OBJECT,IS,UNKNOWN
lock_released,2026-09-18 16:50:49.690,81,0,0,0,"{""event_name"": ""lock_released"", ""timestamp"": ""2026-09-18 16:50:49.690"", ""session_id"": 81, ""resource_type"": ""PAGE"", ""mode"": ""S""}",PAGE,S,UNKNOWN
lock_released,2026-09-18 16:50:49.690,85,0,0,0,"{""event_name"": ""lock_released"", ""timestamp"": ""2026-09-18 16:50:49.690"", ""session_id"": 85, ""resource_type"": ""KEY"", ""mode"": ""X""}",KEY,X,UNKNOWN
lock_released,2026-09-18 16:50:49.690,80,0,0,0,"{""event_name"": ""lock_released"", ""timestamp"": ""2026-09-18 16:50:49.690"", ""session_id"": 80, ""resource_type"": ""PAGE"", ""mode"": ""S""}",PAGE,S,UNKNOWN
logout,2026-09-18 16:50:54.787,68,0,0,0,"{""event_name"": ""logout"", ""timestamp"": ""2026-09-18 16:50:54.787"", ""session_id"": 68}",0,0,UNKNOWN
lock_acquired,2026-09-18 16:50:54.787,78,0,0,0,"{""event_name"": ""lock_acquired"", ""timestamp"": ""2026-09-18 16:50:54.787"", ""session_id"": 78, ""resource_type"": ""OBJECT"", ""mode"": ""IS""}",OBJECT,IS,UNKNOWN
lock_released,2026-09-18 16:50:54.787,78,0,0,0,"{""event_name"": ""lock_released"", ""timestamp"": ""2026-09-18 16:50:54.787"", ""session_id"": 78, ""resource_type"": ""PAGE"", ""mode"": ""IX""}",PAGE,IX,UNKNOWN
lock_released,2026-09-18 16:50:54.787,68,0,0,0,"{""event_name"": ""lock_released"", ""timestamp"": ""2026-09-18 16:50:54.787"", ""session_id"": 68, ""resource_type"": ""DATABASE"", ""mode"": ""S""}",DATABASE,S,UNKNOWN
lock_released,2026-09-18 16:50:54.787,76,0,0,0,"{""event_name"": ""lock_released"", ""timestamp"": ""2026-09-18 16:50:54.787"", ""session_id"": 76, ""resource_type"": ""PAGE"", ""mode"": ""S""}",PAGE,S,UNKNOWN
lock_released,2026-09-18 16:50:54.787,79,0,0,0,"{""event_name"": ""lock_released"", ""timestamp"": ""2026-09-18 16:50:54.787"", ""session_id"": 79, ""resource_type"": ""OBJECT"", ""mode"": ""IX""}",OBJECT,IX,UNKNOWN
lock_released,2026-09-18 16:50:54.787,78,0,0,0,"{""event_name"": ""lock_released"", ""timestamp"": ""2026-09-18 16:50:54.787"", ""session_id"": 78, ""resource_type"": ""KEY"", ""mode"": ""X""}",KEY,X,UNKNOWN
lock_released,2026-09-18 16:50:54.787,79,0,0,0,"{""event_name"": ""lock_released"", ""timestamp"": ""2026-09-18 16:50:54.787"", ""session_id"": 79, ""resource_type"": ""OBJECT"", ""mode"": ""IS""}",OBJECT,IS,UNKNOWN
logout,2026-09-18 16:50:59.894,75,0,0,0,"{""event_name"": ""logout"", ""timestamp"": ""2026-09-18 16:50:59.894"", ""session_id"": 75}",0,0,UNKNOWN
lock_acquired,2026-09-18 16:50:59.894,85,0,0,0,"{""event_name"": ""lock_acquired"", ""timestamp"": ""2026-09-18 16:50:59.894"", ""session_id"": 85, ""resource_type"": ""OBJECT"", ""mode"": ""Sch-S""}",OBJECT,Sch-S,UNKNOWN
lock_acquired,2026-09-18 16:50:59.894,85,0,0,0,"{""event_name"": ""lock_acquired"", ""timestamp"": ""2026-09-18 16:50:59.894"", ""session_id"": 85, ""resource_type"": ""METADATA"", ""mode"": ""Sch-S""}",METADATA,Sch-S,UNKNOWN
lock_acquired,2026-09-18 16:50:59.894,79,0,0,0,"{""event_name"": ""lock_acquired"", ""timestamp"": ""2026-09-18 16:50:59.894"", ""session_id"": 79, ""resource_type"": ""PAGE"", ""mode"": ""S""}",PAGE,S,UNKNOWN
lock_acquired,2026-09-18 16:50:59.894,79,0,0,0,"{""event_name"": ""lock_acquired"", ""timestamp"": ""2026-09-18 16:50:59.894"", ""session_id"": 79, ""resource_type"": ""OBJECT"", ""mode"": ""IX""}",OBJECT,IX,UNKNOWN
lock_acquired,2026-09-18 16:50:59.894,79,0,0,0,"{""event_name"": ""lock_acquired"", ""timestamp"": ""2026-09-18 16:50:59.894"", ""session_id"": 79, ""resource_type"": ""OBJECT"", ""mode"": ""IS""}",OBJECT,IS,UNKNOWN
lock_released,2026-09-18 16:50:59.894,75,0,0,0,"{""event_name"": ""lock_released"", ""timestamp"": ""2026-09-18 16:50:59.894"", ""session_id"": 75, ""resource_type"": ""DATABASE"", ""mode"": ""S""}",DATABASE,S,UNKNOWN
lock_released,2026-09-18 16:50:59.894,85,0,0,0,"{""event_name"": ""lock_released"", ""timestamp"": ""2026-09-18 16:50:59.894"", ""session_id"": 85, ""resource_type"": ""OBJECT"", ""mode"": ""IS""}",OBJECT,IS,UNKNOWN
lock_released,2026-09-18 16:50:59.894,77,0,0,0,"{""event_name"": ""lock_released"", ""timestamp"": ""2026-09-18 16:50:59.894"", ""session_id"": 77, ""resource_type"": ""OBJECT"", ""mode"": ""IX""}",OBJECT,IX,UNKNOWN
lock_released,2026-09-18 16:50:59.894,85,0,0,0,"{""event_name"": ""lock_released"", ""timestamp"": ""2026-09-18 16:50:59.894"", ""session_id"": 85, ""resource_type"": ""OBJECT"", ""mode"": ""IX""}",OBJECT,IX,UNKNOWN
lock_acquired,2026-09-18 16:51:04.946,82,0,0,0,"{""event_name"": ""lock_acquired"", ""timestamp"": ""2026-09-18 16:51:04.946"", ""session_id"": 82, ""resource_type"": ""OBJECT"", ""mode"": ""Sch-S""}",OBJECT,Sch-S,UNKNOWN
lock_acquired,2026-09-18 16:51:04.946,77,0,0,0,"{""event_name"": ""lock_acquired"", ""timestamp"": ""2026-09-18 16:51:04.946"", ""session_id"": 77, ""resource_type"": ""OBJECT"", ""mode"": ""IX""}",OBJECT,IX,UNKNOWN
lock_acquired,2026-09-18 16:51:04.946,79,0,0,0,"{""event_name"": ""lock_acquired"", ""timestamp"": ""2026-09-18 16:51:04.946"", ""session_id"": 79, ""resource_type"": ""OBJECT"", ""mode"": ""Sch-S""}",OBJECT,Sch-S,UNKNOWN
lock_acquired,2026-09-18 16:51:04.946,83,0,0,0,"{""event_name"": ""lock_acquired"", ""timestamp"": ""2026-09-18 16:51:04.946"", ""session_id"": 83, ""resource_type"": ""PAGE"", ""mode"": ""S""}",PAGE,S,UNKNOWN
lock_acquired,2026-09-18 16:51:04.946,85,0,0,0,"{""event_name"": ""lock_acquired"", ""timestamp"": ""2026-09-18 16:51:04.946"", ""session_id"": 85, ""resource_type"": ""OBJECT"", ""mode"": ""IS""}",OBJECT,IS,UNKNOWN
lock_released,2026-09-18 16:51:04.946,82,0,0,0,"{""event_name"": ""lock_released"", ""timestamp"": ""2026-09-18 16:51:04.946"", ""session_id"": 82, ""resource_type"": ""OBJECT"", ""mode"": ""IX""}",OBJECT,IX,UNKNOWN
lock_released,2026-09-18 16:51:04.946,79,0,0,0,"{""event_name"": ""lock_released"", ""timestamp"": ""2026-09-18 16:51:04.946"", ""session_id"": 79, ""resource_type"": ""PAGE"", ""mode"": ""S""}",PAGE,S,UNKNOWN
lock_released,2026-09-18 16:51:04.946,79,0,0,0,"{""event_name"": ""lock_released"", ""timestamp"": ""2026-09-18 16:51:04.946"", ""session_id"": 79, ""resource_type"": ""OBJECT"", ""mode"": ""IX""}",OBJECT,IX,UNKNOWN
lock_released,2026-09-18 16:51:04.946,82,0,0,0,"{""event_name"": ""lock_released"", ""timestamp"": ""2026-09-18 16:51:04.946"", ""session_id"": 82, ""resource_type"": ""OBJECT"", ""mode"": ""IS""}",OBJECT,IS,UNKNOWN
lock_released,2026-09-18 16:51:04.946,79,0,0,0,"{""event_name"": ""lock_released"", ""timestamp"": ""2026-09-18 16:51:04.946"", ""session_id"": 79, ""resource_type"": ""OBJECT"", ""mode"": ""IS""}",OBJECT,IS,UNKNOWN
lock_acquired,2026-09-18 16:51:09.991,77,0,0,0,"{""event_name"": ""lock_acquired"", ""timestamp"": ""2026-09-18 16:51:09.991"", ""session_id"": 77, ""resource_type"": ""PAGE"", ""mode"": ""S""}",PAGE,S,UNKNOWN
lock_released,2026-09-18 16:51:09.991,85,0,0,0,"{""event_name"": ""lock_released"", ""timestamp"": ""2026-09-18 16:51:09.991"", ""session_id"": 85, ""resource_type"": ""OBJECT"", ""mode"": ""Sch-S""}",OBJECT,Sch-S,UNKNOWN
lock_released,2026-09-18 16:51:09.991,79,0,0,0,"{""event_name"": ""lock_released"", ""timestamp"": ""2026-09-18 16:51:09.991"", ""session_id"": 79, ""resource_type"": ""OBJECT"", ""mode"": ""Sch-S""}",OBJECT,Sch-S,UNKNOWN
lock_released,2026-09-18 16:51:09.991,85,0,0,0,"{""event_name"": ""lock_released"", ""timestamp"": ""2026-09-18 16:51:09.991"", ""session_id"": 85, ""resource_type"": ""METADATA"", ""mode"": ""Sch-S""}",METADATA,Sch-S,UNKNOWN
lock_released,2026-09-18 16:51:09.991,83,0,0,0,"{""event_name"": ""lock_released"", ""timestamp"": ""2026-09-18 16:51:09.991"", ""session_id"": 83, ""resource_type"": ""PAGE"", ""mode"": ""S""}",PAGE,S,UNKNOWN
lock_released,2026-09-18 16:51:09.991,85,0,0,0,"{""event_name"": ""lock_released"", ""timestamp"": ""2026-09-18 16:51:09.991"", ""session_id"": 85, ""resource_type"": ""OBJECT"", ""mode"": ""IS""}",OBJECT,IS,UNKNOWN
lock_acquired,2026-09-18 16:51:15.042,79,0,0,0,"{""event_name"": ""lock_acquired"", ""timestamp"": ""2026-09-18 16:51:15.042"", ""session_id"": 79, ""resource_type"": ""OBJECT"", ""mode"": ""Sch-S""}",OBJECT,Sch-S,UNKNOWN
lock_acquired,2026-09-18 16:51:15.042,84,0,0,0,"{""event_name"": ""lock_acquired"", ""timestamp"": ""2026-09-18 16:51:15.042"", ""session_id"": 84, ""resource_type"": ""PAGE"", ""mode"": ""IX""}",PAGE,IX,UNKNOWN
lock_acquired,2026-09-18 16:51:15.042,85,0,0,0,"{""event_name"": ""lock_acquired"", ""timestamp"": ""2026-09-18 16:51:15.042"", ""session_id"": 85, ""resource_type"": ""OBJECT"", ""mode"": ""IX""}",OBJECT,IX,UNKNOWN
lock_acquired,2026-09-18 16:51:15.042,84,0,0,0,"{""event_name"": ""lock_acquired"", ""timestamp"": ""2026-09-18 16:51:15.042"", ""session_id"": 84, ""resource_type"": ""KEY"", ""mode"": ""X""}",KEY,X,UNKNOWN
lock_acquired,2026-09-18 16:51:15.042,85,0,0,0,"{""event_name"": ""lock_acquired"", ""timestamp"": ""2026-09-18 16:51:15.042"", ""session_id"": 85, ""resource_type"": ""OBJECT"", ""mode"": ""IS""}",OBJECT,IS,UNKNOWN
lock_released,2026-09-18 16:51:15.042,82,0,0,0,"{""event_name"": ""lock_released"", ""timestamp"": ""2026-09-18 16:51:15.042"", ""session_id"": 82, ""resource_type"": ""OBJECT"", ""mode"": ""Sch-S""}",OBJECT,Sch-S,UNKNOWN
lock_released,2026-09-18 16:51:15.042,84,0,0,0,"{""event_name"": ""lock_released"", ""timestamp"": ""2026-09-18 16:51:15.042"", ""session_id"": 84, ""resource_type"": ""OBJECT"", ""mode"": ""IS""}",OBJECT,IS,UNKNOWN
lock_released,2026-09-18 16:51:15.042,77,0,0,0,"{""event_name"": ""lock_released"", ""timestamp"": ""2026-09-18 16:51:15.042"", ""session_id"": 77, ""resource_type"": ""PAGE"", ""mode"": ""S""}",PAGE,S,UNKNOWN
lock_acquired,2026-09-18 16:51:20.168,82,0,0,0,"{""event_name"": ""lock_acquired"", ""timestamp"": ""2026-09-18 16:51:20.168"", ""session_id"": 82, ""resource_type"": ""OBJECT"", ""mode"": ""Sch-S""}",OBJECT,Sch-S,UNKNOWN
lock_acquired,2026-09-18 16:51:20.168,82,0,0,0,"{""event_name"": ""lock_acquired"", ""timestamp"": ""2026-09-18 16:51:20.168"", ""session_id"": 82, ""resource_type"": ""KEY"", ""mode"": ""S""}",KEY,S,UNKNOWN
lock_acquired,2026-09-18 16:51:20.168,84,0,0,0,"{""event_name"": ""lock_acquired"", ""timestamp"": ""2026-09-18 16:51:20.168"", ""session_id"": 84, ""resource_type"": ""OBJECT"", ""mode"": ""IS""}",OBJECT,IS,UNKNOWN
lock_acquired,2026-09-18 16:51:20.168,79,0,0,0,"{""event_name"": ""lock_acquired"", ""timestamp"": ""2026-09-18 16:51:20.168"", ""session_id"": 79, ""resource_type"": ""OBJECT"", ""mode"": ""IX""}",OBJECT,IX,UNKNOWN
lock_acquired,2026-09-18 16:51:20.168,79,0,0,0,"{""event_name"": ""lock_acquired"", ""timestamp"": ""2026-09-18 16:51:20.168"", ""session_id"": 79, ""resource_type"": ""OBJECT"", ""mode"": ""IS""}",OBJECT,IS,UNKNOWN
lock_released,2026-09-18 16:51:20.168,79,0,0,0,"{""event_name"": ""lock_released"", ""timestamp"": ""2026-09-18 16:51:20.168"", ""session_id"": 79, ""resource_type"": ""OBJECT"", ""mode"": ""Sch-S""}",OBJECT,Sch-S,UNKNOWN
lock_released,2026-09-18 16:51:20.168,84,0,0,0,"{""event_name"": ""lock_released"", ""timestamp"": ""2026-09-18 16:51:20.168"", ""session_id"": 84, ""resource_type"": ""PAGE"", ""mode"": ""IX""}",PAGE,IX,UNKNOWN
lock_released,2026-09-18 16:51:20.168,81,0,0,0,"{""event_name"": ""lock_released"", ""timestamp"": ""2026-09-18 16:51:20.168"", ""session_id"": 81, ""resource_type"": ""OBJECT"", ""mode"": ""IX""}",OBJECT,IX,UNKNOWN
lock_released,2026-09-18 16:51:20.168,81,0,0,0,"{""event_name"": ""lock_released"", ""timestamp"": ""2026-09-18 16:51:20.168"", ""session_id"": 81, ""resource_type"": ""OBJECT"", ""mode"": ""IS""}",OBJECT,IS,UNKNOWN
lock_released,2026-09-18 16:51:20.168,84,0,0,0,"{""event_name"": ""lock_released"", ""timestamp"": ""2026-09-18 16:51:20.168"", ""session_id"": 84, ""resource_type"": ""KEY"", ""mode"": ""X""}",KEY,X,UNKNOWN
lock_acquired,2026-09-18 16:51:25.198,82,0,0,0,"{""event_name"": ""lock_acquired"", ""timestamp"": ""2026-09-18 16:51:25.198"", ""session_id"": 82, ""resource_type"": ""OBJECT"", ""mode"": ""IS""}",OBJECT,IS,UNKNOWN
lock_acquired,2026-09-18 16:51:25.198,82,0,0,0,"{""event_name"": ""lock_acquired"", ""timestamp"": ""2026-09-18 16:51:25.198"", ""session_id"": 82, ""resource_type"": ""OBJECT"", ""mode"": ""IX""}",OBJECT,IX,UNKNOWN
lock_acquired,2026-09-18 16:51:25.198,81,0,0,0,"{""event_name"": ""lock_acquired"", ""timestamp"": ""2026-09-18 16:51:25.198"", ""session_id"": 81, ""resource_type"": ""PAGE"", ""mode"": ""IX""}",PAGE,IX,UNKNOWN
lock_released,2026-09-18 16:51:25.198,82,0,0,0,"{""event_name"": ""lock_released"", ""timestamp"": ""2026-09-18 16:51:25.198"", ""session_id"": 82, ""resource_type"": ""OBJECT"", ""mode"": ""Sch-S""}",OBJECT,Sch-S,UNKNOWN
lock_released,2026-09-18 16:51:25.198,76,0,0,0,"{""event_name"": ""lock_released"", ""timestamp"": ""2026-09-18 16:51:25.198"", ""session_id"": 76, ""resource_type"": ""OBJECT"", ""mode"": ""IS""}",OBJECT,IS,UNKNOWN
lock_released,2026-09-18 16:51:25.198,76,0,0,0,"{""event_name"": ""lock_released"", ""timestamp"": ""2026-09-18 16:51:25.198"", ""session_id"": 76, ""resource_type"": ""OBJECT"", ""mode"": ""IX""}",OBJECT,IX,UNKNOWN
lock_released,2026-09-18 16:51:25.198,82,0,0,0,"{""event_name"": ""lock_released"", ""timestamp"": ""2026-09-18 16:51:25.198"", ""session_id"": 82, ""resource_type"": ""KEY"", ""mode"": ""S""}",KEY,S,UNKNOWN
lock_acquired,2026-09-18 16:51:30.266,77,0,0,0,"{""event_name"": ""lock_acquired"", ""timestamp"": ""2026-09-18 16:51:30.266"", ""session_id"": 77, ""resource_type"": ""PAGE"", ""mode"": ""IS""}",PAGE,IS,UNKNOWN
lock_acquired,2026-09-18 16:51:30.266,82,0,0,0,"{""event_name"": ""lock_acquired"", ""timestamp"": ""2026-09-18 16:51:30.266"", ""session_id"": 82, ""resource_type"": ""OBJECT"", ""mode"": ""Sch-S""}",OBJECT,Sch-S,UNKNOWN
lock_acquired,2026-09-18 16:51:30.266,80,0,0,0,"{""event_name"": ""lock_acquired"", ""timestamp"": ""2026-09-18 16:51:30.266"", ""session_id"": 80, ""resource_type"": ""PAGE"", ""mode"": ""IX""}",PAGE,IX,UNKNOWN
lock_acquired,2026-09-18 16:51:30.266,78,0,0,0,"{""event_name"": ""lock_acquired"", ""timestamp"": ""2026-09-18 16:51:30.266"", ""session_id"": 78, ""resource_type"": ""PAGE"", ""mode"": ""IX""}",PAGE,IX,UNKNOWN
lock_acquired,2026-09-18 16:51:30.266,81,0,0,0,"{""event_name"": ""lock_acquired"", ""timestamp"": ""2026-09-18 16:51:30.266"", ""session_id"": 81, ""resource_type"": ""OBJECT"", ""mode"": ""IX""}",OBJECT,IX,UNKNOWN
lock_acquired,2026-09-18 16:51:30.266,82,0,0,0,"{""event_name"": ""lock_acquired"", ""timestamp"": ""2026-09-18 16:51:30.266"", ""session_id"": 82, ""resource_type"": ""METADATA"", ""mode"": ""Sch-S""}",METADATA,Sch-S,UNKNOWN
lock_acquired,2026-09-18 16:51:30.266,80,0,0,0,"{""event_name"": ""lock_acquired"", ""timestamp"": ""2026-09-18 16:51:30.266"", ""session_id"": 80, ""resource_type"": ""PAGE"", ""mode"": ""IU""}",PAGE,IU,UNKNOWN
lock_acquired,2026-09-18 16:51:30.266,81,0,0,0,"{""event_name"": ""lock_acquired"", ""timestamp"": ""2026-09-18 16:51:30.266"", ""session_id"": 81, ""resource_type"": ""OBJECT"", ""mode"": ""IS""}",OBJECT,IS,UNKNOWN
lock_acquired,2026-09-18 16:51:30.266,77,0,0,0,"{""event_name"": ""lock_acquired"", ""timestamp"": ""2026-09-18 16:51:30.266"", ""session_id"": 77, ""resource_type"": ""KEY"", ""mode"": ""S""}",KEY,S,UNKNOWN
lock_acquired,2026-09-18 16:51:30.266,78,0,0,0,"{""event_name"": ""lock_acquired"", ""timestamp"": ""2026-09-18 16:51:30.266"", ""session_id"": 78, ""resource_type"": ""KEY"", ""mode"": ""X""}",KEY,X,UNKNOWN
lock_released,2026-09-18 16:51:30.266,81,0,0,0,"{""event_name"": ""lock_released"", ""timestamp"": ""2026-09-18 16:51:30.266"", ""session_id"": 81, ""resource_type"": ""PAGE"", ""mode"": ""IX""}",PAGE,IX,UNKNOWN
lock_released,2026-09-18 16:51:30.266,77,0,0,0,"{""event_name"": ""lock_released"", ""timestamp"": ""2026-09-18 16:51:30.266"", ""session_id"": 77, ""resource_type"": ""OBJECT"", ""mode"": ""IX""}",OBJECT,IX,UNKNOWN
lock_released,2026-09-18 16:51:30.266,82,0,0,0,"{""event_name"": ""lock_released"", ""timestamp"": ""2026-09-18 16:51:30.266"", ""session_id"": 82, ""resource_type"": ""OBJECT"", ""mode"": ""IX""}",OBJECT,IX,UNKNOWN
lock_released,2026-09-18 16:51:30.266,80,0,0,0,"{""event_name"": ""lock_released"", ""timestamp"": ""2026-09-18 16:51:30.266"", ""session_id"": 80, ""resource_type"": ""OBJECT"", ""mode"": ""IS""}",OBJECT,IS,UNKNOWN
lock_released,2026-09-18 16:51:30.266,78,0,0,0,"{""event_name"": ""lock_released"", ""timestamp"": ""2026-09-18 16:51:30.266"", ""session_id"": 78, ""resource_type"": ""OBJECT"", ""mode"": ""IS""}",OBJECT,IS,UNKNOWN
lock_released,2026-09-18 16:51:30.266,82,0,0,0,"{""event_name"": ""lock_released"", ""timestamp"": ""2026-09-18 16:51:30.266"", ""session_id"": 82, ""resource_type"": ""OBJECT"", ""mode"": ""IS""}",OBJECT,IS,UNKNOWN
lock_acquired,2026-09-18 16:51:35.314,76,0,0,0,"{""event_name"": ""lock_acquired"", ""timestamp"": ""2026-09-18 16:51:35.314"", ""session_id"": 76, ""resource_type"": ""KEY"", ""mode"": ""X""}",KEY,X,UNKNOWN
lock_acquired,2026-09-18 16:51:35.314,84,0,0,0,"{""event_name"": ""lock_acquired"", ""timestamp"": ""2026-09-18 16:51:35.314"", ""session_id"": 84, ""resource_type"": ""PAGE"", ""mode"": ""S""}",PAGE,S,UNKNOWN
lock_acquired,2026-09-18 16:51:35.314,77,0,0,0,"{""event_name"": ""lock_acquired"", ""timestamp"": ""2026-09-18 16:51:35.314"", ""session_id"": 77, ""resource_type"": ""KEY"", ""mode"": ""X""}",KEY,X,UNKNOWN
lock_acquired,2026-09-18 16:51:35.314,81,0,0,0,"{""event_name"": ""lock_acquired"", ""timestamp"": ""2026-09-18 16:51:35.314"", ""session_id"": 81, ""resource_type"": ""PAGE"", ""mode"": ""IX""}",PAGE,IX,UNKNOWN
lock_acquired,2026-09-18 16:51:35.314,85,0,0,0,"{""event_name"": ""lock_acquired"", ""timestamp"": ""2026-09-18 16:51:35.314"", ""session_id"": 85, ""resource_type"": ""PAGE"", ""mode"": ""S""}",PAGE,S,UNKNOWN
lock_acquired,2026-09-18 16:51:35.314,79,0,0,0,"{""event_name"": ""lock_acquired"", ""timestamp"": ""2026-09-18 16:51:35.314"", ""session_id"": 79, ""resource_type"": ""OBJECT"", ""mode"": ""Sch-S""}",OBJECT,Sch-S,UNKNOWN
lock_acquired,2026-09-18 16:51:35.314,77,0,0,0,"{""event_name"": ""lock_acquired"", ""timestamp"": ""2026-09-18 16:51:35.314"", ""session_id"": 77, ""resource_type"": ""OBJECT"", ""mode"": ""IX""}",OBJECT,IX,UNKNOWN
lock_acquired,2026-09-18 16:51:35.314,77,0,0,0,"{""event_name"": ""lock_acquired"", ""timestamp"": ""2026-09-18 16:51:35.314"", ""session_id"": 77, ""resource_type"": ""PAGE"", ""mode"": ""IX""}",PAGE,IX,UNKNOWN
lock_acquired,2026-09-18 16:51:35.314,82,0,0,0,"{""event_name"": ""lock_acquired"", ""timestamp"": ""2026-09-18 16:51:35.314"", ""session_id"": 82, ""resource_type"": ""OBJECT"", ""mode"": ""IX""}",OBJECT,IX,UNKNOWN
lock_acquired,2026-09-18 16:51:35.314,80,0,0,0,"{""event_name"": ""lock_acquired"", ""timestamp"": ""2026-09-18 16:51:35.314"", ""session_id"": 80, ""resource_type"": ""OBJECT"", ""mode"": ""IS""}",OBJECT,IS,UNKNOWN
lock_acquired,2026-09-18 16:51:35.314,82,0,0,0,"{""event_name"": ""lock_acquired"", ""timestamp"": ""2026-09-18 16:51:35.314"", ""session_id"": 82, ""resource_type"": ""PAGE"", ""mode"": ""S""}",PAGE,S,UNKNOWN
lock_acquired,2026-09-18 16:51:35.314,79,0,0,0,"{""event_name"": ""lock_acquired"", ""timestamp"": ""2026-09-18 16:51:35.314"", ""session_id"": 79, ""resource_type"": ""METADATA"", ""mode"": ""Sch-S""}",METADATA,Sch-S,UNKNOWN
lock_acquired,2026-09-18 16:51:35.314,78,0,0,0,"{""event_name"": ""lock_acquired"", ""timestamp"": ""2026-09-18 16:51:35.314"", ""session_id"": 78, ""resource_type"": ""OBJECT"", ""mode"": ""IS""}",OBJECT,IS,UNKNOWN
lock_acquired,2026-09-18 16:51:35.314,76,0,0,0,"{""event_name"": ""lock_acquired"", ""timestamp"": ""2026-09-18 16:51:35.314"", ""session_id"": 76, ""resource_type"": ""OBJECT"", ""mode"": ""IX""}",OBJECT,IX,UNKNOWN
lock_acquired,2026-09-18 16:51:35.314,81,0,0,0,"{""event_name"": ""lock_acquired"", ""timestamp"": ""2026-09-18 16:51:35.314"", ""session_id"": 81, ""resource_type"": ""KEY"", ""mode"": ""X""}",KEY,X,UNKNOWN
lock_acquired,2026-09-18 16:51:35.314,82,0,0,0,"{""event_name"": ""lock_acquired"", ""timestamp"": ""2026-09-18 16:51:35.314"", ""session_id"": 82, ""resource_type"": ""OBJECT"", ""mode"": ""IS""}",OBJECT,IS,UNKNOWN
lock_acquired,2026-09-18 16:51:35.314,76,0,0,0,"{""event_name"": ""lock_acquired"", ""timestamp"": ""2026-09-18 16:51:35.314"", ""session_id"": 76, ""resource_type"": ""PAGE"", ""mode"": ""IX""}",PAGE,IX,UNKNOWN
lock_released,2026-09-18 16:51:35.314,77,0,0,0,"{""event_name"": ""lock_released"", ""timestamp"": ""2026-09-18 16:51:35.314"", ""session_id"": 77, ""resource_type"": ""PAGE"", ""mode"": ""IS""}",PAGE,IS,UNKNOWN
lock_released,2026-09-18 16:51:35.314,82,0,0,0,"{""event_name"": ""lock_released"", ""timestamp"": ""2026-09-18 16:51:35.314"", ""session_id"": 82, ""resource_type"": ""OBJECT"", ""mode"": ""Sch-S""}",OBJECT,Sch-S,UNKNOWN
lock_released,2026-09-18 16:51:35.314,80,0,0,0,"{""event_name"": ""lock_released"", ""timestamp"": ""2026-09-18 16:51:35.314"", ""session_id"": 80, ""resource_type"": ""PAGE"", ""mode"": ""IX""}",PAGE,IX,UNKNOWN
lock_released,2026-09-18 16:51:35.314,77,0,0,0,"{""event_name"": ""lock_released"", ""timestamp"": ""2026-09-18 16:51:35.314"", ""session_id"": 77, ""resource_type"": ""OBJECT"", ""mode"": ""IS""}",OBJECT,IS,UNKNOWN
lock_released,2026-09-18 16:51:35.314,78,0,0,0,"{""event_name"": ""lock_released"", ""timestamp"": ""2026-09-18 16:51:35.314"", ""session_id"": 78, ""resource_type"": ""PAGE"", ""mode"": ""IX""}",PAGE,IX,UNKNOWN
lock_released,2026-09-18 16:51:35.314,83,0,0,0,"{""event_name"": ""lock_released"", ""timestamp"": ""2026-09-18 16:51:35.314"", ""session_id"": 83, ""resource_type"": ""OBJECT"", ""mode"": ""IS""}",OBJECT,IS,UNKNOWN
lock_released,2026-09-18 16:51:35.314,82,0,0,0,"{""event_name"": ""lock_released"", ""timestamp"": ""2026-09-18 16:51:35.314"", ""session_id"": 82, ""resource_type"": ""METADATA"", ""mode"": ""Sch-S""}",METADATA,Sch-S,UNKNOWN
lock_released,2026-09-18 16:51:35.314,80,0,0,0,"{""event_name"": ""lock_released"", ""timestamp"": ""2026-09-18 16:51:35.314"", ""session_id"": 80, ""resource_type"": ""PAGE"", ""mode"": ""IU""}",PAGE,IU,UNKNOWN
lock_released,2026-09-18 16:51:35.314,81,0,0,0,"{""event_name"": ""lock_released"", ""timestamp"": ""2026-09-18 16:51:35.314"", ""session_id"": 81, ""resource_type"": ""OBJECT"", ""mode"": ""IS""}",OBJECT,IS,UNKNOWN
lock_released,2026-09-18 16:51:35.314,77,0,0,0,"{""event_name"": ""lock_released"", ""timestamp"": ""2026-09-18 16:51:35.314"", ""session_id"": 77, ""resource_type"": ""KEY"", ""mode"": ""S""}",KEY,S,UNKNOWN
lock_released,2026-09-18 16:51:35.314,79,0,0,0,"{""event_name"": ""lock_released"", ""timestamp"": ""2026-09-18 16:51:35.314"", ""session_id"": 79, ""resource_type"": ""OBJECT"", ""mode"": ""IX""}",OBJECT,IX,UNKNOWN
lock_released,2026-09-18 16:51:35.314,78,0,0,0,"{""event_name"": ""lock_released"", ""timestamp"": ""2026-09-18 16:51:35.314"", ""session_id"": 78, ""resource_type"": ""KEY"", ""mode"": ""X""}",KEY,X,UNKNOWN
lock_released,2026-09-18 16:51:35.314,79,0,0,0,"{""event_name"": ""lock_released"", ""timestamp"": ""2026-09-18 16:51:35.314"", ""session_id"": 79, ""resource_type"": ""OBJECT"", ""mode"": ""IS""}",OBJECT,IS,UNKNOWN
lock_acquired,2026-09-18 16:51:40.360,76,0,0,0,"{""event_name"": ""lock_acquired"", ""timestamp"": ""2026-09-18 16:51:40.360"", ""session_id"": 76, ""resource_type"": ""OBJECT"", ""mode"": ""IS""}",OBJECT,IS,UNKNOWN
lock_acquired,2026-09-18 16:51:40.360,81,0,0,0,"{""event_name"": ""lock_acquired"", ""timestamp"": ""2026-09-18 16:51:40.360"", ""session_id"": 81, ""resource_type"": ""OBJECT"", ""mode"": ""IS""}",OBJECT,IS,UNKNOWN
lock_acquired,2026-09-18 16:51:40.360,76,0,0,0,"{""event_name"": ""lock_acquired"", ""timestamp"": ""2026-09-18 16:51:40.360"", ""session_id"": 76, ""resource_type"": ""PAGE"", ""mode"": ""S""}",PAGE,S,UNKNOWN
lock_acquired,2026-09-18 16:51:40.360,84,0,0,0,"{""event_name"": ""lock_acquired"", ""timestamp"": ""2026-09-18 16:51:40.360"", ""session_id"": 84, ""resource_type"": ""OBJECT"", ""mode"": ""Sch-S""}",OBJECT,Sch-S,UNKNOWN
lock_acquired,2026-09-18 16:51:40.360,83,0,0,0,"{""event_name"": ""lock_acquired"", ""timestamp"": ""2026-09-18 16:51:40.360"", ""session_id"": 83, ""resource_type"": ""PAGE"", ""mode"": ""IX""}",PAGE,IX,UNKNOWN
lock_acquired,2026-09-18 16:51:40.360,79,0,0,0,"{""event_name"": ""lock_acquired"", ""timestamp"": ""2026-09-18 16:51:40.360"", ""session_id"": 79, ""resource_type"": ""OBJECT"", ""mode"": ""IS""}",OBJECT,IS,UNKNOWN
lock_released,2026-09-18 16:51:40.360,76,0,0,0,"{""event_name"": ""lock_released"", ""timestamp"": ""2026-09-18 16:51:40.360"", ""session_id"": 76, ""resource_type"": ""KEY"", ""mode"": ""X""}",KEY,X,UNKNOWN
lock_released,2026-09-18 16:51:40.360,83,0,0,0,"{""event_name"": ""lock_released"", ""timestamp"": ""2026-09-18 16:51:40.360"", ""session_id"": 83, ""resource_type"": ""OBJECT"", ""mode"": ""IX""}",OBJECT,IX,UNKNOWN
lock_released,2026-09-18 16:51:40.360,84,0,0,0,"{""event_name"": ""lock_released"", ""timestamp"": ""2026-09-18 16:51:40.360"", ""session_id"": 84, ""resource_type"": ""PAGE"", ""mode"": ""S""}",PAGE,S,UNKNOWN
lock_released,2026-09-18 16:51:40.360,81,0,0,0,"{""event_name"": ""lock_released"", ""timestamp"": ""2026-09-18 16:51:40.360"", ""session_id"": 81, ""resource_type"": ""PAGE"", ""mode"": ""IX""}",PAGE,IX,UNKNOWN
lock_released,2026-09-18 16:51:40.360,85,0,0,0,"{""event_name"": ""lock_released"", ""timestamp"": ""2026-09-18 16:51:40.360"", ""session_id"": 85, ""resource_type"": ""PAGE"", ""mode"": ""S""}",PAGE,S,UNKNOWN
lock_released,2026-09-18 16:51:40.360,79,0,0,0,"{""event_name"": ""lock_released"", ""timestamp"": ""2026-09-18 16:51:40.360"", ""session_id"": 79, ""resource_type"": ""OBJECT"", ""mode"": ""Sch-S""}",OBJECT,Sch-S,UNKNOWN
lock_released,2026-09-18 16:51:40.360,77,0,0,0,"{""event_name"": ""lock_released"", ""timestamp"": ""2026-09-18 16:51:40.360"", ""session_id"": 77, ""resource_type"": ""OBJECT"", ""mode"": ""IX""}",OBJECT,IX,UNKNOWN
lock_released,2026-09-18 16:51:40.360,82,0,0,0,"{""event_name"": ""lock_released"", ""timestamp"": ""2026-09-18 16:51:40.360"", ""session_id"": 82, ""resource_type"": ""PAGE"", ""mode"": ""S""}",PAGE,S,UNKNOWN
lock_released,2026-09-18 16:51:40.360,79,0,0,0,"{""event_name"": ""lock_released"", ""timestamp"": ""2026-09-18 16:51:40.360"", ""session_id"": 79, ""resource_type"": ""METADATA"", ""mode"": ""Sch-S""}",METADATA,Sch-S,UNKNOWN
lock_released,2026-09-18 16:51:40.360,84,0,0,0,"{""event_name"": ""lock_released"", ""timestamp"": ""2026-09-18 16:51:40.360"", ""session_id"": 84, ""resource_type"": ""OBJECT"", ""mode"": ""IS""}",OBJECT,IS,UNKNOWN
lock_released,2026-09-18 16:51:40.360,84,0,0,0,"{""event_name"": ""lock_released"", ""timestamp"": ""2026-09-18 16:51:40.360"", ""session_id"": 84, ""resource_type"": ""OBJECT"", ""mode"": ""IX""}",OBJECT,IX,UNKNOWN
lock_released,2026-09-18 16:51:40.360,81,0,0,0,"{""event_name"": ""lock_released"", ""timestamp"": ""2026-09-18 16:51:40.360"", ""session_id"": 81, ""resource_type"": ""KEY"", ""mode"": ""X""}",KEY,X,UNKNOWN
lock_released,2026-09-18 16:51:40.360,76,0,0,0,"{""event_name"": ""lock_released"", ""timestamp"": ""2026-09-18 16:51:40.360"", ""session_id"": 76, ""resource_type"": ""PAGE"", ""mode"": ""IX""}",PAGE,IX,UNKNOWN
lock_acquired,2026-09-18 16:51:45.437,83,0,0,0,"{""event_name"": ""lock_acquired"", ""timestamp"": ""2026-09-18 16:51:45.437"", ""session_id"": 83, ""resource_type"": ""OBJECT"", ""mode"": ""IX""}",OBJECT,IX,UNKNOWN
lock_acquired,2026-09-18 16:51:45.437,77,0,0,0,"{""event_name"": ""lock_acquired"", ""timestamp"": ""2026-09-18 16:51:45.437"", ""session_id"": 77, ""resource_type"": ""OBJECT"", ""mode"": ""IS""}",OBJECT,IS,UNKNOWN
lock_acquired,2026-09-18 16:51:45.437,77,0,0,0,"{""event_name"": ""lock_acquired"", ""timestamp"": ""2026-09-18 16:51:45.437"", ""session_id"": 77, ""resource_type"": ""OBJECT"", ""mode"": ""IX""}",OBJECT,IX,UNKNOWN
lock_acquired,2026-09-18 16:51:45.437,83,0,0,0,"{""event_name"": ""lock_acquired"", ""timestamp"": ""2026-09-18 16:51:45.437"", ""session_id"": 83, ""resource_type"": ""OBJECT"", ""mode"": ""IS""}",OBJECT,IS,UNKNOWN
lock_acquired,2026-09-18 16:51:45.437,74,0,0,0,"{""event_name"": ""lock_acquired"", ""timestamp"": ""2026-09-18 16:51:45.437"", ""session_id"": 74, ""resource_type"": ""OBJECT"", ""mode"": ""Sch-S""}",OBJECT,Sch-S,UNKNOWN
lock_acquired,2026-09-18 16:51:45.437,84,0,0,0,"{""event_name"": ""lock_acquired"", ""timestamp"": ""2026-09-18 16:51:45.437"", ""session_id"": 84, ""resource_type"": ""OBJECT"", ""mode"": ""IS""}",OBJECT,IS,UNKNOWN
lock_acquired,2026-09-18 16:51:45.437,84,0,0,0,"{""event_name"": ""lock_acquired"", ""timestamp"": ""2026-09-18 16:51:45.437"", ""session_id"": 84, ""resource_type"": ""OBJECT"", ""mode"": ""IX""}",OBJECT,IX,UNKNOWN
lock_acquired,2026-09-18 16:51:45.437,79,0,0,0,"{""event_name"": ""lock_acquired"", ""timestamp"": ""2026-09-18 16:51:45.437"", ""session_id"": 79, ""resource_type"": ""OBJECT"", ""mode"": ""IX""}",OBJECT,IX,UNKNOWN
lock_released,2026-09-18 16:51:45.437,77,0,0,0,"{""event_name"": ""lock_released"", ""timestamp"": ""2026-09-18 16:51:45.437"", ""session_id"": 77, ""resource_type"": ""KEY"", ""mode"": ""X""}",KEY,X,UNKNOWN
lock_released,2026-09-18 16:51:45.437,76,0,0,0,"{""event_name"": ""lock_released"", ""timestamp"": ""2026-09-18 16:51:45.437"", ""session_id"": 76, ""resource_type"": ""PAGE"", ""mode"": ""S""}",PAGE,S,UNKNOWN
lock_released,2026-09-18 16:51:45.437,77,0,0,0,"{""event_name"": ""lock_released"", ""timestamp"": ""2026-09-18 16:51:45.437"", ""session_id"": 77, ""resource_type"": ""PAGE"", ""mode"": ""IX""}",PAGE,IX,UNKNOWN
lock_released,2026-09-18 16:51:45.437,84,0,0,0,"{""event_name"": ""lock_released"", ""timestamp"": ""2026-09-18 16:51:45.437"", ""session_id"": 84, ""resource_type"": ""OBJECT"", ""mode"": ""Sch-S""}",OBJECT,Sch-S,UNKNOWN
lock_released,2026-09-18 16:51:45.437,83,0,0,0,"{""event_name"": ""lock_released"", ""timestamp"": ""2026-09-18 16:51:45.437"", ""session_id"": 83, ""resource_type"": ""PAGE"", ""mode"": ""IX""}",PAGE,IX,UNKNOWN
lock_acquired,2026-09-18 16:51:50.579,76,0,0,0,"{""event_name"": ""lock_acquired"", ""timestamp"": ""2026-09-18 16:51:50.579"", ""session_id"": 76, ""resource_type"": ""OBJECT"", ""mode"": ""Sch-S""}",OBJECT,Sch-S,UNKNOWN
lock_acquired,2026-09-18 16:51:50.579,76,0,0,0,"{""event_name"": ""lock_acquired"", ""timestamp"": ""2026-09-18 16:51:50.579"", ""session_id"": 76, ""resource_type"": ""METADATA"", ""mode"": ""Sch-S""}",METADATA,Sch-S,UNKNOWN
lock_acquired,2026-09-18 16:51:50.579,77,0,0,0,"{""event_name"": ""lock_acquired"", ""timestamp"": ""2026-09-18 16:51:50.579"", ""session_id"": 77, ""resource_type"": ""OBJECT"", ""mode"": ""Sch-S""}",OBJECT,Sch-S,UNKNOWN
lock_acquired,2026-09-18 16:51:50.579,80,0,0,0,"{""event_name"": ""lock_acquired"", ""timestamp"": ""2026-09-18 16:51:50.579"", ""session_id"": 80, ""resource_type"": ""OBJECT"", ""mode"": ""Sch-S""}",OBJECT,Sch-S,UNKNOWN
lock_acquired,2026-09-18 16:51:50.579,77,0,0,0,"{""event_name"": ""lock_acquired"", ""timestamp"": ""2026-09-18 16:51:50.579"", ""session_id"": 77, ""resource_type"": ""METADATA"", ""mode"": ""Sch-S""}",METADATA,Sch-S,UNKNOWN
lock_acquired,2026-09-18 16:51:50.579,78,0,0,0,"{""event_name"": ""lock_acquired"", ""timestamp"": ""2026-09-18 16:51:50.579"", ""session_id"": 78, ""resource_type"": ""PAGE"", ""mode"": ""S""}",PAGE,S,UNKNOWN
lock_released,2026-09-18 16:51:50.579,77,0,0,0,"{""event_name"": ""lock_released"", ""timestamp"": ""2026-09-18 16:51:50.579"", ""session_id"": 77, ""resource_type"": ""OBJECT"", ""mode"": ""IS""}",OBJECT,IS,UNKNOWN
lock_released,2026-09-18 16:51:50.579,77,0,0,0,"{""event_name"": ""lock_released"", ""timestamp"": ""2026-09-18 16:51:50.579"", ""session_id"": 77, ""resource_type"": ""OBJECT"", ""mode"": ""IX""}",OBJECT,IX,UNKNOWN
lock_released,2026-09-18 16:51:50.579,80,0,0,0,"{""event_name"": ""lock_released"", ""timestamp"": ""2026-09-18 16:51:50.579"", ""session_id"": 80, ""resource_type"": ""OBJECT"", ""mode"": ""IS""}",OBJECT,IS,UNKNOWN
lock_released,2026-09-18 16:51:50.579,74,0,0,0,"{""event_name"": ""lock_released"", ""timestamp"": ""2026-09-18 16:51:50.579"", ""session_id"": 74, ""resource_type"": ""OBJECT"", ""mode"": ""Sch-S""}",OBJECT,Sch-S,UNKNOWN
lock_released,2026-09-18 16:51:50.579,80,0,0,0,"{""event_name"": ""lock_released"", ""timestamp"": ""2026-09-18 16:51:50.579"", ""session_id"": 80, ""resource_type"": ""OBJECT"", ""mode"": ""IX""}",OBJECT,IX,UNKNOWN
lock_released,2026-09-18 16:51:50.579,81,0,0,0,"{""event_name"": ""lock_released"", ""timestamp"": ""2026-09-18 16:51:50.579"", ""session_id"": 81, ""resource_type"": ""OBJECT"", ""mode"": ""IS""}",OBJECT,IS,UNKNOWN
lock_released,2026-09-18 16:51:50.579,76,0,0,0,"{""event_name"": ""lock_released"", ""timestamp"": ""2026-09-18 16:51:50.579"", ""session_id"": 76, ""resource_type"": ""OBJECT"", ""mode"": ""IX""}",OBJECT,IX,UNKNOWN
lock_released,2026-09-18 16:51:50.579,76,0,0,0,"{""event_name"": ""lock_released"", ""timestamp"": ""2026-09-18 16:51:50.579"", ""session_id"": 76, ""resource_type"": ""OBJECT"", ""mode"": ""IS""}",OBJECT,IS,UNKNOWN
lock_acquired,2026-09-18 16:51:55.637,77,0,0,0,"{""event_name"": ""lock_acquired"", ""timestamp"": ""2026-09-18 16:51:55.637"", ""session_id"": 77, ""resource_type"": ""OBJECT"", ""mode"": ""IS""}",OBJECT,IS,UNKNOWN
lock_acquired,2026-09-18 16:51:55.637,77,0,0,0,"{""event_name"": ""lock_acquired"", ""timestamp"": ""2026-09-18 16:51:55.637"", ""session_id"": 77, ""resource_type"": ""OBJECT"", ""mode"": ""IX""}",OBJECT,IX,UNKNOWN
lock_acquired,2026-09-18 16:51:55.637,80,0,0,0,"{""event_name"": ""lock_acquired"", ""timestamp"": ""2026-09-18 16:51:55.637"", ""session_id"": 80, ""resource_type"": ""OBJECT"", ""mode"": ""IS""}",OBJECT,IS,UNKNOWN
lock_acquired,2026-09-18 16:51:55.637,80,0,0,0,"{""event_name"": ""lock_acquired"", ""timestamp"": ""2026-09-18 16:51:55.637"", ""session_id"": 80, ""resource_type"": ""OBJECT"", ""mode"": ""IX""}",OBJECT,IX,UNKNOWN
lock_acquired,2026-09-18 16:51:55.637,81,0,0,0,"{""event_name"": ""lock_acquired"", ""timestamp"": ""2026-09-18 16:51:55.637"", ""session_id"": 81, ""resource_type"": ""OBJECT"", ""mode"": ""IS""}",OBJECT,IS,UNKNOWN
lock_acquired,2026-09-18 16:51:55.637,76,0,0,0,"{""event_name"": ""lock_acquired"", ""timestamp"": ""2026-09-18 16:51:55.637"", ""session_id"": 76, ""resource_type"": ""OBJECT"", ""mode"": ""IX""}",OBJECT,IX,UNKNOWN
lock_acquired,2026-09-18 16:51:55.637,78,0,0,0,"{""event_name"": ""lock_acquired"", ""timestamp"": ""2026-09-18 16:51:55.637"", ""session_id"": 78, ""resource_type"": ""OBJECT"", ""mode"": ""Sch-S""}",OBJECT,Sch-S,UNKNOWN
lock_acquired,2026-09-18 16:51:55.637,83,0,0,0,"{""event_name"": ""lock_acquired"", ""timestamp"": ""2026-09-18 16:51:55.637"", ""session_id"": 83, ""resource_type"": ""PAGE"", ""mode"": ""IX""}",PAGE,IX,UNKNOWN
lock_released,2026-09-18 16:51:55.637,83,0,0,0,"{""event_name"": ""lock_released"", ""timestamp"": ""2026-09-18 16:51:55.637"", ""session_id"": 83, ""resource_type"": ""OBJECT"", ""mode"": ""IX""}",OBJECT,IX,UNKNOWN
lock_released,2026-09-18 16:51:55.637,76,0,0,0,"{""event_name"": ""lock_released"", ""timestamp"": ""2026-09-18 16:51:55.637"", ""session_id"": 76, ""resource_type"": ""OBJECT"", ""mode"": ""Sch-S""}",OBJECT,Sch-S,UNKNOWN
lock_released,2026-09-18 16:51:55.637,76,0,0,0,"{""event_name"": ""lock_released"", ""timestamp"": ""2026-09-18 16:51:55.637"", ""session_id"": 76, ""resource_type"": ""METADATA"", ""mode"": ""Sch-S""}",METADATA,Sch-S,UNKNOWN
lock_released,2026-09-18 16:51:55.637,83,0,0,0,"{""event_name"": ""lock_released"", ""timestamp"": ""2026-09-18 16:51:55.637"", ""session_id"": 83, ""resource_type"": ""OBJECT"", ""mode"": ""IS""}",OBJECT,IS,UNKNOWN
lock_released,2026-09-18 16:51:55.637,78,0,0,0,"{""event_name"": ""lock_released"", ""timestamp"": ""2026-09-18 16:51:55.637"", ""session_id"": 78, ""resource_type"": ""OBJECT"", ""mode"": ""IX""}",OBJECT,IX,UNKNOWN
lock_released,2026-09-18 16:51:55.637,78,0,0,0,"{""event_name"": ""lock_released"", ""timestamp"": ""2026-09-18 16:51:55.637"", ""session_id"": 78, ""resource_type"": ""OBJECT"", ""mode"": ""IS""}",OBJECT,IS,UNKNOWN
lock_released,2026-09-18 16:51:55.637,77,0,0,0,"{""event_name"": ""lock_released"", ""timestamp"": ""2026-09-18 16:51:55.637"", ""session_id"": 77, ""resource_type"": ""OBJECT"", ""mode"": ""Sch-S""}",OBJECT,Sch-S,UNKNOWN
lock_released,2026-09-18 16:51:55.637,80,0,0,0,"{""event_name"": ""lock_released"", ""timestamp"": ""2026-09-18 16:51:55.637"", ""session_id"": 80, ""resource_type"": ""OBJECT"", ""mode"": ""Sch-S""}",OBJECT,Sch-S,UNKNOWN
lock_released,2026-09-18 16:51:55.637,77,0,0,0,"{""event_name"": ""lock_released"", ""timestamp"": ""2026-09-18 16:51:55.637"", ""session_id"": 77, ""resource_type"": ""METADATA"", ""mode"": ""Sch-S""}",METADATA,Sch-S,UNKNOWN
lock_released,2026-09-18 16:51:55.637,78,0,0,0,"{""event_name"": ""lock_released"", ""timestamp"": ""2026-09-18 16:51:55.637"", ""session_id"": 78, ""resource_type"": ""PAGE"", ""mode"": ""S""}",PAGE,S,UNKNOWN
lock_acquired,2026-09-18 16:52:00.727,83,0,0,0,"{""event_name"": ""lock_acquired"", ""timestamp"": ""2026-09-18 16:52:00.727"", ""session_id"": 83, ""resource_type"": ""OBJECT"", ""mode"": ""IX""}",OBJECT,IX,UNKNOWN
lock_acquired,2026-09-18 16:52:00.727,83,0,0,0,"{""event_name"": ""lock_acquired"", ""timestamp"": ""2026-09-18 16:52:00.727"", ""session_id"": 83, ""resource_type"": ""OBJECT"", ""mode"": ""IS""}",OBJECT,IS,UNKNOWN
lock_acquired,2026-09-18 16:52:00.727,79,0,0,0,"{""event_name"": ""lock_acquired"", ""timestamp"": ""2026-09-18 16:52:00.727"", ""session_id"": 79, ""resource_type"": ""PAGE"", ""mode"": ""S""}",PAGE,S,UNKNOWN
lock_acquired,2026-09-18 16:52:00.727,78,0,0,0,"{""event_name"": ""lock_acquired"", ""timestamp"": ""2026-09-18 16:52:00.727"", ""session_id"": 78, ""resource_type"": ""OBJECT"", ""mode"": ""IX""}",OBJECT,IX,UNKNOWN
lock_acquired,2026-09-18 16:52:00.727,78,0,0,0,"{""event_name"": ""lock_acquired"", ""timestamp"": ""2026-09-18 16:52:00.727"", ""session_id"": 78, ""resource_type"": ""OBJECT"", ""mode"": ""IS""}",OBJECT,IS,UNKNOWN
lock_acquired,2026-09-18 16:52:00.727,77,0,0,0,"{""event_name"": ""lock_acquired"", ""timestamp"": ""2026-09-18 16:52:00.727"", ""session_id"": 77, ""resource_type"": ""PAGE"", ""mode"": ""S""}",PAGE,S,UNKNOWN
lock_acquired,2026-09-18 16:52:00.727,81,0,0,0,"{""event_name"": ""lock_acquired"", ""timestamp"": ""2026-09-18 16:52:00.727"", ""session_id"": 81, ""resource_type"": ""OBJECT"", ""mode"": ""Sch-S""}",OBJECT,Sch-S,UNKNOWN
lock_acquired,2026-09-18 16:52:00.727,76,0,0,0,"{""event_name"": ""lock_acquired"", ""timestamp"": ""2026-09-18 16:52:00.727"", ""session_id"": 76, ""resource_type"": ""OBJECT"", ""mode"": ""IS""}",OBJECT,IS,UNKNOWN
lock_acquired,2026-09-18 16:52:00.727,81,0,0,0,"{""event_name"": ""lock_acquired"", ""timestamp"": ""2026-09-18 16:52:00.727"", ""session_id"": 81, ""resource_type"": ""METADATA"", ""mode"": ""Sch-S""}",METADATA,Sch-S,UNKNOWN
lock_released,2026-09-18 16:52:00.727,81,0,0,0,"{""event_name"": ""lock_released"", ""timestamp"": ""2026-09-18 16:52:00.727"", ""session_id"": 81, ""resource_type"": ""OBJECT"", ""mode"": ""IX""}",OBJECT,IX,UNKNOWN
lock_released,2026-09-18 16:52:00.727,81,0,0,0,"{""event_name"": ""lock_released"", ""timestamp"": ""2026-09-18 16:52:00.727"", ""session_id"": 81, ""resource_type"": ""OBJECT"", ""mode"": ""IS""}",OBJECT,IS,UNKNOWN
lock_released,2026-09-18 16:52:00.727,84,0,0,0,"{""event_name"": ""lock_released"", ""timestamp"": ""2026-09-18 16:52:00.727"", ""session_id"": 84, ""resource_type"": ""OBJECT"", ""mode"": ""IX""}",OBJECT,IX,UNKNOWN
lock_released,2026-09-18 16:52:00.727,84,0,0,0,"{""event_name"": ""lock_released"", ""timestamp"": ""2026-09-18 16:52:00.727"", ""session_id"": 84, ""resource_type"": ""OBJECT"", ""mode"": ""IS""}",OBJECT,IS,UNKNOWN
lock_released,2026-09-18 16:52:00.727,78,0,0,0,"{""event_name"": ""lock_released"", ""timestamp"": ""2026-09-18 16:52:00.727"", ""session_id"": 78, ""resource_type"": ""OBJECT"", ""mode"": ""Sch-S""}",OBJECT,Sch-S,UNKNOWN
lock_released,2026-09-18 16:52:00.727,83,0,0,0,"{""event_name"": ""lock_released"", ""timestamp"": ""2026-09-18 16:52:00.727"", ""session_id"": 83, ""resource_type"": ""PAGE"", ""mode"": ""IX""}",PAGE,IX,UNKNOWN
lock_acquired,2026-09-18 16:52:05.776,79,0,0,0,"{""event_name"": ""lock_acquired"", ""timestamp"": ""2026-09-18 16:52:05.776"", ""session_id"": 79, ""resource_type"": ""OBJECT"", ""mode"": ""Sch-S""}",OBJECT,Sch-S,UNKNOWN
lock_acquired,2026-09-18 16:52:05.776,81,0,0,0,"{""event_name"": ""lock_acquired"", ""timestamp"": ""2026-09-18 16:52:05.776"", ""session_id"": 81, ""resource_type"": ""OBJECT"", ""mode"": ""IX""}",OBJECT,IX,UNKNOWN
lock_acquired,2026-09-18 16:52:05.776,76,0,0,0,"{""event_name"": ""lock_acquired"", ""timestamp"": ""2026-09-18 16:52:05.776"", ""session_id"": 76, ""resource_type"": ""PAGE"", ""mode"": ""S""}",PAGE,S,UNKNOWN
lock_acquired,2026-09-18 16:52:05.776,81,0,0,0,"{""event_name"": ""lock_acquired"", ""timestamp"": ""2026-09-18 16:52:05.776"", ""session_id"": 81, ""resource_type"": ""OBJECT"", ""mode"": ""IS""}",OBJECT,IS,UNKNOWN
lock_acquired,2026-09-18 16:52:05.776,84,0,0,0,"{""event_name"": ""lock_acquired"", ""timestamp"": ""2026-09-18 16:52:05.776"", ""session_id"": 84, ""resource_type"": ""OBJECT"", ""mode"": ""IS""}",OBJECT,IS,UNKNOWN
lock_acquired,2026-09-18 16:52:05.776,79,0,0,0,"{""event_name"": ""lock_acquired"", ""timestamp"": ""2026-09-18 16:52:05.776"", ""session_id"": 79, ""resource_type"": ""METADATA"", ""mode"": ""Sch-S""}",METADATA,Sch-S,UNKNOWN
lock_acquired,2026-09-18 16:52:05.776,84,0,0,0,"{""event_name"": ""lock_acquired"", ""timestamp"": ""2026-09-18 16:52:05.776"", ""session_id"": 84, ""resource_type"": ""OBJECT"", ""mode"": ""IX""}",OBJECT,IX,UNKNOWN
lock_acquired,2026-09-18 16:52:05.776,81,0,0,0,"{""event_name"": ""lock_acquired"", ""timestamp"": ""2026-09-18 16:52:05.776"", ""session_id"": 81, ""resource_type"": ""PAGE"", ""mode"": ""S""}",PAGE,S,UNKNOWN
lock_acquired,2026-09-18 16:52:05.776,80,0,0,0,"{""event_name"": ""lock_acquired"", ""timestamp"": ""2026-09-18 16:52:05.776"", ""session_id"": 80, ""resource_type"": ""PAGE"", ""mode"": ""S""}",PAGE,S,UNKNOWN
lock_released,2026-09-18 16:52:05.776,79,0,0,0,"{""event_name"": ""lock_released"", ""timestamp"": ""2026-09-18 16:52:05.776"", ""session_id"": 79, ""resource_type"": ""PAGE"", ""mode"": ""S""}",PAGE,S,UNKNOWN
lock_released,2026-09-18 16:52:05.776,77,0,0,0,"{""event_name"": ""lock_released"", ""timestamp"": ""2026-09-18 16:52:05.776"", ""session_id"": 77, ""resource_type"": ""PAGE"", ""mode"": ""S""}",PAGE,S,UNKNOWN
lock_released,2026-09-18 16:52:05.776,79,0,0,0,"{""event_name"": ""lock_released"", ""timestamp"": ""2026-09-18 16:52:05.776"", ""session_id"": 79, ""resource_type"": ""OBJECT"", ""mode"": ""IX""}",OBJECT,IX,UNKNOWN
lock_released,2026-09-18 16:52:05.776,82,0,0,0,"{""event_name"": ""lock_released"", ""timestamp"": ""2026-09-18 16:52:05.776"", ""session_id"": 82, ""resource_type"": ""OBJECT"", ""mode"": ""IS""}",OBJECT,IS,UNKNOWN
lock_released,2026-09-18 16:52:05.776,81,0,0,0,"{""event_name"": ""lock_released"", ""timestamp"": ""2026-09-18 16:52:05.776"", ""session_id"": 81, ""resource_type"": ""OBJECT"", ""mode"": ""Sch-S""}",OBJECT,Sch-S,UNKNOWN
lock_released,2026-09-18 16:52:05.776,79,0,0,0,"{""event_name"": ""lock_released"", ""timestamp"": ""2026-09-18 16:52:05.776"", ""session_id"": 79, ""resource_type"": ""OBJECT"", ""mode"": ""IS""}",OBJECT,IS,UNKNOWN
lock_released,2026-09-18 16:52:05.776,81,0,0,0,"{""event_name"": ""lock_released"", ""timestamp"": ""2026-09-18 16:52:05.776"", ""session_id"": 81, ""resource_type"": ""METADATA"", ""mode"": ""Sch-S""}",METADATA,Sch-S,UNKNOWN
lock_acquired,2026-09-18 16:52:10.900,85,0,0,0,"{""event_name"": ""lock_acquired"", ""timestamp"": ""2026-09-18 16:52:10.900"", ""session_id"": 85, ""resource_type"": ""PAGE"", ""mode"": ""S""}",PAGE,S,UNKNOWN
lock_acquired,2026-09-18 16:52:10.900,79,0,0,0,"{""event_name"": ""lock_acquired"", ""timestamp"": ""2026-09-18 16:52:10.900"", ""session_id"": 79, ""resource_type"": ""OBJECT"", ""mode"": ""IX""}",OBJECT,IX,UNKNOWN
lock_acquired,2026-09-18 16:52:10.900,82,0,0,0,"{""event_name"": ""lock_acquired"", ""timestamp"": ""2026-09-18 16:52:10.900"", ""session_id"": 82, ""resource_type"": ""OBJECT"", ""mode"": ""IS""}",OBJECT,IS,UNKNOWN
lock_acquired,2026-09-18 16:52:10.900,81,0,0,0,"{""event_name"": ""lock_acquired"", ""timestamp"": ""2026-09-18 16:52:10.900"", ""session_id"": 81, ""resource_type"": ""OBJECT"", ""mode"": ""Sch-S""}",OBJECT,Sch-S,UNKNOWN
lock_acquired,2026-09-18 16:52:10.900,78,0,0,0,"{""event_name"": ""lock_acquired"", ""timestamp"": ""2026-09-18 16:52:10.900"", ""session_id"": 78, ""resource_type"": ""OBJECT"", ""mode"": ""Sch-S""}",OBJECT,Sch-S,UNKNOWN
lock_acquired,2026-09-18 16:52:10.900,76,0,0,0,"{""event_name"": ""lock_acquired"", ""timestamp"": ""2026-09-18 16:52:10.900"", ""session_id"": 76, ""resource_type"": ""PAGE"", ""mode"": ""IX""}",PAGE,IX,UNKNOWN
lock_acquired,2026-09-18 16:52:10.900,79,0,0,0,"{""event_name"": ""lock_acquired"", ""timestamp"": ""2026-09-18 16:52:10.900"", ""session_id"": 79, ""resource_type"": ""OBJECT"", ""mode"": ""IS""}",OBJECT,IS,UNKNOWN
lock_acquired,2026-09-18 16:52:10.900,81,0,0,0,"{""event_name"": ""lock_acquired"", ""timestamp"": ""2026-09-18 16:52:10.900"", ""session_id"": 81, ""resource_type"": ""METADATA"", ""mode"": ""Sch-S""}",METADATA,Sch-S,UNKNOWN
lock_released,2026-09-18 16:52:10.900,79,0,0,0,"{""event_name"": ""lock_released"", ""timestamp"": ""2026-09-18 16:52:10.900"", ""session_id"": 79, ""resource_type"": ""OBJECT"", ""mode"": ""Sch-S""}",OBJECT,Sch-S,UNKNOWN
lock_released,2026-09-18 16:52:10.900,81,0,0,0,"{""event_name"": ""lock_released"", ""timestamp"": ""2026-09-18 16:52:10.900"", ""session_id"": 81, ""resource_type"": ""OBJECT"", ""mode"": ""IX""}",OBJECT,IX,UNKNOWN
lock_released,2026-09-18 16:52:10.900,78,0,0,0,"{""event_name"": ""lock_released"", ""timestamp"": ""2026-09-18 16:52:10.900"", ""session_id"": 78, ""resource_type"": ""OBJECT"", ""mode"": ""IX""}",OBJECT,IX,UNKNOWN
lock_released,2026-09-18 16:52:10.900,76,0,0,0,"{""event_name"": ""lock_released"", ""timestamp"": ""2026-09-18 16:52:10.900"", ""session_id"": 76, ""resource_type"": ""PAGE"", ""mode"": ""S""}",PAGE,S,UNKNOWN
lock_released,2026-09-18 16:52:10.900,81,0,0,0,"{""event_name"": ""lock_released"", ""timestamp"": ""2026-09-18 16:52:10.900"", ""session_id"": 81, ""resource_type"": ""OBJECT"", ""mode"": ""IS""}",OBJECT,IS,UNKNOWN
lock_released,2026-09-18 16:52:10.900,78,0,0,0,"{""event_name"": ""lock_released"", ""timestamp"": ""2026-09-18 16:52:10.900"", ""session_id"": 78, ""resource_type"": ""OBJECT"", ""mode"": ""IS""}",OBJECT,IS,UNKNOWN
lock_released,2026-09-18 16:52:10.900,79,0,0,0,"{""event_name"": ""lock_released"", ""timestamp"": ""2026-09-18 16:52:10.900"", ""session_id"": 79, ""resource_type"": ""METADATA"", ""mode"": ""Sch-S""}",METADATA,Sch-S,UNKNOWN
lock_released,2026-09-18 16:52:10.900,81,0,0,0,"{""event_name"": ""lock_released"", ""timestamp"": ""2026-09-18 16:52:10.900"", ""session_id"": 81, ""resource_type"": ""PAGE"", ""mode"": ""S""}",PAGE,S,UNKNOWN
lock_released,2026-09-18 16:52:10.900,76,0,0,0,"{""event_name"": ""lock_released"", ""timestamp"": ""2026-09-18 16:52:10.900"", ""session_id"": 76, ""resource_type"": ""OBJECT"", ""mode"": ""IS""}",OBJECT,IS,UNKNOWN
lock_released,2026-09-18 16:52:10.900,80,0,0,0,"{""event_name"": ""lock_released"", ""timestamp"": ""2026-09-18 16:52:10.900"", ""session_id"": 80, ""resource_type"": ""PAGE"", ""mode"": ""S""}",PAGE,S,UNKNOWN
lock_acquired,2026-09-18 16:52:15.952,84,0,0,0,"{""event_name"": ""lock_acquired"", ""timestamp"": ""2026-09-18 16:52:15.952"", ""session_id"": 84, ""resource_type"": ""PAGE"", ""mode"": ""S""}",PAGE,S,UNKNOWN
lock_acquired,2026-09-18 16:52:15.952,78,0,0,0,"{""event_name"": ""lock_acquired"", ""timestamp"": ""2026-09-18 16:52:15.952"", ""session_id"": 78, ""resource_type"": ""PAGE"", ""mode"": ""S""}",PAGE,S,UNKNOWN
lock_acquired,2026-09-18 16:52:15.952,85,0,0,0,"{""event_name"": ""lock_acquired"", ""timestamp"": ""2026-09-18 16:52:15.952"", ""session_id"": 85, ""resource_type"": ""OBJECT"", ""mode"": ""Sch-S""}",OBJECT,Sch-S,UNKNOWN
lock_acquired,2026-09-18 16:52:15.952,78,0,0,0,"{""event_name"": ""lock_acquired"", ""timestamp"": ""2026-09-18 16:52:15.952"", ""session_id"": 78, ""resource_type"": ""OBJECT"", ""mode"": ""IX""}",OBJECT,IX,UNKNOWN
lock_acquired,2026-09-18 16:52:15.952,78,0,0,0,"{""event_name"": ""lock_acquired"", ""timestamp"": ""2026-09-18 16:52:15.952"", ""session_id"": 78, ""resource_type"": ""OBJECT"", ""mode"": ""IS""}",OBJECT,IS,UNKNOWN
lock_acquired,2026-09-18 16:52:15.952,80,0,0,0,"{""event_name"": ""lock_acquired"", ""timestamp"": ""2026-09-18 16:52:15.952"", ""session_id"": 80, ""resource_type"": ""KEY"", ""mode"": ""X""}",KEY,X,UNKNOWN
lock_acquired,2026-09-18 16:52:15.952,77,0,0,0,"{""event_name"": ""lock_acquired"", ""timestamp"": ""2026-09-18 16:52:15.952"", ""session_id"": 77, ""resource_type"": ""PAGE"", ""mode"": ""S""}",PAGE,S,UNKNOWN
lock_acquired,2026-09-18 16:52:15.952,79,0,0,0,"{""event_name"": ""lock_acquired"", ""timestamp"": ""2026-09-18 16:52:15.952"", ""session_id"": 79, ""resource_type"": ""PAGE"", ""mode"": ""IS""}",PAGE,IS,UNKNOWN
lock_acquired,2026-09-18 16:52:15.952,76,0,0,0,"{""event_name"": ""lock_acquired"", ""timestamp"": ""2026-09-18 16:52:15.952"", ""session_id"": 76, ""resource_type"": ""OBJECT"", ""mode"": ""IS""}",OBJECT,IS,UNKNOWN
lock_released,2026-09-18 16:52:15.952,85,0,0,0,"{""event_name"": ""lock_released"", ""timestamp"": ""2026-09-18 16:52:15.952"", ""session_id"": 85, ""resource_type"": ""PAGE"", ""mode"": ""S""}",PAGE,S,UNKNOWN
lock_released,2026-09-18 16:52:15.952,85,0,0,0,"{""event_name"": ""lock_released"", ""timestamp"": ""2026-09-18 16:52:15.952"", ""session_id"": 85, ""resource_type"": ""OBJECT"", ""mode"": ""IX""}",OBJECT,IX,UNKNOWN
lock_released,2026-09-18 16:52:15.952,80,0,0,0,"{""event_name"": ""lock_released"", ""timestamp"": ""2026-09-18 16:52:15.952"", ""session_id"": 80, ""resource_type"": ""OBJECT"", ""mode"": ""IS""}",OBJECT,IS,UNKNOWN
lock_released,2026-09-18 16:52:15.952,79,0,0,0,"{""event_name"": ""lock_released"", ""timestamp"": ""2026-09-18 16:52:15.952"", ""session_id"": 79, ""resource_type"": ""OBJECT"", ""mode"": ""IX""}",OBJECT,IX,UNKNOWN
lock_released,2026-09-18 16:52:15.952,78,0,0,0,"{""event_name"": ""lock_released"", ""timestamp"": ""2026-09-18 16:52:15.952"", ""session_id"": 78, ""resource_type"": ""OBJECT"", ""mode"": ""Sch-S""}",OBJECT,Sch-S,UNKNOWN
lock_released,2026-09-18 16:52:15.952,76,0,0,0,"{""event_name"": ""lock_released"", ""timestamp"": ""2026-09-18 16:52:15.952"", ""session_id"": 76, ""resource_type"": ""PAGE"", ""mode"": ""IX""}",PAGE,IX,UNKNOWN
lock_released,2026-09-18 16:52:15.952,85,0,0,0,"{""event_name"": ""lock_released"", ""timestamp"": ""2026-09-18 16:52:15.952"", ""session_id"": 85, ""resource_type"": ""OBJECT"", ""mode"": ""IS""}",OBJECT,IS,UNKNOWN
lock_released,2026-09-18 16:52:15.952,81,0,0,0,"{""event_name"": ""lock_released"", ""timestamp"": ""2026-09-18 16:52:15.952"", ""session_id"": 81, ""resource_type"": ""METADATA"", ""mode"": ""Sch-S""}",METADATA,Sch-S,UNKNOWN
lock_acquired,2026-09-18 16:52:22.424,85,0,0,0,"{""event_name"": ""lock_acquired"", ""timestamp"": ""2026-09-18 16:52:22.424"", ""session_id"": 85, ""resource_type"": ""METADATA"", ""mode"": ""Sch-S""}",METADATA,Sch-S,UNKNOWN
lock_acquired,2026-09-18 16:52:22.424,81,0,0,0,"{""event_name"": ""lock_acquired"", ""timestamp"": ""2026-09-18 16:52:22.424"", ""session_id"": 81, ""resource_type"": ""OBJECT"", ""mode"": ""IX""}",OBJECT,IX,UNKNOWN
lock_acquired,2026-09-18 16:52:22.424,84,0,0,0,"{""event_name"": ""lock_acquired"", ""timestamp"": ""2026-09-18 16:52:22.424"", ""session_id"": 84, ""resource_type"": ""PAGE"", ""mode"": ""IS""}",PAGE,IS,UNKNOWN
lock_acquired,2026-09-18 16:52:22.424,80,0,0,0,"{""event_name"": ""lock_acquired"", ""timestamp"": ""2026-09-18 16:52:22.424"", ""session_id"": 80, ""resource_type"": ""OBJECT"", ""mode"": ""IS""}",OBJECT,IS,UNKNOWN
lock_acquired,2026-09-18 16:52:22.424,81,0,0,0,"{""event_name"": ""lock_acquired"", ""timestamp"": ""2026-09-18 16:52:22.424"", ""session_id"": 81, ""resource_type"": ""OBJECT"", ""mode"": ""IS""}",OBJECT,IS,UNKNOWN
lock_acquired,2026-09-18 16:52:22.424,79,0,0,0,"{""event_name"": ""lock_acquired"", ""timestamp"": ""2026-09-18 16:52:22.424"", ""session_id"": 79, ""resource_type"": ""OBJECT"", ""mode"": ""IX""}",OBJECT,IX,UNKNOWN
lock_released,2026-09-18 16:52:22.424,84,0,0,0,"{""event_name"": ""lock_released"", ""timestamp"": ""2026-09-18 16:52:22.424"", ""session_id"": 84, ""resource_type"": ""PAGE"", ""mode"": ""S""}",PAGE,S,UNKNOWN
lock_released,2026-09-18 16:52:22.424,84,0,0,0,"{""event_name"": ""lock_released"", ""timestamp"": ""2026-09-18 16:52:22.424"", ""session_id"": 84, ""resource_type"": ""OBJECT"", ""mode"": ""IX""}",OBJECT,IX,UNKNOWN
lock_released,2026-09-18 16:52:22.424,76,0,0,0,"{""event_name"": ""lock_released"", ""timestamp"": ""2026-09-18 16:52:22.424"", ""session_id"": 76, ""resource_type"": ""OBJECT"", ""mode"": ""IX""}",OBJECT,IX,UNKNOWN
lock_released,2026-09-18 16:52:22.424,80,0,0,0,"{""event_name"": ""lock_released"", ""timestamp"": ""2026-09-18 16:52:22.424"", ""session_id"": 80, ""resource_type"": ""KEY"", ""mode"": ""X""}",KEY,X,UNKNOWN
lock_released,2026-09-18 16:52:22.424,79,0,0,0,"{""event_name"": ""lock_released"", ""timestamp"": ""2026-09-18 16:52:22.424"", ""session_id"": 79, ""resource_type"": ""PAGE"", ""mode"": ""IS""}",PAGE,IS,UNKNOWN
lock_released,2026-09-18 16:52:22.424,81,0,0,0,"{""event_name"": ""lock_released"", ""timestamp"": ""2026-09-18 16:52:22.424"", ""session_id"": 81, ""resource_type"": ""OBJECT"", ""mode"": ""Sch-S""}",OBJECT,Sch-S,UNKNOWN
lock_released,2026-09-18 16:52:22.424,76,0,0,0,"{""event_name"": ""lock_released"", ""timestamp"": ""2026-09-18 16:52:22.424"", ""session_id"": 76, ""resource_type"": ""OBJECT"", ""mode"": ""IS""}",OBJECT,IS,UNKNOWN
logout,2026-09-18 16:52:27.465,65,0,0,0,"{""event_name"": ""logout"", ""timestamp"": ""2026-09-18 16:52:27.465"", ""session_id"": 65}",0,0,UNKNOWN
lock_acquired,2026-09-18 16:52:27.465,77,0,0,0,"{""event_name"": ""lock_acquired"", ""timestamp"": ""2026-09-18 16:52:27.465"", ""session_id"": 77, ""resource_type"": ""KEY"", ""mode"": ""X""}",KEY,X,UNKNOWN
lock_acquired,2026-09-18 16:52:27.465,80,0,0,0,"{""event_name"": ""lock_acquired"", ""timestamp"": ""2026-09-18 16:52:27.465"", ""session_id"": 80, ""resource_type"": ""PAGE"", ""mode"": ""S""}",PAGE,S,UNKNOWN
lock_acquired,2026-09-18 16:52:27.465,84,0,0,0,"{""event_name"": ""lock_acquired"", ""timestamp"": ""2026-09-18 16:52:27.465"", ""session_id"": 84, ""resource_type"": ""OBJECT"", ""mode"": ""IX""}",OBJECT,IX,UNKNOWN
lock_acquired,2026-09-18 16:52:27.465,76,0,0,0,"{""event_name"": ""lock_acquired"", ""timestamp"": ""2026-09-18 16:52:27.465"", ""session_id"": 76, ""resource_type"": ""OBJECT"", ""mode"": ""IX""}",OBJECT,IX,UNKNOWN
lock_acquired,2026-09-18 16:52:27.465,85,0,0,0,"{""event_name"": ""lock_acquired"", ""timestamp"": ""2026-09-18 16:52:27.465"", ""session_id"": 85, ""resource_type"": ""OBJECT"", ""mode"": ""IX""}",OBJECT,IX,UNKNOWN
lock_acquired,2026-09-18 16:52:27.465,77,0,0,0,"{""event_name"": ""lock_acquired"", ""timestamp"": ""2026-09-18 16:52:27.465"", ""session_id"": 77, ""resource_type"": ""PAGE"", ""mode"": ""IX""}",PAGE,IX,UNKNOWN
lock_acquired,2026-09-18 16:52:27.465,76,0,0,0,"{""event_name"": ""lock_acquired"", ""timestamp"": ""2026-09-18 16:52:27.465"", ""session_id"": 76, ""resource_type"": ""OBJECT"", ""mode"": ""IS""}",OBJECT,IS,UNKNOWN
lock_acquired,2026-09-18 16:52:27.465,85,0,0,0,"{""event_name"": ""lock_acquired"", ""timestamp"": ""2026-09-18 16:52:27.465"", ""session_id"": 85, ""resource_type"": ""OBJECT"", ""mode"": ""IS""}",OBJECT,IS,UNKNOWN
lock_released,2026-09-18 16:52:27.465,85,0,0,0,"{""event_name"": ""lock_released"", ""timestamp"": ""2026-09-18 16:52:27.465"", ""session_id"": 85, ""resource_type"": ""OBJECT"", ""mode"": ""Sch-S""}",OBJECT,Sch-S,UNKNOWN
lock_released,2026-09-18 16:52:27.465,77,0,0,0,"{""event_name"": ""lock_released"", ""timestamp"": ""2026-09-18 16:52:27.465"", ""session_id"": 77, ""resource_type"": ""OBJECT"", ""mode"": ""IS""}",OBJECT,IS,UNKNOWN
lock_released,2026-09-18 16:52:27.465,77,0,0,0,"{""event_name"": ""lock_released"", ""timestamp"": ""2026-09-18 16:52:27.465"", ""session_id"": 77, ""resource_type"": ""OBJECT"", ""mode"": ""IX""}",OBJECT,IX,UNKNOWN
lock_released,2026-09-18 16:52:27.465,85,0,0,0,"{""event_name"": ""lock_released"", ""timestamp"": ""2026-09-18 16:52:27.465"", ""session_id"": 85, ""resource_type"": ""METADATA"", ""mode"": ""Sch-S""}",METADATA,Sch-S,UNKNOWN
lock_released,2026-09-18 16:52:27.465,84,0,0,0,"{""event_name"": ""lock_released"", ""timestamp"": ""2026-09-18 16:52:27.465"", ""session_id"": 84, ""resource_type"": ""PAGE"", ""mode"": ""IS""}",PAGE,IS,UNKNOWN
lock_released,2026-09-18 16:52:27.465,77,0,0,0,"{""event_name"": ""lock_released"", ""timestamp"": ""2026-09-18 16:52:27.465"", ""session_id"": 77, ""resource_type"": ""PAGE"", ""mode"": ""S""}",PAGE,S,UNKNOWN
lock_released,2026-09-18 16:52:27.465,79,0,0,0,"{""event_name"": ""lock_released"", ""timestamp"": ""2026-09-18 16:52:27.465"", ""session_id"": 79, ""resource_type"": ""OBJECT"", ""mode"": ""IX""}",OBJECT,IX,UNKNOWN
lock_released,2026-09-18 16:52:27.465,78,0,0,0,"{""event_name"": ""lock_released"", ""timestamp"": ""2026-09-18 16:52:27.465"", ""session_id"": 78, ""resource_type"": ""PAGE"", ""mode"": ""S""}",PAGE,S,UNKNOWN
lock_released,2026-09-18 16:52:27.465,79,0,0,0,"{""event_name"": ""lock_released"", ""timestamp"": ""2026-09-18 16:52:27.465"", ""session_id"": 79, ""resource_type"": ""OBJECT"", ""mode"": ""IS""}",OBJECT,IS,UNKNOWN
lock_acquired,2026-09-18 16:52:32.508,77,0,0,0,"{""event_name"": ""lock_acquired"", ""timestamp"": ""2026-09-18 16:52:32.508"", ""session_id"": 77, ""resource_type"": ""OBJECT"", ""mode"": ""IX""}",OBJECT,IX,UNKNOWN
lock_acquired,2026-09-18 16:52:32.508,84,0,0,0,"{""event_name"": ""lock_acquired"", ""timestamp"": ""2026-09-18 16:52:32.508"", ""session_id"": 84, ""resource_type"": ""PAGE"", ""mode"": ""S""}",PAGE,S,UNKNOWN
lock_acquired,2026-09-18 16:52:32.508,77,0,0,0,"{""event_name"": ""lock_acquired"", ""timestamp"": ""2026-09-18 16:52:32.508"", ""session_id"": 77, ""resource_type"": ""OBJECT"", ""mode"": ""IS""}",OBJECT,IS,UNKNOWN
lock_released,2026-09-18 16:52:32.508,77,0,0,0,"{""event_name"": ""lock_released"", ""timestamp"": ""2026-09-18 16:52:32.508"", ""session_id"": 77, ""resource_type"": ""KEY"", ""mode"": ""X""}",KEY,X,UNKNOWN
lock_released,2026-09-18 16:52:32.508,78,0,0,0,"{""event_name"": ""lock_released"", ""timestamp"": ""2026-09-18 16:52:32.508"", ""session_id"": 78, ""resource_type"": ""OBJECT"", ""mode"": ""IX""}",OBJECT,IX,UNKNOWN
lock_released,2026-09-18 16:52:32.508,80,0,0,0,"{""event_name"": ""lock_released"", ""timestamp"": ""2026-09-18 16:52:32.508"", ""session_id"": 80, ""resource_type"": ""PAGE"", ""mode"": ""S""}",PAGE,S,UNKNOWN
lock_released,2026-09-18 16:52:32.508,85,0,0,0,"{""event_name"": ""lock_released"", ""timestamp"": ""2026-09-18 16:52:32.508"", ""session_id"": 85, ""resource_type"": ""OBJECT"", ""mode"": ""IX""}",OBJECT,IX,UNKNOWN
lock_released,2026-09-18 16:52:32.508,77,0,0,0,"{""event_name"": ""lock_released"", ""timestamp"": ""2026-09-18 16:52:32.508"", ""session_id"": 77, ""resource_type"": ""PAGE"", ""mode"": ""IX""}",PAGE,IX,UNKNOWN
lock_released,2026-09-18 16:52:32.508,85,0,0,0,"{""event_name"": ""lock_released"", ""timestamp"": ""2026-09-18 16:52:32.508"", ""session_id"": 85, ""resource_type"": ""OBJECT"", ""mode"": ""IS""}",OBJECT,IS,UNKNOWN
lock_acquired,2026-09-18 16:52:37.552,77,0,0,0,"{""event_name"": ""lock_acquired"", ""timestamp"": ""2026-09-18 16:52:37.552"", ""session_id"": 77, ""resource_type"": ""KEY"", ""mode"": ""X""}",KEY,X,UNKNOWN
lock_acquired,2026-09-18 16:52:37.552,79,0,0,0,"{""event_name"": ""lock_acquired"", ""timestamp"": ""2026-09-18 16:52:37.552"", ""session_id"": 79, ""resource_type"": ""KEY"", ""mode"": ""X""}",KEY,X,UNKNOWN
lock_acquired,2026-09-18 16:52:37.552,85,0,0,0,"{""event_name"": ""lock_acquired"", ""timestamp"": ""2026-09-18 16:52:37.552"", ""session_id"": 85, ""resource_type"": ""OBJECT"", ""mode"": ""Sch-S""}",OBJECT,Sch-S,UNKNOWN
lock_acquired,2026-09-18 16:52:37.552,77,0,0,0,"{""event_name"": ""lock_acquired"", ""timestamp"": ""2026-09-18 16:52:37.552"", ""session_id"": 77, ""resource_type"": ""PAGE"", ""mode"": ""IU""}",PAGE,IU,UNKNOWN
lock_acquired,2026-09-18 16:52:37.552,85,0,0,0,"{""event_name"": ""lock_acquired"", ""timestamp"": ""2026-09-18 16:52:37.552"", ""session_id"": 85, ""resource_type"": ""METADATA"", ""mode"": ""Sch-S""}",METADATA,Sch-S,UNKNOWN
lock_acquired,2026-09-18 16:52:37.552,78,0,0,0,"{""event_name"": ""lock_acquired"", ""timestamp"": ""2026-09-18 16:52:37.552"", ""session_id"": 78, ""resource_type"": ""OBJECT"", ""mode"": ""IX""}",OBJECT,IX,UNKNOWN
lock_acquired,2026-09-18 16:52:37.552,77,0,0,0,"{""event_name"": ""lock_acquired"", ""timestamp"": ""2026-09-18 16:52:37.552"", ""session_id"": 77, ""resource_type"": ""PAGE"", ""mode"": ""IX""}",PAGE,IX,UNKNOWN
lock_acquired,2026-09-18 16:52:37.552,81,0,0,0,"{""event_name"": ""lock_acquired"", ""timestamp"": ""2026-09-18 16:52:37.552"", ""session_id"": 81, ""resource_type"": ""PAGE"", ""mode"": ""S""}",PAGE,S,UNKNOWN
lock_released,2026-09-18 16:52:37.552,83,0,0,0,"{""event_name"": ""lock_released"", ""timestamp"": ""2026-09-18 16:52:37.552"", ""session_id"": 83, ""resource_type"": ""OBJECT"", ""mode"": ""IX""}",OBJECT,IX,UNKNOWN
lock_released,2026-09-18 16:52:37.552,84,0,0,0,"{""event_name"": ""lock_released"", ""timestamp"": ""2026-09-18 16:52:37.552"", ""session_id"": 84, ""resource_type"": ""PAGE"", ""mode"": ""S""}",PAGE,S,UNKNOWN
lock_released,2026-09-18 16:52:37.552,77,0,0,0,"{""event_name"": ""lock_released"", ""timestamp"": ""2026-09-18 16:52:37.552"", ""session_id"": 77, ""resource_type"": ""OBJECT"", ""mode"": ""IS""}",OBJECT,IS,UNKNOWN
lock_released,2026-09-18 16:52:37.552,83,0,0,0,"{""event_name"": ""lock_released"", ""timestamp"": ""2026-09-18 16:52:37.552"", ""session_id"": 83, ""resource_type"": ""OBJECT"", ""mode"": ""IS""}",OBJECT,IS,UNKNOWN
lock_released,2026-09-18 16:52:37.552,76,0,0,0,"{""event_name"": ""lock_released"", ""timestamp"": ""2026-09-18 16:52:37.552"", ""session_id"": 76, ""resource_type"": ""OBJECT"", ""mode"": ""IX""}",OBJECT,IX,UNKNOWN
lock_released,2026-09-18 16:52:37.552,76,0,0,0,"{""event_name"": ""lock_released"", ""timestamp"": ""2026-09-18 16:52:37.552"", ""session_id"": 76, ""resource_type"": ""OBJECT"", ""mode"": ""IS""}",OBJECT,IS,UNKNOWN
lock_acquired,2026-09-18 16:52:42.589,82,0,0,0,"{""event_name"": ""lock_acquired"", ""timestamp"": ""2026-09-18 16:52:42.589"", ""session_id"": 82, ""resource_type"": ""OBJECT"", ""mode"": ""Sch-S""}",OBJECT,Sch-S,UNKNOWN
lock_acquired,2026-09-18 16:52:42.589,83,0,0,0,"{""event_name"": ""lock_acquired"", ""timestamp"": ""2026-09-18 16:52:42.589"", ""session_id"": 83, ""resource_type"": ""OBJECT"", ""mode"": ""IX""}",OBJECT,IX,UNKNOWN
lock_acquired,2026-09-18 16:52:42.589,81,0,0,0,"{""event_name"": ""lock_acquired"", ""timestamp"": ""2026-09-18 16:52:42.589"", ""session_id"": 81, ""resource_type"": ""PAGE"", ""mode"": ""IX""}",PAGE,IX,UNKNOWN
lock_acquired,2026-09-18 16:52:42.589,77,0,0,0,"{""event_name"": ""lock_acquired"", ""timestamp"": ""2026-09-18 16:52:42.589"", ""session_id"": 77, ""resource_type"": ""OBJECT"", ""mode"": ""IS""}",OBJECT,IS,UNKNOWN
lock_acquired,2026-09-18 16:52:42.589,83,0,0,0,"{""event_name"": ""lock_acquired"", ""timestamp"": ""2026-09-18 16:52:42.589"", ""session_id"": 83, ""resource_type"": ""OBJECT"", ""mode"": ""IS""}",OBJECT,IS,UNKNOWN
lock_acquired,2026-09-18 16:52:42.589,80,0,0,0,"{""event_name"": ""lock_acquired"", ""timestamp"": ""2026-09-18 16:52:42.589"", ""session_id"": 80, ""resource_type"": ""OBJECT"", ""mode"": ""Sch-S""}",OBJECT,Sch-S,UNKNOWN
lock_acquired,2026-09-18 16:52:42.589,82,0,0,0,"{""event_name"": ""lock_acquired"", ""timestamp"": ""2026-09-18 16:52:42.589"", ""session_id"": 82, ""resource_type"": ""METADATA"", ""mode"": ""Sch-S""}",METADATA,Sch-S,UNKNOWN
lock_acquired,2026-09-18 16:52:42.589,76,0,0,0,"{""event_name"": ""lock_acquired"", ""timestamp"": ""2026-09-18 16:52:42.589"", ""session_id"": 76, ""resource_type"": ""OBJECT"", ""mode"": ""IX""}",OBJECT,IX,UNKNOWN
lock_acquired,2026-09-18 16:52:42.589,77,0,0,0,"{""event_name"": ""lock_acquired"", ""timestamp"": ""2026-09-18 16:52:42.589"", ""session_id"": 77, ""resource_type"": ""PAGE"", ""mode"": ""S""}",PAGE,S,UNKNOWN
lock_acquired,2026-09-18 16:52:42.589,85,0,0,0,"{""event_name"": ""lock_acquired"", ""timestamp"": ""2026-09-18 16:52:42.589"", ""session_id"": 85, ""resource_type"": ""OBJECT"", ""mode"": ""IX""}",OBJECT,IX,UNKNOWN
lock_acquired,2026-09-18 16:52:42.589,81,0,0,0,"{""event_name"": ""lock_acquired"", ""timestamp"": ""2026-09-18 16:52:42.589"", ""session_id"": 81, ""resource_type"": ""KEY"", ""mode"": ""X""}",KEY,X,UNKNOWN
lock_acquired,2026-09-18 16:52:42.589,76,0,0,0,"{""event_name"": ""lock_acquired"", ""timestamp"": ""2026-09-18 16:52:42.589"", ""session_id"": 76, ""resource_type"": ""OBJECT"", ""mode"": ""IS""}",OBJECT,IS,UNKNOWN
lock_acquired,2026-09-18 16:52:42.589,85,0,0,0,"{""event_name"": ""lock_acquired"", ""timestamp"": ""2026-09-18 16:52:42.589"", ""session_id"": 85, ""resource_type"": ""OBJECT"", ""mode"": ""IS""}",OBJECT,IS,UNKNOWN
lock_released,2026-09-18 16:52:42.589,77,0,0,0,"{""event_name"": ""lock_released"", ""timestamp"": ""2026-09-18 16:52:42.589"", ""session_id"": 77, ""resource_type"": ""KEY"", ""mode"": ""X""}",KEY,X,UNKNOWN
lock_released,2026-09-18 16:52:42.589,79,0,0,0,"{""event_name"": ""lock_released"", ""timestamp"": ""2026-09-18 16:52:42.589"", ""session_id"": 79, ""resource_type"": ""KEY"", ""mode"": ""X""}",KEY,X,UNKNOWN
lock_released,2026-09-18 16:52:42.589,85,0,0,0,"{""event_name"": ""lock_released"", ""timestamp"": ""2026-09-18 16:52:42.589"", ""session_id"": 85, ""resource_type"": ""OBJECT"", ""mode"": ""Sch-S""}",OBJECT,Sch-S,UNKNOWN
lock_released,2026-09-18 16:52:42.589,77,0,0,0,"{""event_name"": ""lock_released"", ""timestamp"": ""2026-09-18 16:52:42.589"", ""session_id"": 77, ""resource_type"": ""PAGE"", ""mode"": ""IU""}",PAGE,IU,UNKNOWN
lock_released,2026-09-18 16:52:42.589,77,0,0,0,"{""event_name"": ""lock_released"", ""timestamp"": ""2026-09-18 16:52:42.589"", ""session_id"": 77, ""resource_type"": ""PAGE"", ""mode"": ""IX""}",PAGE,IX,UNKNOWN
lock_released,2026-09-18 16:52:42.589,85,0,0,0,"{""event_name"": ""lock_released"", ""timestamp"": ""2026-09-18 16:52:42.589"", ""session_id"": 85, ""resource_type"": ""METADATA"", ""mode"": ""Sch-S""}",METADATA,Sch-S,UNKNOWN
lock_released,2026-09-18 16:52:42.589,82,0,0,0,"{""event_name"": ""lock_released"", ""timestamp"": ""2026-09-18 16:52:42.589"", ""session_id"": 82, ""resource_type"": ""OBJECT"", ""mode"": ""IX""}",OBJECT,IX,UNKNOWN
lock_released,2026-09-18 16:52:42.589,78,0,0,0,"{""event_name"": ""lock_released"", ""timestamp"": ""2026-09-18 16:52:42.589"", ""session_id"": 78, ""resource_type"": ""OBJECT"", ""mode"": ""IX""}",OBJECT,IX,UNKNOWN
lock_released,2026-09-18 16:52:42.589,80,0,0,0,"{""event_name"": ""lock_released"", ""timestamp"": ""2026-09-18 16:52:42.589"", ""session_id"": 80, ""resource_type"": ""OBJECT"", ""mode"": ""IS""}",OBJECT,IS,UNKNOWN
lock_released,2026-09-18 16:52:42.589,80,0,0,0,"{""event_name"": ""lock_released"", ""timestamp"": ""2026-09-18 16:52:42.589"", ""session_id"": 80, ""resource_type"": ""OBJECT"", ""mode"": ""IX""}",OBJECT,IX,UNKNOWN
lock_released,2026-09-18 16:52:42.589,81,0,0,0,"{""event_name"": ""lock_released"", ""timestamp"": ""2026-09-18 16:52:42.589"", ""session_id"": 81, ""resource_type"": ""OBJECT"", ""mode"": ""IS""}",OBJECT,IS,UNKNOWN
lock_released,2026-09-18 16:52:42.589,78,0,0,0,"{""event_name"": ""lock_released"", ""timestamp"": ""2026-09-18 16:52:42.589"", ""session_id"": 78, ""resource_type"": ""OBJECT"", ""mode"": ""IS""}",OBJECT,IS,UNKNOWN
lock_released,2026-09-18 16:52:42.589,82,0,0,0,"{""event_name"": ""lock_released"", ""timestamp"": ""2026-09-18 16:52:42.589"", ""session_id"": 82, ""resource_type"": ""OBJECT"", ""mode"": ""IS""}",OBJECT,IS,UNKNOWN
lock_released,2026-09-18 16:52:42.589,81,0,0,0,"{""event_name"": ""lock_released"", ""timestamp"": ""2026-09-18 16:52:42.589"", ""session_id"": 81, ""resource_type"": ""PAGE"", ""mode"": ""S""}",PAGE,S,UNKNOWN
login,2026-09-18 16:52:47.624,65,NT AUTHORITY\SYSTEM,SQLServerCEIP,SteelNort,"{""event_name"": ""login"", ""timestamp"": ""2026-09-18 16:52:47.624"", ""session_id"": 65, ""login_name"": ""NT AUTHORITY\\SYSTEM"", ""program_name"": ""SQLServerCEIP"", ""database_name"": ""SteelNort""}",0,0,UNKNOWN
lock_acquired,2026-09-18 16:52:47.624,84,0,0,0,"{""event_name"": ""lock_acquired"", ""timestamp"": ""2026-09-18 16:52:47.624"", ""session_id"": 84, ""resource_type"": ""PAGE"", ""mode"": ""S""}",PAGE,S,UNKNOWN
lock_acquired,2026-09-18 16:52:47.624,82,0,0,0,"{""event_name"": ""lock_acquired"", ""timestamp"": ""2026-09-18 16:52:47.624"", ""session_id"": 82, ""resource_type"": ""OBJECT"", ""mode"": ""IX""}",OBJECT,IX,UNKNOWN
lock_acquired,2026-09-18 16:52:47.624,78,0,0,0,"{""event_name"": ""lock_acquired"", ""timestamp"": ""2026-09-18 16:52:47.624"", ""session_id"": 78, ""resource_type"": ""OBJECT"", ""mode"": ""IX""}",OBJECT,IX,UNKNOWN
lock_acquired,2026-09-18 16:52:47.624,82,0,0,0,"{""event_name"": ""lock_acquired"", ""timestamp"": ""2026-09-18 16:52:47.624"", ""session_id"": 82, ""resource_type"": ""PAGE"", ""mode"": ""S""}",PAGE,S,UNKNOWN
lock_acquired,2026-09-18 16:52:47.624,83,0,0,0,"{""event_name"": ""lock_acquired"", ""timestamp"": ""2026-09-18 16:52:47.624"", ""session_id"": 83, ""resource_type"": ""PAGE"", ""mode"": ""S""}",PAGE,S,UNKNOWN
lock_acquired,2026-09-18 16:52:47.624,76,0,0,0,"{""event_name"": ""lock_acquired"", ""timestamp"": ""2026-09-18 16:52:47.624"", ""session_id"": 76, ""resource_type"": ""PAGE"", ""mode"": ""S""}",PAGE,S,UNKNOWN
lock_acquired,2026-09-18 16:52:47.624,78,0,0,0,"{""event_name"": ""lock_acquired"", ""timestamp"": ""2026-09-18 16:52:47.624"", ""session_id"": 78, ""resource_type"": ""OBJECT"", ""mode"": ""IS""}",OBJECT,IS,UNKNOWN
lock_acquired,2026-09-18 16:52:47.624,79,0,0,0,"{""event_name"": ""lock_acquired"", ""timestamp"": ""2026-09-18 16:52:47.624"", ""session_id"": 79, ""resource_type"": ""OBJECT"", ""mode"": ""IX""}",OBJECT,IX,UNKNOWN
lock_acquired,2026-09-18 16:52:47.624,82,0,0,0,"{""event_name"": ""lock_acquired"", ""timestamp"": ""2026-09-18 16:52:47.624"", ""session_id"": 82, ""resource_type"": ""OBJECT"", ""mode"": ""IS""}",OBJECT,IS,UNKNOWN
lock_acquired,2026-09-18 16:52:47.624,85,0,0,0,"{""event_name"": ""lock_acquired"", ""timestamp"": ""2026-09-18 16:52:47.624"", ""session_id"": 85, ""resource_type"": ""KEY"", ""mode"": ""X""}",KEY,X,UNKNOWN
lock_acquired,2026-09-18 16:52:47.624,79,0,0,0,"{""event_name"": ""lock_acquired"", ""timestamp"": ""2026-09-18 16:52:47.624"", ""session_id"": 79, ""resource_type"": ""OBJECT"", ""mode"": ""IS""}",OBJECT,IS,UNKNOWN
lock_released,2026-09-18 16:52:47.624,82,0,0,0,"{""event_name"": ""lock_released"", ""timestamp"": ""2026-09-18 16:52:47.624"", ""session_id"": 82, ""resource_type"": ""OBJECT"", ""mode"": ""Sch-S""}",OBJECT,Sch-S,UNKNOWN
lock_released,2026-09-18 16:52:47.624,77,0,0,0,"{""event_name"": ""lock_released"", ""timestamp"": ""2026-09-18 16:52:47.624"", ""session_id"": 77, ""resource_type"": ""OBJECT"", ""mode"": ""IX""}",OBJECT,IX,UNKNOWN
lock_released,2026-09-18 16:52:47.624,77,0,0,0,"{""event_name"": ""lock_released"", ""timestamp"": ""2026-09-18 16:52:47.624"", ""session_id"": 77, ""resource_type"": ""OBJECT"", ""mode"": ""IS""}",OBJECT,IS,UNKNOWN
lock_released,2026-09-18 16:52:47.624,82,0,0,0,"{""event_name"": ""lock_released"", ""timestamp"": ""2026-09-18 16:52:47.624"", ""session_id"": 82, ""resource_type"": ""METADATA"", ""mode"": ""Sch-S""}",METADATA,Sch-S,UNKNOWN
lock_released,2026-09-18 16:52:47.624,77,0,0,0,"{""event_name"": ""lock_released"", ""timestamp"": ""2026-09-18 16:52:47.624"", ""session_id"": 77, ""resource_type"": ""PAGE"", ""mode"": ""S""}",PAGE,S,UNKNOWN
lock_released,2026-09-18 16:52:47.624,85,0,0,0,"{""event_name"": ""lock_released"", ""timestamp"": ""2026-09-18 16:52:47.624"", ""session_id"": 85, ""resource_type"": ""OBJECT"", ""mode"": ""IX""}",OBJECT,IX,UNKNOWN
lock_released,2026-09-18 16:52:47.624,85,0,0,0,"{""event_name"": ""lock_released"", ""timestamp"": ""2026-09-18 16:52:47.624"", ""session_id"": 85, ""resource_type"": ""OBJECT"", ""mode"": ""IS""}",OBJECT,IS,UNKNOWN
logout,2026-09-18 16:52:52.661,86,0,0,0,"{""event_name"": ""logout"", ""timestamp"": ""2026-09-18 16:52:52.661"", ""session_id"": 86}",0,0,UNKNOWN
logout,2026-09-18 16:52:52.661,87,0,0,0,"{""event_name"": ""logout"", ""timestamp"": ""2026-09-18 16:52:52.661"", ""session_id"": 87}",0,0,UNKNOWN
logout,2026-09-18 16:52:52.661,88,0,0,0,"{""event_name"": ""logout"", ""timestamp"": ""2026-09-18 16:52:52.661"", ""session_id"": 88}",0,0,UNKNOWN
logout,2026-09-18 16:52:52.661,89,0,0,0,"{""event_name"": ""logout"", ""timestamp"": ""2026-09-18 16:52:52.661"", ""session_id"": 89}",0,0,UNKNOWN
logout,2026-09-18 16:52:52.661,91,0,0,0,"{""event_name"": ""logout"", ""timestamp"": ""2026-09-18 16:52:52.661"", ""session_id"": 91}",0,0,UNKNOWN
logout,2026-09-18 16:52:52.661,92,0,0,0,"{""event_name"": ""logout"", ""timestamp"": ""2026-09-18 16:52:52.661"", ""session_id"": 92}",0,0,UNKNOWN
lock_acquired,2026-09-18 16:52:52.661,80,0,0,0,"{""event_name"": ""lock_acquired"", ""timestamp"": ""2026-09-18 16:52:52.661"", ""session_id"": 80, ""resource_type"": ""PAGE"", ""mode"": ""IX""}",PAGE,IX,UNKNOWN
lock_acquired,2026-09-18 16:52:52.661,77,0,0,0,"{""event_name"": ""lock_acquired"", ""timestamp"": ""2026-09-18 16:52:52.661"", ""session_id"": 77, ""resource_type"": ""OBJECT"", ""mode"": ""IS""}",OBJECT,IS,UNKNOWN
lock_acquired,2026-09-18 16:52:52.661,77,0,0,0,"{""event_name"": ""lock_acquired"", ""timestamp"": ""2026-09-18 16:52:52.661"", ""session_id"": 77, ""resource_type"": ""OBJECT"", ""mode"": ""IX""}",OBJECT,IX,UNKNOWN
lock_acquired,2026-09-18 16:52:52.661,80,0,0,0,"{""event_name"": ""lock_acquired"", ""timestamp"": ""2026-09-18 16:52:52.661"", ""session_id"": 80, ""resource_type"": ""OBJECT"", ""mode"": ""IX""}",OBJECT,IX,UNKNOWN
lock_acquired,2026-09-18 16:52:52.661,80,0,0,0,"{""event_name"": ""lock_acquired"", ""timestamp"": ""2026-09-18 16:52:52.661"", ""session_id"": 80, ""resource_type"": ""PAGE"", ""mode"": ""IU""}",PAGE,IU,UNKNOWN
lock_acquired,2026-09-18 16:52:52.661,81,0,0,0,"{""event_name"": ""lock_acquired"", ""timestamp"": ""2026-09-18 16:52:52.661"", ""session_id"": 81, ""resource_type"": ""OBJECT"", ""mode"": ""IS""}",OBJECT,IS,UNKNOWN
lock_acquired,2026-09-18 16:52:52.661,85,0,0,0,"{""event_name"": ""lock_acquired"", ""timestamp"": ""2026-09-18 16:52:52.661"", ""session_id"": 85, ""resource_type"": ""OBJECT"", ""mode"": ""IX""}",OBJECT,IX,UNKNOWN
lock_acquired,2026-09-18 16:52:52.661,81,0,0,0,"{""event_name"": ""lock_acquired"", ""timestamp"": ""2026-09-18 16:52:52.661"", ""session_id"": 81, ""resource_type"": ""PAGE"", ""mode"": ""S""}",PAGE,S,UNKNOWN
lock_acquired,2026-09-18 16:52:52.661,85,0,0,0,"{""event_name"": ""lock_acquired"", ""timestamp"": ""2026-09-18 16:52:52.661"", ""session_id"": 85, ""resource_type"": ""OBJECT"", ""mode"": ""IS""}",OBJECT,IS,UNKNOWN
lock_released,2026-09-18 16:52:52.661,84,0,0,0,"{""event_name"": ""lock_released"", ""timestamp"": ""2026-09-18 16:52:52.661"", ""session_id"": 84, ""resource_type"": ""PAGE"", ""mode"": ""S""}",PAGE,S,UNKNOWN
lock_released,2026-09-18 16:52:52.661,81,0,0,0,"{""event_name"": ""lock_released"", ""timestamp"": ""2026-09-18 16:52:52.661"", ""session_id"": 81, ""resource_type"": ""PAGE"", ""mode"": ""IX""}",PAGE,IX,UNKNOWN
lock_released,2026-09-18 16:52:52.661,80,0,0,0,"{""event_name"": ""lock_released"", ""timestamp"": ""2026-09-18 16:52:52.661"", ""session_id"": 80, ""resource_type"": ""OBJECT"", ""mode"": ""Sch-S""}",OBJECT,Sch-S,UNKNOWN
lock_released,2026-09-18 16:52:52.661,82,0,0,0,"{""event_name"": ""lock_released"", ""timestamp"": ""2026-09-18 16:52:52.661"", ""session_id"": 82, ""resource_type"": ""PAGE"", ""mode"": ""S""}",PAGE,S,UNKNOWN
lock_released,2026-09-18 16:52:52.661,83,0,0,0,"{""event_name"": ""lock_released"", ""timestamp"": ""2026-09-18 16:52:52.661"", ""session_id"": 83, ""resource_type"": ""PAGE"", ""mode"": ""S""}",PAGE,S,UNKNOWN
lock_released,2026-09-18 16:52:52.661,76,0,0,0,"{""event_name"": ""lock_released"", ""timestamp"": ""2026-09-18 16:52:52.661"", ""session_id"": 76, ""resource_type"": ""PAGE"", ""mode"": ""S""}",PAGE,S,UNKNOWN
lock_released,2026-09-18 16:52:52.661,79,0,0,0,"{""event_name"": ""lock_released"", ""timestamp"": ""2026-09-18 16:52:52.661"", ""session_id"": 79, ""resource_type"": ""OBJECT"", ""mode"": ""IX""}",OBJECT,IX,UNKNOWN
lock_released,2026-09-18 16:52:52.661,81,0,0,0,"{""event_name"": ""lock_released"", ""timestamp"": ""2026-09-18 16:52:52.661"", ""session_id"": 81, ""resource_type"": ""KEY"", ""mode"": ""X""}",KEY,X,UNKNOWN
lock_released,2026-09-18 16:52:52.661,85,0,0,0,"{""event_name"": ""lock_released"", ""timestamp"": ""2026-09-18 16:52:52.661"", ""session_id"": 85, ""resource_type"": ""KEY"", ""mode"": ""X""}",KEY,X,UNKNOWN
lock_released,2026-09-18 16:52:52.661,79,0,0,0,"{""event_name"": ""lock_released"", ""timestamp"": ""2026-09-18 16:52:52.661"", ""session_id"": 79, ""resource_type"": ""OBJECT"", ""mode"": ""IS""}",OBJECT,IS,UNKNOWN
lock_acquired,2026-09-18 16:52:57.704,77,0,0,0,"{""event_name"": ""lock_acquired"", ""timestamp"": ""2026-09-18 16:52:57.704"", ""session_id"": 77, ""resource_type"": ""KEY"", ""mode"": ""X""}",KEY,X,UNKNOWN
lock_acquired,2026-09-18 16:52:57.704,78,0,0,0,"{""event_name"": ""lock_acquired"", ""timestamp"": ""2026-09-18 16:52:57.704"", ""session_id"": 78, ""resource_type"": ""PAGE"", ""mode"": ""IU""}",PAGE,IU,UNKNOWN
lock_acquired,2026-09-18 16:52:57.704,82,0,0,0,"{""event_name"": ""lock_acquired"", ""timestamp"": ""2026-09-18 16:52:57.704"", ""session_id"": 82, ""resource_type"": ""PAGE"", ""mode"": ""S""}",PAGE,S,UNKNOWN
lock_acquired,2026-09-18 16:52:57.704,80,0,0,0,"{""event_name"": ""lock_acquired"", ""timestamp"": ""2026-09-18 16:52:57.704"", ""session_id"": 80, ""resource_type"": ""OBJECT"", ""mode"": ""IS""}",OBJECT,IS,UNKNOWN
lock_acquired,2026-09-18 16:52:57.704,79,0,0,0,"{""event_name"": ""lock_acquired"", ""timestamp"": ""2026-09-18 16:52:57.704"", ""session_id"": 79, ""resource_type"": ""OBJECT"", ""mode"": ""IX""}",OBJECT,IX,UNKNOWN
lock_acquired,2026-09-18 16:52:57.704,79,0,0,0,"{""event_name"": ""lock_acquired"", ""timestamp"": ""2026-09-18 16:52:57.704"", ""session_id"": 79, ""resource_type"": ""OBJECT"", ""mode"": ""IS""}",OBJECT,IS,UNKNOWN
lock_released,2026-09-18 16:52:57.704,80,0,0,0,"{""event_name"": ""lock_released"", ""timestamp"": ""2026-09-18 16:52:57.704"", ""session_id"": 80, ""resource_type"": ""PAGE"", ""mode"": ""IX""}",PAGE,IX,UNKNOWN
lock_released,2026-09-18 16:52:57.704,77,0,0,0,"{""event_name"": ""lock_released"", ""timestamp"": ""2026-09-18 16:52:57.704"", ""session_id"": 77, ""resource_type"": ""OBJECT"", ""mode"": ""IS""}",OBJECT,IS,UNKNOWN
lock_released,2026-09-18 16:52:57.704,77,0,0,0,"{""event_name"": ""lock_released"", ""timestamp"": ""2026-09-18 16:52:57.704"", ""session_id"": 77, ""resource_type"": ""OBJECT"", ""mode"": ""IX""}",OBJECT,IX,UNKNOWN
lock_released,2026-09-18 16:52:57.704,80,0,0,0,"{""event_name"": ""lock_released"", ""timestamp"": ""2026-09-18 16:52:57.704"", ""session_id"": 80, ""resource_type"": ""PAGE"", ""mode"": ""IU""}",PAGE,IU,UNKNOWN
lock_released,2026-09-18 16:52:57.704,78,0,0,0,"{""event_name"": ""lock_released"", ""timestamp"": ""2026-09-18 16:52:57.704"", ""session_id"": 78, ""resource_type"": ""OBJECT"", ""mode"": ""IS""}",OBJECT,IS,UNKNOWN
lock_released,2026-09-18 16:52:57.704,81,0,0,0,"{""event_name"": ""lock_released"", ""timestamp"": ""2026-09-18 16:52:57.704"", ""session_id"": 81, ""resource_type"": ""PAGE"", ""mode"": ""S""}",PAGE,S,UNKNOWN
logout,2026-09-18 16:53:02.750,90,0,0,0,"{""event_name"": ""logout"", ""timestamp"": ""2026-09-18 16:53:02.750"", ""session_id"": 90}",0,0,UNKNOWN
logout,2026-09-18 16:53:02.750,93,0,0,0,"{""event_name"": ""logout"", ""timestamp"": ""2026-09-18 16:53:02.750"", ""session_id"": 93}",0,0,UNKNOWN
lock_acquired,2026-09-18 16:53:02.750,77,0,0,0,"{""event_name"": ""lock_acquired"", ""timestamp"": ""2026-09-18 16:53:02.750"", ""session_id"": 77, ""resource_type"": ""OBJECT"", ""mode"": ""IX""}",OBJECT,IX,UNKNOWN
lock_acquired,2026-09-18 16:53:02.750,85,0,0,0,"{""event_name"": ""lock_acquired"", ""timestamp"": ""2026-09-18 16:53:02.750"", ""session_id"": 85, ""resource_type"": ""PAGE"", ""mode"": ""S""}",PAGE,S,UNKNOWN
lock_acquired,2026-09-18 16:53:02.750,76,0,0,0,"{""event_name"": ""lock_acquired"", ""timestamp"": ""2026-09-18 16:53:02.750"", ""session_id"": 76, ""resource_type"": ""PAGE"", ""mode"": ""S""}",PAGE,S,UNKNOWN
lock_acquired,2026-09-18 16:53:02.750,78,0,0,0,"{""event_name"": ""lock_acquired"", ""timestamp"": ""2026-09-18 16:53:02.750"", ""session_id"": 78, ""resource_type"": ""OBJECT"", ""mode"": ""IS""}",OBJECT,IS,UNKNOWN
lock_acquired,2026-09-18 16:53:02.750,77,0,0,0,"{""event_name"": ""lock_acquired"", ""timestamp"": ""2026-09-18 16:53:02.750"", ""session_id"": 77, ""resource_type"": ""PAGE"", ""mode"": ""IX""}",PAGE,IX,UNKNOWN
lock_released,2026-09-18 16:53:02.750,77,0,0,0,"{""event_name"": ""lock_released"", ""timestamp"": ""2026-09-18 16:53:02.750"", ""session_id"": 77, ""resource_type"": ""KEY"", ""mode"": ""X""}",KEY,X,UNKNOWN
lock_released,2026-09-18 16:53:02.750,78,0,0,0,"{""event_name"": ""lock_released"", ""timestamp"": ""2026-09-18 16:53:02.750"", ""session_id"": 78, ""resource_type"": ""PAGE"", ""mode"": ""IU""}",PAGE,IU,UNKNOWN
lock_released,2026-09-18 16:53:02.750,82,0,0,0,"{""event_name"": ""lock_released"", ""timestamp"": ""2026-09-18 16:53:02.750"", ""session_id"": 82, ""resource_type"": ""PAGE"", ""mode"": ""S""}",PAGE,S,UNKNOWN
lock_acquired,2026-09-18 16:53:07.791,78,0,0,0,"{""event_name"": ""lock_acquired"", ""timestamp"": ""2026-09-18 16:53:07.791"", ""session_id"": 78, ""resource_type"": ""PAGE"", ""mode"": ""S""}",PAGE,S,UNKNOWN
lock_acquired,2026-09-18 16:53:07.791,79,0,0,0,"{""event_name"": ""lock_acquired"", ""timestamp"": ""2026-09-18 16:53:07.791"", ""session_id"": 79, ""resource_type"": ""PAGE"", ""mode"": ""IX""}",PAGE,IX,UNKNOWN
lock_acquired,2026-09-18 16:53:07.791,79,0,0,0,"{""event_name"": ""lock_acquired"", ""timestamp"": ""2026-09-18 16:53:07.791"", ""session_id"": 79, ""resource_type"": ""KEY"", ""mode"": ""X""}",KEY,X,UNKNOWN
lock_acquired,2026-09-18 16:53:07.791,82,0,0,0,"{""event_name"": ""lock_acquired"", ""timestamp"": ""2026-09-18 16:53:07.791"", ""session_id"": 82, ""resource_type"": ""KEY"", ""mode"": ""X""}",KEY,X,UNKNOWN
lock_released,2026-09-18 16:53:07.791,77,0,0,0,"{""event_name"": ""lock_released"", ""timestamp"": ""2026-09-18 16:53:07.791"", ""session_id"": 77, ""resource_type"": ""PAGE"", ""mode"": ""IX""}",PAGE,IX,UNKNOWN
lock_released,2026-09-18 16:53:07.791,85,0,0,0,"{""event_name"": ""lock_released"", ""timestamp"": ""2026-09-18 16:53:07.791"", ""session_id"": 85, ""resource_type"": ""PAGE"", ""mode"": ""S""}",PAGE,S,UNKNOWN
lock_released,2026-09-18 16:53:07.791,77,0,0,0,"{""event_name"": ""lock_released"", ""timestamp"": ""2026-09-18 16:53:07.791"", ""session_id"": 77, ""resource_type"": ""OBJECT"", ""mode"": ""IX""}",OBJECT,IX,UNKNOWN
lock_released,2026-09-18 16:53:07.791,81,0,0,0,"{""event_name"": ""lock_released"", ""timestamp"": ""2026-09-18 16:53:07.791"", ""session_id"": 81, ""resource_type"": ""OBJECT"", ""mode"": ""IX""}",OBJECT,IX,UNKNOWN
lock_released,2026-09-18 16:53:07.791,76,0,0,0,"{""event_name"": ""lock_released"", ""timestamp"": ""2026-09-18 16:53:07.791"", ""session_id"": 76, ""resource_type"": ""PAGE"", ""mode"": ""S""}",PAGE,S,UNKNOWN
lock_released,2026-09-18 16:53:07.791,81,0,0,0,"{""event_name"": ""lock_released"", ""timestamp"": ""2026-09-18 16:53:07.791"", ""session_id"": 81, ""resource_type"": ""OBJECT"", ""mode"": ""IS""}",OBJECT,IS,UNKNOWN
lock_released,2026-09-18 16:53:07.791,84,0,0,0,"{""event_name"": ""lock_released"", ""timestamp"": ""2026-09-18 16:53:07.791"", ""session_id"": 84, ""resource_type"": ""OBJECT"", ""mode"": ""IS""}",OBJECT,IS,UNKNOWN
lock_released,2026-09-18 16:53:07.791,84,0,0,0,"{""event_name"": ""lock_released"", ""timestamp"": ""2026-09-18 16:53:07.791"", ""session_id"": 84, ""resource_type"": ""OBJECT"", ""mode"": ""IX""}",OBJECT,IX,UNKNOWN
lock_released,2026-09-18 16:53:07.791,82,0,0,0,"{""event_name"": ""lock_released"", ""timestamp"": ""2026-09-18 16:53:07.791"", ""session_id"": 82, ""resource_type"": ""OBJECT"", ""mode"": ""IS""}",OBJECT,IS,UNKNOWN
lock_released,2026-09-18 16:53:07.791,79,0,0,0,"{""event_name"": ""lock_released"", ""timestamp"": ""2026-09-18 16:53:07.791"", ""session_id"": 79, ""resource_type"": ""OBJECT"", ""mode"": ""IS""}",OBJECT,IS,UNKNOWN
lock_acquired,2026-09-18 16:53:12.826,81,0,0,0,"{""event_name"": ""lock_acquired"", ""timestamp"": ""2026-09-18 16:53:12.826"", ""session_id"": 81, ""resource_type"": ""PAGE"", ""mode"": ""IX""}",PAGE,IX,UNKNOWN
lock_acquired,2026-09-18 16:53:12.826,77,0,0,0,"{""event_name"": ""lock_acquired"", ""timestamp"": ""2026-09-18 16:53:12.826"", ""session_id"": 77, ""resource_type"": ""OBJECT"", ""mode"": ""IS""}",OBJECT,IS,UNKNOWN
lock_acquired,2026-09-18 16:53:12.826,84,0,0,0,"{""event_name"": ""lock_acquired"", ""timestamp"": ""2026-09-18 16:53:12.826"", ""session_id"": 84, ""resource_type"": ""PAGE"", ""mode"": ""IX""}",PAGE,IX,UNKNOWN
lock_acquired,2026-09-18 16:53:12.826,85,0,0,0,"{""event_name"": ""lock_acquired"", ""timestamp"": ""2026-09-18 16:53:12.826"", ""session_id"": 85, ""resource_type"": ""PAGE"", ""mode"": ""S""}",PAGE,S,UNKNOWN
lock_acquired,2026-09-18 16:53:12.826,77,0,0,0,"{""event_name"": ""lock_acquired"", ""timestamp"": ""2026-09-18 16:53:12.826"", ""session_id"": 77, ""resource_type"": ""OBJECT"", ""mode"": ""IX""}",OBJECT,IX,UNKNOWN
lock_acquired,2026-09-18 16:53:12.826,84,0,0,0,"{""event_name"": ""lock_acquired"", ""timestamp"": ""2026-09-18 16:53:12.826"", ""session_id"": 84, ""resource_type"": ""KEY"", ""mode"": ""X""}",KEY,X,UNKNOWN
lock_acquired,2026-09-18 16:53:12.826,81,0,0,0,"{""event_name"": ""lock_acquired"", ""timestamp"": ""2026-09-18 16:53:12.826"", ""session_id"": 81, ""resource_type"": ""OBJECT"", ""mode"": ""IX""}",OBJECT,IX,UNKNOWN
lock_acquired,2026-09-18 16:53:12.826,81,0,0,0,"{""event_name"": ""lock_acquired"", ""timestamp"": ""2026-09-18 16:53:12.826"", ""session_id"": 81, ""resource_type"": ""PAGE"", ""mode"": ""IU""}",PAGE,IU,UNKNOWN
lock_acquired,2026-09-18 16:53:12.826,83,0,0,0,"{""event_name"": ""lock_acquired"", ""timestamp"": ""2026-09-18 16:53:12.826"", ""session_id"": 83, ""resource_type"": ""KEY"", ""mode"": ""X""}",KEY,X,UNKNOWN
lock_acquired,2026-09-18 16:53:12.826,76,0,0,0,"{""event_name"": ""lock_acquired"", ""timestamp"": ""2026-09-18 16:53:12.826"", ""session_id"": 76, ""resource_type"": ""PAGE"", ""mode"": ""S""}",PAGE,S,UNKNOWN
lock_acquired,2026-09-18 16:53:12.826,84,0,0,0,"{""event_name"": ""lock_acquired"", ""timestamp"": ""2026-09-18 16:53:12.826"", ""session_id"": 84, ""resource_type"": ""OBJECT"", ""mode"": ""IX""}",OBJECT,IX,UNKNOWN
lock_acquired,2026-09-18 16:53:12.826,81,0,0,0,"{""event_name"": ""lock_acquired"", ""timestamp"": ""2026-09-18 16:53:12.826"", ""session_id"": 81, ""resource_type"": ""KEY"", ""mode"": ""U""}",KEY,U,UNKNOWN
lock_acquired,2026-09-18 16:53:12.826,81,0,0,0,"{""event_name"": ""lock_acquired"", ""timestamp"": ""2026-09-18 16:53:12.826"", ""session_id"": 81, ""resource_type"": ""KEY"", ""mode"": ""X""}",KEY,X,UNKNOWN
lock_acquired,2026-09-18 16:53:12.826,82,0,0,0,"{""event_name"": ""lock_acquired"", ""timestamp"": ""2026-09-18 16:53:12.826"", ""session_id"": 82, ""resource_type"": ""PAGE"", ""mode"": ""IX""}",PAGE,IX,UNKNOWN
lock_acquired,2026-09-18 16:53:12.826,83,0,0,0,"{""event_name"": ""lock_acquired"", ""timestamp"": ""2026-09-18 16:53:12.826"", ""session_id"": 83, ""resource_type"": ""PAGE"", ""mode"": ""IX""}",PAGE,IX,UNKNOWN
lock_acquired,2026-09-18 16:53:12.826,79,0,0,0,"{""event_name"": ""lock_acquired"", ""timestamp"": ""2026-09-18 16:53:12.826"", ""session_id"": 79, ""resource_type"": ""OBJECT"", ""mode"": ""IS""}",OBJECT,IS,UNKNOWN
lock_released,2026-09-18 16:53:12.826,79,0,0,0,"{""event_name"": ""lock_released"", ""timestamp"": ""2026-09-18 16:53:12.826"", ""session_id"": 79, ""resource_type"": ""PAGE"", ""mode"": ""IX""}",PAGE,IX,UNKNOWN
lock_released,2026-09-18 16:53:12.826,83,0,0,0,"{""event_name"": ""lock_released"", ""timestamp"": ""2026-09-18 16:53:12.826"", ""session_id"": 83, ""resource_type"": ""OBJECT"", ""mode"": ""IS""}",OBJECT,IS,UNKNOWN
lock_released,2026-09-18 16:53:12.826,79,0,0,0,"{""event_name"": ""lock_released"", ""timestamp"": ""2026-09-18 16:53:12.826"", ""session_id"": 79, ""resource_type"": ""KEY"", ""mode"": ""X""}",KEY,X,UNKNOWN
lock_released,2026-09-18 16:53:12.826,82,0,0,0,"{""event_name"": ""lock_released"", ""timestamp"": ""2026-09-18 16:53:12.826"", ""session_id"": 82, ""resource_type"": ""KEY"", ""mode"": ""X""}",KEY,X,UNKNOWN
lock_acquired,2026-09-18 16:53:17.850,85,0,0,0,"{""event_name"": ""lock_acquired"", ""timestamp"": ""2026-09-18 16:53:17.850"", ""session_id"": 85, ""resource_type"": ""OBJECT"", ""mode"": ""Sch-S""}",OBJECT,Sch-S,UNKNOWN
lock_acquired,2026-09-18 16:53:17.850,84,0,0,0,"{""event_name"": ""lock_acquired"", ""timestamp"": ""2026-09-18 16:53:17.850"", ""session_id"": 84, ""resource_type"": ""KEY"", ""mode"": ""S""}",KEY,S,UNKNOWN
lock_acquired,2026-09-18 16:53:17.850,83,0,0,0,"{""event_name"": ""lock_acquired"", ""timestamp"": ""2026-09-18 16:53:17.850"", ""session_id"": 83, ""resource_type"": ""OBJECT"", ""mode"": ""IS""}",OBJECT,IS,UNKNOWN
lock_acquired,2026-09-18 16:53:17.850,85,0,0,0,"{""event_name"": ""lock_acquired"", ""timestamp"": ""2026-09-18 16:53:17.850"", ""session_id"": 85, ""resource_type"": ""METADATA"", ""mode"": ""Sch-S""}",METADATA,Sch-S,UNKNOWN
lock_acquired,2026-09-18 16:53:17.850,84,0,0,0,"{""event_name"": ""lock_acquired"", ""timestamp"": ""2026-09-18 16:53:17.850"", ""session_id"": 84, ""resource_type"": ""PAGE"", ""mode"": ""IS""}",PAGE,IS,UNKNOWN
lock_acquired,2026-09-18 16:53:17.850,83,0,0,0,"{""event_name"": ""lock_acquired"", ""timestamp"": ""2026-09-18 16:53:17.850"", ""session_id"": 83, ""resource_type"": ""PAGE"", ""mode"": ""S""}",PAGE,S,UNKNOWN
lock_acquired,2026-09-18 16:53:17.850,84,0,0,0,"{""event_name"": ""lock_acquired"", ""timestamp"": ""2026-09-18 16:53:17.850"", ""session_id"": 84, ""resource_type"": ""OBJECT"", ""mode"": ""IS""}",OBJECT,IS,UNKNOWN
lock_acquired,2026-09-18 16:53:17.850,82,0,0,0,"{""event_name"": ""lock_acquired"", ""timestamp"": ""2026-09-18 16:53:17.850"", ""session_id"": 82, ""resource_type"": ""OBJECT"", ""mode"": ""IS""}",OBJECT,IS,UNKNOWN
lock_acquired,2026-09-18 16:53:17.850,81,0,0,0,"{""event_name"": ""lock_acquired"", ""timestamp"": ""2026-09-18 16:53:17.850"", ""session_id"": 81, ""resource_type"": ""OBJECT"", ""mode"": ""Sch-S""}",OBJECT,Sch-S,UNKNOWN
lock_acquired,2026-09-18 16:53:17.850,81,0,0,0,"{""event_name"": ""lock_acquired"", ""timestamp"": ""2026-09-18 16:53:17.850"", ""session_id"": 81, ""resource_type"": ""METADATA"", ""mode"": ""Sch-S""}",METADATA,Sch-S,UNKNOWN
lock_released,2026-09-18 16:53:17.850,84,0,0,0,"{""event_name"": ""lock_released"", ""timestamp"": ""2026-09-18 16:53:17.850"", ""session_id"": 84, ""resource_type"": ""PAGE"", ""mode"": ""IX""}",PAGE,IX,UNKNOWN
lock_released,2026-09-18 16:53:17.850,76,0,0,0,"{""event_name"": ""lock_released"", ""timestamp"": ""2026-09-18 16:53:17.850"", ""session_id"": 76, ""resource_type"": ""PAGE"", ""mode"": ""S""}",PAGE,S,UNKNOWN
lock_released,2026-09-18 16:53:17.850,77,0,0,0,"{""event_name"": ""lock_released"", ""timestamp"": ""2026-09-18 16:53:17.850"", ""session_id"": 77, ""resource_type"": ""OBJECT"", ""mode"": ""IS""}",OBJECT,IS,UNKNOWN
lock_released,2026-09-18 16:53:17.850,81,0,0,0,"{""event_name"": ""lock_released"", ""timestamp"": ""2026-09-18 16:53:17.850"", ""session_id"": 81, ""resource_type"": ""PAGE"", ""mode"": ""IU""}",PAGE,IU,UNKNOWN
lock_released,2026-09-18 16:53:17.850,83,0,0,0,"{""event_name"": ""lock_released"", ""timestamp"": ""2026-09-18 16:53:17.850"", ""session_id"": 83, ""resource_type"": ""KEY"", ""mode"": ""X""}",KEY,X,UNKNOWN
lock_released,2026-09-18 16:53:17.850,78,0,0,0,"{""event_name"": ""lock_released"", ""timestamp"": ""2026-09-18 16:53:17.850"", ""session_id"": 78, ""resource_type"": ""OBJECT"", ""mode"": ""IS""}",OBJECT,IS,UNKNOWN
lock_released,2026-09-18 16:53:17.850,85,0,0,0,"{""event_name"": ""lock_released"", ""timestamp"": ""2026-09-18 16:53:17.850"", ""session_id"": 85, ""resource_type"": ""OBJECT"", ""mode"": ""IX""}",OBJECT,IX,UNKNOWN
lock_released,2026-09-18 16:53:17.850,83,0,0,0,"{""event_name"": ""lock_released"", ""timestamp"": ""2026-09-18 16:53:17.850"", ""session_id"": 83, ""resource_type"": ""PAGE"", ""mode"": ""IX""}",PAGE,IX,UNKNOWN
lock_released,2026-09-18 16:53:17.850,85,0,0,0,"{""event_name"": ""lock_released"", ""timestamp"": ""2026-09-18 16:53:17.850"", ""session_id"": 85, ""resource_type"": ""PAGE"", ""mode"": ""S""}",PAGE,S,UNKNOWN
lock_released,2026-09-18 16:53:17.850,81,0,0,0,"{""event_name"": ""lock_released"", ""timestamp"": ""2026-09-18 16:53:17.850"", ""session_id"": 81, ""resource_type"": ""OBJECT"", ""mode"": ""IX""}",OBJECT,IX,UNKNOWN
lock_released,2026-09-18 16:53:17.850,81,0,0,0,"{""event_name"": ""lock_released"", ""timestamp"": ""2026-09-18 16:53:17.850"", ""session_id"": 81, ""resource_type"": ""KEY"", ""mode"": ""X""}",KEY,X,UNKNOWN
lock_released,2026-09-18 16:53:17.850,82,0,0,0,"{""event_name"": ""lock_released"", ""timestamp"": ""2026-09-18 16:53:17.850"", ""session_id"": 82, ""resource_type"": ""PAGE"", ""mode"": ""IX""}",PAGE,IX,UNKNOWN
lock_released,2026-09-18 16:53:17.850,81,0,0,0,"{""event_name"": ""lock_released"", ""timestamp"": ""2026-09-18 16:53:17.850"", ""session_id"": 81, ""resource_type"": ""PAGE"", ""mode"": ""IX""}",PAGE,IX,UNKNOWN
lock_released,2026-09-18 16:53:17.850,77,0,0,0,"{""event_name"": ""lock_released"", ""timestamp"": ""2026-09-18 16:53:17.850"", ""session_id"": 77, ""resource_type"": ""OBJECT"", ""mode"": ""IX""}",OBJECT,IX,UNKNOWN
lock_released,2026-09-18 16:53:17.850,78,0,0,0,"{""event_name"": ""lock_released"", ""timestamp"": ""2026-09-18 16:53:17.850"", ""session_id"": 78, ""resource_type"": ""OBJECT"", ""mode"": ""IX""}",OBJECT,IX,UNKNOWN
lock_released,2026-09-18 16:53:17.850,84,0,0,0,"{""event_name"": ""lock_released"", ""timestamp"": ""2026-09-18 16:53:17.850"", ""session_id"": 84, ""resource_type"": ""OBJECT"", ""mode"": ""IX""}",OBJECT,IX,UNKNOWN
lock_released,2026-09-18 16:53:17.850,81,0,0,0,"{""event_name"": ""lock_released"", ""timestamp"": ""2026-09-18 16:53:17.850"", ""session_id"": 81, ""resource_type"": ""KEY"", ""mode"": ""U""}",KEY,U,UNKNOWN
lock_released,2026-09-18 16:53:17.850,84,0,0,0,"{""event_name"": ""lock_released"", ""timestamp"": ""2026-09-18 16:53:17.850"", ""session_id"": 84, ""resource_type"": ""KEY"", ""mode"": ""X""}",KEY,X,UNKNOWN
lock_released,2026-09-18 16:53:17.850,78,0,0,0,"{""event_name"": ""lock_released"", ""timestamp"": ""2026-09-18 16:53:17.850"", ""session_id"": 78, ""resource_type"": ""PAGE"", ""mode"": ""S""}",PAGE,S,UNKNOWN
lock_released,2026-09-18 16:53:17.850,85,0,0,0,"{""event_name"": ""lock_released"", ""timestamp"": ""2026-09-18 16:53:17.850"", ""session_id"": 85, ""resource_type"": ""OBJECT"", ""mode"": ""IS""}",OBJECT,IS,UNKNOWN
lock_acquired,2026-09-18 16:53:22.876,78,0,0,0,"{""event_name"": ""lock_acquired"", ""timestamp"": ""2026-09-18 16:53:22.876"", ""session_id"": 78, ""resource_type"": ""METADATA"", ""mode"": ""Sch-S""}",METADATA,Sch-S,UNKNOWN
lock_acquired,2026-09-18 16:53:22.876,77,0,0,0,"{""event_name"": ""lock_acquired"", ""timestamp"": ""2026-09-18 16:53:22.876"", ""session_id"": 77, ""resource_type"": ""OBJECT"", ""mode"": ""IS""}",OBJECT,IS,UNKNOWN
lock_acquired,2026-09-18 16:53:22.876,77,0,0,0,"{""event_name"": ""lock_acquired"", ""timestamp"": ""2026-09-18 16:53:22.876"", ""session_id"": 77, ""resource_type"": ""OBJECT"", ""mode"": ""IX""}",OBJECT,IX,UNKNOWN
lock_acquired,2026-09-18 16:53:22.876,81,0,0,0,"{""event_name"": ""lock_acquired"", ""timestamp"": ""2026-09-18 16:53:22.876"", ""session_id"": 81, ""resource_type"": ""OBJECT"", ""mode"": ""IX""}",OBJECT,IX,UNKNOWN
lock_acquired,2026-09-18 16:53:22.876,82,0,0,0,"{""event_name"": ""lock_acquired"", ""timestamp"": ""2026-09-18 16:53:22.876"", ""session_id"": 82, ""resource_type"": ""PAGE"", ""mode"": ""S""}",PAGE,S,UNKNOWN
lock_acquired,2026-09-18 16:53:22.876,81,0,0,0,"{""event_name"": ""lock_acquired"", ""timestamp"": ""2026-09-18 16:53:22.876"", ""session_id"": 81, ""resource_type"": ""OBJECT"", ""mode"": ""IS""}",OBJECT,IS,UNKNOWN
lock_acquired,2026-09-18 16:53:22.876,78,0,0,0,"{""event_name"": ""lock_acquired"", ""timestamp"": ""2026-09-18 16:53:22.876"", ""session_id"": 78, ""resource_type"": ""OBJECT"", ""mode"": ""IS""}",OBJECT,IS,UNKNOWN
lock_acquired,2026-09-18 16:53:22.876,85,0,0,0,"{""event_name"": ""lock_acquired"", ""timestamp"": ""2026-09-18 16:53:22.876"", ""session_id"": 85, ""resource_type"": ""OBJECT"", ""mode"": ""IX""}",OBJECT,IX,UNKNOWN
lock_acquired,2026-09-18 16:53:22.876,78,0,0,0,"{""event_name"": ""lock_acquired"", ""timestamp"": ""2026-09-18 16:53:22.876"", ""session_id"": 78, ""resource_type"": ""OBJECT"", ""mode"": ""Sch-S""}",OBJECT,Sch-S,UNKNOWN
lock_acquired,2026-09-18 16:53:22.876,85,0,0,0,"{""event_name"": ""lock_acquired"", ""timestamp"": ""2026-09-18 16:53:22.876"", ""session_id"": 85, ""resource_type"": ""OBJECT"", ""mode"": ""IS""}",OBJECT,IS,UNKNOWN
lock_released,2026-09-18 16:53:22.876,85,0,0,0,"{""event_name"": ""lock_released"", ""timestamp"": ""2026-09-18 16:53:22.876"", ""session_id"": 85, ""resource_type"": ""OBJECT"", ""mode"": ""Sch-S""}",OBJECT,Sch-S,UNKNOWN
lock_released,2026-09-18 16:53:22.876,84,0,0,0,"{""event_name"": ""lock_released"", ""timestamp"": ""2026-09-18 16:53:22.876"", ""session_id"": 84, ""resource_type"": ""KEY"", ""mode"": ""S""}",KEY,S,UNKNOWN
lock_released,2026-09-18 16:53:22.876,85,0,0,0,"{""event_name"": ""lock_released"", ""timestamp"": ""2026-09-18 16:53:22.876"", ""session_id"": 85, ""resource_type"": ""METADATA"", ""mode"": ""Sch-S""}",METADATA,Sch-S,UNKNOWN
lock_released,2026-09-18 16:53:22.876,84,0,0,0,"{""event_name"": ""lock_released"", ""timestamp"": ""2026-09-18 16:53:22.876"", ""session_id"": 84, ""resource_type"": ""PAGE"", ""mode"": ""IS""}",PAGE,IS,UNKNOWN
lock_released,2026-09-18 16:53:22.876,80,0,0,0,"{""event_name"": ""lock_released"", ""timestamp"": ""2026-09-18 16:53:22.876"", ""session_id"": 80, ""resource_type"": ""OBJECT"", ""mode"": ""IS""}",OBJECT,IS,UNKNOWN
lock_released,2026-09-18 16:53:22.876,80,0,0,0,"{""event_name"": ""lock_released"", ""timestamp"": ""2026-09-18 16:53:22.876"", ""session_id"": 80, ""resource_type"": ""OBJECT"", ""mode"": ""IX""}",OBJECT,IX,UNKNOWN
lock_released,2026-09-18 16:53:22.876,83,0,0,0,"{""event_name"": ""lock_released"", ""timestamp"": ""2026-09-18 16:53:22.876"", ""session_id"": 83, ""resource_type"": ""PAGE"", ""mode"": ""S""}",PAGE,S,UNKNOWN
lock_released,2026-09-18 16:53:22.876,84,0,0,0,"{""event_name"": ""lock_released"", ""timestamp"": ""2026-09-18 16:53:22.876"", ""session_id"": 84, ""resource_type"": ""OBJECT"", ""mode"": ""IS""}",OBJECT,IS,UNKNOWN
lock_released,2026-09-18 16:53:22.876,81,0,0,0,"{""event_name"": ""lock_released"", ""timestamp"": ""2026-09-18 16:53:22.876"", ""session_id"": 81, ""resource_type"": ""OBJECT"", ""mode"": ""Sch-S""}",OBJECT,Sch-S,UNKNOWN
lock_released,2026-09-18 16:53:22.876,81,0,0,0,"{""event_name"": ""lock_released"", ""timestamp"": ""2026-09-18 16:53:22.876"", ""session_id"": 81, ""resource_type"": ""METADATA"", ""mode"": ""Sch-S""}",METADATA,Sch-S,UNKNOWN
login,2026-09-18 16:53:27.906,68,795ec2146175\Administrator,Microsoft SQL Server,SteelNort,"{""event_name"": ""login"", ""timestamp"": ""2026-09-18 16:53:27.906"", ""session_id"": 68, ""login_name"": ""795ec2146175\\Administrator"", ""program_name"": ""Microsoft SQL Server"", ""database_name"": ""SteelNort""}",0,0,UNKNOWN
lock_acquired,2026-09-18 16:53:27.906,80,0,0,0,"{""event_name"": ""lock_acquired"", ""timestamp"": ""2026-09-18 16:53:27.906"", ""session_id"": 80, ""resource_type"": ""PAGE"", ""mode"": ""IS""}",PAGE,IS,UNKNOWN
lock_acquired,2026-09-18 16:53:27.906,78,0,0,0,"{""event_name"": ""lock_acquired"", ""timestamp"": ""2026-09-18 16:53:27.906"", ""session_id"": 78, ""resource_type"": ""OBJECT"", ""mode"": ""IX""}",OBJECT,IX,UNKNOWN
lock_acquired,2026-09-18 16:53:27.906,80,0,0,0,"{""event_name"": ""lock_acquired"", ""timestamp"": ""2026-09-18 16:53:27.906"", ""session_id"": 80, ""resource_type"": ""OBJECT"", ""mode"": ""Sch-S""}",OBJECT,Sch-S,UNKNOWN
lock_released,2026-09-18 16:53:27.906,78,0,0,0,"{""event_name"": ""lock_released"", ""timestamp"": ""2026-09-18 16:53:27.906"", ""session_id"": 78, ""resource_type"": ""METADATA"", ""mode"": ""Sch-S""}",METADATA,Sch-S,UNKNOWN
lock_released,2026-09-18 16:53:27.906,82,0,0,0,"{""event_name"": ""lock_released"", ""timestamp"": ""2026-09-18 16:53:27.906"", ""session_id"": 82, ""resource_type"": ""OBJECT"", ""mode"": ""IX""}",OBJECT,IX,UNKNOWN
lock_released,2026-09-18 16:53:27.906,82,0,0,0,"{""event_name"": ""lock_released"", ""timestamp"": ""2026-09-18 16:53:27.906"", ""session_id"": 82, ""resource_type"": ""PAGE"", ""mode"": ""S""}",PAGE,S,UNKNOWN
lock_released,2026-09-18 16:53:27.906,78,0,0,0,"{""event_name"": ""lock_released"", ""timestamp"": ""2026-09-18 16:53:27.906"", ""session_id"": 78, ""resource_type"": ""OBJECT"", ""mode"": ""Sch-S""}",OBJECT,Sch-S,UNKNOWN
lock_released,2026-09-18 16:53:27.906,76,0,0,0,"{""event_name"": ""lock_released"", ""timestamp"": ""2026-09-18 16:53:27.906"", ""session_id"": 76, ""resource_type"": ""OBJECT"", ""mode"": ""IX""}",OBJECT,IX,UNKNOWN
lock_released,2026-09-18 16:53:27.906,85,0,0,0,"{""event_name"": ""lock_released"", ""timestamp"": ""2026-09-18 16:53:27.906"", ""session_id"": 85, ""resource_type"": ""OBJECT"", ""mode"": ""IX""}",OBJECT,IX,UNKNOWN
lock_released,2026-09-18 16:53:27.906,82,0,0,0,"{""event_name"": ""lock_released"", ""timestamp"": ""2026-09-18 16:53:27.906"", ""session_id"": 82, ""resource_type"": ""OBJECT"", ""mode"": ""IS""}",OBJECT,IS,UNKNOWN
lock_released,2026-09-18 16:53:27.906,76,0,0,0,"{""event_name"": ""lock_released"", ""timestamp"": ""2026-09-18 16:53:27.906"", ""session_id"": 76, ""resource_type"": ""OBJECT"", ""mode"": ""IS""}",OBJECT,IS,UNKNOWN
lock_released,2026-09-18 16:53:27.906,85,0,0,0,"{""event_name"": ""lock_released"", ""timestamp"": ""2026-09-18 16:53:27.906"", ""session_id"": 85, ""resource_type"": ""OBJECT"", ""mode"": ""IS""}",OBJECT,IS,UNKNOWN
logout,2026-09-18 16:53:32.943,68,0,0,0,"{""event_name"": ""logout"", ""timestamp"": ""2026-09-18 16:53:32.943"", ""session_id"": 68}",0,0,UNKNOWN
lock_acquired,2026-09-18 16:53:32.943,82,0,0,0,"{""event_name"": ""lock_acquired"", ""timestamp"": ""2026-09-18 16:53:32.943"", ""session_id"": 82, ""resource_type"": ""OBJECT"", ""mode"": ""IX""}",OBJECT,IX,UNKNOWN
lock_acquired,2026-09-18 16:53:32.943,84,0,0,0,"{""event_name"": ""lock_acquired"", ""timestamp"": ""2026-09-18 16:53:32.943"", ""session_id"": 84, ""resource_type"": ""OBJECT"", ""mode"": ""IS""}",OBJECT,IS,UNKNOWN
lock_acquired,2026-09-18 16:53:32.943,76,0,0,0,"{""event_name"": ""lock_acquired"", ""timestamp"": ""2026-09-18 16:53:32.943"", ""session_id"": 76, ""resource_type"": ""OBJECT"", ""mode"": ""IX""}",OBJECT,IX,UNKNOWN
lock_acquired,2026-09-18 16:53:32.943,84,0,0,0,"{""event_name"": ""lock_acquired"", ""timestamp"": ""2026-09-18 16:53:32.943"", ""session_id"": 84, ""resource_type"": ""OBJECT"", ""mode"": ""IX""}",OBJECT,IX,UNKNOWN
lock_acquired,2026-09-18 16:53:32.943,85,0,0,0,"{""event_name"": ""lock_acquired"", ""timestamp"": ""2026-09-18 16:53:32.943"", ""session_id"": 85, ""resource_type"": ""OBJECT"", ""mode"": ""IX""}",OBJECT,IX,UNKNOWN
lock_acquired,2026-09-18 16:53:32.943,77,0,0,0,"{""event_name"": ""lock_acquired"", ""timestamp"": ""2026-09-18 16:53:32.943"", ""session_id"": 77, ""resource_type"": ""OBJECT"", ""mode"": ""Sch-S""}",OBJECT,Sch-S,UNKNOWN
lock_acquired,2026-09-18 16:53:32.943,82,0,0,0,"{""event_name"": ""lock_acquired"", ""timestamp"": ""2026-09-18 16:53:32.943"", ""session_id"": 82, ""resource_type"": ""OBJECT"", ""mode"": ""IS""}",OBJECT,IS,UNKNOWN
lock_acquired,2026-09-18 16:53:32.943,76,0,0,0,"{""event_name"": ""lock_acquired"", ""timestamp"": ""2026-09-18 16:53:32.943"", ""session_id"": 76, ""resource_type"": ""OBJECT"", ""mode"": ""IS""}",OBJECT,IS,UNKNOWN
lock_acquired,2026-09-18 16:53:32.943,85,0,0,0,"{""event_name"": ""lock_acquired"", ""timestamp"": ""2026-09-18 16:53:32.943"", ""session_id"": 85, ""resource_type"": ""OBJECT"", ""mode"": ""IS""}",OBJECT,IS,UNKNOWN
lock_released,2026-09-18 16:53:32.943,83,0,0,0,"{""event_name"": ""lock_released"", ""timestamp"": ""2026-09-18 16:53:32.943"", ""session_id"": 83, ""resource_type"": ""OBJECT"", ""mode"": ""IX""}",OBJECT,IX,UNKNOWN
lock_released,2026-09-18 16:53:32.943,77,0,0,0,"{""event_name"": ""lock_released"", ""timestamp"": ""2026-09-18 16:53:32.943"", ""session_id"": 77, ""resource_type"": ""OBJECT"", ""mode"": ""IS""}",OBJECT,IS,UNKNOWN
lock_released,2026-09-18 16:53:32.943,77,0,0,0,"{""event_name"": ""lock_released"", ""timestamp"": ""2026-09-18 16:53:32.943"", ""session_id"": 77, ""resource_type"": ""OBJECT"", ""mode"": ""IX""}",OBJECT,IX,UNKNOWN
lock_released,2026-09-18 16:53:32.943,80,0,0,0,"{""event_name"": ""lock_released"", ""timestamp"": ""2026-09-18 16:53:32.943"", ""session_id"": 80, ""resource_type"": ""PAGE"", ""mode"": ""IS""}",PAGE,IS,UNKNOWN
lock_released,2026-09-18 16:53:32.943,83,0,0,0,"{""event_name"": ""lock_released"", ""timestamp"": ""2026-09-18 16:53:32.943"", ""session_id"": 83, ""resource_type"": ""OBJECT"", ""mode"": ""IS""}",OBJECT,IS,UNKNOWN
lock_released,2026-09-18 16:53:32.943,80,0,0,0,"{""event_name"": ""lock_released"", ""timestamp"": ""2026-09-18 16:53:32.943"", ""session_id"": 80, ""resource_type"": ""OBJECT"", ""mode"": ""Sch-S""}",OBJECT,Sch-S,UNKNOWN
lock_released,2026-09-18 16:53:32.943,79,0,0,0,"{""event_name"": ""lock_released"", ""timestamp"": ""2026-09-18 16:53:32.943"", ""session_id"": 79, ""resource_type"": ""OBJECT"", ""mode"": ""IX""}",OBJECT,IX,UNKNOWN
lock_released,2026-09-18 16:53:32.943,79,0,0,0,"{""event_name"": ""lock_released"", ""timestamp"": ""2026-09-18 16:53:32.943"", ""session_id"": 79, ""resource_type"": ""OBJECT"", ""mode"": ""IS""}",OBJECT,IS,UNKNOWN
lock_acquired,2026-09-18 16:53:37.974,78,0,0,0,"{""event_name"": ""lock_acquired"", ""timestamp"": ""2026-09-18 16:53:37.974"", ""session_id"": 78, ""resource_type"": ""METADATA"", ""mode"": ""Sch-S""}",METADATA,Sch-S,UNKNOWN
lock_acquired,2026-09-18 16:53:37.974,80,0,0,0,"{""event_name"": ""lock_acquired"", ""timestamp"": ""2026-09-18 16:53:37.974"", ""session_id"": 80, ""resource_type"": ""OBJECT"", ""mode"": ""IS""}",OBJECT,IS,UNKNOWN
lock_acquired,2026-09-18 16:53:37.974,83,0,0,0,"{""event_name"": ""lock_acquired"", ""timestamp"": ""2026-09-18 16:53:37.974"", ""session_id"": 83, ""resource_type"": ""KEY"", ""mode"": ""X""}",KEY,X,UNKNOWN
lock_acquired,2026-09-18 16:53:37.974,80,0,0,0,"{""event_name"": ""lock_acquired"", ""timestamp"": ""2026-09-18 16:53:37.974"", ""session_id"": 80, ""resource_type"": ""OBJECT"", ""mode"": ""IX""}",OBJECT,IX,UNKNOWN
lock_acquired,2026-09-18 16:53:37.974,79,0,0,0,"{""event_name"": ""lock_acquired"", ""timestamp"": ""2026-09-18 16:53:37.974"", ""session_id"": 79, ""resource_type"": ""OBJECT"", ""mode"": ""IX""}",OBJECT,IX,UNKNOWN
lock_acquired,2026-09-18 16:53:37.974,77,0,0,0,"{""event_name"": ""lock_acquired"", ""timestamp"": ""2026-09-18 16:53:37.974"", ""session_id"": 77, ""resource_type"": ""METADATA"", ""mode"": ""Sch-S""}",METADATA,Sch-S,UNKNOWN
lock_acquired,2026-09-18 16:53:37.974,78,0,0,0,"{""event_name"": ""lock_acquired"", ""timestamp"": ""2026-09-18 16:53:37.974"", ""session_id"": 78, ""resource_type"": ""OBJECT"", ""mode"": ""Sch-S""}",OBJECT,Sch-S,UNKNOWN
lock_acquired,2026-09-18 16:53:37.974,83,0,0,0,"{""event_name"": ""lock_acquired"", ""timestamp"": ""2026-09-18 16:53:37.974"", ""session_id"": 83, ""resource_type"": ""PAGE"", ""mode"": ""IX""}",PAGE,IX,UNKNOWN
lock_acquired,2026-09-18 16:53:37.974,79,0,0,0,"{""event_name"": ""lock_acquired"", ""timestamp"": ""2026-09-18 16:53:37.974"", ""session_id"": 79, ""resource_type"": ""OBJECT"", ""mode"": ""IS""}",OBJECT,IS,UNKNOWN
lock_released,2026-09-18 16:53:37.974,78,0,0,0,"{""event_name"": ""lock_released"", ""timestamp"": ""2026-09-18 16:53:37.974"", ""session_id"": 78, ""resource_type"": ""OBJECT"", ""mode"": ""IS""}",OBJECT,IS,UNKNOWN
lock_released,2026-09-18 16:53:37.974,78,0,0,0,"{""event_name"": ""lock_released"", ""timestamp"": ""2026-09-18 16:53:37.974"", ""session_id"": 78, ""resource_type"": ""OBJECT"", ""mode"": ""IX""}",OBJECT,IX,UNKNOWN
lock_acquired,2026-09-18 16:53:43.004,83,0,0,0,"{""event_name"": ""lock_acquired"", ""timestamp"": ""2026-09-18 16:53:43.004"", ""session_id"": 83, ""resource_type"": ""OBJECT"", ""mode"": ""IX""}",OBJECT,IX,UNKNOWN
lock_acquired,2026-09-18 16:53:43.004,85,0,0,0,"{""event_name"": ""lock_acquired"", ""timestamp"": ""2026-09-18 16:53:43.004"", ""session_id"": 85, ""resource_type"": ""PAGE"", ""mode"": ""S""}",PAGE,S,UNKNOWN
lock_acquired,2026-09-18 16:53:43.004,77,0,0,0,"{""event_name"": ""lock_acquired"", ""timestamp"": ""2026-09-18 16:53:43.004"", ""session_id"": 77, ""resource_type"": ""OBJECT"", ""mode"": ""IS""}",OBJECT,IS,UNKNOWN
lock_acquired,2026-09-18 16:53:43.004,83,0,0,0,"{""event_name"": ""lock_acquired"", ""timestamp"": ""2026-09-18 16:53:43.004"", ""session_id"": 83, ""resource_type"": ""OBJECT"", ""mode"": ""IS""}",OBJECT,IS,UNKNOWN
lock_acquired,2026-09-18 16:53:43.004,78,0,0,0,"{""event_name"": ""lock_acquired"", ""timestamp"": ""2026-09-18 16:53:43.004"", ""session_id"": 78, ""resource_type"": ""OBJECT"", ""mode"": ""IX""}",OBJECT,IX,UNKNOWN
lock_acquired,2026-09-18 16:53:43.004,82,0,0,0,"{""event_name"": ""lock_acquired"", ""timestamp"": ""2026-09-18 16:53:43.004"", ""session_id"": 82, ""resource_type"": ""PAGE"", ""mode"": ""S""}",PAGE,S,UNKNOWN
lock_acquired,2026-09-18 16:53:43.004,78,0,0,0,"{""event_name"": ""lock_acquired"", ""timestamp"": ""2026-09-18 16:53:43.004"", ""session_id"": 78, ""resource_type"": ""OBJECT"", ""mode"": ""IS""}",OBJECT,IS,UNKNOWN
lock_released,2026-09-18 16:53:43.004,78,0,0,0,"{""event_name"": ""lock_released"", ""timestamp"": ""2026-09-18 16:53:43.004"", ""session_id"": 78, ""resource_type"": ""METADATA"", ""mode"": ""Sch-S""}",METADATA,Sch-S,UNKNOWN
lock_released,2026-09-18 16:53:43.004,83,0,0,0,"{""event_name"": ""lock_released"", ""timestamp"": ""2026-09-18 16:53:43.004"", ""session_id"": 83, ""resource_type"": ""KEY"", ""mode"": ""X""}",KEY,X,UNKNOWN
lock_released,2026-09-18 16:53:43.004,84,0,0,0,"{""event_name"": ""lock_released"", ""timestamp"": ""2026-09-18 16:53:43.004"", ""session_id"": 84, ""resource_type"": ""OBJECT"", ""mode"": ""IX""}",OBJECT,IX,UNKNOWN
lock_released,2026-09-18 16:53:43.004,84,0,0,0,"{""event_name"": ""lock_released"", ""timestamp"": ""2026-09-18 16:53:43.004"", ""session_id"": 84, ""resource_type"": ""OBJECT"", ""mode"": ""IS""}",OBJECT,IS,UNKNOWN
lock_released,2026-09-18 16:53:43.004,77,0,0,0,"{""event_name"": ""lock_released"", ""timestamp"": ""2026-09-18 16:53:43.004"", ""session_id"": 77, ""resource_type"": ""OBJECT"", ""mode"": ""Sch-S""}",OBJECT,Sch-S,UNKNOWN
lock_released,2026-09-18 16:53:43.004,77,0,0,0,"{""event_name"": ""lock_released"", ""timestamp"": ""2026-09-18 16:53:43.004"", ""session_id"": 77, ""resource_type"": ""METADATA"", ""mode"": ""Sch-S""}",METADATA,Sch-S,UNKNOWN
lock_released,2026-09-18 16:53:43.004,78,0,0,0,"{""event_name"": ""lock_released"", ""timestamp"": ""2026-09-18 16:53:43.004"", ""session_id"": 78, ""resource_type"": ""OBJECT"", ""mode"": ""Sch-S""}",OBJECT,Sch-S,UNKNOWN
lock_released,2026-09-18 16:53:43.004,83,0,0,0,"{""event_name"": ""lock_released"", ""timestamp"": ""2026-09-18 16:53:43.004"", ""session_id"": 83, ""resource_type"": ""PAGE"", ""mode"": ""IX""}",PAGE,IX,UNKNOWN
lock_acquired,2026-09-18 16:53:48.045,83,0,0,0,"{""event_name"": ""lock_acquired"", ""timestamp"": ""2026-09-18 16:53:48.045"", ""session_id"": 83, ""resource_type"": ""PAGE"", ""mode"": ""IS""}",PAGE,IS,UNKNOWN
lock_acquired,2026-09-18 16:53:48.045,77,0,0,0,"{""event_name"": ""lock_acquired"", ""timestamp"": ""2026-09-18 16:53:48.045"", ""session_id"": 77, ""resource_type"": ""OBJECT"", ""mode"": ""IX""}",OBJECT,IX,UNKNOWN
lock_acquired,2026-09-18 16:53:48.045,84,0,0,0,"{""event_name"": ""lock_acquired"", ""timestamp"": ""2026-09-18 16:53:48.045"", ""session_id"": 84, ""resource_type"": ""OBJECT"", ""mode"": ""IX""}",OBJECT,IX,UNKNOWN
lock_acquired,2026-09-18 16:53:48.045,84,0,0,0,"{""event_name"": ""lock_acquired"", ""timestamp"": ""2026-09-18 16:53:48.045"", ""session_id"": 84, ""resource_type"": ""OBJECT"", ""mode"": ""IS""}",OBJECT,IS,UNKNOWN
lock_acquired,2026-09-18 16:53:48.045,83,0,0,0,"{""event_name"": ""lock_acquired"", ""timestamp"": ""2026-09-18 16:53:48.045"", ""session_id"": 83, ""resource_type"": ""KEY"", ""mode"": ""S""}",KEY,S,UNKNOWN
lock_released,2026-09-18 16:53:48.045,82,0,0,0,"{""event_name"": ""lock_released"", ""timestamp"": ""2026-09-18 16:53:48.045"", ""session_id"": 82, ""resource_type"": ""PAGE"", ""mode"": ""S""}",PAGE,S,UNKNOWN
lock_released,2026-09-18 16:53:48.045,83,0,0,0,"{""event_name"": ""lock_released"", ""timestamp"": ""2026-09-18 16:53:48.045"", ""session_id"": 83, ""resource_type"": ""OBJECT"", ""mode"": ""IX""}",OBJECT,IX,UNKNOWN
lock_released,2026-09-18 16:53:48.045,85,0,0,0,"{""event_name"": ""lock_released"", ""timestamp"": ""2026-09-18 16:53:48.045"", ""session_id"": 85, ""resource_type"": ""PAGE"", ""mode"": ""S""}",PAGE,S,UNKNOWN
lock_released,2026-09-18 16:53:48.045,80,0,0,0,"{""event_name"": ""lock_released"", ""timestamp"": ""2026-09-18 16:53:48.045"", ""session_id"": 80, ""resource_type"": ""OBJECT"", ""mode"": ""IS""}",OBJECT,IS,UNKNOWN
lock_acquired,2026-09-18 16:53:53.094,80,0,0,0,"{""event_name"": ""lock_acquired"", ""timestamp"": ""2026-09-18 16:53:53.094"", ""session_id"": 80, ""resource_type"": ""METADATA"", ""mode"": ""Sch-S""}",METADATA,Sch-S,UNKNOWN
lock_acquired,2026-09-18 16:53:53.094,83,0,0,0,"{""event_name"": ""lock_acquired"", ""timestamp"": ""2026-09-18 16:53:53.094"", ""session_id"": 83, ""resource_type"": ""OBJECT"", ""mode"": ""IX""}",OBJECT,IX,UNKNOWN
lock_acquired,2026-09-18 16:53:53.094,79,0,0,0,"{""event_name"": ""lock_acquired"", ""timestamp"": ""2026-09-18 16:53:53.094"", ""session_id"": 79, ""resource_type"": ""OBJECT"", ""mode"": ""Sch-S""}",OBJECT,Sch-S,UNKNOWN
lock_acquired,2026-09-18 16:53:53.094,85,0,0,0,"{""event_name"": ""lock_acquired"", ""timestamp"": ""2026-09-18 16:53:53.094"", ""session_id"": 85, ""resource_type"": ""PAGE"", ""mode"": ""S""}",PAGE,S,UNKNOWN
lock_acquired,2026-09-18 16:53:53.094,80,0,0,0,"{""event_name"": ""lock_acquired"", ""timestamp"": ""2026-09-18 16:53:53.094"", ""session_id"": 80, ""resource_type"": ""OBJECT"", ""mode"": ""Sch-S""}",OBJECT,Sch-S,UNKNOWN
lock_released,2026-09-18 16:53:53.094,83,0,0,0,"{""event_name"": ""lock_released"", ""timestamp"": ""2026-09-18 16:53:53.094"", ""session_id"": 83, ""resource_type"": ""PAGE"", ""mode"": ""IS""}",PAGE,IS,UNKNOWN
lock_released,2026-09-18 16:53:53.094,82,0,0,0,"{""event_name"": ""lock_released"", ""timestamp"": ""2026-09-18 16:53:53.094"", ""session_id"": 82, ""resource_type"": ""OBJECT"", ""mode"": ""IX""}",OBJECT,IX,UNKNOWN
lock_released,2026-09-18 16:53:53.094,78,0,0,0,"{""event_name"": ""lock_released"", ""timestamp"": ""2026-09-18 16:53:53.094"", ""session_id"": 78, ""resource_type"": ""OBJECT"", ""mode"": ""IX""}",OBJECT,IX,UNKNOWN
lock_released,2026-09-18 16:53:53.094,80,0,0,0,"{""event_name"": ""lock_released"", ""timestamp"": ""2026-09-18 16:53:53.094"", ""session_id"": 80, ""resource_type"": ""OBJECT"", ""mode"": ""IX""}",OBJECT,IX,UNKNOWN
lock_released,2026-09-18 16:53:53.094,78,0,0,0,"{""event_name"": ""lock_released"", ""timestamp"": ""2026-09-18 16:53:53.094"", ""session_id"": 78, ""resource_type"": ""OBJECT"", ""mode"": ""IS""}",OBJECT,IS,UNKNOWN
lock_released,2026-09-18 16:53:53.094,79,0,0,0,"{""event_name"": ""lock_released"", ""timestamp"": ""2026-09-18 16:53:53.094"", ""session_id"": 79, ""resource_type"": ""OBJECT"", ""mode"": ""IX""}",OBJECT,IX,UNKNOWN
lock_released,2026-09-18 16:53:53.094,82,0,0,0,"{""event_name"": ""lock_released"", ""timestamp"": ""2026-09-18 16:53:53.094"", ""session_id"": 82, ""resource_type"": ""OBJECT"", ""mode"": ""IS""}",OBJECT,IS,UNKNOWN
lock_released,2026-09-18 16:53:53.094,79,0,0,0,"{""event_name"": ""lock_released"", ""timestamp"": ""2026-09-18 16:53:53.094"", ""session_id"": 79, ""resource_type"": ""OBJECT"", ""mode"": ""IS""}",OBJECT,IS,UNKNOWN
lock_released,2026-09-18 16:53:53.094,83,0,0,0,"{""event_name"": ""lock_released"", ""timestamp"": ""2026-09-18 16:53:53.094"", ""session_id"": 83, ""resource_type"": ""KEY"", ""mode"": ""S""}",KEY,S,UNKNOWN
lock_acquired,2026-09-18 16:53:58.158,78,0,0,0,"{""event_name"": ""lock_acquired"", ""timestamp"": ""2026-09-18 16:53:58.158"", ""session_id"": 78, ""resource_type"": ""OBJECT"", ""mode"": ""IX""}",OBJECT,IX,UNKNOWN
lock_acquired,2026-09-18 16:53:58.158,80,0,0,0,"{""event_name"": ""lock_acquired"", ""timestamp"": ""2026-09-18 16:53:58.158"", ""session_id"": 80, ""resource_type"": ""OBJECT"", ""mode"": ""IS""}",OBJECT,IS,UNKNOWN
lock_acquired,2026-09-18 16:53:58.158,80,0,0,0,"{""event_name"": ""lock_acquired"", ""timestamp"": ""2026-09-18 16:53:58.158"", ""session_id"": 80, ""resource_type"": ""OBJECT"", ""mode"": ""IX""}",OBJECT,IX,UNKNOWN
lock_acquired,2026-09-18 16:53:58.158,78,0,0,0,"{""event_name"": ""lock_acquired"", ""timestamp"": ""2026-09-18 16:53:58.158"", ""session_id"": 78, ""resource_type"": ""OBJECT"", ""mode"": ""IS""}",OBJECT,IS,UNKNOWN
lock_acquired,2026-09-18 16:53:58.158,84,0,0,0,"{""event_name"": ""lock_acquired"", ""timestamp"": ""2026-09-18 16:53:58.158"", ""session_id"": 84, ""resource_type"": ""PAGE"", ""mode"": ""IU""}",PAGE,IU,UNKNOWN
lock_acquired,2026-09-18 16:53:58.158,79,0,0,0,"{""event_name"": ""lock_acquired"", ""timestamp"": ""2026-09-18 16:53:58.158"", ""session_id"": 79, ""resource_type"": ""OBJECT"", ""mode"": ""IX""}",OBJECT,IX,UNKNOWN
lock_acquired,2026-09-18 16:53:58.158,82,0,0,0,"{""event_name"": ""lock_acquired"", ""timestamp"": ""2026-09-18 16:53:58.158"", ""session_id"": 82, ""resource_type"": ""OBJECT"", ""mode"": ""IX""}",OBJECT,IX,UNKNOWN
lock_acquired,2026-09-18 16:53:58.158,79,0,0,0,"{""event_name"": ""lock_acquired"", ""timestamp"": ""2026-09-18 16:53:58.158"", ""session_id"": 79, ""resource_type"": ""OBJECT"", ""mode"": ""IS""}",OBJECT,IS,UNKNOWN
lock_acquired,2026-09-18 16:53:58.158,82,0,0,0,"{""event_name"": ""lock_acquired"", ""timestamp"": ""2026-09-18 16:53:58.158"", ""session_id"": 82, ""resource_type"": ""KEY"", ""mode"": ""X""}",KEY,X,UNKNOWN
lock_released,2026-09-18 16:53:58.158,80,0,0,0,"{""event_name"": ""lock_released"", ""timestamp"": ""2026-09-18 16:53:58.158"", ""session_id"": 80, ""resource_type"": ""METADATA"", ""mode"": ""Sch-S""}",METADATA,Sch-S,UNKNOWN
lock_released,2026-09-18 16:53:58.158,79,0,0,0,"{""event_name"": ""lock_released"", ""timestamp"": ""2026-09-18 16:53:58.158"", ""session_id"": 79, ""resource_type"": ""OBJECT"", ""mode"": ""Sch-S""}",OBJECT,Sch-S,UNKNOWN
lock_released,2026-09-18 16:53:58.158,85,0,0,0,"{""event_name"": ""lock_released"", ""timestamp"": ""2026-09-18 16:53:58.158"", ""session_id"": 85, ""resource_type"": ""PAGE"", ""mode"": ""S""}",PAGE,S,UNKNOWN
lock_released,2026-09-18 16:53:58.158,81,0,0,0,"{""event_name"": ""lock_released"", ""timestamp"": ""2026-09-18 16:53:58.158"", ""session_id"": 81, ""resource_type"": ""OBJECT"", ""mode"": ""IX""}",OBJECT,IX,UNKNOWN
lock_released,2026-09-18 16:53:58.158,81,0,0,0,"{""event_name"": ""lock_released"", ""timestamp"": ""2026-09-18 16:53:58.158"", ""session_id"": 81, ""resource_type"": ""OBJECT"", ""mode"": ""IS""}",OBJECT,IS,UNKNOWN
lock_released,2026-09-18 16:53:58.158,80,0,0,0,"{""event_name"": ""lock_released"", ""timestamp"": ""2026-09-18 16:53:58.158"", ""session_id"": 80, ""resource_type"": ""OBJECT"", ""mode"": ""Sch-S""}",OBJECT,Sch-S,UNKNOWN
lock_acquired,2026-09-18 16:54:03.202,85,0,0,0,"{""event_name"": ""lock_acquired"", ""timestamp"": ""2026-09-18 16:54:03.202"", ""session_id"": 85, ""resource_type"": ""OBJECT"", ""mode"": ""Sch-S""}",OBJECT,Sch-S,UNKNOWN
lock_acquired,2026-09-18 16:54:03.202,81,0,0,0,"{""event_name"": ""lock_acquired"", ""timestamp"": ""2026-09-18 16:54:03.202"", ""session_id"": 81, ""resource_type"": ""OBJECT"", ""mode"": ""IX""}",OBJECT,IX,UNKNOWN
lock_acquired,2026-09-18 16:54:03.202,79,0,0,0,"{""event_name"": ""lock_acquired"", ""timestamp"": ""2026-09-18 16:54:03.202"", ""session_id"": 79, ""resource_type"": ""PAGE"", ""mode"": ""S""}",PAGE,S,UNKNOWN
lock_acquired,2026-09-18 16:54:03.202,83,0,0,0,"{""event_name"": ""lock_acquired"", ""timestamp"": ""2026-09-18 16:54:03.202"", ""session_id"": 83, ""resource_type"": ""PAGE"", ""mode"": ""S""}",PAGE,S,UNKNOWN
lock_acquired,2026-09-18 16:54:03.202,81,0,0,0,"{""event_name"": ""lock_acquired"", ""timestamp"": ""2026-09-18 16:54:03.202"", ""session_id"": 81, ""resource_type"": ""OBJECT"", ""mode"": ""IS""}",OBJECT,IS,UNKNOWN
lock_acquired,2026-09-18 16:54:03.202,82,0,0,0,"{""event_name"": ""lock_acquired"", ""timestamp"": ""2026-09-18 16:54:03.202"", ""session_id"": 82, ""resource_type"": ""OBJECT"", ""mode"": ""IS""}",OBJECT,IS,UNKNOWN
lock_released,2026-09-18 16:54:03.202,84,0,0,0,"{""event_name"": ""lock_released"", ""timestamp"": ""2026-09-18 16:54:03.202"", ""session_id"": 84, ""resource_type"": ""PAGE"", ""mode"": ""IU""}",PAGE,IU,UNKNOWN
lock_released,2026-09-18 16:54:03.202,76,0,0,0,"{""event_name"": ""lock_released"", ""timestamp"": ""2026-09-18 16:54:03.202"", ""session_id"": 76, ""resource_type"": ""OBJECT"", ""mode"": ""IX""}",OBJECT,IX,UNKNOWN
lock_released,2026-09-18 16:54:03.202,85,0,0,0,"{""event_name"": ""lock_released"", ""timestamp"": ""2026-09-18 16:54:03.202"", ""session_id"": 85, ""resource_type"": ""OBJECT"", ""mode"": ""IX""}",OBJECT,IX,UNKNOWN
lock_released,2026-09-18 16:54:03.202,76,0,0,0,"{""event_name"": ""lock_released"", ""timestamp"": ""2026-09-18 16:54:03.202"", ""session_id"": 76, ""resource_type"": ""OBJECT"", ""mode"": ""IS""}",OBJECT,IS,UNKNOWN
lock_released,2026-09-18 16:54:03.202,85,0,0,0,"{""event_name"": ""lock_released"", ""timestamp"": ""2026-09-18 16:54:03.202"", ""session_id"": 85, ""resource_type"": ""OBJECT"", ""mode"": ""IS""}",OBJECT,IS,UNKNOWN
lock_released,2026-09-18 16:54:03.202,82,0,0,0,"{""event_name"": ""lock_released"", ""timestamp"": ""2026-09-18 16:54:03.202"", ""session_id"": 82, ""resource_type"": ""KEY"", ""mode"": ""X""}",KEY,X,UNKNOWN
lock_acquired,2026-09-18 16:54:08.271,81,0,0,0,"{""event_name"": ""lock_acquired"", ""timestamp"": ""2026-09-18 16:54:08.271"", ""session_id"": 81, ""resource_type"": ""PAGE"", ""mode"": ""IX""}",PAGE,IX,UNKNOWN
lock_acquired,2026-09-18 16:54:08.271,84,0,0,0,"{""event_name"": ""lock_acquired"", ""timestamp"": ""2026-09-18 16:54:08.271"", ""session_id"": 84, ""resource_type"": ""PAGE"", ""mode"": ""IU""}",PAGE,IU,UNKNOWN
lock_acquired,2026-09-18 16:54:08.271,77,0,0,0,"{""event_name"": ""lock_acquired"", ""timestamp"": ""2026-09-18 16:54:08.271"", ""session_id"": 77, ""resource_type"": ""OBJECT"", ""mode"": ""Sch-S""}",OBJECT,Sch-S,UNKNOWN
lock_acquired,2026-09-18 16:54:08.271,85,0,0,0,"{""event_name"": ""lock_acquired"", ""timestamp"": ""2026-09-18 16:54:08.271"", ""session_id"": 85, ""resource_type"": ""OBJECT"", ""mode"": ""IX""}",OBJECT,IX,UNKNOWN
lock_acquired,2026-09-18 16:54:08.271,81,0,0,0,"{""event_name"": ""lock_acquired"", ""timestamp"": ""2026-09-18 16:54:08.271"", ""session_id"": 81, ""resource_type"": ""KEY"", ""mode"": ""X""}",KEY,X,UNKNOWN
lock_acquired,2026-09-18 16:54:08.271,78,0,0,0,"{""event_name"": ""lock_acquired"", ""timestamp"": ""2026-09-18 16:54:08.271"", ""session_id"": 78, ""resource_type"": ""PAGE"", ""mode"": ""S""}",PAGE,S,UNKNOWN
lock_acquired,2026-09-18 16:54:08.271,85,0,0,0,"{""event_name"": ""lock_acquired"", ""timestamp"": ""2026-09-18 16:54:08.271"", ""session_id"": 85, ""resource_type"": ""OBJECT"", ""mode"": ""IS""}",OBJECT,IS,UNKNOWN
lock_released,2026-09-18 16:54:08.271,85,0,0,0,"{""event_name"": ""lock_released"", ""timestamp"": ""2026-09-18 16:54:08.271"", ""session_id"": 85, ""resource_type"": ""OBJECT"", ""mode"": ""Sch-S""}",OBJECT,Sch-S,UNKNOWN
lock_released,2026-09-18 16:54:08.271,77,0,0,0,"{""event_name"": ""lock_released"", ""timestamp"": ""2026-09-18 16:54:08.271"", ""session_id"": 77, ""resource_type"": ""OBJECT"", ""mode"": ""IS""}",OBJECT,IS,UNKNOWN
lock_released,2026-09-18 16:54:08.271,77,0,0,0,"{""event_name"": ""lock_released"", ""timestamp"": ""2026-09-18 16:54:08.271"", ""session_id"": 77, ""resource_type"": ""OBJECT"", ""mode"": ""IX""}",OBJECT,IX,UNKNOWN
lock_released,2026-09-18 16:54:08.271,79,0,0,0,"{""event_name"": ""lock_released"", ""timestamp"": ""2026-09-18 16:54:08.271"", ""session_id"": 79, ""resource_type"": ""PAGE"", ""mode"": ""S""}",PAGE,S,UNKNOWN
lock_released,2026-09-18 16:54:08.271,83,0,0,0,"{""event_name"": ""lock_released"", ""timestamp"": ""2026-09-18 16:54:08.271"", ""session_id"": 83, ""resource_type"": ""PAGE"", ""mode"": ""S""}",PAGE,S,UNKNOWN
lock_released,2026-09-18 16:54:08.271,81,0,0,0,"{""event_name"": ""lock_released"", ""timestamp"": ""2026-09-18 16:54:08.271"", ""session_id"": 81, ""resource_type"": ""OBJECT"", ""mode"": ""IS""}",OBJECT,IS,UNKNOWN
lock_released,2026-09-18 16:54:08.271,84,0,0,0,"{""event_name"": ""lock_released"", ""timestamp"": ""2026-09-18 16:54:08.271"", ""session_id"": 84, ""resource_type"": ""OBJECT"", ""mode"": ""IS""}",OBJECT,IS,UNKNOWN
lock_acquired,2026-09-18 16:54:13.320,76,0,0,0,"{""event_name"": ""lock_acquired"", ""timestamp"": ""2026-09-18 16:54:13.320"", ""session_id"": 76, ""resource_type"": ""OBJECT"", ""mode"": ""Sch-S""}",OBJECT,Sch-S,UNKNOWN
lock_acquired,2026-09-18 16:54:13.320,77,0,0,0,"{""event_name"": ""lock_acquired"", ""timestamp"": ""2026-09-18 16:54:13.320"", ""session_id"": 77, ""resource_type"": ""OBJECT"", ""mode"": ""IS""}",OBJECT,IS,UNKNOWN
lock_acquired,2026-09-18 16:54:13.320,77,0,0,0,"{""event_name"": ""lock_acquired"", ""timestamp"": ""2026-09-18 16:54:13.320"", ""session_id"": 77, ""resource_type"": ""OBJECT"", ""mode"": ""IX""}",OBJECT,IX,UNKNOWN
lock_acquired,2026-09-18 16:54:13.320,76,0,0,0,"{""event_name"": ""lock_acquired"", ""timestamp"": ""2026-09-18 16:54:13.320"", ""session_id"": 76, ""resource_type"": ""METADATA"", ""mode"": ""Sch-S""}",METADATA,Sch-S,UNKNOWN
lock_acquired,2026-09-18 16:54:13.320,85,0,0,0,"{""event_name"": ""lock_acquired"", ""timestamp"": ""2026-09-18 16:54:13.320"", ""session_id"": 85, ""resource_type"": ""PAGE"", ""mode"": ""IX""}",PAGE,IX,UNKNOWN
lock_acquired,2026-09-18 16:54:13.320,84,0,0,0,"{""event_name"": ""lock_acquired"", ""timestamp"": ""2026-09-18 16:54:13.320"", ""session_id"": 84, ""resource_type"": ""OBJECT"", ""mode"": ""IS""}",OBJECT,IS,UNKNOWN
lock_acquired,2026-09-18 16:54:13.320,81,0,0,0,"{""event_name"": ""lock_acquired"", ""timestamp"": ""2026-09-18 16:54:13.320"", ""session_id"": 81, ""resource_type"": ""OBJECT"", ""mode"": ""Sch-S""}",OBJECT,Sch-S,UNKNOWN
lock_acquired,2026-09-18 16:54:13.320,81,0,0,0,"{""event_name"": ""lock_acquired"", ""timestamp"": ""2026-09-18 16:54:13.320"", ""session_id"": 81, ""resource_type"": ""METADATA"", ""mode"": ""Sch-S""}",METADATA,Sch-S,UNKNOWN
lock_released,2026-09-18 16:54:13.320,81,0,0,0,"{""event_name"": ""lock_released"", ""timestamp"": ""2026-09-18 16:54:13.320"", ""session_id"": 81, ""resource_type"": ""PAGE"", ""mode"": ""IX""}",PAGE,IX,UNKNOWN
lock_released,2026-09-18 16:54:13.320,81,0,0,0,"{""event_name"": ""lock_released"", ""timestamp"": ""2026-09-18 16:54:13.320"", ""session_id"": 81, ""resource_type"": ""OBJECT"", ""mode"": ""IX""}",OBJECT,IX,UNKNOWN
lock_released,2026-09-18 16:54:13.320,80,0,0,0,"{""event_name"": ""lock_released"", ""timestamp"": ""2026-09-18 16:54:13.320"", ""session_id"": 80, ""resource_type"": ""OBJECT"", ""mode"": ""IS""}",OBJECT,IS,UNKNOWN
lock_released,2026-09-18 16:54:13.320,84,0,0,0,"{""event_name"": ""lock_released"", ""timestamp"": ""2026-09-18 16:54:13.320"", ""session_id"": 84, ""resource_type"": ""PAGE"", ""mode"": ""IU""}",PAGE,IU,UNKNOWN
lock_released,2026-09-18 16:54:13.320,77,0,0,0,"{""event_name"": ""lock_released"", ""timestamp"": ""2026-09-18 16:54:13.320"", ""session_id"": 77, ""resource_type"": ""OBJECT"", ""mode"": ""Sch-S""}",OBJECT,Sch-S,UNKNOWN
lock_released,2026-09-18 16:54:13.320,81,0,0,0,"{""event_name"": ""lock_released"", ""timestamp"": ""2026-09-18 16:54:13.320"", ""session_id"": 81, ""resource_type"": ""KEY"", ""mode"": ""X""}",KEY,X,UNKNOWN
lock_released,2026-09-18 16:54:13.320,85,0,0,0,"{""event_name"": ""lock_released"", ""timestamp"": ""2026-09-18 16:54:13.320"", ""session_id"": 85, ""resource_type"": ""OBJECT"", ""mode"": ""IS""}",OBJECT,IS,UNKNOWN
lock_acquired,2026-09-18 16:54:18.383,76,0,0,0,"{""event_name"": ""lock_acquired"", ""timestamp"": ""2026-09-18 16:54:18.383"", ""session_id"": 76, ""resource_type"": ""KEY"", ""mode"": ""X""}",KEY,X,UNKNOWN
lock_acquired,2026-09-18 16:54:18.383,79,0,0,0,"{""event_name"": ""lock_acquired"", ""timestamp"": ""2026-09-18 16:54:18.383"", ""session_id"": 79, ""resource_type"": ""OBJECT"", ""mode"": ""Sch-S""}",OBJECT,Sch-S,UNKNOWN
lock_acquired,2026-09-18 16:54:18.383,80,0,0,0,"{""event_name"": ""lock_acquired"", ""timestamp"": ""2026-09-18 16:54:18.383"", ""session_id"": 80, ""resource_type"": ""KEY"", ""mode"": ""X""}",KEY,X,UNKNOWN
lock_acquired,2026-09-18 16:54:18.383,76,0,0,0,"{""event_name"": ""lock_acquired"", ""timestamp"": ""2026-09-18 16:54:18.383"", ""session_id"": 76, ""resource_type"": ""OBJECT"", ""mode"": ""IX""}",OBJECT,IX,UNKNOWN
lock_acquired,2026-09-18 16:54:18.383,77,0,0,0,"{""event_name"": ""lock_acquired"", ""timestamp"": ""2026-09-18 16:54:18.383"", ""session_id"": 77, ""resource_type"": ""PAGE"", ""mode"": ""S""}",PAGE,S,UNKNOWN
lock_acquired,2026-09-18 16:54:18.383,76,0,0,0,"{""event_name"": ""lock_acquired"", ""timestamp"": ""2026-09-18 16:54:18.383"", ""session_id"": 76, ""resource_type"": ""PAGE"", ""mode"": ""IX""}",PAGE,IX,UNKNOWN
lock_acquired,2026-09-18 16:54:18.383,85,0,0,0,"{""event_name"": ""lock_acquired"", ""timestamp"": ""2026-09-18 16:54:18.383"", ""session_id"": 85, ""resource_type"": ""OBJECT"", ""mode"": ""IS""}",OBJECT,IS,UNKNOWN
lock_released,2026-09-18 16:54:18.383,83,0,0,0,"{""event_name"": ""lock_released"", ""timestamp"": ""2026-09-18 16:54:18.383"", ""session_id"": 83, ""resource_type"": ""OBJECT"", ""mode"": ""IX""}",OBJECT,IX,UNKNOWN
lock_released,2026-09-18 16:54:18.383,76,0,0,0,"{""event_name"": ""lock_released"", ""timestamp"": ""2026-09-18 16:54:18.383"", ""session_id"": 76, ""resource_type"": ""OBJECT"", ""mode"": ""Sch-S""}",OBJECT,Sch-S,UNKNOWN
lock_released,2026-09-18 16:54:18.383,76,0,0,0,"{""event_name"": ""lock_released"", ""timestamp"": ""2026-09-18 16:54:18.383"", ""session_id"": 76, ""resource_type"": ""METADATA"", ""mode"": ""Sch-S""}",METADATA,Sch-S,UNKNOWN
lock_released,2026-09-18 16:54:18.383,83,0,0,0,"{""event_name"": ""lock_released"", ""timestamp"": ""2026-09-18 16:54:18.383"", ""session_id"": 83, ""resource_type"": ""OBJECT"", ""mode"": ""IS""}",OBJECT,IS,UNKNOWN
lock_released,2026-09-18 16:54:18.383,78,0,0,0,"{""event_name"": ""lock_released"", ""timestamp"": ""2026-09-18 16:54:18.383"", ""session_id"": 78, ""resource_type"": ""OBJECT"", ""mode"": ""IX""}",OBJECT,IX,UNKNOWN
lock_released,2026-09-18 16:54:18.383,80,0,0,0,"{""event_name"": ""lock_released"", ""timestamp"": ""2026-09-18 16:54:18.383"", ""session_id"": 80, ""resource_type"": ""OBJECT"", ""mode"": ""IX""}",OBJECT,IX,UNKNOWN
lock_released,2026-09-18 16:54:18.383,85,0,0,0,"{""event_name"": ""lock_released"", ""timestamp"": ""2026-09-18 16:54:18.383"", ""session_id"": 85, ""resource_type"": ""PAGE"", ""mode"": ""IX""}",PAGE,IX,UNKNOWN
lock_released,2026-09-18 16:54:18.383,78,0,0,0,"{""event_name"": ""lock_released"", ""timestamp"": ""2026-09-18 16:54:18.383"", ""session_id"": 78, ""resource_type"": ""OBJECT"", ""mode"": ""IS""}",OBJECT,IS,UNKNOWN
lock_released,2026-09-18 16:54:18.383,79,0,0,0,"{""event_name"": ""lock_released"", ""timestamp"": ""2026-09-18 16:54:18.383"", ""session_id"": 79, ""resource_type"": ""OBJECT"", ""mode"": ""IX""}",OBJECT,IX,UNKNOWN
lock_released,2026-09-18 16:54:18.383,78,0,0,0,"{""event_name"": ""lock_released"", ""timestamp"": ""2026-09-18 16:54:18.383"", ""session_id"": 78, ""resource_type"": ""PAGE"", ""mode"": ""S""}",PAGE,S,UNKNOWN
lock_released,2026-09-18 16:54:18.383,79,0,0,0,"{""event_name"": ""lock_released"", ""timestamp"": ""2026-09-18 16:54:18.383"", ""session_id"": 79, ""resource_type"": ""OBJECT"", ""mode"": ""IS""}",OBJECT,IS,UNKNOWN
lock_acquired,2026-09-18 16:54:23.424,83,0,0,0,"{""event_name"": ""lock_acquired"", ""timestamp"": ""2026-09-18 16:54:23.424"", ""session_id"": 83, ""resource_type"": ""OBJECT"", ""mode"": ""IX""}",OBJECT,IX,UNKNOWN
lock_acquired,2026-09-18 16:54:23.424,83,0,0,0,"{""event_name"": ""lock_acquired"", ""timestamp"": ""2026-09-18 16:54:23.424"", ""session_id"": 83, ""resource_type"": ""OBJECT"", ""mode"": ""IS""}",OBJECT,IS,UNKNOWN
lock_acquired,2026-09-18 16:54:23.424,81,0,0,0,"{""event_name"": ""lock_acquired"", ""timestamp"": ""2026-09-18 16:54:23.424"", ""session_id"": 81, ""resource_type"": ""OBJECT"", ""mode"": ""IX""}",OBJECT,IX,UNKNOWN
lock_acquired,2026-09-18 16:54:23.424,78,0,0,0,"{""event_name"": ""lock_acquired"", ""timestamp"": ""2026-09-18 16:54:23.424"", ""session_id"": 78, ""resource_type"": ""OBJECT"", ""mode"": ""IX""}",OBJECT,IX,UNKNOWN
lock_acquired,2026-09-18 16:54:23.424,80,0,0,0,"{""event_name"": ""lock_acquired"", ""timestamp"": ""2026-09-18 16:54:23.424"", ""session_id"": 80, ""resource_type"": ""OBJECT"", ""mode"": ""IS""}",OBJECT,IS,UNKNOWN
lock_acquired,2026-09-18 16:54:23.424,80,0,0,0,"{""event_name"": ""lock_acquired"", ""timestamp"": ""2026-09-18 16:54:23.424"", ""session_id"": 80, ""resource_type"": ""OBJECT"", ""mode"": ""IX""}",OBJECT,IX,UNKNOWN
lock_acquired,2026-09-18 16:54:23.424,81,0,0,0,"{""event_name"": ""lock_acquired"", ""timestamp"": ""2026-09-18 16:54:23.424"", ""session_id"": 81, ""resource_type"": ""OBJECT"", ""mode"": ""IS""}",OBJECT,IS,UNKNOWN
lock_acquired,2026-09-18 16:54:23.424,78,0,0,0,"{""event_name"": ""lock_acquired"", ""timestamp"": ""2026-09-18 16:54:23.424"", ""session_id"": 78, ""resource_type"": ""OBJECT"", ""mode"": ""IS""}",OBJECT,IS,UNKNOWN
lock_acquired,2026-09-18 16:54:23.424,79,0,0,0,"{""event_name"": ""lock_acquired"", ""timestamp"": ""2026-09-18 16:54:23.424"", ""session_id"": 79, ""resource_type"": ""OBJECT"", ""mode"": ""IX""}",OBJECT,IX,UNKNOWN
lock_acquired,2026-09-18 16:54:23.424,76,0,0,0,"{""event_name"": ""lock_acquired"", ""timestamp"": ""2026-09-18 16:54:23.424"", ""session_id"": 76, ""resource_type"": ""OBJECT"", ""mode"": ""IS""}",OBJECT,IS,UNKNOWN
lock_acquired,2026-09-18 16:54:23.424,79,0,0,0,"{""event_name"": ""lock_acquired"", ""timestamp"": ""2026-09-18 16:54:23.424"", ""session_id"": 79, ""resource_type"": ""OBJECT"", ""mode"": ""IS""}",OBJECT,IS,UNKNOWN
lock_released,2026-09-18 16:54:23.424,76,0,0,0,"{""event_name"": ""lock_released"", ""timestamp"": ""2026-09-18 16:54:23.424"", ""session_id"": 76, ""resource_type"": ""KEY"", ""mode"": ""X""}",KEY,X,UNKNOWN
lock_released,2026-09-18 16:54:23.424,79,0,0,0,"{""event_name"": ""lock_released"", ""timestamp"": ""2026-09-18 16:54:23.424"", ""session_id"": 79, ""resource_type"": ""OBJECT"", ""mode"": ""Sch-S""}",OBJECT,Sch-S,UNKNOWN
lock_released,2026-09-18 16:54:23.424,80,0,0,0,"{""event_name"": ""lock_released"", ""timestamp"": ""2026-09-18 16:54:23.424"", ""session_id"": 80, ""resource_type"": ""KEY"", ""mode"": ""X""}",KEY,X,UNKNOWN
lock_released,2026-09-18 16:54:23.424,77,0,0,0,"{""event_name"": ""lock_released"", ""timestamp"": ""2026-09-18 16:54:23.424"", ""session_id"": 77, ""resource_type"": ""PAGE"", ""mode"": ""S""}",PAGE,S,UNKNOWN
lock_released,2026-09-18 16:54:23.424,81,0,0,0,"{""event_name"": ""lock_released"", ""timestamp"": ""2026-09-18 16:54:23.424"", ""session_id"": 81, ""resource_type"": ""OBJECT"", ""mode"": ""Sch-S""}",OBJECT,Sch-S,UNKNOWN
lock_released,2026-09-18 16:54:23.424,76,0,0,0,"{""event_name"": ""lock_released"", ""timestamp"": ""2026-09-18 16:54:23.424"", ""session_id"": 76, ""resource_type"": ""PAGE"", ""mode"": ""IX""}",PAGE,IX,UNKNOWN
lock_released,2026-09-18 16:54:23.424,81,0,0,0,"{""event_name"": ""lock_released"", ""timestamp"": ""2026-09-18 16:54:23.424"", ""session_id"": 81, ""resource_type"": ""METADATA"", ""mode"": ""Sch-S""}",METADATA,Sch-S,UNKNOWN
lock_acquired,2026-09-18 16:54:28.510,76,0,0,0,"{""event_name"": ""lock_acquired"", ""timestamp"": ""2026-09-18 16:54:28.510"", ""session_id"": 76, ""resource_type"": ""KEY"", ""mode"": ""X""}",KEY,X,UNKNOWN
lock_acquired,2026-09-18 16:54:28.510,84,0,0,0,"{""event_name"": ""lock_acquired"", ""timestamp"": ""2026-09-18 16:54:28.510"", ""session_id"": 84, ""resource_type"": ""PAGE"", ""mode"": ""S""}",PAGE,S,UNKNOWN
lock_acquired,2026-09-18 16:54:28.510,81,0,0,0,"{""event_name"": ""lock_acquired"", ""timestamp"": ""2026-09-18 16:54:28.510"", ""session_id"": 81, ""resource_type"": ""OBJECT"", ""mode"": ""Sch-S""}",OBJECT,Sch-S,UNKNOWN
lock_acquired,2026-09-18 16:54:28.510,76,0,0,0,"{""event_name"": ""lock_acquired"", ""timestamp"": ""2026-09-18 16:54:28.510"", ""session_id"": 76, ""resource_type"": ""PAGE"", ""mode"": ""IX""}",PAGE,IX,UNKNOWN
lock_acquired,2026-09-18 16:54:28.510,81,0,0,0,"{""event_name"": ""lock_acquired"", ""timestamp"": ""2026-09-18 16:54:28.510"", ""session_id"": 81, ""resource_type"": ""METADATA"", ""mode"": ""Sch-S""}",METADATA,Sch-S,UNKNOWN
lock_released,2026-09-18 16:54:28.510,81,0,0,0,"{""event_name"": ""lock_released"", ""timestamp"": ""2026-09-18 16:54:28.510"", ""session_id"": 81, ""resource_type"": ""OBJECT"", ""mode"": ""IS""}",OBJECT,IS,UNKNOWN
lock_released,2026-09-18 16:54:28.510,81,0,0,0,"{""event_name"": ""lock_released"", ""timestamp"": ""2026-09-18 16:54:28.510"", ""session_id"": 81, ""resource_type"": ""OBJECT"", ""mode"": ""IX""}",OBJECT,IX,UNKNOWN
lock_released,2026-09-18 16:54:28.510,76,0,0,0,"{""event_name"": ""lock_released"", ""timestamp"": ""2026-09-18 16:54:28.510"", ""session_id"": 76, ""resource_type"": ""OBJECT"", ""mode"": ""IS""}",OBJECT,IS,UNKNOWN
login,2026-09-18 16:54:33.553,68,795ec2146175\Administrator,Microsoft SQL Server,SteelNort,"{""event_name"": ""login"", ""timestamp"": ""2026-09-18 16:54:33.553"", ""session_id"": 68, ""login_name"": ""795ec2146175\\Administrator"", ""program_name"": ""Microsoft SQL Server"", ""database_name"": ""SteelNort""}",0,0,UNKNOWN
lock_acquired,2026-09-18 16:54:33.553,85,0,0,0,"{""event_name"": ""lock_acquired"", ""timestamp"": ""2026-09-18 16:54:33.553"", ""session_id"": 85, ""resource_type"": ""OBJECT"", ""mode"": ""Sch-S""}",OBJECT,Sch-S,UNKNOWN
lock_acquired,2026-09-18 16:54:33.553,81,0,0,0,"{""event_name"": ""lock_acquired"", ""timestamp"": ""2026-09-18 16:54:33.553"", ""session_id"": 81, ""resource_type"": ""OBJECT"", ""mode"": ""IX""}",OBJECT,IX,UNKNOWN
lock_acquired,2026-09-18 16:54:33.553,81,0,0,0,"{""event_name"": ""lock_acquired"", ""timestamp"": ""2026-09-18 16:54:33.553"", ""session_id"": 81, ""resource_type"": ""OBJECT"", ""mode"": ""IS""}",OBJECT,IS,UNKNOWN
lock_acquired,2026-09-18 16:54:33.553,77,0,0,0,"{""event_name"": ""lock_acquired"", ""timestamp"": ""2026-09-18 16:54:33.553"", ""session_id"": 77, ""resource_type"": ""PAGE"", ""mode"": ""S""}",PAGE,S,UNKNOWN
lock_acquired,2026-09-18 16:54:33.553,76,0,0,0,"{""event_name"": ""lock_acquired"", ""timestamp"": ""2026-09-18 16:54:33.553"", ""session_id"": 76, ""resource_type"": ""OBJECT"", ""mode"": ""IS""}",OBJECT,IS,UNKNOWN
lock_released,2026-09-18 16:54:33.553,76,0,0,0,"{""event_name"": ""lock_released"", ""timestamp"": ""2026-09-18 16:54:33.553"", ""session_id"": 76, ""resource_type"": ""KEY"", ""mode"": ""X""}",KEY,X,UNKNOWN
lock_released,2026-09-18 16:54:33.553,84,0,0,0,"{""event_name"": ""lock_released"", ""timestamp"": ""2026-09-18 16:54:33.553"", ""session_id"": 84, ""resource_type"": ""PAGE"", ""mode"": ""S""}",PAGE,S,UNKNOWN
lock_released,2026-09-18 16:54:33.553,85,0,0,0,"{""event_name"": ""lock_released"", ""timestamp"": ""2026-09-18 16:54:33.553"", ""session_id"": 85, ""resource_type"": ""OBJECT"", ""mode"": ""IX""}",OBJECT,IX,UNKNOWN
lock_released,2026-09-18 16:54:33.553,79,0,0,0,"{""event_name"": ""lock_released"", ""timestamp"": ""2026-09-18 16:54:33.553"", ""session_id"": 79, ""resource_type"": ""OBJECT"", ""mode"": ""IS""}",OBJECT,IS,UNKNOWN
lock_released,2026-09-18 16:54:33.553,84,0,0,0,"{""event_name"": ""lock_released"", ""timestamp"": ""2026-09-18 16:54:33.553"", ""session_id"": 84, ""resource_type"": ""OBJECT"", ""mode"": ""IS""}",OBJECT,IS,UNKNOWN
lock_released,2026-09-18 16:54:33.553,84,0,0,0,"{""event_name"": ""lock_released"", ""timestamp"": ""2026-09-18 16:54:33.553"", ""session_id"": 84, ""resource_type"": ""OBJECT"", ""mode"": ""IX""}",OBJECT,IX,UNKNOWN
lock_released,2026-09-18 16:54:33.553,79,0,0,0,"{""event_name"": ""lock_released"", ""timestamp"": ""2026-09-18 16:54:33.553"", ""session_id"": 79, ""resource_type"": ""OBJECT"", ""mode"": ""IX""}",OBJECT,IX,UNKNOWN
lock_released,2026-09-18 16:54:33.553,81,0,0,0,"{""event_name"": ""lock_released"", ""timestamp"": ""2026-09-18 16:54:33.553"", ""session_id"": 81, ""resource_type"": ""OBJECT"", ""mode"": ""Sch-S""}",OBJECT,Sch-S,UNKNOWN
lock_released,2026-09-18 16:54:33.553,76,0,0,0,"{""event_name"": ""lock_released"", ""timestamp"": ""2026-09-18 16:54:33.553"", ""session_id"": 76, ""resource_type"": ""PAGE"", ""mode"": ""IX""}",PAGE,IX,UNKNOWN
lock_released,2026-09-18 16:54:33.553,85,0,0,0,"{""event_name"": ""lock_released"", ""timestamp"": ""2026-09-18 16:54:33.553"", ""session_id"": 85, ""resource_type"": ""OBJECT"", ""mode"": ""IS""}",OBJECT,IS,UNKNOWN
lock_released,2026-09-18 16:54:33.553,81,0,0,0,"{""event_name"": ""lock_released"", ""timestamp"": ""2026-09-18 16:54:33.553"", ""session_id"": 81, ""resource_type"": ""METADATA"", ""mode"": ""Sch-S""}",METADATA,Sch-S,UNKNOWN
lock_acquired,2026-09-18 16:54:38.601,80,0,0,0,"{""event_name"": ""lock_acquired"", ""timestamp"": ""2026-09-18 16:54:38.601"", ""session_id"": 80, ""resource_type"": ""METADATA"", ""mode"": ""Sch-S""}",METADATA,Sch-S,UNKNOWN
lock_acquired,2026-09-18 16:54:38.601,85,0,0,0,"{""event_name"": ""lock_acquired"", ""timestamp"": ""2026-09-18 16:54:38.601"", ""session_id"": 85, ""resource_type"": ""OBJECT"", ""mode"": ""IX""}",OBJECT,IX,UNKNOWN
lock_acquired,2026-09-18 16:54:38.601,80,0,0,0,"{""event_name"": ""lock_acquired"", ""timestamp"": ""2026-09-18 16:54:38.601"", ""session_id"": 80, ""resource_type"": ""OBJECT"", ""mode"": ""Sch-S""}",OBJECT,Sch-S,UNKNOWN
lock_acquired,2026-09-18 16:54:38.601,79,0,0,0,"{""event_name"": ""lock_acquired"", ""timestamp"": ""2026-09-18 16:54:38.601"", ""session_id"": 79, ""resource_type"": ""OBJECT"", ""mode"": ""IS""}",OBJECT,IS,UNKNOWN
lock_acquired,2026-09-18 16:54:38.601,79,0,0,0,"{""event_name"": ""lock_acquired"", ""timestamp"": ""2026-09-18 16:54:38.601"", ""session_id"": 79, ""resource_type"": ""OBJECT"", ""mode"": ""IX""}",OBJECT,IX,UNKNOWN
lock_acquired,2026-09-18 16:54:38.601,85,0,0,0,"{""event_name"": ""lock_acquired"", ""timestamp"": ""2026-09-18 16:54:38.601"", ""session_id"": 85, ""resource_type"": ""OBJECT"", ""mode"": ""IS""}",OBJECT,IS,UNKNOWN
lock_released,2026-09-18 16:54:38.601,85,0,0,0,"{""event_name"": ""lock_released"", ""timestamp"": ""2026-09-18 16:54:38.601"", ""session_id"": 85, ""resource_type"": ""OBJECT"", ""mode"": ""Sch-S""}",OBJECT,Sch-S,UNKNOWN
lock_released,2026-09-18 16:54:38.601,77,0,0,0,"{""event_name"": ""lock_released"", ""timestamp"": ""2026-09-18 16:54:38.601"", ""session_id"": 77, ""resource_type"": ""OBJECT"", ""mode"": ""IS""}",OBJECT,IS,UNKNOWN
lock_released,2026-09-18 16:54:38.601,77,0,0,0,"{""event_name"": ""lock_released"", ""timestamp"": ""2026-09-18 16:54:38.601"", ""session_id"": 77, ""resource_type"": ""OBJECT"", ""mode"": ""IX""}",OBJECT,IX,UNKNOWN
lock_released,2026-09-18 16:54:38.601,81,0,0,0,"{""event_name"": ""lock_released"", ""timestamp"": ""2026-09-18 16:54:38.601"", ""session_id"": 81, ""resource_type"": ""OBJECT"", ""mode"": ""IX""}",OBJECT,IX,UNKNOWN
lock_released,2026-09-18 16:54:38.601,80,0,0,0,"{""event_name"": ""lock_released"", ""timestamp"": ""2026-09-18 16:54:38.601"", ""session_id"": 80, ""resource_type"": ""OBJECT"", ""mode"": ""IS""}",OBJECT,IS,UNKNOWN
lock_released,2026-09-18 16:54:38.601,80,0,0,0,"{""event_name"": ""lock_released"", ""timestamp"": ""2026-09-18 16:54:38.601"", ""session_id"": 80, ""resource_type"": ""OBJECT"", ""mode"": ""IX""}",OBJECT,IX,UNKNOWN
lock_released,2026-09-18 16:54:38.601,81,0,0,0,"{""event_name"": ""lock_released"", ""timestamp"": ""2026-09-18 16:54:38.601"", ""session_id"": 81, ""resource_type"": ""OBJECT"", ""mode"": ""IS""}",OBJECT,IS,UNKNOWN
lock_released,2026-09-18 16:54:38.601,76,0,0,0,"{""event_name"": ""lock_released"", ""timestamp"": ""2026-09-18 16:54:38.601"", ""session_id"": 76, ""resource_type"": ""OBJECT"", ""mode"": ""IX""}",OBJECT,IX,UNKNOWN
lock_released,2026-09-18 16:54:38.601,77,0,0,0,"{""event_name"": ""lock_released"", ""timestamp"": ""2026-09-18 16:54:38.601"", ""session_id"": 77, ""resource_type"": ""PAGE"", ""mode"": ""S""}",PAGE,S,UNKNOWN
lock_released,2026-09-18 16:54:38.601,76,0,0,0,"{""event_name"": ""lock_released"", ""timestamp"": ""2026-09-18 16:54:38.601"", ""session_id"": 76, ""resource_type"": ""OBJECT"", ""mode"": ""IS""}",OBJECT,IS,UNKNOWN
logout,2026-09-18 16:54:43.632,68,0,0,0,"{""event_name"": ""logout"", ""timestamp"": ""2026-09-18 16:54:43.632"", ""session_id"": 68}",0,0,UNKNOWN
lock_acquired,2026-09-18 16:54:43.632,76,0,0,0,"{""event_name"": ""lock_acquired"", ""timestamp"": ""2026-09-18 16:54:43.632"", ""session_id"": 76, ""resource_type"": ""KEY"", ""mode"": ""X""}",KEY,X,UNKNOWN
lock_acquired,2026-09-18 16:54:43.632,77,0,0,0,"{""event_name"": ""lock_acquired"", ""timestamp"": ""2026-09-18 16:54:43.632"", ""session_id"": 77, ""resource_type"": ""OBJECT"", ""mode"": ""IS""}",OBJECT,IS,UNKNOWN
lock_acquired,2026-09-18 16:54:43.632,79,0,0,0,"{""event_name"": ""lock_acquired"", ""timestamp"": ""2026-09-18 16:54:43.632"", ""session_id"": 79, ""resource_type"": ""OBJECT"", ""mode"": ""Sch-S""}",OBJECT,Sch-S,UNKNOWN
lock_acquired,2026-09-18 16:54:43.632,77,0,0,0,"{""event_name"": ""lock_acquired"", ""timestamp"": ""2026-09-18 16:54:43.632"", ""session_id"": 77, ""resource_type"": ""OBJECT"", ""mode"": ""IX""}",OBJECT,IX,UNKNOWN
lock_acquired,2026-09-18 16:54:43.632,81,0,0,0,"{""event_name"": ""lock_acquired"", ""timestamp"": ""2026-09-18 16:54:43.632"", ""session_id"": 81, ""resource_type"": ""OBJECT"", ""mode"": ""IX""}",OBJECT,IX,UNKNOWN
lock_acquired,2026-09-18 16:54:43.632,80,0,0,0,"{""event_name"": ""lock_acquired"", ""timestamp"": ""2026-09-18 16:54:43.632"", ""session_id"": 80, ""resource_type"": ""OBJECT"", ""mode"": ""IS""}",OBJECT,IS,UNKNOWN
lock_acquired,2026-09-18 16:54:43.632,82,0,0,0,"{""event_name"": ""lock_acquired"", ""timestamp"": ""2026-09-18 16:54:43.632"", ""session_id"": 82, ""resource_type"": ""PAGE"", ""mode"": ""S""}",PAGE,S,UNKNOWN
lock_acquired,2026-09-18 16:54:43.632,80,0,0,0,"{""event_name"": ""lock_acquired"", ""timestamp"": ""2026-09-18 16:54:43.632"", ""session_id"": 80, ""resource_type"": ""OBJECT"", ""mode"": ""IX""}",OBJECT,IX,UNKNOWN
lock_acquired,2026-09-18 16:54:43.632,81,0,0,0,"{""event_name"": ""lock_acquired"", ""timestamp"": ""2026-09-18 16:54:43.632"", ""session_id"": 81, ""resource_type"": ""OBJECT"", ""mode"": ""IS""}",OBJECT,IS,UNKNOWN
lock_acquired,2026-09-18 16:54:43.632,79,0,0,0,"{""event_name"": ""lock_acquired"", ""timestamp"": ""2026-09-18 16:54:43.632"", ""session_id"": 79, ""resource_type"": ""METADATA"", ""mode"": ""Sch-S""}",METADATA,Sch-S,UNKNOWN
lock_acquired,2026-09-18 16:54:43.632,84,0,0,0,"{""event_name"": ""lock_acquired"", ""timestamp"": ""2026-09-18 16:54:43.632"", ""session_id"": 84, ""resource_type"": ""OBJECT"", ""mode"": ""IS""}",OBJECT,IS,UNKNOWN
lock_acquired,2026-09-18 16:54:43.632,84,0,0,0,"{""event_name"": ""lock_acquired"", ""timestamp"": ""2026-09-18 16:54:43.632"", ""session_id"": 84, ""resource_type"": ""OBJECT"", ""mode"": ""IX""}",OBJECT,IX,UNKNOWN
lock_acquired,2026-09-18 16:54:43.632,81,0,0,0,"{""event_name"": ""lock_acquired"", ""timestamp"": ""2026-09-18 16:54:43.632"", ""session_id"": 81, ""resource_type"": ""PAGE"", ""mode"": ""S""}",PAGE,S,UNKNOWN
lock_acquired,2026-09-18 16:54:43.632,80,0,0,0,"{""event_name"": ""lock_acquired"", ""timestamp"": ""2026-09-18 16:54:43.632"", ""session_id"": 80, ""resource_type"": ""PAGE"", ""mode"": ""S""}",PAGE,S,UNKNOWN
lock_released,2026-09-18 16:54:43.632,79,0,0,0,"{""event_name"": ""lock_released"", ""timestamp"": ""2026-09-18 16:54:43.632"", ""session_id"": 79, ""resource_type"": ""OBJECT"", ""mode"": ""IX""}",OBJECT,IX,UNKNOWN
lock_released,2026-09-18 16:54:43.632,80,0,0,0,"{""event_name"": ""lock_released"", ""timestamp"": ""2026-09-18 16:54:43.632"", ""session_id"": 80, ""resource_type"": ""METADATA"", ""mode"": ""Sch-S""}",METADATA,Sch-S,UNKNOWN
lock_released,2026-09-18 16:54:43.632,79,0,0,0,"{""event_name"": ""lock_released"", ""timestamp"": ""2026-09-18 16:54:43.632"", ""session_id"": 79, ""resource_type"": ""OBJECT"", ""mode"": ""IS""}",OBJECT,IS,UNKNOWN
lock_released,2026-09-18 16:54:43.632,80,0,0,0,"{""event_name"": ""lock_released"", ""timestamp"": ""2026-09-18 16:54:43.632"", ""session_id"": 80, ""resource_type"": ""OBJECT"", ""mode"": ""Sch-S""}",OBJECT,Sch-S,UNKNOWN
lock_acquired,2026-09-18 16:54:48.687,79,0,0,0,"{""event_name"": ""lock_acquired"", ""timestamp"": ""2026-09-18 16:54:48.687"", ""session_id"": 79, ""resource_type"": ""KEY"", ""mode"": ""X""}",KEY,X,UNKNOWN
lock_acquired,2026-09-18 16:54:48.687,79,0,0,0,"{""event_name"": ""lock_acquired"", ""timestamp"": ""2026-09-18 16:54:48.687"", ""session_id"": 79, ""resource_type"": ""PAGE"", ""mode"": ""IX""}",PAGE,IX,UNKNOWN
lock_acquired,2026-09-18 16:54:48.687,76,0,0,0,"{""event_name"": ""lock_acquired"", ""timestamp"": ""2026-09-18 16:54:48.687"", ""session_id"": 76, ""resource_type"": ""PAGE"", ""mode"": ""S""}",PAGE,S,UNKNOWN
lock_acquired,2026-09-18 16:54:48.687,76,0,0,0,"{""event_name"": ""lock_acquired"", ""timestamp"": ""2026-09-18 16:54:48.687"", ""session_id"": 76, ""resource_type"": ""OBJECT"", ""mode"": ""IX""}",OBJECT,IX,UNKNOWN
lock_acquired,2026-09-18 16:54:48.687,79,0,0,0,"{""event_name"": ""lock_acquired"", ""timestamp"": ""2026-09-18 16:54:48.687"", ""session_id"": 79, ""resource_type"": ""OBJECT"", ""mode"": ""IX""}",OBJECT,IX,UNKNOWN
lock_acquired,2026-09-18 16:54:48.687,76,0,0,0,"{""event_name"": ""lock_acquired"", ""timestamp"": ""2026-09-18 16:54:48.687"", ""session_id"": 76, ""resource_type"": ""OBJECT"", ""mode"": ""IS""}",OBJECT,IS,UNKNOWN
lock_released,2026-09-18 16:54:48.687,76,0,0,0,"{""event_name"": ""lock_released"", ""timestamp"": ""2026-09-18 16:54:48.687"", ""session_id"": 76, ""resource_type"": ""KEY"", ""mode"": ""X""}",KEY,X,UNKNOWN
lock_released,2026-09-18 16:54:48.687,83,0,0,0,"{""event_name"": ""lock_released"", ""timestamp"": ""2026-09-18 16:54:48.687"", ""session_id"": 83, ""resource_type"": ""OBJECT"", ""mode"": ""IX""}",OBJECT,IX,UNKNOWN
lock_released,2026-09-18 16:54:48.687,79,0,0,0,"{""event_name"": ""lock_released"", ""timestamp"": ""2026-09-18 16:54:48.687"", ""session_id"": 79, ""resource_type"": ""OBJECT"", ""mode"": ""Sch-S""}",OBJECT,Sch-S,UNKNOWN
lock_released,2026-09-18 16:54:48.687,83,0,0,0,"{""event_name"": ""lock_released"", ""timestamp"": ""2026-09-18 16:54:48.687"", ""session_id"": 83, ""resource_type"": ""OBJECT"", ""mode"": ""IS""}",OBJECT,IS,UNKNOWN
lock_released,2026-09-18 16:54:48.687,78,0,0,0,"{""event_name"": ""lock_released"", ""timestamp"": ""2026-09-18 16:54:48.687"", ""session_id"": 78, ""resource_type"": ""OBJECT"", ""mode"": ""IX""}",OBJECT,IX,UNKNOWN
lock_released,2026-09-18 16:54:48.687,79,0,0,0,"{""event_name"": ""lock_released"", ""timestamp"": ""2026-09-18 16:54:48.687"", ""session_id"": 79, ""resource_type"": ""METADATA"", ""mode"": ""Sch-S""}",METADATA,Sch-S,UNKNOWN
lock_released,2026-09-18 16:54:48.687,78,0,0,0,"{""event_name"": ""lock_released"", ""timestamp"": ""2026-09-18 16:54:48.687"", ""session_id"": 78, ""resource_type"": ""OBJECT"", ""mode"": ""IS""}",OBJECT,IS,UNKNOWN
lock_released,2026-09-18 16:54:48.687,81,0,0,0,"{""event_name"": ""lock_released"", ""timestamp"": ""2026-09-18 16:54:48.687"", ""session_id"": 81, ""resource_type"": ""PAGE"", ""mode"": ""S""}",PAGE,S,UNKNOWN
lock_released,2026-09-18 16:54:48.687,80,0,0,0,"{""event_name"": ""lock_released"", ""timestamp"": ""2026-09-18 16:54:48.687"", ""session_id"": 80, ""resource_type"": ""PAGE"", ""mode"": ""S""}",PAGE,S,UNKNOWN
login,2026-09-18 16:54:53.710,68,sa,unknown,SteelNort,"{""event_name"": ""login"", ""timestamp"": ""2026-09-18 16:54:53.710"", ""session_id"": 68, ""login_name"": ""sa"", ""program_name"": ""unknown"", ""database_name"": ""SteelNort""}",0,0,UNKNOWN
login,2026-09-18 16:54:53.710,75,sa,unknown,SteelNort,"{""event_name"": ""login"", ""timestamp"": ""2026-09-18 16:54:53.710"", ""session_id"": 75, ""login_name"": ""sa"", ""program_name"": ""unknown"", ""database_name"": ""SteelNort""}",0,0,UNKNOWN
login,2026-09-18 16:54:53.710,86,sa,unknown,SteelNort,"{""event_name"": ""login"", ""timestamp"": ""2026-09-18 16:54:53.710"", ""session_id"": 86, ""login_name"": ""sa"", ""program_name"": ""unknown"", ""database_name"": ""SteelNort""}",0,0,UNKNOWN
login,2026-09-18 16:54:53.710,87,sa,unknown,SteelNort,"{""event_name"": ""login"", ""timestamp"": ""2026-09-18 16:54:53.710"", ""session_id"": 87, ""login_name"": ""sa"", ""program_name"": ""unknown"", ""database_name"": ""SteelNort""}",0,0,UNKNOWN
login,2026-09-18 16:54:53.710,88,sa,unknown,SteelNort,"{""event_name"": ""login"", ""timestamp"": ""2026-09-18 16:54:53.710"", ""session_id"": 88, ""login_name"": ""sa"", ""program_name"": ""unknown"", ""database_name"": ""SteelNort""}",0,0,UNKNOWN
login,2026-09-18 16:54:53.710,89,sa,unknown,SteelNort,"{""event_name"": ""login"", ""timestamp"": ""2026-09-18 16:54:53.710"", ""session_id"": 89, ""login_name"": ""sa"", ""program_name"": ""unknown"", ""database_name"": ""SteelNort""}",0,0,UNKNOWN
lock_acquired,2026-09-18 16:54:53.710,83,0,0,0,"{""event_name"": ""lock_acquired"", ""timestamp"": ""2026-09-18 16:54:53.710"", ""session_id"": 83, ""resource_type"": ""OBJECT"", ""mode"": ""IX""}",OBJECT,IX,UNKNOWN
lock_acquired,2026-09-18 16:54:53.710,84,0,0,0,"{""event_name"": ""lock_acquired"", ""timestamp"": ""2026-09-18 16:54:53.710"", ""session_id"": 84, ""resource_type"": ""KEY"", ""mode"": ""S""}",KEY,S,UNKNOWN
lock_acquired,2026-09-18 16:54:53.710,83,0,0,0,"{""event_name"": ""lock_acquired"", ""timestamp"": ""2026-09-18 16:54:53.710"", ""session_id"": 83, ""resource_type"": ""OBJECT"", ""mode"": ""IS""}",OBJECT,IS,UNKNOWN
lock_acquired,2026-09-18 16:54:53.710,78,0,0,0,"{""event_name"": ""lock_acquired"", ""timestamp"": ""2026-09-18 16:54:53.710"", ""session_id"": 78, ""resource_type"": ""OBJECT"", ""mode"": ""Sch-S""}",OBJECT,Sch-S,UNKNOWN
lock_acquired,2026-09-18 16:54:53.710,84,0,0,0,"{""event_name"": ""lock_acquired"", ""timestamp"": ""2026-09-18 16:54:53.710"", ""session_id"": 84, ""resource_type"": ""OBJECT"", ""mode"": ""Sch-S""}",OBJECT,Sch-S,UNKNOWN
lock_acquired,2026-09-18 16:54:53.710,79,0,0,0,"{""event_name"": ""lock_acquired"", ""timestamp"": ""2026-09-18 16:54:53.710"", ""session_id"": 79, ""resource_type"": ""OBJECT"", ""mode"": ""IS""}",OBJECT,IS,UNKNOWN
lock_released,2026-09-18 16:54:53.710,79,0,0,0,"{""event_name"": ""lock_released"", ""timestamp"": ""2026-09-18 16:54:53.710"", ""session_id"": 79, ""resource_type"": ""KEY"", ""mode"": ""X""}",KEY,X,UNKNOWN
lock_released,2026-09-18 16:54:53.710,77,0,0,0,"{""event_name"": ""lock_released"", ""timestamp"": ""2026-09-18 16:54:53.710"", ""session_id"": 77, ""resource_type"": ""OBJECT"", ""mode"": ""IS""}",OBJECT,IS,UNKNOWN
lock_released,2026-09-18 16:54:53.710,77,0,0,0,"{""event_name"": ""lock_released"", ""timestamp"": ""2026-09-18 16:54:53.710"", ""session_id"": 77, ""resource_type"": ""OBJECT"", ""mode"": ""IX""}",OBJECT,IX,UNKNOWN
lock_released,2026-09-18 16:54:53.710,82,0,0,0,"{""event_name"": ""lock_released"", ""timestamp"": ""2026-09-18 16:54:53.710"", ""session_id"": 82, ""resource_type"": ""PAGE"", ""mode"": ""S""}",PAGE,S,UNKNOWN
lock_released,2026-09-18 16:54:53.710,79,0,0,0,"{""event_name"": ""lock_released"", ""timestamp"": ""2026-09-18 16:54:53.710"", ""session_id"": 79, ""resource_type"": ""PAGE"", ""mode"": ""IX""}",PAGE,IX,UNKNOWN
lock_released,2026-09-18 16:54:53.710,76,0,0,0,"{""event_name"": ""lock_released"", ""timestamp"": ""2026-09-18 16:54:53.710"", ""session_id"": 76, ""resource_type"": ""PAGE"", ""mode"": ""S""}",PAGE,S,UNKNOWN
lock_released,2026-09-18 16:54:53.710,84,0,0,0,"{""event_name"": ""lock_released"", ""timestamp"": ""2026-09-18 16:54:53.710"", ""session_id"": 84, ""resource_type"": ""OBJECT"", ""mode"": ""IS""}",OBJECT,IS,UNKNOWN
lock_released,2026-09-18 16:54:53.710,76,0,0,0,"{""event_name"": ""lock_released"", ""timestamp"": ""2026-09-18 16:54:53.710"", ""session_id"": 76, ""resource_type"": ""OBJECT"", ""mode"": ""IX""}",OBJECT,IX,UNKNOWN
lock_released,2026-09-18 16:54:53.710,84,0,0,0,"{""event_name"": ""lock_released"", ""timestamp"": ""2026-09-18 16:54:53.710"", ""session_id"": 84, ""resource_type"": ""OBJECT"", ""mode"": ""IX""}",OBJECT,IX,UNKNOWN
lock_released,2026-09-18 16:54:53.710,76,0,0,0,"{""event_name"": ""lock_released"", ""timestamp"": ""2026-09-18 16:54:53.710"", ""session_id"": 76, ""resource_type"": ""OBJECT"", ""mode"": ""IS""}",OBJECT,IS,UNKNOWN
lock_acquired,2026-09-18 16:54:58.744,84,0,0,0,"{""event_name"": ""lock_acquired"", ""timestamp"": ""2026-09-18 16:54:58.744"", ""session_id"": 84, ""resource_type"": ""OBJECT"", ""mode"": ""IX""}",OBJECT,IX,UNKNOWN
lock_acquired,2026-09-18 16:54:58.744,84,0,0,0,"{""event_name"": ""lock_acquired"", ""timestamp"": ""2026-09-18 16:54:58.744"", ""session_id"": 84, ""resource_type"": ""OBJECT"", ""mode"": ""IS""}",OBJECT,IS,UNKNOWN
lock_acquired,2026-09-18 16:54:58.744,76,0,0,0,"{""event_name"": ""lock_acquired"", ""timestamp"": ""2026-09-18 16:54:58.744"", ""session_id"": 76, ""resource_type"": ""OBJECT"", ""mode"": ""IX""}",OBJECT,IX,UNKNOWN
lock_acquired,2026-09-18 16:54:58.744,81,0,0,0,"{""event_name"": ""lock_acquired"", ""timestamp"": ""2026-09-18 16:54:58.744"", ""session_id"": 81, ""resource_type"": ""PAGE"", ""mode"": ""S""}",PAGE,S,UNKNOWN
lock_acquired,2026-09-18 16:54:58.744,76,0,0,0,"{""event_name"": ""lock_acquired"", ""timestamp"": ""2026-09-18 16:54:58.744"", ""session_id"": 76, ""resource_type"": ""OBJECT"", ""mode"": ""IS""}",OBJECT,IS,UNKNOWN
lock_released,2026-09-18 16:54:58.744,84,0,0,0,"{""event_name"": ""lock_released"", ""timestamp"": ""2026-09-18 16:54:58.744"", ""session_id"": 84, ""resource_type"": ""OBJECT"", ""mode"": ""Sch-S""}",OBJECT,Sch-S,UNKNOWN
lock_released,2026-09-18 16:54:58.744,84,0,0,0,"{""event_name"": ""lock_released"", ""timestamp"": ""2026-09-18 16:54:58.744"", ""session_id"": 84, ""resource_type"": ""KEY"", ""mode"": ""S""}",KEY,S,UNKNOWN
lock_released,2026-09-18 16:54:58.744,78,0,0,0,"{""event_name"": ""lock_released"", ""timestamp"": ""2026-09-18 16:54:58.744"", ""session_id"": 78, ""resource_type"": ""OBJECT"", ""mode"": ""Sch-S""}",OBJECT,Sch-S,UNKNOWN
lock_acquired,2026-09-18 16:55:03.775,77,0,0,0,"{""event_name"": ""lock_acquired"", ""timestamp"": ""2026-09-18 16:55:03.775"", ""session_id"": 77, ""resource_type"": ""OBJECT"", ""mode"": ""IS""}",OBJECT,IS,UNKNOWN
lock_acquired,2026-09-18 16:55:03.775,77,0,0,0,"{""event_name"": ""lock_acquired"", ""timestamp"": ""2026-09-18 16:55:03.775"", ""session_id"": 77, ""resource_type"": ""OBJECT"", ""mode"": ""IX""}",OBJECT,IX,UNKNOWN
lock_acquired,2026-09-18 16:55:03.775,78,0,0,0,"{""event_name"": ""lock_acquired"", ""timestamp"": ""2026-09-18 16:55:03.775"", ""session_id"": 78, ""resource_type"": ""KEY"", ""mode"": ""S""}",KEY,S,UNKNOWN
lock_acquired,2026-09-18 16:55:03.775,79,0,0,0,"{""event_name"": ""lock_acquired"", ""timestamp"": ""2026-09-18 16:55:03.775"", ""session_id"": 79, ""resource_type"": ""PAGE"", ""mode"": ""S""}",PAGE,S,UNKNOWN
lock_acquired,2026-09-18 16:55:03.775,78,0,0,0,"{""event_name"": ""lock_acquired"", ""timestamp"": ""2026-09-18 16:55:03.775"", ""session_id"": 78, ""resource_type"": ""PAGE"", ""mode"": ""IS""}",PAGE,IS,UNKNOWN
lock_acquired,2026-09-18 16:55:03.775,85,0,0,0,"{""event_name"": ""lock_acquired"", ""timestamp"": ""2026-09-18 16:55:03.775"", ""session_id"": 85, ""resource_type"": ""PAGE"", ""mode"": ""IX""}",PAGE,IX,UNKNOWN
lock_acquired,2026-09-18 16:55:03.775,78,0,0,0,"{""event_name"": ""lock_acquired"", ""timestamp"": ""2026-09-18 16:55:03.775"", ""session_id"": 78, ""resource_type"": ""OBJECT"", ""mode"": ""IS""}",OBJECT,IS,UNKNOWN
lock_acquired,2026-09-18 16:55:03.775,85,0,0,0,"{""event_name"": ""lock_acquired"", ""timestamp"": ""2026-09-18 16:55:03.775"", ""session_id"": 85, ""resource_type"": ""KEY"", ""mode"": ""X""}",KEY,X,UNKNOWN
lock_released,2026-09-18 16:55:03.775,81,0,0,0,"{""event_name"": ""lock_released"", ""timestamp"": ""2026-09-18 16:55:03.775"", ""session_id"": 81, ""resource_type"": ""PAGE"", ""mode"": ""S""}",PAGE,S,UNKNOWN
lock_released,2026-09-18 16:55:03.775,81,0,0,0,"{""event_name"": ""lock_released"", ""timestamp"": ""2026-09-18 16:55:03.775"", ""session_id"": 81, ""resource_type"": ""OBJECT"", ""mode"": ""IS""}",OBJECT,IS,UNKNOWN
lock_released,2026-09-18 16:55:03.775,81,0,0,0,"{""event_name"": ""lock_released"", ""timestamp"": ""2026-09-18 16:55:03.775"", ""session_id"": 81, ""resource_type"": ""OBJECT"", ""mode"": ""IX""}",OBJECT,IX,UNKNOWN
lock_released,2026-09-18 16:55:03.775,85,0,0,0,"{""event_name"": ""lock_released"", ""timestamp"": ""2026-09-18 16:55:03.775"", ""session_id"": 85, ""resource_type"": ""OBJECT"", ""mode"": ""IS""}",OBJECT,IS,UNKNOWN
lock_acquired,2026-09-18 16:55:08.811,78,0,0,0,"{""event_name"": ""lock_acquired"", ""timestamp"": ""2026-09-18 16:55:08.811"", ""session_id"": 78, ""resource_type"": ""OBJECT"", ""mode"": ""IX""}",OBJECT,IX,UNKNOWN
lock_acquired,2026-09-18 16:55:08.811,85,0,0,0,"{""event_name"": ""lock_acquired"", ""timestamp"": ""2026-09-18 16:55:08.811"", ""session_id"": 85, ""resource_type"": ""OBJECT"", ""mode"": ""IS""}",OBJECT,IS,UNKNOWN
lock_released,2026-09-18 16:55:08.811,83,0,0,0,"{""event_name"": ""lock_released"", ""timestamp"": ""2026-09-18 16:55:08.811"", ""session_id"": 83, ""resource_type"": ""OBJECT"", ""mode"": ""IX""}",OBJECT,IX,UNKNOWN
lock_released,2026-09-18 16:55:08.811,77,0,0,0,"{""event_name"": ""lock_released"", ""timestamp"": ""2026-09-18 16:55:08.811"", ""session_id"": 77, ""resource_type"": ""OBJECT"", ""mode"": ""IS""}",OBJECT,IS,UNKNOWN
lock_released,2026-09-18 16:55:08.811,77,0,0,0,"{""event_name"": ""lock_released"", ""timestamp"": ""2026-09-18 16:55:08.811"", ""session_id"": 77, ""resource_type"": ""OBJECT"", ""mode"": ""IX""}",OBJECT,IX,UNKNOWN
lock_released,2026-09-18 16:55:08.811,78,0,0,0,"{""event_name"": ""lock_released"", ""timestamp"": ""2026-09-18 16:55:08.811"", ""session_id"": 78, ""resource_type"": ""KEY"", ""mode"": ""S""}",KEY,S,UNKNOWN
lock_released,2026-09-18 16:55:08.811,83,0,0,0,"{""event_name"": ""lock_released"", ""timestamp"": ""2026-09-18 16:55:08.811"", ""session_id"": 83, ""resource_type"": ""OBJECT"", ""mode"": ""IS""}",OBJECT,IS,UNKNOWN
lock_released,2026-09-18 16:55:08.811,79,0,0,0,"{""event_name"": ""lock_released"", ""timestamp"": ""2026-09-18 16:55:08.811"", ""session_id"": 79, ""resource_type"": ""PAGE"", ""mode"": ""S""}",PAGE,S,UNKNOWN
lock_released,2026-09-18 16:55:08.811,78,0,0,0,"{""event_name"": ""lock_released"", ""timestamp"": ""2026-09-18 16:55:08.811"", ""session_id"": 78, ""resource_type"": ""PAGE"", ""mode"": ""IS""}",PAGE,IS,UNKNOWN
lock_released,2026-09-18 16:55:08.811,85,0,0,0,"{""event_name"": ""lock_released"", ""timestamp"": ""2026-09-18 16:55:08.811"", ""session_id"": 85, ""resource_type"": ""PAGE"", ""mode"": ""IX""}",PAGE,IX,UNKNOWN
lock_released,2026-09-18 16:55:08.811,85,0,0,0,"{""event_name"": ""lock_released"", ""timestamp"": ""2026-09-18 16:55:08.811"", ""session_id"": 85, ""resource_type"": ""KEY"", ""mode"": ""X""}",KEY,X,UNKNOWN
lock_acquired,2026-09-18 16:55:13.855,84,0,0,0,"{""event_name"": ""lock_acquired"", ""timestamp"": ""2026-09-18 16:55:13.855"", ""session_id"": 84, ""resource_type"": ""PAGE"", ""mode"": ""S""}",PAGE,S,UNKNOWN
lock_acquired,2026-09-18 16:55:13.855,83,0,0,0,"{""event_name"": ""lock_acquired"", ""timestamp"": ""2026-09-18 16:55:13.855"", ""session_id"": 83, ""resource_type"": ""OBJECT"", ""mode"": ""IX""}",OBJECT,IX,UNKNOWN
lock_acquired,2026-09-18 16:55:13.855,77,0,0,0,"{""event_name"": ""lock_acquired"", ""timestamp"": ""2026-09-18 16:55:13.855"", ""session_id"": 77, ""resource_type"": ""OBJECT"", ""mode"": ""IX""}",OBJECT,IX,UNKNOWN
lock_acquired,2026-09-18 16:55:13.855,77,0,0,0,"{""event_name"": ""lock_acquired"", ""timestamp"": ""2026-09-18 16:55:13.855"", ""session_id"": 77, ""resource_type"": ""OBJECT"", ""mode"": ""IS""}",OBJECT,IS,UNKNOWN
lock_acquired,2026-09-18 16:55:13.855,83,0,0,0,"{""event_name"": ""lock_acquired"", ""timestamp"": ""2026-09-18 16:55:13.855"", ""session_id"": 83, ""resource_type"": ""OBJECT"", ""mode"": ""IS""}",OBJECT,IS,UNKNOWN
lock_acquired,2026-09-18 16:55:18.898,81,0,0,0,"{""event_name"": ""lock_acquired"", ""timestamp"": ""2026-09-18 16:55:18.898"", ""session_id"": 81, ""resource_type"": ""PAGE"", ""mode"": ""S""}",PAGE,S,UNKNOWN
lock_acquired,2026-09-18 16:55:18.898,81,0,0,0,"{""event_name"": ""lock_acquired"", ""timestamp"": ""2026-09-18 16:55:18.898"", ""session_id"": 81, ""resource_type"": ""OBJECT"", ""mode"": ""IS""}",OBJECT,IS,UNKNOWN
lock_acquired,2026-09-18 16:55:18.898,81,0,0,0,"{""event_name"": ""lock_acquired"", ""timestamp"": ""2026-09-18 16:55:18.898"", ""session_id"": 81, ""resource_type"": ""OBJECT"", ""mode"": ""IX""}",OBJECT,IX,UNKNOWN
lock_acquired,2026-09-18 16:55:18.898,77,0,0,0,"{""event_name"": ""lock_acquired"", ""timestamp"": ""2026-09-18 16:55:18.898"", ""session_id"": 77, ""resource_type"": ""OBJECT"", ""mode"": ""Sch-S""}",OBJECT,Sch-S,UNKNOWN
lock_released,2026-09-18 16:55:18.898,84,0,0,0,"{""event_name"": ""lock_released"", ""timestamp"": ""2026-09-18 16:55:18.898"", ""session_id"": 84, ""resource_type"": ""PAGE"", ""mode"": ""S""}",PAGE,S,UNKNOWN
lock_released,2026-09-18 16:55:18.898,77,0,0,0,"{""event_name"": ""lock_released"", ""timestamp"": ""2026-09-18 16:55:18.898"", ""session_id"": 77, ""resource_type"": ""OBJECT"", ""mode"": ""IX""}",OBJECT,IX,UNKNOWN
lock_released,2026-09-18 16:55:18.898,77,0,0,0,"{""event_name"": ""lock_released"", ""timestamp"": ""2026-09-18 16:55:18.898"", ""session_id"": 77, ""resource_type"": ""OBJECT"", ""mode"": ""IS""}",OBJECT,IS,UNKNOWN
lock_released,2026-09-18 16:55:18.898,78,0,0,0,"{""event_name"": ""lock_released"", ""timestamp"": ""2026-09-18 16:55:18.898"", ""session_id"": 78, ""resource_type"": ""OBJECT"", ""mode"": ""IX""}",OBJECT,IX,UNKNOWN
lock_released,2026-09-18 16:55:18.898,80,0,0,0,"{""event_name"": ""lock_released"", ""timestamp"": ""2026-09-18 16:55:18.898"", ""session_id"": 80, ""resource_type"": ""OBJECT"", ""mode"": ""IS""}",OBJECT,IS,UNKNOWN
lock_released,2026-09-18 16:55:18.898,80,0,0,0,"{""event_name"": ""lock_released"", ""timestamp"": ""2026-09-18 16:55:18.898"", ""session_id"": 80, ""resource_type"": ""OBJECT"", ""mode"": ""IX""}",OBJECT,IX,UNKNOWN
lock_released,2026-09-18 16:55:18.898,78,0,0,0,"{""event_name"": ""lock_released"", ""timestamp"": ""2026-09-18 16:55:18.898"", ""session_id"": 78, ""resource_type"": ""OBJECT"", ""mode"": ""IS""}",OBJECT,IS,UNKNOWN
lock_acquired,2026-09-18 16:55:23.928,84,0,0,0,"{""event_name"": ""lock_acquired"", ""timestamp"": ""2026-09-18 16:55:23.928"", ""session_id"": 84, ""resource_type"": ""PAGE"", ""mode"": ""S""}",PAGE,S,UNKNOWN
lock_acquired,2026-09-18 16:55:23.928,77,0,0,0,"{""event_name"": ""lock_acquired"", ""timestamp"": ""2026-09-18 16:55:23.928"", ""session_id"": 77, ""resource_type"": ""OBJECT"", ""mode"": ""IS""}",OBJECT,IS,UNKNOWN
lock_acquired,2026-09-18 16:55:23.928,81,0,0,0,"{""event_name"": ""lock_acquired"", ""timestamp"": ""2026-09-18 16:55:23.928"", ""session_id"": 81, ""resource_type"": ""KEY"", ""mode"": ""S""}",KEY,S,UNKNOWN
lock_acquired,2026-09-18 16:55:23.928,77,0,0,0,"{""event_name"": ""lock_acquired"", ""timestamp"": ""2026-09-18 16:55:23.928"", ""session_id"": 77, ""resource_type"": ""OBJECT"", ""mode"": ""IX""}",OBJECT,IX,UNKNOWN
lock_acquired,2026-09-18 16:55:23.928,78,0,0,0,"{""event_name"": ""lock_acquired"", ""timestamp"": ""2026-09-18 16:55:23.928"", ""session_id"": 78, ""resource_type"": ""OBJECT"", ""mode"": ""IX""}",OBJECT,IX,UNKNOWN
lock_acquired,2026-09-18 16:55:23.928,80,0,0,0,"{""event_name"": ""lock_acquired"", ""timestamp"": ""2026-09-18 16:55:23.928"", ""session_id"": 80, ""resource_type"": ""OBJECT"", ""mode"": ""IS""}",OBJECT,IS,UNKNOWN
lock_acquired,2026-09-18 16:55:23.928,80,0,0,0,"{""event_name"": ""lock_acquired"", ""timestamp"": ""2026-09-18 16:55:23.928"", ""session_id"": 80, ""resource_type"": ""OBJECT"", ""mode"": ""IX""}",OBJECT,IX,UNKNOWN
lock_acquired,2026-09-18 16:55:23.928,85,0,0,0,"{""event_name"": ""lock_acquired"", ""timestamp"": ""2026-09-18 16:55:23.928"", ""session_id"": 85, ""resource_type"": ""PAGE"", ""mode"": ""IX""}",PAGE,IX,UNKNOWN
lock_acquired,2026-09-18 16:55:23.928,78,0,0,0,"{""event_name"": ""lock_acquired"", ""timestamp"": ""2026-09-18 16:55:23.928"", ""session_id"": 78, ""resource_type"": ""OBJECT"", ""mode"": ""IS""}",OBJECT,IS,UNKNOWN
lock_acquired,2026-09-18 16:55:23.928,81,0,0,0,"{""event_name"": ""lock_acquired"", ""timestamp"": ""2026-09-18 16:55:23.928"", ""session_id"": 81, ""resource_type"": ""OBJECT"", ""mode"": ""Sch-S""}",OBJECT,Sch-S,UNKNOWN
lock_acquired,2026-09-18 16:55:23.928,85,0,0,0,"{""event_name"": ""lock_acquired"", ""timestamp"": ""2026-09-18 16:55:23.928"", ""session_id"": 85, ""resource_type"": ""KEY"", ""mode"": ""X""}",KEY,X,UNKNOWN
lock_acquired,2026-09-18 16:55:23.928,80,0,0,0,"{""event_name"": ""lock_acquired"", ""timestamp"": ""2026-09-18 16:55:23.928"", ""session_id"": 80, ""resource_type"": ""PAGE"", ""mode"": ""S""}",PAGE,S,UNKNOWN
lock_acquired,2026-09-18 16:55:23.928,81,0,0,0,"{""event_name"": ""lock_acquired"", ""timestamp"": ""2026-09-18 16:55:23.928"", ""session_id"": 81, ""resource_type"": ""METADATA"", ""mode"": ""Sch-S""}",METADATA,Sch-S,UNKNOWN
lock_released,2026-09-18 16:55:23.928,81,0,0,0,"{""event_name"": ""lock_released"", ""timestamp"": ""2026-09-18 16:55:23.928"", ""session_id"": 81, ""resource_type"": ""OBJECT"", ""mode"": ""IX""}",OBJECT,IX,UNKNOWN
lock_released,2026-09-18 16:55:23.928,81,0,0,0,"{""event_name"": ""lock_released"", ""timestamp"": ""2026-09-18 16:55:23.928"", ""session_id"": 81, ""resource_type"": ""OBJECT"", ""mode"": ""IS""}",OBJECT,IS,UNKNOWN
lock_released,2026-09-18 16:55:23.928,76,0,0,0,"{""event_name"": ""lock_released"", ""timestamp"": ""2026-09-18 16:55:23.928"", ""session_id"": 76, ""resource_type"": ""OBJECT"", ""mode"": ""IX""}",OBJECT,IX,UNKNOWN
lock_released,2026-09-18 16:55:23.928,77,0,0,0,"{""event_name"": ""lock_released"", ""timestamp"": ""2026-09-18 16:55:23.928"", ""session_id"": 77, ""resource_type"": ""OBJECT"", ""mode"": ""Sch-S""}",OBJECT,Sch-S,UNKNOWN
lock_released,2026-09-18 16:55:23.928,81,0,0,0,"{""event_name"": ""lock_released"", ""timestamp"": ""2026-09-18 16:55:23.928"", ""session_id"": 81, ""resource_type"": ""PAGE"", ""mode"": ""S""}",PAGE,S,UNKNOWN
lock_released,2026-09-18 16:55:23.928,76,0,0,0,"{""event_name"": ""lock_released"", ""timestamp"": ""2026-09-18 16:55:23.928"", ""session_id"": 76, ""resource_type"": ""OBJECT"", ""mode"": ""IS""}",OBJECT,IS,UNKNOWN
lock_released,2026-09-18 16:55:23.928,85,0,0,0,"{""event_name"": ""lock_released"", ""timestamp"": ""2026-09-18 16:55:23.928"", ""session_id"": 85, ""resource_type"": ""OBJECT"", ""mode"": ""IS""}",OBJECT,IS,UNKNOWN
lock_acquired,2026-09-18 16:55:28.961,80,0,0,0,"{""event_name"": ""lock_acquired"", ""timestamp"": ""2026-09-18 16:55:28.961"", ""session_id"": 80, ""resource_type"": ""PAGE"", ""mode"": ""IX""}",PAGE,IX,UNKNOWN
lock_acquired,2026-09-18 16:55:28.961,81,0,0,0,"{""event_name"": ""lock_acquired"", ""timestamp"": ""2026-09-18 16:55:28.961"", ""session_id"": 81, ""resource_type"": ""OBJECT"", ""mode"": ""IX""}",OBJECT,IX,UNKNOWN
lock_acquired,2026-09-18 16:55:28.961,76,0,0,0,"{""event_name"": ""lock_acquired"", ""timestamp"": ""2026-09-18 16:55:28.961"", ""session_id"": 76, ""resource_type"": ""PAGE"", ""mode"": ""S""}",PAGE,S,UNKNOWN
lock_acquired,2026-09-18 16:55:28.961,81,0,0,0,"{""event_name"": ""lock_acquired"", ""timestamp"": ""2026-09-18 16:55:28.961"", ""session_id"": 81, ""resource_type"": ""OBJECT"", ""mode"": ""IS""}",OBJECT,IS,UNKNOWN
lock_acquired,2026-09-18 16:55:28.961,76,0,0,0,"{""event_name"": ""lock_acquired"", ""timestamp"": ""2026-09-18 16:55:28.961"", ""session_id"": 76, ""resource_type"": ""OBJECT"", ""mode"": ""IX""}",OBJECT,IX,UNKNOWN
lock_acquired,2026-09-18 16:55:28.961,80,0,0,0,"{""event_name"": ""lock_acquired"", ""timestamp"": ""2026-09-18 16:55:28.961"", ""session_id"": 80, ""resource_type"": ""KEY"", ""mode"": ""X""}",KEY,X,UNKNOWN
lock_acquired,2026-09-18 16:55:28.961,76,0,0,0,"{""event_name"": ""lock_acquired"", ""timestamp"": ""2026-09-18 16:55:28.961"", ""session_id"": 76, ""resource_type"": ""OBJECT"", ""mode"": ""IS""}",OBJECT,IS,UNKNOWN
lock_acquired,2026-09-18 16:55:28.961,85,0,0,0,"{""event_name"": ""lock_acquired"", ""timestamp"": ""2026-09-18 16:55:28.961"", ""session_id"": 85, ""resource_type"": ""OBJECT"", ""mode"": ""IS""}",OBJECT,IS,UNKNOWN
lock_released,2026-09-18 16:55:28.961,84,0,0,0,"{""event_name"": ""lock_released"", ""timestamp"": ""2026-09-18 16:55:28.961"", ""session_id"": 84, ""resource_type"": ""PAGE"", ""mode"": ""S""}",PAGE,S,UNKNOWN
lock_released,2026-09-18 16:55:28.961,81,0,0,0,"{""event_name"": ""lock_released"", ""timestamp"": ""2026-09-18 16:55:28.961"", ""session_id"": 81, ""resource_type"": ""KEY"", ""mode"": ""S""}",KEY,S,UNKNOWN
lock_released,2026-09-18 16:55:28.961,80,0,0,0,"{""event_name"": ""lock_released"", ""timestamp"": ""2026-09-18 16:55:28.961"", ""session_id"": 80, ""resource_type"": ""OBJECT"", ""mode"": ""IS""}",OBJECT,IS,UNKNOWN
lock_released,2026-09-18 16:55:28.961,85,0,0,0,"{""event_name"": ""lock_released"", ""timestamp"": ""2026-09-18 16:55:28.961"", ""session_id"": 85, ""resource_type"": ""PAGE"", ""mode"": ""IX""}",PAGE,IX,UNKNOWN
lock_released,2026-09-18 16:55:28.961,81,0,0,0,"{""event_name"": ""lock_released"", ""timestamp"": ""2026-09-18 16:55:28.961"", ""session_id"": 81, ""resource_type"": ""OBJECT"", ""mode"": ""Sch-S""}",OBJECT,Sch-S,UNKNOWN
lock_released,2026-09-18 16:55:28.961,85,0,0,0,"{""event_name"": ""lock_released"", ""timestamp"": ""2026-09-18 16:55:28.961"", ""session_id"": 85, ""resource_type"": ""KEY"", ""mode"": ""X""}",KEY,X,UNKNOWN
lock_released,2026-09-18 16:55:28.961,80,0,0,0,"{""event_name"": ""lock_released"", ""timestamp"": ""2026-09-18 16:55:28.961"", ""session_id"": 80, ""resource_type"": ""PAGE"", ""mode"": ""S""}",PAGE,S,UNKNOWN
lock_released,2026-09-18 16:55:28.961,81,0,0,0,"{""event_name"": ""lock_released"", ""timestamp"": ""2026-09-18 16:55:28.961"", ""session_id"": 81, ""resource_type"": ""METADATA"", ""mode"": ""Sch-S""}",METADATA,Sch-S,UNKNOWN
lock_acquired,2026-09-18 16:55:33.999,82,0,0,0,"{""event_name"": ""lock_acquired"", ""timestamp"": ""2026-09-18 16:55:33.999"", ""session_id"": 82, ""resource_type"": ""OBJECT"", ""mode"": ""Sch-S""}",OBJECT,Sch-S,UNKNOWN
lock_acquired,2026-09-18 16:55:33.999,79,0,0,0,"{""event_name"": ""lock_acquired"", ""timestamp"": ""2026-09-18 16:55:33.999"", ""session_id"": 79, ""resource_type"": ""PAGE"", ""mode"": ""S""}",PAGE,S,UNKNOWN
lock_acquired,2026-09-18 16:55:33.999,80,0,0,0,"{""event_name"": ""lock_acquired"", ""timestamp"": ""2026-09-18 16:55:33.999"", ""session_id"": 80, ""resource_type"": ""OBJECT"", ""mode"": ""IS""}",OBJECT,IS,UNKNOWN
lock_released,2026-09-18 16:55:33.999,80,0,0,0,"{""event_name"": ""lock_released"", ""timestamp"": ""2026-09-18 16:55:33.999"", ""session_id"": 80, ""resource_type"": ""PAGE"", ""mode"": ""IX""}",PAGE,IX,UNKNOWN
lock_released,2026-09-18 16:55:33.999,82,0,0,0,"{""event_name"": ""lock_released"", ""timestamp"": ""2026-09-18 16:55:33.999"", ""session_id"": 82, ""resource_type"": ""OBJECT"", ""mode"": ""IX""}",OBJECT,IX,UNKNOWN
lock_released,2026-09-18 16:55:33.999,78,0,0,0,"{""event_name"": ""lock_released"", ""timestamp"": ""2026-09-18 16:55:33.999"", ""session_id"": 78, ""resource_type"": ""OBJECT"", ""mode"": ""IX""}",OBJECT,IX,UNKNOWN
lock_released,2026-09-18 16:55:33.999,78,0,0,0,"{""event_name"": ""lock_released"", ""timestamp"": ""2026-09-18 16:55:33.999"", ""session_id"": 78, ""resource_type"": ""OBJECT"", ""mode"": ""IS""}",OBJECT,IS,UNKNOWN
lock_released,2026-09-18 16:55:33.999,84,0,0,0,"{""event_name"": ""lock_released"", ""timestamp"": ""2026-09-18 16:55:33.999"", ""session_id"": 84, ""resource_type"": ""OBJECT"", ""mode"": ""IS""}",OBJECT,IS,UNKNOWN
lock_released,2026-09-18 16:55:33.999,84,0,0,0,"{""event_name"": ""lock_released"", ""timestamp"": ""2026-09-18 16:55:33.999"", ""session_id"": 84, ""resource_type"": ""OBJECT"", ""mode"": ""IX""}",OBJECT,IX,UNKNOWN
lock_released,2026-09-18 16:55:33.999,80,0,0,0,"{""event_name"": ""lock_released"", ""timestamp"": ""2026-09-18 16:55:33.999"", ""session_id"": 80, ""resource_type"": ""KEY"", ""mode"": ""X""}",KEY,X,UNKNOWN
lock_released,2026-09-18 16:55:33.999,82,0,0,0,"{""event_name"": ""lock_released"", ""timestamp"": ""2026-09-18 16:55:33.999"", ""session_id"": 82, ""resource_type"": ""OBJECT"", ""mode"": ""IS""}",OBJECT,IS,UNKNOWN
lock_acquired,2026-09-18 16:55:39.046,82,0,0,0,"{""event_name"": ""lock_acquired"", ""timestamp"": ""2026-09-18 16:55:39.046"", ""session_id"": 82, ""resource_type"": ""OBJECT"", ""mode"": ""IX""}",OBJECT,IX,UNKNOWN
lock_acquired,2026-09-18 16:55:39.046,78,0,0,0,"{""event_name"": ""lock_acquired"", ""timestamp"": ""2026-09-18 16:55:39.046"", ""session_id"": 78, ""resource_type"": ""OBJECT"", ""mode"": ""IX""}",OBJECT,IX,UNKNOWN
lock_acquired,2026-09-18 16:55:39.046,78,0,0,0,"{""event_name"": ""lock_acquired"", ""timestamp"": ""2026-09-18 16:55:39.046"", ""session_id"": 78, ""resource_type"": ""OBJECT"", ""mode"": ""IS""}",OBJECT,IS,UNKNOWN
lock_acquired,2026-09-18 16:55:39.046,84,0,0,0,"{""event_name"": ""lock_acquired"", ""timestamp"": ""2026-09-18 16:55:39.046"", ""session_id"": 84, ""resource_type"": ""OBJECT"", ""mode"": ""IS""}",OBJECT,IS,UNKNOWN
lock_acquired,2026-09-18 16:55:39.046,84,0,0,0,"{""event_name"": ""lock_acquired"", ""timestamp"": ""2026-09-18 16:55:39.046"", ""session_id"": 84, ""resource_type"": ""OBJECT"", ""mode"": ""IX""}",OBJECT,IX,UNKNOWN
lock_acquired,2026-09-18 16:55:39.046,80,0,0,0,"{""event_name"": ""lock_acquired"", ""timestamp"": ""2026-09-18 16:55:39.046"", ""session_id"": 80, ""resource_type"": ""KEY"", ""mode"": ""X""}",KEY,X,UNKNOWN
lock_acquired,2026-09-18 16:55:39.046,82,0,0,0,"{""event_name"": ""lock_acquired"", ""timestamp"": ""2026-09-18 16:55:39.046"", ""session_id"": 82, ""resource_type"": ""OBJECT"", ""mode"": ""IS""}",OBJECT,IS,UNKNOWN
lock_released,2026-09-18 16:55:39.046,82,0,0,0,"{""event_name"": ""lock_released"", ""timestamp"": ""2026-09-18 16:55:39.046"", ""session_id"": 82, ""resource_type"": ""OBJECT"", ""mode"": ""Sch-S""}",OBJECT,Sch-S,UNKNOWN
lock_released,2026-09-18 16:55:39.046,79,0,0,0,"{""event_name"": ""lock_released"", ""timestamp"": ""2026-09-18 16:55:39.046"", ""session_id"": 79, ""resource_type"": ""PAGE"", ""mode"": ""S""}",PAGE,S,UNKNOWN
lock_released,2026-09-18 16:55:39.046,80,0,0,0,"{""event_name"": ""lock_released"", ""timestamp"": ""2026-09-18 16:55:39.046"", ""session_id"": 80, ""resource_type"": ""OBJECT"", ""mode"": ""IS""}",OBJECT,IS,UNKNOWN
lock_released,2026-09-18 16:55:39.046,80,0,0,0,"{""event_name"": ""lock_released"", ""timestamp"": ""2026-09-18 16:55:39.046"", ""session_id"": 80, ""resource_type"": ""OBJECT"", ""mode"": ""IX""}",OBJECT,IX,UNKNOWN
lock_released,2026-09-18 16:55:39.046,76,0,0,0,"{""event_name"": ""lock_released"", ""timestamp"": ""2026-09-18 16:55:39.046"", ""session_id"": 76, ""resource_type"": ""PAGE"", ""mode"": ""S""}",PAGE,S,UNKNOWN
lock_released,2026-09-18 16:55:39.046,76,0,0,0,"{""event_name"": ""lock_released"", ""timestamp"": ""2026-09-18 16:55:39.046"", ""session_id"": 76, ""resource_type"": ""OBJECT"", ""mode"": ""IX""}",OBJECT,IX,UNKNOWN
lock_released,2026-09-18 16:55:39.046,76,0,0,0,"{""event_name"": ""lock_released"", ""timestamp"": ""2026-09-18 16:55:39.046"", ""session_id"": 76, ""resource_type"": ""OBJECT"", ""mode"": ""IS""}",OBJECT,IS,UNKNOWN
login,2026-09-18 16:55:44.083,90,795ec2146175\Administrator,Microsoft SQL Server,SteelNort,"{""event_name"": ""login"", ""timestamp"": ""2026-09-18 16:55:44.083"", ""session_id"": 90, ""login_name"": ""795ec2146175\\Administrator"", ""program_name"": ""Microsoft SQL Server"", ""database_name"": ""SteelNort""}",0,0,UNKNOWN
lock_acquired,2026-09-18 16:55:44.083,84,0,0,0,"{""event_name"": ""lock_acquired"", ""timestamp"": ""2026-09-18 16:55:44.083"", ""session_id"": 84, ""resource_type"": ""PAGE"", ""mode"": ""S""}",PAGE,S,UNKNOWN
lock_acquired,2026-09-18 16:55:44.083,80,0,0,0,"{""event_name"": ""lock_acquired"", ""timestamp"": ""2026-09-18 16:55:44.083"", ""session_id"": 80, ""resource_type"": ""PAGE"", ""mode"": ""IS""}",PAGE,IS,UNKNOWN
lock_acquired,2026-09-18 16:55:44.083,80,0,0,0,"{""event_name"": ""lock_acquired"", ""timestamp"": ""2026-09-18 16:55:44.083"", ""session_id"": 80, ""resource_type"": ""OBJECT"", ""mode"": ""IS""}",OBJECT,IS,UNKNOWN
lock_acquired,2026-09-18 16:55:44.083,83,0,0,0,"{""event_name"": ""lock_acquired"", ""timestamp"": ""2026-09-18 16:55:44.083"", ""session_id"": 83, ""resource_type"": ""KEY"", ""mode"": ""X""}",KEY,X,UNKNOWN
lock_acquired,2026-09-18 16:55:44.083,82,0,0,0,"{""event_name"": ""lock_acquired"", ""timestamp"": ""2026-09-18 16:55:44.083"", ""session_id"": 82, ""resource_type"": ""PAGE"", ""mode"": ""S""}",PAGE,S,UNKNOWN
lock_acquired,2026-09-18 16:55:44.083,76,0,0,0,"{""event_name"": ""lock_acquired"", ""timestamp"": ""2026-09-18 16:55:44.083"", ""session_id"": 76, ""resource_type"": ""OBJECT"", ""mode"": ""IX""}",OBJECT,IX,UNKNOWN
lock_acquired,2026-09-18 16:55:44.083,76,0,0,0,"{""event_name"": ""lock_acquired"", ""timestamp"": ""2026-09-18 16:55:44.083"", ""session_id"": 76, ""resource_type"": ""OBJECT"", ""mode"": ""IS""}",OBJECT,IS,UNKNOWN
lock_acquired,2026-09-18 16:55:44.083,83,0,0,0,"{""event_name"": ""lock_acquired"", ""timestamp"": ""2026-09-18 16:55:44.083"", ""session_id"": 83, ""resource_type"": ""PAGE"", ""mode"": ""IX""}",PAGE,IX,UNKNOWN
lock_released,2026-09-18 16:55:44.083,77,0,0,0,"{""event_name"": ""lock_released"", ""timestamp"": ""2026-09-18 16:55:44.083"", ""session_id"": 77, ""resource_type"": ""OBJECT"", ""mode"": ""IX""}",OBJECT,IX,UNKNOWN
lock_released,2026-09-18 16:55:44.083,80,0,0,0,"{""event_name"": ""lock_released"", ""timestamp"": ""2026-09-18 16:55:44.083"", ""session_id"": 80, ""resource_type"": ""KEY"", ""mode"": ""X""}",KEY,X,UNKNOWN
lock_released,2026-09-18 16:55:44.083,83,0,0,0,"{""event_name"": ""lock_released"", ""timestamp"": ""2026-09-18 16:55:44.083"", ""session_id"": 83, ""resource_type"": ""OBJECT"", ""mode"": ""IS""}",OBJECT,IS,UNKNOWN
lock_released,2026-09-18 16:55:44.083,77,0,0,0,"{""event_name"": ""lock_released"", ""timestamp"": ""2026-09-18 16:55:44.083"", ""session_id"": 77, ""resource_type"": ""OBJECT"", ""mode"": ""IS""}",OBJECT,IS,UNKNOWN
logout,2026-09-18 16:55:49.125,90,0,0,0,"{""event_name"": ""logout"", ""timestamp"": ""2026-09-18 16:55:49.125"", ""session_id"": 90}",0,0,UNKNOWN
lock_acquired,2026-09-18 16:55:49.125,85,0,0,0,"{""event_name"": ""lock_acquired"", ""timestamp"": ""2026-09-18 16:55:49.125"", ""session_id"": 85, ""resource_type"": ""OBJECT"", ""mode"": ""Sch-S""}",OBJECT,Sch-S,UNKNOWN
lock_acquired,2026-09-18 16:55:49.125,77,0,0,0,"{""event_name"": ""lock_acquired"", ""timestamp"": ""2026-09-18 16:55:49.125"", ""session_id"": 77, ""resource_type"": ""OBJECT"", ""mode"": ""IS""}",OBJECT,IS,UNKNOWN
lock_acquired,2026-09-18 16:55:49.125,77,0,0,0,"{""event_name"": ""lock_acquired"", ""timestamp"": ""2026-09-18 16:55:49.125"", ""session_id"": 77, ""resource_type"": ""OBJECT"", ""mode"": ""IX""}",OBJECT,IX,UNKNOWN
lock_acquired,2026-09-18 16:55:49.125,83,0,0,0,"{""event_name"": ""lock_acquired"", ""timestamp"": ""2026-09-18 16:55:49.125"", ""session_id"": 83, ""resource_type"": ""OBJECT"", ""mode"": ""IS""}",OBJECT,IS,UNKNOWN
lock_acquired,2026-09-18 16:55:49.125,85,0,0,0,"{""event_name"": ""lock_acquired"", ""timestamp"": ""2026-09-18 16:55:49.125"", ""session_id"": 85, ""resource_type"": ""METADATA"", ""mode"": ""Sch-S""}",METADATA,Sch-S,UNKNOWN
lock_acquired,2026-09-18 16:55:49.125,81,0,0,0,"{""event_name"": ""lock_acquired"", ""timestamp"": ""2026-09-18 16:55:49.125"", ""session_id"": 81, ""resource_type"": ""PAGE"", ""mode"": ""IS""}",PAGE,IS,UNKNOWN
lock_acquired,2026-09-18 16:55:49.125,80,0,0,0,"{""event_name"": ""lock_acquired"", ""timestamp"": ""2026-09-18 16:55:49.125"", ""session_id"": 80, ""resource_type"": ""OBJECT"", ""mode"": ""IX""}",OBJECT,IX,UNKNOWN
lock_acquired,2026-09-18 16:55:49.125,76,0,0,0,"{""event_name"": ""lock_acquired"", ""timestamp"": ""2026-09-18 16:55:49.125"", ""session_id"": 76, ""resource_type"": ""PAGE"", ""mode"": ""S""}",PAGE,S,UNKNOWN
lock_acquired,2026-09-18 16:55:49.125,78,0,0,0,"{""event_name"": ""lock_acquired"", ""timestamp"": ""2026-09-18 16:55:49.125"", ""session_id"": 78, ""resource_type"": ""KEY"", ""mode"": ""X""}",KEY,X,UNKNOWN
lock_released,2026-09-18 16:55:49.125,80,0,0,0,"{""event_name"": ""lock_released"", ""timestamp"": ""2026-09-18 16:55:49.125"", ""session_id"": 80, ""resource_type"": ""PAGE"", ""mode"": ""IS""}",PAGE,IS,UNKNOWN
lock_released,2026-09-18 16:55:49.125,81,0,0,0,"{""event_name"": ""lock_released"", ""timestamp"": ""2026-09-18 16:55:49.125"", ""session_id"": 81, ""resource_type"": ""OBJECT"", ""mode"": ""IX""}",OBJECT,IX,UNKNOWN
lock_released,2026-09-18 16:55:49.125,78,0,0,0,"{""event_name"": ""lock_released"", ""timestamp"": ""2026-09-18 16:55:49.125"", ""session_id"": 78, ""resource_type"": ""OBJECT"", ""mode"": ""IX""}",OBJECT,IX,UNKNOWN
lock_released,2026-09-18 16:55:49.125,82,0,0,0,"{""event_name"": ""lock_released"", ""timestamp"": ""2026-09-18 16:55:49.125"", ""session_id"": 82, ""resource_type"": ""PAGE"", ""mode"": ""S""}",PAGE,S,UNKNOWN
lock_released,2026-09-18 16:55:49.125,83,0,0,0,"{""event_name"": ""lock_released"", ""timestamp"": ""2026-09-18 16:55:49.125"", ""session_id"": 83, ""resource_type"": ""KEY"", ""mode"": ""X""}",KEY,X,UNKNOWN
lock_released,2026-09-18 16:55:49.125,78,0,0,0,"{""event_name"": ""lock_released"", ""timestamp"": ""2026-09-18 16:55:49.125"", ""session_id"": 78, ""resource_type"": ""OBJECT"", ""mode"": ""IS""}",OBJECT,IS,UNKNOWN
lock_released,2026-09-18 16:55:49.125,85,0,0,0,"{""event_name"": ""lock_released"", ""timestamp"": ""2026-09-18 16:55:49.125"", ""session_id"": 85, ""resource_type"": ""OBJECT"", ""mode"": ""IX""}",OBJECT,IX,UNKNOWN
lock_released,2026-09-18 16:55:49.125,83,0,0,0,"{""event_name"": ""lock_released"", ""timestamp"": ""2026-09-18 16:55:49.125"", ""session_id"": 83, ""resource_type"": ""PAGE"", ""mode"": ""IX""}",PAGE,IX,UNKNOWN
lock_released,2026-09-18 16:55:49.125,85,0,0,0,"{""event_name"": ""lock_released"", ""timestamp"": ""2026-09-18 16:55:49.125"", ""session_id"": 85, ""resource_type"": ""OBJECT"", ""mode"": ""IS""}",OBJECT,IS,UNKNOWN
login,2026-09-18 16:55:54.159,91,sa,unknown,SteelNort,"{""event_name"": ""login"", ""timestamp"": ""2026-09-18 16:55:54.159"", ""session_id"": 91, ""login_name"": ""sa"", ""program_name"": ""unknown"", ""database_name"": ""SteelNort""}",0,0,UNKNOWN
lock_acquired,2026-09-18 16:55:54.159,81,0,0,0,"{""event_name"": ""lock_acquired"", ""timestamp"": ""2026-09-18 16:55:54.159"", ""session_id"": 81, ""resource_type"": ""OBJECT"", ""mode"": ""IX""}",OBJECT,IX,UNKNOWN
lock_acquired,2026-09-18 16:55:54.159,78,0,0,0,"{""event_name"": ""lock_acquired"", ""timestamp"": ""2026-09-18 16:55:54.159"", ""session_id"": 78, ""resource_type"": ""OBJECT"", ""mode"": ""IS""}",OBJECT,IS,UNKNOWN
lock_acquired,2026-09-18 16:55:54.159,78,0,0,0,"{""event_name"": ""lock_acquired"", ""timestamp"": ""2026-09-18 16:55:54.159"", ""session_id"": 78, ""resource_type"": ""OBJECT"", ""mode"": ""IX""}",OBJECT,IX,UNKNOWN
lock_released,2026-09-18 16:55:54.159,76,0,0,0,"{""event_name"": ""lock_released"", ""timestamp"": ""2026-09-18 16:55:54.159"", ""session_id"": 76, ""resource_type"": ""PAGE"", ""mode"": ""S""}",PAGE,S,UNKNOWN
lock_released,2026-09-18 16:55:54.159,84,0,0,0,"{""event_name"": ""lock_released"", ""timestamp"": ""2026-09-18 16:55:54.159"", ""session_id"": 84, ""resource_type"": ""PAGE"", ""mode"": ""S""}",PAGE,S,UNKNOWN
lock_released,2026-09-18 16:55:54.159,81,0,0,0,"{""event_name"": ""lock_released"", ""timestamp"": ""2026-09-18 16:55:54.159"", ""session_id"": 81, ""resource_type"": ""PAGE"", ""mode"": ""IS""}",PAGE,IS,UNKNOWN
lock_released,2026-09-18 16:55:54.159,78,0,0,0,"{""event_name"": ""lock_released"", ""timestamp"": ""2026-09-18 16:55:54.159"", ""session_id"": 78, ""resource_type"": ""KEY"", ""mode"": ""X""}",KEY,X,UNKNOWN
lock_acquired,2026-09-18 16:55:59.191,80,0,0,0,"{""event_name"": ""lock_acquired"", ""timestamp"": ""2026-09-18 16:55:59.191"", ""session_id"": 80, ""resource_type"": ""PAGE"", ""mode"": ""IX""}",PAGE,IX,UNKNOWN
lock_acquired,2026-09-18 16:55:59.191,80,0,0,0,"{""event_name"": ""lock_acquired"", ""timestamp"": ""2026-09-18 16:55:59.191"", ""session_id"": 80, ""resource_type"": ""OBJECT"", ""mode"": ""Sch-S""}",OBJECT,Sch-S,UNKNOWN
lock_acquired,2026-09-18 16:55:59.191,76,0,0,0,"{""event_name"": ""lock_acquired"", ""timestamp"": ""2026-09-18 16:55:59.191"", ""session_id"": 76, ""resource_type"": ""PAGE"", ""mode"": ""S""}",PAGE,S,UNKNOWN
lock_acquired,2026-09-18 16:55:59.191,85,0,0,0,"{""event_name"": ""lock_acquired"", ""timestamp"": ""2026-09-18 16:55:59.191"", ""session_id"": 85, ""resource_type"": ""OBJECT"", ""mode"": ""IX""}",OBJECT,IX,UNKNOWN
lock_acquired,2026-09-18 16:55:59.191,85,0,0,0,"{""event_name"": ""lock_acquired"", ""timestamp"": ""2026-09-18 16:55:59.191"", ""session_id"": 85, ""resource_type"": ""OBJECT"", ""mode"": ""IS""}",OBJECT,IS,UNKNOWN
lock_released,2026-09-18 16:55:59.191,85,0,0,0,"{""event_name"": ""lock_released"", ""timestamp"": ""2026-09-18 16:55:59.191"", ""session_id"": 85, ""resource_type"": ""METADATA"", ""mode"": ""Sch-S""}",METADATA,Sch-S,UNKNOWN
lock_released,2026-09-18 16:55:59.191,85,0,0,0,"{""event_name"": ""lock_released"", ""timestamp"": ""2026-09-18 16:55:59.191"", ""session_id"": 85, ""resource_type"": ""OBJECT"", ""mode"": ""Sch-S""}",OBJECT,Sch-S,UNKNOWN
lock_released,2026-09-18 16:55:59.191,80,0,0,0,"{""event_name"": ""lock_released"", ""timestamp"": ""2026-09-18 16:55:59.191"", ""session_id"": 80, ""resource_type"": ""OBJECT"", ""mode"": ""IS""}",OBJECT,IS,UNKNOWN
logout,2026-09-18 16:56:04.235,91,0,0,0,"{""event_name"": ""logout"", ""timestamp"": ""2026-09-18 16:56:04.235"", ""session_id"": 91}",0,0,UNKNOWN
lock_acquired,2026-09-18 16:56:04.235,78,0,0,0,"{""event_name"": ""lock_acquired"", ""timestamp"": ""2026-09-18 16:56:04.235"", ""session_id"": 78, ""resource_type"": ""KEY"", ""mode"": ""S""}",KEY,S,UNKNOWN
lock_acquired,2026-09-18 16:56:04.235,81,0,0,0,"{""event_name"": ""lock_acquired"", ""timestamp"": ""2026-09-18 16:56:04.235"", ""session_id"": 81, ""resource_type"": ""PAGE"", ""mode"": ""S""}",PAGE,S,UNKNOWN
lock_acquired,2026-09-18 16:56:04.235,78,0,0,0,"{""event_name"": ""lock_acquired"", ""timestamp"": ""2026-09-18 16:56:04.235"", ""session_id"": 78, ""resource_type"": ""PAGE"", ""mode"": ""IS""}",PAGE,IS,UNKNOWN
lock_released,2026-09-18 16:56:04.235,80,0,0,0,"{""event_name"": ""lock_released"", ""timestamp"": ""2026-09-18 16:56:04.235"", ""session_id"": 80, ""resource_type"": ""PAGE"", ""mode"": ""IX""}",PAGE,IX,UNKNOWN
lock_released,2026-09-18 16:56:04.235,82,0,0,0,"{""event_name"": ""lock_released"", ""timestamp"": ""2026-09-18 16:56:04.235"", ""session_id"": 82, ""resource_type"": ""OBJECT"", ""mode"": ""IX""}",OBJECT,IX,UNKNOWN
lock_released,2026-09-18 16:56:04.235,78,0,0,0,"{""event_name"": ""lock_released"", ""timestamp"": ""2026-09-18 16:56:04.235"", ""session_id"": 78, ""resource_type"": ""OBJECT"", ""mode"": ""IX""}",OBJECT,IX,UNKNOWN
lock_released,2026-09-18 16:56:04.235,80,0,0,0,"{""event_name"": ""lock_released"", ""timestamp"": ""2026-09-18 16:56:04.235"", ""session_id"": 80, ""resource_type"": ""OBJECT"", ""mode"": ""IX""}",OBJECT,IX,UNKNOWN
lock_released,2026-09-18 16:56:04.235,79,0,0,0,"{""event_name"": ""lock_released"", ""timestamp"": ""2026-09-18 16:56:04.235"", ""session_id"": 79, ""resource_type"": ""OBJECT"", ""mode"": ""IX""}",OBJECT,IX,UNKNOWN
lock_released,2026-09-18 16:56:04.235,76,0,0,0,"{""event_name"": ""lock_released"", ""timestamp"": ""2026-09-18 16:56:04.235"", ""session_id"": 76, ""resource_type"": ""PAGE"", ""mode"": ""S""}",PAGE,S,UNKNOWN
lock_released,2026-09-18 16:56:04.235,84,0,0,0,"{""event_name"": ""lock_released"", ""timestamp"": ""2026-09-18 16:56:04.235"", ""session_id"": 84, ""resource_type"": ""OBJECT"", ""mode"": ""IS""}",OBJECT,IS,UNKNOWN
lock_released,2026-09-18 16:56:04.235,84,0,0,0,"{""event_name"": ""lock_released"", ""timestamp"": ""2026-09-18 16:56:04.235"", ""session_id"": 84, ""resource_type"": ""OBJECT"", ""mode"": ""IX""}",OBJECT,IX,UNKNOWN
lock_released,2026-09-18 16:56:04.235,80,0,0,0,"{""event_name"": ""lock_released"", ""timestamp"": ""2026-09-18 16:56:04.235"", ""session_id"": 80, ""resource_type"": ""OBJECT"", ""mode"": ""Sch-S""}",OBJECT,Sch-S,UNKNOWN
lock_released,2026-09-18 16:56:04.235,82,0,0,0,"{""event_name"": ""lock_released"", ""timestamp"": ""2026-09-18 16:56:04.235"", ""session_id"": 82, ""resource_type"": ""OBJECT"", ""mode"": ""IS""}",OBJECT,IS,UNKNOWN
lock_released,2026-09-18 16:56:04.235,79,0,0,0,"{""event_name"": ""lock_released"", ""timestamp"": ""2026-09-18 16:56:04.235"", ""session_id"": 79, ""resource_type"": ""OBJECT"", ""mode"": ""IS""}",OBJECT,IS,UNKNOWN
lock_acquired,2026-09-18 16:56:09.262,78,0,0,0,"{""event_name"": ""lock_acquired"", ""timestamp"": ""2026-09-18 16:56:09.262"", ""session_id"": 78, ""resource_type"": ""METADATA"", ""mode"": ""Sch-S""}",METADATA,Sch-S,UNKNOWN
lock_acquired,2026-09-18 16:56:09.262,82,0,0,0,"{""event_name"": ""lock_acquired"", ""timestamp"": ""2026-09-18 16:56:09.262"", ""session_id"": 82, ""resource_type"": ""OBJECT"", ""mode"": ""IX""}",OBJECT,IX,UNKNOWN
lock_acquired,2026-09-18 16:56:09.262,80,0,0,0,"{""event_name"": ""lock_acquired"", ""timestamp"": ""2026-09-18 16:56:09.262"", ""session_id"": 80, ""resource_type"": ""OBJECT"", ""mode"": ""IS""}",OBJECT,IS,UNKNOWN
lock_acquired,2026-09-18 16:56:09.262,80,0,0,0,"{""event_name"": ""lock_acquired"", ""timestamp"": ""2026-09-18 16:56:09.262"", ""session_id"": 80, ""resource_type"": ""OBJECT"", ""mode"": ""IX""}",OBJECT,IX,UNKNOWN
lock_acquired,2026-09-18 16:56:09.262,85,0,0,0,"{""event_name"": ""lock_acquired"", ""timestamp"": ""2026-09-18 16:56:09.262"", ""session_id"": 85, ""resource_type"": ""PAGE"", ""mode"": ""IX""}",PAGE,IX,UNKNOWN
lock_acquired,2026-09-18 16:56:09.262,84,0,0,0,"{""event_name"": ""lock_acquired"", ""timestamp"": ""2026-09-18 16:56:09.262"", ""session_id"": 84, ""resource_type"": ""OBJECT"", ""mode"": ""IS""}",OBJECT,IS,UNKNOWN
lock_acquired,2026-09-18 16:56:09.262,84,0,0,0,"{""event_name"": ""lock_acquired"", ""timestamp"": ""2026-09-18 16:56:09.262"", ""session_id"": 84, ""resource_type"": ""OBJECT"", ""mode"": ""IX""}",OBJECT,IX,UNKNOWN
lock_acquired,2026-09-18 16:56:09.262,82,0,0,0,"{""event_name"": ""lock_acquired"", ""timestamp"": ""2026-09-18 16:56:09.262"", ""session_id"": 82, ""resource_type"": ""OBJECT"", ""mode"": ""IS""}",OBJECT,IS,UNKNOWN
lock_acquired,2026-09-18 16:56:09.262,81,0,0,0,"{""event_name"": ""lock_acquired"", ""timestamp"": ""2026-09-18 16:56:09.262"", ""session_id"": 81, ""resource_type"": ""OBJECT"", ""mode"": ""Sch-S""}",OBJECT,Sch-S,UNKNOWN
lock_acquired,2026-09-18 16:56:09.262,78,0,0,0,"{""event_name"": ""lock_acquired"", ""timestamp"": ""2026-09-18 16:56:09.262"", ""session_id"": 78, ""resource_type"": ""OBJECT"", ""mode"": ""Sch-S""}",OBJECT,Sch-S,UNKNOWN
lock_acquired,2026-09-18 16:56:09.262,80,0,0,0,"{""event_name"": ""lock_acquired"", ""timestamp"": ""2026-09-18 16:56:09.262"", ""session_id"": 80, ""resource_type"": ""PAGE"", ""mode"": ""S""}",PAGE,S,UNKNOWN
lock_released,2026-09-18 16:56:09.262,78,0,0,0,"{""event_name"": ""lock_released"", ""timestamp"": ""2026-09-18 16:56:09.262"", ""session_id"": 78, ""resource_type"": ""KEY"", ""mode"": ""S""}",KEY,S,UNKNOWN
lock_released,2026-09-18 16:56:09.262,81,0,0,0,"{""event_name"": ""lock_released"", ""timestamp"": ""2026-09-18 16:56:09.262"", ""session_id"": 81, ""resource_type"": ""OBJECT"", ""mode"": ""IX""}",OBJECT,IX,UNKNOWN
lock_released,2026-09-18 16:56:09.262,78,0,0,0,"{""event_name"": ""lock_released"", ""timestamp"": ""2026-09-18 16:56:09.262"", ""session_id"": 78, ""resource_type"": ""PAGE"", ""mode"": ""IS""}",PAGE,IS,UNKNOWN
lock_released,2026-09-18 16:56:09.262,81,0,0,0,"{""event_name"": ""lock_released"", ""timestamp"": ""2026-09-18 16:56:09.262"", ""session_id"": 81, ""resource_type"": ""OBJECT"", ""mode"": ""IS""}",OBJECT,IS,UNKNOWN
lock_released,2026-09-18 16:56:09.262,78,0,0,0,"{""event_name"": ""lock_released"", ""timestamp"": ""2026-09-18 16:56:09.262"", ""session_id"": 78, ""resource_type"": ""OBJECT"", ""mode"": ""IS""}",OBJECT,IS,UNKNOWN
lock_released,2026-09-18 16:56:09.262,81,0,0,0,"{""event_name"": ""lock_released"", ""timestamp"": ""2026-09-18 16:56:09.262"", ""session_id"": 81, ""resource_type"": ""PAGE"", ""mode"": ""S""}",PAGE,S,UNKNOWN
lock_released,2026-09-18 16:56:09.262,85,0,0,0,"{""event_name"": ""lock_released"", ""timestamp"": ""2026-09-18 16:56:09.262"", ""session_id"": 85, ""resource_type"": ""OBJECT"", ""mode"": ""IS""}",OBJECT,IS,UNKNOWN
login,2026-09-18 16:56:14.321,90,795ec2146175\Administrator,Microsoft SQL Server,SteelNort,"{""event_name"": ""login"", ""timestamp"": ""2026-09-18 16:56:14.321"", ""session_id"": 90, ""login_name"": ""795ec2146175\\Administrator"", ""program_name"": ""Microsoft SQL Server"", ""database_name"": ""SteelNort""}",0,0,UNKNOWN
lock_acquired,2026-09-18 16:56:14.321,80,0,0,0,"{""event_name"": ""lock_acquired"", ""timestamp"": ""2026-09-18 16:56:14.321"", ""session_id"": 80, ""resource_type"": ""PAGE"", ""mode"": ""IX""}",PAGE,IX,UNKNOWN
lock_acquired,2026-09-18 16:56:14.321,84,0,0,0,"{""event_name"": ""lock_acquired"", ""timestamp"": ""2026-09-18 16:56:14.321"", ""session_id"": 84, ""resource_type"": ""PAGE"", ""mode"": ""S""}",PAGE,S,UNKNOWN
lock_acquired,2026-09-18 16:56:14.321,79,0,0,0,"{""event_name"": ""lock_acquired"", ""timestamp"": ""2026-09-18 16:56:14.321"", ""session_id"": 79, ""resource_type"": ""KEY"", ""mode"": ""X""}",KEY,X,UNKNOWN
lock_acquired,2026-09-18 16:56:14.321,85,0,0,0,"{""event_name"": ""lock_acquired"", ""timestamp"": ""2026-09-18 16:56:14.321"", ""session_id"": 85, ""resource_type"": ""PAGE"", ""mode"": ""S""}",PAGE,S,UNKNOWN
lock_acquired,2026-09-18 16:56:14.321,78,0,0,0,"{""event_name"": ""lock_acquired"", ""timestamp"": ""2026-09-18 16:56:14.321"", ""session_id"": 78, ""resource_type"": ""KEY"", ""mode"": ""S""}",KEY,S,UNKNOWN
lock_acquired,2026-09-18 16:56:14.321,78,0,0,0,"{""event_name"": ""lock_acquired"", ""timestamp"": ""2026-09-18 16:56:14.321"", ""session_id"": 78, ""resource_type"": ""PAGE"", ""mode"": ""IS""}",PAGE,IS,UNKNOWN
lock_acquired,2026-09-18 16:56:14.321,79,0,0,0,"{""event_name"": ""lock_acquired"", ""timestamp"": ""2026-09-18 16:56:14.321"", ""session_id"": 79, ""resource_type"": ""PAGE"", ""mode"": ""IX""}",PAGE,IX,UNKNOWN
lock_acquired,2026-09-18 16:56:14.321,78,0,0,0,"{""event_name"": ""lock_acquired"", ""timestamp"": ""2026-09-18 16:56:14.321"", ""session_id"": 78, ""resource_type"": ""OBJECT"", ""mode"": ""IS""}",OBJECT,IS,UNKNOWN
lock_acquired,2026-09-18 16:56:14.321,79,0,0,0,"{""event_name"": ""lock_acquired"", ""timestamp"": ""2026-09-18 16:56:14.321"", ""session_id"": 79, ""resource_type"": ""OBJECT"", ""mode"": ""IX""}",OBJECT,IX,UNKNOWN
lock_acquired,2026-09-18 16:56:14.321,85,0,0,0,"{""event_name"": ""lock_acquired"", ""timestamp"": ""2026-09-18 16:56:14.321"", ""session_id"": 85, ""resource_type"": ""OBJECT"", ""mode"": ""IS""}",OBJECT,IS,UNKNOWN
lock_acquired,2026-09-18 16:56:14.321,81,0,0,0,"{""event_name"": ""lock_acquired"", ""timestamp"": ""2026-09-18 16:56:14.321"", ""session_id"": 81, ""resource_type"": ""METADATA"", ""mode"": ""Sch-S""}",METADATA,Sch-S,UNKNOWN
lock_released,2026-09-18 16:56:14.321,78,0,0,0,"{""event_name"": ""lock_released"", ""timestamp"": ""2026-09-18 16:56:14.321"", ""session_id"": 78, ""resource_type"": ""METADATA"", ""mode"": ""Sch-S""}",METADATA,Sch-S,UNKNOWN
lock_released,2026-09-18 16:56:14.321,80,0,0,0,"{""event_name"": ""lock_released"", ""timestamp"": ""2026-09-18 16:56:14.321"", ""session_id"": 80, ""resource_type"": ""OBJECT"", ""mode"": ""IS""}",OBJECT,IS,UNKNOWN
lock_released,2026-09-18 16:56:14.321,85,0,0,0,"{""event_name"": ""lock_released"", ""timestamp"": ""2026-09-18 16:56:14.321"", ""session_id"": 85, ""resource_type"": ""PAGE"", ""mode"": ""IX""}",PAGE,IX,UNKNOWN
lock_released,2026-09-18 16:56:14.321,78,0,0,0,"{""event_name"": ""lock_released"", ""timestamp"": ""2026-09-18 16:56:14.321"", ""session_id"": 78, ""resource_type"": ""OBJECT"", ""mode"": ""Sch-S""}",OBJECT,Sch-S,UNKNOWN
lock_released,2026-09-18 16:56:14.321,80,0,0,0,"{""event_name"": ""lock_released"", ""timestamp"": ""2026-09-18 16:56:14.321"", ""session_id"": 80, ""resource_type"": ""PAGE"", ""mode"": ""S""}",PAGE,S,UNKNOWN
logout,2026-09-18 16:56:19.361,90,0,0,0,"{""event_name"": ""logout"", ""timestamp"": ""2026-09-18 16:56:19.361"", ""session_id"": 90}",0,0,UNKNOWN
lock_acquired,2026-09-18 16:56:19.361,85,0,0,0,"{""event_name"": ""lock_acquired"", ""timestamp"": ""2026-09-18 16:56:19.361"", ""session_id"": 85, ""resource_type"": ""OBJECT"", ""mode"": ""Sch-S""}",OBJECT,Sch-S,UNKNOWN
lock_acquired,2026-09-18 16:56:19.361,85,0,0,0,"{""event_name"": ""lock_acquired"", ""timestamp"": ""2026-09-18 16:56:19.361"", ""session_id"": 85, ""resource_type"": ""METADATA"", ""mode"": ""Sch-S""}",METADATA,Sch-S,UNKNOWN
lock_acquired,2026-09-18 16:56:19.361,81,0,0,0,"{""event_name"": ""lock_acquired"", ""timestamp"": ""2026-09-18 16:56:19.361"", ""session_id"": 81, ""resource_type"": ""OBJECT"", ""mode"": ""IX""}",OBJECT,IX,UNKNOWN
lock_acquired,2026-09-18 16:56:19.361,80,0,0,0,"{""event_name"": ""lock_acquired"", ""timestamp"": ""2026-09-18 16:56:19.361"", ""session_id"": 80, ""resource_type"": ""OBJECT"", ""mode"": ""IS""}",OBJECT,IS,UNKNOWN
lock_acquired,2026-09-18 16:56:19.361,81,0,0,0,"{""event_name"": ""lock_acquired"", ""timestamp"": ""2026-09-18 16:56:19.361"", ""session_id"": 81, ""resource_type"": ""OBJECT"", ""mode"": ""IS""}",OBJECT,IS,UNKNOWN
lock_acquired,2026-09-18 16:56:19.361,78,0,0,0,"{""event_name"": ""lock_acquired"", ""timestamp"": ""2026-09-18 16:56:19.361"", ""session_id"": 78, ""resource_type"": ""KEY"", ""mode"": ""X""}",KEY,X,UNKNOWN
lock_acquired,2026-09-18 16:56:19.361,80,0,0,0,"{""event_name"": ""lock_acquired"", ""timestamp"": ""2026-09-18 16:56:19.361"", ""session_id"": 80, ""resource_type"": ""PAGE"", ""mode"": ""S""}",PAGE,S,UNKNOWN
lock_released,2026-09-18 16:56:19.361,80,0,0,0,"{""event_name"": ""lock_released"", ""timestamp"": ""2026-09-18 16:56:19.361"", ""session_id"": 80, ""resource_type"": ""PAGE"", ""mode"": ""IX""}",PAGE,IX,UNKNOWN
lock_released,2026-09-18 16:56:19.361,84,0,0,0,"{""event_name"": ""lock_released"", ""timestamp"": ""2026-09-18 16:56:19.361"", ""session_id"": 84, ""resource_type"": ""PAGE"", ""mode"": ""S""}",PAGE,S,UNKNOWN
lock_released,2026-09-18 16:56:19.361,79,0,0,0,"{""event_name"": ""lock_released"", ""timestamp"": ""2026-09-18 16:56:19.361"", ""session_id"": 79, ""resource_type"": ""KEY"", ""mode"": ""X""}",KEY,X,UNKNOWN
lock_released,2026-09-18 16:56:19.361,77,0,0,0,"{""event_name"": ""lock_released"", ""timestamp"": ""2026-09-18 16:56:19.361"", ""session_id"": 77, ""resource_type"": ""OBJECT"", ""mode"": ""IS""}",OBJECT,IS,UNKNOWN
lock_released,2026-09-18 16:56:19.361,85,0,0,0,"{""event_name"": ""lock_released"", ""timestamp"": ""2026-09-18 16:56:19.361"", ""session_id"": 85, ""resource_type"": ""PAGE"", ""mode"": ""S""}",PAGE,S,UNKNOWN
lock_released,2026-09-18 16:56:19.361,77,0,0,0,"{""event_name"": ""lock_released"", ""timestamp"": ""2026-09-18 16:56:19.361"", ""session_id"": 77, ""resource_type"": ""OBJECT"", ""mode"": ""IX""}",OBJECT,IX,UNKNOWN
lock_released,2026-09-18 16:56:19.361,85,0,0,0,"{""event_name"": ""lock_released"", ""timestamp"": ""2026-09-18 16:56:19.361"", ""session_id"": 85, ""resource_type"": ""OBJECT"", ""mode"": ""IX""}",OBJECT,IX,UNKNOWN
lock_released,2026-09-18 16:56:19.361,78,0,0,0,"{""event_name"": ""lock_released"", ""timestamp"": ""2026-09-18 16:56:19.361"", ""session_id"": 78, ""resource_type"": ""KEY"", ""mode"": ""S""}",KEY,S,UNKNOWN
lock_released,2026-09-18 16:56:19.361,78,0,0,0,"{""event_name"": ""lock_released"", ""timestamp"": ""2026-09-18 16:56:19.361"", ""session_id"": 78, ""resource_type"": ""PAGE"", ""mode"": ""IS""}",PAGE,IS,UNKNOWN
lock_released,2026-09-18 16:56:19.361,79,0,0,0,"{""event_name"": ""lock_released"", ""timestamp"": ""2026-09-18 16:56:19.361"", ""session_id"": 79, ""resource_type"": ""PAGE"", ""mode"": ""IX""}",PAGE,IX,UNKNOWN
lock_released,2026-09-18 16:56:19.361,78,0,0,0,"{""event_name"": ""lock_released"", ""timestamp"": ""2026-09-18 16:56:19.361"", ""session_id"": 78, ""resource_type"": ""OBJECT"", ""mode"": ""IS""}",OBJECT,IS,UNKNOWN
lock_released,2026-09-18 16:56:19.361,79,0,0,0,"{""event_name"": ""lock_released"", ""timestamp"": ""2026-09-18 16:56:19.361"", ""session_id"": 79, ""resource_type"": ""OBJECT"", ""mode"": ""IX""}",OBJECT,IX,UNKNOWN
lock_released,2026-09-18 16:56:19.361,81,0,0,0,"{""event_name"": ""lock_released"", ""timestamp"": ""2026-09-18 16:56:19.361"", ""session_id"": 81, ""resource_type"": ""OBJECT"", ""mode"": ""Sch-S""}",OBJECT,Sch-S,UNKNOWN
lock_released,2026-09-18 16:56:19.361,85,0,0,0,"{""event_name"": ""lock_released"", ""timestamp"": ""2026-09-18 16:56:19.361"", ""session_id"": 85, ""resource_type"": ""OBJECT"", ""mode"": ""IS""}",OBJECT,IS,UNKNOWN
lock_released,2026-09-18 16:56:19.361,81,0,0,0,"{""event_name"": ""lock_released"", ""timestamp"": ""2026-09-18 16:56:19.361"", ""session_id"": 81, ""resource_type"": ""METADATA"", ""mode"": ""Sch-S""}",METADATA,Sch-S,UNKNOWN
lock_acquired,2026-09-18 16:56:24.390,84,0,0,0,"{""event_name"": ""lock_acquired"", ""timestamp"": ""2026-09-18 16:56:24.390"", ""session_id"": 84, ""resource_type"": ""PAGE"", ""mode"": ""S""}",PAGE,S,UNKNOWN
lock_acquired,2026-09-18 16:56:24.390,78,0,0,0,"{""event_name"": ""lock_acquired"", ""timestamp"": ""2026-09-18 16:56:24.390"", ""session_id"": 78, ""resource_type"": ""OBJECT"", ""mode"": ""IX""}",OBJECT,IX,UNKNOWN
lock_acquired,2026-09-18 16:56:24.390,79,0,0,0,"{""event_name"": ""lock_acquired"", ""timestamp"": ""2026-09-18 16:56:24.390"", ""session_id"": 79, ""resource_type"": ""OBJECT"", ""mode"": ""IS""}",OBJECT,IS,UNKNOWN
lock_acquired,2026-09-18 16:56:24.390,78,0,0,0,"{""event_name"": ""lock_acquired"", ""timestamp"": ""2026-09-18 16:56:24.390"", ""session_id"": 78, ""resource_type"": ""OBJECT"", ""mode"": ""IS""}",OBJECT,IS,UNKNOWN
lock_acquired,2026-09-18 16:56:24.390,85,0,0,0,"{""event_name"": ""lock_acquired"", ""timestamp"": ""2026-09-18 16:56:24.390"", ""session_id"": 85, ""resource_type"": ""OBJECT"", ""mode"": ""IX""}",OBJECT,IX,UNKNOWN
lock_acquired,2026-09-18 16:56:24.390,79,0,0,0,"{""event_name"": ""lock_acquired"", ""timestamp"": ""2026-09-18 16:56:24.390"", ""session_id"": 79, ""resource_type"": ""OBJECT"", ""mode"": ""IX""}",OBJECT,IX,UNKNOWN
lock_acquired,2026-09-18 16:56:24.390,85,0,0,0,"{""event_name"": ""lock_acquired"", ""timestamp"": ""2026-09-18 16:56:24.390"", ""session_id"": 85, ""resource_type"": ""OBJECT"", ""mode"": ""IS""}",OBJECT,IS,UNKNOWN
lock_released,2026-09-18 16:56:24.390,85,0,0,0,"{""event_name"": ""lock_released"", ""timestamp"": ""2026-09-18 16:56:24.390"", ""session_id"": 85, ""resource_type"": ""OBJECT"", ""mode"": ""Sch-S""}",OBJECT,Sch-S,UNKNOWN
lock_released,2026-09-18 16:56:24.390,85,0,0,0,"{""event_name"": ""lock_released"", ""timestamp"": ""2026-09-18 16:56:24.390"", ""session_id"": 85, ""resource_type"": ""METADATA"", ""mode"": ""Sch-S""}",METADATA,Sch-S,UNKNOWN
lock_released,2026-09-18 16:56:24.390,81,0,0,0,"{""event_name"": ""lock_released"", ""timestamp"": ""2026-09-18 16:56:24.390"", ""session_id"": 81, ""resource_type"": ""OBJECT"", ""mode"": ""IX""}",OBJECT,IX,UNKNOWN
lock_released,2026-09-18 16:56:24.390,81,0,0,0,"{""event_name"": ""lock_released"", ""timestamp"": ""2026-09-18 16:56:24.390"", ""session_id"": 81, ""resource_type"": ""OBJECT"", ""mode"": ""IS""}",OBJECT,IS,UNKNOWN
lock_released,2026-09-18 16:56:24.390,78,0,0,0,"{""event_name"": ""lock_released"", ""timestamp"": ""2026-09-18 16:56:24.390"", ""session_id"": 78, ""resource_type"": ""KEY"", ""mode"": ""X""}",KEY,X,UNKNOWN
lock_released,2026-09-18 16:56:24.390,80,0,0,0,"{""event_name"": ""lock_released"", ""timestamp"": ""2026-09-18 16:56:24.390"", ""session_id"": 80, ""resource_type"": ""PAGE"", ""mode"": ""S""}",PAGE,S,UNKNOWN
lock_acquired,2026-09-18 16:56:29.428,77,0,0,0,"{""event_name"": ""lock_acquired"", ""timestamp"": ""2026-09-18 16:56:29.428"", ""session_id"": 77, ""resource_type"": ""OBJECT"", ""mode"": ""IX""}",OBJECT,IX,UNKNOWN
lock_acquired,2026-09-18 16:56:29.428,85,0,0,0,"{""event_name"": ""lock_acquired"", ""timestamp"": ""2026-09-18 16:56:29.428"", ""session_id"": 85, ""resource_type"": ""PAGE"", ""mode"": ""S""}",PAGE,S,UNKNOWN
lock_acquired,2026-09-18 16:56:29.428,77,0,0,0,"{""event_name"": ""lock_acquired"", ""timestamp"": ""2026-09-18 16:56:29.428"", ""session_id"": 77, ""resource_type"": ""OBJECT"", ""mode"": ""IS""}",OBJECT,IS,UNKNOWN
lock_acquired,2026-09-18 16:56:29.428,81,0,0,0,"{""event_name"": ""lock_acquired"", ""timestamp"": ""2026-09-18 16:56:29.428"", ""session_id"": 81, ""resource_type"": ""OBJECT"", ""mode"": ""IX""}",OBJECT,IX,UNKNOWN
lock_acquired,2026-09-18 16:56:29.428,81,0,0,0,"{""event_name"": ""lock_acquired"", ""timestamp"": ""2026-09-18 16:56:29.428"", ""session_id"": 81, ""resource_type"": ""OBJECT"", ""mode"": ""IS""}",OBJECT,IS,UNKNOWN
lock_acquired,2026-09-18 16:56:29.428,78,0,0,0,"{""event_name"": ""lock_acquired"", ""timestamp"": ""2026-09-18 16:56:29.428"", ""session_id"": 78, ""resource_type"": ""PAGE"", ""mode"": ""S""}",PAGE,S,UNKNOWN
lock_released,2026-09-18 16:56:29.428,84,0,0,0,"{""event_name"": ""lock_released"", ""timestamp"": ""2026-09-18 16:56:29.428"", ""session_id"": 84, ""resource_type"": ""PAGE"", ""mode"": ""S""}",PAGE,S,UNKNOWN
lock_released,2026-09-18 16:56:29.428,83,0,0,0,"{""event_name"": ""lock_released"", ""timestamp"": ""2026-09-18 16:56:29.428"", ""session_id"": 83, ""resource_type"": ""OBJECT"", ""mode"": ""IX""}",OBJECT,IX,UNKNOWN
lock_released,2026-09-18 16:56:29.428,83,0,0,0,"{""event_name"": ""lock_released"", ""timestamp"": ""2026-09-18 16:56:29.428"", ""session_id"": 83, ""resource_type"": ""OBJECT"", ""mode"": ""IS""}",OBJECT,IS,UNKNOWN
lock_released,2026-09-18 16:56:29.428,82,0,0,0,"{""event_name"": ""lock_released"", ""timestamp"": ""2026-09-18 16:56:29.428"", ""session_id"": 82, ""resource_type"": ""OBJECT"", ""mode"": ""IX""}",OBJECT,IX,UNKNOWN
lock_released,2026-09-18 16:56:29.428,80,0,0,0,"{""event_name"": ""lock_released"", ""timestamp"": ""2026-09-18 16:56:29.428"", ""session_id"": 80, ""resource_type"": ""OBJECT"", ""mode"": ""IS""}",OBJECT,IS,UNKNOWN
lock_released,2026-09-18 16:56:29.428,80,0,0,0,"{""event_name"": ""lock_released"", ""timestamp"": ""2026-09-18 16:56:29.428"", ""session_id"": 80, ""resource_type"": ""OBJECT"", ""mode"": ""IX""}",OBJECT,IX,UNKNOWN
lock_released,2026-09-18 16:56:29.428,82,0,0,0,"{""event_name"": ""lock_released"", ""timestamp"": ""2026-09-18 16:56:29.428"", ""session_id"": 82, ""resource_type"": ""OBJECT"", ""mode"": ""IS""}",OBJECT,IS,UNKNOWN
lock_acquired,2026-09-18 16:56:34.452,76,0,0,0,"{""event_name"": ""lock_acquired"", ""timestamp"": ""2026-09-18 16:56:34.452"", ""session_id"": 76, ""resource_type"": ""OBJECT"", ""mode"": ""Sch-S""}",OBJECT,Sch-S,UNKNOWN
lock_acquired,2026-09-18 16:56:34.452,79,0,0,0,"{""event_name"": ""lock_acquired"", ""timestamp"": ""2026-09-18 16:56:34.452"", ""session_id"": 79, ""resource_type"": ""KEY"", ""mode"": ""X""}",KEY,X,UNKNOWN
lock_acquired,2026-09-18 16:56:34.452,76,0,0,0,"{""event_name"": ""lock_acquired"", ""timestamp"": ""2026-09-18 16:56:34.452"", ""session_id"": 76, ""resource_type"": ""METADATA"", ""mode"": ""Sch-S""}",METADATA,Sch-S,UNKNOWN
lock_acquired,2026-09-18 16:56:34.452,80,0,0,0,"{""event_name"": ""lock_acquired"", ""timestamp"": ""2026-09-18 16:56:34.452"", ""session_id"": 80, ""resource_type"": ""OBJECT"", ""mode"": ""IS""}",OBJECT,IS,UNKNOWN
lock_acquired,2026-09-18 16:56:34.452,80,0,0,0,"{""event_name"": ""lock_acquired"", ""timestamp"": ""2026-09-18 16:56:34.452"", ""session_id"": 80, ""resource_type"": ""OBJECT"", ""mode"": ""IX""}",OBJECT,IX,UNKNOWN
lock_acquired,2026-09-18 16:56:34.452,79,0,0,0,"{""event_name"": ""lock_acquired"", ""timestamp"": ""2026-09-18 16:56:34.452"", ""session_id"": 79, ""resource_type"": ""PAGE"", ""mode"": ""IX""}",PAGE,IX,UNKNOWN
lock_acquired,2026-09-18 16:56:34.452,82,0,0,0,"{""event_name"": ""lock_acquired"", ""timestamp"": ""2026-09-18 16:56:34.452"", ""session_id"": 82, ""resource_type"": ""OBJECT"", ""mode"": ""IX""}",OBJECT,IX,UNKNOWN
lock_acquired,2026-09-18 16:56:34.452,82,0,0,0,"{""event_name"": ""lock_acquired"", ""timestamp"": ""2026-09-18 16:56:34.452"", ""session_id"": 82, ""resource_type"": ""PAGE"", ""mode"": ""IX""}",PAGE,IX,UNKNOWN
lock_acquired,2026-09-18 16:56:34.452,80,0,0,0,"{""event_name"": ""lock_acquired"", ""timestamp"": ""2026-09-18 16:56:34.452"", ""session_id"": 80, ""resource_type"": ""PAGE"", ""mode"": ""S""}",PAGE,S,UNKNOWN
lock_released,2026-09-18 16:56:34.452,85,0,0,0,"{""event_name"": ""lock_released"", ""timestamp"": ""2026-09-18 16:56:34.452"", ""session_id"": 85, ""resource_type"": ""PAGE"", ""mode"": ""S""}",PAGE,S,UNKNOWN
lock_released,2026-09-18 16:56:34.452,76,0,0,0,"{""event_name"": ""lock_released"", ""timestamp"": ""2026-09-18 16:56:34.452"", ""session_id"": 76, ""resource_type"": ""OBJECT"", ""mode"": ""IS""}",OBJECT,IS,UNKNOWN
lock_released,2026-09-18 16:56:34.452,78,0,0,0,"{""event_name"": ""lock_released"", ""timestamp"": ""2026-09-18 16:56:34.452"", ""session_id"": 78, ""resource_type"": ""OBJECT"", ""mode"": ""IS""}",OBJECT,IS,UNKNOWN
lock_released,2026-09-18 16:56:34.452,76,0,0,0,"{""event_name"": ""lock_released"", ""timestamp"": ""2026-09-18 16:56:34.452"", ""session_id"": 76, ""resource_type"": ""OBJECT"", ""mode"": ""IX""}",OBJECT,IX,UNKNOWN
lock_released,2026-09-18 16:56:34.452,78,0,0,0,"{""event_name"": ""lock_released"", ""timestamp"": ""2026-09-18 16:56:34.452"", ""session_id"": 78, ""resource_type"": ""PAGE"", ""mode"": ""S""}",PAGE,S,UNKNOWN
lock_released,2026-09-18 16:56:34.452,79,0,0,0,"{""event_name"": ""lock_released"", ""timestamp"": ""2026-09-18 16:56:34.452"", ""session_id"": 79, ""resource_type"": ""OBJECT"", ""mode"": ""IS""}",OBJECT,IS,UNKNOWN
lock_acquired,2026-09-18 16:56:39.518,83,0,0,0,"{""event_name"": ""lock_acquired"", ""timestamp"": ""2026-09-18 16:56:39.518"", ""session_id"": 83, ""resource_type"": ""OBJECT"", ""mode"": ""IX""}",OBJECT,IX,UNKNOWN
lock_acquired,2026-09-18 16:56:39.518,77,0,0,0,"{""event_name"": ""lock_acquired"", ""timestamp"": ""2026-09-18 16:56:39.518"", ""session_id"": 77, ""resource_type"": ""KEY"", ""mode"": ""X""}",KEY,X,UNKNOWN
lock_acquired,2026-09-18 16:56:39.518,77,0,0,0,"{""event_name"": ""lock_acquired"", ""timestamp"": ""2026-09-18 16:56:39.518"", ""session_id"": 77, ""resource_type"": ""PAGE"", ""mode"": ""IX""}",PAGE,IX,UNKNOWN
lock_acquired,2026-09-18 16:56:39.518,83,0,0,0,"{""event_name"": ""lock_acquired"", ""timestamp"": ""2026-09-18 16:56:39.518"", ""session_id"": 83, ""resource_type"": ""OBJECT"", ""mode"": ""IS""}",OBJECT,IS,UNKNOWN
lock_acquired,2026-09-18 16:56:39.518,78,0,0,0,"{""event_name"": ""lock_acquired"", ""timestamp"": ""2026-09-18 16:56:39.518"", ""session_id"": 78, ""resource_type"": ""OBJECT"", ""mode"": ""IS""}",OBJECT,IS,UNKNOWN
lock_acquired,2026-09-18 16:56:39.518,82,0,0,0,"{""event_name"": ""lock_acquired"", ""timestamp"": ""2026-09-18 16:56:39.518"", ""session_id"": 82, ""resource_type"": ""OBJECT"", ""mode"": ""IS""}",OBJECT,IS,UNKNOWN
lock_acquired,2026-09-18 16:56:39.518,84,0,0,0,"{""event_name"": ""lock_acquired"", ""timestamp"": ""2026-09-18 16:56:39.518"", ""session_id"": 84, ""resource_type"": ""OBJECT"", ""mode"": ""Sch-S""}",OBJECT,Sch-S,UNKNOWN
lock_released,2026-09-18 16:56:39.518,85,0,0,0,"{""event_name"": ""lock_released"", ""timestamp"": ""2026-09-18 16:56:39.518"", ""session_id"": 85, ""resource_type"": ""OBJECT"", ""mode"": ""IS""}",OBJECT,IS,UNKNOWN
lock_released,2026-09-18 16:56:39.518,76,0,0,0,"{""event_name"": ""lock_released"", ""timestamp"": ""2026-09-18 16:56:39.518"", ""session_id"": 76, ""resource_type"": ""OBJECT"", ""mode"": ""Sch-S""}",OBJECT,Sch-S,UNKNOWN
lock_released,2026-09-18 16:56:39.518,77,0,0,0,"{""event_name"": ""lock_released"", ""timestamp"": ""2026-09-18 16:56:39.518"", ""session_id"": 77, ""resource_type"": ""OBJECT"", ""mode"": ""IS""}",OBJECT,IS,UNKNOWN
lock_released,2026-09-18 16:56:39.518,76,0,0,0,"{""event_name"": ""lock_released"", ""timestamp"": ""2026-09-18 16:56:39.518"", ""session_id"": 76, ""resource_type"": ""METADATA"", ""mode"": ""Sch-S""}",METADATA,Sch-S,UNKNOWN
lock_released,2026-09-18 16:56:39.518,84,0,0,0,"{""event_name"": ""lock_released"", ""timestamp"": ""2026-09-18 16:56:39.518"", ""session_id"": 84, ""resource_type"": ""OBJECT"", ""mode"": ""IS""}",OBJECT,IS,UNKNOWN
lock_released,2026-09-18 16:56:39.518,84,0,0,0,"{""event_name"": ""lock_released"", ""timestamp"": ""2026-09-18 16:56:39.518"", ""session_id"": 84, ""resource_type"": ""OBJECT"", ""mode"": ""IX""}",OBJECT,IX,UNKNOWN
lock_released,2026-09-18 16:56:39.518,82,0,0,0,"{""event_name"": ""lock_released"", ""timestamp"": ""2026-09-18 16:56:39.518"", ""session_id"": 82, ""resource_type"": ""PAGE"", ""mode"": ""IX""}",PAGE,IX,UNKNOWN
lock_released,2026-09-18 16:56:39.518,80,0,0,0,"{""event_name"": ""lock_released"", ""timestamp"": ""2026-09-18 16:56:39.518"", ""session_id"": 80, ""resource_type"": ""PAGE"", ""mode"": ""S""}",PAGE,S,UNKNOWN
lock_acquired,2026-09-18 16:56:44.559,82,0,0,0,"{""event_name"": ""lock_acquired"", ""timestamp"": ""2026-09-18 16:56:44.559"", ""session_id"": 82, ""resource_type"": ""OBJECT"", ""mode"": ""Sch-S""}",OBJECT,Sch-S,UNKNOWN
lock_acquired,2026-09-18 16:56:44.559,77,0,0,0,"{""event_name"": ""lock_acquired"", ""timestamp"": ""2026-09-18 16:56:44.559"", ""session_id"": 77, ""resource_type"": ""OBJECT"", ""mode"": ""IS""}",OBJECT,IS,UNKNOWN
lock_acquired,2026-09-18 16:56:44.559,82,0,0,0,"{""event_name"": ""lock_acquired"", ""timestamp"": ""2026-09-18 16:56:44.559"", ""session_id"": 82, ""resource_type"": ""METADATA"", ""mode"": ""Sch-S""}",METADATA,Sch-S,UNKNOWN
lock_acquired,2026-09-18 16:56:44.559,79,0,0,0,"{""event_name"": ""lock_acquired"", ""timestamp"": ""2026-09-18 16:56:44.559"", ""session_id"": 79, ""resource_type"": ""OBJECT"", ""mode"": ""IS""}",OBJECT,IS,UNKNOWN
lock_acquired,2026-09-18 16:56:44.559,84,0,0,0,"{""event_name"": ""lock_acquired"", ""timestamp"": ""2026-09-18 16:56:44.559"", ""session_id"": 84, ""resource_type"": ""OBJECT"", ""mode"": ""IS""}",OBJECT,IS,UNKNOWN
lock_acquired,2026-09-18 16:56:44.559,84,0,0,0,"{""event_name"": ""lock_acquired"", ""timestamp"": ""2026-09-18 16:56:44.559"", ""session_id"": 84, ""resource_type"": ""OBJECT"", ""mode"": ""IX""}",OBJECT,IX,UNKNOWN
lock_acquired,2026-09-18 16:56:44.559,77,0,0,0,"{""event_name"": ""lock_acquired"", ""timestamp"": ""2026-09-18 16:56:44.559"", ""session_id"": 77, ""resource_type"": ""PAGE"", ""mode"": ""S""}",PAGE,S,UNKNOWN
lock_acquired,2026-09-18 16:56:44.559,80,0,0,0,"{""event_name"": ""lock_acquired"", ""timestamp"": ""2026-09-18 16:56:44.559"", ""session_id"": 80, ""resource_type"": ""OBJECT"", ""mode"": ""Sch-S""}",OBJECT,Sch-S,UNKNOWN
lock_acquired,2026-09-18 16:56:44.559,81,0,0,0,"{""event_name"": ""lock_acquired"", ""timestamp"": ""2026-09-18 16:56:44.559"", ""session_id"": 81, ""resource_type"": ""PAGE"", ""mode"": ""S""}",PAGE,S,UNKNOWN
lock_acquired,2026-09-18 16:56:44.559,85,0,0,0,"{""event_name"": ""lock_acquired"", ""timestamp"": ""2026-09-18 16:56:44.559"", ""session_id"": 85, ""resource_type"": ""OBJECT"", ""mode"": ""IS""}",OBJECT,IS,UNKNOWN
lock_released,2026-09-18 16:56:44.559,83,0,0,0,"{""event_name"": ""lock_released"", ""timestamp"": ""2026-09-18 16:56:44.559"", ""session_id"": 83, ""resource_type"": ""OBJECT"", ""mode"": ""IX""}",OBJECT,IX,UNKNOWN
lock_released,2026-09-18 16:56:44.559,77,0,0,0,"{""event_name"": ""lock_released"", ""timestamp"": ""2026-09-18 16:56:44.559"", ""session_id"": 77, ""resource_type"": ""KEY"", ""mode"": ""X""}",KEY,X,UNKNOWN
lock_released,2026-09-18 16:56:44.559,79,0,0,0,"{""event_name"": ""lock_released"", ""timestamp"": ""2026-09-18 16:56:44.559"", ""session_id"": 79, ""resource_type"": ""KEY"", ""mode"": ""X""}",KEY,X,UNKNOWN
lock_released,2026-09-18 16:56:44.559,77,0,0,0,"{""event_name"": ""lock_released"", ""timestamp"": ""2026-09-18 16:56:44.559"", ""session_id"": 77, ""resource_type"": ""PAGE"", ""mode"": ""IX""}",PAGE,IX,UNKNOWN
lock_released,2026-09-18 16:56:44.559,83,0,0,0,"{""event_name"": ""lock_released"", ""timestamp"": ""2026-09-18 16:56:44.559"", ""session_id"": 83, ""resource_type"": ""OBJECT"", ""mode"": ""IS""}",OBJECT,IS,UNKNOWN
lock_released,2026-09-18 16:56:44.559,82,0,0,0,"{""event_name"": ""lock_released"", ""timestamp"": ""2026-09-18 16:56:44.559"", ""session_id"": 82, ""resource_type"": ""OBJECT"", ""mode"": ""IX""}",OBJECT,IX,UNKNOWN
lock_released,2026-09-18 16:56:44.559,80,0,0,0,"{""event_name"": ""lock_released"", ""timestamp"": ""2026-09-18 16:56:44.559"", ""session_id"": 80, ""resource_type"": ""OBJECT"", ""mode"": ""IS""}",OBJECT,IS,UNKNOWN
lock_released,2026-09-18 16:56:44.559,80,0,0,0,"{""event_name"": ""lock_released"", ""timestamp"": ""2026-09-18 16:56:44.559"", ""session_id"": 80, ""resource_type"": ""OBJECT"", ""mode"": ""IX""}",OBJECT,IX,UNKNOWN
lock_released,2026-09-18 16:56:44.559,79,0,0,0,"{""event_name"": ""lock_released"", ""timestamp"": ""2026-09-18 16:56:44.559"", ""session_id"": 79, ""resource_type"": ""PAGE"", ""mode"": ""IX""}",PAGE,IX,UNKNOWN
lock_released,2026-09-18 16:56:44.559,82,0,0,0,"{""event_name"": ""lock_released"", ""timestamp"": ""2026-09-18 16:56:44.559"", ""session_id"": 82, ""resource_type"": ""OBJECT"", ""mode"": ""IS""}",OBJECT,IS,UNKNOWN
lock_released,2026-09-18 16:56:44.559,84,0,0,0,"{""event_name"": ""lock_released"", ""timestamp"": ""2026-09-18 16:56:44.559"", ""session_id"": 84, ""resource_type"": ""OBJECT"", ""mode"": ""Sch-S""}",OBJECT,Sch-S,UNKNOWN
lock_acquired,2026-09-18 16:56:49.598,83,0,0,0,"{""event_name"": ""lock_acquired"", ""timestamp"": ""2026-09-18 16:56:49.598"", ""session_id"": 83, ""resource_type"": ""OBJECT"", ""mode"": ""IX""}",OBJECT,IX,UNKNOWN
lock_acquired,2026-09-18 16:56:49.598,85,0,0,0,"{""event_name"": ""lock_acquired"", ""timestamp"": ""2026-09-18 16:56:49.598"", ""session_id"": 85, ""resource_type"": ""OBJECT"", ""mode"": ""Sch-S""}",OBJECT,Sch-S,UNKNOWN
lock_acquired,2026-09-18 16:56:49.598,83,0,0,0,"{""event_name"": ""lock_acquired"", ""timestamp"": ""2026-09-18 16:56:49.598"", ""session_id"": 83, ""resource_type"": ""OBJECT"", ""mode"": ""IS""}",OBJECT,IS,UNKNOWN
lock_acquired,2026-09-18 16:56:49.598,80,0,0,0,"{""event_name"": ""lock_acquired"", ""timestamp"": ""2026-09-18 16:56:49.598"", ""session_id"": 80, ""resource_type"": ""OBJECT"", ""mode"": ""IS""}",OBJECT,IS,UNKNOWN
lock_acquired,2026-09-18 16:56:49.598,80,0,0,0,"{""event_name"": ""lock_acquired"", ""timestamp"": ""2026-09-18 16:56:49.598"", ""session_id"": 80, ""resource_type"": ""OBJECT"", ""mode"": ""IX""}",OBJECT,IX,UNKNOWN
lock_acquired,2026-09-18 16:56:49.598,76,0,0,0,"{""event_name"": ""lock_acquired"", ""timestamp"": ""2026-09-18 16:56:49.598"", ""session_id"": 76, ""resource_type"": ""OBJECT"", ""mode"": ""IX""}",OBJECT,IX,UNKNOWN
lock_acquired,2026-09-18 16:56:49.598,76,0,0,0,"{""event_name"": ""lock_acquired"", ""timestamp"": ""2026-09-18 16:56:49.598"", ""session_id"": 76, ""resource_type"": ""OBJECT"", ""mode"": ""IS""}",OBJECT,IS,UNKNOWN
lock_released,2026-09-18 16:56:49.598,77,0,0,0,"{""event_name"": ""lock_released"", ""timestamp"": ""2026-09-18 16:56:49.598"", ""session_id"": 77, ""resource_type"": ""OBJECT"", ""mode"": ""IX""}",OBJECT,IX,UNKNOWN
lock_released,2026-09-18 16:56:49.598,77,0,0,0,"{""event_name"": ""lock_released"", ""timestamp"": ""2026-09-18 16:56:49.598"", ""session_id"": 77, ""resource_type"": ""OBJECT"", ""mode"": ""IS""}",OBJECT,IS,UNKNOWN
lock_released,2026-09-18 16:56:49.598,82,0,0,0,"{""event_name"": ""lock_released"", ""timestamp"": ""2026-09-18 16:56:49.598"", ""session_id"": 82, ""resource_type"": ""METADATA"", ""mode"": ""Sch-S""}",METADATA,Sch-S,UNKNOWN
lock_released,2026-09-18 16:56:49.598,77,0,0,0,"{""event_name"": ""lock_released"", ""timestamp"": ""2026-09-18 16:56:49.598"", ""session_id"": 77, ""resource_type"": ""PAGE"", ""mode"": ""S""}",PAGE,S,UNKNOWN
lock_released,2026-09-18 16:56:49.598,80,0,0,0,"{""event_name"": ""lock_released"", ""timestamp"": ""2026-09-18 16:56:49.598"", ""session_id"": 80, ""resource_type"": ""OBJECT"", ""mode"": ""Sch-S""}",OBJECT,Sch-S,UNKNOWN
lock_released,2026-09-18 16:56:49.598,81,0,0,0,"{""event_name"": ""lock_released"", ""timestamp"": ""2026-09-18 16:56:49.598"", ""session_id"": 81, ""resource_type"": ""PAGE"", ""mode"": ""S""}",PAGE,S,UNKNOWN
lock_released,2026-09-18 16:56:49.598,85,0,0,0,"{""event_name"": ""lock_released"", ""timestamp"": ""2026-09-18 16:56:49.598"", ""session_id"": 85, ""resource_type"": ""OBJECT"", ""mode"": ""IS""}",OBJECT,IS,UNKNOWN
lock_acquired,2026-09-18 16:56:54.636,82,0,0,0,"{""event_name"": ""lock_acquired"", ""timestamp"": ""2026-09-18 16:56:54.636"", ""session_id"": 82, ""resource_type"": ""OBJECT"", ""mode"": ""IS""}",OBJECT,IS,UNKNOWN
lock_acquired,2026-09-18 16:56:54.636,82,0,0,0,"{""event_name"": ""lock_acquired"", ""timestamp"": ""2026-09-18 16:56:54.636"", ""session_id"": 82, ""resource_type"": ""OBJECT"", ""mode"": ""IX""}",OBJECT,IX,UNKNOWN
lock_acquired,2026-09-18 16:56:54.636,77,0,0,0,"{""event_name"": ""lock_acquired"", ""timestamp"": ""2026-09-18 16:56:54.636"", ""session_id"": 77, ""resource_type"": ""OBJECT"", ""mode"": ""Sch-S""}",OBJECT,Sch-S,UNKNOWN
lock_released,2026-09-18 16:56:54.636,82,0,0,0,"{""event_name"": ""lock_released"", ""timestamp"": ""2026-09-18 16:56:54.636"", ""session_id"": 82, ""resource_type"": ""OBJECT"", ""mode"": ""Sch-S""}",OBJECT,Sch-S,UNKNOWN
lock_released,2026-09-18 16:56:54.636,83,0,0,0,"{""event_name"": ""lock_released"", ""timestamp"": ""2026-09-18 16:56:54.636"", ""session_id"": 83, ""resource_type"": ""OBJECT"", ""mode"": ""IX""}",OBJECT,IX,UNKNOWN
lock_released,2026-09-18 16:56:54.636,85,0,0,0,"{""event_name"": ""lock_released"", ""timestamp"": ""2026-09-18 16:56:54.636"", ""session_id"": 85, ""resource_type"": ""OBJECT"", ""mode"": ""Sch-S""}",OBJECT,Sch-S,UNKNOWN
lock_released,2026-09-18 16:56:54.636,83,0,0,0,"{""event_name"": ""lock_released"", ""timestamp"": ""2026-09-18 16:56:54.636"", ""session_id"": 83, ""resource_type"": ""OBJECT"", ""mode"": ""IS""}",OBJECT,IS,UNKNOWN
lock_released,2026-09-18 16:56:54.636,85,0,0,0,"{""event_name"": ""lock_released"", ""timestamp"": ""2026-09-18 16:56:54.636"", ""session_id"": 85, ""resource_type"": ""OBJECT"", ""mode"": ""IX""}",OBJECT,IX,UNKNOWN
lock_released,2026-09-18 16:56:54.636,79,0,0,0,"{""event_name"": ""lock_released"", ""timestamp"": ""2026-09-18 16:56:54.636"", ""session_id"": 79, ""resource_type"": ""OBJECT"", ""mode"": ""IX""}",OBJECT,IX,UNKNOWN
lock_released,2026-09-18 16:56:54.636,79,0,0,0,"{""event_name"": ""lock_released"", ""timestamp"": ""2026-09-18 16:56:54.636"", ""session_id"": 79, ""resource_type"": ""OBJECT"", ""mode"": ""IS""}",OBJECT,IS,UNKNOWN
lock_acquired,2026-09-18 16:56:59.675,84,0,0,0,"{""event_name"": ""lock_acquired"", ""timestamp"": ""2026-09-18 16:56:59.675"", ""session_id"": 84, ""resource_type"": ""PAGE"", ""mode"": ""S""}",PAGE,S,UNKNOWN
lock_acquired,2026-09-18 16:56:59.675,83,0,0,0,"{""event_name"": ""lock_acquired"", ""timestamp"": ""2026-09-18 16:56:59.675"", ""session_id"": 83, ""resource_type"": ""OBJECT"", ""mode"": ""IX""}",OBJECT,IX,UNKNOWN
lock_acquired,2026-09-18 16:56:59.675,83,0,0,0,"{""event_name"": ""lock_acquired"", ""timestamp"": ""2026-09-18 16:56:59.675"", ""session_id"": 83, ""resource_type"": ""OBJECT"", ""mode"": ""IS""}",OBJECT,IS,UNKNOWN
lock_acquired,2026-09-18 16:56:59.675,79,0,0,0,"{""event_name"": ""lock_acquired"", ""timestamp"": ""2026-09-18 16:56:59.675"", ""session_id"": 79, ""resource_type"": ""OBJECT"", ""mode"": ""IS""}",OBJECT,IS,UNKNOWN
lock_acquired,2026-09-18 16:56:59.675,77,0,0,0,"{""event_name"": ""lock_acquired"", ""timestamp"": ""2026-09-18 16:56:59.675"", ""session_id"": 77, ""resource_type"": ""KEY"", ""mode"": ""S""}",KEY,S,UNKNOWN
lock_acquired,2026-09-18 16:56:59.675,85,0,0,0,"{""event_name"": ""lock_acquired"", ""timestamp"": ""2026-09-18 16:56:59.675"", ""session_id"": 85, ""resource_type"": ""OBJECT"", ""mode"": ""IX""}",OBJECT,IX,UNKNOWN
lock_acquired,2026-09-18 16:56:59.675,79,0,0,0,"{""event_name"": ""lock_acquired"", ""timestamp"": ""2026-09-18 16:56:59.675"", ""session_id"": 79, ""resource_type"": ""OBJECT"", ""mode"": ""IX""}",OBJECT,IX,UNKNOWN
lock_acquired,2026-09-18 16:56:59.675,78,0,0,0,"{""event_name"": ""lock_acquired"", ""timestamp"": ""2026-09-18 16:56:59.675"", ""session_id"": 78, ""resource_type"": ""OBJECT"", ""mode"": ""Sch-S""}",OBJECT,Sch-S,UNKNOWN
lock_acquired,2026-09-18 16:56:59.675,85,0,0,0,"{""event_name"": ""lock_acquired"", ""timestamp"": ""2026-09-18 16:56:59.675"", ""session_id"": 85, ""resource_type"": ""OBJECT"", ""mode"": ""IS""}",OBJECT,IS,UNKNOWN
lock_released,2026-09-18 16:56:59.675,78,0,0,0,"{""event_name"": ""lock_released"", ""timestamp"": ""2026-09-18 16:56:59.675"", ""session_id"": 78, ""resource_type"": ""OBJECT"", ""mode"": ""IS""}",OBJECT,IS,UNKNOWN
lock_released,2026-09-18 16:56:59.675,78,0,0,0,"{""event_name"": ""lock_released"", ""timestamp"": ""2026-09-18 16:56:59.675"", ""session_id"": 78, ""resource_type"": ""OBJECT"", ""mode"": ""IX""}",OBJECT,IX,UNKNOWN
lock_acquired,2026-09-18 16:57:04.714,78,0,0,0,"{""event_name"": ""lock_acquired"", ""timestamp"": ""2026-09-18 16:57:04.714"", ""session_id"": 78, ""resource_type"": ""OBJECT"", ""mode"": ""IS""}",OBJECT,IS,UNKNOWN
lock_acquired,2026-09-18 16:57:04.714,78,0,0,0,"{""event_name"": ""lock_acquired"", ""timestamp"": ""2026-09-18 16:57:04.714"", ""session_id"": 78, ""resource_type"": ""OBJECT"", ""mode"": ""IX""}",OBJECT,IX,UNKNOWN
lock_released,2026-09-18 16:57:04.714,77,0,0,0,"{""event_name"": ""lock_released"", ""timestamp"": ""2026-09-18 16:57:04.714"", ""session_id"": 77, ""resource_type"": ""KEY"", ""mode"": ""S""}",KEY,S,UNKNOWN
lock_released,2026-09-18 16:57:04.714,84,0,0,0,"{""event_name"": ""lock_released"", ""timestamp"": ""2026-09-18 16:57:04.714"", ""session_id"": 84, ""resource_type"": ""PAGE"", ""mode"": ""S""}",PAGE,S,UNKNOWN
lock_released,2026-09-18 16:57:04.714,78,0,0,0,"{""event_name"": ""lock_released"", ""timestamp"": ""2026-09-18 16:57:04.714"", ""session_id"": 78, ""resource_type"": ""OBJECT"", ""mode"": ""Sch-S""}",OBJECT,Sch-S,UNKNOWN
lock_acquired,2026-09-18 16:57:09.755,77,0,0,0,"{""event_name"": ""lock_acquired"", ""timestamp"": ""2026-09-18 16:57:09.755"", ""session_id"": 77, ""resource_type"": ""METADATA"", ""mode"": ""Sch-S""}",METADATA,Sch-S,UNKNOWN
lock_acquired,2026-09-18 16:57:09.755,80,0,0,0,"{""event_name"": ""lock_acquired"", ""timestamp"": ""2026-09-18 16:57:09.755"", ""session_id"": 80, ""resource_type"": ""METADATA"", ""mode"": ""Sch-S""}",METADATA,Sch-S,UNKNOWN
lock_acquired,2026-09-18 16:57:09.755,78,0,0,0,"{""event_name"": ""lock_acquired"", ""timestamp"": ""2026-09-18 16:57:09.755"", ""session_id"": 78, ""resource_type"": ""PAGE"", ""mode"": ""S""}",PAGE,S,UNKNOWN
lock_acquired,2026-09-18 16:57:09.755,80,0,0,0,"{""event_name"": ""lock_acquired"", ""timestamp"": ""2026-09-18 16:57:09.755"", ""session_id"": 80, ""resource_type"": ""OBJECT"", ""mode"": ""Sch-S""}",OBJECT,Sch-S,UNKNOWN
lock_released,2026-09-18 16:57:09.755,82,0,0,0,"{""event_name"": ""lock_released"", ""timestamp"": ""2026-09-18 16:57:09.755"", ""session_id"": 82, ""resource_type"": ""OBJECT"", ""mode"": ""IS""}",OBJECT,IS,UNKNOWN
lock_released,2026-09-18 16:57:09.755,80,0,0,0,"{""event_name"": ""lock_released"", ""timestamp"": ""2026-09-18 16:57:09.755"", ""session_id"": 80, ""resource_type"": ""OBJECT"", ""mode"": ""IX""}",OBJECT,IX,UNKNOWN
lock_released,2026-09-18 16:57:09.755,82,0,0,0,"{""event_name"": ""lock_released"", ""timestamp"": ""2026-09-18 16:57:09.755"", ""session_id"": 82, ""resource_type"": ""OBJECT"", ""mode"": ""IX""}",OBJECT,IX,UNKNOWN
lock_released,2026-09-18 16:57:09.755,80,0,0,0,"{""event_name"": ""lock_released"", ""timestamp"": ""2026-09-18 16:57:09.755"", ""session_id"": 80, ""resource_type"": ""OBJECT"", ""mode"": ""IS""}",OBJECT,IS,UNKNOWN
lock_acquired,2026-09-18 16:57:14.801,77,0,0,0,"{""event_name"": ""lock_acquired"", ""timestamp"": ""2026-09-18 16:57:14.801"", ""session_id"": 77, ""resource_type"": ""OBJECT"", ""mode"": ""IS""}",OBJECT,IS,UNKNOWN
lock_acquired,2026-09-18 16:57:14.801,77,0,0,0,"{""event_name"": ""lock_acquired"", ""timestamp"": ""2026-09-18 16:57:14.801"", ""session_id"": 77, ""resource_type"": ""OBJECT"", ""mode"": ""IX""}",OBJECT,IX,UNKNOWN
lock_acquired,2026-09-18 16:57:14.801,82,0,0,0,"{""event_name"": ""lock_acquired"", ""timestamp"": ""2026-09-18 16:57:14.801"", ""session_id"": 82, ""resource_type"": ""OBJECT"", ""mode"": ""IX""}",OBJECT,IX,UNKNOWN
lock_acquired,2026-09-18 16:57:14.801,80,0,0,0,"{""event_name"": ""lock_acquired"", ""timestamp"": ""2026-09-18 16:57:14.801"", ""session_id"": 80, ""resource_type"": ""OBJECT"", ""mode"": ""IS""}",OBJECT,IS,UNKNOWN
lock_acquired,2026-09-18 16:57:14.801,80,0,0,0,"{""event_name"": ""lock_acquired"", ""timestamp"": ""2026-09-18 16:57:14.801"", ""session_id"": 80, ""resource_type"": ""OBJECT"", ""mode"": ""IX""}",OBJECT,IX,UNKNOWN
lock_acquired,2026-09-18 16:57:14.801,83,0,0,0,"{""event_name"": ""lock_acquired"", ""timestamp"": ""2026-09-18 16:57:14.801"", ""session_id"": 83, ""resource_type"": ""OBJECT"", ""mode"": ""Sch-S""}",OBJECT,Sch-S,UNKNOWN
lock_acquired,2026-09-18 16:57:14.801,83,0,0,0,"{""event_name"": ""lock_acquired"", ""timestamp"": ""2026-09-18 16:57:14.801"", ""session_id"": 83, ""resource_type"": ""METADATA"", ""mode"": ""Sch-S""}",METADATA,Sch-S,UNKNOWN
lock_acquired,2026-09-18 16:57:14.801,81,0,0,0,"{""event_name"": ""lock_acquired"", ""timestamp"": ""2026-09-18 16:57:14.801"", ""session_id"": 81, ""resource_type"": ""KEY"", ""mode"": ""X""}",KEY,X,UNKNOWN
lock_acquired,2026-09-18 16:57:14.801,82,0,0,0,"{""event_name"": ""lock_acquired"", ""timestamp"": ""2026-09-18 16:57:14.801"", ""session_id"": 82, ""resource_type"": ""OBJECT"", ""mode"": ""IS""}",OBJECT,IS,UNKNOWN
lock_released,2026-09-18 16:57:14.801,83,0,0,0,"{""event_name"": ""lock_released"", ""timestamp"": ""2026-09-18 16:57:14.801"", ""session_id"": 83, ""resource_type"": ""OBJECT"", ""mode"": ""IX""}",OBJECT,IX,UNKNOWN
lock_released,2026-09-18 16:57:14.801,80,0,0,0,"{""event_name"": ""lock_released"", ""timestamp"": ""2026-09-18 16:57:14.801"", ""session_id"": 80, ""resource_type"": ""METADATA"", ""mode"": ""Sch-S""}",METADATA,Sch-S,UNKNOWN
lock_released,2026-09-18 16:57:14.801,78,0,0,0,"{""event_name"": ""lock_released"", ""timestamp"": ""2026-09-18 16:57:14.801"", ""session_id"": 78, ""resource_type"": ""PAGE"", ""mode"": ""S""}",PAGE,S,UNKNOWN
lock_released,2026-09-18 16:57:14.801,83,0,0,0,"{""event_name"": ""lock_released"", ""timestamp"": ""2026-09-18 16:57:14.801"", ""session_id"": 83, ""resource_type"": ""OBJECT"", ""mode"": ""IS""}",OBJECT,IS,UNKNOWN
lock_released,2026-09-18 16:57:14.801,81,0,0,0,"{""event_name"": ""lock_released"", ""timestamp"": ""2026-09-18 16:57:14.801"", ""session_id"": 81, ""resource_type"": ""OBJECT"", ""mode"": ""IX""}",OBJECT,IX,UNKNOWN
lock_released,2026-09-18 16:57:14.801,81,0,0,0,"{""event_name"": ""lock_released"", ""timestamp"": ""2026-09-18 16:57:14.801"", ""session_id"": 81, ""resource_type"": ""OBJECT"", ""mode"": ""IS""}",OBJECT,IS,UNKNOWN
lock_released,2026-09-18 16:57:14.801,84,0,0,0,"{""event_name"": ""lock_released"", ""timestamp"": ""2026-09-18 16:57:14.801"", ""session_id"": 84, ""resource_type"": ""OBJECT"", ""mode"": ""IS""}",OBJECT,IS,UNKNOWN
lock_released,2026-09-18 16:57:14.801,76,0,0,0,"{""event_name"": ""lock_released"", ""timestamp"": ""2026-09-18 16:57:14.801"", ""session_id"": 76, ""resource_type"": ""OBJECT"", ""mode"": ""IX""}",OBJECT,IX,UNKNOWN
lock_released,2026-09-18 16:57:14.801,84,0,0,0,"{""event_name"": ""lock_released"", ""timestamp"": ""2026-09-18 16:57:14.801"", ""session_id"": 84, ""resource_type"": ""OBJECT"", ""mode"": ""IX""}",OBJECT,IX,UNKNOWN
lock_released,2026-09-18 16:57:14.801,80,0,0,0,"{""event_name"": ""lock_released"", ""timestamp"": ""2026-09-18 16:57:14.801"", ""session_id"": 80, ""resource_type"": ""OBJECT"", ""mode"": ""Sch-S""}",OBJECT,Sch-S,UNKNOWN
lock_released,2026-09-18 16:57:14.801,77,0,0,0,"{""event_name"": ""lock_released"", ""timestamp"": ""2026-09-18 16:57:14.801"", ""session_id"": 77, ""resource_type"": ""OBJECT"", ""mode"": ""Sch-S""}",OBJECT,Sch-S,UNKNOWN
lock_released,2026-09-18 16:57:14.801,77,0,0,0,"{""event_name"": ""lock_released"", ""timestamp"": ""2026-09-18 16:57:14.801"", ""session_id"": 77, ""resource_type"": ""METADATA"", ""mode"": ""Sch-S""}",METADATA,Sch-S,UNKNOWN
lock_released,2026-09-18 16:57:14.801,76,0,0,0,"{""event_name"": ""lock_released"", ""timestamp"": ""2026-09-18 16:57:14.801"", ""session_id"": 76, ""resource_type"": ""OBJECT"", ""mode"": ""IS""}",OBJECT,IS,UNKNOWN
login,2026-09-18 16:57:19.835,90,795ec2146175\Administrator,Microsoft SQL Server,SteelNort,"{""event_name"": ""login"", ""timestamp"": ""2026-09-18 16:57:19.835"", ""session_id"": 90, ""login_name"": ""795ec2146175\\Administrator"", ""program_name"": ""Microsoft SQL Server"", ""database_name"": ""SteelNort""}",0,0,UNKNOWN
lock_acquired,2026-09-18 16:57:19.835,80,0,0,0,"{""event_name"": ""lock_acquired"", ""timestamp"": ""2026-09-18 16:57:19.835"", ""session_id"": 80, ""resource_type"": ""METADATA"", ""mode"": ""Sch-S""}",METADATA,Sch-S,UNKNOWN
lock_acquired,2026-09-18 16:57:19.835,79,0,0,0,"{""event_name"": ""lock_acquired"", ""timestamp"": ""2026-09-18 16:57:19.835"", ""session_id"": 79, ""resource_type"": ""KEY"", ""mode"": ""X""}",KEY,X,UNKNOWN
lock_acquired,2026-09-18 16:57:19.835,81,0,0,0,"{""event_name"": ""lock_acquired"", ""timestamp"": ""2026-09-18 16:57:19.835"", ""session_id"": 81, ""resource_type"": ""OBJECT"", ""mode"": ""IX""}",OBJECT,IX,UNKNOWN
lock_acquired,2026-09-18 16:57:19.835,79,0,0,0,"{""event_name"": ""lock_acquired"", ""timestamp"": ""2026-09-18 16:57:19.835"", ""session_id"": 79, ""resource_type"": ""PAGE"", ""mode"": ""IX""}",PAGE,IX,UNKNOWN
lock_acquired,2026-09-18 16:57:19.835,81,0,0,0,"{""event_name"": ""lock_acquired"", ""timestamp"": ""2026-09-18 16:57:19.835"", ""session_id"": 81, ""resource_type"": ""OBJECT"", ""mode"": ""IS""}",OBJECT,IS,UNKNOWN
lock_acquired,2026-09-18 16:57:19.835,84,0,0,0,"{""event_name"": ""lock_acquired"", ""timestamp"": ""2026-09-18 16:57:19.835"", ""session_id"": 84, ""resource_type"": ""OBJECT"", ""mode"": ""IS""}",OBJECT,IS,UNKNOWN
lock_acquired,2026-09-18 16:57:19.835,84,0,0,0,"{""event_name"": ""lock_acquired"", ""timestamp"": ""2026-09-18 16:57:19.835"", ""session_id"": 84, ""resource_type"": ""OBJECT"", ""mode"": ""IX""}",OBJECT,IX,UNKNOWN
lock_acquired,2026-09-18 16:57:19.835,80,0,0,0,"{""event_name"": ""lock_acquired"", ""timestamp"": ""2026-09-18 16:57:19.835"", ""session_id"": 80, ""resource_type"": ""OBJECT"", ""mode"": ""Sch-S""}",OBJECT,Sch-S,UNKNOWN
lock_acquired,2026-09-18 16:57:19.835,82,0,0,0,"{""event_name"": ""lock_acquired"", ""timestamp"": ""2026-09-18 16:57:19.835"", ""session_id"": 82, ""resource_type"": ""PAGE"", ""mode"": ""IX""}",PAGE,IX,UNKNOWN
lock_acquired,2026-09-18 16:57:19.835,81,0,0,0,"{""event_name"": ""lock_acquired"", ""timestamp"": ""2026-09-18 16:57:19.835"", ""session_id"": 81, ""resource_type"": ""PAGE"", ""mode"": ""S""}",PAGE,S,UNKNOWN
lock_acquired,2026-09-18 16:57:19.835,82,0,0,0,"{""event_name"": ""lock_acquired"", ""timestamp"": ""2026-09-18 16:57:19.835"", ""session_id"": 82, ""resource_type"": ""KEY"", ""mode"": ""X""}",KEY,X,UNKNOWN
lock_released,2026-09-18 16:57:19.835,80,0,0,0,"{""event_name"": ""lock_released"", ""timestamp"": ""2026-09-18 16:57:19.835"", ""session_id"": 80, ""resource_type"": ""OBJECT"", ""mode"": ""IS""}",OBJECT,IS,UNKNOWN
lock_released,2026-09-18 16:57:19.835,80,0,0,0,"{""event_name"": ""lock_released"", ""timestamp"": ""2026-09-18 16:57:19.835"", ""session_id"": 80, ""resource_type"": ""OBJECT"", ""mode"": ""IX""}",OBJECT,IX,UNKNOWN
lock_released,2026-09-18 16:57:19.835,83,0,0,0,"{""event_name"": ""lock_released"", ""timestamp"": ""2026-09-18 16:57:19.835"", ""session_id"": 83, ""resource_type"": ""OBJECT"", ""mode"": ""Sch-S""}",OBJECT,Sch-S,UNKNOWN
lock_released,2026-09-18 16:57:19.835,83,0,0,0,"{""event_name"": ""lock_released"", ""timestamp"": ""2026-09-18 16:57:19.835"", ""session_id"": 83, ""resource_type"": ""METADATA"", ""mode"": ""Sch-S""}",METADATA,Sch-S,UNKNOWN
lock_released,2026-09-18 16:57:19.835,81,0,0,0,"{""event_name"": ""lock_released"", ""timestamp"": ""2026-09-18 16:57:19.835"", ""session_id"": 81, ""resource_type"": ""KEY"", ""mode"": ""X""}",KEY,X,UNKNOWN
lock_released,2026-09-18 16:57:19.835,82,0,0,0,"{""event_name"": ""lock_released"", ""timestamp"": ""2026-09-18 16:57:19.835"", ""session_id"": 82, ""resource_type"": ""OBJECT"", ""mode"": ""IS""}",OBJECT,IS,UNKNOWN
lock_released,2026-09-18 16:57:19.835,79,0,0,0,"{""event_name"": ""lock_released"", ""timestamp"": ""2026-09-18 16:57:19.835"", ""session_id"": 79, ""resource_type"": ""OBJECT"", ""mode"": ""IS""}",OBJECT,IS,UNKNOWN
logout,2026-09-18 16:57:24.872,90,0,0,0,"{""event_name"": ""logout"", ""timestamp"": ""2026-09-18 16:57:24.872"", ""session_id"": 90}",0,0,UNKNOWN
lock_acquired,2026-09-18 16:57:24.872,83,0,0,0,"{""event_name"": ""lock_acquired"", ""timestamp"": ""2026-09-18 16:57:24.872"", ""session_id"": 83, ""resource_type"": ""OBJECT"", ""mode"": ""IX""}",OBJECT,IX,UNKNOWN
lock_acquired,2026-09-18 16:57:24.872,79,0,0,0,"{""event_name"": ""lock_acquired"", ""timestamp"": ""2026-09-18 16:57:24.872"", ""session_id"": 79, ""resource_type"": ""OBJECT"", ""mode"": ""Sch-S""}",OBJECT,Sch-S,UNKNOWN
lock_acquired,2026-09-18 16:57:24.872,83,0,0,0,"{""event_name"": ""lock_acquired"", ""timestamp"": ""2026-09-18 16:57:24.872"", ""session_id"": 83, ""resource_type"": ""OBJECT"", ""mode"": ""IS""}",OBJECT,IS,UNKNOWN
lock_acquired,2026-09-18 16:57:24.872,80,0,0,0,"{""event_name"": ""lock_acquired"", ""timestamp"": ""2026-09-18 16:57:24.872"", ""session_id"": 80, ""resource_type"": ""OBJECT"", ""mode"": ""IS""}",OBJECT,IS,UNKNOWN
lock_acquired,2026-09-18 16:57:24.872,80,0,0,0,"{""event_name"": ""lock_acquired"", ""timestamp"": ""2026-09-18 16:57:24.872"", ""session_id"": 80, ""resource_type"": ""OBJECT"", ""mode"": ""IX""}",OBJECT,IX,UNKNOWN
lock_acquired,2026-09-18 16:57:24.872,85,0,0,0,"{""event_name"": ""lock_acquired"", ""timestamp"": ""2026-09-18 16:57:24.872"", ""session_id"": 85, ""resource_type"": ""PAGE"", ""mode"": ""IS""}",PAGE,IS,UNKNOWN
lock_acquired,2026-09-18 16:57:24.872,79,0,0,0,"{""event_name"": ""lock_acquired"", ""timestamp"": ""2026-09-18 16:57:24.872"", ""session_id"": 79, ""resource_type"": ""METADATA"", ""mode"": ""Sch-S""}",METADATA,Sch-S,UNKNOWN
lock_acquired,2026-09-18 16:57:24.872,79,0,0,0,"{""event_name"": ""lock_acquired"", ""timestamp"": ""2026-09-18 16:57:24.872"", ""session_id"": 79, ""resource_type"": ""KEY"", ""mode"": ""S""}",KEY,S,UNKNOWN
lock_acquired,2026-09-18 16:57:24.872,76,0,0,0,"{""event_name"": ""lock_acquired"", ""timestamp"": ""2026-09-18 16:57:24.872"", ""session_id"": 76, ""resource_type"": ""OBJECT"", ""mode"": ""IX""}",OBJECT,IX,UNKNOWN
lock_acquired,2026-09-18 16:57:24.872,82,0,0,0,"{""event_name"": ""lock_acquired"", ""timestamp"": ""2026-09-18 16:57:24.872"", ""session_id"": 82, ""resource_type"": ""OBJECT"", ""mode"": ""IS""}",OBJECT,IS,UNKNOWN
lock_acquired,2026-09-18 16:57:24.872,76,0,0,0,"{""event_name"": ""lock_acquired"", ""timestamp"": ""2026-09-18 16:57:24.872"", ""session_id"": 76, ""resource_type"": ""OBJECT"", ""mode"": ""IS""}",OBJECT,IS,UNKNOWN
lock_released,2026-09-18 16:57:24.872,80,0,0,0,"{""event_name"": ""lock_released"", ""timestamp"": ""2026-09-18 16:57:24.872"", ""session_id"": 80, ""resource_type"": ""METADATA"", ""mode"": ""Sch-S""}",METADATA,Sch-S,UNKNOWN
lock_released,2026-09-18 16:57:24.872,79,0,0,0,"{""event_name"": ""lock_released"", ""timestamp"": ""2026-09-18 16:57:24.872"", ""session_id"": 79, ""resource_type"": ""KEY"", ""mode"": ""X""}",KEY,X,UNKNOWN
lock_released,2026-09-18 16:57:24.872,85,0,0,0,"{""event_name"": ""lock_released"", ""timestamp"": ""2026-09-18 16:57:24.872"", ""session_id"": 85, ""resource_type"": ""OBJECT"", ""mode"": ""IX""}",OBJECT,IX,UNKNOWN
lock_released,2026-09-18 16:57:24.872,80,0,0,0,"{""event_name"": ""lock_released"", ""timestamp"": ""2026-09-18 16:57:24.872"", ""session_id"": 80, ""resource_type"": ""OBJECT"", ""mode"": ""Sch-S""}",OBJECT,Sch-S,UNKNOWN
lock_released,2026-09-18 16:57:24.872,79,0,0,0,"{""event_name"": ""lock_released"", ""timestamp"": ""2026-09-18 16:57:24.872"", ""session_id"": 79, ""resource_type"": ""PAGE"", ""mode"": ""IX""}",PAGE,IX,UNKNOWN
lock_released,2026-09-18 16:57:24.872,79,0,0,0,"{""event_name"": ""lock_released"", ""timestamp"": ""2026-09-18 16:57:24.872"", ""session_id"": 79, ""resource_type"": ""OBJECT"", ""mode"": ""IX""}",OBJECT,IX,UNKNOWN
lock_released,2026-09-18 16:57:24.872,82,0,0,0,"{""event_name"": ""lock_released"", ""timestamp"": ""2026-09-18 16:57:24.872"", ""session_id"": 82, ""resource_type"": ""PAGE"", ""mode"": ""IX""}",PAGE,IX,UNKNOWN
lock_released,2026-09-18 16:57:24.872,81,0,0,0,"{""event_name"": ""lock_released"", ""timestamp"": ""2026-09-18 16:57:24.872"", ""session_id"": 81, ""resource_type"": ""PAGE"", ""mode"": ""S""}",PAGE,S,UNKNOWN
lock_released,2026-09-18 16:57:24.872,82,0,0,0,"{""event_name"": ""lock_released"", ""timestamp"": ""2026-09-18 16:57:24.872"", ""session_id"": 82, ""resource_type"": ""KEY"", ""mode"": ""X""}",KEY,X,UNKNOWN
lock_acquired,2026-09-18 16:57:29.924,84,0,0,0,"{""event_name"": ""lock_acquired"", ""timestamp"": ""2026-09-18 16:57:29.924"", ""session_id"": 84, ""resource_type"": ""PAGE"", ""mode"": ""S""}",PAGE,S,UNKNOWN
lock_acquired,2026-09-18 16:57:29.924,80,0,0,0,"{""event_name"": ""lock_acquired"", ""timestamp"": ""2026-09-18 16:57:29.924"", ""session_id"": 80, ""resource_type"": ""METADATA"", ""mode"": ""Sch-S""}",METADATA,Sch-S,UNKNOWN
lock_acquired,2026-09-18 16:57:29.924,85,0,0,0,"{""event_name"": ""lock_acquired"", ""timestamp"": ""2026-09-18 16:57:29.924"", ""session_id"": 85, ""resource_type"": ""OBJECT"", ""mode"": ""Sch-S""}",OBJECT,Sch-S,UNKNOWN
lock_acquired,2026-09-18 16:57:29.924,81,0,0,0,"{""event_name"": ""lock_acquired"", ""timestamp"": ""2026-09-18 16:57:29.924"", ""session_id"": 81, ""resource_type"": ""METADATA"", ""mode"": ""Sch-S""}",METADATA,Sch-S,UNKNOWN
lock_acquired,2026-09-18 16:57:29.924,80,0,0,0,"{""event_name"": ""lock_acquired"", ""timestamp"": ""2026-09-18 16:57:29.924"", ""session_id"": 80, ""resource_type"": ""OBJECT"", ""mode"": ""Sch-S""}",OBJECT,Sch-S,UNKNOWN
lock_acquired,2026-09-18 16:57:29.924,77,0,0,0,"{""event_name"": ""lock_acquired"", ""timestamp"": ""2026-09-18 16:57:29.924"", ""session_id"": 77, ""resource_type"": ""PAGE"", ""mode"": ""S""}",PAGE,S,UNKNOWN
lock_acquired,2026-09-18 16:57:29.924,79,0,0,0,"{""event_name"": ""lock_acquired"", ""timestamp"": ""2026-09-18 16:57:29.924"", ""session_id"": 79, ""resource_type"": ""OBJECT"", ""mode"": ""IX""}",OBJECT,IX,UNKNOWN
lock_acquired,2026-09-18 16:57:29.924,82,0,0,0,"{""event_name"": ""lock_acquired"", ""timestamp"": ""2026-09-18 16:57:29.924"", ""session_id"": 82, ""resource_type"": ""PAGE"", ""mode"": ""IX""}",PAGE,IX,UNKNOWN
lock_acquired,2026-09-18 16:57:29.924,81,0,0,0,"{""event_name"": ""lock_acquired"", ""timestamp"": ""2026-09-18 16:57:29.924"", ""session_id"": 81, ""resource_type"": ""OBJECT"", ""mode"": ""Sch-S""}",OBJECT,Sch-S,UNKNOWN
lock_acquired,2026-09-18 16:57:29.924,79,0,0,0,"{""event_name"": ""lock_acquired"", ""timestamp"": ""2026-09-18 16:57:29.924"", ""session_id"": 79, ""resource_type"": ""OBJECT"", ""mode"": ""IS""}",OBJECT,IS,UNKNOWN
lock_acquired,2026-09-18 16:57:29.924,82,0,0,0,"{""event_name"": ""lock_acquired"", ""timestamp"": ""2026-09-18 16:57:29.924"", ""session_id"": 82, ""resource_type"": ""KEY"", ""mode"": ""X""}",KEY,X,UNKNOWN
lock_released,2026-09-18 16:57:29.924,79,0,0,0,"{""event_name"": ""lock_released"", ""timestamp"": ""2026-09-18 16:57:29.924"", ""session_id"": 79, ""resource_type"": ""OBJECT"", ""mode"": ""Sch-S""}",OBJECT,Sch-S,UNKNOWN
lock_released,2026-09-18 16:57:29.924,81,0,0,0,"{""event_name"": ""lock_released"", ""timestamp"": ""2026-09-18 16:57:29.924"", ""session_id"": 81, ""resource_type"": ""OBJECT"", ""mode"": ""IX""}",OBJECT,IX,UNKNOWN
lock_released,2026-09-18 16:57:29.924,80,0,0,0,"{""event_name"": ""lock_released"", ""timestamp"": ""2026-09-18 16:57:29.924"", ""session_id"": 80, ""resource_type"": ""OBJECT"", ""mode"": ""IS""}",OBJECT,IS,UNKNOWN
lock_released,2026-09-18 16:57:29.924,80,0,0,0,"{""event_name"": ""lock_released"", ""timestamp"": ""2026-09-18 16:57:29.924"", ""session_id"": 80, ""resource_type"": ""OBJECT"", ""mode"": ""IX""}",OBJECT,IX,UNKNOWN
lock_released,2026-09-18 16:57:29.924,85,0,0,0,"{""event_name"": ""lock_released"", ""timestamp"": ""2026-09-18 16:57:29.924"", ""session_id"": 85, ""resource_type"": ""PAGE"", ""mode"": ""IS""}",PAGE,IS,UNKNOWN
lock_released,2026-09-18 16:57:29.924,81,0,0,0,"{""event_name"": ""lock_released"", ""timestamp"": ""2026-09-18 16:57:29.924"", ""session_id"": 81, ""resource_type"": ""OBJECT"", ""mode"": ""IS""}",OBJECT,IS,UNKNOWN
lock_released,2026-09-18 16:57:29.924,79,0,0,0,"{""event_name"": ""lock_released"", ""timestamp"": ""2026-09-18 16:57:29.924"", ""session_id"": 79, ""resource_type"": ""KEY"", ""mode"": ""S""}",KEY,S,UNKNOWN
lock_released,2026-09-18 16:57:29.924,79,0,0,0,"{""event_name"": ""lock_released"", ""timestamp"": ""2026-09-18 16:57:29.924"", ""session_id"": 79, ""resource_type"": ""METADATA"", ""mode"": ""Sch-S""}",METADATA,Sch-S,UNKNOWN
lock_released,2026-09-18 16:57:29.924,82,0,0,0,"{""event_name"": ""lock_released"", ""timestamp"": ""2026-09-18 16:57:29.924"", ""session_id"": 82, ""resource_type"": ""OBJECT"", ""mode"": ""IS""}",OBJECT,IS,UNKNOWN
lock_released,2026-09-18 16:57:29.924,85,0,0,0,"{""event_name"": ""lock_released"", ""timestamp"": ""2026-09-18 16:57:29.924"", ""session_id"": 85, ""resource_type"": ""OBJECT"", ""mode"": ""IS""}",OBJECT,IS,UNKNOWN
lock_acquired,2026-09-18 16:57:34.956,85,0,0,0,"{""event_name"": ""lock_acquired"", ""timestamp"": ""2026-09-18 16:57:34.956"", ""session_id"": 85, ""resource_type"": ""OBJECT"", ""mode"": ""IX""}",OBJECT,IX,UNKNOWN
lock_acquired,2026-09-18 16:57:34.956,80,0,0,0,"{""event_name"": ""lock_acquired"", ""timestamp"": ""2026-09-18 16:57:34.956"", ""session_id"": 80, ""resource_type"": ""OBJECT"", ""mode"": ""IS""}",OBJECT,IS,UNKNOWN
lock_acquired,2026-09-18 16:57:34.956,83,0,0,0,"{""event_name"": ""lock_acquired"", ""timestamp"": ""2026-09-18 16:57:34.956"", ""session_id"": 83, ""resource_type"": ""OBJECT"", ""mode"": ""Sch-S""}",OBJECT,Sch-S,UNKNOWN
lock_acquired,2026-09-18 16:57:34.956,83,0,0,0,"{""event_name"": ""lock_acquired"", ""timestamp"": ""2026-09-18 16:57:34.956"", ""session_id"": 83, ""resource_type"": ""METADATA"", ""mode"": ""Sch-S""}",METADATA,Sch-S,UNKNOWN
lock_acquired,2026-09-18 16:57:34.956,82,0,0,0,"{""event_name"": ""lock_acquired"", ""timestamp"": ""2026-09-18 16:57:34.956"", ""session_id"": 82, ""resource_type"": ""OBJECT"", ""mode"": ""IS""}",OBJECT,IS,UNKNOWN
lock_acquired,2026-09-18 16:57:34.956,85,0,0,0,"{""event_name"": ""lock_acquired"", ""timestamp"": ""2026-09-18 16:57:34.956"", ""session_id"": 85, ""resource_type"": ""OBJECT"", ""mode"": ""IS""}",OBJECT,IS,UNKNOWN
lock_released,2026-09-18 16:57:34.956,83,0,0,0,"{""event_name"": ""lock_released"", ""timestamp"": ""2026-09-18 16:57:34.956"", ""session_id"": 83, ""resource_type"": ""OBJECT"", ""mode"": ""IX""}",OBJECT,IX,UNKNOWN
lock_released,2026-09-18 16:57:34.956,84,0,0,0,"{""event_name"": ""lock_released"", ""timestamp"": ""2026-09-18 16:57:34.956"", ""session_id"": 84, ""resource_type"": ""PAGE"", ""mode"": ""S""}",PAGE,S,UNKNOWN
lock_released,2026-09-18 16:57:34.956,85,0,0,0,"{""event_name"": ""lock_released"", ""timestamp"": ""2026-09-18 16:57:34.956"", ""session_id"": 85, ""resource_type"": ""OBJECT"", ""mode"": ""Sch-S""}",OBJECT,Sch-S,UNKNOWN
lock_released,2026-09-18 16:57:34.956,81,0,0,0,"{""event_name"": ""lock_released"", ""timestamp"": ""2026-09-18 16:57:34.956"", ""session_id"": 81, ""resource_type"": ""METADATA"", ""mode"": ""Sch-S""}",METADATA,Sch-S,UNKNOWN
lock_released,2026-09-18 16:57:34.956,83,0,0,0,"{""event_name"": ""lock_released"", ""timestamp"": ""2026-09-18 16:57:34.956"", ""session_id"": 83, ""resource_type"": ""OBJECT"", ""mode"": ""IS""}",OBJECT,IS,UNKNOWN
lock_released,2026-09-18 16:57:34.956,78,0,0,0,"{""event_name"": ""lock_released"", ""timestamp"": ""2026-09-18 16:57:34.956"", ""session_id"": 78, ""resource_type"": ""OBJECT"", ""mode"": ""IX""}",OBJECT,IX,UNKNOWN
lock_released,2026-09-18 16:57:34.956,78,0,0,0,"{""event_name"": ""lock_released"", ""timestamp"": ""2026-09-18 16:57:34.956"", ""session_id"": 78, ""resource_type"": ""OBJECT"", ""mode"": ""IS""}",OBJECT,IS,UNKNOWN
lock_released,2026-09-18 16:57:34.956,76,0,0,0,"{""event_name"": ""lock_released"", ""timestamp"": ""2026-09-18 16:57:34.956"", ""session_id"": 76, ""resource_type"": ""OBJECT"", ""mode"": ""IX""}",OBJECT,IX,UNKNOWN
lock_released,2026-09-18 16:57:34.956,77,0,0,0,"{""event_name"": ""lock_released"", ""timestamp"": ""2026-09-18 16:57:34.956"", ""session_id"": 77, ""resource_type"": ""PAGE"", ""mode"": ""S""}",PAGE,S,UNKNOWN
lock_released,2026-09-18 16:57:34.956,82,0,0,0,"{""event_name"": ""lock_released"", ""timestamp"": ""2026-09-18 16:57:34.956"", ""session_id"": 82, ""resource_type"": ""PAGE"", ""mode"": ""IX""}",PAGE,IX,UNKNOWN
lock_released,2026-09-18 16:57:34.956,81,0,0,0,"{""event_name"": ""lock_released"", ""timestamp"": ""2026-09-18 16:57:34.956"", ""session_id"": 81, ""resource_type"": ""OBJECT"", ""mode"": ""Sch-S""}",OBJECT,Sch-S,UNKNOWN
lock_released,2026-09-18 16:57:34.956,76,0,0,0,"{""event_name"": ""lock_released"", ""timestamp"": ""2026-09-18 16:57:34.956"", ""session_id"": 76, ""resource_type"": ""OBJECT"", ""mode"": ""IS""}",OBJECT,IS,UNKNOWN
lock_released,2026-09-18 16:57:34.956,82,0,0,0,"{""event_name"": ""lock_released"", ""timestamp"": ""2026-09-18 16:57:34.956"", ""session_id"": 82, ""resource_type"": ""KEY"", ""mode"": ""X""}",KEY,X,UNKNOWN
lock_acquired,2026-09-18 16:57:40.010,77,0,0,0,"{""event_name"": ""lock_acquired"", ""timestamp"": ""2026-09-18 16:57:40.010"", ""session_id"": 77, ""resource_type"": ""PAGE"", ""mode"": ""IS""}",PAGE,IS,UNKNOWN
lock_acquired,2026-09-18 16:57:40.010,82,0,0,0,"{""event_name"": ""lock_acquired"", ""timestamp"": ""2026-09-18 16:57:40.010"", ""session_id"": 82, ""resource_type"": ""OBJECT"", ""mode"": ""Sch-S""}",OBJECT,Sch-S,UNKNOWN
lock_acquired,2026-09-18 16:57:40.010,81,0,0,0,"{""event_name"": ""lock_acquired"", ""timestamp"": ""2026-09-18 16:57:40.010"", ""session_id"": 81, ""resource_type"": ""OBJECT"", ""mode"": ""IX""}",OBJECT,IX,UNKNOWN
lock_acquired,2026-09-18 16:57:40.010,82,0,0,0,"{""event_name"": ""lock_acquired"", ""timestamp"": ""2026-09-18 16:57:40.010"", ""session_id"": 82, ""resource_type"": ""METADATA"", ""mode"": ""Sch-S""}",METADATA,Sch-S,UNKNOWN
lock_acquired,2026-09-18 16:57:40.010,80,0,0,0,"{""event_name"": ""lock_acquired"", ""timestamp"": ""2026-09-18 16:57:40.010"", ""session_id"": 80, ""resource_type"": ""OBJECT"", ""mode"": ""IX""}",OBJECT,IX,UNKNOWN
lock_acquired,2026-09-18 16:57:40.010,81,0,0,0,"{""event_name"": ""lock_acquired"", ""timestamp"": ""2026-09-18 16:57:40.010"", ""session_id"": 81, ""resource_type"": ""OBJECT"", ""mode"": ""IS""}",OBJECT,IS,UNKNOWN
lock_acquired,2026-09-18 16:57:40.010,76,0,0,0,"{""event_name"": ""lock_acquired"", ""timestamp"": ""2026-09-18 16:57:40.010"", ""session_id"": 76, ""resource_type"": ""PAGE"", ""mode"": ""IX""}",PAGE,IX,UNKNOWN
lock_released,2026-09-18 16:57:40.010,80,0,0,0,"{""event_name"": ""lock_released"", ""timestamp"": ""2026-09-18 16:57:40.010"", ""session_id"": 80, ""resource_type"": ""METADATA"", ""mode"": ""Sch-S""}",METADATA,Sch-S,UNKNOWN
lock_released,2026-09-18 16:57:40.010,77,0,0,0,"{""event_name"": ""lock_released"", ""timestamp"": ""2026-09-18 16:57:40.010"", ""session_id"": 77, ""resource_type"": ""OBJECT"", ""mode"": ""IX""}",OBJECT,IX,UNKNOWN
lock_released,2026-09-18 16:57:40.010,80,0,0,0,"{""event_name"": ""lock_released"", ""timestamp"": ""2026-09-18 16:57:40.010"", ""session_id"": 80, ""resource_type"": ""OBJECT"", ""mode"": ""Sch-S""}",OBJECT,Sch-S,UNKNOWN
lock_released,2026-09-18 16:57:40.010,82,0,0,0,"{""event_name"": ""lock_released"", ""timestamp"": ""2026-09-18 16:57:40.010"", ""session_id"": 82, ""resource_type"": ""OBJECT"", ""mode"": ""IX""}",OBJECT,IX,UNKNOWN
lock_released,2026-09-18 16:57:40.010,83,0,0,0,"{""event_name"": ""lock_released"", ""timestamp"": ""2026-09-18 16:57:40.010"", ""session_id"": 83, ""resource_type"": ""OBJECT"", ""mode"": ""Sch-S""}",OBJECT,Sch-S,UNKNOWN
lock_released,2026-09-18 16:57:40.010,83,0,0,0,"{""event_name"": ""lock_released"", ""timestamp"": ""2026-09-18 16:57:40.010"", ""session_id"": 83, ""resource_type"": ""METADATA"", ""mode"": ""Sch-S""}",METADATA,Sch-S,UNKNOWN
lock_released,2026-09-18 16:57:40.010,82,0,0,0,"{""event_name"": ""lock_released"", ""timestamp"": ""2026-09-18 16:57:40.010"", ""session_id"": 82, ""resource_type"": ""OBJECT"", ""mode"": ""IS""}",OBJECT,IS,UNKNOWN
lock_released,2026-09-18 16:57:40.010,79,0,0,0,"{""event_name"": ""lock_released"", ""timestamp"": ""2026-09-18 16:57:40.010"", ""session_id"": 79, ""resource_type"": ""OBJECT"", ""mode"": ""IS""}",OBJECT,IS,UNKNOWN
lock_acquired,2026-09-18 16:57:45.034,77,0,0,0,"{""event_name"": ""lock_acquired"", ""timestamp"": ""2026-09-18 16:57:45.034"", ""session_id"": 77, ""resource_type"": ""OBJECT"", ""mode"": ""IX""}",OBJECT,IX,UNKNOWN
lock_acquired,2026-09-18 16:57:45.034,82,0,0,0,"{""event_name"": ""lock_acquired"", ""timestamp"": ""2026-09-18 16:57:45.034"", ""session_id"": 82, ""resource_type"": ""OBJECT"", ""mode"": ""IX""}",OBJECT,IX,UNKNOWN
lock_acquired,2026-09-18 16:57:45.034,83,0,0,0,"{""event_name"": ""lock_acquired"", ""timestamp"": ""2026-09-18 16:57:45.034"", ""session_id"": 83, ""resource_type"": ""OBJECT"", ""mode"": ""Sch-S""}",OBJECT,Sch-S,UNKNOWN
lock_acquired,2026-09-18 16:57:45.034,76,0,0,0,"{""event_name"": ""lock_acquired"", ""timestamp"": ""2026-09-18 16:57:45.034"", ""session_id"": 76, ""resource_type"": ""OBJECT"", ""mode"": ""IX""}",OBJECT,IX,UNKNOWN
lock_acquired,2026-09-18 16:57:45.034,82,0,0,0,"{""event_name"": ""lock_acquired"", ""timestamp"": ""2026-09-18 16:57:45.034"", ""session_id"": 82, ""resource_type"": ""OBJECT"", ""mode"": ""IS""}",OBJECT,IS,UNKNOWN
lock_acquired,2026-09-18 16:57:45.034,78,0,0,0,"{""event_name"": ""lock_acquired"", ""timestamp"": ""2026-09-18 16:57:45.034"", ""session_id"": 78, ""resource_type"": ""KEY"", ""mode"": ""X""}",KEY,X,UNKNOWN
lock_acquired,2026-09-18 16:57:45.034,76,0,0,0,"{""event_name"": ""lock_acquired"", ""timestamp"": ""2026-09-18 16:57:45.034"", ""session_id"": 76, ""resource_type"": ""OBJECT"", ""mode"": ""IS""}",OBJECT,IS,UNKNOWN
lock_acquired,2026-09-18 16:57:45.034,79,0,0,0,"{""event_name"": ""lock_acquired"", ""timestamp"": ""2026-09-18 16:57:45.034"", ""session_id"": 79, ""resource_type"": ""OBJECT"", ""mode"": ""IS""}",OBJECT,IS,UNKNOWN
lock_released,2026-09-18 16:57:45.034,77,0,0,0,"{""event_name"": ""lock_released"", ""timestamp"": ""2026-09-18 16:57:45.034"", ""session_id"": 77, ""resource_type"": ""PAGE"", ""mode"": ""IS""}",PAGE,IS,UNKNOWN
lock_released,2026-09-18 16:57:45.034,82,0,0,0,"{""event_name"": ""lock_released"", ""timestamp"": ""2026-09-18 16:57:45.034"", ""session_id"": 82, ""resource_type"": ""OBJECT"", ""mode"": ""Sch-S""}",OBJECT,Sch-S,UNKNOWN
lock_released,2026-09-18 16:57:45.034,82,0,0,0,"{""event_name"": ""lock_released"", ""timestamp"": ""2026-09-18 16:57:45.034"", ""session_id"": 82, ""resource_type"": ""METADATA"", ""mode"": ""Sch-S""}",METADATA,Sch-S,UNKNOWN
lock_released,2026-09-18 16:57:45.034,76,0,0,0,"{""event_name"": ""lock_released"", ""timestamp"": ""2026-09-18 16:57:45.034"", ""session_id"": 76, ""resource_type"": ""PAGE"", ""mode"": ""IX""}",PAGE,IX,UNKNOWN
logout,2026-09-18 16:57:50.074,68,0,0,0,"{""event_name"": ""logout"", ""timestamp"": ""2026-09-18 16:57:50.074"", ""session_id"": 68}",0,0,UNKNOWN
logout,2026-09-18 16:57:50.074,75,0,0,0,"{""event_name"": ""logout"", ""timestamp"": ""2026-09-18 16:57:50.074"", ""session_id"": 75}",0,0,UNKNOWN
logout,2026-09-18 16:57:50.074,86,0,0,0,"{""event_name"": ""logout"", ""timestamp"": ""2026-09-18 16:57:50.074"", ""session_id"": 86}",0,0,UNKNOWN
logout,2026-09-18 16:57:50.074,87,0,0,0,"{""event_name"": ""logout"", ""timestamp"": ""2026-09-18 16:57:50.074"", ""session_id"": 87}",0,0,UNKNOWN
logout,2026-09-18 16:57:50.074,88,0,0,0,"{""event_name"": ""logout"", ""timestamp"": ""2026-09-18 16:57:50.074"", ""session_id"": 88}",0,0,UNKNOWN
logout,2026-09-18 16:57:50.074,89,0,0,0,"{""event_name"": ""logout"", ""timestamp"": ""2026-09-18 16:57:50.074"", ""session_id"": 89}",0,0,UNKNOWN
lock_acquired,2026-09-18 16:57:50.074,78,0,0,0,"{""event_name"": ""lock_acquired"", ""timestamp"": ""2026-09-18 16:57:50.074"", ""session_id"": 78, ""resource_type"": ""OBJECT"", ""mode"": ""Sch-S""}",OBJECT,Sch-S,UNKNOWN
lock_acquired,2026-09-18 16:57:50.074,77,0,0,0,"{""event_name"": ""lock_acquired"", ""timestamp"": ""2026-09-18 16:57:50.074"", ""session_id"": 77, ""resource_type"": ""PAGE"", ""mode"": ""S""}",PAGE,S,UNKNOWN
lock_acquired,2026-09-18 16:57:50.074,81,0,0,0,"{""event_name"": ""lock_acquired"", ""timestamp"": ""2026-09-18 16:57:50.074"", ""session_id"": 81, ""resource_type"": ""METADATA"", ""mode"": ""Sch-S""}",METADATA,Sch-S,UNKNOWN
lock_released,2026-09-18 16:57:50.074,83,0,0,0,"{""event_name"": ""lock_released"", ""timestamp"": ""2026-09-18 16:57:50.074"", ""session_id"": 83, ""resource_type"": ""OBJECT"", ""mode"": ""Sch-S""}",OBJECT,Sch-S,UNKNOWN
lock_released,2026-09-18 16:57:50.074,81,0,0,0,"{""event_name"": ""lock_released"", ""timestamp"": ""2026-09-18 16:57:50.074"", ""session_id"": 81, ""resource_type"": ""OBJECT"", ""mode"": ""IS""}",OBJECT,IS,UNKNOWN
lock_released,2026-09-18 16:57:50.074,81,0,0,0,"{""event_name"": ""lock_released"", ""timestamp"": ""2026-09-18 16:57:50.074"", ""session_id"": 81, ""resource_type"": ""OBJECT"", ""mode"": ""IX""}",OBJECT,IX,UNKNOWN
lock_released,2026-09-18 16:57:50.074,78,0,0,0,"{""event_name"": ""lock_released"", ""timestamp"": ""2026-09-18 16:57:50.074"", ""session_id"": 78, ""resource_type"": ""KEY"", ""mode"": ""X""}",KEY,X,UNKNOWN
lock_acquired,2026-09-18 16:57:55.107,80,0,0,0,"{""event_name"": ""lock_acquired"", ""timestamp"": ""2026-09-18 16:57:55.107"", ""session_id"": 80, ""resource_type"": ""PAGE"", ""mode"": ""IX""}",PAGE,IX,UNKNOWN
lock_acquired,2026-09-18 16:57:55.107,83,0,0,0,"{""event_name"": ""lock_acquired"", ""timestamp"": ""2026-09-18 16:57:55.107"", ""session_id"": 83, ""resource_type"": ""OBJECT"", ""mode"": ""IX""}",OBJECT,IX,UNKNOWN
lock_acquired,2026-09-18 16:57:55.107,78,0,0,0,"{""event_name"": ""lock_acquired"", ""timestamp"": ""2026-09-18 16:57:55.107"", ""session_id"": 78, ""resource_type"": ""KEY"", ""mode"": ""S""}",KEY,S,UNKNOWN
lock_acquired,2026-09-18 16:57:55.107,83,0,0,0,"{""event_name"": ""lock_acquired"", ""timestamp"": ""2026-09-18 16:57:55.107"", ""session_id"": 83, ""resource_type"": ""OBJECT"", ""mode"": ""IS""}",OBJECT,IS,UNKNOWN
lock_acquired,2026-09-18 16:57:55.107,78,0,0,0,"{""event_name"": ""lock_acquired"", ""timestamp"": ""2026-09-18 16:57:55.107"", ""session_id"": 78, ""resource_type"": ""PAGE"", ""mode"": ""IS""}",PAGE,IS,UNKNOWN
lock_acquired,2026-09-18 16:57:55.107,78,0,0,0,"{""event_name"": ""lock_acquired"", ""timestamp"": ""2026-09-18 16:57:55.107"", ""session_id"": 78, ""resource_type"": ""OBJECT"", ""mode"": ""IS""}",OBJECT,IS,UNKNOWN
lock_acquired,2026-09-18 16:57:55.107,81,0,0,0,"{""event_name"": ""lock_acquired"", ""timestamp"": ""2026-09-18 16:57:55.107"", ""session_id"": 81, ""resource_type"": ""KEY"", ""mode"": ""X""}",KEY,X,UNKNOWN
lock_acquired,2026-09-18 16:57:55.107,84,0,0,0,"{""event_name"": ""lock_acquired"", ""timestamp"": ""2026-09-18 16:57:55.107"", ""session_id"": 84, ""resource_type"": ""OBJECT"", ""mode"": ""Sch-S""}",OBJECT,Sch-S,UNKNOWN
lock_released,2026-09-18 16:57:55.107,80,0,0,0,"{""event_name"": ""lock_released"", ""timestamp"": ""2026-09-18 16:57:55.107"", ""session_id"": 80, ""resource_type"": ""OBJECT"", ""mode"": ""IS""}",OBJECT,IS,UNKNOWN
lock_released,2026-09-18 16:57:55.107,80,0,0,0,"{""event_name"": ""lock_released"", ""timestamp"": ""2026-09-18 16:57:55.107"", ""session_id"": 80, ""resource_type"": ""OBJECT"", ""mode"": ""IX""}",OBJECT,IX,UNKNOWN
lock_released,2026-09-18 16:57:55.107,84,0,0,0,"{""event_name"": ""lock_released"", ""timestamp"": ""2026-09-18 16:57:55.107"", ""session_id"": 84, ""resource_type"": ""OBJECT"", ""mode"": ""IS""}",OBJECT,IS,UNKNOWN
lock_released,2026-09-18 16:57:55.107,84,0,0,0,"{""event_name"": ""lock_released"", ""timestamp"": ""2026-09-18 16:57:55.107"", ""session_id"": 84, ""resource_type"": ""OBJECT"", ""mode"": ""IX""}",OBJECT,IX,UNKNOWN
lock_released,2026-09-18 16:57:55.107,85,0,0,0,"{""event_name"": ""lock_released"", ""timestamp"": ""2026-09-18 16:57:55.107"", ""session_id"": 85, ""resource_type"": ""OBJECT"", ""mode"": ""IX""}",OBJECT,IX,UNKNOWN
lock_released,2026-09-18 16:57:55.107,78,0,0,0,"{""event_name"": ""lock_released"", ""timestamp"": ""2026-09-18 16:57:55.107"", ""session_id"": 78, ""resource_type"": ""OBJECT"", ""mode"": ""Sch-S""}",OBJECT,Sch-S,UNKNOWN
lock_released,2026-09-18 16:57:55.107,85,0,0,0,"{""event_name"": ""lock_released"", ""timestamp"": ""2026-09-18 16:57:55.107"", ""session_id"": 85, ""resource_type"": ""OBJECT"", ""mode"": ""IS""}",OBJECT,IS,UNKNOWN
lock_released,2026-09-18 16:57:55.107,81,0,0,0,"{""event_name"": ""lock_released"", ""timestamp"": ""2026-09-18 16:57:55.107"", ""session_id"": 81, ""resource_type"": ""METADATA"", ""mode"": ""Sch-S""}",METADATA,Sch-S,UNKNOWN
lock_acquired,2026-09-18 16:58:00.145,78,0,0,0,"{""event_name"": ""lock_acquired"", ""timestamp"": ""2026-09-18 16:58:00.145"", ""session_id"": 78, ""resource_type"": ""METADATA"", ""mode"": ""Sch-S""}",METADATA,Sch-S,UNKNOWN
lock_acquired,2026-09-18 16:58:00.145,82,0,0,0,"{""event_name"": ""lock_acquired"", ""timestamp"": ""2026-09-18 16:58:00.145"", ""session_id"": 82, ""resource_type"": ""OBJECT"", ""mode"": ""Sch-S""}",OBJECT,Sch-S,UNKNOWN
lock_acquired,2026-09-18 16:58:00.145,79,0,0,0,"{""event_name"": ""lock_acquired"", ""timestamp"": ""2026-09-18 16:58:00.145"", ""session_id"": 79, ""resource_type"": ""KEY"", ""mode"": ""X""}",KEY,X,UNKNOWN
lock_acquired,2026-09-18 16:58:00.145,81,0,0,0,"{""event_name"": ""lock_acquired"", ""timestamp"": ""2026-09-18 16:58:00.145"", ""session_id"": 81, ""resource_type"": ""OBJECT"", ""mode"": ""IX""}",OBJECT,IX,UNKNOWN
lock_acquired,2026-09-18 16:58:00.145,82,0,0,0,"{""event_name"": ""lock_acquired"", ""timestamp"": ""2026-09-18 16:58:00.145"", ""session_id"": 82, ""resource_type"": ""METADATA"", ""mode"": ""Sch-S""}",METADATA,Sch-S,UNKNOWN
lock_acquired,2026-09-18 16:58:00.145,79,0,0,0,"{""event_name"": ""lock_acquired"", ""timestamp"": ""2026-09-18 16:58:00.145"", ""session_id"": 79, ""resource_type"": ""PAGE"", ""mode"": ""IX""}",PAGE,IX,UNKNOWN
lock_acquired,2026-09-18 16:58:00.145,83,0,0,0,"{""event_name"": ""lock_acquired"", ""timestamp"": ""2026-09-18 16:58:00.145"", ""session_id"": 83, ""resource_type"": ""PAGE"", ""mode"": ""S""}",PAGE,S,UNKNOWN
lock_acquired,2026-09-18 16:58:00.145,81,0,0,0,"{""event_name"": ""lock_acquired"", ""timestamp"": ""2026-09-18 16:58:00.145"", ""session_id"": 81, ""resource_type"": ""OBJECT"", ""mode"": ""IS""}",OBJECT,IS,UNKNOWN
lock_acquired,2026-09-18 16:58:00.145,84,0,0,0,"{""event_name"": ""lock_acquired"", ""timestamp"": ""2026-09-18 16:58:00.145"", ""session_id"": 84, ""resource_type"": ""OBJECT"", ""mode"": ""IS""}",OBJECT,IS,UNKNOWN
lock_acquired,2026-09-18 16:58:00.145,84,0,0,0,"{""event_name"": ""lock_acquired"", ""timestamp"": ""2026-09-18 16:58:00.145"", ""session_id"": 84, ""resource_type"": ""OBJECT"", ""mode"": ""IX""}",OBJECT,IX,UNKNOWN
lock_acquired,2026-09-18 16:58:00.145,81,0,0,0,"{""event_name"": ""lock_acquired"", ""timestamp"": ""2026-09-18 16:58:00.145"", ""session_id"": 81, ""resource_type"": ""PAGE"", ""mode"": ""S""}",PAGE,S,UNKNOWN
lock_acquired,2026-09-18 16:58:00.145,78,0,0,0,"{""event_name"": ""lock_acquired"", ""timestamp"": ""2026-09-18 16:58:00.145"", ""session_id"": 78, ""resource_type"": ""OBJECT"", ""mode"": ""Sch-S""}",OBJECT,Sch-S,UNKNOWN
lock_released,2026-09-18 16:58:00.145,80,0,0,0,"{""event_name"": ""lock_released"", ""timestamp"": ""2026-09-18 16:58:00.145"", ""session_id"": 80, ""resource_type"": ""PAGE"", ""mode"": ""IX""}",PAGE,IX,UNKNOWN
lock_released,2026-09-18 16:58:00.145,78,0,0,0,"{""event_name"": ""lock_released"", ""timestamp"": ""2026-09-18 16:58:00.145"", ""session_id"": 78, ""resource_type"": ""KEY"", ""mode"": ""S""}",KEY,S,UNKNOWN
lock_released,2026-09-18 16:58:00.145,82,0,0,0,"{""event_name"": ""lock_released"", ""timestamp"": ""2026-09-18 16:58:00.145"", ""session_id"": 82, ""resource_type"": ""OBJECT"", ""mode"": ""IX""}",OBJECT,IX,UNKNOWN
lock_released,2026-09-18 16:58:00.145,78,0,0,0,"{""event_name"": ""lock_released"", ""timestamp"": ""2026-09-18 16:58:00.145"", ""session_id"": 78, ""resource_type"": ""PAGE"", ""mode"": ""IS""}",PAGE,IS,UNKNOWN
lock_released,2026-09-18 16:58:00.145,78,0,0,0,"{""event_name"": ""lock_released"", ""timestamp"": ""2026-09-18 16:58:00.145"", ""session_id"": 78, ""resource_type"": ""OBJECT"", ""mode"": ""IS""}",OBJECT,IS,UNKNOWN
lock_released,2026-09-18 16:58:00.145,77,0,0,0,"{""event_name"": ""lock_released"", ""timestamp"": ""2026-09-18 16:58:00.145"", ""session_id"": 77, ""resource_type"": ""PAGE"", ""mode"": ""S""}",PAGE,S,UNKNOWN
lock_released,2026-09-18 16:58:00.145,79,0,0,0,"{""event_name"": ""lock_released"", ""timestamp"": ""2026-09-18 16:58:00.145"", ""session_id"": 79, ""resource_type"": ""OBJECT"", ""mode"": ""IX""}",OBJECT,IX,UNKNOWN
lock_released,2026-09-18 16:58:00.145,81,0,0,0,"{""event_name"": ""lock_released"", ""timestamp"": ""2026-09-18 16:58:00.145"", ""session_id"": 81, ""resource_type"": ""KEY"", ""mode"": ""X""}",KEY,X,UNKNOWN
lock_released,2026-09-18 16:58:00.145,82,0,0,0,"{""event_name"": ""lock_released"", ""timestamp"": ""2026-09-18 16:58:00.145"", ""session_id"": 82, ""resource_type"": ""OBJECT"", ""mode"": ""IS""}",OBJECT,IS,UNKNOWN
lock_released,2026-09-18 16:58:00.145,84,0,0,0,"{""event_name"": ""lock_released"", ""timestamp"": ""2026-09-18 16:58:00.145"", ""session_id"": 84, ""resource_type"": ""OBJECT"", ""mode"": ""Sch-S""}",OBJECT,Sch-S,UNKNOWN
lock_released,2026-09-18 16:58:00.145,79,0,0,0,"{""event_name"": ""lock_released"", ""timestamp"": ""2026-09-18 16:58:00.145"", ""session_id"": 79, ""resource_type"": ""OBJECT"", ""mode"": ""IS""}",OBJECT,IS,UNKNOWN
lock_acquired,2026-09-18 16:58:05.175,85,0,0,0,"{""event_name"": ""lock_acquired"", ""timestamp"": ""2026-09-18 16:58:05.175"", ""session_id"": 85, ""resource_type"": ""OBJECT"", ""mode"": ""Sch-S""}",OBJECT,Sch-S,UNKNOWN
lock_acquired,2026-09-18 16:58:05.175,85,0,0,0,"{""event_name"": ""lock_acquired"", ""timestamp"": ""2026-09-18 16:58:05.175"", ""session_id"": 85, ""resource_type"": ""METADATA"", ""mode"": ""Sch-S""}",METADATA,Sch-S,UNKNOWN
lock_acquired,2026-09-18 16:58:05.175,82,0,0,0,"{""event_name"": ""lock_acquired"", ""timestamp"": ""2026-09-18 16:58:05.175"", ""session_id"": 82, ""resource_type"": ""OBJECT"", ""mode"": ""IX""}",OBJECT,IX,UNKNOWN
lock_acquired,2026-09-18 16:58:05.175,80,0,0,0,"{""event_name"": ""lock_acquired"", ""timestamp"": ""2026-09-18 16:58:05.175"", ""session_id"": 80, ""resource_type"": ""OBJECT"", ""mode"": ""IS""}",OBJECT,IS,UNKNOWN
lock_acquired,2026-09-18 16:58:05.175,80,0,0,0,"{""event_name"": ""lock_acquired"", ""timestamp"": ""2026-09-18 16:58:05.175"", ""session_id"": 80, ""resource_type"": ""OBJECT"", ""mode"": ""IX""}",OBJECT,IX,UNKNOWN
lock_acquired,2026-09-18 16:58:05.175,82,0,0,0,"{""event_name"": ""lock_acquired"", ""timestamp"": ""2026-09-18 16:58:05.175"", ""session_id"": 82, ""resource_type"": ""OBJECT"", ""mode"": ""IS""}",OBJECT,IS,UNKNOWN
lock_acquired,2026-09-18 16:58:05.175,78,0,0,0,"{""event_name"": ""lock_acquired"", ""timestamp"": ""2026-09-18 16:58:05.175"", ""session_id"": 78, ""resource_type"": ""KEY"", ""mode"": ""X""}",KEY,X,UNKNOWN
lock_released,2026-09-18 16:58:05.175,78,0,0,0,"{""event_name"": ""lock_released"", ""timestamp"": ""2026-09-18 16:58:05.175"", ""session_id"": 78, ""resource_type"": ""METADATA"", ""mode"": ""Sch-S""}",METADATA,Sch-S,UNKNOWN
lock_released,2026-09-18 16:58:05.175,82,0,0,0,"{""event_name"": ""lock_released"", ""timestamp"": ""2026-09-18 16:58:05.175"", ""session_id"": 82, ""resource_type"": ""OBJECT"", ""mode"": ""Sch-S""}",OBJECT,Sch-S,UNKNOWN
lock_released,2026-09-18 16:58:05.175,83,0,0,0,"{""event_name"": ""lock_released"", ""timestamp"": ""2026-09-18 16:58:05.175"", ""session_id"": 83, ""resource_type"": ""OBJECT"", ""mode"": ""IX""}",OBJECT,IX,UNKNOWN
lock_released,2026-09-18 16:58:05.175,79,0,0,0,"{""event_name"": ""lock_released"", ""timestamp"": ""2026-09-18 16:58:05.175"", ""session_id"": 79, ""resource_type"": ""KEY"", ""mode"": ""X""}",KEY,X,UNKNOWN
lock_released,2026-09-18 16:58:05.175,83,0,0,0,"{""event_name"": ""lock_released"", ""timestamp"": ""2026-09-18 16:58:05.175"", ""session_id"": 83, ""resource_type"": ""OBJECT"", ""mode"": ""IS""}",OBJECT,IS,UNKNOWN
lock_released,2026-09-18 16:58:05.175,82,0,0,0,"{""event_name"": ""lock_released"", ""timestamp"": ""2026-09-18 16:58:05.175"", ""session_id"": 82, ""resource_type"": ""METADATA"", ""mode"": ""Sch-S""}",METADATA,Sch-S,UNKNOWN
lock_released,2026-09-18 16:58:05.175,79,0,0,0,"{""event_name"": ""lock_released"", ""timestamp"": ""2026-09-18 16:58:05.175"", ""session_id"": 79, ""resource_type"": ""PAGE"", ""mode"": ""IX""}",PAGE,IX,UNKNOWN
lock_released,2026-09-18 16:58:05.175,83,0,0,0,"{""event_name"": ""lock_released"", ""timestamp"": ""2026-09-18 16:58:05.175"", ""session_id"": 83, ""resource_type"": ""PAGE"", ""mode"": ""S""}",PAGE,S,UNKNOWN
lock_released,2026-09-18 16:58:05.175,81,0,0,0,"{""event_name"": ""lock_released"", ""timestamp"": ""2026-09-18 16:58:05.175"", ""session_id"": 81, ""resource_type"": ""PAGE"", ""mode"": ""S""}",PAGE,S,UNKNOWN
lock_released,2026-09-18 16:58:05.175,78,0,0,0,"{""event_name"": ""lock_released"", ""timestamp"": ""2026-09-18 16:58:05.175"", ""session_id"": 78, ""resource_type"": ""OBJECT"", ""mode"": ""Sch-S""}",OBJECT,Sch-S,UNKNOWN
lock_acquired,2026-09-18 16:58:10.226,78,0,0,0,"{""event_name"": ""lock_acquired"", ""timestamp"": ""2026-09-18 16:58:10.226"", ""session_id"": 78, ""resource_type"": ""METADATA"", ""mode"": ""Sch-S""}",METADATA,Sch-S,UNKNOWN
lock_acquired,2026-09-18 16:58:10.226,79,0,0,0,"{""event_name"": ""lock_acquired"", ""timestamp"": ""2026-09-18 16:58:10.226"", ""session_id"": 79, ""resource_type"": ""OBJECT"", ""mode"": ""Sch-S""}",OBJECT,Sch-S,UNKNOWN
lock_acquired,2026-09-18 16:58:10.226,79,0,0,0,"{""event_name"": ""lock_acquired"", ""timestamp"": ""2026-09-18 16:58:10.226"", ""session_id"": 79, ""resource_type"": ""METADATA"", ""mode"": ""Sch-S""}",METADATA,Sch-S,UNKNOWN
lock_acquired,2026-09-18 16:58:10.226,85,0,0,0,"{""event_name"": ""lock_acquired"", ""timestamp"": ""2026-09-18 16:58:10.226"", ""session_id"": 85, ""resource_type"": ""OBJECT"", ""mode"": ""IX""}",OBJECT,IX,UNKNOWN
lock_acquired,2026-09-18 16:58:10.226,81,0,0,0,"{""event_name"": ""lock_acquired"", ""timestamp"": ""2026-09-18 16:58:10.226"", ""session_id"": 81, ""resource_type"": ""PAGE"", ""mode"": ""S""}",PAGE,S,UNKNOWN
lock_acquired,2026-09-18 16:58:10.226,78,0,0,0,"{""event_name"": ""lock_acquired"", ""timestamp"": ""2026-09-18 16:58:10.226"", ""session_id"": 78, ""resource_type"": ""OBJECT"", ""mode"": ""Sch-S""}",OBJECT,Sch-S,UNKNOWN
lock_acquired,2026-09-18 16:58:10.226,85,0,0,0,"{""event_name"": ""lock_acquired"", ""timestamp"": ""2026-09-18 16:58:10.226"", ""session_id"": 85, ""resource_type"": ""OBJECT"", ""mode"": ""IS""}",OBJECT,IS,UNKNOWN
lock_released,2026-09-18 16:58:10.226,85,0,0,0,"{""event_name"": ""lock_released"", ""timestamp"": ""2026-09-18 16:58:10.226"", ""session_id"": 85, ""resource_type"": ""OBJECT"", ""mode"": ""Sch-S""}",OBJECT,Sch-S,UNKNOWN
lock_released,2026-09-18 16:58:10.226,85,0,0,0,"{""event_name"": ""lock_released"", ""timestamp"": ""2026-09-18 16:58:10.226"", ""session_id"": 85, ""resource_type"": ""METADATA"", ""mode"": ""Sch-S""}",METADATA,Sch-S,UNKNOWN
lock_released,2026-09-18 16:58:10.226,80,0,0,0,"{""event_name"": ""lock_released"", ""timestamp"": ""2026-09-18 16:58:10.226"", ""session_id"": 80, ""resource_type"": ""OBJECT"", ""mode"": ""IX""}",OBJECT,IX,UNKNOWN
lock_released,2026-09-18 16:58:10.226,80,0,0,0,"{""event_name"": ""lock_released"", ""timestamp"": ""2026-09-18 16:58:10.226"", ""session_id"": 80, ""resource_type"": ""OBJECT"", ""mode"": ""IS""}",OBJECT,IS,UNKNOWN
lock_released,2026-09-18 16:58:10.226,78,0,0,0,"{""event_name"": ""lock_released"", ""timestamp"": ""2026-09-18 16:58:10.226"", ""session_id"": 78, ""resource_type"": ""KEY"", ""mode"": ""X""}",KEY,X,UNKNOWN
lock_acquired,2026-09-18 16:58:15.269,82,0,0,0,"{""event_name"": ""lock_acquired"", ""timestamp"": ""2026-09-18 16:58:15.269"", ""session_id"": 82, ""resource_type"": ""OBJECT"", ""mode"": ""Sch-S""}",OBJECT,Sch-S,UNKNOWN
lock_acquired,2026-09-18 16:58:15.269,80,0,0,0,"{""event_name"": ""lock_acquired"", ""timestamp"": ""2026-09-18 16:58:15.269"", ""session_id"": 80, ""resource_type"": ""PAGE"", ""mode"": ""IX""}",PAGE,IX,UNKNOWN
lock_acquired,2026-09-18 16:58:15.269,83,0,0,0,"{""event_name"": ""lock_acquired"", ""timestamp"": ""2026-09-18 16:58:15.269"", ""session_id"": 83, ""resource_type"": ""OBJECT"", ""mode"": ""IX""}",OBJECT,IX,UNKNOWN
lock_acquired,2026-09-18 16:58:15.269,76,0,0,0,"{""event_name"": ""lock_acquired"", ""timestamp"": ""2026-09-18 16:58:15.269"", ""session_id"": 76, ""resource_type"": ""OBJECT"", ""mode"": ""Sch-S""}",OBJECT,Sch-S,UNKNOWN
lock_acquired,2026-09-18 16:58:15.269,76,0,0,0,"{""event_name"": ""lock_acquired"", ""timestamp"": ""2026-09-18 16:58:15.269"", ""session_id"": 76, ""resource_type"": ""METADATA"", ""mode"": ""Sch-S""}",METADATA,Sch-S,UNKNOWN
lock_acquired,2026-09-18 16:58:15.269,83,0,0,0,"{""event_name"": ""lock_acquired"", ""timestamp"": ""2026-09-18 16:58:15.269"", ""session_id"": 83, ""resource_type"": ""OBJECT"", ""mode"": ""IS""}",OBJECT,IS,UNKNOWN
lock_acquired,2026-09-18 16:58:15.269,78,0,0,0,"{""event_name"": ""lock_acquired"", ""timestamp"": ""2026-09-18 16:58:15.269"", ""session_id"": 78, ""resource_type"": ""OBJECT"", ""mode"": ""IX""}",OBJECT,IX,UNKNOWN
lock_acquired,2026-09-18 16:58:15.269,80,0,0,0,"{""event_name"": ""lock_acquired"", ""timestamp"": ""2026-09-18 16:58:15.269"", ""session_id"": 80, ""resource_type"": ""OBJECT"", ""mode"": ""IX""}",OBJECT,IX,UNKNOWN
lock_acquired,2026-09-18 16:58:15.269,80,0,0,0,"{""event_name"": ""lock_acquired"", ""timestamp"": ""2026-09-18 16:58:15.269"", ""session_id"": 80, ""resource_type"": ""PAGE"", ""mode"": ""IU""}",PAGE,IU,UNKNOWN
lock_acquired,2026-09-18 16:58:15.269,76,0,0,0,"{""event_name"": ""lock_acquired"", ""timestamp"": ""2026-09-18 16:58:15.269"", ""session_id"": 76, ""resource_type"": ""KEY"", ""mode"": ""S""}",KEY,S,UNKNOWN
lock_acquired,2026-09-18 16:58:15.269,78,0,0,0,"{""event_name"": ""lock_acquired"", ""timestamp"": ""2026-09-18 16:58:15.269"", ""session_id"": 78, ""resource_type"": ""OBJECT"", ""mode"": ""IS""}",OBJECT,IS,UNKNOWN
lock_acquired,2026-09-18 16:58:15.269,79,0,0,0,"{""event_name"": ""lock_acquired"", ""timestamp"": ""2026-09-18 16:58:15.269"", ""session_id"": 79, ""resource_type"": ""OBJECT"", ""mode"": ""IX""}",OBJECT,IX,UNKNOWN
lock_acquired,2026-09-18 16:58:15.269,80,0,0,0,"{""event_name"": ""lock_acquired"", ""timestamp"": ""2026-09-18 16:58:15.269"", ""session_id"": 80, ""resource_type"": ""KEY"", ""mode"": ""U""}",KEY,U,UNKNOWN
lock_acquired,2026-09-18 16:58:15.269,78,0,0,0,"{""event_name"": ""lock_acquired"", ""timestamp"": ""2026-09-18 16:58:15.269"", ""session_id"": 78, ""resource_type"": ""PAGE"", ""mode"": ""S""}",PAGE,S,UNKNOWN
lock_acquired,2026-09-18 16:58:15.269,79,0,0,0,"{""event_name"": ""lock_acquired"", ""timestamp"": ""2026-09-18 16:58:15.269"", ""session_id"": 79, ""resource_type"": ""OBJECT"", ""mode"": ""IS""}",OBJECT,IS,UNKNOWN
lock_released,2026-09-18 16:58:15.269,78,0,0,0,"{""event_name"": ""lock_released"", ""timestamp"": ""2026-09-18 16:58:15.269"", ""session_id"": 78, ""resource_type"": ""METADATA"", ""mode"": ""Sch-S""}",METADATA,Sch-S,UNKNOWN
lock_released,2026-09-18 16:58:15.269,79,0,0,0,"{""event_name"": ""lock_released"", ""timestamp"": ""2026-09-18 16:58:15.269"", ""session_id"": 79, ""resource_type"": ""OBJECT"", ""mode"": ""Sch-S""}",OBJECT,Sch-S,UNKNOWN
lock_released,2026-09-18 16:58:15.269,81,0,0,0,"{""event_name"": ""lock_released"", ""timestamp"": ""2026-09-18 16:58:15.269"", ""session_id"": 81, ""resource_type"": ""OBJECT"", ""mode"": ""IX""}",OBJECT,IX,UNKNOWN
lock_released,2026-09-18 16:58:15.269,82,0,0,0,"{""event_name"": ""lock_released"", ""timestamp"": ""2026-09-18 16:58:15.269"", ""session_id"": 82, ""resource_type"": ""OBJECT"", ""mode"": ""IX""}",OBJECT,IX,UNKNOWN
lock_released,2026-09-18 16:58:15.269,81,0,0,0,"{""event_name"": ""lock_released"", ""timestamp"": ""2026-09-18 16:58:15.269"", ""session_id"": 81, ""resource_type"": ""OBJECT"", ""mode"": ""IS""}",OBJECT,IS,UNKNOWN
lock_released,2026-09-18 16:58:15.269,79,0,0,0,"{""event_name"": ""lock_released"", ""timestamp"": ""2026-09-18 16:58:15.269"", ""session_id"": 79, ""resource_type"": ""METADATA"", ""mode"": ""Sch-S""}",METADATA,Sch-S,UNKNOWN
lock_released,2026-09-18 16:58:15.269,78,0,0,0,"{""event_name"": ""lock_released"", ""timestamp"": ""2026-09-18 16:58:15.269"", ""session_id"": 78, ""resource_type"": ""OBJECT"", ""mode"": ""Sch-S""}",OBJECT,Sch-S,UNKNOWN
lock_released,2026-09-18 16:58:15.269,76,0,0,0,"{""event_name"": ""lock_released"", ""timestamp"": ""2026-09-18 16:58:15.269"", ""session_id"": 76, ""resource_type"": ""OBJECT"", ""mode"": ""IX""}",OBJECT,IX,UNKNOWN
lock_released,2026-09-18 16:58:15.269,82,0,0,0,"{""event_name"": ""lock_released"", ""timestamp"": ""2026-09-18 16:58:15.269"", ""session_id"": 82, ""resource_type"": ""OBJECT"", ""mode"": ""IS""}",OBJECT,IS,UNKNOWN
lock_released,2026-09-18 16:58:15.269,81,0,0,0,"{""event_name"": ""lock_released"", ""timestamp"": ""2026-09-18 16:58:15.269"", ""session_id"": 81, ""resource_type"": ""PAGE"", ""mode"": ""S""}",PAGE,S,UNKNOWN
lock_released,2026-09-18 16:58:15.269,76,0,0,0,"{""event_name"": ""lock_released"", ""timestamp"": ""2026-09-18 16:58:15.269"", ""session_id"": 76, ""resource_type"": ""OBJECT"", ""mode"": ""IS""}",OBJECT,IS,UNKNOWN
lock_acquired,2026-09-18 16:58:20.305,76,0,0,0,"{""event_name"": ""lock_acquired"", ""timestamp"": ""2026-09-18 16:58:20.305"", ""session_id"": 76, ""resource_type"": ""KEY"", ""mode"": ""X""}",KEY,X,UNKNOWN
lock_acquired,2026-09-18 16:58:20.305,85,0,0,0,"{""event_name"": ""lock_acquired"", ""timestamp"": ""2026-09-18 16:58:20.305"", ""session_id"": 85, ""resource_type"": ""OBJECT"", ""mode"": ""Sch-S""}",OBJECT,Sch-S,UNKNOWN
lock_acquired,2026-09-18 16:58:20.305,81,0,0,0,"{""event_name"": ""lock_acquired"", ""timestamp"": ""2026-09-18 16:58:20.305"", ""session_id"": 81, ""resource_type"": ""OBJECT"", ""mode"": ""IX""}",OBJECT,IX,UNKNOWN
lock_acquired,2026-09-18 16:58:20.305,82,0,0,0,"{""event_name"": ""lock_acquired"", ""timestamp"": ""2026-09-18 16:58:20.305"", ""session_id"": 82, ""resource_type"": ""OBJECT"", ""mode"": ""IX""}",OBJECT,IX,UNKNOWN
lock_acquired,2026-09-18 16:58:20.305,80,0,0,0,"{""event_name"": ""lock_acquired"", ""timestamp"": ""2026-09-18 16:58:20.305"", ""session_id"": 80, ""resource_type"": ""OBJECT"", ""mode"": ""IS""}",OBJECT,IS,UNKNOWN
lock_acquired,2026-09-18 16:58:20.305,81,0,0,0,"{""event_name"": ""lock_acquired"", ""timestamp"": ""2026-09-18 16:58:20.305"", ""session_id"": 81, ""resource_type"": ""OBJECT"", ""mode"": ""IS""}",OBJECT,IS,UNKNOWN
lock_acquired,2026-09-18 16:58:20.305,76,0,0,0,"{""event_name"": ""lock_acquired"", ""timestamp"": ""2026-09-18 16:58:20.305"", ""session_id"": 76, ""resource_type"": ""OBJECT"", ""mode"": ""IX""}",OBJECT,IX,UNKNOWN
lock_acquired,2026-09-18 16:58:20.305,77,0,0,0,"{""event_name"": ""lock_acquired"", ""timestamp"": ""2026-09-18 16:58:20.305"", ""session_id"": 77, ""resource_type"": ""OBJECT"", ""mode"": ""Sch-S""}",OBJECT,Sch-S,UNKNOWN
lock_acquired,2026-09-18 16:58:20.305,82,0,0,0,"{""event_name"": ""lock_acquired"", ""timestamp"": ""2026-09-18 16:58:20.305"", ""session_id"": 82, ""resource_type"": ""OBJECT"", ""mode"": ""IS""}",OBJECT,IS,UNKNOWN
lock_acquired,2026-09-18 16:58:20.305,76,0,0,0,"{""event_name"": ""lock_acquired"", ""timestamp"": ""2026-09-18 16:58:20.305"", ""session_id"": 76, ""resource_type"": ""PAGE"", ""mode"": ""IX""}",PAGE,IX,UNKNOWN
lock_released,2026-09-18 16:58:20.305,82,0,0,0,"{""event_name"": ""lock_released"", ""timestamp"": ""2026-09-18 16:58:20.305"", ""session_id"": 82, ""resource_type"": ""OBJECT"", ""mode"": ""Sch-S""}",OBJECT,Sch-S,UNKNOWN
lock_released,2026-09-18 16:58:20.305,80,0,0,0,"{""event_name"": ""lock_released"", ""timestamp"": ""2026-09-18 16:58:20.305"", ""session_id"": 80, ""resource_type"": ""PAGE"", ""mode"": ""IX""}",PAGE,IX,UNKNOWN
lock_released,2026-09-18 16:58:20.305,76,0,0,0,"{""event_name"": ""lock_released"", ""timestamp"": ""2026-09-18 16:58:20.305"", ""session_id"": 76, ""resource_type"": ""OBJECT"", ""mode"": ""Sch-S""}",OBJECT,Sch-S,UNKNOWN
lock_released,2026-09-18 16:58:20.305,77,0,0,0,"{""event_name"": ""lock_released"", ""timestamp"": ""2026-09-18 16:58:20.305"", ""session_id"": 77, ""resource_type"": ""OBJECT"", ""mode"": ""IS""}",OBJECT,IS,UNKNOWN
lock_released,2026-09-18 16:58:20.305,77,0,0,0,"{""event_name"": ""lock_released"", ""timestamp"": ""2026-09-18 16:58:20.305"", ""session_id"": 77, ""resource_type"": ""OBJECT"", ""mode"": ""IX""}",OBJECT,IX,UNKNOWN
lock_released,2026-09-18 16:58:20.305,76,0,0,0,"{""event_name"": ""lock_released"", ""timestamp"": ""2026-09-18 16:58:20.305"", ""session_id"": 76, ""resource_type"": ""METADATA"", ""mode"": ""Sch-S""}",METADATA,Sch-S,UNKNOWN
lock_released,2026-09-18 16:58:20.305,80,0,0,0,"{""event_name"": ""lock_released"", ""timestamp"": ""2026-09-18 16:58:20.305"", ""session_id"": 80, ""resource_type"": ""PAGE"", ""mode"": ""IU""}",PAGE,IU,UNKNOWN
lock_released,2026-09-18 16:58:20.305,76,0,0,0,"{""event_name"": ""lock_released"", ""timestamp"": ""2026-09-18 16:58:20.305"", ""session_id"": 76, ""resource_type"": ""KEY"", ""mode"": ""S""}",KEY,S,UNKNOWN
lock_released,2026-09-18 16:58:20.305,85,0,0,0,"{""event_name"": ""lock_released"", ""timestamp"": ""2026-09-18 16:58:20.305"", ""session_id"": 85, ""resource_type"": ""OBJECT"", ""mode"": ""IX""}",OBJECT,IX,UNKNOWN
lock_released,2026-09-18 16:58:20.305,80,0,0,0,"{""event_name"": ""lock_released"", ""timestamp"": ""2026-09-18 16:58:20.305"", ""session_id"": 80, ""resource_type"": ""KEY"", ""mode"": ""U""}",KEY,U,UNKNOWN
lock_released,2026-09-18 16:58:20.305,85,0,0,0,"{""event_name"": ""lock_released"", ""timestamp"": ""2026-09-18 16:58:20.305"", ""session_id"": 85, ""resource_type"": ""OBJECT"", ""mode"": ""IS""}",OBJECT,IS,UNKNOWN
lock_acquired,2026-09-18 16:58:25.343,77,0,0,0,"{""event_name"": ""lock_acquired"", ""timestamp"": ""2026-09-18 16:58:25.343"", ""session_id"": 77, ""resource_type"": ""OBJECT"", ""mode"": ""IS""}",OBJECT,IS,UNKNOWN
lock_acquired,2026-09-18 16:58:25.343,77,0,0,0,"{""event_name"": ""lock_acquired"", ""timestamp"": ""2026-09-18 16:58:25.343"", ""session_id"": 77, ""resource_type"": ""OBJECT"", ""mode"": ""IX""}",OBJECT,IX,UNKNOWN
lock_acquired,2026-09-18 16:58:25.343,76,0,0,0,"{""event_name"": ""lock_acquired"", ""timestamp"": ""2026-09-18 16:58:25.343"", ""session_id"": 76, ""resource_type"": ""PAGE"", ""mode"": ""S""}",PAGE,S,UNKNOWN
lock_acquired,2026-09-18 16:58:25.343,85,0,0,0,"{""event_name"": ""lock_acquired"", ""timestamp"": ""2026-09-18 16:58:25.343"", ""session_id"": 85, ""resource_type"": ""OBJECT"", ""mode"": ""IX""}",OBJECT,IX,UNKNOWN
lock_acquired,2026-09-18 16:58:25.343,76,0,0,0,"{""event_name"": ""lock_acquired"", ""timestamp"": ""2026-09-18 16:58:25.343"", ""session_id"": 76, ""resource_type"": ""OBJECT"", ""mode"": ""IS""}",OBJECT,IS,UNKNOWN
lock_acquired,2026-09-18 16:58:25.343,85,0,0,0,"{""event_name"": ""lock_acquired"", ""timestamp"": ""2026-09-18 16:58:25.343"", ""session_id"": 85, ""resource_type"": ""OBJECT"", ""mode"": ""IS""}",OBJECT,IS,UNKNOWN
lock_released,2026-09-18 16:58:25.343,76,0,0,0,"{""event_name"": ""lock_released"", ""timestamp"": ""2026-09-18 16:58:25.343"", ""session_id"": 76, ""resource_type"": ""KEY"", ""mode"": ""X""}",KEY,X,UNKNOWN
lock_released,2026-09-18 16:58:25.343,85,0,0,0,"{""event_name"": ""lock_released"", ""timestamp"": ""2026-09-18 16:58:25.343"", ""session_id"": 85, ""resource_type"": ""OBJECT"", ""mode"": ""Sch-S""}",OBJECT,Sch-S,UNKNOWN
lock_released,2026-09-18 16:58:25.343,80,0,0,0,"{""event_name"": ""lock_released"", ""timestamp"": ""2026-09-18 16:58:25.343"", ""session_id"": 80, ""resource_type"": ""OBJECT"", ""mode"": ""IS""}",OBJECT,IS,UNKNOWN
lock_released,2026-09-18 16:58:25.343,80,0,0,0,"{""event_name"": ""lock_released"", ""timestamp"": ""2026-09-18 16:58:25.343"", ""session_id"": 80, ""resource_type"": ""OBJECT"", ""mode"": ""IX""}",OBJECT,IX,UNKNOWN
lock_released,2026-09-18 16:58:25.343,84,0,0,0,"{""event_name"": ""lock_released"", ""timestamp"": ""2026-09-18 16:58:25.343"", ""session_id"": 84, ""resource_type"": ""OBJECT"", ""mode"": ""IS""}",OBJECT,IS,UNKNOWN
lock_released,2026-09-18 16:58:25.343,84,0,0,0,"{""event_name"": ""lock_released"", ""timestamp"": ""2026-09-18 16:58:25.343"", ""session_id"": 84, ""resource_type"": ""OBJECT"", ""mode"": ""IX""}",OBJECT,IX,UNKNOWN
lock_released,2026-09-18 16:58:25.343,77,0,0,0,"{""event_name"": ""lock_released"", ""timestamp"": ""2026-09-18 16:58:25.343"", ""session_id"": 77, ""resource_type"": ""OBJECT"", ""mode"": ""Sch-S""}",OBJECT,Sch-S,UNKNOWN
lock_released,2026-09-18 16:58:25.343,78,0,0,0,"{""event_name"": ""lock_released"", ""timestamp"": ""2026-09-18 16:58:25.343"", ""session_id"": 78, ""resource_type"": ""PAGE"", ""mode"": ""S""}",PAGE,S,UNKNOWN
lock_released,2026-09-18 16:58:25.343,76,0,0,0,"{""event_name"": ""lock_released"", ""timestamp"": ""2026-09-18 16:58:25.343"", ""session_id"": 76, ""resource_type"": ""PAGE"", ""mode"": ""IX""}",PAGE,IX,UNKNOWN
login,2026-09-18 16:58:31.440,68,795ec2146175\Administrator,Microsoft SQL Server,SteelNort,"{""event_name"": ""login"", ""timestamp"": ""2026-09-18 16:58:31.440"", ""session_id"": 68, ""login_name"": ""795ec2146175\\Administrator"", ""program_name"": ""Microsoft SQL Server"", ""database_name"": ""SteelNort""}",0,0,UNKNOWN
lock_acquired,2026-09-18 16:58:31.440,82,0,0,0,"{""event_name"": ""lock_acquired"", ""timestamp"": ""2026-09-18 16:58:31.440"", ""session_id"": 82, ""resource_type"": ""PAGE"", ""mode"": ""IU""}",PAGE,IU,UNKNOWN
lock_acquired,2026-09-18 16:58:31.440,82,0,0,0,"{""event_name"": ""lock_acquired"", ""timestamp"": ""2026-09-18 16:58:31.440"", ""session_id"": 82, ""resource_type"": ""KEY"", ""mode"": ""U""}",KEY,U,UNKNOWN
lock_acquired,2026-09-18 16:58:31.440,81,0,0,0,"{""event_name"": ""lock_acquired"", ""timestamp"": ""2026-09-18 16:58:31.440"", ""session_id"": 81, ""resource_type"": ""PAGE"", ""mode"": ""IX""}",PAGE,IX,UNKNOWN
lock_acquired,2026-09-18 16:58:31.440,84,0,0,0,"{""event_name"": ""lock_acquired"", ""timestamp"": ""2026-09-18 16:58:31.440"", ""session_id"": 84, ""resource_type"": ""PAGE"", ""mode"": ""IX""}",PAGE,IX,UNKNOWN
lock_acquired,2026-09-18 16:58:31.440,84,0,0,0,"{""event_name"": ""lock_acquired"", ""timestamp"": ""2026-09-18 16:58:31.440"", ""session_id"": 84, ""resource_type"": ""KEY"", ""mode"": ""X""}",KEY,X,UNKNOWN
lock_acquired,2026-09-18 16:58:31.440,80,0,0,0,"{""event_name"": ""lock_acquired"", ""timestamp"": ""2026-09-18 16:58:31.440"", ""session_id"": 80, ""resource_type"": ""OBJECT"", ""mode"": ""IX""}",OBJECT,IX,UNKNOWN
lock_acquired,2026-09-18 16:58:31.440,85,0,0,0,"{""event_name"": ""lock_acquired"", ""timestamp"": ""2026-09-18 16:58:31.440"", ""session_id"": 85, ""resource_type"": ""PAGE"", ""mode"": ""IX""}",PAGE,IX,UNKNOWN
lock_acquired,2026-09-18 16:58:31.440,84,0,0,0,"{""event_name"": ""lock_acquired"", ""timestamp"": ""2026-09-18 16:58:31.440"", ""session_id"": 84, ""resource_type"": ""OBJECT"", ""mode"": ""IX""}",OBJECT,IX,UNKNOWN
lock_acquired,2026-09-18 16:58:31.440,80,0,0,0,"{""event_name"": ""lock_acquired"", ""timestamp"": ""2026-09-18 16:58:31.440"", ""session_id"": 80, ""resource_type"": ""KEY"", ""mode"": ""X""}",KEY,X,UNKNOWN
lock_acquired,2026-09-18 16:58:31.440,81,0,0,0,"{""event_name"": ""lock_acquired"", ""timestamp"": ""2026-09-18 16:58:31.440"", ""session_id"": 81, ""resource_type"": ""KEY"", ""mode"": ""X""}",KEY,X,UNKNOWN
lock_acquired,2026-09-18 16:58:31.440,82,0,0,0,"{""event_name"": ""lock_acquired"", ""timestamp"": ""2026-09-18 16:58:31.440"", ""session_id"": 82, ""resource_type"": ""PAGE"", ""mode"": ""IX""}",PAGE,IX,UNKNOWN
lock_acquired,2026-09-18 16:58:31.440,85,0,0,0,"{""event_name"": ""lock_acquired"", ""timestamp"": ""2026-09-18 16:58:31.440"", ""session_id"": 85, ""resource_type"": ""KEY"", ""mode"": ""X""}",KEY,X,UNKNOWN
lock_acquired,2026-09-18 16:58:31.440,82,0,0,0,"{""event_name"": ""lock_acquired"", ""timestamp"": ""2026-09-18 16:58:31.440"", ""session_id"": 82, ""resource_type"": ""KEY"", ""mode"": ""X""}",KEY,X,UNKNOWN
lock_released,2026-09-18 16:58:31.440,77,0,0,0,"{""event_name"": ""lock_released"", ""timestamp"": ""2026-09-18 16:58:31.440"", ""session_id"": 77, ""resource_type"": ""OBJECT"", ""mode"": ""IS""}",OBJECT,IS,UNKNOWN
lock_released,2026-09-18 16:58:31.440,78,0,0,0,"{""event_name"": ""lock_released"", ""timestamp"": ""2026-09-18 16:58:31.440"", ""session_id"": 78, ""resource_type"": ""OBJECT"", ""mode"": ""IX""}",OBJECT,IX,UNKNOWN
lock_released,2026-09-18 16:58:31.440,76,0,0,0,"{""event_name"": ""lock_released"", ""timestamp"": ""2026-09-18 16:58:31.440"", ""session_id"": 76, ""resource_type"": ""PAGE"", ""mode"": ""S""}",PAGE,S,UNKNOWN
lock_released,2026-09-18 16:58:31.440,81,0,0,0,"{""event_name"": ""lock_released"", ""timestamp"": ""2026-09-18 16:58:31.440"", ""session_id"": 81, ""resource_type"": ""OBJECT"", ""mode"": ""IS""}",OBJECT,IS,UNKNOWN
lock_released,2026-09-18 16:58:31.440,78,0,0,0,"{""event_name"": ""lock_released"", ""timestamp"": ""2026-09-18 16:58:31.440"", ""session_id"": 78, ""resource_type"": ""OBJECT"", ""mode"": ""IS""}",OBJECT,IS,UNKNOWN
lock_released,2026-09-18 16:58:31.440,79,0,0,0,"{""event_name"": ""lock_released"", ""timestamp"": ""2026-09-18 16:58:31.440"", ""session_id"": 79, ""resource_type"": ""OBJECT"", ""mode"": ""IS""}",OBJECT,IS,UNKNOWN
lock_released,2026-09-18 16:58:31.440,82,0,0,0,"{""event_name"": ""lock_released"", ""timestamp"": ""2026-09-18 16:58:31.440"", ""session_id"": 82, ""resource_type"": ""OBJECT"", ""mode"": ""IS""}",OBJECT,IS,UNKNOWN
lock_released,2026-09-18 16:58:31.440,85,0,0,0,"{""event_name"": ""lock_released"", ""timestamp"": ""2026-09-18 16:58:31.440"", ""session_id"": 85, ""resource_type"": ""OBJECT"", ""mode"": ""IS""}",OBJECT,IS,UNKNOWN
logout,2026-09-18 16:58:36.858,68,0,0,0,"{""event_name"": ""logout"", ""timestamp"": ""2026-09-18 16:58:36.858"", ""session_id"": 68}",0,0,UNKNOWN
lock_acquired,2026-09-18 16:58:36.858,82,0,0,0,"{""event_name"": ""lock_acquired"", ""timestamp"": ""2026-09-18 16:58:36.858"", ""session_id"": 82, ""resource_type"": ""OBJECT"", ""mode"": ""Sch-S""}",OBJECT,Sch-S,UNKNOWN
lock_acquired,2026-09-18 16:58:36.858,76,0,0,0,"{""event_name"": ""lock_acquired"", ""timestamp"": ""2026-09-18 16:58:36.858"", ""session_id"": 76, ""resource_type"": ""KEY"", ""mode"": ""X""}",KEY,X,UNKNOWN
lock_acquired,2026-09-18 16:58:36.858,84,0,0,0,"{""event_name"": ""lock_acquired"", ""timestamp"": ""2026-09-18 16:58:36.858"", ""session_id"": 84, ""resource_type"": ""PAGE"", ""mode"": ""S""}",PAGE,S,UNKNOWN
lock_acquired,2026-09-18 16:58:36.858,77,0,0,0,"{""event_name"": ""lock_acquired"", ""timestamp"": ""2026-09-18 16:58:36.858"", ""session_id"": 77, ""resource_type"": ""OBJECT"", ""mode"": ""IS""}",OBJECT,IS,UNKNOWN
lock_acquired,2026-09-18 16:58:36.858,79,0,0,0,"{""event_name"": ""lock_acquired"", ""timestamp"": ""2026-09-18 16:58:36.858"", ""session_id"": 79, ""resource_type"": ""PAGE"", ""mode"": ""S""}",PAGE,S,UNKNOWN
lock_acquired,2026-09-18 16:58:36.858,78,0,0,0,"{""event_name"": ""lock_acquired"", ""timestamp"": ""2026-09-18 16:58:36.858"", ""session_id"": 78, ""resource_type"": ""OBJECT"", ""mode"": ""IX""}",OBJECT,IX,UNKNOWN
lock_acquired,2026-09-18 16:58:36.858,80,0,0,0,"{""event_name"": ""lock_acquired"", ""timestamp"": ""2026-09-18 16:58:36.858"", ""session_id"": 80, ""resource_type"": ""OBJECT"", ""mode"": ""IS""}",OBJECT,IS,UNKNOWN
lock_acquired,2026-09-18 16:58:36.858,79,0,0,0,"{""event_name"": ""lock_acquired"", ""timestamp"": ""2026-09-18 16:58:36.858"", ""session_id"": 79, ""resource_type"": ""OBJECT"", ""mode"": ""IS""}",OBJECT,IS,UNKNOWN
lock_acquired,2026-09-18 16:58:36.858,77,0,0,0,"{""event_name"": ""lock_acquired"", ""timestamp"": ""2026-09-18 16:58:36.858"", ""session_id"": 77, ""resource_type"": ""KEY"", ""mode"": ""S""}",KEY,S,UNKNOWN
lock_acquired,2026-09-18 16:58:36.858,84,0,0,0,"{""event_name"": ""lock_acquired"", ""timestamp"": ""2026-09-18 16:58:36.858"", ""session_id"": 84, ""resource_type"": ""OBJECT"", ""mode"": ""IS""}",OBJECT,IS,UNKNOWN
lock_acquired,2026-09-18 16:58:36.858,78,0,0,0,"{""event_name"": ""lock_acquired"", ""timestamp"": ""2026-09-18 16:58:36.858"", ""session_id"": 78, ""resource_type"": ""OBJECT"", ""mode"": ""IS""}",OBJECT,IS,UNKNOWN
lock_acquired,2026-09-18 16:58:36.858,76,0,0,0,"{""event_name"": ""lock_acquired"", ""timestamp"": ""2026-09-18 16:58:36.858"", ""session_id"": 76, ""resource_type"": ""PAGE"", ""mode"": ""IX""}",PAGE,IX,UNKNOWN
lock_acquired,2026-09-18 16:58:36.858,85,0,0,0,"{""event_name"": ""lock_acquired"", ""timestamp"": ""2026-09-18 16:58:36.858"", ""session_id"": 85, ""resource_type"": ""OBJECT"", ""mode"": ""IS""}",OBJECT,IS,UNKNOWN
lock_released,2026-09-18 16:58:36.858,82,0,0,0,"{""event_name"": ""lock_released"", ""timestamp"": ""2026-09-18 16:58:36.858"", ""session_id"": 82, ""resource_type"": ""PAGE"", ""mode"": ""IU""}",PAGE,IU,UNKNOWN
lock_released,2026-09-18 16:58:36.858,82,0,0,0,"{""event_name"": ""lock_released"", ""timestamp"": ""2026-09-18 16:58:36.858"", ""session_id"": 82, ""resource_type"": ""KEY"", ""mode"": ""U""}",KEY,U,UNKNOWN
lock_released,2026-09-18 16:58:36.858,81,0,0,0,"{""event_name"": ""lock_released"", ""timestamp"": ""2026-09-18 16:58:36.858"", ""session_id"": 81, ""resource_type"": ""PAGE"", ""mode"": ""IX""}",PAGE,IX,UNKNOWN
lock_released,2026-09-18 16:58:36.858,77,0,0,0,"{""event_name"": ""lock_released"", ""timestamp"": ""2026-09-18 16:58:36.858"", ""session_id"": 77, ""resource_type"": ""OBJECT"", ""mode"": ""IX""}",OBJECT,IX,UNKNOWN
lock_released,2026-09-18 16:58:36.858,84,0,0,0,"{""event_name"": ""lock_released"", ""timestamp"": ""2026-09-18 16:58:36.858"", ""session_id"": 84, ""resource_type"": ""PAGE"", ""mode"": ""IX""}",PAGE,IX,UNKNOWN
lock_released,2026-09-18 16:58:36.858,83,0,0,0,"{""event_name"": ""lock_released"", ""timestamp"": ""2026-09-18 16:58:36.858"", ""session_id"": 83, ""resource_type"": ""OBJECT"", ""mode"": ""IS""}",OBJECT,IS,UNKNOWN
lock_released,2026-09-18 16:58:36.858,81,0,0,0,"{""event_name"": ""lock_released"", ""timestamp"": ""2026-09-18 16:58:36.858"", ""session_id"": 81, ""resource_type"": ""OBJECT"", ""mode"": ""IX""}",OBJECT,IX,UNKNOWN
lock_released,2026-09-18 16:58:36.858,84,0,0,0,"{""event_name"": ""lock_released"", ""timestamp"": ""2026-09-18 16:58:36.858"", ""session_id"": 84, ""resource_type"": ""KEY"", ""mode"": ""X""}",KEY,X,UNKNOWN
lock_released,2026-09-18 16:58:36.858,85,0,0,0,"{""event_name"": ""lock_released"", ""timestamp"": ""2026-09-18 16:58:36.858"", ""session_id"": 85, ""resource_type"": ""PAGE"", ""mode"": ""IX""}",PAGE,IX,UNKNOWN
lock_released,2026-09-18 16:58:36.858,80,0,0,0,"{""event_name"": ""lock_released"", ""timestamp"": ""2026-09-18 16:58:36.858"", ""session_id"": 80, ""resource_type"": ""KEY"", ""mode"": ""X""}",KEY,X,UNKNOWN
lock_released,2026-09-18 16:58:36.858,81,0,0,0,"{""event_name"": ""lock_released"", ""timestamp"": ""2026-09-18 16:58:36.858"", ""session_id"": 81, ""resource_type"": ""KEY"", ""mode"": ""X""}",KEY,X,UNKNOWN
lock_released,2026-09-18 16:58:36.858,82,0,0,0,"{""event_name"": ""lock_released"", ""timestamp"": ""2026-09-18 16:58:36.858"", ""session_id"": 82, ""resource_type"": ""OBJECT"", ""mode"": ""IX""}",OBJECT,IX,UNKNOWN
lock_released,2026-09-18 16:58:36.858,82,0,0,0,"{""event_name"": ""lock_released"", ""timestamp"": ""2026-09-18 16:58:36.858"", ""session_id"": 82, ""resource_type"": ""PAGE"", ""mode"": ""IX""}",PAGE,IX,UNKNOWN
lock_released,2026-09-18 16:58:36.858,76,0,0,0,"{""event_name"": ""lock_released"", ""timestamp"": ""2026-09-18 16:58:36.858"", ""session_id"": 76, ""resource_type"": ""OBJECT"", ""mode"": ""IS""}",OBJECT,IS,UNKNOWN
lock_released,2026-09-18 16:58:36.858,85,0,0,0,"{""event_name"": ""lock_released"", ""timestamp"": ""2026-09-18 16:58:36.858"", ""session_id"": 85, ""resource_type"": ""KEY"", ""mode"": ""X""}",KEY,X,UNKNOWN
lock_released,2026-09-18 16:58:36.858,82,0,0,0,"{""event_name"": ""lock_released"", ""timestamp"": ""2026-09-18 16:58:36.858"", ""session_id"": 82, ""resource_type"": ""KEY"", ""mode"": ""X""}",KEY,X,UNKNOWN
lock_acquired,2026-09-18 16:58:42.927,77,0,0,0,"{""event_name"": ""lock_acquired"", ""timestamp"": ""2026-09-18 16:58:42.927"", ""session_id"": 77, ""resource_type"": ""OBJECT"", ""mode"": ""IX""}",OBJECT,IX,UNKNOWN
lock_acquired,2026-09-18 16:58:42.927,84,0,0,0,"{""event_name"": ""lock_acquired"", ""timestamp"": ""2026-09-18 16:58:42.927"", ""session_id"": 84, ""resource_type"": ""METADATA"", ""mode"": ""Sch-S""}",METADATA,Sch-S,UNKNOWN
lock_acquired,2026-09-18 16:58:42.927,83,0,0,0,"{""event_name"": ""lock_acquired"", ""timestamp"": ""2026-09-18 16:58:42.927"", ""session_id"": 83, ""resource_type"": ""OBJECT"", ""mode"": ""IS""}",OBJECT,IS,UNKNOWN
lock_acquired,2026-09-18 16:58:42.927,81,0,0,0,"{""event_name"": ""lock_acquired"", ""timestamp"": ""2026-09-18 16:58:42.927"", ""session_id"": 81, ""resource_type"": ""OBJECT"", ""mode"": ""IX""}",OBJECT,IX,UNKNOWN
lock_acquired,2026-09-18 16:58:42.927,82,0,0,0,"{""event_name"": ""lock_acquired"", ""timestamp"": ""2026-09-18 16:58:42.927"", ""session_id"": 82, ""resource_type"": ""OBJECT"", ""mode"": ""IX""}",OBJECT,IX,UNKNOWN
lock_acquired,2026-09-18 16:58:42.927,81,0,0,0,"{""event_name"": ""lock_acquired"", ""timestamp"": ""2026-09-18 16:58:42.927"", ""session_id"": 81, ""resource_type"": ""OBJECT"", ""mode"": ""IS""}",OBJECT,IS,UNKNOWN
lock_acquired,2026-09-18 16:58:42.927,84,0,0,0,"{""event_name"": ""lock_acquired"", ""timestamp"": ""2026-09-18 16:58:42.927"", ""session_id"": 84, ""resource_type"": ""OBJECT"", ""mode"": ""Sch-S""}",OBJECT,Sch-S,UNKNOWN
lock_acquired,2026-09-18 16:58:42.927,82,0,0,0,"{""event_name"": ""lock_acquired"", ""timestamp"": ""2026-09-18 16:58:42.927"", ""session_id"": 82, ""resource_type"": ""OBJECT"", ""mode"": ""IS""}",OBJECT,IS,UNKNOWN
lock_acquired,2026-09-18 16:58:42.927,76,0,0,0,"{""event_name"": ""lock_acquired"", ""timestamp"": ""2026-09-18 16:58:42.927"", ""session_id"": 76, ""resource_type"": ""OBJECT"", ""mode"": ""IS""}",OBJECT,IS,UNKNOWN
lock_released,2026-09-18 16:58:42.927,82,0,0,0,"{""event_name"": ""lock_released"", ""timestamp"": ""2026-09-18 16:58:42.927"", ""session_id"": 82, ""resource_type"": ""OBJECT"", ""mode"": ""Sch-S""}",OBJECT,Sch-S,UNKNOWN
lock_released,2026-09-18 16:58:42.927,76,0,0,0,"{""event_name"": ""lock_released"", ""timestamp"": ""2026-09-18 16:58:42.927"", ""session_id"": 76, ""resource_type"": ""KEY"", ""mode"": ""X""}",KEY,X,UNKNOWN
lock_released,2026-09-18 16:58:42.927,84,0,0,0,"{""event_name"": ""lock_released"", ""timestamp"": ""2026-09-18 16:58:42.927"", ""session_id"": 84, ""resource_type"": ""PAGE"", ""mode"": ""S""}",PAGE,S,UNKNOWN
lock_released,2026-09-18 16:58:42.927,79,0,0,0,"{""event_name"": ""lock_released"", ""timestamp"": ""2026-09-18 16:58:42.927"", ""session_id"": 79, ""resource_type"": ""PAGE"", ""mode"": ""S""}",PAGE,S,UNKNOWN
lock_released,2026-09-18 16:58:42.927,78,0,0,0,"{""event_name"": ""lock_released"", ""timestamp"": ""2026-09-18 16:58:42.927"", ""session_id"": 78, ""resource_type"": ""OBJECT"", ""mode"": ""IX""}",OBJECT,IX,UNKNOWN
lock_released,2026-09-18 16:58:42.927,77,0,0,0,"{""event_name"": ""lock_released"", ""timestamp"": ""2026-09-18 16:58:42.927"", ""session_id"": 77, ""resource_type"": ""KEY"", ""mode"": ""S""}",KEY,S,UNKNOWN
lock_released,2026-09-18 16:58:42.927,78,0,0,0,"{""event_name"": ""lock_released"", ""timestamp"": ""2026-09-18 16:58:42.927"", ""session_id"": 78, ""resource_type"": ""OBJECT"", ""mode"": ""IS""}",OBJECT,IS,UNKNOWN
lock_released,2026-09-18 16:58:42.927,84,0,0,0,"{""event_name"": ""lock_released"", ""timestamp"": ""2026-09-18 16:58:42.927"", ""session_id"": 84, ""resource_type"": ""OBJECT"", ""mode"": ""IS""}",OBJECT,IS,UNKNOWN
lock_released,2026-09-18 16:58:42.927,84,0,0,0,"{""event_name"": ""lock_released"", ""timestamp"": ""2026-09-18 16:58:42.927"", ""session_id"": 84, ""resource_type"": ""OBJECT"", ""mode"": ""IX""}",OBJECT,IX,UNKNOWN
lock_released,2026-09-18 16:58:42.927,76,0,0,0,"{""event_name"": ""lock_released"", ""timestamp"": ""2026-09-18 16:58:42.927"", ""session_id"": 76, ""resource_type"": ""PAGE"", ""mode"": ""IX""}",PAGE,IX,UNKNOWN
lock_acquired,2026-09-18 16:58:47.981,84,0,0,0,"{""event_name"": ""lock_acquired"", ""timestamp"": ""2026-09-18 16:58:47.981"", ""session_id"": 84, ""resource_type"": ""PAGE"", ""mode"": ""S""}",PAGE,S,UNKNOWN
lock_acquired,2026-09-18 16:58:47.981,79,0,0,0,"{""event_name"": ""lock_acquired"", ""timestamp"": ""2026-09-18 16:58:47.981"", ""session_id"": 79, ""resource_type"": ""KEY"", ""mode"": ""X""}",KEY,X,UNKNOWN
lock_acquired,2026-09-18 16:58:47.981,81,0,0,0,"{""event_name"": ""lock_acquired"", ""timestamp"": ""2026-09-18 16:58:47.981"", ""session_id"": 81, ""resource_type"": ""PAGE"", ""mode"": ""IX""}",PAGE,IX,UNKNOWN
lock_acquired,2026-09-18 16:58:47.981,78,0,0,0,"{""event_name"": ""lock_acquired"", ""timestamp"": ""2026-09-18 16:58:47.981"", ""session_id"": 78, ""resource_type"": ""OBJECT"", ""mode"": ""IX""}",OBJECT,IX,UNKNOWN
lock_acquired,2026-09-18 16:58:47.981,79,0,0,0,"{""event_name"": ""lock_acquired"", ""timestamp"": ""2026-09-18 16:58:47.981"", ""session_id"": 79, ""resource_type"": ""PAGE"", ""mode"": ""IX""}",PAGE,IX,UNKNOWN
lock_acquired,2026-09-18 16:58:47.981,78,0,0,0,"{""event_name"": ""lock_acquired"", ""timestamp"": ""2026-09-18 16:58:47.981"", ""session_id"": 78, ""resource_type"": ""OBJECT"", ""mode"": ""IS""}",OBJECT,IS,UNKNOWN
lock_acquired,2026-09-18 16:58:47.981,84,0,0,0,"{""event_name"": ""lock_acquired"", ""timestamp"": ""2026-09-18 16:58:47.981"", ""session_id"": 84, ""resource_type"": ""OBJECT"", ""mode"": ""IS""}",OBJECT,IS,UNKNOWN
lock_acquired,2026-09-18 16:58:47.981,84,0,0,0,"{""event_name"": ""lock_acquired"", ""timestamp"": ""2026-09-18 16:58:47.981"", ""session_id"": 84, ""resource_type"": ""OBJECT"", ""mode"": ""IX""}",OBJECT,IX,UNKNOWN
lock_acquired,2026-09-18 16:58:47.981,81,0,0,0,"{""event_name"": ""lock_acquired"", ""timestamp"": ""2026-09-18 16:58:47.981"", ""session_id"": 81, ""resource_type"": ""KEY"", ""mode"": ""X""}",KEY,X,UNKNOWN
lock_released,2026-09-18 16:58:47.981,84,0,0,0,"{""event_name"": ""lock_released"", ""timestamp"": ""2026-09-18 16:58:47.981"", ""session_id"": 84, ""resource_type"": ""METADATA"", ""mode"": ""Sch-S""}",METADATA,Sch-S,UNKNOWN
lock_released,2026-09-18 16:58:47.981,81,0,0,0,"{""event_name"": ""lock_released"", ""timestamp"": ""2026-09-18 16:58:47.981"", ""session_id"": 81, ""resource_type"": ""OBJECT"", ""mode"": ""IS""}",OBJECT,IS,UNKNOWN
lock_released,2026-09-18 16:58:47.981,84,0,0,0,"{""event_name"": ""lock_released"", ""timestamp"": ""2026-09-18 16:58:47.981"", ""session_id"": 84, ""resource_type"": ""OBJECT"", ""mode"": ""Sch-S""}",OBJECT,Sch-S,UNKNOWN
lock_released,2026-09-18 16:58:47.981,79,0,0,0,"{""event_name"": ""lock_released"", ""timestamp"": ""2026-09-18 16:58:47.981"", ""session_id"": 79, ""resource_type"": ""OBJECT"", ""mode"": ""IS""}",OBJECT,IS,UNKNOWN
lock_acquired,2026-09-18 16:58:53.074,81,0,0,0,"{""event_name"": ""lock_acquired"", ""timestamp"": ""2026-09-18 16:58:53.074"", ""session_id"": 81, ""resource_type"": ""OBJECT"", ""mode"": ""Sch-S""}",OBJECT,Sch-S,UNKNOWN
lock_acquired,2026-09-18 16:58:53.074,79,0,0,0,"{""event_name"": ""lock_acquired"", ""timestamp"": ""2026-09-18 16:58:53.074"", ""session_id"": 79, ""resource_type"": ""OBJECT"", ""mode"": ""Sch-S""}",OBJECT,Sch-S,UNKNOWN
lock_acquired,2026-09-18 16:58:53.074,81,0,0,0,"{""event_name"": ""lock_acquired"", ""timestamp"": ""2026-09-18 16:58:53.074"", ""session_id"": 81, ""resource_type"": ""METADATA"", ""mode"": ""Sch-S""}",METADATA,Sch-S,UNKNOWN
lock_released,2026-09-18 16:58:53.074,79,0,0,0,"{""event_name"": ""lock_released"", ""timestamp"": ""2026-09-18 16:58:53.074"", ""session_id"": 79, ""resource_type"": ""KEY"", ""mode"": ""X""}",KEY,X,UNKNOWN
lock_released,2026-09-18 16:58:53.074,81,0,0,0,"{""event_name"": ""lock_released"", ""timestamp"": ""2026-09-18 16:58:53.074"", ""session_id"": 81, ""resource_type"": ""PAGE"", ""mode"": ""IX""}",PAGE,IX,UNKNOWN
lock_released,2026-09-18 16:58:53.074,81,0,0,0,"{""event_name"": ""lock_released"", ""timestamp"": ""2026-09-18 16:58:53.074"", ""session_id"": 81, ""resource_type"": ""OBJECT"", ""mode"": ""IX""}",OBJECT,IX,UNKNOWN
lock_released,2026-09-18 16:58:53.074,79,0,0,0,"{""event_name"": ""lock_released"", ""timestamp"": ""2026-09-18 16:58:53.074"", ""session_id"": 79, ""resource_type"": ""PAGE"", ""mode"": ""IX""}",PAGE,IX,UNKNOWN
lock_released,2026-09-18 16:58:53.074,79,0,0,0,"{""event_name"": ""lock_released"", ""timestamp"": ""2026-09-18 16:58:53.074"", ""session_id"": 79, ""resource_type"": ""OBJECT"", ""mode"": ""IX""}",OBJECT,IX,UNKNOWN
lock_released,2026-09-18 16:58:53.074,81,0,0,0,"{""event_name"": ""lock_released"", ""timestamp"": ""2026-09-18 16:58:53.074"", ""session_id"": 81, ""resource_type"": ""KEY"", ""mode"": ""X""}",KEY,X,UNKNOWN
lock_acquired,2026-09-18 16:58:58.177,77,0,0,0,"{""event_name"": ""lock_acquired"", ""timestamp"": ""2026-09-18 16:58:58.177"", ""session_id"": 77, ""resource_type"": ""PAGE"", ""mode"": ""IS""}",PAGE,IS,UNKNOWN
lock_acquired,2026-09-18 16:58:58.177,82,0,0,0,"{""event_name"": ""lock_acquired"", ""timestamp"": ""2026-09-18 16:58:58.177"", ""session_id"": 82, ""resource_type"": ""OBJECT"", ""mode"": ""Sch-S""}",OBJECT,Sch-S,UNKNOWN
lock_acquired,2026-09-18 16:58:58.177,81,0,0,0,"{""event_name"": ""lock_acquired"", ""timestamp"": ""2026-09-18 16:58:58.177"", ""session_id"": 81, ""resource_type"": ""OBJECT"", ""mode"": ""IX""}",OBJECT,IX,UNKNOWN
lock_acquired,2026-09-18 16:58:58.177,81,0,0,0,"{""event_name"": ""lock_acquired"", ""timestamp"": ""2026-09-18 16:58:58.177"", ""session_id"": 81, ""resource_type"": ""OBJECT"", ""mode"": ""IS""}",OBJECT,IS,UNKNOWN
lock_acquired,2026-09-18 16:58:58.177,76,0,0,0,"{""event_name"": ""lock_acquired"", ""timestamp"": ""2026-09-18 16:58:58.177"", ""session_id"": 76, ""resource_type"": ""PAGE"", ""mode"": ""S""}",PAGE,S,UNKNOWN
lock_acquired,2026-09-18 16:58:58.177,77,0,0,0,"{""event_name"": ""lock_acquired"", ""timestamp"": ""2026-09-18 16:58:58.177"", ""session_id"": 77, ""resource_type"": ""OBJECT"", ""mode"": ""Sch-S""}",OBJECT,Sch-S,UNKNOWN
lock_acquired,2026-09-18 16:58:58.177,80,0,0,0,"{""event_name"": ""lock_acquired"", ""timestamp"": ""2026-09-18 16:58:58.177"", ""session_id"": 80, ""resource_type"": ""OBJECT"", ""mode"": ""Sch-S""}",OBJECT,Sch-S,UNKNOWN
lock_released,2026-09-18 16:58:58.177,84,0,0,0,"{""event_name"": ""lock_released"", ""timestamp"": ""2026-09-18 16:58:58.177"", ""session_id"": 84, ""resource_type"": ""PAGE"", ""mode"": ""S""}",PAGE,S,UNKNOWN
lock_released,2026-09-18 16:58:58.177,77,0,0,0,"{""event_name"": ""lock_released"", ""timestamp"": ""2026-09-18 16:58:58.177"", ""session_id"": 77, ""resource_type"": ""OBJECT"", ""mode"": ""IS""}",OBJECT,IS,UNKNOWN
lock_released,2026-09-18 16:58:58.177,77,0,0,0,"{""event_name"": ""lock_released"", ""timestamp"": ""2026-09-18 16:58:58.177"", ""session_id"": 77, ""resource_type"": ""OBJECT"", ""mode"": ""IX""}",OBJECT,IX,UNKNOWN
lock_released,2026-09-18 16:58:58.177,82,0,0,0,"{""event_name"": ""lock_released"", ""timestamp"": ""2026-09-18 16:58:58.177"", ""session_id"": 82, ""resource_type"": ""OBJECT"", ""mode"": ""IX""}",OBJECT,IX,UNKNOWN
lock_released,2026-09-18 16:58:58.177,80,0,0,0,"{""event_name"": ""lock_released"", ""timestamp"": ""2026-09-18 16:58:58.177"", ""session_id"": 80, ""resource_type"": ""OBJECT"", ""mode"": ""IS""}",OBJECT,IS,UNKNOWN
lock_released,2026-09-18 16:58:58.177,80,0,0,0,"{""event_name"": ""lock_released"", ""timestamp"": ""2026-09-18 16:58:58.177"", ""session_id"": 80, ""resource_type"": ""OBJECT"", ""mode"": ""IX""}",OBJECT,IX,UNKNOWN
lock_released,2026-09-18 16:58:58.177,82,0,0,0,"{""event_name"": ""lock_released"", ""timestamp"": ""2026-09-18 16:58:58.177"", ""session_id"": 82, ""resource_type"": ""OBJECT"", ""mode"": ""IS""}",OBJECT,IS,UNKNOWN
lock_released,2026-09-18 16:58:58.177,81,0,0,0,"{""event_name"": ""lock_released"", ""timestamp"": ""2026-09-18 16:58:58.177"", ""session_id"": 81, ""resource_type"": ""OBJECT"", ""mode"": ""Sch-S""}",OBJECT,Sch-S,UNKNOWN
lock_released,2026-09-18 16:58:58.177,81,0,0,0,"{""event_name"": ""lock_released"", ""timestamp"": ""2026-09-18 16:58:58.177"", ""session_id"": 81, ""resource_type"": ""METADATA"", ""mode"": ""Sch-S""}",METADATA,Sch-S,UNKNOWN
lock_acquired,2026-09-18 16:59:03.226,77,0,0,0,"{""event_name"": ""lock_acquired"", ""timestamp"": ""2026-09-18 16:59:03.226"", ""session_id"": 77, ""resource_type"": ""OBJECT"", ""mode"": ""IX""}",OBJECT,IX,UNKNOWN
lock_acquired,2026-09-18 16:59:03.226,77,0,0,0,"{""event_name"": ""lock_acquired"", ""timestamp"": ""2026-09-18 16:59:03.226"", ""session_id"": 77, ""resource_type"": ""OBJECT"", ""mode"": ""IS""}",OBJECT,IS,UNKNOWN
lock_acquired,2026-09-18 16:59:03.226,78,0,0,0,"{""event_name"": ""lock_acquired"", ""timestamp"": ""2026-09-18 16:59:03.226"", ""session_id"": 78, ""resource_type"": ""PAGE"", ""mode"": ""IS""}",PAGE,IS,UNKNOWN
lock_acquired,2026-09-18 16:59:03.226,80,0,0,0,"{""event_name"": ""lock_acquired"", ""timestamp"": ""2026-09-18 16:59:03.226"", ""session_id"": 80, ""resource_type"": ""OBJECT"", ""mode"": ""IS""}",OBJECT,IS,UNKNOWN
lock_acquired,2026-09-18 16:59:03.226,80,0,0,0,"{""event_name"": ""lock_acquired"", ""timestamp"": ""2026-09-18 16:59:03.226"", ""session_id"": 80, ""resource_type"": ""OBJECT"", ""mode"": ""IX""}",OBJECT,IX,UNKNOWN
lock_acquired,2026-09-18 16:59:03.226,79,0,0,0,"{""event_name"": ""lock_acquired"", ""timestamp"": ""2026-09-18 16:59:03.226"", ""session_id"": 79, ""resource_type"": ""OBJECT"", ""mode"": ""IX""}",OBJECT,IX,UNKNOWN
lock_acquired,2026-09-18 16:59:03.226,78,0,0,0,"{""event_name"": ""lock_acquired"", ""timestamp"": ""2026-09-18 16:59:03.226"", ""session_id"": 78, ""resource_type"": ""OBJECT"", ""mode"": ""Sch-S""}",OBJECT,Sch-S,UNKNOWN
lock_acquired,2026-09-18 16:59:03.226,79,0,0,0,"{""event_name"": ""lock_acquired"", ""timestamp"": ""2026-09-18 16:59:03.226"", ""session_id"": 79, ""resource_type"": ""OBJECT"", ""mode"": ""IS""}",OBJECT,IS,UNKNOWN
lock_released,2026-09-18 16:59:03.226,77,0,0,0,"{""event_name"": ""lock_released"", ""timestamp"": ""2026-09-18 16:59:03.226"", ""session_id"": 77, ""resource_type"": ""PAGE"", ""mode"": ""IS""}",PAGE,IS,UNKNOWN
lock_released,2026-09-18 16:59:03.226,82,0,0,0,"{""event_name"": ""lock_released"", ""timestamp"": ""2026-09-18 16:59:03.226"", ""session_id"": 82, ""resource_type"": ""OBJECT"", ""mode"": ""Sch-S""}",OBJECT,Sch-S,UNKNOWN
lock_released,2026-09-18 16:59:03.226,83,0,0,0,"{""event_name"": ""lock_released"", ""timestamp"": ""2026-09-18 16:59:03.226"", ""session_id"": 83, ""resource_type"": ""OBJECT"", ""mode"": ""IX""}",OBJECT,IX,UNKNOWN
lock_released,2026-09-18 16:59:03.226,79,0,0,0,"{""event_name"": ""lock_released"", ""timestamp"": ""2026-09-18 16:59:03.226"", ""session_id"": 79, ""resource_type"": ""OBJECT"", ""mode"": ""Sch-S""}",OBJECT,Sch-S,UNKNOWN
lock_released,2026-09-18 16:59:03.226,83,0,0,0,"{""event_name"": ""lock_released"", ""timestamp"": ""2026-09-18 16:59:03.226"", ""session_id"": 83, ""resource_type"": ""OBJECT"", ""mode"": ""IS""}",OBJECT,IS,UNKNOWN
lock_released,2026-09-18 16:59:03.226,78,0,0,0,"{""event_name"": ""lock_released"", ""timestamp"": ""2026-09-18 16:59:03.226"", ""session_id"": 78, ""resource_type"": ""OBJECT"", ""mode"": ""IX""}",OBJECT,IX,UNKNOWN
lock_released,2026-09-18 16:59:03.226,76,0,0,0,"{""event_name"": ""lock_released"", ""timestamp"": ""2026-09-18 16:59:03.226"", ""session_id"": 76, ""resource_type"": ""PAGE"", ""mode"": ""S""}",PAGE,S,UNKNOWN
lock_released,2026-09-18 16:59:03.226,78,0,0,0,"{""event_name"": ""lock_released"", ""timestamp"": ""2026-09-18 16:59:03.226"", ""session_id"": 78, ""resource_type"": ""OBJECT"", ""mode"": ""IS""}",OBJECT,IS,UNKNOWN
lock_released,2026-09-18 16:59:03.226,77,0,0,0,"{""event_name"": ""lock_released"", ""timestamp"": ""2026-09-18 16:59:03.226"", ""session_id"": 77, ""resource_type"": ""OBJECT"", ""mode"": ""Sch-S""}",OBJECT,Sch-S,UNKNOWN
lock_released,2026-09-18 16:59:03.226,80,0,0,0,"{""event_name"": ""lock_released"", ""timestamp"": ""2026-09-18 16:59:03.226"", ""session_id"": 80, ""resource_type"": ""OBJECT"", ""mode"": ""Sch-S""}",OBJECT,Sch-S,UNKNOWN
lock_acquired,2026-09-18 16:59:08.264,84,0,0,0,"{""event_name"": ""lock_acquired"", ""timestamp"": ""2026-09-18 16:59:08.264"", ""session_id"": 84, ""resource_type"": ""PAGE"", ""mode"": ""S""}",PAGE,S,UNKNOWN
lock_acquired,2026-09-18 16:59:08.264,80,0,0,0,"{""event_name"": ""lock_acquired"", ""timestamp"": ""2026-09-18 16:59:08.264"", ""session_id"": 80, ""resource_type"": ""METADATA"", ""mode"": ""Sch-S""}",METADATA,Sch-S,UNKNOWN
lock_acquired,2026-09-18 16:59:08.264,77,0,0,0,"{""event_name"": ""lock_acquired"", ""timestamp"": ""2026-09-18 16:59:08.264"", ""session_id"": 77, ""resource_type"": ""KEY"", ""mode"": ""X""}",KEY,X,UNKNOWN
lock_acquired,2026-09-18 16:59:08.264,85,0,0,0,"{""event_name"": ""lock_acquired"", ""timestamp"": ""2026-09-18 16:59:08.264"", ""session_id"": 85, ""resource_type"": ""OBJECT"", ""mode"": ""Sch-S""}",OBJECT,Sch-S,UNKNOWN
lock_acquired,2026-09-18 16:59:08.264,85,0,0,0,"{""event_name"": ""lock_acquired"", ""timestamp"": ""2026-09-18 16:59:08.264"", ""session_id"": 85, ""resource_type"": ""METADATA"", ""mode"": ""Sch-S""}",METADATA,Sch-S,UNKNOWN
lock_acquired,2026-09-18 16:59:08.264,82,0,0,0,"{""event_name"": ""lock_acquired"", ""timestamp"": ""2026-09-18 16:59:08.264"", ""session_id"": 82, ""resource_type"": ""OBJECT"", ""mode"": ""IX""}",OBJECT,IX,UNKNOWN
lock_acquired,2026-09-18 16:59:08.264,78,0,0,0,"{""event_name"": ""lock_acquired"", ""timestamp"": ""2026-09-18 16:59:08.264"", ""session_id"": 78, ""resource_type"": ""OBJECT"", ""mode"": ""IX""}",OBJECT,IX,UNKNOWN
lock_acquired,2026-09-18 16:59:08.264,78,0,0,0,"{""event_name"": ""lock_acquired"", ""timestamp"": ""2026-09-18 16:59:08.264"", ""session_id"": 78, ""resource_type"": ""OBJECT"", ""mode"": ""IS""}",OBJECT,IS,UNKNOWN
lock_acquired,2026-09-18 16:59:08.264,80,0,0,0,"{""event_name"": ""lock_acquired"", ""timestamp"": ""2026-09-18 16:59:08.264"", ""session_id"": 80, ""resource_type"": ""OBJECT"", ""mode"": ""Sch-S""}",OBJECT,Sch-S,UNKNOWN
lock_acquired,2026-09-18 16:59:08.264,82,0,0,0,"{""event_name"": ""lock_acquired"", ""timestamp"": ""2026-09-18 16:59:08.264"", ""session_id"": 82, ""resource_type"": ""OBJECT"", ""mode"": ""IS""}",OBJECT,IS,UNKNOWN
lock_acquired,2026-09-18 16:59:08.264,81,0,0,0,"{""event_name"": ""lock_acquired"", ""timestamp"": ""2026-09-18 16:59:08.264"", ""session_id"": 81, ""resource_type"": ""PAGE"", ""mode"": ""S""}",PAGE,S,UNKNOWN
lock_released,2026-09-18 16:59:08.264,77,0,0,0,"{""event_name"": ""lock_released"", ""timestamp"": ""2026-09-18 16:59:08.264"", ""session_id"": 77, ""resource_type"": ""OBJECT"", ""mode"": ""IS""}",OBJECT,IS,UNKNOWN
lock_released,2026-09-18 16:59:08.264,78,0,0,0,"{""event_name"": ""lock_released"", ""timestamp"": ""2026-09-18 16:59:08.264"", ""session_id"": 78, ""resource_type"": ""PAGE"", ""mode"": ""IS""}",PAGE,IS,UNKNOWN
lock_released,2026-09-18 16:59:08.264,80,0,0,0,"{""event_name"": ""lock_released"", ""timestamp"": ""2026-09-18 16:59:08.264"", ""session_id"": 80, ""resource_type"": ""OBJECT"", ""mode"": ""IS""}",OBJECT,IS,UNKNOWN
lock_released,2026-09-18 16:59:08.264,80,0,0,0,"{""event_name"": ""lock_released"", ""timestamp"": ""2026-09-18 16:59:08.264"", ""session_id"": 80, ""resource_type"": ""OBJECT"", ""mode"": ""IX""}",OBJECT,IX,UNKNOWN
lock_released,2026-09-18 16:59:08.264,85,0,0,0,"{""event_name"": ""lock_released"", ""timestamp"": ""2026-09-18 16:59:08.264"", ""session_id"": 85, ""resource_type"": ""OBJECT"", ""mode"": ""IX""}",OBJECT,IX,UNKNOWN
lock_released,2026-09-18 16:59:08.264,78,0,0,0,"{""event_name"": ""lock_released"", ""timestamp"": ""2026-09-18 16:59:08.264"", ""session_id"": 78, ""resource_type"": ""OBJECT"", ""mode"": ""Sch-S""}",OBJECT,Sch-S,UNKNOWN
lock_released,2026-09-18 16:59:08.264,85,0,0,0,"{""event_name"": ""lock_released"", ""timestamp"": ""2026-09-18 16:59:08.264"", ""session_id"": 85, ""resource_type"": ""OBJECT"", ""mode"": ""IS""}",OBJECT,IS,UNKNOWN
lock_acquired,2026-09-18 16:59:13.313,83,0,0,0,"{""event_name"": ""lock_acquired"", ""timestamp"": ""2026-09-18 16:59:13.313"", ""session_id"": 83, ""resource_type"": ""OBJECT"", ""mode"": ""IX""}",OBJECT,IX,UNKNOWN
lock_acquired,2026-09-18 16:59:13.313,77,0,0,0,"{""event_name"": ""lock_acquired"", ""timestamp"": ""2026-09-18 16:59:13.313"", ""session_id"": 77, ""resource_type"": ""OBJECT"", ""mode"": ""IS""}",OBJECT,IS,UNKNOWN
lock_acquired,2026-09-18 16:59:13.313,83,0,0,0,"{""event_name"": ""lock_acquired"", ""timestamp"": ""2026-09-18 16:59:13.313"", ""session_id"": 83, ""resource_type"": ""OBJECT"", ""mode"": ""IS""}",OBJECT,IS,UNKNOWN
lock_acquired,2026-09-18 16:59:13.313,82,0,0,0,"{""event_name"": ""lock_acquired"", ""timestamp"": ""2026-09-18 16:59:13.313"", ""session_id"": 82, ""resource_type"": ""PAGE"", ""mode"": ""S""}",PAGE,S,UNKNOWN
lock_acquired,2026-09-18 16:59:13.313,80,0,0,0,"{""event_name"": ""lock_acquired"", ""timestamp"": ""2026-09-18 16:59:13.313"", ""session_id"": 80, ""resource_type"": ""OBJECT"", ""mode"": ""IS""}",OBJECT,IS,UNKNOWN
lock_acquired,2026-09-18 16:59:13.313,80,0,0,0,"{""event_name"": ""lock_acquired"", ""timestamp"": ""2026-09-18 16:59:13.313"", ""session_id"": 80, ""resource_type"": ""OBJECT"", ""mode"": ""IX""}",OBJECT,IX,UNKNOWN
lock_released,2026-09-18 16:59:13.313,84,0,0,0,"{""event_name"": ""lock_released"", ""timestamp"": ""2026-09-18 16:59:13.313"", ""session_id"": 84, ""resource_type"": ""PAGE"", ""mode"": ""S""}",PAGE,S,UNKNOWN
lock_released,2026-09-18 16:59:13.313,80,0,0,0,"{""event_name"": ""lock_released"", ""timestamp"": ""2026-09-18 16:59:13.313"", ""session_id"": 80, ""resource_type"": ""METADATA"", ""mode"": ""Sch-S""}",METADATA,Sch-S,UNKNOWN
lock_released,2026-09-18 16:59:13.313,77,0,0,0,"{""event_name"": ""lock_released"", ""timestamp"": ""2026-09-18 16:59:13.313"", ""session_id"": 77, ""resource_type"": ""KEY"", ""mode"": ""X""}",KEY,X,UNKNOWN
lock_released,2026-09-18 16:59:13.313,85,0,0,0,"{""event_name"": ""lock_released"", ""timestamp"": ""2026-09-18 16:59:13.313"", ""session_id"": 85, ""resource_type"": ""METADATA"", ""mode"": ""Sch-S""}",METADATA,Sch-S,UNKNOWN
lock_released,2026-09-18 16:59:13.313,80,0,0,0,"{""event_name"": ""lock_released"", ""timestamp"": ""2026-09-18 16:59:13.313"", ""session_id"": 80, ""resource_type"": ""OBJECT"", ""mode"": ""Sch-S""}",OBJECT,Sch-S,UNKNOWN
lock_acquired,2026-09-18 16:59:18.391,84,0,0,0,"{""event_name"": ""lock_acquired"", ""timestamp"": ""2026-09-18 16:59:18.391"", ""session_id"": 84, ""resource_type"": ""PAGE"", ""mode"": ""S""}",PAGE,S,UNKNOWN
lock_acquired,2026-09-18 16:59:18.391,79,0,0,0,"{""event_name"": ""lock_acquired"", ""timestamp"": ""2026-09-18 16:59:18.391"", ""session_id"": 79, ""resource_type"": ""PAGE"", ""mode"": ""S""}",PAGE,S,UNKNOWN
lock_acquired,2026-09-18 16:59:18.391,83,0,0,0,"{""event_name"": ""lock_acquired"", ""timestamp"": ""2026-09-18 16:59:18.391"", ""session_id"": 83, ""resource_type"": ""KEY"", ""mode"": ""X""}",KEY,X,UNKNOWN
lock_acquired,2026-09-18 16:59:18.391,85,0,0,0,"{""event_name"": ""lock_acquired"", ""timestamp"": ""2026-09-18 16:59:18.391"", ""session_id"": 85, ""resource_type"": ""OBJECT"", ""mode"": ""IX""}",OBJECT,IX,UNKNOWN
lock_acquired,2026-09-18 16:59:18.391,85,0,0,0,"{""event_name"": ""lock_acquired"", ""timestamp"": ""2026-09-18 16:59:18.391"", ""session_id"": 85, ""resource_type"": ""OBJECT"", ""mode"": ""IS""}",OBJECT,IS,UNKNOWN
lock_released,2026-09-18 16:59:18.391,83,0,0,0,"{""event_name"": ""lock_released"", ""timestamp"": ""2026-09-18 16:59:18.391"", ""session_id"": 83, ""resource_type"": ""OBJECT"", ""mode"": ""IX""}",OBJECT,IX,UNKNOWN
lock_released,2026-09-18 16:59:18.391,85,0,0,0,"{""event_name"": ""lock_released"", ""timestamp"": ""2026-09-18 16:59:18.391"", ""session_id"": 85, ""resource_type"": ""OBJECT"", ""mode"": ""Sch-S""}",OBJECT,Sch-S,UNKNOWN
lock_released,2026-09-18 16:59:18.391,83,0,0,0,"{""event_name"": ""lock_released"", ""timestamp"": ""2026-09-18 16:59:18.391"", ""session_id"": 83, ""resource_type"": ""OBJECT"", ""mode"": ""IS""}",OBJECT,IS,UNKNOWN
lock_released,2026-09-18 16:59:18.391,82,0,0,0,"{""event_name"": ""lock_released"", ""timestamp"": ""2026-09-18 16:59:18.391"", ""session_id"": 82, ""resource_type"": ""PAGE"", ""mode"": ""S""}",PAGE,S,UNKNOWN
lock_released,2026-09-18 16:59:18.391,81,0,0,0,"{""event_name"": ""lock_released"", ""timestamp"": ""2026-09-18 16:59:18.391"", ""session_id"": 81, ""resource_type"": ""PAGE"", ""mode"": ""S""}",PAGE,S,UNKNOWN
lock_acquired,2026-09-18 16:59:23.470,83,0,0,0,"{""event_name"": ""lock_acquired"", ""timestamp"": ""2026-09-18 16:59:23.470"", ""session_id"": 83, ""resource_type"": ""OBJECT"", ""mode"": ""IX""}",OBJECT,IX,UNKNOWN
lock_acquired,2026-09-18 16:59:23.470,82,0,0,0,"{""event_name"": ""lock_acquired"", ""timestamp"": ""2026-09-18 16:59:23.470"", ""session_id"": 82, ""resource_type"": ""KEY"", ""mode"": ""U""}",KEY,U,UNKNOWN
lock_acquired,2026-09-18 16:59:23.470,79,0,0,0,"{""event_name"": ""lock_acquired"", ""timestamp"": ""2026-09-18 16:59:23.470"", ""session_id"": 79, ""resource_type"": ""KEY"", ""mode"": ""X""}",KEY,X,UNKNOWN
lock_acquired,2026-09-18 16:59:23.470,85,0,0,0,"{""event_name"": ""lock_acquired"", ""timestamp"": ""2026-09-18 16:59:23.470"", ""session_id"": 85, ""resource_type"": ""OBJECT"", ""mode"": ""Sch-S""}",OBJECT,Sch-S,UNKNOWN
lock_acquired,2026-09-18 16:59:23.470,83,0,0,0,"{""event_name"": ""lock_acquired"", ""timestamp"": ""2026-09-18 16:59:23.470"", ""session_id"": 83, ""resource_type"": ""OBJECT"", ""mode"": ""IS""}",OBJECT,IS,UNKNOWN
lock_acquired,2026-09-18 16:59:23.470,85,0,0,0,"{""event_name"": ""lock_acquired"", ""timestamp"": ""2026-09-18 16:59:23.470"", ""session_id"": 85, ""resource_type"": ""METADATA"", ""mode"": ""Sch-S""}",METADATA,Sch-S,UNKNOWN
lock_acquired,2026-09-18 16:59:23.470,79,0,0,0,"{""event_name"": ""lock_acquired"", ""timestamp"": ""2026-09-18 16:59:23.470"", ""session_id"": 79, ""resource_type"": ""PAGE"", ""mode"": ""IX""}",PAGE,IX,UNKNOWN
lock_acquired,2026-09-18 16:59:23.470,82,0,0,0,"{""event_name"": ""lock_acquired"", ""timestamp"": ""2026-09-18 16:59:23.470"", ""session_id"": 82, ""resource_type"": ""PAGE"", ""mode"": ""IX""}",PAGE,IX,UNKNOWN
lock_acquired,2026-09-18 16:59:23.470,78,0,0,0,"{""event_name"": ""lock_acquired"", ""timestamp"": ""2026-09-18 16:59:23.470"", ""session_id"": 78, ""resource_type"": ""PAGE"", ""mode"": ""S""}",PAGE,S,UNKNOWN
lock_acquired,2026-09-18 16:59:23.470,82,0,0,0,"{""event_name"": ""lock_acquired"", ""timestamp"": ""2026-09-18 16:59:23.470"", ""session_id"": 82, ""resource_type"": ""KEY"", ""mode"": ""X""}",KEY,X,UNKNOWN
lock_released,2026-09-18 16:59:23.470,84,0,0,0,"{""event_name"": ""lock_released"", ""timestamp"": ""2026-09-18 16:59:23.470"", ""session_id"": 84, ""resource_type"": ""PAGE"", ""mode"": ""S""}",PAGE,S,UNKNOWN
lock_released,2026-09-18 16:59:23.470,79,0,0,0,"{""event_name"": ""lock_released"", ""timestamp"": ""2026-09-18 16:59:23.470"", ""session_id"": 79, ""resource_type"": ""PAGE"", ""mode"": ""S""}",PAGE,S,UNKNOWN
lock_released,2026-09-18 16:59:23.470,83,0,0,0,"{""event_name"": ""lock_released"", ""timestamp"": ""2026-09-18 16:59:23.470"", ""session_id"": 83, ""resource_type"": ""KEY"", ""mode"": ""X""}",KEY,X,UNKNOWN
lock_released,2026-09-18 16:59:23.470,79,0,0,0,"{""event_name"": ""lock_released"", ""timestamp"": ""2026-09-18 16:59:23.470"", ""session_id"": 79, ""resource_type"": ""OBJECT"", ""mode"": ""IS""}",OBJECT,IS,UNKNOWN
lock_released,2026-09-18 16:59:23.470,85,0,0,0,"{""event_name"": ""lock_released"", ""timestamp"": ""2026-09-18 16:59:23.470"", ""session_id"": 85, ""resource_type"": ""OBJECT"", ""mode"": ""IX""}",OBJECT,IX,UNKNOWN
lock_released,2026-09-18 16:59:23.470,82,0,0,0,"{""event_name"": ""lock_released"", ""timestamp"": ""2026-09-18 16:59:23.470"", ""session_id"": 82, ""resource_type"": ""OBJECT"", ""mode"": ""IS""}",OBJECT,IS,UNKNOWN
lock_released,2026-09-18 16:59:23.470,85,0,0,0,"{""event_name"": ""lock_released"", ""timestamp"": ""2026-09-18 16:59:23.470"", ""session_id"": 85, ""resource_type"": ""OBJECT"", ""mode"": ""IS""}",OBJECT,IS,UNKNOWN
lock_acquired,2026-09-18 16:59:28.521,84,0,0,0,"{""event_name"": ""lock_acquired"", ""timestamp"": ""2026-09-18 16:59:28.521"", ""session_id"": 84, ""resource_type"": ""PAGE"", ""mode"": ""S""}",PAGE,S,UNKNOWN
lock_acquired,2026-09-18 16:59:28.521,77,0,0,0,"{""event_name"": ""lock_acquired"", ""timestamp"": ""2026-09-18 16:59:28.521"", ""session_id"": 77, ""resource_type"": ""KEY"", ""mode"": ""X""}",KEY,X,UNKNOWN
lock_acquired,2026-09-18 16:59:28.521,81,0,0,0,"{""event_name"": ""lock_acquired"", ""timestamp"": ""2026-09-18 16:59:28.521"", ""session_id"": 81, ""resource_type"": ""PAGE"", ""mode"": ""IX""}",PAGE,IX,UNKNOWN
lock_acquired,2026-09-18 16:59:28.521,77,0,0,0,"{""event_name"": ""lock_acquired"", ""timestamp"": ""2026-09-18 16:59:28.521"", ""session_id"": 77, ""resource_type"": ""PAGE"", ""mode"": ""IX""}",PAGE,IX,UNKNOWN
lock_acquired,2026-09-18 16:59:28.521,76,0,0,0,"{""event_name"": ""lock_acquired"", ""timestamp"": ""2026-09-18 16:59:28.521"", ""session_id"": 76, ""resource_type"": ""PAGE"", ""mode"": ""S""}",PAGE,S,UNKNOWN
lock_acquired,2026-09-18 16:59:28.521,79,0,0,0,"{""event_name"": ""lock_acquired"", ""timestamp"": ""2026-09-18 16:59:28.521"", ""session_id"": 79, ""resource_type"": ""OBJECT"", ""mode"": ""IS""}",OBJECT,IS,UNKNOWN
lock_acquired,2026-09-18 16:59:28.521,85,0,0,0,"{""event_name"": ""lock_acquired"", ""timestamp"": ""2026-09-18 16:59:28.521"", ""session_id"": 85, ""resource_type"": ""OBJECT"", ""mode"": ""IX""}",OBJECT,IX,UNKNOWN
lock_acquired,2026-09-18 16:59:28.521,81,0,0,0,"{""event_name"": ""lock_acquired"", ""timestamp"": ""2026-09-18 16:59:28.521"", ""session_id"": 81, ""resource_type"": ""KEY"", ""mode"": ""X""}",KEY,X,UNKNOWN
lock_acquired,2026-09-18 16:59:28.521,82,0,0,0,"{""event_name"": ""lock_acquired"", ""timestamp"": ""2026-09-18 16:59:28.521"", ""session_id"": 82, ""resource_type"": ""OBJECT"", ""mode"": ""IS""}",OBJECT,IS,UNKNOWN
lock_acquired,2026-09-18 16:59:28.521,85,0,0,0,"{""event_name"": ""lock_acquired"", ""timestamp"": ""2026-09-18 16:59:28.521"", ""session_id"": 85, ""resource_type"": ""OBJECT"", ""mode"": ""IS""}",OBJECT,IS,UNKNOWN
lock_released,2026-09-18 16:59:28.521,82,0,0,0,"{""event_name"": ""lock_released"", ""timestamp"": ""2026-09-18 16:59:28.521"", ""session_id"": 82, ""resource_type"": ""KEY"", ""mode"": ""U""}",KEY,U,UNKNOWN
lock_released,2026-09-18 16:59:28.521,79,0,0,0,"{""event_name"": ""lock_released"", ""timestamp"": ""2026-09-18 16:59:28.521"", ""session_id"": 79, ""resource_type"": ""KEY"", ""mode"": ""X""}",KEY,X,UNKNOWN
lock_released,2026-09-18 16:59:28.521,85,0,0,0,"{""event_name"": ""lock_released"", ""timestamp"": ""2026-09-18 16:59:28.521"", ""session_id"": 85, ""resource_type"": ""OBJECT"", ""mode"": ""Sch-S""}",OBJECT,Sch-S,UNKNOWN
lock_released,2026-09-18 16:59:28.521,77,0,0,0,"{""event_name"": ""lock_released"", ""timestamp"": ""2026-09-18 16:59:28.521"", ""session_id"": 77, ""resource_type"": ""OBJECT"", ""mode"": ""IS""}",OBJECT,IS,UNKNOWN
lock_released,2026-09-18 16:59:28.521,85,0,0,0,"{""event_name"": ""lock_released"", ""timestamp"": ""2026-09-18 16:59:28.521"", ""session_id"": 85, ""resource_type"": ""METADATA"", ""mode"": ""Sch-S""}",METADATA,Sch-S,UNKNOWN
lock_released,2026-09-18 16:59:28.521,81,0,0,0,"{""event_name"": ""lock_released"", ""timestamp"": ""2026-09-18 16:59:28.521"", ""session_id"": 81, ""resource_type"": ""OBJECT"", ""mode"": ""IX""}",OBJECT,IX,UNKNOWN
lock_released,2026-09-18 16:59:28.521,79,0,0,0,"{""event_name"": ""lock_released"", ""timestamp"": ""2026-09-18 16:59:28.521"", ""session_id"": 79, ""resource_type"": ""PAGE"", ""mode"": ""IX""}",PAGE,IX,UNKNOWN
lock_released,2026-09-18 16:59:28.521,81,0,0,0,"{""event_name"": ""lock_released"", ""timestamp"": ""2026-09-18 16:59:28.521"", ""session_id"": 81, ""resource_type"": ""OBJECT"", ""mode"": ""IS""}",OBJECT,IS,UNKNOWN
lock_released,2026-09-18 16:59:28.521,82,0,0,0,"{""event_name"": ""lock_released"", ""timestamp"": ""2026-09-18 16:59:28.521"", ""session_id"": 82, ""resource_type"": ""PAGE"", ""mode"": ""IX""}",PAGE,IX,UNKNOWN
lock_released,2026-09-18 16:59:28.521,82,0,0,0,"{""event_name"": ""lock_released"", ""timestamp"": ""2026-09-18 16:59:28.521"", ""session_id"": 82, ""resource_type"": ""KEY"", ""mode"": ""X""}",KEY,X,UNKNOWN
lock_acquired,2026-09-18 16:59:33.583,76,0,0,0,"{""event_name"": ""lock_acquired"", ""timestamp"": ""2026-09-18 16:59:33.583"", ""session_id"": 76, ""resource_type"": ""KEY"", ""mode"": ""X""}",KEY,X,UNKNOWN
lock_acquired,2026-09-18 16:59:33.583,80,0,0,0,"{""event_name"": ""lock_acquired"", ""timestamp"": ""2026-09-18 16:59:33.583"", ""session_id"": 80, ""resource_type"": ""PAGE"", ""mode"": ""IX""}",PAGE,IX,UNKNOWN
lock_acquired,2026-09-18 16:59:33.583,79,0,0,0,"{""event_name"": ""lock_acquired"", ""timestamp"": ""2026-09-18 16:59:33.583"", ""session_id"": 79, ""resource_type"": ""KEY"", ""mode"": ""X""}",KEY,X,UNKNOWN
lock_acquired,2026-09-18 16:59:33.583,78,0,0,0,"{""event_name"": ""lock_acquired"", ""timestamp"": ""2026-09-18 16:59:33.583"", ""session_id"": 78, ""resource_type"": ""KEY"", ""mode"": ""X""}",KEY,X,UNKNOWN
lock_acquired,2026-09-18 16:59:33.583,78,0,0,0,"{""event_name"": ""lock_acquired"", ""timestamp"": ""2026-09-18 16:59:33.583"", ""session_id"": 78, ""resource_type"": ""PAGE"", ""mode"": ""IX""}",PAGE,IX,UNKNOWN
lock_acquired,2026-09-18 16:59:33.583,81,0,0,0,"{""event_name"": ""lock_acquired"", ""timestamp"": ""2026-09-18 16:59:33.583"", ""session_id"": 81, ""resource_type"": ""OBJECT"", ""mode"": ""IX""}",OBJECT,IX,UNKNOWN
lock_acquired,2026-09-18 16:59:33.583,85,0,0,0,"{""event_name"": ""lock_acquired"", ""timestamp"": ""2026-09-18 16:59:33.583"", ""session_id"": 85, ""resource_type"": ""KEY"", ""mode"": ""X""}",KEY,X,UNKNOWN
lock_acquired,2026-09-18 16:59:33.583,85,0,0,0,"{""event_name"": ""lock_acquired"", ""timestamp"": ""2026-09-18 16:59:33.583"", ""session_id"": 85, ""resource_type"": ""PAGE"", ""mode"": ""IX""}",PAGE,IX,UNKNOWN
lock_acquired,2026-09-18 16:59:33.583,81,0,0,0,"{""event_name"": ""lock_acquired"", ""timestamp"": ""2026-09-18 16:59:33.583"", ""session_id"": 81, ""resource_type"": ""OBJECT"", ""mode"": ""IS""}",OBJECT,IS,UNKNOWN
lock_acquired,2026-09-18 16:59:33.583,79,0,0,0,"{""event_name"": ""lock_acquired"", ""timestamp"": ""2026-09-18 16:59:33.583"", ""session_id"": 79, ""resource_type"": ""PAGE"", ""mode"": ""IX""}",PAGE,IX,UNKNOWN
lock_acquired,2026-09-18 16:59:33.583,80,0,0,0,"{""event_name"": ""lock_acquired"", ""timestamp"": ""2026-09-18 16:59:33.583"", ""session_id"": 80, ""resource_type"": ""KEY"", ""mode"": ""X""}",KEY,X,UNKNOWN
lock_acquired,2026-09-18 16:59:33.583,82,0,0,0,"{""event_name"": ""lock_acquired"", ""timestamp"": ""2026-09-18 16:59:33.583"", ""session_id"": 82, ""resource_type"": ""PAGE"", ""mode"": ""IX""}",PAGE,IX,UNKNOWN
lock_acquired,2026-09-18 16:59:33.583,81,0,0,0,"{""event_name"": ""lock_acquired"", ""timestamp"": ""2026-09-18 16:59:33.583"", ""session_id"": 81, ""resource_type"": ""PAGE"", ""mode"": ""S""}",PAGE,S,UNKNOWN
lock_acquired,2026-09-18 16:59:33.583,76,0,0,0,"{""event_name"": ""lock_acquired"", ""timestamp"": ""2026-09-18 16:59:33.583"", ""session_id"": 76, ""resource_type"": ""PAGE"", ""mode"": ""IX""}",PAGE,IX,UNKNOWN
lock_acquired,2026-09-18 16:59:33.583,82,0,0,0,"{""event_name"": ""lock_acquired"", ""timestamp"": ""2026-09-18 16:59:33.583"", ""session_id"": 82, ""resource_type"": ""KEY"", ""mode"": ""X""}",KEY,X,UNKNOWN
lock_released,2026-09-18 16:59:33.583,84,0,0,0,"{""event_name"": ""lock_released"", ""timestamp"": ""2026-09-18 16:59:33.583"", ""session_id"": 84, ""resource_type"": ""PAGE"", ""mode"": ""S""}",PAGE,S,UNKNOWN
lock_released,2026-09-18 16:59:33.583,78,0,0,0,"{""event_name"": ""lock_released"", ""timestamp"": ""2026-09-18 16:59:33.583"", ""session_id"": 78, ""resource_type"": ""PAGE"", ""mode"": ""S""}",PAGE,S,UNKNOWN
lock_released,2026-09-18 16:59:33.583,81,0,0,0,"{""event_name"": ""lock_released"", ""timestamp"": ""2026-09-18 16:59:33.583"", ""session_id"": 81, ""resource_type"": ""PAGE"", ""mode"": ""IX""}",PAGE,IX,UNKNOWN
lock_released,2026-09-18 16:59:33.583,80,0,0,0,"{""event_name"": ""lock_released"", ""timestamp"": ""2026-09-18 16:59:33.583"", ""session_id"": 80, ""resource_type"": ""OBJECT"", ""mode"": ""IS""}",OBJECT,IS,UNKNOWN
lock_released,2026-09-18 16:59:33.583,76,0,0,0,"{""event_name"": ""lock_released"", ""timestamp"": ""2026-09-18 16:59:33.583"", ""session_id"": 76, ""resource_type"": ""PAGE"", ""mode"": ""S""}",PAGE,S,UNKNOWN
lock_released,2026-09-18 16:59:33.583,79,0,0,0,"{""event_name"": ""lock_released"", ""timestamp"": ""2026-09-18 16:59:33.583"", ""session_id"": 79, ""resource_type"": ""OBJECT"", ""mode"": ""IS""}",OBJECT,IS,UNKNOWN
lock_released,2026-09-18 16:59:33.583,78,0,0,0,"{""event_name"": ""lock_released"", ""timestamp"": ""2026-09-18 16:59:33.583"", ""session_id"": 78, ""resource_type"": ""OBJECT"", ""mode"": ""IS""}",OBJECT,IS,UNKNOWN
lock_released,2026-09-18 16:59:33.583,84,0,0,0,"{""event_name"": ""lock_released"", ""timestamp"": ""2026-09-18 16:59:33.583"", ""session_id"": 84, ""resource_type"": ""OBJECT"", ""mode"": ""IS""}",OBJECT,IS,UNKNOWN
lock_released,2026-09-18 16:59:33.583,84,0,0,0,"{""event_name"": ""lock_released"", ""timestamp"": ""2026-09-18 16:59:33.583"", ""session_id"": 84, ""resource_type"": ""OBJECT"", ""mode"": ""IX""}",OBJECT,IX,UNKNOWN
lock_released,2026-09-18 16:59:33.583,81,0,0,0,"{""event_name"": ""lock_released"", ""timestamp"": ""2026-09-18 16:59:33.583"", ""session_id"": 81, ""resource_type"": ""KEY"", ""mode"": ""X""}",KEY,X,UNKNOWN
lock_released,2026-09-18 16:59:33.583,82,0,0,0,"{""event_name"": ""lock_released"", ""timestamp"": ""2026-09-18 16:59:33.583"", ""session_id"": 82, ""resource_type"": ""OBJECT"", ""mode"": ""IS""}",OBJECT,IS,UNKNOWN
lock_released,2026-09-18 16:59:33.583,76,0,0,0,"{""event_name"": ""lock_released"", ""timestamp"": ""2026-09-18 16:59:33.583"", ""session_id"": 76, ""resource_type"": ""OBJECT"", ""mode"": ""IS""}",OBJECT,IS,UNKNOWN
lock_released,2026-09-18 16:59:33.583,85,0,0,0,"{""event_name"": ""lock_released"", ""timestamp"": ""2026-09-18 16:59:33.583"", ""session_id"": 85, ""resource_type"": ""OBJECT"", ""mode"": ""IS""}",OBJECT,IS,UNKNOWN
lock_acquired,2026-09-18 16:59:38.613,80,0,0,0,"{""event_name"": ""lock_acquired"", ""timestamp"": ""2026-09-18 16:59:38.613"", ""session_id"": 80, ""resource_type"": ""OBJECT"", ""mode"": ""IS""}",OBJECT,IS,UNKNOWN
lock_acquired,2026-09-18 16:59:38.613,79,0,0,0,"{""event_name"": ""lock_acquired"", ""timestamp"": ""2026-09-18 16:59:38.613"", ""session_id"": 79, ""resource_type"": ""OBJECT"", ""mode"": ""IS""}",OBJECT,IS,UNKNOWN
lock_acquired,2026-09-18 16:59:38.613,78,0,0,0,"{""event_name"": ""lock_acquired"", ""timestamp"": ""2026-09-18 16:59:38.613"", ""session_id"": 78, ""resource_type"": ""OBJECT"", ""mode"": ""IS""}",OBJECT,IS,UNKNOWN
lock_acquired,2026-09-18 16:59:38.613,84,0,0,0,"{""event_name"": ""lock_acquired"", ""timestamp"": ""2026-09-18 16:59:38.613"", ""session_id"": 84, ""resource_type"": ""OBJECT"", ""mode"": ""IS""}",OBJECT,IS,UNKNOWN
lock_acquired,2026-09-18 16:59:38.613,84,0,0,0,"{""event_name"": ""lock_acquired"", ""timestamp"": ""2026-09-18 16:59:38.613"", ""session_id"": 84, ""resource_type"": ""OBJECT"", ""mode"": ""IX""}",OBJECT,IX,UNKNOWN
lock_acquired,2026-09-18 16:59:38.613,77,0,0,0,"{""event_name"": ""lock_acquired"", ""timestamp"": ""2026-09-18 16:59:38.613"", ""session_id"": 77, ""resource_type"": ""OBJECT"", ""mode"": ""Sch-S""}",OBJECT,Sch-S,UNKNOWN
lock_acquired,2026-09-18 16:59:38.613,82,0,0,0,"{""event_name"": ""lock_acquired"", ""timestamp"": ""2026-09-18 16:59:38.613"", ""session_id"": 82, ""resource_type"": ""OBJECT"", ""mode"": ""IS""}",OBJECT,IS,UNKNOWN
lock_acquired,2026-09-18 16:59:38.613,81,0,0,0,"{""event_name"": ""lock_acquired"", ""timestamp"": ""2026-09-18 16:59:38.613"", ""session_id"": 81, ""resource_type"": ""OBJECT"", ""mode"": ""Sch-S""}",OBJECT,Sch-S,UNKNOWN
lock_acquired,2026-09-18 16:59:38.613,76,0,0,0,"{""event_name"": ""lock_acquired"", ""timestamp"": ""2026-09-18 16:59:38.613"", ""session_id"": 76, ""resource_type"": ""OBJECT"", ""mode"": ""IS""}",OBJECT,IS,UNKNOWN
lock_acquired,2026-09-18 16:59:38.613,85,0,0,0,"{""event_name"": ""lock_acquired"", ""timestamp"": ""2026-09-18 16:59:38.613"", ""session_id"": 85, ""resource_type"": ""OBJECT"", ""mode"": ""IS""}",OBJECT,IS,UNKNOWN
lock_released,2026-09-18 16:59:38.613,80,0,0,0,"{""event_name"": ""lock_released"", ""timestamp"": ""2026-09-18 16:59:38.613"", ""session_id"": 80, ""resource_type"": ""PAGE"", ""mode"": ""IX""}",PAGE,IX,UNKNOWN
lock_released,2026-09-18 16:59:38.613,77,0,0,0,"{""event_name"": ""lock_released"", ""timestamp"": ""2026-09-18 16:59:38.613"", ""session_id"": 77, ""resource_type"": ""KEY"", ""mode"": ""X""}",KEY,X,UNKNOWN
lock_released,2026-09-18 16:59:38.613,78,0,0,0,"{""event_name"": ""lock_released"", ""timestamp"": ""2026-09-18 16:59:38.613"", ""session_id"": 78, ""resource_type"": ""PAGE"", ""mode"": ""IX""}",PAGE,IX,UNKNOWN
lock_released,2026-09-18 16:59:38.613,81,0,0,0,"{""event_name"": ""lock_released"", ""timestamp"": ""2026-09-18 16:59:38.613"", ""session_id"": 81, ""resource_type"": ""OBJECT"", ""mode"": ""IS""}",OBJECT,IS,UNKNOWN
lock_released,2026-09-18 16:59:38.613,76,0,0,0,"{""event_name"": ""lock_released"", ""timestamp"": ""2026-09-18 16:59:38.613"", ""session_id"": 76, ""resource_type"": ""PAGE"", ""mode"": ""IX""}",PAGE,IX,UNKNOWN
lock_released,2026-09-18 16:59:38.613,76,0,0,0,"{""event_name"": ""lock_released"", ""timestamp"": ""2026-09-18 16:59:38.613"", ""session_id"": 76, ""resource_type"": ""KEY"", ""mode"": ""X""}",KEY,X,UNKNOWN
lock_released,2026-09-18 16:59:38.613,83,0,0,0,"{""event_name"": ""lock_released"", ""timestamp"": ""2026-09-18 16:59:38.613"", ""session_id"": 83, ""resource_type"": ""OBJECT"", ""mode"": ""IX""}",OBJECT,IX,UNKNOWN
lock_released,2026-09-18 16:59:38.613,85,0,0,0,"{""event_name"": ""lock_released"", ""timestamp"": ""2026-09-18 16:59:38.613"", ""session_id"": 85, ""resource_type"": ""KEY"", ""mode"": ""X""}",KEY,X,UNKNOWN
lock_released,2026-09-18 16:59:38.613,79,0,0,0,"{""event_name"": ""lock_released"", ""timestamp"": ""2026-09-18 16:59:38.613"", ""session_id"": 79, ""resource_type"": ""KEY"", ""mode"": ""X""}",KEY,X,UNKNOWN
lock_released,2026-09-18 16:59:38.613,81,0,0,0,"{""event_name"": ""lock_released"", ""timestamp"": ""2026-09-18 16:59:38.613"", ""session_id"": 81, ""resource_type"": ""OBJECT"", ""mode"": ""IX""}",OBJECT,IX,UNKNOWN
lock_released,2026-09-18 16:59:38.613,85,0,0,0,"{""event_name"": ""lock_released"", ""timestamp"": ""2026-09-18 16:59:38.613"", ""session_id"": 85, ""resource_type"": ""PAGE"", ""mode"": ""IX""}",PAGE,IX,UNKNOWN
lock_released,2026-09-18 16:59:38.613,79,0,0,0,"{""event_name"": ""lock_released"", ""timestamp"": ""2026-09-18 16:59:38.613"", ""session_id"": 79, ""resource_type"": ""PAGE"", ""mode"": ""IX""}",PAGE,IX,UNKNOWN
lock_released,2026-09-18 16:59:38.613,82,0,0,0,"{""event_name"": ""lock_released"", ""timestamp"": ""2026-09-18 16:59:38.613"", ""session_id"": 82, ""resource_type"": ""PAGE"", ""mode"": ""IX""}",PAGE,IX,UNKNOWN
lock_released,2026-09-18 16:59:38.613,81,0,0,0,"{""event_name"": ""lock_released"", ""timestamp"": ""2026-09-18 16:59:38.613"", ""session_id"": 81, ""resource_type"": ""PAGE"", ""mode"": ""S""}",PAGE,S,UNKNOWN
lock_released,2026-09-18 16:59:38.613,82,0,0,0,"{""event_name"": ""lock_released"", ""timestamp"": ""2026-09-18 16:59:38.613"", ""session_id"": 82, ""resource_type"": ""KEY"", ""mode"": ""X""}",KEY,X,UNKNOWN
lock_released,2026-09-18 16:59:38.613,77,0,0,0,"{""event_name"": ""lock_released"", ""timestamp"": ""2026-09-18 16:59:38.613"", ""session_id"": 77, ""resource_type"": ""OBJECT"", ""mode"": ""IX""}",OBJECT,IX,UNKNOWN
lock_released,2026-09-18 16:59:38.613,83,0,0,0,"{""event_name"": ""lock_released"", ""timestamp"": ""2026-09-18 16:59:38.613"", ""session_id"": 83, ""resource_type"": ""OBJECT"", ""mode"": ""IS""}",OBJECT,IS,UNKNOWN
lock_released,2026-09-18 16:59:38.613,80,0,0,0,"{""event_name"": ""lock_released"", ""timestamp"": ""2026-09-18 16:59:38.613"", ""session_id"": 80, ""resource_type"": ""KEY"", ""mode"": ""X""}",KEY,X,UNKNOWN
lock_released,2026-09-18 16:59:38.613,77,0,0,0,"{""event_name"": ""lock_released"", ""timestamp"": ""2026-09-18 16:59:38.613"", ""session_id"": 77, ""resource_type"": ""PAGE"", ""mode"": ""IX""}",PAGE,IX,UNKNOWN
lock_released,2026-09-18 16:59:38.613,78,0,0,0,"{""event_name"": ""lock_released"", ""timestamp"": ""2026-09-18 16:59:38.613"", ""session_id"": 78, ""resource_type"": ""KEY"", ""mode"": ""X""}",KEY,X,UNKNOWN
lock_acquired,2026-09-18 16:59:43.674,83,0,0,0,"{""event_name"": ""lock_acquired"", ""timestamp"": ""2026-09-18 16:59:43.674"", ""session_id"": 83, ""resource_type"": ""OBJECT"", ""mode"": ""IX""}",OBJECT,IX,UNKNOWN
lock_acquired,2026-09-18 16:59:43.674,81,0,0,0,"{""event_name"": ""lock_acquired"", ""timestamp"": ""2026-09-18 16:59:43.674"", ""session_id"": 81, ""resource_type"": ""PAGE"", ""mode"": ""IX""}",PAGE,IX,UNKNOWN
lock_acquired,2026-09-18 16:59:43.674,85,0,0,0,"{""event_name"": ""lock_acquired"", ""timestamp"": ""2026-09-18 16:59:43.674"", ""session_id"": 85, ""resource_type"": ""OBJECT"", ""mode"": ""Sch-S""}",OBJECT,Sch-S,UNKNOWN
lock_acquired,2026-09-18 16:59:43.674,77,0,0,0,"{""event_name"": ""lock_acquired"", ""timestamp"": ""2026-09-18 16:59:43.674"", ""session_id"": 77, ""resource_type"": ""OBJECT"", ""mode"": ""IS""}",OBJECT,IS,UNKNOWN
lock_acquired,2026-09-18 16:59:43.674,77,0,0,0,"{""event_name"": ""lock_acquired"", ""timestamp"": ""2026-09-18 16:59:43.674"", ""session_id"": 77, ""resource_type"": ""OBJECT"", ""mode"": ""IX""}",OBJECT,IX,UNKNOWN
lock_acquired,2026-09-18 16:59:43.674,83,0,0,0,"{""event_name"": ""lock_acquired"", ""timestamp"": ""2026-09-18 16:59:43.674"", ""session_id"": 83, ""resource_type"": ""OBJECT"", ""mode"": ""IS""}",OBJECT,IS,UNKNOWN
lock_acquired,2026-09-18 16:59:43.674,85,0,0,0,"{""event_name"": ""lock_acquired"", ""timestamp"": ""2026-09-18 16:59:43.674"", ""session_id"": 85, ""resource_type"": ""METADATA"", ""mode"": ""Sch-S""}",METADATA,Sch-S,UNKNOWN
lock_acquired,2026-09-18 16:59:43.674,76,0,0,0,"{""event_name"": ""lock_acquired"", ""timestamp"": ""2026-09-18 16:59:43.674"", ""session_id"": 76, ""resource_type"": ""PAGE"", ""mode"": ""S""}",PAGE,S,UNKNOWN
lock_acquired,2026-09-18 16:59:43.674,85,0,0,0,"{""event_name"": ""lock_acquired"", ""timestamp"": ""2026-09-18 16:59:43.674"", ""session_id"": 85, ""resource_type"": ""KEY"", ""mode"": ""S""}",KEY,S,UNKNOWN
lock_released,2026-09-18 16:59:43.674,81,0,0,0,"{""event_name"": ""lock_released"", ""timestamp"": ""2026-09-18 16:59:43.674"", ""session_id"": 81, ""resource_type"": ""OBJECT"", ""mode"": ""Sch-S""}",OBJECT,Sch-S,UNKNOWN
lock_released,2026-09-18 16:59:43.674,77,0,0,0,"{""event_name"": ""lock_released"", ""timestamp"": ""2026-09-18 16:59:43.674"", ""session_id"": 77, ""resource_type"": ""OBJECT"", ""mode"": ""Sch-S""}",OBJECT,Sch-S,UNKNOWN
lock_released,2026-09-18 16:59:43.674,85,0,0,0,"{""event_name"": ""lock_released"", ""timestamp"": ""2026-09-18 16:59:43.674"", ""session_id"": 85, ""resource_type"": ""OBJECT"", ""mode"": ""IS""}",OBJECT,IS,UNKNOWN
lock_released,2026-09-18 16:59:43.674,85,0,0,0,"{""event_name"": ""lock_released"", ""timestamp"": ""2026-09-18 16:59:43.674"", ""session_id"": 85, ""resource_type"": ""OBJECT"", ""mode"": ""IX""}",OBJECT,IX,UNKNOWN
lock_acquired,2026-09-18 16:59:48.728,81,0,0,0,"{""event_name"": ""lock_acquired"", ""timestamp"": ""2026-09-18 16:59:48.728"", ""session_id"": 81, ""resource_type"": ""OBJECT"", ""mode"": ""IS""}",OBJECT,IS,UNKNOWN
lock_acquired,2026-09-18 16:59:48.728,81,0,0,0,"{""event_name"": ""lock_acquired"", ""timestamp"": ""2026-09-18 16:59:48.728"", ""session_id"": 81, ""resource_type"": ""OBJECT"", ""mode"": ""IX""}",OBJECT,IX,UNKNOWN
lock_acquired,2026-09-18 16:59:48.728,82,0,0,0,"{""event_name"": ""lock_acquired"", ""timestamp"": ""2026-09-18 16:59:48.728"", ""session_id"": 82, ""resource_type"": ""PAGE"", ""mode"": ""S""}",PAGE,S,UNKNOWN
lock_released,2026-09-18 16:59:48.728,81,0,0,0,"{""event_name"": ""lock_released"", ""timestamp"": ""2026-09-18 16:59:48.728"", ""session_id"": 81, ""resource_type"": ""PAGE"", ""mode"": ""IX""}",PAGE,IX,UNKNOWN
lock_released,2026-09-18 16:59:48.728,85,0,0,0,"{""event_name"": ""lock_released"", ""timestamp"": ""2026-09-18 16:59:48.728"", ""session_id"": 85, ""resource_type"": ""OBJECT"", ""mode"": ""Sch-S""}",OBJECT,Sch-S,UNKNOWN
lock_released,2026-09-18 16:59:48.728,85,0,0,0,"{""event_name"": ""lock_released"", ""timestamp"": ""2026-09-18 16:59:48.728"", ""session_id"": 85, ""resource_type"": ""METADATA"", ""mode"": ""Sch-S""}",METADATA,Sch-S,UNKNOWN
lock_released,2026-09-18 16:59:48.728,85,0,0,0,"{""event_name"": ""lock_released"", ""timestamp"": ""2026-09-18 16:59:48.728"", ""session_id"": 85, ""resource_type"": ""KEY"", ""mode"": ""S""}",KEY,S,UNKNOWN
lock_released,2026-09-18 16:59:48.728,79,0,0,0,"{""event_name"": ""lock_released"", ""timestamp"": ""2026-09-18 16:59:48.728"", ""session_id"": 79, ""resource_type"": ""OBJECT"", ""mode"": ""IX""}",OBJECT,IX,UNKNOWN
lock_released,2026-09-18 16:59:48.728,79,0,0,0,"{""event_name"": ""lock_released"", ""timestamp"": ""2026-09-18 16:59:48.728"", ""session_id"": 79, ""resource_type"": ""OBJECT"", ""mode"": ""IS""}",OBJECT,IS,UNKNOWN
login,2026-09-18 16:59:53.784,68,sa,unknown,SteelNort,"{""event_name"": ""login"", ""timestamp"": ""2026-09-18 16:59:53.784"", ""session_id"": 68, ""login_name"": ""sa"", ""program_name"": ""unknown"", ""database_name"": ""SteelNort""}",0,0,UNKNOWN
login,2026-09-18 16:59:53.784,75,sa,unknown,SteelNort,"{""event_name"": ""login"", ""timestamp"": ""2026-09-18 16:59:53.784"", ""session_id"": 75, ""login_name"": ""sa"", ""program_name"": ""unknown"", ""database_name"": ""SteelNort""}",0,0,UNKNOWN
login,2026-09-18 16:59:53.784,86,sa,unknown,SteelNort,"{""event_name"": ""login"", ""timestamp"": ""2026-09-18 16:59:53.784"", ""session_id"": 86, ""login_name"": ""sa"", ""program_name"": ""unknown"", ""database_name"": ""SteelNort""}",0,0,UNKNOWN
login,2026-09-18 16:59:53.784,87,sa,unknown,SteelNort,"{""event_name"": ""login"", ""timestamp"": ""2026-09-18 16:59:53.784"", ""session_id"": 87, ""login_name"": ""sa"", ""program_name"": ""unknown"", ""database_name"": ""SteelNort""}",0,0,UNKNOWN
login,2026-09-18 16:59:53.784,88,sa,unknown,SteelNort,"{""event_name"": ""login"", ""timestamp"": ""2026-09-18 16:59:53.784"", ""session_id"": 88, ""login_name"": ""sa"", ""program_name"": ""unknown"", ""database_name"": ""SteelNort""}",0,0,UNKNOWN
login,2026-09-18 16:59:53.784,89,sa,unknown,SteelNort,"{""event_name"": ""login"", ""timestamp"": ""2026-09-18 16:59:53.784"", ""session_id"": 89, ""login_name"": ""sa"", ""program_name"": ""unknown"", ""database_name"": ""SteelNort""}",0,0,UNKNOWN
login,2026-09-18 16:59:53.784,90,sa,unknown,SteelNort,"{""event_name"": ""login"", ""timestamp"": ""2026-09-18 16:59:53.784"", ""session_id"": 90, ""login_name"": ""sa"", ""program_name"": ""unknown"", ""database_name"": ""SteelNort""}",0,0,UNKNOWN
login,2026-09-18 16:59:53.784,91,sa,unknown,SteelNort,"{""event_name"": ""login"", ""timestamp"": ""2026-09-18 16:59:53.784"", ""session_id"": 91, ""login_name"": ""sa"", ""program_name"": ""unknown"", ""database_name"": ""SteelNort""}",0,0,UNKNOWN
login,2026-09-18 16:59:53.784,92,sa,unknown,SteelNort,"{""event_name"": ""login"", ""timestamp"": ""2026-09-18 16:59:53.784"", ""session_id"": 92, ""login_name"": ""sa"", ""program_name"": ""unknown"", ""database_name"": ""SteelNort""}",0,0,UNKNOWN
lock_acquired,2026-09-18 16:59:53.784,83,0,0,0,"{""event_name"": ""lock_acquired"", ""timestamp"": ""2026-09-18 16:59:53.784"", ""session_id"": 83, ""resource_type"": ""PAGE"", ""mode"": ""S""}",PAGE,S,UNKNOWN
lock_acquired,2026-09-18 16:59:53.784,79,0,0,0,"{""event_name"": ""lock_acquired"", ""timestamp"": ""2026-09-18 16:59:53.784"", ""session_id"": 79, ""resource_type"": ""OBJECT"", ""mode"": ""IS""}",OBJECT,IS,UNKNOWN
lock_acquired,2026-09-18 16:59:53.784,85,0,0,0,"{""event_name"": ""lock_acquired"", ""timestamp"": ""2026-09-18 16:59:53.784"", ""session_id"": 85, ""resource_type"": ""OBJECT"", ""mode"": ""IX""}",OBJECT,IX,UNKNOWN
lock_acquired,2026-09-18 16:59:53.784,79,0,0,0,"{""event_name"": ""lock_acquired"", ""timestamp"": ""2026-09-18 16:59:53.784"", ""session_id"": 79, ""resource_type"": ""OBJECT"", ""mode"": ""IX""}",OBJECT,IX,UNKNOWN
lock_acquired,2026-09-18 16:59:53.784,81,0,0,0,"{""event_name"": ""lock_acquired"", ""timestamp"": ""2026-09-18 16:59:53.784"", ""session_id"": 81, ""resource_type"": ""OBJECT"", ""mode"": ""Sch-S""}",OBJECT,Sch-S,UNKNOWN
lock_acquired,2026-09-18 16:59:53.784,85,0,0,0,"{""event_name"": ""lock_acquired"", ""timestamp"": ""2026-09-18 16:59:53.784"", ""session_id"": 85, ""resource_type"": ""OBJECT"", ""mode"": ""IS""}",OBJECT,IS,UNKNOWN
lock_acquired,2026-09-18 16:59:53.784,81,0,0,0,"{""event_name"": ""lock_acquired"", ""timestamp"": ""2026-09-18 16:59:53.784"", ""session_id"": 81, ""resource_type"": ""METADATA"", ""mode"": ""Sch-S""}",METADATA,Sch-S,UNKNOWN
lock_released,2026-09-18 16:59:53.784,77,0,0,0,"{""event_name"": ""lock_released"", ""timestamp"": ""2026-09-18 16:59:53.784"", ""session_id"": 77, ""resource_type"": ""OBJECT"", ""mode"": ""IS""}",OBJECT,IS,UNKNOWN
lock_released,2026-09-18 16:59:53.784,77,0,0,0,"{""event_name"": ""lock_released"", ""timestamp"": ""2026-09-18 16:59:53.784"", ""session_id"": 77, ""resource_type"": ""OBJECT"", ""mode"": ""IX""}",OBJECT,IX,UNKNOWN
lock_released,2026-09-18 16:59:53.784,81,0,0,0,"{""event_name"": ""lock_released"", ""timestamp"": ""2026-09-18 16:59:53.784"", ""session_id"": 81, ""resource_type"": ""OBJECT"", ""mode"": ""IX""}",OBJECT,IX,UNKNOWN
lock_released,2026-09-18 16:59:53.784,80,0,0,0,"{""event_name"": ""lock_released"", ""timestamp"": ""2026-09-18 16:59:53.784"", ""session_id"": 80, ""resource_type"": ""OBJECT"", ""mode"": ""IS""}",OBJECT,IS,UNKNOWN
lock_released,2026-09-18 16:59:53.784,82,0,0,0,"{""event_name"": ""lock_released"", ""timestamp"": ""2026-09-18 16:59:53.784"", ""session_id"": 82, ""resource_type"": ""PAGE"", ""mode"": ""S""}",PAGE,S,UNKNOWN
lock_released,2026-09-18 16:59:53.784,81,0,0,0,"{""event_name"": ""lock_released"", ""timestamp"": ""2026-09-18 16:59:53.784"", ""session_id"": 81, ""resource_type"": ""OBJECT"", ""mode"": ""IS""}",OBJECT,IS,UNKNOWN
lock_released,2026-09-18 16:59:53.784,76,0,0,0,"{""event_name"": ""lock_released"", ""timestamp"": ""2026-09-18 16:59:53.784"", ""session_id"": 76, ""resource_type"": ""PAGE"", ""mode"": ""S""}",PAGE,S,UNKNOWN
lock_acquired,2026-09-18 16:59:58.825,84,0,0,0,"{""event_name"": ""lock_acquired"", ""timestamp"": ""2026-09-18 16:59:58.825"", ""session_id"": 84, ""resource_type"": ""PAGE"", ""mode"": ""S""}",PAGE,S,UNKNOWN
lock_acquired,2026-09-18 16:59:58.825,85,0,0,0,"{""event_name"": ""lock_acquired"", ""timestamp"": ""2026-09-18 16:59:58.825"", ""session_id"": 85, ""resource_type"": ""OBJECT"", ""mode"": ""Sch-S""}",OBJECT,Sch-S,UNKNOWN
lock_acquired,2026-09-18 16:59:58.825,77,0,0,0,"{""event_name"": ""lock_acquired"", ""timestamp"": ""2026-09-18 16:59:58.825"", ""session_id"": 77, ""resource_type"": ""OBJECT"", ""mode"": ""IS""}",OBJECT,IS,UNKNOWN
lock_acquired,2026-09-18 16:59:58.825,77,0,0,0,"{""event_name"": ""lock_acquired"", ""timestamp"": ""2026-09-18 16:59:58.825"", ""session_id"": 77, ""resource_type"": ""OBJECT"", ""mode"": ""IX""}",OBJECT,IX,UNKNOWN
lock_acquired,2026-09-18 16:59:58.825,85,0,0,0,"{""event_name"": ""lock_acquired"", ""timestamp"": ""2026-09-18 16:59:58.825"", ""session_id"": 85, ""resource_type"": ""METADATA"", ""mode"": ""Sch-S""}",METADATA,Sch-S,UNKNOWN
lock_acquired,2026-09-18 16:59:58.825,81,0,0,0,"{""event_name"": ""lock_acquired"", ""timestamp"": ""2026-09-18 16:59:58.825"", ""session_id"": 81, ""resource_type"": ""OBJECT"", ""mode"": ""IX""}",OBJECT,IX,UNKNOWN
lock_acquired,2026-09-18 16:59:58.825,80,0,0,0,"{""event_name"": ""lock_acquired"", ""timestamp"": ""2026-09-18 16:59:58.825"", ""session_id"": 80, ""resource_type"": ""OBJECT"", ""mode"": ""IS""}",OBJECT,IS,UNKNOWN
lock_acquired,2026-09-18 16:59:58.825,82,0,0,0,"{""event_name"": ""lock_acquired"", ""timestamp"": ""2026-09-18 16:59:58.825"", ""session_id"": 82, ""resource_type"": ""PAGE"", ""mode"": ""S""}",PAGE,S,UNKNOWN
lock_acquired,2026-09-18 16:59:58.825,79,0,0,0,"{""event_name"": ""lock_acquired"", ""timestamp"": ""2026-09-18 16:59:58.825"", ""session_id"": 79, ""resource_type"": ""PAGE"", ""mode"": ""IX""}",PAGE,IX,UNKNOWN
lock_acquired,2026-09-18 16:59:58.825,81,0,0,0,"{""event_name"": ""lock_acquired"", ""timestamp"": ""2026-09-18 16:59:58.825"", ""session_id"": 81, ""resource_type"": ""OBJECT"", ""mode"": ""IS""}",OBJECT,IS,UNKNOWN
lock_released,2026-09-18 16:59:58.825,83,0,0,0,"{""event_name"": ""lock_released"", ""timestamp"": ""2026-09-18 16:59:58.825"", ""session_id"": 83, ""resource_type"": ""PAGE"", ""mode"": ""S""}",PAGE,S,UNKNOWN
lock_released,2026-09-18 16:59:58.825,79,0,0,0,"{""event_name"": ""lock_released"", ""timestamp"": ""2026-09-18 16:59:58.825"", ""session_id"": 79, ""resource_type"": ""OBJECT"", ""mode"": ""IS""}",OBJECT,IS,UNKNOWN
lock_released,2026-09-18 16:59:58.825,85,0,0,0,"{""event_name"": ""lock_released"", ""timestamp"": ""2026-09-18 16:59:58.825"", ""session_id"": 85, ""resource_type"": ""OBJECT"", ""mode"": ""IX""}",OBJECT,IX,UNKNOWN
lock_released,2026-09-18 16:59:58.825,81,0,0,0,"{""event_name"": ""lock_released"", ""timestamp"": ""2026-09-18 16:59:58.825"", ""session_id"": 81, ""resource_type"": ""OBJECT"", ""mode"": ""Sch-S""}",OBJECT,Sch-S,UNKNOWN
lock_released,2026-09-18 16:59:58.825,85,0,0,0,"{""event_name"": ""lock_released"", ""timestamp"": ""2026-09-18 16:59:58.825"", ""session_id"": 85, ""resource_type"": ""OBJECT"", ""mode"": ""IS""}",OBJECT,IS,UNKNOWN
lock_released,2026-09-18 16:59:58.825,81,0,0,0,"{""event_name"": ""lock_released"", ""timestamp"": ""2026-09-18 16:59:58.825"", ""session_id"": 81, ""resource_type"": ""METADATA"", ""mode"": ""Sch-S""}",METADATA,Sch-S,UNKNOWN
logout,2026-09-18 17:00:03.889,92,0,0,0,"{""event_name"": ""logout"", ""timestamp"": ""2026-09-18 17:00:03.889"", ""session_id"": 92}",0,0,UNKNOWN
lock_acquired,2026-09-18 17:00:03.889,85,0,0,0,"{""event_name"": ""lock_acquired"", ""timestamp"": ""2026-09-18 17:00:03.889"", ""session_id"": 85, ""resource_type"": ""OBJECT"", ""mode"": ""IS""}",OBJECT,IS,UNKNOWN
lock_acquired,2026-09-18 17:00:03.889,78,0,0,0,"{""event_name"": ""lock_acquired"", ""timestamp"": ""2026-09-18 17:00:03.889"", ""session_id"": 78, ""resource_type"": ""PAGE"", ""mode"": ""IS""}",PAGE,IS,UNKNOWN
lock_acquired,2026-09-18 17:00:03.889,85,0,0,0,"{""event_name"": ""lock_acquired"", ""timestamp"": ""2026-09-18 17:00:03.889"", ""session_id"": 85, ""resource_type"": ""OBJECT"", ""mode"": ""IX""}",OBJECT,IX,UNKNOWN
lock_acquired,2026-09-18 17:00:03.889,78,0,0,0,"{""event_name"": ""lock_acquired"", ""timestamp"": ""2026-09-18 17:00:03.889"", ""session_id"": 78, ""resource_type"": ""OBJECT"", ""mode"": ""Sch-S""}",OBJECT,Sch-S,UNKNOWN
lock_acquired,2026-09-18 17:00:03.889,79,0,0,0,"{""event_name"": ""lock_acquired"", ""timestamp"": ""2026-09-18 17:00:03.889"", ""session_id"": 79, ""resource_type"": ""OBJECT"", ""mode"": ""IS""}",OBJECT,IS,UNKNOWN
lock_released,2026-09-18 17:00:03.889,84,0,0,0,"{""event_name"": ""lock_released"", ""timestamp"": ""2026-09-18 17:00:03.889"", ""session_id"": 84, ""resource_type"": ""PAGE"", ""mode"": ""S""}",PAGE,S,UNKNOWN
lock_released,2026-09-18 17:00:03.889,77,0,0,0,"{""event_name"": ""lock_released"", ""timestamp"": ""2026-09-18 17:00:03.889"", ""session_id"": 77, ""resource_type"": ""OBJECT"", ""mode"": ""IS""}",OBJECT,IS,UNKNOWN
lock_released,2026-09-18 17:00:03.889,85,0,0,0,"{""event_name"": ""lock_released"", ""timestamp"": ""2026-09-18 17:00:03.889"", ""session_id"": 85, ""resource_type"": ""OBJECT"", ""mode"": ""Sch-S""}",OBJECT,Sch-S,UNKNOWN
lock_released,2026-09-18 17:00:03.889,77,0,0,0,"{""event_name"": ""lock_released"", ""timestamp"": ""2026-09-18 17:00:03.889"", ""session_id"": 77, ""resource_type"": ""OBJECT"", ""mode"": ""IX""}",OBJECT,IX,UNKNOWN
lock_released,2026-09-18 17:00:03.889,85,0,0,0,"{""event_name"": ""lock_released"", ""timestamp"": ""2026-09-18 17:00:03.889"", ""session_id"": 85, ""resource_type"": ""METADATA"", ""mode"": ""Sch-S""}",METADATA,Sch-S,UNKNOWN
lock_released,2026-09-18 17:00:03.889,81,0,0,0,"{""event_name"": ""lock_released"", ""timestamp"": ""2026-09-18 17:00:03.889"", ""session_id"": 81, ""resource_type"": ""OBJECT"", ""mode"": ""IX""}",OBJECT,IX,UNKNOWN
lock_released,2026-09-18 17:00:03.889,82,0,0,0,"{""event_name"": ""lock_released"", ""timestamp"": ""2026-09-18 17:00:03.889"", ""session_id"": 82, ""resource_type"": ""OBJECT"", ""mode"": ""IX""}",OBJECT,IX,UNKNOWN
lock_released,2026-09-18 17:00:03.889,78,0,0,0,"{""event_name"": ""lock_released"", ""timestamp"": ""2026-09-18 17:00:03.889"", ""session_id"": 78, ""resource_type"": ""OBJECT"", ""mode"": ""IX""}",OBJECT,IX,UNKNOWN
lock_released,2026-09-18 17:00:03.889,82,0,0,0,"{""event_name"": ""lock_released"", ""timestamp"": ""2026-09-18 17:00:03.889"", ""session_id"": 82, ""resource_type"": ""PAGE"", ""mode"": ""S""}",PAGE,S,UNKNOWN
lock_released,2026-09-18 17:00:03.889,79,0,0,0,"{""event_name"": ""lock_released"", ""timestamp"": ""2026-09-18 17:00:03.889"", ""session_id"": 79, ""resource_type"": ""PAGE"", ""mode"": ""IX""}",PAGE,IX,UNKNOWN
lock_released,2026-09-18 17:00:03.889,81,0,0,0,"{""event_name"": ""lock_released"", ""timestamp"": ""2026-09-18 17:00:03.889"", ""session_id"": 81, ""resource_type"": ""OBJECT"", ""mode"": ""IS""}",OBJECT,IS,UNKNOWN
lock_released,2026-09-18 17:00:03.889,78,0,0,0,"{""event_name"": ""lock_released"", ""timestamp"": ""2026-09-18 17:00:03.889"", ""session_id"": 78, ""resource_type"": ""OBJECT"", ""mode"": ""IS""}",OBJECT,IS,UNKNOWN
lock_released,2026-09-18 17:00:03.889,84,0,0,0,"{""event_name"": ""lock_released"", ""timestamp"": ""2026-09-18 17:00:03.889"", ""session_id"": 84, ""resource_type"": ""OBJECT"", ""mode"": ""IS""}",OBJECT,IS,UNKNOWN
lock_released,2026-09-18 17:00:03.889,84,0,0,0,"{""event_name"": ""lock_released"", ""timestamp"": ""2026-09-18 17:00:03.889"", ""session_id"": 84, ""resource_type"": ""OBJECT"", ""mode"": ""IX""}",OBJECT,IX,UNKNOWN
lock_released,2026-09-18 17:00:03.889,82,0,0,0,"{""event_name"": ""lock_released"", ""timestamp"": ""2026-09-18 17:00:03.889"", ""session_id"": 82, ""resource_type"": ""OBJECT"", ""mode"": ""IS""}",OBJECT,IS,UNKNOWN
lock_acquired,2026-09-18 17:00:08.916,82,0,0,0,"{""event_name"": ""lock_acquired"", ""timestamp"": ""2026-09-18 17:00:08.916"", ""session_id"": 82, ""resource_type"": ""OBJECT"", ""mode"": ""Sch-S""}",OBJECT,Sch-S,UNKNOWN
lock_acquired,2026-09-18 17:00:08.916,80,0,0,0,"{""event_name"": ""lock_acquired"", ""timestamp"": ""2026-09-18 17:00:08.916"", ""session_id"": 80, ""resource_type"": ""METADATA"", ""mode"": ""Sch-S""}",METADATA,Sch-S,UNKNOWN
lock_acquired,2026-09-18 17:00:08.916,78,0,0,0,"{""event_name"": ""lock_acquired"", ""timestamp"": ""2026-09-18 17:00:08.916"", ""session_id"": 78, ""resource_type"": ""PAGE"", ""mode"": ""S""}",PAGE,S,UNKNOWN
lock_acquired,2026-09-18 17:00:08.916,77,0,0,0,"{""event_name"": ""lock_acquired"", ""timestamp"": ""2026-09-18 17:00:08.916"", ""session_id"": 77, ""resource_type"": ""OBJECT"", ""mode"": ""IS""}",OBJECT,IS,UNKNOWN
lock_acquired,2026-09-18 17:00:08.916,79,0,0,0,"{""event_name"": ""lock_acquired"", ""timestamp"": ""2026-09-18 17:00:08.916"", ""session_id"": 79, ""resource_type"": ""OBJECT"", ""mode"": ""Sch-S""}",OBJECT,Sch-S,UNKNOWN
lock_acquired,2026-09-18 17:00:08.916,84,0,0,0,"{""event_name"": ""lock_acquired"", ""timestamp"": ""2026-09-18 17:00:08.916"", ""session_id"": 84, ""resource_type"": ""METADATA"", ""mode"": ""Sch-S""}",METADATA,Sch-S,UNKNOWN
lock_acquired,2026-09-18 17:00:08.916,77,0,0,0,"{""event_name"": ""lock_acquired"", ""timestamp"": ""2026-09-18 17:00:08.916"", ""session_id"": 77, ""resource_type"": ""OBJECT"", ""mode"": ""IX""}",OBJECT,IX,UNKNOWN
lock_acquired,2026-09-18 17:00:08.916,81,0,0,0,"{""event_name"": ""lock_acquired"", ""timestamp"": ""2026-09-18 17:00:08.916"", ""session_id"": 81, ""resource_type"": ""OBJECT"", ""mode"": ""IX""}",OBJECT,IX,UNKNOWN
lock_acquired,2026-09-18 17:00:08.916,78,0,0,0,"{""event_name"": ""lock_acquired"", ""timestamp"": ""2026-09-18 17:00:08.916"", ""session_id"": 78, ""resource_type"": ""OBJECT"", ""mode"": ""IX""}",OBJECT,IX,UNKNOWN
lock_acquired,2026-09-18 17:00:08.916,81,0,0,0,"{""event_name"": ""lock_acquired"", ""timestamp"": ""2026-09-18 17:00:08.916"", ""session_id"": 81, ""resource_type"": ""OBJECT"", ""mode"": ""IS""}",OBJECT,IS,UNKNOWN
lock_acquired,2026-09-18 17:00:08.916,83,0,0,0,"{""event_name"": ""lock_acquired"", ""timestamp"": ""2026-09-18 17:00:08.916"", ""session_id"": 83, ""resource_type"": ""OBJECT"", ""mode"": ""Sch-S""}",OBJECT,Sch-S,UNKNOWN
lock_acquired,2026-09-18 17:00:08.916,78,0,0,0,"{""event_name"": ""lock_acquired"", ""timestamp"": ""2026-09-18 17:00:08.916"", ""session_id"": 78, ""resource_type"": ""OBJECT"", ""mode"": ""IS""}",OBJECT,IS,UNKNOWN
lock_acquired,2026-09-18 17:00:08.916,79,0,0,0,"{""event_name"": ""lock_acquired"", ""timestamp"": ""2026-09-18 17:00:08.916"", ""session_id"": 79, ""resource_type"": ""METADATA"", ""mode"": ""Sch-S""}",METADATA,Sch-S,UNKNOWN
lock_acquired,2026-09-18 17:00:08.916,80,0,0,0,"{""event_name"": ""lock_acquired"", ""timestamp"": ""2026-09-18 17:00:08.916"", ""session_id"": 80, ""resource_type"": ""OBJECT"", ""mode"": ""Sch-S""}",OBJECT,Sch-S,UNKNOWN
lock_acquired,2026-09-18 17:00:08.916,81,0,0,0,"{""event_name"": ""lock_acquired"", ""timestamp"": ""2026-09-18 17:00:08.916"", ""session_id"": 81, ""resource_type"": ""PAGE"", ""mode"": ""S""}",PAGE,S,UNKNOWN
lock_acquired,2026-09-18 17:00:08.916,84,0,0,0,"{""event_name"": ""lock_acquired"", ""timestamp"": ""2026-09-18 17:00:08.916"", ""session_id"": 84, ""resource_type"": ""OBJECT"", ""mode"": ""Sch-S""}",OBJECT,Sch-S,UNKNOWN
lock_released,2026-09-18 17:00:08.916,83,0,0,0,"{""event_name"": ""lock_released"", ""timestamp"": ""2026-09-18 17:00:08.916"", ""session_id"": 83, ""resource_type"": ""OBJECT"", ""mode"": ""IX""}",OBJECT,IX,UNKNOWN
lock_released,2026-09-18 17:00:08.916,83,0,0,0,"{""event_name"": ""lock_released"", ""timestamp"": ""2026-09-18 17:00:08.916"", ""session_id"": 83, ""resource_type"": ""OBJECT"", ""mode"": ""IS""}",OBJECT,IS,UNKNOWN
lock_released,2026-09-18 17:00:08.916,78,0,0,0,"{""event_name"": ""lock_released"", ""timestamp"": ""2026-09-18 17:00:08.916"", ""session_id"": 78, ""resource_type"": ""PAGE"", ""mode"": ""IS""}",PAGE,IS,UNKNOWN
lock_released,2026-09-18 17:00:08.916,80,0,0,0,"{""event_name"": ""lock_released"", ""timestamp"": ""2026-09-18 17:00:08.916"", ""session_id"": 80, ""resource_type"": ""OBJECT"", ""mode"": ""IS""}",OBJECT,IS,UNKNOWN
lock_released,2026-09-18 17:00:08.916,80,0,0,0,"{""event_name"": ""lock_released"", ""timestamp"": ""2026-09-18 17:00:08.916"", ""session_id"": 80, ""resource_type"": ""OBJECT"", ""mode"": ""IX""}",OBJECT,IX,UNKNOWN
lock_released,2026-09-18 17:00:08.916,78,0,0,0,"{""event_name"": ""lock_released"", ""timestamp"": ""2026-09-18 17:00:08.916"", ""session_id"": 78, ""resource_type"": ""OBJECT"", ""mode"": ""Sch-S""}",OBJECT,Sch-S,UNKNOWN
lock_released,2026-09-18 17:00:08.916,79,0,0,0,"{""event_name"": ""lock_released"", ""timestamp"": ""2026-09-18 17:00:08.916"", ""session_id"": 79, ""resource_type"": ""OBJECT"", ""mode"": ""IX""}",OBJECT,IX,UNKNOWN
lock_released,2026-09-18 17:00:08.916,76,0,0,0,"{""event_name"": ""lock_released"", ""timestamp"": ""2026-09-18 17:00:08.916"", ""session_id"": 76, ""resource_type"": ""OBJECT"", ""mode"": ""IS""}",OBJECT,IS,UNKNOWN
lock_released,2026-09-18 17:00:08.916,79,0,0,0,"{""event_name"": ""lock_released"", ""timestamp"": ""2026-09-18 17:00:08.916"", ""session_id"": 79, ""resource_type"": ""OBJECT"", ""mode"": ""IS""}",OBJECT,IS,UNKNOWN
lock_acquired,2026-09-18 17:00:14.005,83,0,0,0,"{""event_name"": ""lock_acquired"", ""timestamp"": ""2026-09-18 17:00:14.005"", ""session_id"": 83, ""resource_type"": ""OBJECT"", ""mode"": ""IX""}",OBJECT,IX,UNKNOWN
lock_acquired,2026-09-18 17:00:14.005,83,0,0,0,"{""event_name"": ""lock_acquired"", ""timestamp"": ""2026-09-18 17:00:14.005"", ""session_id"": 83, ""resource_type"": ""OBJECT"", ""mode"": ""IS""}",OBJECT,IS,UNKNOWN
lock_acquired,2026-09-18 17:00:14.005,82,0,0,0,"{""event_name"": ""lock_acquired"", ""timestamp"": ""2026-09-18 17:00:14.005"", ""session_id"": 82, ""resource_type"": ""OBJECT"", ""mode"": ""IX""}",OBJECT,IX,UNKNOWN
lock_acquired,2026-09-18 17:00:14.005,80,0,0,0,"{""event_name"": ""lock_acquired"", ""timestamp"": ""2026-09-18 17:00:14.005"", ""session_id"": 80, ""resource_type"": ""OBJECT"", ""mode"": ""IS""}",OBJECT,IS,UNKNOWN
lock_acquired,2026-09-18 17:00:14.005,80,0,0,0,"{""event_name"": ""lock_acquired"", ""timestamp"": ""2026-09-18 17:00:14.005"", ""session_id"": 80, ""resource_type"": ""OBJECT"", ""mode"": ""IX""}",OBJECT,IX,UNKNOWN
lock_acquired,2026-09-18 17:00:14.005,83,0,0,0,"{""event_name"": ""lock_acquired"", ""timestamp"": ""2026-09-18 17:00:14.005"", ""session_id"": 83, ""resource_type"": ""PAGE"", ""mode"": ""S""}",PAGE,S,UNKNOWN
lock_acquired,2026-09-18 17:00:14.005,84,0,0,0,"{""event_name"": ""lock_acquired"", ""timestamp"": ""2026-09-18 17:00:14.005"", ""session_id"": 84, ""resource_type"": ""OBJECT"", ""mode"": ""IS""}",OBJECT,IS,UNKNOWN
lock_acquired,2026-09-18 17:00:14.005,84,0,0,0,"{""event_name"": ""lock_acquired"", ""timestamp"": ""2026-09-18 17:00:14.005"", ""session_id"": 84, ""resource_type"": ""OBJECT"", ""mode"": ""IX""}",OBJECT,IX,UNKNOWN
lock_acquired,2026-09-18 17:00:14.005,77,0,0,0,"{""event_name"": ""lock_acquired"", ""timestamp"": ""2026-09-18 17:00:14.005"", ""session_id"": 77, ""resource_type"": ""PAGE"", ""mode"": ""S""}",PAGE,S,UNKNOWN
lock_acquired,2026-09-18 17:00:14.005,79,0,0,0,"{""event_name"": ""lock_acquired"", ""timestamp"": ""2026-09-18 17:00:14.005"", ""session_id"": 79, ""resource_type"": ""OBJECT"", ""mode"": ""IX""}",OBJECT,IX,UNKNOWN
lock_acquired,2026-09-18 17:00:14.005,82,0,0,0,"{""event_name"": ""lock_acquired"", ""timestamp"": ""2026-09-18 17:00:14.005"", ""session_id"": 82, ""resource_type"": ""OBJECT"", ""mode"": ""IS""}",OBJECT,IS,UNKNOWN
lock_acquired,2026-09-18 17:00:14.005,81,0,0,0,"{""event_name"": ""lock_acquired"", ""timestamp"": ""2026-09-18 17:00:14.005"", ""session_id"": 81, ""resource_type"": ""OBJECT"", ""mode"": ""Sch-S""}",OBJECT,Sch-S,UNKNOWN
lock_acquired,2026-09-18 17:00:14.005,78,0,0,0,"{""event_name"": ""lock_acquired"", ""timestamp"": ""2026-09-18 17:00:14.005"", ""session_id"": 78, ""resource_type"": ""OBJECT"", ""mode"": ""Sch-S""}",OBJECT,Sch-S,UNKNOWN
lock_acquired,2026-09-18 17:00:14.005,81,0,0,0,"{""event_name"": ""lock_acquired"", ""timestamp"": ""2026-09-18 17:00:14.005"", ""session_id"": 81, ""resource_type"": ""METADATA"", ""mode"": ""X""}",METADATA,X,UNKNOWN
lock_acquired,2026-09-18 17:00:14.005,79,0,0,0,"{""event_name"": ""lock_acquired"", ""timestamp"": ""2026-09-18 17:00:14.005"", ""session_id"": 79, ""resource_type"": ""OBJECT"", ""mode"": ""IS""}",OBJECT,IS,UNKNOWN
lock_released,2026-09-18 17:00:14.005,82,0,0,0,"{""event_name"": ""lock_released"", ""timestamp"": ""2026-09-18 17:00:14.005"", ""session_id"": 82, ""resource_type"": ""OBJECT"", ""mode"": ""Sch-S""}",OBJECT,Sch-S,UNKNOWN
lock_released,2026-09-18 17:00:14.005,80,0,0,0,"{""event_name"": ""lock_released"", ""timestamp"": ""2026-09-18 17:00:14.005"", ""session_id"": 80, ""resource_type"": ""METADATA"", ""mode"": ""Sch-S""}",METADATA,Sch-S,UNKNOWN
lock_released,2026-09-18 17:00:14.005,78,0,0,0,"{""event_name"": ""lock_released"", ""timestamp"": ""2026-09-18 17:00:14.005"", ""session_id"": 78, ""resource_type"": ""PAGE"", ""mode"": ""S""}",PAGE,S,UNKNOWN
lock_released,2026-09-18 17:00:14.005,79,0,0,0,"{""event_name"": ""lock_released"", ""timestamp"": ""2026-09-18 17:00:14.005"", ""session_id"": 79, ""resource_type"": ""OBJECT"", ""mode"": ""Sch-S""}",OBJECT,Sch-S,UNKNOWN
lock_released,2026-09-18 17:00:14.005,84,0,0,0,"{""event_name"": ""lock_released"", ""timestamp"": ""2026-09-18 17:00:14.005"", ""session_id"": 84, ""resource_type"": ""METADATA"", ""mode"": ""Sch-S""}",METADATA,Sch-S,UNKNOWN
lock_released,2026-09-18 17:00:14.005,85,0,0,0,"{""event_name"": ""lock_released"", ""timestamp"": ""2026-09-18 17:00:14.005"", ""session_id"": 85, ""resource_type"": ""OBJECT"", ""mode"": ""IX""}",OBJECT,IX,UNKNOWN
lock_released,2026-09-18 17:00:14.005,81,0,0,0,"{""event_name"": ""lock_released"", ""timestamp"": ""2026-09-18 17:00:14.005"", ""session_id"": 81, ""resource_type"": ""OBJECT"", ""mode"": ""IX""}",OBJECT,IX,UNKNOWN
lock_released,2026-09-18 17:00:14.005,78,0,0,0,"{""event_name"": ""lock_released"", ""timestamp"": ""2026-09-18 17:00:14.005"", ""session_id"": 78, ""resource_type"": ""OBJECT"", ""mode"": ""IX""}",OBJECT,IX,UNKNOWN
lock_released,2026-09-18 17:00:14.005,81,0,0,0,"{""event_name"": ""lock_released"", ""timestamp"": ""2026-09-18 17:00:14.005"", ""session_id"": 81, ""resource_type"": ""OBJECT"", ""mode"": ""IS""}",OBJECT,IS,UNKNOWN
lock_released,2026-09-18 17:00:14.005,83,0,0,0,"{""event_name"": ""lock_released"", ""timestamp"": ""2026-09-18 17:00:14.005"", ""session_id"": 83, ""resource_type"": ""OBJECT"", ""mode"": ""Sch-S""}",OBJECT,Sch-S,UNKNOWN
lock_released,2026-09-18 17:00:14.005,78,0,0,0,"{""event_name"": ""lock_released"", ""timestamp"": ""2026-09-18 17:00:14.005"", ""session_id"": 78, ""resource_type"": ""OBJECT"", ""mode"": ""IS""}",OBJECT,IS,UNKNOWN
lock_released,2026-09-18 17:00:14.005,76,0,0,0,"{""event_name"": ""lock_released"", ""timestamp"": ""2026-09-18 17:00:14.005"", ""session_id"": 76, ""resource_type"": ""OBJECT"", ""mode"": ""IX""}",OBJECT,IX,UNKNOWN
lock_released,2026-09-18 17:00:14.005,79,0,0,0,"{""event_name"": ""lock_released"", ""timestamp"": ""2026-09-18 17:00:14.005"", ""session_id"": 79, ""resource_type"": ""METADATA"", ""mode"": ""Sch-S""}",METADATA,Sch-S,UNKNOWN
lock_released,2026-09-18 17:00:14.005,80,0,0,0,"{""event_name"": ""lock_released"", ""timestamp"": ""2026-09-18 17:00:14.005"", ""session_id"": 80, ""resource_type"": ""OBJECT"", ""mode"": ""Sch-S""}",OBJECT,Sch-S,UNKNOWN
lock_released,2026-09-18 17:00:14.005,81,0,0,0,"{""event_name"": ""lock_released"", ""timestamp"": ""2026-09-18 17:00:14.005"", ""session_id"": 81, ""resource_type"": ""PAGE"", ""mode"": ""S""}",PAGE,S,UNKNOWN
lock_released,2026-09-18 17:00:14.005,84,0,0,0,"{""event_name"": ""lock_released"", ""timestamp"": ""2026-09-18 17:00:14.005"", ""session_id"": 84, ""resource_type"": ""OBJECT"", ""mode"": ""Sch-S""}",OBJECT,Sch-S,UNKNOWN
lock_released,2026-09-18 17:00:14.005,85,0,0,0,"{""event_name"": ""lock_released"", ""timestamp"": ""2026-09-18 17:00:14.005"", ""session_id"": 85, ""resource_type"": ""OBJECT"", ""mode"": ""IS""}",OBJECT,IS,UNKNOWN
lock_acquired,2026-09-18 17:00:19.030,76,0,0,0,"{""event_name"": ""lock_acquired"", ""timestamp"": ""2026-09-18 17:00:19.030"", ""session_id"": 76, ""resource_type"": ""OBJECT"", ""mode"": ""Sch-S""}",OBJECT,Sch-S,UNKNOWN
lock_acquired,2026-09-18 17:00:19.030,78,0,0,0,"{""event_name"": ""lock_acquired"", ""timestamp"": ""2026-09-18 17:00:19.030"", ""session_id"": 78, ""resource_type"": ""OBJECT"", ""mode"": ""IX""}",OBJECT,IX,UNKNOWN
lock_acquired,2026-09-18 17:00:19.030,78,0,0,0,"{""event_name"": ""lock_acquired"", ""timestamp"": ""2026-09-18 17:00:19.030"", ""session_id"": 78, ""resource_type"": ""OBJECT"", ""mode"": ""IS""}",OBJECT,IS,UNKNOWN
lock_acquired,2026-09-18 17:00:19.030,85,0,0,0,"{""event_name"": ""lock_acquired"", ""timestamp"": ""2026-09-18 17:00:19.030"", ""session_id"": 85, ""resource_type"": ""OBJECT"", ""mode"": ""IX""}",OBJECT,IX,UNKNOWN
lock_acquired,2026-09-18 17:00:19.030,84,0,0,0,"{""event_name"": ""lock_acquired"", ""timestamp"": ""2026-09-18 17:00:19.030"", ""session_id"": 84, ""resource_type"": ""KEY"", ""mode"": ""X""}",KEY,X,UNKNOWN
lock_acquired,2026-09-18 17:00:19.030,85,0,0,0,"{""event_name"": ""lock_acquired"", ""timestamp"": ""2026-09-18 17:00:19.030"", ""session_id"": 85, ""resource_type"": ""OBJECT"", ""mode"": ""IS""}",OBJECT,IS,UNKNOWN
lock_released,2026-09-18 17:00:19.030,83,0,0,0,"{""event_name"": ""lock_released"", ""timestamp"": ""2026-09-18 17:00:19.030"", ""session_id"": 83, ""resource_type"": ""OBJECT"", ""mode"": ""IX""}",OBJECT,IX,UNKNOWN
lock_released,2026-09-18 17:00:19.030,83,0,0,0,"{""event_name"": ""lock_released"", ""timestamp"": ""2026-09-18 17:00:19.030"", ""session_id"": 83, ""resource_type"": ""OBJECT"", ""mode"": ""IS""}",OBJECT,IS,UNKNOWN
lock_released,2026-09-18 17:00:19.030,80,0,0,0,"{""event_name"": ""lock_released"", ""timestamp"": ""2026-09-18 17:00:19.030"", ""session_id"": 80, ""resource_type"": ""OBJECT"", ""mode"": ""IS""}",OBJECT,IS,UNKNOWN
lock_released,2026-09-18 17:00:19.030,80,0,0,0,"{""event_name"": ""lock_released"", ""timestamp"": ""2026-09-18 17:00:19.030"", ""session_id"": 80, ""resource_type"": ""OBJECT"", ""mode"": ""IX""}",OBJECT,IX,UNKNOWN
lock_released,2026-09-18 17:00:19.030,83,0,0,0,"{""event_name"": ""lock_released"", ""timestamp"": ""2026-09-18 17:00:19.030"", ""session_id"": 83, ""resource_type"": ""PAGE"", ""mode"": ""S""}",PAGE,S,UNKNOWN
lock_released,2026-09-18 17:00:19.030,84,0,0,0,"{""event_name"": ""lock_released"", ""timestamp"": ""2026-09-18 17:00:19.030"", ""session_id"": 84, ""resource_type"": ""OBJECT"", ""mode"": ""IS""}",OBJECT,IS,UNKNOWN
lock_released,2026-09-18 17:00:19.030,84,0,0,0,"{""event_name"": ""lock_released"", ""timestamp"": ""2026-09-18 17:00:19.030"", ""session_id"": 84, ""resource_type"": ""OBJECT"", ""mode"": ""IX""}",OBJECT,IX,UNKNOWN
lock_released,2026-09-18 17:00:19.030,77,0,0,0,"{""event_name"": ""lock_released"", ""timestamp"": ""2026-09-18 17:00:19.030"", ""session_id"": 77, ""resource_type"": ""PAGE"", ""mode"": ""S""}",PAGE,S,UNKNOWN
lock_released,2026-09-18 17:00:19.030,78,0,0,0,"{""event_name"": ""lock_released"", ""timestamp"": ""2026-09-18 17:00:19.030"", ""session_id"": 78, ""resource_type"": ""OBJECT"", ""mode"": ""Sch-S""}",OBJECT,Sch-S,UNKNOWN
lock_released,2026-09-18 17:00:19.030,81,0,0,0,"{""event_name"": ""lock_released"", ""timestamp"": ""2026-09-18 17:00:19.030"", ""session_id"": 81, ""resource_type"": ""METADATA"", ""mode"": ""X""}",METADATA,X,UNKNOWN
lock_acquired,2026-09-18 17:00:24.066,83,0,0,0,"{""event_name"": ""lock_acquired"", ""timestamp"": ""2026-09-18 17:00:24.066"", ""session_id"": 83, ""resource_type"": ""OBJECT"", ""mode"": ""IX""}",OBJECT,IX,UNKNOWN
lock_acquired,2026-09-18 17:00:24.066,83,0,0,0,"{""event_name"": ""lock_acquired"", ""timestamp"": ""2026-09-18 17:00:24.066"", ""session_id"": 83, ""resource_type"": ""OBJECT"", ""mode"": ""IS""}",OBJECT,IS,UNKNOWN
lock_acquired,2026-09-18 17:00:24.066,80,0,0,0,"{""event_name"": ""lock_acquired"", ""timestamp"": ""2026-09-18 17:00:24.066"", ""session_id"": 80, ""resource_type"": ""OBJECT"", ""mode"": ""IS""}",OBJECT,IS,UNKNOWN
lock_acquired,2026-09-18 17:00:24.066,80,0,0,0,"{""event_name"": ""lock_acquired"", ""timestamp"": ""2026-09-18 17:00:24.066"", ""session_id"": 80, ""resource_type"": ""OBJECT"", ""mode"": ""IX""}",OBJECT,IX,UNKNOWN
lock_acquired,2026-09-18 17:00:24.066,84,0,0,0,"{""event_name"": ""lock_acquired"", ""timestamp"": ""2026-09-18 17:00:24.066"", ""session_id"": 84, ""resource_type"": ""OBJECT"", ""mode"": ""IS""}",OBJECT,IS,UNKNOWN
lock_acquired,2026-09-18 17:00:24.066,76,0,0,0,"{""event_name"": ""lock_acquired"", ""timestamp"": ""2026-09-18 17:00:24.066"", ""session_id"": 76, ""resource_type"": ""OBJECT"", ""mode"": ""IX""}",OBJECT,IX,UNKNOWN
lock_acquired,2026-09-18 17:00:24.066,84,0,0,0,"{""event_name"": ""lock_acquired"", ""timestamp"": ""2026-09-18 17:00:24.066"", ""session_id"": 84, ""resource_type"": ""OBJECT"", ""mode"": ""IX""}",OBJECT,IX,UNKNOWN
lock_acquired,2026-09-18 17:00:24.066,77,0,0,0,"{""event_name"": ""lock_acquired"", ""timestamp"": ""2026-09-18 17:00:24.066"", ""session_id"": 77, ""resource_type"": ""OBJECT"", ""mode"": ""Sch-S""}",OBJECT,Sch-S,UNKNOWN
lock_acquired,2026-09-18 17:00:24.066,76,0,0,0,"{""event_name"": ""lock_acquired"", ""timestamp"": ""2026-09-18 17:00:24.066"", ""session_id"": 76, ""resource_type"": ""OBJECT"", ""mode"": ""IS""}",OBJECT,IS,UNKNOWN
lock_released,2026-09-18 17:00:24.066,76,0,0,0,"{""event_name"": ""lock_released"", ""timestamp"": ""2026-09-18 17:00:24.066"", ""session_id"": 76, ""resource_type"": ""OBJECT"", ""mode"": ""Sch-S""}",OBJECT,Sch-S,UNKNOWN
lock_released,2026-09-18 17:00:24.066,77,0,0,0,"{""event_name"": ""lock_released"", ""timestamp"": ""2026-09-18 17:00:24.066"", ""session_id"": 77, ""resource_type"": ""OBJECT"", ""mode"": ""IX""}",OBJECT,IX,UNKNOWN
lock_released,2026-09-18 17:00:24.066,77,0,0,0,"{""event_name"": ""lock_released"", ""timestamp"": ""2026-09-18 17:00:24.066"", ""session_id"": 77, ""resource_type"": ""OBJECT"", ""mode"": ""IS""}",OBJECT,IS,UNKNOWN
lock_released,2026-09-18 17:00:24.066,84,0,0,0,"{""event_name"": ""lock_released"", ""timestamp"": ""2026-09-18 17:00:24.066"", ""session_id"": 84, ""resource_type"": ""KEY"", ""mode"": ""X""}",KEY,X,UNKNOWN
lock_released,2026-09-18 17:00:24.066,79,0,0,0,"{""event_name"": ""lock_released"", ""timestamp"": ""2026-09-18 17:00:24.066"", ""session_id"": 79, ""resource_type"": ""OBJECT"", ""mode"": ""IX""}",OBJECT,IX,UNKNOWN
lock_released,2026-09-18 17:00:24.066,81,0,0,0,"{""event_name"": ""lock_released"", ""timestamp"": ""2026-09-18 17:00:24.066"", ""session_id"": 81, ""resource_type"": ""OBJECT"", ""mode"": ""Sch-S""}",OBJECT,Sch-S,UNKNOWN
lock_released,2026-09-18 17:00:24.066,79,0,0,0,"{""event_name"": ""lock_released"", ""timestamp"": ""2026-09-18 17:00:24.066"", ""session_id"": 79, ""resource_type"": ""OBJECT"", ""mode"": ""IS""}",OBJECT,IS,UNKNOWN
lock_acquired,2026-09-18 17:00:29.122,84,0,0,0,"{""event_name"": ""lock_acquired"", ""timestamp"": ""2026-09-18 17:00:29.122"", ""session_id"": 84, ""resource_type"": ""PAGE"", ""mode"": ""S""}",PAGE,S,UNKNOWN
lock_acquired,2026-09-18 17:00:29.122,77,0,0,0,"{""event_name"": ""lock_acquired"", ""timestamp"": ""2026-09-18 17:00:29.122"", ""session_id"": 77, ""resource_type"": ""OBJECT"", ""mode"": ""IX""}",OBJECT,IX,UNKNOWN
lock_acquired,2026-09-18 17:00:29.122,77,0,0,0,"{""event_name"": ""lock_acquired"", ""timestamp"": ""2026-09-18 17:00:29.122"", ""session_id"": 77, ""resource_type"": ""OBJECT"", ""mode"": ""IS""}",OBJECT,IS,UNKNOWN
lock_acquired,2026-09-18 17:00:29.122,83,0,0,0,"{""event_name"": ""lock_acquired"", ""timestamp"": ""2026-09-18 17:00:29.122"", ""session_id"": 83, ""resource_type"": ""OBJECT"", ""mode"": ""Sch-S""}",OBJECT,Sch-S,UNKNOWN
lock_acquired,2026-09-18 17:00:29.122,81,0,0,0,"{""event_name"": ""lock_acquired"", ""timestamp"": ""2026-09-18 17:00:29.122"", ""session_id"": 81, ""resource_type"": ""OBJECT"", ""mode"": ""Sch-S""}",OBJECT,Sch-S,UNKNOWN
lock_acquired,2026-09-18 17:00:29.122,78,0,0,0,"{""event_name"": ""lock_acquired"", ""timestamp"": ""2026-09-18 17:00:29.122"", ""session_id"": 78, ""resource_type"": ""OBJECT"", ""mode"": ""Sch-S""}",OBJECT,Sch-S,UNKNOWN
lock_released,2026-09-18 17:00:29.122,83,0,0,0,"{""event_name"": ""lock_released"", ""timestamp"": ""2026-09-18 17:00:29.122"", ""session_id"": 83, ""resource_type"": ""OBJECT"", ""mode"": ""IX""}",OBJECT,IX,UNKNOWN
lock_released,2026-09-18 17:00:29.122,83,0,0,0,"{""event_name"": ""lock_released"", ""timestamp"": ""2026-09-18 17:00:29.122"", ""session_id"": 83, ""resource_type"": ""OBJECT"", ""mode"": ""IS""}",OBJECT,IS,UNKNOWN
lock_released,2026-09-18 17:00:29.122,82,0,0,0,"{""event_name"": ""lock_released"", ""timestamp"": ""2026-09-18 17:00:29.122"", ""session_id"": 82, ""resource_type"": ""OBJECT"", ""mode"": ""IX""}",OBJECT,IX,UNKNOWN
lock_released,2026-09-18 17:00:29.122,78,0,0,0,"{""event_name"": ""lock_released"", ""timestamp"": ""2026-09-18 17:00:29.122"", ""session_id"": 78, ""resource_type"": ""OBJECT"", ""mode"": ""IX""}",OBJECT,IX,UNKNOWN
lock_released,2026-09-18 17:00:29.122,80,0,0,0,"{""event_name"": ""lock_released"", ""timestamp"": ""2026-09-18 17:00:29.122"", ""session_id"": 80, ""resource_type"": ""OBJECT"", ""mode"": ""IS""}",OBJECT,IS,UNKNOWN
lock_released,2026-09-18 17:00:29.122,80,0,0,0,"{""event_name"": ""lock_released"", ""timestamp"": ""2026-09-18 17:00:29.122"", ""session_id"": 80, ""resource_type"": ""OBJECT"", ""mode"": ""IX""}",OBJECT,IX,UNKNOWN
lock_released,2026-09-18 17:00:29.122,78,0,0,0,"{""event_name"": ""lock_released"", ""timestamp"": ""2026-09-18 17:00:29.122"", ""session_id"": 78, ""resource_type"": ""OBJECT"", ""mode"": ""IS""}",OBJECT,IS,UNKNOWN
lock_released,2026-09-18 17:00:29.122,77,0,0,0,"{""event_name"": ""lock_released"", ""timestamp"": ""2026-09-18 17:00:29.122"", ""session_id"": 77, ""resource_type"": ""OBJECT"", ""mode"": ""Sch-S""}",OBJECT,Sch-S,UNKNOWN
lock_released,2026-09-18 17:00:29.122,82,0,0,0,"{""event_name"": ""lock_released"", ""timestamp"": ""2026-09-18 17:00:29.122"", ""session_id"": 82, ""resource_type"": ""OBJECT"", ""mode"": ""IS""}",OBJECT,IS,UNKNOWN
lock_acquired,2026-09-18 17:00:34.163,83,0,0,0,"{""event_name"": ""lock_acquired"", ""timestamp"": ""2026-09-18 17:00:34.163"", ""session_id"": 83, ""resource_type"": ""OBJECT"", ""mode"": ""IX""}",OBJECT,IX,UNKNOWN
lock_acquired,2026-09-18 17:00:34.163,85,0,0,0,"{""event_name"": ""lock_acquired"", ""timestamp"": ""2026-09-18 17:00:34.163"", ""session_id"": 85, ""resource_type"": ""PAGE"", ""mode"": ""S""}",PAGE,S,UNKNOWN
lock_acquired,2026-09-18 17:00:34.163,83,0,0,0,"{""event_name"": ""lock_acquired"", ""timestamp"": ""2026-09-18 17:00:34.163"", ""session_id"": 83, ""resource_type"": ""OBJECT"", ""mode"": ""IS""}",OBJECT,IS,UNKNOWN
lock_acquired,2026-09-18 17:00:34.163,81,0,0,0,"{""event_name"": ""lock_acquired"", ""timestamp"": ""2026-09-18 17:00:34.163"", ""session_id"": 81, ""resource_type"": ""OBJECT"", ""mode"": ""IX""}",OBJECT,IX,UNKNOWN
lock_acquired,2026-09-18 17:00:34.163,82,0,0,0,"{""event_name"": ""lock_acquired"", ""timestamp"": ""2026-09-18 17:00:34.163"", ""session_id"": 82, ""resource_type"": ""OBJECT"", ""mode"": ""IX""}",OBJECT,IX,UNKNOWN
lock_acquired,2026-09-18 17:00:34.163,78,0,0,0,"{""event_name"": ""lock_acquired"", ""timestamp"": ""2026-09-18 17:00:34.163"", ""session_id"": 78, ""resource_type"": ""OBJECT"", ""mode"": ""IX""}",OBJECT,IX,UNKNOWN
lock_acquired,2026-09-18 17:00:34.163,80,0,0,0,"{""event_name"": ""lock_acquired"", ""timestamp"": ""2026-09-18 17:00:34.163"", ""session_id"": 80, ""resource_type"": ""OBJECT"", ""mode"": ""IS""}",OBJECT,IS,UNKNOWN
lock_acquired,2026-09-18 17:00:34.163,80,0,0,0,"{""event_name"": ""lock_acquired"", ""timestamp"": ""2026-09-18 17:00:34.163"", ""session_id"": 80, ""resource_type"": ""OBJECT"", ""mode"": ""IX""}",OBJECT,IX,UNKNOWN
lock_acquired,2026-09-18 17:00:34.163,81,0,0,0,"{""event_name"": ""lock_acquired"", ""timestamp"": ""2026-09-18 17:00:34.163"", ""session_id"": 81, ""resource_type"": ""OBJECT"", ""mode"": ""IS""}",OBJECT,IS,UNKNOWN
lock_acquired,2026-09-18 17:00:34.163,80,0,0,0,"{""event_name"": ""lock_acquired"", ""timestamp"": ""2026-09-18 17:00:34.163"", ""session_id"": 80, ""resource_type"": ""PAGE"", ""mode"": ""S""}",PAGE,S,UNKNOWN
lock_acquired,2026-09-18 17:00:34.163,78,0,0,0,"{""event_name"": ""lock_acquired"", ""timestamp"": ""2026-09-18 17:00:34.163"", ""session_id"": 78, ""resource_type"": ""OBJECT"", ""mode"": ""IS""}",OBJECT,IS,UNKNOWN
lock_acquired,2026-09-18 17:00:34.163,79,0,0,0,"{""event_name"": ""lock_acquired"", ""timestamp"": ""2026-09-18 17:00:34.163"", ""session_id"": 79, ""resource_type"": ""OBJECT"", ""mode"": ""IX""}",OBJECT,IX,UNKNOWN
lock_acquired,2026-09-18 17:00:34.163,82,0,0,0,"{""event_name"": ""lock_acquired"", ""timestamp"": ""2026-09-18 17:00:34.163"", ""session_id"": 82, ""resource_type"": ""OBJECT"", ""mode"": ""IS""}",OBJECT,IS,UNKNOWN
lock_acquired,2026-09-18 17:00:34.163,79,0,0,0,"{""event_name"": ""lock_acquired"", ""timestamp"": ""2026-09-18 17:00:34.163"", ""session_id"": 79, ""resource_type"": ""OBJECT"", ""mode"": ""IS""}",OBJECT,IS,UNKNOWN
lock_released,2026-09-18 17:00:34.163,81,0,0,0,"{""event_name"": ""lock_released"", ""timestamp"": ""2026-09-18 17:00:34.163"", ""session_id"": 81, ""resource_type"": ""OBJECT"", ""mode"": ""Sch-S""}",OBJECT,Sch-S,UNKNOWN
lock_released,2026-09-18 17:00:34.163,83,0,0,0,"{""event_name"": ""lock_released"", ""timestamp"": ""2026-09-18 17:00:34.163"", ""session_id"": 83, ""resource_type"": ""OBJECT"", ""mode"": ""Sch-S""}",OBJECT,Sch-S,UNKNOWN
lock_released,2026-09-18 17:00:34.163,84,0,0,0,"{""event_name"": ""lock_released"", ""timestamp"": ""2026-09-18 17:00:34.163"", ""session_id"": 84, ""resource_type"": ""PAGE"", ""mode"": ""S""}",PAGE,S,UNKNOWN
lock_released,2026-09-18 17:00:34.163,78,0,0,0,"{""event_name"": ""lock_released"", ""timestamp"": ""2026-09-18 17:00:34.163"", ""session_id"": 78, ""resource_type"": ""OBJECT"", ""mode"": ""Sch-S""}",OBJECT,Sch-S,UNKNOWN
lock_acquired,2026-09-18 17:00:39.202,80,0,0,0,"{""event_name"": ""lock_acquired"", ""timestamp"": ""2026-09-18 17:00:39.202"", ""session_id"": 80, ""resource_type"": ""PAGE"", ""mode"": ""IX""}",PAGE,IX,UNKNOWN
lock_acquired,2026-09-18 17:00:39.202,81,0,0,0,"{""event_name"": ""lock_acquired"", ""timestamp"": ""2026-09-18 17:00:39.202"", ""session_id"": 81, ""resource_type"": ""PAGE"", ""mode"": ""IX""}",PAGE,IX,UNKNOWN
lock_acquired,2026-09-18 17:00:39.202,82,0,0,0,"{""event_name"": ""lock_acquired"", ""timestamp"": ""2026-09-18 17:00:39.202"", ""session_id"": 82, ""resource_type"": ""PAGE"", ""mode"": ""S""}",PAGE,S,UNKNOWN
lock_acquired,2026-09-18 17:00:39.202,80,0,0,0,"{""event_name"": ""lock_acquired"", ""timestamp"": ""2026-09-18 17:00:39.202"", ""session_id"": 80, ""resource_type"": ""KEY"", ""mode"": ""X""}",KEY,X,UNKNOWN
lock_acquired,2026-09-18 17:00:39.202,81,0,0,0,"{""event_name"": ""lock_acquired"", ""timestamp"": ""2026-09-18 17:00:39.202"", ""session_id"": 81, ""resource_type"": ""KEY"", ""mode"": ""U""}",KEY,U,UNKNOWN
lock_acquired,2026-09-18 17:00:39.202,77,0,0,0,"{""event_name"": ""lock_acquired"", ""timestamp"": ""2026-09-18 17:00:39.202"", ""session_id"": 77, ""resource_type"": ""PAGE"", ""mode"": ""S""}",PAGE,S,UNKNOWN
lock_acquired,2026-09-18 17:00:39.202,81,0,0,0,"{""event_name"": ""lock_acquired"", ""timestamp"": ""2026-09-18 17:00:39.202"", ""session_id"": 81, ""resource_type"": ""KEY"", ""mode"": ""X""}",KEY,X,UNKNOWN
lock_acquired,2026-09-18 17:00:39.202,80,0,0,0,"{""event_name"": ""lock_acquired"", ""timestamp"": ""2026-09-18 17:00:39.202"", ""session_id"": 80, ""resource_type"": ""KEY"", ""mode"": ""U""}",KEY,U,UNKNOWN
lock_acquired,2026-09-18 17:00:39.202,76,0,0,0,"{""event_name"": ""lock_acquired"", ""timestamp"": ""2026-09-18 17:00:39.202"", ""session_id"": 76, ""resource_type"": ""PAGE"", ""mode"": ""IX""}",PAGE,IX,UNKNOWN
lock_released,2026-09-18 17:00:39.202,83,0,0,0,"{""event_name"": ""lock_released"", ""timestamp"": ""2026-09-18 17:00:39.202"", ""session_id"": 83, ""resource_type"": ""OBJECT"", ""mode"": ""IX""}",OBJECT,IX,UNKNOWN
lock_released,2026-09-18 17:00:39.202,85,0,0,0,"{""event_name"": ""lock_released"", ""timestamp"": ""2026-09-18 17:00:39.202"", ""session_id"": 85, ""resource_type"": ""PAGE"", ""mode"": ""S""}",PAGE,S,UNKNOWN
lock_released,2026-09-18 17:00:39.202,83,0,0,0,"{""event_name"": ""lock_released"", ""timestamp"": ""2026-09-18 17:00:39.202"", ""session_id"": 83, ""resource_type"": ""OBJECT"", ""mode"": ""IS""}",OBJECT,IS,UNKNOWN
lock_released,2026-09-18 17:00:39.202,80,0,0,0,"{""event_name"": ""lock_released"", ""timestamp"": ""2026-09-18 17:00:39.202"", ""session_id"": 80, ""resource_type"": ""OBJECT"", ""mode"": ""IS""}",OBJECT,IS,UNKNOWN
lock_released,2026-09-18 17:00:39.202,81,0,0,0,"{""event_name"": ""lock_released"", ""timestamp"": ""2026-09-18 17:00:39.202"", ""session_id"": 81, ""resource_type"": ""OBJECT"", ""mode"": ""IS""}",OBJECT,IS,UNKNOWN
lock_released,2026-09-18 17:00:39.202,76,0,0,0,"{""event_name"": ""lock_released"", ""timestamp"": ""2026-09-18 17:00:39.202"", ""session_id"": 76, ""resource_type"": ""OBJECT"", ""mode"": ""IS""}",OBJECT,IS,UNKNOWN
lock_released,2026-09-18 17:00:39.202,80,0,0,0,"{""event_name"": ""lock_released"", ""timestamp"": ""2026-09-18 17:00:39.202"", ""session_id"": 80, ""resource_type"": ""PAGE"", ""mode"": ""S""}",PAGE,S,UNKNOWN
login,2026-09-18 17:00:44.254,92,795ec2146175\Administrator,Microsoft SQL Server,SteelNort,"{""event_name"": ""login"", ""timestamp"": ""2026-09-18 17:00:44.254"", ""session_id"": 92, ""login_name"": ""795ec2146175\\Administrator"", ""program_name"": ""Microsoft SQL Server"", ""database_name"": ""SteelNort""}",0,0,UNKNOWN
lock_acquired,2026-09-18 17:00:44.254,83,0,0,0,"{""event_name"": ""lock_acquired"", ""timestamp"": ""2026-09-18 17:00:44.254"", ""session_id"": 83, ""resource_type"": ""OBJECT"", ""mode"": ""IX""}",OBJECT,IX,UNKNOWN
lock_acquired,2026-09-18 17:00:44.254,78,0,0,0,"{""event_name"": ""lock_acquired"", ""timestamp"": ""2026-09-18 17:00:44.254"", ""session_id"": 78, ""resource_type"": ""PAGE"", ""mode"": ""S""}",PAGE,S,UNKNOWN
lock_acquired,2026-09-18 17:00:44.254,83,0,0,0,"{""event_name"": ""lock_acquired"", ""timestamp"": ""2026-09-18 17:00:44.254"", ""session_id"": 83, ""resource_type"": ""OBJECT"", ""mode"": ""IS""}",OBJECT,IS,UNKNOWN
lock_acquired,2026-09-18 17:00:44.254,80,0,0,0,"{""event_name"": ""lock_acquired"", ""timestamp"": ""2026-09-18 17:00:44.254"", ""session_id"": 80, ""resource_type"": ""OBJECT"", ""mode"": ""IS""}",OBJECT,IS,UNKNOWN
lock_acquired,2026-09-18 17:00:44.254,81,0,0,0,"{""event_name"": ""lock_acquired"", ""timestamp"": ""2026-09-18 17:00:44.254"", ""session_id"": 81, ""resource_type"": ""OBJECT"", ""mode"": ""IS""}",OBJECT,IS,UNKNOWN
lock_acquired,2026-09-18 17:00:44.254,76,0,0,0,"{""event_name"": ""lock_acquired"", ""timestamp"": ""2026-09-18 17:00:44.254"", ""session_id"": 76, ""resource_type"": ""OBJECT"", ""mode"": ""IS""}",OBJECT,IS,UNKNOWN
lock_released,2026-09-18 17:00:44.254,80,0,0,0,"{""event_name"": ""lock_released"", ""timestamp"": ""2026-09-18 17:00:44.254"", ""session_id"": 80, ""resource_type"": ""PAGE"", ""mode"": ""IX""}",PAGE,IX,UNKNOWN
lock_released,2026-09-18 17:00:44.254,81,0,0,0,"{""event_name"": ""lock_released"", ""timestamp"": ""2026-09-18 17:00:44.254"", ""session_id"": 81, ""resource_type"": ""PAGE"", ""mode"": ""IX""}",PAGE,IX,UNKNOWN
lock_released,2026-09-18 17:00:44.254,84,0,0,0,"{""event_name"": ""lock_released"", ""timestamp"": ""2026-09-18 17:00:44.254"", ""session_id"": 84, ""resource_type"": ""OBJECT"", ""mode"": ""IS""}",OBJECT,IS,UNKNOWN
lock_released,2026-09-18 17:00:44.254,84,0,0,0,"{""event_name"": ""lock_released"", ""timestamp"": ""2026-09-18 17:00:44.254"", ""session_id"": 84, ""resource_type"": ""OBJECT"", ""mode"": ""IX""}",OBJECT,IX,UNKNOWN
lock_released,2026-09-18 17:00:44.254,80,0,0,0,"{""event_name"": ""lock_released"", ""timestamp"": ""2026-09-18 17:00:44.254"", ""session_id"": 80, ""resource_type"": ""KEY"", ""mode"": ""X""}",KEY,X,UNKNOWN
lock_released,2026-09-18 17:00:44.254,81,0,0,0,"{""event_name"": ""lock_released"", ""timestamp"": ""2026-09-18 17:00:44.254"", ""session_id"": 81, ""resource_type"": ""KEY"", ""mode"": ""U""}",KEY,U,UNKNOWN
lock_released,2026-09-18 17:00:44.254,81,0,0,0,"{""event_name"": ""lock_released"", ""timestamp"": ""2026-09-18 17:00:44.254"", ""session_id"": 81, ""resource_type"": ""KEY"", ""mode"": ""X""}",KEY,X,UNKNOWN
lock_released,2026-09-18 17:00:44.254,77,0,0,0,"{""event_name"": ""lock_released"", ""timestamp"": ""2026-09-18 17:00:44.254"", ""session_id"": 77, ""resource_type"": ""PAGE"", ""mode"": ""S""}",PAGE,S,UNKNOWN
lock_released,2026-09-18 17:00:44.254,80,0,0,0,"{""event_name"": ""lock_released"", ""timestamp"": ""2026-09-18 17:00:44.254"", ""session_id"": 80, ""resource_type"": ""KEY"", ""mode"": ""U""}",KEY,U,UNKNOWN
lock_released,2026-09-18 17:00:44.254,76,0,0,0,"{""event_name"": ""lock_released"", ""timestamp"": ""2026-09-18 17:00:44.254"", ""session_id"": 76, ""resource_type"": ""PAGE"", ""mode"": ""IX""}",PAGE,IX,UNKNOWN
logout,2026-09-18 17:00:49.298,92,0,0,0,"{""event_name"": ""logout"", ""timestamp"": ""2026-09-18 17:00:49.298"", ""session_id"": 92}",0,0,UNKNOWN
lock_acquired,2026-09-18 17:00:49.298,83,0,0,0,"{""event_name"": ""lock_acquired"", ""timestamp"": ""2026-09-18 17:00:49.298"", ""session_id"": 83, ""resource_type"": ""PAGE"", ""mode"": ""S""}",PAGE,S,UNKNOWN
lock_acquired,2026-09-18 17:00:49.298,84,0,0,0,"{""event_name"": ""lock_acquired"", ""timestamp"": ""2026-09-18 17:00:49.298"", ""session_id"": 84, ""resource_type"": ""OBJECT"", ""mode"": ""Sch-S""}",OBJECT,Sch-S,UNKNOWN
lock_acquired,2026-09-18 17:00:49.298,85,0,0,0,"{""event_name"": ""lock_acquired"", ""timestamp"": ""2026-09-18 17:00:49.298"", ""session_id"": 85, ""resource_type"": ""PAGE"", ""mode"": ""S""}",PAGE,S,UNKNOWN
lock_released,2026-09-18 17:00:49.298,78,0,0,0,"{""event_name"": ""lock_released"", ""timestamp"": ""2026-09-18 17:00:49.298"", ""session_id"": 78, ""resource_type"": ""PAGE"", ""mode"": ""S""}",PAGE,S,UNKNOWN
lock_released,2026-09-18 17:00:49.298,82,0,0,0,"{""event_name"": ""lock_released"", ""timestamp"": ""2026-09-18 17:00:49.298"", ""session_id"": 82, ""resource_type"": ""PAGE"", ""mode"": ""S""}",PAGE,S,UNKNOWN
lock_acquired,2026-09-18 17:00:54.341,84,0,0,0,"{""event_name"": ""lock_acquired"", ""timestamp"": ""2026-09-18 17:00:54.341"", ""session_id"": 84, ""resource_type"": ""OBJECT"", ""mode"": ""IX""}",OBJECT,IX,UNKNOWN
lock_acquired,2026-09-18 17:00:54.341,77,0,0,0,"{""event_name"": ""lock_acquired"", ""timestamp"": ""2026-09-18 17:00:54.341"", ""session_id"": 77, ""resource_type"": ""PAGE"", ""mode"": ""S""}",PAGE,S,UNKNOWN
lock_acquired,2026-09-18 17:00:54.341,84,0,0,0,"{""event_name"": ""lock_acquired"", ""timestamp"": ""2026-09-18 17:00:54.341"", ""session_id"": 84, ""resource_type"": ""OBJECT"", ""mode"": ""IS""}",OBJECT,IS,UNKNOWN
lock_acquired,2026-09-18 17:00:54.341,79,0,0,0,"{""event_name"": ""lock_acquired"", ""timestamp"": ""2026-09-18 17:00:54.341"", ""session_id"": 79, ""resource_type"": ""PAGE"", ""mode"": ""S""}",PAGE,S,UNKNOWN
lock_released,2026-09-18 17:00:54.341,85,0,0,0,"{""event_name"": ""lock_released"", ""timestamp"": ""2026-09-18 17:00:54.341"", ""session_id"": 85, ""resource_type"": ""PAGE"", ""mode"": ""S""}",PAGE,S,UNKNOWN
lock_released,2026-09-18 17:00:54.341,82,0,0,0,"{""event_name"": ""lock_released"", ""timestamp"": ""2026-09-18 17:00:54.341"", ""session_id"": 82, ""resource_type"": ""OBJECT"", ""mode"": ""IX""}",OBJECT,IX,UNKNOWN
lock_released,2026-09-18 17:00:54.341,78,0,0,0,"{""event_name"": ""lock_released"", ""timestamp"": ""2026-09-18 17:00:54.341"", ""session_id"": 78, ""resource_type"": ""OBJECT"", ""mode"": ""IX""}",OBJECT,IX,UNKNOWN
lock_released,2026-09-18 17:00:54.341,83,0,0,0,"{""event_name"": ""lock_released"", ""timestamp"": ""2026-09-18 17:00:54.341"", ""session_id"": 83, ""resource_type"": ""PAGE"", ""mode"": ""S""}",PAGE,S,UNKNOWN
lock_released,2026-09-18 17:00:54.341,78,0,0,0,"{""event_name"": ""lock_released"", ""timestamp"": ""2026-09-18 17:00:54.341"", ""session_id"": 78, ""resource_type"": ""OBJECT"", ""mode"": ""IS""}",OBJECT,IS,UNKNOWN
lock_released,2026-09-18 17:00:54.341,76,0,0,0,"{""event_name"": ""lock_released"", ""timestamp"": ""2026-09-18 17:00:54.341"", ""session_id"": 76, ""resource_type"": ""OBJECT"", ""mode"": ""IX""}",OBJECT,IX,UNKNOWN
lock_released,2026-09-18 17:00:54.341,85,0,0,0,"{""event_name"": ""lock_released"", ""timestamp"": ""2026-09-18 17:00:54.341"", ""session_id"": 85, ""resource_type"": ""OBJECT"", ""mode"": ""IX""}",OBJECT,IX,UNKNOWN
lock_released,2026-09-18 17:00:54.341,84,0,0,0,"{""event_name"": ""lock_released"", ""timestamp"": ""2026-09-18 17:00:54.341"", ""session_id"": 84, ""resource_type"": ""OBJECT"", ""mode"": ""Sch-S""}",OBJECT,Sch-S,UNKNOWN
lock_released,2026-09-18 17:00:54.341,82,0,0,0,"{""event_name"": ""lock_released"", ""timestamp"": ""2026-09-18 17:00:54.341"", ""session_id"": 82, ""resource_type"": ""OBJECT"", ""mode"": ""IS""}",OBJECT,IS,UNKNOWN
lock_released,2026-09-18 17:00:54.341,76,0,0,0,"{""event_name"": ""lock_released"", ""timestamp"": ""2026-09-18 17:00:54.341"", ""session_id"": 76, ""resource_type"": ""OBJECT"", ""mode"": ""IS""}",OBJECT,IS,UNKNOWN
lock_released,2026-09-18 17:00:54.341,85,0,0,0,"{""event_name"": ""lock_released"", ""timestamp"": ""2026-09-18 17:00:54.341"", ""session_id"": 85, ""resource_type"": ""OBJECT"", ""mode"": ""IS""}",OBJECT,IS,UNKNOWN
lock_acquired,2026-09-18 17:00:59.370,84,0,0,0,"{""event_name"": ""lock_acquired"", ""timestamp"": ""2026-09-18 17:00:59.370"", ""session_id"": 84, ""resource_type"": ""PAGE"", ""mode"": ""IX""}",PAGE,IX,UNKNOWN
lock_acquired,2026-09-18 17:00:59.370,82,0,0,0,"{""event_name"": ""lock_acquired"", ""timestamp"": ""2026-09-18 17:00:59.370"", ""session_id"": 82, ""resource_type"": ""OBJECT"", ""mode"": ""IX""}",OBJECT,IX,UNKNOWN
lock_acquired,2026-09-18 17:00:59.370,78,0,0,0,"{""event_name"": ""lock_acquired"", ""timestamp"": ""2026-09-18 17:00:59.370"", ""session_id"": 78, ""resource_type"": ""OBJECT"", ""mode"": ""IX""}",OBJECT,IX,UNKNOWN
lock_acquired,2026-09-18 17:00:59.370,82,0,0,0,"{""event_name"": ""lock_acquired"", ""timestamp"": ""2026-09-18 17:00:59.370"", ""session_id"": 82, ""resource_type"": ""PAGE"", ""mode"": ""S""}",PAGE,S,UNKNOWN
lock_acquired,2026-09-18 17:00:59.370,78,0,0,0,"{""event_name"": ""lock_acquired"", ""timestamp"": ""2026-09-18 17:00:59.370"", ""session_id"": 78, ""resource_type"": ""OBJECT"", ""mode"": ""IS""}",OBJECT,IS,UNKNOWN
lock_acquired,2026-09-18 17:00:59.370,76,0,0,0,"{""event_name"": ""lock_acquired"", ""timestamp"": ""2026-09-18 17:00:59.370"", ""session_id"": 76, ""resource_type"": ""OBJECT"", ""mode"": ""IX""}",OBJECT,IX,UNKNOWN
lock_acquired,2026-09-18 17:00:59.370,85,0,0,0,"{""event_name"": ""lock_acquired"", ""timestamp"": ""2026-09-18 17:00:59.370"", ""session_id"": 85, ""resource_type"": ""OBJECT"", ""mode"": ""IX""}",OBJECT,IX,UNKNOWN
lock_acquired,2026-09-18 17:00:59.370,82,0,0,0,"{""event_name"": ""lock_acquired"", ""timestamp"": ""2026-09-18 17:00:59.370"", ""session_id"": 82, ""resource_type"": ""OBJECT"", ""mode"": ""IS""}",OBJECT,IS,UNKNOWN
lock_acquired,2026-09-18 17:00:59.370,76,0,0,0,"{""event_name"": ""lock_acquired"", ""timestamp"": ""2026-09-18 17:00:59.370"", ""session_id"": 76, ""resource_type"": ""OBJECT"", ""mode"": ""IS""}",OBJECT,IS,UNKNOWN
lock_acquired,2026-09-18 17:00:59.370,85,0,0,0,"{""event_name"": ""lock_acquired"", ""timestamp"": ""2026-09-18 17:00:59.370"", ""session_id"": 85, ""resource_type"": ""OBJECT"", ""mode"": ""IS""}",OBJECT,IS,UNKNOWN
lock_released,2026-09-18 17:00:59.370,81,0,0,0,"{""event_name"": ""lock_released"", ""timestamp"": ""2026-09-18 17:00:59.370"", ""session_id"": 81, ""resource_type"": ""OBJECT"", ""mode"": ""IX""}",OBJECT,IX,UNKNOWN
lock_released,2026-09-18 17:00:59.370,79,0,0,0,"{""event_name"": ""lock_released"", ""timestamp"": ""2026-09-18 17:00:59.370"", ""session_id"": 79, ""resource_type"": ""PAGE"", ""mode"": ""S""}",PAGE,S,UNKNOWN
lock_released,2026-09-18 17:00:59.370,81,0,0,0,"{""event_name"": ""lock_released"", ""timestamp"": ""2026-09-18 17:00:59.370"", ""session_id"": 81, ""resource_type"": ""OBJECT"", ""mode"": ""IS""}",OBJECT,IS,UNKNOWN
lock_released,2026-09-18 17:00:59.370,84,0,0,0,"{""event_name"": ""lock_released"", ""timestamp"": ""2026-09-18 17:00:59.370"", ""session_id"": 84, ""resource_type"": ""OBJECT"", ""mode"": ""IS""}",OBJECT,IS,UNKNOWN
lock_released,2026-09-18 17:00:59.370,77,0,0,0,"{""event_name"": ""lock_released"", ""timestamp"": ""2026-09-18 17:00:59.370"", ""session_id"": 77, ""resource_type"": ""PAGE"", ""mode"": ""S""}",PAGE,S,UNKNOWN
lock_acquired,2026-09-18 17:01:04.410,77,0,0,0,"{""event_name"": ""lock_acquired"", ""timestamp"": ""2026-09-18 17:01:04.410"", ""session_id"": 77, ""resource_type"": ""PAGE"", ""mode"": ""IS""}",PAGE,IS,UNKNOWN
lock_acquired,2026-09-18 17:01:04.410,81,0,0,0,"{""event_name"": ""lock_acquired"", ""timestamp"": ""2026-09-18 17:01:04.410"", ""session_id"": 81, ""resource_type"": ""OBJECT"", ""mode"": ""IX""}",OBJECT,IX,UNKNOWN
lock_acquired,2026-09-18 17:01:04.410,79,0,0,0,"{""event_name"": ""lock_acquired"", ""timestamp"": ""2026-09-18 17:01:04.410"", ""session_id"": 79, ""resource_type"": ""PAGE"", ""mode"": ""S""}",PAGE,S,UNKNOWN
lock_acquired,2026-09-18 17:01:04.410,83,0,0,0,"{""event_name"": ""lock_acquired"", ""timestamp"": ""2026-09-18 17:01:04.410"", ""session_id"": 83, ""resource_type"": ""OBJECT"", ""mode"": ""Sch-S""}",OBJECT,Sch-S,UNKNOWN
lock_acquired,2026-09-18 17:01:04.410,81,0,0,0,"{""event_name"": ""lock_acquired"", ""timestamp"": ""2026-09-18 17:01:04.410"", ""session_id"": 81, ""resource_type"": ""OBJECT"", ""mode"": ""IS""}",OBJECT,IS,UNKNOWN
lock_acquired,2026-09-18 17:01:04.410,77,0,0,0,"{""event_name"": ""lock_acquired"", ""timestamp"": ""2026-09-18 17:01:04.410"", ""session_id"": 77, ""resource_type"": ""OBJECT"", ""mode"": ""Sch-S""}",OBJECT,Sch-S,UNKNOWN
lock_acquired,2026-09-18 17:01:04.410,83,0,0,0,"{""event_name"": ""lock_acquired"", ""timestamp"": ""2026-09-18 17:01:04.410"", ""session_id"": 83, ""resource_type"": ""METADATA"", ""mode"": ""Sch-S""}",METADATA,Sch-S,UNKNOWN
lock_acquired,2026-09-18 17:01:04.410,77,0,0,0,"{""event_name"": ""lock_acquired"", ""timestamp"": ""2026-09-18 17:01:04.410"", ""session_id"": 77, ""resource_type"": ""METADATA"", ""mode"": ""Sch-S""}",METADATA,Sch-S,UNKNOWN
lock_acquired,2026-09-18 17:01:04.410,82,0,0,0,"{""event_name"": ""lock_acquired"", ""timestamp"": ""2026-09-18 17:01:04.410"", ""session_id"": 82, ""resource_type"": ""KEY"", ""mode"": ""X""}",KEY,X,UNKNOWN
lock_released,2026-09-18 17:01:04.410,83,0,0,0,"{""event_name"": ""lock_released"", ""timestamp"": ""2026-09-18 17:01:04.410"", ""session_id"": 83, ""resource_type"": ""OBJECT"", ""mode"": ""IX""}",OBJECT,IX,UNKNOWN
lock_released,2026-09-18 17:01:04.410,77,0,0,0,"{""event_name"": ""lock_released"", ""timestamp"": ""2026-09-18 17:01:04.410"", ""session_id"": 77, ""resource_type"": ""OBJECT"", ""mode"": ""IS""}",OBJECT,IS,UNKNOWN
lock_released,2026-09-18 17:01:04.410,84,0,0,0,"{""event_name"": ""lock_released"", ""timestamp"": ""2026-09-18 17:01:04.410"", ""session_id"": 84, ""resource_type"": ""PAGE"", ""mode"": ""IX""}",PAGE,IX,UNKNOWN
lock_released,2026-09-18 17:01:04.410,77,0,0,0,"{""event_name"": ""lock_released"", ""timestamp"": ""2026-09-18 17:01:04.410"", ""session_id"": 77, ""resource_type"": ""OBJECT"", ""mode"": ""IX""}",OBJECT,IX,UNKNOWN
lock_released,2026-09-18 17:01:04.410,83,0,0,0,"{""event_name"": ""lock_released"", ""timestamp"": ""2026-09-18 17:01:04.410"", ""session_id"": 83, ""resource_type"": ""OBJECT"", ""mode"": ""IS""}",OBJECT,IS,UNKNOWN
lock_released,2026-09-18 17:01:04.410,82,0,0,0,"{""event_name"": ""lock_released"", ""timestamp"": ""2026-09-18 17:01:04.410"", ""session_id"": 82, ""resource_type"": ""OBJECT"", ""mode"": ""IX""}",OBJECT,IX,UNKNOWN
lock_released,2026-09-18 17:01:04.410,82,0,0,0,"{""event_name"": ""lock_released"", ""timestamp"": ""2026-09-18 17:01:04.410"", ""session_id"": 82, ""resource_type"": ""PAGE"", ""mode"": ""S""}",PAGE,S,UNKNOWN
lock_released,2026-09-18 17:01:04.410,84,0,0,0,"{""event_name"": ""lock_released"", ""timestamp"": ""2026-09-18 17:01:04.410"", ""session_id"": 84, ""resource_type"": ""OBJECT"", ""mode"": ""IX""}",OBJECT,IX,UNKNOWN
lock_released,2026-09-18 17:01:04.410,82,0,0,0,"{""event_name"": ""lock_released"", ""timestamp"": ""2026-09-18 17:01:04.410"", ""session_id"": 82, ""resource_type"": ""OBJECT"", ""mode"": ""IS""}",OBJECT,IS,UNKNOWN
lock_acquired,2026-09-18 17:01:09.460,83,0,0,0,"{""event_name"": ""lock_acquired"", ""timestamp"": ""2026-09-18 17:01:09.460"", ""session_id"": 83, ""resource_type"": ""PAGE"", ""mode"": ""IS""}",PAGE,IS,UNKNOWN
lock_acquired,2026-09-18 17:01:09.460,79,0,0,0,"{""event_name"": ""lock_acquired"", ""timestamp"": ""2026-09-18 17:01:09.460"", ""session_id"": 79, ""resource_type"": ""KEY"", ""mode"": ""X""}",KEY,X,UNKNOWN
lock_acquired,2026-09-18 17:01:09.460,77,0,0,0,"{""event_name"": ""lock_acquired"", ""timestamp"": ""2026-09-18 17:01:09.460"", ""session_id"": 77, ""resource_type"": ""OBJECT"", ""mode"": ""IS""}",OBJECT,IS,UNKNOWN
lock_acquired,2026-09-18 17:01:09.460,77,0,0,0,"{""event_name"": ""lock_acquired"", ""timestamp"": ""2026-09-18 17:01:09.460"", ""session_id"": 77, ""resource_type"": ""OBJECT"", ""mode"": ""IX""}",OBJECT,IX,UNKNOWN
lock_acquired,2026-09-18 17:01:09.460,83,0,0,0,"{""event_name"": ""lock_acquired"", ""timestamp"": ""2026-09-18 17:01:09.460"", ""session_id"": 83, ""resource_type"": ""OBJECT"", ""mode"": ""IS""}",OBJECT,IS,UNKNOWN
lock_acquired,2026-09-18 17:01:09.460,82,0,0,0,"{""event_name"": ""lock_acquired"", ""timestamp"": ""2026-09-18 17:01:09.460"", ""session_id"": 82, ""resource_type"": ""OBJECT"", ""mode"": ""IX""}",OBJECT,IX,UNKNOWN
lock_acquired,2026-09-18 17:01:09.460,84,0,0,0,"{""event_name"": ""lock_acquired"", ""timestamp"": ""2026-09-18 17:01:09.460"", ""session_id"": 84, ""resource_type"": ""OBJECT"", ""mode"": ""IS""}",OBJECT,IS,UNKNOWN
lock_acquired,2026-09-18 17:01:09.460,84,0,0,0,"{""event_name"": ""lock_acquired"", ""timestamp"": ""2026-09-18 17:01:09.460"", ""session_id"": 84, ""resource_type"": ""OBJECT"", ""mode"": ""IX""}",OBJECT,IX,UNKNOWN
lock_acquired,2026-09-18 17:01:09.460,82,0,0,0,"{""event_name"": ""lock_acquired"", ""timestamp"": ""2026-09-18 17:01:09.460"", ""session_id"": 82, ""resource_type"": ""OBJECT"", ""mode"": ""IS""}",OBJECT,IS,UNKNOWN
lock_acquired,2026-09-18 17:01:09.460,83,0,0,0,"{""event_name"": ""lock_acquired"", ""timestamp"": ""2026-09-18 17:01:09.460"", ""session_id"": 83, ""resource_type"": ""KEY"", ""mode"": ""S""}",KEY,S,UNKNOWN
lock_released,2026-09-18 17:01:09.460,77,0,0,0,"{""event_name"": ""lock_released"", ""timestamp"": ""2026-09-18 17:01:09.460"", ""session_id"": 77, ""resource_type"": ""PAGE"", ""mode"": ""IS""}",PAGE,IS,UNKNOWN
lock_released,2026-09-18 17:01:09.460,83,0,0,0,"{""event_name"": ""lock_released"", ""timestamp"": ""2026-09-18 17:01:09.460"", ""session_id"": 83, ""resource_type"": ""METADATA"", ""mode"": ""Sch-S""}",METADATA,Sch-S,UNKNOWN
lock_released,2026-09-18 17:01:09.460,85,0,0,0,"{""event_name"": ""lock_released"", ""timestamp"": ""2026-09-18 17:01:09.460"", ""session_id"": 85, ""resource_type"": ""OBJECT"", ""mode"": ""IX""}",OBJECT,IX,UNKNOWN
lock_released,2026-09-18 17:01:09.460,79,0,0,0,"{""event_name"": ""lock_released"", ""timestamp"": ""2026-09-18 17:01:09.460"", ""session_id"": 79, ""resource_type"": ""PAGE"", ""mode"": ""S""}",PAGE,S,UNKNOWN
lock_released,2026-09-18 17:01:09.460,83,0,0,0,"{""event_name"": ""lock_released"", ""timestamp"": ""2026-09-18 17:01:09.460"", ""session_id"": 83, ""resource_type"": ""OBJECT"", ""mode"": ""Sch-S""}",OBJECT,Sch-S,UNKNOWN
lock_released,2026-09-18 17:01:09.460,79,0,0,0,"{""event_name"": ""lock_released"", ""timestamp"": ""2026-09-18 17:01:09.460"", ""session_id"": 79, ""resource_type"": ""OBJECT"", ""mode"": ""IS""}",OBJECT,IS,UNKNOWN
lock_released,2026-09-18 17:01:09.460,77,0,0,0,"{""event_name"": ""lock_released"", ""timestamp"": ""2026-09-18 17:01:09.460"", ""session_id"": 77, ""resource_type"": ""OBJECT"", ""mode"": ""Sch-S""}",OBJECT,Sch-S,UNKNOWN
lock_released,2026-09-18 17:01:09.460,79,0,0,0,"{""event_name"": ""lock_released"", ""timestamp"": ""2026-09-18 17:01:09.460"", ""session_id"": 79, ""resource_type"": ""OBJECT"", ""mode"": ""IX""}",OBJECT,IX,UNKNOWN
lock_released,2026-09-18 17:01:09.460,77,0,0,0,"{""event_name"": ""lock_released"", ""timestamp"": ""2026-09-18 17:01:09.460"", ""session_id"": 77, ""resource_type"": ""METADATA"", ""mode"": ""Sch-S""}",METADATA,Sch-S,UNKNOWN
lock_released,2026-09-18 17:01:09.460,85,0,0,0,"{""event_name"": ""lock_released"", ""timestamp"": ""2026-09-18 17:01:09.460"", ""session_id"": 85, ""resource_type"": ""OBJECT"", ""mode"": ""IS""}",OBJECT,IS,UNKNOWN
lock_released,2026-09-18 17:01:09.460,82,0,0,0,"{""event_name"": ""lock_released"", ""timestamp"": ""2026-09-18 17:01:09.460"", ""session_id"": 82, ""resource_type"": ""KEY"", ""mode"": ""X""}",KEY,X,UNKNOWN
lock_acquired,2026-09-18 17:01:14.511,82,0,0,0,"{""event_name"": ""lock_acquired"", ""timestamp"": ""2026-09-18 17:01:14.511"", ""session_id"": 82, ""resource_type"": ""OBJECT"", ""mode"": ""Sch-S""}",OBJECT,Sch-S,UNKNOWN
lock_acquired,2026-09-18 17:01:14.511,83,0,0,0,"{""event_name"": ""lock_acquired"", ""timestamp"": ""2026-09-18 17:01:14.511"", ""session_id"": 83, ""resource_type"": ""OBJECT"", ""mode"": ""IX""}",OBJECT,IX,UNKNOWN
lock_acquired,2026-09-18 17:01:14.511,85,0,0,0,"{""event_name"": ""lock_acquired"", ""timestamp"": ""2026-09-18 17:01:14.511"", ""session_id"": 85, ""resource_type"": ""PAGE"", ""mode"": ""S""}",PAGE,S,UNKNOWN
lock_acquired,2026-09-18 17:01:14.511,79,0,0,0,"{""event_name"": ""lock_acquired"", ""timestamp"": ""2026-09-18 17:01:14.511"", ""session_id"": 79, ""resource_type"": ""OBJECT"", ""mode"": ""IS""}",OBJECT,IS,UNKNOWN
lock_acquired,2026-09-18 17:01:14.511,85,0,0,0,"{""event_name"": ""lock_acquired"", ""timestamp"": ""2026-09-18 17:01:14.511"", ""session_id"": 85, ""resource_type"": ""OBJECT"", ""mode"": ""IX""}",OBJECT,IX,UNKNOWN
lock_acquired,2026-09-18 17:01:14.511,79,0,0,0,"{""event_name"": ""lock_acquired"", ""timestamp"": ""2026-09-18 17:01:14.511"", ""session_id"": 79, ""resource_type"": ""OBJECT"", ""mode"": ""IX""}",OBJECT,IX,UNKNOWN
lock_acquired,2026-09-18 17:01:14.511,85,0,0,0,"{""event_name"": ""lock_acquired"", ""timestamp"": ""2026-09-18 17:01:14.511"", ""session_id"": 85, ""resource_type"": ""OBJECT"", ""mode"": ""IS""}",OBJECT,IS,UNKNOWN
lock_released,2026-09-18 17:01:14.511,83,0,0,0,"{""event_name"": ""lock_released"", ""timestamp"": ""2026-09-18 17:01:14.511"", ""session_id"": 83, ""resource_type"": ""PAGE"", ""mode"": ""IS""}",PAGE,IS,UNKNOWN
lock_released,2026-09-18 17:01:14.511,79,0,0,0,"{""event_name"": ""lock_released"", ""timestamp"": ""2026-09-18 17:01:14.511"", ""session_id"": 79, ""resource_type"": ""KEY"", ""mode"": ""X""}",KEY,X,UNKNOWN
lock_released,2026-09-18 17:01:14.511,82,0,0,0,"{""event_name"": ""lock_released"", ""timestamp"": ""2026-09-18 17:01:14.511"", ""session_id"": 82, ""resource_type"": ""OBJECT"", ""mode"": ""IX""}",OBJECT,IX,UNKNOWN
lock_released,2026-09-18 17:01:14.511,78,0,0,0,"{""event_name"": ""lock_released"", ""timestamp"": ""2026-09-18 17:01:14.511"", ""session_id"": 78, ""resource_type"": ""OBJECT"", ""mode"": ""IX""}",OBJECT,IX,UNKNOWN
lock_released,2026-09-18 17:01:14.511,80,0,0,0,"{""event_name"": ""lock_released"", ""timestamp"": ""2026-09-18 17:01:14.511"", ""session_id"": 80, ""resource_type"": ""OBJECT"", ""mode"": ""IS""}",OBJECT,IS,UNKNOWN
lock_released,2026-09-18 17:01:14.511,80,0,0,0,"{""event_name"": ""lock_released"", ""timestamp"": ""2026-09-18 17:01:14.511"", ""session_id"": 80, ""resource_type"": ""OBJECT"", ""mode"": ""IX""}",OBJECT,IX,UNKNOWN
lock_released,2026-09-18 17:01:14.511,84,0,0,0,"{""event_name"": ""lock_released"", ""timestamp"": ""2026-09-18 17:01:14.511"", ""session_id"": 84, ""resource_type"": ""OBJECT"", ""mode"": ""IS""}",OBJECT,IS,UNKNOWN
lock_released,2026-09-18 17:01:14.511,76,0,0,0,"{""event_name"": ""lock_released"", ""timestamp"": ""2026-09-18 17:01:14.511"", ""session_id"": 76, ""resource_type"": ""OBJECT"", ""mode"": ""IX""}",OBJECT,IX,UNKNOWN
lock_released,2026-09-18 17:01:14.511,78,0,0,0,"{""event_name"": ""lock_released"", ""timestamp"": ""2026-09-18 17:01:14.511"", ""session_id"": 78, ""resource_type"": ""OBJECT"", ""mode"": ""IS""}",OBJECT,IS,UNKNOWN
lock_released,2026-09-18 17:01:14.511,84,0,0,0,"{""event_name"": ""lock_released"", ""timestamp"": ""2026-09-18 17:01:14.511"", ""session_id"": 84, ""resource_type"": ""OBJECT"", ""mode"": ""IX""}",OBJECT,IX,UNKNOWN
lock_released,2026-09-18 17:01:14.511,82,0,0,0,"{""event_name"": ""lock_released"", ""timestamp"": ""2026-09-18 17:01:14.511"", ""session_id"": 82, ""resource_type"": ""OBJECT"", ""mode"": ""IS""}",OBJECT,IS,UNKNOWN
lock_released,2026-09-18 17:01:14.511,76,0,0,0,"{""event_name"": ""lock_released"", ""timestamp"": ""2026-09-18 17:01:14.511"", ""session_id"": 76, ""resource_type"": ""OBJECT"", ""mode"": ""IS""}",OBJECT,IS,UNKNOWN
lock_released,2026-09-18 17:01:14.511,83,0,0,0,"{""event_name"": ""lock_released"", ""timestamp"": ""2026-09-18 17:01:14.511"", ""session_id"": 83, ""resource_type"": ""KEY"", ""mode"": ""S""}",KEY,S,UNKNOWN
lock_acquired,2026-09-18 17:01:19.526,82,0,0,0,"{""event_name"": ""lock_acquired"", ""timestamp"": ""2026-09-18 17:01:19.526"", ""session_id"": 82, ""resource_type"": ""OBJECT"", ""mode"": ""IX""}",OBJECT,IX,UNKNOWN
lock_acquired,2026-09-18 17:01:19.526,78,0,0,0,"{""event_name"": ""lock_acquired"", ""timestamp"": ""2026-09-18 17:01:19.526"", ""session_id"": 78, ""resource_type"": ""OBJECT"", ""mode"": ""IX""}",OBJECT,IX,UNKNOWN
lock_acquired,2026-09-18 17:01:19.526,80,0,0,0,"{""event_name"": ""lock_acquired"", ""timestamp"": ""2026-09-18 17:01:19.526"", ""session_id"": 80, ""resource_type"": ""OBJECT"", ""mode"": ""IS""}",OBJECT,IS,UNKNOWN
lock_acquired,2026-09-18 17:01:19.526,80,0,0,0,"{""event_name"": ""lock_acquired"", ""timestamp"": ""2026-09-18 17:01:19.526"", ""session_id"": 80, ""resource_type"": ""OBJECT"", ""mode"": ""IX""}",OBJECT,IX,UNKNOWN
lock_acquired,2026-09-18 17:01:19.526,78,0,0,0,"{""event_name"": ""lock_acquired"", ""timestamp"": ""2026-09-18 17:01:19.526"", ""session_id"": 78, ""resource_type"": ""OBJECT"", ""mode"": ""IS""}",OBJECT,IS,UNKNOWN
lock_acquired,2026-09-18 17:01:19.526,76,0,0,0,"{""event_name"": ""lock_acquired"", ""timestamp"": ""2026-09-18 17:01:19.526"", ""session_id"": 76, ""resource_type"": ""OBJECT"", ""mode"": ""IX""}",OBJECT,IX,UNKNOWN
lock_acquired,2026-09-18 17:01:19.526,82,0,0,0,"{""event_name"": ""lock_acquired"", ""timestamp"": ""2026-09-18 17:01:19.526"", ""session_id"": 82, ""resource_type"": ""OBJECT"", ""mode"": ""IS""}",OBJECT,IS,UNKNOWN
lock_acquired,2026-09-18 17:01:19.526,81,0,0,0,"{""event_name"": ""lock_acquired"", ""timestamp"": ""2026-09-18 17:01:19.526"", ""session_id"": 81, ""resource_type"": ""PAGE"", ""mode"": ""S""}",PAGE,S,UNKNOWN
lock_acquired,2026-09-18 17:01:19.526,76,0,0,0,"{""event_name"": ""lock_acquired"", ""timestamp"": ""2026-09-18 17:01:19.526"", ""session_id"": 76, ""resource_type"": ""OBJECT"", ""mode"": ""IS""}",OBJECT,IS,UNKNOWN
lock_acquired,2026-09-18 17:01:19.526,80,0,0,0,"{""event_name"": ""lock_acquired"", ""timestamp"": ""2026-09-18 17:01:19.526"", ""session_id"": 80, ""resource_type"": ""PAGE"", ""mode"": ""S""}",PAGE,S,UNKNOWN
lock_released,2026-09-18 17:01:19.526,82,0,0,0,"{""event_name"": ""lock_released"", ""timestamp"": ""2026-09-18 17:01:19.526"", ""session_id"": 82, ""resource_type"": ""OBJECT"", ""mode"": ""Sch-S""}",OBJECT,Sch-S,UNKNOWN
lock_released,2026-09-18 17:01:19.526,85,0,0,0,"{""event_name"": ""lock_released"", ""timestamp"": ""2026-09-18 17:01:19.526"", ""session_id"": 85, ""resource_type"": ""PAGE"", ""mode"": ""S""}",PAGE,S,UNKNOWN
login,2026-09-18 17:01:24.564,92,795ec2146175\Administrator,Microsoft SQL Server,SteelNort,"{""event_name"": ""login"", ""timestamp"": ""2026-09-18 17:01:24.564"", ""session_id"": 92, ""login_name"": ""795ec2146175\\Administrator"", ""program_name"": ""Microsoft SQL Server"", ""database_name"": ""SteelNort""}",0,0,UNKNOWN
lock_acquired,2026-09-18 17:01:24.564,84,0,0,0,"{""event_name"": ""lock_acquired"", ""timestamp"": ""2026-09-18 17:01:24.564"", ""session_id"": 84, ""resource_type"": ""PAGE"", ""mode"": ""S""}",PAGE,S,UNKNOWN
lock_acquired,2026-09-18 17:01:24.564,77,0,0,0,"{""event_name"": ""lock_acquired"", ""timestamp"": ""2026-09-18 17:01:24.564"", ""session_id"": 77, ""resource_type"": ""KEY"", ""mode"": ""X""}",KEY,X,UNKNOWN
lock_acquired,2026-09-18 17:01:24.564,76,0,0,0,"{""event_name"": ""lock_acquired"", ""timestamp"": ""2026-09-18 17:01:24.564"", ""session_id"": 76, ""resource_type"": ""OBJECT"", ""mode"": ""Sch-S""}",OBJECT,Sch-S,UNKNOWN
lock_acquired,2026-09-18 17:01:24.564,79,0,0,0,"{""event_name"": ""lock_acquired"", ""timestamp"": ""2026-09-18 17:01:24.564"", ""session_id"": 79, ""resource_type"": ""KEY"", ""mode"": ""X""}",KEY,X,UNKNOWN
lock_acquired,2026-09-18 17:01:24.564,79,0,0,0,"{""event_name"": ""lock_acquired"", ""timestamp"": ""2026-09-18 17:01:24.564"", ""session_id"": 79, ""resource_type"": ""PAGE"", ""mode"": ""IX""}",PAGE,IX,UNKNOWN
lock_acquired,2026-09-18 17:01:24.564,84,0,0,0,"{""event_name"": ""lock_acquired"", ""timestamp"": ""2026-09-18 17:01:24.564"", ""session_id"": 84, ""resource_type"": ""OBJECT"", ""mode"": ""IS""}",OBJECT,IS,UNKNOWN
lock_acquired,2026-09-18 17:01:24.564,84,0,0,0,"{""event_name"": ""lock_acquired"", ""timestamp"": ""2026-09-18 17:01:24.564"", ""session_id"": 84, ""resource_type"": ""OBJECT"", ""mode"": ""IX""}",OBJECT,IX,UNKNOWN
lock_released,2026-09-18 17:01:24.564,77,0,0,0,"{""event_name"": ""lock_released"", ""timestamp"": ""2026-09-18 17:01:24.564"", ""session_id"": 77, ""resource_type"": ""OBJECT"", ""mode"": ""IS""}",OBJECT,IS,UNKNOWN
lock_released,2026-09-18 17:01:24.564,77,0,0,0,"{""event_name"": ""lock_released"", ""timestamp"": ""2026-09-18 17:01:24.564"", ""session_id"": 77, ""resource_type"": ""OBJECT"", ""mode"": ""IX""}",OBJECT,IX,UNKNOWN
lock_released,2026-09-18 17:01:24.564,81,0,0,0,"{""event_name"": ""lock_released"", ""timestamp"": ""2026-09-18 17:01:24.564"", ""session_id"": 81, ""resource_type"": ""OBJECT"", ""mode"": ""IX""}",OBJECT,IX,UNKNOWN
lock_released,2026-09-18 17:01:24.564,81,0,0,0,"{""event_name"": ""lock_released"", ""timestamp"": ""2026-09-18 17:01:24.564"", ""session_id"": 81, ""resource_type"": ""OBJECT"", ""mode"": ""IS""}",OBJECT,IS,UNKNOWN
lock_released,2026-09-18 17:01:24.564,76,0,0,0,"{""event_name"": ""lock_released"", ""timestamp"": ""2026-09-18 17:01:24.564"", ""session_id"": 76, ""resource_type"": ""OBJECT"", ""mode"": ""IX""}",OBJECT,IX,UNKNOWN
lock_released,2026-09-18 17:01:24.564,81,0,0,0,"{""event_name"": ""lock_released"", ""timestamp"": ""2026-09-18 17:01:24.564"", ""session_id"": 81, ""resource_type"": ""PAGE"", ""mode"": ""S""}",PAGE,S,UNKNOWN
lock_released,2026-09-18 17:01:24.564,76,0,0,0,"{""event_name"": ""lock_released"", ""timestamp"": ""2026-09-18 17:01:24.564"", ""session_id"": 76, ""resource_type"": ""OBJECT"", ""mode"": ""IS""}",OBJECT,IS,UNKNOWN
lock_released,2026-09-18 17:01:24.564,79,0,0,0,"{""event_name"": ""lock_released"", ""timestamp"": ""2026-09-18 17:01:24.564"", ""session_id"": 79, ""resource_type"": ""OBJECT"", ""mode"": ""IS""}",OBJECT,IS,UNKNOWN
logout,2026-09-18 17:01:29.606,92,0,0,0,"{""event_name"": ""logout"", ""timestamp"": ""2026-09-18 17:01:29.606"", ""session_id"": 92}",0,0,UNKNOWN
lock_acquired,2026-09-18 17:01:29.606,77,0,0,0,"{""event_name"": ""lock_acquired"", ""timestamp"": ""2026-09-18 17:01:29.606"", ""session_id"": 77, ""resource_type"": ""OBJECT"", ""mode"": ""IX""}",OBJECT,IX,UNKNOWN
lock_acquired,2026-09-18 17:01:29.606,78,0,0,0,"{""event_name"": ""lock_acquired"", ""timestamp"": ""2026-09-18 17:01:29.606"", ""session_id"": 78, ""resource_type"": ""PAGE"", ""mode"": ""IX""}",PAGE,IX,UNKNOWN
lock_acquired,2026-09-18 17:01:29.606,81,0,0,0,"{""event_name"": ""lock_acquired"", ""timestamp"": ""2026-09-18 17:01:29.606"", ""session_id"": 81, ""resource_type"": ""OBJECT"", ""mode"": ""IX""}",OBJECT,IX,UNKNOWN
lock_acquired,2026-09-18 17:01:29.606,81,0,0,0,"{""event_name"": ""lock_acquired"", ""timestamp"": ""2026-09-18 17:01:29.606"", ""session_id"": 81, ""resource_type"": ""OBJECT"", ""mode"": ""IS""}",OBJECT,IS,UNKNOWN
lock_acquired,2026-09-18 17:01:29.606,76,0,0,0,"{""event_name"": ""lock_acquired"", ""timestamp"": ""2026-09-18 17:01:29.606"", ""session_id"": 76, ""resource_type"": ""OBJECT"", ""mode"": ""IX""}",OBJECT,IX,UNKNOWN
lock_acquired,2026-09-18 17:01:29.606,78,0,0,0,"{""event_name"": ""lock_acquired"", ""timestamp"": ""2026-09-18 17:01:29.606"", ""session_id"": 78, ""resource_type"": ""KEY"", ""mode"": ""X""}",KEY,X,UNKNOWN
lock_acquired,2026-09-18 17:01:29.606,76,0,0,0,"{""event_name"": ""lock_acquired"", ""timestamp"": ""2026-09-18 17:01:29.606"", ""session_id"": 76, ""resource_type"": ""OBJECT"", ""mode"": ""IS""}",OBJECT,IS,UNKNOWN
lock_released,2026-09-18 17:01:29.606,85,0,0,0,"{""event_name"": ""lock_released"", ""timestamp"": ""2026-09-18 17:01:29.606"", ""session_id"": 85, ""resource_type"": ""OBJECT"", ""mode"": ""IS""}",OBJECT,IS,UNKNOWN
lock_released,2026-09-18 17:01:29.606,84,0,0,0,"{""event_name"": ""lock_released"", ""timestamp"": ""2026-09-18 17:01:29.606"", ""session_id"": 84, ""resource_type"": ""PAGE"", ""mode"": ""S""}",PAGE,S,UNKNOWN
lock_released,2026-09-18 17:01:29.606,77,0,0,0,"{""event_name"": ""lock_released"", ""timestamp"": ""2026-09-18 17:01:29.606"", ""session_id"": 77, ""resource_type"": ""KEY"", ""mode"": ""X""}",KEY,X,UNKNOWN
lock_released,2026-09-18 17:01:29.606,83,0,0,0,"{""event_name"": ""lock_released"", ""timestamp"": ""2026-09-18 17:01:29.606"", ""session_id"": 83, ""resource_type"": ""OBJECT"", ""mode"": ""IX""}",OBJECT,IX,UNKNOWN
lock_released,2026-09-18 17:01:29.606,76,0,0,0,"{""event_name"": ""lock_released"", ""timestamp"": ""2026-09-18 17:01:29.606"", ""session_id"": 76, ""resource_type"": ""OBJECT"", ""mode"": ""Sch-S""}",OBJECT,Sch-S,UNKNOWN
lock_released,2026-09-18 17:01:29.606,85,0,0,0,"{""event_name"": ""lock_released"", ""timestamp"": ""2026-09-18 17:01:29.606"", ""session_id"": 85, ""resource_type"": ""OBJECT"", ""mode"": ""IX""}",OBJECT,IX,UNKNOWN
lock_released,2026-09-18 17:01:29.606,83,0,0,0,"{""event_name"": ""lock_released"", ""timestamp"": ""2026-09-18 17:01:29.606"", ""session_id"": 83, ""resource_type"": ""OBJECT"", ""mode"": ""IS""}",OBJECT,IS,UNKNOWN
lock_released,2026-09-18 17:01:29.606,79,0,0,0,"{""event_name"": ""lock_released"", ""timestamp"": ""2026-09-18 17:01:29.606"", ""session_id"": 79, ""resource_type"": ""PAGE"", ""mode"": ""IX""}",PAGE,IX,UNKNOWN
lock_released,2026-09-18 17:01:29.606,78,0,0,0,"{""event_name"": ""lock_released"", ""timestamp"": ""2026-09-18 17:01:29.606"", ""session_id"": 78, ""resource_type"": ""OBJECT"", ""mode"": ""IS""}",OBJECT,IS,UNKNOWN
lock_released,2026-09-18 17:01:29.606,79,0,0,0,"{""event_name"": ""lock_released"", ""timestamp"": ""2026-09-18 17:01:29.606"", ""session_id"": 79, ""resource_type"": ""OBJECT"", ""mode"": ""IX""}",OBJECT,IX,UNKNOWN
lock_released,2026-09-18 17:01:29.606,80,0,0,0,"{""event_name"": ""lock_released"", ""timestamp"": ""2026-09-18 17:01:29.606"", ""session_id"": 80, ""resource_type"": ""PAGE"", ""mode"": ""S""}",PAGE,S,UNKNOWN
lock_acquired,2026-09-18 17:01:34.650,78,0,0,0,"{""event_name"": ""lock_acquired"", ""timestamp"": ""2026-09-18 17:01:34.650"", ""session_id"": 78, ""resource_type"": ""METADATA"", ""mode"": ""Sch-S""}",METADATA,Sch-S,UNKNOWN
lock_acquired,2026-09-18 17:01:34.650,85,0,0,0,"{""event_name"": ""lock_acquired"", ""timestamp"": ""2026-09-18 17:01:34.650"", ""session_id"": 85, ""resource_type"": ""OBJECT"", ""mode"": ""IS""}",OBJECT,IS,UNKNOWN
lock_acquired,2026-09-18 17:01:34.650,83,0,0,0,"{""event_name"": ""lock_acquired"", ""timestamp"": ""2026-09-18 17:01:34.650"", ""session_id"": 83, ""resource_type"": ""OBJECT"", ""mode"": ""IX""}",OBJECT,IX,UNKNOWN
lock_acquired,2026-09-18 17:01:34.650,77,0,0,0,"{""event_name"": ""lock_acquired"", ""timestamp"": ""2026-09-18 17:01:34.650"", ""session_id"": 77, ""resource_type"": ""OBJECT"", ""mode"": ""IS""}",OBJECT,IS,UNKNOWN
lock_acquired,2026-09-18 17:01:34.650,85,0,0,0,"{""event_name"": ""lock_acquired"", ""timestamp"": ""2026-09-18 17:01:34.650"", ""session_id"": 85, ""resource_type"": ""OBJECT"", ""mode"": ""IX""}",OBJECT,IX,UNKNOWN
lock_acquired,2026-09-18 17:01:34.650,83,0,0,0,"{""event_name"": ""lock_acquired"", ""timestamp"": ""2026-09-18 17:01:34.650"", ""session_id"": 83, ""resource_type"": ""OBJECT"", ""mode"": ""IS""}",OBJECT,IS,UNKNOWN
lock_acquired,2026-09-18 17:01:34.650,79,0,0,0,"{""event_name"": ""lock_acquired"", ""timestamp"": ""2026-09-18 17:01:34.650"", ""session_id"": 79, ""resource_type"": ""PAGE"", ""mode"": ""S""}",PAGE,S,UNKNOWN
lock_acquired,2026-09-18 17:01:34.650,80,0,0,0,"{""event_name"": ""lock_acquired"", ""timestamp"": ""2026-09-18 17:01:34.650"", ""session_id"": 80, ""resource_type"": ""PAGE"", ""mode"": ""S""}",PAGE,S,UNKNOWN
lock_acquired,2026-09-18 17:01:34.650,79,0,0,0,"{""event_name"": ""lock_acquired"", ""timestamp"": ""2026-09-18 17:01:34.650"", ""session_id"": 79, ""resource_type"": ""OBJECT"", ""mode"": ""IX""}",OBJECT,IX,UNKNOWN
lock_acquired,2026-09-18 17:01:34.650,81,0,0,0,"{""event_name"": ""lock_acquired"", ""timestamp"": ""2026-09-18 17:01:34.650"", ""session_id"": 81, ""resource_type"": ""OBJECT"", ""mode"": ""Sch-S""}",OBJECT,Sch-S,UNKNOWN
lock_acquired,2026-09-18 17:01:34.650,78,0,0,0,"{""event_name"": ""lock_acquired"", ""timestamp"": ""2026-09-18 17:01:34.650"", ""session_id"": 78, ""resource_type"": ""OBJECT"", ""mode"": ""Sch-S""}",OBJECT,Sch-S,UNKNOWN
lock_acquired,2026-09-18 17:01:34.650,79,0,0,0,"{""event_name"": ""lock_acquired"", ""timestamp"": ""2026-09-18 17:01:34.650"", ""session_id"": 79, ""resource_type"": ""OBJECT"", ""mode"": ""IS""}",OBJECT,IS,UNKNOWN
lock_released,2026-09-18 17:01:34.650,79,0,0,0,"{""event_name"": ""lock_released"", ""timestamp"": ""2026-09-18 17:01:34.650"", ""session_id"": 79, ""resource_type"": ""KEY"", ""mode"": ""X""}",KEY,X,UNKNOWN
lock_released,2026-09-18 17:01:34.650,78,0,0,0,"{""event_name"": ""lock_released"", ""timestamp"": ""2026-09-18 17:01:34.650"", ""session_id"": 78, ""resource_type"": ""PAGE"", ""mode"": ""IX""}",PAGE,IX,UNKNOWN
lock_released,2026-09-18 17:01:34.650,81,0,0,0,"{""event_name"": ""lock_released"", ""timestamp"": ""2026-09-18 17:01:34.650"", ""session_id"": 81, ""resource_type"": ""OBJECT"", ""mode"": ""IX""}",OBJECT,IX,UNKNOWN
lock_released,2026-09-18 17:01:34.650,78,0,0,0,"{""event_name"": ""lock_released"", ""timestamp"": ""2026-09-18 17:01:34.650"", ""session_id"": 78, ""resource_type"": ""OBJECT"", ""mode"": ""IX""}",OBJECT,IX,UNKNOWN
lock_released,2026-09-18 17:01:34.650,81,0,0,0,"{""event_name"": ""lock_released"", ""timestamp"": ""2026-09-18 17:01:34.650"", ""session_id"": 81, ""resource_type"": ""OBJECT"", ""mode"": ""IS""}",OBJECT,IS,UNKNOWN
lock_released,2026-09-18 17:01:34.650,76,0,0,0,"{""event_name"": ""lock_released"", ""timestamp"": ""2026-09-18 17:01:34.650"", ""session_id"": 76, ""resource_type"": ""OBJECT"", ""mode"": ""IX""}",OBJECT,IX,UNKNOWN
lock_released,2026-09-18 17:01:34.650,78,0,0,0,"{""event_name"": ""lock_released"", ""timestamp"": ""2026-09-18 17:01:34.650"", ""session_id"": 78, ""resource_type"": ""KEY"", ""mode"": ""X""}",KEY,X,UNKNOWN
lock_released,2026-09-18 17:01:34.650,76,0,0,0,"{""event_name"": ""lock_released"", ""timestamp"": ""2026-09-18 17:01:34.650"", ""session_id"": 76, ""resource_type"": ""OBJECT"", ""mode"": ""IS""}",OBJECT,IS,UNKNOWN
lock_acquired,2026-09-18 17:01:39.701,79,0,0,0,"{""event_name"": ""lock_acquired"", ""timestamp"": ""2026-09-18 17:01:39.701"", ""session_id"": 79, ""resource_type"": ""KEY"", ""mode"": ""X""}",KEY,X,UNKNOWN
lock_acquired,2026-09-18 17:01:39.701,78,0,0,0,"{""event_name"": ""lock_acquired"", ""timestamp"": ""2026-09-18 17:01:39.701"", ""session_id"": 78, ""resource_type"": ""PAGE"", ""mode"": ""S""}",PAGE,S,UNKNOWN
lock_acquired,2026-09-18 17:01:39.701,81,0,0,0,"{""event_name"": ""lock_acquired"", ""timestamp"": ""2026-09-18 17:01:39.701"", ""session_id"": 81, ""resource_type"": ""OBJECT"", ""mode"": ""IX""}",OBJECT,IX,UNKNOWN
lock_acquired,2026-09-18 17:01:39.701,78,0,0,0,"{""event_name"": ""lock_acquired"", ""timestamp"": ""2026-09-18 17:01:39.701"", ""session_id"": 78, ""resource_type"": ""OBJECT"", ""mode"": ""IX""}",OBJECT,IX,UNKNOWN
lock_acquired,2026-09-18 17:01:39.701,79,0,0,0,"{""event_name"": ""lock_acquired"", ""timestamp"": ""2026-09-18 17:01:39.701"", ""session_id"": 79, ""resource_type"": ""PAGE"", ""mode"": ""IX""}",PAGE,IX,UNKNOWN
lock_acquired,2026-09-18 17:01:39.701,81,0,0,0,"{""event_name"": ""lock_acquired"", ""timestamp"": ""2026-09-18 17:01:39.701"", ""session_id"": 81, ""resource_type"": ""OBJECT"", ""mode"": ""IS""}",OBJECT,IS,UNKNOWN
lock_acquired,2026-09-18 17:01:39.701,78,0,0,0,"{""event_name"": ""lock_acquired"", ""timestamp"": ""2026-09-18 17:01:39.701"", ""session_id"": 78, ""resource_type"": ""OBJECT"", ""mode"": ""IS""}",OBJECT,IS,UNKNOWN
lock_acquired,2026-09-18 17:01:39.701,76,0,0,0,"{""event_name"": ""lock_acquired"", ""timestamp"": ""2026-09-18 17:01:39.701"", ""session_id"": 76, ""resource_type"": ""OBJECT"", ""mode"": ""IX""}",OBJECT,IX,UNKNOWN
lock_acquired,2026-09-18 17:01:39.701,80,0,0,0,"{""event_name"": ""lock_acquired"", ""timestamp"": ""2026-09-18 17:01:39.701"", ""session_id"": 80, ""resource_type"": ""KEY"", ""mode"": ""X""}",KEY,X,UNKNOWN
lock_acquired,2026-09-18 17:01:39.701,76,0,0,0,"{""event_name"": ""lock_acquired"", ""timestamp"": ""2026-09-18 17:01:39.701"", ""session_id"": 76, ""resource_type"": ""OBJECT"", ""mode"": ""IS""}",OBJECT,IS,UNKNOWN
lock_released,2026-09-18 17:01:39.701,78,0,0,0,"{""event_name"": ""lock_released"", ""timestamp"": ""2026-09-18 17:01:39.701"", ""session_id"": 78, ""resource_type"": ""METADATA"", ""mode"": ""Sch-S""}",METADATA,Sch-S,UNKNOWN
lock_released,2026-09-18 17:01:39.701,79,0,0,0,"{""event_name"": ""lock_released"", ""timestamp"": ""2026-09-18 17:01:39.701"", ""session_id"": 79, ""resource_type"": ""PAGE"", ""mode"": ""S""}",PAGE,S,UNKNOWN
lock_released,2026-09-18 17:01:39.701,80,0,0,0,"{""event_name"": ""lock_released"", ""timestamp"": ""2026-09-18 17:01:39.701"", ""session_id"": 80, ""resource_type"": ""OBJECT"", ""mode"": ""IS""}",OBJECT,IS,UNKNOWN
lock_released,2026-09-18 17:01:39.701,80,0,0,0,"{""event_name"": ""lock_released"", ""timestamp"": ""2026-09-18 17:01:39.701"", ""session_id"": 80, ""resource_type"": ""OBJECT"", ""mode"": ""IX""}",OBJECT,IX,UNKNOWN
lock_released,2026-09-18 17:01:39.701,80,0,0,0,"{""event_name"": ""lock_released"", ""timestamp"": ""2026-09-18 17:01:39.701"", ""session_id"": 80, ""resource_type"": ""PAGE"", ""mode"": ""S""}",PAGE,S,UNKNOWN
lock_released,2026-09-18 17:01:39.701,84,0,0,0,"{""event_name"": ""lock_released"", ""timestamp"": ""2026-09-18 17:01:39.701"", ""session_id"": 84, ""resource_type"": ""OBJECT"", ""mode"": ""IS""}",OBJECT,IS,UNKNOWN
lock_released,2026-09-18 17:01:39.701,84,0,0,0,"{""event_name"": ""lock_released"", ""timestamp"": ""2026-09-18 17:01:39.701"", ""session_id"": 84, ""resource_type"": ""OBJECT"", ""mode"": ""IX""}",OBJECT,IX,UNKNOWN
lock_released,2026-09-18 17:01:39.701,81,0,0,0,"{""event_name"": ""lock_released"", ""timestamp"": ""2026-09-18 17:01:39.701"", ""session_id"": 81, ""resource_type"": ""OBJECT"", ""mode"": ""Sch-S""}",OBJECT,Sch-S,UNKNOWN
lock_released,2026-09-18 17:01:39.701,78,0,0,0,"{""event_name"": ""lock_released"", ""timestamp"": ""2026-09-18 17:01:39.701"", ""session_id"": 78, ""resource_type"": ""OBJECT"", ""mode"": ""Sch-S""}",OBJECT,Sch-S,UNKNOWN
lock_released,2026-09-18 17:01:39.701,79,0,0,0,"{""event_name"": ""lock_released"", ""timestamp"": ""2026-09-18 17:01:39.701"", ""session_id"": 79, ""resource_type"": ""OBJECT"", ""mode"": ""IS""}",OBJECT,IS,UNKNOWN
lock_acquired,2026-09-18 17:01:44.737,80,0,0,0,"{""event_name"": ""lock_acquired"", ""timestamp"": ""2026-09-18 17:01:44.737"", ""session_id"": 80, ""resource_type"": ""OBJECT"", ""mode"": ""IX""}",OBJECT,IX,UNKNOWN
lock_acquired,2026-09-18 17:01:44.737,80,0,0,0,"{""event_name"": ""lock_acquired"", ""timestamp"": ""2026-09-18 17:01:44.737"", ""session_id"": 80, ""resource_type"": ""OBJECT"", ""mode"": ""IS""}",OBJECT,IS,UNKNOWN
lock_acquired,2026-09-18 17:01:44.737,83,0,0,0,"{""event_name"": ""lock_acquired"", ""timestamp"": ""2026-09-18 17:01:44.737"", ""session_id"": 83, ""resource_type"": ""PAGE"", ""mode"": ""S""}",PAGE,S,UNKNOWN
lock_acquired,2026-09-18 17:01:44.737,84,0,0,0,"{""event_name"": ""lock_acquired"", ""timestamp"": ""2026-09-18 17:01:44.737"", ""session_id"": 84, ""resource_type"": ""OBJECT"", ""mode"": ""IS""}",OBJECT,IS,UNKNOWN
lock_acquired,2026-09-18 17:01:44.737,84,0,0,0,"{""event_name"": ""lock_acquired"", ""timestamp"": ""2026-09-18 17:01:44.737"", ""session_id"": 84, ""resource_type"": ""OBJECT"", ""mode"": ""IX""}",OBJECT,IX,UNKNOWN
lock_acquired,2026-09-18 17:01:44.737,81,0,0,0,"{""event_name"": ""lock_acquired"", ""timestamp"": ""2026-09-18 17:01:44.737"", ""session_id"": 81, ""resource_type"": ""PAGE"", ""mode"": ""S""}",PAGE,S,UNKNOWN
lock_acquired,2026-09-18 17:01:44.737,79,0,0,0,"{""event_name"": ""lock_acquired"", ""timestamp"": ""2026-09-18 17:01:44.737"", ""session_id"": 79, ""resource_type"": ""OBJECT"", ""mode"": ""IS""}",OBJECT,IS,UNKNOWN
lock_released,2026-09-18 17:01:44.737,79,0,0,0,"{""event_name"": ""lock_released"", ""timestamp"": ""2026-09-18 17:01:44.737"", ""session_id"": 79, ""resource_type"": ""KEY"", ""mode"": ""X""}",KEY,X,UNKNOWN
lock_released,2026-09-18 17:01:44.737,79,0,0,0,"{""event_name"": ""lock_released"", ""timestamp"": ""2026-09-18 17:01:44.737"", ""session_id"": 79, ""resource_type"": ""PAGE"", ""mode"": ""IX""}",PAGE,IX,UNKNOWN
lock_released,2026-09-18 17:01:44.737,80,0,0,0,"{""event_name"": ""lock_released"", ""timestamp"": ""2026-09-18 17:01:44.737"", ""session_id"": 80, ""resource_type"": ""KEY"", ""mode"": ""X""}",KEY,X,UNKNOWN
lock_released,2026-09-18 17:01:44.737,85,0,0,0,"{""event_name"": ""lock_released"", ""timestamp"": ""2026-09-18 17:01:44.737"", ""session_id"": 85, ""resource_type"": ""OBJECT"", ""mode"": ""IX""}",OBJECT,IX,UNKNOWN
lock_released,2026-09-18 17:01:44.737,85,0,0,0,"{""event_name"": ""lock_released"", ""timestamp"": ""2026-09-18 17:01:44.737"", ""session_id"": 85, ""resource_type"": ""OBJECT"", ""mode"": ""IS""}",OBJECT,IS,UNKNOWN
lock_acquired,2026-09-18 17:01:49.772,77,0,0,0,"{""event_name"": ""lock_acquired"", ""timestamp"": ""2026-09-18 17:01:49.772"", ""session_id"": 77, ""resource_type"": ""PAGE"", ""mode"": ""IS""}",PAGE,IS,UNKNOWN
lock_acquired,2026-09-18 17:01:49.772,82,0,0,0,"{""event_name"": ""lock_acquired"", ""timestamp"": ""2026-09-18 17:01:49.772"", ""session_id"": 82, ""resource_type"": ""PAGE"", ""mode"": ""S""}",PAGE,S,UNKNOWN
lock_acquired,2026-09-18 17:01:49.772,85,0,0,0,"{""event_name"": ""lock_acquired"", ""timestamp"": ""2026-09-18 17:01:49.772"", ""session_id"": 85, ""resource_type"": ""OBJECT"", ""mode"": ""IS""}",OBJECT,IS,UNKNOWN
lock_acquired,2026-09-18 17:01:49.772,85,0,0,0,"{""event_name"": ""lock_acquired"", ""timestamp"": ""2026-09-18 17:01:49.772"", ""session_id"": 85, ""resource_type"": ""OBJECT"", ""mode"": ""IX""}",OBJECT,IX,UNKNOWN
lock_released,2026-09-18 17:01:49.772,81,0,0,0,"{""event_name"": ""lock_released"", ""timestamp"": ""2026-09-18 17:01:49.772"", ""session_id"": 81, ""resource_type"": ""PAGE"", ""mode"": ""S""}",PAGE,S,UNKNOWN
lock_released,2026-09-18 17:01:49.772,83,0,0,0,"{""event_name"": ""lock_released"", ""timestamp"": ""2026-09-18 17:01:49.772"", ""session_id"": 83, ""resource_type"": ""PAGE"", ""mode"": ""S""}",PAGE,S,UNKNOWN
lock_released,2026-09-18 17:01:49.772,78,0,0,0,"{""event_name"": ""lock_released"", ""timestamp"": ""2026-09-18 17:01:49.772"", ""session_id"": 78, ""resource_type"": ""PAGE"", ""mode"": ""S""}",PAGE,S,UNKNOWN
lock_released,2026-09-18 17:01:49.772,77,0,0,0,"{""event_name"": ""lock_released"", ""timestamp"": ""2026-09-18 17:01:49.772"", ""session_id"": 77, ""resource_type"": ""OBJECT"", ""mode"": ""IX""}",OBJECT,IX,UNKNOWN
lock_acquired,2026-09-18 17:01:54.802,76,0,0,0,"{""event_name"": ""lock_acquired"", ""timestamp"": ""2026-09-18 17:01:54.802"", ""session_id"": 76, ""resource_type"": ""OBJECT"", ""mode"": ""Sch-S""}",OBJECT,Sch-S,UNKNOWN
lock_acquired,2026-09-18 17:01:54.802,79,0,0,0,"{""event_name"": ""lock_acquired"", ""timestamp"": ""2026-09-18 17:01:54.802"", ""session_id"": 79, ""resource_type"": ""KEY"", ""mode"": ""X""}",KEY,X,UNKNOWN
lock_acquired,2026-09-18 17:01:54.802,76,0,0,0,"{""event_name"": ""lock_acquired"", ""timestamp"": ""2026-09-18 17:01:54.802"", ""session_id"": 76, ""resource_type"": ""METADATA"", ""mode"": ""Sch-S""}",METADATA,Sch-S,UNKNOWN
lock_acquired,2026-09-18 17:01:54.802,85,0,0,0,"{""event_name"": ""lock_acquired"", ""timestamp"": ""2026-09-18 17:01:54.802"", ""session_id"": 85, ""resource_type"": ""PAGE"", ""mode"": ""IX""}",PAGE,IX,UNKNOWN
lock_acquired,2026-09-18 17:01:54.802,79,0,0,0,"{""event_name"": ""lock_acquired"", ""timestamp"": ""2026-09-18 17:01:54.802"", ""session_id"": 79, ""resource_type"": ""PAGE"", ""mode"": ""IX""}",PAGE,IX,UNKNOWN
lock_acquired,2026-09-18 17:01:54.802,77,0,0,0,"{""event_name"": ""lock_acquired"", ""timestamp"": ""2026-09-18 17:01:54.802"", ""session_id"": 77, ""resource_type"": ""OBJECT"", ""mode"": ""Sch-S""}",OBJECT,Sch-S,UNKNOWN
lock_acquired,2026-09-18 17:01:54.802,77,0,0,0,"{""event_name"": ""lock_acquired"", ""timestamp"": ""2026-09-18 17:01:54.802"", ""session_id"": 77, ""resource_type"": ""METADATA"", ""mode"": ""Sch-S""}",METADATA,Sch-S,UNKNOWN
lock_acquired,2026-09-18 17:01:54.802,85,0,0,0,"{""event_name"": ""lock_acquired"", ""timestamp"": ""2026-09-18 17:01:54.802"", ""session_id"": 85, ""resource_type"": ""KEY"", ""mode"": ""X""}",KEY,X,UNKNOWN
lock_released,2026-09-18 17:01:54.802,77,0,0,0,"{""event_name"": ""lock_released"", ""timestamp"": ""2026-09-18 17:01:54.802"", ""session_id"": 77, ""resource_type"": ""PAGE"", ""mode"": ""IS""}",PAGE,IS,UNKNOWN
lock_released,2026-09-18 17:01:54.802,83,0,0,0,"{""event_name"": ""lock_released"", ""timestamp"": ""2026-09-18 17:01:54.802"", ""session_id"": 83, ""resource_type"": ""OBJECT"", ""mode"": ""IX""}",OBJECT,IX,UNKNOWN
lock_released,2026-09-18 17:01:54.802,77,0,0,0,"{""event_name"": ""lock_released"", ""timestamp"": ""2026-09-18 17:01:54.802"", ""session_id"": 77, ""resource_type"": ""OBJECT"", ""mode"": ""IS""}",OBJECT,IS,UNKNOWN
lock_released,2026-09-18 17:01:54.802,83,0,0,0,"{""event_name"": ""lock_released"", ""timestamp"": ""2026-09-18 17:01:54.802"", ""session_id"": 83, ""resource_type"": ""OBJECT"", ""mode"": ""IS""}",OBJECT,IS,UNKNOWN
lock_released,2026-09-18 17:01:54.802,81,0,0,0,"{""event_name"": ""lock_released"", ""timestamp"": ""2026-09-18 17:01:54.802"", ""session_id"": 81, ""resource_type"": ""OBJECT"", ""mode"": ""IX""}",OBJECT,IX,UNKNOWN
lock_released,2026-09-18 17:01:54.802,82,0,0,0,"{""event_name"": ""lock_released"", ""timestamp"": ""2026-09-18 17:01:54.802"", ""session_id"": 82, ""resource_type"": ""PAGE"", ""mode"": ""S""}",PAGE,S,UNKNOWN
lock_released,2026-09-18 17:01:54.802,81,0,0,0,"{""event_name"": ""lock_released"", ""timestamp"": ""2026-09-18 17:01:54.802"", ""session_id"": 81, ""resource_type"": ""OBJECT"", ""mode"": ""IS""}",OBJECT,IS,UNKNOWN
lock_released,2026-09-18 17:01:54.802,79,0,0,0,"{""event_name"": ""lock_released"", ""timestamp"": ""2026-09-18 17:01:54.802"", ""session_id"": 79, ""resource_type"": ""OBJECT"", ""mode"": ""IS""}",OBJECT,IS,UNKNOWN
lock_released,2026-09-18 17:01:54.802,78,0,0,0,"{""event_name"": ""lock_released"", ""timestamp"": ""2026-09-18 17:01:54.802"", ""session_id"": 78, ""resource_type"": ""OBJECT"", ""mode"": ""IS""}",OBJECT,IS,UNKNOWN
lock_released,2026-09-18 17:01:54.802,76,0,0,0,"{""event_name"": ""lock_released"", ""timestamp"": ""2026-09-18 17:01:54.802"", ""session_id"": 76, ""resource_type"": ""OBJECT"", ""mode"": ""IX""}",OBJECT,IX,UNKNOWN
lock_released,2026-09-18 17:01:54.802,84,0,0,0,"{""event_name"": ""lock_released"", ""timestamp"": ""2026-09-18 17:01:54.802"", ""session_id"": 84, ""resource_type"": ""OBJECT"", ""mode"": ""IS""}",OBJECT,IS,UNKNOWN
lock_released,2026-09-18 17:01:54.802,84,0,0,0,"{""event_name"": ""lock_released"", ""timestamp"": ""2026-09-18 17:01:54.802"", ""session_id"": 84, ""resource_type"": ""OBJECT"", ""mode"": ""IX""}",OBJECT,IX,UNKNOWN
lock_released,2026-09-18 17:01:54.802,76,0,0,0,"{""event_name"": ""lock_released"", ""timestamp"": ""2026-09-18 17:01:54.802"", ""session_id"": 76, ""resource_type"": ""OBJECT"", ""mode"": ""IS""}",OBJECT,IS,UNKNOWN
lock_released,2026-09-18 17:01:54.802,85,0,0,0,"{""event_name"": ""lock_released"", ""timestamp"": ""2026-09-18 17:01:54.802"", ""session_id"": 85, ""resource_type"": ""OBJECT"", ""mode"": ""IS""}",OBJECT,IS,UNKNOWN
login,2026-09-18 17:01:59.842,92,795ec2146175\Administrator,Microsoft SQL Server,SteelNort,"{""event_name"": ""login"", ""timestamp"": ""2026-09-18 17:01:59.842"", ""session_id"": 92, ""login_name"": ""795ec2146175\\Administrator"", ""program_name"": ""Microsoft SQL Server"", ""database_name"": ""SteelNort""}",0,0,UNKNOWN
lock_acquired,2026-09-18 17:01:59.842,83,0,0,0,"{""event_name"": ""lock_acquired"", ""timestamp"": ""2026-09-18 17:01:59.842"", ""session_id"": 83, ""resource_type"": ""OBJECT"", ""mode"": ""IX""}",OBJECT,IX,UNKNOWN
lock_acquired,2026-09-18 17:01:59.842,77,0,0,0,"{""event_name"": ""lock_acquired"", ""timestamp"": ""2026-09-18 17:01:59.842"", ""session_id"": 77, ""resource_type"": ""OBJECT"", ""mode"": ""IS""}",OBJECT,IS,UNKNOWN
lock_acquired,2026-09-18 17:01:59.842,83,0,0,0,"{""event_name"": ""lock_acquired"", ""timestamp"": ""2026-09-18 17:01:59.842"", ""session_id"": 83, ""resource_type"": ""OBJECT"", ""mode"": ""IS""}",OBJECT,IS,UNKNOWN
lock_acquired,2026-09-18 17:01:59.842,81,0,0,0,"{""event_name"": ""lock_acquired"", ""timestamp"": ""2026-09-18 17:01:59.842"", ""session_id"": 81, ""resource_type"": ""OBJECT"", ""mode"": ""IX""}",OBJECT,IX,UNKNOWN
lock_acquired,2026-09-18 17:01:59.842,83,0,0,0,"{""event_name"": ""lock_acquired"", ""timestamp"": ""2026-09-18 17:01:59.842"", ""session_id"": 83, ""resource_type"": ""PAGE"", ""mode"": ""S""}",PAGE,S,UNKNOWN
lock_acquired,2026-09-18 17:01:59.842,81,0,0,0,"{""event_name"": ""lock_acquired"", ""timestamp"": ""2026-09-18 17:01:59.842"", ""session_id"": 81, ""resource_type"": ""OBJECT"", ""mode"": ""IS""}",OBJECT,IS,UNKNOWN
lock_acquired,2026-09-18 17:01:59.842,78,0,0,0,"{""event_name"": ""lock_acquired"", ""timestamp"": ""2026-09-18 17:01:59.842"", ""session_id"": 78, ""resource_type"": ""OBJECT"", ""mode"": ""IS""}",OBJECT,IS,UNKNOWN
lock_acquired,2026-09-18 17:01:59.842,76,0,0,0,"{""event_name"": ""lock_acquired"", ""timestamp"": ""2026-09-18 17:01:59.842"", ""session_id"": 76, ""resource_type"": ""OBJECT"", ""mode"": ""IX""}",OBJECT,IX,UNKNOWN
lock_acquired,2026-09-18 17:01:59.842,76,0,0,0,"{""event_name"": ""lock_acquired"", ""timestamp"": ""2026-09-18 17:01:59.842"", ""session_id"": 76, ""resource_type"": ""OBJECT"", ""mode"": ""IS""}",OBJECT,IS,UNKNOWN
lock_acquired,2026-09-18 17:01:59.842,79,0,0,0,"{""event_name"": ""lock_acquired"", ""timestamp"": ""2026-09-18 17:01:59.842"", ""session_id"": 79, ""resource_type"": ""OBJECT"", ""mode"": ""IS""}",OBJECT,IS,UNKNOWN
lock_released,2026-09-18 17:01:59.842,79,0,0,0,"{""event_name"": ""lock_released"", ""timestamp"": ""2026-09-18 17:01:59.842"", ""session_id"": 79, ""resource_type"": ""KEY"", ""mode"": ""X""}",KEY,X,UNKNOWN
lock_released,2026-09-18 17:01:59.842,76,0,0,0,"{""event_name"": ""lock_released"", ""timestamp"": ""2026-09-18 17:01:59.842"", ""session_id"": 76, ""resource_type"": ""OBJECT"", ""mode"": ""Sch-S""}",OBJECT,Sch-S,UNKNOWN
lock_released,2026-09-18 17:01:59.842,76,0,0,0,"{""event_name"": ""lock_released"", ""timestamp"": ""2026-09-18 17:01:59.842"", ""session_id"": 76, ""resource_type"": ""METADATA"", ""mode"": ""Sch-S""}",METADATA,Sch-S,UNKNOWN
lock_released,2026-09-18 17:01:59.842,85,0,0,0,"{""event_name"": ""lock_released"", ""timestamp"": ""2026-09-18 17:01:59.842"", ""session_id"": 85, ""resource_type"": ""PAGE"", ""mode"": ""IX""}",PAGE,IX,UNKNOWN
lock_released,2026-09-18 17:01:59.842,79,0,0,0,"{""event_name"": ""lock_released"", ""timestamp"": ""2026-09-18 17:01:59.842"", ""session_id"": 79, ""resource_type"": ""PAGE"", ""mode"": ""IX""}",PAGE,IX,UNKNOWN
lock_released,2026-09-18 17:01:59.842,77,0,0,0,"{""event_name"": ""lock_released"", ""timestamp"": ""2026-09-18 17:01:59.842"", ""session_id"": 77, ""resource_type"": ""OBJECT"", ""mode"": ""Sch-S""}",OBJECT,Sch-S,UNKNOWN
lock_released,2026-09-18 17:01:59.842,85,0,0,0,"{""event_name"": ""lock_released"", ""timestamp"": ""2026-09-18 17:01:59.842"", ""session_id"": 85, ""resource_type"": ""OBJECT"", ""mode"": ""IX""}",OBJECT,IX,UNKNOWN
lock_released,2026-09-18 17:01:59.842,77,0,0,0,"{""event_name"": ""lock_released"", ""timestamp"": ""2026-09-18 17:01:59.842"", ""session_id"": 77, ""resource_type"": ""METADATA"", ""mode"": ""Sch-S""}",METADATA,Sch-S,UNKNOWN
lock_released,2026-09-18 17:01:59.842,85,0,0,0,"{""event_name"": ""lock_released"", ""timestamp"": ""2026-09-18 17:01:59.842"", ""session_id"": 85, ""resource_type"": ""KEY"", ""mode"": ""X""}",KEY,X,UNKNOWN
logout,2026-09-18 17:02:04.883,92,0,0,0,"{""event_name"": ""logout"", ""timestamp"": ""2026-09-18 17:02:04.883"", ""session_id"": 92}",0,0,UNKNOWN
lock_acquired,2026-09-18 17:02:04.883,77,0,0,0,"{""event_name"": ""lock_acquired"", ""timestamp"": ""2026-09-18 17:02:04.883"", ""session_id"": 77, ""resource_type"": ""OBJECT"", ""mode"": ""IX""}",OBJECT,IX,UNKNOWN
lock_acquired,2026-09-18 17:02:04.883,84,0,0,0,"{""event_name"": ""lock_acquired"", ""timestamp"": ""2026-09-18 17:02:04.883"", ""session_id"": 84, ""resource_type"": ""PAGE"", ""mode"": ""IX""}",PAGE,IX,UNKNOWN
lock_acquired,2026-09-18 17:02:04.883,84,0,0,0,"{""event_name"": ""lock_acquired"", ""timestamp"": ""2026-09-18 17:02:04.883"", ""session_id"": 84, ""resource_type"": ""OBJECT"", ""mode"": ""IX""}",OBJECT,IX,UNKNOWN
lock_acquired,2026-09-18 17:02:04.883,85,0,0,0,"{""event_name"": ""lock_acquired"", ""timestamp"": ""2026-09-18 17:02:04.883"", ""session_id"": 85, ""resource_type"": ""OBJECT"", ""mode"": ""IX""}",OBJECT,IX,UNKNOWN
lock_acquired,2026-09-18 17:02:04.883,85,0,0,0,"{""event_name"": ""lock_acquired"", ""timestamp"": ""2026-09-18 17:02:04.883"", ""session_id"": 85, ""resource_type"": ""OBJECT"", ""mode"": ""IS""}",OBJECT,IS,UNKNOWN
lock_acquired,2026-09-18 17:02:04.883,84,0,0,0,"{""event_name"": ""lock_acquired"", ""timestamp"": ""2026-09-18 17:02:04.883"", ""session_id"": 84, ""resource_type"": ""KEY"", ""mode"": ""U""}",KEY,U,UNKNOWN
lock_released,2026-09-18 17:02:04.883,83,0,0,0,"{""event_name"": ""lock_released"", ""timestamp"": ""2026-09-18 17:02:04.883"", ""session_id"": 83, ""resource_type"": ""OBJECT"", ""mode"": ""IX""}",OBJECT,IX,UNKNOWN
lock_released,2026-09-18 17:02:04.883,83,0,0,0,"{""event_name"": ""lock_released"", ""timestamp"": ""2026-09-18 17:02:04.883"", ""session_id"": 83, ""resource_type"": ""OBJECT"", ""mode"": ""IS""}",OBJECT,IS,UNKNOWN
lock_released,2026-09-18 17:02:04.883,81,0,0,0,"{""event_name"": ""lock_released"", ""timestamp"": ""2026-09-18 17:02:04.883"", ""session_id"": 81, ""resource_type"": ""OBJECT"", ""mode"": ""IX""}",OBJECT,IX,UNKNOWN
lock_released,2026-09-18 17:02:04.883,83,0,0,0,"{""event_name"": ""lock_released"", ""timestamp"": ""2026-09-18 17:02:04.883"", ""session_id"": 83, ""resource_type"": ""PAGE"", ""mode"": ""S""}",PAGE,S,UNKNOWN
lock_released,2026-09-18 17:02:04.883,81,0,0,0,"{""event_name"": ""lock_released"", ""timestamp"": ""2026-09-18 17:02:04.883"", ""session_id"": 81, ""resource_type"": ""OBJECT"", ""mode"": ""IS""}",OBJECT,IS,UNKNOWN
lock_acquired,2026-09-18 17:02:09.912,82,0,0,0,"{""event_name"": ""lock_acquired"", ""timestamp"": ""2026-09-18 17:02:09.912"", ""session_id"": 82, ""resource_type"": ""OBJECT"", ""mode"": ""Sch-S""}",OBJECT,Sch-S,UNKNOWN
lock_acquired,2026-09-18 17:02:09.912,83,0,0,0,"{""event_name"": ""lock_acquired"", ""timestamp"": ""2026-09-18 17:02:09.912"", ""session_id"": 83, ""resource_type"": ""OBJECT"", ""mode"": ""IX""}",OBJECT,IX,UNKNOWN
lock_acquired,2026-09-18 17:02:09.912,85,0,0,0,"{""event_name"": ""lock_acquired"", ""timestamp"": ""2026-09-18 17:02:09.912"", ""session_id"": 85, ""resource_type"": ""OBJECT"", ""mode"": ""Sch-S""}",OBJECT,Sch-S,UNKNOWN
lock_acquired,2026-09-18 17:02:09.912,83,0,0,0,"{""event_name"": ""lock_acquired"", ""timestamp"": ""2026-09-18 17:02:09.912"", ""session_id"": 83, ""resource_type"": ""OBJECT"", ""mode"": ""IS""}",OBJECT,IS,UNKNOWN
lock_acquired,2026-09-18 17:02:09.912,85,0,0,0,"{""event_name"": ""lock_acquired"", ""timestamp"": ""2026-09-18 17:02:09.912"", ""session_id"": 85, ""resource_type"": ""METADATA"", ""mode"": ""Sch-S""}",METADATA,Sch-S,UNKNOWN
lock_acquired,2026-09-18 17:02:09.912,81,0,0,0,"{""event_name"": ""lock_acquired"", ""timestamp"": ""2026-09-18 17:02:09.912"", ""session_id"": 81, ""resource_type"": ""OBJECT"", ""mode"": ""IX""}",OBJECT,IX,UNKNOWN
lock_acquired,2026-09-18 17:02:09.912,81,0,0,0,"{""event_name"": ""lock_acquired"", ""timestamp"": ""2026-09-18 17:02:09.912"", ""session_id"": 81, ""resource_type"": ""OBJECT"", ""mode"": ""IS""}",OBJECT,IS,UNKNOWN
lock_acquired,2026-09-18 17:02:09.912,77,0,0,0,"{""event_name"": ""lock_acquired"", ""timestamp"": ""2026-09-18 17:02:09.912"", ""session_id"": 77, ""resource_type"": ""OBJECT"", ""mode"": ""Sch-S""}",OBJECT,Sch-S,UNKNOWN
lock_released,2026-09-18 17:02:09.912,77,0,0,0,"{""event_name"": ""lock_released"", ""timestamp"": ""2026-09-18 17:02:09.912"", ""session_id"": 77, ""resource_type"": ""OBJECT"", ""mode"": ""IS""}",OBJECT,IS,UNKNOWN
lock_released,2026-09-18 17:02:09.912,84,0,0,0,"{""event_name"": ""lock_released"", ""timestamp"": ""2026-09-18 17:02:09.912"", ""session_id"": 84, ""resource_type"": ""PAGE"", ""mode"": ""IX""}",PAGE,IX,UNKNOWN
lock_released,2026-09-18 17:02:09.912,77,0,0,0,"{""event_name"": ""lock_released"", ""timestamp"": ""2026-09-18 17:02:09.912"", ""session_id"": 77, ""resource_type"": ""OBJECT"", ""mode"": ""IX""}",OBJECT,IX,UNKNOWN
lock_released,2026-09-18 17:02:09.912,82,0,0,0,"{""event_name"": ""lock_released"", ""timestamp"": ""2026-09-18 17:02:09.912"", ""session_id"": 82, ""resource_type"": ""OBJECT"", ""mode"": ""IX""}",OBJECT,IX,UNKNOWN
lock_released,2026-09-18 17:02:09.912,80,0,0,0,"{""event_name"": ""lock_released"", ""timestamp"": ""2026-09-18 17:02:09.912"", ""session_id"": 80, ""resource_type"": ""OBJECT"", ""mode"": ""IS""}",OBJECT,IS,UNKNOWN
lock_released,2026-09-18 17:02:09.912,80,0,0,0,"{""event_name"": ""lock_released"", ""timestamp"": ""2026-09-18 17:02:09.912"", ""session_id"": 80, ""resource_type"": ""OBJECT"", ""mode"": ""IX""}",OBJECT,IX,UNKNOWN
lock_released,2026-09-18 17:02:09.912,84,0,0,0,"{""event_name"": ""lock_released"", ""timestamp"": ""2026-09-18 17:02:09.912"", ""session_id"": 84, ""resource_type"": ""OBJECT"", ""mode"": ""IX""}",OBJECT,IX,UNKNOWN
lock_released,2026-09-18 17:02:09.912,85,0,0,0,"{""event_name"": ""lock_released"", ""timestamp"": ""2026-09-18 17:02:09.912"", ""session_id"": 85, ""resource_type"": ""OBJECT"", ""mode"": ""IX""}",OBJECT,IX,UNKNOWN
lock_released,2026-09-18 17:02:09.912,82,0,0,0,"{""event_name"": ""lock_released"", ""timestamp"": ""2026-09-18 17:02:09.912"", ""session_id"": 82, ""resource_type"": ""OBJECT"", ""mode"": ""IS""}",OBJECT,IS,UNKNOWN
lock_released,2026-09-18 17:02:09.912,85,0,0,0,"{""event_name"": ""lock_released"", ""timestamp"": ""2026-09-18 17:02:09.912"", ""session_id"": 85, ""resource_type"": ""OBJECT"", ""mode"": ""IS""}",OBJECT,IS,UNKNOWN
lock_released,2026-09-18 17:02:09.912,84,0,0,0,"{""event_name"": ""lock_released"", ""timestamp"": ""2026-09-18 17:02:09.912"", ""session_id"": 84, ""resource_type"": ""KEY"", ""mode"": ""U""}",KEY,U,UNKNOWN
lock_acquired,2026-09-18 17:02:14.947,79,0,0,0,"{""event_name"": ""lock_acquired"", ""timestamp"": ""2026-09-18 17:02:14.947"", ""session_id"": 79, ""resource_type"": ""KEY"", ""mode"": ""X""}",KEY,X,UNKNOWN
lock_acquired,2026-09-18 17:02:14.947,77,0,0,0,"{""event_name"": ""lock_acquired"", ""timestamp"": ""2026-09-18 17:02:14.947"", ""session_id"": 77, ""resource_type"": ""OBJECT"", ""mode"": ""IS""}",OBJECT,IS,UNKNOWN
lock_acquired,2026-09-18 17:02:14.947,85,0,0,0,"{""event_name"": ""lock_acquired"", ""timestamp"": ""2026-09-18 17:02:14.947"", ""session_id"": 85, ""resource_type"": ""PAGE"", ""mode"": ""S""}",PAGE,S,UNKNOWN
lock_acquired,2026-09-18 17:02:14.947,77,0,0,0,"{""event_name"": ""lock_acquired"", ""timestamp"": ""2026-09-18 17:02:14.947"", ""session_id"": 77, ""resource_type"": ""OBJECT"", ""mode"": ""IX""}",OBJECT,IX,UNKNOWN
lock_acquired,2026-09-18 17:02:14.947,82,0,0,0,"{""event_name"": ""lock_acquired"", ""timestamp"": ""2026-09-18 17:02:14.947"", ""session_id"": 82, ""resource_type"": ""OBJECT"", ""mode"": ""IX""}",OBJECT,IX,UNKNOWN
lock_acquired,2026-09-18 17:02:14.947,80,0,0,0,"{""event_name"": ""lock_acquired"", ""timestamp"": ""2026-09-18 17:02:14.947"", ""session_id"": 80, ""resource_type"": ""OBJECT"", ""mode"": ""IS""}",OBJECT,IS,UNKNOWN
lock_acquired,2026-09-18 17:02:14.947,80,0,0,0,"{""event_name"": ""lock_acquired"", ""timestamp"": ""2026-09-18 17:02:14.947"", ""session_id"": 80, ""resource_type"": ""OBJECT"", ""mode"": ""IX""}",OBJECT,IX,UNKNOWN
lock_acquired,2026-09-18 17:02:14.947,84,0,0,0,"{""event_name"": ""lock_acquired"", ""timestamp"": ""2026-09-18 17:02:14.947"", ""session_id"": 84, ""resource_type"": ""OBJECT"", ""mode"": ""IS""}",OBJECT,IS,UNKNOWN
lock_acquired,2026-09-18 17:02:14.947,84,0,0,0,"{""event_name"": ""lock_acquired"", ""timestamp"": ""2026-09-18 17:02:14.947"", ""session_id"": 84, ""resource_type"": ""OBJECT"", ""mode"": ""IX""}",OBJECT,IX,UNKNOWN
lock_acquired,2026-09-18 17:02:14.947,85,0,0,0,"{""event_name"": ""lock_acquired"", ""timestamp"": ""2026-09-18 17:02:14.947"", ""session_id"": 85, ""resource_type"": ""OBJECT"", ""mode"": ""IX""}",OBJECT,IX,UNKNOWN
lock_acquired,2026-09-18 17:02:14.947,82,0,0,0,"{""event_name"": ""lock_acquired"", ""timestamp"": ""2026-09-18 17:02:14.947"", ""session_id"": 82, ""resource_type"": ""OBJECT"", ""mode"": ""IS""}",OBJECT,IS,UNKNOWN
lock_acquired,2026-09-18 17:02:14.947,85,0,0,0,"{""event_name"": ""lock_acquired"", ""timestamp"": ""2026-09-18 17:02:14.947"", ""session_id"": 85, ""resource_type"": ""OBJECT"", ""mode"": ""IS""}",OBJECT,IS,UNKNOWN
lock_released,2026-09-18 17:02:14.947,82,0,0,0,"{""event_name"": ""lock_released"", ""timestamp"": ""2026-09-18 17:02:14.947"", ""session_id"": 82, ""resource_type"": ""OBJECT"", ""mode"": ""Sch-S""}",OBJECT,Sch-S,UNKNOWN
lock_released,2026-09-18 17:02:14.947,85,0,0,0,"{""event_name"": ""lock_released"", ""timestamp"": ""2026-09-18 17:02:14.947"", ""session_id"": 85, ""resource_type"": ""OBJECT"", ""mode"": ""Sch-S""}",OBJECT,Sch-S,UNKNOWN
lock_released,2026-09-18 17:02:14.947,85,0,0,0,"{""event_name"": ""lock_released"", ""timestamp"": ""2026-09-18 17:02:14.947"", ""session_id"": 85, ""resource_type"": ""METADATA"", ""mode"": ""Sch-S""}",METADATA,Sch-S,UNKNOWN
lock_released,2026-09-18 17:02:14.947,77,0,0,0,"{""event_name"": ""lock_released"", ""timestamp"": ""2026-09-18 17:02:14.947"", ""session_id"": 77, ""resource_type"": ""OBJECT"", ""mode"": ""Sch-S""}",OBJECT,Sch-S,UNKNOWN
lock_released,2026-09-18 17:02:14.947,79,0,0,0,"{""event_name"": ""lock_released"", ""timestamp"": ""2026-09-18 17:02:14.947"", ""session_id"": 79, ""resource_type"": ""OBJECT"", ""mode"": ""IX""}",OBJECT,IX,UNKNOWN
lock_released,2026-09-18 17:02:14.947,79,0,0,0,"{""event_name"": ""lock_released"", ""timestamp"": ""2026-09-18 17:02:14.947"", ""session_id"": 79, ""resource_type"": ""OBJECT"", ""mode"": ""IS""}",OBJECT,IS,UNKNOWN
lock_acquired,2026-09-18 17:02:20.006,81,0,0,0,"{""event_name"": ""lock_acquired"", ""timestamp"": ""2026-09-18 17:02:20.006"", ""session_id"": 81, ""resource_type"": ""PAGE"", ""mode"": ""IX""}",PAGE,IX,UNKNOWN
lock_acquired,2026-09-18 17:02:20.006,79,0,0,0,"{""event_name"": ""lock_acquired"", ""timestamp"": ""2026-09-18 17:02:20.006"", ""session_id"": 79, ""resource_type"": ""PAGE"", ""mode"": ""S""}",PAGE,S,UNKNOWN
lock_acquired,2026-09-18 17:02:20.006,82,0,0,0,"{""event_name"": ""lock_acquired"", ""timestamp"": ""2026-09-18 17:02:20.006"", ""session_id"": 82, ""resource_type"": ""PAGE"", ""mode"": ""S""}",PAGE,S,UNKNOWN
lock_acquired,2026-09-18 17:02:20.006,83,0,0,0,"{""event_name"": ""lock_acquired"", ""timestamp"": ""2026-09-18 17:02:20.006"", ""session_id"": 83, ""resource_type"": ""OBJECT"", ""mode"": ""Sch-S""}",OBJECT,Sch-S,UNKNOWN
lock_acquired,2026-09-18 17:02:20.006,80,0,0,0,"{""event_name"": ""lock_acquired"", ""timestamp"": ""2026-09-18 17:02:20.006"", ""session_id"": 80, ""resource_type"": ""PAGE"", ""mode"": ""S""}",PAGE,S,UNKNOWN
lock_acquired,2026-09-18 17:02:20.006,77,0,0,0,"{""event_name"": ""lock_acquired"", ""timestamp"": ""2026-09-18 17:02:20.006"", ""session_id"": 77, ""resource_type"": ""PAGE"", ""mode"": ""S""}",PAGE,S,UNKNOWN
lock_acquired,2026-09-18 17:02:20.006,83,0,0,0,"{""event_name"": ""lock_acquired"", ""timestamp"": ""2026-09-18 17:02:20.006"", ""session_id"": 83, ""resource_type"": ""METADATA"", ""mode"": ""Sch-S""}",METADATA,Sch-S,UNKNOWN
lock_acquired,2026-09-18 17:02:20.006,81,0,0,0,"{""event_name"": ""lock_acquired"", ""timestamp"": ""2026-09-18 17:02:20.006"", ""session_id"": 81, ""resource_type"": ""KEY"", ""mode"": ""X""}",KEY,X,UNKNOWN
lock_acquired,2026-09-18 17:02:20.006,79,0,0,0,"{""event_name"": ""lock_acquired"", ""timestamp"": ""2026-09-18 17:02:20.006"", ""session_id"": 79, ""resource_type"": ""OBJECT"", ""mode"": ""IX""}",OBJECT,IX,UNKNOWN
lock_acquired,2026-09-18 17:02:20.006,79,0,0,0,"{""event_name"": ""lock_acquired"", ""timestamp"": ""2026-09-18 17:02:20.006"", ""session_id"": 79, ""resource_type"": ""OBJECT"", ""mode"": ""IS""}",OBJECT,IS,UNKNOWN
lock_released,2026-09-18 17:02:20.006,83,0,0,0,"{""event_name"": ""lock_released"", ""timestamp"": ""2026-09-18 17:02:20.006"", ""session_id"": 83, ""resource_type"": ""OBJECT"", ""mode"": ""IX""}",OBJECT,IX,UNKNOWN
lock_released,2026-09-18 17:02:20.006,79,0,0,0,"{""event_name"": ""lock_released"", ""timestamp"": ""2026-09-18 17:02:20.006"", ""session_id"": 79, ""resource_type"": ""KEY"", ""mode"": ""X""}",KEY,X,UNKNOWN
lock_released,2026-09-18 17:02:20.006,85,0,0,0,"{""event_name"": ""lock_released"", ""timestamp"": ""2026-09-18 17:02:20.006"", ""session_id"": 85, ""resource_type"": ""PAGE"", ""mode"": ""S""}",PAGE,S,UNKNOWN
lock_released,2026-09-18 17:02:20.006,83,0,0,0,"{""event_name"": ""lock_released"", ""timestamp"": ""2026-09-18 17:02:20.006"", ""session_id"": 83, ""resource_type"": ""OBJECT"", ""mode"": ""IS""}",OBJECT,IS,UNKNOWN
lock_released,2026-09-18 17:02:20.006,81,0,0,0,"{""event_name"": ""lock_released"", ""timestamp"": ""2026-09-18 17:02:20.006"", ""session_id"": 81, ""resource_type"": ""OBJECT"", ""mode"": ""IS""}",OBJECT,IS,UNKNOWN
lock_released,2026-09-18 17:02:20.006,76,0,0,0,"{""event_name"": ""lock_released"", ""timestamp"": ""2026-09-18 17:02:20.006"", ""session_id"": 76, ""resource_type"": ""OBJECT"", ""mode"": ""IS""}",OBJECT,IS,UNKNOWN
login,2026-09-18 17:02:25.595,92,795ec2146175\Administrator,Microsoft SQL Server,SteelNort,"{""event_name"": ""login"", ""timestamp"": ""2026-09-18 17:02:25.595"", ""session_id"": 92, ""login_name"": ""795ec2146175\\Administrator"", ""program_name"": ""Microsoft SQL Server"", ""database_name"": ""SteelNort""}",0,0,UNKNOWN
lock_acquired,2026-09-18 17:02:25.595,82,0,0,0,"{""event_name"": ""lock_acquired"", ""timestamp"": ""2026-09-18 17:02:25.595"", ""session_id"": 82, ""resource_type"": ""OBJECT"", ""mode"": ""Sch-S""}",OBJECT,Sch-S,UNKNOWN
lock_acquired,2026-09-18 17:02:25.595,83,0,0,0,"{""event_name"": ""lock_acquired"", ""timestamp"": ""2026-09-18 17:02:25.595"", ""session_id"": 83, ""resource_type"": ""OBJECT"", ""mode"": ""IX""}",OBJECT,IX,UNKNOWN
lock_acquired,2026-09-18 17:02:25.595,79,0,0,0,"{""event_name"": ""lock_acquired"", ""timestamp"": ""2026-09-18 17:02:25.595"", ""session_id"": 79, ""resource_type"": ""KEY"", ""mode"": ""X""}",KEY,X,UNKNOWN
lock_acquired,2026-09-18 17:02:25.595,78,0,0,0,"{""event_name"": ""lock_acquired"", ""timestamp"": ""2026-09-18 17:02:25.595"", ""session_id"": 78, ""resource_type"": ""PAGE"", ""mode"": ""S""}",PAGE,S,UNKNOWN
lock_acquired,2026-09-18 17:02:25.595,83,0,0,0,"{""event_name"": ""lock_acquired"", ""timestamp"": ""2026-09-18 17:02:25.595"", ""session_id"": 83, ""resource_type"": ""OBJECT"", ""mode"": ""IS""}",OBJECT,IS,UNKNOWN
lock_acquired,2026-09-18 17:02:25.595,79,0,0,0,"{""event_name"": ""lock_acquired"", ""timestamp"": ""2026-09-18 17:02:25.595"", ""session_id"": 79, ""resource_type"": ""PAGE"", ""mode"": ""IX""}",PAGE,IX,UNKNOWN
lock_acquired,2026-09-18 17:02:25.595,81,0,0,0,"{""event_name"": ""lock_acquired"", ""timestamp"": ""2026-09-18 17:02:25.595"", ""session_id"": 81, ""resource_type"": ""OBJECT"", ""mode"": ""IS""}",OBJECT,IS,UNKNOWN
lock_acquired,2026-09-18 17:02:25.595,80,0,0,0,"{""event_name"": ""lock_acquired"", ""timestamp"": ""2026-09-18 17:02:25.595"", ""session_id"": 80, ""resource_type"": ""OBJECT"", ""mode"": ""Sch-S""}",OBJECT,Sch-S,UNKNOWN
lock_acquired,2026-09-18 17:02:25.595,76,0,0,0,"{""event_name"": ""lock_acquired"", ""timestamp"": ""2026-09-18 17:02:25.595"", ""session_id"": 76, ""resource_type"": ""OBJECT"", ""mode"": ""IS""}",OBJECT,IS,UNKNOWN
lock_released,2026-09-18 17:02:25.595,81,0,0,0,"{""event_name"": ""lock_released"", ""timestamp"": ""2026-09-18 17:02:25.595"", ""session_id"": 81, ""resource_type"": ""PAGE"", ""mode"": ""IX""}",PAGE,IX,UNKNOWN
lock_released,2026-09-18 17:02:25.595,82,0,0,0,"{""event_name"": ""lock_released"", ""timestamp"": ""2026-09-18 17:02:25.595"", ""session_id"": 82, ""resource_type"": ""OBJECT"", ""mode"": ""IX""}",OBJECT,IX,UNKNOWN
lock_released,2026-09-18 17:02:25.595,79,0,0,0,"{""event_name"": ""lock_released"", ""timestamp"": ""2026-09-18 17:02:25.595"", ""session_id"": 79, ""resource_type"": ""PAGE"", ""mode"": ""S""}",PAGE,S,UNKNOWN
lock_released,2026-09-18 17:02:25.595,80,0,0,0,"{""event_name"": ""lock_released"", ""timestamp"": ""2026-09-18 17:02:25.595"", ""session_id"": 80, ""resource_type"": ""OBJECT"", ""mode"": ""IS""}",OBJECT,IS,UNKNOWN
lock_released,2026-09-18 17:02:25.595,82,0,0,0,"{""event_name"": ""lock_released"", ""timestamp"": ""2026-09-18 17:02:25.595"", ""session_id"": 82, ""resource_type"": ""PAGE"", ""mode"": ""S""}",PAGE,S,UNKNOWN
lock_released,2026-09-18 17:02:25.595,80,0,0,0,"{""event_name"": ""lock_released"", ""timestamp"": ""2026-09-18 17:02:25.595"", ""session_id"": 80, ""resource_type"": ""OBJECT"", ""mode"": ""IX""}",OBJECT,IX,UNKNOWN
lock_released,2026-09-18 17:02:25.595,83,0,0,0,"{""event_name"": ""lock_released"", ""timestamp"": ""2026-09-18 17:02:25.595"", ""session_id"": 83, ""resource_type"": ""OBJECT"", ""mode"": ""Sch-S""}",OBJECT,Sch-S,UNKNOWN
lock_released,2026-09-18 17:02:25.595,80,0,0,0,"{""event_name"": ""lock_released"", ""timestamp"": ""2026-09-18 17:02:25.595"", ""session_id"": 80, ""resource_type"": ""PAGE"", ""mode"": ""S""}",PAGE,S,UNKNOWN
lock_released,2026-09-18 17:02:25.595,77,0,0,0,"{""event_name"": ""lock_released"", ""timestamp"": ""2026-09-18 17:02:25.595"", ""session_id"": 77, ""resource_type"": ""PAGE"", ""mode"": ""S""}",PAGE,S,UNKNOWN
lock_released,2026-09-18 17:02:25.595,83,0,0,0,"{""event_name"": ""lock_released"", ""timestamp"": ""2026-09-18 17:02:25.595"", ""session_id"": 83, ""resource_type"": ""METADATA"", ""mode"": ""Sch-S""}",METADATA,Sch-S,UNKNOWN
lock_released,2026-09-18 17:02:25.595,81,0,0,0,"{""event_name"": ""lock_released"", ""timestamp"": ""2026-09-18 17:02:25.595"", ""session_id"": 81, ""resource_type"": ""KEY"", ""mode"": ""X""}",KEY,X,UNKNOWN
lock_released,2026-09-18 17:02:25.595,82,0,0,0,"{""event_name"": ""lock_released"", ""timestamp"": ""2026-09-18 17:02:25.595"", ""session_id"": 82, ""resource_type"": ""OBJECT"", ""mode"": ""IS""}",OBJECT,IS,UNKNOWN
lock_released,2026-09-18 17:02:25.595,79,0,0,0,"{""event_name"": ""lock_released"", ""timestamp"": ""2026-09-18 17:02:25.595"", ""session_id"": 79, ""resource_type"": ""OBJECT"", ""mode"": ""IS""}",OBJECT,IS,UNKNOWN
logout,2026-09-18 17:02:32.344,92,0,0,0,"{""event_name"": ""logout"", ""timestamp"": ""2026-09-18 17:02:32.344"", ""session_id"": 92}",0,0,UNKNOWN
lock_acquired,2026-09-18 17:02:32.344,85,0,0,0,"{""event_name"": ""lock_acquired"", ""timestamp"": ""2026-09-18 17:02:32.344"", ""session_id"": 85, ""resource_type"": ""OBJECT"", ""mode"": ""Sch-S""}",OBJECT,Sch-S,UNKNOWN
lock_acquired,2026-09-18 17:02:32.344,82,0,0,0,"{""event_name"": ""lock_acquired"", ""timestamp"": ""2026-09-18 17:02:32.344"", ""session_id"": 82, ""resource_type"": ""OBJECT"", ""mode"": ""IX""}",OBJECT,IX,UNKNOWN
lock_acquired,2026-09-18 17:02:32.344,83,0,0,0,"{""event_name"": ""lock_acquired"", ""timestamp"": ""2026-09-18 17:02:32.344"", ""session_id"": 83, ""resource_type"": ""KEY"", ""mode"": ""U""}",KEY,U,UNKNOWN
lock_acquired,2026-09-18 17:02:32.344,80,0,0,0,"{""event_name"": ""lock_acquired"", ""timestamp"": ""2026-09-18 17:02:32.344"", ""session_id"": 80, ""resource_type"": ""OBJECT"", ""mode"": ""IS""}",OBJECT,IS,UNKNOWN
lock_acquired,2026-09-18 17:02:32.344,80,0,0,0,"{""event_name"": ""lock_acquired"", ""timestamp"": ""2026-09-18 17:02:32.344"", ""session_id"": 80, ""resource_type"": ""OBJECT"", ""mode"": ""IX""}",OBJECT,IX,UNKNOWN
lock_acquired,2026-09-18 17:02:32.344,82,0,0,0,"{""event_name"": ""lock_acquired"", ""timestamp"": ""2026-09-18 17:02:32.344"", ""session_id"": 82, ""resource_type"": ""OBJECT"", ""mode"": ""IS""}",OBJECT,IS,UNKNOWN
lock_acquired,2026-09-18 17:02:32.344,83,0,0,0,"{""event_name"": ""lock_acquired"", ""timestamp"": ""2026-09-18 17:02:32.344"", ""session_id"": 83, ""resource_type"": ""PAGE"", ""mode"": ""IX""}",PAGE,IX,UNKNOWN
lock_released,2026-09-18 17:02:32.344,82,0,0,0,"{""event_name"": ""lock_released"", ""timestamp"": ""2026-09-18 17:02:32.344"", ""session_id"": 82, ""resource_type"": ""OBJECT"", ""mode"": ""Sch-S""}",OBJECT,Sch-S,UNKNOWN
lock_released,2026-09-18 17:02:32.344,79,0,0,0,"{""event_name"": ""lock_released"", ""timestamp"": ""2026-09-18 17:02:32.344"", ""session_id"": 79, ""resource_type"": ""KEY"", ""mode"": ""X""}",KEY,X,UNKNOWN
lock_released,2026-09-18 17:02:32.344,85,0,0,0,"{""event_name"": ""lock_released"", ""timestamp"": ""2026-09-18 17:02:32.344"", ""session_id"": 85, ""resource_type"": ""OBJECT"", ""mode"": ""IX""}",OBJECT,IX,UNKNOWN
lock_released,2026-09-18 17:02:32.344,83,0,0,0,"{""event_name"": ""lock_released"", ""timestamp"": ""2026-09-18 17:02:32.344"", ""session_id"": 83, ""resource_type"": ""OBJECT"", ""mode"": ""IS""}",OBJECT,IS,UNKNOWN
lock_released,2026-09-18 17:02:32.344,80,0,0,0,"{""event_name"": ""lock_released"", ""timestamp"": ""2026-09-18 17:02:32.344"", ""session_id"": 80, ""resource_type"": ""OBJECT"", ""mode"": ""Sch-S""}",OBJECT,Sch-S,UNKNOWN
lock_released,2026-09-18 17:02:32.344,81,0,0,0,"{""event_name"": ""lock_released"", ""timestamp"": ""2026-09-18 17:02:32.344"", ""session_id"": 81, ""resource_type"": ""OBJECT"", ""mode"": ""IX""}",OBJECT,IX,UNKNOWN
lock_released,2026-09-18 17:02:32.344,79,0,0,0,"{""event_name"": ""lock_released"", ""timestamp"": ""2026-09-18 17:02:32.344"", ""session_id"": 79, ""resource_type"": ""PAGE"", ""mode"": ""IX""}",PAGE,IX,UNKNOWN
lock_released,2026-09-18 17:02:32.344,81,0,0,0,"{""event_name"": ""lock_released"", ""timestamp"": ""2026-09-18 17:02:32.344"", ""session_id"": 81, ""resource_type"": ""OBJECT"", ""mode"": ""IS""}",OBJECT,IS,UNKNOWN
lock_released,2026-09-18 17:02:32.344,79,0,0,0,"{""event_name"": ""lock_released"", ""timestamp"": ""2026-09-18 17:02:32.344"", ""session_id"": 79, ""resource_type"": ""OBJECT"", ""mode"": ""IX""}",OBJECT,IX,UNKNOWN
lock_released,2026-09-18 17:02:32.344,78,0,0,0,"{""event_name"": ""lock_released"", ""timestamp"": ""2026-09-18 17:02:32.344"", ""session_id"": 78, ""resource_type"": ""PAGE"", ""mode"": ""S""}",PAGE,S,UNKNOWN
lock_released,2026-09-18 17:02:32.344,85,0,0,0,"{""event_name"": ""lock_released"", ""timestamp"": ""2026-09-18 17:02:32.344"", ""session_id"": 85, ""resource_type"": ""OBJECT"", ""mode"": ""IS""}",OBJECT,IS,UNKNOWN
lock_acquired,2026-09-18 17:02:37.390,80,0,0,0,"{""event_name"": ""lock_acquired"", ""timestamp"": ""2026-09-18 17:02:37.390"", ""session_id"": 80, ""resource_type"": ""METADATA"", ""mode"": ""Sch-S""}",METADATA,Sch-S,UNKNOWN
lock_acquired,2026-09-18 17:02:37.390,85,0,0,0,"{""event_name"": ""lock_acquired"", ""timestamp"": ""2026-09-18 17:02:37.390"", ""session_id"": 85, ""resource_type"": ""OBJECT"", ""mode"": ""IX""}",OBJECT,IX,UNKNOWN
lock_acquired,2026-09-18 17:02:37.390,83,0,0,0,"{""event_name"": ""lock_acquired"", ""timestamp"": ""2026-09-18 17:02:37.390"", ""session_id"": 83, ""resource_type"": ""OBJECT"", ""mode"": ""IS""}",OBJECT,IS,UNKNOWN
lock_acquired,2026-09-18 17:02:37.390,80,0,0,0,"{""event_name"": ""lock_acquired"", ""timestamp"": ""2026-09-18 17:02:37.390"", ""session_id"": 80, ""resource_type"": ""OBJECT"", ""mode"": ""Sch-S""}",OBJECT,Sch-S,UNKNOWN
lock_acquired,2026-09-18 17:02:37.390,76,0,0,0,"{""event_name"": ""lock_acquired"", ""timestamp"": ""2026-09-18 17:02:37.390"", ""session_id"": 76, ""resource_type"": ""PAGE"", ""mode"": ""S""}",PAGE,S,UNKNOWN
lock_acquired,2026-09-18 17:02:37.390,79,0,0,0,"{""event_name"": ""lock_acquired"", ""timestamp"": ""2026-09-18 17:02:37.390"", ""session_id"": 79, ""resource_type"": ""OBJECT"", ""mode"": ""IS""}",OBJECT,IS,UNKNOWN
lock_acquired,2026-09-18 17:02:37.390,77,0,0,0,"{""event_name"": ""lock_acquired"", ""timestamp"": ""2026-09-18 17:02:37.390"", ""session_id"": 77, ""resource_type"": ""PAGE"", ""mode"": ""S""}",PAGE,S,UNKNOWN
lock_acquired,2026-09-18 17:02:37.390,79,0,0,0,"{""event_name"": ""lock_acquired"", ""timestamp"": ""2026-09-18 17:02:37.390"", ""session_id"": 79, ""resource_type"": ""OBJECT"", ""mode"": ""IX""}",OBJECT,IX,UNKNOWN
lock_acquired,2026-09-18 17:02:37.390,85,0,0,0,"{""event_name"": ""lock_acquired"", ""timestamp"": ""2026-09-18 17:02:37.390"", ""session_id"": 85, ""resource_type"": ""OBJECT"", ""mode"": ""IS""}",OBJECT,IS,UNKNOWN
lock_released,2026-09-18 17:02:37.390,85,0,0,0,"{""event_name"": ""lock_released"", ""timestamp"": ""2026-09-18 17:02:37.390"", ""session_id"": 85, ""resource_type"": ""OBJECT"", ""mode"": ""Sch-S""}",OBJECT,Sch-S,UNKNOWN
lock_released,2026-09-18 17:02:37.390,83,0,0,0,"{""event_name"": ""lock_released"", ""timestamp"": ""2026-09-18 17:02:37.390"", ""session_id"": 83, ""resource_type"": ""KEY"", ""mode"": ""U""}",KEY,U,UNKNOWN
lock_released,2026-09-18 17:02:37.390,80,0,0,0,"{""event_name"": ""lock_released"", ""timestamp"": ""2026-09-18 17:02:37.390"", ""session_id"": 80, ""resource_type"": ""OBJECT"", ""mode"": ""IX""}",OBJECT,IX,UNKNOWN
lock_released,2026-09-18 17:02:37.390,80,0,0,0,"{""event_name"": ""lock_released"", ""timestamp"": ""2026-09-18 17:02:37.390"", ""session_id"": 80, ""resource_type"": ""OBJECT"", ""mode"": ""IS""}",OBJECT,IS,UNKNOWN
lock_released,2026-09-18 17:02:37.390,83,0,0,0,"{""event_name"": ""lock_released"", ""timestamp"": ""2026-09-18 17:02:37.390"", ""session_id"": 83, ""resource_type"": ""PAGE"", ""mode"": ""IX""}",PAGE,IX,UNKNOWN
lock_acquired,2026-09-18 17:02:42.440,84,0,0,0,"{""event_name"": ""lock_acquired"", ""timestamp"": ""2026-09-18 17:02:42.440"", ""session_id"": 84, ""resource_type"": ""PAGE"", ""mode"": ""S""}",PAGE,S,UNKNOWN
lock_acquired,2026-09-18 17:02:42.440,81,0,0,0,"{""event_name"": ""lock_acquired"", ""timestamp"": ""2026-09-18 17:02:42.440"", ""session_id"": 81, ""resource_type"": ""OBJECT"", ""mode"": ""IX""}",OBJECT,IX,UNKNOWN
lock_acquired,2026-09-18 17:02:42.440,80,0,0,0,"{""event_name"": ""lock_acquired"", ""timestamp"": ""2026-09-18 17:02:42.440"", ""session_id"": 80, ""resource_type"": ""OBJECT"", ""mode"": ""IS""}",OBJECT,IS,UNKNOWN
lock_acquired,2026-09-18 17:02:42.440,81,0,0,0,"{""event_name"": ""lock_acquired"", ""timestamp"": ""2026-09-18 17:02:42.440"", ""session_id"": 81, ""resource_type"": ""OBJECT"", ""mode"": ""IS""}",OBJECT,IS,UNKNOWN
lock_acquired,2026-09-18 17:02:42.440,77,0,0,0,"{""event_name"": ""lock_acquired"", ""timestamp"": ""2026-09-18 17:02:42.440"", ""session_id"": 77, ""resource_type"": ""OBJECT"", ""mode"": ""Sch-S""}",OBJECT,Sch-S,UNKNOWN
lock_acquired,2026-09-18 17:02:42.440,77,0,0,0,"{""event_name"": ""lock_acquired"", ""timestamp"": ""2026-09-18 17:02:42.440"", ""session_id"": 77, ""resource_type"": ""METADATA"", ""mode"": ""Sch-S""}",METADATA,Sch-S,UNKNOWN
lock_acquired,2026-09-18 17:02:42.440,78,0,0,0,"{""event_name"": ""lock_acquired"", ""timestamp"": ""2026-09-18 17:02:42.440"", ""session_id"": 78, ""resource_type"": ""PAGE"", ""mode"": ""S""}",PAGE,S,UNKNOWN
lock_released,2026-09-18 17:02:42.440,80,0,0,0,"{""event_name"": ""lock_released"", ""timestamp"": ""2026-09-18 17:02:42.440"", ""session_id"": 80, ""resource_type"": ""METADATA"", ""mode"": ""Sch-S""}",METADATA,Sch-S,UNKNOWN
lock_released,2026-09-18 17:02:42.440,77,0,0,0,"{""event_name"": ""lock_released"", ""timestamp"": ""2026-09-18 17:02:42.440"", ""session_id"": 77, ""resource_type"": ""OBJECT"", ""mode"": ""IX""}",OBJECT,IX,UNKNOWN
lock_released,2026-09-18 17:02:42.440,77,0,0,0,"{""event_name"": ""lock_released"", ""timestamp"": ""2026-09-18 17:02:42.440"", ""session_id"": 77, ""resource_type"": ""OBJECT"", ""mode"": ""IS""}",OBJECT,IS,UNKNOWN
lock_released,2026-09-18 17:02:42.440,76,0,0,0,"{""event_name"": ""lock_released"", ""timestamp"": ""2026-09-18 17:02:42.440"", ""session_id"": 76, ""resource_type"": ""PAGE"", ""mode"": ""S""}",PAGE,S,UNKNOWN
lock_released,2026-09-18 17:02:42.440,77,0,0,0,"{""event_name"": ""lock_released"", ""timestamp"": ""2026-09-18 17:02:42.440"", ""session_id"": 77, ""resource_type"": ""PAGE"", ""mode"": ""S""}",PAGE,S,UNKNOWN
lock_released,2026-09-18 17:02:42.440,80,0,0,0,"{""event_name"": ""lock_released"", ""timestamp"": ""2026-09-18 17:02:42.440"", ""session_id"": 80, ""resource_type"": ""OBJECT"", ""mode"": ""Sch-S""}",OBJECT,Sch-S,UNKNOWN
lock_acquired,2026-09-18 17:02:47.538,82,0,0,0,"{""event_name"": ""lock_acquired"", ""timestamp"": ""2026-09-18 17:02:47.538"", ""session_id"": 82, ""resource_type"": ""OBJECT"", ""mode"": ""Sch-S""}",OBJECT,Sch-S,UNKNOWN
lock_acquired,2026-09-18 17:02:47.538,77,0,0,0,"{""event_name"": ""lock_acquired"", ""timestamp"": ""2026-09-18 17:02:47.538"", ""session_id"": 77, ""resource_type"": ""OBJECT"", ""mode"": ""IX""}",OBJECT,IX,UNKNOWN
lock_acquired,2026-09-18 17:02:47.538,85,0,0,0,"{""event_name"": ""lock_acquired"", ""timestamp"": ""2026-09-18 17:02:47.538"", ""session_id"": 85, ""resource_type"": ""OBJECT"", ""mode"": ""Sch-S""}",OBJECT,Sch-S,UNKNOWN
lock_acquired,2026-09-18 17:02:47.538,77,0,0,0,"{""event_name"": ""lock_acquired"", ""timestamp"": ""2026-09-18 17:02:47.538"", ""session_id"": 77, ""resource_type"": ""OBJECT"", ""mode"": ""IS""}",OBJECT,IS,UNKNOWN
lock_acquired,2026-09-18 17:02:47.538,85,0,0,0,"{""event_name"": ""lock_acquired"", ""timestamp"": ""2026-09-18 17:02:47.538"", ""session_id"": 85, ""resource_type"": ""METADATA"", ""mode"": ""Sch-S""}",METADATA,Sch-S,UNKNOWN
lock_released,2026-09-18 17:02:47.538,84,0,0,0,"{""event_name"": ""lock_released"", ""timestamp"": ""2026-09-18 17:02:47.538"", ""session_id"": 84, ""resource_type"": ""PAGE"", ""mode"": ""S""}",PAGE,S,UNKNOWN
lock_released,2026-09-18 17:02:47.538,82,0,0,0,"{""event_name"": ""lock_released"", ""timestamp"": ""2026-09-18 17:02:47.538"", ""session_id"": 82, ""resource_type"": ""OBJECT"", ""mode"": ""IX""}",OBJECT,IX,UNKNOWN
lock_released,2026-09-18 17:02:47.538,80,0,0,0,"{""event_name"": ""lock_released"", ""timestamp"": ""2026-09-18 17:02:47.538"", ""session_id"": 80, ""resource_type"": ""OBJECT"", ""mode"": ""IS""}",OBJECT,IS,UNKNOWN
lock_released,2026-09-18 17:02:47.538,77,0,0,0,"{""event_name"": ""lock_released"", ""timestamp"": ""2026-09-18 17:02:47.538"", ""session_id"": 77, ""resource_type"": ""OBJECT"", ""mode"": ""Sch-S""}",OBJECT,Sch-S,UNKNOWN
lock_released,2026-09-18 17:02:47.538,85,0,0,0,"{""event_name"": ""lock_released"", ""timestamp"": ""2026-09-18 17:02:47.538"", ""session_id"": 85, ""resource_type"": ""OBJECT"", ""mode"": ""IX""}",OBJECT,IX,UNKNOWN
lock_released,2026-09-18 17:02:47.538,82,0,0,0,"{""event_name"": ""lock_released"", ""timestamp"": ""2026-09-18 17:02:47.538"", ""session_id"": 82, ""resource_type"": ""OBJECT"", ""mode"": ""IS""}",OBJECT,IS,UNKNOWN
lock_released,2026-09-18 17:02:47.538,77,0,0,0,"{""event_name"": ""lock_released"", ""timestamp"": ""2026-09-18 17:02:47.538"", ""session_id"": 77, ""resource_type"": ""METADATA"", ""mode"": ""Sch-S""}",METADATA,Sch-S,UNKNOWN
lock_released,2026-09-18 17:02:47.538,78,0,0,0,"{""event_name"": ""lock_released"", ""timestamp"": ""2026-09-18 17:02:47.538"", ""session_id"": 78, ""resource_type"": ""PAGE"", ""mode"": ""S""}",PAGE,S,UNKNOWN
lock_released,2026-09-18 17:02:47.538,85,0,0,0,"{""event_name"": ""lock_released"", ""timestamp"": ""2026-09-18 17:02:47.538"", ""session_id"": 85, ""resource_type"": ""OBJECT"", ""mode"": ""IS""}",OBJECT,IS,UNKNOWN
logout,2026-09-18 17:02:52.576,75,0,0,0,"{""event_name"": ""logout"", ""timestamp"": ""2026-09-18 17:02:52.576"", ""session_id"": 75}",0,0,UNKNOWN
logout,2026-09-18 17:02:52.576,87,0,0,0,"{""event_name"": ""logout"", ""timestamp"": ""2026-09-18 17:02:52.576"", ""session_id"": 87}",0,0,UNKNOWN
logout,2026-09-18 17:02:52.576,88,0,0,0,"{""event_name"": ""logout"", ""timestamp"": ""2026-09-18 17:02:52.576"", ""session_id"": 88}",0,0,UNKNOWN
logout,2026-09-18 17:02:52.576,89,0,0,0,"{""event_name"": ""logout"", ""timestamp"": ""2026-09-18 17:02:52.576"", ""session_id"": 89}",0,0,UNKNOWN
logout,2026-09-18 17:02:52.576,90,0,0,0,"{""event_name"": ""logout"", ""timestamp"": ""2026-09-18 17:02:52.576"", ""session_id"": 90}",0,0,UNKNOWN
lock_acquired,2026-09-18 17:02:52.576,79,0,0,0,"{""event_name"": ""lock_acquired"", ""timestamp"": ""2026-09-18 17:02:52.576"", ""session_id"": 79, ""resource_type"": ""PAGE"", ""mode"": ""S""}",PAGE,S,UNKNOWN
lock_acquired,2026-09-18 17:02:52.576,83,0,0,0,"{""event_name"": ""lock_acquired"", ""timestamp"": ""2026-09-18 17:02:52.576"", ""session_id"": 83, ""resource_type"": ""KEY"", ""mode"": ""X""}",KEY,X,UNKNOWN
lock_acquired,2026-09-18 17:02:52.576,85,0,0,0,"{""event_name"": ""lock_acquired"", ""timestamp"": ""2026-09-18 17:02:52.576"", ""session_id"": 85, ""resource_type"": ""OBJECT"", ""mode"": ""IX""}",OBJECT,IX,UNKNOWN
lock_acquired,2026-09-18 17:02:52.576,83,0,0,0,"{""event_name"": ""lock_acquired"", ""timestamp"": ""2026-09-18 17:02:52.576"", ""session_id"": 83, ""resource_type"": ""PAGE"", ""mode"": ""IX""}",PAGE,IX,UNKNOWN
lock_acquired,2026-09-18 17:02:52.576,85,0,0,0,"{""event_name"": ""lock_acquired"", ""timestamp"": ""2026-09-18 17:02:52.576"", ""session_id"": 85, ""resource_type"": ""OBJECT"", ""mode"": ""IS""}",OBJECT,IS,UNKNOWN
lock_released,2026-09-18 17:02:52.576,82,0,0,0,"{""event_name"": ""lock_released"", ""timestamp"": ""2026-09-18 17:02:52.576"", ""session_id"": 82, ""resource_type"": ""OBJECT"", ""mode"": ""Sch-S""}",OBJECT,Sch-S,UNKNOWN
lock_released,2026-09-18 17:02:52.576,77,0,0,0,"{""event_name"": ""lock_released"", ""timestamp"": ""2026-09-18 17:02:52.576"", ""session_id"": 77, ""resource_type"": ""OBJECT"", ""mode"": ""IX""}",OBJECT,IX,UNKNOWN
lock_released,2026-09-18 17:02:52.576,85,0,0,0,"{""event_name"": ""lock_released"", ""timestamp"": ""2026-09-18 17:02:52.576"", ""session_id"": 85, ""resource_type"": ""OBJECT"", ""mode"": ""Sch-S""}",OBJECT,Sch-S,UNKNOWN
lock_released,2026-09-18 17:02:52.576,77,0,0,0,"{""event_name"": ""lock_released"", ""timestamp"": ""2026-09-18 17:02:52.576"", ""session_id"": 77, ""resource_type"": ""OBJECT"", ""mode"": ""IS""}",OBJECT,IS,UNKNOWN
lock_released,2026-09-18 17:02:52.576,83,0,0,0,"{""event_name"": ""lock_released"", ""timestamp"": ""2026-09-18 17:02:52.576"", ""session_id"": 83, ""resource_type"": ""OBJECT"", ""mode"": ""IS""}",OBJECT,IS,UNKNOWN
lock_released,2026-09-18 17:02:52.576,85,0,0,0,"{""event_name"": ""lock_released"", ""timestamp"": ""2026-09-18 17:02:52.576"", ""session_id"": 85, ""resource_type"": ""METADATA"", ""mode"": ""Sch-S""}",METADATA,Sch-S,UNKNOWN
logout,2026-09-18 17:02:57.615,91,0,0,0,"{""event_name"": ""logout"", ""timestamp"": ""2026-09-18 17:02:57.615"", ""session_id"": 91}",0,0,UNKNOWN
lock_acquired,2026-09-18 17:02:57.615,82,0,0,0,"{""event_name"": ""lock_acquired"", ""timestamp"": ""2026-09-18 17:02:57.615"", ""session_id"": 82, ""resource_type"": ""OBJECT"", ""mode"": ""Sch-S""}",OBJECT,Sch-S,UNKNOWN
lock_acquired,2026-09-18 17:02:57.615,77,0,0,0,"{""event_name"": ""lock_acquired"", ""timestamp"": ""2026-09-18 17:02:57.615"", ""session_id"": 77, ""resource_type"": ""OBJECT"", ""mode"": ""IS""}",OBJECT,IS,UNKNOWN
lock_acquired,2026-09-18 17:02:57.615,77,0,0,0,"{""event_name"": ""lock_acquired"", ""timestamp"": ""2026-09-18 17:02:57.615"", ""session_id"": 77, ""resource_type"": ""OBJECT"", ""mode"": ""IX""}",OBJECT,IX,UNKNOWN
lock_acquired,2026-09-18 17:02:57.615,83,0,0,0,"{""event_name"": ""lock_acquired"", ""timestamp"": ""2026-09-18 17:02:57.615"", ""session_id"": 83, ""resource_type"": ""OBJECT"", ""mode"": ""IS""}",OBJECT,IS,UNKNOWN
lock_acquired,2026-09-18 17:02:57.615,82,0,0,0,"{""event_name"": ""lock_acquired"", ""timestamp"": ""2026-09-18 17:02:57.615"", ""session_id"": 82, ""resource_type"": ""METADATA"", ""mode"": ""Sch-S""}",METADATA,Sch-S,UNKNOWN
lock_acquired,2026-09-18 17:02:57.615,82,0,0,0,"{""event_name"": ""lock_acquired"", ""timestamp"": ""2026-09-18 17:02:57.615"", ""session_id"": 82, ""resource_type"": ""KEY"", ""mode"": ""S""}",KEY,S,UNKNOWN
lock_acquired,2026-09-18 17:02:57.615,80,0,0,0,"{""event_name"": ""lock_acquired"", ""timestamp"": ""2026-09-18 17:02:57.615"", ""session_id"": 80, ""resource_type"": ""OBJECT"", ""mode"": ""IS""}",OBJECT,IS,UNKNOWN
lock_acquired,2026-09-18 17:02:57.615,80,0,0,0,"{""event_name"": ""lock_acquired"", ""timestamp"": ""2026-09-18 17:02:57.615"", ""session_id"": 80, ""resource_type"": ""PAGE"", ""mode"": ""IU""}",PAGE,IU,UNKNOWN
lock_acquired,2026-09-18 17:02:57.615,80,0,0,0,"{""event_name"": ""lock_acquired"", ""timestamp"": ""2026-09-18 17:02:57.615"", ""session_id"": 80, ""resource_type"": ""OBJECT"", ""mode"": ""IX""}",OBJECT,IX,UNKNOWN
lock_acquired,2026-09-18 17:02:57.615,83,0,0,0,"{""event_name"": ""lock_acquired"", ""timestamp"": ""2026-09-18 17:02:57.615"", ""session_id"": 83, ""resource_type"": ""PAGE"", ""mode"": ""S""}",PAGE,S,UNKNOWN
lock_acquired,2026-09-18 17:02:57.615,76,0,0,0,"{""event_name"": ""lock_acquired"", ""timestamp"": ""2026-09-18 17:02:57.615"", ""session_id"": 76, ""resource_type"": ""PAGE"", ""mode"": ""S""}",PAGE,S,UNKNOWN
lock_released,2026-09-18 17:02:57.615,79,0,0,0,"{""event_name"": ""lock_released"", ""timestamp"": ""2026-09-18 17:02:57.615"", ""session_id"": 79, ""resource_type"": ""PAGE"", ""mode"": ""S""}",PAGE,S,UNKNOWN
lock_released,2026-09-18 17:02:57.615,78,0,0,0,"{""event_name"": ""lock_released"", ""timestamp"": ""2026-09-18 17:02:57.615"", ""session_id"": 78, ""resource_type"": ""OBJECT"", ""mode"": ""IX""}",OBJECT,IX,UNKNOWN
lock_released,2026-09-18 17:02:57.615,83,0,0,0,"{""event_name"": ""lock_released"", ""timestamp"": ""2026-09-18 17:02:57.615"", ""session_id"": 83, ""resource_type"": ""KEY"", ""mode"": ""X""}",KEY,X,UNKNOWN
lock_released,2026-09-18 17:02:57.615,78,0,0,0,"{""event_name"": ""lock_released"", ""timestamp"": ""2026-09-18 17:02:57.615"", ""session_id"": 78, ""resource_type"": ""OBJECT"", ""mode"": ""IS""}",OBJECT,IS,UNKNOWN
lock_released,2026-09-18 17:02:57.615,83,0,0,0,"{""event_name"": ""lock_released"", ""timestamp"": ""2026-09-18 17:02:57.615"", ""session_id"": 83, ""resource_type"": ""PAGE"", ""mode"": ""IX""}",PAGE,IX,UNKNOWN
lock_acquired,2026-09-18 17:03:02.670,82,0,0,0,"{""event_name"": ""lock_acquired"", ""timestamp"": ""2026-09-18 17:03:02.670"", ""session_id"": 82, ""resource_type"": ""OBJECT"", ""mode"": ""IX""}",OBJECT,IX,UNKNOWN
lock_acquired,2026-09-18 17:03:02.670,78,0,0,0,"{""event_name"": ""lock_acquired"", ""timestamp"": ""2026-09-18 17:03:02.670"", ""session_id"": 78, ""resource_type"": ""OBJECT"", ""mode"": ""IX""}",OBJECT,IX,UNKNOWN
lock_acquired,2026-09-18 17:03:02.670,78,0,0,0,"{""event_name"": ""lock_acquired"", ""timestamp"": ""2026-09-18 17:03:02.670"", ""session_id"": 78, ""resource_type"": ""OBJECT"", ""mode"": ""IS""}",OBJECT,IS,UNKNOWN
lock_acquired,2026-09-18 17:03:02.670,77,0,0,0,"{""event_name"": ""lock_acquired"", ""timestamp"": ""2026-09-18 17:03:02.670"", ""session_id"": 77, ""resource_type"": ""OBJECT"", ""mode"": ""Sch-S""}",OBJECT,Sch-S,UNKNOWN
lock_acquired,2026-09-18 17:03:02.670,82,0,0,0,"{""event_name"": ""lock_acquired"", ""timestamp"": ""2026-09-18 17:03:02.670"", ""session_id"": 82, ""resource_type"": ""OBJECT"", ""mode"": ""IS""}",OBJECT,IS,UNKNOWN
lock_acquired,2026-09-18 17:03:02.670,77,0,0,0,"{""event_name"": ""lock_acquired"", ""timestamp"": ""2026-09-18 17:03:02.670"", ""session_id"": 77, ""resource_type"": ""METADATA"", ""mode"": ""Sch-S""}",METADATA,Sch-S,UNKNOWN
lock_released,2026-09-18 17:03:02.670,82,0,0,0,"{""event_name"": ""lock_released"", ""timestamp"": ""2026-09-18 17:03:02.670"", ""session_id"": 82, ""resource_type"": ""OBJECT"", ""mode"": ""Sch-S""}",OBJECT,Sch-S,UNKNOWN
lock_released,2026-09-18 17:03:02.670,77,0,0,0,"{""event_name"": ""lock_released"", ""timestamp"": ""2026-09-18 17:03:02.670"", ""session_id"": 77, ""resource_type"": ""OBJECT"", ""mode"": ""IS""}",OBJECT,IS,UNKNOWN
lock_released,2026-09-18 17:03:02.670,77,0,0,0,"{""event_name"": ""lock_released"", ""timestamp"": ""2026-09-18 17:03:02.670"", ""session_id"": 77, ""resource_type"": ""OBJECT"", ""mode"": ""IX""}",OBJECT,IX,UNKNOWN
lock_released,2026-09-18 17:03:02.670,81,0,0,0,"{""event_name"": ""lock_released"", ""timestamp"": ""2026-09-18 17:03:02.670"", ""session_id"": 81, ""resource_type"": ""OBJECT"", ""mode"": ""IX""}",OBJECT,IX,UNKNOWN
lock_released,2026-09-18 17:03:02.670,82,0,0,0,"{""event_name"": ""lock_released"", ""timestamp"": ""2026-09-18 17:03:02.670"", ""session_id"": 82, ""resource_type"": ""METADATA"", ""mode"": ""Sch-S""}",METADATA,Sch-S,UNKNOWN
lock_released,2026-09-18 17:03:02.670,82,0,0,0,"{""event_name"": ""lock_released"", ""timestamp"": ""2026-09-18 17:03:02.670"", ""session_id"": 82, ""resource_type"": ""KEY"", ""mode"": ""S""}",KEY,S,UNKNOWN
lock_released,2026-09-18 17:03:02.670,80,0,0,0,"{""event_name"": ""lock_released"", ""timestamp"": ""2026-09-18 17:03:02.670"", ""session_id"": 80, ""resource_type"": ""OBJECT"", ""mode"": ""IS""}",OBJECT,IS,UNKNOWN
lock_released,2026-09-18 17:03:02.670,80,0,0,0,"{""event_name"": ""lock_released"", ""timestamp"": ""2026-09-18 17:03:02.670"", ""session_id"": 80, ""resource_type"": ""PAGE"", ""mode"": ""IU""}",PAGE,IU,UNKNOWN
lock_released,2026-09-18 17:03:02.670,80,0,0,0,"{""event_name"": ""lock_released"", ""timestamp"": ""2026-09-18 17:03:02.670"", ""session_id"": 80, ""resource_type"": ""OBJECT"", ""mode"": ""IX""}",OBJECT,IX,UNKNOWN
lock_released,2026-09-18 17:03:02.670,76,0,0,0,"{""event_name"": ""lock_released"", ""timestamp"": ""2026-09-18 17:03:02.670"", ""session_id"": 76, ""resource_type"": ""PAGE"", ""mode"": ""S""}",PAGE,S,UNKNOWN
lock_released,2026-09-18 17:03:02.670,81,0,0,0,"{""event_name"": ""lock_released"", ""timestamp"": ""2026-09-18 17:03:02.670"", ""session_id"": 81, ""resource_type"": ""OBJECT"", ""mode"": ""IS""}",OBJECT,IS,UNKNOWN
lock_released,2026-09-18 17:03:02.670,83,0,0,0,"{""event_name"": ""lock_released"", ""timestamp"": ""2026-09-18 17:03:02.670"", ""session_id"": 83, ""resource_type"": ""PAGE"", ""mode"": ""S""}",PAGE,S,UNKNOWN
lock_released,2026-09-18 17:03:02.670,76,0,0,0,"{""event_name"": ""lock_released"", ""timestamp"": ""2026-09-18 17:03:02.670"", ""session_id"": 76, ""resource_type"": ""OBJECT"", ""mode"": ""IX""}",OBJECT,IX,UNKNOWN
lock_released,2026-09-18 17:03:02.670,84,0,0,0,"{""event_name"": ""lock_released"", ""timestamp"": ""2026-09-18 17:03:02.670"", ""session_id"": 84, ""resource_type"": ""OBJECT"", ""mode"": ""IS""}",OBJECT,IS,UNKNOWN
lock_released,2026-09-18 17:03:02.670,76,0,0,0,"{""event_name"": ""lock_released"", ""timestamp"": ""2026-09-18 17:03:02.670"", ""session_id"": 76, ""resource_type"": ""OBJECT"", ""mode"": ""IS""}",OBJECT,IS,UNKNOWN
lock_acquired,2026-09-18 17:03:07.703,84,0,0,0,"{""event_name"": ""lock_acquired"", ""timestamp"": ""2026-09-18 17:03:07.703"", ""session_id"": 84, ""resource_type"": ""PAGE"", ""mode"": ""IX""}",PAGE,IX,UNKNOWN
lock_acquired,2026-09-18 17:03:07.703,81,0,0,0,"{""event_name"": ""lock_acquired"", ""timestamp"": ""2026-09-18 17:03:07.703"", ""session_id"": 81, ""resource_type"": ""OBJECT"", ""mode"": ""IX""}",OBJECT,IX,UNKNOWN
lock_acquired,2026-09-18 17:03:07.703,80,0,0,0,"{""event_name"": ""lock_acquired"", ""timestamp"": ""2026-09-18 17:03:07.703"", ""session_id"": 80, ""resource_type"": ""OBJECT"", ""mode"": ""IS""}",OBJECT,IS,UNKNOWN
lock_acquired,2026-09-18 17:03:07.703,82,0,0,0,"{""event_name"": ""lock_acquired"", ""timestamp"": ""2026-09-18 17:03:07.703"", ""session_id"": 82, ""resource_type"": ""PAGE"", ""mode"": ""S""}",PAGE,S,UNKNOWN
lock_acquired,2026-09-18 17:03:07.703,85,0,0,0,"{""event_name"": ""lock_acquired"", ""timestamp"": ""2026-09-18 17:03:07.703"", ""session_id"": 85, ""resource_type"": ""PAGE"", ""mode"": ""IX""}",PAGE,IX,UNKNOWN
lock_acquired,2026-09-18 17:03:07.703,81,0,0,0,"{""event_name"": ""lock_acquired"", ""timestamp"": ""2026-09-18 17:03:07.703"", ""session_id"": 81, ""resource_type"": ""OBJECT"", ""mode"": ""IS""}",OBJECT,IS,UNKNOWN
lock_acquired,2026-09-18 17:03:07.703,80,0,0,0,"{""event_name"": ""lock_acquired"", ""timestamp"": ""2026-09-18 17:03:07.703"", ""session_id"": 80, ""resource_type"": ""OBJECT"", ""mode"": ""IX""}",OBJECT,IX,UNKNOWN
lock_acquired,2026-09-18 17:03:07.703,76,0,0,0,"{""event_name"": ""lock_acquired"", ""timestamp"": ""2026-09-18 17:03:07.703"", ""session_id"": 76, ""resource_type"": ""OBJECT"", ""mode"": ""IX""}",OBJECT,IX,UNKNOWN
lock_acquired,2026-09-18 17:03:07.703,81,0,0,0,"{""event_name"": ""lock_acquired"", ""timestamp"": ""2026-09-18 17:03:07.703"", ""session_id"": 81, ""resource_type"": ""KEY"", ""mode"": ""X""}",KEY,X,UNKNOWN
lock_acquired,2026-09-18 17:03:07.703,84,0,0,0,"{""event_name"": ""lock_acquired"", ""timestamp"": ""2026-09-18 17:03:07.703"", ""session_id"": 84, ""resource_type"": ""KEY"", ""mode"": ""X""}",KEY,X,UNKNOWN
lock_acquired,2026-09-18 17:03:07.703,76,0,0,0,"{""event_name"": ""lock_acquired"", ""timestamp"": ""2026-09-18 17:03:07.703"", ""session_id"": 76, ""resource_type"": ""OBJECT"", ""mode"": ""IS""}",OBJECT,IS,UNKNOWN
lock_acquired,2026-09-18 17:03:07.703,85,0,0,0,"{""event_name"": ""lock_acquired"", ""timestamp"": ""2026-09-18 17:03:07.703"", ""session_id"": 85, ""resource_type"": ""KEY"", ""mode"": ""X""}",KEY,X,UNKNOWN
lock_released,2026-09-18 17:03:07.703,85,0,0,0,"{""event_name"": ""lock_released"", ""timestamp"": ""2026-09-18 17:03:07.703"", ""session_id"": 85, ""resource_type"": ""OBJECT"", ""mode"": ""IS""}",OBJECT,IS,UNKNOWN
lock_released,2026-09-18 17:03:07.703,77,0,0,0,"{""event_name"": ""lock_released"", ""timestamp"": ""2026-09-18 17:03:07.703"", ""session_id"": 77, ""resource_type"": ""OBJECT"", ""mode"": ""Sch-S""}",OBJECT,Sch-S,UNKNOWN
lock_released,2026-09-18 17:03:07.703,79,0,0,0,"{""event_name"": ""lock_released"", ""timestamp"": ""2026-09-18 17:03:07.703"", ""session_id"": 79, ""resource_type"": ""OBJECT"", ""mode"": ""IX""}",OBJECT,IX,UNKNOWN
lock_released,2026-09-18 17:03:07.703,77,0,0,0,"{""event_name"": ""lock_released"", ""timestamp"": ""2026-09-18 17:03:07.703"", ""session_id"": 77, ""resource_type"": ""METADATA"", ""mode"": ""Sch-S""}",METADATA,Sch-S,UNKNOWN
lock_released,2026-09-18 17:03:07.703,79,0,0,0,"{""event_name"": ""lock_released"", ""timestamp"": ""2026-09-18 17:03:07.703"", ""session_id"": 79, ""resource_type"": ""OBJECT"", ""mode"": ""IS""}",OBJECT,IS,UNKNOWN
lock_acquired,2026-09-18 17:03:12.743,82,0,0,0,"{""event_name"": ""lock_acquired"", ""timestamp"": ""2026-09-18 17:03:12.743"", ""session_id"": 82, ""resource_type"": ""OBJECT"", ""mode"": ""Sch-S""}",OBJECT,Sch-S,UNKNOWN
lock_acquired,2026-09-18 17:03:12.743,77,0,0,0,"{""event_name"": ""lock_acquired"", ""timestamp"": ""2026-09-18 17:03:12.743"", ""session_id"": 77, ""resource_type"": ""OBJECT"", ""mode"": ""IS""}",OBJECT,IS,UNKNOWN
lock_acquired,2026-09-18 17:03:12.743,77,0,0,0,"{""event_name"": ""lock_acquired"", ""timestamp"": ""2026-09-18 17:03:12.743"", ""session_id"": 77, ""resource_type"": ""OBJECT"", ""mode"": ""IX""}",OBJECT,IX,UNKNOWN
lock_acquired,2026-09-18 17:03:12.743,79,0,0,0,"{""event_name"": ""lock_acquired"", ""timestamp"": ""2026-09-18 17:03:12.743"", ""session_id"": 79, ""resource_type"": ""PAGE"", ""mode"": ""IX""}",PAGE,IX,UNKNOWN
lock_acquired,2026-09-18 17:03:12.743,84,0,0,0,"{""event_name"": ""lock_acquired"", ""timestamp"": ""2026-09-18 17:03:12.743"", ""session_id"": 84, ""resource_type"": ""OBJECT"", ""mode"": ""IS""}",OBJECT,IS,UNKNOWN
lock_acquired,2026-09-18 17:03:12.743,79,0,0,0,"{""event_name"": ""lock_acquired"", ""timestamp"": ""2026-09-18 17:03:12.743"", ""session_id"": 79, ""resource_type"": ""OBJECT"", ""mode"": ""IX""}",OBJECT,IX,UNKNOWN
lock_acquired,2026-09-18 17:03:12.743,81,0,0,0,"{""event_name"": ""lock_acquired"", ""timestamp"": ""2026-09-18 17:03:12.743"", ""session_id"": 81, ""resource_type"": ""PAGE"", ""mode"": ""S""}",PAGE,S,UNKNOWN
lock_acquired,2026-09-18 17:03:12.743,85,0,0,0,"{""event_name"": ""lock_acquired"", ""timestamp"": ""2026-09-18 17:03:12.743"", ""session_id"": 85, ""resource_type"": ""OBJECT"", ""mode"": ""IS""}",OBJECT,IS,UNKNOWN
lock_released,2026-09-18 17:03:12.743,84,0,0,0,"{""event_name"": ""lock_released"", ""timestamp"": ""2026-09-18 17:03:12.743"", ""session_id"": 84, ""resource_type"": ""PAGE"", ""mode"": ""IX""}",PAGE,IX,UNKNOWN
lock_released,2026-09-18 17:03:12.743,82,0,0,0,"{""event_name"": ""lock_released"", ""timestamp"": ""2026-09-18 17:03:12.743"", ""session_id"": 82, ""resource_type"": ""OBJECT"", ""mode"": ""IX""}",OBJECT,IX,UNKNOWN
lock_released,2026-09-18 17:03:12.743,82,0,0,0,"{""event_name"": ""lock_released"", ""timestamp"": ""2026-09-18 17:03:12.743"", ""session_id"": 82, ""resource_type"": ""PAGE"", ""mode"": ""S""}",PAGE,S,UNKNOWN
lock_released,2026-09-18 17:03:12.743,85,0,0,0,"{""event_name"": ""lock_released"", ""timestamp"": ""2026-09-18 17:03:12.743"", ""session_id"": 85, ""resource_type"": ""PAGE"", ""mode"": ""IX""}",PAGE,IX,UNKNOWN
lock_released,2026-09-18 17:03:12.743,81,0,0,0,"{""event_name"": ""lock_released"", ""timestamp"": ""2026-09-18 17:03:12.743"", ""session_id"": 81, ""resource_type"": ""KEY"", ""mode"": ""X""}",KEY,X,UNKNOWN
lock_released,2026-09-18 17:03:12.743,82,0,0,0,"{""event_name"": ""lock_released"", ""timestamp"": ""2026-09-18 17:03:12.743"", ""session_id"": 82, ""resource_type"": ""OBJECT"", ""mode"": ""IS""}",OBJECT,IS,UNKNOWN
lock_released,2026-09-18 17:03:12.743,84,0,0,0,"{""event_name"": ""lock_released"", ""timestamp"": ""2026-09-18 17:03:12.743"", ""session_id"": 84, ""resource_type"": ""KEY"", ""mode"": ""X""}",KEY,X,UNKNOWN
lock_released,2026-09-18 17:03:12.743,85,0,0,0,"{""event_name"": ""lock_released"", ""timestamp"": ""2026-09-18 17:03:12.743"", ""session_id"": 85, ""resource_type"": ""KEY"", ""mode"": ""X""}",KEY,X,UNKNOWN
lock_acquired,2026-09-18 17:03:17.790,77,0,0,0,"{""event_name"": ""lock_acquired"", ""timestamp"": ""2026-09-18 17:03:17.790"", ""session_id"": 77, ""resource_type"": ""KEY"", ""mode"": ""X""}",KEY,X,UNKNOWN
lock_acquired,2026-09-18 17:03:17.790,76,0,0,0,"{""event_name"": ""lock_acquired"", ""timestamp"": ""2026-09-18 17:03:17.790"", ""session_id"": 76, ""resource_type"": ""OBJECT"", ""mode"": ""Sch-S""}",OBJECT,Sch-S,UNKNOWN
lock_acquired,2026-09-18 17:03:17.790,79,0,0,0,"{""event_name"": ""lock_acquired"", ""timestamp"": ""2026-09-18 17:03:17.790"", ""session_id"": 79, ""resource_type"": ""OBJECT"", ""mode"": ""Sch-S""}",OBJECT,Sch-S,UNKNOWN
lock_acquired,2026-09-18 17:03:17.790,77,0,0,0,"{""event_name"": ""lock_acquired"", ""timestamp"": ""2026-09-18 17:03:17.790"", ""session_id"": 77, ""resource_type"": ""PAGE"", ""mode"": ""IX""}",PAGE,IX,UNKNOWN
lock_acquired,2026-09-18 17:03:17.790,84,0,0,0,"{""event_name"": ""lock_acquired"", ""timestamp"": ""2026-09-18 17:03:17.790"", ""session_id"": 84, ""resource_type"": ""METADATA"", ""mode"": ""Sch-S""}",METADATA,Sch-S,UNKNOWN
lock_acquired,2026-09-18 17:03:17.790,78,0,0,0,"{""event_name"": ""lock_acquired"", ""timestamp"": ""2026-09-18 17:03:17.790"", ""session_id"": 78, ""resource_type"": ""PAGE"", ""mode"": ""S""}",PAGE,S,UNKNOWN
lock_acquired,2026-09-18 17:03:17.790,82,0,0,0,"{""event_name"": ""lock_acquired"", ""timestamp"": ""2026-09-18 17:03:17.790"", ""session_id"": 82, ""resource_type"": ""OBJECT"", ""mode"": ""IX""}",OBJECT,IX,UNKNOWN
lock_acquired,2026-09-18 17:03:17.790,82,0,0,0,"{""event_name"": ""lock_acquired"", ""timestamp"": ""2026-09-18 17:03:17.790"", ""session_id"": 82, ""resource_type"": ""OBJECT"", ""mode"": ""IS""}",OBJECT,IS,UNKNOWN
lock_acquired,2026-09-18 17:03:17.790,81,0,0,0,"{""event_name"": ""lock_acquired"", ""timestamp"": ""2026-09-18 17:03:17.790"", ""session_id"": 81, ""resource_type"": ""OBJECT"", ""mode"": ""Sch-S""}",OBJECT,Sch-S,UNKNOWN
lock_acquired,2026-09-18 17:03:17.790,84,0,0,0,"{""event_name"": ""lock_acquired"", ""timestamp"": ""2026-09-18 17:03:17.790"", ""session_id"": 84, ""resource_type"": ""OBJECT"", ""mode"": ""Sch-S""}",OBJECT,Sch-S,UNKNOWN
lock_acquired,2026-09-18 17:03:17.790,81,0,0,0,"{""event_name"": ""lock_acquired"", ""timestamp"": ""2026-09-18 17:03:17.790"", ""session_id"": 81, ""resource_type"": ""METADATA"", ""mode"": ""Sch-S""}",METADATA,Sch-S,UNKNOWN
lock_released,2026-09-18 17:03:17.790,82,0,0,0,"{""event_name"": ""lock_released"", ""timestamp"": ""2026-09-18 17:03:17.790"", ""session_id"": 82, ""resource_type"": ""OBJECT"", ""mode"": ""Sch-S""}",OBJECT,Sch-S,UNKNOWN
lock_released,2026-09-18 17:03:17.790,77,0,0,0,"{""event_name"": ""lock_released"", ""timestamp"": ""2026-09-18 17:03:17.790"", ""session_id"": 77, ""resource_type"": ""OBJECT"", ""mode"": ""IS""}",OBJECT,IS,UNKNOWN
lock_released,2026-09-18 17:03:17.790,85,0,0,0,"{""event_name"": ""lock_released"", ""timestamp"": ""2026-09-18 17:03:17.790"", ""session_id"": 85, ""resource_type"": ""OBJECT"", ""mode"": ""IX""}",OBJECT,IX,UNKNOWN
lock_released,2026-09-18 17:03:17.790,81,0,0,0,"{""event_name"": ""lock_released"", ""timestamp"": ""2026-09-18 17:03:17.790"", ""session_id"": 81, ""resource_type"": ""OBJECT"", ""mode"": ""IX""}",OBJECT,IX,UNKNOWN
lock_released,2026-09-18 17:03:17.790,79,0,0,0,"{""event_name"": ""lock_released"", ""timestamp"": ""2026-09-18 17:03:17.790"", ""session_id"": 79, ""resource_type"": ""PAGE"", ""mode"": ""IX""}",PAGE,IX,UNKNOWN
lock_released,2026-09-18 17:03:17.790,81,0,0,0,"{""event_name"": ""lock_released"", ""timestamp"": ""2026-09-18 17:03:17.790"", ""session_id"": 81, ""resource_type"": ""OBJECT"", ""mode"": ""IS""}",OBJECT,IS,UNKNOWN
lock_released,2026-09-18 17:03:17.790,84,0,0,0,"{""event_name"": ""lock_released"", ""timestamp"": ""2026-09-18 17:03:17.790"", ""session_id"": 84, ""resource_type"": ""OBJECT"", ""mode"": ""IS""}",OBJECT,IS,UNKNOWN
lock_released,2026-09-18 17:03:17.790,76,0,0,0,"{""event_name"": ""lock_released"", ""timestamp"": ""2026-09-18 17:03:17.790"", ""session_id"": 76, ""resource_type"": ""OBJECT"", ""mode"": ""IX""}",OBJECT,IX,UNKNOWN
lock_released,2026-09-18 17:03:17.790,84,0,0,0,"{""event_name"": ""lock_released"", ""timestamp"": ""2026-09-18 17:03:17.790"", ""session_id"": 84, ""resource_type"": ""OBJECT"", ""mode"": ""IX""}",OBJECT,IX,UNKNOWN
lock_released,2026-09-18 17:03:17.790,79,0,0,0,"{""event_name"": ""lock_released"", ""timestamp"": ""2026-09-18 17:03:17.790"", ""session_id"": 79, ""resource_type"": ""OBJECT"", ""mode"": ""IX""}",OBJECT,IX,UNKNOWN
lock_released,2026-09-18 17:03:17.790,81,0,0,0,"{""event_name"": ""lock_released"", ""timestamp"": ""2026-09-18 17:03:17.790"", ""session_id"": 81, ""resource_type"": ""PAGE"", ""mode"": ""S""}",PAGE,S,UNKNOWN
lock_released,2026-09-18 17:03:17.790,76,0,0,0,"{""event_name"": ""lock_released"", ""timestamp"": ""2026-09-18 17:03:17.790"", ""session_id"": 76, ""resource_type"": ""OBJECT"", ""mode"": ""IS""}",OBJECT,IS,UNKNOWN
lock_released,2026-09-18 17:03:17.790,85,0,0,0,"{""event_name"": ""lock_released"", ""timestamp"": ""2026-09-18 17:03:17.790"", ""session_id"": 85, ""resource_type"": ""OBJECT"", ""mode"": ""IS""}",OBJECT,IS,UNKNOWN
lock_acquired,2026-09-18 17:03:22.837,76,0,0,0,"{""event_name"": ""lock_acquired"", ""timestamp"": ""2026-09-18 17:03:22.837"", ""session_id"": 76, ""resource_type"": ""METADATA"", ""mode"": ""Sch-S""}",METADATA,Sch-S,UNKNOWN
lock_acquired,2026-09-18 17:03:22.837,81,0,0,0,"{""event_name"": ""lock_acquired"", ""timestamp"": ""2026-09-18 17:03:22.837"", ""session_id"": 81, ""resource_type"": ""OBJECT"", ""mode"": ""IX""}",OBJECT,IX,UNKNOWN
lock_acquired,2026-09-18 17:03:22.837,83,0,0,0,"{""event_name"": ""lock_acquired"", ""timestamp"": ""2026-09-18 17:03:22.837"", ""session_id"": 83, ""resource_type"": ""PAGE"", ""mode"": ""S""}",PAGE,S,UNKNOWN
lock_acquired,2026-09-18 17:03:22.837,81,0,0,0,"{""event_name"": ""lock_acquired"", ""timestamp"": ""2026-09-18 17:03:22.837"", ""session_id"": 81, ""resource_type"": ""OBJECT"", ""mode"": ""IS""}",OBJECT,IS,UNKNOWN
lock_acquired,2026-09-18 17:03:22.837,79,0,0,0,"{""event_name"": ""lock_acquired"", ""timestamp"": ""2026-09-18 17:03:22.837"", ""session_id"": 79, ""resource_type"": ""OBJECT"", ""mode"": ""IX""}",OBJECT,IX,UNKNOWN
lock_acquired,2026-09-18 17:03:22.837,79,0,0,0,"{""event_name"": ""lock_acquired"", ""timestamp"": ""2026-09-18 17:03:22.837"", ""session_id"": 79, ""resource_type"": ""OBJECT"", ""mode"": ""IS""}",OBJECT,IS,UNKNOWN
lock_released,2026-09-18 17:03:22.837,77,0,0,0,"{""event_name"": ""lock_released"", ""timestamp"": ""2026-09-18 17:03:22.837"", ""session_id"": 77, ""resource_type"": ""KEY"", ""mode"": ""X""}",KEY,X,UNKNOWN
lock_released,2026-09-18 17:03:22.837,77,0,0,0,"{""event_name"": ""lock_released"", ""timestamp"": ""2026-09-18 17:03:22.837"", ""session_id"": 77, ""resource_type"": ""OBJECT"", ""mode"": ""IX""}",OBJECT,IX,UNKNOWN
lock_released,2026-09-18 17:03:22.837,79,0,0,0,"{""event_name"": ""lock_released"", ""timestamp"": ""2026-09-18 17:03:22.837"", ""session_id"": 79, ""resource_type"": ""OBJECT"", ""mode"": ""Sch-S""}",OBJECT,Sch-S,UNKNOWN
lock_released,2026-09-18 17:03:22.837,77,0,0,0,"{""event_name"": ""lock_released"", ""timestamp"": ""2026-09-18 17:03:22.837"", ""session_id"": 77, ""resource_type"": ""PAGE"", ""mode"": ""IX""}",PAGE,IX,UNKNOWN
lock_released,2026-09-18 17:03:22.837,81,0,0,0,"{""event_name"": ""lock_released"", ""timestamp"": ""2026-09-18 17:03:22.837"", ""session_id"": 81, ""resource_type"": ""OBJECT"", ""mode"": ""Sch-S""}",OBJECT,Sch-S,UNKNOWN
lock_released,2026-09-18 17:03:22.837,78,0,0,0,"{""event_name"": ""lock_released"", ""timestamp"": ""2026-09-18 17:03:22.837"", ""session_id"": 78, ""resource_type"": ""PAGE"", ""mode"": ""S""}",PAGE,S,UNKNOWN
lock_released,2026-09-18 17:03:22.837,81,0,0,0,"{""event_name"": ""lock_released"", ""timestamp"": ""2026-09-18 17:03:22.837"", ""session_id"": 81, ""resource_type"": ""METADATA"", ""mode"": ""Sch-S""}",METADATA,Sch-S,UNKNOWN
lock_acquired,2026-09-18 17:03:27.876,77,0,0,0,"{""event_name"": ""lock_acquired"", ""timestamp"": ""2026-09-18 17:03:27.876"", ""session_id"": 77, ""resource_type"": ""PAGE"", ""mode"": ""IS""}",PAGE,IS,UNKNOWN
lock_acquired,2026-09-18 17:03:27.876,82,0,0,0,"{""event_name"": ""lock_acquired"", ""timestamp"": ""2026-09-18 17:03:27.876"", ""session_id"": 82, ""resource_type"": ""OBJECT"", ""mode"": ""Sch-S""}",OBJECT,Sch-S,UNKNOWN
lock_acquired,2026-09-18 17:03:27.876,77,0,0,0,"{""event_name"": ""lock_acquired"", ""timestamp"": ""2026-09-18 17:03:27.876"", ""session_id"": 77, ""resource_type"": ""OBJECT"", ""mode"": ""IS""}",OBJECT,IS,UNKNOWN
lock_acquired,2026-09-18 17:03:27.876,85,0,0,0,"{""event_name"": ""lock_acquired"", ""timestamp"": ""2026-09-18 17:03:27.876"", ""session_id"": 85, ""resource_type"": ""PAGE"", ""mode"": ""IX""}",PAGE,IX,UNKNOWN
lock_acquired,2026-09-18 17:03:27.876,84,0,0,0,"{""event_name"": ""lock_acquired"", ""timestamp"": ""2026-09-18 17:03:27.876"", ""session_id"": 84, ""resource_type"": ""OBJECT"", ""mode"": ""IS""}",OBJECT,IS,UNKNOWN
lock_acquired,2026-09-18 17:03:27.876,76,0,0,0,"{""event_name"": ""lock_acquired"", ""timestamp"": ""2026-09-18 17:03:27.876"", ""session_id"": 76, ""resource_type"": ""OBJECT"", ""mode"": ""IX""}",OBJECT,IX,UNKNOWN
lock_acquired,2026-09-18 17:03:27.876,84,0,0,0,"{""event_name"": ""lock_acquired"", ""timestamp"": ""2026-09-18 17:03:27.876"", ""session_id"": 84, ""resource_type"": ""OBJECT"", ""mode"": ""IX""}",OBJECT,IX,UNKNOWN
lock_acquired,2026-09-18 17:03:27.876,85,0,0,0,"{""event_name"": ""lock_acquired"", ""timestamp"": ""2026-09-18 17:03:27.876"", ""session_id"": 85, ""resource_type"": ""OBJECT"", ""mode"": ""IX""}",OBJECT,IX,UNKNOWN
lock_acquired,2026-09-18 17:03:27.876,77,0,0,0,"{""event_name"": ""lock_acquired"", ""timestamp"": ""2026-09-18 17:03:27.876"", ""session_id"": 77, ""resource_type"": ""OBJECT"", ""mode"": ""Sch-S""}",OBJECT,Sch-S,UNKNOWN
lock_acquired,2026-09-18 17:03:27.876,76,0,0,0,"{""event_name"": ""lock_acquired"", ""timestamp"": ""2026-09-18 17:03:27.876"", ""session_id"": 76, ""resource_type"": ""OBJECT"", ""mode"": ""IS""}",OBJECT,IS,UNKNOWN
lock_acquired,2026-09-18 17:03:27.876,85,0,0,0,"{""event_name"": ""lock_acquired"", ""timestamp"": ""2026-09-18 17:03:27.876"", ""session_id"": 85, ""resource_type"": ""KEY"", ""mode"": ""X""}",KEY,X,UNKNOWN
lock_released,2026-09-18 17:03:27.876,76,0,0,0,"{""event_name"": ""lock_released"", ""timestamp"": ""2026-09-18 17:03:27.876"", ""session_id"": 76, ""resource_type"": ""OBJECT"", ""mode"": ""Sch-S""}",OBJECT,Sch-S,UNKNOWN
lock_released,2026-09-18 17:03:27.876,84,0,0,0,"{""event_name"": ""lock_released"", ""timestamp"": ""2026-09-18 17:03:27.876"", ""session_id"": 84, ""resource_type"": ""METADATA"", ""mode"": ""Sch-S""}",METADATA,Sch-S,UNKNOWN
lock_released,2026-09-18 17:03:27.876,76,0,0,0,"{""event_name"": ""lock_released"", ""timestamp"": ""2026-09-18 17:03:27.876"", ""session_id"": 76, ""resource_type"": ""METADATA"", ""mode"": ""Sch-S""}",METADATA,Sch-S,UNKNOWN
lock_released,2026-09-18 17:03:27.876,82,0,0,0,"{""event_name"": ""lock_released"", ""timestamp"": ""2026-09-18 17:03:27.876"", ""session_id"": 82, ""resource_type"": ""OBJECT"", ""mode"": ""IX""}",OBJECT,IX,UNKNOWN
lock_released,2026-09-18 17:03:27.876,83,0,0,0,"{""event_name"": ""lock_released"", ""timestamp"": ""2026-09-18 17:03:27.876"", ""session_id"": 83, ""resource_type"": ""PAGE"", ""mode"": ""S""}",PAGE,S,UNKNOWN
lock_released,2026-09-18 17:03:27.876,79,0,0,0,"{""event_name"": ""lock_released"", ""timestamp"": ""2026-09-18 17:03:27.876"", ""session_id"": 79, ""resource_type"": ""OBJECT"", ""mode"": ""IX""}",OBJECT,IX,UNKNOWN
lock_released,2026-09-18 17:03:27.876,82,0,0,0,"{""event_name"": ""lock_released"", ""timestamp"": ""2026-09-18 17:03:27.876"", ""session_id"": 82, ""resource_type"": ""OBJECT"", ""mode"": ""IS""}",OBJECT,IS,UNKNOWN
lock_released,2026-09-18 17:03:27.876,84,0,0,0,"{""event_name"": ""lock_released"", ""timestamp"": ""2026-09-18 17:03:27.876"", ""session_id"": 84, ""resource_type"": ""OBJECT"", ""mode"": ""Sch-S""}",OBJECT,Sch-S,UNKNOWN
lock_released,2026-09-18 17:03:27.876,79,0,0,0,"{""event_name"": ""lock_released"", ""timestamp"": ""2026-09-18 17:03:27.876"", ""session_id"": 79, ""resource_type"": ""OBJECT"", ""mode"": ""IS""}",OBJECT,IS,UNKNOWN
lock_acquired,2026-09-18 17:03:32.930,79,0,0,0,"{""event_name"": ""lock_acquired"", ""timestamp"": ""2026-09-18 17:03:32.930"", ""session_id"": 79, ""resource_type"": ""KEY"", ""mode"": ""X""}",KEY,X,UNKNOWN
lock_acquired,2026-09-18 17:03:32.930,77,0,0,0,"{""event_name"": ""lock_acquired"", ""timestamp"": ""2026-09-18 17:03:32.930"", ""session_id"": 77, ""resource_type"": ""OBJECT"", ""mode"": ""IX""}",OBJECT,IX,UNKNOWN
lock_acquired,2026-09-18 17:03:32.930,78,0,0,0,"{""event_name"": ""lock_acquired"", ""timestamp"": ""2026-09-18 17:03:32.930"", ""session_id"": 78, ""resource_type"": ""PAGE"", ""mode"": ""IX""}",PAGE,IX,UNKNOWN
lock_acquired,2026-09-18 17:03:32.930,78,0,0,0,"{""event_name"": ""lock_acquired"", ""timestamp"": ""2026-09-18 17:03:32.930"", ""session_id"": 78, ""resource_type"": ""KEY"", ""mode"": ""X""}",KEY,X,UNKNOWN
lock_acquired,2026-09-18 17:03:32.930,82,0,0,0,"{""event_name"": ""lock_acquired"", ""timestamp"": ""2026-09-18 17:03:32.930"", ""session_id"": 82, ""resource_type"": ""PAGE"", ""mode"": ""S""}",PAGE,S,UNKNOWN
lock_acquired,2026-09-18 17:03:32.930,79,0,0,0,"{""event_name"": ""lock_acquired"", ""timestamp"": ""2026-09-18 17:03:32.930"", ""session_id"": 79, ""resource_type"": ""PAGE"", ""mode"": ""IX""}",PAGE,IX,UNKNOWN
lock_acquired,2026-09-18 17:03:32.930,79,0,0,0,"{""event_name"": ""lock_acquired"", ""timestamp"": ""2026-09-18 17:03:32.930"", ""session_id"": 79, ""resource_type"": ""OBJECT"", ""mode"": ""IX""}",OBJECT,IX,UNKNOWN
lock_acquired,2026-09-18 17:03:32.930,81,0,0,0,"{""event_name"": ""lock_acquired"", ""timestamp"": ""2026-09-18 17:03:32.930"", ""session_id"": 81, ""resource_type"": ""OBJECT"", ""mode"": ""Sch-S""}",OBJECT,Sch-S,UNKNOWN
lock_acquired,2026-09-18 17:03:32.930,81,0,0,0,"{""event_name"": ""lock_acquired"", ""timestamp"": ""2026-09-18 17:03:32.930"", ""session_id"": 81, ""resource_type"": ""METADATA"", ""mode"": ""Sch-S""}",METADATA,Sch-S,UNKNOWN
lock_released,2026-09-18 17:03:32.930,77,0,0,0,"{""event_name"": ""lock_released"", ""timestamp"": ""2026-09-18 17:03:32.930"", ""session_id"": 77, ""resource_type"": ""PAGE"", ""mode"": ""IS""}",PAGE,IS,UNKNOWN
lock_released,2026-09-18 17:03:32.930,82,0,0,0,"{""event_name"": ""lock_released"", ""timestamp"": ""2026-09-18 17:03:32.930"", ""session_id"": 82, ""resource_type"": ""OBJECT"", ""mode"": ""Sch-S""}",OBJECT,Sch-S,UNKNOWN
lock_released,2026-09-18 17:03:32.930,81,0,0,0,"{""event_name"": ""lock_released"", ""timestamp"": ""2026-09-18 17:03:32.930"", ""session_id"": 81, ""resource_type"": ""OBJECT"", ""mode"": ""IX""}",OBJECT,IX,UNKNOWN
lock_released,2026-09-18 17:03:32.930,78,0,0,0,"{""event_name"": ""lock_released"", ""timestamp"": ""2026-09-18 17:03:32.930"", ""session_id"": 78, ""resource_type"": ""OBJECT"", ""mode"": ""IX""}",OBJECT,IX,UNKNOWN
lock_released,2026-09-18 17:03:32.930,80,0,0,0,"{""event_name"": ""lock_released"", ""timestamp"": ""2026-09-18 17:03:32.930"", ""session_id"": 80, ""resource_type"": ""OBJECT"", ""mode"": ""IS""}",OBJECT,IS,UNKNOWN
lock_released,2026-09-18 17:03:32.930,80,0,0,0,"{""event_name"": ""lock_released"", ""timestamp"": ""2026-09-18 17:03:32.930"", ""session_id"": 80, ""resource_type"": ""OBJECT"", ""mode"": ""IX""}",OBJECT,IX,UNKNOWN
lock_released,2026-09-18 17:03:32.930,85,0,0,0,"{""event_name"": ""lock_released"", ""timestamp"": ""2026-09-18 17:03:32.930"", ""session_id"": 85, ""resource_type"": ""PAGE"", ""mode"": ""IX""}",PAGE,IX,UNKNOWN
lock_released,2026-09-18 17:03:32.930,81,0,0,0,"{""event_name"": ""lock_released"", ""timestamp"": ""2026-09-18 17:03:32.930"", ""session_id"": 81, ""resource_type"": ""OBJECT"", ""mode"": ""IS""}",OBJECT,IS,UNKNOWN
lock_released,2026-09-18 17:03:32.930,78,0,0,0,"{""event_name"": ""lock_released"", ""timestamp"": ""2026-09-18 17:03:32.930"", ""session_id"": 78, ""resource_type"": ""OBJECT"", ""mode"": ""IS""}",OBJECT,IS,UNKNOWN
lock_released,2026-09-18 17:03:32.930,76,0,0,0,"{""event_name"": ""lock_released"", ""timestamp"": ""2026-09-18 17:03:32.930"", ""session_id"": 76, ""resource_type"": ""OBJECT"", ""mode"": ""IX""}",OBJECT,IX,UNKNOWN
lock_released,2026-09-18 17:03:32.930,77,0,0,0,"{""event_name"": ""lock_released"", ""timestamp"": ""2026-09-18 17:03:32.930"", ""session_id"": 77, ""resource_type"": ""OBJECT"", ""mode"": ""Sch-S""}",OBJECT,Sch-S,UNKNOWN
lock_released,2026-09-18 17:03:32.930,85,0,0,0,"{""event_name"": ""lock_released"", ""timestamp"": ""2026-09-18 17:03:32.930"", ""session_id"": 85, ""resource_type"": ""OBJECT"", ""mode"": ""IX""}",OBJECT,IX,UNKNOWN
lock_released,2026-09-18 17:03:32.930,76,0,0,0,"{""event_name"": ""lock_released"", ""timestamp"": ""2026-09-18 17:03:32.930"", ""session_id"": 76, ""resource_type"": ""OBJECT"", ""mode"": ""IS""}",OBJECT,IS,UNKNOWN
lock_released,2026-09-18 17:03:32.930,85,0,0,0,"{""event_name"": ""lock_released"", ""timestamp"": ""2026-09-18 17:03:32.930"", ""session_id"": 85, ""resource_type"": ""KEY"", ""mode"": ""X""}",KEY,X,UNKNOWN
lock_acquired,2026-09-18 17:03:37.963,82,0,0,0,"{""event_name"": ""lock_acquired"", ""timestamp"": ""2026-09-18 17:03:37.963"", ""session_id"": 82, ""resource_type"": ""OBJECT"", ""mode"": ""IX""}",OBJECT,IX,UNKNOWN
lock_acquired,2026-09-18 17:03:37.963,78,0,0,0,"{""event_name"": ""lock_acquired"", ""timestamp"": ""2026-09-18 17:03:37.963"", ""session_id"": 78, ""resource_type"": ""OBJECT"", ""mode"": ""IX""}",OBJECT,IX,UNKNOWN
lock_acquired,2026-09-18 17:03:37.963,80,0,0,0,"{""event_name"": ""lock_acquired"", ""timestamp"": ""2026-09-18 17:03:37.963"", ""session_id"": 80, ""resource_type"": ""OBJECT"", ""mode"": ""IS""}",OBJECT,IS,UNKNOWN
lock_acquired,2026-09-18 17:03:37.963,80,0,0,0,"{""event_name"": ""lock_acquired"", ""timestamp"": ""2026-09-18 17:03:37.963"", ""session_id"": 80, ""resource_type"": ""OBJECT"", ""mode"": ""IX""}",OBJECT,IX,UNKNOWN
lock_acquired,2026-09-18 17:03:37.963,81,0,0,0,"{""event_name"": ""lock_acquired"", ""timestamp"": ""2026-09-18 17:03:37.963"", ""session_id"": 81, ""resource_type"": ""OBJECT"", ""mode"": ""IS""}",OBJECT,IS,UNKNOWN
lock_acquired,2026-09-18 17:03:37.963,76,0,0,0,"{""event_name"": ""lock_acquired"", ""timestamp"": ""2026-09-18 17:03:37.963"", ""session_id"": 76, ""resource_type"": ""PAGE"", ""mode"": ""S""}",PAGE,S,UNKNOWN
lock_acquired,2026-09-18 17:03:37.963,78,0,0,0,"{""event_name"": ""lock_acquired"", ""timestamp"": ""2026-09-18 17:03:37.963"", ""session_id"": 78, ""resource_type"": ""OBJECT"", ""mode"": ""IS""}",OBJECT,IS,UNKNOWN
lock_acquired,2026-09-18 17:03:37.963,76,0,0,0,"{""event_name"": ""lock_acquired"", ""timestamp"": ""2026-09-18 17:03:37.963"", ""session_id"": 76, ""resource_type"": ""OBJECT"", ""mode"": ""IX""}",OBJECT,IX,UNKNOWN
lock_acquired,2026-09-18 17:03:37.963,82,0,0,0,"{""event_name"": ""lock_acquired"", ""timestamp"": ""2026-09-18 17:03:37.963"", ""session_id"": 82, ""resource_type"": ""OBJECT"", ""mode"": ""IS""}",OBJECT,IS,UNKNOWN
lock_acquired,2026-09-18 17:03:37.963,76,0,0,0,"{""event_name"": ""lock_acquired"", ""timestamp"": ""2026-09-18 17:03:37.963"", ""session_id"": 76, ""resource_type"": ""OBJECT"", ""mode"": ""IS""}",OBJECT,IS,UNKNOWN
lock_acquired,2026-09-18 17:03:37.963,79,0,0,0,"{""event_name"": ""lock_acquired"", ""timestamp"": ""2026-09-18 17:03:37.963"", ""session_id"": 79, ""resource_type"": ""OBJECT"", ""mode"": ""IS""}",OBJECT,IS,UNKNOWN
lock_released,2026-09-18 17:03:37.963,79,0,0,0,"{""event_name"": ""lock_released"", ""timestamp"": ""2026-09-18 17:03:37.963"", ""session_id"": 79, ""resource_type"": ""KEY"", ""mode"": ""X""}",KEY,X,UNKNOWN
lock_released,2026-09-18 17:03:37.963,78,0,0,0,"{""event_name"": ""lock_released"", ""timestamp"": ""2026-09-18 17:03:37.963"", ""session_id"": 78, ""resource_type"": ""KEY"", ""mode"": ""X""}",KEY,X,UNKNOWN
lock_released,2026-09-18 17:03:37.963,78,0,0,0,"{""event_name"": ""lock_released"", ""timestamp"": ""2026-09-18 17:03:37.963"", ""session_id"": 78, ""resource_type"": ""PAGE"", ""mode"": ""IX""}",PAGE,IX,UNKNOWN
lock_released,2026-09-18 17:03:37.963,82,0,0,0,"{""event_name"": ""lock_released"", ""timestamp"": ""2026-09-18 17:03:37.963"", ""session_id"": 82, ""resource_type"": ""PAGE"", ""mode"": ""S""}",PAGE,S,UNKNOWN
lock_released,2026-09-18 17:03:37.963,79,0,0,0,"{""event_name"": ""lock_released"", ""timestamp"": ""2026-09-18 17:03:37.963"", ""session_id"": 79, ""resource_type"": ""PAGE"", ""mode"": ""IX""}",PAGE,IX,UNKNOWN
lock_released,2026-09-18 17:03:37.963,81,0,0,0,"{""event_name"": ""lock_released"", ""timestamp"": ""2026-09-18 17:03:37.963"", ""session_id"": 81, ""resource_type"": ""OBJECT"", ""mode"": ""Sch-S""}",OBJECT,Sch-S,UNKNOWN
lock_released,2026-09-18 17:03:37.963,81,0,0,0,"{""event_name"": ""lock_released"", ""timestamp"": ""2026-09-18 17:03:37.963"", ""session_id"": 81, ""resource_type"": ""METADATA"", ""mode"": ""Sch-S""}",METADATA,Sch-S,UNKNOWN
lock_acquired,2026-09-18 17:03:43.008,77,0,0,0,"{""event_name"": ""lock_acquired"", ""timestamp"": ""2026-09-18 17:03:43.008"", ""session_id"": 77, ""resource_type"": ""PAGE"", ""mode"": ""IS""}",PAGE,IS,UNKNOWN
lock_acquired,2026-09-18 17:03:43.008,79,0,0,0,"{""event_name"": ""lock_acquired"", ""timestamp"": ""2026-09-18 17:03:43.008"", ""session_id"": 79, ""resource_type"": ""OBJECT"", ""mode"": ""Sch-S""}",OBJECT,Sch-S,UNKNOWN
lock_acquired,2026-09-18 17:03:43.008,81,0,0,0,"{""event_name"": ""lock_acquired"", ""timestamp"": ""2026-09-18 17:03:43.008"", ""session_id"": 81, ""resource_type"": ""OBJECT"", ""mode"": ""IX""}",OBJECT,IX,UNKNOWN
lock_acquired,2026-09-18 17:03:43.008,85,0,0,0,"{""event_name"": ""lock_acquired"", ""timestamp"": ""2026-09-18 17:03:43.008"", ""session_id"": 85, ""resource_type"": ""OBJECT"", ""mode"": ""IX""}",OBJECT,IX,UNKNOWN
lock_acquired,2026-09-18 17:03:43.008,81,0,0,0,"{""event_name"": ""lock_acquired"", ""timestamp"": ""2026-09-18 17:03:43.008"", ""session_id"": 81, ""resource_type"": ""PAGE"", ""mode"": ""S""}",PAGE,S,UNKNOWN
lock_acquired,2026-09-18 17:03:43.008,85,0,0,0,"{""event_name"": ""lock_acquired"", ""timestamp"": ""2026-09-18 17:03:43.008"", ""session_id"": 85, ""resource_type"": ""OBJECT"", ""mode"": ""IS""}",OBJECT,IS,UNKNOWN
lock_released,2026-09-18 17:03:43.008,76,0,0,0,"{""event_name"": ""lock_released"", ""timestamp"": ""2026-09-18 17:03:43.008"", ""session_id"": 76, ""resource_type"": ""PAGE"", ""mode"": ""S""}",PAGE,S,UNKNOWN
lock_released,2026-09-18 17:03:43.008,79,0,0,0,"{""event_name"": ""lock_released"", ""timestamp"": ""2026-09-18 17:03:43.008"", ""session_id"": 79, ""resource_type"": ""OBJECT"", ""mode"": ""IS""}",OBJECT,IS,UNKNOWN
lock_released,2026-09-18 17:03:43.008,77,0,0,0,"{""event_name"": ""lock_released"", ""timestamp"": ""2026-09-18 17:03:43.008"", ""session_id"": 77, ""resource_type"": ""OBJECT"", ""mode"": ""IX""}",OBJECT,IX,UNKNOWN
lock_released,2026-09-18 17:03:43.008,79,0,0,0,"{""event_name"": ""lock_released"", ""timestamp"": ""2026-09-18 17:03:43.008"", ""session_id"": 79, ""resource_type"": ""OBJECT"", ""mode"": ""IX""}",OBJECT,IX,UNKNOWN
lock_acquired,2026-09-18 17:03:48.065,79,0,0,0,"{""event_name"": ""lock_acquired"", ""timestamp"": ""2026-09-18 17:03:48.065"", ""session_id"": 79, ""resource_type"": ""OBJECT"", ""mode"": ""IS""}",OBJECT,IS,UNKNOWN
lock_acquired,2026-09-18 17:03:48.065,77,0,0,0,"{""event_name"": ""lock_acquired"", ""timestamp"": ""2026-09-18 17:03:48.065"", ""session_id"": 77, ""resource_type"": ""OBJECT"", ""mode"": ""IX""}",OBJECT,IX,UNKNOWN
lock_acquired,2026-09-18 17:03:48.065,79,0,0,0,"{""event_name"": ""lock_acquired"", ""timestamp"": ""2026-09-18 17:03:48.065"", ""session_id"": 79, ""resource_type"": ""OBJECT"", ""mode"": ""IX""}",OBJECT,IX,UNKNOWN
lock_released,2026-09-18 17:03:48.065,77,0,0,0,"{""event_name"": ""lock_released"", ""timestamp"": ""2026-09-18 17:03:48.065"", ""session_id"": 77, ""resource_type"": ""PAGE"", ""mode"": ""IS""}",PAGE,IS,UNKNOWN
lock_released,2026-09-18 17:03:48.065,79,0,0,0,"{""event_name"": ""lock_released"", ""timestamp"": ""2026-09-18 17:03:48.065"", ""session_id"": 79, ""resource_type"": ""OBJECT"", ""mode"": ""Sch-S""}",OBJECT,Sch-S,UNKNOWN
lock_released,2026-09-18 17:03:48.065,78,0,0,0,"{""event_name"": ""lock_released"", ""timestamp"": ""2026-09-18 17:03:48.065"", ""session_id"": 78, ""resource_type"": ""OBJECT"", ""mode"": ""IX""}",OBJECT,IX,UNKNOWN
lock_released,2026-09-18 17:03:48.065,80,0,0,0,"{""event_name"": ""lock_released"", ""timestamp"": ""2026-09-18 17:03:48.065"", ""session_id"": 80, ""resource_type"": ""OBJECT"", ""mode"": ""IS""}",OBJECT,IS,UNKNOWN
lock_released,2026-09-18 17:03:48.065,80,0,0,0,"{""event_name"": ""lock_released"", ""timestamp"": ""2026-09-18 17:03:48.065"", ""session_id"": 80, ""resource_type"": ""OBJECT"", ""mode"": ""IX""}",OBJECT,IX,UNKNOWN
lock_released,2026-09-18 17:03:48.065,78,0,0,0,"{""event_name"": ""lock_released"", ""timestamp"": ""2026-09-18 17:03:48.065"", ""session_id"": 78, ""resource_type"": ""OBJECT"", ""mode"": ""IS""}",OBJECT,IS,UNKNOWN
lock_released,2026-09-18 17:03:48.065,81,0,0,0,"{""event_name"": ""lock_released"", ""timestamp"": ""2026-09-18 17:03:48.065"", ""session_id"": 81, ""resource_type"": ""PAGE"", ""mode"": ""S""}",PAGE,S,UNKNOWN
lock_acquired,2026-09-18 17:03:53.118,77,0,0,0,"{""event_name"": ""lock_acquired"", ""timestamp"": ""2026-09-18 17:03:53.118"", ""session_id"": 77, ""resource_type"": ""KEY"", ""mode"": ""X""}",KEY,X,UNKNOWN
lock_acquired,2026-09-18 17:03:53.118,77,0,0,0,"{""event_name"": ""lock_acquired"", ""timestamp"": ""2026-09-18 17:03:53.118"", ""session_id"": 77, ""resource_type"": ""PAGE"", ""mode"": ""IX""}",PAGE,IX,UNKNOWN
lock_acquired,2026-09-18 17:03:53.118,78,0,0,0,"{""event_name"": ""lock_acquired"", ""timestamp"": ""2026-09-18 17:03:53.118"", ""session_id"": 78, ""resource_type"": ""OBJECT"", ""mode"": ""IX""}",OBJECT,IX,UNKNOWN
lock_acquired,2026-09-18 17:03:53.118,80,0,0,0,"{""event_name"": ""lock_acquired"", ""timestamp"": ""2026-09-18 17:03:53.118"", ""session_id"": 80, ""resource_type"": ""OBJECT"", ""mode"": ""IS""}",OBJECT,IS,UNKNOWN
lock_acquired,2026-09-18 17:03:53.118,80,0,0,0,"{""event_name"": ""lock_acquired"", ""timestamp"": ""2026-09-18 17:03:53.118"", ""session_id"": 80, ""resource_type"": ""OBJECT"", ""mode"": ""IX""}",OBJECT,IX,UNKNOWN
lock_acquired,2026-09-18 17:03:53.118,83,0,0,0,"{""event_name"": ""lock_acquired"", ""timestamp"": ""2026-09-18 17:03:53.118"", ""session_id"": 83, ""resource_type"": ""PAGE"", ""mode"": ""S""}",PAGE,S,UNKNOWN
lock_acquired,2026-09-18 17:03:53.118,78,0,0,0,"{""event_name"": ""lock_acquired"", ""timestamp"": ""2026-09-18 17:03:53.118"", ""session_id"": 78, ""resource_type"": ""OBJECT"", ""mode"": ""IS""}",OBJECT,IS,UNKNOWN
lock_acquired,2026-09-18 17:03:53.118,82,0,0,0,"{""event_name"": ""lock_acquired"", ""timestamp"": ""2026-09-18 17:03:53.118"", ""session_id"": 82, ""resource_type"": ""PAGE"", ""mode"": ""IX""}",PAGE,IX,UNKNOWN
lock_acquired,2026-09-18 17:03:53.118,81,0,0,0,"{""event_name"": ""lock_acquired"", ""timestamp"": ""2026-09-18 17:03:53.118"", ""session_id"": 81, ""resource_type"": ""PAGE"", ""mode"": ""S""}",PAGE,S,UNKNOWN
lock_released,2026-09-18 17:03:53.118,82,0,0,0,"{""event_name"": ""lock_released"", ""timestamp"": ""2026-09-18 17:03:53.118"", ""session_id"": 82, ""resource_type"": ""OBJECT"", ""mode"": ""IS""}",OBJECT,IS,UNKNOWN
lock_released,2026-09-18 17:03:53.118,82,0,0,0,"{""event_name"": ""lock_released"", ""timestamp"": ""2026-09-18 17:03:53.118"", ""session_id"": 82, ""resource_type"": ""OBJECT"", ""mode"": ""IX""}",OBJECT,IX,UNKNOWN
lock_released,2026-09-18 17:03:53.118,77,0,0,0,"{""event_name"": ""lock_released"", ""timestamp"": ""2026-09-18 17:03:53.118"", ""session_id"": 77, ""resource_type"": ""OBJECT"", ""mode"": ""IS""}",OBJECT,IS,UNKNOWN
lock_acquired,2026-09-18 17:03:58.185,82,0,0,0,"{""event_name"": ""lock_acquired"", ""timestamp"": ""2026-09-18 17:03:58.185"", ""session_id"": 82, ""resource_type"": ""OBJECT"", ""mode"": ""Sch-S""}",OBJECT,Sch-S,UNKNOWN
lock_acquired,2026-09-18 17:03:58.185,85,0,0,0,"{""event_name"": ""lock_acquired"", ""timestamp"": ""2026-09-18 17:03:58.185"", ""session_id"": 85, ""resource_type"": ""PAGE"", ""mode"": ""S""}",PAGE,S,UNKNOWN
lock_acquired,2026-09-18 17:03:58.185,82,0,0,0,"{""event_name"": ""lock_acquired"", ""timestamp"": ""2026-09-18 17:03:58.185"", ""session_id"": 82, ""resource_type"": ""METADATA"", ""mode"": ""Sch-S""}",METADATA,Sch-S,UNKNOWN
lock_acquired,2026-09-18 17:03:58.185,82,0,0,0,"{""event_name"": ""lock_acquired"", ""timestamp"": ""2026-09-18 17:03:58.185"", ""session_id"": 82, ""resource_type"": ""KEY"", ""mode"": ""S""}",KEY,S,UNKNOWN
lock_acquired,2026-09-18 17:03:58.185,77,0,0,0,"{""event_name"": ""lock_acquired"", ""timestamp"": ""2026-09-18 17:03:58.185"", ""session_id"": 77, ""resource_type"": ""OBJECT"", ""mode"": ""Sch-S""}",OBJECT,Sch-S,UNKNOWN
lock_acquired,2026-09-18 17:03:58.185,77,0,0,0,"{""event_name"": ""lock_acquired"", ""timestamp"": ""2026-09-18 17:03:58.185"", ""session_id"": 77, ""resource_type"": ""METADATA"", ""mode"": ""Sch-S""}",METADATA,Sch-S,UNKNOWN
lock_released,2026-09-18 17:03:58.185,77,0,0,0,"{""event_name"": ""lock_released"", ""timestamp"": ""2026-09-18 17:03:58.185"", ""session_id"": 77, ""resource_type"": ""KEY"", ""mode"": ""X""}",KEY,X,UNKNOWN
lock_released,2026-09-18 17:03:58.185,77,0,0,0,"{""event_name"": ""lock_released"", ""timestamp"": ""2026-09-18 17:03:58.185"", ""session_id"": 77, ""resource_type"": ""OBJECT"", ""mode"": ""IX""}",OBJECT,IX,UNKNOWN
lock_released,2026-09-18 17:03:58.185,83,0,0,0,"{""event_name"": ""lock_released"", ""timestamp"": ""2026-09-18 17:03:58.185"", ""session_id"": 83, ""resource_type"": ""PAGE"", ""mode"": ""S""}",PAGE,S,UNKNOWN
lock_released,2026-09-18 17:03:58.185,77,0,0,0,"{""event_name"": ""lock_released"", ""timestamp"": ""2026-09-18 17:03:58.185"", ""session_id"": 77, ""resource_type"": ""PAGE"", ""mode"": ""IX""}",PAGE,IX,UNKNOWN
lock_released,2026-09-18 17:03:58.185,82,0,0,0,"{""event_name"": ""lock_released"", ""timestamp"": ""2026-09-18 17:03:58.185"", ""session_id"": 82, ""resource_type"": ""PAGE"", ""mode"": ""IX""}",PAGE,IX,UNKNOWN
lock_released,2026-09-18 17:03:58.185,76,0,0,0,"{""event_name"": ""lock_released"", ""timestamp"": ""2026-09-18 17:03:58.185"", ""session_id"": 76, ""resource_type"": ""OBJECT"", ""mode"": ""IS""}",OBJECT,IS,UNKNOWN
login,2026-09-18 17:04:03.239,75,795ec2146175\Administrator,Microsoft SQL Server,SteelNort,"{""event_name"": ""login"", ""timestamp"": ""2026-09-18 17:04:03.239"", ""session_id"": 75, ""login_name"": ""795ec2146175\\Administrator"", ""program_name"": ""Microsoft SQL Server"", ""database_name"": ""SteelNort""}",0,0,UNKNOWN
lock_acquired,2026-09-18 17:04:03.239,77,0,0,0,"{""event_name"": ""lock_acquired"", ""timestamp"": ""2026-09-18 17:04:03.239"", ""session_id"": 77, ""resource_type"": ""OBJECT"", ""mode"": ""IX""}",OBJECT,IX,UNKNOWN
lock_acquired,2026-09-18 17:04:03.239,77,0,0,0,"{""event_name"": ""lock_acquired"", ""timestamp"": ""2026-09-18 17:04:03.239"", ""session_id"": 77, ""resource_type"": ""OBJECT"", ""mode"": ""IS""}",OBJECT,IS,UNKNOWN
lock_acquired,2026-09-18 17:04:03.239,76,0,0,0,"{""event_name"": ""lock_acquired"", ""timestamp"": ""2026-09-18 17:04:03.239"", ""session_id"": 76, ""resource_type"": ""OBJECT"", ""mode"": ""IS""}",OBJECT,IS,UNKNOWN
lock_acquired,2026-09-18 17:04:03.239,80,0,0,0,"{""event_name"": ""lock_acquired"", ""timestamp"": ""2026-09-18 17:04:03.239"", ""session_id"": 80, ""resource_type"": ""PAGE"", ""mode"": ""S""}",PAGE,S,UNKNOWN
lock_acquired,2026-09-18 17:04:03.239,82,0,0,0,"{""event_name"": ""lock_acquired"", ""timestamp"": ""2026-09-18 17:04:03.239"", ""session_id"": 82, ""resource_type"": ""KEY"", ""mode"": ""X""}",KEY,X,UNKNOWN
lock_released,2026-09-18 17:04:03.239,82,0,0,0,"{""event_name"": ""lock_released"", ""timestamp"": ""2026-09-18 17:04:03.239"", ""session_id"": 82, ""resource_type"": ""OBJECT"", ""mode"": ""Sch-S""}",OBJECT,Sch-S,UNKNOWN
lock_released,2026-09-18 17:04:03.239,85,0,0,0,"{""event_name"": ""lock_released"", ""timestamp"": ""2026-09-18 17:04:03.239"", ""session_id"": 85, ""resource_type"": ""PAGE"", ""mode"": ""S""}",PAGE,S,UNKNOWN
lock_released,2026-09-18 17:04:03.239,81,0,0,0,"{""event_name"": ""lock_released"", ""timestamp"": ""2026-09-18 17:04:03.239"", ""session_id"": 81, ""resource_type"": ""OBJECT"", ""mode"": ""IX""}",OBJECT,IX,UNKNOWN
lock_released,2026-09-18 17:04:03.239,82,0,0,0,"{""event_name"": ""lock_released"", ""timestamp"": ""2026-09-18 17:04:03.239"", ""session_id"": 82, ""resource_type"": ""METADATA"", ""mode"": ""Sch-S""}",METADATA,Sch-S,UNKNOWN
lock_released,2026-09-18 17:04:03.239,82,0,0,0,"{""event_name"": ""lock_released"", ""timestamp"": ""2026-09-18 17:04:03.239"", ""session_id"": 82, ""resource_type"": ""KEY"", ""mode"": ""S""}",KEY,S,UNKNOWN
lock_released,2026-09-18 17:04:03.239,81,0,0,0,"{""event_name"": ""lock_released"", ""timestamp"": ""2026-09-18 17:04:03.239"", ""session_id"": 81, ""resource_type"": ""OBJECT"", ""mode"": ""IS""}",OBJECT,IS,UNKNOWN
lock_released,2026-09-18 17:04:03.239,84,0,0,0,"{""event_name"": ""lock_released"", ""timestamp"": ""2026-09-18 17:04:03.239"", ""session_id"": 84, ""resource_type"": ""OBJECT"", ""mode"": ""IS""}",OBJECT,IS,UNKNOWN
lock_released,2026-09-18 17:04:03.239,84,0,0,0,"{""event_name"": ""lock_released"", ""timestamp"": ""2026-09-18 17:04:03.239"", ""session_id"": 84, ""resource_type"": ""OBJECT"", ""mode"": ""IX""}",OBJECT,IX,UNKNOWN
lock_released,2026-09-18 17:04:03.239,77,0,0,0,"{""event_name"": ""lock_released"", ""timestamp"": ""2026-09-18 17:04:03.239"", ""session_id"": 77, ""resource_type"": ""OBJECT"", ""mode"": ""Sch-S""}",OBJECT,Sch-S,UNKNOWN
lock_released,2026-09-18 17:04:03.239,81,0,0,0,"{""event_name"": ""lock_released"", ""timestamp"": ""2026-09-18 17:04:03.239"", ""session_id"": 81, ""resource_type"": ""PAGE"", ""mode"": ""S""}",PAGE,S,UNKNOWN
lock_released,2026-09-18 17:04:03.239,77,0,0,0,"{""event_name"": ""lock_released"", ""timestamp"": ""2026-09-18 17:04:03.239"", ""session_id"": 77, ""resource_type"": ""METADATA"", ""mode"": ""Sch-S""}",METADATA,Sch-S,UNKNOWN
lock_acquired,2026-09-18 17:04:08.274,76,0,0,0,"{""event_name"": ""lock_acquired"", ""timestamp"": ""2026-09-18 17:04:08.274"", ""session_id"": 76, ""resource_type"": ""OBJECT"", ""mode"": ""Sch-S""}",OBJECT,Sch-S,UNKNOWN
lock_acquired,2026-09-18 17:04:08.274,76,0,0,0,"{""event_name"": ""lock_acquired"", ""timestamp"": ""2026-09-18 17:04:08.274"", ""session_id"": 76, ""resource_type"": ""METADATA"", ""mode"": ""Sch-S""}",METADATA,Sch-S,UNKNOWN
lock_acquired,2026-09-18 17:04:08.274,78,0,0,0,"{""event_name"": ""lock_acquired"", ""timestamp"": ""2026-09-18 17:04:08.274"", ""session_id"": 78, ""resource_type"": ""KEY"", ""mode"": ""S""}",KEY,S,UNKNOWN
lock_acquired,2026-09-18 17:04:08.274,81,0,0,0,"{""event_name"": ""lock_acquired"", ""timestamp"": ""2026-09-18 17:04:08.274"", ""session_id"": 81, ""resource_type"": ""OBJECT"", ""mode"": ""IX""}",OBJECT,IX,UNKNOWN
lock_acquired,2026-09-18 17:04:08.274,82,0,0,0,"{""event_name"": ""lock_acquired"", ""timestamp"": ""2026-09-18 17:04:08.274"", ""session_id"": 82, ""resource_type"": ""OBJECT"", ""mode"": ""IX""}",OBJECT,IX,UNKNOWN
lock_acquired,2026-09-18 17:04:08.274,79,0,0,0,"{""event_name"": ""lock_acquired"", ""timestamp"": ""2026-09-18 17:04:08.274"", ""session_id"": 79, ""resource_type"": ""PAGE"", ""mode"": ""S""}",PAGE,S,UNKNOWN
lock_acquired,2026-09-18 17:04:08.274,78,0,0,0,"{""event_name"": ""lock_acquired"", ""timestamp"": ""2026-09-18 17:04:08.274"", ""session_id"": 78, ""resource_type"": ""PAGE"", ""mode"": ""IS""}",PAGE,IS,UNKNOWN
lock_acquired,2026-09-18 17:04:08.274,82,0,0,0,"{""event_name"": ""lock_acquired"", ""timestamp"": ""2026-09-18 17:04:08.274"", ""session_id"": 82, ""resource_type"": ""PAGE"", ""mode"": ""S""}",PAGE,S,UNKNOWN
lock_acquired,2026-09-18 17:04:08.274,83,0,0,0,"{""event_name"": ""lock_acquired"", ""timestamp"": ""2026-09-18 17:04:08.274"", ""session_id"": 83, ""resource_type"": ""PAGE"", ""mode"": ""S""}",PAGE,S,UNKNOWN
lock_acquired,2026-09-18 17:04:08.274,81,0,0,0,"{""event_name"": ""lock_acquired"", ""timestamp"": ""2026-09-18 17:04:08.274"", ""session_id"": 81, ""resource_type"": ""OBJECT"", ""mode"": ""IS""}",OBJECT,IS,UNKNOWN
lock_acquired,2026-09-18 17:04:08.274,84,0,0,0,"{""event_name"": ""lock_acquired"", ""timestamp"": ""2026-09-18 17:04:08.274"", ""session_id"": 84, ""resource_type"": ""OBJECT"", ""mode"": ""IS""}",OBJECT,IS,UNKNOWN
lock_acquired,2026-09-18 17:04:08.274,84,0,0,0,"{""event_name"": ""lock_acquired"", ""timestamp"": ""2026-09-18 17:04:08.274"", ""session_id"": 84, ""resource_type"": ""OBJECT"", ""mode"": ""IX""}",OBJECT,IX,UNKNOWN
lock_acquired,2026-09-18 17:04:08.274,82,0,0,0,"{""event_name"": ""lock_acquired"", ""timestamp"": ""2026-09-18 17:04:08.274"", ""session_id"": 82, ""resource_type"": ""OBJECT"", ""mode"": ""IS""}",OBJECT,IS,UNKNOWN
lock_released,2026-09-18 17:04:08.274,77,0,0,0,"{""event_name"": ""lock_released"", ""timestamp"": ""2026-09-18 17:04:08.274"", ""session_id"": 77, ""resource_type"": ""OBJECT"", ""mode"": ""IS""}",OBJECT,IS,UNKNOWN
lock_released,2026-09-18 17:04:08.274,77,0,0,0,"{""event_name"": ""lock_released"", ""timestamp"": ""2026-09-18 17:04:08.274"", ""session_id"": 77, ""resource_type"": ""OBJECT"", ""mode"": ""IX""}",OBJECT,IX,UNKNOWN
lock_released,2026-09-18 17:04:08.274,76,0,0,0,"{""event_name"": ""lock_released"", ""timestamp"": ""2026-09-18 17:04:08.274"", ""session_id"": 76, ""resource_type"": ""OBJECT"", ""mode"": ""IX""}",OBJECT,IX,UNKNOWN
lock_released,2026-09-18 17:04:08.274,76,0,0,0,"{""event_name"": ""lock_released"", ""timestamp"": ""2026-09-18 17:04:08.274"", ""session_id"": 76, ""resource_type"": ""OBJECT"", ""mode"": ""IS""}",OBJECT,IS,UNKNOWN
lock_released,2026-09-18 17:04:08.274,80,0,0,0,"{""event_name"": ""lock_released"", ""timestamp"": ""2026-09-18 17:04:08.274"", ""session_id"": 80, ""resource_type"": ""PAGE"", ""mode"": ""S""}",PAGE,S,UNKNOWN
lock_released,2026-09-18 17:04:08.274,82,0,0,0,"{""event_name"": ""lock_released"", ""timestamp"": ""2026-09-18 17:04:08.274"", ""session_id"": 82, ""resource_type"": ""KEY"", ""mode"": ""X""}",KEY,X,UNKNOWN
logout,2026-09-18 17:04:13.347,75,0,0,0,"{""event_name"": ""logout"", ""timestamp"": ""2026-09-18 17:04:13.347"", ""session_id"": 75}",0,0,UNKNOWN
lock_acquired,2026-09-18 17:04:13.347,83,0,0,0,"{""event_name"": ""lock_acquired"", ""timestamp"": ""2026-09-18 17:04:13.347"", ""session_id"": 83, ""resource_type"": ""KEY"", ""mode"": ""X""}",KEY,X,UNKNOWN
lock_acquired,2026-09-18 17:04:13.347,76,0,0,0,"{""event_name"": ""lock_acquired"", ""timestamp"": ""2026-09-18 17:04:13.347"", ""session_id"": 76, ""resource_type"": ""OBJECT"", ""mode"": ""IS""}",OBJECT,IS,UNKNOWN
lock_acquired,2026-09-18 17:04:13.347,76,0,0,0,"{""event_name"": ""lock_acquired"", ""timestamp"": ""2026-09-18 17:04:13.347"", ""session_id"": 76, ""resource_type"": ""OBJECT"", ""mode"": ""IX""}",OBJECT,IX,UNKNOWN
lock_acquired,2026-09-18 17:04:13.347,85,0,0,0,"{""event_name"": ""lock_acquired"", ""timestamp"": ""2026-09-18 17:04:13.347"", ""session_id"": 85, ""resource_type"": ""PAGE"", ""mode"": ""S""}",PAGE,S,UNKNOWN
lock_released,2026-09-18 17:04:13.347,83,0,0,0,"{""event_name"": ""lock_released"", ""timestamp"": ""2026-09-18 17:04:13.347"", ""session_id"": 83, ""resource_type"": ""OBJECT"", ""mode"": ""IX""}",OBJECT,IX,UNKNOWN
lock_released,2026-09-18 17:04:13.347,76,0,0,0,"{""event_name"": ""lock_released"", ""timestamp"": ""2026-09-18 17:04:13.347"", ""session_id"": 76, ""resource_type"": ""OBJECT"", ""mode"": ""Sch-S""}",OBJECT,Sch-S,UNKNOWN
lock_released,2026-09-18 17:04:13.347,76,0,0,0,"{""event_name"": ""lock_released"", ""timestamp"": ""2026-09-18 17:04:13.347"", ""session_id"": 76, ""resource_type"": ""METADATA"", ""mode"": ""Sch-S""}",METADATA,Sch-S,UNKNOWN
lock_released,2026-09-18 17:04:13.347,78,0,0,0,"{""event_name"": ""lock_released"", ""timestamp"": ""2026-09-18 17:04:13.347"", ""session_id"": 78, ""resource_type"": ""KEY"", ""mode"": ""S""}",KEY,S,UNKNOWN
lock_released,2026-09-18 17:04:13.347,83,0,0,0,"{""event_name"": ""lock_released"", ""timestamp"": ""2026-09-18 17:04:13.347"", ""session_id"": 83, ""resource_type"": ""OBJECT"", ""mode"": ""IS""}",OBJECT,IS,UNKNOWN
lock_released,2026-09-18 17:04:13.347,78,0,0,0,"{""event_name"": ""lock_released"", ""timestamp"": ""2026-09-18 17:04:13.347"", ""session_id"": 78, ""resource_type"": ""PAGE"", ""mode"": ""IS""}",PAGE,IS,UNKNOWN
lock_released,2026-09-18 17:04:13.347,82,0,0,0,"{""event_name"": ""lock_released"", ""timestamp"": ""2026-09-18 17:04:13.347"", ""session_id"": 82, ""resource_type"": ""PAGE"", ""mode"": ""S""}",PAGE,S,UNKNOWN
lock_released,2026-09-18 17:04:13.347,83,0,0,0,"{""event_name"": ""lock_released"", ""timestamp"": ""2026-09-18 17:04:13.347"", ""session_id"": 83, ""resource_type"": ""PAGE"", ""mode"": ""S""}",PAGE,S,UNKNOWN
lock_released,2026-09-18 17:04:13.347,85,0,0,0,"{""event_name"": ""lock_released"", ""timestamp"": ""2026-09-18 17:04:13.347"", ""session_id"": 85, ""resource_type"": ""OBJECT"", ""mode"": ""IS""}",OBJECT,IS,UNKNOWN
lock_acquired,2026-09-18 17:04:18.382,78,0,0,0,"{""event_name"": ""lock_acquired"", ""timestamp"": ""2026-09-18 17:04:18.382"", ""session_id"": 78, ""resource_type"": ""METADATA"", ""mode"": ""Sch-S""}",METADATA,Sch-S,UNKNOWN
lock_acquired,2026-09-18 17:04:18.382,80,0,0,0,"{""event_name"": ""lock_acquired"", ""timestamp"": ""2026-09-18 17:04:18.382"", ""session_id"": 80, ""resource_type"": ""METADATA"", ""mode"": ""Sch-S""}",METADATA,Sch-S,UNKNOWN
lock_acquired,2026-09-18 17:04:18.382,83,0,0,0,"{""event_name"": ""lock_acquired"", ""timestamp"": ""2026-09-18 17:04:18.382"", ""session_id"": 83, ""resource_type"": ""OBJECT"", ""mode"": ""IX""}",OBJECT,IX,UNKNOWN
lock_acquired,2026-09-18 17:04:18.382,77,0,0,0,"{""event_name"": ""lock_acquired"", ""timestamp"": ""2026-09-18 17:04:18.382"", ""session_id"": 77, ""resource_type"": ""OBJECT"", ""mode"": ""IS""}",OBJECT,IS,UNKNOWN
lock_acquired,2026-09-18 17:04:18.382,77,0,0,0,"{""event_name"": ""lock_acquired"", ""timestamp"": ""2026-09-18 17:04:18.382"", ""session_id"": 77, ""resource_type"": ""OBJECT"", ""mode"": ""IX""}",OBJECT,IX,UNKNOWN
lock_acquired,2026-09-18 17:04:18.382,83,0,0,0,"{""event_name"": ""lock_acquired"", ""timestamp"": ""2026-09-18 17:04:18.382"", ""session_id"": 83, ""resource_type"": ""OBJECT"", ""mode"": ""IS""}",OBJECT,IS,UNKNOWN
lock_acquired,2026-09-18 17:04:18.382,80,0,0,0,"{""event_name"": ""lock_acquired"", ""timestamp"": ""2026-09-18 17:04:18.382"", ""session_id"": 80, ""resource_type"": ""OBJECT"", ""mode"": ""Sch-S""}",OBJECT,Sch-S,UNKNOWN
lock_acquired,2026-09-18 17:04:18.382,78,0,0,0,"{""event_name"": ""lock_acquired"", ""timestamp"": ""2026-09-18 17:04:18.382"", ""session_id"": 78, ""resource_type"": ""OBJECT"", ""mode"": ""Sch-S""}",OBJECT,Sch-S,UNKNOWN
lock_acquired,2026-09-18 17:04:18.382,85,0,0,0,"{""event_name"": ""lock_acquired"", ""timestamp"": ""2026-09-18 17:04:18.382"", ""session_id"": 85, ""resource_type"": ""OBJECT"", ""mode"": ""IS""}",OBJECT,IS,UNKNOWN
lock_released,2026-09-18 17:04:18.382,85,0,0,0,"{""event_name"": ""lock_released"", ""timestamp"": ""2026-09-18 17:04:18.382"", ""session_id"": 85, ""resource_type"": ""PAGE"", ""mode"": ""S""}",PAGE,S,UNKNOWN
lock_released,2026-09-18 17:04:18.382,79,0,0,0,"{""event_name"": ""lock_released"", ""timestamp"": ""2026-09-18 17:04:18.382"", ""session_id"": 79, ""resource_type"": ""PAGE"", ""mode"": ""S""}",PAGE,S,UNKNOWN
lock_released,2026-09-18 17:04:18.382,78,0,0,0,"{""event_name"": ""lock_released"", ""timestamp"": ""2026-09-18 17:04:18.382"", ""session_id"": 78, ""resource_type"": ""OBJECT"", ""mode"": ""IX""}",OBJECT,IX,UNKNOWN
lock_released,2026-09-18 17:04:18.382,80,0,0,0,"{""event_name"": ""lock_released"", ""timestamp"": ""2026-09-18 17:04:18.382"", ""session_id"": 80, ""resource_type"": ""OBJECT"", ""mode"": ""IS""}",OBJECT,IS,UNKNOWN
lock_released,2026-09-18 17:04:18.382,83,0,0,0,"{""event_name"": ""lock_released"", ""timestamp"": ""2026-09-18 17:04:18.382"", ""session_id"": 83, ""resource_type"": ""KEY"", ""mode"": ""X""}",KEY,X,UNKNOWN
lock_released,2026-09-18 17:04:18.382,80,0,0,0,"{""event_name"": ""lock_released"", ""timestamp"": ""2026-09-18 17:04:18.382"", ""session_id"": 80, ""resource_type"": ""OBJECT"", ""mode"": ""IX""}",OBJECT,IX,UNKNOWN
lock_released,2026-09-18 17:04:18.382,78,0,0,0,"{""event_name"": ""lock_released"", ""timestamp"": ""2026-09-18 17:04:18.382"", ""session_id"": 78, ""resource_type"": ""OBJECT"", ""mode"": ""IS""}",OBJECT,IS,UNKNOWN
lock_acquired,2026-09-18 17:04:23.424,85,0,0,0,"{""event_name"": ""lock_acquired"", ""timestamp"": ""2026-09-18 17:04:23.424"", ""session_id"": 85, ""resource_type"": ""OBJECT"", ""mode"": ""Sch-S""}",OBJECT,Sch-S,UNKNOWN
lock_acquired,2026-09-18 17:04:23.424,85,0,0,0,"{""event_name"": ""lock_acquired"", ""timestamp"": ""2026-09-18 17:04:23.424"", ""session_id"": 85, ""resource_type"": ""METADATA"", ""mode"": ""Sch-S""}",METADATA,Sch-S,UNKNOWN
lock_acquired,2026-09-18 17:04:23.424,78,0,0,0,"{""event_name"": ""lock_acquired"", ""timestamp"": ""2026-09-18 17:04:23.424"", ""session_id"": 78, ""resource_type"": ""OBJECT"", ""mode"": ""IX""}",OBJECT,IX,UNKNOWN
lock_acquired,2026-09-18 17:04:23.424,80,0,0,0,"{""event_name"": ""lock_acquired"", ""timestamp"": ""2026-09-18 17:04:23.424"", ""session_id"": 80, ""resource_type"": ""OBJECT"", ""mode"": ""IS""}",OBJECT,IS,UNKNOWN
lock_acquired,2026-09-18 17:04:23.424,80,0,0,0,"{""event_name"": ""lock_acquired"", ""timestamp"": ""2026-09-18 17:04:23.424"", ""session_id"": 80, ""resource_type"": ""OBJECT"", ""mode"": ""IX""}",OBJECT,IX,UNKNOWN
lock_acquired,2026-09-18 17:04:23.424,78,0,0,0,"{""event_name"": ""lock_acquired"", ""timestamp"": ""2026-09-18 17:04:23.424"", ""session_id"": 78, ""resource_type"": ""OBJECT"", ""mode"": ""IS""}",OBJECT,IS,UNKNOWN
lock_acquired,2026-09-18 17:04:23.424,77,0,0,0,"{""event_name"": ""lock_acquired"", ""timestamp"": ""2026-09-18 17:04:23.424"", ""session_id"": 77, ""resource_type"": ""OBJECT"", ""mode"": ""Sch-S""}",OBJECT,Sch-S,UNKNOWN
lock_acquired,2026-09-18 17:04:23.424,81,0,0,0,"{""event_name"": ""lock_acquired"", ""timestamp"": ""2026-09-18 17:04:23.424"", ""session_id"": 81, ""resource_type"": ""OBJECT"", ""mode"": ""Sch-S""}",OBJECT,Sch-S,UNKNOWN
lock_acquired,2026-09-18 17:04:23.424,78,0,0,0,"{""event_name"": ""lock_acquired"", ""timestamp"": ""2026-09-18 17:04:23.424"", ""session_id"": 78, ""resource_type"": ""PAGE"", ""mode"": ""S""}",PAGE,S,UNKNOWN
lock_acquired,2026-09-18 17:04:23.424,77,0,0,0,"{""event_name"": ""lock_acquired"", ""timestamp"": ""2026-09-18 17:04:23.424"", ""session_id"": 77, ""resource_type"": ""METADATA"", ""mode"": ""Sch-S""}",METADATA,Sch-S,UNKNOWN
lock_released,2026-09-18 17:04:23.424,78,0,0,0,"{""event_name"": ""lock_released"", ""timestamp"": ""2026-09-18 17:04:23.424"", ""session_id"": 78, ""resource_type"": ""METADATA"", ""mode"": ""Sch-S""}",METADATA,Sch-S,UNKNOWN
lock_released,2026-09-18 17:04:23.424,80,0,0,0,"{""event_name"": ""lock_released"", ""timestamp"": ""2026-09-18 17:04:23.424"", ""session_id"": 80, ""resource_type"": ""METADATA"", ""mode"": ""Sch-S""}",METADATA,Sch-S,UNKNOWN
lock_released,2026-09-18 17:04:23.424,77,0,0,0,"{""event_name"": ""lock_released"", ""timestamp"": ""2026-09-18 17:04:23.424"", ""session_id"": 77, ""resource_type"": ""OBJECT"", ""mode"": ""IX""}",OBJECT,IX,UNKNOWN
lock_released,2026-09-18 17:04:23.424,80,0,0,0,"{""event_name"": ""lock_released"", ""timestamp"": ""2026-09-18 17:04:23.424"", ""session_id"": 80, ""resource_type"": ""OBJECT"", ""mode"": ""Sch-S""}",OBJECT,Sch-S,UNKNOWN
lock_released,2026-09-18 17:04:23.424,81,0,0,0,"{""event_name"": ""lock_released"", ""timestamp"": ""2026-09-18 17:04:23.424"", ""session_id"": 81, ""resource_type"": ""OBJECT"", ""mode"": ""IX""}",OBJECT,IX,UNKNOWN
lock_released,2026-09-18 17:04:23.424,81,0,0,0,"{""event_name"": ""lock_released"", ""timestamp"": ""2026-09-18 17:04:23.424"", ""session_id"": 81, ""resource_type"": ""OBJECT"", ""mode"": ""IS""}",OBJECT,IS,UNKNOWN
lock_released,2026-09-18 17:04:23.424,85,0,0,0,"{""event_name"": ""lock_released"", ""timestamp"": ""2026-09-18 17:04:23.424"", ""session_id"": 85, ""resource_type"": ""OBJECT"", ""mode"": ""IX""}",OBJECT,IX,UNKNOWN
lock_released,2026-09-18 17:04:23.424,78,0,0,0,"{""event_name"": ""lock_released"", ""timestamp"": ""2026-09-18 17:04:23.424"", ""session_id"": 78, ""resource_type"": ""OBJECT"", ""mode"": ""Sch-S""}",OBJECT,Sch-S,UNKNOWN
lock_released,2026-09-18 17:04:23.424,85,0,0,0,"{""event_name"": ""lock_released"", ""timestamp"": ""2026-09-18 17:04:23.424"", ""session_id"": 85, ""resource_type"": ""OBJECT"", ""mode"": ""IS""}",OBJECT,IS,UNKNOWN
lock_acquired,2026-09-18 17:04:28.459,77,0,0,0,"{""event_name"": ""lock_acquired"", ""timestamp"": ""2026-09-18 17:04:28.459"", ""session_id"": 77, ""resource_type"": ""OBJECT"", ""mode"": ""IX""}",OBJECT,IX,UNKNOWN
lock_acquired,2026-09-18 17:04:28.459,78,0,0,0,"{""event_name"": ""lock_acquired"", ""timestamp"": ""2026-09-18 17:04:28.459"", ""session_id"": 78, ""resource_type"": ""KEY"", ""mode"": ""S""}",KEY,S,UNKNOWN
lock_acquired,2026-09-18 17:04:28.459,81,0,0,0,"{""event_name"": ""lock_acquired"", ""timestamp"": ""2026-09-18 17:04:28.459"", ""session_id"": 81, ""resource_type"": ""OBJECT"", ""mode"": ""IX""}",OBJECT,IX,UNKNOWN
lock_acquired,2026-09-18 17:04:28.459,78,0,0,0,"{""event_name"": ""lock_acquired"", ""timestamp"": ""2026-09-18 17:04:28.459"", ""session_id"": 78, ""resource_type"": ""PAGE"", ""mode"": ""IS""}",PAGE,IS,UNKNOWN
lock_acquired,2026-09-18 17:04:28.459,81,0,0,0,"{""event_name"": ""lock_acquired"", ""timestamp"": ""2026-09-18 17:04:28.459"", ""session_id"": 81, ""resource_type"": ""OBJECT"", ""mode"": ""IS""}",OBJECT,IS,UNKNOWN
lock_acquired,2026-09-18 17:04:28.459,85,0,0,0,"{""event_name"": ""lock_acquired"", ""timestamp"": ""2026-09-18 17:04:28.459"", ""session_id"": 85, ""resource_type"": ""OBJECT"", ""mode"": ""IX""}",OBJECT,IX,UNKNOWN
lock_acquired,2026-09-18 17:04:28.459,81,0,0,0,"{""event_name"": ""lock_acquired"", ""timestamp"": ""2026-09-18 17:04:28.459"", ""session_id"": 81, ""resource_type"": ""PAGE"", ""mode"": ""S""}",PAGE,S,UNKNOWN
lock_acquired,2026-09-18 17:04:28.459,85,0,0,0,"{""event_name"": ""lock_acquired"", ""timestamp"": ""2026-09-18 17:04:28.459"", ""session_id"": 85, ""resource_type"": ""OBJECT"", ""mode"": ""IS""}",OBJECT,IS,UNKNOWN
lock_released,2026-09-18 17:04:28.459,85,0,0,0,"{""event_name"": ""lock_released"", ""timestamp"": ""2026-09-18 17:04:28.459"", ""session_id"": 85, ""resource_type"": ""OBJECT"", ""mode"": ""Sch-S""}",OBJECT,Sch-S,UNKNOWN
lock_released,2026-09-18 17:04:28.459,85,0,0,0,"{""event_name"": ""lock_released"", ""timestamp"": ""2026-09-18 17:04:28.459"", ""session_id"": 85, ""resource_type"": ""METADATA"", ""mode"": ""Sch-S""}",METADATA,Sch-S,UNKNOWN
lock_released,2026-09-18 17:04:28.459,78,0,0,0,"{""event_name"": ""lock_released"", ""timestamp"": ""2026-09-18 17:04:28.459"", ""session_id"": 78, ""resource_type"": ""OBJECT"", ""mode"": ""IX""}",OBJECT,IX,UNKNOWN
lock_released,2026-09-18 17:04:28.459,77,0,0,0,"{""event_name"": ""lock_released"", ""timestamp"": ""2026-09-18 17:04:28.459"", ""session_id"": 77, ""resource_type"": ""OBJECT"", ""mode"": ""Sch-S""}",OBJECT,Sch-S,UNKNOWN
lock_released,2026-09-18 17:04:28.459,81,0,0,0,"{""event_name"": ""lock_released"", ""timestamp"": ""2026-09-18 17:04:28.459"", ""session_id"": 81, ""resource_type"": ""OBJECT"", ""mode"": ""Sch-S""}",OBJECT,Sch-S,UNKNOWN
lock_released,2026-09-18 17:04:28.459,78,0,0,0,"{""event_name"": ""lock_released"", ""timestamp"": ""2026-09-18 17:04:28.459"", ""session_id"": 78, ""resource_type"": ""PAGE"", ""mode"": ""S""}",PAGE,S,UNKNOWN
lock_released,2026-09-18 17:04:28.459,77,0,0,0,"{""event_name"": ""lock_released"", ""timestamp"": ""2026-09-18 17:04:28.459"", ""session_id"": 77, ""resource_type"": ""METADATA"", ""mode"": ""Sch-S""}",METADATA,Sch-S,UNKNOWN
lock_acquired,2026-09-18 17:04:33.507,83,0,0,0,"{""event_name"": ""lock_acquired"", ""timestamp"": ""2026-09-18 17:04:33.507"", ""session_id"": 83, ""resource_type"": ""PAGE"", ""mode"": ""IU""}",PAGE,IU,UNKNOWN
lock_acquired,2026-09-18 17:04:33.507,78,0,0,0,"{""event_name"": ""lock_acquired"", ""timestamp"": ""2026-09-18 17:04:33.507"", ""session_id"": 78, ""resource_type"": ""OBJECT"", ""mode"": ""IX""}",OBJECT,IX,UNKNOWN
lock_released,2026-09-18 17:04:33.507,78,0,0,0,"{""event_name"": ""lock_released"", ""timestamp"": ""2026-09-18 17:04:33.507"", ""session_id"": 78, ""resource_type"": ""KEY"", ""mode"": ""S""}",KEY,S,UNKNOWN
lock_released,2026-09-18 17:04:33.507,83,0,0,0,"{""event_name"": ""lock_released"", ""timestamp"": ""2026-09-18 17:04:33.507"", ""session_id"": 83, ""resource_type"": ""OBJECT"", ""mode"": ""IS""}",OBJECT,IS,UNKNOWN
lock_released,2026-09-18 17:04:33.507,82,0,0,0,"{""event_name"": ""lock_released"", ""timestamp"": ""2026-09-18 17:04:33.507"", ""session_id"": 82, ""resource_type"": ""OBJECT"", ""mode"": ""IX""}",OBJECT,IX,UNKNOWN
lock_released,2026-09-18 17:04:33.507,78,0,0,0,"{""event_name"": ""lock_released"", ""timestamp"": ""2026-09-18 17:04:33.507"", ""session_id"": 78, ""resource_type"": ""PAGE"", ""mode"": ""IS""}",PAGE,IS,UNKNOWN
lock_released,2026-09-18 17:04:33.507,76,0,0,0,"{""event_name"": ""lock_released"", ""timestamp"": ""2026-09-18 17:04:33.507"", ""session_id"": 76, ""resource_type"": ""OBJECT"", ""mode"": ""IX""}",OBJECT,IX,UNKNOWN
lock_released,2026-09-18 17:04:33.507,82,0,0,0,"{""event_name"": ""lock_released"", ""timestamp"": ""2026-09-18 17:04:33.507"", ""session_id"": 82, ""resource_type"": ""OBJECT"", ""mode"": ""IS""}",OBJECT,IS,UNKNOWN
lock_released,2026-09-18 17:04:33.507,81,0,0,0,"{""event_name"": ""lock_released"", ""timestamp"": ""2026-09-18 17:04:33.507"", ""session_id"": 81, ""resource_type"": ""PAGE"", ""mode"": ""S""}",PAGE,S,UNKNOWN
lock_released,2026-09-18 17:04:33.507,76,0,0,0,"{""event_name"": ""lock_released"", ""timestamp"": ""2026-09-18 17:04:33.507"", ""session_id"": 76, ""resource_type"": ""OBJECT"", ""mode"": ""IS""}",OBJECT,IS,UNKNOWN
logout,2026-09-18 17:04:38.545,76,0,0,0,"{""event_name"": ""logout"", ""timestamp"": ""2026-09-18 17:04:38.545"", ""session_id"": 76}",0,0,UNKNOWN
logout,2026-09-18 17:04:38.545,77,0,0,0,"{""event_name"": ""logout"", ""timestamp"": ""2026-09-18 17:04:38.545"", ""session_id"": 77}",0,0,UNKNOWN
logout,2026-09-18 17:04:38.545,78,0,0,0,"{""event_name"": ""logout"", ""timestamp"": ""2026-09-18 17:04:38.545"", ""session_id"": 78}",0,0,UNKNOWN
logout,2026-09-18 17:04:38.545,79,0,0,0,"{""event_name"": ""logout"", ""timestamp"": ""2026-09-18 17:04:38.545"", ""session_id"": 79}",0,0,UNKNOWN
logout,2026-09-18 17:04:38.545,80,0,0,0,"{""event_name"": ""logout"", ""timestamp"": ""2026-09-18 17:04:38.545"", ""session_id"": 80}",0,0,UNKNOWN
logout,2026-09-18 17:04:38.545,81,0,0,0,"{""event_name"": ""logout"", ""timestamp"": ""2026-09-18 17:04:38.545"", ""session_id"": 81}",0,0,UNKNOWN
logout,2026-09-18 17:04:38.545,82,0,0,0,"{""event_name"": ""logout"", ""timestamp"": ""2026-09-18 17:04:38.545"", ""session_id"": 82}",0,0,UNKNOWN
logout,2026-09-18 17:04:38.545,83,0,0,0,"{""event_name"": ""logout"", ""timestamp"": ""2026-09-18 17:04:38.545"", ""session_id"": 83}",0,0,UNKNOWN
logout,2026-09-18 17:04:38.545,84,0,0,0,"{""event_name"": ""logout"", ""timestamp"": ""2026-09-18 17:04:38.545"", ""session_id"": 84}",0,0,UNKNOWN
logout,2026-09-18 17:04:38.545,85,0,0,0,"{""event_name"": ""logout"", ""timestamp"": ""2026-09-18 17:04:38.545"", ""session_id"": 85}",0,0,UNKNOWN
lock_released,2026-09-18 17:04:38.545,77,0,0,0,"{""event_name"": ""lock_released"", ""timestamp"": ""2026-09-18 17:04:38.545"", ""session_id"": 77, ""resource_type"": ""DATABASE"", ""mode"": ""S""}",DATABASE,S,UNKNOWN
lock_released,2026-09-18 17:04:38.545,80,0,0,0,"{""event_name"": ""lock_released"", ""timestamp"": ""2026-09-18 17:04:38.545"", ""session_id"": 80, ""resource_type"": ""DATABASE"", ""mode"": ""S""}",DATABASE,S,UNKNOWN
lock_released,2026-09-18 17:04:38.545,83,0,0,0,"{""event_name"": ""lock_released"", ""timestamp"": ""2026-09-18 17:04:38.545"", ""session_id"": 83, ""resource_type"": ""PAGE"", ""mode"": ""IU""}",PAGE,IU,UNKNOWN
lock_released,2026-09-18 17:04:38.545,84,0,0,0,"{""event_name"": ""lock_released"", ""timestamp"": ""2026-09-18 17:04:38.545"", ""session_id"": 84, ""resource_type"": ""DATABASE"", ""mode"": ""S""}",DATABASE,S,UNKNOWN
lock_released,2026-09-18 17:04:38.545,81,0,0,0,"{""event_name"": ""lock_released"", ""timestamp"": ""2026-09-18 17:04:38.545"", ""session_id"": 81, ""resource_type"": ""OBJECT"", ""mode"": ""IS""}",OBJECT,IS,UNKNOWN
lock_released,2026-09-18 17:04:38.545,79,0,0,0,"{""event_name"": ""lock_released"", ""timestamp"": ""2026-09-18 17:04:38.545"", ""session_id"": 79, ""resource_type"": ""OBJECT"", ""mode"": ""IS""}",OBJECT,IS,UNKNOWN
lock_released,2026-09-18 17:04:38.545,76,0,0,0,"{""event_name"": ""lock_released"", ""timestamp"": ""2026-09-18 17:04:38.545"", ""session_id"": 76, ""resource_type"": ""DATABASE"", ""mode"": ""S""}",DATABASE,S,UNKNOWN
lock_released,2026-09-18 17:04:38.545,83,0,0,0,"{""event_name"": ""lock_released"", ""timestamp"": ""2026-09-18 17:04:38.545"", ""session_id"": 83, ""resource_type"": ""OBJECT"", ""mode"": ""IX""}",OBJECT,IX,UNKNOWN
lock_released,2026-09-18 17:04:38.545,77,0,0,0,"{""event_name"": ""lock_released"", ""timestamp"": ""2026-09-18 17:04:38.545"", ""session_id"": 77, ""resource_type"": ""OBJECT"", ""mode"": ""IS""}",OBJECT,IS,UNKNOWN
lock_released,2026-09-18 17:04:38.545,80,0,0,0,"{""event_name"": ""lock_released"", ""timestamp"": ""2026-09-18 17:04:38.545"", ""session_id"": 80, ""resource_type"": ""OBJECT"", ""mode"": ""IS""}",OBJECT,IS,UNKNOWN
lock_released,2026-09-18 17:04:38.545,84,0,0,0,"{""event_name"": ""lock_released"", ""timestamp"": ""2026-09-18 17:04:38.545"", ""session_id"": 84, ""resource_type"": ""OBJECT"", ""mode"": ""IS""}",OBJECT,IS,UNKNOWN
lock_released,2026-09-18 17:04:38.545,78,0,0,0,"{""event_name"": ""lock_released"", ""timestamp"": ""2026-09-18 17:04:38.545"", ""session_id"": 78, ""resource_type"": ""OBJECT"", ""mode"": ""IS""}",OBJECT,IS,UNKNOWN
lock_released,2026-09-18 17:04:38.545,85,0,0,0,"{""event_name"": ""lock_released"", ""timestamp"": ""2026-09-18 17:04:38.545"", ""session_id"": 85, ""resource_type"": ""OBJECT"", ""mode"": ""IX""}",OBJECT,IX,UNKNOWN
lock_released,2026-09-18 17:04:38.545,79,0,0,0,"{""event_name"": ""lock_released"", ""timestamp"": ""2026-09-18 17:04:38.545"", ""session_id"": 79, ""resource_type"": ""OBJECT"", ""mode"": ""IX""}",OBJECT,IX,UNKNOWN
lock_released,2026-09-18 17:04:38.545,83,0,0,0,"{""event_name"": ""lock_released"", ""timestamp"": ""2026-09-18 17:04:38.545"", ""session_id"": 83, ""resource_type"": ""DATABASE"", ""mode"": ""S""}",DATABASE,S,UNKNOWN
lock_released,2026-09-18 17:04:38.545,81,0,0,0,"{""event_name"": ""lock_released"", ""timestamp"": ""2026-09-18 17:04:38.545"", ""session_id"": 81, ""resource_type"": ""OBJECT"", ""mode"": ""IX""}",OBJECT,IX,UNKNOWN
lock_released,2026-09-18 17:04:38.545,79,0,0,0,"{""event_name"": ""lock_released"", ""timestamp"": ""2026-09-18 17:04:38.545"", ""session_id"": 79, ""resource_type"": ""DATABASE"", ""mode"": ""S""}",DATABASE,S,UNKNOWN
lock_released,2026-09-18 17:04:38.545,85,0,0,0,"{""event_name"": ""lock_released"", ""timestamp"": ""2026-09-18 17:04:38.545"", ""session_id"": 85, ""resource_type"": ""DATABASE"", ""mode"": ""S""}",DATABASE,S,UNKNOWN
lock_released,2026-09-18 17:04:38.545,82,0,0,0,"{""event_name"": ""lock_released"", ""timestamp"": ""2026-09-18 17:04:38.545"", ""session_id"": 82, ""resource_type"": ""DATABASE"", ""mode"": ""S""}",DATABASE,S,UNKNOWN
lock_released,2026-09-18 17:04:38.545,81,0,0,0,"{""event_name"": ""lock_released"", ""timestamp"": ""2026-09-18 17:04:38.545"", ""session_id"": 81, ""resource_type"": ""DATABASE"", ""mode"": ""S""}",DATABASE,S,UNKNOWN
lock_released,2026-09-18 17:04:38.545,77,0,0,0,"{""event_name"": ""lock_released"", ""timestamp"": ""2026-09-18 17:04:38.545"", ""session_id"": 77, ""resource_type"": ""OBJECT"", ""mode"": ""IX""}",OBJECT,IX,UNKNOWN
lock_released,2026-09-18 17:04:38.545,78,0,0,0,"{""event_name"": ""lock_released"", ""timestamp"": ""2026-09-18 17:04:38.545"", ""session_id"": 78, ""resource_type"": ""OBJECT"", ""mode"": ""IX""}",OBJECT,IX,UNKNOWN
lock_released,2026-09-18 17:04:38.545,80,0,0,0,"{""event_name"": ""lock_released"", ""timestamp"": ""2026-09-18 17:04:38.545"", ""session_id"": 80, ""resource_type"": ""OBJECT"", ""mode"": ""IX""}",OBJECT,IX,UNKNOWN
lock_released,2026-09-18 17:04:38.545,84,0,0,0,"{""event_name"": ""lock_released"", ""timestamp"": ""2026-09-18 17:04:38.545"", ""session_id"": 84, ""resource_type"": ""OBJECT"", ""mode"": ""IX""}",OBJECT,IX,UNKNOWN
lock_released,2026-09-18 17:04:38.545,78,0,0,0,"{""event_name"": ""lock_released"", ""timestamp"": ""2026-09-18 17:04:38.545"", ""session_id"": 78, ""resource_type"": ""DATABASE"", ""mode"": ""S""}",DATABASE,S,UNKNOWN
lock_released,2026-09-18 17:04:38.545,85,0,0,0,"{""event_name"": ""lock_released"", ""timestamp"": ""2026-09-18 17:04:38.545"", ""session_id"": 85, ""resource_type"": ""OBJECT"", ""mode"": ""IS""}",OBJECT,IS,UNKNOWN
