timestamp,metrica,valor
2026-09-23 11:04:37,cpu_usr,16.3
2026-09-23 11:04:37,cpu_sys,21.0
2026-09-23 11:04:37,cpu_idl,59.4
2026-09-23 11:04:37,cpu_wai,0.0
2026-09-23 11:04:37,cpu_stl,0.0
2026-09-23 11:04:37,memory_percent,89.5
2026-09-23 11:04:37,memory_used_mb,14451.0
2026-09-23 11:04:37,memory_available_mb,1696.0
2026-09-23 11:04:37,disk_read_per_sec,30937.0
2026-09-23 11:04:37,disk_write_per_sec,0.0
2026-09-23 11:04:37,net_send_per_sec,1254.0
2026-09-23 11:04:37,net_recv_per_sec,1307.0
2026-09-23 11:04:37,load1,0.0
2026-09-23 11:04:37,load5,0.0
2026-09-23 11:04:37,load15,0.0
2026-09-23 11:04:37,active_sessions,19.0
2026-09-23 11:04:37,active_requests,15.0
2026-09-23 11:04:37,long_queries,14.0
2026-09-23 11:04:37,long_transactions,14.0
2026-09-23 11:04:37,idle_sessions,18.0
2026-09-23 11:04:37,lock_waits,0.0
2026-09-23 11:04:37,total_locks,4.0
2026-09-23 11:04:37,deadlocks_per_sec,0.0
2026-09-23 11:04:37,page_life_expectancy,346.0
2026-09-23 11:04:37,buffer_cache_hit_ratio,100.0
2026-09-23 11:04:37,database_size_mb,0.0
2026-09-23 11:04:37,total_reads,1358.0
2026-09-23 11:04:37,total_writes,2429.0
2026-09-23 11:04:37,venta_locks,0.0
2026-09-23 11:04:37,detalle_venta_locks,0.0
2026-09-23 11:04:37,inventario_locks,0.0
2026-09-23 11:04:37,kardex_locks,0.0
2026-09-23 11:04:37,caja_locks,0.0
2026-09-23 11:04:37,movimiento_caja_locks,0.0
2026-09-23 11:04:37,auditoria_locks,0.0
2026-09-23 11:04:37,api_status,0.0
2026-09-23 11:04:37,api_latency_ms,0.0
2026-09-23 11:04:37,products_count,0.0
2026-09-23 11:04:37,sales_count,0.0
2026-09-23 11:04:42,cpu_usr,15.1
2026-09-23 11:04:42,cpu_sys,24.2
2026-09-23 11:04:42,cpu_idl,59.0
2026-09-23 11:04:42,cpu_wai,0.0
2026-09-23 11:04:42,cpu_stl,0.0
2026-09-23 11:04:42,memory_percent,89.8
2026-09-23 11:04:42,memory_used_mb,14500.0
2026-09-23 11:04:42,memory_available_mb,1648.0
2026-09-23 11:04:42,disk_read_per_sec,121194.0
2026-09-23 11:04:42,disk_write_per_sec,652325.0
2026-09-23 11:04:42,net_send_per_sec,14477.0
2026-09-23 11:04:42,net_recv_per_sec,1326667.0
2026-09-23 11:04:42,load1,0.0
2026-09-23 11:04:42,load5,0.0
2026-09-23 11:04:42,load15,0.0
2026-09-23 11:04:42,active_sessions,22.0
2026-09-23 11:04:42,active_requests,17.0
2026-09-23 11:04:42,long_queries,14.0
2026-09-23 11:04:42,long_transactions,14.0
2026-09-23 11:04:42,idle_sessions,19.0
2026-09-23 11:04:42,lock_waits,0.0
2026-09-23 11:04:42,total_locks,21.0
2026-09-23 11:04:42,deadlocks_per_sec,0.0
2026-09-23 11:04:42,page_life_expectancy,352.0
2026-09-23 11:04:42,buffer_cache_hit_ratio,100.0
2026-09-23 11:04:42,transactions_per_sec,105.4
2026-09-23 11:04:42,page_reads_per_sec,0.0
2026-09-23 11:04:42,page_writes_per_sec,0.0
2026-09-23 11:04:42,rollbacks_per_sec,0.0
2026-09-23 11:04:42,batch_requests_per_sec,0.0
2026-09-23 11:04:42,sql_compilations_per_sec,0.0
2026-09-23 11:04:42,database_size_mb,0.0
2026-09-23 11:04:42,total_reads,1358.0
2026-09-23 11:04:42,total_writes,2463.0
2026-09-23 11:04:42,venta_locks,0.0
2026-09-23 11:04:42,detalle_venta_locks,0.0
2026-09-23 11:04:42,inventario_locks,0.0
2026-09-23 11:04:42,kardex_locks,0.0
2026-09-23 11:04:42,caja_locks,0.0
2026-09-23 11:04:42,movimiento_caja_locks,0.0
2026-09-23 11:04:42,auditoria_locks,0.0
2026-09-23 11:04:42,api_status,0.0
2026-09-23 11:04:42,api_latency_ms,0.0
2026-09-23 11:04:42,products_count,0.0
2026-09-23 11:04:42,sales_count,0.0
2026-09-23 11:04:48,cpu_usr,14.6
2026-09-23 11:04:48,cpu_sys,35.2
2026-09-23 11:04:48,cpu_idl,48.1
2026-09-23 11:04:48,cpu_wai,0.0
2026-09-23 11:04:48,cpu_stl,0.0
2026-09-23 11:04:48,memory_percent,89.9
2026-09-23 11:04:48,memory_used_mb,14519.0
2026-09-23 11:04:48,memory_available_mb,1629.0
2026-09-23 11:04:48,disk_read_per_sec,195610.0
2026-09-23 11:04:48,disk_write_per_sec,663653.0
2026-09-23 11:04:48,net_send_per_sec,8543.0
2026-09-23 11:04:48,net_recv_per_sec,711547.0
2026-09-23 11:04:48,load1,1.04
2026-09-23 11:04:48,load5,0.21
2026-09-23 11:04:48,load15,0.07
2026-09-23 11:04:48,active_sessions,22.0
2026-09-23 11:04:48,active_requests,17.0
2026-09-23 11:04:48,long_queries,14.0
2026-09-23 11:04:48,long_transactions,14.0
2026-09-23 11:04:48,idle_sessions,18.0
2026-09-23 11:04:48,lock_waits,0.0
2026-09-23 11:04:48,total_locks,16.0
2026-09-23 11:04:48,deadlocks_per_sec,0.0
2026-09-23 11:04:48,page_life_expectancy,357.0
2026-09-23 11:04:48,buffer_cache_hit_ratio,100.0
2026-09-23 11:04:48,transactions_per_sec,215.27
2026-09-23 11:04:48,page_reads_per_sec,0.0
2026-09-23 11:04:48,page_writes_per_sec,0.0
2026-09-23 11:04:48,rollbacks_per_sec,0.0
2026-09-23 11:04:48,batch_requests_per_sec,0.0
2026-09-23 11:04:48,sql_compilations_per_sec,0.0
2026-09-23 11:04:48,database_size_mb,0.0
2026-09-23 11:04:48,total_reads,1358.0
2026-09-23 11:04:48,total_writes,2557.0
2026-09-23 11:04:48,venta_locks,0.0
2026-09-23 11:04:48,detalle_venta_locks,0.0
2026-09-23 11:04:48,inventario_locks,0.0
2026-09-23 11:04:48,kardex_locks,0.0
2026-09-23 11:04:48,caja_locks,0.0
2026-09-23 11:04:48,movimiento_caja_locks,0.0
2026-09-23 11:04:48,auditoria_locks,0.0
2026-09-23 11:04:48,api_status,0.0
2026-09-23 11:04:48,api_latency_ms,4688.0
2026-09-23 11:04:48,products_count,0.0
2026-09-23 11:04:48,sales_count,0.0
2026-09-23 11:04:53,cpu_usr,15.9
2026-09-23 11:04:53,cpu_sys,36.2
2026-09-23 11:04:53,cpu_idl,45.8
2026-09-23 11:04:53,cpu_wai,0.0
2026-09-23 11:04:53,cpu_stl,0.0
2026-09-23 11:04:53,memory_percent,90.4
2026-09-23 11:04:53,memory_used_mb,14601.0
2026-09-23 11:04:53,memory_available_mb,1547.0
2026-09-23 11:04:53,disk_read_per_sec,425813.0
2026-09-23 11:04:53,disk_write_per_sec,940759.0
2026-09-23 11:04:53,net_send_per_sec,19711.0
2026-09-23 11:04:53,net_recv_per_sec,679903.0
2026-09-23 11:04:53,load1,0.96
2026-09-23 11:04:53,load5,0.21
2026-09-23 11:04:53,load15,0.07
2026-09-23 11:04:53,active_sessions,22.0
2026-09-23 11:04:53,active_requests,17.0
2026-09-23 11:04:53,long_queries,14.0
2026-09-23 11:04:53,long_transactions,14.0
2026-09-23 11:04:53,idle_sessions,19.0
2026-09-23 11:04:53,lock_waits,0.0
2026-09-23 11:04:53,total_locks,21.0
2026-09-23 11:04:53,deadlocks_per_sec,0.0
2026-09-23 11:04:53,page_life_expectancy,362.0
2026-09-23 11:04:53,buffer_cache_hit_ratio,100.0
2026-09-23 11:04:53,transactions_per_sec,187.72
2026-09-23 11:04:53,page_reads_per_sec,0.0
2026-09-23 11:04:53,page_writes_per_sec,0.0
2026-09-23 11:04:53,rollbacks_per_sec,0.0
2026-09-23 11:04:53,batch_requests_per_sec,0.0
2026-09-23 11:04:53,sql_compilations_per_sec,0.0
2026-09-23 11:04:53,database_size_mb,0.0
2026-09-23 11:04:53,total_reads,1358.0
2026-09-23 11:04:53,total_writes,2647.0
2026-09-23 11:04:53,venta_locks,0.0
2026-09-23 11:04:53,detalle_venta_locks,0.0
2026-09-23 11:04:53,inventario_locks,0.0
2026-09-23 11:04:53,kardex_locks,0.0
2026-09-23 11:04:53,caja_locks,0.0
2026-09-23 11:04:53,movimiento_caja_locks,0.0
2026-09-23 11:04:53,auditoria_locks,0.0
2026-09-23 11:04:53,api_status,0.0
2026-09-23 11:04:53,api_latency_ms,4688.0
2026-09-23 11:04:53,products_count,0.0
2026-09-23 11:04:53,sales_count,0.0
2026-09-23 11:04:58,cpu_usr,13.4
2026-09-23 11:04:58,cpu_sys,34.0
2026-09-23 11:04:58,cpu_idl,50.0
2026-09-23 11:04:58,cpu_wai,0.0
2026-09-23 11:04:58,cpu_stl,0.0
2026-09-23 11:04:58,memory_percent,90.4
2026-09-23 11:04:58,memory_used_mb,14596.0
2026-09-23 11:04:58,memory_available_mb,1552.0
2026-09-23 11:04:58,disk_read_per_sec,233438.0
2026-09-23 11:04:58,disk_write_per_sec,724934.0
2026-09-23 11:04:58,net_send_per_sec,9882.0
2026-09-23 11:04:58,net_recv_per_sec,693550.0
2026-09-23 11:04:58,load1,0.88
2026-09-23 11:04:58,load5,0.21
2026-09-23 11:04:58,load15,0.07
2026-09-23 11:04:58,active_sessions,22.0
2026-09-23 11:04:58,active_requests,16.0
2026-09-23 11:04:58,long_queries,14.0
2026-09-23 11:04:58,long_transactions,14.0
2026-09-23 11:04:58,idle_sessions,21.0
2026-09-23 11:04:58,lock_waits,0.0
2026-09-23 11:04:58,total_locks,14.0
2026-09-23 11:04:58,deadlocks_per_sec,0.0
2026-09-23 11:04:58,page_life_expectancy,367.0
2026-09-23 11:04:58,buffer_cache_hit_ratio,100.0
2026-09-23 11:04:58,transactions_per_sec,227.48
2026-09-23 11:04:58,page_reads_per_sec,0.0
2026-09-23 11:04:58,page_writes_per_sec,0.0
2026-09-23 11:04:58,rollbacks_per_sec,0.0
2026-09-23 11:04:58,batch_requests_per_sec,0.0
2026-09-23 11:04:58,sql_compilations_per_sec,0.0
2026-09-23 11:04:58,database_size_mb,0.0
2026-09-23 11:04:58,total_reads,1358.0
2026-09-23 11:04:58,total_writes,2733.0
2026-09-23 11:04:58,venta_locks,0.0
2026-09-23 11:04:58,detalle_venta_locks,0.0
2026-09-23 11:04:58,inventario_locks,0.0
2026-09-23 11:04:58,kardex_locks,0.0
2026-09-23 11:04:58,caja_locks,0.0
2026-09-23 11:04:58,movimiento_caja_locks,0.0
2026-09-23 11:04:58,auditoria_locks,0.0
2026-09-23 11:04:58,api_status,0.0
2026-09-23 11:04:58,api_latency_ms,4688.0
2026-09-23 11:04:58,products_count,0.0
2026-09-23 11:04:58,sales_count,0.0
2026-09-23 11:05:03,cpu_usr,19.9
2026-09-23 11:05:03,cpu_sys,36.7
2026-09-23 11:05:03,cpu_idl,41.0
2026-09-23 11:05:03,cpu_wai,0.0
2026-09-23 11:05:03,cpu_stl,0.0
2026-09-23 11:05:03,memory_percent,91.6
2026-09-23 11:05:03,memory_used_mb,14788.0
2026-09-23 11:05:03,memory_available_mb,1359.0
2026-09-23 11:05:03,disk_read_per_sec,445834.0
2026-09-23 11:05:03,disk_write_per_sec,2913335.0
2026-09-23 11:05:03,net_send_per_sec,7480.0
2026-09-23 11:05:03,net_recv_per_sec,815513.0
2026-09-23 11:05:03,load1,0.81
2026-09-23 11:05:03,load5,0.2
2026-09-23 11:05:03,load15,0.07
2026-09-23 11:05:03,active_sessions,22.0
2026-09-23 11:05:03,active_requests,16.0
2026-09-23 11:05:03,long_queries,14.0
2026-09-23 11:05:03,long_transactions,14.0
2026-09-23 11:05:03,idle_sessions,20.0
2026-09-23 11:05:03,lock_waits,0.0
2026-09-23 11:05:03,total_locks,21.0
2026-09-23 11:05:03,deadlocks_per_sec,0.0
2026-09-23 11:05:03,page_life_expectancy,372.0
2026-09-23 11:05:03,buffer_cache_hit_ratio,100.0
2026-09-23 11:05:03,transactions_per_sec,229.87
2026-09-23 11:05:03,page_reads_per_sec,0.0
2026-09-23 11:05:03,page_writes_per_sec,0.0
2026-09-23 11:05:03,rollbacks_per_sec,0.0
2026-09-23 11:05:03,batch_requests_per_sec,0.0
2026-09-23 11:05:03,sql_compilations_per_sec,0.0
2026-09-23 11:05:03,database_size_mb,0.0
2026-09-23 11:05:03,total_reads,1358.0
2026-09-23 11:05:03,total_writes,2824.0
2026-09-23 11:05:03,venta_locks,0.0
2026-09-23 11:05:03,detalle_venta_locks,0.0
2026-09-23 11:05:03,inventario_locks,0.0
2026-09-23 11:05:03,kardex_locks,0.0
2026-09-23 11:05:03,caja_locks,0.0
2026-09-23 11:05:03,movimiento_caja_locks,0.0
2026-09-23 11:05:03,auditoria_locks,0.0
2026-09-23 11:05:03,api_status,0.0
2026-09-23 11:05:03,api_latency_ms,4046.0
2026-09-23 11:05:03,products_count,0.0
2026-09-23 11:05:03,sales_count,0.0
2026-09-23 11:05:08,cpu_usr,20.1
2026-09-23 11:05:08,cpu_sys,35.4
2026-09-23 11:05:08,cpu_idl,42.5
2026-09-23 11:05:08,cpu_wai,0.0
2026-09-23 11:05:08,cpu_stl,0.0
2026-09-23 11:05:08,memory_percent,92.7
2026-09-23 11:05:08,memory_used_mb,14970.0
2026-09-23 11:05:08,memory_available_mb,1178.0
2026-09-23 11:05:08,disk_read_per_sec,984582.0
2026-09-23 11:05:08,disk_write_per_sec,2688945.0
2026-09-23 11:05:08,net_send_per_sec,3181.0
2026-09-23 11:05:08,net_recv_per_sec,2218.0
2026-09-23 11:05:08,load1,0.74
2026-09-23 11:05:08,load5,0.2
2026-09-23 11:05:08,load15,0.07
2026-09-23 11:05:08,active_sessions,22.0
2026-09-23 11:05:08,active_requests,17.0
2026-09-23 11:05:08,long_queries,14.0
2026-09-23 11:05:08,long_transactions,14.0
2026-09-23 11:05:08,idle_sessions,20.0
2026-09-23 11:05:08,lock_waits,0.0
2026-09-23 11:05:08,total_locks,19.0
2026-09-23 11:05:08,deadlocks_per_sec,0.0
2026-09-23 11:05:08,page_life_expectancy,377.0
2026-09-23 11:05:08,buffer_cache_hit_ratio,100.0
2026-09-23 11:05:08,transactions_per_sec,273.36
2026-09-23 11:05:08,page_reads_per_sec,0.0
2026-09-23 11:05:08,page_writes_per_sec,0.0
2026-09-23 11:05:08,rollbacks_per_sec,0.0
2026-09-23 11:05:08,batch_requests_per_sec,0.0
2026-09-23 11:05:08,sql_compilations_per_sec,0.0
2026-09-23 11:05:08,database_size_mb,0.0
2026-09-23 11:05:08,total_reads,1358.0
2026-09-23 11:05:08,total_writes,2923.0
2026-09-23 11:05:08,venta_locks,0.0
2026-09-23 11:05:08,detalle_venta_locks,0.0
2026-09-23 11:05:08,inventario_locks,0.0
2026-09-23 11:05:08,kardex_locks,0.0
2026-09-23 11:05:08,caja_locks,0.0
2026-09-23 11:05:08,movimiento_caja_locks,0.0
2026-09-23 11:05:08,auditoria_locks,0.0
2026-09-23 11:05:08,api_status,0.0
2026-09-23 11:05:08,api_latency_ms,4046.0
2026-09-23 11:05:08,products_count,0.0
2026-09-23 11:05:08,sales_count,0.0
2026-09-23 11:05:14,cpu_usr,14.6
2026-09-23 11:05:14,cpu_sys,35.0
2026-09-23 11:05:14,cpu_idl,48.8
2026-09-23 11:05:14,cpu_wai,0.0
2026-09-23 11:05:14,cpu_stl,0.0
2026-09-23 11:05:14,memory_percent,92.0
2026-09-23 11:05:14,memory_used_mb,14850.0
2026-09-23 11:05:14,memory_available_mb,1297.0
2026-09-23 11:05:14,disk_read_per_sec,1024930.0
2026-09-23 11:05:14,disk_write_per_sec,1080170.0
2026-09-23 11:05:14,net_send_per_sec,2438.0
2026-09-23 11:05:14,net_recv_per_sec,1841.0
2026-09-23 11:05:14,load1,0.69
2026-09-23 11:05:14,load5,0.2
2026-09-23 11:05:14,load15,0.07
2026-09-23 11:05:14,active_sessions,22.0
2026-09-23 11:05:14,active_requests,16.0
2026-09-23 11:05:14,long_queries,14.0
2026-09-23 11:05:14,long_transactions,14.0
2026-09-23 11:05:14,idle_sessions,20.0
2026-09-23 11:05:14,lock_waits,0.0
2026-09-23 11:05:14,total_locks,21.0
2026-09-23 11:05:14,deadlocks_per_sec,0.0
2026-09-23 11:05:14,page_life_expectancy,383.0
2026-09-23 11:05:14,buffer_cache_hit_ratio,100.0
2026-09-23 11:05:14,transactions_per_sec,230.54
2026-09-23 11:05:14,page_reads_per_sec,0.0
2026-09-23 11:05:14,page_writes_per_sec,0.0
2026-09-23 11:05:14,rollbacks_per_sec,0.0
2026-09-23 11:05:14,batch_requests_per_sec,0.0
2026-09-23 11:05:14,sql_compilations_per_sec,0.0
2026-09-23 11:05:14,database_size_mb,0.0
2026-09-23 11:05:14,total_reads,1358.0
2026-09-23 11:05:14,total_writes,3022.0
2026-09-23 11:05:14,venta_locks,0.0
2026-09-23 11:05:14,detalle_venta_locks,0.0
2026-09-23 11:05:14,inventario_locks,0.0
2026-09-23 11:05:14,kardex_locks,0.0
2026-09-23 11:05:14,caja_locks,0.0
2026-09-23 11:05:14,movimiento_caja_locks,0.0
2026-09-23 11:05:14,auditoria_locks,0.0
2026-09-23 11:05:14,api_status,0.0
2026-09-23 11:05:14,api_latency_ms,4061.0
2026-09-23 11:05:14,products_count,0.0
2026-09-23 11:05:14,sales_count,0.0
2026-09-23 11:05:19,cpu_usr,15.0
2026-09-23 11:05:19,cpu_sys,33.3
2026-09-23 11:05:19,cpu_idl,49.5
2026-09-23 11:05:19,cpu_wai,0.0
2026-09-23 11:05:19,cpu_stl,0.0
2026-09-23 11:05:19,memory_percent,91.2
2026-09-23 11:05:19,memory_used_mb,14724.0
2026-09-23 11:05:19,memory_available_mb,1423.0
2026-09-23 11:05:19,disk_read_per_sec,275658.0
2026-09-23 11:05:19,disk_write_per_sec,767488.0
2026-09-23 11:05:19,net_send_per_sec,22709.0
2026-09-23 11:05:19,net_recv_per_sec,150192.0
2026-09-23 11:05:19,load1,0.63
2026-09-23 11:05:19,load5,0.19
2026-09-23 11:05:19,load15,0.07
2026-09-23 11:05:19,active_sessions,22.0
2026-09-23 11:05:19,active_requests,17.0
2026-09-23 11:05:19,long_queries,14.0
2026-09-23 11:05:19,long_transactions,14.0
2026-09-23 11:05:19,idle_sessions,20.0
2026-09-23 11:05:19,lock_waits,2.0
2026-09-23 11:05:19,total_locks,9.0
2026-09-23 11:05:19,deadlocks_per_sec,0.0
2026-09-23 11:05:19,page_life_expectancy,388.0
2026-09-23 11:05:19,buffer_cache_hit_ratio,100.0
2026-09-23 11:05:19,transactions_per_sec,231.4
2026-09-23 11:05:19,page_reads_per_sec,0.0
2026-09-23 11:05:19,page_writes_per_sec,0.0
2026-09-23 11:05:19,rollbacks_per_sec,0.0
2026-09-23 11:05:19,batch_requests_per_sec,0.0
2026-09-23 11:05:19,sql_compilations_per_sec,0.0
2026-09-23 11:05:19,database_size_mb,0.0
2026-09-23 11:05:19,total_reads,1358.0
2026-09-23 11:05:19,total_writes,3112.0
2026-09-23 11:05:19,venta_locks,0.0
2026-09-23 11:05:19,detalle_venta_locks,0.0
2026-09-23 11:05:19,inventario_locks,0.0
2026-09-23 11:05:19,kardex_locks,0.0
2026-09-23 11:05:19,caja_locks,0.0
2026-09-23 11:05:19,movimiento_caja_locks,0.0
2026-09-23 11:05:19,auditoria_locks,0.0
2026-09-23 11:05:19,api_status,0.0
2026-09-23 11:05:19,api_latency_ms,4061.0
2026-09-23 11:05:19,products_count,0.0
2026-09-23 11:05:19,sales_count,0.0
2026-09-23 11:05:24,cpu_usr,14.2
2026-09-23 11:05:24,cpu_sys,32.0
2026-09-23 11:05:24,cpu_idl,51.7
2026-09-23 11:05:24,cpu_wai,0.0
2026-09-23 11:05:24,cpu_stl,0.0
2026-09-23 11:05:24,memory_percent,89.3
2026-09-23 11:05:24,memory_used_mb,14419.0
2026-09-23 11:05:24,memory_available_mb,1728.0
2026-09-23 11:05:24,disk_read_per_sec,331208.0
2026-09-23 11:05:24,disk_write_per_sec,1007378.0
2026-09-23 11:05:24,net_send_per_sec,9043.0
2026-09-23 11:05:24,net_recv_per_sec,7898.0
2026-09-23 11:05:24,load1,0.66
2026-09-23 11:05:24,load5,0.21
2026-09-23 11:05:24,load15,0.07
2026-09-23 11:05:24,active_sessions,22.0
2026-09-23 11:05:24,active_requests,16.0
2026-09-23 11:05:24,long_queries,14.0
2026-09-23 11:05:24,long_transactions,14.0
2026-09-23 11:05:24,idle_sessions,19.0
2026-09-23 11:05:24,lock_waits,0.0
2026-09-23 11:05:24,total_locks,21.0
2026-09-23 11:05:24,deadlocks_per_sec,0.0
2026-09-23 11:05:24,page_life_expectancy,393.0
2026-09-23 11:05:24,buffer_cache_hit_ratio,100.0
2026-09-23 11:05:24,transactions_per_sec,211.83
2026-09-23 11:05:24,page_reads_per_sec,0.0
2026-09-23 11:05:24,page_writes_per_sec,0.0
2026-09-23 11:05:24,rollbacks_per_sec,0.0
2026-09-23 11:05:24,batch_requests_per_sec,0.0
2026-09-23 11:05:24,sql_compilations_per_sec,0.0
2026-09-23 11:05:24,database_size_mb,0.0
2026-09-23 11:05:24,total_reads,1358.0
2026-09-23 11:05:24,total_writes,3198.0
2026-09-23 11:05:24,venta_locks,0.0
2026-09-23 11:05:24,detalle_venta_locks,0.0
2026-09-23 11:05:24,inventario_locks,0.0
2026-09-23 11:05:24,kardex_locks,0.0
2026-09-23 11:05:24,caja_locks,0.0
2026-09-23 11:05:24,movimiento_caja_locks,0.0
2026-09-23 11:05:24,auditoria_locks,0.0
2026-09-23 11:05:24,api_status,0.0
2026-09-23 11:05:24,api_latency_ms,4061.0
2026-09-23 11:05:24,products_count,0.0
2026-09-23 11:05:24,sales_count,0.0
2026-09-23 11:05:29,cpu_usr,11.2
2026-09-23 11:05:29,cpu_sys,29.8
2026-09-23 11:05:29,cpu_idl,57.2
2026-09-23 11:05:29,cpu_wai,0.0
2026-09-23 11:05:29,cpu_stl,0.0
2026-09-23 11:05:29,memory_percent,89.0
2026-09-23 11:05:29,memory_used_mb,14377.0
2026-09-23 11:05:29,memory_available_mb,1770.0
2026-09-23 11:05:29,disk_read_per_sec,156290.0
2026-09-23 11:05:29,disk_write_per_sec,586596.0
2026-09-23 11:05:29,net_send_per_sec,14844.0
2026-09-23 11:05:29,net_recv_per_sec,1530443.0
2026-09-23 11:05:29,load1,0.61
2026-09-23 11:05:29,load5,0.2
2026-09-23 11:05:29,load15,0.07
2026-09-23 11:05:29,active_sessions,23.0
2026-09-23 11:05:29,active_requests,17.0
2026-09-23 11:05:29,long_queries,14.0
2026-09-23 11:05:29,long_transactions,14.0
2026-09-23 11:05:29,idle_sessions,20.0
2026-09-23 11:05:29,lock_waits,0.0
2026-09-23 11:05:29,total_locks,27.0
2026-09-23 11:05:29,deadlocks_per_sec,0.0
2026-09-23 11:05:29,page_life_expectancy,399.0
2026-09-23 11:05:29,buffer_cache_hit_ratio,100.0
2026-09-23 11:05:29,transactions_per_sec,199.39
2026-09-23 11:05:29,page_reads_per_sec,0.0
2026-09-23 11:05:29,page_writes_per_sec,0.0
2026-09-23 11:05:29,rollbacks_per_sec,0.0
2026-09-23 11:05:29,batch_requests_per_sec,0.0
2026-09-23 11:05:29,sql_compilations_per_sec,0.0
2026-09-23 11:05:29,database_size_mb,0.0
2026-09-23 11:05:29,total_reads,1358.0
2026-09-23 11:05:29,total_writes,3285.0
2026-09-23 11:05:29,venta_locks,0.0
2026-09-23 11:05:29,detalle_venta_locks,0.0
2026-09-23 11:05:29,inventario_locks,0.0
2026-09-23 11:05:29,kardex_locks,0.0
2026-09-23 11:05:29,caja_locks,0.0
2026-09-23 11:05:29,movimiento_caja_locks,0.0
2026-09-23 11:05:29,auditoria_locks,0.0
2026-09-23 11:05:29,api_status,0.0
2026-09-23 11:05:29,api_latency_ms,4047.0
2026-09-23 11:05:29,products_count,0.0
2026-09-23 11:05:29,sales_count,0.0
2026-09-23 11:05:34,cpu_usr,9.6
2026-09-23 11:05:34,cpu_sys,31.3
2026-09-23 11:05:34,cpu_idl,57.1
2026-09-23 11:05:34,cpu_wai,0.0
2026-09-23 11:05:34,cpu_stl,0.0
2026-09-23 11:05:34,memory_percent,88.6
2026-09-23 11:05:34,memory_used_mb,14308.0
2026-09-23 11:05:34,memory_available_mb,1839.0
2026-09-23 11:05:34,disk_read_per_sec,885.0
2026-09-23 11:05:34,disk_write_per_sec,578626.0
2026-09-23 11:05:34,net_send_per_sec,4197.0
2026-09-23 11:05:34,net_recv_per_sec,358151.0
2026-09-23 11:05:34,load1,0.56
2026-09-23 11:05:34,load5,0.2
2026-09-23 11:05:34,load15,0.07
2026-09-23 11:05:34,active_sessions,22.0
2026-09-23 11:05:34,active_requests,15.0
2026-09-23 11:05:34,long_queries,14.0
2026-09-23 11:05:34,long_transactions,14.0
2026-09-23 11:05:34,idle_sessions,21.0
2026-09-23 11:05:34,lock_waits,0.0
2026-09-23 11:05:34,total_locks,14.0
2026-09-23 11:05:34,deadlocks_per_sec,0.0
2026-09-23 11:05:34,page_life_expectancy,404.0
2026-09-23 11:05:34,buffer_cache_hit_ratio,100.0
2026-09-23 11:05:34,transactions_per_sec,202.28
2026-09-23 11:05:34,page_reads_per_sec,0.0
2026-09-23 11:05:34,page_writes_per_sec,0.0
2026-09-23 11:05:34,rollbacks_per_sec,0.0
2026-09-23 11:05:34,batch_requests_per_sec,0.0
2026-09-23 11:05:34,sql_compilations_per_sec,0.0
2026-09-23 11:05:34,database_size_mb,0.0
2026-09-23 11:05:34,total_reads,1358.0
2026-09-23 11:05:34,total_writes,3380.0
2026-09-23 11:05:34,venta_locks,0.0
2026-09-23 11:05:34,detalle_venta_locks,0.0
2026-09-23 11:05:34,inventario_locks,0.0
2026-09-23 11:05:34,kardex_locks,0.0
2026-09-23 11:05:34,caja_locks,0.0
2026-09-23 11:05:34,movimiento_caja_locks,0.0
2026-09-23 11:05:34,auditoria_locks,0.0
2026-09-23 11:05:34,api_status,0.0
2026-09-23 11:05:34,api_latency_ms,4047.0
2026-09-23 11:05:34,products_count,0.0
2026-09-23 11:05:34,sales_count,0.0
2026-09-23 11:05:40,cpu_usr,9.9
2026-09-23 11:05:40,cpu_sys,33.2
2026-09-23 11:05:40,cpu_idl,55.0
2026-09-23 11:05:40,cpu_wai,0.0
2026-09-23 11:05:40,cpu_stl,0.0
2026-09-23 11:05:40,memory_percent,88.1
2026-09-23 11:05:40,memory_used_mb,14228.0
2026-09-23 11:05:40,memory_available_mb,1919.0
2026-09-23 11:05:40,disk_read_per_sec,36873.0
2026-09-23 11:05:40,disk_write_per_sec,1764810.0
2026-09-23 11:05:40,net_send_per_sec,6721.0
2026-09-23 11:05:40,net_recv_per_sec,637760.0
2026-09-23 11:05:40,load1,0.59
2026-09-23 11:05:40,load5,0.21
2026-09-23 11:05:40,load15,0.08
2026-09-23 11:05:40,active_sessions,22.0
2026-09-23 11:05:40,active_requests,17.0
2026-09-23 11:05:40,long_queries,14.0
2026-09-23 11:05:40,long_transactions,14.0
2026-09-23 11:05:40,idle_sessions,19.0
2026-09-23 11:05:40,lock_waits,0.0
2026-09-23 11:05:40,total_locks,14.0
2026-09-23 11:05:40,deadlocks_per_sec,0.0
2026-09-23 11:05:40,page_life_expectancy,409.0
2026-09-23 11:05:40,buffer_cache_hit_ratio,100.0
2026-09-23 11:05:40,transactions_per_sec,217.01
2026-09-23 11:05:40,page_reads_per_sec,0.0
2026-09-23 11:05:40,page_writes_per_sec,0.0
2026-09-23 11:05:40,rollbacks_per_sec,0.0
2026-09-23 11:05:40,batch_requests_per_sec,0.0
2026-09-23 11:05:40,sql_compilations_per_sec,0.0
2026-09-23 11:05:40,database_size_mb,0.0
2026-09-23 11:05:40,total_reads,1358.0
2026-09-23 11:05:40,total_writes,3457.0
2026-09-23 11:05:40,venta_locks,0.0
2026-09-23 11:05:40,detalle_venta_locks,0.0
2026-09-23 11:05:40,inventario_locks,0.0
2026-09-23 11:05:40,kardex_locks,0.0
2026-09-23 11:05:40,caja_locks,0.0
2026-09-23 11:05:40,movimiento_caja_locks,0.0
2026-09-23 11:05:40,auditoria_locks,0.0
2026-09-23 11:05:40,api_status,0.0
2026-09-23 11:05:40,api_latency_ms,4091.0
2026-09-23 11:05:40,products_count,0.0
2026-09-23 11:05:40,sales_count,0.0
2026-09-23 11:05:45,cpu_usr,11.0
2026-09-23 11:05:45,cpu_sys,32.1
2026-09-23 11:05:45,cpu_idl,54.3
2026-09-23 11:05:45,cpu_wai,0.0
2026-09-23 11:05:45,cpu_stl,0.0
2026-09-23 11:05:45,memory_percent,88.1
2026-09-23 11:05:45,memory_used_mb,14229.0
2026-09-23 11:05:45,memory_available_mb,1918.0
2026-09-23 11:05:45,disk_read_per_sec,345372.0
2026-09-23 11:05:45,disk_write_per_sec,4738569.0
2026-09-23 11:05:45,net_send_per_sec,10390.0
2026-09-23 11:05:45,net_recv_per_sec,677380.0
2026-09-23 11:05:45,load1,0.55
2026-09-23 11:05:45,load5,0.21
2026-09-23 11:05:45,load15,0.08
2026-09-23 11:05:45,active_sessions,22.0
2026-09-23 11:05:45,active_requests,16.0
2026-09-23 11:05:45,long_queries,14.0
2026-09-23 11:05:45,long_transactions,14.0
2026-09-23 11:05:45,idle_sessions,19.0
2026-09-23 11:05:45,lock_waits,0.0
2026-09-23 11:05:45,total_locks,14.0
2026-09-23 11:05:45,deadlocks_per_sec,0.0
2026-09-23 11:05:45,page_life_expectancy,415.0
2026-09-23 11:05:45,buffer_cache_hit_ratio,100.0
2026-09-23 11:05:45,transactions_per_sec,222.55
2026-09-23 11:05:45,page_reads_per_sec,0.0
2026-09-23 11:05:45,page_writes_per_sec,0.0
2026-09-23 11:05:45,rollbacks_per_sec,0.0
2026-09-23 11:05:45,batch_requests_per_sec,0.0
2026-09-23 11:05:45,sql_compilations_per_sec,0.0
2026-09-23 11:05:45,database_size_mb,0.0
2026-09-23 11:05:45,total_reads,1358.0
2026-09-23 11:05:45,total_writes,3554.0
2026-09-23 11:05:45,venta_locks,0.0
2026-09-23 11:05:45,detalle_venta_locks,0.0
2026-09-23 11:05:45,inventario_locks,0.0
2026-09-23 11:05:45,kardex_locks,0.0
2026-09-23 11:05:45,caja_locks,0.0
2026-09-23 11:05:45,movimiento_caja_locks,0.0
2026-09-23 11:05:45,auditoria_locks,0.0
2026-09-23 11:05:45,api_status,0.0
2026-09-23 11:05:45,api_latency_ms,4091.0
2026-09-23 11:05:45,products_count,0.0
2026-09-23 11:05:45,sales_count,0.0
2026-09-23 11:05:50,cpu_usr,9.3
2026-09-23 11:05:50,cpu_sys,32.4
2026-09-23 11:05:50,cpu_idl,56.2
2026-09-23 11:05:50,cpu_wai,0.0
2026-09-23 11:05:50,cpu_stl,0.0
2026-09-23 11:05:50,memory_percent,88.1
2026-09-23 11:05:50,memory_used_mb,14230.0
2026-09-23 11:05:50,memory_available_mb,1917.0
2026-09-23 11:05:50,disk_read_per_sec,2909619.0
2026-09-23 11:05:50,disk_write_per_sec,922393.0
2026-09-23 11:05:50,net_send_per_sec,9708.0
2026-09-23 11:05:50,net_recv_per_sec,544521.0
2026-09-23 11:05:50,load1,0.5
2026-09-23 11:05:50,load5,0.21
2026-09-23 11:05:50,load15,0.08
2026-09-23 11:05:50,active_sessions,23.0
2026-09-23 11:05:50,active_requests,17.0
2026-09-23 11:05:50,long_queries,14.0
2026-09-23 11:05:50,long_transactions,14.0
2026-09-23 11:05:50,idle_sessions,20.0
2026-09-23 11:05:50,lock_waits,0.0
2026-09-23 11:05:50,total_locks,14.0
2026-09-23 11:05:50,deadlocks_per_sec,0.0
2026-09-23 11:05:50,page_life_expectancy,420.0
2026-09-23 11:05:50,buffer_cache_hit_ratio,100.0
2026-09-23 11:05:50,transactions_per_sec,221.61
2026-09-23 11:05:50,page_reads_per_sec,0.0
2026-09-23 11:05:50,page_writes_per_sec,0.0
2026-09-23 11:05:50,rollbacks_per_sec,0.0
2026-09-23 11:05:50,batch_requests_per_sec,0.0
2026-09-23 11:05:50,sql_compilations_per_sec,0.0
2026-09-23 11:05:50,database_size_mb,0.0
2026-09-23 11:05:50,total_reads,1358.0
2026-09-23 11:05:50,total_writes,3639.0
2026-09-23 11:05:50,venta_locks,0.0
2026-09-23 11:05:50,detalle_venta_locks,0.0
2026-09-23 11:05:50,inventario_locks,0.0
2026-09-23 11:05:50,kardex_locks,0.0
2026-09-23 11:05:50,caja_locks,0.0
2026-09-23 11:05:50,movimiento_caja_locks,0.0
2026-09-23 11:05:50,auditoria_locks,0.0
2026-09-23 11:05:50,api_status,0.0
2026-09-23 11:05:50,api_latency_ms,4091.0
2026-09-23 11:05:50,products_count,0.0
2026-09-23 11:05:50,sales_count,0.0
2026-09-23 11:05:55,cpu_usr,11.0
2026-09-23 11:05:55,cpu_sys,33.5
2026-09-23 11:05:55,cpu_idl,52.5
2026-09-23 11:05:55,cpu_wai,0.0
2026-09-23 11:05:55,cpu_stl,0.0
2026-09-23 11:05:55,memory_percent,88.1
2026-09-23 11:05:55,memory_used_mb,14224.0
2026-09-23 11:05:55,memory_available_mb,1924.0
2026-09-23 11:05:55,disk_read_per_sec,63446.0
2026-09-23 11:05:55,disk_write_per_sec,856182.0
2026-09-23 11:05:55,net_send_per_sec,8004.0
2026-09-23 11:05:55,net_recv_per_sec,378466.0
2026-09-23 11:05:55,load1,0.46
2026-09-23 11:05:55,load5,0.2
2026-09-23 11:05:55,load15,0.08
2026-09-23 11:05:55,active_sessions,21.0
2026-09-23 11:05:55,active_requests,17.0
2026-09-23 11:05:55,long_queries,14.0
2026-09-23 11:05:55,long_transactions,14.0
2026-09-23 11:05:55,idle_sessions,18.0
2026-09-23 11:05:55,lock_waits,0.0
2026-09-23 11:05:55,total_locks,20.0
2026-09-23 11:05:55,deadlocks_per_sec,0.0
2026-09-23 11:05:55,page_life_expectancy,425.0
2026-09-23 11:05:55,buffer_cache_hit_ratio,100.0
2026-09-23 11:05:55,transactions_per_sec,200.29
2026-09-23 11:05:55,page_reads_per_sec,0.0
2026-09-23 11:05:55,page_writes_per_sec,0.0
2026-09-23 11:05:55,rollbacks_per_sec,0.0
2026-09-23 11:05:55,batch_requests_per_sec,0.0
2026-09-23 11:05:55,sql_compilations_per_sec,0.0
2026-09-23 11:05:55,database_size_mb,0.0
2026-09-23 11:05:55,total_reads,1358.0
2026-09-23 11:05:55,total_writes,3728.0
2026-09-23 11:05:55,venta_locks,0.0
2026-09-23 11:05:55,detalle_venta_locks,0.0
2026-09-23 11:05:55,inventario_locks,0.0
2026-09-23 11:05:55,kardex_locks,0.0
2026-09-23 11:05:55,caja_locks,0.0
2026-09-23 11:05:55,movimiento_caja_locks,0.0
2026-09-23 11:05:55,auditoria_locks,0.0
2026-09-23 11:05:55,api_status,0.0
2026-09-23 11:05:55,api_latency_ms,4079.0
2026-09-23 11:05:55,products_count,0.0
2026-09-23 11:05:55,sales_count,0.0
2026-09-23 11:06:01,cpu_usr,14.2
2026-09-23 11:06:01,cpu_sys,36.7
2026-09-23 11:06:01,cpu_idl,46.7
2026-09-23 11:06:01,cpu_wai,0.0
2026-09-23 11:06:01,cpu_stl,0.0
2026-09-23 11:06:01,memory_percent,89.1
2026-09-23 11:06:01,memory_used_mb,14395.0
2026-09-23 11:06:01,memory_available_mb,1752.0
2026-09-23 11:06:01,disk_read_per_sec,3204751.0
2026-09-23 11:06:01,disk_write_per_sec,698239.0
2026-09-23 11:06:01,net_send_per_sec,12130.0
2026-09-23 11:06:01,net_recv_per_sec,336711.0
2026-09-23 11:06:01,load1,0.51
2026-09-23 11:06:01,load5,0.22
2026-09-23 11:06:01,load15,0.08
2026-09-23 11:06:01,active_sessions,20.0
2026-09-23 11:06:01,active_requests,17.0
2026-09-23 11:06:01,long_queries,14.0
2026-09-23 11:06:01,long_transactions,14.0
2026-09-23 11:06:01,idle_sessions,17.0
2026-09-23 11:06:01,lock_waits,0.0
2026-09-23 11:06:01,total_locks,19.0
2026-09-23 11:06:01,deadlocks_per_sec,0.0
2026-09-23 11:06:01,page_life_expectancy,430.0
2026-09-23 11:06:01,buffer_cache_hit_ratio,100.0
2026-09-23 11:06:01,transactions_per_sec,236.17
2026-09-23 11:06:01,page_reads_per_sec,0.0
2026-09-23 11:06:01,page_writes_per_sec,0.0
2026-09-23 11:06:01,rollbacks_per_sec,0.0
2026-09-23 11:06:01,batch_requests_per_sec,0.0
2026-09-23 11:06:01,sql_compilations_per_sec,0.0
2026-09-23 11:06:01,database_size_mb,0.0
2026-09-23 11:06:01,total_reads,1358.0
2026-09-23 11:06:01,total_writes,3825.0
2026-09-23 11:06:01,venta_locks,0.0
2026-09-23 11:06:01,detalle_venta_locks,0.0
2026-09-23 11:06:01,inventario_locks,0.0
2026-09-23 11:06:01,kardex_locks,0.0
2026-09-23 11:06:01,caja_locks,0.0
2026-09-23 11:06:01,movimiento_caja_locks,0.0
2026-09-23 11:06:01,auditoria_locks,0.0
2026-09-23 11:06:01,api_status,0.0
2026-09-23 11:06:01,api_latency_ms,4079.0
2026-09-23 11:06:01,products_count,0.0
2026-09-23 11:06:01,sales_count,0.0
2026-09-23 11:06:06,cpu_usr,13.7
2026-09-23 11:06:06,cpu_sys,37.2
2026-09-23 11:06:06,cpu_idl,47.1
2026-09-23 11:06:06,cpu_wai,0.0
2026-09-23 11:06:06,cpu_stl,0.0
2026-09-23 11:06:06,memory_percent,89.1
2026-09-23 11:06:06,memory_used_mb,14379.0
2026-09-23 11:06:06,memory_available_mb,1768.0
2026-09-23 11:06:06,disk_read_per_sec,861424.0
2026-09-23 11:06:06,disk_write_per_sec,1022824.0
2026-09-23 11:06:06,net_send_per_sec,7350.0
2026-09-23 11:06:06,net_recv_per_sec,7148.0
2026-09-23 11:06:06,load1,0.47
2026-09-23 11:06:06,load5,0.21
2026-09-23 11:06:06,load15,0.08
2026-09-23 11:06:06,active_sessions,20.0
2026-09-23 11:06:06,active_requests,16.0
2026-09-23 11:06:06,long_queries,14.0
2026-09-23 11:06:06,long_transactions,14.0
2026-09-23 11:06:06,idle_sessions,18.0
2026-09-23 11:06:06,lock_waits,0.0
2026-09-23 11:06:06,total_locks,15.0
2026-09-23 11:06:06,deadlocks_per_sec,0.0
2026-09-23 11:06:06,page_life_expectancy,435.0
2026-09-23 11:06:06,buffer_cache_hit_ratio,100.0
2026-09-23 11:06:06,transactions_per_sec,225.72
2026-09-23 11:06:06,page_reads_per_sec,0.0
2026-09-23 11:06:06,page_writes_per_sec,0.0
2026-09-23 11:06:06,rollbacks_per_sec,0.0
2026-09-23 11:06:06,batch_requests_per_sec,0.0
2026-09-23 11:06:06,sql_compilations_per_sec,0.0
2026-09-23 11:06:06,database_size_mb,0.0
2026-09-23 11:06:06,total_reads,1358.0
2026-09-23 11:06:06,total_writes,3919.0
2026-09-23 11:06:06,venta_locks,0.0
2026-09-23 11:06:06,detalle_venta_locks,0.0
2026-09-23 11:06:06,inventario_locks,0.0
2026-09-23 11:06:06,kardex_locks,0.0
2026-09-23 11:06:06,caja_locks,0.0
2026-09-23 11:06:06,movimiento_caja_locks,0.0
2026-09-23 11:06:06,auditoria_locks,0.0
2026-09-23 11:06:06,api_status,0.0
2026-09-23 11:06:06,api_latency_ms,4063.0
2026-09-23 11:06:06,products_count,0.0
2026-09-23 11:06:06,sales_count,0.0
2026-09-23 11:06:11,cpu_usr,11.3
2026-09-23 11:06:11,cpu_sys,30.6
2026-09-23 11:06:11,cpu_idl,55.7
2026-09-23 11:06:11,cpu_wai,0.0
2026-09-23 11:06:11,cpu_stl,0.0
2026-09-23 11:06:11,memory_percent,88.4
2026-09-23 11:06:11,memory_used_mb,14274.0
2026-09-23 11:06:11,memory_available_mb,1874.0
2026-09-23 11:06:11,disk_read_per_sec,180153.0
2026-09-23 11:06:11,disk_write_per_sec,1058902.0
2026-09-23 11:06:11,net_send_per_sec,5290.0
2026-09-23 11:06:11,net_recv_per_sec,4854.0
2026-09-23 11:06:11,load1,0.43
2026-09-23 11:06:11,load5,0.21
2026-09-23 11:06:11,load15,0.08
2026-09-23 11:06:11,active_sessions,21.0
2026-09-23 11:06:11,active_requests,16.0
2026-09-23 11:06:11,long_queries,14.0
2026-09-23 11:06:11,long_transactions,14.0
2026-09-23 11:06:11,idle_sessions,18.0
2026-09-23 11:06:11,lock_waits,0.0
2026-09-23 11:06:11,total_locks,19.0
2026-09-23 11:06:11,deadlocks_per_sec,0.0
2026-09-23 11:06:11,page_life_expectancy,440.0
2026-09-23 11:06:11,buffer_cache_hit_ratio,100.0
2026-09-23 11:06:11,transactions_per_sec,202.63
2026-09-23 11:06:11,page_reads_per_sec,0.0
2026-09-23 11:06:11,page_writes_per_sec,0.0
2026-09-23 11:06:11,rollbacks_per_sec,0.0
2026-09-23 11:06:11,batch_requests_per_sec,0.0
2026-09-23 11:06:11,sql_compilations_per_sec,0.0
2026-09-23 11:06:11,database_size_mb,0.0
2026-09-23 11:06:11,total_reads,1358.0
2026-09-23 11:06:11,total_writes,3992.0
2026-09-23 11:06:11,venta_locks,0.0
2026-09-23 11:06:11,detalle_venta_locks,0.0
2026-09-23 11:06:11,inventario_locks,0.0
2026-09-23 11:06:11,kardex_locks,0.0
2026-09-23 11:06:11,caja_locks,0.0
2026-09-23 11:06:11,movimiento_caja_locks,0.0
2026-09-23 11:06:11,auditoria_locks,0.0
2026-09-23 11:06:11,api_status,0.0
2026-09-23 11:06:11,api_latency_ms,4063.0
2026-09-23 11:06:11,products_count,0.0
2026-09-23 11:06:11,sales_count,0.0
2026-09-23 11:06:16,cpu_usr,11.2
2026-09-23 11:06:16,cpu_sys,32.5
2026-09-23 11:06:16,cpu_idl,53.8
2026-09-23 11:06:16,cpu_wai,0.0
2026-09-23 11:06:16,cpu_stl,0.0
2026-09-23 11:06:16,memory_percent,88.3
2026-09-23 11:06:16,memory_used_mb,14251.0
2026-09-23 11:06:16,memory_available_mb,1896.0
2026-09-23 11:06:16,disk_read_per_sec,210411.0
2026-09-23 11:06:16,disk_write_per_sec,833964.0
2026-09-23 11:06:16,net_send_per_sec,4768.0
2026-09-23 11:06:16,net_recv_per_sec,4447.0
2026-09-23 11:06:16,load1,0.39
2026-09-23 11:06:16,load5,0.21
2026-09-23 11:06:16,load15,0.08
2026-09-23 11:06:16,active_sessions,20.0
2026-09-23 11:06:16,active_requests,17.0
2026-09-23 11:06:16,long_queries,14.0
2026-09-23 11:06:16,long_transactions,14.0
2026-09-23 11:06:16,idle_sessions,19.0
2026-09-23 11:06:16,lock_waits,0.0
2026-09-23 11:06:16,total_locks,7.0
2026-09-23 11:06:16,deadlocks_per_sec,0.0
2026-09-23 11:06:16,page_life_expectancy,446.0
2026-09-23 11:06:16,buffer_cache_hit_ratio,100.0
2026-09-23 11:06:16,transactions_per_sec,210.19
2026-09-23 11:06:16,page_reads_per_sec,0.0
2026-09-23 11:06:16,page_writes_per_sec,0.0
2026-09-23 11:06:16,rollbacks_per_sec,0.0
2026-09-23 11:06:16,batch_requests_per_sec,0.0
2026-09-23 11:06:16,sql_compilations_per_sec,0.0
2026-09-23 11:06:16,database_size_mb,0.0
2026-09-23 11:06:16,total_reads,1358.0
2026-09-23 11:06:16,total_writes,4078.0
2026-09-23 11:06:16,venta_locks,0.0
2026-09-23 11:06:16,detalle_venta_locks,0.0
2026-09-23 11:06:16,inventario_locks,0.0
2026-09-23 11:06:16,kardex_locks,0.0
2026-09-23 11:06:16,caja_locks,0.0
2026-09-23 11:06:16,movimiento_caja_locks,0.0
2026-09-23 11:06:16,auditoria_locks,0.0
2026-09-23 11:06:16,api_status,0.0
2026-09-23 11:06:16,api_latency_ms,4063.0
2026-09-23 11:06:16,products_count,0.0
2026-09-23 11:06:16,sales_count,0.0
2026-09-23 11:06:21,cpu_usr,11.8
2026-09-23 11:06:21,cpu_sys,33.2
2026-09-23 11:06:21,cpu_idl,53.0
2026-09-23 11:06:21,cpu_wai,0.0
2026-09-23 11:06:21,cpu_stl,0.0
2026-09-23 11:06:21,memory_percent,88.2
2026-09-23 11:06:21,memory_used_mb,14244.0
2026-09-23 11:06:21,memory_available_mb,1903.0
2026-09-23 11:06:21,disk_read_per_sec,13463.0
2026-09-23 11:06:21,disk_write_per_sec,891636.0
2026-09-23 11:06:21,net_send_per_sec,8954.0
2026-09-23 11:06:21,net_recv_per_sec,590966.0
2026-09-23 11:06:21,load1,0.36
2026-09-23 11:06:21,load5,0.2
2026-09-23 11:06:21,load15,0.08
2026-09-23 11:06:21,active_sessions,20.0
2026-09-23 11:06:21,active_requests,16.0
2026-09-23 11:06:21,long_queries,14.0
2026-09-23 11:06:21,long_transactions,14.0
2026-09-23 11:06:21,idle_sessions,17.0
2026-09-23 11:06:21,lock_waits,0.0
2026-09-23 11:06:21,total_locks,19.0
2026-09-23 11:06:21,deadlocks_per_sec,0.0
2026-09-23 11:06:21,page_life_expectancy,451.0
2026-09-23 11:06:21,buffer_cache_hit_ratio,100.0
2026-09-23 11:06:21,transactions_per_sec,212.67
2026-09-23 11:06:21,page_reads_per_sec,0.0
2026-09-23 11:06:21,page_writes_per_sec,0.0
2026-09-23 11:06:21,rollbacks_per_sec,0.0
2026-09-23 11:06:21,batch_requests_per_sec,0.0
2026-09-23 11:06:21,sql_compilations_per_sec,0.0
2026-09-23 11:06:21,database_size_mb,0.0
2026-09-23 11:06:21,total_reads,1358.0
2026-09-23 11:06:21,total_writes,4162.0
2026-09-23 11:06:21,venta_locks,0.0
2026-09-23 11:06:21,detalle_venta_locks,0.0
2026-09-23 11:06:21,inventario_locks,0.0
2026-09-23 11:06:21,kardex_locks,0.0
2026-09-23 11:06:21,caja_locks,0.0
2026-09-23 11:06:21,movimiento_caja_locks,0.0
2026-09-23 11:06:21,auditoria_locks,0.0
2026-09-23 11:06:21,api_status,0.0
2026-09-23 11:06:21,api_latency_ms,4048.0
2026-09-23 11:06:21,products_count,0.0
2026-09-23 11:06:21,sales_count,0.0
2026-09-23 11:06:27,cpu_usr,9.6
2026-09-23 11:06:27,cpu_sys,33.2
2026-09-23 11:06:27,cpu_idl,54.9
2026-09-23 11:06:27,cpu_wai,0.0
2026-09-23 11:06:27,cpu_stl,0.0
2026-09-23 11:06:27,memory_percent,88.4
2026-09-23 11:06:27,memory_used_mb,14277.0
2026-09-23 11:06:27,memory_available_mb,1870.0
2026-09-23 11:06:27,disk_read_per_sec,623967.0
2026-09-23 11:06:27,disk_write_per_sec,728666.0
2026-09-23 11:06:27,net_send_per_sec,6307.0
2026-09-23 11:06:27,net_recv_per_sec,72806.0
2026-09-23 11:06:27,load1,0.33
2026-09-23 11:06:27,load5,0.2
2026-09-23 11:06:27,load15,0.08
2026-09-23 11:06:27,active_sessions,20.0
2026-09-23 11:06:27,active_requests,16.0
2026-09-23 11:06:27,long_queries,14.0
2026-09-23 11:06:27,long_transactions,14.0
2026-09-23 11:06:27,idle_sessions,18.0
2026-09-23 11:06:27,lock_waits,0.0
2026-09-23 11:06:27,total_locks,7.0
2026-09-23 11:06:27,deadlocks_per_sec,0.0
2026-09-23 11:06:27,page_life_expectancy,456.0
2026-09-23 11:06:27,buffer_cache_hit_ratio,100.0
2026-09-23 11:06:27,transactions_per_sec,188.57
2026-09-23 11:06:27,page_reads_per_sec,0.0
2026-09-23 11:06:27,page_writes_per_sec,0.0
2026-09-23 11:06:27,rollbacks_per_sec,0.0
2026-09-23 11:06:27,batch_requests_per_sec,0.0
2026-09-23 11:06:27,sql_compilations_per_sec,0.0
2026-09-23 11:06:27,database_size_mb,0.0
2026-09-23 11:06:27,total_reads,1358.0
2026-09-23 11:06:27,total_writes,4245.0
2026-09-23 11:06:27,venta_locks,0.0
2026-09-23 11:06:27,detalle_venta_locks,0.0
2026-09-23 11:06:27,inventario_locks,0.0
2026-09-23 11:06:27,kardex_locks,0.0
2026-09-23 11:06:27,caja_locks,0.0
2026-09-23 11:06:27,movimiento_caja_locks,0.0
2026-09-23 11:06:27,auditoria_locks,0.0
2026-09-23 11:06:27,api_status,0.0
2026-09-23 11:06:27,api_latency_ms,4048.0
2026-09-23 11:06:27,products_count,0.0
2026-09-23 11:06:27,sales_count,0.0
2026-09-23 11:06:32,cpu_usr,13.4
2026-09-23 11:06:32,cpu_sys,32.8
2026-09-23 11:06:32,cpu_idl,52.0
2026-09-23 11:06:32,cpu_wai,0.0
2026-09-23 11:06:32,cpu_stl,0.0
2026-09-23 11:06:32,memory_percent,88.3
2026-09-23 11:06:32,memory_used_mb,14259.0
2026-09-23 11:06:32,memory_available_mb,1889.0
2026-09-23 11:06:32,disk_read_per_sec,58739.0
2026-09-23 11:06:32,disk_write_per_sec,939825.0
2026-09-23 11:06:32,net_send_per_sec,11906.0
2026-09-23 11:06:32,net_recv_per_sec,901182.0
2026-09-23 11:06:32,load1,0.31
2026-09-23 11:06:32,load5,0.2
2026-09-23 11:06:32,load15,0.08
2026-09-23 11:06:32,active_sessions,20.0
2026-09-23 11:06:32,active_requests,15.0
2026-09-23 11:06:32,long_queries,14.0
2026-09-23 11:06:32,long_transactions,14.0
2026-09-23 11:06:32,idle_sessions,18.0
2026-09-23 11:06:32,lock_waits,0.0
2026-09-23 11:06:32,total_locks,12.0
2026-09-23 11:06:32,deadlocks_per_sec,0.0
2026-09-23 11:06:32,page_life_expectancy,461.0
2026-09-23 11:06:32,buffer_cache_hit_ratio,100.0
2026-09-23 11:06:32,transactions_per_sec,230.98
2026-09-23 11:06:32,page_reads_per_sec,0.0
2026-09-23 11:06:32,page_writes_per_sec,0.0
2026-09-23 11:06:32,rollbacks_per_sec,0.0
2026-09-23 11:06:32,batch_requests_per_sec,0.0
2026-09-23 11:06:32,sql_compilations_per_sec,0.0
2026-09-23 11:06:32,database_size_mb,0.0
2026-09-23 11:06:32,total_reads,1358.0
2026-09-23 11:06:32,total_writes,4341.0
2026-09-23 11:06:32,venta_locks,0.0
2026-09-23 11:06:32,detalle_venta_locks,0.0
2026-09-23 11:06:32,inventario_locks,0.0
2026-09-23 11:06:32,kardex_locks,0.0
2026-09-23 11:06:32,caja_locks,0.0
2026-09-23 11:06:32,movimiento_caja_locks,0.0
2026-09-23 11:06:32,auditoria_locks,0.0
2026-09-23 11:06:32,api_status,0.0
2026-09-23 11:06:32,api_latency_ms,4076.0
2026-09-23 11:06:32,products_count,0.0
2026-09-23 11:06:32,sales_count,0.0
2026-09-23 11:06:37,cpu_usr,10.0
2026-09-23 11:06:37,cpu_sys,29.2
2026-09-23 11:06:37,cpu_idl,59.1
2026-09-23 11:06:37,cpu_wai,0.0
2026-09-23 11:06:37,cpu_stl,0.0
2026-09-23 11:06:37,memory_percent,88.1
2026-09-23 11:06:37,memory_used_mb,14220.0
2026-09-23 11:06:37,memory_available_mb,1927.0
2026-09-23 11:06:37,disk_read_per_sec,885.0
2026-09-23 11:06:37,disk_write_per_sec,550085.0
2026-09-23 11:06:37,net_send_per_sec,7669.0
2026-09-23 11:06:37,net_recv_per_sec,419991.0
2026-09-23 11:06:37,load1,0.28
2026-09-23 11:06:37,load5,0.19
2026-09-23 11:06:37,load15,0.08
2026-09-23 11:06:37,active_sessions,20.0
2026-09-23 11:06:37,active_requests,16.0
2026-09-23 11:06:37,long_queries,14.0
2026-09-23 11:06:37,long_transactions,14.0
2026-09-23 11:06:37,idle_sessions,17.0
2026-09-23 11:06:37,lock_waits,0.0
2026-09-23 11:06:37,total_locks,12.0
2026-09-23 11:06:37,deadlocks_per_sec,0.0
2026-09-23 11:06:37,page_life_expectancy,466.0
2026-09-23 11:06:37,buffer_cache_hit_ratio,100.0
2026-09-23 11:06:37,transactions_per_sec,209.84
2026-09-23 11:06:37,page_reads_per_sec,0.0
2026-09-23 11:06:37,page_writes_per_sec,0.0
2026-09-23 11:06:37,rollbacks_per_sec,0.0
2026-09-23 11:06:37,batch_requests_per_sec,0.0
2026-09-23 11:06:37,sql_compilations_per_sec,0.0
2026-09-23 11:06:37,database_size_mb,0.0
2026-09-23 11:06:37,total_reads,1358.0
2026-09-23 11:06:37,total_writes,4430.0
2026-09-23 11:06:37,venta_locks,0.0
2026-09-23 11:06:37,detalle_venta_locks,0.0
2026-09-23 11:06:37,inventario_locks,0.0
2026-09-23 11:06:37,kardex_locks,0.0
2026-09-23 11:06:37,caja_locks,0.0
2026-09-23 11:06:37,movimiento_caja_locks,0.0
2026-09-23 11:06:37,auditoria_locks,0.0
2026-09-23 11:06:37,max_server_memory,4096.0
2026-09-23 11:06:37,user_connections_setting,0.0
2026-09-23 11:06:37,cost_threshold,5.0
2026-09-23 11:06:37,api_status,0.0
2026-09-23 11:06:37,api_latency_ms,4076.0
2026-09-23 11:06:37,products_count,0.0
2026-09-23 11:06:37,sales_count,0.0
2026-09-23 11:06:42,cpu_usr,10.6
2026-09-23 11:06:42,cpu_sys,33.0
2026-09-23 11:06:42,cpu_idl,55.0
2026-09-23 11:06:42,cpu_wai,0.0
2026-09-23 11:06:42,cpu_stl,0.0
2026-09-23 11:06:42,memory_percent,88.0
2026-09-23 11:06:42,memory_used_mb,14211.0
2026-09-23 11:06:42,memory_available_mb,1936.0
2026-09-23 11:06:42,disk_read_per_sec,185615.0
2026-09-23 11:06:42,disk_write_per_sec,5226541.0
2026-09-23 11:06:42,net_send_per_sec,11528.0
2026-09-23 11:06:42,net_recv_per_sec,671118.0
2026-09-23 11:06:42,load1,0.26
2026-09-23 11:06:42,load5,0.19
2026-09-23 11:06:42,load15,0.08
2026-09-23 11:06:42,active_sessions,20.0
2026-09-23 11:06:42,active_requests,17.0
2026-09-23 11:06:42,long_queries,14.0
2026-09-23 11:06:42,long_transactions,14.0
2026-09-23 11:06:42,idle_sessions,18.0
2026-09-23 11:06:42,lock_waits,0.0
2026-09-23 11:06:42,total_locks,12.0
2026-09-23 11:06:42,deadlocks_per_sec,0.0
2026-09-23 11:06:42,page_life_expectancy,471.0
2026-09-23 11:06:42,buffer_cache_hit_ratio,100.0
2026-09-23 11:06:42,transactions_per_sec,212.95
2026-09-23 11:06:42,page_reads_per_sec,0.0
2026-09-23 11:06:42,page_writes_per_sec,0.0
2026-09-23 11:06:42,rollbacks_per_sec,0.0
2026-09-23 11:06:42,batch_requests_per_sec,0.0
2026-09-23 11:06:42,sql_compilations_per_sec,0.0
2026-09-23 11:06:42,database_size_mb,0.0
2026-09-23 11:06:42,total_reads,1358.0
2026-09-23 11:06:42,total_writes,4514.0
2026-09-23 11:06:42,venta_locks,0.0
2026-09-23 11:06:42,detalle_venta_locks,0.0
2026-09-23 11:06:42,inventario_locks,0.0
2026-09-23 11:06:42,kardex_locks,0.0
2026-09-23 11:06:42,caja_locks,0.0
2026-09-23 11:06:42,movimiento_caja_locks,0.0
2026-09-23 11:06:42,auditoria_locks,0.0
2026-09-23 11:06:42,api_status,0.0
2026-09-23 11:06:42,api_latency_ms,4076.0
2026-09-23 11:06:42,products_count,0.0
2026-09-23 11:06:42,sales_count,0.0
2026-09-23 11:06:47,cpu_usr,9.8
2026-09-23 11:06:47,cpu_sys,29.5
2026-09-23 11:06:47,cpu_idl,58.7
2026-09-23 11:06:47,cpu_wai,0.0
2026-09-23 11:06:47,cpu_stl,0.0
2026-09-23 11:06:47,memory_percent,88.0
2026-09-23 11:06:47,memory_used_mb,14206.0
2026-09-23 11:06:47,memory_available_mb,1942.0
2026-09-23 11:06:47,disk_read_per_sec,881.0
2026-09-23 11:06:47,disk_write_per_sec,635840.0
2026-09-23 11:06:47,net_send_per_sec,10153.0
2026-09-23 11:06:47,net_recv_per_sec,340357.0
2026-09-23 11:06:47,load1,0.22
2026-09-23 11:06:47,load5,0.18
2026-09-23 11:06:47,load15,0.08
2026-09-23 11:06:47,active_sessions,20.0
2026-09-23 11:06:47,active_requests,18.0
2026-09-23 11:06:47,long_queries,14.0
2026-09-23 11:06:47,long_transactions,14.0
2026-09-23 11:06:47,idle_sessions,16.0
2026-09-23 11:06:47,lock_waits,0.0
2026-09-23 11:06:47,total_locks,19.0
2026-09-23 11:06:47,deadlocks_per_sec,0.0
2026-09-23 11:06:47,page_life_expectancy,477.0
2026-09-23 11:06:47,buffer_cache_hit_ratio,100.0
2026-09-23 11:06:47,transactions_per_sec,221.35
2026-09-23 11:06:47,page_reads_per_sec,0.0
2026-09-23 11:06:47,page_writes_per_sec,0.0
2026-09-23 11:06:47,rollbacks_per_sec,0.0
2026-09-23 11:06:47,batch_requests_per_sec,0.0
2026-09-23 11:06:47,sql_compilations_per_sec,0.0
2026-09-23 11:06:47,database_size_mb,0.0
2026-09-23 11:06:47,total_reads,1358.0
2026-09-23 11:06:47,total_writes,4604.0
2026-09-23 11:06:47,venta_locks,0.0
2026-09-23 11:06:47,detalle_venta_locks,0.0
2026-09-23 11:06:47,inventario_locks,0.0
2026-09-23 11:06:47,kardex_locks,0.0
2026-09-23 11:06:47,caja_locks,0.0
2026-09-23 11:06:47,movimiento_caja_locks,0.0
2026-09-23 11:06:47,auditoria_locks,0.0
2026-09-23 11:06:47,api_status,0.0
2026-09-23 11:06:47,api_latency_ms,4084.0
2026-09-23 11:06:47,products_count,0.0
2026-09-23 11:06:47,sales_count,0.0
2026-09-23 11:06:53,cpu_usr,11.6
2026-09-23 11:06:53,cpu_sys,30.4
2026-09-23 11:06:53,cpu_idl,55.9
2026-09-23 11:06:53,cpu_wai,0.0
2026-09-23 11:06:53,cpu_stl,0.0
2026-09-23 11:06:53,memory_percent,88.1
2026-09-23 11:06:53,memory_used_mb,14228.0
2026-09-23 11:06:53,memory_available_mb,1919.0
2026-09-23 11:06:53,disk_read_per_sec,272157.0
2026-09-23 11:06:53,disk_write_per_sec,671033.0
2026-09-23 11:06:53,net_send_per_sec,9133.0
2026-09-23 11:06:53,net_recv_per_sec,419909.0
2026-09-23 11:06:53,load1,0.2
2026-09-23 11:06:53,load5,0.18
2026-09-23 11:06:53,load15,0.08
2026-09-23 11:06:53,active_sessions,14.0
2026-09-23 11:06:53,active_requests,9.0
2026-09-23 11:06:53,long_queries,8.0
2026-09-23 11:06:53,long_transactions,8.0
2026-09-23 11:06:53,idle_sessions,12.0
2026-09-23 11:06:53,lock_waits,0.0
2026-09-23 11:06:53,total_locks,25.0
2026-09-23 11:06:53,deadlocks_per_sec,0.0
2026-09-23 11:06:53,page_life_expectancy,482.0
2026-09-23 11:06:53,buffer_cache_hit_ratio,100.0
2026-09-23 11:06:53,transactions_per_sec,206.15
2026-09-23 11:06:53,page_reads_per_sec,0.0
2026-09-23 11:06:53,page_writes_per_sec,0.0
2026-09-23 11:06:53,rollbacks_per_sec,0.0
2026-09-23 11:06:53,batch_requests_per_sec,0.0
2026-09-23 11:06:53,sql_compilations_per_sec,0.0
2026-09-23 11:06:53,database_size_mb,0.0
2026-09-23 11:06:53,total_reads,1358.0
2026-09-23 11:06:53,total_writes,4688.0
2026-09-23 11:06:53,venta_locks,0.0
2026-09-23 11:06:53,detalle_venta_locks,0.0
2026-09-23 11:06:53,inventario_locks,0.0
2026-09-23 11:06:53,kardex_locks,0.0
2026-09-23 11:06:53,caja_locks,0.0
2026-09-23 11:06:53,movimiento_caja_locks,0.0
2026-09-23 11:06:53,auditoria_locks,0.0
2026-09-23 11:06:53,api_status,0.0
2026-09-23 11:06:53,api_latency_ms,4084.0
2026-09-23 11:06:53,products_count,0.0
2026-09-23 11:06:53,sales_count,0.0
2026-09-23 11:06:58,cpu_usr,9.7
2026-09-23 11:06:58,cpu_sys,28.4
2026-09-23 11:06:58,cpu_idl,58.8
2026-09-23 11:06:58,cpu_wai,0.0
2026-09-23 11:06:58,cpu_stl,0.0
2026-09-23 11:06:58,memory_percent,88.0
2026-09-23 11:06:58,memory_used_mb,14215.0
2026-09-23 11:06:58,memory_available_mb,1932.0
2026-09-23 11:06:58,disk_read_per_sec,45926.0
2026-09-23 11:06:58,disk_write_per_sec,525191.0
2026-09-23 11:06:58,net_send_per_sec,4921.0
2026-09-23 11:06:58,net_recv_per_sec,5221.0
2026-09-23 11:06:58,load1,0.19
2026-09-23 11:06:58,load5,0.18
2026-09-23 11:06:58,load15,0.08
2026-09-23 11:06:58,active_sessions,14.0
2026-09-23 11:06:58,active_requests,10.0
2026-09-23 11:06:58,long_queries,8.0
2026-09-23 11:06:58,long_transactions,8.0
2026-09-23 11:06:58,idle_sessions,11.0
2026-09-23 11:06:58,lock_waits,0.0
2026-09-23 11:06:58,total_locks,19.0
2026-09-23 11:06:58,deadlocks_per_sec,0.0
2026-09-23 11:06:58,page_life_expectancy,487.0
2026-09-23 11:06:58,buffer_cache_hit_ratio,100.0
2026-09-23 11:06:58,transactions_per_sec,200.38
2026-09-23 11:06:58,page_reads_per_sec,0.0
2026-09-23 11:06:58,page_writes_per_sec,0.0
2026-09-23 11:06:58,rollbacks_per_sec,0.0
2026-09-23 11:06:58,batch_requests_per_sec,0.0
2026-09-23 11:06:58,sql_compilations_per_sec,0.0
2026-09-23 11:06:58,database_size_mb,0.0
2026-09-23 11:06:58,total_reads,1358.0
2026-09-23 11:06:58,total_writes,4770.0
2026-09-23 11:06:58,venta_locks,0.0
2026-09-23 11:06:58,detalle_venta_locks,0.0
2026-09-23 11:06:58,inventario_locks,0.0
2026-09-23 11:06:58,kardex_locks,0.0
2026-09-23 11:06:58,caja_locks,0.0
2026-09-23 11:06:58,movimiento_caja_locks,0.0
2026-09-23 11:06:58,auditoria_locks,0.0
2026-09-23 11:06:58,api_status,0.0
2026-09-23 11:06:58,api_latency_ms,4057.0
2026-09-23 11:06:58,products_count,0.0
2026-09-23 11:06:58,sales_count,0.0
2026-09-23 11:07:03,cpu_usr,13.2
2026-09-23 11:07:03,cpu_sys,34.3
2026-09-23 11:07:03,cpu_idl,50.1
2026-09-23 11:07:03,cpu_wai,0.0
2026-09-23 11:07:03,cpu_stl,0.0
2026-09-23 11:07:03,memory_percent,87.7
2026-09-23 11:07:03,memory_used_mb,14166.0
2026-09-23 11:07:03,memory_available_mb,1981.0
2026-09-23 11:07:03,disk_read_per_sec,13412.0
2026-09-23 11:07:03,disk_write_per_sec,519154.0
2026-09-23 11:07:03,net_send_per_sec,4215.0
2026-09-23 11:07:03,net_recv_per_sec,4073.0
2026-09-23 11:07:03,load1,0.25
2026-09-23 11:07:03,load5,0.19
2026-09-23 11:07:03,load15,0.08
2026-09-23 11:07:03,active_sessions,14.0
2026-09-23 11:07:03,active_requests,10.0
2026-09-23 11:07:03,long_queries,8.0
2026-09-23 11:07:03,long_transactions,8.0
2026-09-23 11:07:03,idle_sessions,11.0
2026-09-23 11:07:03,lock_waits,0.0
2026-09-23 11:07:03,total_locks,18.0
2026-09-23 11:07:03,deadlocks_per_sec,0.0
2026-09-23 11:07:03,page_life_expectancy,492.0
2026-09-23 11:07:03,buffer_cache_hit_ratio,100.0
2026-09-23 11:07:03,transactions_per_sec,243.98
2026-09-23 11:07:03,page_reads_per_sec,0.0
2026-09-23 11:07:03,page_writes_per_sec,0.0
2026-09-23 11:07:03,rollbacks_per_sec,0.0
2026-09-23 11:07:03,batch_requests_per_sec,0.0
2026-09-23 11:07:03,sql_compilations_per_sec,0.0
2026-09-23 11:07:03,database_size_mb,0.0
2026-09-23 11:07:03,total_reads,1358.0
2026-09-23 11:07:03,total_writes,4851.0
2026-09-23 11:07:03,venta_locks,0.0
2026-09-23 11:07:03,detalle_venta_locks,0.0
2026-09-23 11:07:03,inventario_locks,0.0
2026-09-23 11:07:03,kardex_locks,0.0
2026-09-23 11:07:03,caja_locks,0.0
2026-09-23 11:07:03,movimiento_caja_locks,0.0
2026-09-23 11:07:03,auditoria_locks,0.0
2026-09-23 11:07:03,api_status,0.0
2026-09-23 11:07:03,api_latency_ms,4057.0
2026-09-23 11:07:03,products_count,0.0
2026-09-23 11:07:03,sales_count,0.0
2026-09-23 11:07:08,cpu_usr,11.9
2026-09-23 11:07:08,cpu_sys,33.4
2026-09-23 11:07:08,cpu_idl,52.3
2026-09-23 11:07:08,cpu_wai,0.0
2026-09-23 11:07:08,cpu_stl,0.0
2026-09-23 11:07:08,memory_percent,87.8
2026-09-23 11:07:08,memory_used_mb,14177.0
2026-09-23 11:07:08,memory_available_mb,1971.0
2026-09-23 11:07:08,disk_read_per_sec,160829.0
2026-09-23 11:07:08,disk_write_per_sec,738159.0
2026-09-23 11:07:08,net_send_per_sec,4020.0
2026-09-23 11:07:08,net_recv_per_sec,4185.0
2026-09-23 11:07:08,load1,0.23
2026-09-23 11:07:08,load5,0.19
2026-09-23 11:07:08,load15,0.08
2026-09-23 11:07:08,active_sessions,14.0
2026-09-23 11:07:08,active_requests,11.0
2026-09-23 11:07:08,long_queries,8.0
2026-09-23 11:07:08,long_transactions,8.0
2026-09-23 11:07:08,idle_sessions,11.0
2026-09-23 11:07:08,lock_waits,0.0
2026-09-23 11:07:08,total_locks,13.0
2026-09-23 11:07:08,deadlocks_per_sec,0.0
2026-09-23 11:07:08,page_life_expectancy,497.0
2026-09-23 11:07:08,buffer_cache_hit_ratio,100.0
2026-09-23 11:07:08,transactions_per_sec,204.01
2026-09-23 11:07:08,page_reads_per_sec,0.0
2026-09-23 11:07:08,page_writes_per_sec,0.0
2026-09-23 11:07:08,rollbacks_per_sec,0.0
2026-09-23 11:07:08,batch_requests_per_sec,0.0
2026-09-23 11:07:08,sql_compilations_per_sec,0.0
2026-09-23 11:07:08,database_size_mb,0.0
2026-09-23 11:07:08,total_reads,1358.0
2026-09-23 11:07:08,total_writes,4931.0
2026-09-23 11:07:08,venta_locks,0.0
2026-09-23 11:07:08,detalle_venta_locks,0.0
2026-09-23 11:07:08,inventario_locks,0.0
2026-09-23 11:07:08,kardex_locks,0.0
2026-09-23 11:07:08,caja_locks,0.0
2026-09-23 11:07:08,movimiento_caja_locks,0.0
2026-09-23 11:07:08,auditoria_locks,0.0
2026-09-23 11:07:08,api_status,0.0
2026-09-23 11:07:08,api_latency_ms,4057.0
2026-09-23 11:07:08,products_count,0.0
2026-09-23 11:07:08,sales_count,0.0
2026-09-23 11:07:13,cpu_usr,10.6
2026-09-23 11:07:13,cpu_sys,31.4
2026-09-23 11:07:13,cpu_idl,55.5
2026-09-23 11:07:13,cpu_wai,0.0
2026-09-23 11:07:13,cpu_stl,0.0
2026-09-23 11:07:13,memory_percent,88.0
2026-09-23 11:07:13,memory_used_mb,14216.0
2026-09-23 11:07:13,memory_available_mb,1931.0
2026-09-23 11:07:13,disk_read_per_sec,16674.0
2026-09-23 11:07:13,disk_write_per_sec,477342.0
2026-09-23 11:07:13,net_send_per_sec,4430.0
2026-09-23 11:07:13,net_recv_per_sec,4733.0
2026-09-23 11:07:13,load1,0.21
2026-09-23 11:07:13,load5,0.18
2026-09-23 11:07:13,load15,0.08
2026-09-23 11:07:13,active_sessions,14.0
2026-09-23 11:07:13,active_requests,9.0
2026-09-23 11:07:13,long_queries,8.0
2026-09-23 11:07:13,long_transactions,8.0
2026-09-23 11:07:13,idle_sessions,13.0
2026-09-23 11:07:13,lock_waits,0.0
2026-09-23 11:07:13,total_locks,13.0
2026-09-23 11:07:13,deadlocks_per_sec,0.0
2026-09-23 11:07:13,page_life_expectancy,503.0
2026-09-23 11:07:13,buffer_cache_hit_ratio,100.0
2026-09-23 11:07:13,transactions_per_sec,210.48
2026-09-23 11:07:13,page_reads_per_sec,0.0
2026-09-23 11:07:13,page_writes_per_sec,0.0
2026-09-23 11:07:13,rollbacks_per_sec,0.0
2026-09-23 11:07:13,batch_requests_per_sec,0.0
2026-09-23 11:07:13,sql_compilations_per_sec,0.0
2026-09-23 11:07:13,database_size_mb,0.0
2026-09-23 11:07:13,total_reads,1358.0
2026-09-23 11:07:13,total_writes,5003.0
2026-09-23 11:07:13,venta_locks,0.0
2026-09-23 11:07:13,detalle_venta_locks,0.0
2026-09-23 11:07:13,inventario_locks,0.0
2026-09-23 11:07:13,kardex_locks,0.0
2026-09-23 11:07:13,caja_locks,0.0
2026-09-23 11:07:13,movimiento_caja_locks,0.0
2026-09-23 11:07:13,auditoria_locks,0.0
2026-09-23 11:07:13,api_status,0.0
2026-09-23 11:07:13,api_latency_ms,4049.0
2026-09-23 11:07:13,products_count,0.0
2026-09-23 11:07:13,sales_count,0.0
2026-09-23 11:07:19,cpu_usr,12.7
2026-09-23 11:07:19,cpu_sys,33.3
2026-09-23 11:07:19,cpu_idl,52.3
2026-09-23 11:07:19,cpu_wai,0.0
2026-09-23 11:07:19,cpu_stl,0.0
2026-09-23 11:07:19,memory_percent,87.9
2026-09-23 11:07:19,memory_used_mb,14199.0
2026-09-23 11:07:19,memory_available_mb,1948.0
2026-09-23 11:07:19,disk_read_per_sec,102404.0
2026-09-23 11:07:19,disk_write_per_sec,1069190.0
2026-09-23 11:07:19,net_send_per_sec,20866.0
2026-09-23 11:07:19,net_recv_per_sec,1727222.0
2026-09-23 11:07:19,load1,0.2
2026-09-23 11:07:19,load5,0.18
2026-09-23 11:07:19,load15,0.08
2026-09-23 11:07:19,active_sessions,14.0
2026-09-23 11:07:19,active_requests,11.0
2026-09-23 11:07:19,long_queries,8.0
2026-09-23 11:07:19,long_transactions,8.0
2026-09-23 11:07:19,idle_sessions,12.0
2026-09-23 11:07:19,lock_waits,0.0
2026-09-23 11:07:19,total_locks,12.0
2026-09-23 11:07:19,deadlocks_per_sec,0.0
2026-09-23 11:07:19,page_life_expectancy,508.0
2026-09-23 11:07:19,buffer_cache_hit_ratio,100.0
2026-09-23 11:07:19,transactions_per_sec,213.11
2026-09-23 11:07:19,page_reads_per_sec,0.0
2026-09-23 11:07:19,page_writes_per_sec,0.0
2026-09-23 11:07:19,rollbacks_per_sec,0.0
2026-09-23 11:07:19,batch_requests_per_sec,0.0
2026-09-23 11:07:19,sql_compilations_per_sec,0.0
2026-09-23 11:07:19,database_size_mb,0.0
2026-09-23 11:07:19,total_reads,1358.0
2026-09-23 11:07:19,total_writes,5089.0
2026-09-23 11:07:19,venta_locks,0.0
2026-09-23 11:07:19,detalle_venta_locks,0.0
2026-09-23 11:07:19,inventario_locks,0.0
2026-09-23 11:07:19,kardex_locks,0.0
2026-09-23 11:07:19,caja_locks,0.0
2026-09-23 11:07:19,movimiento_caja_locks,0.0
2026-09-23 11:07:19,auditoria_locks,0.0
2026-09-23 11:07:19,api_status,0.0
2026-09-23 11:07:19,api_latency_ms,4049.0
2026-09-23 11:07:19,products_count,0.0
2026-09-23 11:07:19,sales_count,0.0
2026-09-23 11:07:24,cpu_usr,12.9
2026-09-23 11:07:24,cpu_sys,31.9
2026-09-23 11:07:24,cpu_idl,53.7
2026-09-23 11:07:24,cpu_wai,0.0
2026-09-23 11:07:24,cpu_stl,0.0
2026-09-23 11:07:24,memory_percent,87.5
2026-09-23 11:07:24,memory_used_mb,14136.0
2026-09-23 11:07:24,memory_available_mb,2011.0
2026-09-23 11:07:24,disk_read_per_sec,33340.0
2026-09-23 11:07:24,disk_write_per_sec,780774.0
2026-09-23 11:07:24,net_send_per_sec,7362.0
2026-09-23 11:07:24,net_recv_per_sec,167018.0
2026-09-23 11:07:24,load1,1.14
2026-09-23 11:07:24,load5,0.38
2026-09-23 11:07:24,load15,0.15
2026-09-23 11:07:24,active_sessions,14.0
2026-09-23 11:07:24,active_requests,11.0
2026-09-23 11:07:24,long_queries,8.0
2026-09-23 11:07:24,long_transactions,8.0
2026-09-23 11:07:24,idle_sessions,12.0
2026-09-23 11:07:24,lock_waits,0.0
2026-09-23 11:07:24,total_locks,14.0
2026-09-23 11:07:24,deadlocks_per_sec,0.0
2026-09-23 11:07:24,page_life_expectancy,514.0
2026-09-23 11:07:24,buffer_cache_hit_ratio,100.0
2026-09-23 11:07:24,transactions_per_sec,219.12
2026-09-23 11:07:24,page_reads_per_sec,0.0
2026-09-23 11:07:24,page_writes_per_sec,0.0
2026-09-23 11:07:24,rollbacks_per_sec,0.0
2026-09-23 11:07:24,batch_requests_per_sec,0.0
2026-09-23 11:07:24,sql_compilations_per_sec,0.0
2026-09-23 11:07:24,database_size_mb,0.0
2026-09-23 11:07:24,total_reads,1358.0
2026-09-23 11:07:24,total_writes,5181.0
2026-09-23 11:07:24,venta_locks,0.0
2026-09-23 11:07:24,detalle_venta_locks,0.0
2026-09-23 11:07:24,inventario_locks,0.0
2026-09-23 11:07:24,kardex_locks,0.0
2026-09-23 11:07:24,caja_locks,0.0
2026-09-23 11:07:24,movimiento_caja_locks,0.0
2026-09-23 11:07:24,auditoria_locks,0.0
2026-09-23 11:07:24,api_status,0.0
2026-09-23 11:07:24,api_latency_ms,4098.0
2026-09-23 11:07:24,products_count,0.0
2026-09-23 11:07:24,sales_count,0.0
2026-09-23 11:07:29,cpu_usr,11.7
2026-09-23 11:07:29,cpu_sys,31.8
2026-09-23 11:07:29,cpu_idl,54.7
2026-09-23 11:07:29,cpu_wai,0.0
2026-09-23 11:07:29,cpu_stl,0.0
2026-09-23 11:07:29,memory_percent,87.8
2026-09-23 11:07:29,memory_used_mb,14181.0
2026-09-23 11:07:29,memory_available_mb,1966.0
2026-09-23 11:07:29,disk_read_per_sec,238781.0
2026-09-23 11:07:29,disk_write_per_sec,531950.0
2026-09-23 11:07:29,net_send_per_sec,9688.0
2026-09-23 11:07:29,net_recv_per_sec,543385.0
2026-09-23 11:07:29,load1,1.05
2026-09-23 11:07:29,load5,0.37
2026-09-23 11:07:29,load15,0.15
2026-09-23 11:07:29,active_sessions,14.0
2026-09-23 11:07:29,active_requests,10.0
2026-09-23 11:07:29,long_queries,8.0
2026-09-23 11:07:29,long_transactions,8.0
2026-09-23 11:07:29,idle_sessions,12.0
2026-09-23 11:07:29,lock_waits,0.0
2026-09-23 11:07:29,total_locks,19.0
2026-09-23 11:07:29,deadlocks_per_sec,0.0
2026-09-23 11:07:29,page_life_expectancy,519.0
2026-09-23 11:07:29,buffer_cache_hit_ratio,100.0
2026-09-23 11:07:29,transactions_per_sec,229.65
2026-09-23 11:07:29,page_reads_per_sec,0.0
2026-09-23 11:07:29,page_writes_per_sec,0.0
2026-09-23 11:07:29,rollbacks_per_sec,0.0
2026-09-23 11:07:29,batch_requests_per_sec,0.0
2026-09-23 11:07:29,sql_compilations_per_sec,0.0
2026-09-23 11:07:29,database_size_mb,0.0
2026-09-23 11:07:29,total_reads,1358.0
2026-09-23 11:07:29,total_writes,5265.0
2026-09-23 11:07:29,venta_locks,0.0
2026-09-23 11:07:29,detalle_venta_locks,0.0
2026-09-23 11:07:29,inventario_locks,0.0
2026-09-23 11:07:29,kardex_locks,0.0
2026-09-23 11:07:29,caja_locks,0.0
2026-09-23 11:07:29,movimiento_caja_locks,0.0
2026-09-23 11:07:29,auditoria_locks,0.0
2026-09-23 11:07:29,api_status,0.0
2026-09-23 11:07:29,api_latency_ms,4098.0
2026-09-23 11:07:29,products_count,0.0
2026-09-23 11:07:29,sales_count,0.0
2026-09-23 11:07:34,cpu_usr,11.2
2026-09-23 11:07:34,cpu_sys,31.3
2026-09-23 11:07:34,cpu_idl,55.3
2026-09-23 11:07:34,cpu_wai,0.0
2026-09-23 11:07:34,cpu_stl,0.0
2026-09-23 11:07:34,memory_percent,87.8
2026-09-23 11:07:34,memory_used_mb,14178.0
2026-09-23 11:07:34,memory_available_mb,1969.0
2026-09-23 11:07:34,disk_read_per_sec,13532.0
2026-09-23 11:07:34,disk_write_per_sec,544624.0
2026-09-23 11:07:34,net_send_per_sec,10422.0
2026-09-23 11:07:34,net_recv_per_sec,711858.0
2026-09-23 11:07:34,load1,0.96
2026-09-23 11:07:34,load5,0.36
2026-09-23 11:07:34,load15,0.15
2026-09-23 11:07:34,active_sessions,14.0
2026-09-23 11:07:34,active_requests,10.0
2026-09-23 11:07:34,long_queries,8.0
2026-09-23 11:07:34,long_transactions,8.0
2026-09-23 11:07:34,idle_sessions,13.0
2026-09-23 11:07:34,lock_waits,0.0
2026-09-23 11:07:34,total_locks,21.0
2026-09-23 11:07:34,deadlocks_per_sec,0.0
2026-09-23 11:07:34,page_life_expectancy,524.0
2026-09-23 11:07:34,buffer_cache_hit_ratio,100.0
2026-09-23 11:07:34,transactions_per_sec,242.3
2026-09-23 11:07:34,page_reads_per_sec,0.0
2026-09-23 11:07:34,page_writes_per_sec,0.0
2026-09-23 11:07:34,rollbacks_per_sec,0.0
2026-09-23 11:07:34,batch_requests_per_sec,0.0
2026-09-23 11:07:34,sql_compilations_per_sec,0.0
2026-09-23 11:07:34,database_size_mb,0.0
2026-09-23 11:07:34,total_reads,1358.0
2026-09-23 11:07:34,total_writes,5353.0
2026-09-23 11:07:34,venta_locks,0.0
2026-09-23 11:07:34,detalle_venta_locks,0.0
2026-09-23 11:07:34,inventario_locks,0.0
2026-09-23 11:07:34,kardex_locks,0.0
2026-09-23 11:07:34,caja_locks,0.0
2026-09-23 11:07:34,movimiento_caja_locks,0.0
2026-09-23 11:07:34,auditoria_locks,0.0
2026-09-23 11:07:34,api_status,0.0
2026-09-23 11:07:34,api_latency_ms,4098.0
2026-09-23 11:07:34,products_count,0.0
2026-09-23 11:07:34,sales_count,0.0
2026-09-23 11:07:39,cpu_usr,11.9
2026-09-23 11:07:39,cpu_sys,29.4
2026-09-23 11:07:39,cpu_idl,56.7
2026-09-23 11:07:39,cpu_wai,0.0
2026-09-23 11:07:39,cpu_stl,0.0
2026-09-23 11:07:39,memory_percent,87.7
2026-09-23 11:07:39,memory_used_mb,14169.0
2026-09-23 11:07:39,memory_available_mb,1979.0
2026-09-23 11:07:39,disk_read_per_sec,82995.0
2026-09-23 11:07:39,disk_write_per_sec,549582.0
2026-09-23 11:07:39,net_send_per_sec,11015.0
2026-09-23 11:07:39,net_recv_per_sec,650227.0
2026-09-23 11:07:39,load1,0.89
2026-09-23 11:07:39,load5,0.36
2026-09-23 11:07:39,load15,0.14
2026-09-23 11:07:39,active_sessions,14.0
2026-09-23 11:07:39,active_requests,10.0
2026-09-23 11:07:39,long_queries,8.0
2026-09-23 11:07:39,long_transactions,8.0
2026-09-23 11:07:39,idle_sessions,11.0
2026-09-23 11:07:39,lock_waits,0.0
2026-09-23 11:07:39,total_locks,12.0
2026-09-23 11:07:39,deadlocks_per_sec,0.0
2026-09-23 11:07:39,page_life_expectancy,529.0
2026-09-23 11:07:39,buffer_cache_hit_ratio,100.0
2026-09-23 11:07:39,transactions_per_sec,209.32
2026-09-23 11:07:39,page_reads_per_sec,0.0
2026-09-23 11:07:39,page_writes_per_sec,0.0
2026-09-23 11:07:39,rollbacks_per_sec,0.0
2026-09-23 11:07:39,batch_requests_per_sec,0.0
2026-09-23 11:07:39,sql_compilations_per_sec,0.0
2026-09-23 11:07:39,database_size_mb,0.0
2026-09-23 11:07:39,total_reads,1358.0
2026-09-23 11:07:39,total_writes,5443.0
2026-09-23 11:07:39,venta_locks,0.0
2026-09-23 11:07:39,detalle_venta_locks,0.0
2026-09-23 11:07:39,inventario_locks,0.0
2026-09-23 11:07:39,kardex_locks,0.0
2026-09-23 11:07:39,caja_locks,0.0
2026-09-23 11:07:39,movimiento_caja_locks,0.0
2026-09-23 11:07:39,auditoria_locks,0.0
2026-09-23 11:07:39,api_status,0.0
2026-09-23 11:07:39,api_latency_ms,4076.0
2026-09-23 11:07:39,products_count,0.0
2026-09-23 11:07:39,sales_count,0.0
2026-09-23 11:07:45,cpu_usr,9.7
2026-09-23 11:07:45,cpu_sys,32.5
2026-09-23 11:07:45,cpu_idl,55.7
2026-09-23 11:07:45,cpu_wai,0.0
2026-09-23 11:07:45,cpu_stl,0.0
2026-09-23 11:07:45,memory_percent,87.9
2026-09-23 11:07:45,memory_used_mb,14194.0
2026-09-23 11:07:45,memory_available_mb,1954.0
2026-09-23 11:07:45,disk_read_per_sec,880.0
2026-09-23 11:07:45,disk_write_per_sec,507330.0
2026-09-23 11:07:45,net_send_per_sec,9361.0
2026-09-23 11:07:45,net_recv_per_sec,539929.0
2026-09-23 11:07:45,load1,0.82
2026-09-23 11:07:45,load5,0.35
2026-09-23 11:07:45,load15,0.14
2026-09-23 11:07:45,active_sessions,14.0
2026-09-23 11:07:45,active_requests,10.0
2026-09-23 11:07:45,long_queries,8.0
2026-09-23 11:07:45,long_transactions,8.0
2026-09-23 11:07:45,idle_sessions,11.0
2026-09-23 11:07:45,lock_waits,0.0
2026-09-23 11:07:45,total_locks,14.0
2026-09-23 11:07:45,deadlocks_per_sec,0.0
2026-09-23 11:07:45,page_life_expectancy,535.0
2026-09-23 11:07:45,buffer_cache_hit_ratio,100.0
2026-09-23 11:07:45,transactions_per_sec,221.98
2026-09-23 11:07:45,page_reads_per_sec,0.0
2026-09-23 11:07:45,page_writes_per_sec,0.0
2026-09-23 11:07:45,rollbacks_per_sec,0.0
2026-09-23 11:07:45,batch_requests_per_sec,0.0
2026-09-23 11:07:45,sql_compilations_per_sec,0.0
2026-09-23 11:07:45,database_size_mb,0.0
2026-09-23 11:07:45,total_reads,1358.0
2026-09-23 11:07:45,total_writes,5530.0
2026-09-23 11:07:45,venta_locks,0.0
2026-09-23 11:07:45,detalle_venta_locks,0.0
2026-09-23 11:07:45,inventario_locks,0.0
2026-09-23 11:07:45,kardex_locks,0.0
2026-09-23 11:07:45,caja_locks,0.0
2026-09-23 11:07:45,movimiento_caja_locks,0.0
2026-09-23 11:07:45,auditoria_locks,0.0
2026-09-23 11:07:45,api_status,0.0
2026-09-23 11:07:45,api_latency_ms,4076.0
2026-09-23 11:07:45,products_count,0.0
2026-09-23 11:07:45,sales_count,0.0
2026-09-23 11:07:50,cpu_usr,10.2
2026-09-23 11:07:50,cpu_sys,30.6
2026-09-23 11:07:50,cpu_idl,57.3
2026-09-23 11:07:50,cpu_wai,0.0
2026-09-23 11:07:50,cpu_stl,0.0
2026-09-23 11:07:50,memory_percent,88.2
2026-09-23 11:07:50,memory_used_mb,14237.0
2026-09-23 11:07:50,memory_available_mb,1910.0
2026-09-23 11:07:50,disk_read_per_sec,525199.0
2026-09-23 11:07:50,disk_write_per_sec,954908.0
2026-09-23 11:07:50,net_send_per_sec,4487.0
2026-09-23 11:07:50,net_recv_per_sec,4236.0
2026-09-23 11:07:50,load1,0.75
2026-09-23 11:07:50,load5,0.35
2026-09-23 11:07:50,load15,0.14
2026-09-23 11:07:50,active_sessions,14.0
2026-09-23 11:07:50,active_requests,10.0
2026-09-23 11:07:50,long_queries,8.0
2026-09-23 11:07:50,long_transactions,8.0
2026-09-23 11:07:50,idle_sessions,13.0
2026-09-23 11:07:50,lock_waits,0.0
2026-09-23 11:07:50,total_locks,5.0
2026-09-23 11:07:50,deadlocks_per_sec,0.0
2026-09-23 11:07:50,page_life_expectancy,540.0
2026-09-23 11:07:50,buffer_cache_hit_ratio,100.0
2026-09-23 11:07:50,transactions_per_sec,196.91
2026-09-23 11:07:50,page_reads_per_sec,0.0
2026-09-23 11:07:50,page_writes_per_sec,0.0
2026-09-23 11:07:50,rollbacks_per_sec,0.0
2026-09-23 11:07:50,batch_requests_per_sec,0.0
2026-09-23 11:07:50,sql_compilations_per_sec,0.0
2026-09-23 11:07:50,database_size_mb,0.0
2026-09-23 11:07:50,total_reads,1358.0
2026-09-23 11:07:50,total_writes,5618.0
2026-09-23 11:07:50,venta_locks,0.0
2026-09-23 11:07:50,detalle_venta_locks,0.0
2026-09-23 11:07:50,inventario_locks,0.0
2026-09-23 11:07:50,kardex_locks,0.0
2026-09-23 11:07:50,caja_locks,0.0
2026-09-23 11:07:50,movimiento_caja_locks,0.0
2026-09-23 11:07:50,auditoria_locks,0.0
2026-09-23 11:07:50,api_status,0.0
2026-09-23 11:07:50,api_latency_ms,4066.0
2026-09-23 11:07:50,products_count,0.0
2026-09-23 11:07:50,sales_count,0.0
2026-09-23 11:07:55,cpu_usr,8.7
2026-09-23 11:07:55,cpu_sys,30.1
2026-09-23 11:07:55,cpu_idl,59.2
2026-09-23 11:07:55,cpu_wai,0.0
2026-09-23 11:07:55,cpu_stl,0.0
2026-09-23 11:07:55,memory_percent,88.3
2026-09-23 11:07:55,memory_used_mb,14258.0
2026-09-23 11:07:55,memory_available_mb,1889.0
2026-09-23 11:07:55,disk_read_per_sec,169680.0
2026-09-23 11:07:55,disk_write_per_sec,1306934.0
2026-09-23 11:07:55,net_send_per_sec,5558.0
2026-09-23 11:07:55,net_recv_per_sec,4442.0
2026-09-23 11:07:55,load1,0.69
2026-09-23 11:07:55,load5,0.34
2026-09-23 11:07:55,load15,0.14
2026-09-23 11:07:55,active_sessions,14.0
2026-09-23 11:07:55,active_requests,10.0
2026-09-23 11:07:55,long_queries,8.0
2026-09-23 11:07:55,long_transactions,8.0
2026-09-23 11:07:55,idle_sessions,12.0
2026-09-23 11:07:55,lock_waits,0.0
2026-09-23 11:07:55,total_locks,26.0
2026-09-23 11:07:55,deadlocks_per_sec,0.0
2026-09-23 11:07:55,page_life_expectancy,545.0
2026-09-23 11:07:55,buffer_cache_hit_ratio,100.0
2026-09-23 11:07:55,transactions_per_sec,187.23
2026-09-23 11:07:55,page_reads_per_sec,0.0
2026-09-23 11:07:55,page_writes_per_sec,0.0
2026-09-23 11:07:55,rollbacks_per_sec,0.0
2026-09-23 11:07:55,batch_requests_per_sec,0.0
2026-09-23 11:07:55,sql_compilations_per_sec,0.0
2026-09-23 11:07:55,database_size_mb,0.0
2026-09-23 11:07:55,total_reads,1358.0
2026-09-23 11:07:55,total_writes,5710.0
2026-09-23 11:07:55,venta_locks,0.0
2026-09-23 11:07:55,detalle_venta_locks,0.0
2026-09-23 11:07:55,inventario_locks,0.0
2026-09-23 11:07:55,kardex_locks,0.0
2026-09-23 11:07:55,caja_locks,0.0
2026-09-23 11:07:55,movimiento_caja_locks,0.0
2026-09-23 11:07:55,auditoria_locks,0.0
2026-09-23 11:07:55,api_status,0.0
2026-09-23 11:07:55,api_latency_ms,4066.0
2026-09-23 11:07:55,products_count,0.0
2026-09-23 11:07:55,sales_count,0.0
2026-09-23 11:08:00,cpu_usr,7.6
2026-09-23 11:08:00,cpu_sys,28.8
2026-09-23 11:08:00,cpu_idl,61.9
2026-09-23 11:08:00,cpu_wai,0.0
2026-09-23 11:08:00,cpu_stl,0.0
2026-09-23 11:08:00,memory_percent,88.5
2026-09-23 11:08:00,memory_used_mb,14294.0
2026-09-23 11:08:00,memory_available_mb,1853.0
2026-09-23 11:08:00,disk_read_per_sec,197751.0
2026-09-23 11:08:00,disk_write_per_sec,2758709.0
2026-09-23 11:08:00,net_send_per_sec,5655.0
2026-09-23 11:08:00,net_recv_per_sec,66737.0
2026-09-23 11:08:00,load1,0.64
2026-09-23 11:08:00,load5,0.34
2026-09-23 11:08:00,load15,0.14
2026-09-23 11:08:00,active_sessions,14.0
2026-09-23 11:08:00,active_requests,10.0
2026-09-23 11:08:00,long_queries,8.0
2026-09-23 11:08:00,long_transactions,8.0
2026-09-23 11:08:00,idle_sessions,12.0
2026-09-23 11:08:00,lock_waits,0.0
2026-09-23 11:08:00,total_locks,11.0
2026-09-23 11:08:00,deadlocks_per_sec,0.0
2026-09-23 11:08:00,page_life_expectancy,550.0
2026-09-23 11:08:00,buffer_cache_hit_ratio,100.0
2026-09-23 11:08:00,transactions_per_sec,174.34
2026-09-23 11:08:00,page_reads_per_sec,0.0
2026-09-23 11:08:00,page_writes_per_sec,0.0
2026-09-23 11:08:00,rollbacks_per_sec,0.0
2026-09-23 11:08:00,batch_requests_per_sec,0.0
2026-09-23 11:08:00,sql_compilations_per_sec,0.0
2026-09-23 11:08:00,database_size_mb,0.0
2026-09-23 11:08:00,total_reads,1358.0
2026-09-23 11:08:00,total_writes,5804.0
2026-09-23 11:08:00,venta_locks,0.0
2026-09-23 11:08:00,detalle_venta_locks,0.0
2026-09-23 11:08:00,inventario_locks,0.0
2026-09-23 11:08:00,kardex_locks,0.0
2026-09-23 11:08:00,caja_locks,0.0
2026-09-23 11:08:00,movimiento_caja_locks,0.0
2026-09-23 11:08:00,auditoria_locks,0.0
2026-09-23 11:08:00,api_status,0.0
2026-09-23 11:08:00,api_latency_ms,4066.0
2026-09-23 11:08:00,products_count,0.0
2026-09-23 11:08:00,sales_count,0.0
2026-09-23 11:08:06,cpu_usr,8.3
2026-09-23 11:08:06,cpu_sys,29.6
2026-09-23 11:08:06,cpu_idl,60.2
2026-09-23 11:08:06,cpu_wai,0.0
2026-09-23 11:08:06,cpu_stl,0.0
2026-09-23 11:08:06,memory_percent,88.4
2026-09-23 11:08:06,memory_used_mb,14268.0
2026-09-23 11:08:06,memory_available_mb,1879.0
2026-09-23 11:08:06,disk_read_per_sec,2778836.0
2026-09-23 11:08:06,disk_write_per_sec,805437.0
2026-09-23 11:08:06,net_send_per_sec,3693.0
2026-09-23 11:08:06,net_recv_per_sec,3742.0
2026-09-23 11:08:06,load1,0.58
2026-09-23 11:08:06,load5,0.33
2026-09-23 11:08:06,load15,0.14
2026-09-23 11:08:06,active_sessions,14.0
2026-09-23 11:08:06,active_requests,10.0
2026-09-23 11:08:06,long_queries,8.0
2026-09-23 11:08:06,long_transactions,8.0
2026-09-23 11:08:06,idle_sessions,12.0
2026-09-23 11:08:06,lock_waits,0.0
2026-09-23 11:08:06,total_locks,31.0
2026-09-23 11:08:06,deadlocks_per_sec,0.0
2026-09-23 11:08:06,page_life_expectancy,555.0
2026-09-23 11:08:06,buffer_cache_hit_ratio,100.0
2026-09-23 11:08:06,transactions_per_sec,197.31
2026-09-23 11:08:06,page_reads_per_sec,0.0
2026-09-23 11:08:06,page_writes_per_sec,0.0
2026-09-23 11:08:06,rollbacks_per_sec,0.0
2026-09-23 11:08:06,batch_requests_per_sec,0.0
2026-09-23 11:08:06,sql_compilations_per_sec,0.0
2026-09-23 11:08:06,database_size_mb,0.0
2026-09-23 11:08:06,total_reads,1358.0
2026-09-23 11:08:06,total_writes,5887.0
2026-09-23 11:08:06,venta_locks,0.0
2026-09-23 11:08:06,detalle_venta_locks,0.0
2026-09-23 11:08:06,inventario_locks,0.0
2026-09-23 11:08:06,kardex_locks,0.0
2026-09-23 11:08:06,caja_locks,0.0
2026-09-23 11:08:06,movimiento_caja_locks,0.0
2026-09-23 11:08:06,auditoria_locks,0.0
2026-09-23 11:08:06,api_status,0.0
2026-09-23 11:08:06,api_latency_ms,4052.0
2026-09-23 11:08:06,products_count,0.0
2026-09-23 11:08:06,sales_count,0.0
2026-09-23 11:08:11,cpu_usr,11.5
2026-09-23 11:08:11,cpu_sys,30.9
2026-09-23 11:08:11,cpu_idl,55.5
2026-09-23 11:08:11,cpu_wai,0.0
2026-09-23 11:08:11,cpu_stl,0.0
2026-09-23 11:08:11,memory_percent,88.4
2026-09-23 11:08:11,memory_used_mb,14267.0
2026-09-23 11:08:11,memory_available_mb,1880.0
2026-09-23 11:08:11,disk_read_per_sec,159862.0
2026-09-23 11:08:11,disk_write_per_sec,776290.0
2026-09-23 11:08:11,net_send_per_sec,5375.0
2026-09-23 11:08:11,net_recv_per_sec,4474.0
2026-09-23 11:08:11,load1,0.54
2026-09-23 11:08:11,load5,0.32
2026-09-23 11:08:11,load15,0.14
2026-09-23 11:08:11,active_sessions,15.0
2026-09-23 11:08:11,active_requests,11.0
2026-09-23 11:08:11,long_queries,8.0
2026-09-23 11:08:11,long_transactions,8.0
2026-09-23 11:08:11,idle_sessions,13.0
2026-09-23 11:08:11,lock_waits,0.0
2026-09-23 11:08:11,total_locks,10.0
2026-09-23 11:08:11,deadlocks_per_sec,0.0
2026-09-23 11:08:11,page_life_expectancy,560.0
2026-09-23 11:08:11,buffer_cache_hit_ratio,100.0
2026-09-23 11:08:11,transactions_per_sec,203.67
2026-09-23 11:08:11,page_reads_per_sec,0.0
2026-09-23 11:08:11,page_writes_per_sec,0.0
2026-09-23 11:08:11,rollbacks_per_sec,0.0
2026-09-23 11:08:11,batch_requests_per_sec,0.0
2026-09-23 11:08:11,sql_compilations_per_sec,0.0
2026-09-23 11:08:11,database_size_mb,0.0
2026-09-23 11:08:11,total_reads,1358.0
2026-09-23 11:08:11,total_writes,5973.0
2026-09-23 11:08:11,venta_locks,0.0
2026-09-23 11:08:11,detalle_venta_locks,0.0
2026-09-23 11:08:11,inventario_locks,0.0
2026-09-23 11:08:11,kardex_locks,0.0
2026-09-23 11:08:11,caja_locks,0.0
2026-09-23 11:08:11,movimiento_caja_locks,0.0
2026-09-23 11:08:11,auditoria_locks,0.0
2026-09-23 11:08:11,api_status,0.0
2026-09-23 11:08:11,api_latency_ms,4052.0
2026-09-23 11:08:11,products_count,0.0
2026-09-23 11:08:11,sales_count,0.0
2026-09-23 11:08:16,cpu_usr,8.1
2026-09-23 11:08:16,cpu_sys,29.3
2026-09-23 11:08:16,cpu_idl,60.3
2026-09-23 11:08:16,cpu_wai,0.0
2026-09-23 11:08:16,cpu_stl,0.0
2026-09-23 11:08:16,memory_percent,88.6
2026-09-23 11:08:16,memory_used_mb,14301.0
2026-09-23 11:08:16,memory_available_mb,1847.0
2026-09-23 11:08:16,disk_read_per_sec,203644.0
2026-09-23 11:08:16,disk_write_per_sec,592702.0
2026-09-23 11:08:16,net_send_per_sec,5625.0
2026-09-23 11:08:16,net_recv_per_sec,5823.0
2026-09-23 11:08:16,load1,0.5
2026-09-23 11:08:16,load5,0.32
2026-09-23 11:08:16,load15,0.14
2026-09-23 11:08:16,active_sessions,14.0
2026-09-23 11:08:16,active_requests,10.0
2026-09-23 11:08:16,long_queries,8.0
2026-09-23 11:08:16,long_transactions,8.0
2026-09-23 11:08:16,idle_sessions,12.0
2026-09-23 11:08:16,lock_waits,0.0
2026-09-23 11:08:16,total_locks,12.0
2026-09-23 11:08:16,deadlocks_per_sec,0.0
2026-09-23 11:08:16,page_life_expectancy,566.0
2026-09-23 11:08:16,buffer_cache_hit_ratio,100.0
2026-09-23 11:08:16,transactions_per_sec,193.06
2026-09-23 11:08:16,page_reads_per_sec,0.0
2026-09-23 11:08:16,page_writes_per_sec,0.0
2026-09-23 11:08:16,rollbacks_per_sec,0.0
2026-09-23 11:08:16,batch_requests_per_sec,0.0
2026-09-23 11:08:16,sql_compilations_per_sec,0.0
2026-09-23 11:08:16,database_size_mb,0.0
2026-09-23 11:08:16,total_reads,1358.0
2026-09-23 11:08:16,total_writes,6064.0
2026-09-23 11:08:16,venta_locks,0.0
2026-09-23 11:08:16,detalle_venta_locks,0.0
2026-09-23 11:08:16,inventario_locks,0.0
2026-09-23 11:08:16,kardex_locks,0.0
2026-09-23 11:08:16,caja_locks,0.0
2026-09-23 11:08:16,movimiento_caja_locks,0.0
2026-09-23 11:08:16,auditoria_locks,0.0
2026-09-23 11:08:16,api_status,0.0
2026-09-23 11:08:16,api_latency_ms,4063.0
2026-09-23 11:08:16,products_count,0.0
2026-09-23 11:08:16,sales_count,0.0
2026-09-23 11:08:21,cpu_usr,8.3
2026-09-23 11:08:21,cpu_sys,27.4
2026-09-23 11:08:21,cpu_idl,62.6
2026-09-23 11:08:21,cpu_wai,0.0
2026-09-23 11:08:21,cpu_stl,0.0
2026-09-23 11:08:21,memory_percent,88.0
2026-09-23 11:08:21,memory_used_mb,14216.0
2026-09-23 11:08:21,memory_available_mb,1932.0
2026-09-23 11:08:21,disk_read_per_sec,106421.0
2026-09-23 11:08:21,disk_write_per_sec,2422084.0
2026-09-23 11:08:21,net_send_per_sec,2385.0
2026-09-23 11:08:21,net_recv_per_sec,2508.0
2026-09-23 11:08:21,load1,0.46
2026-09-23 11:08:21,load5,0.31
2026-09-23 11:08:21,load15,0.14
2026-09-23 11:08:21,active_sessions,14.0
2026-09-23 11:08:21,active_requests,11.0
2026-09-23 11:08:21,long_queries,8.0
2026-09-23 11:08:21,long_transactions,8.0
2026-09-23 11:08:21,idle_sessions,11.0
2026-09-23 11:08:21,lock_waits,0.0
2026-09-23 11:08:21,total_locks,19.0
2026-09-23 11:08:21,deadlocks_per_sec,0.0
2026-09-23 11:08:21,page_life_expectancy,571.0
2026-09-23 11:08:21,buffer_cache_hit_ratio,100.0
2026-09-23 11:08:21,transactions_per_sec,179.17
2026-09-23 11:08:21,page_reads_per_sec,0.0
2026-09-23 11:08:21,page_writes_per_sec,0.0
2026-09-23 11:08:21,rollbacks_per_sec,0.0
2026-09-23 11:08:21,batch_requests_per_sec,0.0
2026-09-23 11:08:21,sql_compilations_per_sec,0.0
2026-09-23 11:08:21,database_size_mb,0.0
2026-09-23 11:08:21,total_reads,1359.0
2026-09-23 11:08:21,total_writes,6135.0
2026-09-23 11:08:21,venta_locks,0.0
2026-09-23 11:08:21,detalle_venta_locks,0.0
2026-09-23 11:08:21,inventario_locks,0.0
2026-09-23 11:08:21,kardex_locks,0.0
2026-09-23 11:08:21,caja_locks,0.0
2026-09-23 11:08:21,movimiento_caja_locks,0.0
2026-09-23 11:08:21,auditoria_locks,0.0
2026-09-23 11:08:21,api_status,0.0
2026-09-23 11:08:21,api_latency_ms,4063.0
2026-09-23 11:08:21,products_count,0.0
2026-09-23 11:08:21,sales_count,0.0
2026-09-23 11:08:27,cpu_usr,11.5
2026-09-23 11:08:27,cpu_sys,29.7
2026-09-23 11:08:27,cpu_idl,57.1
2026-09-23 11:08:27,cpu_wai,0.0
2026-09-23 11:08:27,cpu_stl,0.0
2026-09-23 11:08:27,memory_percent,87.9
2026-09-23 11:08:27,memory_used_mb,14192.0
2026-09-23 11:08:27,memory_available_mb,1955.0
2026-09-23 11:08:27,disk_read_per_sec,1179.0
2026-09-23 11:08:27,disk_write_per_sec,660665.0
2026-09-23 11:08:27,net_send_per_sec,4002.0
2026-09-23 11:08:27,net_recv_per_sec,4049.0
2026-09-23 11:08:27,load1,0.5
2026-09-23 11:08:27,load5,0.33
2026-09-23 11:08:27,load15,0.14
2026-09-23 11:08:27,active_sessions,14.0
2026-09-23 11:08:27,active_requests,10.0
2026-09-23 11:08:27,long_queries,8.0
2026-09-23 11:08:27,long_transactions,8.0
2026-09-23 11:08:27,idle_sessions,12.0
2026-09-23 11:08:27,lock_waits,0.0
2026-09-23 11:08:27,total_locks,12.0
2026-09-23 11:08:27,deadlocks_per_sec,0.0
2026-09-23 11:08:27,page_life_expectancy,576.0
2026-09-23 11:08:27,buffer_cache_hit_ratio,100.0
2026-09-23 11:08:27,transactions_per_sec,213.76
2026-09-23 11:08:27,page_reads_per_sec,0.0
2026-09-23 11:08:27,page_writes_per_sec,0.0
2026-09-23 11:08:27,rollbacks_per_sec,0.0
2026-09-23 11:08:27,batch_requests_per_sec,0.0
2026-09-23 11:08:27,sql_compilations_per_sec,0.0
2026-09-23 11:08:27,database_size_mb,0.0
2026-09-23 11:08:27,total_reads,1359.0
2026-09-23 11:08:27,total_writes,6231.0
2026-09-23 11:08:27,venta_locks,0.0
2026-09-23 11:08:27,detalle_venta_locks,0.0
2026-09-23 11:08:27,inventario_locks,0.0
2026-09-23 11:08:27,kardex_locks,0.0
2026-09-23 11:08:27,caja_locks,0.0
2026-09-23 11:08:27,movimiento_caja_locks,0.0
2026-09-23 11:08:27,auditoria_locks,0.0
2026-09-23 11:08:27,api_status,0.0
2026-09-23 11:08:27,api_latency_ms,4063.0
2026-09-23 11:08:27,products_count,0.0
2026-09-23 11:08:27,sales_count,0.0
2026-09-23 11:08:32,cpu_usr,8.5
2026-09-23 11:08:32,cpu_sys,28.9
2026-09-23 11:08:32,cpu_idl,60.9
2026-09-23 11:08:32,cpu_wai,0.0
2026-09-23 11:08:32,cpu_stl,0.0
2026-09-23 11:08:32,memory_percent,87.9
2026-09-23 11:08:32,memory_used_mb,14189.0
2026-09-23 11:08:32,memory_available_mb,1958.0
2026-09-23 11:08:32,disk_read_per_sec,32993.0
2026-09-23 11:08:32,disk_write_per_sec,644647.0
2026-09-23 11:08:32,net_send_per_sec,5092.0
2026-09-23 11:08:32,net_recv_per_sec,5569.0
2026-09-23 11:08:32,load1,0.46
2026-09-23 11:08:32,load5,0.32
2026-09-23 11:08:32,load15,0.14
2026-09-23 11:08:32,active_sessions,15.0
2026-09-23 11:08:32,active_requests,11.0
2026-09-23 11:08:32,long_queries,8.0
2026-09-23 11:08:32,long_transactions,8.0
2026-09-23 11:08:32,idle_sessions,11.0
2026-09-23 11:08:32,lock_waits,0.0
2026-09-23 11:08:32,total_locks,19.0
2026-09-23 11:08:32,deadlocks_per_sec,0.0
2026-09-23 11:08:32,page_life_expectancy,581.0
2026-09-23 11:08:32,buffer_cache_hit_ratio,100.0
2026-09-23 11:08:32,transactions_per_sec,204.7
2026-09-23 11:08:32,page_reads_per_sec,0.0
2026-09-23 11:08:32,page_writes_per_sec,0.0
2026-09-23 11:08:32,rollbacks_per_sec,0.0
2026-09-23 11:08:32,batch_requests_per_sec,0.0
2026-09-23 11:08:32,sql_compilations_per_sec,0.0
2026-09-23 11:08:32,database_size_mb,0.0
2026-09-23 11:08:32,total_reads,1359.0
2026-09-23 11:08:32,total_writes,6313.0
2026-09-23 11:08:32,venta_locks,0.0
2026-09-23 11:08:32,detalle_venta_locks,0.0
2026-09-23 11:08:32,inventario_locks,0.0
2026-09-23 11:08:32,kardex_locks,0.0
2026-09-23 11:08:32,caja_locks,0.0
2026-09-23 11:08:32,movimiento_caja_locks,0.0
2026-09-23 11:08:32,auditoria_locks,0.0
2026-09-23 11:08:32,api_status,0.0
2026-09-23 11:08:32,api_latency_ms,4085.0
2026-09-23 11:08:32,products_count,0.0
2026-09-23 11:08:32,sales_count,0.0
2026-09-23 11:08:37,cpu_usr,9.7
2026-09-23 11:08:37,cpu_sys,28.2
2026-09-23 11:08:37,cpu_idl,60.2
2026-09-23 11:08:37,cpu_wai,0.0
2026-09-23 11:08:37,cpu_stl,0.0
2026-09-23 11:08:37,memory_percent,87.8
2026-09-23 11:08:37,memory_used_mb,14184.0
2026-09-23 11:08:37,memory_available_mb,1963.0
2026-09-23 11:08:37,disk_read_per_sec,13453.0
2026-09-23 11:08:37,disk_write_per_sec,611780.0
2026-09-23 11:08:37,net_send_per_sec,4696.0
2026-09-23 11:08:37,net_recv_per_sec,5053.0
2026-09-23 11:08:37,load1,0.42
2026-09-23 11:08:37,load5,0.31
2026-09-23 11:08:37,load15,0.14
2026-09-23 11:08:37,active_sessions,14.0
2026-09-23 11:08:37,active_requests,11.0
2026-09-23 11:08:37,long_queries,8.0
2026-09-23 11:08:37,long_transactions,8.0
2026-09-23 11:08:37,idle_sessions,11.0
2026-09-23 11:08:37,lock_waits,0.0
2026-09-23 11:08:37,total_locks,19.0
2026-09-23 11:08:37,deadlocks_per_sec,0.0
2026-09-23 11:08:37,page_life_expectancy,586.0
2026-09-23 11:08:37,buffer_cache_hit_ratio,100.0
2026-09-23 11:08:37,transactions_per_sec,212.51
2026-09-23 11:08:37,page_reads_per_sec,0.0
2026-09-23 11:08:37,page_writes_per_sec,0.0
2026-09-23 11:08:37,rollbacks_per_sec,0.0
2026-09-23 11:08:37,batch_requests_per_sec,0.0
2026-09-23 11:08:37,sql_compilations_per_sec,0.0
2026-09-23 11:08:37,database_size_mb,0.0
2026-09-23 11:08:37,total_reads,1359.0
2026-09-23 11:08:37,total_writes,6396.0
2026-09-23 11:08:37,venta_locks,0.0
2026-09-23 11:08:37,detalle_venta_locks,0.0
2026-09-23 11:08:37,inventario_locks,0.0
2026-09-23 11:08:37,kardex_locks,0.0
2026-09-23 11:08:37,caja_locks,0.0
2026-09-23 11:08:37,movimiento_caja_locks,0.0
2026-09-23 11:08:37,auditoria_locks,0.0
2026-09-23 11:08:37,max_server_memory,4096.0
2026-09-23 11:08:37,user_connections_setting,0.0
2026-09-23 11:08:37,cost_threshold,5.0
2026-09-23 11:08:37,api_status,0.0
2026-09-23 11:08:37,api_latency_ms,4085.0
2026-09-23 11:08:37,products_count,0.0
2026-09-23 11:08:37,sales_count,0.0
2026-09-23 11:08:42,cpu_usr,8.9
2026-09-23 11:08:42,cpu_sys,26.1
2026-09-23 11:08:42,cpu_idl,62.9
2026-09-23 11:08:42,cpu_wai,0.0
2026-09-23 11:08:42,cpu_stl,0.0
2026-09-23 11:08:42,memory_percent,87.8
2026-09-23 11:08:42,memory_used_mb,14180.0
2026-09-23 11:08:42,memory_available_mb,1967.0
2026-09-23 11:08:42,disk_read_per_sec,4797.0
2026-09-23 11:08:42,disk_write_per_sec,729882.0
2026-09-23 11:08:42,net_send_per_sec,3801.0
2026-09-23 11:08:42,net_recv_per_sec,3840.0
2026-09-23 11:08:42,load1,0.47
2026-09-23 11:08:42,load5,0.33
2026-09-23 11:08:42,load15,0.15
2026-09-23 11:08:42,active_sessions,14.0
2026-09-23 11:08:42,active_requests,10.0
2026-09-23 11:08:42,long_queries,8.0
2026-09-23 11:08:42,long_transactions,8.0
2026-09-23 11:08:42,idle_sessions,12.0
2026-09-23 11:08:42,lock_waits,0.0
2026-09-23 11:08:42,total_locks,9.0
2026-09-23 11:08:42,deadlocks_per_sec,0.0
2026-09-23 11:08:42,page_life_expectancy,591.0
2026-09-23 11:08:42,buffer_cache_hit_ratio,100.0
2026-09-23 11:08:42,transactions_per_sec,194.64
2026-09-23 11:08:42,page_reads_per_sec,0.0
2026-09-23 11:08:42,page_writes_per_sec,0.0
2026-09-23 11:08:42,rollbacks_per_sec,0.0
2026-09-23 11:08:42,batch_requests_per_sec,0.0
2026-09-23 11:08:42,sql_compilations_per_sec,0.0
2026-09-23 11:08:42,database_size_mb,0.0
2026-09-23 11:08:42,total_reads,1359.0
2026-09-23 11:08:42,total_writes,6474.0
2026-09-23 11:08:42,venta_locks,0.0
2026-09-23 11:08:42,detalle_venta_locks,0.0
2026-09-23 11:08:42,inventario_locks,0.0
2026-09-23 11:08:42,kardex_locks,0.0
2026-09-23 11:08:42,caja_locks,0.0
2026-09-23 11:08:42,movimiento_caja_locks,0.0
2026-09-23 11:08:42,auditoria_locks,0.0
2026-09-23 11:08:42,api_status,0.0
2026-09-23 11:08:42,api_latency_ms,4073.0
2026-09-23 11:08:42,products_count,0.0
2026-09-23 11:08:42,sales_count,0.0
2026-09-23 11:08:47,cpu_usr,9.5
2026-09-23 11:08:47,cpu_sys,30.9
2026-09-23 11:08:47,cpu_idl,57.9
2026-09-23 11:08:47,cpu_wai,0.0
2026-09-23 11:08:47,cpu_stl,0.0
2026-09-23 11:08:47,memory_percent,87.4
2026-09-23 11:08:47,memory_used_mb,14113.0
2026-09-23 11:08:47,memory_available_mb,2034.0
2026-09-23 11:08:47,disk_read_per_sec,88731.0
2026-09-23 11:08:47,disk_write_per_sec,2813006.0
2026-09-23 11:08:47,net_send_per_sec,5055.0
2026-09-23 11:08:47,net_recv_per_sec,12591.0
2026-09-23 11:08:47,load1,0.43
2026-09-23 11:08:47,load5,0.32
2026-09-23 11:08:47,load15,0.15
2026-09-23 11:08:47,active_sessions,14.0
2026-09-23 11:08:47,active_requests,10.0
2026-09-23 11:08:47,long_queries,8.0
2026-09-23 11:08:47,long_transactions,8.0
2026-09-23 11:08:47,idle_sessions,11.0
2026-09-23 11:08:47,lock_waits,0.0
2026-09-23 11:08:47,total_locks,7.0
2026-09-23 11:08:47,deadlocks_per_sec,0.0
2026-09-23 11:08:47,page_life_expectancy,597.0
2026-09-23 11:08:47,buffer_cache_hit_ratio,100.0
2026-09-23 11:08:47,transactions_per_sec,222.9
2026-09-23 11:08:47,page_reads_per_sec,0.0
2026-09-23 11:08:47,page_writes_per_sec,0.0
2026-09-23 11:08:47,rollbacks_per_sec,0.0
2026-09-23 11:08:47,batch_requests_per_sec,0.0
2026-09-23 11:08:47,sql_compilations_per_sec,0.0
2026-09-23 11:08:47,database_size_mb,0.0
2026-09-23 11:08:47,total_reads,1359.0
2026-09-23 11:08:47,total_writes,6557.0
2026-09-23 11:08:47,venta_locks,0.0
2026-09-23 11:08:47,detalle_venta_locks,0.0
2026-09-23 11:08:47,inventario_locks,0.0
2026-09-23 11:08:47,kardex_locks,0.0
2026-09-23 11:08:47,caja_locks,0.0
2026-09-23 11:08:47,movimiento_caja_locks,0.0
2026-09-23 11:08:47,auditoria_locks,0.0
2026-09-23 11:08:47,api_status,0.0
2026-09-23 11:08:47,api_latency_ms,4073.0
2026-09-23 11:08:47,products_count,0.0
2026-09-23 11:08:47,sales_count,0.0
2026-09-23 11:08:53,cpu_usr,10.5
2026-09-23 11:08:53,cpu_sys,29.0
2026-09-23 11:08:53,cpu_idl,58.5
2026-09-23 11:08:53,cpu_wai,0.0
2026-09-23 11:08:53,cpu_stl,0.0
2026-09-23 11:08:53,memory_percent,87.4
2026-09-23 11:08:53,memory_used_mb,14106.0
2026-09-23 11:08:53,memory_available_mb,2042.0
2026-09-23 11:08:53,disk_read_per_sec,34380.0
2026-09-23 11:08:53,disk_write_per_sec,801447.0
2026-09-23 11:08:53,net_send_per_sec,2422.0
2026-09-23 11:08:53,net_recv_per_sec,2527.0
2026-09-23 11:08:53,load1,0.6
2026-09-23 11:08:53,load5,0.36
2026-09-23 11:08:53,load15,0.16
2026-09-23 11:08:53,active_sessions,25.0
2026-09-23 11:08:53,active_requests,21.0
2026-09-23 11:08:53,long_queries,8.0
2026-09-23 11:08:53,long_transactions,8.0
2026-09-23 11:08:53,idle_sessions,22.0
2026-09-23 11:08:53,lock_waits,0.0
2026-09-23 11:08:53,total_locks,19.0
2026-09-23 11:08:53,deadlocks_per_sec,0.0
2026-09-23 11:08:53,page_life_expectancy,602.0
2026-09-23 11:08:53,buffer_cache_hit_ratio,100.0
2026-09-23 11:08:53,transactions_per_sec,211.72
2026-09-23 11:08:53,page_reads_per_sec,0.0
2026-09-23 11:08:53,page_writes_per_sec,0.0
2026-09-23 11:08:53,rollbacks_per_sec,0.0
2026-09-23 11:08:53,batch_requests_per_sec,0.0
2026-09-23 11:08:53,sql_compilations_per_sec,0.0
2026-09-23 11:08:53,database_size_mb,0.0
2026-09-23 11:08:53,total_reads,1359.0
2026-09-23 11:08:53,total_writes,6638.0
2026-09-23 11:08:53,venta_locks,0.0
2026-09-23 11:08:53,detalle_venta_locks,0.0
2026-09-23 11:08:53,inventario_locks,0.0
2026-09-23 11:08:53,kardex_locks,0.0
2026-09-23 11:08:53,caja_locks,0.0
2026-09-23 11:08:53,movimiento_caja_locks,0.0
2026-09-23 11:08:53,auditoria_locks,0.0
2026-09-23 11:08:53,api_status,0.0
2026-09-23 11:08:53,api_latency_ms,4073.0
2026-09-23 11:08:53,products_count,0.0
2026-09-23 11:08:53,sales_count,0.0
2026-09-23 11:08:58,cpu_usr,9.5
2026-09-23 11:08:58,cpu_sys,30.0
2026-09-23 11:08:58,cpu_idl,59.1
2026-09-23 11:08:58,cpu_wai,0.0
2026-09-23 11:08:58,cpu_stl,0.0
2026-09-23 11:08:58,memory_percent,87.7
2026-09-23 11:08:58,memory_used_mb,14155.0
2026-09-23 11:08:58,memory_available_mb,1993.0
2026-09-23 11:08:58,disk_read_per_sec,63867.0
2026-09-23 11:08:58,disk_write_per_sec,563092.0
2026-09-23 11:08:58,net_send_per_sec,5251.0
2026-09-23 11:08:58,net_recv_per_sec,5005.0
2026-09-23 11:08:58,load1,0.56
2026-09-23 11:08:58,load5,0.35
2026-09-23 11:08:58,load15,0.16
2026-09-23 11:08:58,active_sessions,25.0
2026-09-23 11:08:58,active_requests,22.0
2026-09-23 11:08:58,long_queries,8.0
2026-09-23 11:08:58,long_transactions,8.0
2026-09-23 11:08:58,idle_sessions,22.0
2026-09-23 11:08:58,lock_waits,0.0
2026-09-23 11:08:58,total_locks,19.0
2026-09-23 11:08:58,deadlocks_per_sec,0.0
2026-09-23 11:08:58,page_life_expectancy,607.0
2026-09-23 11:08:58,buffer_cache_hit_ratio,100.0
2026-09-23 11:08:58,transactions_per_sec,190.28
2026-09-23 11:08:58,page_reads_per_sec,0.0
2026-09-23 11:08:58,page_writes_per_sec,0.0
2026-09-23 11:08:58,rollbacks_per_sec,0.0
2026-09-23 11:08:58,batch_requests_per_sec,0.0
2026-09-23 11:08:58,sql_compilations_per_sec,0.0
2026-09-23 11:08:58,database_size_mb,0.0
2026-09-23 11:08:58,total_reads,1359.0
2026-09-23 11:08:58,total_writes,6726.0
2026-09-23 11:08:58,venta_locks,0.0
2026-09-23 11:08:58,detalle_venta_locks,0.0
2026-09-23 11:08:58,inventario_locks,0.0
2026-09-23 11:08:58,kardex_locks,0.0
2026-09-23 11:08:58,caja_locks,0.0
2026-09-23 11:08:58,movimiento_caja_locks,0.0
2026-09-23 11:08:58,auditoria_locks,0.0
2026-09-23 11:08:58,api_status,0.0
2026-09-23 11:08:58,api_latency_ms,4049.0
2026-09-23 11:08:58,products_count,0.0
2026-09-23 11:08:58,sales_count,0.0
2026-09-23 11:09:03,cpu_usr,6.5
2026-09-23 11:09:03,cpu_sys,24.8
2026-09-23 11:09:03,cpu_idl,67.0
2026-09-23 11:09:03,cpu_wai,0.0
2026-09-23 11:09:03,cpu_stl,0.0
2026-09-23 11:09:03,memory_percent,87.8
2026-09-23 11:09:03,memory_used_mb,14176.0
2026-09-23 11:09:03,memory_available_mb,1971.0
2026-09-23 11:09:03,disk_read_per_sec,143768.0
2026-09-23 11:09:03,disk_write_per_sec,710220.0
2026-09-23 11:09:03,net_send_per_sec,3684.0
2026-09-23 11:09:03,net_recv_per_sec,3732.0
2026-09-23 11:09:03,load1,0.51
2026-09-23 11:09:03,load5,0.35
2026-09-23 11:09:03,load15,0.16
2026-09-23 11:09:03,active_sessions,25.0
2026-09-23 11:09:03,active_requests,22.0
2026-09-23 11:09:03,long_queries,8.0
2026-09-23 11:09:03,long_transactions,8.0
2026-09-23 11:09:03,idle_sessions,23.0
2026-09-23 11:09:03,lock_waits,0.0
2026-09-23 11:09:03,total_locks,12.0
2026-09-23 11:09:03,deadlocks_per_sec,0.0
2026-09-23 11:09:03,page_life_expectancy,612.0
2026-09-23 11:09:03,buffer_cache_hit_ratio,100.0
2026-09-23 11:09:03,transactions_per_sec,194.33
2026-09-23 11:09:03,page_reads_per_sec,0.0
2026-09-23 11:09:03,page_writes_per_sec,0.0
2026-09-23 11:09:03,rollbacks_per_sec,0.0
2026-09-23 11:09:03,batch_requests_per_sec,0.0
2026-09-23 11:09:03,sql_compilations_per_sec,0.0
2026-09-23 11:09:03,database_size_mb,0.0
2026-09-23 11:09:03,total_reads,1359.0
2026-09-23 11:09:03,total_writes,6806.0
2026-09-23 11:09:03,venta_locks,0.0
2026-09-23 11:09:03,detalle_venta_locks,0.0
2026-09-23 11:09:03,inventario_locks,0.0
2026-09-23 11:09:03,kardex_locks,0.0
2026-09-23 11:09:03,caja_locks,0.0
2026-09-23 11:09:03,movimiento_caja_locks,0.0
2026-09-23 11:09:03,auditoria_locks,0.0
2026-09-23 11:09:03,api_status,0.0
2026-09-23 11:09:03,api_latency_ms,4049.0
2026-09-23 11:09:03,products_count,0.0
2026-09-23 11:09:03,sales_count,0.0
2026-09-23 11:09:08,cpu_usr,8.1
2026-09-23 11:09:08,cpu_sys,27.4
2026-09-23 11:09:08,cpu_idl,62.6
2026-09-23 11:09:08,cpu_wai,0.0
2026-09-23 11:09:08,cpu_stl,0.0
2026-09-23 11:09:08,memory_percent,87.6
2026-09-23 11:09:08,memory_used_mb,14148.0
2026-09-23 11:09:08,memory_available_mb,1999.0
2026-09-23 11:09:08,disk_read_per_sec,888.0
2026-09-23 11:09:08,disk_write_per_sec,623198.0
2026-09-23 11:09:08,net_send_per_sec,2745.0
2026-09-23 11:09:08,net_recv_per_sec,2606.0
2026-09-23 11:09:08,load1,0.47
2026-09-23 11:09:08,load5,0.34
2026-09-23 11:09:08,load15,0.16
2026-09-23 11:09:08,active_sessions,26.0
2026-09-23 11:09:08,active_requests,23.0
2026-09-23 11:09:08,long_queries,19.0
2026-09-23 11:09:08,long_transactions,8.0
2026-09-23 11:09:08,idle_sessions,23.0
2026-09-23 11:09:08,lock_waits,0.0
2026-09-23 11:09:08,total_locks,13.0
2026-09-23 11:09:08,deadlocks_per_sec,0.0
2026-09-23 11:09:08,page_life_expectancy,617.0
2026-09-23 11:09:08,buffer_cache_hit_ratio,100.0
2026-09-23 11:09:08,transactions_per_sec,206.11
2026-09-23 11:09:08,page_reads_per_sec,0.0
2026-09-23 11:09:08,page_writes_per_sec,0.0
2026-09-23 11:09:08,rollbacks_per_sec,0.0
2026-09-23 11:09:08,batch_requests_per_sec,0.0
2026-09-23 11:09:08,sql_compilations_per_sec,0.0
2026-09-23 11:09:08,database_size_mb,0.0
2026-09-23 11:09:08,total_reads,1359.0
2026-09-23 11:09:08,total_writes,6887.0
2026-09-23 11:09:08,venta_locks,0.0
2026-09-23 11:09:08,detalle_venta_locks,0.0
2026-09-23 11:09:08,inventario_locks,0.0
2026-09-23 11:09:08,kardex_locks,0.0
2026-09-23 11:09:08,caja_locks,0.0
2026-09-23 11:09:08,movimiento_caja_locks,0.0
2026-09-23 11:09:08,auditoria_locks,0.0
2026-09-23 11:09:08,api_status,0.0
2026-09-23 11:09:08,api_latency_ms,4065.0
2026-09-23 11:09:08,products_count,0.0
2026-09-23 11:09:08,sales_count,0.0
2026-09-23 11:09:14,cpu_usr,9.6
2026-09-23 11:09:14,cpu_sys,32.0
2026-09-23 11:09:14,cpu_idl,56.4
2026-09-23 11:09:14,cpu_wai,0.0
2026-09-23 11:09:14,cpu_stl,0.0
2026-09-23 11:09:14,memory_percent,87.7
2026-09-23 11:09:14,memory_used_mb,14162.0
2026-09-23 11:09:14,memory_available_mb,1985.0
2026-09-23 11:09:14,disk_read_per_sec,58303.0
2026-09-23 11:09:14,disk_write_per_sec,560553.0
2026-09-23 11:09:14,net_send_per_sec,4005.0
2026-09-23 11:09:14,net_recv_per_sec,4052.0
2026-09-23 11:09:14,load1,0.43
2026-09-23 11:09:14,load5,0.34
2026-09-23 11:09:14,load15,0.16
2026-09-23 11:09:14,active_sessions,25.0
2026-09-23 11:09:14,active_requests,21.0
2026-09-23 11:09:14,long_queries,19.0
2026-09-23 11:09:14,long_transactions,8.0
2026-09-23 11:09:14,idle_sessions,23.0
2026-09-23 11:09:14,lock_waits,0.0
2026-09-23 11:09:14,total_locks,9.0
2026-09-23 11:09:14,deadlocks_per_sec,0.0
2026-09-23 11:09:14,page_life_expectancy,623.0
2026-09-23 11:09:14,buffer_cache_hit_ratio,100.0
2026-09-23 11:09:14,transactions_per_sec,225.25
2026-09-23 11:09:14,page_reads_per_sec,0.0
2026-09-23 11:09:14,page_writes_per_sec,0.0
2026-09-23 11:09:14,rollbacks_per_sec,0.0
2026-09-23 11:09:14,batch_requests_per_sec,0.0
2026-09-23 11:09:14,sql_compilations_per_sec,0.0
2026-09-23 11:09:14,database_size_mb,0.0
2026-09-23 11:09:14,total_reads,1359.0
2026-09-23 11:09:14,total_writes,6973.0
2026-09-23 11:09:14,venta_locks,0.0
2026-09-23 11:09:14,detalle_venta_locks,0.0
2026-09-23 11:09:14,inventario_locks,0.0
2026-09-23 11:09:14,kardex_locks,0.0
2026-09-23 11:09:14,caja_locks,0.0
2026-09-23 11:09:14,movimiento_caja_locks,0.0
2026-09-23 11:09:14,auditoria_locks,0.0
2026-09-23 11:09:14,api_status,0.0
2026-09-23 11:09:14,api_latency_ms,4065.0
2026-09-23 11:09:14,products_count,0.0
2026-09-23 11:09:14,sales_count,0.0
2026-09-23 11:09:19,cpu_usr,8.6
2026-09-23 11:09:19,cpu_sys,29.3
2026-09-23 11:09:19,cpu_idl,60.5
2026-09-23 11:09:19,cpu_wai,0.0
2026-09-23 11:09:19,cpu_stl,0.0
2026-09-23 11:09:19,memory_percent,87.7
2026-09-23 11:09:19,memory_used_mb,14155.0
2026-09-23 11:09:19,memory_available_mb,1992.0
2026-09-23 11:09:19,disk_read_per_sec,435397.0
2026-09-23 11:09:19,disk_write_per_sec,673047.0
2026-09-23 11:09:19,net_send_per_sec,2277.0
2026-09-23 11:09:19,net_recv_per_sec,2339.0
2026-09-23 11:09:19,load1,0.4
2026-09-23 11:09:19,load5,0.33
2026-09-23 11:09:19,load15,0.16
2026-09-23 11:09:19,active_sessions,25.0
2026-09-23 11:09:19,active_requests,22.0
2026-09-23 11:09:19,long_queries,19.0
2026-09-23 11:09:19,long_transactions,8.0
2026-09-23 11:09:19,idle_sessions,22.0
2026-09-23 11:09:19,lock_waits,0.0
2026-09-23 11:09:19,total_locks,20.0
2026-09-23 11:09:19,deadlocks_per_sec,0.0
2026-09-23 11:09:19,page_life_expectancy,628.0
2026-09-23 11:09:19,buffer_cache_hit_ratio,100.0
2026-09-23 11:09:19,transactions_per_sec,210.63
2026-09-23 11:09:19,page_reads_per_sec,0.0
2026-09-23 11:09:19,page_writes_per_sec,0.0
2026-09-23 11:09:19,rollbacks_per_sec,0.0
2026-09-23 11:09:19,batch_requests_per_sec,0.0
2026-09-23 11:09:19,sql_compilations_per_sec,0.0
2026-09-23 11:09:19,database_size_mb,0.0
2026-09-23 11:09:19,total_reads,1359.0
2026-09-23 11:09:19,total_writes,7055.0
2026-09-23 11:09:19,venta_locks,0.0
2026-09-23 11:09:19,detalle_venta_locks,0.0
2026-09-23 11:09:19,inventario_locks,0.0
2026-09-23 11:09:19,kardex_locks,0.0
2026-09-23 11:09:19,caja_locks,0.0
2026-09-23 11:09:19,movimiento_caja_locks,0.0
2026-09-23 11:09:19,auditoria_locks,0.0
2026-09-23 11:09:19,api_status,0.0
2026-09-23 11:09:19,api_latency_ms,4065.0
2026-09-23 11:09:19,products_count,0.0
2026-09-23 11:09:19,sales_count,0.0
2026-09-23 11:09:24,cpu_usr,7.5
2026-09-23 11:09:24,cpu_sys,27.7
2026-09-23 11:09:24,cpu_idl,63.0
2026-09-23 11:09:24,cpu_wai,0.0
2026-09-23 11:09:24,cpu_stl,0.0
2026-09-23 11:09:24,memory_percent,87.6
2026-09-23 11:09:24,memory_used_mb,14152.0
2026-09-23 11:09:24,memory_available_mb,1995.0
2026-09-23 11:09:24,disk_read_per_sec,11847.0
2026-09-23 11:09:24,disk_write_per_sec,537728.0
2026-09-23 11:09:24,net_send_per_sec,6241.0
2026-09-23 11:09:24,net_recv_per_sec,6450.0
2026-09-23 11:09:24,load1,0.85
2026-09-23 11:09:24,load5,0.42
2026-09-23 11:09:24,load15,0.19
2026-09-23 11:09:24,active_sessions,25.0
2026-09-23 11:09:24,active_requests,22.0
2026-09-23 11:09:24,long_queries,19.0
2026-09-23 11:09:24,long_transactions,19.0
2026-09-23 11:09:24,idle_sessions,22.0
2026-09-23 11:09:24,lock_waits,0.0
2026-09-23 11:09:24,total_locks,16.0
2026-09-23 11:09:24,deadlocks_per_sec,0.0
2026-09-23 11:09:24,page_life_expectancy,633.0
2026-09-23 11:09:24,buffer_cache_hit_ratio,100.0
2026-09-23 11:09:24,transactions_per_sec,200.99
2026-09-23 11:09:24,page_reads_per_sec,0.0
2026-09-23 11:09:24,page_writes_per_sec,0.0
2026-09-23 11:09:24,rollbacks_per_sec,0.0
2026-09-23 11:09:24,batch_requests_per_sec,0.0
2026-09-23 11:09:24,sql_compilations_per_sec,0.0
2026-09-23 11:09:24,database_size_mb,0.0
2026-09-23 11:09:24,total_reads,1360.0
2026-09-23 11:09:24,total_writes,7139.0
2026-09-23 11:09:24,venta_locks,0.0
2026-09-23 11:09:24,detalle_venta_locks,0.0
2026-09-23 11:09:24,inventario_locks,0.0
2026-09-23 11:09:24,kardex_locks,0.0
2026-09-23 11:09:24,caja_locks,0.0
2026-09-23 11:09:24,movimiento_caja_locks,0.0
2026-09-23 11:09:24,auditoria_locks,0.0
2026-09-23 11:09:24,api_status,0.0
2026-09-23 11:09:24,api_latency_ms,4051.0
2026-09-23 11:09:24,products_count,0.0
2026-09-23 11:09:24,sales_count,0.0
2026-09-23 11:09:29,cpu_usr,7.8
2026-09-23 11:09:29,cpu_sys,28.2
2026-09-23 11:09:29,cpu_idl,61.5
2026-09-23 11:09:29,cpu_wai,0.0
2026-09-23 11:09:29,cpu_stl,0.0
2026-09-23 11:09:29,memory_percent,87.2
2026-09-23 11:09:29,memory_used_mb,14082.0
2026-09-23 11:09:29,memory_available_mb,2066.0
2026-09-23 11:09:29,disk_read_per_sec,101951.0
2026-09-23 11:09:29,disk_write_per_sec,962855.0
2026-09-23 11:09:29,net_send_per_sec,3981.0
2026-09-23 11:09:29,net_recv_per_sec,4096.0
2026-09-23 11:09:29,load1,0.78
2026-09-23 11:09:29,load5,0.42
2026-09-23 11:09:29,load15,0.19
2026-09-23 11:09:29,active_sessions,26.0
2026-09-23 11:09:29,active_requests,22.0
2026-09-23 11:09:29,long_queries,19.0
2026-09-23 11:09:29,long_transactions,19.0
2026-09-23 11:09:29,idle_sessions,24.0
2026-09-23 11:09:29,lock_waits,0.0
2026-09-23 11:09:29,total_locks,11.0
2026-09-23 11:09:29,deadlocks_per_sec,0.0
2026-09-23 11:09:29,page_life_expectancy,639.0
2026-09-23 11:09:29,buffer_cache_hit_ratio,100.0
2026-09-23 11:09:29,transactions_per_sec,200.47
2026-09-23 11:09:29,page_reads_per_sec,0.0
2026-09-23 11:09:29,page_writes_per_sec,0.0
2026-09-23 11:09:29,rollbacks_per_sec,0.0
2026-09-23 11:09:29,batch_requests_per_sec,0.0
2026-09-23 11:09:29,sql_compilations_per_sec,0.0
2026-09-23 11:09:29,database_size_mb,0.0
2026-09-23 11:09:29,total_reads,1360.0
2026-09-23 11:09:29,total_writes,7224.0
2026-09-23 11:09:29,venta_locks,0.0
2026-09-23 11:09:29,detalle_venta_locks,0.0
2026-09-23 11:09:29,inventario_locks,0.0
2026-09-23 11:09:29,kardex_locks,0.0
2026-09-23 11:09:29,caja_locks,0.0
2026-09-23 11:09:29,movimiento_caja_locks,0.0
2026-09-23 11:09:29,auditoria_locks,0.0
2026-09-23 11:09:29,api_status,0.0
2026-09-23 11:09:29,api_latency_ms,4051.0
2026-09-23 11:09:29,products_count,0.0
2026-09-23 11:09:29,sales_count,0.0
2026-09-23 11:09:34,cpu_usr,7.0
2026-09-23 11:09:34,cpu_sys,28.5
2026-09-23 11:09:34,cpu_idl,62.8
2026-09-23 11:09:34,cpu_wai,0.0
2026-09-23 11:09:34,cpu_stl,0.0
2026-09-23 11:09:34,memory_percent,87.4
2026-09-23 11:09:34,memory_used_mb,14117.0
2026-09-23 11:09:34,memory_available_mb,2031.0
2026-09-23 11:09:34,disk_read_per_sec,68619.0
2026-09-23 11:09:34,disk_write_per_sec,481984.0
2026-09-23 11:09:34,net_send_per_sec,37212.0
2026-09-23 11:09:34,net_recv_per_sec,5976.0
2026-09-23 11:09:34,load1,0.72
2026-09-23 11:09:34,load5,0.41
2026-09-23 11:09:34,load15,0.19
2026-09-23 11:09:34,active_sessions,25.0
2026-09-23 11:09:34,active_requests,21.0
2026-09-23 11:09:34,long_queries,19.0
2026-09-23 11:09:34,long_transactions,19.0
2026-09-23 11:09:34,idle_sessions,23.0
2026-09-23 11:09:34,lock_waits,0.0
2026-09-23 11:09:34,total_locks,16.0
2026-09-23 11:09:34,deadlocks_per_sec,0.0
2026-09-23 11:09:34,page_life_expectancy,644.0
2026-09-23 11:09:34,buffer_cache_hit_ratio,100.0
2026-09-23 11:09:34,transactions_per_sec,199.61
2026-09-23 11:09:34,page_reads_per_sec,0.0
2026-09-23 11:09:34,page_writes_per_sec,0.0
2026-09-23 11:09:34,rollbacks_per_sec,0.0
2026-09-23 11:09:34,batch_requests_per_sec,0.0
2026-09-23 11:09:34,sql_compilations_per_sec,0.0
2026-09-23 11:09:34,database_size_mb,0.0
2026-09-23 11:09:34,total_reads,1360.0
2026-09-23 11:09:34,total_writes,7292.0
2026-09-23 11:09:34,venta_locks,0.0
2026-09-23 11:09:34,detalle_venta_locks,0.0
2026-09-23 11:09:34,inventario_locks,0.0
2026-09-23 11:09:34,kardex_locks,0.0
2026-09-23 11:09:34,caja_locks,0.0
2026-09-23 11:09:34,movimiento_caja_locks,0.0
2026-09-23 11:09:34,auditoria_locks,0.0
2026-09-23 11:09:34,api_status,0.0
2026-09-23 11:09:34,api_latency_ms,4068.0
2026-09-23 11:09:34,products_count,0.0
2026-09-23 11:09:34,sales_count,0.0
2026-09-23 11:09:40,cpu_usr,9.7
2026-09-23 11:09:40,cpu_sys,30.4
2026-09-23 11:09:40,cpu_idl,57.9
2026-09-23 11:09:40,cpu_wai,0.0
2026-09-23 11:09:40,cpu_stl,0.0
2026-09-23 11:09:40,memory_percent,87.4
2026-09-23 11:09:40,memory_used_mb,14121.0
2026-09-23 11:09:40,memory_available_mb,2027.0
2026-09-23 11:09:40,disk_read_per_sec,19630.0
2026-09-23 11:09:40,disk_write_per_sec,1195476.0
2026-09-23 11:09:40,net_send_per_sec,3922.0
2026-09-23 11:09:40,net_recv_per_sec,3985.0
2026-09-23 11:09:40,load1,0.66
2026-09-23 11:09:40,load5,0.4
2026-09-23 11:09:40,load15,0.19
2026-09-23 11:09:40,active_sessions,25.0
2026-09-23 11:09:40,active_requests,22.0
2026-09-23 11:09:40,long_queries,19.0
2026-09-23 11:09:40,long_transactions,19.0
2026-09-23 11:09:40,idle_sessions,24.0
2026-09-23 11:09:40,lock_waits,0.0
2026-09-23 11:09:40,total_locks,8.0
2026-09-23 11:09:40,deadlocks_per_sec,0.0
2026-09-23 11:09:40,page_life_expectancy,650.0
2026-09-23 11:09:40,buffer_cache_hit_ratio,100.0
2026-09-23 11:09:40,transactions_per_sec,204.48
2026-09-23 11:09:40,page_reads_per_sec,0.0
2026-09-23 11:09:40,page_writes_per_sec,0.0
2026-09-23 11:09:40,rollbacks_per_sec,0.0
2026-09-23 11:09:40,batch_requests_per_sec,0.0
2026-09-23 11:09:40,sql_compilations_per_sec,0.0
2026-09-23 11:09:40,database_size_mb,0.0
2026-09-23 11:09:40,total_reads,1360.0
2026-09-23 11:09:40,total_writes,7383.0
2026-09-23 11:09:40,venta_locks,0.0
2026-09-23 11:09:40,detalle_venta_locks,0.0
2026-09-23 11:09:40,inventario_locks,0.0
2026-09-23 11:09:40,kardex_locks,0.0
2026-09-23 11:09:40,caja_locks,0.0
2026-09-23 11:09:40,movimiento_caja_locks,0.0
2026-09-23 11:09:40,auditoria_locks,0.0
2026-09-23 11:09:40,api_status,0.0
2026-09-23 11:09:40,api_latency_ms,4068.0
2026-09-23 11:09:40,products_count,0.0
2026-09-23 11:09:40,sales_count,0.0
2026-09-23 11:09:45,cpu_usr,10.5
2026-09-23 11:09:45,cpu_sys,13.9
2026-09-23 11:09:45,cpu_idl,74.6
2026-09-23 11:09:45,cpu_wai,0.0
2026-09-23 11:09:45,cpu_stl,0.0
2026-09-23 11:09:45,memory_percent,87.4
2026-09-23 11:09:45,memory_used_mb,14110.0
2026-09-23 11:09:45,memory_available_mb,2037.0
2026-09-23 11:09:45,disk_read_per_sec,7199742.0
2026-09-23 11:09:45,disk_write_per_sec,1684706.0
2026-09-23 11:09:45,net_send_per_sec,2252.0
2026-09-23 11:09:45,net_recv_per_sec,2227.0
2026-09-23 11:09:45,load1,0.61
2026-09-23 11:09:45,load5,0.4
2026-09-23 11:09:45,load15,0.18
2026-09-23 11:09:45,active_sessions,23.0
2026-09-23 11:09:45,active_requests,21.0
2026-09-23 11:09:45,long_queries,19.0
2026-09-23 11:09:45,long_transactions,19.0
2026-09-23 11:09:45,idle_sessions,22.0
2026-09-23 11:09:45,lock_waits,0.0
2026-09-23 11:09:45,total_locks,3.0
2026-09-23 11:09:45,deadlocks_per_sec,0.0
2026-09-23 11:09:45,page_life_expectancy,655.0
2026-09-23 11:09:45,buffer_cache_hit_ratio,100.0
2026-09-23 11:09:45,transactions_per_sec,17.15
2026-09-23 11:09:45,page_reads_per_sec,0.0
2026-09-23 11:09:45,page_writes_per_sec,0.0
2026-09-23 11:09:45,rollbacks_per_sec,0.0
2026-09-23 11:09:45,batch_requests_per_sec,0.0
2026-09-23 11:09:45,sql_compilations_per_sec,0.0
2026-09-23 11:09:45,database_size_mb,0.0
2026-09-23 11:09:45,total_reads,1360.0
2026-09-23 11:09:45,total_writes,7392.0
2026-09-23 11:09:45,venta_locks,0.0
2026-09-23 11:09:45,detalle_venta_locks,0.0
2026-09-23 11:09:45,inventario_locks,0.0
2026-09-23 11:09:45,kardex_locks,0.0
2026-09-23 11:09:45,caja_locks,0.0
2026-09-23 11:09:45,movimiento_caja_locks,0.0
2026-09-23 11:09:45,auditoria_locks,0.0
2026-09-23 11:09:45,api_status,0.0
2026-09-23 11:09:45,api_latency_ms,4068.0
2026-09-23 11:09:45,products_count,0.0
2026-09-23 11:09:45,sales_count,0.0
