timestamp,proceso,mensaje,log_category,run_name
2026-09-11 13:43:46.580,Server,Microsoft SQL Server 2022 (RTM-CU26) (KB5093420) - 16.0.4265.3 (X64) Jul 7 2026 14:37:25 Copyright (C) 2022 Microsoft Corporation Developer Edition (64-bit) on Linux (Ubuntu 22.04.5 LTS) <X64>,INFO,10
2026-09-11 13:43:46.580,Server,UTC adjustment: 0:00,INFO,10
2026-09-11 13:43:46.580,Server,(c) Microsoft Corporation.,INFO,10
2026-09-11 13:43:46.580,Server,All rights reserved.,INFO,10
2026-09-11 13:43:46.580,Server,Server process ID is 456.,INFO,10
2026-09-11 13:43:46.590,Server,Logging SQL Server messages in file '/var/opt/mssql/log/errorlog'.,ERROR,10
2026-09-11 13:43:46.590,Server,Registry startup parameters: -d /var/opt/mssql/data/master.mdf -l /var/opt/mssql/data/mastlog.ldf -e /var/opt/mssql/log/errorlog,ERROR,10
2026-09-11 13:43:46.600,Server,"SQL Server detected 1 sockets with 3 cores per socket and 6 logical processors per socket, 6 total logical processors; using 6 logical processors based on SQL Server licensing. This is an informational message; no user action is required.",INFO,10
2026-09-11 13:43:46.600,Server,SQL Server is starting at normal priority base (=7). This is an informational message only. No user action is required.,STARTUP,10
2026-09-11 13:43:46.600,Server,"Detected 3916 MB of RAM, 2959 MB of available memory, 2959 MB of available page file. This is an informational message; no user action is required.",INFO,10
2026-09-11 13:43:46.610,Server,Using conventional memory in the memory manager.,INFO,10
2026-09-11 13:43:46.610,Server,Detected pause instruction latency: 140 cycles.,PERFORMANCE,10
2026-09-11 13:43:46.610,Server,"SQL Server detected the following NUMA node configuration (NUMA Node number 0, Processor Group number 0, CPU Mask 0x000000000000003f).",CONFIGURATION,10
2026-09-11 13:43:46.610,Server,Page exclusion bitmap is enabled.,INFO,10
2026-09-11 13:43:46.670,Server,Buffer pool extension is not supported on Linux platform.,INFO,10
2026-09-11 13:43:46.680,Server,Buffer Pool: Allocating 4194304 bytes for 465302 hashPages.,INFO,10
2026-09-11 13:43:46.900,Server,Buffer pool extension is already disabled. No action is necessary.,INFO,10
2026-09-11 13:43:47.460,Server,Installing Client TLS certificates to the store.,INFO,10
2026-09-11 13:43:47.480,Server,CPU vectorization level(s) detected: SSE SSE2 SSE3 SSSE3 SSE41 SSE42 AVX AVX2 POPCNT BMI1 BMI2 AVX512 (F CD BW DQ VL IFMA VBMI VBMI2 VNNI BITALG VPOQCNTDQ VP2INTERSECT),INFO,10
2026-09-11 13:43:47.600,Server,Successfully initialized the TLS configuration. Allowed TLS protocol versions are ['1.0 1.1 1.2']. Allowed TLS ciphers are ['ECDHE-ECDSA-AES128-GCM-SHA256:ECDHE-ECDSA-AES256-GCM-SHA384:ECDHE-RSA-AES128-GCM-SHA256:ECDHE-RSA-AES256-GCM-SHA384:ECDHE-ECDSA-AES128-SHA256:ECDHE-ECDSA-AES256-SHA384:ECDHE-ECDSA-AES256-SHA:ECDHE-ECDSA-AES128-SHA:AES256-GCM-SHA384:AES128-GCM-SHA256:AES256-SHA256:AES128-SHA256:AES256-SHA:AES128-SHA:!DHE-RSA-AES256-GCM-SHA384:!DHE-RSA-AES128-GCM-SHA256:!DHE-RSA-AES256-SHA:!DHE-RSA-AES128-SHA'].,CONFIGURATION,10
2026-09-11 13:43:47.660,Server,"Query Store settings initialized with enabled = 1,",CONFIGURATION,10
2026-09-11 13:43:47.690,Server,The maximum number of dedicated administrator connections for this instance is '1',INFO,10
2026-09-11 13:43:47.700,Server,Node configuration: node 0: CPU mask: 0x000000000000003f:0 Active CPU mask: 0x000000000000003f:0. This message provides a description of the NUMA configuration for this computer. This is an informational message only. No user action is required.,CONFIGURATION,10
2026-09-11 13:43:47.730,Server,Using dynamic lock allocation. Initial allocation of 2500 Lock blocks and 5000 Lock Owner blocks per node. This is an informational message only. No user action is required.,INFO,10
2026-09-11 13:43:47.790,Server,In-Memory OLTP initialized on lowend machine.,INFO,10
2026-09-11 13:43:47.860,Server,CLR version v4.0.30319 loaded.,INFO,10
2026-09-11 13:43:47.910,Server,[INFO] Created Extended Events session 'hkenginexesession',INFO,10
2026-09-11 13:43:47.910,Server,Database Instant File Initialization: enabled. For security and performance considerations see the topic 'Database Instant File Initialization' in SQL Server Books Online. This is an informational message only. No user action is required.,PERFORMANCE,10
2026-09-11 13:43:47.930,Server,Total Log Writer threads: 2. This is an informational message; no user action is required.,INFO,10
2026-09-11 13:43:47.950,Server,clwb is selected for pmem flush operation.,INFO,10
2026-09-11 13:43:47.950,Server,Software Usage Metrics is disabled.,INFO,10
2026-09-11 13:43:47.970,spid23s,"[1]. Feature Status: PVS: 0. CTR: 0. ConcurrentPFSUpdate: 1. ConcurrentGAMUpdate: 1. ConcurrentSGAMUpdate: 1, CleanupUnderUserTransaction: 0. TranLevelPVS: 0",INFO,10
2026-09-11 13:43:47.970,spid23s,Starting up database 'master'.,STARTUP,10
2026-09-11 13:43:48.090,spid23s,49 transactions rolled forward in database 'master' (1:0). This is an informational message only. No user action is required.,INFO,10
2026-09-11 13:43:48.130,spid23s,0 transactions rolled back in database 'master' (1:0). This is an informational message only. No user action is required.,INFO,10
2026-09-11 13:43:48.130,spid23s,Recovery is writing a checkpoint in database 'master' (1). This is an informational message only. No user action is required.,STARTUP,10
2026-09-11 13:43:48.290,spid23s,"[32762]. Feature Status: PVS: 0. CTR: 0. ConcurrentPFSUpdate: 1. ConcurrentGAMUpdate: 1. ConcurrentSGAMUpdate: 1, CleanupUnderUserTransaction: 0. TranLevelPVS: 0",INFO,10
2026-09-11 13:43:48.300,spid23s,Starting up database 'model_replicatedmaster'.,STARTUP,10
2026-09-11 13:43:48.300,spid26s,"[32767]. Feature Status: PVS: 0. CTR: 0. ConcurrentPFSUpdate: 1. ConcurrentGAMUpdate: 1. ConcurrentSGAMUpdate: 1, CleanupUnderUserTransaction: 0. TranLevelPVS: 0",INFO,10
2026-09-11 13:43:48.300,spid26s,Starting up database 'mssqlsystemresource'.,STARTUP,10
2026-09-11 13:43:48.310,spid26s,The resource database build version is 16.00.4265. This is an informational message only. No user action is required.,INFO,10
2026-09-11 13:43:48.360,spid26s,"[3]. Feature Status: PVS: 0. CTR: 0. ConcurrentPFSUpdate: 1. ConcurrentGAMUpdate: 1. ConcurrentSGAMUpdate: 1, CleanupUnderUserTransaction: 0. TranLevelPVS: 0",INFO,10
2026-09-11 13:43:48.370,spid26s,Starting up database 'model'.,STARTUP,10
2026-09-11 13:43:48.440,spid23s,Converting database 'model_replicatedmaster' from version 927 to the current version 957.,INFO,10
2026-09-11 13:43:48.440,spid23s,Database 'model_replicatedmaster' running the upgrade step from version 927 to version 928.,INFO,10
2026-09-11 13:43:48.440,Server,Common language runtime (CLR) functionality initialized.,INFO,10
2026-09-11 13:43:48.470,spid23s,Database 'model_replicatedmaster' running the upgrade step from version 928 to version 929.,INFO,10
2026-09-11 13:43:48.550,spid23s,Database 'model_replicatedmaster' running the upgrade step from version 929 to version 930.,INFO,10
2026-09-11 13:43:48.580,spid23s,Database 'model_replicatedmaster' running the upgrade step from version 930 to version 931.,INFO,10
2026-09-11 13:43:48.600,spid23s,Database 'model_replicatedmaster' running the upgrade step from version 931 to version 932.,INFO,10
2026-09-11 13:43:48.620,spid23s,Database 'model_replicatedmaster' running the upgrade step from version 932 to version 933.,INFO,10
2026-09-11 13:43:48.620,Server,External governance manager initialized,INFO,10
2026-09-11 13:43:48.650,spid23s,Database 'model_replicatedmaster' running the upgrade step from version 933 to version 934.,INFO,10
2026-09-11 13:43:48.700,spid23s,Database 'model_replicatedmaster' running the upgrade step from version 934 to version 935.,INFO,10
2026-09-11 13:43:48.700,spid32s,A self-generated certificate was successfully loaded for encryption.,INFO,10
2026-09-11 13:43:48.710,spid32s,Server is listening on [ 'any' <ipv6> 1433] accept sockets 1.,INFO,10
2026-09-11 13:43:48.710,spid32s,Server is listening on [ 'any' <ipv4> 1433] accept sockets 1.,INFO,10
2026-09-11 13:43:48.720,Server,Server is listening on [ ::1 <ipv6> 1434] accept sockets 1.,INFO,10
2026-09-11 13:43:48.720,Server,Server is listening on [ 127.0.0.1 <ipv4> 1434] accept sockets 1.,INFO,10
2026-09-11 13:43:48.720,Server,Dedicated admin connection support was established for listening locally on port 1434.,INFO,10
2026-09-11 13:43:48.730,spid32s,Server is listening on [ ::1 <ipv6> 1431] accept sockets 1.,INFO,10
2026-09-11 13:43:48.730,spid32s,Server is listening on [ 127.0.0.1 <ipv4> 1431] accept sockets 1.,INFO,10
2026-09-11 13:43:48.740,spid32s,SQL Server is now ready for client connections. This is an informational message; no user action is required.,STARTUP,10
2026-09-11 13:43:48.740,spid23s,Database 'model_replicatedmaster' running the upgrade step from version 935 to version 936.,INFO,10
2026-09-11 13:43:48.770,spid23s,Database 'model_replicatedmaster' running the upgrade step from version 936 to version 937.,INFO,10
2026-09-11 13:43:48.790,spid23s,Database 'model_replicatedmaster' running the upgrade step from version 937 to version 938.,INFO,10
2026-09-11 13:43:48.820,spid23s,Database 'model_replicatedmaster' running the upgrade step from version 938 to version 939.,INFO,10
2026-09-11 13:43:48.850,spid23s,Database 'model_replicatedmaster' running the upgrade step from version 939 to version 940.,INFO,10
2026-09-11 13:43:48.870,spid23s,Database 'model_replicatedmaster' running the upgrade step from version 940 to version 941.,INFO,10
2026-09-11 13:43:48.900,spid23s,Database 'model_replicatedmaster' running the upgrade step from version 941 to version 942.,INFO,10
2026-09-11 13:43:48.930,spid23s,Database 'model_replicatedmaster' running the upgrade step from version 942 to version 943.,INFO,10
2026-09-11 13:43:49.040,spid23s,Database 'model_replicatedmaster' running the upgrade step from version 943 to version 944.,INFO,10
2026-09-11 13:43:49.070,spid23s,Database 'model_replicatedmaster' running the upgrade step from version 944 to version 945.,INFO,10
2026-09-11 13:43:49.110,spid23s,Database 'model_replicatedmaster' running the upgrade step from version 945 to version 946.,INFO,10
2026-09-11 13:43:49.150,spid23s,Database 'model_replicatedmaster' running the upgrade step from version 946 to version 947.,INFO,10
2026-09-11 13:43:49.190,spid23s,Database 'model_replicatedmaster' running the upgrade step from version 947 to version 948.,INFO,10
2026-09-11 13:43:49.220,spid23s,Database 'model_replicatedmaster' running the upgrade step from version 948 to version 949.,INFO,10
2026-09-11 13:43:49.260,spid23s,Database 'model_replicatedmaster' running the upgrade step from version 949 to version 950.,INFO,10
2026-09-11 13:43:49.290,spid23s,Database 'model_replicatedmaster' running the upgrade step from version 950 to version 951.,INFO,10
2026-09-11 13:43:49.350,spid23s,Database 'model_replicatedmaster' running the upgrade step from version 951 to version 952.,INFO,10
2026-09-11 13:43:49.370,spid23s,Database 'model_replicatedmaster' running the upgrade step from version 952 to version 953.,INFO,10
2026-09-11 13:43:49.410,spid23s,Database 'model_replicatedmaster' running the upgrade step from version 953 to version 954.,INFO,10
2026-09-11 13:43:49.420,spid23s,Database 'model_replicatedmaster' running the upgrade step from version 954 to version 955.,INFO,10
2026-09-11 13:43:49.440,spid23s,Database 'model_replicatedmaster' running the upgrade step from version 955 to version 956.,INFO,10
2026-09-11 13:43:49.470,spid23s,Database 'model_replicatedmaster' running the upgrade step from version 956 to version 957.,INFO,10
2026-09-11 13:43:49.620,spid23s,"[32761]. Feature Status: PVS: 0. CTR: 0. ConcurrentPFSUpdate: 1. ConcurrentGAMUpdate: 1. ConcurrentSGAMUpdate: 1, CleanupUnderUserTransaction: 0. TranLevelPVS: 0",INFO,10
2026-09-11 13:43:49.630,spid23s,Starting up database 'model_msdb'.,STARTUP,10
2026-09-11 13:43:49.820,spid23s,Converting database 'model_msdb' from version 927 to the current version 957.,INFO,10
2026-09-11 13:43:49.830,spid23s,Database 'model_msdb' running the upgrade step from version 927 to version 928.,INFO,10
2026-09-11 13:43:49.870,spid23s,Database 'model_msdb' running the upgrade step from version 928 to version 929.,INFO,10
2026-09-11 13:43:49.960,spid23s,Database 'model_msdb' running the upgrade step from version 929 to version 930.,INFO,10
2026-09-11 13:43:50.010,spid23s,Database 'model_msdb' running the upgrade step from version 930 to version 931.,INFO,10
2026-09-11 13:43:50.090,spid23s,Database 'model_msdb' running the upgrade step from version 931 to version 932.,INFO,10
2026-09-11 13:43:50.110,spid23s,Database 'model_msdb' running the upgrade step from version 932 to version 933.,INFO,10
2026-09-11 13:43:50.130,spid23s,Database 'model_msdb' running the upgrade step from version 933 to version 934.,INFO,10
2026-09-11 13:43:50.160,spid23s,Database 'model_msdb' running the upgrade step from version 934 to version 935.,INFO,10
2026-09-11 13:43:50.190,spid23s,Database 'model_msdb' running the upgrade step from version 935 to version 936.,INFO,10
2026-09-11 13:43:50.220,spid23s,Database 'model_msdb' running the upgrade step from version 936 to version 937.,INFO,10
2026-09-11 13:43:50.260,spid23s,Database 'model_msdb' running the upgrade step from version 937 to version 938.,INFO,10
2026-09-11 13:43:50.300,spid23s,Database 'model_msdb' running the upgrade step from version 938 to version 939.,INFO,10
2026-09-11 13:43:50.330,spid23s,Database 'model_msdb' running the upgrade step from version 939 to version 940.,INFO,10
2026-09-11 13:43:50.380,spid23s,Database 'model_msdb' running the upgrade step from version 940 to version 941.,INFO,10
2026-09-11 13:43:50.410,spid23s,Database 'model_msdb' running the upgrade step from version 941 to version 942.,INFO,10
2026-09-11 13:43:50.460,spid23s,Database 'model_msdb' running the upgrade step from version 942 to version 943.,INFO,10
2026-09-11 13:43:50.530,spid23s,Database 'model_msdb' running the upgrade step from version 943 to version 944.,INFO,10
2026-09-11 13:43:50.550,spid23s,Database 'model_msdb' running the upgrade step from version 944 to version 945.,INFO,10
2026-09-11 13:43:50.580,spid23s,Database 'model_msdb' running the upgrade step from version 945 to version 946.,INFO,10
2026-09-11 13:43:50.600,spid23s,Database 'model_msdb' running the upgrade step from version 946 to version 947.,INFO,10
2026-09-11 13:43:50.620,spid23s,Database 'model_msdb' running the upgrade step from version 947 to version 948.,INFO,10
2026-09-11 13:43:50.640,spid23s,Database 'model_msdb' running the upgrade step from version 948 to version 949.,INFO,10
2026-09-11 13:43:50.650,spid23s,Database 'model_msdb' running the upgrade step from version 949 to version 950.,INFO,10
2026-09-11 13:43:50.670,spid23s,Database 'model_msdb' running the upgrade step from version 950 to version 951.,INFO,10
2026-09-11 13:43:50.700,spid23s,Database 'model_msdb' running the upgrade step from version 951 to version 952.,INFO,10
2026-09-11 13:43:50.740,spid23s,Database 'model_msdb' running the upgrade step from version 952 to version 953.,INFO,10
2026-09-11 13:43:50.780,spid23s,Database 'model_msdb' running the upgrade step from version 953 to version 954.,INFO,10
2026-09-11 13:43:50.810,spid23s,Database 'model_msdb' running the upgrade step from version 954 to version 955.,INFO,10
2026-09-11 13:43:50.840,spid23s,Database 'model_msdb' running the upgrade step from version 955 to version 956.,INFO,10
2026-09-11 13:43:50.930,spid23s,Database 'model_msdb' running the upgrade step from version 956 to version 957.,INFO,10
2026-09-11 13:43:51.020,spid23s,Resource governor reconfiguration succeeded.,CONFIGURATION,10
2026-09-11 13:43:51.030,spid38s,Attribute synchronization initialized,INFO,10
2026-09-11 13:43:51.030,spid23s,SQL Server Audit is starting the audits. This is an informational message. No user action is required.,STARTUP,10
2026-09-11 13:43:51.030,spid38s,Attribute synchronization manager initialized,INFO,10
2026-09-11 13:43:51.030,spid23s,SQL Server Audit has started the audits. This is an informational message. No user action is required.,STARTUP,10
2026-09-11 13:43:51.230,spid23s,"SQL Trace ID 1 was started by login ""sa"".",STARTUP,10
2026-09-11 13:43:51.270,spid23s,Server name is 'fadf03e4e65e'. This is an informational message only. No user action is required.,INFO,10
2026-09-11 13:43:51.320,spid26s,Clearing tempdb database.,INFO,10
2026-09-11 13:43:51.320,spid53s,Always On: The availability replica manager is starting. This is an informational message only. No user action is required.,STARTUP,10
2026-09-11 13:43:51.320,spid56s,"[4]. Feature Status: PVS: 0. CTR: 0. ConcurrentPFSUpdate: 1. ConcurrentGAMUpdate: 1. ConcurrentSGAMUpdate: 1, CleanupUnderUserTransaction: 0. TranLevelPVS: 0",INFO,10
2026-09-11 13:43:51.320,spid57s,"[5]. Feature Status: PVS: 0. CTR: 0. ConcurrentPFSUpdate: 1. ConcurrentGAMUpdate: 1. ConcurrentSGAMUpdate: 1, CleanupUnderUserTransaction: 0. TranLevelPVS: 0",INFO,10
2026-09-11 13:43:51.330,spid53s,Always On: The availability replica manager is waiting for the instance of SQL Server to allow client connections. This is an informational message only. No user action is required.,INFO,10
2026-09-11 13:43:51.330,spid56s,Starting up database 'msdb'.,STARTUP,10
2026-09-11 13:43:51.330,spid57s,Starting up database 'SteelNort'.,STARTUP,10
2026-09-11 13:43:51.340,spid57s,RemoveStaleDbEntries: Cleanup of stale DB entries called for database ID: [5],INFO,10
2026-09-11 13:43:51.340,spid57s,RemoveStaleDbEntries: Cleanup of stale DB entries skipped because master db is not memory optimized. DbId: 5.,INFO,10
2026-09-11 13:43:51.440,spid57s,Parallel redo is started for database 'SteelNort' with worker pool size [3].,STARTUP,10
2026-09-11 13:43:51.520,spid23s,Recovery is writing a checkpoint in database 'msdb' (4). This is an informational message only. No user action is required.,STARTUP,10
2026-09-11 13:43:51.600,spid26s,"[2]. Feature Status: PVS: 0. CTR: 0. ConcurrentPFSUpdate: 1. ConcurrentGAMUpdate: 1. ConcurrentSGAMUpdate: 1, CleanupUnderUserTransaction: 0. TranLevelPVS: 0",INFO,10
2026-09-11 13:43:51.600,spid26s,Starting up database 'tempdb'.,STARTUP,10
2026-09-11 13:43:52.540,spid57s,Recovery of database 'SteelNort' (5) is 1% complete (approximately 93 seconds remain). Phase 2 of 3. This is an informational message only. No user action is required.,STARTUP,10
2026-09-11 13:43:52.870,spid57s,20399 transactions rolled forward in database 'SteelNort' (5:0). This is an informational message only. No user action is required.,INFO,10
2026-09-11 13:43:52.910,spid26s,The tempdb database has 8 data file(s).,INFO,10
2026-09-11 13:43:52.930,spid34s,The Service Broker endpoint is in disabled or stopped state.,INFO,10
2026-09-11 13:43:52.930,spid34s,The Database Mirroring endpoint is in disabled or stopped state.,INFO,10
2026-09-11 13:43:52.940,spid57s,0 transactions rolled back in database 'SteelNort' (5:0). This is an informational message only. No user action is required.,INFO,10
2026-09-11 13:43:52.940,spid57s,"Recovery completed for database SteelNort (database ID 5) in 2 second(s) (analysis 1094 ms, redo 337 ms, undo 33 ms [system undo 0 ms, regular undo 0 ms].) ADR-enabled=0, Is primary=1, OL-Enabled=0. This is an informational message only. No user action is required.",STARTUP,10
2026-09-11 13:43:52.950,spid34s,Service Broker manager has started.,STARTUP,10
2026-09-11 13:43:52.950,spid57s,Parallel redo is shutdown for database 'SteelNort' with worker pool size [3].,INFO,10
2026-09-11 13:43:52.960,spid23s,Recovery is complete. This is an informational message only. No user action is required.,STARTUP,10
2026-09-11 13:48:25.720,spid71,Attempting to load library 'xpstar.dll' into memory. This is an informational message only. No user action is required.,INFO,10
2026-09-11 13:48:25.790,spid71,Using 'xpstar.dll' version '2022.160.4265' to execute extended stored procedure 'xp_readerrorlog'. This is an informational message only; no user action is required.,ERROR,10
2026-09-11 13:48:43.020,spid24s,Using 'dbghelp.dll' version '4.0.5',INFO,10
2026-09-11 13:43:46.580,Server,Microsoft SQL Server 2022 (RTM-CU26) (KB5093420) - 16.0.4265.3 (X64) Jul 7 2026 14:37:25 Copyright (C) 2022 Microsoft Corporation Developer Edition (64-bit) on Linux (Ubuntu 22.04.5 LTS) <X64>,INFO,11
2026-09-11 13:43:46.580,Server,UTC adjustment: 0:00,INFO,11
2026-09-11 13:43:46.580,Server,(c) Microsoft Corporation.,INFO,11
2026-09-11 13:43:46.580,Server,All rights reserved.,INFO,11
2026-09-11 13:43:46.580,Server,Server process ID is 456.,INFO,11
2026-09-11 13:43:46.590,Server,Logging SQL Server messages in file '/var/opt/mssql/log/errorlog'.,ERROR,11
2026-09-11 13:43:46.590,Server,Registry startup parameters: -d /var/opt/mssql/data/master.mdf -l /var/opt/mssql/data/mastlog.ldf -e /var/opt/mssql/log/errorlog,ERROR,11
2026-09-11 13:43:46.600,Server,"SQL Server detected 1 sockets with 3 cores per socket and 6 logical processors per socket, 6 total logical processors; using 6 logical processors based on SQL Server licensing. This is an informational message; no user action is required.",INFO,11
2026-09-11 13:43:46.600,Server,SQL Server is starting at normal priority base (=7). This is an informational message only. No user action is required.,STARTUP,11
2026-09-11 13:43:46.600,Server,"Detected 3916 MB of RAM, 2959 MB of available memory, 2959 MB of available page file. This is an informational message; no user action is required.",INFO,11
2026-09-11 13:43:46.610,Server,Using conventional memory in the memory manager.,INFO,11
2026-09-11 13:43:46.610,Server,Detected pause instruction latency: 140 cycles.,PERFORMANCE,11
2026-09-11 13:43:46.610,Server,"SQL Server detected the following NUMA node configuration (NUMA Node number 0, Processor Group number 0, CPU Mask 0x000000000000003f).",CONFIGURATION,11
2026-09-11 13:43:46.610,Server,Page exclusion bitmap is enabled.,INFO,11
2026-09-11 13:43:46.670,Server,Buffer pool extension is not supported on Linux platform.,INFO,11
2026-09-11 13:43:46.680,Server,Buffer Pool: Allocating 4194304 bytes for 465302 hashPages.,INFO,11
2026-09-11 13:43:46.900,Server,Buffer pool extension is already disabled. No action is necessary.,INFO,11
2026-09-11 13:43:47.460,Server,Installing Client TLS certificates to the store.,INFO,11
2026-09-11 13:43:47.480,Server,CPU vectorization level(s) detected: SSE SSE2 SSE3 SSSE3 SSE41 SSE42 AVX AVX2 POPCNT BMI1 BMI2 AVX512 (F CD BW DQ VL IFMA VBMI VBMI2 VNNI BITALG VPOQCNTDQ VP2INTERSECT),INFO,11
2026-09-11 13:43:47.600,Server,Successfully initialized the TLS configuration. Allowed TLS protocol versions are ['1.0 1.1 1.2']. Allowed TLS ciphers are ['ECDHE-ECDSA-AES128-GCM-SHA256:ECDHE-ECDSA-AES256-GCM-SHA384:ECDHE-RSA-AES128-GCM-SHA256:ECDHE-RSA-AES256-GCM-SHA384:ECDHE-ECDSA-AES128-SHA256:ECDHE-ECDSA-AES256-SHA384:ECDHE-ECDSA-AES256-SHA:ECDHE-ECDSA-AES128-SHA:AES256-GCM-SHA384:AES128-GCM-SHA256:AES256-SHA256:AES128-SHA256:AES256-SHA:AES128-SHA:!DHE-RSA-AES256-GCM-SHA384:!DHE-RSA-AES128-GCM-SHA256:!DHE-RSA-AES256-SHA:!DHE-RSA-AES128-SHA'].,CONFIGURATION,11
2026-09-11 13:43:47.660,Server,"Query Store settings initialized with enabled = 1,",CONFIGURATION,11
2026-09-11 13:43:47.690,Server,The maximum number of dedicated administrator connections for this instance is '1',INFO,11
2026-09-11 13:43:47.700,Server,Node configuration: node 0: CPU mask: 0x000000000000003f:0 Active CPU mask: 0x000000000000003f:0. This message provides a description of the NUMA configuration for this computer. This is an informational message only. No user action is required.,CONFIGURATION,11
2026-09-11 13:43:47.730,Server,Using dynamic lock allocation. Initial allocation of 2500 Lock blocks and 5000 Lock Owner blocks per node. This is an informational message only. No user action is required.,INFO,11
2026-09-11 13:43:47.790,Server,In-Memory OLTP initialized on lowend machine.,INFO,11
2026-09-11 13:43:47.860,Server,CLR version v4.0.30319 loaded.,INFO,11
2026-09-11 13:43:47.910,Server,[INFO] Created Extended Events session 'hkenginexesession',INFO,11
2026-09-11 13:43:47.910,Server,Database Instant File Initialization: enabled. For security and performance considerations see the topic 'Database Instant File Initialization' in SQL Server Books Online. This is an informational message only. No user action is required.,PERFORMANCE,11
2026-09-11 13:43:47.930,Server,Total Log Writer threads: 2. This is an informational message; no user action is required.,INFO,11
2026-09-11 13:43:47.950,Server,clwb is selected for pmem flush operation.,INFO,11
2026-09-11 13:43:47.950,Server,Software Usage Metrics is disabled.,INFO,11
2026-09-11 13:43:47.970,spid23s,"[1]. Feature Status: PVS: 0. CTR: 0. ConcurrentPFSUpdate: 1. ConcurrentGAMUpdate: 1. ConcurrentSGAMUpdate: 1, CleanupUnderUserTransaction: 0. TranLevelPVS: 0",INFO,11
2026-09-11 13:43:47.970,spid23s,Starting up database 'master'.,STARTUP,11
2026-09-11 13:43:48.090,spid23s,49 transactions rolled forward in database 'master' (1:0). This is an informational message only. No user action is required.,INFO,11
2026-09-11 13:43:48.130,spid23s,0 transactions rolled back in database 'master' (1:0). This is an informational message only. No user action is required.,INFO,11
2026-09-11 13:43:48.130,spid23s,Recovery is writing a checkpoint in database 'master' (1). This is an informational message only. No user action is required.,STARTUP,11
2026-09-11 13:43:48.290,spid23s,"[32762]. Feature Status: PVS: 0. CTR: 0. ConcurrentPFSUpdate: 1. ConcurrentGAMUpdate: 1. ConcurrentSGAMUpdate: 1, CleanupUnderUserTransaction: 0. TranLevelPVS: 0",INFO,11
2026-09-11 13:43:48.300,spid23s,Starting up database 'model_replicatedmaster'.,STARTUP,11
2026-09-11 13:43:48.300,spid26s,"[32767]. Feature Status: PVS: 0. CTR: 0. ConcurrentPFSUpdate: 1. ConcurrentGAMUpdate: 1. ConcurrentSGAMUpdate: 1, CleanupUnderUserTransaction: 0. TranLevelPVS: 0",INFO,11
2026-09-11 13:43:48.300,spid26s,Starting up database 'mssqlsystemresource'.,STARTUP,11
2026-09-11 13:43:48.310,spid26s,The resource database build version is 16.00.4265. This is an informational message only. No user action is required.,INFO,11
2026-09-11 13:43:48.360,spid26s,"[3]. Feature Status: PVS: 0. CTR: 0. ConcurrentPFSUpdate: 1. ConcurrentGAMUpdate: 1. ConcurrentSGAMUpdate: 1, CleanupUnderUserTransaction: 0. TranLevelPVS: 0",INFO,11
2026-09-11 13:43:48.370,spid26s,Starting up database 'model'.,STARTUP,11
2026-09-11 13:43:48.440,spid23s,Converting database 'model_replicatedmaster' from version 927 to the current version 957.,INFO,11
2026-09-11 13:43:48.440,spid23s,Database 'model_replicatedmaster' running the upgrade step from version 927 to version 928.,INFO,11
2026-09-11 13:43:48.440,Server,Common language runtime (CLR) functionality initialized.,INFO,11
2026-09-11 13:43:48.470,spid23s,Database 'model_replicatedmaster' running the upgrade step from version 928 to version 929.,INFO,11
2026-09-11 13:43:48.550,spid23s,Database 'model_replicatedmaster' running the upgrade step from version 929 to version 930.,INFO,11
2026-09-11 13:43:48.580,spid23s,Database 'model_replicatedmaster' running the upgrade step from version 930 to version 931.,INFO,11
2026-09-11 13:43:48.600,spid23s,Database 'model_replicatedmaster' running the upgrade step from version 931 to version 932.,INFO,11
2026-09-11 13:43:48.620,spid23s,Database 'model_replicatedmaster' running the upgrade step from version 932 to version 933.,INFO,11
2026-09-11 13:43:48.620,Server,External governance manager initialized,INFO,11
2026-09-11 13:43:48.650,spid23s,Database 'model_replicatedmaster' running the upgrade step from version 933 to version 934.,INFO,11
2026-09-11 13:43:48.700,spid23s,Database 'model_replicatedmaster' running the upgrade step from version 934 to version 935.,INFO,11
2026-09-11 13:43:48.700,spid32s,A self-generated certificate was successfully loaded for encryption.,INFO,11
2026-09-11 13:43:48.710,spid32s,Server is listening on [ 'any' <ipv6> 1433] accept sockets 1.,INFO,11
2026-09-11 13:43:48.710,spid32s,Server is listening on [ 'any' <ipv4> 1433] accept sockets 1.,INFO,11
2026-09-11 13:43:48.720,Server,Server is listening on [ ::1 <ipv6> 1434] accept sockets 1.,INFO,11
2026-09-11 13:43:48.720,Server,Server is listening on [ 127.0.0.1 <ipv4> 1434] accept sockets 1.,INFO,11
2026-09-11 13:43:48.720,Server,Dedicated admin connection support was established for listening locally on port 1434.,INFO,11
2026-09-11 13:43:48.730,spid32s,Server is listening on [ ::1 <ipv6> 1431] accept sockets 1.,INFO,11
2026-09-11 13:43:48.730,spid32s,Server is listening on [ 127.0.0.1 <ipv4> 1431] accept sockets 1.,INFO,11
2026-09-11 13:43:48.740,spid32s,SQL Server is now ready for client connections. This is an informational message; no user action is required.,STARTUP,11
2026-09-11 13:43:48.740,spid23s,Database 'model_replicatedmaster' running the upgrade step from version 935 to version 936.,INFO,11
2026-09-11 13:43:48.770,spid23s,Database 'model_replicatedmaster' running the upgrade step from version 936 to version 937.,INFO,11
2026-09-11 13:43:48.790,spid23s,Database 'model_replicatedmaster' running the upgrade step from version 937 to version 938.,INFO,11
2026-09-11 13:43:48.820,spid23s,Database 'model_replicatedmaster' running the upgrade step from version 938 to version 939.,INFO,11
2026-09-11 13:43:48.850,spid23s,Database 'model_replicatedmaster' running the upgrade step from version 939 to version 940.,INFO,11
2026-09-11 13:43:48.870,spid23s,Database 'model_replicatedmaster' running the upgrade step from version 940 to version 941.,INFO,11
2026-09-11 13:43:48.900,spid23s,Database 'model_replicatedmaster' running the upgrade step from version 941 to version 942.,INFO,11
2026-09-11 13:43:48.930,spid23s,Database 'model_replicatedmaster' running the upgrade step from version 942 to version 943.,INFO,11
2026-09-11 13:43:49.040,spid23s,Database 'model_replicatedmaster' running the upgrade step from version 943 to version 944.,INFO,11
2026-09-11 13:43:49.070,spid23s,Database 'model_replicatedmaster' running the upgrade step from version 944 to version 945.,INFO,11
2026-09-11 13:43:49.110,spid23s,Database 'model_replicatedmaster' running the upgrade step from version 945 to version 946.,INFO,11
2026-09-11 13:43:49.150,spid23s,Database 'model_replicatedmaster' running the upgrade step from version 946 to version 947.,INFO,11
2026-09-11 13:43:49.190,spid23s,Database 'model_replicatedmaster' running the upgrade step from version 947 to version 948.,INFO,11
2026-09-11 13:43:49.220,spid23s,Database 'model_replicatedmaster' running the upgrade step from version 948 to version 949.,INFO,11
2026-09-11 13:43:49.260,spid23s,Database 'model_replicatedmaster' running the upgrade step from version 949 to version 950.,INFO,11
2026-09-11 13:43:49.290,spid23s,Database 'model_replicatedmaster' running the upgrade step from version 950 to version 951.,INFO,11
2026-09-11 13:43:49.350,spid23s,Database 'model_replicatedmaster' running the upgrade step from version 951 to version 952.,INFO,11
2026-09-11 13:43:49.370,spid23s,Database 'model_replicatedmaster' running the upgrade step from version 952 to version 953.,INFO,11
2026-09-11 13:43:49.410,spid23s,Database 'model_replicatedmaster' running the upgrade step from version 953 to version 954.,INFO,11
2026-09-11 13:43:49.420,spid23s,Database 'model_replicatedmaster' running the upgrade step from version 954 to version 955.,INFO,11
2026-09-11 13:43:49.440,spid23s,Database 'model_replicatedmaster' running the upgrade step from version 955 to version 956.,INFO,11
2026-09-11 13:43:49.470,spid23s,Database 'model_replicatedmaster' running the upgrade step from version 956 to version 957.,INFO,11
2026-09-11 13:43:49.620,spid23s,"[32761]. Feature Status: PVS: 0. CTR: 0. ConcurrentPFSUpdate: 1. ConcurrentGAMUpdate: 1. ConcurrentSGAMUpdate: 1, CleanupUnderUserTransaction: 0. TranLevelPVS: 0",INFO,11
2026-09-11 13:43:49.630,spid23s,Starting up database 'model_msdb'.,STARTUP,11
2026-09-11 13:43:49.820,spid23s,Converting database 'model_msdb' from version 927 to the current version 957.,INFO,11
2026-09-11 13:43:49.830,spid23s,Database 'model_msdb' running the upgrade step from version 927 to version 928.,INFO,11
2026-09-11 13:43:49.870,spid23s,Database 'model_msdb' running the upgrade step from version 928 to version 929.,INFO,11
2026-09-11 13:43:49.960,spid23s,Database 'model_msdb' running the upgrade step from version 929 to version 930.,INFO,11
2026-09-11 13:43:50.010,spid23s,Database 'model_msdb' running the upgrade step from version 930 to version 931.,INFO,11
2026-09-11 13:43:50.090,spid23s,Database 'model_msdb' running the upgrade step from version 931 to version 932.,INFO,11
2026-09-11 13:43:50.110,spid23s,Database 'model_msdb' running the upgrade step from version 932 to version 933.,INFO,11
2026-09-11 13:43:50.130,spid23s,Database 'model_msdb' running the upgrade step from version 933 to version 934.,INFO,11
2026-09-11 13:43:50.160,spid23s,Database 'model_msdb' running the upgrade step from version 934 to version 935.,INFO,11
2026-09-11 13:43:50.190,spid23s,Database 'model_msdb' running the upgrade step from version 935 to version 936.,INFO,11
2026-09-11 13:43:50.220,spid23s,Database 'model_msdb' running the upgrade step from version 936 to version 937.,INFO,11
2026-09-11 13:43:50.260,spid23s,Database 'model_msdb' running the upgrade step from version 937 to version 938.,INFO,11
2026-09-11 13:43:50.300,spid23s,Database 'model_msdb' running the upgrade step from version 938 to version 939.,INFO,11
2026-09-11 13:43:50.330,spid23s,Database 'model_msdb' running the upgrade step from version 939 to version 940.,INFO,11
2026-09-11 13:43:50.380,spid23s,Database 'model_msdb' running the upgrade step from version 940 to version 941.,INFO,11
2026-09-11 13:43:50.410,spid23s,Database 'model_msdb' running the upgrade step from version 941 to version 942.,INFO,11
2026-09-11 13:43:50.460,spid23s,Database 'model_msdb' running the upgrade step from version 942 to version 943.,INFO,11
2026-09-11 13:43:50.530,spid23s,Database 'model_msdb' running the upgrade step from version 943 to version 944.,INFO,11
2026-09-11 13:43:50.550,spid23s,Database 'model_msdb' running the upgrade step from version 944 to version 945.,INFO,11
2026-09-11 13:43:50.580,spid23s,Database 'model_msdb' running the upgrade step from version 945 to version 946.,INFO,11
2026-09-11 13:43:50.600,spid23s,Database 'model_msdb' running the upgrade step from version 946 to version 947.,INFO,11
2026-09-11 13:43:50.620,spid23s,Database 'model_msdb' running the upgrade step from version 947 to version 948.,INFO,11
2026-09-11 13:43:50.640,spid23s,Database 'model_msdb' running the upgrade step from version 948 to version 949.,INFO,11
2026-09-11 13:43:50.650,spid23s,Database 'model_msdb' running the upgrade step from version 949 to version 950.,INFO,11
2026-09-11 13:43:50.670,spid23s,Database 'model_msdb' running the upgrade step from version 950 to version 951.,INFO,11
2026-09-11 13:43:50.700,spid23s,Database 'model_msdb' running the upgrade step from version 951 to version 952.,INFO,11
2026-09-11 13:43:50.740,spid23s,Database 'model_msdb' running the upgrade step from version 952 to version 953.,INFO,11
2026-09-11 13:43:50.780,spid23s,Database 'model_msdb' running the upgrade step from version 953 to version 954.,INFO,11
2026-09-11 13:43:50.810,spid23s,Database 'model_msdb' running the upgrade step from version 954 to version 955.,INFO,11
2026-09-11 13:43:50.840,spid23s,Database 'model_msdb' running the upgrade step from version 955 to version 956.,INFO,11
2026-09-11 13:43:50.930,spid23s,Database 'model_msdb' running the upgrade step from version 956 to version 957.,INFO,11
2026-09-11 13:43:51.020,spid23s,Resource governor reconfiguration succeeded.,CONFIGURATION,11
2026-09-11 13:43:51.030,spid38s,Attribute synchronization initialized,INFO,11
2026-09-11 13:43:51.030,spid23s,SQL Server Audit is starting the audits. This is an informational message. No user action is required.,STARTUP,11
2026-09-11 13:43:51.030,spid38s,Attribute synchronization manager initialized,INFO,11
2026-09-11 13:43:51.030,spid23s,SQL Server Audit has started the audits. This is an informational message. No user action is required.,STARTUP,11
2026-09-11 13:43:51.230,spid23s,"SQL Trace ID 1 was started by login ""sa"".",STARTUP,11
2026-09-11 13:43:51.270,spid23s,Server name is 'fadf03e4e65e'. This is an informational message only. No user action is required.,INFO,11
2026-09-11 13:43:51.320,spid26s,Clearing tempdb database.,INFO,11
2026-09-11 13:43:51.320,spid53s,Always On: The availability replica manager is starting. This is an informational message only. No user action is required.,STARTUP,11
2026-09-11 13:43:51.320,spid56s,"[4]. Feature Status: PVS: 0. CTR: 0. ConcurrentPFSUpdate: 1. ConcurrentGAMUpdate: 1. ConcurrentSGAMUpdate: 1, CleanupUnderUserTransaction: 0. TranLevelPVS: 0",INFO,11
2026-09-11 13:43:51.320,spid57s,"[5]. Feature Status: PVS: 0. CTR: 0. ConcurrentPFSUpdate: 1. ConcurrentGAMUpdate: 1. ConcurrentSGAMUpdate: 1, CleanupUnderUserTransaction: 0. TranLevelPVS: 0",INFO,11
2026-09-11 13:43:51.330,spid53s,Always On: The availability replica manager is waiting for the instance of SQL Server to allow client connections. This is an informational message only. No user action is required.,INFO,11
2026-09-11 13:43:51.330,spid56s,Starting up database 'msdb'.,STARTUP,11
2026-09-11 13:43:51.330,spid57s,Starting up database 'SteelNort'.,STARTUP,11
2026-09-11 13:43:51.340,spid57s,RemoveStaleDbEntries: Cleanup of stale DB entries called for database ID: [5],INFO,11
2026-09-11 13:43:51.340,spid57s,RemoveStaleDbEntries: Cleanup of stale DB entries skipped because master db is not memory optimized. DbId: 5.,INFO,11
2026-09-11 13:43:51.440,spid57s,Parallel redo is started for database 'SteelNort' with worker pool size [3].,STARTUP,11
2026-09-11 13:43:51.520,spid23s,Recovery is writing a checkpoint in database 'msdb' (4). This is an informational message only. No user action is required.,STARTUP,11
2026-09-11 13:43:51.600,spid26s,"[2]. Feature Status: PVS: 0. CTR: 0. ConcurrentPFSUpdate: 1. ConcurrentGAMUpdate: 1. ConcurrentSGAMUpdate: 1, CleanupUnderUserTransaction: 0. TranLevelPVS: 0",INFO,11
2026-09-11 13:43:51.600,spid26s,Starting up database 'tempdb'.,STARTUP,11
2026-09-11 13:43:52.540,spid57s,Recovery of database 'SteelNort' (5) is 1% complete (approximately 93 seconds remain). Phase 2 of 3. This is an informational message only. No user action is required.,STARTUP,11
2026-09-11 13:43:52.870,spid57s,20399 transactions rolled forward in database 'SteelNort' (5:0). This is an informational message only. No user action is required.,INFO,11
2026-09-11 13:43:52.910,spid26s,The tempdb database has 8 data file(s).,INFO,11
2026-09-11 13:43:52.930,spid34s,The Service Broker endpoint is in disabled or stopped state.,INFO,11
2026-09-11 13:43:52.930,spid34s,The Database Mirroring endpoint is in disabled or stopped state.,INFO,11
2026-09-11 13:43:52.940,spid57s,0 transactions rolled back in database 'SteelNort' (5:0). This is an informational message only. No user action is required.,INFO,11
2026-09-11 13:43:52.940,spid57s,"Recovery completed for database SteelNort (database ID 5) in 2 second(s) (analysis 1094 ms, redo 337 ms, undo 33 ms [system undo 0 ms, regular undo 0 ms].) ADR-enabled=0, Is primary=1, OL-Enabled=0. This is an informational message only. No user action is required.",STARTUP,11
2026-09-11 13:43:52.950,spid34s,Service Broker manager has started.,STARTUP,11
2026-09-11 13:43:52.950,spid57s,Parallel redo is shutdown for database 'SteelNort' with worker pool size [3].,INFO,11
2026-09-11 13:43:52.960,spid23s,Recovery is complete. This is an informational message only. No user action is required.,STARTUP,11
2026-09-11 13:48:25.720,spid71,Attempting to load library 'xpstar.dll' into memory. This is an informational message only. No user action is required.,INFO,11
2026-09-11 13:48:25.790,spid71,Using 'xpstar.dll' version '2022.160.4265' to execute extended stored procedure 'xp_readerrorlog'. This is an informational message only; no user action is required.,ERROR,11
2026-09-11 13:48:43.020,spid24s,Using 'dbghelp.dll' version '4.0.5',INFO,11
2026-09-11 13:50:45.220,spid92,Attempting to load library 'xplog70.dll' into memory. This is an informational message only. No user action is required.,INFO,11
2026-09-11 13:50:45.240,spid92,Using 'xplog70.dll' version '2022.160.4265' to execute extended stored procedure 'xp_msver'. This is an informational message only; no user action is required.,INFO,11
2026-09-11 08:02:29.680,Server,Microsoft SQL Server 2022 (RTM-CU26) (KB5093420) - 16.0.4265.3 (X64) Jul 7 2026 14:37:25 Copyright (C) 2022 Microsoft Corporation Developer Edition (64-bit) on Linux (Ubuntu 22.04.5 LTS) <X64>,INFO,6
2026-09-11 08:02:29.680,Server,UTC adjustment: 0:00,INFO,6
2026-09-11 08:02:29.680,Server,(c) Microsoft Corporation.,INFO,6
2026-09-11 08:02:29.690,Server,All rights reserved.,INFO,6
2026-09-11 08:02:29.700,Server,Server process ID is 452.,INFO,6
2026-09-11 08:02:29.700,Server,Logging SQL Server messages in file '/var/opt/mssql/log/errorlog'.,ERROR,6
2026-09-11 08:02:29.700,Server,Registry startup parameters: -d /var/opt/mssql/data/master.mdf -l /var/opt/mssql/data/mastlog.ldf -e /var/opt/mssql/log/errorlog,ERROR,6
2026-09-11 08:02:29.720,Server,"SQL Server detected 1 sockets with 3 cores per socket and 6 logical processors per socket, 6 total logical processors; using 6 logical processors based on SQL Server licensing. This is an informational message; no user action is required.",INFO,6
2026-09-11 08:02:29.720,Server,SQL Server is starting at normal priority base (=7). This is an informational message only. No user action is required.,STARTUP,6
2026-09-11 08:02:29.730,Server,"Detected 3916 MB of RAM, 2314 MB of available memory, 2314 MB of available page file. This is an informational message; no user action is required.",INFO,6
2026-09-11 08:02:29.740,Server,Using conventional memory in the memory manager.,INFO,6
2026-09-11 08:02:29.740,Server,Detected pause instruction latency: 140 cycles.,PERFORMANCE,6
2026-09-11 08:02:29.740,Server,"SQL Server detected the following NUMA node configuration (NUMA Node number 0, Processor Group number 0, CPU Mask 0x000000000000003f).",CONFIGURATION,6
2026-09-11 08:02:29.750,Server,Page exclusion bitmap is enabled.,INFO,6
2026-09-11 08:02:29.850,Server,Buffer pool extension is not supported on Linux platform.,INFO,6
2026-09-11 08:02:29.870,Server,Buffer Pool: Allocating 4194304 bytes for 361957 hashPages.,INFO,6
2026-09-11 08:02:30.290,Server,Buffer pool extension is already disabled. No action is necessary.,INFO,6
2026-09-11 08:02:31.290,Server,Installing Client TLS certificates to the store.,INFO,6
2026-09-11 08:02:31.320,Server,CPU vectorization level(s) detected: SSE SSE2 SSE3 SSSE3 SSE41 SSE42 AVX AVX2 POPCNT BMI1 BMI2 AVX512 (F CD BW DQ VL IFMA VBMI VBMI2 VNNI BITALG VPOQCNTDQ VP2INTERSECT),INFO,6
2026-09-11 08:02:31.430,Server,Successfully initialized the TLS configuration. Allowed TLS protocol versions are ['1.0 1.1 1.2']. Allowed TLS ciphers are ['ECDHE-ECDSA-AES128-GCM-SHA256:ECDHE-ECDSA-AES256-GCM-SHA384:ECDHE-RSA-AES128-GCM-SHA256:ECDHE-RSA-AES256-GCM-SHA384:ECDHE-ECDSA-AES128-SHA256:ECDHE-ECDSA-AES256-SHA384:ECDHE-ECDSA-AES256-SHA:ECDHE-ECDSA-AES128-SHA:AES256-GCM-SHA384:AES128-GCM-SHA256:AES256-SHA256:AES128-SHA256:AES256-SHA:AES128-SHA:!DHE-RSA-AES256-GCM-SHA384:!DHE-RSA-AES128-GCM-SHA256:!DHE-RSA-AES256-SHA:!DHE-RSA-AES128-SHA'].,CONFIGURATION,6
2026-09-11 08:02:31.470,Server,"Query Store settings initialized with enabled = 1,",CONFIGURATION,6
2026-09-11 08:02:31.500,Server,The maximum number of dedicated administrator connections for this instance is '1',INFO,6
2026-09-11 08:02:31.510,Server,Node configuration: node 0: CPU mask: 0x000000000000003f:0 Active CPU mask: 0x000000000000003f:0. This message provides a description of the NUMA configuration for this computer. This is an informational message only. No user action is required.,CONFIGURATION,6
2026-09-11 08:02:31.530,Server,Using dynamic lock allocation. Initial allocation of 2500 Lock blocks and 5000 Lock Owner blocks per node. This is an informational message only. No user action is required.,INFO,6
2026-09-11 08:02:31.590,Server,In-Memory OLTP initialized on lowend machine.,INFO,6
2026-09-11 08:02:31.640,Server,CLR version v4.0.30319 loaded.,INFO,6
2026-09-11 08:02:31.710,Server,[INFO] Created Extended Events session 'hkenginexesession',INFO,6
2026-09-11 08:02:31.720,Server,Database Instant File Initialization: enabled. For security and performance considerations see the topic 'Database Instant File Initialization' in SQL Server Books Online. This is an informational message only. No user action is required.,PERFORMANCE,6
2026-09-11 08:02:31.750,Server,Total Log Writer threads: 2. This is an informational message; no user action is required.,INFO,6
2026-09-11 08:02:31.760,Server,clwb is selected for pmem flush operation.,INFO,6
2026-09-11 08:02:31.780,Server,Software Usage Metrics is disabled.,INFO,6
2026-09-11 08:02:31.810,spid23s,"[1]. Feature Status: PVS: 0. CTR: 0. ConcurrentPFSUpdate: 1. ConcurrentGAMUpdate: 1. ConcurrentSGAMUpdate: 1, CleanupUnderUserTransaction: 0. TranLevelPVS: 0",INFO,6
2026-09-11 08:02:31.820,spid23s,Starting up database 'master'.,STARTUP,6
2026-09-11 08:02:32.050,spid23s,51 transactions rolled forward in database 'master' (1:0). This is an informational message only. No user action is required.,INFO,6
2026-09-11 08:02:32.080,spid23s,0 transactions rolled back in database 'master' (1:0). This is an informational message only. No user action is required.,INFO,6
2026-09-11 08:02:32.090,spid23s,Recovery is writing a checkpoint in database 'master' (1). This is an informational message only. No user action is required.,STARTUP,6
2026-09-11 08:02:32.370,spid23s,"[32762]. Feature Status: PVS: 0. CTR: 0. ConcurrentPFSUpdate: 1. ConcurrentGAMUpdate: 1. ConcurrentSGAMUpdate: 1, CleanupUnderUserTransaction: 0. TranLevelPVS: 0",INFO,6
2026-09-11 08:02:32.380,spid23s,Starting up database 'model_replicatedmaster'.,STARTUP,6
2026-09-11 08:02:32.400,spid26s,"[32767]. Feature Status: PVS: 0. CTR: 0. ConcurrentPFSUpdate: 1. ConcurrentGAMUpdate: 1. ConcurrentSGAMUpdate: 1, CleanupUnderUserTransaction: 0. TranLevelPVS: 0",INFO,6
2026-09-11 08:02:32.420,spid26s,Starting up database 'mssqlsystemresource'.,STARTUP,6
2026-09-11 08:02:32.440,spid26s,The resource database build version is 16.00.4265. This is an informational message only. No user action is required.,INFO,6
2026-09-11 08:02:32.520,spid26s,"[3]. Feature Status: PVS: 0. CTR: 0. ConcurrentPFSUpdate: 1. ConcurrentGAMUpdate: 1. ConcurrentSGAMUpdate: 1, CleanupUnderUserTransaction: 0. TranLevelPVS: 0",INFO,6
2026-09-11 08:02:32.520,spid26s,Starting up database 'model'.,STARTUP,6
2026-09-11 08:02:32.550,spid23s,Converting database 'model_replicatedmaster' from version 927 to the current version 957.,INFO,6
2026-09-11 08:02:32.550,spid23s,Database 'model_replicatedmaster' running the upgrade step from version 927 to version 928.,INFO,6
2026-09-11 08:02:32.580,Server,Common language runtime (CLR) functionality initialized.,INFO,6
2026-09-11 08:02:32.630,spid23s,Database 'model_replicatedmaster' running the upgrade step from version 928 to version 929.,INFO,6
2026-09-11 08:02:32.790,spid23s,Database 'model_replicatedmaster' running the upgrade step from version 929 to version 930.,INFO,6
2026-09-11 08:02:32.820,spid23s,Database 'model_replicatedmaster' running the upgrade step from version 930 to version 931.,INFO,6
2026-09-11 08:02:32.840,spid23s,Database 'model_replicatedmaster' running the upgrade step from version 931 to version 932.,INFO,6
2026-09-11 08:02:32.870,spid23s,Database 'model_replicatedmaster' running the upgrade step from version 932 to version 933.,INFO,6
2026-09-11 08:02:32.890,spid23s,Database 'model_replicatedmaster' running the upgrade step from version 933 to version 934.,INFO,6
2026-09-11 08:02:32.900,Server,External governance manager initialized,INFO,6
2026-09-11 08:02:32.930,spid23s,Database 'model_replicatedmaster' running the upgrade step from version 934 to version 935.,INFO,6
2026-09-11 08:02:32.960,spid23s,Database 'model_replicatedmaster' running the upgrade step from version 935 to version 936.,INFO,6
2026-09-11 08:02:32.980,spid23s,Database 'model_replicatedmaster' running the upgrade step from version 936 to version 937.,INFO,6
2026-09-11 08:02:33.000,spid23s,Database 'model_replicatedmaster' running the upgrade step from version 937 to version 938.,INFO,6
2026-09-11 08:02:33.030,spid23s,Database 'model_replicatedmaster' running the upgrade step from version 938 to version 939.,INFO,6
2026-09-11 08:02:33.070,spid23s,Database 'model_replicatedmaster' running the upgrade step from version 939 to version 940.,INFO,6
2026-09-11 08:02:33.100,spid23s,Database 'model_replicatedmaster' running the upgrade step from version 940 to version 941.,INFO,6
2026-09-11 08:02:33.130,spid23s,Database 'model_replicatedmaster' running the upgrade step from version 941 to version 942.,INFO,6
2026-09-11 08:02:33.150,spid23s,Database 'model_replicatedmaster' running the upgrade step from version 942 to version 943.,INFO,6
2026-09-11 08:02:33.230,spid23s,Database 'model_replicatedmaster' running the upgrade step from version 943 to version 944.,INFO,6
2026-09-11 08:02:33.250,spid23s,Database 'model_replicatedmaster' running the upgrade step from version 944 to version 945.,INFO,6
2026-09-11 08:02:33.280,spid23s,Database 'model_replicatedmaster' running the upgrade step from version 945 to version 946.,INFO,6
2026-09-11 08:02:33.300,spid23s,Database 'model_replicatedmaster' running the upgrade step from version 946 to version 947.,INFO,6
2026-09-11 08:02:33.330,spid23s,Database 'model_replicatedmaster' running the upgrade step from version 947 to version 948.,INFO,6
2026-09-11 08:02:33.350,spid23s,Database 'model_replicatedmaster' running the upgrade step from version 948 to version 949.,INFO,6
2026-09-11 08:02:33.380,spid23s,Database 'model_replicatedmaster' running the upgrade step from version 949 to version 950.,INFO,6
2026-09-11 08:02:33.400,spid23s,Database 'model_replicatedmaster' running the upgrade step from version 950 to version 951.,INFO,6
2026-09-11 08:02:33.430,spid23s,Database 'model_replicatedmaster' running the upgrade step from version 951 to version 952.,INFO,6
2026-09-11 08:02:33.460,spid23s,Database 'model_replicatedmaster' running the upgrade step from version 952 to version 953.,INFO,6
2026-09-11 08:02:33.510,spid23s,Database 'model_replicatedmaster' running the upgrade step from version 953 to version 954.,INFO,6
2026-09-11 08:02:33.520,spid23s,Database 'model_replicatedmaster' running the upgrade step from version 954 to version 955.,INFO,6
2026-09-11 08:02:33.540,spid23s,Database 'model_replicatedmaster' running the upgrade step from version 955 to version 956.,INFO,6
2026-09-11 08:02:33.590,spid23s,Database 'model_replicatedmaster' running the upgrade step from version 956 to version 957.,INFO,6
2026-09-11 08:02:33.690,spid23s,"[32761]. Feature Status: PVS: 0. CTR: 0. ConcurrentPFSUpdate: 1. ConcurrentGAMUpdate: 1. ConcurrentSGAMUpdate: 1, CleanupUnderUserTransaction: 0. TranLevelPVS: 0",INFO,6
2026-09-11 08:02:33.700,spid23s,Starting up database 'model_msdb'.,STARTUP,6
2026-09-11 08:02:33.830,spid23s,Converting database 'model_msdb' from version 927 to the current version 957.,INFO,6
2026-09-11 08:02:33.840,spid23s,Database 'model_msdb' running the upgrade step from version 927 to version 928.,INFO,6
2026-09-11 08:02:33.880,spid23s,Database 'model_msdb' running the upgrade step from version 928 to version 929.,INFO,6
2026-09-11 08:02:33.970,spid23s,Database 'model_msdb' running the upgrade step from version 929 to version 930.,INFO,6
2026-09-11 08:02:34.000,spid23s,Database 'model_msdb' running the upgrade step from version 930 to version 931.,INFO,6
2026-09-11 08:02:34.040,spid23s,Database 'model_msdb' running the upgrade step from version 931 to version 932.,INFO,6
2026-09-11 08:02:34.080,spid23s,Database 'model_msdb' running the upgrade step from version 932 to version 933.,INFO,6
2026-09-11 08:02:34.110,spid23s,Database 'model_msdb' running the upgrade step from version 933 to version 934.,INFO,6
2026-09-11 08:02:34.120,spid32s,A self-generated certificate was successfully loaded for encryption.,INFO,6
2026-09-11 08:02:34.120,spid32s,Server is listening on [ 'any' <ipv6> 1433] accept sockets 1.,INFO,6
2026-09-11 08:02:34.130,spid32s,Server is listening on [ 'any' <ipv4> 1433] accept sockets 1.,INFO,6
2026-09-11 08:02:34.130,spid23s,Database 'model_msdb' running the upgrade step from version 934 to version 935.,INFO,6
2026-09-11 08:02:34.130,Server,Server is listening on [ ::1 <ipv6> 1434] accept sockets 1.,INFO,6
2026-09-11 08:02:34.140,Server,Server is listening on [ 127.0.0.1 <ipv4> 1434] accept sockets 1.,INFO,6
2026-09-11 08:02:34.140,Server,Dedicated admin connection support was established for listening locally on port 1434.,INFO,6
2026-09-11 08:02:34.150,spid32s,Server is listening on [ ::1 <ipv6> 1431] accept sockets 1.,INFO,6
2026-09-11 08:02:34.150,spid32s,Server is listening on [ 127.0.0.1 <ipv4> 1431] accept sockets 1.,INFO,6
2026-09-11 08:02:34.150,spid32s,SQL Server is now ready for client connections. This is an informational message; no user action is required.,STARTUP,6
2026-09-11 08:02:34.160,spid23s,Database 'model_msdb' running the upgrade step from version 935 to version 936.,INFO,6
2026-09-11 08:02:34.180,spid23s,Database 'model_msdb' running the upgrade step from version 936 to version 937.,INFO,6
2026-09-11 08:02:34.210,spid23s,Database 'model_msdb' running the upgrade step from version 937 to version 938.,INFO,6
2026-09-11 08:02:34.230,spid23s,Database 'model_msdb' running the upgrade step from version 938 to version 939.,INFO,6
2026-09-11 08:02:34.260,spid23s,Database 'model_msdb' running the upgrade step from version 939 to version 940.,INFO,6
2026-09-11 08:02:34.290,spid23s,Database 'model_msdb' running the upgrade step from version 940 to version 941.,INFO,6
2026-09-11 08:02:34.320,spid23s,Database 'model_msdb' running the upgrade step from version 941 to version 942.,INFO,6
2026-09-11 08:02:34.340,spid23s,Database 'model_msdb' running the upgrade step from version 942 to version 943.,INFO,6
2026-09-11 08:02:34.420,spid23s,Database 'model_msdb' running the upgrade step from version 943 to version 944.,INFO,6
2026-09-11 08:02:34.440,spid23s,Database 'model_msdb' running the upgrade step from version 944 to version 945.,INFO,6
2026-09-11 08:02:34.500,spid23s,Database 'model_msdb' running the upgrade step from version 945 to version 946.,INFO,6
2026-09-11 08:02:34.520,spid23s,Database 'model_msdb' running the upgrade step from version 946 to version 947.,INFO,6
2026-09-11 08:02:34.550,spid23s,Database 'model_msdb' running the upgrade step from version 947 to version 948.,INFO,6
2026-09-11 08:02:34.580,spid23s,Database 'model_msdb' running the upgrade step from version 948 to version 949.,INFO,6
2026-09-11 08:02:34.610,spid23s,Database 'model_msdb' running the upgrade step from version 949 to version 950.,INFO,6
2026-09-11 08:02:34.630,spid23s,Database 'model_msdb' running the upgrade step from version 950 to version 951.,INFO,6
2026-09-11 08:02:34.690,spid23s,Database 'model_msdb' running the upgrade step from version 951 to version 952.,INFO,6
2026-09-11 08:02:34.720,spid23s,Database 'model_msdb' running the upgrade step from version 952 to version 953.,INFO,6
2026-09-11 08:02:34.750,spid23s,Database 'model_msdb' running the upgrade step from version 953 to version 954.,INFO,6
2026-09-11 08:02:34.770,spid23s,Database 'model_msdb' running the upgrade step from version 954 to version 955.,INFO,6
2026-09-11 08:02:34.800,spid23s,Database 'model_msdb' running the upgrade step from version 955 to version 956.,INFO,6
2026-09-11 08:02:34.890,spid23s,Database 'model_msdb' running the upgrade step from version 956 to version 957.,INFO,6
2026-09-11 08:02:35.050,spid23s,Resource governor reconfiguration succeeded.,CONFIGURATION,6
2026-09-11 08:02:35.060,spid23s,SQL Server Audit is starting the audits. This is an informational message. No user action is required.,STARTUP,6
2026-09-11 08:02:35.060,spid43s,Attribute synchronization initialized,INFO,6
2026-09-11 08:02:35.060,spid23s,SQL Server Audit has started the audits. This is an informational message. No user action is required.,STARTUP,6
2026-09-11 08:02:35.060,spid43s,Attribute synchronization manager initialized,INFO,6
2026-09-11 08:02:35.270,spid23s,"SQL Trace ID 1 was started by login ""sa"".",STARTUP,6
2026-09-11 08:02:35.300,spid23s,Server name is 'fadf03e4e65e'. This is an informational message only. No user action is required.,INFO,6
2026-09-11 08:02:35.380,spid26s,Clearing tempdb database.,INFO,6
2026-09-11 08:02:35.380,spid65s,Always On: The availability replica manager is starting. This is an informational message only. No user action is required.,STARTUP,6
2026-09-11 08:02:35.380,spid67s,"[4]. Feature Status: PVS: 0. CTR: 0. ConcurrentPFSUpdate: 1. ConcurrentGAMUpdate: 1. ConcurrentSGAMUpdate: 1, CleanupUnderUserTransaction: 0. TranLevelPVS: 0",INFO,6
2026-09-11 08:02:35.390,spid68s,"[5]. Feature Status: PVS: 0. CTR: 0. ConcurrentPFSUpdate: 1. ConcurrentGAMUpdate: 1. ConcurrentSGAMUpdate: 1, CleanupUnderUserTransaction: 0. TranLevelPVS: 0",INFO,6
2026-09-11 08:02:35.390,spid65s,Always On: The availability replica manager is waiting for the instance of SQL Server to allow client connections. This is an informational message only. No user action is required.,INFO,6
2026-09-11 08:02:35.400,spid67s,Starting up database 'msdb'.,STARTUP,6
2026-09-11 08:02:35.410,spid68s,Starting up database 'SteelNort'.,STARTUP,6
2026-09-11 08:02:35.420,spid68s,RemoveStaleDbEntries: Cleanup of stale DB entries called for database ID: [5],INFO,6
2026-09-11 08:02:35.420,spid68s,RemoveStaleDbEntries: Cleanup of stale DB entries skipped because master db is not memory optimized. DbId: 5.,INFO,6
2026-09-11 08:02:35.550,spid68s,Parallel redo is started for database 'SteelNort' with worker pool size [3].,STARTUP,6
2026-09-11 08:02:35.700,spid23s,Recovery is writing a checkpoint in database 'msdb' (4). This is an informational message only. No user action is required.,STARTUP,6
2026-09-11 08:02:35.860,spid26s,"[2]. Feature Status: PVS: 0. CTR: 0. ConcurrentPFSUpdate: 1. ConcurrentGAMUpdate: 1. ConcurrentSGAMUpdate: 1, CleanupUnderUserTransaction: 0. TranLevelPVS: 0",INFO,6
2026-09-11 08:02:35.870,spid26s,Starting up database 'tempdb'.,STARTUP,6
2026-09-11 08:02:36.800,spid24s,Using 'dbghelp.dll' version '4.0.5',INFO,6
2026-09-11 08:02:37.290,spid26s,The tempdb database has 8 data file(s).,INFO,6
2026-09-11 08:02:37.320,spid70s,The Service Broker endpoint is in disabled or stopped state.,INFO,6
2026-09-11 08:02:37.320,spid70s,The Database Mirroring endpoint is in disabled or stopped state.,INFO,6
2026-09-11 08:02:37.360,spid70s,Service Broker manager has started.,STARTUP,6
2026-09-11 08:02:38.050,spid68s,Recovery of database 'SteelNort' (5) is 1% complete (approximately 177 seconds remain). Phase 2 of 3. This is an informational message only. No user action is required.,STARTUP,6
2026-09-11 08:02:39.190,spid68s,33673 transactions rolled forward in database 'SteelNort' (5:0). This is an informational message only. No user action is required.,INFO,6
2026-09-11 08:02:39.270,spid68s,0 transactions rolled back in database 'SteelNort' (5:0). This is an informational message only. No user action is required.,INFO,6
2026-09-11 08:02:39.280,spid68s,Recovery is writing a checkpoint in database 'SteelNort' (5). This is an informational message only. No user action is required.,STARTUP,6
2026-09-11 08:02:39.420,spid68s,"Recovery completed for database SteelNort (database ID 5) in 4 second(s) (analysis 2493 ms, redo 1145 ms, undo 54 ms [system undo 0 ms, regular undo 0 ms].) ADR-enabled=0, Is primary=1, OL-Enabled=0. This is an informational message only. No user action is required.",STARTUP,6
2026-09-11 08:02:39.430,spid68s,Parallel redo is shutdown for database 'SteelNort' with worker pool size [3].,INFO,6
2026-09-11 08:02:39.450,spid23s,Recovery is complete. This is an informational message only. No user action is required.,STARTUP,6
2026-09-11 08:03:22.000,spid78,Attempting to load library 'xpstar.dll' into memory. This is an informational message only. No user action is required.,INFO,6
2026-09-11 08:03:22.050,spid78,Using 'xpstar.dll' version '2022.160.4265' to execute extended stored procedure 'xp_readerrorlog'. This is an informational message only; no user action is required.,ERROR,6
2026-09-11 08:09:19.880,spid59,Attempting to load library 'xplog70.dll' into memory. This is an informational message only. No user action is required.,INFO,6
2026-09-11 08:09:19.920,spid59,Using 'xplog70.dll' version '2022.160.4265' to execute extended stored procedure 'xp_msver'. This is an informational message only; no user action is required.,INFO,6
2026-09-11 08:02:29.680,Server,Microsoft SQL Server 2022 (RTM-CU26) (KB5093420) - 16.0.4265.3 (X64) Jul 7 2026 14:37:25 Copyright (C) 2022 Microsoft Corporation Developer Edition (64-bit) on Linux (Ubuntu 22.04.5 LTS) <X64>,INFO,8
2026-09-11 08:02:29.680,Server,UTC adjustment: 0:00,INFO,8
2026-09-11 08:02:29.680,Server,(c) Microsoft Corporation.,INFO,8
2026-09-11 08:02:29.690,Server,All rights reserved.,INFO,8
2026-09-11 08:02:29.700,Server,Server process ID is 452.,INFO,8
2026-09-11 08:02:29.700,Server,Logging SQL Server messages in file '/var/opt/mssql/log/errorlog'.,ERROR,8
2026-09-11 08:02:29.700,Server,Registry startup parameters: -d /var/opt/mssql/data/master.mdf -l /var/opt/mssql/data/mastlog.ldf -e /var/opt/mssql/log/errorlog,ERROR,8
2026-09-11 08:02:29.720,Server,"SQL Server detected 1 sockets with 3 cores per socket and 6 logical processors per socket, 6 total logical processors; using 6 logical processors based on SQL Server licensing. This is an informational message; no user action is required.",INFO,8
2026-09-11 08:02:29.720,Server,SQL Server is starting at normal priority base (=7). This is an informational message only. No user action is required.,STARTUP,8
2026-09-11 08:02:29.730,Server,"Detected 3916 MB of RAM, 2314 MB of available memory, 2314 MB of available page file. This is an informational message; no user action is required.",INFO,8
2026-09-11 08:02:29.740,Server,Using conventional memory in the memory manager.,INFO,8
2026-09-11 08:02:29.740,Server,Detected pause instruction latency: 140 cycles.,PERFORMANCE,8
2026-09-11 08:02:29.740,Server,"SQL Server detected the following NUMA node configuration (NUMA Node number 0, Processor Group number 0, CPU Mask 0x000000000000003f).",CONFIGURATION,8
2026-09-11 08:02:29.750,Server,Page exclusion bitmap is enabled.,INFO,8
2026-09-11 08:02:29.850,Server,Buffer pool extension is not supported on Linux platform.,INFO,8
2026-09-11 08:02:29.870,Server,Buffer Pool: Allocating 4194304 bytes for 361957 hashPages.,INFO,8
2026-09-11 08:02:30.290,Server,Buffer pool extension is already disabled. No action is necessary.,INFO,8
2026-09-11 08:02:31.290,Server,Installing Client TLS certificates to the store.,INFO,8
2026-09-11 08:02:31.320,Server,CPU vectorization level(s) detected: SSE SSE2 SSE3 SSSE3 SSE41 SSE42 AVX AVX2 POPCNT BMI1 BMI2 AVX512 (F CD BW DQ VL IFMA VBMI VBMI2 VNNI BITALG VPOQCNTDQ VP2INTERSECT),INFO,8
2026-09-11 08:02:31.430,Server,Successfully initialized the TLS configuration. Allowed TLS protocol versions are ['1.0 1.1 1.2']. Allowed TLS ciphers are ['ECDHE-ECDSA-AES128-GCM-SHA256:ECDHE-ECDSA-AES256-GCM-SHA384:ECDHE-RSA-AES128-GCM-SHA256:ECDHE-RSA-AES256-GCM-SHA384:ECDHE-ECDSA-AES128-SHA256:ECDHE-ECDSA-AES256-SHA384:ECDHE-ECDSA-AES256-SHA:ECDHE-ECDSA-AES128-SHA:AES256-GCM-SHA384:AES128-GCM-SHA256:AES256-SHA256:AES128-SHA256:AES256-SHA:AES128-SHA:!DHE-RSA-AES256-GCM-SHA384:!DHE-RSA-AES128-GCM-SHA256:!DHE-RSA-AES256-SHA:!DHE-RSA-AES128-SHA'].,CONFIGURATION,8
2026-09-11 08:02:31.470,Server,"Query Store settings initialized with enabled = 1,",CONFIGURATION,8
2026-09-11 08:02:31.500,Server,The maximum number of dedicated administrator connections for this instance is '1',INFO,8
2026-09-11 08:02:31.510,Server,Node configuration: node 0: CPU mask: 0x000000000000003f:0 Active CPU mask: 0x000000000000003f:0. This message provides a description of the NUMA configuration for this computer. This is an informational message only. No user action is required.,CONFIGURATION,8
2026-09-11 08:02:31.530,Server,Using dynamic lock allocation. Initial allocation of 2500 Lock blocks and 5000 Lock Owner blocks per node. This is an informational message only. No user action is required.,INFO,8
2026-09-11 08:02:31.590,Server,In-Memory OLTP initialized on lowend machine.,INFO,8
2026-09-11 08:02:31.640,Server,CLR version v4.0.30319 loaded.,INFO,8
2026-09-11 08:02:31.710,Server,[INFO] Created Extended Events session 'hkenginexesession',INFO,8
2026-09-11 08:02:31.720,Server,Database Instant File Initialization: enabled. For security and performance considerations see the topic 'Database Instant File Initialization' in SQL Server Books Online. This is an informational message only. No user action is required.,PERFORMANCE,8
2026-09-11 08:02:31.750,Server,Total Log Writer threads: 2. This is an informational message; no user action is required.,INFO,8
2026-09-11 08:02:31.760,Server,clwb is selected for pmem flush operation.,INFO,8
2026-09-11 08:02:31.780,Server,Software Usage Metrics is disabled.,INFO,8
2026-09-11 08:02:31.810,spid23s,"[1]. Feature Status: PVS: 0. CTR: 0. ConcurrentPFSUpdate: 1. ConcurrentGAMUpdate: 1. ConcurrentSGAMUpdate: 1, CleanupUnderUserTransaction: 0. TranLevelPVS: 0",INFO,8
2026-09-11 08:02:31.820,spid23s,Starting up database 'master'.,STARTUP,8
2026-09-11 08:02:32.050,spid23s,51 transactions rolled forward in database 'master' (1:0). This is an informational message only. No user action is required.,INFO,8
2026-09-11 08:02:32.080,spid23s,0 transactions rolled back in database 'master' (1:0). This is an informational message only. No user action is required.,INFO,8
2026-09-11 08:02:32.090,spid23s,Recovery is writing a checkpoint in database 'master' (1). This is an informational message only. No user action is required.,STARTUP,8
2026-09-11 08:02:32.370,spid23s,"[32762]. Feature Status: PVS: 0. CTR: 0. ConcurrentPFSUpdate: 1. ConcurrentGAMUpdate: 1. ConcurrentSGAMUpdate: 1, CleanupUnderUserTransaction: 0. TranLevelPVS: 0",INFO,8
2026-09-11 08:02:32.380,spid23s,Starting up database 'model_replicatedmaster'.,STARTUP,8
2026-09-11 08:02:32.400,spid26s,"[32767]. Feature Status: PVS: 0. CTR: 0. ConcurrentPFSUpdate: 1. ConcurrentGAMUpdate: 1. ConcurrentSGAMUpdate: 1, CleanupUnderUserTransaction: 0. TranLevelPVS: 0",INFO,8
2026-09-11 08:02:32.420,spid26s,Starting up database 'mssqlsystemresource'.,STARTUP,8
2026-09-11 08:02:32.440,spid26s,The resource database build version is 16.00.4265. This is an informational message only. No user action is required.,INFO,8
2026-09-11 08:02:32.520,spid26s,"[3]. Feature Status: PVS: 0. CTR: 0. ConcurrentPFSUpdate: 1. ConcurrentGAMUpdate: 1. ConcurrentSGAMUpdate: 1, CleanupUnderUserTransaction: 0. TranLevelPVS: 0",INFO,8
2026-09-11 08:02:32.520,spid26s,Starting up database 'model'.,STARTUP,8
2026-09-11 08:02:32.550,spid23s,Converting database 'model_replicatedmaster' from version 927 to the current version 957.,INFO,8
2026-09-11 08:02:32.550,spid23s,Database 'model_replicatedmaster' running the upgrade step from version 927 to version 928.,INFO,8
2026-09-11 08:02:32.580,Server,Common language runtime (CLR) functionality initialized.,INFO,8
2026-09-11 08:02:32.630,spid23s,Database 'model_replicatedmaster' running the upgrade step from version 928 to version 929.,INFO,8
2026-09-11 08:02:32.790,spid23s,Database 'model_replicatedmaster' running the upgrade step from version 929 to version 930.,INFO,8
2026-09-11 08:02:32.820,spid23s,Database 'model_replicatedmaster' running the upgrade step from version 930 to version 931.,INFO,8
2026-09-11 08:02:32.840,spid23s,Database 'model_replicatedmaster' running the upgrade step from version 931 to version 932.,INFO,8
2026-09-11 08:02:32.870,spid23s,Database 'model_replicatedmaster' running the upgrade step from version 932 to version 933.,INFO,8
2026-09-11 08:02:32.890,spid23s,Database 'model_replicatedmaster' running the upgrade step from version 933 to version 934.,INFO,8
2026-09-11 08:02:32.900,Server,External governance manager initialized,INFO,8
2026-09-11 08:02:32.930,spid23s,Database 'model_replicatedmaster' running the upgrade step from version 934 to version 935.,INFO,8
2026-09-11 08:02:32.960,spid23s,Database 'model_replicatedmaster' running the upgrade step from version 935 to version 936.,INFO,8
2026-09-11 08:02:32.980,spid23s,Database 'model_replicatedmaster' running the upgrade step from version 936 to version 937.,INFO,8
2026-09-11 08:02:33.000,spid23s,Database 'model_replicatedmaster' running the upgrade step from version 937 to version 938.,INFO,8
2026-09-11 08:02:33.030,spid23s,Database 'model_replicatedmaster' running the upgrade step from version 938 to version 939.,INFO,8
2026-09-11 08:02:33.070,spid23s,Database 'model_replicatedmaster' running the upgrade step from version 939 to version 940.,INFO,8
2026-09-11 08:02:33.100,spid23s,Database 'model_replicatedmaster' running the upgrade step from version 940 to version 941.,INFO,8
2026-09-11 08:02:33.130,spid23s,Database 'model_replicatedmaster' running the upgrade step from version 941 to version 942.,INFO,8
2026-09-11 08:02:33.150,spid23s,Database 'model_replicatedmaster' running the upgrade step from version 942 to version 943.,INFO,8
2026-09-11 08:02:33.230,spid23s,Database 'model_replicatedmaster' running the upgrade step from version 943 to version 944.,INFO,8
2026-09-11 08:02:33.250,spid23s,Database 'model_replicatedmaster' running the upgrade step from version 944 to version 945.,INFO,8
2026-09-11 08:02:33.280,spid23s,Database 'model_replicatedmaster' running the upgrade step from version 945 to version 946.,INFO,8
2026-09-11 08:02:33.300,spid23s,Database 'model_replicatedmaster' running the upgrade step from version 946 to version 947.,INFO,8
2026-09-11 08:02:33.330,spid23s,Database 'model_replicatedmaster' running the upgrade step from version 947 to version 948.,INFO,8
2026-09-11 08:02:33.350,spid23s,Database 'model_replicatedmaster' running the upgrade step from version 948 to version 949.,INFO,8
2026-09-11 08:02:33.380,spid23s,Database 'model_replicatedmaster' running the upgrade step from version 949 to version 950.,INFO,8
2026-09-11 08:02:33.400,spid23s,Database 'model_replicatedmaster' running the upgrade step from version 950 to version 951.,INFO,8
2026-09-11 08:02:33.430,spid23s,Database 'model_replicatedmaster' running the upgrade step from version 951 to version 952.,INFO,8
2026-09-11 08:02:33.460,spid23s,Database 'model_replicatedmaster' running the upgrade step from version 952 to version 953.,INFO,8
2026-09-11 08:02:33.510,spid23s,Database 'model_replicatedmaster' running the upgrade step from version 953 to version 954.,INFO,8
2026-09-11 08:02:33.520,spid23s,Database 'model_replicatedmaster' running the upgrade step from version 954 to version 955.,INFO,8
2026-09-11 08:02:33.540,spid23s,Database 'model_replicatedmaster' running the upgrade step from version 955 to version 956.,INFO,8
2026-09-11 08:02:33.590,spid23s,Database 'model_replicatedmaster' running the upgrade step from version 956 to version 957.,INFO,8
2026-09-11 08:02:33.690,spid23s,"[32761]. Feature Status: PVS: 0. CTR: 0. ConcurrentPFSUpdate: 1. ConcurrentGAMUpdate: 1. ConcurrentSGAMUpdate: 1, CleanupUnderUserTransaction: 0. TranLevelPVS: 0",INFO,8
2026-09-11 08:02:33.700,spid23s,Starting up database 'model_msdb'.,STARTUP,8
2026-09-11 08:02:33.830,spid23s,Converting database 'model_msdb' from version 927 to the current version 957.,INFO,8
2026-09-11 08:02:33.840,spid23s,Database 'model_msdb' running the upgrade step from version 927 to version 928.,INFO,8
2026-09-11 08:02:33.880,spid23s,Database 'model_msdb' running the upgrade step from version 928 to version 929.,INFO,8
2026-09-11 08:02:33.970,spid23s,Database 'model_msdb' running the upgrade step from version 929 to version 930.,INFO,8
2026-09-11 08:02:34.000,spid23s,Database 'model_msdb' running the upgrade step from version 930 to version 931.,INFO,8
2026-09-11 08:02:34.040,spid23s,Database 'model_msdb' running the upgrade step from version 931 to version 932.,INFO,8
2026-09-11 08:02:34.080,spid23s,Database 'model_msdb' running the upgrade step from version 932 to version 933.,INFO,8
2026-09-11 08:02:34.110,spid23s,Database 'model_msdb' running the upgrade step from version 933 to version 934.,INFO,8
2026-09-11 08:02:34.120,spid32s,A self-generated certificate was successfully loaded for encryption.,INFO,8
2026-09-11 08:02:34.120,spid32s,Server is listening on [ 'any' <ipv6> 1433] accept sockets 1.,INFO,8
2026-09-11 08:02:34.130,spid32s,Server is listening on [ 'any' <ipv4> 1433] accept sockets 1.,INFO,8
2026-09-11 08:02:34.130,spid23s,Database 'model_msdb' running the upgrade step from version 934 to version 935.,INFO,8
2026-09-11 08:02:34.130,Server,Server is listening on [ ::1 <ipv6> 1434] accept sockets 1.,INFO,8
2026-09-11 08:02:34.140,Server,Server is listening on [ 127.0.0.1 <ipv4> 1434] accept sockets 1.,INFO,8
2026-09-11 08:02:34.140,Server,Dedicated admin connection support was established for listening locally on port 1434.,INFO,8
2026-09-11 08:02:34.150,spid32s,Server is listening on [ ::1 <ipv6> 1431] accept sockets 1.,INFO,8
2026-09-11 08:02:34.150,spid32s,Server is listening on [ 127.0.0.1 <ipv4> 1431] accept sockets 1.,INFO,8
2026-09-11 08:02:34.150,spid32s,SQL Server is now ready for client connections. This is an informational message; no user action is required.,STARTUP,8
2026-09-11 08:02:34.160,spid23s,Database 'model_msdb' running the upgrade step from version 935 to version 936.,INFO,8
2026-09-11 08:02:34.180,spid23s,Database 'model_msdb' running the upgrade step from version 936 to version 937.,INFO,8
2026-09-11 08:02:34.210,spid23s,Database 'model_msdb' running the upgrade step from version 937 to version 938.,INFO,8
2026-09-11 08:02:34.230,spid23s,Database 'model_msdb' running the upgrade step from version 938 to version 939.,INFO,8
2026-09-11 08:02:34.260,spid23s,Database 'model_msdb' running the upgrade step from version 939 to version 940.,INFO,8
2026-09-11 08:02:34.290,spid23s,Database 'model_msdb' running the upgrade step from version 940 to version 941.,INFO,8
2026-09-11 08:02:34.320,spid23s,Database 'model_msdb' running the upgrade step from version 941 to version 942.,INFO,8
2026-09-11 08:02:34.340,spid23s,Database 'model_msdb' running the upgrade step from version 942 to version 943.,INFO,8
2026-09-11 08:02:34.420,spid23s,Database 'model_msdb' running the upgrade step from version 943 to version 944.,INFO,8
2026-09-11 08:02:34.440,spid23s,Database 'model_msdb' running the upgrade step from version 944 to version 945.,INFO,8
2026-09-11 08:02:34.500,spid23s,Database 'model_msdb' running the upgrade step from version 945 to version 946.,INFO,8
2026-09-11 08:02:34.520,spid23s,Database 'model_msdb' running the upgrade step from version 946 to version 947.,INFO,8
2026-09-11 08:02:34.550,spid23s,Database 'model_msdb' running the upgrade step from version 947 to version 948.,INFO,8
2026-09-11 08:02:34.580,spid23s,Database 'model_msdb' running the upgrade step from version 948 to version 949.,INFO,8
2026-09-11 08:02:34.610,spid23s,Database 'model_msdb' running the upgrade step from version 949 to version 950.,INFO,8
2026-09-11 08:02:34.630,spid23s,Database 'model_msdb' running the upgrade step from version 950 to version 951.,INFO,8
2026-09-11 08:02:34.690,spid23s,Database 'model_msdb' running the upgrade step from version 951 to version 952.,INFO,8
2026-09-11 08:02:34.720,spid23s,Database 'model_msdb' running the upgrade step from version 952 to version 953.,INFO,8
2026-09-11 08:02:34.750,spid23s,Database 'model_msdb' running the upgrade step from version 953 to version 954.,INFO,8
2026-09-11 08:02:34.770,spid23s,Database 'model_msdb' running the upgrade step from version 954 to version 955.,INFO,8
2026-09-11 08:02:34.800,spid23s,Database 'model_msdb' running the upgrade step from version 955 to version 956.,INFO,8
2026-09-11 08:02:34.890,spid23s,Database 'model_msdb' running the upgrade step from version 956 to version 957.,INFO,8
2026-09-11 08:02:35.050,spid23s,Resource governor reconfiguration succeeded.,CONFIGURATION,8
2026-09-11 08:02:35.060,spid23s,SQL Server Audit is starting the audits. This is an informational message. No user action is required.,STARTUP,8
2026-09-11 08:02:35.060,spid43s,Attribute synchronization initialized,INFO,8
2026-09-11 08:02:35.060,spid23s,SQL Server Audit has started the audits. This is an informational message. No user action is required.,STARTUP,8
2026-09-11 08:02:35.060,spid43s,Attribute synchronization manager initialized,INFO,8
2026-09-11 08:02:35.270,spid23s,"SQL Trace ID 1 was started by login ""sa"".",STARTUP,8
2026-09-11 08:02:35.300,spid23s,Server name is 'fadf03e4e65e'. This is an informational message only. No user action is required.,INFO,8
2026-09-11 08:02:35.380,spid26s,Clearing tempdb database.,INFO,8
2026-09-11 08:02:35.380,spid65s,Always On: The availability replica manager is starting. This is an informational message only. No user action is required.,STARTUP,8
2026-09-11 08:02:35.380,spid67s,"[4]. Feature Status: PVS: 0. CTR: 0. ConcurrentPFSUpdate: 1. ConcurrentGAMUpdate: 1. ConcurrentSGAMUpdate: 1, CleanupUnderUserTransaction: 0. TranLevelPVS: 0",INFO,8
2026-09-11 08:02:35.390,spid68s,"[5]. Feature Status: PVS: 0. CTR: 0. ConcurrentPFSUpdate: 1. ConcurrentGAMUpdate: 1. ConcurrentSGAMUpdate: 1, CleanupUnderUserTransaction: 0. TranLevelPVS: 0",INFO,8
2026-09-11 08:02:35.390,spid65s,Always On: The availability replica manager is waiting for the instance of SQL Server to allow client connections. This is an informational message only. No user action is required.,INFO,8
2026-09-11 08:02:35.400,spid67s,Starting up database 'msdb'.,STARTUP,8
2026-09-11 08:02:35.410,spid68s,Starting up database 'SteelNort'.,STARTUP,8
2026-09-11 08:02:35.420,spid68s,RemoveStaleDbEntries: Cleanup of stale DB entries called for database ID: [5],INFO,8
2026-09-11 08:02:35.420,spid68s,RemoveStaleDbEntries: Cleanup of stale DB entries skipped because master db is not memory optimized. DbId: 5.,INFO,8
2026-09-11 08:02:35.550,spid68s,Parallel redo is started for database 'SteelNort' with worker pool size [3].,STARTUP,8
2026-09-11 08:02:35.700,spid23s,Recovery is writing a checkpoint in database 'msdb' (4). This is an informational message only. No user action is required.,STARTUP,8
2026-09-11 08:02:35.860,spid26s,"[2]. Feature Status: PVS: 0. CTR: 0. ConcurrentPFSUpdate: 1. ConcurrentGAMUpdate: 1. ConcurrentSGAMUpdate: 1, CleanupUnderUserTransaction: 0. TranLevelPVS: 0",INFO,8
2026-09-11 08:02:35.870,spid26s,Starting up database 'tempdb'.,STARTUP,8
2026-09-11 08:02:36.800,spid24s,Using 'dbghelp.dll' version '4.0.5',INFO,8
2026-09-11 08:02:37.290,spid26s,The tempdb database has 8 data file(s).,INFO,8
2026-09-11 08:02:37.320,spid70s,The Service Broker endpoint is in disabled or stopped state.,INFO,8
2026-09-11 08:02:37.320,spid70s,The Database Mirroring endpoint is in disabled or stopped state.,INFO,8
2026-09-11 08:02:37.360,spid70s,Service Broker manager has started.,STARTUP,8
2026-09-11 08:02:38.050,spid68s,Recovery of database 'SteelNort' (5) is 1% complete (approximately 177 seconds remain). Phase 2 of 3. This is an informational message only. No user action is required.,STARTUP,8
2026-09-11 08:02:39.190,spid68s,33673 transactions rolled forward in database 'SteelNort' (5:0). This is an informational message only. No user action is required.,INFO,8
2026-09-11 08:02:39.270,spid68s,0 transactions rolled back in database 'SteelNort' (5:0). This is an informational message only. No user action is required.,INFO,8
2026-09-11 08:02:39.280,spid68s,Recovery is writing a checkpoint in database 'SteelNort' (5). This is an informational message only. No user action is required.,STARTUP,8
2026-09-11 08:02:39.420,spid68s,"Recovery completed for database SteelNort (database ID 5) in 4 second(s) (analysis 2493 ms, redo 1145 ms, undo 54 ms [system undo 0 ms, regular undo 0 ms].) ADR-enabled=0, Is primary=1, OL-Enabled=0. This is an informational message only. No user action is required.",STARTUP,8
2026-09-11 08:02:39.430,spid68s,Parallel redo is shutdown for database 'SteelNort' with worker pool size [3].,INFO,8
2026-09-11 08:02:39.450,spid23s,Recovery is complete. This is an informational message only. No user action is required.,STARTUP,8
2026-09-11 08:03:22.000,spid78,Attempting to load library 'xpstar.dll' into memory. This is an informational message only. No user action is required.,INFO,8
2026-09-11 08:03:22.050,spid78,Using 'xpstar.dll' version '2022.160.4265' to execute extended stored procedure 'xp_readerrorlog'. This is an informational message only; no user action is required.,ERROR,8
2026-09-11 08:09:19.880,spid59,Attempting to load library 'xplog70.dll' into memory. This is an informational message only. No user action is required.,INFO,8
2026-09-11 08:09:19.920,spid59,Using 'xplog70.dll' version '2022.160.4265' to execute extended stored procedure 'xp_msver'. This is an informational message only; no user action is required.,INFO,8
2026-09-04 04:50:51.540,Server,Microsoft SQL Server 2022 (RTM-CU26) (KB5093420) - 16.0.4265.3 (X64) Jul 7 2026 14:37:25 Copyright (C) 2022 Microsoft Corporation Developer Edition (64-bit) on Linux (Ubuntu 22.04.5 LTS) <X64>,INFO,carga1
2026-09-04 04:50:51.540,Server,UTC adjustment: 0:00,INFO,carga1
2026-09-04 04:50:51.540,Server,(c) Microsoft Corporation.,INFO,carga1
2026-09-04 04:50:51.540,Server,All rights reserved.,INFO,carga1
2026-09-04 04:50:51.540,Server,Server process ID is 460.,INFO,carga1
2026-09-04 04:50:51.550,Server,Logging SQL Server messages in file '/var/opt/mssql/log/errorlog'.,ERROR,carga1
2026-09-04 04:50:51.550,Server,Registry startup parameters: -d /var/opt/mssql/data/master.mdf -l /var/opt/mssql/data/mastlog.ldf -e /var/opt/mssql/log/errorlog,ERROR,carga1
2026-09-04 04:50:51.560,Server,"SQL Server detected 1 sockets with 3 cores per socket and 6 logical processors per socket, 6 total logical processors; using 6 logical processors based on SQL Server licensing. This is an informational message; no user action is required.",INFO,carga1
2026-09-04 04:50:51.560,Server,SQL Server is starting at normal priority base (=7). This is an informational message only. No user action is required.,STARTUP,carga1
2026-09-04 04:50:51.560,Server,"Detected 3916 MB of RAM, 2747 MB of available memory, 2747 MB of available page file. This is an informational message; no user action is required.",INFO,carga1
2026-09-04 04:50:51.570,Server,Using conventional memory in the memory manager.,INFO,carga1
2026-09-04 04:50:51.570,Server,Detected pause instruction latency: 140 cycles.,PERFORMANCE,carga1
2026-09-04 04:50:51.570,Server,"SQL Server detected the following NUMA node configuration (NUMA Node number 0, Processor Group number 0, CPU Mask 0x000000000000003f).",CONFIGURATION,carga1
2026-09-04 04:50:51.580,Server,Page exclusion bitmap is enabled.,INFO,carga1
2026-09-04 04:50:51.640,Server,Buffer pool extension is not supported on Linux platform.,INFO,carga1
2026-09-04 04:50:51.650,Server,Buffer Pool: Allocating 4194304 bytes for 431353 hashPages.,INFO,carga1
2026-09-04 04:50:51.830,Server,Buffer pool extension is already disabled. No action is necessary.,INFO,carga1
2026-09-04 04:50:52.550,Server,Installing Client TLS certificates to the store.,INFO,carga1
2026-09-04 04:50:52.570,Server,CPU vectorization level(s) detected: SSE SSE2 SSE3 SSSE3 SSE41 SSE42 AVX AVX2 POPCNT BMI1 BMI2 AVX512 (F CD BW DQ VL IFMA VBMI VBMI2 VNNI BITALG VPOQCNTDQ VP2INTERSECT),INFO,carga1
2026-09-04 04:50:52.650,Server,Successfully initialized the TLS configuration. Allowed TLS protocol versions are ['1.0 1.1 1.2']. Allowed TLS ciphers are ['ECDHE-ECDSA-AES128-GCM-SHA256:ECDHE-ECDSA-AES256-GCM-SHA384:ECDHE-RSA-AES128-GCM-SHA256:ECDHE-RSA-AES256-GCM-SHA384:ECDHE-ECDSA-AES128-SHA256:ECDHE-ECDSA-AES256-SHA384:ECDHE-ECDSA-AES256-SHA:ECDHE-ECDSA-AES128-SHA:AES256-GCM-SHA384:AES128-GCM-SHA256:AES256-SHA256:AES128-SHA256:AES256-SHA:AES128-SHA:!DHE-RSA-AES256-GCM-SHA384:!DHE-RSA-AES128-GCM-SHA256:!DHE-RSA-AES256-SHA:!DHE-RSA-AES128-SHA'].,CONFIGURATION,carga1
2026-09-04 04:50:52.680,Server,"Query Store settings initialized with enabled = 1,",CONFIGURATION,carga1
2026-09-04 04:50:52.700,Server,The maximum number of dedicated administrator connections for this instance is '1',INFO,carga1
2026-09-04 04:50:52.720,Server,Node configuration: node 0: CPU mask: 0x000000000000003f:0 Active CPU mask: 0x000000000000003f:0. This message provides a description of the NUMA configuration for this computer. This is an informational message only. No user action is required.,CONFIGURATION,carga1
2026-09-04 04:50:52.740,Server,Using dynamic lock allocation. Initial allocation of 2500 Lock blocks and 5000 Lock Owner blocks per node. This is an informational message only. No user action is required.,INFO,carga1
2026-09-04 04:50:52.790,Server,In-Memory OLTP initialized on lowend machine.,INFO,carga1
2026-09-04 04:50:52.850,Server,CLR version v4.0.30319 loaded.,INFO,carga1
2026-09-04 04:50:52.900,Server,[INFO] Created Extended Events session 'hkenginexesession',INFO,carga1
2026-09-04 04:50:52.910,Server,Database Instant File Initialization: enabled. For security and performance considerations see the topic 'Database Instant File Initialization' in SQL Server Books Online. This is an informational message only. No user action is required.,PERFORMANCE,carga1
2026-09-04 04:50:52.930,Server,Total Log Writer threads: 2. This is an informational message; no user action is required.,INFO,carga1
2026-09-04 04:50:52.950,Server,clwb is selected for pmem flush operation.,INFO,carga1
2026-09-04 04:50:52.960,Server,Software Usage Metrics is disabled.,INFO,carga1
2026-09-04 04:50:52.980,spid24s,"[1]. Feature Status: PVS: 0. CTR: 0. ConcurrentPFSUpdate: 1. ConcurrentGAMUpdate: 1. ConcurrentSGAMUpdate: 1, CleanupUnderUserTransaction: 0. TranLevelPVS: 0",INFO,carga1
2026-09-04 04:50:52.980,spid24s,Starting up database 'master'.,STARTUP,carga1
2026-09-04 04:50:53.440,spid24s,26 transactions rolled forward in database 'master' (1:0). This is an informational message only. No user action is required.,INFO,carga1
2026-09-04 04:50:53.550,spid24s,0 transactions rolled back in database 'master' (1:0). This is an informational message only. No user action is required.,INFO,carga1
2026-09-04 04:50:53.570,spid24s,Recovery is writing a checkpoint in database 'master' (1). This is an informational message only. No user action is required.,STARTUP,carga1
2026-09-04 04:50:53.910,spid24s,"[32762]. Feature Status: PVS: 0. CTR: 0. ConcurrentPFSUpdate: 1. ConcurrentGAMUpdate: 1. ConcurrentSGAMUpdate: 1, CleanupUnderUserTransaction: 0. TranLevelPVS: 0",INFO,carga1
2026-09-04 04:50:53.920,spid24s,Starting up database 'model_replicatedmaster'.,STARTUP,carga1
2026-09-04 04:50:53.930,spid26s,"[32767]. Feature Status: PVS: 0. CTR: 0. ConcurrentPFSUpdate: 1. ConcurrentGAMUpdate: 1. ConcurrentSGAMUpdate: 1, CleanupUnderUserTransaction: 0. TranLevelPVS: 0",INFO,carga1
2026-09-04 04:50:53.930,spid26s,Starting up database 'mssqlsystemresource'.,STARTUP,carga1
2026-09-04 04:50:53.950,spid26s,The resource database build version is 16.00.4265. This is an informational message only. No user action is required.,INFO,carga1
2026-09-04 04:50:53.980,Server,Common language runtime (CLR) functionality initialized.,INFO,carga1
2026-09-04 04:50:54.000,spid26s,"[3]. Feature Status: PVS: 0. CTR: 0. ConcurrentPFSUpdate: 1. ConcurrentGAMUpdate: 1. ConcurrentSGAMUpdate: 1, CleanupUnderUserTransaction: 0. TranLevelPVS: 0",INFO,carga1
2026-09-04 04:50:54.010,spid26s,Starting up database 'model'.,STARTUP,carga1
2026-09-04 04:50:54.220,spid24s,Converting database 'model_replicatedmaster' from version 927 to the current version 957.,INFO,carga1
2026-09-04 04:50:54.220,spid24s,Database 'model_replicatedmaster' running the upgrade step from version 927 to version 928.,INFO,carga1
2026-09-04 04:50:54.240,Server,External governance manager initialized,INFO,carga1
2026-09-04 04:50:54.470,spid24s,Database 'model_replicatedmaster' running the upgrade step from version 928 to version 929.,INFO,carga1
2026-09-04 04:50:54.570,spid24s,Database 'model_replicatedmaster' running the upgrade step from version 929 to version 930.,INFO,carga1
2026-09-04 04:50:54.600,spid24s,Database 'model_replicatedmaster' running the upgrade step from version 930 to version 931.,INFO,carga1
2026-09-04 04:50:54.630,spid24s,Database 'model_replicatedmaster' running the upgrade step from version 931 to version 932.,INFO,carga1
2026-09-04 04:50:54.660,spid24s,Database 'model_replicatedmaster' running the upgrade step from version 932 to version 933.,INFO,carga1
2026-09-04 04:50:54.680,spid24s,Database 'model_replicatedmaster' running the upgrade step from version 933 to version 934.,INFO,carga1
2026-09-04 04:50:54.710,spid24s,Database 'model_replicatedmaster' running the upgrade step from version 934 to version 935.,INFO,carga1
2026-09-04 04:50:54.730,spid24s,Database 'model_replicatedmaster' running the upgrade step from version 935 to version 936.,INFO,carga1
2026-09-04 04:50:54.760,spid24s,Database 'model_replicatedmaster' running the upgrade step from version 936 to version 937.,INFO,carga1
2026-09-04 04:50:54.780,spid24s,Database 'model_replicatedmaster' running the upgrade step from version 937 to version 938.,INFO,carga1
2026-09-04 04:50:54.810,spid24s,Database 'model_replicatedmaster' running the upgrade step from version 938 to version 939.,INFO,carga1
2026-09-04 04:50:54.840,spid24s,Database 'model_replicatedmaster' running the upgrade step from version 939 to version 940.,INFO,carga1
2026-09-04 04:50:54.860,spid24s,Database 'model_replicatedmaster' running the upgrade step from version 940 to version 941.,INFO,carga1
2026-09-04 04:50:54.860,spid33s,A self-generated certificate was successfully loaded for encryption.,INFO,carga1
2026-09-04 04:50:54.870,spid33s,Server is listening on [ 'any' <ipv6> 1433] accept sockets 1.,INFO,carga1
2026-09-04 04:50:54.870,spid33s,Server is listening on [ 'any' <ipv4> 1433] accept sockets 1.,INFO,carga1
2026-09-04 04:50:54.880,Server,Server is listening on [ ::1 <ipv6> 1434] accept sockets 1.,INFO,carga1
2026-09-04 04:50:54.880,Server,Server is listening on [ 127.0.0.1 <ipv4> 1434] accept sockets 1.,INFO,carga1
2026-09-04 04:50:54.880,Server,Dedicated admin connection support was established for listening locally on port 1434.,INFO,carga1
2026-09-04 04:50:54.890,spid33s,Server is listening on [ ::1 <ipv6> 1431] accept sockets 1.,INFO,carga1
2026-09-04 04:50:54.890,spid24s,Database 'model_replicatedmaster' running the upgrade step from version 941 to version 942.,INFO,carga1
2026-09-04 04:50:54.900,spid33s,Server is listening on [ 127.0.0.1 <ipv4> 1431] accept sockets 1.,INFO,carga1
2026-09-04 04:50:54.900,spid33s,SQL Server is now ready for client connections. This is an informational message; no user action is required.,STARTUP,carga1
2026-09-04 04:50:54.920,spid24s,Database 'model_replicatedmaster' running the upgrade step from version 942 to version 943.,INFO,carga1
2026-09-04 04:50:55.030,spid24s,Database 'model_replicatedmaster' running the upgrade step from version 943 to version 944.,INFO,carga1
2026-09-04 04:50:55.070,spid24s,Database 'model_replicatedmaster' running the upgrade step from version 944 to version 945.,INFO,carga1
2026-09-04 04:50:55.110,spid24s,Database 'model_replicatedmaster' running the upgrade step from version 945 to version 946.,INFO,carga1
2026-09-04 04:50:55.130,spid24s,Database 'model_replicatedmaster' running the upgrade step from version 946 to version 947.,INFO,carga1
2026-09-04 04:50:55.160,spid24s,Database 'model_replicatedmaster' running the upgrade step from version 947 to version 948.,INFO,carga1
2026-09-04 04:50:55.190,spid24s,Database 'model_replicatedmaster' running the upgrade step from version 948 to version 949.,INFO,carga1
2026-09-04 04:50:55.210,spid24s,Database 'model_replicatedmaster' running the upgrade step from version 949 to version 950.,INFO,carga1
2026-09-04 04:50:55.240,spid24s,Database 'model_replicatedmaster' running the upgrade step from version 950 to version 951.,INFO,carga1
2026-09-04 04:50:55.280,spid24s,Database 'model_replicatedmaster' running the upgrade step from version 951 to version 952.,INFO,carga1
2026-09-04 04:50:55.320,spid24s,Database 'model_replicatedmaster' running the upgrade step from version 952 to version 953.,INFO,carga1
2026-09-04 04:50:55.380,spid24s,Database 'model_replicatedmaster' running the upgrade step from version 953 to version 954.,INFO,carga1
2026-09-04 04:50:55.410,spid24s,Database 'model_replicatedmaster' running the upgrade step from version 954 to version 955.,INFO,carga1
2026-09-04 04:50:55.450,spid24s,Database 'model_replicatedmaster' running the upgrade step from version 955 to version 956.,INFO,carga1
2026-09-04 04:50:55.620,spid24s,Database 'model_replicatedmaster' running the upgrade step from version 956 to version 957.,INFO,carga1
2026-09-04 04:50:56.230,spid24s,"[32761]. Feature Status: PVS: 0. CTR: 0. ConcurrentPFSUpdate: 1. ConcurrentGAMUpdate: 1. ConcurrentSGAMUpdate: 1, CleanupUnderUserTransaction: 0. TranLevelPVS: 0",INFO,carga1
2026-09-04 04:50:56.230,spid24s,Starting up database 'model_msdb'.,STARTUP,carga1
2026-09-04 04:50:56.390,spid24s,Converting database 'model_msdb' from version 927 to the current version 957.,INFO,carga1
2026-09-04 04:50:56.390,spid24s,Database 'model_msdb' running the upgrade step from version 927 to version 928.,INFO,carga1
2026-09-04 04:50:56.420,spid24s,Database 'model_msdb' running the upgrade step from version 928 to version 929.,INFO,carga1
2026-09-04 04:50:56.510,spid24s,Database 'model_msdb' running the upgrade step from version 929 to version 930.,INFO,carga1
2026-09-04 04:50:56.560,spid24s,Database 'model_msdb' running the upgrade step from version 930 to version 931.,INFO,carga1
2026-09-04 04:50:56.620,spid24s,Database 'model_msdb' running the upgrade step from version 931 to version 932.,INFO,carga1
2026-09-04 04:50:56.660,spid24s,Database 'model_msdb' running the upgrade step from version 932 to version 933.,INFO,carga1
2026-09-04 04:50:56.690,spid24s,Database 'model_msdb' running the upgrade step from version 933 to version 934.,INFO,carga1
2026-09-04 04:50:56.730,spid24s,Database 'model_msdb' running the upgrade step from version 934 to version 935.,INFO,carga1
2026-09-04 04:50:56.760,spid24s,Database 'model_msdb' running the upgrade step from version 935 to version 936.,INFO,carga1
2026-09-04 04:50:56.790,spid24s,Database 'model_msdb' running the upgrade step from version 936 to version 937.,INFO,carga1
2026-09-04 04:50:56.820,spid24s,Database 'model_msdb' running the upgrade step from version 937 to version 938.,INFO,carga1
2026-09-04 04:50:56.850,spid24s,Database 'model_msdb' running the upgrade step from version 938 to version 939.,INFO,carga1
2026-09-04 04:50:56.880,spid24s,Database 'model_msdb' running the upgrade step from version 939 to version 940.,INFO,carga1
2026-09-04 04:50:56.910,spid24s,Database 'model_msdb' running the upgrade step from version 940 to version 941.,INFO,carga1
2026-09-04 04:50:56.940,spid24s,Database 'model_msdb' running the upgrade step from version 941 to version 942.,INFO,carga1
2026-09-04 04:50:56.960,spid24s,Database 'model_msdb' running the upgrade step from version 942 to version 943.,INFO,carga1
2026-09-04 04:50:57.050,spid24s,Database 'model_msdb' running the upgrade step from version 943 to version 944.,INFO,carga1
2026-09-04 04:50:57.080,spid24s,Database 'model_msdb' running the upgrade step from version 944 to version 945.,INFO,carga1
2026-09-04 04:50:57.140,spid24s,Database 'model_msdb' running the upgrade step from version 945 to version 946.,INFO,carga1
2026-09-04 04:50:57.170,spid24s,Database 'model_msdb' running the upgrade step from version 946 to version 947.,INFO,carga1
2026-09-04 04:50:57.200,spid24s,Database 'model_msdb' running the upgrade step from version 947 to version 948.,INFO,carga1
2026-09-04 04:50:57.220,spid24s,Database 'model_msdb' running the upgrade step from version 948 to version 949.,INFO,carga1
2026-09-04 04:50:57.250,spid24s,Database 'model_msdb' running the upgrade step from version 949 to version 950.,INFO,carga1
2026-09-04 04:50:57.270,spid24s,Database 'model_msdb' running the upgrade step from version 950 to version 951.,INFO,carga1
2026-09-04 04:50:57.310,spid24s,Database 'model_msdb' running the upgrade step from version 951 to version 952.,INFO,carga1
2026-09-04 04:50:57.330,spid24s,Database 'model_msdb' running the upgrade step from version 952 to version 953.,INFO,carga1
2026-09-04 04:50:57.370,spid24s,Database 'model_msdb' running the upgrade step from version 953 to version 954.,INFO,carga1
2026-09-04 04:50:57.400,spid24s,Database 'model_msdb' running the upgrade step from version 954 to version 955.,INFO,carga1
2026-09-04 04:50:57.430,spid24s,Database 'model_msdb' running the upgrade step from version 955 to version 956.,INFO,carga1
2026-09-04 04:50:57.530,spid24s,Database 'model_msdb' running the upgrade step from version 956 to version 957.,INFO,carga1
2026-09-04 04:50:57.710,spid24s,Resource governor reconfiguration succeeded.,CONFIGURATION,carga1
2026-09-04 04:50:57.710,spid24s,SQL Server Audit is starting the audits. This is an informational message. No user action is required.,STARTUP,carga1
2026-09-04 04:50:57.710,spid40s,Attribute synchronization initialized,INFO,carga1
2026-09-04 04:50:57.720,spid40s,Attribute synchronization manager initialized,INFO,carga1
2026-09-04 04:50:57.720,spid24s,SQL Server Audit has started the audits. This is an informational message. No user action is required.,STARTUP,carga1
2026-09-04 04:50:57.850,spid24s,"SQL Trace ID 1 was started by login ""sa"".",STARTUP,carga1
2026-09-04 04:50:57.880,spid24s,Server name is 'fadf03e4e65e'. This is an informational message only. No user action is required.,INFO,carga1
2026-09-04 04:50:57.920,spid26s,Clearing tempdb database.,INFO,carga1
2026-09-04 04:50:57.920,spid58s,"[5]. Feature Status: PVS: 0. CTR: 0. ConcurrentPFSUpdate: 1. ConcurrentGAMUpdate: 1. ConcurrentSGAMUpdate: 1, CleanupUnderUserTransaction: 0. TranLevelPVS: 0",INFO,carga1
2026-09-04 04:50:57.920,spid55s,"[4]. Feature Status: PVS: 0. CTR: 0. ConcurrentPFSUpdate: 1. ConcurrentGAMUpdate: 1. ConcurrentSGAMUpdate: 1, CleanupUnderUserTransaction: 0. TranLevelPVS: 0",INFO,carga1
2026-09-04 04:50:57.920,spid60s,Always On: The availability replica manager is starting. This is an informational message only. No user action is required.,STARTUP,carga1
2026-09-04 04:50:57.930,spid58s,Starting up database 'SteelNort'.,STARTUP,carga1
2026-09-04 04:50:57.930,spid55s,Starting up database 'msdb'.,STARTUP,carga1
2026-09-04 04:50:57.930,spid60s,Always On: The availability replica manager is waiting for the instance of SQL Server to allow client connections. This is an informational message only. No user action is required.,INFO,carga1
2026-09-04 04:50:57.930,spid58s,RemoveStaleDbEntries: Cleanup of stale DB entries called for database ID: [5],INFO,carga1
2026-09-04 04:50:57.940,spid58s,RemoveStaleDbEntries: Cleanup of stale DB entries skipped because master db is not memory optimized. DbId: 5.,INFO,carga1
2026-09-04 04:50:57.970,spid23s,Using 'dbghelp.dll' version '4.0.5',INFO,carga1
2026-09-04 04:50:58.070,spid58s,Parallel redo is started for database 'SteelNort' with worker pool size [3].,STARTUP,carga1
2026-09-04 04:50:58.170,spid24s,Recovery is writing a checkpoint in database 'msdb' (4). This is an informational message only. No user action is required.,STARTUP,carga1
2026-09-04 04:50:58.310,spid58s,Recovery of database 'SteelNort' (5) is 1% complete (approximately 20 seconds remain). Phase 2 of 3. This is an informational message only. No user action is required.,STARTUP,carga1
2026-09-04 04:50:58.470,spid58s,808 transactions rolled forward in database 'SteelNort' (5:0). This is an informational message only. No user action is required.,INFO,carga1
2026-09-04 04:50:58.720,spid24s,0 transactions rolled back in database 'SteelNort' (5:0). This is an informational message only. No user action is required.,INFO,carga1
2026-09-04 04:50:58.720,spid24s,Parallel redo is shutdown for database 'SteelNort' with worker pool size [3].,INFO,carga1
2026-09-04 04:50:58.730,spid26s,"[2]. Feature Status: PVS: 0. CTR: 0. ConcurrentPFSUpdate: 1. ConcurrentGAMUpdate: 1. ConcurrentSGAMUpdate: 1, CleanupUnderUserTransaction: 0. TranLevelPVS: 0",INFO,carga1
2026-09-04 04:50:58.740,spid26s,Starting up database 'tempdb'.,STARTUP,carga1
2026-09-04 04:50:59.820,spid26s,The tempdb database has 8 data file(s).,INFO,carga1
2026-09-04 04:50:59.840,spid34s,The Service Broker endpoint is in disabled or stopped state.,INFO,carga1
2026-09-04 04:50:59.850,spid34s,The Database Mirroring endpoint is in disabled or stopped state.,INFO,carga1
2026-09-04 04:50:59.860,spid34s,Service Broker manager has started.,STARTUP,carga1
2026-09-04 04:50:59.870,spid24s,Recovery is complete. This is an informational message only. No user action is required.,STARTUP,carga1
2026-09-04 04:57:47.820,spid70,Attempting to load library 'xplog70.dll' into memory. This is an informational message only. No user action is required.,INFO,carga1
2026-09-04 04:57:47.870,spid70,Using 'xplog70.dll' version '2022.160.4265' to execute extended stored procedure 'xp_msver'. This is an informational message only; no user action is required.,INFO,carga1
2026-09-04 04:58:55.320,spid73,Attempting to load library 'xpstar.dll' into memory. This is an informational message only. No user action is required.,INFO,carga1
2026-09-04 04:58:55.360,spid73,Using 'xpstar.dll' version '2022.160.4265' to execute extended stored procedure 'xp_readerrorlog'. This is an informational message only; no user action is required.,ERROR,carga1
2026-09-07 04:21:46.880,Server,Microsoft SQL Server 2022 (RTM-CU26) (KB5093420) - 16.0.4265.3 (X64) Jul 7 2026 14:37:25 Copyright (C) 2022 Microsoft Corporation Developer Edition (64-bit) on Linux (Ubuntu 22.04.5 LTS) <X64>,INFO,carga2
2026-09-07 04:21:46.890,Server,UTC adjustment: 0:00,INFO,carga2
2026-09-07 04:21:46.890,Server,(c) Microsoft Corporation.,INFO,carga2
2026-09-07 04:21:46.890,Server,All rights reserved.,INFO,carga2
2026-09-07 04:21:46.890,Server,Server process ID is 456.,INFO,carga2
2026-09-07 04:21:46.890,Server,Logging SQL Server messages in file '/var/opt/mssql/log/errorlog'.,ERROR,carga2
2026-09-07 04:21:46.890,Server,Registry startup parameters: -d /var/opt/mssql/data/master.mdf -l /var/opt/mssql/data/mastlog.ldf -e /var/opt/mssql/log/errorlog,ERROR,carga2
2026-09-07 04:21:46.910,Server,"SQL Server detected 1 sockets with 3 cores per socket and 6 logical processors per socket, 6 total logical processors; using 6 logical processors based on SQL Server licensing. This is an informational message; no user action is required.",INFO,carga2
2026-09-07 04:21:46.910,Server,SQL Server is starting at normal priority base (=7). This is an informational message only. No user action is required.,STARTUP,carga2
2026-09-07 04:21:46.910,Server,"Detected 3916 MB of RAM, 2810 MB of available memory, 2810 MB of available page file. This is an informational message; no user action is required.",INFO,carga2
2026-09-07 04:21:46.920,Server,Using conventional memory in the memory manager.,INFO,carga2
2026-09-07 04:21:46.920,Server,Detected pause instruction latency: 140 cycles.,PERFORMANCE,carga2
2026-09-07 04:21:46.920,Server,"SQL Server detected the following NUMA node configuration (NUMA Node number 0, Processor Group number 0, CPU Mask 0x000000000000003f).",CONFIGURATION,carga2
2026-09-07 04:21:46.930,Server,Page exclusion bitmap is enabled.,INFO,carga2
2026-09-07 04:21:47.010,Server,Buffer pool extension is not supported on Linux platform.,INFO,carga2
2026-09-07 04:21:47.010,Server,Buffer Pool: Allocating 4194304 bytes for 441366 hashPages.,INFO,carga2
2026-09-07 04:21:47.310,Server,Buffer pool extension is already disabled. No action is necessary.,INFO,carga2
2026-09-07 04:21:48.150,Server,Installing Client TLS certificates to the store.,INFO,carga2
2026-09-07 04:21:48.180,Server,CPU vectorization level(s) detected: SSE SSE2 SSE3 SSSE3 SSE41 SSE42 AVX AVX2 POPCNT BMI1 BMI2 AVX512 (F CD BW DQ VL IFMA VBMI VBMI2 VNNI BITALG VPOQCNTDQ VP2INTERSECT),INFO,carga2
2026-09-07 04:21:48.300,Server,Successfully initialized the TLS configuration. Allowed TLS protocol versions are ['1.0 1.1 1.2']. Allowed TLS ciphers are ['ECDHE-ECDSA-AES128-GCM-SHA256:ECDHE-ECDSA-AES256-GCM-SHA384:ECDHE-RSA-AES128-GCM-SHA256:ECDHE-RSA-AES256-GCM-SHA384:ECDHE-ECDSA-AES128-SHA256:ECDHE-ECDSA-AES256-SHA384:ECDHE-ECDSA-AES256-SHA:ECDHE-ECDSA-AES128-SHA:AES256-GCM-SHA384:AES128-GCM-SHA256:AES256-SHA256:AES128-SHA256:AES256-SHA:AES128-SHA:!DHE-RSA-AES256-GCM-SHA384:!DHE-RSA-AES128-GCM-SHA256:!DHE-RSA-AES256-SHA:!DHE-RSA-AES128-SHA'].,CONFIGURATION,carga2
2026-09-07 04:21:48.350,Server,"Query Store settings initialized with enabled = 1,",CONFIGURATION,carga2
2026-09-07 04:21:48.380,Server,The maximum number of dedicated administrator connections for this instance is '1',INFO,carga2
2026-09-07 04:21:48.390,Server,Node configuration: node 0: CPU mask: 0x000000000000003f:0 Active CPU mask: 0x000000000000003f:0. This message provides a description of the NUMA configuration for this computer. This is an informational message only. No user action is required.,CONFIGURATION,carga2
2026-09-07 04:21:48.410,Server,Using dynamic lock allocation. Initial allocation of 2500 Lock blocks and 5000 Lock Owner blocks per node. This is an informational message only. No user action is required.,INFO,carga2
2026-09-07 04:21:48.460,Server,In-Memory OLTP initialized on lowend machine.,INFO,carga2
2026-09-07 04:21:48.540,Server,[INFO] Created Extended Events session 'hkenginexesession',INFO,carga2
2026-09-07 04:21:48.540,Server,Database Instant File Initialization: enabled. For security and performance considerations see the topic 'Database Instant File Initialization' in SQL Server Books Online. This is an informational message only. No user action is required.,PERFORMANCE,carga2
2026-09-07 04:21:48.550,Server,CLR version v4.0.30319 loaded.,INFO,carga2
2026-09-07 04:21:48.570,Server,Total Log Writer threads: 2. This is an informational message; no user action is required.,INFO,carga2
2026-09-07 04:21:48.580,Server,clwb is selected for pmem flush operation.,INFO,carga2
2026-09-07 04:21:48.600,Server,Software Usage Metrics is disabled.,INFO,carga2
2026-09-07 04:21:48.630,spid23s,"[1]. Feature Status: PVS: 0. CTR: 0. ConcurrentPFSUpdate: 1. ConcurrentGAMUpdate: 1. ConcurrentSGAMUpdate: 1, CleanupUnderUserTransaction: 0. TranLevelPVS: 0",INFO,carga2
2026-09-07 04:21:48.640,spid23s,Starting up database 'master'.,STARTUP,carga2
2026-09-07 04:21:48.840,spid23s,26 transactions rolled forward in database 'master' (1:0). This is an informational message only. No user action is required.,INFO,carga2
2026-09-07 04:21:48.920,spid23s,0 transactions rolled back in database 'master' (1:0). This is an informational message only. No user action is required.,INFO,carga2
2026-09-07 04:21:48.920,spid23s,Recovery is writing a checkpoint in database 'master' (1). This is an informational message only. No user action is required.,STARTUP,carga2
2026-09-07 04:21:49.120,spid23s,"[32762]. Feature Status: PVS: 0. CTR: 0. ConcurrentPFSUpdate: 1. ConcurrentGAMUpdate: 1. ConcurrentSGAMUpdate: 1, CleanupUnderUserTransaction: 0. TranLevelPVS: 0",INFO,carga2
2026-09-07 04:21:49.130,spid26s,"[32767]. Feature Status: PVS: 0. CTR: 0. ConcurrentPFSUpdate: 1. ConcurrentGAMUpdate: 1. ConcurrentSGAMUpdate: 1, CleanupUnderUserTransaction: 0. TranLevelPVS: 0",INFO,carga2
2026-09-07 04:21:49.130,spid23s,Starting up database 'model_replicatedmaster'.,STARTUP,carga2
2026-09-07 04:21:49.140,spid26s,Starting up database 'mssqlsystemresource'.,STARTUP,carga2
2026-09-07 04:21:49.140,spid26s,The resource database build version is 16.00.4265. This is an informational message only. No user action is required.,INFO,carga2
2026-09-07 04:21:49.180,spid26s,"[3]. Feature Status: PVS: 0. CTR: 0. ConcurrentPFSUpdate: 1. ConcurrentGAMUpdate: 1. ConcurrentSGAMUpdate: 1, CleanupUnderUserTransaction: 0. TranLevelPVS: 0",INFO,carga2
2026-09-07 04:21:49.190,spid26s,Starting up database 'model'.,STARTUP,carga2
2026-09-07 04:21:49.280,Server,Common language runtime (CLR) functionality initialized.,INFO,carga2
2026-09-07 04:21:49.290,spid23s,Converting database 'model_replicatedmaster' from version 927 to the current version 957.,INFO,carga2
2026-09-07 04:21:49.290,spid23s,Database 'model_replicatedmaster' running the upgrade step from version 927 to version 928.,INFO,carga2
2026-09-07 04:21:49.360,spid23s,Database 'model_replicatedmaster' running the upgrade step from version 928 to version 929.,INFO,carga2
2026-09-07 04:21:49.450,spid23s,Database 'model_replicatedmaster' running the upgrade step from version 929 to version 930.,INFO,carga2
2026-09-07 04:21:49.480,spid23s,Database 'model_replicatedmaster' running the upgrade step from version 930 to version 931.,INFO,carga2
2026-09-07 04:21:49.500,spid23s,Database 'model_replicatedmaster' running the upgrade step from version 931 to version 932.,INFO,carga2
2026-09-07 04:21:49.520,spid23s,Database 'model_replicatedmaster' running the upgrade step from version 932 to version 933.,INFO,carga2
2026-09-07 04:21:49.550,Server,External governance manager initialized,INFO,carga2
2026-09-07 04:21:49.550,spid23s,Database 'model_replicatedmaster' running the upgrade step from version 933 to version 934.,INFO,carga2
2026-09-07 04:21:49.570,spid23s,Database 'model_replicatedmaster' running the upgrade step from version 934 to version 935.,INFO,carga2
2026-09-07 04:21:49.590,spid23s,Database 'model_replicatedmaster' running the upgrade step from version 935 to version 936.,INFO,carga2
2026-09-07 04:21:49.610,spid23s,Database 'model_replicatedmaster' running the upgrade step from version 936 to version 937.,INFO,carga2
2026-09-07 04:21:49.640,spid23s,Database 'model_replicatedmaster' running the upgrade step from version 937 to version 938.,INFO,carga2
2026-09-07 04:21:49.660,spid23s,Database 'model_replicatedmaster' running the upgrade step from version 938 to version 939.,INFO,carga2
2026-09-07 04:21:49.690,spid23s,Database 'model_replicatedmaster' running the upgrade step from version 939 to version 940.,INFO,carga2
2026-09-07 04:21:49.690,spid33s,A self-generated certificate was successfully loaded for encryption.,INFO,carga2
2026-09-07 04:21:49.690,spid33s,Server is listening on [ 'any' <ipv6> 1433] accept sockets 1.,INFO,carga2
2026-09-07 04:21:49.700,spid33s,Server is listening on [ 'any' <ipv4> 1433] accept sockets 1.,INFO,carga2
2026-09-07 04:21:49.710,Server,Server is listening on [ ::1 <ipv6> 1434] accept sockets 1.,INFO,carga2
2026-09-07 04:21:49.710,Server,Server is listening on [ 127.0.0.1 <ipv4> 1434] accept sockets 1.,INFO,carga2
2026-09-07 04:21:49.710,Server,Dedicated admin connection support was established for listening locally on port 1434.,INFO,carga2
2026-09-07 04:21:49.720,spid23s,Database 'model_replicatedmaster' running the upgrade step from version 940 to version 941.,INFO,carga2
2026-09-07 04:21:49.720,spid33s,Server is listening on [ ::1 <ipv6> 1431] accept sockets 1.,INFO,carga2
2026-09-07 04:21:49.730,spid33s,Server is listening on [ 127.0.0.1 <ipv4> 1431] accept sockets 1.,INFO,carga2
2026-09-07 04:21:49.730,spid33s,SQL Server is now ready for client connections. This is an informational message; no user action is required.,STARTUP,carga2
2026-09-07 04:21:49.750,spid23s,Database 'model_replicatedmaster' running the upgrade step from version 941 to version 942.,INFO,carga2
2026-09-07 04:21:49.770,spid23s,Database 'model_replicatedmaster' running the upgrade step from version 942 to version 943.,INFO,carga2
2026-09-07 04:21:49.870,spid23s,Database 'model_replicatedmaster' running the upgrade step from version 943 to version 944.,INFO,carga2
2026-09-07 04:21:49.900,spid23s,Database 'model_replicatedmaster' running the upgrade step from version 944 to version 945.,INFO,carga2
2026-09-07 04:21:49.940,spid23s,Database 'model_replicatedmaster' running the upgrade step from version 945 to version 946.,INFO,carga2
2026-09-07 04:21:49.960,spid23s,Database 'model_replicatedmaster' running the upgrade step from version 946 to version 947.,INFO,carga2
2026-09-07 04:21:49.990,spid23s,Database 'model_replicatedmaster' running the upgrade step from version 947 to version 948.,INFO,carga2
2026-09-07 04:21:50.010,spid23s,Database 'model_replicatedmaster' running the upgrade step from version 948 to version 949.,INFO,carga2
2026-09-07 04:21:50.060,spid23s,Database 'model_replicatedmaster' running the upgrade step from version 949 to version 950.,INFO,carga2
2026-09-07 04:21:50.080,spid23s,Database 'model_replicatedmaster' running the upgrade step from version 950 to version 951.,INFO,carga2
2026-09-07 04:21:50.110,spid23s,Database 'model_replicatedmaster' running the upgrade step from version 951 to version 952.,INFO,carga2
2026-09-07 04:21:50.130,spid23s,Database 'model_replicatedmaster' running the upgrade step from version 952 to version 953.,INFO,carga2
2026-09-07 04:21:50.170,Logon,"Error: 18456, Severity: 14, State: 38.",ERROR,carga2
2026-09-07 04:21:50.170,Logon,Login failed for user 'sa'. Reason: Failed to open the explicitly specified database 'SteelNort'. [CLIENT: 10.89.3.3],INFO,carga2
2026-09-07 04:21:50.200,spid23s,Database 'model_replicatedmaster' running the upgrade step from version 953 to version 954.,INFO,carga2
2026-09-07 04:21:50.220,spid23s,Database 'model_replicatedmaster' running the upgrade step from version 954 to version 955.,INFO,carga2
2026-09-07 04:21:50.250,spid23s,Database 'model_replicatedmaster' running the upgrade step from version 955 to version 956.,INFO,carga2
2026-09-07 04:21:50.310,spid23s,Database 'model_replicatedmaster' running the upgrade step from version 956 to version 957.,INFO,carga2
2026-09-07 04:21:50.470,spid23s,"[32761]. Feature Status: PVS: 0. CTR: 0. ConcurrentPFSUpdate: 1. ConcurrentGAMUpdate: 1. ConcurrentSGAMUpdate: 1, CleanupUnderUserTransaction: 0. TranLevelPVS: 0",INFO,carga2
2026-09-07 04:21:50.470,spid23s,Starting up database 'model_msdb'.,STARTUP,carga2
2026-09-07 04:21:50.630,spid23s,Converting database 'model_msdb' from version 927 to the current version 957.,INFO,carga2
2026-09-07 04:21:50.630,spid23s,Database 'model_msdb' running the upgrade step from version 927 to version 928.,INFO,carga2
2026-09-07 04:21:50.670,spid23s,Database 'model_msdb' running the upgrade step from version 928 to version 929.,INFO,carga2
2026-09-07 04:21:50.750,spid23s,Database 'model_msdb' running the upgrade step from version 929 to version 930.,INFO,carga2
2026-09-07 04:21:50.790,spid23s,Database 'model_msdb' running the upgrade step from version 930 to version 931.,INFO,carga2
2026-09-07 04:21:50.840,spid23s,Database 'model_msdb' running the upgrade step from version 931 to version 932.,INFO,carga2
2026-09-07 04:21:50.870,spid23s,Database 'model_msdb' running the upgrade step from version 932 to version 933.,INFO,carga2
2026-09-07 04:21:50.890,spid23s,Database 'model_msdb' running the upgrade step from version 933 to version 934.,INFO,carga2
2026-09-07 04:21:50.920,spid23s,Database 'model_msdb' running the upgrade step from version 934 to version 935.,INFO,carga2
2026-09-07 04:21:50.940,spid23s,Database 'model_msdb' running the upgrade step from version 935 to version 936.,INFO,carga2
2026-09-07 04:21:50.960,spid23s,Database 'model_msdb' running the upgrade step from version 936 to version 937.,INFO,carga2
2026-09-07 04:21:50.980,spid23s,Database 'model_msdb' running the upgrade step from version 937 to version 938.,INFO,carga2
2026-09-07 04:21:51.010,spid23s,Database 'model_msdb' running the upgrade step from version 938 to version 939.,INFO,carga2
2026-09-07 04:21:51.030,spid23s,Database 'model_msdb' running the upgrade step from version 939 to version 940.,INFO,carga2
2026-09-07 04:21:51.060,spid23s,Database 'model_msdb' running the upgrade step from version 940 to version 941.,INFO,carga2
2026-09-07 04:21:51.080,spid23s,Database 'model_msdb' running the upgrade step from version 941 to version 942.,INFO,carga2
2026-09-07 04:21:51.100,spid23s,Database 'model_msdb' running the upgrade step from version 942 to version 943.,INFO,carga2
2026-09-07 04:21:51.160,spid23s,Database 'model_msdb' running the upgrade step from version 943 to version 944.,INFO,carga2
2026-09-07 04:21:51.190,spid23s,Database 'model_msdb' running the upgrade step from version 944 to version 945.,INFO,carga2
2026-09-07 04:21:51.240,spid23s,Database 'model_msdb' running the upgrade step from version 945 to version 946.,INFO,carga2
2026-09-07 04:21:51.270,spid23s,Database 'model_msdb' running the upgrade step from version 946 to version 947.,INFO,carga2
2026-09-07 04:21:51.290,spid23s,Database 'model_msdb' running the upgrade step from version 947 to version 948.,INFO,carga2
2026-09-07 04:21:51.320,spid23s,Database 'model_msdb' running the upgrade step from version 948 to version 949.,INFO,carga2
2026-09-07 04:21:51.350,spid23s,Database 'model_msdb' running the upgrade step from version 949 to version 950.,INFO,carga2
2026-09-07 04:21:51.380,spid23s,Database 'model_msdb' running the upgrade step from version 950 to version 951.,INFO,carga2
2026-09-07 04:21:51.430,spid23s,Database 'model_msdb' running the upgrade step from version 951 to version 952.,INFO,carga2
2026-09-07 04:21:51.470,spid23s,Database 'model_msdb' running the upgrade step from version 952 to version 953.,INFO,carga2
2026-09-07 04:21:51.510,spid23s,Database 'model_msdb' running the upgrade step from version 953 to version 954.,INFO,carga2
2026-09-07 04:21:51.560,spid23s,Database 'model_msdb' running the upgrade step from version 954 to version 955.,INFO,carga2
2026-09-07 04:21:51.580,spid23s,Database 'model_msdb' running the upgrade step from version 955 to version 956.,INFO,carga2
2026-09-07 04:21:51.750,spid23s,Database 'model_msdb' running the upgrade step from version 956 to version 957.,INFO,carga2
2026-09-07 04:21:52.030,spid23s,Resource governor reconfiguration succeeded.,CONFIGURATION,carga2
2026-09-07 04:21:52.030,spid23s,SQL Server Audit is starting the audits. This is an informational message. No user action is required.,STARTUP,carga2
2026-09-07 04:21:52.030,spid41s,Attribute synchronization initialized,INFO,carga2
2026-09-07 04:21:52.040,spid41s,Attribute synchronization manager initialized,INFO,carga2
2026-09-07 04:21:52.040,spid23s,SQL Server Audit has started the audits. This is an informational message. No user action is required.,STARTUP,carga2
2026-09-07 04:21:52.210,spid23s,"SQL Trace ID 1 was started by login ""sa"".",STARTUP,carga2
2026-09-07 04:21:52.250,spid23s,Server name is 'fadf03e4e65e'. This is an informational message only. No user action is required.,INFO,carga2
2026-09-07 04:21:52.310,spid26s,Clearing tempdb database.,INFO,carga2
2026-09-07 04:21:52.320,spid57s,"[4]. Feature Status: PVS: 0. CTR: 0. ConcurrentPFSUpdate: 1. ConcurrentGAMUpdate: 1. ConcurrentSGAMUpdate: 1, CleanupUnderUserTransaction: 0. TranLevelPVS: 0",INFO,carga2
2026-09-07 04:21:52.320,spid60s,Always On: The availability replica manager is starting. This is an informational message only. No user action is required.,STARTUP,carga2
2026-09-07 04:21:52.320,spid58s,"[5]. Feature Status: PVS: 0. CTR: 0. ConcurrentPFSUpdate: 1. ConcurrentGAMUpdate: 1. ConcurrentSGAMUpdate: 1, CleanupUnderUserTransaction: 0. TranLevelPVS: 0",INFO,carga2
2026-09-07 04:21:52.330,spid57s,Starting up database 'msdb'.,STARTUP,carga2
2026-09-07 04:21:52.330,spid60s,Always On: The availability replica manager is waiting for the instance of SQL Server to allow client connections. This is an informational message only. No user action is required.,INFO,carga2
2026-09-07 04:21:52.360,spid58s,Starting up database 'SteelNort'.,STARTUP,carga2
2026-09-07 04:21:52.360,spid58s,RemoveStaleDbEntries: Cleanup of stale DB entries called for database ID: [5],INFO,carga2
2026-09-07 04:21:52.370,spid58s,RemoveStaleDbEntries: Cleanup of stale DB entries skipped because master db is not memory optimized. DbId: 5.,INFO,carga2
2026-09-07 04:21:52.540,spid58s,Parallel redo is started for database 'SteelNort' with worker pool size [3].,STARTUP,carga2
2026-09-07 04:21:52.600,spid23s,Recovery is writing a checkpoint in database 'msdb' (4). This is an informational message only. No user action is required.,STARTUP,carga2
2026-09-07 04:21:52.750,spid26s,"[2]. Feature Status: PVS: 0. CTR: 0. ConcurrentPFSUpdate: 1. ConcurrentGAMUpdate: 1. ConcurrentSGAMUpdate: 1, CleanupUnderUserTransaction: 0. TranLevelPVS: 0",INFO,carga2
2026-09-07 04:21:52.760,spid26s,Starting up database 'tempdb'.,STARTUP,carga2
2026-09-07 04:21:52.930,spid58s,Recovery of database 'SteelNort' (5) is 1% complete (approximately 32 seconds remain). Phase 2 of 3. This is an informational message only. No user action is required.,STARTUP,carga2
2026-09-07 04:21:53.190,spid58s,694 transactions rolled forward in database 'SteelNort' (5:0). This is an informational message only. No user action is required.,INFO,carga2
2026-09-07 04:21:53.250,spid23s,0 transactions rolled back in database 'SteelNort' (5:0). This is an informational message only. No user action is required.,INFO,carga2
2026-09-07 04:21:53.260,spid23s,Recovery is writing a checkpoint in database 'SteelNort' (5). This is an informational message only. No user action is required.,STARTUP,carga2
2026-09-07 04:21:53.310,spid23s,Parallel redo is shutdown for database 'SteelNort' with worker pool size [3].,INFO,carga2
2026-09-07 04:21:53.610,spid24s,Using 'dbghelp.dll' version '4.0.5',INFO,carga2
2026-09-07 04:21:53.980,spid26s,The tempdb database has 8 data file(s).,INFO,carga2
2026-09-07 04:21:54.000,spid57s,The Service Broker endpoint is in disabled or stopped state.,INFO,carga2
2026-09-07 04:21:54.000,spid57s,The Database Mirroring endpoint is in disabled or stopped state.,INFO,carga2
2026-09-07 04:21:54.020,spid57s,Service Broker manager has started.,STARTUP,carga2
2026-09-07 04:21:54.020,spid23s,Recovery is complete. This is an informational message only. No user action is required.,STARTUP,carga2
2026-09-07 04:26:22.600,spid71,Attempting to load library 'xpstar.dll' into memory. This is an informational message only. No user action is required.,INFO,carga2
2026-09-07 04:26:22.680,spid71,Using 'xpstar.dll' version '2022.160.4265' to execute extended stored procedure 'xp_readerrorlog'. This is an informational message only; no user action is required.,ERROR,carga2
2026-09-07 04:28:57.700,spid82,Attempting to load library 'xplog70.dll' into memory. This is an informational message only. No user action is required.,INFO,carga2
2026-09-07 04:28:57.780,spid82,Using 'xplog70.dll' version '2022.160.4265' to execute extended stored procedure 'xp_msver'. This is an informational message only; no user action is required.,INFO,carga2
2026-09-07 04:21:46.880,Server,Microsoft SQL Server 2022 (RTM-CU26) (KB5093420) - 16.0.4265.3 (X64) Jul 7 2026 14:37:25 Copyright (C) 2022 Microsoft Corporation Developer Edition (64-bit) on Linux (Ubuntu 22.04.5 LTS) <X64>,INFO,carga3
2026-09-07 04:21:46.890,Server,UTC adjustment: 0:00,INFO,carga3
2026-09-07 04:21:46.890,Server,(c) Microsoft Corporation.,INFO,carga3
2026-09-07 04:21:46.890,Server,All rights reserved.,INFO,carga3
2026-09-07 04:21:46.890,Server,Server process ID is 456.,INFO,carga3
2026-09-07 04:21:46.890,Server,Logging SQL Server messages in file '/var/opt/mssql/log/errorlog'.,ERROR,carga3
2026-09-07 04:21:46.890,Server,Registry startup parameters: -d /var/opt/mssql/data/master.mdf -l /var/opt/mssql/data/mastlog.ldf -e /var/opt/mssql/log/errorlog,ERROR,carga3
2026-09-07 04:21:46.910,Server,"SQL Server detected 1 sockets with 3 cores per socket and 6 logical processors per socket, 6 total logical processors; using 6 logical processors based on SQL Server licensing. This is an informational message; no user action is required.",INFO,carga3
2026-09-07 04:21:46.910,Server,SQL Server is starting at normal priority base (=7). This is an informational message only. No user action is required.,STARTUP,carga3
2026-09-07 04:21:46.910,Server,"Detected 3916 MB of RAM, 2810 MB of available memory, 2810 MB of available page file. This is an informational message; no user action is required.",INFO,carga3
2026-09-07 04:21:46.920,Server,Using conventional memory in the memory manager.,INFO,carga3
2026-09-07 04:21:46.920,Server,Detected pause instruction latency: 140 cycles.,PERFORMANCE,carga3
2026-09-07 04:21:46.920,Server,"SQL Server detected the following NUMA node configuration (NUMA Node number 0, Processor Group number 0, CPU Mask 0x000000000000003f).",CONFIGURATION,carga3
2026-09-07 04:21:46.930,Server,Page exclusion bitmap is enabled.,INFO,carga3
2026-09-07 04:21:47.010,Server,Buffer pool extension is not supported on Linux platform.,INFO,carga3
2026-09-07 04:21:47.010,Server,Buffer Pool: Allocating 4194304 bytes for 441366 hashPages.,INFO,carga3
2026-09-07 04:21:47.310,Server,Buffer pool extension is already disabled. No action is necessary.,INFO,carga3
2026-09-07 04:21:48.150,Server,Installing Client TLS certificates to the store.,INFO,carga3
2026-09-07 04:21:48.180,Server,CPU vectorization level(s) detected: SSE SSE2 SSE3 SSSE3 SSE41 SSE42 AVX AVX2 POPCNT BMI1 BMI2 AVX512 (F CD BW DQ VL IFMA VBMI VBMI2 VNNI BITALG VPOQCNTDQ VP2INTERSECT),INFO,carga3
2026-09-07 04:21:48.300,Server,Successfully initialized the TLS configuration. Allowed TLS protocol versions are ['1.0 1.1 1.2']. Allowed TLS ciphers are ['ECDHE-ECDSA-AES128-GCM-SHA256:ECDHE-ECDSA-AES256-GCM-SHA384:ECDHE-RSA-AES128-GCM-SHA256:ECDHE-RSA-AES256-GCM-SHA384:ECDHE-ECDSA-AES128-SHA256:ECDHE-ECDSA-AES256-SHA384:ECDHE-ECDSA-AES256-SHA:ECDHE-ECDSA-AES128-SHA:AES256-GCM-SHA384:AES128-GCM-SHA256:AES256-SHA256:AES128-SHA256:AES256-SHA:AES128-SHA:!DHE-RSA-AES256-GCM-SHA384:!DHE-RSA-AES128-GCM-SHA256:!DHE-RSA-AES256-SHA:!DHE-RSA-AES128-SHA'].,CONFIGURATION,carga3
2026-09-07 04:21:48.350,Server,"Query Store settings initialized with enabled = 1,",CONFIGURATION,carga3
2026-09-07 04:21:48.380,Server,The maximum number of dedicated administrator connections for this instance is '1',INFO,carga3
2026-09-07 04:21:48.390,Server,Node configuration: node 0: CPU mask: 0x000000000000003f:0 Active CPU mask: 0x000000000000003f:0. This message provides a description of the NUMA configuration for this computer. This is an informational message only. No user action is required.,CONFIGURATION,carga3
2026-09-07 04:21:48.410,Server,Using dynamic lock allocation. Initial allocation of 2500 Lock blocks and 5000 Lock Owner blocks per node. This is an informational message only. No user action is required.,INFO,carga3
2026-09-07 04:21:48.460,Server,In-Memory OLTP initialized on lowend machine.,INFO,carga3
2026-09-07 04:21:48.540,Server,[INFO] Created Extended Events session 'hkenginexesession',INFO,carga3
2026-09-07 04:21:48.540,Server,Database Instant File Initialization: enabled. For security and performance considerations see the topic 'Database Instant File Initialization' in SQL Server Books Online. This is an informational message only. No user action is required.,PERFORMANCE,carga3
2026-09-07 04:21:48.550,Server,CLR version v4.0.30319 loaded.,INFO,carga3
2026-09-07 04:21:48.570,Server,Total Log Writer threads: 2. This is an informational message; no user action is required.,INFO,carga3
2026-09-07 04:21:48.580,Server,clwb is selected for pmem flush operation.,INFO,carga3
2026-09-07 04:21:48.600,Server,Software Usage Metrics is disabled.,INFO,carga3
2026-09-07 04:21:48.630,spid23s,"[1]. Feature Status: PVS: 0. CTR: 0. ConcurrentPFSUpdate: 1. ConcurrentGAMUpdate: 1. ConcurrentSGAMUpdate: 1, CleanupUnderUserTransaction: 0. TranLevelPVS: 0",INFO,carga3
2026-09-07 04:21:48.640,spid23s,Starting up database 'master'.,STARTUP,carga3
2026-09-07 04:21:48.840,spid23s,26 transactions rolled forward in database 'master' (1:0). This is an informational message only. No user action is required.,INFO,carga3
2026-09-07 04:21:48.920,spid23s,0 transactions rolled back in database 'master' (1:0). This is an informational message only. No user action is required.,INFO,carga3
2026-09-07 04:21:48.920,spid23s,Recovery is writing a checkpoint in database 'master' (1). This is an informational message only. No user action is required.,STARTUP,carga3
2026-09-07 04:21:49.120,spid23s,"[32762]. Feature Status: PVS: 0. CTR: 0. ConcurrentPFSUpdate: 1. ConcurrentGAMUpdate: 1. ConcurrentSGAMUpdate: 1, CleanupUnderUserTransaction: 0. TranLevelPVS: 0",INFO,carga3
2026-09-07 04:21:49.130,spid26s,"[32767]. Feature Status: PVS: 0. CTR: 0. ConcurrentPFSUpdate: 1. ConcurrentGAMUpdate: 1. ConcurrentSGAMUpdate: 1, CleanupUnderUserTransaction: 0. TranLevelPVS: 0",INFO,carga3
2026-09-07 04:21:49.130,spid23s,Starting up database 'model_replicatedmaster'.,STARTUP,carga3
2026-09-07 04:21:49.140,spid26s,Starting up database 'mssqlsystemresource'.,STARTUP,carga3
2026-09-07 04:21:49.140,spid26s,The resource database build version is 16.00.4265. This is an informational message only. No user action is required.,INFO,carga3
2026-09-07 04:21:49.180,spid26s,"[3]. Feature Status: PVS: 0. CTR: 0. ConcurrentPFSUpdate: 1. ConcurrentGAMUpdate: 1. ConcurrentSGAMUpdate: 1, CleanupUnderUserTransaction: 0. TranLevelPVS: 0",INFO,carga3
2026-09-07 04:21:49.190,spid26s,Starting up database 'model'.,STARTUP,carga3
2026-09-07 04:21:49.280,Server,Common language runtime (CLR) functionality initialized.,INFO,carga3
2026-09-07 04:21:49.290,spid23s,Converting database 'model_replicatedmaster' from version 927 to the current version 957.,INFO,carga3
2026-09-07 04:21:49.290,spid23s,Database 'model_replicatedmaster' running the upgrade step from version 927 to version 928.,INFO,carga3
2026-09-07 04:21:49.360,spid23s,Database 'model_replicatedmaster' running the upgrade step from version 928 to version 929.,INFO,carga3
2026-09-07 04:21:49.450,spid23s,Database 'model_replicatedmaster' running the upgrade step from version 929 to version 930.,INFO,carga3
2026-09-07 04:21:49.480,spid23s,Database 'model_replicatedmaster' running the upgrade step from version 930 to version 931.,INFO,carga3
2026-09-07 04:21:49.500,spid23s,Database 'model_replicatedmaster' running the upgrade step from version 931 to version 932.,INFO,carga3
2026-09-07 04:21:49.520,spid23s,Database 'model_replicatedmaster' running the upgrade step from version 932 to version 933.,INFO,carga3
2026-09-07 04:21:49.550,Server,External governance manager initialized,INFO,carga3
2026-09-07 04:21:49.550,spid23s,Database 'model_replicatedmaster' running the upgrade step from version 933 to version 934.,INFO,carga3
2026-09-07 04:21:49.570,spid23s,Database 'model_replicatedmaster' running the upgrade step from version 934 to version 935.,INFO,carga3
2026-09-07 04:21:49.590,spid23s,Database 'model_replicatedmaster' running the upgrade step from version 935 to version 936.,INFO,carga3
2026-09-07 04:21:49.610,spid23s,Database 'model_replicatedmaster' running the upgrade step from version 936 to version 937.,INFO,carga3
2026-09-07 04:21:49.640,spid23s,Database 'model_replicatedmaster' running the upgrade step from version 937 to version 938.,INFO,carga3
2026-09-07 04:21:49.660,spid23s,Database 'model_replicatedmaster' running the upgrade step from version 938 to version 939.,INFO,carga3
2026-09-07 04:21:49.690,spid23s,Database 'model_replicatedmaster' running the upgrade step from version 939 to version 940.,INFO,carga3
2026-09-07 04:21:49.690,spid33s,A self-generated certificate was successfully loaded for encryption.,INFO,carga3
2026-09-07 04:21:49.690,spid33s,Server is listening on [ 'any' <ipv6> 1433] accept sockets 1.,INFO,carga3
2026-09-07 04:21:49.700,spid33s,Server is listening on [ 'any' <ipv4> 1433] accept sockets 1.,INFO,carga3
2026-09-07 04:21:49.710,Server,Server is listening on [ ::1 <ipv6> 1434] accept sockets 1.,INFO,carga3
2026-09-07 04:21:49.710,Server,Server is listening on [ 127.0.0.1 <ipv4> 1434] accept sockets 1.,INFO,carga3
2026-09-07 04:21:49.710,Server,Dedicated admin connection support was established for listening locally on port 1434.,INFO,carga3
2026-09-07 04:21:49.720,spid23s,Database 'model_replicatedmaster' running the upgrade step from version 940 to version 941.,INFO,carga3
2026-09-07 04:21:49.720,spid33s,Server is listening on [ ::1 <ipv6> 1431] accept sockets 1.,INFO,carga3
2026-09-07 04:21:49.730,spid33s,Server is listening on [ 127.0.0.1 <ipv4> 1431] accept sockets 1.,INFO,carga3
2026-09-07 04:21:49.730,spid33s,SQL Server is now ready for client connections. This is an informational message; no user action is required.,STARTUP,carga3
2026-09-07 04:21:49.750,spid23s,Database 'model_replicatedmaster' running the upgrade step from version 941 to version 942.,INFO,carga3
2026-09-07 04:21:49.770,spid23s,Database 'model_replicatedmaster' running the upgrade step from version 942 to version 943.,INFO,carga3
2026-09-07 04:21:49.870,spid23s,Database 'model_replicatedmaster' running the upgrade step from version 943 to version 944.,INFO,carga3
2026-09-07 04:21:49.900,spid23s,Database 'model_replicatedmaster' running the upgrade step from version 944 to version 945.,INFO,carga3
2026-09-07 04:21:49.940,spid23s,Database 'model_replicatedmaster' running the upgrade step from version 945 to version 946.,INFO,carga3
2026-09-07 04:21:49.960,spid23s,Database 'model_replicatedmaster' running the upgrade step from version 946 to version 947.,INFO,carga3
2026-09-07 04:21:49.990,spid23s,Database 'model_replicatedmaster' running the upgrade step from version 947 to version 948.,INFO,carga3
2026-09-07 04:21:50.010,spid23s,Database 'model_replicatedmaster' running the upgrade step from version 948 to version 949.,INFO,carga3
2026-09-07 04:21:50.060,spid23s,Database 'model_replicatedmaster' running the upgrade step from version 949 to version 950.,INFO,carga3
2026-09-07 04:21:50.080,spid23s,Database 'model_replicatedmaster' running the upgrade step from version 950 to version 951.,INFO,carga3
2026-09-07 04:21:50.110,spid23s,Database 'model_replicatedmaster' running the upgrade step from version 951 to version 952.,INFO,carga3
2026-09-07 04:21:50.130,spid23s,Database 'model_replicatedmaster' running the upgrade step from version 952 to version 953.,INFO,carga3
2026-09-07 04:21:50.170,Logon,"Error: 18456, Severity: 14, State: 38.",ERROR,carga3
2026-09-07 04:21:50.170,Logon,Login failed for user 'sa'. Reason: Failed to open the explicitly specified database 'SteelNort'. [CLIENT: 10.89.3.3],INFO,carga3
2026-09-07 04:21:50.200,spid23s,Database 'model_replicatedmaster' running the upgrade step from version 953 to version 954.,INFO,carga3
2026-09-07 04:21:50.220,spid23s,Database 'model_replicatedmaster' running the upgrade step from version 954 to version 955.,INFO,carga3
2026-09-07 04:21:50.250,spid23s,Database 'model_replicatedmaster' running the upgrade step from version 955 to version 956.,INFO,carga3
2026-09-07 04:21:50.310,spid23s,Database 'model_replicatedmaster' running the upgrade step from version 956 to version 957.,INFO,carga3
2026-09-07 04:21:50.470,spid23s,"[32761]. Feature Status: PVS: 0. CTR: 0. ConcurrentPFSUpdate: 1. ConcurrentGAMUpdate: 1. ConcurrentSGAMUpdate: 1, CleanupUnderUserTransaction: 0. TranLevelPVS: 0",INFO,carga3
2026-09-07 04:21:50.470,spid23s,Starting up database 'model_msdb'.,STARTUP,carga3
2026-09-07 04:21:50.630,spid23s,Converting database 'model_msdb' from version 927 to the current version 957.,INFO,carga3
2026-09-07 04:21:50.630,spid23s,Database 'model_msdb' running the upgrade step from version 927 to version 928.,INFO,carga3
2026-09-07 04:21:50.670,spid23s,Database 'model_msdb' running the upgrade step from version 928 to version 929.,INFO,carga3
2026-09-07 04:21:50.750,spid23s,Database 'model_msdb' running the upgrade step from version 929 to version 930.,INFO,carga3
2026-09-07 04:21:50.790,spid23s,Database 'model_msdb' running the upgrade step from version 930 to version 931.,INFO,carga3
2026-09-07 04:21:50.840,spid23s,Database 'model_msdb' running the upgrade step from version 931 to version 932.,INFO,carga3
2026-09-07 04:21:50.870,spid23s,Database 'model_msdb' running the upgrade step from version 932 to version 933.,INFO,carga3
2026-09-07 04:21:50.890,spid23s,Database 'model_msdb' running the upgrade step from version 933 to version 934.,INFO,carga3
2026-09-07 04:21:50.920,spid23s,Database 'model_msdb' running the upgrade step from version 934 to version 935.,INFO,carga3
2026-09-07 04:21:50.940,spid23s,Database 'model_msdb' running the upgrade step from version 935 to version 936.,INFO,carga3
2026-09-07 04:21:50.960,spid23s,Database 'model_msdb' running the upgrade step from version 936 to version 937.,INFO,carga3
2026-09-07 04:21:50.980,spid23s,Database 'model_msdb' running the upgrade step from version 937 to version 938.,INFO,carga3
2026-09-07 04:21:51.010,spid23s,Database 'model_msdb' running the upgrade step from version 938 to version 939.,INFO,carga3
2026-09-07 04:21:51.030,spid23s,Database 'model_msdb' running the upgrade step from version 939 to version 940.,INFO,carga3
2026-09-07 04:21:51.060,spid23s,Database 'model_msdb' running the upgrade step from version 940 to version 941.,INFO,carga3
2026-09-07 04:21:51.080,spid23s,Database 'model_msdb' running the upgrade step from version 941 to version 942.,INFO,carga3
2026-09-07 04:21:51.100,spid23s,Database 'model_msdb' running the upgrade step from version 942 to version 943.,INFO,carga3
2026-09-07 04:21:51.160,spid23s,Database 'model_msdb' running the upgrade step from version 943 to version 944.,INFO,carga3
2026-09-07 04:21:51.190,spid23s,Database 'model_msdb' running the upgrade step from version 944 to version 945.,INFO,carga3
2026-09-07 04:21:51.240,spid23s,Database 'model_msdb' running the upgrade step from version 945 to version 946.,INFO,carga3
2026-09-07 04:21:51.270,spid23s,Database 'model_msdb' running the upgrade step from version 946 to version 947.,INFO,carga3
2026-09-07 04:21:51.290,spid23s,Database 'model_msdb' running the upgrade step from version 947 to version 948.,INFO,carga3
2026-09-07 04:21:51.320,spid23s,Database 'model_msdb' running the upgrade step from version 948 to version 949.,INFO,carga3
2026-09-07 04:21:51.350,spid23s,Database 'model_msdb' running the upgrade step from version 949 to version 950.,INFO,carga3
2026-09-07 04:21:51.380,spid23s,Database 'model_msdb' running the upgrade step from version 950 to version 951.,INFO,carga3
2026-09-07 04:21:51.430,spid23s,Database 'model_msdb' running the upgrade step from version 951 to version 952.,INFO,carga3
2026-09-07 04:21:51.470,spid23s,Database 'model_msdb' running the upgrade step from version 952 to version 953.,INFO,carga3
2026-09-07 04:21:51.510,spid23s,Database 'model_msdb' running the upgrade step from version 953 to version 954.,INFO,carga3
2026-09-07 04:21:51.560,spid23s,Database 'model_msdb' running the upgrade step from version 954 to version 955.,INFO,carga3
2026-09-07 04:21:51.580,spid23s,Database 'model_msdb' running the upgrade step from version 955 to version 956.,INFO,carga3
2026-09-07 04:21:51.750,spid23s,Database 'model_msdb' running the upgrade step from version 956 to version 957.,INFO,carga3
2026-09-07 04:21:52.030,spid23s,Resource governor reconfiguration succeeded.,CONFIGURATION,carga3
2026-09-07 04:21:52.030,spid23s,SQL Server Audit is starting the audits. This is an informational message. No user action is required.,STARTUP,carga3
2026-09-07 04:21:52.030,spid41s,Attribute synchronization initialized,INFO,carga3
2026-09-07 04:21:52.040,spid41s,Attribute synchronization manager initialized,INFO,carga3
2026-09-07 04:21:52.040,spid23s,SQL Server Audit has started the audits. This is an informational message. No user action is required.,STARTUP,carga3
2026-09-07 04:21:52.210,spid23s,"SQL Trace ID 1 was started by login ""sa"".",STARTUP,carga3
2026-09-07 04:21:52.250,spid23s,Server name is 'fadf03e4e65e'. This is an informational message only. No user action is required.,INFO,carga3
2026-09-07 04:21:52.310,spid26s,Clearing tempdb database.,INFO,carga3
2026-09-07 04:21:52.320,spid57s,"[4]. Feature Status: PVS: 0. CTR: 0. ConcurrentPFSUpdate: 1. ConcurrentGAMUpdate: 1. ConcurrentSGAMUpdate: 1, CleanupUnderUserTransaction: 0. TranLevelPVS: 0",INFO,carga3
2026-09-07 04:21:52.320,spid60s,Always On: The availability replica manager is starting. This is an informational message only. No user action is required.,STARTUP,carga3
2026-09-07 04:21:52.320,spid58s,"[5]. Feature Status: PVS: 0. CTR: 0. ConcurrentPFSUpdate: 1. ConcurrentGAMUpdate: 1. ConcurrentSGAMUpdate: 1, CleanupUnderUserTransaction: 0. TranLevelPVS: 0",INFO,carga3
2026-09-07 04:21:52.330,spid57s,Starting up database 'msdb'.,STARTUP,carga3
2026-09-07 04:21:52.330,spid60s,Always On: The availability replica manager is waiting for the instance of SQL Server to allow client connections. This is an informational message only. No user action is required.,INFO,carga3
2026-09-07 04:21:52.360,spid58s,Starting up database 'SteelNort'.,STARTUP,carga3
2026-09-07 04:21:52.360,spid58s,RemoveStaleDbEntries: Cleanup of stale DB entries called for database ID: [5],INFO,carga3
2026-09-07 04:21:52.370,spid58s,RemoveStaleDbEntries: Cleanup of stale DB entries skipped because master db is not memory optimized. DbId: 5.,INFO,carga3
2026-09-07 04:21:52.540,spid58s,Parallel redo is started for database 'SteelNort' with worker pool size [3].,STARTUP,carga3
2026-09-07 04:21:52.600,spid23s,Recovery is writing a checkpoint in database 'msdb' (4). This is an informational message only. No user action is required.,STARTUP,carga3
2026-09-07 04:21:52.750,spid26s,"[2]. Feature Status: PVS: 0. CTR: 0. ConcurrentPFSUpdate: 1. ConcurrentGAMUpdate: 1. ConcurrentSGAMUpdate: 1, CleanupUnderUserTransaction: 0. TranLevelPVS: 0",INFO,carga3
2026-09-07 04:21:52.760,spid26s,Starting up database 'tempdb'.,STARTUP,carga3
2026-09-07 04:21:52.930,spid58s,Recovery of database 'SteelNort' (5) is 1% complete (approximately 32 seconds remain). Phase 2 of 3. This is an informational message only. No user action is required.,STARTUP,carga3
2026-09-07 04:21:53.190,spid58s,694 transactions rolled forward in database 'SteelNort' (5:0). This is an informational message only. No user action is required.,INFO,carga3
2026-09-07 04:21:53.250,spid23s,0 transactions rolled back in database 'SteelNort' (5:0). This is an informational message only. No user action is required.,INFO,carga3
2026-09-07 04:21:53.260,spid23s,Recovery is writing a checkpoint in database 'SteelNort' (5). This is an informational message only. No user action is required.,STARTUP,carga3
2026-09-07 04:21:53.310,spid23s,Parallel redo is shutdown for database 'SteelNort' with worker pool size [3].,INFO,carga3
2026-09-07 04:21:53.610,spid24s,Using 'dbghelp.dll' version '4.0.5',INFO,carga3
2026-09-07 04:21:53.980,spid26s,The tempdb database has 8 data file(s).,INFO,carga3
2026-09-07 04:21:54.000,spid57s,The Service Broker endpoint is in disabled or stopped state.,INFO,carga3
2026-09-07 04:21:54.000,spid57s,The Database Mirroring endpoint is in disabled or stopped state.,INFO,carga3
2026-09-07 04:21:54.020,spid57s,Service Broker manager has started.,STARTUP,carga3
2026-09-07 04:21:54.020,spid23s,Recovery is complete. This is an informational message only. No user action is required.,STARTUP,carga3
2026-09-07 04:26:22.600,spid71,Attempting to load library 'xpstar.dll' into memory. This is an informational message only. No user action is required.,INFO,carga3
2026-09-07 04:26:22.680,spid71,Using 'xpstar.dll' version '2022.160.4265' to execute extended stored procedure 'xp_readerrorlog'. This is an informational message only; no user action is required.,ERROR,carga3
2026-09-07 04:28:57.700,spid82,Attempting to load library 'xplog70.dll' into memory. This is an informational message only. No user action is required.,INFO,carga3
2026-09-07 04:28:57.780,spid82,Using 'xplog70.dll' version '2022.160.4265' to execute extended stored procedure 'xp_msver'. This is an informational message only; no user action is required.,INFO,carga3
2026-09-07 04:21:46.880,Server,Microsoft SQL Server 2022 (RTM-CU26) (KB5093420) - 16.0.4265.3 (X64) Jul 7 2026 14:37:25 Copyright (C) 2022 Microsoft Corporation Developer Edition (64-bit) on Linux (Ubuntu 22.04.5 LTS) <X64>,INFO,carga4
2026-09-07 04:21:46.890,Server,UTC adjustment: 0:00,INFO,carga4
2026-09-07 04:21:46.890,Server,(c) Microsoft Corporation.,INFO,carga4
2026-09-07 04:21:46.890,Server,All rights reserved.,INFO,carga4
2026-09-07 04:21:46.890,Server,Server process ID is 456.,INFO,carga4
2026-09-07 04:21:46.890,Server,Logging SQL Server messages in file '/var/opt/mssql/log/errorlog'.,ERROR,carga4
2026-09-07 04:21:46.890,Server,Registry startup parameters: -d /var/opt/mssql/data/master.mdf -l /var/opt/mssql/data/mastlog.ldf -e /var/opt/mssql/log/errorlog,ERROR,carga4
2026-09-07 04:21:46.910,Server,"SQL Server detected 1 sockets with 3 cores per socket and 6 logical processors per socket, 6 total logical processors; using 6 logical processors based on SQL Server licensing. This is an informational message; no user action is required.",INFO,carga4
2026-09-07 04:21:46.910,Server,SQL Server is starting at normal priority base (=7). This is an informational message only. No user action is required.,STARTUP,carga4
2026-09-07 04:21:46.910,Server,"Detected 3916 MB of RAM, 2810 MB of available memory, 2810 MB of available page file. This is an informational message; no user action is required.",INFO,carga4
2026-09-07 04:21:46.920,Server,Using conventional memory in the memory manager.,INFO,carga4
2026-09-07 04:21:46.920,Server,Detected pause instruction latency: 140 cycles.,PERFORMANCE,carga4
2026-09-07 04:21:46.920,Server,"SQL Server detected the following NUMA node configuration (NUMA Node number 0, Processor Group number 0, CPU Mask 0x000000000000003f).",CONFIGURATION,carga4
2026-09-07 04:21:46.930,Server,Page exclusion bitmap is enabled.,INFO,carga4
2026-09-07 04:21:47.010,Server,Buffer pool extension is not supported on Linux platform.,INFO,carga4
2026-09-07 04:21:47.010,Server,Buffer Pool: Allocating 4194304 bytes for 441366 hashPages.,INFO,carga4
2026-09-07 04:21:47.310,Server,Buffer pool extension is already disabled. No action is necessary.,INFO,carga4
2026-09-07 04:21:48.150,Server,Installing Client TLS certificates to the store.,INFO,carga4
2026-09-07 04:21:48.180,Server,CPU vectorization level(s) detected: SSE SSE2 SSE3 SSSE3 SSE41 SSE42 AVX AVX2 POPCNT BMI1 BMI2 AVX512 (F CD BW DQ VL IFMA VBMI VBMI2 VNNI BITALG VPOQCNTDQ VP2INTERSECT),INFO,carga4
2026-09-07 04:21:48.300,Server,Successfully initialized the TLS configuration. Allowed TLS protocol versions are ['1.0 1.1 1.2']. Allowed TLS ciphers are ['ECDHE-ECDSA-AES128-GCM-SHA256:ECDHE-ECDSA-AES256-GCM-SHA384:ECDHE-RSA-AES128-GCM-SHA256:ECDHE-RSA-AES256-GCM-SHA384:ECDHE-ECDSA-AES128-SHA256:ECDHE-ECDSA-AES256-SHA384:ECDHE-ECDSA-AES256-SHA:ECDHE-ECDSA-AES128-SHA:AES256-GCM-SHA384:AES128-GCM-SHA256:AES256-SHA256:AES128-SHA256:AES256-SHA:AES128-SHA:!DHE-RSA-AES256-GCM-SHA384:!DHE-RSA-AES128-GCM-SHA256:!DHE-RSA-AES256-SHA:!DHE-RSA-AES128-SHA'].,CONFIGURATION,carga4
2026-09-07 04:21:48.350,Server,"Query Store settings initialized with enabled = 1,",CONFIGURATION,carga4
2026-09-07 04:21:48.380,Server,The maximum number of dedicated administrator connections for this instance is '1',INFO,carga4
2026-09-07 04:21:48.390,Server,Node configuration: node 0: CPU mask: 0x000000000000003f:0 Active CPU mask: 0x000000000000003f:0. This message provides a description of the NUMA configuration for this computer. This is an informational message only. No user action is required.,CONFIGURATION,carga4
2026-09-07 04:21:48.410,Server,Using dynamic lock allocation. Initial allocation of 2500 Lock blocks and 5000 Lock Owner blocks per node. This is an informational message only. No user action is required.,INFO,carga4
2026-09-07 04:21:48.460,Server,In-Memory OLTP initialized on lowend machine.,INFO,carga4
2026-09-07 04:21:48.540,Server,[INFO] Created Extended Events session 'hkenginexesession',INFO,carga4
2026-09-07 04:21:48.540,Server,Database Instant File Initialization: enabled. For security and performance considerations see the topic 'Database Instant File Initialization' in SQL Server Books Online. This is an informational message only. No user action is required.,PERFORMANCE,carga4
2026-09-07 04:21:48.550,Server,CLR version v4.0.30319 loaded.,INFO,carga4
2026-09-07 04:21:48.570,Server,Total Log Writer threads: 2. This is an informational message; no user action is required.,INFO,carga4
2026-09-07 04:21:48.580,Server,clwb is selected for pmem flush operation.,INFO,carga4
2026-09-07 04:21:48.600,Server,Software Usage Metrics is disabled.,INFO,carga4
2026-09-07 04:21:48.630,spid23s,"[1]. Feature Status: PVS: 0. CTR: 0. ConcurrentPFSUpdate: 1. ConcurrentGAMUpdate: 1. ConcurrentSGAMUpdate: 1, CleanupUnderUserTransaction: 0. TranLevelPVS: 0",INFO,carga4
2026-09-07 04:21:48.640,spid23s,Starting up database 'master'.,STARTUP,carga4
2026-09-07 04:21:48.840,spid23s,26 transactions rolled forward in database 'master' (1:0). This is an informational message only. No user action is required.,INFO,carga4
2026-09-07 04:21:48.920,spid23s,0 transactions rolled back in database 'master' (1:0). This is an informational message only. No user action is required.,INFO,carga4
2026-09-07 04:21:48.920,spid23s,Recovery is writing a checkpoint in database 'master' (1). This is an informational message only. No user action is required.,STARTUP,carga4
2026-09-07 04:21:49.120,spid23s,"[32762]. Feature Status: PVS: 0. CTR: 0. ConcurrentPFSUpdate: 1. ConcurrentGAMUpdate: 1. ConcurrentSGAMUpdate: 1, CleanupUnderUserTransaction: 0. TranLevelPVS: 0",INFO,carga4
2026-09-07 04:21:49.130,spid26s,"[32767]. Feature Status: PVS: 0. CTR: 0. ConcurrentPFSUpdate: 1. ConcurrentGAMUpdate: 1. ConcurrentSGAMUpdate: 1, CleanupUnderUserTransaction: 0. TranLevelPVS: 0",INFO,carga4
2026-09-07 04:21:49.130,spid23s,Starting up database 'model_replicatedmaster'.,STARTUP,carga4
2026-09-07 04:21:49.140,spid26s,Starting up database 'mssqlsystemresource'.,STARTUP,carga4
2026-09-07 04:21:49.140,spid26s,The resource database build version is 16.00.4265. This is an informational message only. No user action is required.,INFO,carga4
2026-09-07 04:21:49.180,spid26s,"[3]. Feature Status: PVS: 0. CTR: 0. ConcurrentPFSUpdate: 1. ConcurrentGAMUpdate: 1. ConcurrentSGAMUpdate: 1, CleanupUnderUserTransaction: 0. TranLevelPVS: 0",INFO,carga4
2026-09-07 04:21:49.190,spid26s,Starting up database 'model'.,STARTUP,carga4
2026-09-07 04:21:49.280,Server,Common language runtime (CLR) functionality initialized.,INFO,carga4
2026-09-07 04:21:49.290,spid23s,Converting database 'model_replicatedmaster' from version 927 to the current version 957.,INFO,carga4
2026-09-07 04:21:49.290,spid23s,Database 'model_replicatedmaster' running the upgrade step from version 927 to version 928.,INFO,carga4
2026-09-07 04:21:49.360,spid23s,Database 'model_replicatedmaster' running the upgrade step from version 928 to version 929.,INFO,carga4
2026-09-07 04:21:49.450,spid23s,Database 'model_replicatedmaster' running the upgrade step from version 929 to version 930.,INFO,carga4
2026-09-07 04:21:49.480,spid23s,Database 'model_replicatedmaster' running the upgrade step from version 930 to version 931.,INFO,carga4
2026-09-07 04:21:49.500,spid23s,Database 'model_replicatedmaster' running the upgrade step from version 931 to version 932.,INFO,carga4
2026-09-07 04:21:49.520,spid23s,Database 'model_replicatedmaster' running the upgrade step from version 932 to version 933.,INFO,carga4
2026-09-07 04:21:49.550,Server,External governance manager initialized,INFO,carga4
2026-09-07 04:21:49.550,spid23s,Database 'model_replicatedmaster' running the upgrade step from version 933 to version 934.,INFO,carga4
2026-09-07 04:21:49.570,spid23s,Database 'model_replicatedmaster' running the upgrade step from version 934 to version 935.,INFO,carga4
2026-09-07 04:21:49.590,spid23s,Database 'model_replicatedmaster' running the upgrade step from version 935 to version 936.,INFO,carga4
2026-09-07 04:21:49.610,spid23s,Database 'model_replicatedmaster' running the upgrade step from version 936 to version 937.,INFO,carga4
2026-09-07 04:21:49.640,spid23s,Database 'model_replicatedmaster' running the upgrade step from version 937 to version 938.,INFO,carga4
2026-09-07 04:21:49.660,spid23s,Database 'model_replicatedmaster' running the upgrade step from version 938 to version 939.,INFO,carga4
2026-09-07 04:21:49.690,spid23s,Database 'model_replicatedmaster' running the upgrade step from version 939 to version 940.,INFO,carga4
2026-09-07 04:21:49.690,spid33s,A self-generated certificate was successfully loaded for encryption.,INFO,carga4
2026-09-07 04:21:49.690,spid33s,Server is listening on [ 'any' <ipv6> 1433] accept sockets 1.,INFO,carga4
2026-09-07 04:21:49.700,spid33s,Server is listening on [ 'any' <ipv4> 1433] accept sockets 1.,INFO,carga4
2026-09-07 04:21:49.710,Server,Server is listening on [ ::1 <ipv6> 1434] accept sockets 1.,INFO,carga4
2026-09-07 04:21:49.710,Server,Server is listening on [ 127.0.0.1 <ipv4> 1434] accept sockets 1.,INFO,carga4
2026-09-07 04:21:49.710,Server,Dedicated admin connection support was established for listening locally on port 1434.,INFO,carga4
2026-09-07 04:21:49.720,spid23s,Database 'model_replicatedmaster' running the upgrade step from version 940 to version 941.,INFO,carga4
2026-09-07 04:21:49.720,spid33s,Server is listening on [ ::1 <ipv6> 1431] accept sockets 1.,INFO,carga4
2026-09-07 04:21:49.730,spid33s,Server is listening on [ 127.0.0.1 <ipv4> 1431] accept sockets 1.,INFO,carga4
2026-09-07 04:21:49.730,spid33s,SQL Server is now ready for client connections. This is an informational message; no user action is required.,STARTUP,carga4
2026-09-07 04:21:49.750,spid23s,Database 'model_replicatedmaster' running the upgrade step from version 941 to version 942.,INFO,carga4
2026-09-07 04:21:49.770,spid23s,Database 'model_replicatedmaster' running the upgrade step from version 942 to version 943.,INFO,carga4
2026-09-07 04:21:49.870,spid23s,Database 'model_replicatedmaster' running the upgrade step from version 943 to version 944.,INFO,carga4
2026-09-07 04:21:49.900,spid23s,Database 'model_replicatedmaster' running the upgrade step from version 944 to version 945.,INFO,carga4
2026-09-07 04:21:49.940,spid23s,Database 'model_replicatedmaster' running the upgrade step from version 945 to version 946.,INFO,carga4
2026-09-07 04:21:49.960,spid23s,Database 'model_replicatedmaster' running the upgrade step from version 946 to version 947.,INFO,carga4
2026-09-07 04:21:49.990,spid23s,Database 'model_replicatedmaster' running the upgrade step from version 947 to version 948.,INFO,carga4
2026-09-07 04:21:50.010,spid23s,Database 'model_replicatedmaster' running the upgrade step from version 948 to version 949.,INFO,carga4
2026-09-07 04:21:50.060,spid23s,Database 'model_replicatedmaster' running the upgrade step from version 949 to version 950.,INFO,carga4
2026-09-07 04:21:50.080,spid23s,Database 'model_replicatedmaster' running the upgrade step from version 950 to version 951.,INFO,carga4
2026-09-07 04:21:50.110,spid23s,Database 'model_replicatedmaster' running the upgrade step from version 951 to version 952.,INFO,carga4
2026-09-07 04:21:50.130,spid23s,Database 'model_replicatedmaster' running the upgrade step from version 952 to version 953.,INFO,carga4
2026-09-07 04:21:50.170,Logon,"Error: 18456, Severity: 14, State: 38.",ERROR,carga4
2026-09-07 04:21:50.170,Logon,Login failed for user 'sa'. Reason: Failed to open the explicitly specified database 'SteelNort'. [CLIENT: 10.89.3.3],INFO,carga4
2026-09-07 04:21:50.200,spid23s,Database 'model_replicatedmaster' running the upgrade step from version 953 to version 954.,INFO,carga4
2026-09-07 04:21:50.220,spid23s,Database 'model_replicatedmaster' running the upgrade step from version 954 to version 955.,INFO,carga4
2026-09-07 04:21:50.230,Logon,"Error: 18456, Severity: 14, State: 38.",ERROR,carga4
2026-09-07 04:21:50.230,Logon,Login failed for user 'sa'. Reason: Failed to open the explicitly specified database 'SteelNort'. [CLIENT: 10.89.3.3],INFO,carga4
2026-09-07 04:21:50.250,spid23s,Database 'model_replicatedmaster' running the upgrade step from version 955 to version 956.,INFO,carga4
2026-09-07 04:21:50.270,Logon,"Error: 18456, Severity: 14, State: 38.",ERROR,carga4
2026-09-07 04:21:50.270,Logon,Login failed for user 'sa'. Reason: Failed to open the explicitly specified database 'SteelNort'. [CLIENT: 10.89.3.3],INFO,carga4
2026-09-07 04:21:50.310,spid23s,Database 'model_replicatedmaster' running the upgrade step from version 956 to version 957.,INFO,carga4
2026-09-07 04:21:50.320,Logon,"Error: 18456, Severity: 14, State: 38.",ERROR,carga4
2026-09-07 04:21:50.320,Logon,Login failed for user 'sa'. Reason: Failed to open the explicitly specified database 'SteelNort'. [CLIENT: 10.89.3.3],INFO,carga4
2026-09-07 04:21:50.470,spid23s,"[32761]. Feature Status: PVS: 0. CTR: 0. ConcurrentPFSUpdate: 1. ConcurrentGAMUpdate: 1. ConcurrentSGAMUpdate: 1, CleanupUnderUserTransaction: 0. TranLevelPVS: 0",INFO,carga4
2026-09-07 04:21:50.470,spid23s,Starting up database 'model_msdb'.,STARTUP,carga4
2026-09-07 04:21:50.630,spid23s,Converting database 'model_msdb' from version 927 to the current version 957.,INFO,carga4
2026-09-07 04:21:50.630,spid23s,Database 'model_msdb' running the upgrade step from version 927 to version 928.,INFO,carga4
2026-09-07 04:21:50.670,spid23s,Database 'model_msdb' running the upgrade step from version 928 to version 929.,INFO,carga4
2026-09-07 04:21:50.750,spid23s,Database 'model_msdb' running the upgrade step from version 929 to version 930.,INFO,carga4
2026-09-07 04:21:50.790,spid23s,Database 'model_msdb' running the upgrade step from version 930 to version 931.,INFO,carga4
2026-09-07 04:21:50.840,spid23s,Database 'model_msdb' running the upgrade step from version 931 to version 932.,INFO,carga4
2026-09-07 04:21:50.870,spid23s,Database 'model_msdb' running the upgrade step from version 932 to version 933.,INFO,carga4
2026-09-07 04:21:50.890,spid23s,Database 'model_msdb' running the upgrade step from version 933 to version 934.,INFO,carga4
2026-09-07 04:21:50.920,spid23s,Database 'model_msdb' running the upgrade step from version 934 to version 935.,INFO,carga4
2026-09-07 04:21:50.940,spid23s,Database 'model_msdb' running the upgrade step from version 935 to version 936.,INFO,carga4
2026-09-07 04:21:50.960,spid23s,Database 'model_msdb' running the upgrade step from version 936 to version 937.,INFO,carga4
2026-09-07 04:21:50.980,spid23s,Database 'model_msdb' running the upgrade step from version 937 to version 938.,INFO,carga4
2026-09-07 04:21:51.010,spid23s,Database 'model_msdb' running the upgrade step from version 938 to version 939.,INFO,carga4
2026-09-07 04:21:51.030,spid23s,Database 'model_msdb' running the upgrade step from version 939 to version 940.,INFO,carga4
2026-09-07 04:21:51.060,spid23s,Database 'model_msdb' running the upgrade step from version 940 to version 941.,INFO,carga4
2026-09-07 04:21:51.080,spid23s,Database 'model_msdb' running the upgrade step from version 941 to version 942.,INFO,carga4
2026-09-07 04:21:51.100,spid23s,Database 'model_msdb' running the upgrade step from version 942 to version 943.,INFO,carga4
2026-09-07 04:21:51.160,spid23s,Database 'model_msdb' running the upgrade step from version 943 to version 944.,INFO,carga4
2026-09-07 04:21:51.190,spid23s,Database 'model_msdb' running the upgrade step from version 944 to version 945.,INFO,carga4
2026-09-07 04:21:51.240,spid23s,Database 'model_msdb' running the upgrade step from version 945 to version 946.,INFO,carga4
2026-09-07 04:21:51.270,spid23s,Database 'model_msdb' running the upgrade step from version 946 to version 947.,INFO,carga4
2026-09-07 04:21:51.290,spid23s,Database 'model_msdb' running the upgrade step from version 947 to version 948.,INFO,carga4
2026-09-07 04:21:51.320,spid23s,Database 'model_msdb' running the upgrade step from version 948 to version 949.,INFO,carga4
2026-09-07 04:21:51.350,spid23s,Database 'model_msdb' running the upgrade step from version 949 to version 950.,INFO,carga4
2026-09-07 04:21:51.380,spid23s,Database 'model_msdb' running the upgrade step from version 950 to version 951.,INFO,carga4
2026-09-07 04:21:51.430,spid23s,Database 'model_msdb' running the upgrade step from version 951 to version 952.,INFO,carga4
2026-09-07 04:21:51.470,spid23s,Database 'model_msdb' running the upgrade step from version 952 to version 953.,INFO,carga4
2026-09-07 04:21:51.510,spid23s,Database 'model_msdb' running the upgrade step from version 953 to version 954.,INFO,carga4
2026-09-07 04:21:51.560,spid23s,Database 'model_msdb' running the upgrade step from version 954 to version 955.,INFO,carga4
2026-09-07 04:21:51.580,spid23s,Database 'model_msdb' running the upgrade step from version 955 to version 956.,INFO,carga4
2026-09-07 04:21:51.750,spid23s,Database 'model_msdb' running the upgrade step from version 956 to version 957.,INFO,carga4
2026-09-07 04:21:52.030,spid23s,Resource governor reconfiguration succeeded.,CONFIGURATION,carga4
2026-09-07 04:21:52.030,spid23s,SQL Server Audit is starting the audits. This is an informational message. No user action is required.,STARTUP,carga4
2026-09-07 04:21:52.030,spid41s,Attribute synchronization initialized,INFO,carga4
2026-09-07 04:21:52.040,spid41s,Attribute synchronization manager initialized,INFO,carga4
2026-09-07 04:21:52.040,spid23s,SQL Server Audit has started the audits. This is an informational message. No user action is required.,STARTUP,carga4
2026-09-07 04:21:52.210,spid23s,"SQL Trace ID 1 was started by login ""sa"".",STARTUP,carga4
2026-09-07 04:21:52.250,spid23s,Server name is 'fadf03e4e65e'. This is an informational message only. No user action is required.,INFO,carga4
2026-09-07 04:21:52.310,spid26s,Clearing tempdb database.,INFO,carga4
2026-09-07 04:21:52.320,spid57s,"[4]. Feature Status: PVS: 0. CTR: 0. ConcurrentPFSUpdate: 1. ConcurrentGAMUpdate: 1. ConcurrentSGAMUpdate: 1, CleanupUnderUserTransaction: 0. TranLevelPVS: 0",INFO,carga4
2026-09-07 04:21:52.320,spid60s,Always On: The availability replica manager is starting. This is an informational message only. No user action is required.,STARTUP,carga4
2026-09-07 04:21:52.320,spid58s,"[5]. Feature Status: PVS: 0. CTR: 0. ConcurrentPFSUpdate: 1. ConcurrentGAMUpdate: 1. ConcurrentSGAMUpdate: 1, CleanupUnderUserTransaction: 0. TranLevelPVS: 0",INFO,carga4
2026-09-07 04:21:52.330,spid57s,Starting up database 'msdb'.,STARTUP,carga4
2026-09-07 04:21:52.330,spid60s,Always On: The availability replica manager is waiting for the instance of SQL Server to allow client connections. This is an informational message only. No user action is required.,INFO,carga4
2026-09-07 04:21:52.360,spid58s,Starting up database 'SteelNort'.,STARTUP,carga4
2026-09-07 04:21:52.360,spid58s,RemoveStaleDbEntries: Cleanup of stale DB entries called for database ID: [5],INFO,carga4
2026-09-07 04:21:52.370,spid58s,RemoveStaleDbEntries: Cleanup of stale DB entries skipped because master db is not memory optimized. DbId: 5.,INFO,carga4
2026-09-07 04:21:52.540,spid58s,Parallel redo is started for database 'SteelNort' with worker pool size [3].,STARTUP,carga4
2026-09-07 04:21:52.600,spid23s,Recovery is writing a checkpoint in database 'msdb' (4). This is an informational message only. No user action is required.,STARTUP,carga4
2026-09-07 04:21:52.750,spid26s,"[2]. Feature Status: PVS: 0. CTR: 0. ConcurrentPFSUpdate: 1. ConcurrentGAMUpdate: 1. ConcurrentSGAMUpdate: 1, CleanupUnderUserTransaction: 0. TranLevelPVS: 0",INFO,carga4
2026-09-07 04:21:52.760,spid26s,Starting up database 'tempdb'.,STARTUP,carga4
2026-09-07 04:21:52.930,spid58s,Recovery of database 'SteelNort' (5) is 1% complete (approximately 32 seconds remain). Phase 2 of 3. This is an informational message only. No user action is required.,STARTUP,carga4
2026-09-07 04:21:53.190,spid58s,694 transactions rolled forward in database 'SteelNort' (5:0). This is an informational message only. No user action is required.,INFO,carga4
2026-09-07 04:21:53.250,spid23s,0 transactions rolled back in database 'SteelNort' (5:0). This is an informational message only. No user action is required.,INFO,carga4
2026-09-07 04:21:53.260,spid23s,Recovery is writing a checkpoint in database 'SteelNort' (5). This is an informational message only. No user action is required.,STARTUP,carga4
2026-09-07 04:21:53.310,spid23s,Parallel redo is shutdown for database 'SteelNort' with worker pool size [3].,INFO,carga4
2026-09-07 04:21:53.610,spid24s,Using 'dbghelp.dll' version '4.0.5',INFO,carga4
2026-09-07 04:21:53.980,spid26s,The tempdb database has 8 data file(s).,INFO,carga4
2026-09-07 04:21:54.000,spid57s,The Service Broker endpoint is in disabled or stopped state.,INFO,carga4
2026-09-07 04:21:54.000,spid57s,The Database Mirroring endpoint is in disabled or stopped state.,INFO,carga4
2026-09-07 04:21:54.020,spid57s,Service Broker manager has started.,STARTUP,carga4
2026-09-07 04:21:54.020,spid23s,Recovery is complete. This is an informational message only. No user action is required.,STARTUP,carga4
2026-09-07 04:26:22.600,spid71,Attempting to load library 'xpstar.dll' into memory. This is an informational message only. No user action is required.,INFO,carga4
2026-09-07 04:26:22.680,spid71,Using 'xpstar.dll' version '2022.160.4265' to execute extended stored procedure 'xp_readerrorlog'. This is an informational message only; no user action is required.,ERROR,carga4
2026-09-07 04:28:57.700,spid82,Attempting to load library 'xplog70.dll' into memory. This is an informational message only. No user action is required.,INFO,carga4
2026-09-07 04:28:57.780,spid82,Using 'xplog70.dll' version '2022.160.4265' to execute extended stored procedure 'xp_msver'. This is an informational message only; no user action is required.,INFO,carga4
2026-09-07 07:03:22.750,spid39s,[DevOpsSnapshotTelemetryTask] Evaluating the background task.,INFO,carga4
2026-09-11 08:02:29.680,Server,Microsoft SQL Server 2022 (RTM-CU26) (KB5093420) - 16.0.4265.3 (X64) Jul 7 2026 14:37:25 Copyright (C) 2022 Microsoft Corporation Developer Edition (64-bit) on Linux (Ubuntu 22.04.5 LTS) <X64>,INFO,carga5
2026-09-11 08:02:29.680,Server,UTC adjustment: 0:00,INFO,carga5
2026-09-11 08:02:29.680,Server,(c) Microsoft Corporation.,INFO,carga5
2026-09-11 08:02:29.690,Server,All rights reserved.,INFO,carga5
2026-09-11 08:02:29.700,Server,Server process ID is 452.,INFO,carga5
2026-09-11 08:02:29.700,Server,Logging SQL Server messages in file '/var/opt/mssql/log/errorlog'.,ERROR,carga5
2026-09-11 08:02:29.700,Server,Registry startup parameters: -d /var/opt/mssql/data/master.mdf -l /var/opt/mssql/data/mastlog.ldf -e /var/opt/mssql/log/errorlog,ERROR,carga5
2026-09-11 08:02:29.720,Server,"SQL Server detected 1 sockets with 3 cores per socket and 6 logical processors per socket, 6 total logical processors; using 6 logical processors based on SQL Server licensing. This is an informational message; no user action is required.",INFO,carga5
2026-09-11 08:02:29.720,Server,SQL Server is starting at normal priority base (=7). This is an informational message only. No user action is required.,STARTUP,carga5
2026-09-11 08:02:29.730,Server,"Detected 3916 MB of RAM, 2314 MB of available memory, 2314 MB of available page file. This is an informational message; no user action is required.",INFO,carga5
2026-09-11 08:02:29.740,Server,Using conventional memory in the memory manager.,INFO,carga5
2026-09-11 08:02:29.740,Server,Detected pause instruction latency: 140 cycles.,PERFORMANCE,carga5
2026-09-11 08:02:29.740,Server,"SQL Server detected the following NUMA node configuration (NUMA Node number 0, Processor Group number 0, CPU Mask 0x000000000000003f).",CONFIGURATION,carga5
2026-09-11 08:02:29.750,Server,Page exclusion bitmap is enabled.,INFO,carga5
2026-09-11 08:02:29.850,Server,Buffer pool extension is not supported on Linux platform.,INFO,carga5
2026-09-11 08:02:29.870,Server,Buffer Pool: Allocating 4194304 bytes for 361957 hashPages.,INFO,carga5
2026-09-11 08:02:30.290,Server,Buffer pool extension is already disabled. No action is necessary.,INFO,carga5
2026-09-11 08:02:31.290,Server,Installing Client TLS certificates to the store.,INFO,carga5
2026-09-11 08:02:31.320,Server,CPU vectorization level(s) detected: SSE SSE2 SSE3 SSSE3 SSE41 SSE42 AVX AVX2 POPCNT BMI1 BMI2 AVX512 (F CD BW DQ VL IFMA VBMI VBMI2 VNNI BITALG VPOQCNTDQ VP2INTERSECT),INFO,carga5
2026-09-11 08:02:31.430,Server,Successfully initialized the TLS configuration. Allowed TLS protocol versions are ['1.0 1.1 1.2']. Allowed TLS ciphers are ['ECDHE-ECDSA-AES128-GCM-SHA256:ECDHE-ECDSA-AES256-GCM-SHA384:ECDHE-RSA-AES128-GCM-SHA256:ECDHE-RSA-AES256-GCM-SHA384:ECDHE-ECDSA-AES128-SHA256:ECDHE-ECDSA-AES256-SHA384:ECDHE-ECDSA-AES256-SHA:ECDHE-ECDSA-AES128-SHA:AES256-GCM-SHA384:AES128-GCM-SHA256:AES256-SHA256:AES128-SHA256:AES256-SHA:AES128-SHA:!DHE-RSA-AES256-GCM-SHA384:!DHE-RSA-AES128-GCM-SHA256:!DHE-RSA-AES256-SHA:!DHE-RSA-AES128-SHA'].,CONFIGURATION,carga5
2026-09-11 08:02:31.470,Server,"Query Store settings initialized with enabled = 1,",CONFIGURATION,carga5
2026-09-11 08:02:31.500,Server,The maximum number of dedicated administrator connections for this instance is '1',INFO,carga5
2026-09-11 08:02:31.510,Server,Node configuration: node 0: CPU mask: 0x000000000000003f:0 Active CPU mask: 0x000000000000003f:0. This message provides a description of the NUMA configuration for this computer. This is an informational message only. No user action is required.,CONFIGURATION,carga5
2026-09-11 08:02:31.530,Server,Using dynamic lock allocation. Initial allocation of 2500 Lock blocks and 5000 Lock Owner blocks per node. This is an informational message only. No user action is required.,INFO,carga5
2026-09-11 08:02:31.590,Server,In-Memory OLTP initialized on lowend machine.,INFO,carga5
2026-09-11 08:02:31.640,Server,CLR version v4.0.30319 loaded.,INFO,carga5
2026-09-11 08:02:31.710,Server,[INFO] Created Extended Events session 'hkenginexesession',INFO,carga5
2026-09-11 08:02:31.720,Server,Database Instant File Initialization: enabled. For security and performance considerations see the topic 'Database Instant File Initialization' in SQL Server Books Online. This is an informational message only. No user action is required.,PERFORMANCE,carga5
2026-09-11 08:02:31.750,Server,Total Log Writer threads: 2. This is an informational message; no user action is required.,INFO,carga5
2026-09-11 08:02:31.760,Server,clwb is selected for pmem flush operation.,INFO,carga5
2026-09-11 08:02:31.780,Server,Software Usage Metrics is disabled.,INFO,carga5
2026-09-11 08:02:31.810,spid23s,"[1]. Feature Status: PVS: 0. CTR: 0. ConcurrentPFSUpdate: 1. ConcurrentGAMUpdate: 1. ConcurrentSGAMUpdate: 1, CleanupUnderUserTransaction: 0. TranLevelPVS: 0",INFO,carga5
2026-09-11 08:02:31.820,spid23s,Starting up database 'master'.,STARTUP,carga5
2026-09-11 08:02:32.050,spid23s,51 transactions rolled forward in database 'master' (1:0). This is an informational message only. No user action is required.,INFO,carga5
2026-09-11 08:02:32.080,spid23s,0 transactions rolled back in database 'master' (1:0). This is an informational message only. No user action is required.,INFO,carga5
2026-09-11 08:02:32.090,spid23s,Recovery is writing a checkpoint in database 'master' (1). This is an informational message only. No user action is required.,STARTUP,carga5
2026-09-11 08:02:32.370,spid23s,"[32762]. Feature Status: PVS: 0. CTR: 0. ConcurrentPFSUpdate: 1. ConcurrentGAMUpdate: 1. ConcurrentSGAMUpdate: 1, CleanupUnderUserTransaction: 0. TranLevelPVS: 0",INFO,carga5
2026-09-11 08:02:32.380,spid23s,Starting up database 'model_replicatedmaster'.,STARTUP,carga5
2026-09-11 08:02:32.400,spid26s,"[32767]. Feature Status: PVS: 0. CTR: 0. ConcurrentPFSUpdate: 1. ConcurrentGAMUpdate: 1. ConcurrentSGAMUpdate: 1, CleanupUnderUserTransaction: 0. TranLevelPVS: 0",INFO,carga5
2026-09-11 08:02:32.420,spid26s,Starting up database 'mssqlsystemresource'.,STARTUP,carga5
2026-09-11 08:02:32.440,spid26s,The resource database build version is 16.00.4265. This is an informational message only. No user action is required.,INFO,carga5
2026-09-11 08:02:32.520,spid26s,"[3]. Feature Status: PVS: 0. CTR: 0. ConcurrentPFSUpdate: 1. ConcurrentGAMUpdate: 1. ConcurrentSGAMUpdate: 1, CleanupUnderUserTransaction: 0. TranLevelPVS: 0",INFO,carga5
2026-09-11 08:02:32.520,spid26s,Starting up database 'model'.,STARTUP,carga5
2026-09-11 08:02:32.550,spid23s,Converting database 'model_replicatedmaster' from version 927 to the current version 957.,INFO,carga5
2026-09-11 08:02:32.550,spid23s,Database 'model_replicatedmaster' running the upgrade step from version 927 to version 928.,INFO,carga5
2026-09-11 08:02:32.580,Server,Common language runtime (CLR) functionality initialized.,INFO,carga5
2026-09-11 08:02:32.630,spid23s,Database 'model_replicatedmaster' running the upgrade step from version 928 to version 929.,INFO,carga5
2026-09-11 08:02:32.790,spid23s,Database 'model_replicatedmaster' running the upgrade step from version 929 to version 930.,INFO,carga5
2026-09-11 08:02:32.820,spid23s,Database 'model_replicatedmaster' running the upgrade step from version 930 to version 931.,INFO,carga5
2026-09-11 08:02:32.840,spid23s,Database 'model_replicatedmaster' running the upgrade step from version 931 to version 932.,INFO,carga5
2026-09-11 08:02:32.870,spid23s,Database 'model_replicatedmaster' running the upgrade step from version 932 to version 933.,INFO,carga5
2026-09-11 08:02:32.890,spid23s,Database 'model_replicatedmaster' running the upgrade step from version 933 to version 934.,INFO,carga5
2026-09-11 08:02:32.900,Server,External governance manager initialized,INFO,carga5
2026-09-11 08:02:32.930,spid23s,Database 'model_replicatedmaster' running the upgrade step from version 934 to version 935.,INFO,carga5
2026-09-11 08:02:32.960,spid23s,Database 'model_replicatedmaster' running the upgrade step from version 935 to version 936.,INFO,carga5
2026-09-11 08:02:32.980,spid23s,Database 'model_replicatedmaster' running the upgrade step from version 936 to version 937.,INFO,carga5
2026-09-11 08:02:33.000,spid23s,Database 'model_replicatedmaster' running the upgrade step from version 937 to version 938.,INFO,carga5
2026-09-11 08:02:33.030,spid23s,Database 'model_replicatedmaster' running the upgrade step from version 938 to version 939.,INFO,carga5
2026-09-11 08:02:33.070,spid23s,Database 'model_replicatedmaster' running the upgrade step from version 939 to version 940.,INFO,carga5
2026-09-11 08:02:33.100,spid23s,Database 'model_replicatedmaster' running the upgrade step from version 940 to version 941.,INFO,carga5
2026-09-11 08:02:33.130,spid23s,Database 'model_replicatedmaster' running the upgrade step from version 941 to version 942.,INFO,carga5
2026-09-11 08:02:33.150,spid23s,Database 'model_replicatedmaster' running the upgrade step from version 942 to version 943.,INFO,carga5
2026-09-11 08:02:33.230,spid23s,Database 'model_replicatedmaster' running the upgrade step from version 943 to version 944.,INFO,carga5
2026-09-11 08:02:33.250,spid23s,Database 'model_replicatedmaster' running the upgrade step from version 944 to version 945.,INFO,carga5
2026-09-11 08:02:33.280,spid23s,Database 'model_replicatedmaster' running the upgrade step from version 945 to version 946.,INFO,carga5
2026-09-11 08:02:33.300,spid23s,Database 'model_replicatedmaster' running the upgrade step from version 946 to version 947.,INFO,carga5
2026-09-11 08:02:33.330,spid23s,Database 'model_replicatedmaster' running the upgrade step from version 947 to version 948.,INFO,carga5
2026-09-11 08:02:33.350,spid23s,Database 'model_replicatedmaster' running the upgrade step from version 948 to version 949.,INFO,carga5
2026-09-11 08:02:33.380,spid23s,Database 'model_replicatedmaster' running the upgrade step from version 949 to version 950.,INFO,carga5
2026-09-11 08:02:33.400,spid23s,Database 'model_replicatedmaster' running the upgrade step from version 950 to version 951.,INFO,carga5
2026-09-11 08:02:33.430,spid23s,Database 'model_replicatedmaster' running the upgrade step from version 951 to version 952.,INFO,carga5
2026-09-11 08:02:33.460,spid23s,Database 'model_replicatedmaster' running the upgrade step from version 952 to version 953.,INFO,carga5
2026-09-11 08:02:33.510,spid23s,Database 'model_replicatedmaster' running the upgrade step from version 953 to version 954.,INFO,carga5
2026-09-11 08:02:33.520,spid23s,Database 'model_replicatedmaster' running the upgrade step from version 954 to version 955.,INFO,carga5
2026-09-11 08:02:33.540,spid23s,Database 'model_replicatedmaster' running the upgrade step from version 955 to version 956.,INFO,carga5
2026-09-11 08:02:33.590,spid23s,Database 'model_replicatedmaster' running the upgrade step from version 956 to version 957.,INFO,carga5
2026-09-11 08:02:33.690,spid23s,"[32761]. Feature Status: PVS: 0. CTR: 0. ConcurrentPFSUpdate: 1. ConcurrentGAMUpdate: 1. ConcurrentSGAMUpdate: 1, CleanupUnderUserTransaction: 0. TranLevelPVS: 0",INFO,carga5
2026-09-11 08:02:33.700,spid23s,Starting up database 'model_msdb'.,STARTUP,carga5
2026-09-11 08:02:33.830,spid23s,Converting database 'model_msdb' from version 927 to the current version 957.,INFO,carga5
2026-09-11 08:02:33.840,spid23s,Database 'model_msdb' running the upgrade step from version 927 to version 928.,INFO,carga5
2026-09-11 08:02:33.880,spid23s,Database 'model_msdb' running the upgrade step from version 928 to version 929.,INFO,carga5
2026-09-11 08:02:33.970,spid23s,Database 'model_msdb' running the upgrade step from version 929 to version 930.,INFO,carga5
2026-09-11 08:02:34.000,spid23s,Database 'model_msdb' running the upgrade step from version 930 to version 931.,INFO,carga5
2026-09-11 08:02:34.040,spid23s,Database 'model_msdb' running the upgrade step from version 931 to version 932.,INFO,carga5
2026-09-11 08:02:34.080,spid23s,Database 'model_msdb' running the upgrade step from version 932 to version 933.,INFO,carga5
2026-09-11 08:02:34.110,spid23s,Database 'model_msdb' running the upgrade step from version 933 to version 934.,INFO,carga5
2026-09-11 08:02:34.120,spid32s,A self-generated certificate was successfully loaded for encryption.,INFO,carga5
2026-09-11 08:02:34.120,spid32s,Server is listening on [ 'any' <ipv6> 1433] accept sockets 1.,INFO,carga5
2026-09-11 08:02:34.130,spid32s,Server is listening on [ 'any' <ipv4> 1433] accept sockets 1.,INFO,carga5
2026-09-11 08:02:34.130,spid23s,Database 'model_msdb' running the upgrade step from version 934 to version 935.,INFO,carga5
2026-09-11 08:02:34.130,Server,Server is listening on [ ::1 <ipv6> 1434] accept sockets 1.,INFO,carga5
2026-09-11 08:02:34.140,Server,Server is listening on [ 127.0.0.1 <ipv4> 1434] accept sockets 1.,INFO,carga5
2026-09-11 08:02:34.140,Server,Dedicated admin connection support was established for listening locally on port 1434.,INFO,carga5
2026-09-11 08:02:34.150,spid32s,Server is listening on [ ::1 <ipv6> 1431] accept sockets 1.,INFO,carga5
2026-09-11 08:02:34.150,spid32s,Server is listening on [ 127.0.0.1 <ipv4> 1431] accept sockets 1.,INFO,carga5
2026-09-11 08:02:34.150,spid32s,SQL Server is now ready for client connections. This is an informational message; no user action is required.,STARTUP,carga5
2026-09-11 08:02:34.160,spid23s,Database 'model_msdb' running the upgrade step from version 935 to version 936.,INFO,carga5
2026-09-11 08:02:34.180,spid23s,Database 'model_msdb' running the upgrade step from version 936 to version 937.,INFO,carga5
2026-09-11 08:02:34.210,spid23s,Database 'model_msdb' running the upgrade step from version 937 to version 938.,INFO,carga5
2026-09-11 08:02:34.230,spid23s,Database 'model_msdb' running the upgrade step from version 938 to version 939.,INFO,carga5
2026-09-11 08:02:34.260,spid23s,Database 'model_msdb' running the upgrade step from version 939 to version 940.,INFO,carga5
2026-09-11 08:02:34.290,spid23s,Database 'model_msdb' running the upgrade step from version 940 to version 941.,INFO,carga5
2026-09-11 08:02:34.320,spid23s,Database 'model_msdb' running the upgrade step from version 941 to version 942.,INFO,carga5
2026-09-11 08:02:34.340,spid23s,Database 'model_msdb' running the upgrade step from version 942 to version 943.,INFO,carga5
2026-09-11 08:02:34.420,spid23s,Database 'model_msdb' running the upgrade step from version 943 to version 944.,INFO,carga5
2026-09-11 08:02:34.440,spid23s,Database 'model_msdb' running the upgrade step from version 944 to version 945.,INFO,carga5
2026-09-11 08:02:34.500,spid23s,Database 'model_msdb' running the upgrade step from version 945 to version 946.,INFO,carga5
2026-09-11 08:02:34.520,spid23s,Database 'model_msdb' running the upgrade step from version 946 to version 947.,INFO,carga5
2026-09-11 08:02:34.550,spid23s,Database 'model_msdb' running the upgrade step from version 947 to version 948.,INFO,carga5
2026-09-11 08:02:34.580,spid23s,Database 'model_msdb' running the upgrade step from version 948 to version 949.,INFO,carga5
2026-09-11 08:02:34.610,spid23s,Database 'model_msdb' running the upgrade step from version 949 to version 950.,INFO,carga5
2026-09-11 08:02:34.630,spid23s,Database 'model_msdb' running the upgrade step from version 950 to version 951.,INFO,carga5
2026-09-11 08:02:34.690,spid23s,Database 'model_msdb' running the upgrade step from version 951 to version 952.,INFO,carga5
2026-09-11 08:02:34.720,spid23s,Database 'model_msdb' running the upgrade step from version 952 to version 953.,INFO,carga5
2026-09-11 08:02:34.750,spid23s,Database 'model_msdb' running the upgrade step from version 953 to version 954.,INFO,carga5
2026-09-11 08:02:34.770,spid23s,Database 'model_msdb' running the upgrade step from version 954 to version 955.,INFO,carga5
2026-09-11 08:02:34.800,spid23s,Database 'model_msdb' running the upgrade step from version 955 to version 956.,INFO,carga5
2026-09-11 08:02:34.890,spid23s,Database 'model_msdb' running the upgrade step from version 956 to version 957.,INFO,carga5
2026-09-11 08:02:35.050,spid23s,Resource governor reconfiguration succeeded.,CONFIGURATION,carga5
2026-09-11 08:02:35.060,spid23s,SQL Server Audit is starting the audits. This is an informational message. No user action is required.,STARTUP,carga5
2026-09-11 08:02:35.060,spid43s,Attribute synchronization initialized,INFO,carga5
2026-09-11 08:02:35.060,spid23s,SQL Server Audit has started the audits. This is an informational message. No user action is required.,STARTUP,carga5
2026-09-11 08:02:35.060,spid43s,Attribute synchronization manager initialized,INFO,carga5
2026-09-11 08:02:35.270,spid23s,"SQL Trace ID 1 was started by login ""sa"".",STARTUP,carga5
2026-09-11 08:02:35.300,spid23s,Server name is 'fadf03e4e65e'. This is an informational message only. No user action is required.,INFO,carga5
2026-09-11 08:02:35.380,spid26s,Clearing tempdb database.,INFO,carga5
2026-09-11 08:02:35.380,spid65s,Always On: The availability replica manager is starting. This is an informational message only. No user action is required.,STARTUP,carga5
2026-09-11 08:02:35.380,spid67s,"[4]. Feature Status: PVS: 0. CTR: 0. ConcurrentPFSUpdate: 1. ConcurrentGAMUpdate: 1. ConcurrentSGAMUpdate: 1, CleanupUnderUserTransaction: 0. TranLevelPVS: 0",INFO,carga5
2026-09-11 08:02:35.390,spid68s,"[5]. Feature Status: PVS: 0. CTR: 0. ConcurrentPFSUpdate: 1. ConcurrentGAMUpdate: 1. ConcurrentSGAMUpdate: 1, CleanupUnderUserTransaction: 0. TranLevelPVS: 0",INFO,carga5
2026-09-11 08:02:35.390,spid65s,Always On: The availability replica manager is waiting for the instance of SQL Server to allow client connections. This is an informational message only. No user action is required.,INFO,carga5
2026-09-11 08:02:35.400,spid67s,Starting up database 'msdb'.,STARTUP,carga5
2026-09-11 08:02:35.410,spid68s,Starting up database 'SteelNort'.,STARTUP,carga5
2026-09-11 08:02:35.420,spid68s,RemoveStaleDbEntries: Cleanup of stale DB entries called for database ID: [5],INFO,carga5
2026-09-11 08:02:35.420,spid68s,RemoveStaleDbEntries: Cleanup of stale DB entries skipped because master db is not memory optimized. DbId: 5.,INFO,carga5
2026-09-11 08:02:35.550,spid68s,Parallel redo is started for database 'SteelNort' with worker pool size [3].,STARTUP,carga5
2026-09-11 08:02:35.700,spid23s,Recovery is writing a checkpoint in database 'msdb' (4). This is an informational message only. No user action is required.,STARTUP,carga5
2026-09-11 08:02:35.860,spid26s,"[2]. Feature Status: PVS: 0. CTR: 0. ConcurrentPFSUpdate: 1. ConcurrentGAMUpdate: 1. ConcurrentSGAMUpdate: 1, CleanupUnderUserTransaction: 0. TranLevelPVS: 0",INFO,carga5
2026-09-11 08:02:35.870,spid26s,Starting up database 'tempdb'.,STARTUP,carga5
2026-09-11 08:02:36.800,spid24s,Using 'dbghelp.dll' version '4.0.5',INFO,carga5
2026-09-11 08:02:37.290,spid26s,The tempdb database has 8 data file(s).,INFO,carga5
2026-09-11 08:02:37.320,spid70s,The Service Broker endpoint is in disabled or stopped state.,INFO,carga5
2026-09-11 08:02:37.320,spid70s,The Database Mirroring endpoint is in disabled or stopped state.,INFO,carga5
2026-09-11 08:02:37.360,spid70s,Service Broker manager has started.,STARTUP,carga5
2026-09-11 08:02:38.050,spid68s,Recovery of database 'SteelNort' (5) is 1% complete (approximately 177 seconds remain). Phase 2 of 3. This is an informational message only. No user action is required.,STARTUP,carga5
2026-09-11 08:02:39.190,spid68s,33673 transactions rolled forward in database 'SteelNort' (5:0). This is an informational message only. No user action is required.,INFO,carga5
2026-09-11 08:02:39.270,spid68s,0 transactions rolled back in database 'SteelNort' (5:0). This is an informational message only. No user action is required.,INFO,carga5
2026-09-11 08:02:39.280,spid68s,Recovery is writing a checkpoint in database 'SteelNort' (5). This is an informational message only. No user action is required.,STARTUP,carga5
2026-09-11 08:02:39.420,spid68s,"Recovery completed for database SteelNort (database ID 5) in 4 second(s) (analysis 2493 ms, redo 1145 ms, undo 54 ms [system undo 0 ms, regular undo 0 ms].) ADR-enabled=0, Is primary=1, OL-Enabled=0. This is an informational message only. No user action is required.",STARTUP,carga5
2026-09-11 08:02:39.430,spid68s,Parallel redo is shutdown for database 'SteelNort' with worker pool size [3].,INFO,carga5
2026-09-11 08:02:39.450,spid23s,Recovery is complete. This is an informational message only. No user action is required.,STARTUP,carga5
2026-09-11 08:03:22.000,spid78,Attempting to load library 'xpstar.dll' into memory. This is an informational message only. No user action is required.,INFO,carga5
2026-09-11 08:03:22.050,spid78,Using 'xpstar.dll' version '2022.160.4265' to execute extended stored procedure 'xp_readerrorlog'. This is an informational message only; no user action is required.,ERROR,carga5
2026-09-11 08:02:29.680,Server,Microsoft SQL Server 2022 (RTM-CU26) (KB5093420) - 16.0.4265.3 (X64) Jul 7 2026 14:37:25 Copyright (C) 2022 Microsoft Corporation Developer Edition (64-bit) on Linux (Ubuntu 22.04.5 LTS) <X64>,INFO,carga7
2026-09-11 08:02:29.680,Server,UTC adjustment: 0:00,INFO,carga7
2026-09-11 08:02:29.680,Server,(c) Microsoft Corporation.,INFO,carga7
2026-09-11 08:02:29.690,Server,All rights reserved.,INFO,carga7
2026-09-11 08:02:29.700,Server,Server process ID is 452.,INFO,carga7
2026-09-11 08:02:29.700,Server,Logging SQL Server messages in file '/var/opt/mssql/log/errorlog'.,ERROR,carga7
2026-09-11 08:02:29.700,Server,Registry startup parameters: -d /var/opt/mssql/data/master.mdf -l /var/opt/mssql/data/mastlog.ldf -e /var/opt/mssql/log/errorlog,ERROR,carga7
2026-09-11 08:02:29.720,Server,"SQL Server detected 1 sockets with 3 cores per socket and 6 logical processors per socket, 6 total logical processors; using 6 logical processors based on SQL Server licensing. This is an informational message; no user action is required.",INFO,carga7
2026-09-11 08:02:29.720,Server,SQL Server is starting at normal priority base (=7). This is an informational message only. No user action is required.,STARTUP,carga7
2026-09-11 08:02:29.730,Server,"Detected 3916 MB of RAM, 2314 MB of available memory, 2314 MB of available page file. This is an informational message; no user action is required.",INFO,carga7
2026-09-11 08:02:29.740,Server,Using conventional memory in the memory manager.,INFO,carga7
2026-09-11 08:02:29.740,Server,Detected pause instruction latency: 140 cycles.,PERFORMANCE,carga7
2026-09-11 08:02:29.740,Server,"SQL Server detected the following NUMA node configuration (NUMA Node number 0, Processor Group number 0, CPU Mask 0x000000000000003f).",CONFIGURATION,carga7
2026-09-11 08:02:29.750,Server,Page exclusion bitmap is enabled.,INFO,carga7
2026-09-11 08:02:29.850,Server,Buffer pool extension is not supported on Linux platform.,INFO,carga7
2026-09-11 08:02:29.870,Server,Buffer Pool: Allocating 4194304 bytes for 361957 hashPages.,INFO,carga7
2026-09-11 08:02:30.290,Server,Buffer pool extension is already disabled. No action is necessary.,INFO,carga7
2026-09-11 08:02:31.290,Server,Installing Client TLS certificates to the store.,INFO,carga7
2026-09-11 08:02:31.320,Server,CPU vectorization level(s) detected: SSE SSE2 SSE3 SSSE3 SSE41 SSE42 AVX AVX2 POPCNT BMI1 BMI2 AVX512 (F CD BW DQ VL IFMA VBMI VBMI2 VNNI BITALG VPOQCNTDQ VP2INTERSECT),INFO,carga7
2026-09-11 08:02:31.430,Server,Successfully initialized the TLS configuration. Allowed TLS protocol versions are ['1.0 1.1 1.2']. Allowed TLS ciphers are ['ECDHE-ECDSA-AES128-GCM-SHA256:ECDHE-ECDSA-AES256-GCM-SHA384:ECDHE-RSA-AES128-GCM-SHA256:ECDHE-RSA-AES256-GCM-SHA384:ECDHE-ECDSA-AES128-SHA256:ECDHE-ECDSA-AES256-SHA384:ECDHE-ECDSA-AES256-SHA:ECDHE-ECDSA-AES128-SHA:AES256-GCM-SHA384:AES128-GCM-SHA256:AES256-SHA256:AES128-SHA256:AES256-SHA:AES128-SHA:!DHE-RSA-AES256-GCM-SHA384:!DHE-RSA-AES128-GCM-SHA256:!DHE-RSA-AES256-SHA:!DHE-RSA-AES128-SHA'].,CONFIGURATION,carga7
2026-09-11 08:02:31.470,Server,"Query Store settings initialized with enabled = 1,",CONFIGURATION,carga7
2026-09-11 08:02:31.500,Server,The maximum number of dedicated administrator connections for this instance is '1',INFO,carga7
2026-09-11 08:02:31.510,Server,Node configuration: node 0: CPU mask: 0x000000000000003f:0 Active CPU mask: 0x000000000000003f:0. This message provides a description of the NUMA configuration for this computer. This is an informational message only. No user action is required.,CONFIGURATION,carga7
2026-09-11 08:02:31.530,Server,Using dynamic lock allocation. Initial allocation of 2500 Lock blocks and 5000 Lock Owner blocks per node. This is an informational message only. No user action is required.,INFO,carga7
2026-09-11 08:02:31.590,Server,In-Memory OLTP initialized on lowend machine.,INFO,carga7
2026-09-11 08:02:31.640,Server,CLR version v4.0.30319 loaded.,INFO,carga7
2026-09-11 08:02:31.710,Server,[INFO] Created Extended Events session 'hkenginexesession',INFO,carga7
2026-09-11 08:02:31.720,Server,Database Instant File Initialization: enabled. For security and performance considerations see the topic 'Database Instant File Initialization' in SQL Server Books Online. This is an informational message only. No user action is required.,PERFORMANCE,carga7
2026-09-11 08:02:31.750,Server,Total Log Writer threads: 2. This is an informational message; no user action is required.,INFO,carga7
2026-09-11 08:02:31.760,Server,clwb is selected for pmem flush operation.,INFO,carga7
2026-09-11 08:02:31.780,Server,Software Usage Metrics is disabled.,INFO,carga7
2026-09-11 08:02:31.810,spid23s,"[1]. Feature Status: PVS: 0. CTR: 0. ConcurrentPFSUpdate: 1. ConcurrentGAMUpdate: 1. ConcurrentSGAMUpdate: 1, CleanupUnderUserTransaction: 0. TranLevelPVS: 0",INFO,carga7
2026-09-11 08:02:31.820,spid23s,Starting up database 'master'.,STARTUP,carga7
2026-09-11 08:02:32.050,spid23s,51 transactions rolled forward in database 'master' (1:0). This is an informational message only. No user action is required.,INFO,carga7
2026-09-11 08:02:32.080,spid23s,0 transactions rolled back in database 'master' (1:0). This is an informational message only. No user action is required.,INFO,carga7
2026-09-11 08:02:32.090,spid23s,Recovery is writing a checkpoint in database 'master' (1). This is an informational message only. No user action is required.,STARTUP,carga7
2026-09-11 08:02:32.370,spid23s,"[32762]. Feature Status: PVS: 0. CTR: 0. ConcurrentPFSUpdate: 1. ConcurrentGAMUpdate: 1. ConcurrentSGAMUpdate: 1, CleanupUnderUserTransaction: 0. TranLevelPVS: 0",INFO,carga7
2026-09-11 08:02:32.380,spid23s,Starting up database 'model_replicatedmaster'.,STARTUP,carga7
2026-09-11 08:02:32.400,spid26s,"[32767]. Feature Status: PVS: 0. CTR: 0. ConcurrentPFSUpdate: 1. ConcurrentGAMUpdate: 1. ConcurrentSGAMUpdate: 1, CleanupUnderUserTransaction: 0. TranLevelPVS: 0",INFO,carga7
2026-09-11 08:02:32.420,spid26s,Starting up database 'mssqlsystemresource'.,STARTUP,carga7
2026-09-11 08:02:32.440,spid26s,The resource database build version is 16.00.4265. This is an informational message only. No user action is required.,INFO,carga7
2026-09-11 08:02:32.520,spid26s,"[3]. Feature Status: PVS: 0. CTR: 0. ConcurrentPFSUpdate: 1. ConcurrentGAMUpdate: 1. ConcurrentSGAMUpdate: 1, CleanupUnderUserTransaction: 0. TranLevelPVS: 0",INFO,carga7
2026-09-11 08:02:32.520,spid26s,Starting up database 'model'.,STARTUP,carga7
2026-09-11 08:02:32.550,spid23s,Converting database 'model_replicatedmaster' from version 927 to the current version 957.,INFO,carga7
2026-09-11 08:02:32.550,spid23s,Database 'model_replicatedmaster' running the upgrade step from version 927 to version 928.,INFO,carga7
2026-09-11 08:02:32.580,Server,Common language runtime (CLR) functionality initialized.,INFO,carga7
2026-09-11 08:02:32.630,spid23s,Database 'model_replicatedmaster' running the upgrade step from version 928 to version 929.,INFO,carga7
2026-09-11 08:02:32.790,spid23s,Database 'model_replicatedmaster' running the upgrade step from version 929 to version 930.,INFO,carga7
2026-09-11 08:02:32.820,spid23s,Database 'model_replicatedmaster' running the upgrade step from version 930 to version 931.,INFO,carga7
2026-09-11 08:02:32.840,spid23s,Database 'model_replicatedmaster' running the upgrade step from version 931 to version 932.,INFO,carga7
2026-09-11 08:02:32.870,spid23s,Database 'model_replicatedmaster' running the upgrade step from version 932 to version 933.,INFO,carga7
2026-09-11 08:02:32.890,spid23s,Database 'model_replicatedmaster' running the upgrade step from version 933 to version 934.,INFO,carga7
2026-09-11 08:02:32.900,Server,External governance manager initialized,INFO,carga7
2026-09-11 08:02:32.930,spid23s,Database 'model_replicatedmaster' running the upgrade step from version 934 to version 935.,INFO,carga7
2026-09-11 08:02:32.960,spid23s,Database 'model_replicatedmaster' running the upgrade step from version 935 to version 936.,INFO,carga7
2026-09-11 08:02:32.980,spid23s,Database 'model_replicatedmaster' running the upgrade step from version 936 to version 937.,INFO,carga7
2026-09-11 08:02:33.000,spid23s,Database 'model_replicatedmaster' running the upgrade step from version 937 to version 938.,INFO,carga7
2026-09-11 08:02:33.030,spid23s,Database 'model_replicatedmaster' running the upgrade step from version 938 to version 939.,INFO,carga7
2026-09-11 08:02:33.070,spid23s,Database 'model_replicatedmaster' running the upgrade step from version 939 to version 940.,INFO,carga7
2026-09-11 08:02:33.100,spid23s,Database 'model_replicatedmaster' running the upgrade step from version 940 to version 941.,INFO,carga7
2026-09-11 08:02:33.130,spid23s,Database 'model_replicatedmaster' running the upgrade step from version 941 to version 942.,INFO,carga7
2026-09-11 08:02:33.150,spid23s,Database 'model_replicatedmaster' running the upgrade step from version 942 to version 943.,INFO,carga7
2026-09-11 08:02:33.230,spid23s,Database 'model_replicatedmaster' running the upgrade step from version 943 to version 944.,INFO,carga7
2026-09-11 08:02:33.250,spid23s,Database 'model_replicatedmaster' running the upgrade step from version 944 to version 945.,INFO,carga7
2026-09-11 08:02:33.280,spid23s,Database 'model_replicatedmaster' running the upgrade step from version 945 to version 946.,INFO,carga7
2026-09-11 08:02:33.300,spid23s,Database 'model_replicatedmaster' running the upgrade step from version 946 to version 947.,INFO,carga7
2026-09-11 08:02:33.330,spid23s,Database 'model_replicatedmaster' running the upgrade step from version 947 to version 948.,INFO,carga7
2026-09-11 08:02:33.350,spid23s,Database 'model_replicatedmaster' running the upgrade step from version 948 to version 949.,INFO,carga7
2026-09-11 08:02:33.380,spid23s,Database 'model_replicatedmaster' running the upgrade step from version 949 to version 950.,INFO,carga7
2026-09-11 08:02:33.400,spid23s,Database 'model_replicatedmaster' running the upgrade step from version 950 to version 951.,INFO,carga7
2026-09-11 08:02:33.430,spid23s,Database 'model_replicatedmaster' running the upgrade step from version 951 to version 952.,INFO,carga7
2026-09-11 08:02:33.460,spid23s,Database 'model_replicatedmaster' running the upgrade step from version 952 to version 953.,INFO,carga7
2026-09-11 08:02:33.510,spid23s,Database 'model_replicatedmaster' running the upgrade step from version 953 to version 954.,INFO,carga7
2026-09-11 08:02:33.520,spid23s,Database 'model_replicatedmaster' running the upgrade step from version 954 to version 955.,INFO,carga7
2026-09-11 08:02:33.540,spid23s,Database 'model_replicatedmaster' running the upgrade step from version 955 to version 956.,INFO,carga7
2026-09-11 08:02:33.590,spid23s,Database 'model_replicatedmaster' running the upgrade step from version 956 to version 957.,INFO,carga7
2026-09-11 08:02:33.690,spid23s,"[32761]. Feature Status: PVS: 0. CTR: 0. ConcurrentPFSUpdate: 1. ConcurrentGAMUpdate: 1. ConcurrentSGAMUpdate: 1, CleanupUnderUserTransaction: 0. TranLevelPVS: 0",INFO,carga7
2026-09-11 08:02:33.700,spid23s,Starting up database 'model_msdb'.,STARTUP,carga7
2026-09-11 08:02:33.830,spid23s,Converting database 'model_msdb' from version 927 to the current version 957.,INFO,carga7
2026-09-11 08:02:33.840,spid23s,Database 'model_msdb' running the upgrade step from version 927 to version 928.,INFO,carga7
2026-09-11 08:02:33.880,spid23s,Database 'model_msdb' running the upgrade step from version 928 to version 929.,INFO,carga7
2026-09-11 08:02:33.970,spid23s,Database 'model_msdb' running the upgrade step from version 929 to version 930.,INFO,carga7
2026-09-11 08:02:34.000,spid23s,Database 'model_msdb' running the upgrade step from version 930 to version 931.,INFO,carga7
2026-09-11 08:02:34.040,spid23s,Database 'model_msdb' running the upgrade step from version 931 to version 932.,INFO,carga7
2026-09-11 08:02:34.080,spid23s,Database 'model_msdb' running the upgrade step from version 932 to version 933.,INFO,carga7
2026-09-11 08:02:34.110,spid23s,Database 'model_msdb' running the upgrade step from version 933 to version 934.,INFO,carga7
2026-09-11 08:02:34.120,spid32s,A self-generated certificate was successfully loaded for encryption.,INFO,carga7
2026-09-11 08:02:34.120,spid32s,Server is listening on [ 'any' <ipv6> 1433] accept sockets 1.,INFO,carga7
2026-09-11 08:02:34.130,spid32s,Server is listening on [ 'any' <ipv4> 1433] accept sockets 1.,INFO,carga7
2026-09-11 08:02:34.130,spid23s,Database 'model_msdb' running the upgrade step from version 934 to version 935.,INFO,carga7
2026-09-11 08:02:34.130,Server,Server is listening on [ ::1 <ipv6> 1434] accept sockets 1.,INFO,carga7
2026-09-11 08:02:34.140,Server,Server is listening on [ 127.0.0.1 <ipv4> 1434] accept sockets 1.,INFO,carga7
2026-09-11 08:02:34.140,Server,Dedicated admin connection support was established for listening locally on port 1434.,INFO,carga7
2026-09-11 08:02:34.150,spid32s,Server is listening on [ ::1 <ipv6> 1431] accept sockets 1.,INFO,carga7
2026-09-11 08:02:34.150,spid32s,Server is listening on [ 127.0.0.1 <ipv4> 1431] accept sockets 1.,INFO,carga7
2026-09-11 08:02:34.150,spid32s,SQL Server is now ready for client connections. This is an informational message; no user action is required.,STARTUP,carga7
2026-09-11 08:02:34.160,spid23s,Database 'model_msdb' running the upgrade step from version 935 to version 936.,INFO,carga7
2026-09-11 08:02:34.180,spid23s,Database 'model_msdb' running the upgrade step from version 936 to version 937.,INFO,carga7
2026-09-11 08:02:34.210,spid23s,Database 'model_msdb' running the upgrade step from version 937 to version 938.,INFO,carga7
2026-09-11 08:02:34.230,spid23s,Database 'model_msdb' running the upgrade step from version 938 to version 939.,INFO,carga7
2026-09-11 08:02:34.260,spid23s,Database 'model_msdb' running the upgrade step from version 939 to version 940.,INFO,carga7
2026-09-11 08:02:34.290,spid23s,Database 'model_msdb' running the upgrade step from version 940 to version 941.,INFO,carga7
2026-09-11 08:02:34.320,spid23s,Database 'model_msdb' running the upgrade step from version 941 to version 942.,INFO,carga7
2026-09-11 08:02:34.340,spid23s,Database 'model_msdb' running the upgrade step from version 942 to version 943.,INFO,carga7
2026-09-11 08:02:34.420,spid23s,Database 'model_msdb' running the upgrade step from version 943 to version 944.,INFO,carga7
2026-09-11 08:02:34.440,spid23s,Database 'model_msdb' running the upgrade step from version 944 to version 945.,INFO,carga7
2026-09-11 08:02:34.500,spid23s,Database 'model_msdb' running the upgrade step from version 945 to version 946.,INFO,carga7
2026-09-11 08:02:34.520,spid23s,Database 'model_msdb' running the upgrade step from version 946 to version 947.,INFO,carga7
2026-09-11 08:02:34.550,spid23s,Database 'model_msdb' running the upgrade step from version 947 to version 948.,INFO,carga7
2026-09-11 08:02:34.580,spid23s,Database 'model_msdb' running the upgrade step from version 948 to version 949.,INFO,carga7
2026-09-11 08:02:34.610,spid23s,Database 'model_msdb' running the upgrade step from version 949 to version 950.,INFO,carga7
2026-09-11 08:02:34.630,spid23s,Database 'model_msdb' running the upgrade step from version 950 to version 951.,INFO,carga7
2026-09-11 08:02:34.690,spid23s,Database 'model_msdb' running the upgrade step from version 951 to version 952.,INFO,carga7
2026-09-11 08:02:34.720,spid23s,Database 'model_msdb' running the upgrade step from version 952 to version 953.,INFO,carga7
2026-09-11 08:02:34.750,spid23s,Database 'model_msdb' running the upgrade step from version 953 to version 954.,INFO,carga7
2026-09-11 08:02:34.770,spid23s,Database 'model_msdb' running the upgrade step from version 954 to version 955.,INFO,carga7
2026-09-11 08:02:34.800,spid23s,Database 'model_msdb' running the upgrade step from version 955 to version 956.,INFO,carga7
2026-09-11 08:02:34.890,spid23s,Database 'model_msdb' running the upgrade step from version 956 to version 957.,INFO,carga7
2026-09-11 08:02:35.050,spid23s,Resource governor reconfiguration succeeded.,CONFIGURATION,carga7
2026-09-11 08:02:35.060,spid23s,SQL Server Audit is starting the audits. This is an informational message. No user action is required.,STARTUP,carga7
2026-09-11 08:02:35.060,spid43s,Attribute synchronization initialized,INFO,carga7
2026-09-11 08:02:35.060,spid23s,SQL Server Audit has started the audits. This is an informational message. No user action is required.,STARTUP,carga7
2026-09-11 08:02:35.060,spid43s,Attribute synchronization manager initialized,INFO,carga7
2026-09-11 08:02:35.270,spid23s,"SQL Trace ID 1 was started by login ""sa"".",STARTUP,carga7
2026-09-11 08:02:35.300,spid23s,Server name is 'fadf03e4e65e'. This is an informational message only. No user action is required.,INFO,carga7
2026-09-11 08:02:35.380,spid26s,Clearing tempdb database.,INFO,carga7
2026-09-11 08:02:35.380,spid65s,Always On: The availability replica manager is starting. This is an informational message only. No user action is required.,STARTUP,carga7
2026-09-11 08:02:35.380,spid67s,"[4]. Feature Status: PVS: 0. CTR: 0. ConcurrentPFSUpdate: 1. ConcurrentGAMUpdate: 1. ConcurrentSGAMUpdate: 1, CleanupUnderUserTransaction: 0. TranLevelPVS: 0",INFO,carga7
2026-09-11 08:02:35.390,spid68s,"[5]. Feature Status: PVS: 0. CTR: 0. ConcurrentPFSUpdate: 1. ConcurrentGAMUpdate: 1. ConcurrentSGAMUpdate: 1, CleanupUnderUserTransaction: 0. TranLevelPVS: 0",INFO,carga7
2026-09-11 08:02:35.390,spid65s,Always On: The availability replica manager is waiting for the instance of SQL Server to allow client connections. This is an informational message only. No user action is required.,INFO,carga7
2026-09-11 08:02:35.400,spid67s,Starting up database 'msdb'.,STARTUP,carga7
2026-09-11 08:02:35.410,spid68s,Starting up database 'SteelNort'.,STARTUP,carga7
2026-09-11 08:02:35.420,spid68s,RemoveStaleDbEntries: Cleanup of stale DB entries called for database ID: [5],INFO,carga7
2026-09-11 08:02:35.420,spid68s,RemoveStaleDbEntries: Cleanup of stale DB entries skipped because master db is not memory optimized. DbId: 5.,INFO,carga7
2026-09-11 08:02:35.550,spid68s,Parallel redo is started for database 'SteelNort' with worker pool size [3].,STARTUP,carga7
2026-09-11 08:02:35.700,spid23s,Recovery is writing a checkpoint in database 'msdb' (4). This is an informational message only. No user action is required.,STARTUP,carga7
2026-09-11 08:02:35.860,spid26s,"[2]. Feature Status: PVS: 0. CTR: 0. ConcurrentPFSUpdate: 1. ConcurrentGAMUpdate: 1. ConcurrentSGAMUpdate: 1, CleanupUnderUserTransaction: 0. TranLevelPVS: 0",INFO,carga7
2026-09-11 08:02:35.870,spid26s,Starting up database 'tempdb'.,STARTUP,carga7
2026-09-11 08:02:36.800,spid24s,Using 'dbghelp.dll' version '4.0.5',INFO,carga7
2026-09-11 08:02:37.290,spid26s,The tempdb database has 8 data file(s).,INFO,carga7
2026-09-11 08:02:37.320,spid70s,The Service Broker endpoint is in disabled or stopped state.,INFO,carga7
2026-09-11 08:02:37.320,spid70s,The Database Mirroring endpoint is in disabled or stopped state.,INFO,carga7
2026-09-11 08:02:37.360,spid70s,Service Broker manager has started.,STARTUP,carga7
2026-09-11 08:02:38.050,spid68s,Recovery of database 'SteelNort' (5) is 1% complete (approximately 177 seconds remain). Phase 2 of 3. This is an informational message only. No user action is required.,STARTUP,carga7
2026-09-11 08:02:39.190,spid68s,33673 transactions rolled forward in database 'SteelNort' (5:0). This is an informational message only. No user action is required.,INFO,carga7
2026-09-11 08:02:39.270,spid68s,0 transactions rolled back in database 'SteelNort' (5:0). This is an informational message only. No user action is required.,INFO,carga7
2026-09-11 08:02:39.280,spid68s,Recovery is writing a checkpoint in database 'SteelNort' (5). This is an informational message only. No user action is required.,STARTUP,carga7
2026-09-11 08:02:39.420,spid68s,"Recovery completed for database SteelNort (database ID 5) in 4 second(s) (analysis 2493 ms, redo 1145 ms, undo 54 ms [system undo 0 ms, regular undo 0 ms].) ADR-enabled=0, Is primary=1, OL-Enabled=0. This is an informational message only. No user action is required.",STARTUP,carga7
2026-09-11 08:02:39.430,spid68s,Parallel redo is shutdown for database 'SteelNort' with worker pool size [3].,INFO,carga7
2026-09-11 08:02:39.450,spid23s,Recovery is complete. This is an informational message only. No user action is required.,STARTUP,carga7
2026-09-11 08:03:22.000,spid78,Attempting to load library 'xpstar.dll' into memory. This is an informational message only. No user action is required.,INFO,carga7
2026-09-11 08:03:22.050,spid78,Using 'xpstar.dll' version '2022.160.4265' to execute extended stored procedure 'xp_readerrorlog'. This is an informational message only; no user action is required.,ERROR,carga7
