event_name,timestamp,session_id,database_name,process_type,run_name,severity,error_number,message,command,duration,cpu_time,logical_reads,writes,wait_type
login,2026-09-11 08:48:30.825,73.0,SteelNort,UNKNOWN,10,,,,,,,,,
login,2026-09-11 08:48:30.825,75.0,SteelNort,UNKNOWN,10,,,,,,,,,
login,2026-09-11 08:48:30.825,76.0,SteelNort,UNKNOWN,10,,,,,,,,,
login,2026-09-11 08:48:30.825,77.0,SteelNort,UNKNOWN,10,,,,,,,,,
login,2026-09-11 08:48:30.825,78.0,SteelNort,UNKNOWN,10,,,,,,,,,
login,2026-09-11 08:48:30.825,80.0,SteelNort,UNKNOWN,10,,,,,,,,,
login,2026-09-11 08:48:30.825,81.0,SteelNort,UNKNOWN,10,,,,,,,,,
login,2026-09-11 08:48:30.825,82.0,SteelNort,UNKNOWN,10,,,,,,,,,
login,2026-09-11 08:48:30.825,83.0,SteelNort,UNKNOWN,10,,,,,,,,,
login,2026-09-11 08:48:30.825,84.0,SteelNort,UNKNOWN,10,,,,,,,,,
login,2026-09-11 08:48:30.825,85.0,SteelNort,UNKNOWN,10,,,,,,,,,
login,2026-09-11 08:48:30.825,86.0,SteelNort,UNKNOWN,10,,,,,,,,,
lock_acquired,2026-09-11 08:48:30.825,78.0,0,UNKNOWN,10,,,,,,,,,
lock_acquired,2026-09-11 08:48:30.825,82.0,0,UNKNOWN,10,,,,,,,,,
lock_acquired,2026-09-11 08:48:30.825,82.0,0,UNKNOWN,10,,,,,,,,,
lock_acquired,2026-09-11 08:48:30.825,86.0,0,UNKNOWN,10,,,,,,,,,
lock_acquired,2026-09-11 08:48:30.825,81.0,0,UNKNOWN,10,,,,,,,,,
lock_acquired,2026-09-11 08:48:30.825,77.0,0,UNKNOWN,10,,,,,,,,,
lock_acquired,2026-09-11 08:48:30.825,78.0,0,UNKNOWN,10,,,,,,,,,
lock_acquired,2026-09-11 08:48:30.825,78.0,0,UNKNOWN,10,,,,,,,,,
lock_acquired,2026-09-11 08:48:30.825,77.0,0,UNKNOWN,10,,,,,,,,,
lock_acquired,2026-09-11 08:48:30.825,80.0,0,UNKNOWN,10,,,,,,,,,
lock_acquired,2026-09-11 08:48:30.825,76.0,0,UNKNOWN,10,,,,,,,,,
lock_acquired,2026-09-11 08:48:30.825,84.0,0,UNKNOWN,10,,,,,,,,,
lock_acquired,2026-09-11 08:48:30.825,75.0,0,UNKNOWN,10,,,,,,,,,
lock_acquired,2026-09-11 08:48:30.825,76.0,0,UNKNOWN,10,,,,,,,,,
lock_acquired,2026-09-11 08:48:30.825,76.0,0,UNKNOWN,10,,,,,,,,,
lock_acquired,2026-09-11 08:48:30.825,86.0,0,UNKNOWN,10,,,,,,,,,
lock_acquired,2026-09-11 08:48:30.825,82.0,0,UNKNOWN,10,,,,,,,,,
lock_acquired,2026-09-11 08:48:30.825,85.0,0,UNKNOWN,10,,,,,,,,,
lock_acquired,2026-09-11 08:48:30.825,73.0,0,UNKNOWN,10,,,,,,,,,
lock_acquired,2026-09-11 08:48:30.825,77.0,0,UNKNOWN,10,,,,,,,,,
lock_acquired,2026-09-11 08:48:30.825,83.0,0,UNKNOWN,10,,,,,,,,,
lock_acquired,2026-09-11 08:48:30.825,80.0,0,UNKNOWN,10,,,,,,,,,
lock_released,2026-09-11 08:48:30.825,70.0,0,UNKNOWN,10,,,,,,,,,
lock_released,2026-09-11 08:48:30.825,70.0,0,UNKNOWN,10,,,,,,,,,
lock_released,2026-09-11 08:48:30.825,70.0,0,UNKNOWN,10,,,,,,,,,
lock_acquired,2026-09-11 08:48:35.876,82.0,0,UNKNOWN,10,,,,,,,,,
lock_acquired,2026-09-11 08:48:35.876,85.0,0,UNKNOWN,10,,,,,,,,,
lock_acquired,2026-09-11 08:48:35.876,85.0,0,UNKNOWN,10,,,,,,,,,
lock_acquired,2026-09-11 08:48:35.876,82.0,0,UNKNOWN,10,,,,,,,,,
lock_released,2026-09-11 08:48:35.876,82.0,0,UNKNOWN,10,,,,,,,,,
lock_released,2026-09-11 08:48:35.876,76.0,0,UNKNOWN,10,,,,,,,,,
lock_released,2026-09-11 08:48:35.876,77.0,0,UNKNOWN,10,,,,,,,,,
lock_released,2026-09-11 08:48:35.876,80.0,0,UNKNOWN,10,,,,,,,,,
lock_released,2026-09-11 08:48:35.876,86.0,0,UNKNOWN,10,,,,,,,,,
lock_released,2026-09-11 08:48:35.876,76.0,0,UNKNOWN,10,,,,,,,,,
lock_released,2026-09-11 08:48:35.876,77.0,0,UNKNOWN,10,,,,,,,,,
lock_acquired,2026-09-11 08:48:40.907,84.0,0,UNKNOWN,10,,,,,,,,,
lock_acquired,2026-09-11 08:48:40.907,80.0,0,UNKNOWN,10,,,,,,,,,
lock_acquired,2026-09-11 08:48:40.907,78.0,0,UNKNOWN,10,,,,,,,,,
lock_acquired,2026-09-11 08:48:40.907,80.0,0,UNKNOWN,10,,,,,,,,,
lock_acquired,2026-09-11 08:48:40.907,82.0,0,UNKNOWN,10,,,,,,,,,
lock_acquired,2026-09-11 08:48:40.907,77.0,0,UNKNOWN,10,,,,,,,,,
lock_acquired,2026-09-11 08:48:40.907,84.0,0,UNKNOWN,10,,,,,,,,,
lock_acquired,2026-09-11 08:48:40.907,78.0,0,UNKNOWN,10,,,,,,,,,
lock_acquired,2026-09-11 08:48:40.907,86.0,0,UNKNOWN,10,,,,,,,,,
lock_acquired,2026-09-11 08:48:40.907,80.0,0,UNKNOWN,10,,,,,,,,,
lock_acquired,2026-09-11 08:48:40.907,83.0,0,UNKNOWN,10,,,,,,,,,
lock_acquired,2026-09-11 08:48:40.907,83.0,0,UNKNOWN,10,,,,,,,,,
lock_acquired,2026-09-11 08:48:40.907,78.0,0,UNKNOWN,10,,,,,,,,,
lock_acquired,2026-09-11 08:48:40.907,85.0,0,UNKNOWN,10,,,,,,,,,
lock_released,2026-09-11 08:48:40.907,78.0,0,UNKNOWN,10,,,,,,,,,
lock_released,2026-09-11 08:48:40.907,78.0,0,UNKNOWN,10,,,,,,,,,
lock_released,2026-09-11 08:48:40.907,85.0,0,UNKNOWN,10,,,,,,,,,
lock_released,2026-09-11 08:48:40.907,82.0,0,UNKNOWN,10,,,,,,,,,
lock_released,2026-09-11 08:48:40.907,85.0,0,UNKNOWN,10,,,,,,,,,
lock_released,2026-09-11 08:48:40.907,82.0,0,UNKNOWN,10,,,,,,,,,
lock_released,2026-09-11 08:48:40.907,82.0,0,UNKNOWN,10,,,,,,,,,
lock_acquired,2026-09-11 08:48:45.934,82.0,0,UNKNOWN,10,,,,,,,,,
lock_acquired,2026-09-11 08:48:45.934,83.0,0,UNKNOWN,10,,,,,,,,,
lock_acquired,2026-09-11 08:48:45.934,80.0,0,UNKNOWN,10,,,,,,,,,
lock_acquired,2026-09-11 08:48:45.934,83.0,0,UNKNOWN,10,,,,,,,,,
lock_acquired,2026-09-11 08:48:45.934,77.0,0,UNKNOWN,10,,,,,,,,,
lock_acquired,2026-09-11 08:48:45.934,82.0,0,UNKNOWN,10,,,,,,,,,
lock_acquired,2026-09-11 08:48:45.934,77.0,0,UNKNOWN,10,,,,,,,,,
lock_acquired,2026-09-11 08:48:45.934,81.0,0,UNKNOWN,10,,,,,,,,,
lock_acquired,2026-09-11 08:48:45.934,83.0,0,UNKNOWN,10,,,,,,,,,
lock_acquired,2026-09-11 08:48:45.934,80.0,0,UNKNOWN,10,,,,,,,,,
lock_acquired,2026-09-11 08:48:45.934,80.0,0,UNKNOWN,10,,,,,,,,,
lock_acquired,2026-09-11 08:48:45.934,81.0,0,UNKNOWN,10,,,,,,,,,
lock_released,2026-09-11 08:48:45.934,84.0,0,UNKNOWN,10,,,,,,,,,
lock_released,2026-09-11 08:48:45.934,80.0,0,UNKNOWN,10,,,,,,,,,
lock_released,2026-09-11 08:48:45.934,78.0,0,UNKNOWN,10,,,,,,,,,
lock_released,2026-09-11 08:48:45.934,80.0,0,UNKNOWN,10,,,,,,,,,
lock_released,2026-09-11 08:48:45.934,82.0,0,UNKNOWN,10,,,,,,,,,
lock_released,2026-09-11 08:48:45.934,77.0,0,UNKNOWN,10,,,,,,,,,
lock_released,2026-09-11 08:48:45.934,84.0,0,UNKNOWN,10,,,,,,,,,
lock_released,2026-09-11 08:48:45.934,78.0,0,UNKNOWN,10,,,,,,,,,
lock_released,2026-09-11 08:48:45.934,86.0,0,UNKNOWN,10,,,,,,,,,
lock_released,2026-09-11 08:48:45.934,80.0,0,UNKNOWN,10,,,,,,,,,
lock_released,2026-09-11 08:48:45.934,83.0,0,UNKNOWN,10,,,,,,,,,
lock_released,2026-09-11 08:48:45.934,83.0,0,UNKNOWN,10,,,,,,,,,
lock_released,2026-09-11 08:48:45.934,78.0,0,UNKNOWN,10,,,,,,,,,
lock_released,2026-09-11 08:48:45.934,85.0,0,UNKNOWN,10,,,,,,,,,
login,2026-09-11 08:48:50.968,87.0,SteelNort,UNKNOWN,10,,,,,,,,,
login,2026-09-11 08:48:50.968,88.0,SteelNort,UNKNOWN,10,,,,,,,,,
login,2026-09-11 08:48:50.968,89.0,SteelNort,UNKNOWN,10,,,,,,,,,
login,2026-09-11 08:48:50.968,90.0,SteelNort,UNKNOWN,10,,,,,,,,,
login,2026-09-11 08:48:50.968,91.0,SteelNort,UNKNOWN,10,,,,,,,,,
lock_acquired,2026-09-11 08:48:50.968,84.0,0,UNKNOWN,10,,,,,,,,,
lock_acquired,2026-09-11 08:48:50.968,76.0,0,UNKNOWN,10,,,,,,,,,
lock_acquired,2026-09-11 08:48:50.968,85.0,0,UNKNOWN,10,,,,,,,,,
lock_acquired,2026-09-11 08:48:50.968,85.0,0,UNKNOWN,10,,,,,,,,,
lock_acquired,2026-09-11 08:48:50.968,86.0,0,UNKNOWN,10,,,,,,,,,
lock_acquired,2026-09-11 08:48:50.968,77.0,0,UNKNOWN,10,,,,,,,,,
lock_acquired,2026-09-11 08:48:50.968,84.0,0,UNKNOWN,10,,,,,,,,,
lock_acquired,2026-09-11 08:48:50.968,86.0,0,UNKNOWN,10,,,,,,,,,
lock_acquired,2026-09-11 08:48:50.968,78.0,0,UNKNOWN,10,,,,,,,,,
lock_acquired,2026-09-11 08:48:50.968,76.0,0,UNKNOWN,10,,,,,,,,,
lock_acquired,2026-09-11 08:48:50.968,80.0,0,UNKNOWN,10,,,,,,,,,
lock_released,2026-09-11 08:48:50.968,82.0,0,UNKNOWN,10,,,,,,,,,
lock_released,2026-09-11 08:48:50.968,83.0,0,UNKNOWN,10,,,,,,,,,
lock_released,2026-09-11 08:48:50.968,83.0,0,UNKNOWN,10,,,,,,,,,
lock_released,2026-09-11 08:48:50.968,77.0,0,UNKNOWN,10,,,,,,,,,
lock_released,2026-09-11 08:48:50.968,82.0,0,UNKNOWN,10,,,,,,,,,
lock_released,2026-09-11 08:48:50.968,77.0,0,UNKNOWN,10,,,,,,,,,
lock_released,2026-09-11 08:48:50.968,81.0,0,UNKNOWN,10,,,,,,,,,
lock_released,2026-09-11 08:48:50.968,83.0,0,UNKNOWN,10,,,,,,,,,
login,2026-09-11 08:48:56.022,92.0,SteelNort,UNKNOWN,10,,,,,,,,,
lock_acquired,2026-09-11 08:48:56.022,76.0,0,UNKNOWN,10,,,,,,,,,
lock_acquired,2026-09-11 08:48:56.022,80.0,0,UNKNOWN,10,,,,,,,,,
lock_acquired,2026-09-11 08:48:56.022,81.0,0,UNKNOWN,10,,,,,,,,,
lock_acquired,2026-09-11 08:48:56.022,82.0,0,UNKNOWN,10,,,,,,,,,
lock_released,2026-09-11 08:48:56.022,76.0,0,UNKNOWN,10,,,,,,,,,
lock_released,2026-09-11 08:48:56.022,86.0,0,UNKNOWN,10,,,,,,,,,
lock_released,2026-09-11 08:48:56.022,80.0,0,UNKNOWN,10,,,,,,,,,
lock_released,2026-09-11 08:48:56.022,77.0,0,UNKNOWN,10,,,,,,,,,
lock_released,2026-09-11 08:48:56.022,84.0,0,UNKNOWN,10,,,,,,,,,
lock_released,2026-09-11 08:48:56.022,86.0,0,UNKNOWN,10,,,,,,,,,
lock_released,2026-09-11 08:48:56.022,78.0,0,UNKNOWN,10,,,,,,,,,
lock_released,2026-09-11 08:48:56.022,80.0,0,UNKNOWN,10,,,,,,,,,
lock_released,2026-09-11 08:48:56.022,80.0,0,UNKNOWN,10,,,,,,,,,
lock_acquired,2026-09-11 08:49:01.088,82.0,0,UNKNOWN,10,,,,,,,,,
lock_acquired,2026-09-11 08:49:01.088,77.0,0,UNKNOWN,10,,,,,,,,,
lock_acquired,2026-09-11 08:49:01.088,82.0,0,UNKNOWN,10,,,,,,,,,
lock_acquired,2026-09-11 08:49:01.088,82.0,0,UNKNOWN,10,,,,,,,,,
lock_acquired,2026-09-11 08:49:01.088,86.0,0,UNKNOWN,10,,,,,,,,,
lock_acquired,2026-09-11 08:49:01.088,78.0,0,UNKNOWN,10,,,,,,,,,
lock_acquired,2026-09-11 08:49:01.088,78.0,0,UNKNOWN,10,,,,,,,,,
lock_released,2026-09-11 08:49:01.088,84.0,0,UNKNOWN,10,,,,,,,,,
lock_released,2026-09-11 08:49:01.088,85.0,0,UNKNOWN,10,,,,,,,,,
lock_released,2026-09-11 08:49:01.088,85.0,0,UNKNOWN,10,,,,,,,,,
lock_released,2026-09-11 08:49:01.088,81.0,0,UNKNOWN,10,,,,,,,,,
lock_released,2026-09-11 08:49:01.088,82.0,0,UNKNOWN,10,,,,,,,,,
lock_released,2026-09-11 08:49:01.088,76.0,0,UNKNOWN,10,,,,,,,,,
lock_released,2026-09-11 08:49:01.088,80.0,0,UNKNOWN,10,,,,,,,,,
lock_released,2026-09-11 08:49:01.088,80.0,0,UNKNOWN,10,,,,,,,,,
lock_released,2026-09-11 08:49:01.088,81.0,0,UNKNOWN,10,,,,,,,,,
login,2026-09-11 08:49:06.105,93.0,SteelNort,UNKNOWN,10,,,,,,,,,
lock_acquired,2026-09-11 08:49:06.105,84.0,0,UNKNOWN,10,,,,,,,,,
lock_acquired,2026-09-11 08:49:06.105,78.0,0,UNKNOWN,10,,,,,,,,,
lock_acquired,2026-09-11 08:49:06.105,78.0,0,UNKNOWN,10,,,,,,,,,
lock_acquired,2026-09-11 08:49:06.105,86.0,0,UNKNOWN,10,,,,,,,,,
lock_acquired,2026-09-11 08:49:06.105,82.0,0,UNKNOWN,10,,,,,,,,,
lock_acquired,2026-09-11 08:49:06.105,76.0,0,UNKNOWN,10,,,,,,,,,
lock_acquired,2026-09-11 08:49:06.105,83.0,0,UNKNOWN,10,,,,,,,,,
lock_acquired,2026-09-11 08:49:06.105,84.0,0,UNKNOWN,10,,,,,,,,,
lock_acquired,2026-09-11 08:49:06.105,85.0,0,UNKNOWN,10,,,,,,,,,
lock_acquired,2026-09-11 08:49:06.105,83.0,0,UNKNOWN,10,,,,,,,,,
lock_acquired,2026-09-11 08:49:06.105,85.0,0,UNKNOWN,10,,,,,,,,,
lock_acquired,2026-09-11 08:49:06.105,76.0,0,UNKNOWN,10,,,,,,,,,
lock_acquired,2026-09-11 08:49:06.105,77.0,0,UNKNOWN,10,,,,,,,,,
lock_released,2026-09-11 08:49:06.105,82.0,0,UNKNOWN,10,,,,,,,,,
lock_released,2026-09-11 08:49:06.105,77.0,0,UNKNOWN,10,,,,,,,,,
lock_released,2026-09-11 08:49:06.105,82.0,0,UNKNOWN,10,,,,,,,,,
lock_released,2026-09-11 08:49:06.105,82.0,0,UNKNOWN,10,,,,,,,,,
lock_released,2026-09-11 08:49:06.105,78.0,0,UNKNOWN,10,,,,,,,,,
lock_released,2026-09-11 08:49:06.105,76.0,0,UNKNOWN,10,,,,,,,,,
lock_released,2026-09-11 08:49:06.105,78.0,0,UNKNOWN,10,,,,,,,,,
lock_acquired,2026-09-11 08:49:11.138,76.0,0,UNKNOWN,10,,,,,,,,,
lock_acquired,2026-09-11 08:49:11.138,82.0,0,UNKNOWN,10,,,,,,,,,
lock_acquired,2026-09-11 08:49:11.138,80.0,0,UNKNOWN,10,,,,,,,,,
lock_acquired,2026-09-11 08:49:11.138,85.0,0,UNKNOWN,10,,,,,,,,,
lock_acquired,2026-09-11 08:49:11.138,77.0,0,UNKNOWN,10,,,,,,,,,
lock_acquired,2026-09-11 08:49:11.138,76.0,0,UNKNOWN,10,,,,,,,,,
lock_acquired,2026-09-11 08:49:11.138,80.0,0,UNKNOWN,10,,,,,,,,,
lock_released,2026-09-11 08:49:11.138,76.0,0,UNKNOWN,10,,,,,,,,,
lock_released,2026-09-11 08:49:11.138,77.0,0,UNKNOWN,10,,,,,,,,,
lock_released,2026-09-11 08:49:11.138,83.0,0,UNKNOWN,10,,,,,,,,,
lock_released,2026-09-11 08:49:11.138,85.0,0,UNKNOWN,10,,,,,,,,,
lock_released,2026-09-11 08:49:11.138,83.0,0,UNKNOWN,10,,,,,,,,,
lock_released,2026-09-11 08:49:11.138,85.0,0,UNKNOWN,10,,,,,,,,,
lock_released,2026-09-11 08:49:11.138,76.0,0,UNKNOWN,10,,,,,,,,,
logout,2026-09-11 08:49:16.158,93.0,0,UNKNOWN,10,,,,,,,,,
lock_acquired,2026-09-11 08:49:16.158,76.0,0,UNKNOWN,10,,,,,,,,,
lock_acquired,2026-09-11 08:49:16.158,77.0,0,UNKNOWN,10,,,,,,,,,
lock_acquired,2026-09-11 08:49:16.158,76.0,0,UNKNOWN,10,,,,,,,,,
lock_acquired,2026-09-11 08:49:16.158,84.0,0,UNKNOWN,10,,,,,,,,,
lock_acquired,2026-09-11 08:49:16.158,83.0,0,UNKNOWN,10,,,,,,,,,
lock_acquired,2026-09-11 08:49:16.158,83.0,0,UNKNOWN,10,,,,,,,,,
lock_acquired,2026-09-11 08:49:16.158,85.0,0,UNKNOWN,10,,,,,,,,,
lock_acquired,2026-09-11 08:49:16.158,85.0,0,UNKNOWN,10,,,,,,,,,
lock_acquired,2026-09-11 08:49:16.158,86.0,0,UNKNOWN,10,,,,,,,,,
lock_acquired,2026-09-11 08:49:16.158,84.0,0,UNKNOWN,10,,,,,,,,,
lock_released,2026-09-11 08:49:16.158,78.0,0,UNKNOWN,10,,,,,,,,,
lock_released,2026-09-11 08:49:16.158,78.0,0,UNKNOWN,10,,,,,,,,,
lock_released,2026-09-11 08:49:16.158,86.0,0,UNKNOWN,10,,,,,,,,,
lock_released,2026-09-11 08:49:16.158,82.0,0,UNKNOWN,10,,,,,,,,,
lock_released,2026-09-11 08:49:16.158,76.0,0,UNKNOWN,10,,,,,,,,,
lock_released,2026-09-11 08:49:16.158,82.0,0,UNKNOWN,10,,,,,,,,,
lock_released,2026-09-11 08:49:16.158,85.0,0,UNKNOWN,10,,,,,,,,,
lock_released,2026-09-11 08:49:16.158,84.0,0,UNKNOWN,10,,,,,,,,,
lock_released,2026-09-11 08:49:16.158,86.0,0,UNKNOWN,10,,,,,,,,,
lock_released,2026-09-11 08:49:16.158,77.0,0,UNKNOWN,10,,,,,,,,,
lock_released,2026-09-11 08:49:16.158,76.0,0,UNKNOWN,10,,,,,,,,,
lock_acquired,2026-09-11 08:49:21.190,85.0,0,UNKNOWN,10,,,,,,,,,
lock_acquired,2026-09-11 08:49:21.190,85.0,0,UNKNOWN,10,,,,,,,,,
lock_acquired,2026-09-11 08:49:21.190,82.0,0,UNKNOWN,10,,,,,,,,,
lock_acquired,2026-09-11 08:49:21.190,80.0,0,UNKNOWN,10,,,,,,,,,
lock_acquired,2026-09-11 08:49:21.190,86.0,0,UNKNOWN,10,,,,,,,,,
lock_acquired,2026-09-11 08:49:21.190,82.0,0,UNKNOWN,10,,,,,,,,,
lock_acquired,2026-09-11 08:49:21.190,78.0,0,UNKNOWN,10,,,,,,,,,
lock_acquired,2026-09-11 08:49:21.190,84.0,0,UNKNOWN,10,,,,,,,,,
lock_acquired,2026-09-11 08:49:21.190,78.0,0,UNKNOWN,10,,,,,,,,,
lock_released,2026-09-11 08:49:21.190,84.0,0,UNKNOWN,10,,,,,,,,,
lock_released,2026-09-11 08:49:21.190,76.0,0,UNKNOWN,10,,,,,,,,,
lock_released,2026-09-11 08:49:21.190,77.0,0,UNKNOWN,10,,,,,,,,,
lock_released,2026-09-11 08:49:21.190,80.0,0,UNKNOWN,10,,,,,,,,,
lock_released,2026-09-11 08:49:21.190,76.0,0,UNKNOWN,10,,,,,,,,,
lock_released,2026-09-11 08:49:21.190,84.0,0,UNKNOWN,10,,,,,,,,,
lock_released,2026-09-11 08:49:21.190,85.0,0,UNKNOWN,10,,,,,,,,,
lock_released,2026-09-11 08:49:21.190,85.0,0,UNKNOWN,10,,,,,,,,,
lock_released,2026-09-11 08:49:21.190,86.0,0,UNKNOWN,10,,,,,,,,,
lock_released,2026-09-11 08:49:21.190,84.0,0,UNKNOWN,10,,,,,,,,,
lock_acquired,2026-09-11 08:49:26.228,84.0,0,UNKNOWN,10,,,,,,,,,
lock_acquired,2026-09-11 08:49:26.228,86.0,0,UNKNOWN,10,,,,,,,,,
lock_acquired,2026-09-11 08:49:26.228,81.0,0,UNKNOWN,10,,,,,,,,,
lock_acquired,2026-09-11 08:49:26.228,77.0,0,UNKNOWN,10,,,,,,,,,
lock_acquired,2026-09-11 08:49:26.228,77.0,0,UNKNOWN,10,,,,,,,,,
lock_acquired,2026-09-11 08:49:26.228,86.0,0,UNKNOWN,10,,,,,,,,,
lock_acquired,2026-09-11 08:49:26.228,81.0,0,UNKNOWN,10,,,,,,,,,
lock_released,2026-09-11 08:49:26.228,82.0,0,UNKNOWN,10,,,,,,,,,
lock_released,2026-09-11 08:49:26.228,80.0,0,UNKNOWN,10,,,,,,,,,
lock_released,2026-09-11 08:49:26.228,86.0,0,UNKNOWN,10,,,,,,,,,
lock_released,2026-09-11 08:49:26.228,80.0,0,UNKNOWN,10,,,,,,,,,
lock_released,2026-09-11 08:49:26.228,78.0,0,UNKNOWN,10,,,,,,,,,
lock_released,2026-09-11 08:49:26.228,84.0,0,UNKNOWN,10,,,,,,,,,
lock_released,2026-09-11 08:49:26.228,78.0,0,UNKNOWN,10,,,,,,,,,
lock_acquired,2026-09-11 08:49:31.248,82.0,0,UNKNOWN,10,,,,,,,,,
lock_acquired,2026-09-11 08:49:31.248,86.0,0,UNKNOWN,10,,,,,,,,,
lock_acquired,2026-09-11 08:49:31.248,80.0,0,UNKNOWN,10,,,,,,,,,
lock_acquired,2026-09-11 08:49:31.248,82.0,0,UNKNOWN,10,,,,,,,,,
lock_acquired,2026-09-11 08:49:31.248,77.0,0,UNKNOWN,10,,,,,,,,,
lock_acquired,2026-09-11 08:49:31.248,84.0,0,UNKNOWN,10,,,,,,,,,
lock_acquired,2026-09-11 08:49:31.248,77.0,0,UNKNOWN,10,,,,,,,,,
lock_acquired,2026-09-11 08:49:31.248,85.0,0,UNKNOWN,10,,,,,,,,,
lock_acquired,2026-09-11 08:49:31.248,80.0,0,UNKNOWN,10,,,,,,,,,
lock_acquired,2026-09-11 08:49:31.248,85.0,0,UNKNOWN,10,,,,,,,,,
lock_released,2026-09-11 08:49:31.248,85.0,0,UNKNOWN,10,,,,,,,,,
lock_released,2026-09-11 08:49:31.248,85.0,0,UNKNOWN,10,,,,,,,,,
lock_released,2026-09-11 08:49:31.248,86.0,0,UNKNOWN,10,,,,,,,,,
lock_released,2026-09-11 08:49:31.248,77.0,0,UNKNOWN,10,,,,,,,,,
lock_released,2026-09-11 08:49:31.248,77.0,0,UNKNOWN,10,,,,,,,,,
lock_released,2026-09-11 08:49:31.248,83.0,0,UNKNOWN,10,,,,,,,,,
lock_released,2026-09-11 08:49:31.248,83.0,0,UNKNOWN,10,,,,,,,,,
lock_acquired,2026-09-11 08:49:36.283,76.0,0,UNKNOWN,10,,,,,,,,,
lock_acquired,2026-09-11 08:49:36.283,78.0,0,UNKNOWN,10,,,,,,,,,
lock_acquired,2026-09-11 08:49:36.283,76.0,0,UNKNOWN,10,,,,,,,,,
lock_released,2026-09-11 08:49:36.283,82.0,0,UNKNOWN,10,,,,,,,,,
lock_released,2026-09-11 08:49:36.283,86.0,0,UNKNOWN,10,,,,,,,,,
lock_released,2026-09-11 08:49:36.283,82.0,0,UNKNOWN,10,,,,,,,,,
lock_released,2026-09-11 08:49:36.283,77.0,0,UNKNOWN,10,,,,,,,,,
lock_released,2026-09-11 08:49:36.283,84.0,0,UNKNOWN,10,,,,,,,,,
lock_released,2026-09-11 08:49:36.283,86.0,0,UNKNOWN,10,,,,,,,,,
lock_released,2026-09-11 08:49:36.283,82.0,0,UNKNOWN,10,,,,,,,,,
lock_released,2026-09-11 08:49:36.283,77.0,0,UNKNOWN,10,,,,,,,,,
lock_released,2026-09-11 08:49:36.283,85.0,0,UNKNOWN,10,,,,,,,,,
lock_released,2026-09-11 08:49:36.283,85.0,0,UNKNOWN,10,,,,,,,,,
login,2026-09-11 08:49:41.311,93.0,SteelNort,UNKNOWN,10,,,,,,,,,
lock_acquired,2026-09-11 08:49:41.311,84.0,0,UNKNOWN,10,,,,,,,,,
lock_acquired,2026-09-11 08:49:41.311,86.0,0,UNKNOWN,10,,,,,,,,,
lock_acquired,2026-09-11 08:49:41.311,86.0,0,UNKNOWN,10,,,,,,,,,
lock_acquired,2026-09-11 08:49:41.311,77.0,0,UNKNOWN,10,,,,,,,,,
lock_acquired,2026-09-11 08:49:41.311,82.0,0,UNKNOWN,10,,,,,,,,,
lock_acquired,2026-09-11 08:49:41.311,86.0,0,UNKNOWN,10,,,,,,,,,
lock_acquired,2026-09-11 08:49:41.311,76.0,0,UNKNOWN,10,,,,,,,,,
lock_acquired,2026-09-11 08:49:41.311,83.0,0,UNKNOWN,10,,,,,,,,,
lock_acquired,2026-09-11 08:49:41.311,83.0,0,UNKNOWN,10,,,,,,,,,
lock_acquired,2026-09-11 08:49:41.311,77.0,0,UNKNOWN,10,,,,,,,,,
lock_acquired,2026-09-11 08:49:41.311,84.0,0,UNKNOWN,10,,,,,,,,,
lock_released,2026-09-11 08:49:41.311,84.0,0,UNKNOWN,10,,,,,,,,,
lock_released,2026-09-11 08:49:41.311,80.0,0,UNKNOWN,10,,,,,,,,,
lock_released,2026-09-11 08:49:41.311,80.0,0,UNKNOWN,10,,,,,,,,,
lock_released,2026-09-11 08:49:41.311,78.0,0,UNKNOWN,10,,,,,,,,,
lock_acquired,2026-09-11 08:49:46.332,78.0,0,UNKNOWN,10,,,,,,,,,
lock_acquired,2026-09-11 08:49:46.332,78.0,0,UNKNOWN,10,,,,,,,,,
lock_acquired,2026-09-11 08:49:46.332,82.0,0,UNKNOWN,10,,,,,,,,,
lock_acquired,2026-09-11 08:49:46.332,76.0,0,UNKNOWN,10,,,,,,,,,
lock_acquired,2026-09-11 08:49:46.332,77.0,0,UNKNOWN,10,,,,,,,,,
lock_acquired,2026-09-11 08:49:46.332,81.0,0,UNKNOWN,10,,,,,,,,,
lock_acquired,2026-09-11 08:49:46.332,82.0,0,UNKNOWN,10,,,,,,,,,
lock_acquired,2026-09-11 08:49:46.332,81.0,0,UNKNOWN,10,,,,,,,,,
lock_acquired,2026-09-11 08:49:46.332,84.0,0,UNKNOWN,10,,,,,,,,,
lock_acquired,2026-09-11 08:49:46.332,77.0,0,UNKNOWN,10,,,,,,,,,
lock_released,2026-09-11 08:49:46.332,84.0,0,UNKNOWN,10,,,,,,,,,
lock_released,2026-09-11 08:49:46.332,86.0,0,UNKNOWN,10,,,,,,,,,
lock_released,2026-09-11 08:49:46.332,86.0,0,UNKNOWN,10,,,,,,,,,
lock_released,2026-09-11 08:49:46.332,76.0,0,UNKNOWN,10,,,,,,,,,
lock_released,2026-09-11 08:49:46.332,81.0,0,UNKNOWN,10,,,,,,,,,
lock_released,2026-09-11 08:49:46.332,69.0,0,UNKNOWN,10,,,,,,,,,
lock_released,2026-09-11 08:49:46.332,77.0,0,UNKNOWN,10,,,,,,,,,
lock_released,2026-09-11 08:49:46.332,86.0,0,UNKNOWN,10,,,,,,,,,
lock_released,2026-09-11 08:49:46.332,76.0,0,UNKNOWN,10,,,,,,,,,
lock_released,2026-09-11 08:49:46.332,76.0,0,UNKNOWN,10,,,,,,,,,
lock_released,2026-09-11 08:49:46.332,81.0,0,UNKNOWN,10,,,,,,,,,
logout,2026-09-11 08:49:51.373,75.0,0,UNKNOWN,10,,,,,,,,,
lock_acquired,2026-09-11 08:49:51.373,84.0,0,UNKNOWN,10,,,,,,,,,
lock_acquired,2026-09-11 08:49:51.373,86.0,0,UNKNOWN,10,,,,,,,,,
lock_acquired,2026-09-11 08:49:51.373,81.0,0,UNKNOWN,10,,,,,,,,,
lock_acquired,2026-09-11 08:49:51.373,85.0,0,UNKNOWN,10,,,,,,,,,
lock_acquired,2026-09-11 08:49:51.373,85.0,0,UNKNOWN,10,,,,,,,,,
lock_acquired,2026-09-11 08:49:51.373,80.0,0,UNKNOWN,10,,,,,,,,,
lock_acquired,2026-09-11 08:49:51.373,81.0,0,UNKNOWN,10,,,,,,,,,
lock_acquired,2026-09-11 08:49:51.373,84.0,0,UNKNOWN,10,,,,,,,,,
lock_acquired,2026-09-11 08:49:51.373,86.0,0,UNKNOWN,10,,,,,,,,,
lock_acquired,2026-09-11 08:49:51.373,78.0,0,UNKNOWN,10,,,,,,,,,
lock_acquired,2026-09-11 08:49:51.373,86.0,0,UNKNOWN,10,,,,,,,,,
lock_acquired,2026-09-11 08:49:51.373,76.0,0,UNKNOWN,10,,,,,,,,,
lock_acquired,2026-09-11 08:49:51.373,80.0,0,UNKNOWN,10,,,,,,,,,
lock_acquired,2026-09-11 08:49:51.373,78.0,0,UNKNOWN,10,,,,,,,,,
lock_acquired,2026-09-11 08:49:51.373,81.0,0,UNKNOWN,10,,,,,,,,,
lock_released,2026-09-11 08:49:51.373,78.0,0,UNKNOWN,10,,,,,,,,,
lock_released,2026-09-11 08:49:51.373,78.0,0,UNKNOWN,10,,,,,,,,,
lock_released,2026-09-11 08:49:51.373,82.0,0,UNKNOWN,10,,,,,,,,,
lock_released,2026-09-11 08:49:51.373,75.0,0,UNKNOWN,10,,,,,,,,,
lock_released,2026-09-11 08:49:51.373,76.0,0,UNKNOWN,10,,,,,,,,,
lock_released,2026-09-11 08:49:51.373,82.0,0,UNKNOWN,10,,,,,,,,,
lock_released,2026-09-11 08:49:51.373,81.0,0,UNKNOWN,10,,,,,,,,,
lock_released,2026-09-11 08:49:51.373,82.0,0,UNKNOWN,10,,,,,,,,,
lock_released,2026-09-11 08:49:51.373,81.0,0,UNKNOWN,10,,,,,,,,,
lock_released,2026-09-11 08:49:51.373,83.0,0,UNKNOWN,10,,,,,,,,,
lock_released,2026-09-11 08:49:51.373,84.0,0,UNKNOWN,10,,,,,,,,,
lock_released,2026-09-11 08:49:51.373,84.0,0,UNKNOWN,10,,,,,,,,,
logout,2026-09-11 08:49:56.398,93.0,0,UNKNOWN,10,,,,,,,,,
logout,2026-09-11 08:49:56.398,69.0,0,UNKNOWN,10,,,,,,,,,
lock_acquired,2026-09-11 08:49:56.398,86.0,0,UNKNOWN,10,,,,,,,,,
lock_acquired,2026-09-11 08:49:56.398,82.0,0,UNKNOWN,10,,,,,,,,,
lock_acquired,2026-09-11 08:49:56.398,81.0,0,UNKNOWN,10,,,,,,,,,
lock_acquired,2026-09-11 08:49:56.398,86.0,0,UNKNOWN,10,,,,,,,,,
lock_acquired,2026-09-11 08:49:56.398,82.0,0,UNKNOWN,10,,,,,,,,,
lock_acquired,2026-09-11 08:49:56.398,81.0,0,UNKNOWN,10,,,,,,,,,
lock_acquired,2026-09-11 08:49:56.398,81.0,0,UNKNOWN,10,,,,,,,,,
lock_released,2026-09-11 08:49:56.398,81.0,0,UNKNOWN,10,,,,,,,,,
lock_released,2026-09-11 08:49:56.398,86.0,0,UNKNOWN,10,,,,,,,,,
lock_released,2026-09-11 08:49:56.398,85.0,0,UNKNOWN,10,,,,,,,,,
lock_released,2026-09-11 08:49:56.398,85.0,0,UNKNOWN,10,,,,,,,,,
lock_released,2026-09-11 08:49:56.398,78.0,0,UNKNOWN,10,,,,,,,,,
lock_released,2026-09-11 08:49:56.398,77.0,0,UNKNOWN,10,,,,,,,,,
lock_released,2026-09-11 08:49:56.398,81.0,0,UNKNOWN,10,,,,,,,,,
lock_released,2026-09-11 08:49:56.398,77.0,0,UNKNOWN,10,,,,,,,,,
lock_released,2026-09-11 08:49:56.398,86.0,0,UNKNOWN,10,,,,,,,,,
lock_released,2026-09-11 08:49:56.398,78.0,0,UNKNOWN,10,,,,,,,,,
lock_released,2026-09-11 08:49:56.398,83.0,0,UNKNOWN,10,,,,,,,,,
lock_released,2026-09-11 08:49:56.398,76.0,0,UNKNOWN,10,,,,,,,,,
lock_released,2026-09-11 08:49:56.398,77.0,0,UNKNOWN,10,,,,,,,,,
lock_released,2026-09-11 08:49:56.398,81.0,0,UNKNOWN,10,,,,,,,,,
logout,2026-09-11 08:50:01.446,76.0,0,UNKNOWN,10,,,,,,,,,
logout,2026-09-11 08:50:01.446,77.0,0,UNKNOWN,10,,,,,,,,,
logout,2026-09-11 08:50:01.446,78.0,0,UNKNOWN,10,,,,,,,,,
logout,2026-09-11 08:50:01.446,80.0,0,UNKNOWN,10,,,,,,,,,
logout,2026-09-11 08:50:01.446,81.0,0,UNKNOWN,10,,,,,,,,,
logout,2026-09-11 08:50:01.446,82.0,0,UNKNOWN,10,,,,,,,,,
logout,2026-09-11 08:50:01.446,83.0,0,UNKNOWN,10,,,,,,,,,
logout,2026-09-11 08:50:01.446,84.0,0,UNKNOWN,10,,,,,,,,,
logout,2026-09-11 08:50:01.446,85.0,0,UNKNOWN,10,,,,,,,,,
logout,2026-09-11 08:50:01.446,86.0,0,UNKNOWN,10,,,,,,,,,
lock_released,2026-09-11 08:50:01.446,84.0,0,UNKNOWN,10,,,,,,,,,
lock_released,2026-09-11 08:50:01.446,82.0,0,UNKNOWN,10,,,,,,,,,
lock_released,2026-09-11 08:50:01.446,81.0,0,UNKNOWN,10,,,,,,,,,
lock_released,2026-09-11 08:50:01.446,82.0,0,UNKNOWN,10,,,,,,,,,
lock_released,2026-09-11 08:50:01.446,86.0,0,UNKNOWN,10,,,,,,,,,
lock_released,2026-09-11 08:50:01.446,81.0,0,UNKNOWN,10,,,,,,,,,
lock_released,2026-09-11 08:50:01.446,78.0,0,UNKNOWN,10,,,,,,,,,
lock_released,2026-09-11 08:50:01.446,80.0,0,UNKNOWN,10,,,,,,,,,
lock_released,2026-09-11 08:50:01.446,77.0,0,UNKNOWN,10,,,,,,,,,
lock_released,2026-09-11 08:50:01.446,84.0,0,UNKNOWN,10,,,,,,,,,
lock_released,2026-09-11 08:50:01.446,80.0,0,UNKNOWN,10,,,,,,,,,
lock_released,2026-09-11 08:50:01.446,84.0,0,UNKNOWN,10,,,,,,,,,
lock_released,2026-09-11 08:50:01.446,86.0,0,UNKNOWN,10,,,,,,,,,
lock_released,2026-09-11 08:50:01.446,76.0,0,UNKNOWN,10,,,,,,,,,
lock_released,2026-09-11 08:50:01.446,86.0,0,UNKNOWN,10,,,,,,,,,
lock_released,2026-09-11 08:50:01.446,86.0,0,UNKNOWN,10,,,,,,,,,
lock_released,2026-09-11 08:50:01.446,82.0,0,UNKNOWN,10,,,,,,,,,
lock_released,2026-09-11 08:50:01.446,81.0,0,UNKNOWN,10,,,,,,,,,
lock_released,2026-09-11 08:50:01.446,85.0,0,UNKNOWN,10,,,,,,,,,
lock_released,2026-09-11 08:50:01.446,83.0,0,UNKNOWN,10,,,,,,,,,
lock_released,2026-09-11 08:50:01.446,81.0,0,UNKNOWN,10,,,,,,,,,
lock_released,2026-09-11 08:50:01.446,80.0,0,UNKNOWN,10,,,,,,,,,
login,2026-09-11 08:50:18.279,73.0,SteelNort,UNKNOWN,11,0.0,0.0,0,,,,,,
login,2026-09-11 08:50:18.279,75.0,SteelNort,UNKNOWN,11,0.0,0.0,0,,,,,,
login,2026-09-11 08:50:18.279,76.0,SteelNort,UNKNOWN,11,0.0,0.0,0,,,,,,
lock_acquired,2026-09-11 08:50:18.279,75.0,0,UNKNOWN,11,0.0,0.0,0,,,,,,
lock_acquired,2026-09-11 08:50:18.279,76.0,0,UNKNOWN,11,0.0,0.0,0,,,,,,
lock_acquired,2026-09-11 08:50:18.279,73.0,0,UNKNOWN,11,0.0,0.0,0,,,,,,
lock_acquired,2026-09-11 08:50:18.279,76.0,0,UNKNOWN,11,0.0,0.0,0,,,,,,
lock_acquired,2026-09-11 08:50:18.279,76.0,0,UNKNOWN,11,0.0,0.0,0,,,,,,
lock_released,2026-09-11 08:50:18.279,70.0,0,UNKNOWN,11,0.0,0.0,0,,,,,,
lock_released,2026-09-11 08:50:18.279,70.0,0,UNKNOWN,11,0.0,0.0,0,,,,,,
lock_released,2026-09-11 08:50:18.279,70.0,0,UNKNOWN,11,0.0,0.0,0,,,,,,
lock_released,2026-09-11 08:50:18.279,70.0,0,UNKNOWN,11,0.0,0.0,0,,,,,,
lock_acquired,2026-09-11 08:50:23.298,76.0,0,UNKNOWN,11,0.0,0.0,0,,,,,,
lock_released,2026-09-11 08:50:23.298,76.0,0,UNKNOWN,11,0.0,0.0,0,,,,,,
lock_acquired,2026-09-11 08:50:28.334,76.0,0,UNKNOWN,11,0.0,0.0,0,,,,,,
lock_released,2026-09-11 08:50:28.334,76.0,0,UNKNOWN,11,0.0,0.0,0,,,,,,
lock_released,2026-09-11 08:50:28.334,76.0,0,UNKNOWN,11,0.0,0.0,0,,,,,,
lock_released,2026-09-11 08:50:33.356,76.0,0,UNKNOWN,11,0.0,0.0,0,,,,,,
login,2026-09-11 08:50:38.376,77.0,SteelNort,UNKNOWN,11,0.0,0.0,0,,,,,,
login,2026-09-11 08:50:38.376,78.0,SteelNort,UNKNOWN,11,0.0,0.0,0,,,,,,
login,2026-09-11 08:50:38.376,80.0,SteelNort,UNKNOWN,11,0.0,0.0,0,,,,,,
login,2026-09-11 08:50:38.376,81.0,SteelNort,UNKNOWN,11,0.0,0.0,0,,,,,,
login,2026-09-11 08:50:38.376,82.0,SteelNort,UNKNOWN,11,0.0,0.0,0,,,,,,
login,2026-09-11 08:50:38.376,83.0,SteelNort,UNKNOWN,11,0.0,0.0,0,,,,,,
login,2026-09-11 08:50:38.376,84.0,SteelNort,UNKNOWN,11,0.0,0.0,0,,,,,,
lock_acquired,2026-09-11 08:50:38.376,77.0,0,UNKNOWN,11,0.0,0.0,0,,,,,,
lock_acquired,2026-09-11 08:50:38.376,80.0,0,UNKNOWN,11,0.0,0.0,0,,,,,,
lock_acquired,2026-09-11 08:50:38.376,84.0,0,UNKNOWN,11,0.0,0.0,0,,,,,,
lock_acquired,2026-09-11 08:50:38.376,77.0,0,UNKNOWN,11,0.0,0.0,0,,,,,,
lock_acquired,2026-09-11 08:50:38.376,83.0,0,UNKNOWN,11,0.0,0.0,0,,,,,,
lock_acquired,2026-09-11 08:50:38.376,83.0,0,UNKNOWN,11,0.0,0.0,0,,,,,,
lock_acquired,2026-09-11 08:50:38.376,81.0,0,UNKNOWN,11,0.0,0.0,0,,,,,,
lock_acquired,2026-09-11 08:50:38.376,83.0,0,UNKNOWN,11,0.0,0.0,0,,,,,,
lock_acquired,2026-09-11 08:50:38.376,81.0,0,UNKNOWN,11,0.0,0.0,0,,,,,,
lock_acquired,2026-09-11 08:50:38.376,82.0,0,UNKNOWN,11,0.0,0.0,0,,,,,,
lock_acquired,2026-09-11 08:50:38.376,82.0,0,UNKNOWN,11,0.0,0.0,0,,,,,,
lock_acquired,2026-09-11 08:50:38.376,77.0,0,UNKNOWN,11,0.0,0.0,0,,,,,,
lock_acquired,2026-09-11 08:50:38.376,82.0,0,UNKNOWN,11,0.0,0.0,0,,,,,,
lock_acquired,2026-09-11 08:50:38.376,77.0,0,UNKNOWN,11,0.0,0.0,0,,,,,,
lock_acquired,2026-09-11 08:50:38.376,78.0,0,UNKNOWN,11,0.0,0.0,0,,,,,,
lock_acquired,2026-09-11 08:50:38.376,78.0,0,UNKNOWN,11,0.0,0.0,0,,,,,,
lock_acquired,2026-09-11 08:50:38.376,81.0,0,UNKNOWN,11,0.0,0.0,0,,,,,,
lock_acquired,2026-09-11 08:50:38.376,80.0,0,UNKNOWN,11,0.0,0.0,0,,,,,,
lock_acquired,2026-09-11 08:50:38.376,84.0,0,UNKNOWN,11,0.0,0.0,0,,,,,,
lock_acquired,2026-09-11 08:50:38.376,78.0,0,UNKNOWN,11,0.0,0.0,0,,,,,,
lock_acquired,2026-09-11 08:50:38.376,80.0,0,UNKNOWN,11,0.0,0.0,0,,,,,,
lock_acquired,2026-09-11 08:50:38.376,84.0,0,UNKNOWN,11,0.0,0.0,0,,,,,,
lock_acquired,2026-09-11 08:50:53.468,76.0,0,UNKNOWN,11,0.0,0.0,0,,,,,,
lock_acquired,2026-09-11 08:50:53.468,76.0,0,UNKNOWN,11,0.0,0.0,0,,,,,,
lock_released,2026-09-11 08:50:53.468,77.0,0,UNKNOWN,11,0.0,0.0,0,,,,,,
lock_released,2026-09-11 08:50:53.468,81.0,0,UNKNOWN,11,0.0,0.0,0,,,,,,
lock_released,2026-09-11 08:50:53.468,80.0,0,UNKNOWN,11,0.0,0.0,0,,,,,,
lock_released,2026-09-11 08:50:53.468,78.0,0,UNKNOWN,11,0.0,0.0,0,,,,,,
lock_released,2026-09-11 08:50:53.468,81.0,0,UNKNOWN,11,0.0,0.0,0,,,,,,
lock_released,2026-09-11 08:50:53.468,84.0,0,UNKNOWN,11,0.0,0.0,0,,,,,,
lock_released,2026-09-11 08:50:53.468,84.0,0,UNKNOWN,11,0.0,0.0,0,,,,,,
lock_released,2026-09-11 08:50:53.468,82.0,0,UNKNOWN,11,0.0,0.0,0,,,,,,
lock_released,2026-09-11 08:50:53.468,77.0,0,UNKNOWN,11,0.0,0.0,0,,,,,,
lock_released,2026-09-11 08:50:53.468,78.0,0,UNKNOWN,11,0.0,0.0,0,,,,,,
lock_released,2026-09-11 08:50:53.468,80.0,0,UNKNOWN,11,0.0,0.0,0,,,,,,
lock_released,2026-09-11 08:50:53.468,83.0,0,UNKNOWN,11,0.0,0.0,0,,,,,,
lock_released,2026-09-11 08:50:53.468,82.0,0,UNKNOWN,11,0.0,0.0,0,,,,,,
lock_released,2026-09-11 08:50:53.468,77.0,0,UNKNOWN,11,0.0,0.0,0,,,,,,
lock_released,2026-09-11 08:50:53.468,83.0,0,UNKNOWN,11,0.0,0.0,0,,,,,,
lock_released,2026-09-11 08:50:58.482,76.0,0,UNKNOWN,11,0.0,0.0,0,,,,,,
lock_acquired,2026-09-11 08:51:03.510,76.0,0,UNKNOWN,11,0.0,0.0,0,,,,,,
lock_acquired,2026-09-11 08:51:03.510,76.0,0,UNKNOWN,11,0.0,0.0,0,,,,,,
lock_released,2026-09-11 08:51:03.510,76.0,0,UNKNOWN,11,0.0,0.0,0,,,,,,
xml_deadlock_report,2026-09-11 08:51:08.550,0.0,SteelNort,UNKNOWN,11,13.0,1205.0,Deadlock detected,,,,,,
login,2026-09-11 08:51:08.550,94.0,SteelNort,UNKNOWN,11,0.0,0.0,0,,,,,,
login,2026-09-11 08:51:08.550,93.0,SteelNort,UNKNOWN,11,0.0,0.0,0,,,,,,
login,2026-09-11 08:51:08.550,85.0,SteelNort,UNKNOWN,11,0.0,0.0,0,,,,,,
login,2026-09-11 08:51:08.550,86.0,SteelNort,UNKNOWN,11,0.0,0.0,0,,,,,,
lock_acquired,2026-09-11 08:51:08.550,77.0,0,UNKNOWN,11,0.0,0.0,0,,,,,,
lock_acquired,2026-09-11 08:51:08.550,80.0,0,UNKNOWN,11,0.0,0.0,0,,,,,,
lock_acquired,2026-09-11 08:51:08.550,94.0,0,UNKNOWN,11,0.0,0.0,0,,,,,,
lock_acquired,2026-09-11 08:51:08.550,82.0,0,UNKNOWN,11,0.0,0.0,0,,,,,,
lock_acquired,2026-09-11 08:51:08.550,86.0,0,UNKNOWN,11,0.0,0.0,0,,,,,,
lock_acquired,2026-09-11 08:51:08.550,86.0,0,UNKNOWN,11,0.0,0.0,0,,,,,,
lock_acquired,2026-09-11 08:51:08.550,93.0,0,UNKNOWN,11,0.0,0.0,0,,,,,,
lock_acquired,2026-09-11 08:51:08.550,77.0,0,UNKNOWN,11,0.0,0.0,0,,,,,,
lock_acquired,2026-09-11 08:51:08.550,85.0,0,UNKNOWN,11,0.0,0.0,0,,,,,,
lock_acquired,2026-09-11 08:51:08.550,78.0,0,UNKNOWN,11,0.0,0.0,0,,,,,,
lock_acquired,2026-09-11 08:51:08.550,86.0,0,UNKNOWN,11,0.0,0.0,0,,,,,,
lock_acquired,2026-09-11 08:51:08.550,85.0,0,UNKNOWN,11,0.0,0.0,0,,,,,,
lock_acquired,2026-09-11 08:51:08.550,85.0,0,UNKNOWN,11,0.0,0.0,0,,,,,,
lock_acquired,2026-09-11 08:51:08.550,80.0,0,UNKNOWN,11,0.0,0.0,0,,,,,,
lock_acquired,2026-09-11 08:51:08.550,82.0,0,UNKNOWN,11,0.0,0.0,0,,,,,,
lock_acquired,2026-09-11 08:51:08.550,94.0,0,UNKNOWN,11,0.0,0.0,0,,,,,,
lock_acquired,2026-09-11 08:51:08.550,86.0,0,UNKNOWN,11,0.0,0.0,0,,,,,,
lock_acquired,2026-09-11 08:51:08.550,93.0,0,UNKNOWN,11,0.0,0.0,0,,,,,,
lock_acquired,2026-09-11 08:51:08.550,94.0,0,UNKNOWN,11,0.0,0.0,0,,,,,,
lock_acquired,2026-09-11 08:51:08.550,94.0,0,UNKNOWN,11,0.0,0.0,0,,,,,,
lock_acquired,2026-09-11 08:51:08.550,77.0,0,UNKNOWN,11,0.0,0.0,0,,,,,,
lock_acquired,2026-09-11 08:51:08.550,78.0,0,UNKNOWN,11,0.0,0.0,0,,,,,,
lock_acquired,2026-09-11 08:51:08.550,93.0,0,UNKNOWN,11,0.0,0.0,0,,,,,,
lock_acquired,2026-09-11 08:51:08.550,82.0,0,UNKNOWN,11,0.0,0.0,0,,,,,,
lock_acquired,2026-09-11 08:51:08.550,85.0,0,UNKNOWN,11,0.0,0.0,0,,,,,,
lock_acquired,2026-09-11 08:51:08.550,93.0,0,UNKNOWN,11,0.0,0.0,0,,,,,,
lock_acquired,2026-09-11 08:51:08.550,82.0,0,UNKNOWN,11,0.0,0.0,0,,,,,,
lock_acquired,2026-09-11 08:51:08.550,77.0,0,UNKNOWN,11,0.0,0.0,0,,,,,,
lock_acquired,2026-09-11 08:51:08.550,80.0,0,UNKNOWN,11,0.0,0.0,0,,,,,,
lock_acquired,2026-09-11 08:51:08.550,78.0,0,UNKNOWN,11,0.0,0.0,0,,,,,,
lock_acquired,2026-09-11 08:51:08.550,85.0,0,UNKNOWN,11,0.0,0.0,0,,,,,,
lock_acquired,2026-09-11 08:51:08.550,93.0,0,UNKNOWN,11,0.0,0.0,0,,,,,,
lock_acquired,2026-09-11 08:51:08.550,94.0,0,UNKNOWN,11,0.0,0.0,0,,,,,,
lock_acquired,2026-09-11 08:51:08.550,86.0,0,UNKNOWN,11,0.0,0.0,0,,,,,,
lock_acquired,2026-09-11 08:51:08.550,80.0,0,UNKNOWN,11,0.0,0.0,0,,,,,,
lock_acquired,2026-09-11 08:51:08.550,78.0,0,UNKNOWN,11,0.0,0.0,0,,,,,,
lock_acquired,2026-09-11 08:51:08.550,80.0,0,UNKNOWN,11,0.0,0.0,0,,,,,,
lock_released,2026-09-11 08:51:08.550,76.0,0,UNKNOWN,11,0.0,0.0,0,,,,,,
lock_released,2026-09-11 08:51:08.550,76.0,0,UNKNOWN,11,0.0,0.0,0,,,,,,
xml_deadlock_report,2026-09-11 08:51:13.578,0.0,SteelNort,UNKNOWN,11,13.0,1205.0,Deadlock detected,,,,,,
lock_acquired,2026-09-11 08:51:13.578,77.0,0,UNKNOWN,11,0.0,0.0,0,,,,,,
lock_acquired,2026-09-11 08:51:13.578,78.0,0,UNKNOWN,11,0.0,0.0,0,,,,,,
lock_acquired,2026-09-11 08:51:13.578,80.0,0,UNKNOWN,11,0.0,0.0,0,,,,,,
lock_acquired,2026-09-11 08:51:13.578,85.0,0,UNKNOWN,11,0.0,0.0,0,,,,,,
lock_acquired,2026-09-11 08:51:13.578,82.0,0,UNKNOWN,11,0.0,0.0,0,,,,,,
lock_acquired,2026-09-11 08:51:13.578,94.0,0,UNKNOWN,11,0.0,0.0,0,,,,,,
lock_acquired,2026-09-11 08:51:13.578,78.0,0,UNKNOWN,11,0.0,0.0,0,,,,,,
lock_acquired,2026-09-11 08:51:13.578,94.0,0,UNKNOWN,11,0.0,0.0,0,,,,,,
lock_acquired,2026-09-11 08:51:13.578,85.0,0,UNKNOWN,11,0.0,0.0,0,,,,,,
lock_acquired,2026-09-11 08:51:13.578,93.0,0,UNKNOWN,11,0.0,0.0,0,,,,,,
lock_acquired,2026-09-11 08:51:13.578,82.0,0,UNKNOWN,11,0.0,0.0,0,,,,,,
lock_acquired,2026-09-11 08:51:13.578,86.0,0,UNKNOWN,11,0.0,0.0,0,,,,,,
lock_acquired,2026-09-11 08:51:13.578,86.0,0,UNKNOWN,11,0.0,0.0,0,,,,,,
lock_acquired,2026-09-11 08:51:13.578,93.0,0,UNKNOWN,11,0.0,0.0,0,,,,,,
lock_released,2026-09-11 08:51:13.578,80.0,0,UNKNOWN,11,0.0,0.0,0,,,,,,
lock_released,2026-09-11 08:51:13.578,77.0,0,UNKNOWN,11,0.0,0.0,0,,,,,,
lock_released,2026-09-11 08:51:13.578,78.0,0,UNKNOWN,11,0.0,0.0,0,,,,,,
lock_released,2026-09-11 08:51:13.578,82.0,0,UNKNOWN,11,0.0,0.0,0,,,,,,
lock_released,2026-09-11 08:51:13.578,94.0,0,UNKNOWN,11,0.0,0.0,0,,,,,,
lock_released,2026-09-11 08:51:13.578,86.0,0,UNKNOWN,11,0.0,0.0,0,,,,,,
lock_released,2026-09-11 08:51:13.578,80.0,0,UNKNOWN,11,0.0,0.0,0,,,,,,
lock_released,2026-09-11 08:51:13.578,85.0,0,UNKNOWN,11,0.0,0.0,0,,,,,,
lock_released,2026-09-11 08:51:13.578,93.0,0,UNKNOWN,11,0.0,0.0,0,,,,,,
xml_deadlock_report,2026-09-11 08:51:18.601,0.0,SteelNort,UNKNOWN,11,13.0,1205.0,Deadlock detected,,,,,,
xml_deadlock_report,2026-09-11 08:51:18.601,0.0,SteelNort,UNKNOWN,11,13.0,1205.0,Deadlock detected,,,,,,
xml_deadlock_report,2026-09-11 08:51:18.601,0.0,SteelNort,UNKNOWN,11,13.0,1205.0,Deadlock detected,,,,,,
xml_deadlock_report,2026-09-11 08:51:18.601,0.0,SteelNort,UNKNOWN,11,13.0,1205.0,Deadlock detected,,,,,,
xml_deadlock_report,2026-09-11 08:51:18.601,0.0,SteelNort,UNKNOWN,11,13.0,1205.0,Deadlock detected,,,,,,
xml_deadlock_report,2026-09-11 08:51:18.601,0.0,SteelNort,UNKNOWN,11,13.0,1205.0,Deadlock detected,,,,,,
xml_deadlock_report,2026-09-11 08:51:18.601,0.0,SteelNort,UNKNOWN,11,13.0,1205.0,Deadlock detected,,,,,,
login,2026-09-11 08:51:18.601,95.0,SteelNort,UNKNOWN,11,0.0,0.0,0,,,,,,
lock_acquired,2026-09-11 08:51:18.601,80.0,0,UNKNOWN,11,0.0,0.0,0,,,,,,
lock_acquired,2026-09-11 08:51:18.601,77.0,0,UNKNOWN,11,0.0,0.0,0,,,,,,
lock_acquired,2026-09-11 08:51:18.601,86.0,0,UNKNOWN,11,0.0,0.0,0,,,,,,
lock_acquired,2026-09-11 08:51:18.601,78.0,0,UNKNOWN,11,0.0,0.0,0,,,,,,
lock_acquired,2026-09-11 08:51:18.601,82.0,0,UNKNOWN,11,0.0,0.0,0,,,,,,
lock_acquired,2026-09-11 08:51:18.601,80.0,0,UNKNOWN,11,0.0,0.0,0,,,,,,
lock_acquired,2026-09-11 08:51:18.601,85.0,0,UNKNOWN,11,0.0,0.0,0,,,,,,
lock_acquired,2026-09-11 08:51:18.601,77.0,0,UNKNOWN,11,0.0,0.0,0,,,,,,
lock_released,2026-09-11 08:51:18.601,77.0,0,UNKNOWN,11,0.0,0.0,0,,,,,,
lock_released,2026-09-11 08:51:18.601,78.0,0,UNKNOWN,11,0.0,0.0,0,,,,,,
lock_released,2026-09-11 08:51:18.601,80.0,0,UNKNOWN,11,0.0,0.0,0,,,,,,
lock_released,2026-09-11 08:51:18.601,85.0,0,UNKNOWN,11,0.0,0.0,0,,,,,,
lock_released,2026-09-11 08:51:18.601,82.0,0,UNKNOWN,11,0.0,0.0,0,,,,,,
lock_released,2026-09-11 08:51:18.601,78.0,0,UNKNOWN,11,0.0,0.0,0,,,,,,
lock_released,2026-09-11 08:51:18.601,85.0,0,UNKNOWN,11,0.0,0.0,0,,,,,,
lock_released,2026-09-11 08:51:18.601,82.0,0,UNKNOWN,11,0.0,0.0,0,,,,,,
lock_released,2026-09-11 08:51:18.601,86.0,0,UNKNOWN,11,0.0,0.0,0,,,,,,
lock_released,2026-09-11 08:51:18.601,86.0,0,UNKNOWN,11,0.0,0.0,0,,,,,,
xml_deadlock_report,2026-09-11 08:51:23.624,0.0,SteelNort,UNKNOWN,11,13.0,1205.0,Deadlock detected,,,,,,
xml_deadlock_report,2026-09-11 08:51:23.624,0.0,SteelNort,UNKNOWN,11,13.0,1205.0,Deadlock detected,,,,,,
xml_deadlock_report,2026-09-11 08:51:23.624,0.0,SteelNort,UNKNOWN,11,13.0,1205.0,Deadlock detected,,,,,,
xml_deadlock_report,2026-09-11 08:51:23.624,0.0,SteelNort,UNKNOWN,11,13.0,1205.0,Deadlock detected,,,,,,
xml_deadlock_report,2026-09-11 08:51:23.624,0.0,SteelNort,UNKNOWN,11,13.0,1205.0,Deadlock detected,,,,,,
xml_deadlock_report,2026-09-11 08:51:23.624,0.0,SteelNort,UNKNOWN,11,13.0,1205.0,Deadlock detected,,,,,,
xml_deadlock_report,2026-09-11 08:51:23.624,0.0,SteelNort,UNKNOWN,11,13.0,1205.0,Deadlock detected,,,,,,
xml_deadlock_report,2026-09-11 08:51:23.624,0.0,SteelNort,UNKNOWN,11,13.0,1205.0,Deadlock detected,,,,,,
xml_deadlock_report,2026-09-11 08:51:23.624,0.0,SteelNort,UNKNOWN,11,13.0,1205.0,Deadlock detected,,,,,,
xml_deadlock_report,2026-09-11 08:51:23.624,0.0,SteelNort,UNKNOWN,11,13.0,1205.0,Deadlock detected,,,,,,
xml_deadlock_report,2026-09-11 08:51:23.624,0.0,SteelNort,UNKNOWN,11,13.0,1205.0,Deadlock detected,,,,,,
xml_deadlock_report,2026-09-11 08:51:23.624,0.0,SteelNort,UNKNOWN,11,13.0,1205.0,Deadlock detected,,,,,,
xml_deadlock_report,2026-09-11 08:51:23.624,0.0,SteelNort,UNKNOWN,11,13.0,1205.0,Deadlock detected,,,,,,
xml_deadlock_report,2026-09-11 08:51:23.624,0.0,SteelNort,UNKNOWN,11,13.0,1205.0,Deadlock detected,,,,,,
xml_deadlock_report,2026-09-11 08:51:23.624,0.0,SteelNort,UNKNOWN,11,13.0,1205.0,Deadlock detected,,,,,,
xml_deadlock_report,2026-09-11 08:51:23.624,0.0,SteelNort,UNKNOWN,11,13.0,1205.0,Deadlock detected,,,,,,
xml_deadlock_report,2026-09-11 08:51:23.624,0.0,SteelNort,UNKNOWN,11,13.0,1205.0,Deadlock detected,,,,,,
xml_deadlock_report,2026-09-11 08:51:23.624,0.0,SteelNort,UNKNOWN,11,13.0,1205.0,Deadlock detected,,,,,,
xml_deadlock_report,2026-09-11 08:51:23.624,0.0,SteelNort,UNKNOWN,11,13.0,1205.0,Deadlock detected,,,,,,
xml_deadlock_report,2026-09-11 08:51:23.624,0.0,SteelNort,UNKNOWN,11,13.0,1205.0,Deadlock detected,,,,,,
xml_deadlock_report,2026-09-11 08:51:23.624,0.0,SteelNort,UNKNOWN,11,13.0,1205.0,Deadlock detected,,,,,,
xml_deadlock_report,2026-09-11 08:51:23.624,0.0,SteelNort,UNKNOWN,11,13.0,1205.0,Deadlock detected,,,,,,
xml_deadlock_report,2026-09-11 08:51:23.624,0.0,SteelNort,UNKNOWN,11,13.0,1205.0,Deadlock detected,,,,,,
xml_deadlock_report,2026-09-11 08:51:23.624,0.0,SteelNort,UNKNOWN,11,13.0,1205.0,Deadlock detected,,,,,,
xml_deadlock_report,2026-09-11 08:51:23.624,0.0,SteelNort,UNKNOWN,11,13.0,1205.0,Deadlock detected,,,,,,
xml_deadlock_report,2026-09-11 08:51:23.624,0.0,SteelNort,UNKNOWN,11,13.0,1205.0,Deadlock detected,,,,,,
xml_deadlock_report,2026-09-11 08:51:23.624,0.0,SteelNort,UNKNOWN,11,13.0,1205.0,Deadlock detected,,,,,,
xml_deadlock_report,2026-09-11 08:51:23.624,0.0,SteelNort,UNKNOWN,11,13.0,1205.0,Deadlock detected,,,,,,
xml_deadlock_report,2026-09-11 08:51:23.624,0.0,SteelNort,UNKNOWN,11,13.0,1205.0,Deadlock detected,,,,,,
xml_deadlock_report,2026-09-11 08:51:23.624,0.0,SteelNort,UNKNOWN,11,13.0,1205.0,Deadlock detected,,,,,,
xml_deadlock_report,2026-09-11 08:51:23.624,0.0,SteelNort,UNKNOWN,11,13.0,1205.0,Deadlock detected,,,,,,
xml_deadlock_report,2026-09-11 08:51:23.624,0.0,SteelNort,UNKNOWN,11,13.0,1205.0,Deadlock detected,,,,,,
xml_deadlock_report,2026-09-11 08:51:23.624,0.0,SteelNort,UNKNOWN,11,13.0,1205.0,Deadlock detected,,,,,,
xml_deadlock_report,2026-09-11 08:51:23.624,0.0,SteelNort,UNKNOWN,11,13.0,1205.0,Deadlock detected,,,,,,
xml_deadlock_report,2026-09-11 08:51:23.624,0.0,SteelNort,UNKNOWN,11,13.0,1205.0,Deadlock detected,,,,,,
xml_deadlock_report,2026-09-11 08:51:23.624,0.0,SteelNort,UNKNOWN,11,13.0,1205.0,Deadlock detected,,,,,,
xml_deadlock_report,2026-09-11 08:51:23.624,0.0,SteelNort,UNKNOWN,11,13.0,1205.0,Deadlock detected,,,,,,
xml_deadlock_report,2026-09-11 08:51:23.624,0.0,SteelNort,UNKNOWN,11,13.0,1205.0,Deadlock detected,,,,,,
xml_deadlock_report,2026-09-11 08:51:23.624,0.0,SteelNort,UNKNOWN,11,13.0,1205.0,Deadlock detected,,,,,,
logout,2026-09-11 08:51:23.624,69.0,0,UNKNOWN,11,0.0,0.0,0,,,,,,
logout,2026-09-11 08:51:23.624,95.0,0,UNKNOWN,11,0.0,0.0,0,,,,,,
lock_acquired,2026-09-11 08:51:23.624,93.0,0,UNKNOWN,11,0.0,0.0,0,,,,,,
lock_acquired,2026-09-11 08:51:23.624,82.0,0,UNKNOWN,11,0.0,0.0,0,,,,,,
lock_released,2026-09-11 08:51:23.624,77.0,0,UNKNOWN,11,0.0,0.0,0,,,,,,
lock_released,2026-09-11 08:51:23.624,69.0,0,UNKNOWN,11,0.0,0.0,0,,,,,,
lock_released,2026-09-11 08:51:23.624,77.0,0,UNKNOWN,11,0.0,0.0,0,,,,,,
lock_released,2026-09-11 08:51:23.624,86.0,0,UNKNOWN,11,0.0,0.0,0,,,,,,
lock_released,2026-09-11 08:51:23.624,82.0,0,UNKNOWN,11,0.0,0.0,0,,,,,,
lock_released,2026-09-11 08:51:23.624,86.0,0,UNKNOWN,11,0.0,0.0,0,,,,,,
lock_released,2026-09-11 08:51:23.624,82.0,0,UNKNOWN,11,0.0,0.0,0,,,,,,
lock_released,2026-09-11 08:51:23.624,94.0,0,UNKNOWN,11,0.0,0.0,0,,,,,,
lock_released,2026-09-11 08:51:23.624,77.0,0,UNKNOWN,11,0.0,0.0,0,,,,,,
lock_released,2026-09-11 08:51:23.624,86.0,0,UNKNOWN,11,0.0,0.0,0,,,,,,
lock_released,2026-09-11 08:51:23.624,93.0,0,UNKNOWN,11,0.0,0.0,0,,,,,,
lock_released,2026-09-11 08:51:23.624,77.0,0,UNKNOWN,11,0.0,0.0,0,,,,,,
lock_released,2026-09-11 08:51:23.624,82.0,0,UNKNOWN,11,0.0,0.0,0,,,,,,
lock_released,2026-09-11 08:51:23.624,86.0,0,UNKNOWN,11,0.0,0.0,0,,,,,,
lock_released,2026-09-11 08:51:23.624,93.0,0,UNKNOWN,11,0.0,0.0,0,,,,,,
lock_released,2026-09-11 08:51:23.624,77.0,0,UNKNOWN,11,0.0,0.0,0,,,,,,
xml_deadlock_report,2026-09-11 08:51:28.652,0.0,SteelNort,UNKNOWN,11,13.0,1205.0,Deadlock detected,,,,,,
xml_deadlock_report,2026-09-11 08:51:28.652,0.0,SteelNort,UNKNOWN,11,13.0,1205.0,Deadlock detected,,,,,,
xml_deadlock_report,2026-09-11 08:51:28.652,0.0,SteelNort,UNKNOWN,11,13.0,1205.0,Deadlock detected,,,,,,
xml_deadlock_report,2026-09-11 08:51:28.652,0.0,SteelNort,UNKNOWN,11,13.0,1205.0,Deadlock detected,,,,,,
lock_acquired,2026-09-11 08:51:28.652,76.0,0,UNKNOWN,11,0.0,0.0,0,,,,,,
lock_acquired,2026-09-11 08:51:28.652,76.0,0,UNKNOWN,11,0.0,0.0,0,,,,,,
lock_released,2026-09-11 08:51:28.652,80.0,0,UNKNOWN,11,0.0,0.0,0,,,,,,
lock_released,2026-09-11 08:51:28.652,94.0,0,UNKNOWN,11,0.0,0.0,0,,,,,,
lock_released,2026-09-11 08:51:28.652,82.0,0,UNKNOWN,11,0.0,0.0,0,,,,,,
lock_released,2026-09-11 08:51:28.652,93.0,0,UNKNOWN,11,0.0,0.0,0,,,,,,
lock_released,2026-09-11 08:51:28.652,85.0,0,UNKNOWN,11,0.0,0.0,0,,,,,,
lock_released,2026-09-11 08:51:28.652,78.0,0,UNKNOWN,11,0.0,0.0,0,,,,,,
lock_released,2026-09-11 08:51:28.652,85.0,0,UNKNOWN,11,0.0,0.0,0,,,,,,
lock_released,2026-09-11 08:51:28.652,80.0,0,UNKNOWN,11,0.0,0.0,0,,,,,,
lock_released,2026-09-11 08:51:28.652,93.0,0,UNKNOWN,11,0.0,0.0,0,,,,,,
lock_released,2026-09-11 08:51:28.652,82.0,0,UNKNOWN,11,0.0,0.0,0,,,,,,
lock_released,2026-09-11 08:51:28.652,94.0,0,UNKNOWN,11,0.0,0.0,0,,,,,,
lock_released,2026-09-11 08:51:28.652,94.0,0,UNKNOWN,11,0.0,0.0,0,,,,,,
lock_released,2026-09-11 08:51:28.652,78.0,0,UNKNOWN,11,0.0,0.0,0,,,,,,
lock_released,2026-09-11 08:51:28.652,85.0,0,UNKNOWN,11,0.0,0.0,0,,,,,,
lock_released,2026-09-11 08:51:28.652,93.0,0,UNKNOWN,11,0.0,0.0,0,,,,,,
lock_released,2026-09-11 08:51:28.652,80.0,0,UNKNOWN,11,0.0,0.0,0,,,,,,
lock_released,2026-09-11 08:51:28.652,78.0,0,UNKNOWN,11,0.0,0.0,0,,,,,,
lock_released,2026-09-11 08:51:28.652,85.0,0,UNKNOWN,11,0.0,0.0,0,,,,,,
lock_released,2026-09-11 08:51:28.652,93.0,0,UNKNOWN,11,0.0,0.0,0,,,,,,
lock_released,2026-09-11 08:51:28.652,94.0,0,UNKNOWN,11,0.0,0.0,0,,,,,,
lock_released,2026-09-11 08:51:28.652,80.0,0,UNKNOWN,11,0.0,0.0,0,,,,,,
lock_released,2026-09-11 08:51:28.652,78.0,0,UNKNOWN,11,0.0,0.0,0,,,,,,
lock_released,2026-09-11 08:51:28.652,80.0,0,UNKNOWN,11,0.0,0.0,0,,,,,,
logout,2026-09-11 08:51:38.708,75.0,0,UNKNOWN,11,0.0,0.0,0,,,,,,
lock_released,2026-09-11 08:51:38.708,75.0,0,UNKNOWN,11,0.0,0.0,0,,,,,,
lock_released,2026-09-11 08:51:38.708,76.0,0,UNKNOWN,11,0.0,0.0,0,,,,,,
login,2026-09-11 08:51:43.730,75.0,SteelNort,UNKNOWN,11,0.0,0.0,0,,,,,,
login,2026-09-11 08:51:43.730,69.0,SteelNort,UNKNOWN,11,0.0,0.0,0,,,,,,
login,2026-09-11 08:51:43.730,95.0,SteelNort,UNKNOWN,11,0.0,0.0,0,,,,,,
lock_acquired,2026-09-11 08:51:43.730,69.0,0,UNKNOWN,11,0.0,0.0,0,,,,,,
lock_acquired,2026-09-11 08:51:43.730,86.0,0,UNKNOWN,11,0.0,0.0,0,,,,,,
lock_acquired,2026-09-11 08:51:43.730,82.0,0,UNKNOWN,11,0.0,0.0,0,,,,,,
lock_acquired,2026-09-11 08:51:43.730,69.0,0,UNKNOWN,11,0.0,0.0,0,,,,,,
lock_acquired,2026-09-11 08:51:43.730,78.0,0,UNKNOWN,11,0.0,0.0,0,,,,,,
lock_acquired,2026-09-11 08:51:43.730,85.0,0,UNKNOWN,11,0.0,0.0,0,,,,,,
lock_acquired,2026-09-11 08:51:43.730,85.0,0,UNKNOWN,11,0.0,0.0,0,,,,,,
lock_acquired,2026-09-11 08:51:43.730,82.0,0,UNKNOWN,11,0.0,0.0,0,,,,,,
lock_acquired,2026-09-11 08:51:43.730,94.0,0,UNKNOWN,11,0.0,0.0,0,,,,,,
lock_acquired,2026-09-11 08:51:43.730,94.0,0,UNKNOWN,11,0.0,0.0,0,,,,,,
lock_acquired,2026-09-11 08:51:43.730,86.0,0,UNKNOWN,11,0.0,0.0,0,,,,,,
lock_acquired,2026-09-11 08:51:43.730,69.0,0,UNKNOWN,11,0.0,0.0,0,,,,,,
lock_released,2026-09-11 08:51:43.730,76.0,0,UNKNOWN,11,0.0,0.0,0,,,,,,
logout,2026-09-11 08:51:48.769,74.0,0,UNKNOWN,11,0.0,0.0,0,,,,,,
logout,2026-09-11 08:51:48.769,79.0,0,UNKNOWN,11,0.0,0.0,0,,,,,,
logout,2026-09-11 08:51:48.769,88.0,0,UNKNOWN,11,0.0,0.0,0,,,,,,
logout,2026-09-11 08:51:48.769,89.0,0,UNKNOWN,11,0.0,0.0,0,,,,,,
logout,2026-09-11 08:51:48.769,90.0,0,UNKNOWN,11,0.0,0.0,0,,,,,,
logout,2026-09-11 08:51:48.769,91.0,0,UNKNOWN,11,0.0,0.0,0,,,,,,
logout,2026-09-11 08:51:48.769,95.0,0,UNKNOWN,11,0.0,0.0,0,,,,,,
lock_acquired,2026-09-11 08:51:48.769,78.0,0,UNKNOWN,11,0.0,0.0,0,,,,,,
login,2026-09-11 08:51:53.816,74.0,SteelNort,UNKNOWN,11,0.0,0.0,0,,,,,,
logout,2026-09-11 08:51:53.816,75.0,0,UNKNOWN,11,0.0,0.0,0,,,,,,
lock_released,2026-09-11 08:51:53.816,86.0,0,UNKNOWN,11,0.0,0.0,0,,,,,,
logout,2026-09-11 08:51:58.846,81.0,0,UNKNOWN,11,0.0,0.0,0,,,,,,
logout,2026-09-11 08:51:58.846,74.0,0,UNKNOWN,11,0.0,0.0,0,,,,,,
logout,2026-09-11 08:51:58.846,83.0,0,UNKNOWN,11,0.0,0.0,0,,,,,,
logout,2026-09-11 08:51:58.846,84.0,0,UNKNOWN,11,0.0,0.0,0,,,,,,
lock_acquired,2026-09-11 08:51:58.846,76.0,0,UNKNOWN,11,0.0,0.0,0,,,,,,
lock_released,2026-09-11 08:51:58.846,82.0,0,UNKNOWN,11,0.0,0.0,0,,,,,,
lock_released,2026-09-11 08:51:58.846,86.0,0,UNKNOWN,11,0.0,0.0,0,,,,,,
lock_released,2026-09-11 08:51:58.846,69.0,0,UNKNOWN,11,0.0,0.0,0,,,,,,
lock_released,2026-09-11 08:51:58.846,78.0,0,UNKNOWN,11,0.0,0.0,0,,,,,,
lock_released,2026-09-11 08:51:58.846,69.0,0,UNKNOWN,11,0.0,0.0,0,,,,,,
lock_released,2026-09-11 08:51:58.846,85.0,0,UNKNOWN,11,0.0,0.0,0,,,,,,
lock_released,2026-09-11 08:51:58.846,83.0,0,UNKNOWN,11,0.0,0.0,0,,,,,,
lock_released,2026-09-11 08:51:58.846,94.0,0,UNKNOWN,11,0.0,0.0,0,,,,,,
lock_released,2026-09-11 08:51:58.846,82.0,0,UNKNOWN,11,0.0,0.0,0,,,,,,
lock_released,2026-09-11 08:51:58.846,94.0,0,UNKNOWN,11,0.0,0.0,0,,,,,,
lock_released,2026-09-11 08:51:58.846,78.0,0,UNKNOWN,11,0.0,0.0,0,,,,,,
lock_released,2026-09-11 08:51:58.846,85.0,0,UNKNOWN,11,0.0,0.0,0,,,,,,
lock_released,2026-09-11 08:51:58.846,84.0,0,UNKNOWN,11,0.0,0.0,0,,,,,,
lock_released,2026-09-11 08:51:58.846,81.0,0,UNKNOWN,11,0.0,0.0,0,,,,,,
lock_acquired,2026-09-11 08:52:03.882,76.0,0,UNKNOWN,11,0.0,0.0,0,,,,,,
lock_released,2026-09-11 08:52:03.882,76.0,0,UNKNOWN,11,0.0,0.0,0,,,,,,
lock_acquired,2026-09-11 08:52:08.901,76.0,0,UNKNOWN,11,0.0,0.0,0,,,,,,
lock_acquired,2026-09-11 08:52:08.901,76.0,0,UNKNOWN,11,0.0,0.0,0,,,,,,
lock_released,2026-09-11 08:52:08.901,76.0,0,UNKNOWN,11,0.0,0.0,0,,,,,,
login,2026-09-11 08:52:13.922,74.0,SteelNort,UNKNOWN,11,0.0,0.0,0,,,,,,
login,2026-09-11 08:52:13.922,75.0,SteelNort,UNKNOWN,11,0.0,0.0,0,,,,,,
login,2026-09-11 08:52:13.922,79.0,SteelNort,UNKNOWN,11,0.0,0.0,0,,,,,,
lock_acquired,2026-09-11 08:52:13.922,75.0,0,UNKNOWN,11,0.0,0.0,0,,,,,,
lock_acquired,2026-09-11 08:52:13.922,75.0,0,UNKNOWN,11,0.0,0.0,0,,,,,,
lock_acquired,2026-09-11 08:52:13.922,94.0,0,UNKNOWN,11,0.0,0.0,0,,,,,,
lock_acquired,2026-09-11 08:52:13.922,82.0,0,UNKNOWN,11,0.0,0.0,0,,,,,,
lock_acquired,2026-09-11 08:52:13.922,74.0,0,UNKNOWN,11,0.0,0.0,0,,,,,,
lock_acquired,2026-09-11 08:52:13.922,75.0,0,UNKNOWN,11,0.0,0.0,0,,,,,,
lock_acquired,2026-09-11 08:52:13.922,78.0,0,UNKNOWN,11,0.0,0.0,0,,,,,,
lock_acquired,2026-09-11 08:52:13.922,85.0,0,UNKNOWN,11,0.0,0.0,0,,,,,,
lock_acquired,2026-09-11 08:52:13.922,79.0,0,UNKNOWN,11,0.0,0.0,0,,,,,,
lock_acquired,2026-09-11 08:52:13.922,79.0,0,UNKNOWN,11,0.0,0.0,0,,,,,,
lock_acquired,2026-09-11 08:52:13.922,74.0,0,UNKNOWN,11,0.0,0.0,0,,,,,,
lock_acquired,2026-09-11 08:52:13.922,75.0,0,UNKNOWN,11,0.0,0.0,0,,,,,,
lock_acquired,2026-09-11 08:52:13.922,69.0,0,UNKNOWN,11,0.0,0.0,0,,,,,,
lock_acquired,2026-09-11 08:52:13.922,94.0,0,UNKNOWN,11,0.0,0.0,0,,,,,,
lock_acquired,2026-09-11 08:52:13.922,82.0,0,UNKNOWN,11,0.0,0.0,0,,,,,,
lock_acquired,2026-09-11 08:52:13.922,79.0,0,UNKNOWN,11,0.0,0.0,0,,,,,,
lock_acquired,2026-09-11 08:52:13.922,85.0,0,UNKNOWN,11,0.0,0.0,0,,,,,,
lock_acquired,2026-09-11 08:52:13.922,69.0,0,UNKNOWN,11,0.0,0.0,0,,,,,,
lock_acquired,2026-09-11 08:52:13.922,82.0,0,UNKNOWN,11,0.0,0.0,0,,,,,,
lock_acquired,2026-09-11 08:52:13.922,78.0,0,UNKNOWN,11,0.0,0.0,0,,,,,,
lock_acquired,2026-09-11 08:52:13.922,85.0,0,UNKNOWN,11,0.0,0.0,0,,,,,,
lock_acquired,2026-09-11 08:52:13.922,79.0,0,UNKNOWN,11,0.0,0.0,0,,,,,,
lock_acquired,2026-09-11 08:52:13.922,94.0,0,UNKNOWN,11,0.0,0.0,0,,,,,,
lock_acquired,2026-09-11 08:52:13.922,78.0,0,UNKNOWN,11,0.0,0.0,0,,,,,,
lock_acquired,2026-09-11 08:52:13.922,74.0,0,UNKNOWN,11,0.0,0.0,0,,,,,,
lock_acquired,2026-09-11 08:52:13.922,74.0,0,UNKNOWN,11,0.0,0.0,0,,,,,,
lock_acquired,2026-09-11 08:52:13.922,69.0,0,UNKNOWN,11,0.0,0.0,0,,,,,,
lock_released,2026-09-11 08:52:13.922,76.0,0,UNKNOWN,11,0.0,0.0,0,,,,,,
lock_released,2026-09-11 08:52:13.922,76.0,0,UNKNOWN,11,0.0,0.0,0,,,,,,
logout,2026-09-11 08:52:34.866,80.0,0,UNKNOWN,11,0.0,0.0,0,,,,,,
logout,2026-09-11 08:52:34.866,93.0,0,UNKNOWN,11,0.0,0.0,0,,,,,,
logout,2026-09-11 08:52:34.866,77.0,0,UNKNOWN,11,0.0,0.0,0,,,,,,
lock_acquired,2026-09-11 08:52:34.866,76.0,0,UNKNOWN,11,0.0,0.0,0,,,,,,
lock_acquired,2026-09-11 08:52:34.866,76.0,0,UNKNOWN,11,0.0,0.0,0,,,,,,
lock_acquired,2026-09-11 08:52:34.866,76.0,0,UNKNOWN,11,0.0,0.0,0,,,,,,
lock_released,2026-09-11 08:52:34.866,75.0,0,UNKNOWN,11,0.0,0.0,0,,,,,,
lock_released,2026-09-11 08:52:34.866,94.0,0,UNKNOWN,11,0.0,0.0,0,,,,,,
lock_released,2026-09-11 08:52:34.866,82.0,0,UNKNOWN,11,0.0,0.0,0,,,,,,
lock_released,2026-09-11 08:52:34.866,74.0,0,UNKNOWN,11,0.0,0.0,0,,,,,,
lock_released,2026-09-11 08:52:34.866,75.0,0,UNKNOWN,11,0.0,0.0,0,,,,,,
lock_released,2026-09-11 08:52:34.866,78.0,0,UNKNOWN,11,0.0,0.0,0,,,,,,
lock_released,2026-09-11 08:52:34.866,85.0,0,UNKNOWN,11,0.0,0.0,0,,,,,,
lock_released,2026-09-11 08:52:34.866,79.0,0,UNKNOWN,11,0.0,0.0,0,,,,,,
lock_released,2026-09-11 08:52:34.866,74.0,0,UNKNOWN,11,0.0,0.0,0,,,,,,
lock_released,2026-09-11 08:52:34.866,75.0,0,UNKNOWN,11,0.0,0.0,0,,,,,,
lock_released,2026-09-11 08:52:34.866,69.0,0,UNKNOWN,11,0.0,0.0,0,,,,,,
lock_released,2026-09-11 08:52:34.866,94.0,0,UNKNOWN,11,0.0,0.0,0,,,,,,
lock_released,2026-09-11 08:52:34.866,93.0,0,UNKNOWN,11,0.0,0.0,0,,,,,,
lock_released,2026-09-11 08:52:34.866,82.0,0,UNKNOWN,11,0.0,0.0,0,,,,,,
lock_released,2026-09-11 08:52:34.866,79.0,0,UNKNOWN,11,0.0,0.0,0,,,,,,
lock_released,2026-09-11 08:52:34.866,85.0,0,UNKNOWN,11,0.0,0.0,0,,,,,,
lock_released,2026-09-11 08:52:34.866,69.0,0,UNKNOWN,11,0.0,0.0,0,,,,,,
lock_released,2026-09-11 08:52:34.866,77.0,0,UNKNOWN,11,0.0,0.0,0,,,,,,
lock_released,2026-09-11 08:52:34.866,82.0,0,UNKNOWN,11,0.0,0.0,0,,,,,,
lock_released,2026-09-11 08:52:34.866,78.0,0,UNKNOWN,11,0.0,0.0,0,,,,,,
lock_released,2026-09-11 08:52:34.866,85.0,0,UNKNOWN,11,0.0,0.0,0,,,,,,
lock_released,2026-09-11 08:52:34.866,79.0,0,UNKNOWN,11,0.0,0.0,0,,,,,,
lock_released,2026-09-11 08:52:34.866,94.0,0,UNKNOWN,11,0.0,0.0,0,,,,,,
lock_released,2026-09-11 08:52:34.866,80.0,0,UNKNOWN,11,0.0,0.0,0,,,,,,
lock_released,2026-09-11 08:52:34.866,78.0,0,UNKNOWN,11,0.0,0.0,0,,,,,,
lock_released,2026-09-11 08:52:34.866,74.0,0,UNKNOWN,11,0.0,0.0,0,,,,,,
lock_released,2026-09-11 08:52:34.866,69.0,0,UNKNOWN,11,0.0,0.0,0,,,,,,
lock_acquired,2026-09-11 08:52:39.893,76.0,0,UNKNOWN,11,0.0,0.0,0,,,,,,
lock_acquired,2026-09-11 08:52:39.893,76.0,0,UNKNOWN,11,0.0,0.0,0,,,,,,
lock_released,2026-09-11 08:52:39.893,76.0,0,UNKNOWN,11,0.0,0.0,0,,,,,,
lock_released,2026-09-11 08:52:39.893,76.0,0,UNKNOWN,11,0.0,0.0,0,,,,,,
lock_released,2026-09-11 08:52:39.893,76.0,0,UNKNOWN,11,0.0,0.0,0,,,,,,
lock_released,2026-09-11 08:52:44.924,76.0,0,UNKNOWN,11,0.0,0.0,0,,,,,,
login,2026-09-11 08:52:49.942,80.0,SteelNort,UNKNOWN,11,0.0,0.0,0,,,,,,
lock_acquired,2026-09-11 08:52:49.942,80.0,0,UNKNOWN,11,0.0,0.0,0,,,,,,
lock_released,2026-09-11 08:52:49.942,76.0,0,UNKNOWN,11,0.0,0.0,0,,,,,,
lock_acquired,2026-09-11 08:53:00.100,76.0,0,UNKNOWN,11,0.0,0.0,0,,,,,,
lock_acquired,2026-09-11 08:53:00.100,76.0,0,UNKNOWN,11,0.0,0.0,0,,,,,,
lock_acquired,2026-09-11 08:53:05.129,76.0,0,UNKNOWN,11,0.0,0.0,0,,,,,,
lock_released,2026-09-11 08:53:05.129,76.0,0,UNKNOWN,11,0.0,0.0,0,,,,,,
lock_released,2026-09-11 08:53:05.129,76.0,0,UNKNOWN,11,0.0,0.0,0,,,,,,
lock_acquired,2026-09-11 08:53:10.161,76.0,0,UNKNOWN,11,0.0,0.0,0,,,,,,
lock_released,2026-09-11 08:53:10.161,76.0,0,UNKNOWN,11,0.0,0.0,0,,,,,,
logout,2026-09-11 08:53:15.191,69.0,0,UNKNOWN,11,0.0,0.0,0,,,,,,
logout,2026-09-11 08:53:15.191,74.0,0,UNKNOWN,11,0.0,0.0,0,,,,,,
logout,2026-09-11 08:53:15.191,75.0,0,UNKNOWN,11,0.0,0.0,0,,,,,,
logout,2026-09-11 08:53:15.191,76.0,0,UNKNOWN,11,0.0,0.0,0,,,,,,
logout,2026-09-11 08:53:15.191,78.0,0,UNKNOWN,11,0.0,0.0,0,,,,,,
logout,2026-09-11 08:53:15.191,79.0,0,UNKNOWN,11,0.0,0.0,0,,,,,,
logout,2026-09-11 08:53:15.191,80.0,0,UNKNOWN,11,0.0,0.0,0,,,,,,
logout,2026-09-11 08:53:15.191,82.0,0,UNKNOWN,11,0.0,0.0,0,,,,,,
logout,2026-09-11 08:53:15.191,85.0,0,UNKNOWN,11,0.0,0.0,0,,,,,,
logout,2026-09-11 08:53:15.191,86.0,0,UNKNOWN,11,0.0,0.0,0,,,,,,
logout,2026-09-11 08:53:15.191,94.0,0,UNKNOWN,11,0.0,0.0,0,,,,,,
lock_released,2026-09-11 08:53:15.191,75.0,0,UNKNOWN,11,0.0,0.0,0,,,,,,
lock_released,2026-09-11 08:53:15.191,76.0,0,UNKNOWN,11,0.0,0.0,0,,,,,,
lock_released,2026-09-11 08:53:15.191,94.0,0,UNKNOWN,11,0.0,0.0,0,,,,,,
lock_released,2026-09-11 08:53:15.191,69.0,0,UNKNOWN,11,0.0,0.0,0,,,,,,
lock_released,2026-09-11 08:53:15.191,76.0,0,UNKNOWN,11,0.0,0.0,0,,,,,,
lock_released,2026-09-11 08:53:15.191,85.0,0,UNKNOWN,11,0.0,0.0,0,,,,,,
lock_released,2026-09-11 08:53:15.191,82.0,0,UNKNOWN,11,0.0,0.0,0,,,,,,
lock_released,2026-09-11 08:53:15.191,86.0,0,UNKNOWN,11,0.0,0.0,0,,,,,,
lock_released,2026-09-11 08:53:15.191,79.0,0,UNKNOWN,11,0.0,0.0,0,,,,,,
lock_released,2026-09-11 08:53:15.191,80.0,0,UNKNOWN,11,0.0,0.0,0,,,,,,
lock_released,2026-09-11 08:53:15.191,74.0,0,UNKNOWN,11,0.0,0.0,0,,,,,,
lock_released,2026-09-11 08:53:15.191,78.0,0,UNKNOWN,11,0.0,0.0,0,,,,,,
xml_deadlock_report,2026-09-11 03:52:26.792,0.0,SteelNort,UNKNOWN,6,13.0,1205.0,Deadlock detected,,,,,,
xml_deadlock_report,2026-09-11 03:52:26.792,0.0,SteelNort,UNKNOWN,6,13.0,1205.0,Deadlock detected,,,,,,
xml_deadlock_report,2026-09-11 03:52:26.792,0.0,SteelNort,UNKNOWN,6,13.0,1205.0,Deadlock detected,,,,,,
xml_deadlock_report,2026-09-11 03:52:26.792,0.0,SteelNort,UNKNOWN,6,13.0,1205.0,Deadlock detected,,,,,,
xml_deadlock_report,2026-09-11 03:52:26.792,0.0,SteelNort,UNKNOWN,6,13.0,1205.0,Deadlock detected,,,,,,
xml_deadlock_report,2026-09-11 03:52:26.792,0.0,SteelNort,UNKNOWN,6,13.0,1205.0,Deadlock detected,,,,,,
xml_deadlock_report,2026-09-11 03:52:26.792,0.0,SteelNort,UNKNOWN,6,13.0,1205.0,Deadlock detected,,,,,,
xml_deadlock_report,2026-09-11 03:52:26.792,0.0,SteelNort,UNKNOWN,6,13.0,1205.0,Deadlock detected,,,,,,
xml_deadlock_report,2026-09-11 03:52:26.792,0.0,SteelNort,UNKNOWN,6,13.0,1205.0,Deadlock detected,,,,,,
xml_deadlock_report,2026-09-11 03:52:26.792,0.0,SteelNort,UNKNOWN,6,13.0,1205.0,Deadlock detected,,,,,,
xml_deadlock_report,2026-09-11 03:52:26.792,0.0,SteelNort,UNKNOWN,6,13.0,1205.0,Deadlock detected,,,,,,
xml_deadlock_report,2026-09-11 03:52:26.792,0.0,SteelNort,UNKNOWN,6,13.0,1205.0,Deadlock detected,,,,,,
xml_deadlock_report,2026-09-11 03:52:26.792,0.0,SteelNort,UNKNOWN,6,13.0,1205.0,Deadlock detected,,,,,,
xml_deadlock_report,2026-09-11 03:52:26.792,0.0,SteelNort,UNKNOWN,6,13.0,1205.0,Deadlock detected,,,,,,
xml_deadlock_report,2026-09-11 03:52:26.792,0.0,SteelNort,UNKNOWN,6,13.0,1205.0,Deadlock detected,,,,,,
xml_deadlock_report,2026-09-11 03:52:26.792,0.0,SteelNort,UNKNOWN,6,13.0,1205.0,Deadlock detected,,,,,,
xml_deadlock_report,2026-09-11 03:52:26.792,0.0,SteelNort,UNKNOWN,6,13.0,1205.0,Deadlock detected,,,,,,
xml_deadlock_report,2026-09-11 03:52:26.792,0.0,SteelNort,UNKNOWN,6,13.0,1205.0,Deadlock detected,,,,,,
xml_deadlock_report,2026-09-11 03:52:26.792,0.0,SteelNort,UNKNOWN,6,13.0,1205.0,Deadlock detected,,,,,,
xml_deadlock_report,2026-09-11 03:52:26.792,0.0,SteelNort,UNKNOWN,6,13.0,1205.0,Deadlock detected,,,,,,
xml_deadlock_report,2026-09-11 03:52:26.792,0.0,SteelNort,UNKNOWN,6,13.0,1205.0,Deadlock detected,,,,,,
xml_deadlock_report,2026-09-11 03:52:26.792,0.0,SteelNort,UNKNOWN,6,13.0,1205.0,Deadlock detected,,,,,,
xml_deadlock_report,2026-09-11 03:52:26.792,0.0,SteelNort,UNKNOWN,6,13.0,1205.0,Deadlock detected,,,,,,
xml_deadlock_report,2026-09-11 03:52:26.792,0.0,SteelNort,UNKNOWN,6,13.0,1205.0,Deadlock detected,,,,,,
xml_deadlock_report,2026-09-11 03:52:26.792,0.0,SteelNort,UNKNOWN,6,13.0,1205.0,Deadlock detected,,,,,,
xml_deadlock_report,2026-09-11 03:52:26.792,0.0,SteelNort,UNKNOWN,6,13.0,1205.0,Deadlock detected,,,,,,
xml_deadlock_report,2026-09-11 03:52:26.792,0.0,SteelNort,UNKNOWN,6,13.0,1205.0,Deadlock detected,,,,,,
xml_deadlock_report,2026-09-11 03:52:26.792,0.0,SteelNort,UNKNOWN,6,13.0,1205.0,Deadlock detected,,,,,,
xml_deadlock_report,2026-09-11 03:52:26.792,0.0,SteelNort,UNKNOWN,6,13.0,1205.0,Deadlock detected,,,,,,
xml_deadlock_report,2026-09-11 03:52:26.792,0.0,SteelNort,UNKNOWN,6,13.0,1205.0,Deadlock detected,,,,,,
xml_deadlock_report,2026-09-11 03:52:26.792,0.0,SteelNort,UNKNOWN,6,13.0,1205.0,Deadlock detected,,,,,,
xml_deadlock_report,2026-09-11 03:52:26.792,0.0,SteelNort,UNKNOWN,6,13.0,1205.0,Deadlock detected,,,,,,
xml_deadlock_report,2026-09-11 03:52:26.792,0.0,SteelNort,UNKNOWN,6,13.0,1205.0,Deadlock detected,,,,,,
xml_deadlock_report,2026-09-11 03:52:26.792,0.0,SteelNort,UNKNOWN,6,13.0,1205.0,Deadlock detected,,,,,,
xml_deadlock_report,2026-09-11 03:52:26.792,0.0,SteelNort,UNKNOWN,6,13.0,1205.0,Deadlock detected,,,,,,
xml_deadlock_report,2026-09-11 03:52:26.792,0.0,SteelNort,UNKNOWN,6,13.0,1205.0,Deadlock detected,,,,,,
xml_deadlock_report,2026-09-11 03:52:26.792,0.0,SteelNort,UNKNOWN,6,13.0,1205.0,Deadlock detected,,,,,,
login,2026-09-11 03:52:31.823,80.0,SteelNort,UNKNOWN,6,0.0,0.0,0,,,,,,
login,2026-09-11 03:52:31.823,81.0,SteelNort,UNKNOWN,6,0.0,0.0,0,,,,,,
login,2026-09-11 03:52:31.823,82.0,SteelNort,UNKNOWN,6,0.0,0.0,0,,,,,,
login,2026-09-11 03:52:31.823,79.0,SteelNort,UNKNOWN,6,0.0,0.0,0,,,,,,
lock_acquired,2026-09-11 03:52:31.823,80.0,0,UNKNOWN,6,0.0,0.0,0,,,,,,
lock_acquired,2026-09-11 03:52:31.823,81.0,0,UNKNOWN,6,0.0,0.0,0,,,,,,
lock_acquired,2026-09-11 03:52:31.823,79.0,0,UNKNOWN,6,0.0,0.0,0,,,,,,
lock_acquired,2026-09-11 03:52:31.823,81.0,0,UNKNOWN,6,0.0,0.0,0,,,,,,
lock_acquired,2026-09-11 03:52:31.823,81.0,0,UNKNOWN,6,0.0,0.0,0,,,,,,
lock_released,2026-09-11 03:52:31.823,76.0,0,UNKNOWN,6,0.0,0.0,0,,,,,,
lock_released,2026-09-11 03:52:31.823,76.0,0,UNKNOWN,6,0.0,0.0,0,,,,,,
lock_released,2026-09-11 03:52:31.823,76.0,0,UNKNOWN,6,0.0,0.0,0,,,,,,
lock_released,2026-09-11 03:52:31.823,76.0,0,UNKNOWN,6,0.0,0.0,0,,,,,,
lock_acquired,2026-09-11 03:52:36.854,81.0,0,UNKNOWN,6,0.0,0.0,0,,,,,,
lock_acquired,2026-09-11 03:52:36.854,81.0,0,UNKNOWN,6,0.0,0.0,0,,,,,,
lock_released,2026-09-11 03:52:36.854,81.0,0,UNKNOWN,6,0.0,0.0,0,,,,,,
lock_released,2026-09-11 03:52:36.854,81.0,0,UNKNOWN,6,0.0,0.0,0,,,,,,
logout,2026-09-11 03:52:41.884,82.0,0,UNKNOWN,6,0.0,0.0,0,,,,,,
lock_acquired,2026-09-11 03:52:41.884,81.0,0,UNKNOWN,6,0.0,0.0,0,,,,,,
lock_acquired,2026-09-11 03:52:41.884,81.0,0,UNKNOWN,6,0.0,0.0,0,,,,,,
lock_released,2026-09-11 03:52:41.884,81.0,0,UNKNOWN,6,0.0,0.0,0,,,,,,
lock_released,2026-09-11 03:52:41.884,81.0,0,UNKNOWN,6,0.0,0.0,0,,,,,,
lock_released,2026-09-11 03:52:46.905,81.0,0,UNKNOWN,6,0.0,0.0,0,,,,,,
lock_released,2026-09-11 03:52:46.905,81.0,0,UNKNOWN,6,0.0,0.0,0,,,,,,
login,2026-09-11 03:52:51.938,82.0,SteelNort,UNKNOWN,6,0.0,0.0,0,,,,,,
login,2026-09-11 03:52:51.938,83.0,SteelNort,UNKNOWN,6,0.0,0.0,0,,,,,,
login,2026-09-11 03:52:51.938,84.0,SteelNort,UNKNOWN,6,0.0,0.0,0,,,,,,
login,2026-09-11 03:52:51.938,85.0,SteelNort,UNKNOWN,6,0.0,0.0,0,,,,,,
login,2026-09-11 03:52:51.938,86.0,SteelNort,UNKNOWN,6,0.0,0.0,0,,,,,,
login,2026-09-11 03:52:51.938,87.0,SteelNort,UNKNOWN,6,0.0,0.0,0,,,,,,
login,2026-09-11 03:52:51.938,88.0,SteelNort,UNKNOWN,6,0.0,0.0,0,,,,,,
lock_acquired,2026-09-11 03:52:51.938,84.0,0,UNKNOWN,6,0.0,0.0,0,,,,,,
lock_acquired,2026-09-11 03:52:51.938,83.0,0,UNKNOWN,6,0.0,0.0,0,,,,,,
lock_acquired,2026-09-11 03:52:51.938,85.0,0,UNKNOWN,6,0.0,0.0,0,,,,,,
lock_acquired,2026-09-11 03:52:51.938,85.0,0,UNKNOWN,6,0.0,0.0,0,,,,,,
lock_acquired,2026-09-11 03:52:51.938,86.0,0,UNKNOWN,6,0.0,0.0,0,,,,,,
lock_acquired,2026-09-11 03:52:51.938,82.0,0,UNKNOWN,6,0.0,0.0,0,,,,,,
lock_acquired,2026-09-11 03:52:51.938,87.0,0,UNKNOWN,6,0.0,0.0,0,,,,,,
lock_acquired,2026-09-11 03:52:51.938,82.0,0,UNKNOWN,6,0.0,0.0,0,,,,,,
lock_acquired,2026-09-11 03:52:51.938,88.0,0,UNKNOWN,6,0.0,0.0,0,,,,,,
lock_acquired,2026-09-11 03:52:51.938,83.0,0,UNKNOWN,6,0.0,0.0,0,,,,,,
lock_acquired,2026-09-11 03:52:51.938,82.0,0,UNKNOWN,6,0.0,0.0,0,,,,,,
lock_acquired,2026-09-11 03:52:51.938,88.0,0,UNKNOWN,6,0.0,0.0,0,,,,,,
lock_acquired,2026-09-11 03:52:51.938,85.0,0,UNKNOWN,6,0.0,0.0,0,,,,,,
lock_acquired,2026-09-11 03:52:51.938,84.0,0,UNKNOWN,6,0.0,0.0,0,,,,,,
lock_acquired,2026-09-11 03:52:51.938,82.0,0,UNKNOWN,6,0.0,0.0,0,,,,,,
lock_acquired,2026-09-11 03:52:51.938,84.0,0,UNKNOWN,6,0.0,0.0,0,,,,,,
lock_acquired,2026-09-11 03:52:51.938,86.0,0,UNKNOWN,6,0.0,0.0,0,,,,,,
lock_acquired,2026-09-11 03:52:51.938,87.0,0,UNKNOWN,6,0.0,0.0,0,,,,,,
lock_acquired,2026-09-11 03:52:51.938,86.0,0,UNKNOWN,6,0.0,0.0,0,,,,,,
lock_acquired,2026-09-11 03:52:51.938,88.0,0,UNKNOWN,6,0.0,0.0,0,,,,,,
lock_acquired,2026-09-11 03:52:51.938,87.0,0,UNKNOWN,6,0.0,0.0,0,,,,,,
lock_acquired,2026-09-11 03:52:51.938,83.0,0,UNKNOWN,6,0.0,0.0,0,,,,,,
lock_acquired,2026-09-11 03:53:07.034,81.0,0,UNKNOWN,6,0.0,0.0,0,,,,,,
lock_acquired,2026-09-11 03:53:07.034,81.0,0,UNKNOWN,6,0.0,0.0,0,,,,,,
lock_acquired,2026-09-11 03:53:07.034,81.0,0,UNKNOWN,6,0.0,0.0,0,,,,,,
lock_released,2026-09-11 03:53:07.034,82.0,0,UNKNOWN,6,0.0,0.0,0,,,,,,
lock_released,2026-09-11 03:53:07.034,82.0,0,UNKNOWN,6,0.0,0.0,0,,,,,,
lock_released,2026-09-11 03:53:07.034,88.0,0,UNKNOWN,6,0.0,0.0,0,,,,,,
lock_released,2026-09-11 03:53:07.034,86.0,0,UNKNOWN,6,0.0,0.0,0,,,,,,
lock_released,2026-09-11 03:53:07.034,82.0,0,UNKNOWN,6,0.0,0.0,0,,,,,,
lock_released,2026-09-11 03:53:07.034,87.0,0,UNKNOWN,6,0.0,0.0,0,,,,,,
lock_released,2026-09-11 03:53:07.034,86.0,0,UNKNOWN,6,0.0,0.0,0,,,,,,
lock_released,2026-09-11 03:53:07.034,83.0,0,UNKNOWN,6,0.0,0.0,0,,,,,,
lock_released,2026-09-11 03:53:07.034,85.0,0,UNKNOWN,6,0.0,0.0,0,,,,,,
lock_released,2026-09-11 03:53:07.034,84.0,0,UNKNOWN,6,0.0,0.0,0,,,,,,
lock_released,2026-09-11 03:53:07.034,85.0,0,UNKNOWN,6,0.0,0.0,0,,,,,,
lock_released,2026-09-11 03:53:07.034,88.0,0,UNKNOWN,6,0.0,0.0,0,,,,,,
lock_released,2026-09-11 03:53:07.034,83.0,0,UNKNOWN,6,0.0,0.0,0,,,,,,
lock_released,2026-09-11 03:53:07.034,87.0,0,UNKNOWN,6,0.0,0.0,0,,,,,,
lock_released,2026-09-11 03:53:07.034,84.0,0,UNKNOWN,6,0.0,0.0,0,,,,,,
lock_acquired,2026-09-11 03:53:12.065,81.0,0,UNKNOWN,6,0.0,0.0,0,,,,,,
lock_released,2026-09-11 03:53:12.065,81.0,0,UNKNOWN,6,0.0,0.0,0,,,,,,
lock_released,2026-09-11 03:53:12.065,81.0,0,UNKNOWN,6,0.0,0.0,0,,,,,,
lock_acquired,2026-09-11 03:53:17.097,81.0,0,UNKNOWN,6,0.0,0.0,0,,,,,,
lock_released,2026-09-11 03:53:17.097,81.0,0,UNKNOWN,6,0.0,0.0,0,,,,,,
lock_released,2026-09-11 03:53:17.097,81.0,0,UNKNOWN,6,0.0,0.0,0,,,,,,
login,2026-09-11 03:53:22.128,89.0,SteelNort,UNKNOWN,6,0.0,0.0,0,,,,,,
login,2026-09-11 03:53:22.128,90.0,SteelNort,UNKNOWN,6,0.0,0.0,0,,,,,,
login,2026-09-11 03:53:22.128,91.0,SteelNort,UNKNOWN,6,0.0,0.0,0,,,,,,
lock_acquired,2026-09-11 03:53:22.128,83.0,0,UNKNOWN,6,0.0,0.0,0,,,,,,
lock_acquired,2026-09-11 03:53:22.128,89.0,0,UNKNOWN,6,0.0,0.0,0,,,,,,
lock_acquired,2026-09-11 03:53:22.128,83.0,0,UNKNOWN,6,0.0,0.0,0,,,,,,
lock_acquired,2026-09-11 03:53:22.128,90.0,0,UNKNOWN,6,0.0,0.0,0,,,,,,
lock_acquired,2026-09-11 03:53:22.128,91.0,0,UNKNOWN,6,0.0,0.0,0,,,,,,
lock_acquired,2026-09-11 03:53:22.128,87.0,0,UNKNOWN,6,0.0,0.0,0,,,,,,
lock_acquired,2026-09-11 03:53:22.128,86.0,0,UNKNOWN,6,0.0,0.0,0,,,,,,
lock_acquired,2026-09-11 03:53:22.128,89.0,0,UNKNOWN,6,0.0,0.0,0,,,,,,
lock_acquired,2026-09-11 03:53:22.128,83.0,0,UNKNOWN,6,0.0,0.0,0,,,,,,
lock_acquired,2026-09-11 03:53:22.128,91.0,0,UNKNOWN,6,0.0,0.0,0,,,,,,
lock_acquired,2026-09-11 03:53:22.128,82.0,0,UNKNOWN,6,0.0,0.0,0,,,,,,
lock_acquired,2026-09-11 03:53:22.128,91.0,0,UNKNOWN,6,0.0,0.0,0,,,,,,
lock_acquired,2026-09-11 03:53:22.128,82.0,0,UNKNOWN,6,0.0,0.0,0,,,,,,
lock_acquired,2026-09-11 03:53:22.128,89.0,0,UNKNOWN,6,0.0,0.0,0,,,,,,
lock_acquired,2026-09-11 03:53:22.128,88.0,0,UNKNOWN,6,0.0,0.0,0,,,,,,
lock_acquired,2026-09-11 03:53:22.128,88.0,0,UNKNOWN,6,0.0,0.0,0,,,,,,
lock_acquired,2026-09-11 03:53:22.128,88.0,0,UNKNOWN,6,0.0,0.0,0,,,,,,
lock_acquired,2026-09-11 03:53:22.128,82.0,0,UNKNOWN,6,0.0,0.0,0,,,,,,
lock_acquired,2026-09-11 03:53:22.128,90.0,0,UNKNOWN,6,0.0,0.0,0,,,,,,
lock_acquired,2026-09-11 03:53:22.128,91.0,0,UNKNOWN,6,0.0,0.0,0,,,,,,
lock_acquired,2026-09-11 03:53:22.128,91.0,0,UNKNOWN,6,0.0,0.0,0,,,,,,
lock_acquired,2026-09-11 03:53:22.128,82.0,0,UNKNOWN,6,0.0,0.0,0,,,,,,
lock_acquired,2026-09-11 03:53:22.128,83.0,0,UNKNOWN,6,0.0,0.0,0,,,,,,
lock_acquired,2026-09-11 03:53:22.128,90.0,0,UNKNOWN,6,0.0,0.0,0,,,,,,
lock_acquired,2026-09-11 03:53:22.128,90.0,0,UNKNOWN,6,0.0,0.0,0,,,,,,
lock_acquired,2026-09-11 03:53:22.128,88.0,0,UNKNOWN,6,0.0,0.0,0,,,,,,
lock_acquired,2026-09-11 03:53:22.128,82.0,0,UNKNOWN,6,0.0,0.0,0,,,,,,
lock_acquired,2026-09-11 03:53:22.128,86.0,0,UNKNOWN,6,0.0,0.0,0,,,,,,
lock_acquired,2026-09-11 03:53:22.128,87.0,0,UNKNOWN,6,0.0,0.0,0,,,,,,
lock_acquired,2026-09-11 03:53:22.128,86.0,0,UNKNOWN,6,0.0,0.0,0,,,,,,
lock_acquired,2026-09-11 03:53:22.128,86.0,0,UNKNOWN,6,0.0,0.0,0,,,,,,
lock_acquired,2026-09-11 03:53:22.128,88.0,0,UNKNOWN,6,0.0,0.0,0,,,,,,
lock_acquired,2026-09-11 03:53:22.128,89.0,0,UNKNOWN,6,0.0,0.0,0,,,,,,
lock_acquired,2026-09-11 03:53:22.128,87.0,0,UNKNOWN,6,0.0,0.0,0,,,,,,
lock_acquired,2026-09-11 03:53:22.128,90.0,0,UNKNOWN,6,0.0,0.0,0,,,,,,
lock_acquired,2026-09-11 03:53:22.128,87.0,0,UNKNOWN,6,0.0,0.0,0,,,,,,
lock_acquired,2026-09-11 03:53:22.128,89.0,0,UNKNOWN,6,0.0,0.0,0,,,,,,
lock_acquired,2026-09-11 03:53:22.128,86.0,0,UNKNOWN,6,0.0,0.0,0,,,,,,
lock_released,2026-09-11 03:53:22.128,81.0,0,UNKNOWN,6,0.0,0.0,0,,,,,,
xml_deadlock_report,2026-09-11 03:53:27.151,0.0,SteelNort,UNKNOWN,6,13.0,1205.0,Deadlock detected,,,,,,
lock_acquired,2026-09-11 03:53:27.151,86.0,0,UNKNOWN,6,0.0,0.0,0,,,,,,
lock_acquired,2026-09-11 03:53:27.151,83.0,0,UNKNOWN,6,0.0,0.0,0,,,,,,
lock_released,2026-09-11 03:53:27.151,83.0,0,UNKNOWN,6,0.0,0.0,0,,,,,,
lock_released,2026-09-11 03:53:27.151,86.0,0,UNKNOWN,6,0.0,0.0,0,,,,,,
lock_released,2026-09-11 03:53:27.151,86.0,0,UNKNOWN,6,0.0,0.0,0,,,,,,
xml_deadlock_report,2026-09-11 03:53:32.185,0.0,SteelNort,UNKNOWN,6,13.0,1205.0,Deadlock detected,,,,,,
xml_deadlock_report,2026-09-11 03:53:32.185,0.0,SteelNort,UNKNOWN,6,13.0,1205.0,Deadlock detected,,,,,,
lock_acquired,2026-09-11 03:53:32.185,90.0,0,UNKNOWN,6,0.0,0.0,0,,,,,,
lock_acquired,2026-09-11 03:53:32.185,83.0,0,UNKNOWN,6,0.0,0.0,0,,,,,,
lock_acquired,2026-09-11 03:53:32.185,87.0,0,UNKNOWN,6,0.0,0.0,0,,,,,,
lock_acquired,2026-09-11 03:53:32.185,87.0,0,UNKNOWN,6,0.0,0.0,0,,,,,,
lock_acquired,2026-09-11 03:53:32.185,82.0,0,UNKNOWN,6,0.0,0.0,0,,,,,,
lock_acquired,2026-09-11 03:53:32.185,90.0,0,UNKNOWN,6,0.0,0.0,0,,,,,,
lock_acquired,2026-09-11 03:53:32.185,88.0,0,UNKNOWN,6,0.0,0.0,0,,,,,,
lock_acquired,2026-09-11 03:53:32.185,91.0,0,UNKNOWN,6,0.0,0.0,0,,,,,,
lock_acquired,2026-09-11 03:53:32.185,91.0,0,UNKNOWN,6,0.0,0.0,0,,,,,,
lock_acquired,2026-09-11 03:53:32.185,83.0,0,UNKNOWN,6,0.0,0.0,0,,,,,,
lock_acquired,2026-09-11 03:53:32.185,89.0,0,UNKNOWN,6,0.0,0.0,0,,,,,,
lock_acquired,2026-09-11 03:53:32.185,86.0,0,UNKNOWN,6,0.0,0.0,0,,,,,,
lock_acquired,2026-09-11 03:53:32.185,89.0,0,UNKNOWN,6,0.0,0.0,0,,,,,,
lock_acquired,2026-09-11 03:53:32.185,86.0,0,UNKNOWN,6,0.0,0.0,0,,,,,,
lock_released,2026-09-11 03:53:32.185,91.0,0,UNKNOWN,6,0.0,0.0,0,,,,,,
lock_released,2026-09-11 03:53:32.185,88.0,0,UNKNOWN,6,0.0,0.0,0,,,,,,
lock_released,2026-09-11 03:53:32.185,82.0,0,UNKNOWN,6,0.0,0.0,0,,,,,,
lock_released,2026-09-11 03:53:32.185,82.0,0,UNKNOWN,6,0.0,0.0,0,,,,,,
lock_released,2026-09-11 03:53:32.185,83.0,0,UNKNOWN,6,0.0,0.0,0,,,,,,
lock_released,2026-09-11 03:53:32.185,88.0,0,UNKNOWN,6,0.0,0.0,0,,,,,,
lock_released,2026-09-11 03:53:32.185,90.0,0,UNKNOWN,6,0.0,0.0,0,,,,,,
lock_released,2026-09-11 03:53:32.185,86.0,0,UNKNOWN,6,0.0,0.0,0,,,,,,
lock_released,2026-09-11 03:53:32.185,87.0,0,UNKNOWN,6,0.0,0.0,0,,,,,,
lock_released,2026-09-11 03:53:32.185,89.0,0,UNKNOWN,6,0.0,0.0,0,,,,,,
xml_deadlock_report,2026-09-11 03:53:37.214,0.0,SteelNort,UNKNOWN,6,13.0,1205.0,Deadlock detected,,,,,,
xml_deadlock_report,2026-09-11 03:53:37.214,0.0,SteelNort,UNKNOWN,6,13.0,1205.0,Deadlock detected,,,,,,
xml_deadlock_report,2026-09-11 03:53:37.214,0.0,SteelNort,UNKNOWN,6,13.0,1205.0,Deadlock detected,,,,,,
xml_deadlock_report,2026-09-11 03:53:37.214,0.0,SteelNort,UNKNOWN,6,13.0,1205.0,Deadlock detected,,,,,,
xml_deadlock_report,2026-09-11 03:53:37.214,0.0,SteelNort,UNKNOWN,6,13.0,1205.0,Deadlock detected,,,,,,
xml_deadlock_report,2026-09-11 03:53:37.214,0.0,SteelNort,UNKNOWN,6,13.0,1205.0,Deadlock detected,,,,,,
xml_deadlock_report,2026-09-11 03:53:37.214,0.0,SteelNort,UNKNOWN,6,13.0,1205.0,Deadlock detected,,,,,,
xml_deadlock_report,2026-09-11 03:53:37.214,0.0,SteelNort,UNKNOWN,6,13.0,1205.0,Deadlock detected,,,,,,
xml_deadlock_report,2026-09-11 03:53:37.214,0.0,SteelNort,UNKNOWN,6,13.0,1205.0,Deadlock detected,,,,,,
xml_deadlock_report,2026-09-11 03:53:37.214,0.0,SteelNort,UNKNOWN,6,13.0,1205.0,Deadlock detected,,,,,,
xml_deadlock_report,2026-09-11 03:53:37.214,0.0,SteelNort,UNKNOWN,6,13.0,1205.0,Deadlock detected,,,,,,
xml_deadlock_report,2026-09-11 03:53:37.214,0.0,SteelNort,UNKNOWN,6,13.0,1205.0,Deadlock detected,,,,,,
xml_deadlock_report,2026-09-11 03:53:37.214,0.0,SteelNort,UNKNOWN,6,13.0,1205.0,Deadlock detected,,,,,,
xml_deadlock_report,2026-09-11 03:53:37.214,0.0,SteelNort,UNKNOWN,6,13.0,1205.0,Deadlock detected,,,,,,
xml_deadlock_report,2026-09-11 03:53:37.214,0.0,SteelNort,UNKNOWN,6,13.0,1205.0,Deadlock detected,,,,,,
xml_deadlock_report,2026-09-11 03:53:37.214,0.0,SteelNort,UNKNOWN,6,13.0,1205.0,Deadlock detected,,,,,,
xml_deadlock_report,2026-09-11 03:53:37.214,0.0,SteelNort,UNKNOWN,6,13.0,1205.0,Deadlock detected,,,,,,
xml_deadlock_report,2026-09-11 03:53:37.214,0.0,SteelNort,UNKNOWN,6,13.0,1205.0,Deadlock detected,,,,,,
xml_deadlock_report,2026-09-11 03:53:37.214,0.0,SteelNort,UNKNOWN,6,13.0,1205.0,Deadlock detected,,,,,,
xml_deadlock_report,2026-09-11 03:53:37.214,0.0,SteelNort,UNKNOWN,6,13.0,1205.0,Deadlock detected,,,,,,
xml_deadlock_report,2026-09-11 03:53:37.214,0.0,SteelNort,UNKNOWN,6,13.0,1205.0,Deadlock detected,,,,,,
xml_deadlock_report,2026-09-11 03:53:37.214,0.0,SteelNort,UNKNOWN,6,13.0,1205.0,Deadlock detected,,,,,,
xml_deadlock_report,2026-09-11 03:53:37.214,0.0,SteelNort,UNKNOWN,6,13.0,1205.0,Deadlock detected,,,,,,
xml_deadlock_report,2026-09-11 03:53:37.214,0.0,SteelNort,UNKNOWN,6,13.0,1205.0,Deadlock detected,,,,,,
xml_deadlock_report,2026-09-11 03:53:37.214,0.0,SteelNort,UNKNOWN,6,13.0,1205.0,Deadlock detected,,,,,,
xml_deadlock_report,2026-09-11 03:53:37.214,0.0,SteelNort,UNKNOWN,6,13.0,1205.0,Deadlock detected,,,,,,
xml_deadlock_report,2026-09-11 03:53:37.214,0.0,SteelNort,UNKNOWN,6,13.0,1205.0,Deadlock detected,,,,,,
xml_deadlock_report,2026-09-11 03:53:37.214,0.0,SteelNort,UNKNOWN,6,13.0,1205.0,Deadlock detected,,,,,,
xml_deadlock_report,2026-09-11 03:53:37.214,0.0,SteelNort,UNKNOWN,6,13.0,1205.0,Deadlock detected,,,,,,
xml_deadlock_report,2026-09-11 03:53:37.214,0.0,SteelNort,UNKNOWN,6,13.0,1205.0,Deadlock detected,,,,,,
xml_deadlock_report,2026-09-11 03:53:37.214,0.0,SteelNort,UNKNOWN,6,13.0,1205.0,Deadlock detected,,,,,,
logout,2026-09-11 03:53:37.214,75.0,0,UNKNOWN,6,0.0,0.0,0,,,,,,
lock_acquired,2026-09-11 03:53:37.214,82.0,0,UNKNOWN,6,0.0,0.0,0,,,,,,
lock_acquired,2026-09-11 03:53:37.214,82.0,0,UNKNOWN,6,0.0,0.0,0,,,,,,
lock_acquired,2026-09-11 03:53:37.214,90.0,0,UNKNOWN,6,0.0,0.0,0,,,,,,
lock_released,2026-09-11 03:53:37.214,90.0,0,UNKNOWN,6,0.0,0.0,0,,,,,,
lock_released,2026-09-11 03:53:37.214,87.0,0,UNKNOWN,6,0.0,0.0,0,,,,,,
lock_released,2026-09-11 03:53:37.214,83.0,0,UNKNOWN,6,0.0,0.0,0,,,,,,
lock_released,2026-09-11 03:53:37.214,83.0,0,UNKNOWN,6,0.0,0.0,0,,,,,,
lock_released,2026-09-11 03:53:37.214,75.0,0,UNKNOWN,6,0.0,0.0,0,,,,,,
lock_released,2026-09-11 03:53:37.214,86.0,0,UNKNOWN,6,0.0,0.0,0,,,,,,
lock_released,2026-09-11 03:53:37.214,83.0,0,UNKNOWN,6,0.0,0.0,0,,,,,,
lock_released,2026-09-11 03:53:37.214,87.0,0,UNKNOWN,6,0.0,0.0,0,,,,,,
lock_released,2026-09-11 03:53:37.214,82.0,0,UNKNOWN,6,0.0,0.0,0,,,,,,
lock_released,2026-09-11 03:53:37.214,88.0,0,UNKNOWN,6,0.0,0.0,0,,,,,,
lock_released,2026-09-11 03:53:37.214,83.0,0,UNKNOWN,6,0.0,0.0,0,,,,,,
lock_released,2026-09-11 03:53:37.214,88.0,0,UNKNOWN,6,0.0,0.0,0,,,,,,
lock_released,2026-09-11 03:53:37.214,88.0,0,UNKNOWN,6,0.0,0.0,0,,,,,,
lock_released,2026-09-11 03:53:37.214,86.0,0,UNKNOWN,6,0.0,0.0,0,,,,,,
lock_released,2026-09-11 03:53:37.214,87.0,0,UNKNOWN,6,0.0,0.0,0,,,,,,
lock_released,2026-09-11 03:53:37.214,86.0,0,UNKNOWN,6,0.0,0.0,0,,,,,,
lock_released,2026-09-11 03:53:37.214,86.0,0,UNKNOWN,6,0.0,0.0,0,,,,,,
lock_released,2026-09-11 03:53:37.214,90.0,0,UNKNOWN,6,0.0,0.0,0,,,,,,
lock_released,2026-09-11 03:53:37.214,88.0,0,UNKNOWN,6,0.0,0.0,0,,,,,,
lock_released,2026-09-11 03:53:37.214,87.0,0,UNKNOWN,6,0.0,0.0,0,,,,,,
lock_released,2026-09-11 03:53:37.214,87.0,0,UNKNOWN,6,0.0,0.0,0,,,,,,
lock_released,2026-09-11 03:53:37.214,83.0,0,UNKNOWN,6,0.0,0.0,0,,,,,,
lock_released,2026-09-11 03:53:37.214,86.0,0,UNKNOWN,6,0.0,0.0,0,,,,,,
xml_deadlock_report,2026-09-11 03:53:42.274,0.0,SteelNort,UNKNOWN,6,13.0,1205.0,Deadlock detected,,,,,,
xml_deadlock_report,2026-09-11 03:53:42.274,0.0,SteelNort,UNKNOWN,6,13.0,1205.0,Deadlock detected,,,,,,
xml_deadlock_report,2026-09-11 03:53:42.274,0.0,SteelNort,UNKNOWN,6,13.0,1205.0,Deadlock detected,,,,,,
login,2026-09-11 03:53:42.274,75.0,SteelNort,UNKNOWN,6,0.0,0.0,0,,,,,,
lock_acquired,2026-09-11 03:53:42.274,81.0,0,UNKNOWN,6,0.0,0.0,0,,,,,,
lock_released,2026-09-11 03:53:42.274,89.0,0,UNKNOWN,6,0.0,0.0,0,,,,,,
lock_released,2026-09-11 03:53:42.274,91.0,0,UNKNOWN,6,0.0,0.0,0,,,,,,
lock_released,2026-09-11 03:53:42.274,89.0,0,UNKNOWN,6,0.0,0.0,0,,,,,,
lock_released,2026-09-11 03:53:42.274,89.0,0,UNKNOWN,6,0.0,0.0,0,,,,,,
lock_released,2026-09-11 03:53:42.274,91.0,0,UNKNOWN,6,0.0,0.0,0,,,,,,
lock_released,2026-09-11 03:53:42.274,82.0,0,UNKNOWN,6,0.0,0.0,0,,,,,,
lock_released,2026-09-11 03:53:42.274,91.0,0,UNKNOWN,6,0.0,0.0,0,,,,,,
lock_released,2026-09-11 03:53:42.274,82.0,0,UNKNOWN,6,0.0,0.0,0,,,,,,
lock_released,2026-09-11 03:53:42.274,91.0,0,UNKNOWN,6,0.0,0.0,0,,,,,,
lock_released,2026-09-11 03:53:42.274,90.0,0,UNKNOWN,6,0.0,0.0,0,,,,,,
lock_released,2026-09-11 03:53:42.274,82.0,0,UNKNOWN,6,0.0,0.0,0,,,,,,
lock_released,2026-09-11 03:53:42.274,90.0,0,UNKNOWN,6,0.0,0.0,0,,,,,,
lock_released,2026-09-11 03:53:42.274,82.0,0,UNKNOWN,6,0.0,0.0,0,,,,,,
lock_released,2026-09-11 03:53:42.274,91.0,0,UNKNOWN,6,0.0,0.0,0,,,,,,
lock_released,2026-09-11 03:53:42.274,90.0,0,UNKNOWN,6,0.0,0.0,0,,,,,,
lock_released,2026-09-11 03:53:42.274,90.0,0,UNKNOWN,6,0.0,0.0,0,,,,,,
lock_released,2026-09-11 03:53:42.274,82.0,0,UNKNOWN,6,0.0,0.0,0,,,,,,
lock_released,2026-09-11 03:53:42.274,89.0,0,UNKNOWN,6,0.0,0.0,0,,,,,,
lock_released,2026-09-11 03:53:42.274,89.0,0,UNKNOWN,6,0.0,0.0,0,,,,,,
logout,2026-09-11 03:53:47.293,75.0,0,UNKNOWN,6,0.0,0.0,0,,,,,,
lock_acquired,2026-09-11 03:53:47.293,81.0,0,UNKNOWN,6,0.0,0.0,0,,,,,,
lock_acquired,2026-09-11 03:53:47.293,81.0,0,UNKNOWN,6,0.0,0.0,0,,,,,,
lock_released,2026-09-11 03:53:47.293,81.0,0,UNKNOWN,6,0.0,0.0,0,,,,,,
logout,2026-09-11 03:53:52.329,80.0,0,UNKNOWN,6,0.0,0.0,0,,,,,,
lock_acquired,2026-09-11 03:53:52.329,81.0,0,UNKNOWN,6,0.0,0.0,0,,,,,,
lock_released,2026-09-11 03:53:52.329,80.0,0,UNKNOWN,6,0.0,0.0,0,,,,,,
lock_released,2026-09-11 03:53:52.329,81.0,0,UNKNOWN,6,0.0,0.0,0,,,,,,
lock_released,2026-09-11 03:53:52.329,81.0,0,UNKNOWN,6,0.0,0.0,0,,,,,,
login,2026-09-11 03:53:57.362,75.0,SteelNort,UNKNOWN,6,0.0,0.0,0,,,,,,
lock_acquired,2026-09-11 03:53:57.362,90.0,0,UNKNOWN,6,0.0,0.0,0,,,,,,
lock_acquired,2026-09-11 03:53:57.362,89.0,0,UNKNOWN,6,0.0,0.0,0,,,,,,
lock_acquired,2026-09-11 03:53:57.362,89.0,0,UNKNOWN,6,0.0,0.0,0,,,,,,
lock_acquired,2026-09-11 03:53:57.362,82.0,0,UNKNOWN,6,0.0,0.0,0,,,,,,
lock_acquired,2026-09-11 03:53:57.362,82.0,0,UNKNOWN,6,0.0,0.0,0,,,,,,
lock_acquired,2026-09-11 03:53:57.362,75.0,0,UNKNOWN,6,0.0,0.0,0,,,,,,
lock_acquired,2026-09-11 03:53:57.362,75.0,0,UNKNOWN,6,0.0,0.0,0,,,,,,
lock_acquired,2026-09-11 03:53:57.362,91.0,0,UNKNOWN,6,0.0,0.0,0,,,,,,
lock_acquired,2026-09-11 03:53:57.362,90.0,0,UNKNOWN,6,0.0,0.0,0,,,,,,
lock_acquired,2026-09-11 03:53:57.362,88.0,0,UNKNOWN,6,0.0,0.0,0,,,,,,
lock_acquired,2026-09-11 03:53:57.362,75.0,0,UNKNOWN,6,0.0,0.0,0,,,,,,
lock_acquired,2026-09-11 03:53:57.362,91.0,0,UNKNOWN,6,0.0,0.0,0,,,,,,
lock_acquired,2026-09-11 03:53:57.362,88.0,0,UNKNOWN,6,0.0,0.0,0,,,,,,
lock_released,2026-09-11 03:53:57.362,81.0,0,UNKNOWN,6,0.0,0.0,0,,,,,,
login,2026-09-11 03:54:02.426,80.0,SteelNort,UNKNOWN,6,0.0,0.0,0,,,,,,
logout,2026-09-11 03:54:02.426,54.0,0,UNKNOWN,6,0.0,0.0,0,,,,,,
lock_acquired,2026-09-11 03:54:02.426,80.0,0,UNKNOWN,6,0.0,0.0,0,,,,,,
lock_released,2026-09-11 03:54:02.426,54.0,0,UNKNOWN,6,0.0,0.0,0,,,,,,
logout,2026-09-11 03:54:07.458,55.0,0,UNKNOWN,6,0.0,0.0,0,,,,,,
logout,2026-09-11 03:54:12.481,84.0,0,UNKNOWN,6,0.0,0.0,0,,,,,,
logout,2026-09-11 03:54:12.481,85.0,0,UNKNOWN,6,0.0,0.0,0,,,,,,
lock_acquired,2026-09-11 03:54:12.481,81.0,0,UNKNOWN,6,0.0,0.0,0,,,,,,
lock_acquired,2026-09-11 03:54:12.481,81.0,0,UNKNOWN,6,0.0,0.0,0,,,,,,
lock_acquired,2026-09-11 03:54:12.481,81.0,0,UNKNOWN,6,0.0,0.0,0,,,,,,
lock_released,2026-09-11 03:54:12.481,90.0,0,UNKNOWN,6,0.0,0.0,0,,,,,,
lock_released,2026-09-11 03:54:12.481,89.0,0,UNKNOWN,6,0.0,0.0,0,,,,,,
lock_released,2026-09-11 03:54:12.481,89.0,0,UNKNOWN,6,0.0,0.0,0,,,,,,
lock_released,2026-09-11 03:54:12.481,82.0,0,UNKNOWN,6,0.0,0.0,0,,,,,,
lock_released,2026-09-11 03:54:12.481,84.0,0,UNKNOWN,6,0.0,0.0,0,,,,,,
lock_released,2026-09-11 03:54:12.481,82.0,0,UNKNOWN,6,0.0,0.0,0,,,,,,
lock_released,2026-09-11 03:54:12.481,85.0,0,UNKNOWN,6,0.0,0.0,0,,,,,,
lock_released,2026-09-11 03:54:12.481,75.0,0,UNKNOWN,6,0.0,0.0,0,,,,,,
lock_released,2026-09-11 03:54:12.481,91.0,0,UNKNOWN,6,0.0,0.0,0,,,,,,
lock_released,2026-09-11 03:54:12.481,90.0,0,UNKNOWN,6,0.0,0.0,0,,,,,,
lock_released,2026-09-11 03:54:12.481,88.0,0,UNKNOWN,6,0.0,0.0,0,,,,,,
lock_released,2026-09-11 03:54:12.481,75.0,0,UNKNOWN,6,0.0,0.0,0,,,,,,
lock_released,2026-09-11 03:54:12.481,91.0,0,UNKNOWN,6,0.0,0.0,0,,,,,,
lock_released,2026-09-11 03:54:12.481,88.0,0,UNKNOWN,6,0.0,0.0,0,,,,,,
lock_acquired,2026-09-11 03:54:17.509,81.0,0,UNKNOWN,6,0.0,0.0,0,,,,,,
lock_acquired,2026-09-11 03:54:17.509,81.0,0,UNKNOWN,6,0.0,0.0,0,,,,,,
lock_released,2026-09-11 03:54:17.509,81.0,0,UNKNOWN,6,0.0,0.0,0,,,,,,
lock_released,2026-09-11 03:54:17.509,81.0,0,UNKNOWN,6,0.0,0.0,0,,,,,,
lock_released,2026-09-11 03:54:17.509,81.0,0,UNKNOWN,6,0.0,0.0,0,,,,,,
lock_released,2026-09-11 03:54:22.541,81.0,0,UNKNOWN,6,0.0,0.0,0,,,,,,
lock_released,2026-09-11 03:54:22.541,81.0,0,UNKNOWN,6,0.0,0.0,0,,,,,,
login,2026-09-11 03:54:27.565,54.0,SteelNort,UNKNOWN,6,0.0,0.0,0,,,,,,
login,2026-09-11 03:54:27.565,55.0,SteelNort,UNKNOWN,6,0.0,0.0,0,,,,,,
lock_acquired,2026-09-11 03:54:27.565,89.0,0,UNKNOWN,6,0.0,0.0,0,,,,,,
lock_acquired,2026-09-11 03:54:27.565,82.0,0,UNKNOWN,6,0.0,0.0,0,,,,,,
lock_acquired,2026-09-11 03:54:27.565,82.0,0,UNKNOWN,6,0.0,0.0,0,,,,,,
lock_acquired,2026-09-11 03:54:27.565,54.0,0,UNKNOWN,6,0.0,0.0,0,,,,,,
lock_acquired,2026-09-11 03:54:27.565,88.0,0,UNKNOWN,6,0.0,0.0,0,,,,,,
lock_acquired,2026-09-11 03:54:27.565,54.0,0,UNKNOWN,6,0.0,0.0,0,,,,,,
lock_acquired,2026-09-11 03:54:27.565,88.0,0,UNKNOWN,6,0.0,0.0,0,,,,,,
lock_acquired,2026-09-11 03:54:27.565,82.0,0,UNKNOWN,6,0.0,0.0,0,,,,,,
lock_acquired,2026-09-11 03:54:27.565,54.0,0,UNKNOWN,6,0.0,0.0,0,,,,,,
lock_acquired,2026-09-11 03:54:27.565,88.0,0,UNKNOWN,6,0.0,0.0,0,,,,,,
lock_acquired,2026-09-11 03:54:27.565,55.0,0,UNKNOWN,6,0.0,0.0,0,,,,,,
lock_acquired,2026-09-11 03:54:27.565,90.0,0,UNKNOWN,6,0.0,0.0,0,,,,,,
lock_acquired,2026-09-11 03:54:27.565,55.0,0,UNKNOWN,6,0.0,0.0,0,,,,,,
lock_acquired,2026-09-11 03:54:27.565,55.0,0,UNKNOWN,6,0.0,0.0,0,,,,,,
lock_acquired,2026-09-11 03:54:27.565,90.0,0,UNKNOWN,6,0.0,0.0,0,,,,,,
lock_acquired,2026-09-11 03:54:27.565,90.0,0,UNKNOWN,6,0.0,0.0,0,,,,,,
lock_acquired,2026-09-11 03:54:27.565,75.0,0,UNKNOWN,6,0.0,0.0,0,,,,,,
lock_acquired,2026-09-11 03:54:27.565,86.0,0,UNKNOWN,6,0.0,0.0,0,,,,,,
lock_acquired,2026-09-11 03:54:27.565,75.0,0,UNKNOWN,6,0.0,0.0,0,,,,,,
lock_acquired,2026-09-11 03:54:27.565,75.0,0,UNKNOWN,6,0.0,0.0,0,,,,,,
lock_acquired,2026-09-11 03:54:27.565,86.0,0,UNKNOWN,6,0.0,0.0,0,,,,,,
lock_acquired,2026-09-11 03:54:27.565,86.0,0,UNKNOWN,6,0.0,0.0,0,,,,,,
lock_acquired,2026-09-11 03:54:27.565,54.0,0,UNKNOWN,6,0.0,0.0,0,,,,,,
lock_acquired,2026-09-11 03:54:27.565,89.0,0,UNKNOWN,6,0.0,0.0,0,,,,,,
lock_acquired,2026-09-11 03:54:27.565,55.0,0,UNKNOWN,6,0.0,0.0,0,,,,,,
lock_acquired,2026-09-11 03:54:27.565,89.0,0,UNKNOWN,6,0.0,0.0,0,,,,,,
lock_acquired,2026-09-11 03:54:32.601,79.0,0,UNKNOWN,6,0.0,0.0,0,,,,,,
lock_released,2026-09-11 03:54:37.721,79.0,0,UNKNOWN,6,0.0,0.0,0,,,,,,
login,2026-09-11 03:54:48.218,84.0,SteelNort,UNKNOWN,6,0.0,0.0,0,,,,,,
logout,2026-09-11 03:54:48.218,87.0,0,UNKNOWN,6,0.0,0.0,0,,,,,,
lock_acquired,2026-09-11 03:54:48.218,84.0,0,UNKNOWN,6,0.0,0.0,0,,,,,,
lock_acquired,2026-09-11 03:54:48.218,84.0,0,UNKNOWN,6,0.0,0.0,0,,,,,,
lock_acquired,2026-09-11 03:54:48.218,84.0,0,UNKNOWN,6,0.0,0.0,0,,,,,,
lock_released,2026-09-11 03:54:48.218,89.0,0,UNKNOWN,6,0.0,0.0,0,,,,,,
lock_released,2026-09-11 03:54:48.218,82.0,0,UNKNOWN,6,0.0,0.0,0,,,,,,
lock_released,2026-09-11 03:54:48.218,87.0,0,UNKNOWN,6,0.0,0.0,0,,,,,,
lock_released,2026-09-11 03:54:48.218,82.0,0,UNKNOWN,6,0.0,0.0,0,,,,,,
lock_released,2026-09-11 03:54:48.218,54.0,0,UNKNOWN,6,0.0,0.0,0,,,,,,
lock_released,2026-09-11 03:54:48.218,88.0,0,UNKNOWN,6,0.0,0.0,0,,,,,,
lock_released,2026-09-11 03:54:48.218,83.0,0,UNKNOWN,6,0.0,0.0,0,,,,,,
lock_released,2026-09-11 03:54:48.218,54.0,0,UNKNOWN,6,0.0,0.0,0,,,,,,
lock_released,2026-09-11 03:54:48.218,88.0,0,UNKNOWN,6,0.0,0.0,0,,,,,,
lock_released,2026-09-11 03:54:48.218,82.0,0,UNKNOWN,6,0.0,0.0,0,,,,,,
lock_released,2026-09-11 03:54:48.218,54.0,0,UNKNOWN,6,0.0,0.0,0,,,,,,
lock_released,2026-09-11 03:54:48.218,55.0,0,UNKNOWN,6,0.0,0.0,0,,,,,,
lock_released,2026-09-11 03:54:48.218,88.0,0,UNKNOWN,6,0.0,0.0,0,,,,,,
lock_released,2026-09-11 03:54:48.218,90.0,0,UNKNOWN,6,0.0,0.0,0,,,,,,
lock_released,2026-09-11 03:54:48.218,55.0,0,UNKNOWN,6,0.0,0.0,0,,,,,,
lock_released,2026-09-11 03:54:48.218,55.0,0,UNKNOWN,6,0.0,0.0,0,,,,,,
lock_released,2026-09-11 03:54:48.218,90.0,0,UNKNOWN,6,0.0,0.0,0,,,,,,
lock_released,2026-09-11 03:54:48.218,75.0,0,UNKNOWN,6,0.0,0.0,0,,,,,,
lock_released,2026-09-11 03:54:48.218,90.0,0,UNKNOWN,6,0.0,0.0,0,,,,,,
lock_released,2026-09-11 03:54:48.218,86.0,0,UNKNOWN,6,0.0,0.0,0,,,,,,
lock_released,2026-09-11 03:54:48.218,75.0,0,UNKNOWN,6,0.0,0.0,0,,,,,,
lock_released,2026-09-11 03:54:48.218,75.0,0,UNKNOWN,6,0.0,0.0,0,,,,,,
lock_released,2026-09-11 03:54:48.218,86.0,0,UNKNOWN,6,0.0,0.0,0,,,,,,
lock_released,2026-09-11 03:54:48.218,86.0,0,UNKNOWN,6,0.0,0.0,0,,,,,,
lock_released,2026-09-11 03:54:48.218,89.0,0,UNKNOWN,6,0.0,0.0,0,,,,,,
lock_released,2026-09-11 03:54:48.218,89.0,0,UNKNOWN,6,0.0,0.0,0,,,,,,
logout,2026-09-11 03:54:53.245,83.0,0,UNKNOWN,6,0.0,0.0,0,,,,,,
lock_acquired,2026-09-11 03:54:53.245,84.0,0,UNKNOWN,6,0.0,0.0,0,,,,,,
lock_acquired,2026-09-11 03:54:53.245,84.0,0,UNKNOWN,6,0.0,0.0,0,,,,,,
lock_released,2026-09-11 03:54:53.245,84.0,0,UNKNOWN,6,0.0,0.0,0,,,,,,
lock_released,2026-09-11 03:54:53.245,84.0,0,UNKNOWN,6,0.0,0.0,0,,,,,,
lock_acquired,2026-09-11 03:54:58.283,84.0,0,UNKNOWN,6,0.0,0.0,0,,,,,,
lock_released,2026-09-11 03:54:58.283,84.0,0,UNKNOWN,6,0.0,0.0,0,,,,,,
lock_released,2026-09-11 03:54:58.283,84.0,0,UNKNOWN,6,0.0,0.0,0,,,,,,
login,2026-09-11 03:55:03.300,83.0,SteelNort,UNKNOWN,6,0.0,0.0,0,,,,,,
lock_acquired,2026-09-11 03:55:03.300,83.0,0,UNKNOWN,6,0.0,0.0,0,,,,,,
lock_released,2026-09-11 03:55:03.300,84.0,0,UNKNOWN,6,0.0,0.0,0,,,,,,
lock_acquired,2026-09-11 03:55:13.390,84.0,0,UNKNOWN,6,0.0,0.0,0,,,,,,
lock_acquired,2026-09-11 03:55:13.390,84.0,0,UNKNOWN,6,0.0,0.0,0,,,,,,
lock_released,2026-09-11 03:55:18.426,84.0,0,UNKNOWN,6,0.0,0.0,0,,,,,,
logout,2026-09-11 03:55:23.457,74.0,0,UNKNOWN,6,0.0,0.0,0,,,,,,
logout,2026-09-11 03:55:23.457,59.0,0,UNKNOWN,6,0.0,0.0,0,,,,,,
logout,2026-09-11 03:55:23.457,60.0,0,UNKNOWN,6,0.0,0.0,0,,,,,,
logout,2026-09-11 03:55:23.457,68.0,0,UNKNOWN,6,0.0,0.0,0,,,,,,
lock_acquired,2026-09-11 03:55:23.457,84.0,0,UNKNOWN,6,0.0,0.0,0,,,,,,
logout,2026-09-11 03:55:28.483,91.0,0,UNKNOWN,6,0.0,0.0,0,,,,,,
lock_released,2026-09-11 03:55:28.483,91.0,0,UNKNOWN,6,0.0,0.0,0,,,,,,
logout,2026-09-11 03:55:33.524,75.0,0,UNKNOWN,6,0.0,0.0,0,,,,,,
logout,2026-09-11 03:55:33.524,81.0,0,UNKNOWN,6,0.0,0.0,0,,,,,,
logout,2026-09-11 03:55:33.524,82.0,0,UNKNOWN,6,0.0,0.0,0,,,,,,
logout,2026-09-11 03:55:33.524,83.0,0,UNKNOWN,6,0.0,0.0,0,,,,,,
logout,2026-09-11 03:55:33.524,84.0,0,UNKNOWN,6,0.0,0.0,0,,,,,,
logout,2026-09-11 03:55:33.524,54.0,0,UNKNOWN,6,0.0,0.0,0,,,,,,
logout,2026-09-11 03:55:33.524,55.0,0,UNKNOWN,6,0.0,0.0,0,,,,,,
logout,2026-09-11 03:55:33.524,86.0,0,UNKNOWN,6,0.0,0.0,0,,,,,,
logout,2026-09-11 03:55:33.524,89.0,0,UNKNOWN,6,0.0,0.0,0,,,,,,
logout,2026-09-11 03:55:33.524,90.0,0,UNKNOWN,6,0.0,0.0,0,,,,,,
logout,2026-09-11 03:55:33.524,88.0,0,UNKNOWN,6,0.0,0.0,0,,,,,,
lock_released,2026-09-11 03:55:33.524,84.0,0,UNKNOWN,6,0.0,0.0,0,,,,,,
lock_released,2026-09-11 03:55:33.524,84.0,0,UNKNOWN,6,0.0,0.0,0,,,,,,
lock_released,2026-09-11 03:55:33.524,88.0,0,UNKNOWN,6,0.0,0.0,0,,,,,,
lock_released,2026-09-11 03:55:33.524,84.0,0,UNKNOWN,6,0.0,0.0,0,,,,,,
lock_released,2026-09-11 03:55:33.524,89.0,0,UNKNOWN,6,0.0,0.0,0,,,,,,
lock_released,2026-09-11 03:55:33.524,75.0,0,UNKNOWN,6,0.0,0.0,0,,,,,,
lock_released,2026-09-11 03:55:33.524,54.0,0,UNKNOWN,6,0.0,0.0,0,,,,,,
lock_released,2026-09-11 03:55:33.524,82.0,0,UNKNOWN,6,0.0,0.0,0,,,,,,
lock_released,2026-09-11 03:55:33.524,86.0,0,UNKNOWN,6,0.0,0.0,0,,,,,,
lock_released,2026-09-11 03:55:33.524,83.0,0,UNKNOWN,6,0.0,0.0,0,,,,,,
lock_released,2026-09-11 03:55:33.524,55.0,0,UNKNOWN,6,0.0,0.0,0,,,,,,
lock_released,2026-09-11 03:55:33.524,81.0,0,UNKNOWN,6,0.0,0.0,0,,,,,,
lock_released,2026-09-11 03:55:33.524,90.0,0,UNKNOWN,6,0.0,0.0,0,,,,,,
xml_deadlock_report,2026-09-11 03:50:13.906,0.0,SteelNort,UNKNOWN,8,13.0,1205.0,Deadlock detected,,,,,,
xml_deadlock_report,2026-09-11 03:50:13.906,0.0,SteelNort,UNKNOWN,8,13.0,1205.0,Deadlock detected,,,,,,
xml_deadlock_report,2026-09-11 03:50:13.906,0.0,SteelNort,UNKNOWN,8,13.0,1205.0,Deadlock detected,,,,,,
xml_deadlock_report,2026-09-11 03:50:13.906,0.0,SteelNort,UNKNOWN,8,13.0,1205.0,Deadlock detected,,,,,,
xml_deadlock_report,2026-09-11 03:50:13.906,0.0,SteelNort,UNKNOWN,8,13.0,1205.0,Deadlock detected,,,,,,
xml_deadlock_report,2026-09-11 03:50:13.906,0.0,SteelNort,UNKNOWN,8,13.0,1205.0,Deadlock detected,,,,,,
xml_deadlock_report,2026-09-11 03:50:13.906,0.0,SteelNort,UNKNOWN,8,13.0,1205.0,Deadlock detected,,,,,,
xml_deadlock_report,2026-09-11 03:50:13.906,0.0,SteelNort,UNKNOWN,8,13.0,1205.0,Deadlock detected,,,,,,
xml_deadlock_report,2026-09-11 03:50:13.906,0.0,SteelNort,UNKNOWN,8,13.0,1205.0,Deadlock detected,,,,,,
xml_deadlock_report,2026-09-11 03:50:13.906,0.0,SteelNort,UNKNOWN,8,13.0,1205.0,Deadlock detected,,,,,,
xml_deadlock_report,2026-09-11 03:50:13.906,0.0,SteelNort,UNKNOWN,8,13.0,1205.0,Deadlock detected,,,,,,
xml_deadlock_report,2026-09-11 03:50:13.906,0.0,SteelNort,UNKNOWN,8,13.0,1205.0,Deadlock detected,,,,,,
xml_deadlock_report,2026-09-11 03:50:13.906,0.0,SteelNort,UNKNOWN,8,13.0,1205.0,Deadlock detected,,,,,,
xml_deadlock_report,2026-09-11 03:50:13.906,0.0,SteelNort,UNKNOWN,8,13.0,1205.0,Deadlock detected,,,,,,
xml_deadlock_report,2026-09-11 03:50:13.906,0.0,SteelNort,UNKNOWN,8,13.0,1205.0,Deadlock detected,,,,,,
xml_deadlock_report,2026-09-11 03:50:13.906,0.0,SteelNort,UNKNOWN,8,13.0,1205.0,Deadlock detected,,,,,,
xml_deadlock_report,2026-09-11 03:50:13.906,0.0,SteelNort,UNKNOWN,8,13.0,1205.0,Deadlock detected,,,,,,
xml_deadlock_report,2026-09-11 03:50:13.906,0.0,SteelNort,UNKNOWN,8,13.0,1205.0,Deadlock detected,,,,,,
xml_deadlock_report,2026-09-11 03:50:13.906,0.0,SteelNort,UNKNOWN,8,13.0,1205.0,Deadlock detected,,,,,,
xml_deadlock_report,2026-09-11 03:50:13.906,0.0,SteelNort,UNKNOWN,8,13.0,1205.0,Deadlock detected,,,,,,
xml_deadlock_report,2026-09-11 03:50:13.906,0.0,SteelNort,UNKNOWN,8,13.0,1205.0,Deadlock detected,,,,,,
xml_deadlock_report,2026-09-11 03:50:13.906,0.0,SteelNort,UNKNOWN,8,13.0,1205.0,Deadlock detected,,,,,,
xml_deadlock_report,2026-09-11 03:50:13.906,0.0,SteelNort,UNKNOWN,8,13.0,1205.0,Deadlock detected,,,,,,
xml_deadlock_report,2026-09-11 03:50:13.906,0.0,SteelNort,UNKNOWN,8,13.0,1205.0,Deadlock detected,,,,,,
xml_deadlock_report,2026-09-11 03:50:13.906,0.0,SteelNort,UNKNOWN,8,13.0,1205.0,Deadlock detected,,,,,,
xml_deadlock_report,2026-09-11 03:50:13.906,0.0,SteelNort,UNKNOWN,8,13.0,1205.0,Deadlock detected,,,,,,
xml_deadlock_report,2026-09-11 03:50:13.906,0.0,SteelNort,UNKNOWN,8,13.0,1205.0,Deadlock detected,,,,,,
xml_deadlock_report,2026-09-11 03:50:13.906,0.0,SteelNort,UNKNOWN,8,13.0,1205.0,Deadlock detected,,,,,,
xml_deadlock_report,2026-09-11 03:50:13.906,0.0,SteelNort,UNKNOWN,8,13.0,1205.0,Deadlock detected,,,,,,
xml_deadlock_report,2026-09-11 03:50:13.906,0.0,SteelNort,UNKNOWN,8,13.0,1205.0,Deadlock detected,,,,,,
xml_deadlock_report,2026-09-11 03:50:13.906,0.0,SteelNort,UNKNOWN,8,13.0,1205.0,Deadlock detected,,,,,,
xml_deadlock_report,2026-09-11 03:50:13.906,0.0,SteelNort,UNKNOWN,8,13.0,1205.0,Deadlock detected,,,,,,
xml_deadlock_report,2026-09-11 03:50:13.906,0.0,SteelNort,UNKNOWN,8,13.0,1205.0,Deadlock detected,,,,,,
xml_deadlock_report,2026-09-11 03:50:13.906,0.0,SteelNort,UNKNOWN,8,13.0,1205.0,Deadlock detected,,,,,,
xml_deadlock_report,2026-09-11 03:50:13.906,0.0,SteelNort,UNKNOWN,8,13.0,1205.0,Deadlock detected,,,,,,
xml_deadlock_report,2026-09-11 03:50:13.906,0.0,SteelNort,UNKNOWN,8,13.0,1205.0,Deadlock detected,,,,,,
xml_deadlock_report,2026-09-11 03:50:13.906,0.0,SteelNort,UNKNOWN,8,13.0,1205.0,Deadlock detected,,,,,,
login,2026-09-11 03:50:18.943,78.0,SteelNort,UNKNOWN,8,0.0,0.0,0,,,,,,
login,2026-09-11 03:50:18.943,79.0,SteelNort,UNKNOWN,8,0.0,0.0,0,,,,,,
login,2026-09-11 03:50:18.943,80.0,SteelNort,UNKNOWN,8,0.0,0.0,0,,,,,,
login,2026-09-11 03:50:18.943,81.0,SteelNort,UNKNOWN,8,0.0,0.0,0,,,,,,
login,2026-09-11 03:50:18.943,82.0,SteelNort,UNKNOWN,8,0.0,0.0,0,,,,,,
login,2026-09-11 03:50:18.943,83.0,SteelNort,UNKNOWN,8,0.0,0.0,0,,,,,,
login,2026-09-11 03:50:18.943,84.0,SteelNort,UNKNOWN,8,0.0,0.0,0,,,,,,
login,2026-09-11 03:50:18.943,85.0,SteelNort,UNKNOWN,8,0.0,0.0,0,,,,,,
login,2026-09-11 03:50:18.943,86.0,SteelNort,UNKNOWN,8,0.0,0.0,0,,,,,,
login,2026-09-11 03:50:18.943,87.0,SteelNort,UNKNOWN,8,0.0,0.0,0,,,,,,
login,2026-09-11 03:50:18.943,88.0,SteelNort,UNKNOWN,8,0.0,0.0,0,,,,,,
login,2026-09-11 03:50:18.943,89.0,SteelNort,UNKNOWN,8,0.0,0.0,0,,,,,,
lock_acquired,2026-09-11 03:50:18.943,88.0,0,UNKNOWN,8,0.0,0.0,0,,,,,,
lock_acquired,2026-09-11 03:50:18.943,86.0,0,UNKNOWN,8,0.0,0.0,0,,,,,,
lock_acquired,2026-09-11 03:50:18.943,87.0,0,UNKNOWN,8,0.0,0.0,0,,,,,,
lock_acquired,2026-09-11 03:50:18.943,89.0,0,UNKNOWN,8,0.0,0.0,0,,,,,,
lock_acquired,2026-09-11 03:50:18.943,82.0,0,UNKNOWN,8,0.0,0.0,0,,,,,,
lock_acquired,2026-09-11 03:50:18.943,84.0,0,UNKNOWN,8,0.0,0.0,0,,,,,,
lock_acquired,2026-09-11 03:50:18.943,85.0,0,UNKNOWN,8,0.0,0.0,0,,,,,,
lock_acquired,2026-09-11 03:50:18.943,83.0,0,UNKNOWN,8,0.0,0.0,0,,,,,,
lock_acquired,2026-09-11 03:50:18.943,88.0,0,UNKNOWN,8,0.0,0.0,0,,,,,,
lock_acquired,2026-09-11 03:50:18.943,87.0,0,UNKNOWN,8,0.0,0.0,0,,,,,,
lock_acquired,2026-09-11 03:50:18.943,79.0,0,UNKNOWN,8,0.0,0.0,0,,,,,,
lock_acquired,2026-09-11 03:50:18.943,84.0,0,UNKNOWN,8,0.0,0.0,0,,,,,,
lock_acquired,2026-09-11 03:50:18.943,82.0,0,UNKNOWN,8,0.0,0.0,0,,,,,,
lock_acquired,2026-09-11 03:50:18.943,86.0,0,UNKNOWN,8,0.0,0.0,0,,,,,,
lock_acquired,2026-09-11 03:50:18.943,87.0,0,UNKNOWN,8,0.0,0.0,0,,,,,,
lock_acquired,2026-09-11 03:50:18.943,83.0,0,UNKNOWN,8,0.0,0.0,0,,,,,,
lock_acquired,2026-09-11 03:50:18.943,89.0,0,UNKNOWN,8,0.0,0.0,0,,,,,,
lock_acquired,2026-09-11 03:50:18.943,80.0,0,UNKNOWN,8,0.0,0.0,0,,,,,,
lock_acquired,2026-09-11 03:50:18.943,81.0,0,UNKNOWN,8,0.0,0.0,0,,,,,,
lock_acquired,2026-09-11 03:50:18.943,83.0,0,UNKNOWN,8,0.0,0.0,0,,,,,,
lock_acquired,2026-09-11 03:50:18.943,88.0,0,UNKNOWN,8,0.0,0.0,0,,,,,,
lock_acquired,2026-09-11 03:50:18.943,89.0,0,UNKNOWN,8,0.0,0.0,0,,,,,,
lock_acquired,2026-09-11 03:50:18.943,78.0,0,UNKNOWN,8,0.0,0.0,0,,,,,,
lock_acquired,2026-09-11 03:50:18.943,82.0,0,UNKNOWN,8,0.0,0.0,0,,,,,,
lock_acquired,2026-09-11 03:50:18.943,80.0,0,UNKNOWN,8,0.0,0.0,0,,,,,,
lock_acquired,2026-09-11 03:50:18.943,84.0,0,UNKNOWN,8,0.0,0.0,0,,,,,,
lock_released,2026-09-11 03:50:18.943,76.0,0,UNKNOWN,8,0.0,0.0,0,,,,,,
lock_released,2026-09-11 03:50:18.943,76.0,0,UNKNOWN,8,0.0,0.0,0,,,,,,
lock_released,2026-09-11 03:50:18.943,76.0,0,UNKNOWN,8,0.0,0.0,0,,,,,,
lock_released,2026-09-11 03:50:18.943,76.0,0,UNKNOWN,8,0.0,0.0,0,,,,,,
logout,2026-09-11 03:50:23.996,58.0,0,UNKNOWN,8,0.0,0.0,0,,,,,,
logout,2026-09-11 03:50:23.996,51.0,0,UNKNOWN,8,0.0,0.0,0,,,,,,
logout,2026-09-11 03:50:23.996,68.0,0,UNKNOWN,8,0.0,0.0,0,,,,,,
lock_acquired,2026-09-11 03:50:23.996,87.0,0,UNKNOWN,8,0.0,0.0,0,,,,,,
lock_acquired,2026-09-11 03:50:23.996,85.0,0,UNKNOWN,8,0.0,0.0,0,,,,,,
lock_acquired,2026-09-11 03:50:23.996,85.0,0,UNKNOWN,8,0.0,0.0,0,,,,,,
lock_acquired,2026-09-11 03:50:23.996,89.0,0,UNKNOWN,8,0.0,0.0,0,,,,,,
lock_acquired,2026-09-11 03:50:23.996,83.0,0,UNKNOWN,8,0.0,0.0,0,,,,,,
lock_acquired,2026-09-11 03:50:23.996,80.0,0,UNKNOWN,8,0.0,0.0,0,,,,,,
lock_acquired,2026-09-11 03:50:23.996,87.0,0,UNKNOWN,8,0.0,0.0,0,,,,,,
lock_released,2026-09-11 03:50:23.996,89.0,0,UNKNOWN,8,0.0,0.0,0,,,,,,
lock_released,2026-09-11 03:50:23.996,84.0,0,UNKNOWN,8,0.0,0.0,0,,,,,,
lock_released,2026-09-11 03:50:23.996,83.0,0,UNKNOWN,8,0.0,0.0,0,,,,,,
lock_released,2026-09-11 03:50:23.996,86.0,0,UNKNOWN,8,0.0,0.0,0,,,,,,
lock_released,2026-09-11 03:50:23.996,89.0,0,UNKNOWN,8,0.0,0.0,0,,,,,,
lock_released,2026-09-11 03:50:23.996,87.0,0,UNKNOWN,8,0.0,0.0,0,,,,,,
lock_released,2026-09-11 03:50:23.996,84.0,0,UNKNOWN,8,0.0,0.0,0,,,,,,
lock_acquired,2026-09-11 03:50:29.034,81.0,0,UNKNOWN,8,0.0,0.0,0,,,,,,
lock_acquired,2026-09-11 03:50:29.034,89.0,0,UNKNOWN,8,0.0,0.0,0,,,,,,
lock_acquired,2026-09-11 03:50:29.034,84.0,0,UNKNOWN,8,0.0,0.0,0,,,,,,
lock_acquired,2026-09-11 03:50:29.034,82.0,0,UNKNOWN,8,0.0,0.0,0,,,,,,
lock_acquired,2026-09-11 03:50:29.034,85.0,0,UNKNOWN,8,0.0,0.0,0,,,,,,
lock_acquired,2026-09-11 03:50:29.034,88.0,0,UNKNOWN,8,0.0,0.0,0,,,,,,
lock_acquired,2026-09-11 03:50:29.034,88.0,0,UNKNOWN,8,0.0,0.0,0,,,,,,
lock_acquired,2026-09-11 03:50:29.034,82.0,0,UNKNOWN,8,0.0,0.0,0,,,,,,
lock_acquired,2026-09-11 03:50:29.034,89.0,0,UNKNOWN,8,0.0,0.0,0,,,,,,
lock_acquired,2026-09-11 03:50:29.034,85.0,0,UNKNOWN,8,0.0,0.0,0,,,,,,
lock_acquired,2026-09-11 03:50:29.034,86.0,0,UNKNOWN,8,0.0,0.0,0,,,,,,
lock_acquired,2026-09-11 03:50:29.034,86.0,0,UNKNOWN,8,0.0,0.0,0,,,,,,
lock_acquired,2026-09-11 03:50:29.034,80.0,0,UNKNOWN,8,0.0,0.0,0,,,,,,
lock_acquired,2026-09-11 03:50:29.034,84.0,0,UNKNOWN,8,0.0,0.0,0,,,,,,
lock_released,2026-09-11 03:50:29.034,87.0,0,UNKNOWN,8,0.0,0.0,0,,,,,,
lock_released,2026-09-11 03:50:29.034,85.0,0,UNKNOWN,8,0.0,0.0,0,,,,,,
lock_released,2026-09-11 03:50:29.034,88.0,0,UNKNOWN,8,0.0,0.0,0,,,,,,
lock_released,2026-09-11 03:50:29.034,83.0,0,UNKNOWN,8,0.0,0.0,0,,,,,,
lock_released,2026-09-11 03:50:29.034,85.0,0,UNKNOWN,8,0.0,0.0,0,,,,,,
lock_released,2026-09-11 03:50:29.034,89.0,0,UNKNOWN,8,0.0,0.0,0,,,,,,
lock_released,2026-09-11 03:50:29.034,82.0,0,UNKNOWN,8,0.0,0.0,0,,,,,,
lock_released,2026-09-11 03:50:29.034,83.0,0,UNKNOWN,8,0.0,0.0,0,,,,,,
lock_released,2026-09-11 03:50:29.034,82.0,0,UNKNOWN,8,0.0,0.0,0,,,,,,
lock_released,2026-09-11 03:50:29.034,80.0,0,UNKNOWN,8,0.0,0.0,0,,,,,,
lock_acquired,2026-09-11 03:50:34.069,85.0,0,UNKNOWN,8,0.0,0.0,0,,,,,,
lock_acquired,2026-09-11 03:50:34.069,85.0,0,UNKNOWN,8,0.0,0.0,0,,,,,,
lock_acquired,2026-09-11 03:50:34.069,83.0,0,UNKNOWN,8,0.0,0.0,0,,,,,,
lock_acquired,2026-09-11 03:50:34.069,88.0,0,UNKNOWN,8,0.0,0.0,0,,,,,,
lock_acquired,2026-09-11 03:50:34.069,89.0,0,UNKNOWN,8,0.0,0.0,0,,,,,,
lock_acquired,2026-09-11 03:50:34.069,89.0,0,UNKNOWN,8,0.0,0.0,0,,,,,,
lock_acquired,2026-09-11 03:50:34.069,87.0,0,UNKNOWN,8,0.0,0.0,0,,,,,,
lock_acquired,2026-09-11 03:50:34.069,83.0,0,UNKNOWN,8,0.0,0.0,0,,,,,,
lock_acquired,2026-09-11 03:50:34.069,80.0,0,UNKNOWN,8,0.0,0.0,0,,,,,,
lock_released,2026-09-11 03:50:34.069,81.0,0,UNKNOWN,8,0.0,0.0,0,,,,,,
lock_released,2026-09-11 03:50:34.069,82.0,0,UNKNOWN,8,0.0,0.0,0,,,,,,
lock_released,2026-09-11 03:50:34.069,85.0,0,UNKNOWN,8,0.0,0.0,0,,,,,,
lock_released,2026-09-11 03:50:34.069,88.0,0,UNKNOWN,8,0.0,0.0,0,,,,,,
lock_released,2026-09-11 03:50:34.069,88.0,0,UNKNOWN,8,0.0,0.0,0,,,,,,
lock_released,2026-09-11 03:50:34.069,82.0,0,UNKNOWN,8,0.0,0.0,0,,,,,,
lock_released,2026-09-11 03:50:34.069,89.0,0,UNKNOWN,8,0.0,0.0,0,,,,,,
lock_released,2026-09-11 03:50:34.069,87.0,0,UNKNOWN,8,0.0,0.0,0,,,,,,
lock_released,2026-09-11 03:50:34.069,85.0,0,UNKNOWN,8,0.0,0.0,0,,,,,,
lock_released,2026-09-11 03:50:34.069,88.0,0,UNKNOWN,8,0.0,0.0,0,,,,,,
lock_released,2026-09-11 03:50:34.069,86.0,0,UNKNOWN,8,0.0,0.0,0,,,,,,
lock_released,2026-09-11 03:50:34.069,86.0,0,UNKNOWN,8,0.0,0.0,0,,,,,,
lock_released,2026-09-11 03:50:34.069,87.0,0,UNKNOWN,8,0.0,0.0,0,,,,,,
logout,2026-09-11 03:50:39.113,60.0,0,UNKNOWN,8,0.0,0.0,0,,,,,,
lock_acquired,2026-09-11 03:50:39.113,81.0,0,UNKNOWN,8,0.0,0.0,0,,,,,,
lock_acquired,2026-09-11 03:50:39.113,88.0,0,UNKNOWN,8,0.0,0.0,0,,,,,,
lock_acquired,2026-09-11 03:50:39.113,83.0,0,UNKNOWN,8,0.0,0.0,0,,,,,,
lock_acquired,2026-09-11 03:50:39.113,83.0,0,UNKNOWN,8,0.0,0.0,0,,,,,,
lock_acquired,2026-09-11 03:50:39.113,86.0,0,UNKNOWN,8,0.0,0.0,0,,,,,,
lock_acquired,2026-09-11 03:50:39.113,83.0,0,UNKNOWN,8,0.0,0.0,0,,,,,,
lock_acquired,2026-09-11 03:50:39.113,88.0,0,UNKNOWN,8,0.0,0.0,0,,,,,,
lock_acquired,2026-09-11 03:50:39.113,86.0,0,UNKNOWN,8,0.0,0.0,0,,,,,,
lock_acquired,2026-09-11 03:50:39.113,81.0,0,UNKNOWN,8,0.0,0.0,0,,,,,,
lock_released,2026-09-11 03:50:39.113,60.0,0,UNKNOWN,8,0.0,0.0,0,,,,,,
lock_released,2026-09-11 03:50:39.113,85.0,0,UNKNOWN,8,0.0,0.0,0,,,,,,
lock_released,2026-09-11 03:50:39.113,89.0,0,UNKNOWN,8,0.0,0.0,0,,,,,,
lock_released,2026-09-11 03:50:39.113,84.0,0,UNKNOWN,8,0.0,0.0,0,,,,,,
lock_released,2026-09-11 03:50:39.113,85.0,0,UNKNOWN,8,0.0,0.0,0,,,,,,
lock_released,2026-09-11 03:50:39.113,83.0,0,UNKNOWN,8,0.0,0.0,0,,,,,,
lock_released,2026-09-11 03:50:39.113,88.0,0,UNKNOWN,8,0.0,0.0,0,,,,,,
lock_released,2026-09-11 03:50:39.113,89.0,0,UNKNOWN,8,0.0,0.0,0,,,,,,
lock_released,2026-09-11 03:50:39.113,89.0,0,UNKNOWN,8,0.0,0.0,0,,,,,,
lock_released,2026-09-11 03:50:39.113,87.0,0,UNKNOWN,8,0.0,0.0,0,,,,,,
lock_released,2026-09-11 03:50:39.113,80.0,0,UNKNOWN,8,0.0,0.0,0,,,,,,
lock_released,2026-09-11 03:50:39.113,83.0,0,UNKNOWN,8,0.0,0.0,0,,,,,,
lock_released,2026-09-11 03:50:39.113,80.0,0,UNKNOWN,8,0.0,0.0,0,,,,,,
lock_released,2026-09-11 03:50:39.113,80.0,0,UNKNOWN,8,0.0,0.0,0,,,,,,
lock_released,2026-09-11 03:50:39.113,84.0,0,UNKNOWN,8,0.0,0.0,0,,,,,,
login,2026-09-11 03:50:44.162,58.0,SteelNort,UNKNOWN,8,0.0,0.0,0,,,,,,
login,2026-09-11 03:50:44.162,51.0,SteelNort,UNKNOWN,8,0.0,0.0,0,,,,,,
lock_acquired,2026-09-11 03:50:44.162,85.0,0,UNKNOWN,8,0.0,0.0,0,,,,,,
lock_acquired,2026-09-11 03:50:44.162,88.0,0,UNKNOWN,8,0.0,0.0,0,,,,,,
lock_acquired,2026-09-11 03:50:44.162,51.0,0,UNKNOWN,8,0.0,0.0,0,,,,,,
lock_acquired,2026-09-11 03:50:44.162,85.0,0,UNKNOWN,8,0.0,0.0,0,,,,,,
lock_acquired,2026-09-11 03:50:44.162,89.0,0,UNKNOWN,8,0.0,0.0,0,,,,,,
lock_acquired,2026-09-11 03:50:44.162,84.0,0,UNKNOWN,8,0.0,0.0,0,,,,,,
lock_acquired,2026-09-11 03:50:44.162,88.0,0,UNKNOWN,8,0.0,0.0,0,,,,,,
lock_acquired,2026-09-11 03:50:44.162,84.0,0,UNKNOWN,8,0.0,0.0,0,,,,,,
lock_acquired,2026-09-11 03:50:44.162,82.0,0,UNKNOWN,8,0.0,0.0,0,,,,,,
lock_acquired,2026-09-11 03:50:44.162,82.0,0,UNKNOWN,8,0.0,0.0,0,,,,,,
lock_acquired,2026-09-11 03:50:44.162,81.0,0,UNKNOWN,8,0.0,0.0,0,,,,,,
lock_acquired,2026-09-11 03:50:44.162,81.0,0,UNKNOWN,8,0.0,0.0,0,,,,,,
lock_acquired,2026-09-11 03:50:44.162,88.0,0,UNKNOWN,8,0.0,0.0,0,,,,,,
lock_released,2026-09-11 03:50:44.162,83.0,0,UNKNOWN,8,0.0,0.0,0,,,,,,
lock_released,2026-09-11 03:50:44.162,88.0,0,UNKNOWN,8,0.0,0.0,0,,,,,,
lock_released,2026-09-11 03:50:44.162,83.0,0,UNKNOWN,8,0.0,0.0,0,,,,,,
lock_released,2026-09-11 03:50:44.162,83.0,0,UNKNOWN,8,0.0,0.0,0,,,,,,
lock_released,2026-09-11 03:50:44.162,88.0,0,UNKNOWN,8,0.0,0.0,0,,,,,,
lock_released,2026-09-11 03:50:44.162,86.0,0,UNKNOWN,8,0.0,0.0,0,,,,,,
lock_released,2026-09-11 03:50:44.162,81.0,0,UNKNOWN,8,0.0,0.0,0,,,,,,
logout,2026-09-11 03:50:49.206,58.0,0,UNKNOWN,8,0.0,0.0,0,,,,,,
lock_acquired,2026-09-11 03:50:49.206,83.0,0,UNKNOWN,8,0.0,0.0,0,,,,,,
lock_acquired,2026-09-11 03:50:49.206,88.0,0,UNKNOWN,8,0.0,0.0,0,,,,,,
lock_acquired,2026-09-11 03:50:49.206,84.0,0,UNKNOWN,8,0.0,0.0,0,,,,,,
lock_acquired,2026-09-11 03:50:49.206,83.0,0,UNKNOWN,8,0.0,0.0,0,,,,,,
lock_acquired,2026-09-11 03:50:49.206,86.0,0,UNKNOWN,8,0.0,0.0,0,,,,,,
lock_acquired,2026-09-11 03:50:49.206,87.0,0,UNKNOWN,8,0.0,0.0,0,,,,,,
lock_acquired,2026-09-11 03:50:49.206,86.0,0,UNKNOWN,8,0.0,0.0,0,,,,,,
lock_acquired,2026-09-11 03:50:49.206,88.0,0,UNKNOWN,8,0.0,0.0,0,,,,,,
lock_acquired,2026-09-11 03:50:49.206,87.0,0,UNKNOWN,8,0.0,0.0,0,,,,,,
lock_acquired,2026-09-11 03:50:49.206,81.0,0,UNKNOWN,8,0.0,0.0,0,,,,,,
lock_released,2026-09-11 03:50:49.206,88.0,0,UNKNOWN,8,0.0,0.0,0,,,,,,
lock_released,2026-09-11 03:50:49.206,84.0,0,UNKNOWN,8,0.0,0.0,0,,,,,,
lock_released,2026-09-11 03:50:49.206,86.0,0,UNKNOWN,8,0.0,0.0,0,,,,,,
lock_released,2026-09-11 03:50:49.206,88.0,0,UNKNOWN,8,0.0,0.0,0,,,,,,
lock_released,2026-09-11 03:50:49.206,84.0,0,UNKNOWN,8,0.0,0.0,0,,,,,,
lock_released,2026-09-11 03:50:49.206,82.0,0,UNKNOWN,8,0.0,0.0,0,,,,,,
lock_released,2026-09-11 03:50:49.206,81.0,0,UNKNOWN,8,0.0,0.0,0,,,,,,
lock_released,2026-09-11 03:50:49.206,81.0,0,UNKNOWN,8,0.0,0.0,0,,,,,,
lock_released,2026-09-11 03:50:49.206,88.0,0,UNKNOWN,8,0.0,0.0,0,,,,,,
lock_acquired,2026-09-11 03:50:54.256,84.0,0,UNKNOWN,8,0.0,0.0,0,,,,,,
lock_acquired,2026-09-11 03:50:54.256,82.0,0,UNKNOWN,8,0.0,0.0,0,,,,,,
lock_acquired,2026-09-11 03:50:54.256,86.0,0,UNKNOWN,8,0.0,0.0,0,,,,,,
lock_acquired,2026-09-11 03:50:54.256,80.0,0,UNKNOWN,8,0.0,0.0,0,,,,,,
lock_acquired,2026-09-11 03:50:54.256,83.0,0,UNKNOWN,8,0.0,0.0,0,,,,,,
lock_acquired,2026-09-11 03:50:54.256,80.0,0,UNKNOWN,8,0.0,0.0,0,,,,,,
lock_acquired,2026-09-11 03:50:54.256,82.0,0,UNKNOWN,8,0.0,0.0,0,,,,,,
lock_acquired,2026-09-11 03:50:54.256,84.0,0,UNKNOWN,8,0.0,0.0,0,,,,,,
lock_released,2026-09-11 03:50:54.256,85.0,0,UNKNOWN,8,0.0,0.0,0,,,,,,
lock_released,2026-09-11 03:50:54.256,85.0,0,UNKNOWN,8,0.0,0.0,0,,,,,,
lock_released,2026-09-11 03:50:54.256,84.0,0,UNKNOWN,8,0.0,0.0,0,,,,,,
lock_released,2026-09-11 03:50:54.256,83.0,0,UNKNOWN,8,0.0,0.0,0,,,,,,
lock_released,2026-09-11 03:50:54.256,86.0,0,UNKNOWN,8,0.0,0.0,0,,,,,,
lock_released,2026-09-11 03:50:54.256,86.0,0,UNKNOWN,8,0.0,0.0,0,,,,,,
lock_released,2026-09-11 03:50:54.256,82.0,0,UNKNOWN,8,0.0,0.0,0,,,,,,
lock_released,2026-09-11 03:50:54.256,89.0,0,UNKNOWN,8,0.0,0.0,0,,,,,,
lock_acquired,2026-09-11 03:50:59.351,85.0,0,UNKNOWN,8,0.0,0.0,0,,,,,,
lock_acquired,2026-09-11 03:50:59.351,83.0,0,UNKNOWN,8,0.0,0.0,0,,,,,,
lock_acquired,2026-09-11 03:50:59.351,85.0,0,UNKNOWN,8,0.0,0.0,0,,,,,,
lock_acquired,2026-09-11 03:50:59.351,86.0,0,UNKNOWN,8,0.0,0.0,0,,,,,,
lock_acquired,2026-09-11 03:50:59.351,88.0,0,UNKNOWN,8,0.0,0.0,0,,,,,,
lock_acquired,2026-09-11 03:50:59.351,88.0,0,UNKNOWN,8,0.0,0.0,0,,,,,,
lock_acquired,2026-09-11 03:50:59.351,76.0,0,UNKNOWN,8,0.0,0.0,0,,,,,,
lock_acquired,2026-09-11 03:50:59.351,82.0,0,UNKNOWN,8,0.0,0.0,0,,,,,,
lock_acquired,2026-09-11 03:50:59.351,86.0,0,UNKNOWN,8,0.0,0.0,0,,,,,,
lock_acquired,2026-09-11 03:50:59.351,82.0,0,UNKNOWN,8,0.0,0.0,0,,,,,,
lock_acquired,2026-09-11 03:50:59.351,80.0,0,UNKNOWN,8,0.0,0.0,0,,,,,,
lock_acquired,2026-09-11 03:50:59.351,80.0,0,UNKNOWN,8,0.0,0.0,0,,,,,,
lock_released,2026-09-11 03:50:59.351,81.0,0,UNKNOWN,8,0.0,0.0,0,,,,,,
lock_released,2026-09-11 03:50:59.351,88.0,0,UNKNOWN,8,0.0,0.0,0,,,,,,
lock_released,2026-09-11 03:50:59.351,83.0,0,UNKNOWN,8,0.0,0.0,0,,,,,,
lock_released,2026-09-11 03:50:59.351,84.0,0,UNKNOWN,8,0.0,0.0,0,,,,,,
lock_released,2026-09-11 03:50:59.351,82.0,0,UNKNOWN,8,0.0,0.0,0,,,,,,
lock_released,2026-09-11 03:50:59.351,86.0,0,UNKNOWN,8,0.0,0.0,0,,,,,,
lock_released,2026-09-11 03:50:59.351,83.0,0,UNKNOWN,8,0.0,0.0,0,,,,,,
lock_released,2026-09-11 03:50:59.351,80.0,0,UNKNOWN,8,0.0,0.0,0,,,,,,
lock_released,2026-09-11 03:50:59.351,82.0,0,UNKNOWN,8,0.0,0.0,0,,,,,,
lock_released,2026-09-11 03:50:59.351,81.0,0,UNKNOWN,8,0.0,0.0,0,,,,,,
lock_released,2026-09-11 03:50:59.351,84.0,0,UNKNOWN,8,0.0,0.0,0,,,,,,
lock_acquired,2026-09-11 03:51:04.412,89.0,0,UNKNOWN,8,0.0,0.0,0,,,,,,
lock_acquired,2026-09-11 03:51:04.412,88.0,0,UNKNOWN,8,0.0,0.0,0,,,,,,
lock_acquired,2026-09-11 03:51:04.412,83.0,0,UNKNOWN,8,0.0,0.0,0,,,,,,
lock_acquired,2026-09-11 03:51:04.412,82.0,0,UNKNOWN,8,0.0,0.0,0,,,,,,
lock_acquired,2026-09-11 03:51:04.412,82.0,0,UNKNOWN,8,0.0,0.0,0,,,,,,
lock_acquired,2026-09-11 03:51:04.412,80.0,0,UNKNOWN,8,0.0,0.0,0,,,,,,
lock_released,2026-09-11 03:51:04.412,86.0,0,UNKNOWN,8,0.0,0.0,0,,,,,,
lock_released,2026-09-11 03:51:04.412,88.0,0,UNKNOWN,8,0.0,0.0,0,,,,,,
lock_released,2026-09-11 03:51:04.412,88.0,0,UNKNOWN,8,0.0,0.0,0,,,,,,
lock_released,2026-09-11 03:51:04.412,76.0,0,UNKNOWN,8,0.0,0.0,0,,,,,,
lock_released,2026-09-11 03:51:04.412,82.0,0,UNKNOWN,8,0.0,0.0,0,,,,,,
lock_released,2026-09-11 03:51:04.412,86.0,0,UNKNOWN,8,0.0,0.0,0,,,,,,
lock_released,2026-09-11 03:51:04.412,80.0,0,UNKNOWN,8,0.0,0.0,0,,,,,,
lock_released,2026-09-11 03:51:04.412,80.0,0,UNKNOWN,8,0.0,0.0,0,,,,,,
lock_acquired,2026-09-11 03:51:09.446,81.0,0,UNKNOWN,8,0.0,0.0,0,,,,,,
lock_acquired,2026-09-11 03:51:09.446,83.0,0,UNKNOWN,8,0.0,0.0,0,,,,,,
lock_acquired,2026-09-11 03:51:09.446,80.0,0,UNKNOWN,8,0.0,0.0,0,,,,,,
lock_acquired,2026-09-11 03:51:09.446,84.0,0,UNKNOWN,8,0.0,0.0,0,,,,,,
lock_acquired,2026-09-11 03:51:09.446,86.0,0,UNKNOWN,8,0.0,0.0,0,,,,,,
lock_acquired,2026-09-11 03:51:09.446,83.0,0,UNKNOWN,8,0.0,0.0,0,,,,,,
lock_acquired,2026-09-11 03:51:09.446,89.0,0,UNKNOWN,8,0.0,0.0,0,,,,,,
lock_acquired,2026-09-11 03:51:09.446,87.0,0,UNKNOWN,8,0.0,0.0,0,,,,,,
lock_acquired,2026-09-11 03:51:09.446,80.0,0,UNKNOWN,8,0.0,0.0,0,,,,,,
lock_acquired,2026-09-11 03:51:09.446,84.0,0,UNKNOWN,8,0.0,0.0,0,,,,,,
lock_acquired,2026-09-11 03:51:09.446,81.0,0,UNKNOWN,8,0.0,0.0,0,,,,,,
lock_released,2026-09-11 03:51:09.446,88.0,0,UNKNOWN,8,0.0,0.0,0,,,,,,
lock_released,2026-09-11 03:51:09.446,83.0,0,UNKNOWN,8,0.0,0.0,0,,,,,,
lock_released,2026-09-11 03:51:09.446,85.0,0,UNKNOWN,8,0.0,0.0,0,,,,,,
lock_released,2026-09-11 03:51:09.446,87.0,0,UNKNOWN,8,0.0,0.0,0,,,,,,
lock_released,2026-09-11 03:51:09.446,87.0,0,UNKNOWN,8,0.0,0.0,0,,,,,,
lock_released,2026-09-11 03:51:09.446,83.0,0,UNKNOWN,8,0.0,0.0,0,,,,,,
lock_released,2026-09-11 03:51:09.446,80.0,0,UNKNOWN,8,0.0,0.0,0,,,,,,
lock_released,2026-09-11 03:51:09.446,82.0,0,UNKNOWN,8,0.0,0.0,0,,,,,,
lock_released,2026-09-11 03:51:09.446,80.0,0,UNKNOWN,8,0.0,0.0,0,,,,,,
lock_acquired,2026-09-11 03:51:14.502,85.0,0,UNKNOWN,8,0.0,0.0,0,,,,,,
lock_acquired,2026-09-11 03:51:14.502,87.0,0,UNKNOWN,8,0.0,0.0,0,,,,,,
lock_acquired,2026-09-11 03:51:14.502,82.0,0,UNKNOWN,8,0.0,0.0,0,,,,,,
lock_acquired,2026-09-11 03:51:14.502,83.0,0,UNKNOWN,8,0.0,0.0,0,,,,,,
lock_acquired,2026-09-11 03:51:14.502,83.0,0,UNKNOWN,8,0.0,0.0,0,,,,,,
lock_acquired,2026-09-11 03:51:14.502,87.0,0,UNKNOWN,8,0.0,0.0,0,,,,,,
lock_released,2026-09-11 03:51:14.502,81.0,0,UNKNOWN,8,0.0,0.0,0,,,,,,
lock_released,2026-09-11 03:51:14.502,80.0,0,UNKNOWN,8,0.0,0.0,0,,,,,,
lock_released,2026-09-11 03:51:14.502,84.0,0,UNKNOWN,8,0.0,0.0,0,,,,,,
lock_released,2026-09-11 03:51:14.502,83.0,0,UNKNOWN,8,0.0,0.0,0,,,,,,
lock_released,2026-09-11 03:51:14.502,87.0,0,UNKNOWN,8,0.0,0.0,0,,,,,,
lock_released,2026-09-11 03:51:14.502,88.0,0,UNKNOWN,8,0.0,0.0,0,,,,,,
lock_released,2026-09-11 03:51:14.502,80.0,0,UNKNOWN,8,0.0,0.0,0,,,,,,
lock_released,2026-09-11 03:51:14.502,84.0,0,UNKNOWN,8,0.0,0.0,0,,,,,,
lock_released,2026-09-11 03:51:14.502,81.0,0,UNKNOWN,8,0.0,0.0,0,,,,,,
logout,2026-09-11 03:51:19.537,74.0,0,UNKNOWN,8,0.0,0.0,0,,,,,,
lock_acquired,2026-09-11 03:51:19.537,81.0,0,UNKNOWN,8,0.0,0.0,0,,,,,,
lock_acquired,2026-09-11 03:51:19.537,88.0,0,UNKNOWN,8,0.0,0.0,0,,,,,,
lock_acquired,2026-09-11 03:51:19.537,88.0,0,UNKNOWN,8,0.0,0.0,0,,,,,,
lock_acquired,2026-09-11 03:51:19.537,80.0,0,UNKNOWN,8,0.0,0.0,0,,,,,,
lock_acquired,2026-09-11 03:51:19.537,80.0,0,UNKNOWN,8,0.0,0.0,0,,,,,,
lock_acquired,2026-09-11 03:51:19.537,80.0,0,UNKNOWN,8,0.0,0.0,0,,,,,,
lock_acquired,2026-09-11 03:51:19.537,81.0,0,UNKNOWN,8,0.0,0.0,0,,,,,,
lock_acquired,2026-09-11 03:51:19.537,81.0,0,UNKNOWN,8,0.0,0.0,0,,,,,,
lock_acquired,2026-09-11 03:51:19.537,86.0,0,UNKNOWN,8,0.0,0.0,0,,,,,,
lock_released,2026-09-11 03:51:19.537,86.0,0,UNKNOWN,8,0.0,0.0,0,,,,,,
lock_released,2026-09-11 03:51:19.537,87.0,0,UNKNOWN,8,0.0,0.0,0,,,,,,
lock_released,2026-09-11 03:51:19.537,89.0,0,UNKNOWN,8,0.0,0.0,0,,,,,,
lock_released,2026-09-11 03:51:19.537,82.0,0,UNKNOWN,8,0.0,0.0,0,,,,,,
lock_released,2026-09-11 03:51:19.537,82.0,0,UNKNOWN,8,0.0,0.0,0,,,,,,
lock_released,2026-09-11 03:51:19.537,82.0,0,UNKNOWN,8,0.0,0.0,0,,,,,,
lock_released,2026-09-11 03:51:19.537,74.0,0,UNKNOWN,8,0.0,0.0,0,,,,,,
lock_released,2026-09-11 03:51:19.537,87.0,0,UNKNOWN,8,0.0,0.0,0,,,,,,
lock_acquired,2026-09-11 03:51:24.569,84.0,0,UNKNOWN,8,0.0,0.0,0,,,,,,
lock_acquired,2026-09-11 03:51:24.569,84.0,0,UNKNOWN,8,0.0,0.0,0,,,,,,
lock_acquired,2026-09-11 03:51:24.569,85.0,0,UNKNOWN,8,0.0,0.0,0,,,,,,
lock_acquired,2026-09-11 03:51:24.569,86.0,0,UNKNOWN,8,0.0,0.0,0,,,,,,
lock_acquired,2026-09-11 03:51:24.569,88.0,0,UNKNOWN,8,0.0,0.0,0,,,,,,
lock_acquired,2026-09-11 03:51:24.569,83.0,0,UNKNOWN,8,0.0,0.0,0,,,,,,
lock_acquired,2026-09-11 03:51:24.569,87.0,0,UNKNOWN,8,0.0,0.0,0,,,,,,
lock_acquired,2026-09-11 03:51:24.569,82.0,0,UNKNOWN,8,0.0,0.0,0,,,,,,
lock_acquired,2026-09-11 03:51:24.569,86.0,0,UNKNOWN,8,0.0,0.0,0,,,,,,
lock_acquired,2026-09-11 03:51:24.569,80.0,0,UNKNOWN,8,0.0,0.0,0,,,,,,
lock_acquired,2026-09-11 03:51:24.569,82.0,0,UNKNOWN,8,0.0,0.0,0,,,,,,
lock_acquired,2026-09-11 03:51:24.569,87.0,0,UNKNOWN,8,0.0,0.0,0,,,,,,
lock_acquired,2026-09-11 03:51:24.569,84.0,0,UNKNOWN,8,0.0,0.0,0,,,,,,
lock_released,2026-09-11 03:51:24.569,85.0,0,UNKNOWN,8,0.0,0.0,0,,,,,,
lock_released,2026-09-11 03:51:24.569,81.0,0,UNKNOWN,8,0.0,0.0,0,,,,,,
lock_released,2026-09-11 03:51:24.569,88.0,0,UNKNOWN,8,0.0,0.0,0,,,,,,
lock_released,2026-09-11 03:51:24.569,85.0,0,UNKNOWN,8,0.0,0.0,0,,,,,,
lock_released,2026-09-11 03:51:24.569,88.0,0,UNKNOWN,8,0.0,0.0,0,,,,,,
lock_released,2026-09-11 03:51:24.569,80.0,0,UNKNOWN,8,0.0,0.0,0,,,,,,
lock_released,2026-09-11 03:51:24.569,83.0,0,UNKNOWN,8,0.0,0.0,0,,,,,,
lock_released,2026-09-11 03:51:24.569,83.0,0,UNKNOWN,8,0.0,0.0,0,,,,,,
lock_released,2026-09-11 03:51:24.569,80.0,0,UNKNOWN,8,0.0,0.0,0,,,,,,
lock_released,2026-09-11 03:51:24.569,80.0,0,UNKNOWN,8,0.0,0.0,0,,,,,,
lock_released,2026-09-11 03:51:24.569,81.0,0,UNKNOWN,8,0.0,0.0,0,,,,,,
lock_released,2026-09-11 03:51:24.569,81.0,0,UNKNOWN,8,0.0,0.0,0,,,,,,
lock_released,2026-09-11 03:51:24.569,86.0,0,UNKNOWN,8,0.0,0.0,0,,,,,,
lock_acquired,2026-09-11 03:51:29.645,81.0,0,UNKNOWN,8,0.0,0.0,0,,,,,,
lock_acquired,2026-09-11 03:51:29.645,88.0,0,UNKNOWN,8,0.0,0.0,0,,,,,,
lock_acquired,2026-09-11 03:51:29.645,85.0,0,UNKNOWN,8,0.0,0.0,0,,,,,,
lock_acquired,2026-09-11 03:51:29.645,89.0,0,UNKNOWN,8,0.0,0.0,0,,,,,,
lock_acquired,2026-09-11 03:51:29.645,88.0,0,UNKNOWN,8,0.0,0.0,0,,,,,,
lock_acquired,2026-09-11 03:51:29.645,80.0,0,UNKNOWN,8,0.0,0.0,0,,,,,,
lock_acquired,2026-09-11 03:51:29.645,83.0,0,UNKNOWN,8,0.0,0.0,0,,,,,,
lock_acquired,2026-09-11 03:51:29.645,83.0,0,UNKNOWN,8,0.0,0.0,0,,,,,,
lock_acquired,2026-09-11 03:51:29.645,80.0,0,UNKNOWN,8,0.0,0.0,0,,,,,,
lock_acquired,2026-09-11 03:51:29.645,87.0,0,UNKNOWN,8,0.0,0.0,0,,,,,,
lock_acquired,2026-09-11 03:51:29.645,84.0,0,UNKNOWN,8,0.0,0.0,0,,,,,,
lock_released,2026-09-11 03:51:29.645,84.0,0,UNKNOWN,8,0.0,0.0,0,,,,,,
lock_released,2026-09-11 03:51:29.645,85.0,0,UNKNOWN,8,0.0,0.0,0,,,,,,
lock_released,2026-09-11 03:51:29.645,86.0,0,UNKNOWN,8,0.0,0.0,0,,,,,,
lock_released,2026-09-11 03:51:29.645,88.0,0,UNKNOWN,8,0.0,0.0,0,,,,,,
lock_released,2026-09-11 03:51:29.645,83.0,0,UNKNOWN,8,0.0,0.0,0,,,,,,
lock_released,2026-09-11 03:51:29.645,87.0,0,UNKNOWN,8,0.0,0.0,0,,,,,,
lock_released,2026-09-11 03:51:29.645,86.0,0,UNKNOWN,8,0.0,0.0,0,,,,,,
lock_released,2026-09-11 03:51:29.645,80.0,0,UNKNOWN,8,0.0,0.0,0,,,,,,
lock_released,2026-09-11 03:51:29.645,87.0,0,UNKNOWN,8,0.0,0.0,0,,,,,,
lock_released,2026-09-11 03:51:29.645,84.0,0,UNKNOWN,8,0.0,0.0,0,,,,,,
lock_acquired,2026-09-11 03:51:34.735,85.0,0,UNKNOWN,8,0.0,0.0,0,,,,,,
lock_acquired,2026-09-11 03:51:34.735,87.0,0,UNKNOWN,8,0.0,0.0,0,,,,,,
lock_acquired,2026-09-11 03:51:34.735,85.0,0,UNKNOWN,8,0.0,0.0,0,,,,,,
lock_acquired,2026-09-11 03:51:34.735,82.0,0,UNKNOWN,8,0.0,0.0,0,,,,,,
lock_acquired,2026-09-11 03:51:34.735,83.0,0,UNKNOWN,8,0.0,0.0,0,,,,,,
lock_acquired,2026-09-11 03:51:34.735,78.0,0,UNKNOWN,8,0.0,0.0,0,,,,,,
lock_acquired,2026-09-11 03:51:34.735,82.0,0,UNKNOWN,8,0.0,0.0,0,,,,,,
lock_acquired,2026-09-11 03:51:34.735,81.0,0,UNKNOWN,8,0.0,0.0,0,,,,,,
lock_released,2026-09-11 03:51:34.735,84.0,0,UNKNOWN,8,0.0,0.0,0,,,,,,
lock_released,2026-09-11 03:51:34.735,85.0,0,UNKNOWN,8,0.0,0.0,0,,,,,,
lock_released,2026-09-11 03:51:34.735,82.0,0,UNKNOWN,8,0.0,0.0,0,,,,,,
lock_released,2026-09-11 03:51:34.735,83.0,0,UNKNOWN,8,0.0,0.0,0,,,,,,
lock_released,2026-09-11 03:51:34.735,83.0,0,UNKNOWN,8,0.0,0.0,0,,,,,,
lock_released,2026-09-11 03:51:34.735,82.0,0,UNKNOWN,8,0.0,0.0,0,,,,,,
lock_released,2026-09-11 03:51:34.735,80.0,0,UNKNOWN,8,0.0,0.0,0,,,,,,
lock_released,2026-09-11 03:51:34.735,87.0,0,UNKNOWN,8,0.0,0.0,0,,,,,,
lock_released,2026-09-11 03:51:34.735,84.0,0,UNKNOWN,8,0.0,0.0,0,,,,,,
login,2026-09-11 03:51:39.784,58.0,SteelNort,UNKNOWN,8,0.0,0.0,0,,,,,,
logout,2026-09-11 03:51:39.784,79.0,0,UNKNOWN,8,0.0,0.0,0,,,,,,
lock_acquired,2026-09-11 03:51:39.784,86.0,0,UNKNOWN,8,0.0,0.0,0,,,,,,
lock_acquired,2026-09-11 03:51:39.784,86.0,0,UNKNOWN,8,0.0,0.0,0,,,,,,
lock_acquired,2026-09-11 03:51:39.784,82.0,0,UNKNOWN,8,0.0,0.0,0,,,,,,
lock_acquired,2026-09-11 03:51:39.784,83.0,0,UNKNOWN,8,0.0,0.0,0,,,,,,
lock_acquired,2026-09-11 03:51:39.784,84.0,0,UNKNOWN,8,0.0,0.0,0,,,,,,
lock_released,2026-09-11 03:51:39.784,79.0,0,UNKNOWN,8,0.0,0.0,0,,,,,,
lock_released,2026-09-11 03:51:39.784,81.0,0,UNKNOWN,8,0.0,0.0,0,,,,,,
lock_released,2026-09-11 03:51:39.784,85.0,0,UNKNOWN,8,0.0,0.0,0,,,,,,
lock_released,2026-09-11 03:51:39.784,83.0,0,UNKNOWN,8,0.0,0.0,0,,,,,,
lock_released,2026-09-11 03:51:39.784,89.0,0,UNKNOWN,8,0.0,0.0,0,,,,,,
lock_released,2026-09-11 03:51:39.784,85.0,0,UNKNOWN,8,0.0,0.0,0,,,,,,
lock_released,2026-09-11 03:51:39.784,82.0,0,UNKNOWN,8,0.0,0.0,0,,,,,,
lock_released,2026-09-11 03:51:39.784,83.0,0,UNKNOWN,8,0.0,0.0,0,,,,,,
lock_released,2026-09-11 03:51:39.784,89.0,0,UNKNOWN,8,0.0,0.0,0,,,,,,
lock_released,2026-09-11 03:51:39.784,78.0,0,UNKNOWN,8,0.0,0.0,0,,,,,,
lock_released,2026-09-11 03:51:39.784,80.0,0,UNKNOWN,8,0.0,0.0,0,,,,,,
lock_released,2026-09-11 03:51:39.784,82.0,0,UNKNOWN,8,0.0,0.0,0,,,,,,
lock_released,2026-09-11 03:51:39.784,81.0,0,UNKNOWN,8,0.0,0.0,0,,,,,,
logout,2026-09-11 03:51:44.853,58.0,0,UNKNOWN,8,0.0,0.0,0,,,,,,
lock_acquired,2026-09-11 03:51:44.853,81.0,0,UNKNOWN,8,0.0,0.0,0,,,,,,
lock_acquired,2026-09-11 03:51:44.853,83.0,0,UNKNOWN,8,0.0,0.0,0,,,,,,
lock_acquired,2026-09-11 03:51:44.853,85.0,0,UNKNOWN,8,0.0,0.0,0,,,,,,
lock_acquired,2026-09-11 03:51:44.853,87.0,0,UNKNOWN,8,0.0,0.0,0,,,,,,
lock_acquired,2026-09-11 03:51:44.853,87.0,0,UNKNOWN,8,0.0,0.0,0,,,,,,
lock_acquired,2026-09-11 03:51:44.853,89.0,0,UNKNOWN,8,0.0,0.0,0,,,,,,
lock_acquired,2026-09-11 03:51:44.853,80.0,0,UNKNOWN,8,0.0,0.0,0,,,,,,
lock_acquired,2026-09-11 03:51:44.853,82.0,0,UNKNOWN,8,0.0,0.0,0,,,,,,
lock_acquired,2026-09-11 03:51:44.853,83.0,0,UNKNOWN,8,0.0,0.0,0,,,,,,
lock_acquired,2026-09-11 03:51:44.853,82.0,0,UNKNOWN,8,0.0,0.0,0,,,,,,
lock_acquired,2026-09-11 03:51:44.853,80.0,0,UNKNOWN,8,0.0,0.0,0,,,,,,
lock_acquired,2026-09-11 03:51:44.853,81.0,0,UNKNOWN,8,0.0,0.0,0,,,,,,
lock_released,2026-09-11 03:51:44.853,87.0,0,UNKNOWN,8,0.0,0.0,0,,,,,,
lock_released,2026-09-11 03:51:44.853,86.0,0,UNKNOWN,8,0.0,0.0,0,,,,,,
lock_released,2026-09-11 03:51:44.853,86.0,0,UNKNOWN,8,0.0,0.0,0,,,,,,
lock_released,2026-09-11 03:51:44.853,82.0,0,UNKNOWN,8,0.0,0.0,0,,,,,,
lock_released,2026-09-11 03:51:44.853,83.0,0,UNKNOWN,8,0.0,0.0,0,,,,,,
lock_released,2026-09-11 03:51:44.853,84.0,0,UNKNOWN,8,0.0,0.0,0,,,,,,
logout,2026-09-11 03:51:49.896,80.0,0,UNKNOWN,8,0.0,0.0,0,,,,,,
logout,2026-09-11 03:51:49.896,81.0,0,UNKNOWN,8,0.0,0.0,0,,,,,,
logout,2026-09-11 03:51:49.896,82.0,0,UNKNOWN,8,0.0,0.0,0,,,,,,
logout,2026-09-11 03:51:49.896,83.0,0,UNKNOWN,8,0.0,0.0,0,,,,,,
logout,2026-09-11 03:51:49.896,84.0,0,UNKNOWN,8,0.0,0.0,0,,,,,,
logout,2026-09-11 03:51:49.896,85.0,0,UNKNOWN,8,0.0,0.0,0,,,,,,
logout,2026-09-11 03:51:49.896,86.0,0,UNKNOWN,8,0.0,0.0,0,,,,,,
logout,2026-09-11 03:51:49.896,87.0,0,UNKNOWN,8,0.0,0.0,0,,,,,,
logout,2026-09-11 03:51:49.896,88.0,0,UNKNOWN,8,0.0,0.0,0,,,,,,
logout,2026-09-11 03:51:49.896,89.0,0,UNKNOWN,8,0.0,0.0,0,,,,,,
lock_released,2026-09-11 03:51:49.896,88.0,0,UNKNOWN,8,0.0,0.0,0,,,,,,
lock_released,2026-09-11 03:51:49.896,86.0,0,UNKNOWN,8,0.0,0.0,0,,,,,,
lock_released,2026-09-11 03:51:49.896,87.0,0,UNKNOWN,8,0.0,0.0,0,,,,,,
lock_released,2026-09-11 03:51:49.896,89.0,0,UNKNOWN,8,0.0,0.0,0,,,,,,
lock_released,2026-09-11 03:51:49.896,82.0,0,UNKNOWN,8,0.0,0.0,0,,,,,,
lock_released,2026-09-11 03:51:49.896,80.0,0,UNKNOWN,8,0.0,0.0,0,,,,,,
lock_released,2026-09-11 03:51:49.896,81.0,0,UNKNOWN,8,0.0,0.0,0,,,,,,
lock_released,2026-09-11 03:51:49.896,85.0,0,UNKNOWN,8,0.0,0.0,0,,,,,,
lock_released,2026-09-11 03:51:49.896,83.0,0,UNKNOWN,8,0.0,0.0,0,,,,,,
lock_released,2026-09-11 03:51:49.896,88.0,0,UNKNOWN,8,0.0,0.0,0,,,,,,
lock_released,2026-09-11 03:51:49.896,87.0,0,UNKNOWN,8,0.0,0.0,0,,,,,,
lock_released,2026-09-11 03:51:49.896,82.0,0,UNKNOWN,8,0.0,0.0,0,,,,,,
lock_released,2026-09-11 03:51:49.896,87.0,0,UNKNOWN,8,0.0,0.0,0,,,,,,
lock_released,2026-09-11 03:51:49.896,80.0,0,UNKNOWN,8,0.0,0.0,0,,,,,,
lock_released,2026-09-11 03:51:49.896,81.0,0,UNKNOWN,8,0.0,0.0,0,,,,,,
lock_released,2026-09-11 03:51:49.896,83.0,0,UNKNOWN,8,0.0,0.0,0,,,,,,
lock_released,2026-09-11 03:51:49.896,83.0,0,UNKNOWN,8,0.0,0.0,0,,,,,,
lock_released,2026-09-11 03:51:49.896,88.0,0,UNKNOWN,8,0.0,0.0,0,,,,,,
lock_released,2026-09-11 03:51:49.896,85.0,0,UNKNOWN,8,0.0,0.0,0,,,,,,
lock_released,2026-09-11 03:51:49.896,89.0,0,UNKNOWN,8,0.0,0.0,0,,,,,,
lock_released,2026-09-11 03:51:49.896,82.0,0,UNKNOWN,8,0.0,0.0,0,,,,,,
lock_released,2026-09-11 03:51:49.896,80.0,0,UNKNOWN,8,0.0,0.0,0,,,,,,
lock_released,2026-09-11 03:51:49.896,84.0,0,UNKNOWN,8,0.0,0.0,0,,,,,,
lock_released,2026-09-11 03:51:49.896,81.0,0,UNKNOWN,8,0.0,0.0,0,,,,,,
login,2026-09-04 05:01:46.876,64.0,SteelNort,UNKNOWN,carga1,,,,0,0.0,0.0,0.0,0.0,0
login,2026-09-04 05:01:46.876,65.0,SteelNort,UNKNOWN,carga1,,,,0,0.0,0.0,0.0,0.0,0
login,2026-09-04 05:01:46.876,66.0,SteelNort,UNKNOWN,carga1,,,,0,0.0,0.0,0.0,0.0,0
login,2026-09-04 05:01:46.876,67.0,SteelNort,UNKNOWN,carga1,,,,0,0.0,0.0,0.0,0.0,0
login,2026-09-04 05:01:46.876,68.0,SteelNort,UNKNOWN,carga1,,,,0,0.0,0.0,0.0,0.0,0
login,2026-09-04 05:01:46.876,69.0,SteelNort,UNKNOWN,carga1,,,,0,0.0,0.0,0.0,0.0,0
login,2026-09-04 05:01:46.876,70.0,SteelNort,UNKNOWN,carga1,,,,0,0.0,0.0,0.0,0.0,0
login,2026-09-04 05:01:46.876,71.0,SteelNort,UNKNOWN,carga1,,,,0,0.0,0.0,0.0,0.0,0
login,2026-09-04 05:01:46.876,72.0,SteelNort,UNKNOWN,carga1,,,,0,0.0,0.0,0.0,0.0,0
login,2026-09-04 05:01:46.876,73.0,SteelNort,UNKNOWN,carga1,,,,0,0.0,0.0,0.0,0.0,0
login,2026-09-04 05:01:46.876,74.0,SteelNort,UNKNOWN,carga1,,,,0,0.0,0.0,0.0,0.0,0
login,2026-09-04 05:01:46.876,75.0,SteelNort,UNKNOWN,carga1,,,,0,0.0,0.0,0.0,0.0,0
login,2026-09-04 05:01:46.876,76.0,SteelNort,UNKNOWN,carga1,,,,0,0.0,0.0,0.0,0.0,0
login,2026-09-04 05:01:46.876,77.0,SteelNort,UNKNOWN,carga1,,,,0,0.0,0.0,0.0,0.0,0
login,2026-09-04 05:01:46.876,78.0,SteelNort,UNKNOWN,carga1,,,,0,0.0,0.0,0.0,0.0,0
login,2026-09-04 05:01:46.876,79.0,SteelNort,UNKNOWN,carga1,,,,0,0.0,0.0,0.0,0.0,0
login,2026-09-04 05:01:46.876,51.0,SteelNort,UNKNOWN,carga1,,,,0,0.0,0.0,0.0,0.0,0
login,2026-09-04 05:01:46.876,52.0,SteelNort,UNKNOWN,carga1,,,,0,0.0,0.0,0.0,0.0,0
login,2026-09-04 05:01:46.876,53.0,SteelNort,UNKNOWN,carga1,,,,0,0.0,0.0,0.0,0.0,0
login,2026-09-04 05:01:46.876,54.0,SteelNort,UNKNOWN,carga1,,,,0,0.0,0.0,0.0,0.0,0
login,2026-09-04 05:01:46.876,55.0,SteelNort,UNKNOWN,carga1,,,,0,0.0,0.0,0.0,0.0,0
login,2026-09-04 05:01:46.876,56.0,SteelNort,UNKNOWN,carga1,,,,0,0.0,0.0,0.0,0.0,0
login,2026-09-04 05:01:46.876,57.0,SteelNort,UNKNOWN,carga1,,,,0,0.0,0.0,0.0,0.0,0
login,2026-09-04 05:01:46.876,58.0,SteelNort,UNKNOWN,carga1,,,,0,0.0,0.0,0.0,0.0,0
login,2026-09-04 05:01:46.876,59.0,SteelNort,UNKNOWN,carga1,,,,0,0.0,0.0,0.0,0.0,0
login,2026-09-04 05:01:46.876,60.0,SteelNort,UNKNOWN,carga1,,,,0,0.0,0.0,0.0,0.0,0
login,2026-09-04 05:01:46.876,61.0,SteelNort,UNKNOWN,carga1,,,,0,0.0,0.0,0.0,0.0,0
login,2026-09-04 05:01:46.876,62.0,SteelNort,UNKNOWN,carga1,,,,0,0.0,0.0,0.0,0.0,0
login,2026-09-04 05:01:46.876,63.0,SteelNort,UNKNOWN,carga1,,,,0,0.0,0.0,0.0,0.0,0
sql_batch_completed,2026-09-04 05:01:46.876,51.0,master,SQL_SERVER_INTERNAL,carga1,,,,TASK MANAGER,53931.0,0.0,0.0,0.0,0
sql_batch_completed,2026-09-04 05:01:46.876,53.0,master,SQL_SERVER_INTERNAL,carga1,,,,TRACE QUEUE TASK,649065.0,20.0,0.0,0.0,SQLTRACE_INCREMENTAL_FLUSH_SLEEP
sql_batch_completed,2026-09-04 05:01:46.876,54.0,SteelNort,SQL_SERVER_INTERNAL,carga1,,,,SYSTEM_HEALTH_MONITOR,649060.0,1.0,0.0,0.0,SP_SERVER_DIAGNOSTICS_SLEEP
sql_batch_completed,2026-09-04 05:01:46.876,55.0,master,SQL_SERVER_INTERNAL,carga1,,,,BRKR TASK,647075.0,0.0,0.0,0.0,BROKER_TRANSMITTER
sql_batch_completed,2026-09-04 05:01:46.876,56.0,master,SQL_SERVER_INTERNAL,carga1,,,,CHECKPOINT,649009.0,0.0,0.0,6.0,CHECKPOINT_QUEUE
sql_batch_completed,2026-09-04 05:01:46.876,57.0,master,SQL_SERVER_INTERNAL,carga1,,,,TASK MANAGER,649010.0,0.0,0.0,0.0,ONDEMAND_TASK_QUEUE
sql_batch_completed,2026-09-04 05:01:46.876,58.0,master,SQL_SERVER_INTERNAL,carga1,,,,BRKR TASK,647078.0,75.0,0.0,0.0,BROKER_TO_FLUSH
sql_batch_completed,2026-09-04 05:01:46.876,59.0,master,SQL_SERVER_INTERNAL,carga1,,,,BRKR TASK,647080.0,227.0,0.0,0.0,HADR_FILESTREAM_IOMGR_IOCOMPLETION
sql_batch_completed,2026-09-04 05:01:46.876,61.0,SteelNort,SQL_SERVER_INTERNAL,carga1,,,,HADR_AR_MGR_NOTIFICATION_WORKER,648994.0,0.0,0.0,0.0,HADR_NOTIFICATION_DEQUEUE
sql_batch_completed,2026-09-04 05:01:46.876,71.0,master,SQL_SERVER_INTERNAL,carga1,,,,TASK MANAGER,53942.0,0.0,0.0,0.0,0
sql_batch_completed,2026-09-04 05:01:46.876,72.0,master,SQL_SERVER_INTERNAL,carga1,,,,TASK MANAGER,53943.0,0.0,0.0,0.0,0
sql_batch_completed,2026-09-04 05:01:46.876,73.0,master,SQL_SERVER_INTERNAL,carga1,,,,TASK MANAGER,53944.0,0.0,0.0,0.0,0
sql_batch_completed,2026-09-04 05:01:46.876,74.0,master,SQL_SERVER_INTERNAL,carga1,,,,TASK MANAGER,53945.0,0.0,0.0,0.0,0
sql_batch_completed,2026-09-04 05:01:46.876,75.0,master,SQL_SERVER_INTERNAL,carga1,,,,TASK MANAGER,53946.0,0.0,0.0,0.0,0
sql_batch_completed,2026-09-04 05:01:46.876,76.0,master,SQL_SERVER_INTERNAL,carga1,,,,TASK MANAGER,53943.0,0.0,0.0,0.0,0
sql_batch_completed,2026-09-04 05:01:46.876,77.0,SteelNort,USER,carga1,,,,EXECUTE,72.0,51.0,0.0,0.0,MSQL_XP
sql_batch_completed,2026-09-04 05:01:46.876,79.0,SteelNort,USER,carga1,,,,SELECT,23.0,0.0,0.0,0.0,0
lock_acquired,2026-09-04 05:01:46.876,63.0,0,UNKNOWN,carga1,,,,0,0.0,0.0,0.0,0.0,0
lock_acquired,2026-09-04 05:01:46.876,60.0,0,UNKNOWN,carga1,,,,0,0.0,0.0,0.0,0.0,0
lock_acquired,2026-09-04 05:01:46.876,79.0,0,UNKNOWN,carga1,,,,0,0.0,0.0,0.0,0.0,0
lock_acquired,2026-09-04 05:01:46.876,64.0,0,UNKNOWN,carga1,,,,0,0.0,0.0,0.0,0.0,0
lock_acquired,2026-09-04 05:01:46.876,78.0,0,UNKNOWN,carga1,,,,0,0.0,0.0,0.0,0.0,0
lock_acquired,2026-09-04 05:01:46.876,52.0,0,UNKNOWN,carga1,,,,0,0.0,0.0,0.0,0.0,0
lock_acquired,2026-09-04 05:01:46.876,67.0,0,UNKNOWN,carga1,,,,0,0.0,0.0,0.0,0.0,0
lock_acquired,2026-09-04 05:01:46.876,78.0,0,UNKNOWN,carga1,,,,0,0.0,0.0,0.0,0.0,0
lock_acquired,2026-09-04 05:01:46.876,68.0,0,UNKNOWN,carga1,,,,0,0.0,0.0,0.0,0.0,0
lock_acquired,2026-09-04 05:01:46.876,65.0,0,UNKNOWN,carga1,,,,0,0.0,0.0,0.0,0.0,0
lock_acquired,2026-09-04 05:01:46.876,62.0,0,UNKNOWN,carga1,,,,0,0.0,0.0,0.0,0.0,0
lock_acquired,2026-09-04 05:01:46.876,77.0,0,UNKNOWN,carga1,,,,0,0.0,0.0,0.0,0.0,0
lock_acquired,2026-09-04 05:01:46.876,69.0,0,UNKNOWN,carga1,,,,0,0.0,0.0,0.0,0.0,0
lock_acquired,2026-09-04 05:01:46.876,66.0,0,UNKNOWN,carga1,,,,0,0.0,0.0,0.0,0.0,0
wait_info,2026-09-04 05:01:51.972,58.0,master,UNKNOWN,carga1,,,,0,0.0,0.0,0.0,0.0,SLEEP_TASK
sql_batch_completed,2026-09-04 05:01:51.972,77.0,SteelNort,USER,carga1,,,,EXECUTE,5113.0,51.0,0.0,0.0,0
lock_released,2026-09-04 05:01:51.972,78.0,0,UNKNOWN,carga1,,,,0,0.0,0.0,0.0,0.0,0
wait_info,2026-09-04 05:01:56.998,58.0,master,UNKNOWN,carga1,,,,0,0.0,0.0,0.0,0.0,BROKER_TO_FLUSH
wait_info,2026-09-04 05:02:02.018,58.0,master,UNKNOWN,carga1,,,,0,0.0,0.0,0.0,0.0,SLEEP_TASK
sql_batch_completed,2026-09-04 05:02:02.018,63.0,SteelNort,USER,carga1,,,,EXECUTE,8.0,0.0,0.0,0.0,0
sql_batch_completed,2026-09-04 05:02:07.047,63.0,SteelNort,USER,carga1,,,,EXECUTE,5035.0,0.0,0.0,0.0,0
wait_info,2026-09-04 05:02:12.068,58.0,master,UNKNOWN,carga1,,,,0,0.0,0.0,0.0,0.0,BROKER_TO_FLUSH
wait_info,2026-09-04 05:02:17.086,58.0,master,UNKNOWN,carga1,,,,0,0.0,0.0,0.0,0.0,SLEEP_TASK
wait_info,2026-09-04 05:02:22.109,58.0,master,UNKNOWN,carga1,,,,0,0.0,0.0,0.0,0.0,BROKER_TO_FLUSH
wait_info,2026-09-04 05:02:27.145,58.0,master,UNKNOWN,carga1,,,,0,0.0,0.0,0.0,0.0,SLEEP_TASK
sql_batch_completed,2026-09-04 05:02:27.145,60.0,SteelNort,UNKNOWN,carga1,,,,AWAITING COMMAND,8.0,0.0,0.0,0.0,0
sql_batch_completed,2026-09-04 05:02:27.145,68.0,SteelNort,USER,carga1,,,,EXECUTE,9.0,1.0,0.0,0.0,0
wait_info,2026-09-04 05:02:32.178,58.0,master,UNKNOWN,carga1,,,,0,0.0,0.0,0.0,0.0,BROKER_TO_FLUSH
sql_batch_completed,2026-09-04 05:02:32.178,60.0,SteelNort,UNKNOWN,carga1,,,,AWAITING COMMAND,5051.0,0.0,0.0,0.0,0
lock_acquired,2026-09-04 05:02:32.178,68.0,0,UNKNOWN,carga1,,,,0,0.0,0.0,0.0,0.0,0
lock_acquired,2026-09-04 05:02:32.178,68.0,0,UNKNOWN,carga1,,,,0,0.0,0.0,0.0,0.0,0
lock_acquired,2026-09-04 05:02:32.178,68.0,0,UNKNOWN,carga1,,,,0,0.0,0.0,0.0,0.0,0
lock_acquired,2026-09-04 05:02:32.178,68.0,0,UNKNOWN,carga1,,,,0,0.0,0.0,0.0,0.0,0
wait_info,2026-09-04 05:02:37.223,58.0,master,UNKNOWN,carga1,,,,0,0.0,0.0,0.0,0.0,SLEEP_TASK
sql_batch_completed,2026-09-04 05:02:37.223,68.0,SteelNort,UNKNOWN,carga1,,,,AWAITING COMMAND,5042.0,0.0,0.0,0.0,0
lock_released,2026-09-04 05:02:37.223,68.0,0,UNKNOWN,carga1,,,,0,0.0,0.0,0.0,0.0,0
lock_released,2026-09-04 05:02:37.223,68.0,0,UNKNOWN,carga1,,,,0,0.0,0.0,0.0,0.0,0
lock_released,2026-09-04 05:02:37.223,68.0,0,UNKNOWN,carga1,,,,0,0.0,0.0,0.0,0.0,0
lock_released,2026-09-04 05:02:37.223,68.0,0,UNKNOWN,carga1,,,,0,0.0,0.0,0.0,0.0,0
wait_info,2026-09-04 05:02:42.251,58.0,master,UNKNOWN,carga1,,,,0,0.0,0.0,0.0,0.0,BROKER_TO_FLUSH
wait_info,2026-09-04 05:02:47.273,58.0,master,UNKNOWN,carga1,,,,0,0.0,0.0,0.0,0.0,SLEEP_TASK
sql_batch_completed,2026-09-04 05:02:47.273,65.0,SteelNort,USER,carga1,,,,SELECT,6.0,0.0,0.0,0.0,0
login,2026-09-04 05:02:52.300,80.0,SteelNort,UNKNOWN,carga1,,,,0,0.0,0.0,0.0,0.0,0
wait_info,2026-09-04 05:02:52.300,58.0,master,UNKNOWN,carga1,,,,0,0.0,0.0,0.0,0.0,BROKER_TO_FLUSH
sql_batch_completed,2026-09-04 05:02:52.300,60.0,SteelNort,UNKNOWN,carga1,,,,AWAITING COMMAND,9.0,0.0,0.0,0.0,0
sql_batch_completed,2026-09-04 05:02:52.300,66.0,SteelNort,UNKNOWN,carga1,,,,AWAITING COMMAND,10.0,1.0,0.0,0.0,0
sql_batch_completed,2026-09-04 05:02:52.300,77.0,SteelNort,USER,carga1,,,,EXECUTE,344.0,134.0,0.0,0.0,MSQL_XP
sql_batch_completed,2026-09-04 05:02:52.300,65.0,SteelNort,USER,carga1,,,,SELECT,5035.0,0.0,0.0,0.0,0
logout,2026-09-04 05:02:57.328,80.0,0,UNKNOWN,carga1,,,,0,0.0,0.0,0.0,0.0,0
wait_info,2026-09-04 05:02:57.328,58.0,master,UNKNOWN,carga1,,,,0,0.0,0.0,0.0,0.0,SLEEP_TASK
sql_batch_completed,2026-09-04 05:02:57.328,62.0,SteelNort,USER,carga1,,,,EXECUTE,7.0,0.0,0.0,0.0,0
sql_batch_completed,2026-09-04 05:02:57.328,66.0,SteelNort,UNKNOWN,carga1,,,,AWAITING COMMAND,5035.0,1.0,0.0,0.0,0
sql_batch_completed,2026-09-04 05:02:57.328,60.0,SteelNort,UNKNOWN,carga1,,,,AWAITING COMMAND,5036.0,0.0,0.0,0.0,0
sql_batch_completed,2026-09-04 05:02:57.328,77.0,SteelNort,USER,carga1,,,,EXECUTE,5370.0,134.0,0.0,0.0,0
sql_batch_completed,2026-09-04 05:03:02.351,62.0,SteelNort,USER,carga1,,,,EXECUTE,5027.0,0.0,0.0,0.0,0
wait_info,2026-09-04 05:03:07.369,58.0,master,UNKNOWN,carga1,,,,0,0.0,0.0,0.0,0.0,BROKER_TO_FLUSH
login,2026-09-04 05:03:12.397,80.0,SteelNort,UNKNOWN,carga1,,,,0,0.0,0.0,0.0,0.0,0
wait_info,2026-09-04 05:03:12.397,58.0,master,UNKNOWN,carga1,,,,0,0.0,0.0,0.0,0.0,SLEEP_TASK
sql_batch_completed,2026-09-04 05:03:12.397,80.0,master,SQL_SERVER_INTERNAL,carga1,,,,BRKR TASK,3113.0,0.0,0.0,0.0,BROKER_TASK_STOP
lock_acquired,2026-09-04 05:03:12.397,60.0,0,UNKNOWN,carga1,,,,0,0.0,0.0,0.0,0.0,0
lock_acquired,2026-09-04 05:03:12.397,60.0,0,UNKNOWN,carga1,,,,0,0.0,0.0,0.0,0.0,0
lock_acquired,2026-09-04 05:03:12.397,60.0,0,UNKNOWN,carga1,,,,0,0.0,0.0,0.0,0.0,0
lock_acquired,2026-09-04 05:03:12.397,60.0,0,UNKNOWN,carga1,,,,0,0.0,0.0,0.0,0.0,0
login,2026-09-04 05:03:17.424,81.0,SteelNort,UNKNOWN,carga1,,,,0,0.0,0.0,0.0,0.0,0
wait_info,2026-09-04 05:03:17.424,58.0,master,UNKNOWN,carga1,,,,0,0.0,0.0,0.0,0.0,BROKER_TO_FLUSH
sql_batch_completed,2026-09-04 05:03:17.424,77.0,SteelNort,USER,carga1,,,,EXECUTE,232.0,131.0,0.0,0.0,MSQL_XP
lock_released,2026-09-04 05:03:17.424,60.0,0,UNKNOWN,carga1,,,,0,0.0,0.0,0.0,0.0,0
lock_released,2026-09-04 05:03:17.424,60.0,0,UNKNOWN,carga1,,,,0,0.0,0.0,0.0,0.0,0
lock_released,2026-09-04 05:03:17.424,60.0,0,UNKNOWN,carga1,,,,0,0.0,0.0,0.0,0.0,0
lock_released,2026-09-04 05:03:17.424,60.0,0,UNKNOWN,carga1,,,,0,0.0,0.0,0.0,0.0,0
logout,2026-09-04 05:03:22.464,80.0,0,UNKNOWN,carga1,,,,0,0.0,0.0,0.0,0.0,0
logout,2026-09-04 05:03:22.464,81.0,0,UNKNOWN,carga1,,,,0,0.0,0.0,0.0,0.0,0
wait_info,2026-09-04 05:03:22.464,58.0,master,UNKNOWN,carga1,,,,0,0.0,0.0,0.0,0.0,SLEEP_TASK
sql_batch_completed,2026-09-04 05:03:22.464,80.0,master,SQL_SERVER_INTERNAL,carga1,,,,BRKR TASK,13183.0,0.0,0.0,0.0,0
sql_batch_completed,2026-09-04 05:03:22.464,77.0,SteelNort,USER,carga1,,,,EXECUTE,5270.0,131.0,0.0,0.0,0
sql_batch_completed,2026-09-04 05:03:27.491,52.0,SteelNort,USER,carga1,,,,EXECUTE,8.0,0.0,0.0,0.0,0
wait_info,2026-09-04 05:03:27.491,58.0,master,UNKNOWN,carga1,,,,0,0.0,0.0,0.0,0.0,BROKER_TO_FLUSH
sql_batch_completed,2026-09-04 05:03:27.491,67.0,SteelNort,UNKNOWN,carga1,,,,AWAITING COMMAND,10.0,0.0,0.0,0.0,0
wait_info,2026-09-04 05:03:32.515,58.0,master,UNKNOWN,carga1,,,,0,0.0,0.0,0.0,0.0,SLEEP_TASK
sql_batch_completed,2026-09-04 05:03:32.515,66.0,SteelNort,UNKNOWN,carga1,,,,AWAITING COMMAND,9.0,0.0,0.0,0.0,0
sql_batch_completed,2026-09-04 05:03:32.515,67.0,SteelNort,UNKNOWN,carga1,,,,AWAITING COMMAND,5047.0,0.0,0.0,0.0,0
sql_batch_completed,2026-09-04 05:03:32.515,52.0,SteelNort,USER,carga1,,,,EXECUTE,5048.0,0.0,0.0,0.0,0
wait_info,2026-09-04 05:03:37.565,58.0,master,UNKNOWN,carga1,,,,0,0.0,0.0,0.0,0.0,BROKER_TO_FLUSH
sql_batch_completed,2026-09-04 05:03:37.565,66.0,SteelNort,UNKNOWN,carga1,,,,AWAITING COMMAND,5045.0,0.0,0.0,0.0,0
lock_acquired,2026-09-04 05:03:37.565,52.0,0,UNKNOWN,carga1,,,,0,0.0,0.0,0.0,0.0,0
wait_info,2026-09-04 05:03:42.594,58.0,master,UNKNOWN,carga1,,,,0,0.0,0.0,0.0,0.0,SLEEP_TASK
lock_released,2026-09-04 05:03:42.594,52.0,0,UNKNOWN,carga1,,,,0,0.0,0.0,0.0,0.0,0
wait_info,2026-09-04 05:03:47.620,58.0,master,UNKNOWN,carga1,,,,0,0.0,0.0,0.0,0.0,BROKER_TO_FLUSH
wait_info,2026-09-04 05:03:52.642,58.0,master,UNKNOWN,carga1,,,,0,0.0,0.0,0.0,0.0,SLEEP_TASK
logout,2026-09-04 05:03:57.665,73.0,0,UNKNOWN,carga1,,,,0,0.0,0.0,0.0,0.0,0
logout,2026-09-04 05:03:57.665,75.0,0,UNKNOWN,carga1,,,,0,0.0,0.0,0.0,0.0,0
logout,2026-09-04 05:03:57.665,51.0,0,UNKNOWN,carga1,,,,0,0.0,0.0,0.0,0.0,0
logout,2026-09-04 05:03:57.665,76.0,0,UNKNOWN,carga1,,,,0,0.0,0.0,0.0,0.0,0
sql_batch_completed,2026-09-04 05:03:57.665,52.0,SteelNort,UNKNOWN,carga1,,,,AWAITING COMMAND,2.0,0.0,0.0,0.0,0
sql_batch_completed,2026-09-04 05:03:57.665,66.0,SteelNort,USER,carga1,,,,EXECUTE,3.0,0.0,0.0,0.0,0
sql_batch_completed,2026-09-04 05:03:57.665,73.0,master,SQL_SERVER_INTERNAL,carga1,,,,TASK MANAGER,184691.0,0.0,0.0,0.0,0
sql_batch_completed,2026-09-04 05:03:57.665,75.0,master,SQL_SERVER_INTERNAL,carga1,,,,TASK MANAGER,184692.0,0.0,0.0,0.0,0
sql_batch_completed,2026-09-04 05:03:57.665,76.0,master,SQL_SERVER_INTERNAL,carga1,,,,TASK MANAGER,184689.0,0.0,0.0,0.0,0
sql_batch_completed,2026-09-04 05:03:57.665,51.0,master,SQL_SERVER_INTERNAL,carga1,,,,TASK MANAGER,184694.0,0.0,0.0,0.0,0
wait_info,2026-09-04 05:04:02.698,58.0,master,UNKNOWN,carga1,,,,0,0.0,0.0,0.0,0.0,BROKER_TO_FLUSH
sql_batch_completed,2026-09-04 05:04:02.698,66.0,SteelNort,USER,carga1,,,,EXECUTE,5028.0,0.0,0.0,0.0,0
sql_batch_completed,2026-09-04 05:04:02.698,52.0,SteelNort,UNKNOWN,carga1,,,,AWAITING COMMAND,5029.0,0.0,0.0,0.0,0
lock_acquired,2026-09-04 05:04:02.698,63.0,0,UNKNOWN,carga1,,,,0,0.0,0.0,0.0,0.0,0
wait_info,2026-09-04 05:04:07.723,58.0,master,UNKNOWN,carga1,,,,0,0.0,0.0,0.0,0.0,SLEEP_TASK
lock_released,2026-09-04 05:04:07.723,63.0,0,UNKNOWN,carga1,,,,0,0.0,0.0,0.0,0.0,0
wait_info,2026-09-04 05:04:12.743,58.0,master,UNKNOWN,carga1,,,,0,0.0,0.0,0.0,0.0,BROKER_TO_FLUSH
sql_batch_completed,2026-09-04 05:04:12.743,65.0,SteelNort,UNKNOWN,carga1,,,,AWAITING COMMAND,4.0,1.0,0.0,0.0,0
lock_acquired,2026-09-04 05:04:12.743,66.0,0,UNKNOWN,carga1,,,,0,0.0,0.0,0.0,0.0,0
lock_acquired,2026-09-04 05:04:12.743,66.0,0,UNKNOWN,carga1,,,,0,0.0,0.0,0.0,0.0,0
lock_acquired,2026-09-04 05:04:12.743,66.0,0,UNKNOWN,carga1,,,,0,0.0,0.0,0.0,0.0,0
lock_acquired,2026-09-04 05:04:12.743,66.0,0,UNKNOWN,carga1,,,,0,0.0,0.0,0.0,0.0,0
wait_info,2026-09-04 05:04:17.773,58.0,master,UNKNOWN,carga1,,,,0,0.0,0.0,0.0,0.0,SLEEP_TASK
sql_batch_completed,2026-09-04 05:04:17.773,66.0,SteelNort,UNKNOWN,carga1,,,,AWAITING COMMAND,7.0,0.0,0.0,0.0,0
sql_batch_completed,2026-09-04 05:04:17.773,65.0,SteelNort,UNKNOWN,carga1,,,,AWAITING COMMAND,5038.0,1.0,0.0,0.0,0
lock_released,2026-09-04 05:04:17.773,66.0,0,UNKNOWN,carga1,,,,0,0.0,0.0,0.0,0.0,0
lock_released,2026-09-04 05:04:17.773,66.0,0,UNKNOWN,carga1,,,,0,0.0,0.0,0.0,0.0,0
lock_released,2026-09-04 05:04:17.773,66.0,0,UNKNOWN,carga1,,,,0,0.0,0.0,0.0,0.0,0
lock_released,2026-09-04 05:04:17.773,66.0,0,UNKNOWN,carga1,,,,0,0.0,0.0,0.0,0.0,0
wait_info,2026-09-04 05:04:22.809,58.0,master,UNKNOWN,carga1,,,,0,0.0,0.0,0.0,0.0,BROKER_TO_FLUSH
sql_batch_completed,2026-09-04 05:04:22.809,66.0,SteelNort,UNKNOWN,carga1,,,,AWAITING COMMAND,5043.0,0.0,0.0,0.0,0
wait_info,2026-09-04 05:04:27.832,58.0,master,UNKNOWN,carga1,,,,0,0.0,0.0,0.0,0.0,SLEEP_TASK
sql_batch_completed,2026-09-04 05:04:32.851,52.0,SteelNort,UNKNOWN,carga1,,,,AWAITING COMMAND,8.0,0.0,0.0,0.0,0
wait_info,2026-09-04 05:04:32.851,58.0,master,UNKNOWN,carga1,,,,0,0.0,0.0,0.0,0.0,BROKER_TO_FLUSH
sql_batch_completed,2026-09-04 05:04:32.851,63.0,SteelNort,USER,carga1,,,,EXECUTE,7.0,0.0,0.0,0.0,0
wait_info,2026-09-04 05:04:37.874,58.0,master,UNKNOWN,carga1,,,,0,0.0,0.0,0.0,0.0,SLEEP_TASK
sql_batch_completed,2026-09-04 05:04:37.874,52.0,SteelNort,UNKNOWN,carga1,,,,AWAITING COMMAND,5033.0,0.0,0.0,0.0,0
sql_batch_completed,2026-09-04 05:04:37.874,63.0,SteelNort,USER,carga1,,,,EXECUTE,5030.0,0.0,0.0,0.0,0
wait_info,2026-09-04 05:04:42.902,58.0,master,UNKNOWN,carga1,,,,0,0.0,0.0,0.0,0.0,BROKER_TO_FLUSH
login,2026-09-04 05:04:52.943,51.0,SteelNort,UNKNOWN,carga1,,,,0,0.0,0.0,0.0,0.0,0
wait_info,2026-09-04 05:04:52.943,58.0,master,UNKNOWN,carga1,,,,0,0.0,0.0,0.0,0.0,SLEEP_TASK
sql_batch_completed,2026-09-04 05:04:52.943,77.0,SteelNort,USER,carga1,,,,EXECUTE,164.0,82.0,0.0,0.0,MSQL_XP
logout,2026-09-04 05:04:57.973,51.0,0,UNKNOWN,carga1,,,,0,0.0,0.0,0.0,0.0,0
wait_info,2026-09-04 05:04:57.973,58.0,master,UNKNOWN,carga1,,,,0,0.0,0.0,0.0,0.0,BROKER_TO_FLUSH
sql_batch_completed,2026-09-04 05:04:57.973,60.0,SteelNort,UNKNOWN,carga1,,,,AWAITING COMMAND,5.0,0.0,0.0,0.0,0
sql_batch_completed,2026-09-04 05:04:57.973,77.0,SteelNort,USER,carga1,,,,EXECUTE,5193.0,82.0,0.0,0.0,0
wait_info,2026-09-04 05:05:02.996,58.0,master,UNKNOWN,carga1,,,,0,0.0,0.0,0.0,0.0,SLEEP_TASK
sql_batch_completed,2026-09-04 05:05:02.996,60.0,SteelNort,UNKNOWN,carga1,,,,AWAITING COMMAND,5030.0,0.0,0.0,0.0,0
wait_info,2026-09-04 05:05:08.020,58.0,master,UNKNOWN,carga1,,,,0,0.0,0.0,0.0,0.0,BROKER_TO_FLUSH
wait_info,2026-09-04 05:05:13.041,58.0,master,UNKNOWN,carga1,,,,0,0.0,0.0,0.0,0.0,SLEEP_TASK
sql_batch_completed,2026-09-04 05:05:13.041,77.0,SteelNort,USER,carga1,,,,EXECUTE,14.0,2.0,0.0,0.0,MSQL_XP
lock_acquired,2026-09-04 05:05:13.041,52.0,0,UNKNOWN,carga1,,,,0,0.0,0.0,0.0,0.0,0
wait_info,2026-09-04 05:05:18.067,58.0,master,UNKNOWN,carga1,,,,0,0.0,0.0,0.0,0.0,BROKER_TO_FLUSH
sql_batch_completed,2026-09-04 05:05:18.067,77.0,SteelNort,USER,carga1,,,,EXECUTE,5035.0,2.0,0.0,0.0,0
lock_released,2026-09-04 05:05:18.067,52.0,0,UNKNOWN,carga1,,,,0,0.0,0.0,0.0,0.0,0
wait_info,2026-09-04 05:05:23.092,58.0,master,UNKNOWN,carga1,,,,0,0.0,0.0,0.0,0.0,SLEEP_TASK
wait_info,2026-09-04 05:05:28.114,58.0,master,UNKNOWN,carga1,,,,0,0.0,0.0,0.0,0.0,BROKER_TO_FLUSH
lock_acquired,2026-09-04 05:05:28.114,68.0,0,UNKNOWN,carga1,,,,0,0.0,0.0,0.0,0.0,0
lock_acquired,2026-09-04 05:05:28.114,68.0,0,UNKNOWN,carga1,,,,0,0.0,0.0,0.0,0.0,0
lock_acquired,2026-09-04 05:05:28.114,68.0,0,UNKNOWN,carga1,,,,0,0.0,0.0,0.0,0.0,0
lock_acquired,2026-09-04 05:05:28.114,68.0,0,UNKNOWN,carga1,,,,0,0.0,0.0,0.0,0.0,0
wait_info,2026-09-04 05:05:33.142,58.0,master,UNKNOWN,carga1,,,,0,0.0,0.0,0.0,0.0,SLEEP_TASK
sql_batch_completed,2026-09-04 05:05:33.142,67.0,SteelNort,UNKNOWN,carga1,,,,AWAITING COMMAND,6.0,0.0,0.0,0.0,0
sql_batch_completed,2026-09-04 05:05:33.142,68.0,SteelNort,USER,carga1,,,,EXECUTE,7.0,0.0,0.0,0.0,0
lock_acquired,2026-09-04 05:05:33.142,67.0,0,UNKNOWN,carga1,,,,0,0.0,0.0,0.0,0.0,0
lock_acquired,2026-09-04 05:05:33.142,67.0,0,UNKNOWN,carga1,,,,0,0.0,0.0,0.0,0.0,0
lock_released,2026-09-04 05:05:33.142,68.0,0,UNKNOWN,carga1,,,,0,0.0,0.0,0.0,0.0,0
lock_released,2026-09-04 05:05:33.142,68.0,0,UNKNOWN,carga1,,,,0,0.0,0.0,0.0,0.0,0
lock_released,2026-09-04 05:05:33.142,68.0,0,UNKNOWN,carga1,,,,0,0.0,0.0,0.0,0.0,0
lock_released,2026-09-04 05:05:33.142,68.0,0,UNKNOWN,carga1,,,,0,0.0,0.0,0.0,0.0,0
wait_info,2026-09-04 05:05:38.171,58.0,master,UNKNOWN,carga1,,,,0,0.0,0.0,0.0,0.0,BROKER_TO_FLUSH
sql_batch_completed,2026-09-04 05:05:38.171,67.0,SteelNort,UNKNOWN,carga1,,,,AWAITING COMMAND,5035.0,0.0,0.0,0.0,0
sql_batch_completed,2026-09-04 05:05:38.171,68.0,SteelNort,USER,carga1,,,,EXECUTE,5036.0,0.0,0.0,0.0,0
lock_released,2026-09-04 05:05:38.171,67.0,0,UNKNOWN,carga1,,,,0,0.0,0.0,0.0,0.0,0
lock_released,2026-09-04 05:05:38.171,67.0,0,UNKNOWN,carga1,,,,0,0.0,0.0,0.0,0.0,0
sql_batch_completed,2026-09-04 05:05:43.198,66.0,SteelNort,USER,carga1,,,,SELECT,6.0,0.0,0.0,0.0,0
wait_info,2026-09-04 05:05:48.223,58.0,master,UNKNOWN,carga1,,,,0,0.0,0.0,0.0,0.0,SLEEP_TASK
sql_batch_completed,2026-09-04 05:05:48.223,66.0,SteelNort,USER,carga1,,,,SELECT,5033.0,0.0,0.0,0.0,0
login,2026-09-04 05:05:53.253,73.0,SteelNort,UNKNOWN,carga1,,,,0,0.0,0.0,0.0,0.0,0
login,2026-09-04 05:05:53.253,75.0,SteelNort,UNKNOWN,carga1,,,,0,0.0,0.0,0.0,0.0,0
login,2026-09-04 05:05:53.253,51.0,SteelNort,UNKNOWN,carga1,,,,0,0.0,0.0,0.0,0.0,0
login,2026-09-04 05:05:53.253,76.0,SteelNort,UNKNOWN,carga1,,,,0,0.0,0.0,0.0,0.0,0
sql_batch_completed,2026-09-04 05:05:53.253,51.0,master,SQL_SERVER_INTERNAL,carga1,,,,TASK MANAGER,205.0,0.0,0.0,0.0,0
wait_info,2026-09-04 05:05:53.253,58.0,master,UNKNOWN,carga1,,,,0,0.0,0.0,0.0,0.0,BROKER_TO_FLUSH
sql_batch_completed,2026-09-04 05:05:53.253,73.0,master,SQL_SERVER_INTERNAL,carga1,,,,TASK MANAGER,204.0,0.0,0.0,0.0,0
sql_batch_completed,2026-09-04 05:05:53.253,75.0,master,SQL_SERVER_INTERNAL,carga1,,,,TASK MANAGER,205.0,0.0,0.0,0.0,0
sql_batch_completed,2026-09-04 05:05:53.253,76.0,master,SQL_SERVER_INTERNAL,carga1,,,,TASK MANAGER,206.0,0.0,0.0,0.0,0
login,2026-09-04 05:05:58.288,80.0,SteelNort,UNKNOWN,carga1,,,,0,0.0,0.0,0.0,0.0,0
sql_batch_completed,2026-09-04 05:05:58.288,52.0,SteelNort,UNKNOWN,carga1,,,,AWAITING COMMAND,5.0,0.0,0.0,0.0,0
wait_info,2026-09-04 05:05:58.288,58.0,master,UNKNOWN,carga1,,,,0,0.0,0.0,0.0,0.0,SLEEP_TASK
sql_batch_completed,2026-09-04 05:05:58.288,77.0,SteelNort,USER,carga1,,,,EXECUTE,180.0,100.0,0.0,0.0,MSQL_XP
logout,2026-09-04 05:06:03.322,80.0,0,UNKNOWN,carga1,,,,0,0.0,0.0,0.0,0.0,0
wait_info,2026-09-04 05:06:03.322,58.0,master,UNKNOWN,carga1,,,,0,0.0,0.0,0.0,0.0,BROKER_TO_FLUSH
sql_batch_completed,2026-09-04 05:06:03.322,69.0,SteelNort,UNKNOWN,carga1,,,,COMMIT TRANSACTION,33.0,24.0,0.0,0.0,PREEMPTIVE_OS_FLUSHFILEBUFFERS
sql_batch_completed,2026-09-04 05:06:03.322,52.0,SteelNort,UNKNOWN,carga1,,,,AWAITING COMMAND,5034.0,0.0,0.0,0.0,0
sql_batch_completed,2026-09-04 05:06:03.322,77.0,SteelNort,USER,carga1,,,,EXECUTE,5208.0,100.0,0.0,0.0,0
lock_acquired,2026-09-04 05:06:03.322,69.0,0,UNKNOWN,carga1,,,,0,0.0,0.0,0.0,0.0,0
lock_acquired,2026-09-04 05:06:03.322,69.0,0,UNKNOWN,carga1,,,,0,0.0,0.0,0.0,0.0,0
lock_acquired,2026-09-04 05:06:03.322,69.0,0,UNKNOWN,carga1,,,,0,0.0,0.0,0.0,0.0,0
lock_acquired,2026-09-04 05:06:03.322,69.0,0,UNKNOWN,carga1,,,,0,0.0,0.0,0.0,0.0,0
wait_info,2026-09-04 05:06:08.365,58.0,master,UNKNOWN,carga1,,,,0,0.0,0.0,0.0,0.0,SLEEP_TASK
sql_batch_completed,2026-09-04 05:06:08.365,69.0,SteelNort,UNKNOWN,carga1,,,,COMMIT TRANSACTION,5072.0,24.0,0.0,0.0,0
lock_released,2026-09-04 05:06:08.365,69.0,0,UNKNOWN,carga1,,,,0,0.0,0.0,0.0,0.0,0
lock_released,2026-09-04 05:06:08.365,69.0,0,UNKNOWN,carga1,,,,0,0.0,0.0,0.0,0.0,0
lock_released,2026-09-04 05:06:08.365,69.0,0,UNKNOWN,carga1,,,,0,0.0,0.0,0.0,0.0,0
lock_released,2026-09-04 05:06:08.365,69.0,0,UNKNOWN,carga1,,,,0,0.0,0.0,0.0,0.0,0
wait_info,2026-09-04 05:06:13.391,58.0,master,UNKNOWN,carga1,,,,0,0.0,0.0,0.0,0.0,BROKER_TO_FLUSH
lock_acquired,2026-09-04 05:06:13.391,67.0,0,UNKNOWN,carga1,,,,0,0.0,0.0,0.0,0.0,0
wait_info,2026-09-04 05:06:18.413,58.0,master,UNKNOWN,carga1,,,,0,0.0,0.0,0.0,0.0,SLEEP_TASK
sql_batch_completed,2026-09-04 05:06:18.413,65.0,SteelNort,UNKNOWN,carga1,,,,AWAITING COMMAND,6.0,0.0,0.0,0.0,0
lock_released,2026-09-04 05:06:18.413,67.0,0,UNKNOWN,carga1,,,,0,0.0,0.0,0.0,0.0,0
sql_batch_completed,2026-09-04 05:06:23.443,52.0,SteelNort,USER,carga1,,,,EXECUTE,3.0,0.0,0.0,0.0,0
wait_info,2026-09-04 05:06:23.443,58.0,master,UNKNOWN,carga1,,,,0,0.0,0.0,0.0,0.0,BROKER_TO_FLUSH
sql_batch_completed,2026-09-04 05:06:23.443,69.0,SteelNort,USER,carga1,,,,EXECUTE,5.0,0.0,0.0,0.0,0
sql_batch_completed,2026-09-04 05:06:23.443,65.0,SteelNort,UNKNOWN,carga1,,,,AWAITING COMMAND,5036.0,0.0,0.0,0.0,0
wait_info,2026-09-04 05:06:28.471,58.0,master,UNKNOWN,carga1,,,,0,0.0,0.0,0.0,0.0,SLEEP_TASK
sql_batch_completed,2026-09-04 05:06:28.471,52.0,SteelNort,USER,carga1,,,,EXECUTE,5031.0,0.0,0.0,0.0,0
sql_batch_completed,2026-09-04 05:06:28.471,69.0,SteelNort,USER,carga1,,,,EXECUTE,5032.0,0.0,0.0,0.0,0
wait_info,2026-09-04 05:06:38.518,58.0,master,UNKNOWN,carga1,,,,0,0.0,0.0,0.0,0.0,BROKER_TO_FLUSH
wait_info,2026-09-04 05:06:43.540,58.0,master,UNKNOWN,carga1,,,,0,0.0,0.0,0.0,0.0,SLEEP_TASK
wait_info,2026-09-04 05:06:48.565,58.0,master,UNKNOWN,carga1,,,,0,0.0,0.0,0.0,0.0,BROKER_TO_FLUSH
sql_batch_completed,2026-09-04 05:06:48.565,69.0,SteelNort,USER,carga1,,,,EXECUTE,5.0,0.0,0.0,0.0,0
login,2026-09-04 05:06:53.588,81.0,SteelNort,UNKNOWN,carga1,,,,0,0.0,0.0,0.0,0.0,0
wait_info,2026-09-04 05:06:53.588,58.0,master,UNKNOWN,carga1,,,,0,0.0,0.0,0.0,0.0,SLEEP_TASK
sql_batch_completed,2026-09-04 05:06:53.588,81.0,SteelNort,SQL_SERVER_INTERNAL,carga1,,,,BRKR TASK,260.0,17.0,0.0,0.0,PREEMPTIVE_OS_FLUSHFILEBUFFERS
sql_batch_completed,2026-09-04 05:06:53.588,69.0,SteelNort,USER,carga1,,,,EXECUTE,5031.0,0.0,0.0,0.0,0
lock_acquired,2026-09-04 05:06:53.588,81.0,0,UNKNOWN,carga1,,,,0,0.0,0.0,0.0,0.0,0
lock_acquired,2026-09-04 05:06:53.588,81.0,0,UNKNOWN,carga1,,,,0,0.0,0.0,0.0,0.0,0
lock_acquired,2026-09-04 05:06:53.588,81.0,0,UNKNOWN,carga1,,,,0,0.0,0.0,0.0,0.0,0
lock_acquired,2026-09-04 05:06:53.588,81.0,0,UNKNOWN,carga1,,,,0,0.0,0.0,0.0,0.0,0
lock_acquired,2026-09-04 05:06:53.588,81.0,0,UNKNOWN,carga1,,,,0,0.0,0.0,0.0,0.0,0
login,2026-09-04 05:06:58.621,80.0,SteelNort,UNKNOWN,carga1,,,,0,0.0,0.0,0.0,0.0,0
wait_info,2026-09-04 05:06:58.621,58.0,master,UNKNOWN,carga1,,,,0,0.0,0.0,0.0,0.0,BROKER_TO_FLUSH
sql_batch_completed,2026-09-04 05:06:58.621,80.0,master,SQL_SERVER_INTERNAL,carga1,,,,BRKR TASK,3883.0,0.0,0.0,0.0,BROKER_TASK_STOP
wait_info,2026-09-04 05:06:58.621,81.0,master,UNKNOWN,carga1,,,,0,0.0,0.0,0.0,0.0,BROKER_TASK_STOP
lock_released,2026-09-04 05:06:58.621,81.0,0,UNKNOWN,carga1,,,,0,0.0,0.0,0.0,0.0,0
lock_released,2026-09-04 05:06:58.621,81.0,0,UNKNOWN,carga1,,,,0,0.0,0.0,0.0,0.0,0
lock_released,2026-09-04 05:06:58.621,81.0,0,UNKNOWN,carga1,,,,0,0.0,0.0,0.0,0.0,0
lock_released,2026-09-04 05:06:58.621,81.0,0,UNKNOWN,carga1,,,,0,0.0,0.0,0.0,0.0,0
lock_released,2026-09-04 05:06:58.621,81.0,0,UNKNOWN,carga1,,,,0,0.0,0.0,0.0,0.0,0
wait_info,2026-09-04 05:07:03.658,58.0,master,UNKNOWN,carga1,,,,0,0.0,0.0,0.0,0.0,SLEEP_TASK
sql_batch_completed,2026-09-04 05:07:03.658,65.0,SteelNort,USER,carga1,,,,EXECUTE,4.0,0.0,0.0,0.0,0
logout,2026-09-04 05:07:08.678,80.0,0,UNKNOWN,carga1,,,,0,0.0,0.0,0.0,0.0,0
logout,2026-09-04 05:07:08.678,81.0,0,UNKNOWN,carga1,,,,0,0.0,0.0,0.0,0.0,0
sql_batch_completed,2026-09-04 05:07:08.678,52.0,SteelNort,USER,carga1,,,,EXECUTE,6.0,0.0,0.0,0.0,0
wait_info,2026-09-04 05:07:08.678,58.0,master,UNKNOWN,carga1,,,,0,0.0,0.0,0.0,0.0,BROKER_TO_FLUSH
sql_batch_completed,2026-09-04 05:07:08.678,69.0,SteelNort,UNKNOWN,carga1,,,,AWAITING COMMAND,8.0,0.0,0.0,0.0,0
sql_batch_completed,2026-09-04 05:07:08.678,80.0,master,SQL_SERVER_INTERNAL,carga1,,,,BRKR TASK,13943.0,0.0,0.0,0.0,0
sql_batch_completed,2026-09-04 05:07:08.678,65.0,SteelNort,USER,carga1,,,,EXECUTE,5033.0,0.0,0.0,0.0,0
sql_batch_completed,2026-09-04 05:07:08.678,81.0,master,SQL_SERVER_INTERNAL,carga1,,,,BRKR TASK,14417.0,0.0,0.0,0.0,0
wait_info,2026-09-04 05:07:13.709,58.0,master,UNKNOWN,carga1,,,,0,0.0,0.0,0.0,0.0,SLEEP_TASK
sql_batch_completed,2026-09-04 05:07:13.709,52.0,SteelNort,USER,carga1,,,,EXECUTE,5034.0,0.0,0.0,0.0,0
sql_batch_completed,2026-09-04 05:07:13.709,69.0,SteelNort,UNKNOWN,carga1,,,,AWAITING COMMAND,5035.0,0.0,0.0,0.0,0
wait_info,2026-09-04 05:07:18.734,58.0,master,UNKNOWN,carga1,,,,0,0.0,0.0,0.0,0.0,BROKER_TO_FLUSH
sql_batch_completed,2026-09-04 05:07:23.758,52.0,SteelNort,USER,carga1,,,,EXECUTE,5.0,0.0,0.0,0.0,0
wait_info,2026-09-04 05:07:23.758,58.0,master,UNKNOWN,carga1,,,,0,0.0,0.0,0.0,0.0,SLEEP_TASK
sql_batch_completed,2026-09-04 05:07:28.784,52.0,SteelNort,USER,carga1,,,,EXECUTE,5033.0,0.0,0.0,0.0,0
login,2026-09-04 05:07:33.813,80.0,SteelNort,UNKNOWN,carga1,,,,0,0.0,0.0,0.0,0.0,0
wait_info,2026-09-04 05:07:33.813,58.0,master,UNKNOWN,carga1,,,,0,0.0,0.0,0.0,0.0,BROKER_TO_FLUSH
sql_batch_completed,2026-09-04 05:07:33.813,63.0,SteelNort,UNKNOWN,carga1,,,,AWAITING COMMAND,7.0,0.0,0.0,0.0,0
sql_batch_completed,2026-09-04 05:07:33.813,80.0,master,SQL_SERVER_INTERNAL,carga1,,,,BRKR TASK,745.0,0.0,0.0,0.0,BROKER_TASK_STOP
wait_info,2026-09-04 05:07:38.839,58.0,master,UNKNOWN,carga1,,,,0,0.0,0.0,0.0,0.0,SLEEP_TASK
sql_batch_completed,2026-09-04 05:07:38.839,63.0,SteelNort,UNKNOWN,carga1,,,,AWAITING COMMAND,5030.0,0.0,0.0,0.0,0
logout,2026-09-04 05:07:43.865,80.0,0,UNKNOWN,carga1,,,,0,0.0,0.0,0.0,0.0,0
wait_info,2026-09-04 05:07:43.865,58.0,master,UNKNOWN,carga1,,,,0,0.0,0.0,0.0,0.0,BROKER_TO_FLUSH
sql_batch_completed,2026-09-04 05:07:43.865,80.0,master,SQL_SERVER_INTERNAL,carga1,,,,BRKR TASK,10793.0,0.0,0.0,0.0,0
wait_info,2026-09-04 05:07:48.894,58.0,master,UNKNOWN,carga1,,,,0,0.0,0.0,0.0,0.0,SLEEP_TASK
wait_info,2026-09-04 05:07:53.916,58.0,master,UNKNOWN,carga1,,,,0,0.0,0.0,0.0,0.0,BROKER_TO_FLUSH
sql_batch_completed,2026-09-04 05:07:53.916,69.0,SteelNort,UNKNOWN,carga1,,,,AWAITING COMMAND,6.0,0.0,0.0,0.0,0
wait_info,2026-09-04 05:07:53.916,75.0,master,UNKNOWN,carga1,,,,0,0.0,0.0,0.0,0.0,SLEEP_TASK
wait_info,2026-09-04 05:07:58.943,58.0,master,UNKNOWN,carga1,,,,0,0.0,0.0,0.0,0.0,SLEEP_TASK
sql_batch_completed,2026-09-04 05:07:58.943,69.0,SteelNort,UNKNOWN,carga1,,,,AWAITING COMMAND,5032.0,0.0,0.0,0.0,0
lock_acquired,2026-09-04 05:07:58.943,68.0,0,UNKNOWN,carga1,,,,0,0.0,0.0,0.0,0.0,0
lock_acquired,2026-09-04 05:07:58.943,68.0,0,UNKNOWN,carga1,,,,0,0.0,0.0,0.0,0.0,0
lock_acquired,2026-09-04 05:07:58.943,68.0,0,UNKNOWN,carga1,,,,0,0.0,0.0,0.0,0.0,0
lock_acquired,2026-09-04 05:07:58.943,68.0,0,UNKNOWN,carga1,,,,0,0.0,0.0,0.0,0.0,0
wait_info,2026-09-04 05:08:03.973,58.0,master,UNKNOWN,carga1,,,,0,0.0,0.0,0.0,0.0,BROKER_TO_FLUSH
lock_released,2026-09-04 05:08:03.973,68.0,0,UNKNOWN,carga1,,,,0,0.0,0.0,0.0,0.0,0
lock_released,2026-09-04 05:08:03.973,68.0,0,UNKNOWN,carga1,,,,0,0.0,0.0,0.0,0.0,0
lock_released,2026-09-04 05:08:03.973,68.0,0,UNKNOWN,carga1,,,,0,0.0,0.0,0.0,0.0,0
lock_released,2026-09-04 05:08:03.973,68.0,0,UNKNOWN,carga1,,,,0,0.0,0.0,0.0,0.0,0
wait_info,2026-09-04 05:08:09.000,58.0,master,UNKNOWN,carga1,,,,0,0.0,0.0,0.0,0.0,SLEEP_TASK
wait_info,2026-09-04 05:08:14.022,58.0,master,UNKNOWN,carga1,,,,0,0.0,0.0,0.0,0.0,BROKER_TO_FLUSH
wait_info,2026-09-04 05:08:19.053,58.0,master,UNKNOWN,carga1,,,,0,0.0,0.0,0.0,0.0,SLEEP_TASK
sql_batch_completed,2026-09-04 05:08:24.076,68.0,SteelNort,USER,carga1,,,,EXECUTE,6.0,0.0,0.0,0.0,0
sql_batch_completed,2026-09-04 05:08:29.105,52.0,SteelNort,UNKNOWN,carga1,,,,AWAITING COMMAND,6.0,0.0,0.0,0.0,0
wait_info,2026-09-04 05:08:29.105,58.0,master,UNKNOWN,carga1,,,,0,0.0,0.0,0.0,0.0,BROKER_TO_FLUSH
sql_batch_completed,2026-09-04 05:08:29.105,62.0,SteelNort,UNKNOWN,carga1,,,,AWAITING COMMAND,8.0,0.0,0.0,0.0,0
sql_batch_completed,2026-09-04 05:08:29.105,68.0,SteelNort,USER,carga1,,,,EXECUTE,5040.0,0.0,0.0,0.0,0
wait_info,2026-09-04 05:08:34.132,58.0,master,UNKNOWN,carga1,,,,0,0.0,0.0,0.0,0.0,SLEEP_TASK
sql_batch_completed,2026-09-04 05:08:34.132,52.0,SteelNort,UNKNOWN,carga1,,,,AWAITING COMMAND,5034.0,0.0,0.0,0.0,0
wait_info,2026-09-04 05:08:39.159,58.0,master,UNKNOWN,carga1,,,,0,0.0,0.0,0.0,0.0,BROKER_TO_FLUSH
sql_batch_completed,2026-09-04 05:08:39.159,62.0,SteelNort,UNKNOWN,carga1,,,,AWAITING COMMAND,5037.0,0.0,0.0,0.0,0
wait_info,2026-09-04 05:08:44.189,58.0,master,UNKNOWN,carga1,,,,0,0.0,0.0,0.0,0.0,SLEEP_TASK
sql_batch_completed,2026-09-04 05:08:44.189,62.0,SteelNort,USER,carga1,,,,EXECUTE,7.0,0.0,0.0,0.0,0
wait_info,2026-09-04 05:08:49.214,58.0,master,UNKNOWN,carga1,,,,0,0.0,0.0,0.0,0.0,BROKER_TO_FLUSH
sql_batch_completed,2026-09-04 05:08:49.214,62.0,SteelNort,USER,carga1,,,,EXECUTE,5034.0,0.0,0.0,0.0,0
logout,2026-09-04 05:08:54.233,72.0,0,UNKNOWN,carga1,,,,0,0.0,0.0,0.0,0.0,0
logout,2026-09-04 05:08:54.233,74.0,0,UNKNOWN,carga1,,,,0,0.0,0.0,0.0,0.0,0
logout,2026-09-04 05:08:54.233,75.0,0,UNKNOWN,carga1,,,,0,0.0,0.0,0.0,0.0,0
wait_info,2026-09-04 05:08:54.233,58.0,master,UNKNOWN,carga1,,,,0,0.0,0.0,0.0,0.0,SLEEP_TASK
sql_batch_completed,2026-09-04 05:08:54.233,62.0,SteelNort,USER,carga1,,,,EXECUTE,7.0,0.0,0.0,0.0,0
sql_batch_completed,2026-09-04 05:08:54.233,72.0,master,SQL_SERVER_INTERNAL,carga1,,,,TASK MANAGER,481262.0,0.0,0.0,0.0,0
sql_batch_completed,2026-09-04 05:08:54.233,74.0,master,SQL_SERVER_INTERNAL,carga1,,,,TASK MANAGER,481263.0,0.0,0.0,0.0,0
sql_batch_completed,2026-09-04 05:08:54.233,75.0,master,SQL_SERVER_INTERNAL,carga1,,,,TASK MANAGER,181191.0,0.0,0.0,0.0,0
lock_acquired,2026-09-04 05:08:54.233,67.0,0,UNKNOWN,carga1,,,,0,0.0,0.0,0.0,0.0,0
lock_acquired,2026-09-04 05:08:54.233,67.0,0,UNKNOWN,carga1,,,,0,0.0,0.0,0.0,0.0,0
lock_acquired,2026-09-04 05:08:54.233,67.0,0,UNKNOWN,carga1,,,,0,0.0,0.0,0.0,0.0,0
lock_acquired,2026-09-04 05:08:54.233,67.0,0,UNKNOWN,carga1,,,,0,0.0,0.0,0.0,0.0,0
wait_info,2026-09-04 05:08:59.276,58.0,master,UNKNOWN,carga1,,,,0,0.0,0.0,0.0,0.0,BROKER_TO_FLUSH
sql_batch_completed,2026-09-04 05:08:59.276,62.0,SteelNort,USER,carga1,,,,EXECUTE,5040.0,0.0,0.0,0.0,0
lock_released,2026-09-04 05:08:59.276,67.0,0,UNKNOWN,carga1,,,,0,0.0,0.0,0.0,0.0,0
lock_released,2026-09-04 05:08:59.276,67.0,0,UNKNOWN,carga1,,,,0,0.0,0.0,0.0,0.0,0
lock_released,2026-09-04 05:08:59.276,67.0,0,UNKNOWN,carga1,,,,0,0.0,0.0,0.0,0.0,0
lock_released,2026-09-04 05:08:59.276,67.0,0,UNKNOWN,carga1,,,,0,0.0,0.0,0.0,0.0,0
wait_info,2026-09-04 05:09:04.306,58.0,master,UNKNOWN,carga1,,,,0,0.0,0.0,0.0,0.0,SLEEP_TASK
wait_info,2026-09-04 05:09:09.327,58.0,master,UNKNOWN,carga1,,,,0,0.0,0.0,0.0,0.0,BROKER_TO_FLUSH
sql_batch_completed,2026-09-04 05:09:14.351,60.0,SteelNort,USER,carga1,,,,EXECUTE,7.0,0.0,0.0,0.0,0
sql_batch_completed,2026-09-04 05:09:14.351,78.0,SteelNort,USER,carga1,,,,SELECT,15.0,6.0,0.0,0.0,0
lock_acquired,2026-09-04 05:09:14.351,78.0,0,UNKNOWN,carga1,,,,0,0.0,0.0,0.0,0.0,0
wait_info,2026-09-04 05:09:19.375,58.0,master,UNKNOWN,carga1,,,,0,0.0,0.0,0.0,0.0,SLEEP_TASK
sql_batch_completed,2026-09-04 05:09:19.375,60.0,SteelNort,USER,carga1,,,,EXECUTE,5030.0,0.0,0.0,0.0,0
sql_batch_completed,2026-09-04 05:09:19.375,78.0,SteelNort,USER,carga1,,,,SELECT,5037.0,6.0,0.0,0.0,0
lock_released,2026-09-04 05:09:19.375,78.0,0,UNKNOWN,carga1,,,,0,0.0,0.0,0.0,0.0,0
wait_info,2026-09-04 05:09:24.398,58.0,master,UNKNOWN,carga1,,,,0,0.0,0.0,0.0,0.0,BROKER_TO_FLUSH
sql_batch_completed,2026-09-04 05:09:24.398,62.0,SteelNort,USER,carga1,,,,EXECUTE,8.0,0.0,0.0,0.0,0
wait_info,2026-09-04 05:09:29.423,58.0,master,UNKNOWN,carga1,,,,0,0.0,0.0,0.0,0.0,SLEEP_TASK
sql_batch_completed,2026-09-04 05:09:29.423,62.0,SteelNort,USER,carga1,,,,EXECUTE,5034.0,0.0,0.0,0.0,0
wait_info,2026-09-04 05:09:34.449,58.0,master,UNKNOWN,carga1,,,,0,0.0,0.0,0.0,0.0,BROKER_TO_FLUSH
wait_info,2026-09-04 05:09:39.471,58.0,master,UNKNOWN,carga1,,,,0,0.0,0.0,0.0,0.0,SLEEP_TASK
wait_info,2026-09-04 05:09:44.495,58.0,master,UNKNOWN,carga1,,,,0,0.0,0.0,0.0,0.0,BROKER_TO_FLUSH
wait_info,2026-09-04 05:09:49.517,58.0,master,UNKNOWN,carga1,,,,0,0.0,0.0,0.0,0.0,SLEEP_TASK
login,2026-09-04 05:09:54.538,72.0,SteelNort,UNKNOWN,carga1,,,,0,0.0,0.0,0.0,0.0,0
sql_batch_completed,2026-09-04 05:09:54.538,52.0,SteelNort,UNKNOWN,carga1,,,,AWAITING COMMAND,6.0,0.0,0.0,0.0,0
wait_info,2026-09-04 05:09:54.538,58.0,master,UNKNOWN,carga1,,,,0,0.0,0.0,0.0,0.0,BROKER_TO_FLUSH
sql_batch_completed,2026-09-04 05:09:54.538,60.0,SteelNort,USER,carga1,,,,EXECUTE,9.0,0.0,0.0,0.0,0
sql_batch_completed,2026-09-04 05:09:54.538,77.0,SteelNort,USER,carga1,,,,EXECUTE,113.0,98.0,0.0,0.0,MSQL_XP
logout,2026-09-04 05:09:59.569,72.0,0,UNKNOWN,carga1,,,,0,0.0,0.0,0.0,0.0,0
wait_info,2026-09-04 05:09:59.569,58.0,master,UNKNOWN,carga1,,,,0,0.0,0.0,0.0,0.0,SLEEP_TASK
sql_batch_completed,2026-09-04 05:09:59.569,52.0,SteelNort,UNKNOWN,carga1,,,,AWAITING COMMAND,5041.0,0.0,0.0,0.0,0
sql_batch_completed,2026-09-04 05:09:59.569,77.0,SteelNort,USER,carga1,,,,EXECUTE,5145.0,98.0,0.0,0.0,0
sql_batch_completed,2026-09-04 05:09:59.569,60.0,SteelNort,USER,carga1,,,,EXECUTE,5043.0,0.0,0.0,0.0,0
wait_info,2026-09-04 05:10:04.600,58.0,master,UNKNOWN,carga1,,,,0,0.0,0.0,0.0,0.0,BROKER_TO_FLUSH
lock_acquired,2026-09-04 05:10:04.600,60.0,0,UNKNOWN,carga1,,,,0,0.0,0.0,0.0,0.0,0
lock_acquired,2026-09-04 05:10:04.600,60.0,0,UNKNOWN,carga1,,,,0,0.0,0.0,0.0,0.0,0
lock_acquired,2026-09-04 05:10:04.600,60.0,0,UNKNOWN,carga1,,,,0,0.0,0.0,0.0,0.0,0
lock_acquired,2026-09-04 05:10:04.600,60.0,0,UNKNOWN,carga1,,,,0,0.0,0.0,0.0,0.0,0
lock_released,2026-09-04 05:10:09.633,60.0,0,UNKNOWN,carga1,,,,0,0.0,0.0,0.0,0.0,0
lock_released,2026-09-04 05:10:09.633,60.0,0,UNKNOWN,carga1,,,,0,0.0,0.0,0.0,0.0,0
lock_released,2026-09-04 05:10:09.633,60.0,0,UNKNOWN,carga1,,,,0,0.0,0.0,0.0,0.0,0
lock_released,2026-09-04 05:10:09.633,60.0,0,UNKNOWN,carga1,,,,0,0.0,0.0,0.0,0.0,0
wait_info,2026-09-04 05:10:14.660,58.0,master,UNKNOWN,carga1,,,,0,0.0,0.0,0.0,0.0,SLEEP_TASK
wait_info,2026-09-04 05:10:19.688,58.0,master,UNKNOWN,carga1,,,,0,0.0,0.0,0.0,0.0,BROKER_TO_FLUSH
sql_batch_completed,2026-09-04 05:10:19.688,66.0,SteelNort,UNKNOWN,carga1,,,,AWAITING COMMAND,9.0,0.0,0.0,0.0,0
wait_info,2026-09-04 05:10:24.717,58.0,master,UNKNOWN,carga1,,,,0,0.0,0.0,0.0,0.0,SLEEP_TASK
sql_batch_completed,2026-09-04 05:10:24.717,66.0,SteelNort,UNKNOWN,carga1,,,,AWAITING COMMAND,5036.0,0.0,0.0,0.0,0
wait_info,2026-09-04 05:10:29.742,58.0,master,UNKNOWN,carga1,,,,0,0.0,0.0,0.0,0.0,BROKER_TO_FLUSH
sql_batch_completed,2026-09-04 05:10:29.742,63.0,SteelNort,UNKNOWN,carga1,,,,SET OPTION OFF,5.0,0.0,0.0,0.0,0
sql_batch_completed,2026-09-04 05:10:29.742,77.0,SteelNort,USER,carga1,,,,EXECUTE,16.0,6.0,0.0,0.0,MSQL_XP
wait_info,2026-09-04 05:10:34.770,58.0,master,UNKNOWN,carga1,,,,0,0.0,0.0,0.0,0.0,SLEEP_TASK
sql_batch_completed,2026-09-04 05:10:34.770,77.0,SteelNort,USER,carga1,,,,EXECUTE,5042.0,6.0,0.0,0.0,0
sql_batch_completed,2026-09-04 05:10:34.770,63.0,SteelNort,UNKNOWN,carga1,,,,SET OPTION OFF,5034.0,0.0,0.0,0.0,0
wait_info,2026-09-04 05:10:39.798,58.0,master,UNKNOWN,carga1,,,,0,0.0,0.0,0.0,0.0,BROKER_TO_FLUSH
sql_batch_completed,2026-09-04 05:10:39.798,69.0,SteelNort,UNKNOWN,carga1,,,,CONDITIONAL,4.0,0.0,0.0,0.0,0
wait_info,2026-09-04 05:10:44.817,58.0,master,UNKNOWN,carga1,,,,0,0.0,0.0,0.0,0.0,SLEEP_TASK
sql_batch_completed,2026-09-04 05:10:44.817,69.0,SteelNort,UNKNOWN,carga1,,,,CONDITIONAL,5025.0,0.0,0.0,0.0,0
wait_info,2026-09-04 05:10:49.845,58.0,master,UNKNOWN,carga1,,,,0,0.0,0.0,0.0,0.0,BROKER_TO_FLUSH
sql_batch_completed,2026-09-04 05:10:49.845,77.0,SteelNort,USER,carga1,,,,EXECUTE,37.0,30.0,0.0,0.0,MSQL_XP
wait_info,2026-09-04 05:10:54.871,58.0,master,UNKNOWN,carga1,,,,0,0.0,0.0,0.0,0.0,SLEEP_TASK
wait_info,2026-09-04 05:10:54.871,71.0,master,UNKNOWN,carga1,,,,0,0.0,0.0,0.0,0.0,SLEEP_TASK
sql_batch_completed,2026-09-04 05:10:54.871,77.0,SteelNort,USER,carga1,,,,EXECUTE,5067.0,30.0,0.0,0.0,0
sql_batch_completed,2026-09-04 05:10:59.904,52.0,SteelNort,USER,carga1,,,,EXECUTE,5.0,0.0,0.0,0.0,0
lock_acquired,2026-09-04 05:10:59.904,66.0,0,UNKNOWN,carga1,,,,0,0.0,0.0,0.0,0.0,0
lock_acquired,2026-09-04 05:10:59.904,52.0,0,UNKNOWN,carga1,,,,0,0.0,0.0,0.0,0.0,0
lock_acquired,2026-09-04 05:10:59.904,52.0,0,UNKNOWN,carga1,,,,0,0.0,0.0,0.0,0.0,0
lock_acquired,2026-09-04 05:10:59.904,66.0,0,UNKNOWN,carga1,,,,0,0.0,0.0,0.0,0.0,0
lock_acquired,2026-09-04 05:10:59.904,66.0,0,UNKNOWN,carga1,,,,0,0.0,0.0,0.0,0.0,0
lock_acquired,2026-09-04 05:10:59.904,52.0,0,UNKNOWN,carga1,,,,0,0.0,0.0,0.0,0.0,0
wait_info,2026-09-04 05:11:04.942,58.0,master,UNKNOWN,carga1,,,,0,0.0,0.0,0.0,0.0,BROKER_TO_FLUSH
sql_batch_completed,2026-09-04 05:11:04.942,63.0,SteelNort,UNKNOWN,carga1,,,,SET OPTION OFF,6.0,0.0,0.0,0.0,0
sql_batch_completed,2026-09-04 05:11:04.942,52.0,SteelNort,USER,carga1,,,,EXECUTE,5047.0,0.0,0.0,0.0,0
lock_released,2026-09-04 05:11:04.942,66.0,0,UNKNOWN,carga1,,,,0,0.0,0.0,0.0,0.0,0
lock_released,2026-09-04 05:11:04.942,52.0,0,UNKNOWN,carga1,,,,0,0.0,0.0,0.0,0.0,0
lock_released,2026-09-04 05:11:04.942,52.0,0,UNKNOWN,carga1,,,,0,0.0,0.0,0.0,0.0,0
lock_released,2026-09-04 05:11:04.942,66.0,0,UNKNOWN,carga1,,,,0,0.0,0.0,0.0,0.0,0
lock_released,2026-09-04 05:11:04.942,66.0,0,UNKNOWN,carga1,,,,0,0.0,0.0,0.0,0.0,0
lock_released,2026-09-04 05:11:04.942,52.0,0,UNKNOWN,carga1,,,,0,0.0,0.0,0.0,0.0,0
wait_info,2026-09-04 05:11:09.981,58.0,master,UNKNOWN,carga1,,,,0,0.0,0.0,0.0,0.0,SLEEP_TASK
sql_batch_completed,2026-09-04 05:11:09.981,63.0,SteelNort,UNKNOWN,carga1,,,,SET OPTION OFF,5040.0,0.0,0.0,0.0,0
wait_info,2026-09-04 05:11:15.002,58.0,master,UNKNOWN,carga1,,,,0,0.0,0.0,0.0,0.0,BROKER_TO_FLUSH
sql_batch_completed,2026-09-04 05:11:15.002,65.0,SteelNort,UNKNOWN,carga1,,,,AWAITING COMMAND,4.0,0.0,0.0,0.0,0
wait_info,2026-09-04 05:11:20.028,58.0,master,UNKNOWN,carga1,,,,0,0.0,0.0,0.0,0.0,SLEEP_TASK
sql_batch_completed,2026-09-04 05:11:20.028,65.0,SteelNort,UNKNOWN,carga1,,,,AWAITING COMMAND,5028.0,0.0,0.0,0.0,0
wait_info,2026-09-04 05:11:25.049,58.0,master,UNKNOWN,carga1,,,,0,0.0,0.0,0.0,0.0,BROKER_TO_FLUSH
sql_batch_completed,2026-09-04 05:11:25.049,60.0,SteelNort,USER,carga1,,,,SELECT,4.0,0.0,0.0,0.0,0
sql_batch_completed,2026-09-04 05:11:25.049,62.0,SteelNort,UNKNOWN,carga1,,,,AWAITING COMMAND,6.0,0.0,0.0,0.0,0
wait_info,2026-09-04 05:11:30.073,58.0,master,UNKNOWN,carga1,,,,0,0.0,0.0,0.0,0.0,SLEEP_TASK
sql_batch_completed,2026-09-04 05:11:30.073,60.0,SteelNort,USER,carga1,,,,SELECT,5028.0,0.0,0.0,0.0,0
sql_batch_completed,2026-09-04 05:11:30.073,62.0,SteelNort,UNKNOWN,carga1,,,,AWAITING COMMAND,5029.0,0.0,0.0,0.0,0
wait_info,2026-09-04 05:11:35.101,58.0,master,UNKNOWN,carga1,,,,0,0.0,0.0,0.0,0.0,BROKER_TO_FLUSH
wait_info,2026-09-04 05:11:40.127,58.0,master,UNKNOWN,carga1,,,,0,0.0,0.0,0.0,0.0,SLEEP_TASK
logout,2026-09-04 05:11:45.155,70.0,0,UNKNOWN,carga1,,,,0,0.0,0.0,0.0,0.0,0
wait_info,2026-09-04 05:11:45.155,58.0,master,UNKNOWN,carga1,,,,0,0.0,0.0,0.0,0.0,BROKER_TO_FLUSH
sql_batch_completed,2026-09-04 05:11:45.155,68.0,SteelNort,UNKNOWN,carga1,,,,AWAITING COMMAND,8.0,0.0,0.0,0.0,0
login,2026-09-04 05:11:50.182,70.0,SteelNort,UNKNOWN,carga1,,,,0,0.0,0.0,0.0,0.0,0
wait_info,2026-09-04 05:11:50.182,58.0,master,UNKNOWN,carga1,,,,0,0.0,0.0,0.0,0.0,SLEEP_TASK
sql_batch_completed,2026-09-04 05:11:50.182,60.0,SteelNort,USER,carga1,,,,SELECT,4.0,0.0,0.0,0.0,0
sql_batch_completed,2026-09-04 05:11:50.182,77.0,SteelNort,USER,carga1,,,,EXECUTE,154.0,102.0,0.0,0.0,MSQL_XP
sql_batch_completed,2026-09-04 05:11:50.182,68.0,SteelNort,UNKNOWN,carga1,,,,AWAITING COMMAND,5035.0,0.0,0.0,0.0,0
logout,2026-09-04 05:11:55.209,70.0,0,UNKNOWN,carga1,,,,0,0.0,0.0,0.0,0.0,0
sql_batch_completed,2026-09-04 05:11:55.209,60.0,SteelNort,USER,carga1,,,,SELECT,5033.0,0.0,0.0,0.0,0
sql_batch_completed,2026-09-04 05:11:55.209,77.0,SteelNort,USER,carga1,,,,EXECUTE,5184.0,102.0,0.0,0.0,0
wait_info,2026-09-04 05:12:00.238,58.0,master,UNKNOWN,carga1,,,,0,0.0,0.0,0.0,0.0,BROKER_TO_FLUSH
wait_info,2026-09-04 05:12:05.259,58.0,master,UNKNOWN,carga1,,,,0,0.0,0.0,0.0,0.0,SLEEP_TASK
sql_batch_completed,2026-09-04 05:12:10.281,52.0,SteelNort,UNKNOWN,carga1,,,,AWAITING COMMAND,5.0,0.0,0.0,0.0,0
wait_info,2026-09-04 05:12:10.281,58.0,master,UNKNOWN,carga1,,,,0,0.0,0.0,0.0,0.0,BROKER_TO_FLUSH
sql_batch_completed,2026-09-04 05:12:10.281,77.0,SteelNort,USER,carga1,,,,EXECUTE,33.0,27.0,0.0,0.0,MSQL_XP
wait_info,2026-09-04 05:12:15.308,58.0,master,UNKNOWN,carga1,,,,0,0.0,0.0,0.0,0.0,SLEEP_TASK
sql_batch_completed,2026-09-04 05:12:15.308,52.0,SteelNort,UNKNOWN,carga1,,,,AWAITING COMMAND,5035.0,0.0,0.0,0.0,0
sql_batch_completed,2026-09-04 05:12:15.308,77.0,SteelNort,USER,carga1,,,,EXECUTE,5062.0,27.0,0.0,0.0,0
wait_info,2026-09-04 05:12:20.331,58.0,master,UNKNOWN,carga1,,,,0,0.0,0.0,0.0,0.0,BROKER_TO_FLUSH
wait_info,2026-09-04 05:12:25.356,58.0,master,UNKNOWN,carga1,,,,0,0.0,0.0,0.0,0.0,SLEEP_TASK
lock_acquired,2026-09-04 05:12:25.356,67.0,0,UNKNOWN,carga1,,,,0,0.0,0.0,0.0,0.0,0
wait_info,2026-09-04 05:12:30.379,58.0,master,UNKNOWN,carga1,,,,0,0.0,0.0,0.0,0.0,BROKER_TO_FLUSH
lock_released,2026-09-04 05:12:30.379,67.0,0,UNKNOWN,carga1,,,,0,0.0,0.0,0.0,0.0,0
wait_info,2026-09-04 05:12:35.405,58.0,master,UNKNOWN,carga1,,,,0,0.0,0.0,0.0,0.0,SLEEP_TASK
wait_info,2026-09-04 05:12:40.431,58.0,master,UNKNOWN,carga1,,,,0,0.0,0.0,0.0,0.0,BROKER_TO_FLUSH
login,2026-09-04 05:12:50.471,70.0,SteelNort,UNKNOWN,carga1,,,,0,0.0,0.0,0.0,0.0,0
wait_info,2026-09-04 05:12:50.471,58.0,master,UNKNOWN,carga1,,,,0,0.0,0.0,0.0,0.0,SLEEP_TASK
sql_batch_completed,2026-09-04 05:12:50.471,77.0,SteelNort,USER,carga1,,,,EXECUTE,146.0,90.0,0.0,0.0,MSQL_XP
logout,2026-09-04 05:12:55.496,70.0,0,UNKNOWN,carga1,,,,0,0.0,0.0,0.0,0.0,0
wait_info,2026-09-04 05:12:55.496,58.0,master,UNKNOWN,carga1,,,,0,0.0,0.0,0.0,0.0,BROKER_TO_FLUSH
sql_batch_completed,2026-09-04 05:12:55.496,77.0,SteelNort,USER,carga1,,,,EXECUTE,5170.0,90.0,0.0,0.0,0
wait_info,2026-09-04 05:13:00.524,58.0,master,UNKNOWN,carga1,,,,0,0.0,0.0,0.0,0.0,SLEEP_TASK
wait_info,2026-09-04 05:13:05.552,58.0,master,UNKNOWN,carga1,,,,0,0.0,0.0,0.0,0.0,BROKER_TO_FLUSH
wait_info,2026-09-04 05:13:10.579,58.0,master,UNKNOWN,carga1,,,,0,0.0,0.0,0.0,0.0,SLEEP_TASK
sql_batch_completed,2026-09-04 05:13:10.579,67.0,SteelNort,UNKNOWN,carga1,,,,AWAITING COMMAND,8.0,0.0,0.0,0.0,0
sql_batch_completed,2026-09-04 05:13:10.579,77.0,SteelNort,USER,carga1,,,,EXECUTE,93.0,82.0,0.0,0.0,MSQL_XP
lock_acquired,2026-09-04 05:13:10.579,70.0,0,UNKNOWN,carga1,,,,0,0.0,0.0,0.0,0.0,0
wait_info,2026-09-04 05:13:15.615,58.0,master,UNKNOWN,carga1,,,,0,0.0,0.0,0.0,0.0,BROKER_TO_FLUSH
sql_batch_completed,2026-09-04 05:13:15.615,67.0,SteelNort,UNKNOWN,carga1,,,,AWAITING COMMAND,5046.0,0.0,0.0,0.0,0
sql_batch_completed,2026-09-04 05:13:15.615,77.0,SteelNort,USER,carga1,,,,EXECUTE,5130.0,82.0,0.0,0.0,0
lock_released,2026-09-04 05:13:15.615,70.0,0,UNKNOWN,carga1,,,,0,0.0,0.0,0.0,0.0,0
wait_info,2026-09-04 05:13:20.643,58.0,master,UNKNOWN,carga1,,,,0,0.0,0.0,0.0,0.0,SLEEP_TASK
lock_acquired,2026-09-04 05:13:20.643,69.0,0,UNKNOWN,carga1,,,,0,0.0,0.0,0.0,0.0,0
wait_info,2026-09-04 05:13:25.667,58.0,master,UNKNOWN,carga1,,,,0,0.0,0.0,0.0,0.0,BROKER_TO_FLUSH
sql_batch_completed,2026-09-04 05:13:25.667,69.0,SteelNort,UNKNOWN,carga1,,,,AWAITING COMMAND,6.0,0.0,0.0,0.0,0
lock_released,2026-09-04 05:13:25.667,69.0,0,UNKNOWN,carga1,,,,0,0.0,0.0,0.0,0.0,0
wait_info,2026-09-04 05:13:30.693,58.0,master,UNKNOWN,carga1,,,,0,0.0,0.0,0.0,0.0,SLEEP_TASK
login,2026-09-04 05:13:35.721,70.0,SteelNort,UNKNOWN,carga1,,,,0,0.0,0.0,0.0,0.0,0
wait_info,2026-09-04 05:13:35.721,58.0,master,UNKNOWN,carga1,,,,0,0.0,0.0,0.0,0.0,BROKER_TO_FLUSH
sql_batch_completed,2026-09-04 05:13:35.721,69.0,SteelNort,USER,carga1,,,,EXECUTE,5033.0,0.0,0.0,0.0,0
wait_info,2026-09-04 05:13:45.767,58.0,master,UNKNOWN,carga1,,,,0,0.0,0.0,0.0,0.0,SLEEP_TASK
sql_batch_completed,2026-09-04 05:13:45.767,62.0,SteelNort,UNKNOWN,carga1,,,,AWAITING COMMAND,8.0,0.0,0.0,0.0,0
wait_info,2026-09-04 05:13:50.787,58.0,master,UNKNOWN,carga1,,,,0,0.0,0.0,0.0,0.0,BROKER_TO_FLUSH
sql_batch_completed,2026-09-04 05:13:50.787,62.0,SteelNort,UNKNOWN,carga1,,,,AWAITING COMMAND,5033.0,0.0,0.0,0.0,0
logout,2026-09-04 05:13:55.814,73.0,0,UNKNOWN,carga1,,,,0,0.0,0.0,0.0,0.0,0
logout,2026-09-04 05:13:55.814,76.0,0,UNKNOWN,carga1,,,,0,0.0,0.0,0.0,0.0,0
logout,2026-09-04 05:13:55.814,71.0,0,UNKNOWN,carga1,,,,0,0.0,0.0,0.0,0.0,0
wait_info,2026-09-04 05:13:55.814,58.0,master,UNKNOWN,carga1,,,,0,0.0,0.0,0.0,0.0,SLEEP_TASK
sql_batch_completed,2026-09-04 05:13:55.814,73.0,master,SQL_SERVER_INTERNAL,carga1,,,,TASK MANAGER,482759.0,0.0,0.0,0.0,0
sql_batch_completed,2026-09-04 05:13:55.814,76.0,master,SQL_SERVER_INTERNAL,carga1,,,,TASK MANAGER,482760.0,0.0,0.0,0.0,0
sql_batch_completed,2026-09-04 05:13:55.814,71.0,master,SQL_SERVER_INTERNAL,carga1,,,,TASK MANAGER,782835.0,0.0,0.0,0.0,0
wait_info,2026-09-04 05:14:00.837,58.0,master,UNKNOWN,carga1,,,,0,0.0,0.0,0.0,0.0,BROKER_TO_FLUSH
sql_batch_completed,2026-09-04 05:14:00.837,63.0,SteelNort,UNKNOWN,carga1,,,,CONDITIONAL,7.0,1.0,0.0,0.0,0
wait_info,2026-09-04 05:14:05.861,58.0,master,UNKNOWN,carga1,,,,0,0.0,0.0,0.0,0.0,SLEEP_TASK
sql_batch_completed,2026-09-04 05:14:05.861,63.0,SteelNort,UNKNOWN,carga1,,,,CONDITIONAL,5032.0,1.0,0.0,0.0,0
wait_info,2026-09-04 05:14:10.889,58.0,master,UNKNOWN,carga1,,,,0,0.0,0.0,0.0,0.0,BROKER_TO_FLUSH
login,2026-09-04 05:14:15.911,71.0,SteelNort,UNKNOWN,carga1,,,,0,0.0,0.0,0.0,0.0,0
wait_info,2026-09-04 05:14:15.911,58.0,master,UNKNOWN,carga1,,,,0,0.0,0.0,0.0,0.0,SLEEP_TASK
sql_batch_completed,2026-09-04 05:14:15.911,77.0,SteelNort,USER,carga1,,,,EXECUTE,216.0,114.0,0.0,0.0,MSQL_XP
logout,2026-09-04 05:14:20.939,71.0,0,UNKNOWN,carga1,,,,0,0.0,0.0,0.0,0.0,0
wait_info,2026-09-04 05:14:20.939,58.0,master,UNKNOWN,carga1,,,,0,0.0,0.0,0.0,0.0,BROKER_TO_FLUSH
sql_batch_completed,2026-09-04 05:14:20.939,77.0,SteelNort,USER,carga1,,,,EXECUTE,5245.0,114.0,0.0,0.0,0
wait_info,2026-09-04 05:14:25.968,58.0,master,UNKNOWN,carga1,,,,0,0.0,0.0,0.0,0.0,SLEEP_TASK
lock_acquired,2026-09-04 05:14:25.968,64.0,0,UNKNOWN,carga1,,,,0,0.0,0.0,0.0,0.0,0
sql_batch_completed,2026-09-04 05:14:30.989,64.0,SteelNort,UNKNOWN,carga1,,,,AWAITING COMMAND,3.0,0.0,0.0,0.0,0
sql_batch_completed,2026-09-04 05:14:30.989,69.0,SteelNort,USER,carga1,,,,EXECUTE,5.0,0.0,0.0,0.0,0
lock_released,2026-09-04 05:14:30.989,64.0,0,UNKNOWN,carga1,,,,0,0.0,0.0,0.0,0.0,0
wait_info,2026-09-04 05:14:36.020,58.0,master,UNKNOWN,carga1,,,,0,0.0,0.0,0.0,0.0,BROKER_TO_FLUSH
sql_batch_completed,2026-09-04 05:14:36.020,64.0,SteelNort,UNKNOWN,carga1,,,,AWAITING COMMAND,5037.0,0.0,0.0,0.0,0
sql_batch_completed,2026-09-04 05:14:36.020,69.0,SteelNort,USER,carga1,,,,EXECUTE,5038.0,0.0,0.0,0.0,0
wait_info,2026-09-04 05:14:41.047,58.0,master,UNKNOWN,carga1,,,,0,0.0,0.0,0.0,0.0,SLEEP_TASK
sql_batch_completed,2026-09-04 05:14:41.047,68.0,SteelNort,USER,carga1,,,,INSERT,6.0,0.0,0.0,0.0,0
lock_acquired,2026-09-04 05:14:41.047,68.0,0,UNKNOWN,carga1,,,,0,0.0,0.0,0.0,0.0,0
lock_acquired,2026-09-04 05:14:41.047,68.0,0,UNKNOWN,carga1,,,,0,0.0,0.0,0.0,0.0,0
lock_acquired,2026-09-04 05:14:41.047,68.0,0,UNKNOWN,carga1,,,,0,0.0,0.0,0.0,0.0,0
lock_acquired,2026-09-04 05:14:41.047,68.0,0,UNKNOWN,carga1,,,,0,0.0,0.0,0.0,0.0,0
wait_info,2026-09-04 05:14:46.079,58.0,master,UNKNOWN,carga1,,,,0,0.0,0.0,0.0,0.0,BROKER_TO_FLUSH
sql_batch_completed,2026-09-04 05:14:46.079,68.0,SteelNort,USER,carga1,,,,INSERT,5036.0,0.0,0.0,0.0,0
lock_released,2026-09-04 05:14:46.079,68.0,0,UNKNOWN,carga1,,,,0,0.0,0.0,0.0,0.0,0
lock_released,2026-09-04 05:14:46.079,68.0,0,UNKNOWN,carga1,,,,0,0.0,0.0,0.0,0.0,0
lock_released,2026-09-04 05:14:46.079,68.0,0,UNKNOWN,carga1,,,,0,0.0,0.0,0.0,0.0,0
lock_released,2026-09-04 05:14:46.079,68.0,0,UNKNOWN,carga1,,,,0,0.0,0.0,0.0,0.0,0
wait_info,2026-09-04 05:14:51.107,58.0,master,UNKNOWN,carga1,,,,0,0.0,0.0,0.0,0.0,SLEEP_TASK
sql_batch_completed,2026-09-04 05:14:51.107,69.0,SteelNort,USER,carga1,,,,EXECUTE,9.0,0.0,0.0,0.0,0
wait_info,2026-09-04 05:14:56.139,58.0,master,UNKNOWN,carga1,,,,0,0.0,0.0,0.0,0.0,BROKER_TO_FLUSH
sql_batch_completed,2026-09-04 05:14:56.139,69.0,SteelNort,USER,carga1,,,,EXECUTE,5038.0,0.0,0.0,0.0,0
login,2026-09-04 05:15:01.171,71.0,SteelNort,UNKNOWN,carga1,,,,0,0.0,0.0,0.0,0.0,0
wait_info,2026-09-04 05:15:01.171,58.0,master,UNKNOWN,carga1,,,,0,0.0,0.0,0.0,0.0,SLEEP_TASK
sql_batch_completed,2026-09-04 05:15:01.171,64.0,SteelNort,USER,carga1,,,,EXECUTE,6.0,0.0,0.0,0.0,0
sql_batch_completed,2026-09-04 05:15:01.171,77.0,SteelNort,USER,carga1,,,,EXECUTE,187.0,100.0,0.0,0.0,MSQL_XP
logout,2026-09-04 05:15:06.196,71.0,0,UNKNOWN,carga1,,,,0,0.0,0.0,0.0,0.0,0
wait_info,2026-09-04 05:15:06.196,58.0,master,UNKNOWN,carga1,,,,0,0.0,0.0,0.0,0.0,BROKER_TO_FLUSH
sql_batch_completed,2026-09-04 05:15:06.196,64.0,SteelNort,USER,carga1,,,,EXECUTE,5027.0,0.0,0.0,0.0,0
sql_batch_completed,2026-09-04 05:15:06.196,77.0,SteelNort,USER,carga1,,,,EXECUTE,5208.0,100.0,0.0,0.0,0
wait_info,2026-09-04 05:15:11.215,58.0,master,UNKNOWN,carga1,,,,0,0.0,0.0,0.0,0.0,SLEEP_TASK
wait_info,2026-09-04 05:15:16.239,58.0,master,UNKNOWN,carga1,,,,0,0.0,0.0,0.0,0.0,BROKER_TO_FLUSH
wait_info,2026-09-04 05:15:21.260,58.0,master,UNKNOWN,carga1,,,,0,0.0,0.0,0.0,0.0,SLEEP_TASK
lock_acquired,2026-09-04 05:15:21.260,62.0,0,UNKNOWN,carga1,,,,0,0.0,0.0,0.0,0.0,0
lock_acquired,2026-09-04 05:15:21.260,62.0,0,UNKNOWN,carga1,,,,0,0.0,0.0,0.0,0.0,0
lock_acquired,2026-09-04 05:15:21.260,62.0,0,UNKNOWN,carga1,,,,0,0.0,0.0,0.0,0.0,0
lock_acquired,2026-09-04 05:15:21.260,62.0,0,UNKNOWN,carga1,,,,0,0.0,0.0,0.0,0.0,0
sql_batch_completed,2026-09-04 05:15:26.284,62.0,SteelNort,USER,carga1,,,,EXECUTE,3.0,0.0,0.0,0.0,0
sql_batch_completed,2026-09-04 05:15:26.284,63.0,SteelNort,UNKNOWN,carga1,,,,AWAITING COMMAND,5.0,0.0,0.0,0.0,0
lock_released,2026-09-04 05:15:26.284,62.0,0,UNKNOWN,carga1,,,,0,0.0,0.0,0.0,0.0,0
lock_released,2026-09-04 05:15:26.284,62.0,0,UNKNOWN,carga1,,,,0,0.0,0.0,0.0,0.0,0
lock_released,2026-09-04 05:15:26.284,62.0,0,UNKNOWN,carga1,,,,0,0.0,0.0,0.0,0.0,0
lock_released,2026-09-04 05:15:26.284,62.0,0,UNKNOWN,carga1,,,,0,0.0,0.0,0.0,0.0,0
wait_info,2026-09-04 05:15:31.312,58.0,master,UNKNOWN,carga1,,,,0,0.0,0.0,0.0,0.0,BROKER_TO_FLUSH
sql_batch_completed,2026-09-04 05:15:31.312,62.0,SteelNort,USER,carga1,,,,EXECUTE,5032.0,0.0,0.0,0.0,0
sql_batch_completed,2026-09-04 05:15:31.312,63.0,SteelNort,UNKNOWN,carga1,,,,AWAITING COMMAND,5033.0,0.0,0.0,0.0,0
wait_info,2026-09-04 05:15:36.339,58.0,master,UNKNOWN,carga1,,,,0,0.0,0.0,0.0,0.0,SLEEP_TASK
sql_batch_completed,2026-09-04 05:15:36.339,67.0,SteelNort,USER,carga1,,,,EXECUTE,4.0,0.0,0.0,0.0,0
wait_info,2026-09-04 05:15:41.364,58.0,master,UNKNOWN,carga1,,,,0,0.0,0.0,0.0,0.0,BROKER_TO_FLUSH
sql_batch_completed,2026-09-04 05:15:41.364,67.0,SteelNort,USER,carga1,,,,EXECUTE,5029.0,0.0,0.0,0.0,0
login,2026-09-04 05:15:46.386,71.0,SteelNort,UNKNOWN,carga1,,,,0,0.0,0.0,0.0,0.0,0
wait_info,2026-09-04 05:15:46.386,58.0,master,UNKNOWN,carga1,,,,0,0.0,0.0,0.0,0.0,SLEEP_TASK
sql_batch_completed,2026-09-04 05:15:46.386,77.0,SteelNort,USER,carga1,,,,EXECUTE,197.0,103.0,0.0,0.0,MSQL_XP
logout,2026-09-04 05:15:51.408,71.0,0,UNKNOWN,carga1,,,,0,0.0,0.0,0.0,0.0,0
wait_info,2026-09-04 05:15:51.408,58.0,master,UNKNOWN,carga1,,,,0,0.0,0.0,0.0,0.0,BROKER_TO_FLUSH
sql_batch_completed,2026-09-04 05:15:51.408,77.0,SteelNort,USER,carga1,,,,EXECUTE,5225.0,103.0,0.0,0.0,0
login,2026-09-04 05:15:56.437,72.0,SteelNort,UNKNOWN,carga1,,,,0,0.0,0.0,0.0,0.0,0
login,2026-09-04 05:15:56.437,73.0,SteelNort,UNKNOWN,carga1,,,,0,0.0,0.0,0.0,0.0,0
wait_info,2026-09-04 05:15:56.437,58.0,master,UNKNOWN,carga1,,,,0,0.0,0.0,0.0,0.0,SLEEP_TASK
sql_batch_completed,2026-09-04 05:15:56.437,72.0,master,SQL_SERVER_INTERNAL,carga1,,,,TASK MANAGER,3257.0,0.0,0.0,0.0,0
sql_batch_completed,2026-09-04 05:15:56.437,73.0,master,SQL_SERVER_INTERNAL,carga1,,,,TASK MANAGER,3258.0,0.0,0.0,0.0,0
wait_info,2026-09-04 05:16:01.463,58.0,master,UNKNOWN,carga1,,,,0,0.0,0.0,0.0,0.0,BROKER_TO_FLUSH
sql_batch_completed,2026-09-04 05:16:01.463,62.0,SteelNort,USER,carga1,,,,EXECUTE,7.0,0.0,0.0,0.0,0
lock_acquired,2026-09-04 05:16:01.463,60.0,0,UNKNOWN,carga1,,,,0,0.0,0.0,0.0,0.0,0
lock_acquired,2026-09-04 05:16:01.463,60.0,0,UNKNOWN,carga1,,,,0,0.0,0.0,0.0,0.0,0
lock_acquired,2026-09-04 05:16:01.463,60.0,0,UNKNOWN,carga1,,,,0,0.0,0.0,0.0,0.0,0
wait_info,2026-09-04 05:16:06.497,58.0,master,UNKNOWN,carga1,,,,0,0.0,0.0,0.0,0.0,SLEEP_TASK
sql_batch_completed,2026-09-04 05:16:06.497,62.0,SteelNort,USER,carga1,,,,EXECUTE,5039.0,0.0,0.0,0.0,0
lock_released,2026-09-04 05:16:06.497,60.0,0,UNKNOWN,carga1,,,,0,0.0,0.0,0.0,0.0,0
lock_released,2026-09-04 05:16:06.497,60.0,0,UNKNOWN,carga1,,,,0,0.0,0.0,0.0,0.0,0
lock_released,2026-09-04 05:16:06.497,60.0,0,UNKNOWN,carga1,,,,0,0.0,0.0,0.0,0.0,0
wait_info,2026-09-04 05:16:11.528,58.0,master,UNKNOWN,carga1,,,,0,0.0,0.0,0.0,0.0,BROKER_TO_FLUSH
wait_info,2026-09-04 05:16:21.582,58.0,master,UNKNOWN,carga1,,,,0,0.0,0.0,0.0,0.0,SLEEP_TASK
wait_info,2026-09-04 05:16:26.614,58.0,master,UNKNOWN,carga1,,,,0,0.0,0.0,0.0,0.0,BROKER_TO_FLUSH
login,2026-09-04 05:16:31.639,71.0,SteelNort,UNKNOWN,carga1,,,,0,0.0,0.0,0.0,0.0,0
wait_info,2026-09-04 05:16:31.639,58.0,master,UNKNOWN,carga1,,,,0,0.0,0.0,0.0,0.0,SLEEP_TASK
sql_batch_completed,2026-09-04 05:16:31.639,77.0,SteelNort,USER,carga1,,,,EXECUTE,180.0,169.0,0.0,0.0,MSQL_XP
logout,2026-09-04 05:16:36.675,71.0,0,UNKNOWN,carga1,,,,0,0.0,0.0,0.0,0.0,0
wait_info,2026-09-04 05:16:36.675,58.0,master,UNKNOWN,carga1,,,,0,0.0,0.0,0.0,0.0,BROKER_TO_FLUSH
sql_batch_completed,2026-09-04 05:16:36.675,77.0,SteelNort,USER,carga1,,,,EXECUTE,5213.0,169.0,0.0,0.0,0
wait_info,2026-09-04 05:16:41.696,58.0,master,UNKNOWN,carga1,,,,0,0.0,0.0,0.0,0.0,SLEEP_TASK
wait_info,2026-09-04 05:16:46.717,58.0,master,UNKNOWN,carga1,,,,0,0.0,0.0,0.0,0.0,BROKER_TO_FLUSH
wait_info,2026-09-04 05:16:51.736,58.0,master,UNKNOWN,carga1,,,,0,0.0,0.0,0.0,0.0,SLEEP_TASK
sql_batch_completed,2026-09-04 05:16:51.736,62.0,SteelNort,UNKNOWN,carga1,,,,AWAITING COMMAND,7.0,0.0,0.0,0.0,0
sql_batch_completed,2026-09-04 05:16:56.774,52.0,SteelNort,USER,carga1,,,,EXECUTE,4.0,0.0,0.0,0.0,0
wait_info,2026-09-04 05:16:56.774,58.0,master,UNKNOWN,carga1,,,,0,0.0,0.0,0.0,0.0,BROKER_TO_FLUSH
sql_batch_completed,2026-09-04 05:16:56.774,62.0,SteelNort,UNKNOWN,carga1,,,,AWAITING COMMAND,5044.0,0.0,0.0,0.0,0
wait_info,2026-09-04 05:17:01.798,58.0,master,UNKNOWN,carga1,,,,0,0.0,0.0,0.0,0.0,SLEEP_TASK
sql_batch_completed,2026-09-04 05:17:01.798,52.0,SteelNort,USER,carga1,,,,EXECUTE,5038.0,0.0,0.0,0.0,0
wait_info,2026-09-04 05:17:06.829,58.0,master,UNKNOWN,carga1,,,,0,0.0,0.0,0.0,0.0,BROKER_TO_FLUSH
sql_batch_completed,2026-09-04 05:17:06.829,66.0,SteelNort,UNKNOWN,carga1,,,,AWAITING COMMAND,5.0,0.0,0.0,0.0,0
xml_deadlock_report,2026-09-11 10:37:35.932,0.0,SteelNort,UNKNOWN,carga11,13.0,1205.0,Deadlock detected,,,,,,
xml_deadlock_report,2026-09-11 10:37:35.932,0.0,SteelNort,UNKNOWN,carga11,13.0,1205.0,Deadlock detected,,,,,,
xml_deadlock_report,2026-09-11 10:37:35.932,0.0,SteelNort,UNKNOWN,carga11,13.0,1205.0,Deadlock detected,,,,,,
xml_deadlock_report,2026-09-11 10:37:35.932,0.0,SteelNort,UNKNOWN,carga11,13.0,1205.0,Deadlock detected,,,,,,
xml_deadlock_report,2026-09-11 10:37:35.932,0.0,SteelNort,UNKNOWN,carga11,13.0,1205.0,Deadlock detected,,,,,,
xml_deadlock_report,2026-09-11 10:37:35.932,0.0,SteelNort,UNKNOWN,carga11,13.0,1205.0,Deadlock detected,,,,,,
xml_deadlock_report,2026-09-11 10:37:35.932,0.0,SteelNort,UNKNOWN,carga11,13.0,1205.0,Deadlock detected,,,,,,
xml_deadlock_report,2026-09-11 10:37:35.932,0.0,SteelNort,UNKNOWN,carga11,13.0,1205.0,Deadlock detected,,,,,,
xml_deadlock_report,2026-09-11 10:37:35.932,0.0,SteelNort,UNKNOWN,carga11,13.0,1205.0,Deadlock detected,,,,,,
xml_deadlock_report,2026-09-11 10:37:35.932,0.0,SteelNort,UNKNOWN,carga11,13.0,1205.0,Deadlock detected,,,,,,
xml_deadlock_report,2026-09-11 10:37:35.932,0.0,SteelNort,UNKNOWN,carga11,13.0,1205.0,Deadlock detected,,,,,,
xml_deadlock_report,2026-09-11 10:37:35.932,0.0,SteelNort,UNKNOWN,carga11,13.0,1205.0,Deadlock detected,,,,,,
xml_deadlock_report,2026-09-11 10:37:35.932,0.0,SteelNort,UNKNOWN,carga11,13.0,1205.0,Deadlock detected,,,,,,
xml_deadlock_report,2026-09-11 10:37:35.932,0.0,SteelNort,UNKNOWN,carga11,13.0,1205.0,Deadlock detected,,,,,,
xml_deadlock_report,2026-09-11 10:37:35.932,0.0,SteelNort,UNKNOWN,carga11,13.0,1205.0,Deadlock detected,,,,,,
xml_deadlock_report,2026-09-11 10:37:35.932,0.0,SteelNort,UNKNOWN,carga11,13.0,1205.0,Deadlock detected,,,,,,
xml_deadlock_report,2026-09-11 10:37:35.932,0.0,SteelNort,UNKNOWN,carga11,13.0,1205.0,Deadlock detected,,,,,,
xml_deadlock_report,2026-09-11 10:37:35.932,0.0,SteelNort,UNKNOWN,carga11,13.0,1205.0,Deadlock detected,,,,,,
xml_deadlock_report,2026-09-11 10:37:35.932,0.0,SteelNort,UNKNOWN,carga11,13.0,1205.0,Deadlock detected,,,,,,
xml_deadlock_report,2026-09-11 10:37:35.932,0.0,SteelNort,UNKNOWN,carga11,13.0,1205.0,Deadlock detected,,,,,,
xml_deadlock_report,2026-09-11 10:37:35.932,0.0,SteelNort,UNKNOWN,carga11,13.0,1205.0,Deadlock detected,,,,,,
xml_deadlock_report,2026-09-11 10:37:35.932,0.0,SteelNort,UNKNOWN,carga11,13.0,1205.0,Deadlock detected,,,,,,
xml_deadlock_report,2026-09-11 10:37:35.932,0.0,SteelNort,UNKNOWN,carga11,13.0,1205.0,Deadlock detected,,,,,,
xml_deadlock_report,2026-09-11 10:37:35.932,0.0,SteelNort,UNKNOWN,carga11,13.0,1205.0,Deadlock detected,,,,,,
xml_deadlock_report,2026-09-11 10:37:35.932,0.0,SteelNort,UNKNOWN,carga11,13.0,1205.0,Deadlock detected,,,,,,
xml_deadlock_report,2026-09-11 10:37:35.932,0.0,SteelNort,UNKNOWN,carga11,13.0,1205.0,Deadlock detected,,,,,,
xml_deadlock_report,2026-09-11 10:37:35.932,0.0,SteelNort,UNKNOWN,carga11,13.0,1205.0,Deadlock detected,,,,,,
xml_deadlock_report,2026-09-11 10:37:35.932,0.0,SteelNort,UNKNOWN,carga11,13.0,1205.0,Deadlock detected,,,,,,
xml_deadlock_report,2026-09-11 10:37:35.932,0.0,SteelNort,UNKNOWN,carga11,13.0,1205.0,Deadlock detected,,,,,,
xml_deadlock_report,2026-09-11 10:37:35.932,0.0,SteelNort,UNKNOWN,carga11,13.0,1205.0,Deadlock detected,,,,,,
xml_deadlock_report,2026-09-11 10:37:35.932,0.0,SteelNort,UNKNOWN,carga11,13.0,1205.0,Deadlock detected,,,,,,
xml_deadlock_report,2026-09-11 10:37:35.932,0.0,SteelNort,UNKNOWN,carga11,13.0,1205.0,Deadlock detected,,,,,,
xml_deadlock_report,2026-09-11 10:37:35.932,0.0,SteelNort,UNKNOWN,carga11,13.0,1205.0,Deadlock detected,,,,,,
xml_deadlock_report,2026-09-11 10:37:35.932,0.0,SteelNort,UNKNOWN,carga11,13.0,1205.0,Deadlock detected,,,,,,
xml_deadlock_report,2026-09-11 10:37:35.932,0.0,SteelNort,UNKNOWN,carga11,13.0,1205.0,Deadlock detected,,,,,,
xml_deadlock_report,2026-09-11 10:37:35.932,0.0,SteelNort,UNKNOWN,carga11,13.0,1205.0,Deadlock detected,,,,,,
xml_deadlock_report,2026-09-11 10:37:35.932,0.0,SteelNort,UNKNOWN,carga11,13.0,1205.0,Deadlock detected,,,,,,
xml_deadlock_report,2026-09-11 10:37:35.932,0.0,SteelNort,UNKNOWN,carga11,13.0,1205.0,Deadlock detected,,,,,,
xml_deadlock_report,2026-09-11 10:37:35.932,0.0,SteelNort,UNKNOWN,carga11,13.0,1205.0,Deadlock detected,,,,,,
xml_deadlock_report,2026-09-11 10:37:35.932,0.0,SteelNort,UNKNOWN,carga11,13.0,1205.0,Deadlock detected,,,,,,
xml_deadlock_report,2026-09-11 10:37:35.932,0.0,SteelNort,UNKNOWN,carga11,13.0,1205.0,Deadlock detected,,,,,,
xml_deadlock_report,2026-09-11 10:37:35.932,0.0,SteelNort,UNKNOWN,carga11,13.0,1205.0,Deadlock detected,,,,,,
xml_deadlock_report,2026-09-11 10:37:35.932,0.0,SteelNort,UNKNOWN,carga11,13.0,1205.0,Deadlock detected,,,,,,
xml_deadlock_report,2026-09-11 10:37:35.932,0.0,SteelNort,UNKNOWN,carga11,13.0,1205.0,Deadlock detected,,,,,,
xml_deadlock_report,2026-09-11 10:37:35.932,0.0,SteelNort,UNKNOWN,carga11,13.0,1205.0,Deadlock detected,,,,,,
xml_deadlock_report,2026-09-11 10:37:35.932,0.0,SteelNort,UNKNOWN,carga11,13.0,1205.0,Deadlock detected,,,,,,
xml_deadlock_report,2026-09-11 10:37:35.932,0.0,SteelNort,UNKNOWN,carga11,13.0,1205.0,Deadlock detected,,,,,,
xml_deadlock_report,2026-09-11 10:37:35.932,0.0,SteelNort,UNKNOWN,carga11,13.0,1205.0,Deadlock detected,,,,,,
xml_deadlock_report,2026-09-11 10:37:35.932,0.0,SteelNort,UNKNOWN,carga11,13.0,1205.0,Deadlock detected,,,,,,
xml_deadlock_report,2026-09-11 10:37:35.932,0.0,SteelNort,UNKNOWN,carga11,13.0,1205.0,Deadlock detected,,,,,,
xml_deadlock_report,2026-09-11 10:37:35.932,0.0,SteelNort,UNKNOWN,carga11,13.0,1205.0,Deadlock detected,,,,,,
xml_deadlock_report,2026-09-11 10:37:35.932,0.0,SteelNort,UNKNOWN,carga11,13.0,1205.0,Deadlock detected,,,,,,
login,2026-09-11 10:37:41.083,96.0,SteelNort,UNKNOWN,carga11,0.0,0.0,0,,,,,,
login,2026-09-11 10:37:41.083,84.0,SteelNort,UNKNOWN,carga11,0.0,0.0,0,,,,,,
login,2026-09-11 10:37:41.083,85.0,SteelNort,UNKNOWN,carga11,0.0,0.0,0,,,,,,
login,2026-09-11 10:37:41.083,86.0,SteelNort,UNKNOWN,carga11,0.0,0.0,0,,,,,,
login,2026-09-11 10:37:41.083,87.0,SteelNort,UNKNOWN,carga11,0.0,0.0,0,,,,,,
login,2026-09-11 10:37:41.083,88.0,SteelNort,UNKNOWN,carga11,0.0,0.0,0,,,,,,
login,2026-09-11 10:37:41.083,89.0,SteelNort,UNKNOWN,carga11,0.0,0.0,0,,,,,,
login,2026-09-11 10:37:41.083,90.0,SteelNort,UNKNOWN,carga11,0.0,0.0,0,,,,,,
login,2026-09-11 10:37:41.083,91.0,SteelNort,UNKNOWN,carga11,0.0,0.0,0,,,,,,
login,2026-09-11 10:37:41.083,92.0,SteelNort,UNKNOWN,carga11,0.0,0.0,0,,,,,,
login,2026-09-11 10:37:41.083,93.0,SteelNort,UNKNOWN,carga11,0.0,0.0,0,,,,,,
login,2026-09-11 10:37:41.083,94.0,SteelNort,UNKNOWN,carga11,0.0,0.0,0,,,,,,
login,2026-09-11 10:37:41.083,95.0,SteelNort,UNKNOWN,carga11,0.0,0.0,0,,,,,,
lock_acquired,2026-09-11 10:37:41.083,84.0,0,UNKNOWN,carga11,0.0,0.0,0,,,,,,
lock_acquired,2026-09-11 10:37:41.083,90.0,0,UNKNOWN,carga11,0.0,0.0,0,,,,,,
lock_acquired,2026-09-11 10:37:41.083,94.0,0,UNKNOWN,carga11,0.0,0.0,0,,,,,,
lock_acquired,2026-09-11 10:37:41.083,88.0,0,UNKNOWN,carga11,0.0,0.0,0,,,,,,
lock_acquired,2026-09-11 10:37:41.083,86.0,0,UNKNOWN,carga11,0.0,0.0,0,,,,,,
lock_acquired,2026-09-11 10:37:41.083,87.0,0,UNKNOWN,carga11,0.0,0.0,0,,,,,,
lock_acquired,2026-09-11 10:37:41.083,87.0,0,UNKNOWN,carga11,0.0,0.0,0,,,,,,
lock_acquired,2026-09-11 10:37:41.083,89.0,0,UNKNOWN,carga11,0.0,0.0,0,,,,,,
lock_acquired,2026-09-11 10:37:41.083,90.0,0,UNKNOWN,carga11,0.0,0.0,0,,,,,,
lock_acquired,2026-09-11 10:37:41.083,90.0,0,UNKNOWN,carga11,0.0,0.0,0,,,,,,
lock_acquired,2026-09-11 10:37:41.083,92.0,0,UNKNOWN,carga11,0.0,0.0,0,,,,,,
lock_acquired,2026-09-11 10:37:41.083,85.0,0,UNKNOWN,carga11,0.0,0.0,0,,,,,,
lock_acquired,2026-09-11 10:37:41.083,95.0,0,UNKNOWN,carga11,0.0,0.0,0,,,,,,
lock_acquired,2026-09-11 10:37:41.083,86.0,0,UNKNOWN,carga11,0.0,0.0,0,,,,,,
lock_acquired,2026-09-11 10:37:41.083,89.0,0,UNKNOWN,carga11,0.0,0.0,0,,,,,,
lock_acquired,2026-09-11 10:37:41.083,91.0,0,UNKNOWN,carga11,0.0,0.0,0,,,,,,
lock_acquired,2026-09-11 10:37:41.083,92.0,0,UNKNOWN,carga11,0.0,0.0,0,,,,,,
lock_acquired,2026-09-11 10:37:41.083,92.0,0,UNKNOWN,carga11,0.0,0.0,0,,,,,,
lock_acquired,2026-09-11 10:37:41.083,95.0,0,UNKNOWN,carga11,0.0,0.0,0,,,,,,
lock_acquired,2026-09-11 10:37:41.083,93.0,0,UNKNOWN,carga11,0.0,0.0,0,,,,,,
lock_acquired,2026-09-11 10:37:41.083,94.0,0,UNKNOWN,carga11,0.0,0.0,0,,,,,,
lock_acquired,2026-09-11 10:37:41.083,89.0,0,UNKNOWN,carga11,0.0,0.0,0,,,,,,
lock_acquired,2026-09-11 10:37:41.083,87.0,0,UNKNOWN,carga11,0.0,0.0,0,,,,,,
lock_acquired,2026-09-11 10:37:41.083,88.0,0,UNKNOWN,carga11,0.0,0.0,0,,,,,,
lock_acquired,2026-09-11 10:37:41.083,91.0,0,UNKNOWN,carga11,0.0,0.0,0,,,,,,
lock_released,2026-09-11 10:37:41.083,83.0,0,UNKNOWN,carga11,0.0,0.0,0,,,,,,
lock_released,2026-09-11 10:37:41.083,83.0,0,UNKNOWN,carga11,0.0,0.0,0,,,,,,
lock_released,2026-09-11 10:37:41.083,83.0,0,UNKNOWN,carga11,0.0,0.0,0,,,,,,
lock_released,2026-09-11 10:37:41.083,83.0,0,UNKNOWN,carga11,0.0,0.0,0,,,,,,
lock_acquired,2026-09-11 10:37:46.145,90.0,0,UNKNOWN,carga11,0.0,0.0,0,,,,,,
lock_acquired,2026-09-11 10:37:46.145,92.0,0,UNKNOWN,carga11,0.0,0.0,0,,,,,,
lock_acquired,2026-09-11 10:37:46.145,95.0,0,UNKNOWN,carga11,0.0,0.0,0,,,,,,
lock_acquired,2026-09-11 10:37:46.145,95.0,0,UNKNOWN,carga11,0.0,0.0,0,,,,,,
lock_acquired,2026-09-11 10:37:46.145,92.0,0,UNKNOWN,carga11,0.0,0.0,0,,,,,,
lock_acquired,2026-09-11 10:37:46.145,93.0,0,UNKNOWN,carga11,0.0,0.0,0,,,,,,
lock_acquired,2026-09-11 10:37:46.145,87.0,0,UNKNOWN,carga11,0.0,0.0,0,,,,,,
lock_acquired,2026-09-11 10:37:46.145,89.0,0,UNKNOWN,carga11,0.0,0.0,0,,,,,,
lock_acquired,2026-09-11 10:37:46.145,89.0,0,UNKNOWN,carga11,0.0,0.0,0,,,,,,
lock_acquired,2026-09-11 10:37:46.145,93.0,0,UNKNOWN,carga11,0.0,0.0,0,,,,,,
lock_acquired,2026-09-11 10:37:46.145,90.0,0,UNKNOWN,carga11,0.0,0.0,0,,,,,,
lock_acquired,2026-09-11 10:37:46.145,94.0,0,UNKNOWN,carga11,0.0,0.0,0,,,,,,
lock_acquired,2026-09-11 10:37:46.145,91.0,0,UNKNOWN,carga11,0.0,0.0,0,,,,,,
lock_acquired,2026-09-11 10:37:46.145,87.0,0,UNKNOWN,carga11,0.0,0.0,0,,,,,,
lock_acquired,2026-09-11 10:37:46.145,93.0,0,UNKNOWN,carga11,0.0,0.0,0,,,,,,
lock_released,2026-09-11 10:37:46.145,87.0,0,UNKNOWN,carga11,0.0,0.0,0,,,,,,
lock_released,2026-09-11 10:37:46.145,95.0,0,UNKNOWN,carga11,0.0,0.0,0,,,,,,
lock_released,2026-09-11 10:37:46.145,90.0,0,UNKNOWN,carga11,0.0,0.0,0,,,,,,
lock_released,2026-09-11 10:37:46.145,89.0,0,UNKNOWN,carga11,0.0,0.0,0,,,,,,
lock_released,2026-09-11 10:37:46.145,90.0,0,UNKNOWN,carga11,0.0,0.0,0,,,,,,
lock_released,2026-09-11 10:37:46.145,89.0,0,UNKNOWN,carga11,0.0,0.0,0,,,,,,
lock_released,2026-09-11 10:37:46.145,91.0,0,UNKNOWN,carga11,0.0,0.0,0,,,,,,
lock_released,2026-09-11 10:37:46.145,94.0,0,UNKNOWN,carga11,0.0,0.0,0,,,,,,
lock_released,2026-09-11 10:37:46.145,87.0,0,UNKNOWN,carga11,0.0,0.0,0,,,,,,
lock_released,2026-09-11 10:37:46.145,92.0,0,UNKNOWN,carga11,0.0,0.0,0,,,,,,
lock_released,2026-09-11 10:37:46.145,88.0,0,UNKNOWN,carga11,0.0,0.0,0,,,,,,
lock_released,2026-09-11 10:37:46.145,92.0,0,UNKNOWN,carga11,0.0,0.0,0,,,,,,
logout,2026-09-11 10:37:51.180,96.0,0,UNKNOWN,carga11,0.0,0.0,0,,,,,,
logout,2026-09-11 10:37:51.180,73.0,0,UNKNOWN,carga11,0.0,0.0,0,,,,,,
logout,2026-09-11 10:37:51.180,74.0,0,UNKNOWN,carga11,0.0,0.0,0,,,,,,
logout,2026-09-11 10:37:51.180,75.0,0,UNKNOWN,carga11,0.0,0.0,0,,,,,,
logout,2026-09-11 10:37:51.180,78.0,0,UNKNOWN,carga11,0.0,0.0,0,,,,,,
logout,2026-09-11 10:37:51.180,79.0,0,UNKNOWN,carga11,0.0,0.0,0,,,,,,
lock_acquired,2026-09-11 10:37:51.180,93.0,0,UNKNOWN,carga11,0.0,0.0,0,,,,,,
lock_acquired,2026-09-11 10:37:51.180,86.0,0,UNKNOWN,carga11,0.0,0.0,0,,,,,,
lock_acquired,2026-09-11 10:37:51.180,94.0,0,UNKNOWN,carga11,0.0,0.0,0,,,,,,
lock_acquired,2026-09-11 10:37:51.180,89.0,0,UNKNOWN,carga11,0.0,0.0,0,,,,,,
lock_acquired,2026-09-11 10:37:51.180,95.0,0,UNKNOWN,carga11,0.0,0.0,0,,,,,,
lock_acquired,2026-09-11 10:37:51.180,91.0,0,UNKNOWN,carga11,0.0,0.0,0,,,,,,
lock_acquired,2026-09-11 10:37:51.180,88.0,0,UNKNOWN,carga11,0.0,0.0,0,,,,,,
lock_acquired,2026-09-11 10:37:51.180,89.0,0,UNKNOWN,carga11,0.0,0.0,0,,,,,,
lock_acquired,2026-09-11 10:37:51.180,86.0,0,UNKNOWN,carga11,0.0,0.0,0,,,,,,
lock_acquired,2026-09-11 10:37:51.180,89.0,0,UNKNOWN,carga11,0.0,0.0,0,,,,,,
lock_acquired,2026-09-11 10:37:51.180,94.0,0,UNKNOWN,carga11,0.0,0.0,0,,,,,,
lock_acquired,2026-09-11 10:37:51.180,91.0,0,UNKNOWN,carga11,0.0,0.0,0,,,,,,
lock_acquired,2026-09-11 10:37:51.180,88.0,0,UNKNOWN,carga11,0.0,0.0,0,,,,,,
lock_released,2026-09-11 10:37:51.180,90.0,0,UNKNOWN,carga11,0.0,0.0,0,,,,,,
lock_released,2026-09-11 10:37:51.180,86.0,0,UNKNOWN,carga11,0.0,0.0,0,,,,,,
lock_released,2026-09-11 10:37:51.180,95.0,0,UNKNOWN,carga11,0.0,0.0,0,,,,,,
lock_released,2026-09-11 10:37:51.180,95.0,0,UNKNOWN,carga11,0.0,0.0,0,,,,,,
lock_released,2026-09-11 10:37:51.180,93.0,0,UNKNOWN,carga11,0.0,0.0,0,,,,,,
lock_released,2026-09-11 10:37:51.180,87.0,0,UNKNOWN,carga11,0.0,0.0,0,,,,,,
lock_released,2026-09-11 10:37:51.180,89.0,0,UNKNOWN,carga11,0.0,0.0,0,,,,,,
lock_released,2026-09-11 10:37:51.180,89.0,0,UNKNOWN,carga11,0.0,0.0,0,,,,,,
lock_released,2026-09-11 10:37:51.180,90.0,0,UNKNOWN,carga11,0.0,0.0,0,,,,,,
lock_released,2026-09-11 10:37:51.180,94.0,0,UNKNOWN,carga11,0.0,0.0,0,,,,,,
lock_released,2026-09-11 10:37:51.180,91.0,0,UNKNOWN,carga11,0.0,0.0,0,,,,,,
lock_released,2026-09-11 10:37:51.180,87.0,0,UNKNOWN,carga11,0.0,0.0,0,,,,,,
lock_released,2026-09-11 10:37:51.180,93.0,0,UNKNOWN,carga11,0.0,0.0,0,,,,,,
logout,2026-09-11 10:37:56.234,72.0,0,UNKNOWN,carga11,0.0,0.0,0,,,,,,
logout,2026-09-11 10:37:56.234,76.0,0,UNKNOWN,carga11,0.0,0.0,0,,,,,,
logout,2026-09-11 10:37:56.234,77.0,0,UNKNOWN,carga11,0.0,0.0,0,,,,,,
logout,2026-09-11 10:37:56.234,71.0,0,UNKNOWN,carga11,0.0,0.0,0,,,,,,
lock_acquired,2026-09-11 10:37:56.234,86.0,0,UNKNOWN,carga11,0.0,0.0,0,,,,,,
lock_acquired,2026-09-11 10:37:56.234,94.0,0,UNKNOWN,carga11,0.0,0.0,0,,,,,,
lock_acquired,2026-09-11 10:37:56.234,86.0,0,UNKNOWN,carga11,0.0,0.0,0,,,,,,
lock_acquired,2026-09-11 10:37:56.234,88.0,0,UNKNOWN,carga11,0.0,0.0,0,,,,,,
lock_acquired,2026-09-11 10:37:56.234,87.0,0,UNKNOWN,carga11,0.0,0.0,0,,,,,,
lock_acquired,2026-09-11 10:37:56.234,89.0,0,UNKNOWN,carga11,0.0,0.0,0,,,,,,
lock_acquired,2026-09-11 10:37:56.234,90.0,0,UNKNOWN,carga11,0.0,0.0,0,,,,,,
lock_acquired,2026-09-11 10:37:56.234,86.0,0,UNKNOWN,carga11,0.0,0.0,0,,,,,,
lock_acquired,2026-09-11 10:37:56.234,95.0,0,UNKNOWN,carga11,0.0,0.0,0,,,,,,
lock_acquired,2026-09-11 10:37:56.234,94.0,0,UNKNOWN,carga11,0.0,0.0,0,,,,,,
lock_acquired,2026-09-11 10:37:56.234,88.0,0,UNKNOWN,carga11,0.0,0.0,0,,,,,,
lock_acquired,2026-09-11 10:37:56.234,91.0,0,UNKNOWN,carga11,0.0,0.0,0,,,,,,
lock_acquired,2026-09-11 10:37:56.234,87.0,0,UNKNOWN,carga11,0.0,0.0,0,,,,,,
lock_acquired,2026-09-11 10:37:56.234,90.0,0,UNKNOWN,carga11,0.0,0.0,0,,,,,,
lock_released,2026-09-11 10:37:56.234,93.0,0,UNKNOWN,carga11,0.0,0.0,0,,,,,,
lock_released,2026-09-11 10:37:56.234,86.0,0,UNKNOWN,carga11,0.0,0.0,0,,,,,,
lock_released,2026-09-11 10:37:56.234,94.0,0,UNKNOWN,carga11,0.0,0.0,0,,,,,,
lock_released,2026-09-11 10:37:56.234,89.0,0,UNKNOWN,carga11,0.0,0.0,0,,,,,,
lock_released,2026-09-11 10:37:56.234,91.0,0,UNKNOWN,carga11,0.0,0.0,0,,,,,,
lock_released,2026-09-11 10:37:56.234,88.0,0,UNKNOWN,carga11,0.0,0.0,0,,,,,,
lock_released,2026-09-11 10:37:56.234,93.0,0,UNKNOWN,carga11,0.0,0.0,0,,,,,,
lock_released,2026-09-11 10:37:56.234,89.0,0,UNKNOWN,carga11,0.0,0.0,0,,,,,,
lock_released,2026-09-11 10:37:56.234,86.0,0,UNKNOWN,carga11,0.0,0.0,0,,,,,,
lock_released,2026-09-11 10:37:56.234,89.0,0,UNKNOWN,carga11,0.0,0.0,0,,,,,,
lock_released,2026-09-11 10:37:56.234,94.0,0,UNKNOWN,carga11,0.0,0.0,0,,,,,,
lock_released,2026-09-11 10:37:56.234,91.0,0,UNKNOWN,carga11,0.0,0.0,0,,,,,,
lock_acquired,2026-09-11 10:38:01.310,93.0,0,UNKNOWN,carga11,0.0,0.0,0,,,,,,
lock_acquired,2026-09-11 10:38:01.310,94.0,0,UNKNOWN,carga11,0.0,0.0,0,,,,,,
lock_acquired,2026-09-11 10:38:01.310,93.0,0,UNKNOWN,carga11,0.0,0.0,0,,,,,,
lock_acquired,2026-09-11 10:38:01.310,91.0,0,UNKNOWN,carga11,0.0,0.0,0,,,,,,
lock_acquired,2026-09-11 10:38:01.310,93.0,0,UNKNOWN,carga11,0.0,0.0,0,,,,,,
lock_acquired,2026-09-11 10:38:01.310,91.0,0,UNKNOWN,carga11,0.0,0.0,0,,,,,,
lock_acquired,2026-09-11 10:38:01.310,94.0,0,UNKNOWN,carga11,0.0,0.0,0,,,,,,
lock_acquired,2026-09-11 10:38:01.310,88.0,0,UNKNOWN,carga11,0.0,0.0,0,,,,,,
lock_acquired,2026-09-11 10:38:01.310,86.0,0,UNKNOWN,carga11,0.0,0.0,0,,,,,,
lock_released,2026-09-11 10:38:01.310,86.0,0,UNKNOWN,carga11,0.0,0.0,0,,,,,,
lock_released,2026-09-11 10:38:01.310,92.0,0,UNKNOWN,carga11,0.0,0.0,0,,,,,,
lock_released,2026-09-11 10:38:01.310,94.0,0,UNKNOWN,carga11,0.0,0.0,0,,,,,,
lock_released,2026-09-11 10:38:01.310,88.0,0,UNKNOWN,carga11,0.0,0.0,0,,,,,,
lock_released,2026-09-11 10:38:01.310,86.0,0,UNKNOWN,carga11,0.0,0.0,0,,,,,,
lock_released,2026-09-11 10:38:01.310,94.0,0,UNKNOWN,carga11,0.0,0.0,0,,,,,,
lock_released,2026-09-11 10:38:01.310,88.0,0,UNKNOWN,carga11,0.0,0.0,0,,,,,,
lock_released,2026-09-11 10:38:01.310,91.0,0,UNKNOWN,carga11,0.0,0.0,0,,,,,,
login,2026-09-11 10:38:07.418,71.0,SteelNort,UNKNOWN,carga11,0.0,0.0,0,,,,,,
lock_acquired,2026-09-11 10:38:07.418,93.0,0,UNKNOWN,carga11,0.0,0.0,0,,,,,,
lock_released,2026-09-11 10:38:07.418,93.0,0,UNKNOWN,carga11,0.0,0.0,0,,,,,,
lock_released,2026-09-11 10:38:07.418,86.0,0,UNKNOWN,carga11,0.0,0.0,0,,,,,,
lock_released,2026-09-11 10:38:07.418,86.0,0,UNKNOWN,carga11,0.0,0.0,0,,,,,,
lock_released,2026-09-11 10:38:07.418,94.0,0,UNKNOWN,carga11,0.0,0.0,0,,,,,,
lock_released,2026-09-11 10:38:07.418,95.0,0,UNKNOWN,carga11,0.0,0.0,0,,,,,,
lock_released,2026-09-11 10:38:07.418,90.0,0,UNKNOWN,carga11,0.0,0.0,0,,,,,,
lock_released,2026-09-11 10:38:07.418,91.0,0,UNKNOWN,carga11,0.0,0.0,0,,,,,,
lock_released,2026-09-11 10:38:07.418,89.0,0,UNKNOWN,carga11,0.0,0.0,0,,,,,,
lock_released,2026-09-11 10:38:07.418,90.0,0,UNKNOWN,carga11,0.0,0.0,0,,,,,,
lock_released,2026-09-11 10:38:07.418,95.0,0,UNKNOWN,carga11,0.0,0.0,0,,,,,,
lock_released,2026-09-11 10:38:07.418,91.0,0,UNKNOWN,carga11,0.0,0.0,0,,,,,,
lock_released,2026-09-11 10:38:07.418,94.0,0,UNKNOWN,carga11,0.0,0.0,0,,,,,,
lock_released,2026-09-11 10:38:07.418,88.0,0,UNKNOWN,carga11,0.0,0.0,0,,,,,,
lock_released,2026-09-11 10:38:07.418,88.0,0,UNKNOWN,carga11,0.0,0.0,0,,,,,,
logout,2026-09-11 10:38:12.450,71.0,0,UNKNOWN,carga11,0.0,0.0,0,,,,,,
lock_acquired,2026-09-11 10:38:12.450,86.0,0,UNKNOWN,carga11,0.0,0.0,0,,,,,,
lock_acquired,2026-09-11 10:38:12.450,93.0,0,UNKNOWN,carga11,0.0,0.0,0,,,,,,
lock_acquired,2026-09-11 10:38:12.450,86.0,0,UNKNOWN,carga11,0.0,0.0,0,,,,,,
lock_acquired,2026-09-11 10:38:12.450,95.0,0,UNKNOWN,carga11,0.0,0.0,0,,,,,,
lock_acquired,2026-09-11 10:38:12.450,89.0,0,UNKNOWN,carga11,0.0,0.0,0,,,,,,
lock_acquired,2026-09-11 10:38:12.450,92.0,0,UNKNOWN,carga11,0.0,0.0,0,,,,,,
lock_acquired,2026-09-11 10:38:12.450,91.0,0,UNKNOWN,carga11,0.0,0.0,0,,,,,,
lock_acquired,2026-09-11 10:38:12.450,88.0,0,UNKNOWN,carga11,0.0,0.0,0,,,,,,
lock_acquired,2026-09-11 10:38:12.450,89.0,0,UNKNOWN,carga11,0.0,0.0,0,,,,,,
lock_acquired,2026-09-11 10:38:12.450,95.0,0,UNKNOWN,carga11,0.0,0.0,0,,,,,,
lock_acquired,2026-09-11 10:38:12.450,86.0,0,UNKNOWN,carga11,0.0,0.0,0,,,,,,
lock_acquired,2026-09-11 10:38:12.450,89.0,0,UNKNOWN,carga11,0.0,0.0,0,,,,,,
lock_acquired,2026-09-11 10:38:12.450,92.0,0,UNKNOWN,carga11,0.0,0.0,0,,,,,,
lock_acquired,2026-09-11 10:38:12.450,91.0,0,UNKNOWN,carga11,0.0,0.0,0,,,,,,
lock_acquired,2026-09-11 10:38:12.450,88.0,0,UNKNOWN,carga11,0.0,0.0,0,,,,,,
lock_released,2026-09-11 10:38:12.450,92.0,0,UNKNOWN,carga11,0.0,0.0,0,,,,,,
lock_released,2026-09-11 10:38:12.450,93.0,0,UNKNOWN,carga11,0.0,0.0,0,,,,,,
lock_released,2026-09-11 10:38:12.450,93.0,0,UNKNOWN,carga11,0.0,0.0,0,,,,,,
lock_acquired,2026-09-11 10:38:17.488,92.0,0,UNKNOWN,carga11,0.0,0.0,0,,,,,,
lock_acquired,2026-09-11 10:38:17.488,88.0,0,UNKNOWN,carga11,0.0,0.0,0,,,,,,
lock_acquired,2026-09-11 10:38:17.488,95.0,0,UNKNOWN,carga11,0.0,0.0,0,,,,,,
lock_acquired,2026-09-11 10:38:17.488,91.0,0,UNKNOWN,carga11,0.0,0.0,0,,,,,,
lock_acquired,2026-09-11 10:38:17.488,95.0,0,UNKNOWN,carga11,0.0,0.0,0,,,,,,
lock_acquired,2026-09-11 10:38:17.488,92.0,0,UNKNOWN,carga11,0.0,0.0,0,,,,,,
lock_acquired,2026-09-11 10:38:17.488,90.0,0,UNKNOWN,carga11,0.0,0.0,0,,,,,,
lock_acquired,2026-09-11 10:38:17.488,93.0,0,UNKNOWN,carga11,0.0,0.0,0,,,,,,
lock_acquired,2026-09-11 10:38:17.488,88.0,0,UNKNOWN,carga11,0.0,0.0,0,,,,,,
lock_acquired,2026-09-11 10:38:17.488,90.0,0,UNKNOWN,carga11,0.0,0.0,0,,,,,,
lock_acquired,2026-09-11 10:38:17.488,95.0,0,UNKNOWN,carga11,0.0,0.0,0,,,,,,
lock_acquired,2026-09-11 10:38:17.488,89.0,0,UNKNOWN,carga11,0.0,0.0,0,,,,,,
lock_acquired,2026-09-11 10:38:17.488,91.0,0,UNKNOWN,carga11,0.0,0.0,0,,,,,,
lock_acquired,2026-09-11 10:38:17.488,87.0,0,UNKNOWN,carga11,0.0,0.0,0,,,,,,
lock_acquired,2026-09-11 10:38:17.488,86.0,0,UNKNOWN,carga11,0.0,0.0,0,,,,,,
lock_acquired,2026-09-11 10:38:17.488,95.0,0,UNKNOWN,carga11,0.0,0.0,0,,,,,,
lock_released,2026-09-11 10:38:17.488,86.0,0,UNKNOWN,carga11,0.0,0.0,0,,,,,,
lock_released,2026-09-11 10:38:17.488,93.0,0,UNKNOWN,carga11,0.0,0.0,0,,,,,,
lock_released,2026-09-11 10:38:17.488,86.0,0,UNKNOWN,carga11,0.0,0.0,0,,,,,,
lock_released,2026-09-11 10:38:17.488,95.0,0,UNKNOWN,carga11,0.0,0.0,0,,,,,,
lock_released,2026-09-11 10:38:17.488,89.0,0,UNKNOWN,carga11,0.0,0.0,0,,,,,,
lock_released,2026-09-11 10:38:17.488,92.0,0,UNKNOWN,carga11,0.0,0.0,0,,,,,,
lock_released,2026-09-11 10:38:17.488,91.0,0,UNKNOWN,carga11,0.0,0.0,0,,,,,,
lock_released,2026-09-11 10:38:17.488,87.0,0,UNKNOWN,carga11,0.0,0.0,0,,,,,,
lock_released,2026-09-11 10:38:17.488,88.0,0,UNKNOWN,carga11,0.0,0.0,0,,,,,,
lock_released,2026-09-11 10:38:17.488,93.0,0,UNKNOWN,carga11,0.0,0.0,0,,,,,,
lock_released,2026-09-11 10:38:17.488,95.0,0,UNKNOWN,carga11,0.0,0.0,0,,,,,,
lock_released,2026-09-11 10:38:17.488,86.0,0,UNKNOWN,carga11,0.0,0.0,0,,,,,,
lock_released,2026-09-11 10:38:17.488,89.0,0,UNKNOWN,carga11,0.0,0.0,0,,,,,,
lock_released,2026-09-11 10:38:17.488,92.0,0,UNKNOWN,carga11,0.0,0.0,0,,,,,,
lock_released,2026-09-11 10:38:17.488,87.0,0,UNKNOWN,carga11,0.0,0.0,0,,,,,,
lock_released,2026-09-11 10:38:17.488,88.0,0,UNKNOWN,carga11,0.0,0.0,0,,,,,,
lock_acquired,2026-09-11 10:38:22.539,94.0,0,UNKNOWN,carga11,0.0,0.0,0,,,,,,
lock_acquired,2026-09-11 10:38:22.539,86.0,0,UNKNOWN,carga11,0.0,0.0,0,,,,,,
lock_acquired,2026-09-11 10:38:22.539,91.0,0,UNKNOWN,carga11,0.0,0.0,0,,,,,,
lock_acquired,2026-09-11 10:38:22.539,93.0,0,UNKNOWN,carga11,0.0,0.0,0,,,,,,
lock_acquired,2026-09-11 10:38:22.539,93.0,0,UNKNOWN,carga11,0.0,0.0,0,,,,,,
lock_acquired,2026-09-11 10:38:22.539,94.0,0,UNKNOWN,carga11,0.0,0.0,0,,,,,,
lock_acquired,2026-09-11 10:38:22.539,86.0,0,UNKNOWN,carga11,0.0,0.0,0,,,,,,
lock_acquired,2026-09-11 10:38:22.539,94.0,0,UNKNOWN,carga11,0.0,0.0,0,,,,,,
lock_released,2026-09-11 10:38:22.539,95.0,0,UNKNOWN,carga11,0.0,0.0,0,,,,,,
lock_released,2026-09-11 10:38:22.539,91.0,0,UNKNOWN,carga11,0.0,0.0,0,,,,,,
lock_released,2026-09-11 10:38:22.539,95.0,0,UNKNOWN,carga11,0.0,0.0,0,,,,,,
lock_released,2026-09-11 10:38:22.539,93.0,0,UNKNOWN,carga11,0.0,0.0,0,,,,,,
lock_released,2026-09-11 10:38:22.539,95.0,0,UNKNOWN,carga11,0.0,0.0,0,,,,,,
lock_released,2026-09-11 10:38:22.539,91.0,0,UNKNOWN,carga11,0.0,0.0,0,,,,,,
lock_released,2026-09-11 10:38:22.539,87.0,0,UNKNOWN,carga11,0.0,0.0,0,,,,,,
lock_released,2026-09-11 10:38:22.539,86.0,0,UNKNOWN,carga11,0.0,0.0,0,,,,,,
lock_released,2026-09-11 10:38:22.539,95.0,0,UNKNOWN,carga11,0.0,0.0,0,,,,,,
lock_acquired,2026-09-11 10:38:27.587,86.0,0,UNKNOWN,carga11,0.0,0.0,0,,,,,,
lock_acquired,2026-09-11 10:38:27.587,92.0,0,UNKNOWN,carga11,0.0,0.0,0,,,,,,
lock_acquired,2026-09-11 10:38:27.587,95.0,0,UNKNOWN,carga11,0.0,0.0,0,,,,,,
lock_acquired,2026-09-11 10:38:27.587,88.0,0,UNKNOWN,carga11,0.0,0.0,0,,,,,,
lock_acquired,2026-09-11 10:38:27.587,93.0,0,UNKNOWN,carga11,0.0,0.0,0,,,,,,
lock_acquired,2026-09-11 10:38:27.587,87.0,0,UNKNOWN,carga11,0.0,0.0,0,,,,,,
lock_acquired,2026-09-11 10:38:27.587,93.0,0,UNKNOWN,carga11,0.0,0.0,0,,,,,,
lock_acquired,2026-09-11 10:38:27.587,95.0,0,UNKNOWN,carga11,0.0,0.0,0,,,,,,
lock_acquired,2026-09-11 10:38:27.587,86.0,0,UNKNOWN,carga11,0.0,0.0,0,,,,,,
lock_acquired,2026-09-11 10:38:27.587,94.0,0,UNKNOWN,carga11,0.0,0.0,0,,,,,,
lock_acquired,2026-09-11 10:38:27.587,87.0,0,UNKNOWN,carga11,0.0,0.0,0,,,,,,
lock_acquired,2026-09-11 10:38:27.587,93.0,0,UNKNOWN,carga11,0.0,0.0,0,,,,,,
lock_acquired,2026-09-11 10:38:27.587,88.0,0,UNKNOWN,carga11,0.0,0.0,0,,,,,,
lock_released,2026-09-11 10:38:27.587,92.0,0,UNKNOWN,carga11,0.0,0.0,0,,,,,,
lock_released,2026-09-11 10:38:27.587,94.0,0,UNKNOWN,carga11,0.0,0.0,0,,,,,,
lock_released,2026-09-11 10:38:27.587,86.0,0,UNKNOWN,carga11,0.0,0.0,0,,,,,,
lock_released,2026-09-11 10:38:27.587,92.0,0,UNKNOWN,carga11,0.0,0.0,0,,,,,,
lock_released,2026-09-11 10:38:27.587,90.0,0,UNKNOWN,carga11,0.0,0.0,0,,,,,,
lock_released,2026-09-11 10:38:27.587,88.0,0,UNKNOWN,carga11,0.0,0.0,0,,,,,,
lock_released,2026-09-11 10:38:27.587,91.0,0,UNKNOWN,carga11,0.0,0.0,0,,,,,,
lock_released,2026-09-11 10:38:27.587,93.0,0,UNKNOWN,carga11,0.0,0.0,0,,,,,,
lock_released,2026-09-11 10:38:27.587,93.0,0,UNKNOWN,carga11,0.0,0.0,0,,,,,,
lock_released,2026-09-11 10:38:27.587,90.0,0,UNKNOWN,carga11,0.0,0.0,0,,,,,,
lock_released,2026-09-11 10:38:27.587,89.0,0,UNKNOWN,carga11,0.0,0.0,0,,,,,,
lock_released,2026-09-11 10:38:27.587,91.0,0,UNKNOWN,carga11,0.0,0.0,0,,,,,,
lock_released,2026-09-11 10:38:27.587,94.0,0,UNKNOWN,carga11,0.0,0.0,0,,,,,,
lock_released,2026-09-11 10:38:27.587,86.0,0,UNKNOWN,carga11,0.0,0.0,0,,,,,,
lock_released,2026-09-11 10:38:27.587,88.0,0,UNKNOWN,carga11,0.0,0.0,0,,,,,,
lock_released,2026-09-11 10:38:27.587,94.0,0,UNKNOWN,carga11,0.0,0.0,0,,,,,,
lock_acquired,2026-09-11 10:38:32.649,92.0,0,UNKNOWN,carga11,0.0,0.0,0,,,,,,
lock_acquired,2026-09-11 10:38:32.649,86.0,0,UNKNOWN,carga11,0.0,0.0,0,,,,,,
lock_acquired,2026-09-11 10:38:32.649,92.0,0,UNKNOWN,carga11,0.0,0.0,0,,,,,,
lock_acquired,2026-09-11 10:38:32.649,87.0,0,UNKNOWN,carga11,0.0,0.0,0,,,,,,
lock_acquired,2026-09-11 10:38:32.649,93.0,0,UNKNOWN,carga11,0.0,0.0,0,,,,,,
lock_acquired,2026-09-11 10:38:32.649,90.0,0,UNKNOWN,carga11,0.0,0.0,0,,,,,,
lock_acquired,2026-09-11 10:38:32.649,91.0,0,UNKNOWN,carga11,0.0,0.0,0,,,,,,
lock_acquired,2026-09-11 10:38:32.649,86.0,0,UNKNOWN,carga11,0.0,0.0,0,,,,,,
lock_acquired,2026-09-11 10:38:32.649,90.0,0,UNKNOWN,carga11,0.0,0.0,0,,,,,,
lock_released,2026-09-11 10:38:32.649,86.0,0,UNKNOWN,carga11,0.0,0.0,0,,,,,,
lock_released,2026-09-11 10:38:32.649,92.0,0,UNKNOWN,carga11,0.0,0.0,0,,,,,,
lock_released,2026-09-11 10:38:32.649,88.0,0,UNKNOWN,carga11,0.0,0.0,0,,,,,,
lock_released,2026-09-11 10:38:32.649,93.0,0,UNKNOWN,carga11,0.0,0.0,0,,,,,,
lock_released,2026-09-11 10:38:32.649,89.0,0,UNKNOWN,carga11,0.0,0.0,0,,,,,,
lock_released,2026-09-11 10:38:32.649,93.0,0,UNKNOWN,carga11,0.0,0.0,0,,,,,,
lock_released,2026-09-11 10:38:32.649,87.0,0,UNKNOWN,carga11,0.0,0.0,0,,,,,,
lock_released,2026-09-11 10:38:32.649,86.0,0,UNKNOWN,carga11,0.0,0.0,0,,,,,,
lock_released,2026-09-11 10:38:32.649,94.0,0,UNKNOWN,carga11,0.0,0.0,0,,,,,,
lock_released,2026-09-11 10:38:32.649,93.0,0,UNKNOWN,carga11,0.0,0.0,0,,,,,,
lock_released,2026-09-11 10:38:32.649,88.0,0,UNKNOWN,carga11,0.0,0.0,0,,,,,,
lock_acquired,2026-09-11 10:38:37.732,90.0,0,UNKNOWN,carga11,0.0,0.0,0,,,,,,
lock_acquired,2026-09-11 10:38:37.732,95.0,0,UNKNOWN,carga11,0.0,0.0,0,,,,,,
lock_acquired,2026-09-11 10:38:37.732,94.0,0,UNKNOWN,carga11,0.0,0.0,0,,,,,,
lock_acquired,2026-09-11 10:38:37.732,91.0,0,UNKNOWN,carga11,0.0,0.0,0,,,,,,
lock_acquired,2026-09-11 10:38:37.732,89.0,0,UNKNOWN,carga11,0.0,0.0,0,,,,,,
lock_acquired,2026-09-11 10:38:37.732,90.0,0,UNKNOWN,carga11,0.0,0.0,0,,,,,,
lock_acquired,2026-09-11 10:38:37.732,89.0,0,UNKNOWN,carga11,0.0,0.0,0,,,,,,
lock_acquired,2026-09-11 10:38:37.732,95.0,0,UNKNOWN,carga11,0.0,0.0,0,,,,,,
lock_acquired,2026-09-11 10:38:37.732,94.0,0,UNKNOWN,carga11,0.0,0.0,0,,,,,,
lock_acquired,2026-09-11 10:38:37.732,91.0,0,UNKNOWN,carga11,0.0,0.0,0,,,,,,
lock_released,2026-09-11 10:38:37.732,86.0,0,UNKNOWN,carga11,0.0,0.0,0,,,,,,
lock_released,2026-09-11 10:38:37.732,87.0,0,UNKNOWN,carga11,0.0,0.0,0,,,,,,
lock_released,2026-09-11 10:38:37.732,93.0,0,UNKNOWN,carga11,0.0,0.0,0,,,,,,
lock_released,2026-09-11 10:38:37.732,90.0,0,UNKNOWN,carga11,0.0,0.0,0,,,,,,
lock_released,2026-09-11 10:38:37.732,95.0,0,UNKNOWN,carga11,0.0,0.0,0,,,,,,
lock_released,2026-09-11 10:38:37.732,86.0,0,UNKNOWN,carga11,0.0,0.0,0,,,,,,
lock_released,2026-09-11 10:38:37.732,90.0,0,UNKNOWN,carga11,0.0,0.0,0,,,,,,
lock_acquired,2026-09-11 10:38:42.757,93.0,0,UNKNOWN,carga11,0.0,0.0,0,,,,,,
lock_acquired,2026-09-11 10:38:42.757,86.0,0,UNKNOWN,carga11,0.0,0.0,0,,,,,,
lock_acquired,2026-09-11 10:38:42.757,91.0,0,UNKNOWN,carga11,0.0,0.0,0,,,,,,
lock_acquired,2026-09-11 10:38:42.757,87.0,0,UNKNOWN,carga11,0.0,0.0,0,,,,,,
lock_acquired,2026-09-11 10:38:42.757,93.0,0,UNKNOWN,carga11,0.0,0.0,0,,,,,,
lock_acquired,2026-09-11 10:38:42.757,90.0,0,UNKNOWN,carga11,0.0,0.0,0,,,,,,
lock_acquired,2026-09-11 10:38:42.757,94.0,0,UNKNOWN,carga11,0.0,0.0,0,,,,,,
lock_acquired,2026-09-11 10:38:42.757,91.0,0,UNKNOWN,carga11,0.0,0.0,0,,,,,,
lock_acquired,2026-09-11 10:38:42.757,88.0,0,UNKNOWN,carga11,0.0,0.0,0,,,,,,
lock_released,2026-09-11 10:38:42.757,90.0,0,UNKNOWN,carga11,0.0,0.0,0,,,,,,
lock_released,2026-09-11 10:38:42.757,95.0,0,UNKNOWN,carga11,0.0,0.0,0,,,,,,
lock_released,2026-09-11 10:38:42.757,94.0,0,UNKNOWN,carga11,0.0,0.0,0,,,,,,
lock_released,2026-09-11 10:38:42.757,91.0,0,UNKNOWN,carga11,0.0,0.0,0,,,,,,
lock_released,2026-09-11 10:38:42.757,90.0,0,UNKNOWN,carga11,0.0,0.0,0,,,,,,
lock_released,2026-09-11 10:38:42.757,95.0,0,UNKNOWN,carga11,0.0,0.0,0,,,,,,
lock_released,2026-09-11 10:38:42.757,94.0,0,UNKNOWN,carga11,0.0,0.0,0,,,,,,
lock_released,2026-09-11 10:38:42.757,91.0,0,UNKNOWN,carga11,0.0,0.0,0,,,,,,
lock_acquired,2026-09-11 10:38:51.037,95.0,0,UNKNOWN,carga11,0.0,0.0,0,,,,,,
lock_acquired,2026-09-11 10:38:51.037,95.0,0,UNKNOWN,carga11,0.0,0.0,0,,,,,,
lock_acquired,2026-09-11 10:38:51.037,94.0,0,UNKNOWN,carga11,0.0,0.0,0,,,,,,
lock_acquired,2026-09-11 10:38:51.037,93.0,0,UNKNOWN,carga11,0.0,0.0,0,,,,,,
lock_acquired,2026-09-11 10:38:51.037,88.0,0,UNKNOWN,carga11,0.0,0.0,0,,,,,,
lock_acquired,2026-09-11 10:38:51.037,91.0,0,UNKNOWN,carga11,0.0,0.0,0,,,,,,
lock_acquired,2026-09-11 10:38:51.037,93.0,0,UNKNOWN,carga11,0.0,0.0,0,,,,,,
lock_acquired,2026-09-11 10:38:51.037,94.0,0,UNKNOWN,carga11,0.0,0.0,0,,,,,,
lock_acquired,2026-09-11 10:38:51.037,86.0,0,UNKNOWN,carga11,0.0,0.0,0,,,,,,
lock_acquired,2026-09-11 10:38:51.037,90.0,0,UNKNOWN,carga11,0.0,0.0,0,,,,,,
lock_acquired,2026-09-11 10:38:51.037,88.0,0,UNKNOWN,carga11,0.0,0.0,0,,,,,,
lock_released,2026-09-11 10:38:51.037,93.0,0,UNKNOWN,carga11,0.0,0.0,0,,,,,,
lock_released,2026-09-11 10:38:51.037,92.0,0,UNKNOWN,carga11,0.0,0.0,0,,,,,,
lock_released,2026-09-11 10:38:51.037,95.0,0,UNKNOWN,carga11,0.0,0.0,0,,,,,,
lock_released,2026-09-11 10:38:51.037,91.0,0,UNKNOWN,carga11,0.0,0.0,0,,,,,,
lock_released,2026-09-11 10:38:51.037,93.0,0,UNKNOWN,carga11,0.0,0.0,0,,,,,,
lock_released,2026-09-11 10:38:51.037,91.0,0,UNKNOWN,carga11,0.0,0.0,0,,,,,,
lock_released,2026-09-11 10:38:51.037,88.0,0,UNKNOWN,carga11,0.0,0.0,0,,,,,,
logout,2026-09-11 10:38:56.249,70.0,0,UNKNOWN,carga11,0.0,0.0,0,,,,,,
lock_acquired,2026-09-11 10:38:56.249,92.0,0,UNKNOWN,carga11,0.0,0.0,0,,,,,,
lock_acquired,2026-09-11 10:38:56.249,89.0,0,UNKNOWN,carga11,0.0,0.0,0,,,,,,
lock_acquired,2026-09-11 10:38:56.249,95.0,0,UNKNOWN,carga11,0.0,0.0,0,,,,,,
lock_acquired,2026-09-11 10:38:56.249,93.0,0,UNKNOWN,carga11,0.0,0.0,0,,,,,,
lock_acquired,2026-09-11 10:38:56.249,95.0,0,UNKNOWN,carga11,0.0,0.0,0,,,,,,
lock_acquired,2026-09-11 10:38:56.249,89.0,0,UNKNOWN,carga11,0.0,0.0,0,,,,,,
lock_acquired,2026-09-11 10:38:56.249,91.0,0,UNKNOWN,carga11,0.0,0.0,0,,,,,,
lock_released,2026-09-11 10:38:56.249,70.0,0,UNKNOWN,carga11,0.0,0.0,0,,,,,,
lock_released,2026-09-11 10:38:56.249,95.0,0,UNKNOWN,carga11,0.0,0.0,0,,,,,,
lock_released,2026-09-11 10:38:56.249,95.0,0,UNKNOWN,carga11,0.0,0.0,0,,,,,,
lock_released,2026-09-11 10:38:56.249,92.0,0,UNKNOWN,carga11,0.0,0.0,0,,,,,,
lock_released,2026-09-11 10:38:56.249,94.0,0,UNKNOWN,carga11,0.0,0.0,0,,,,,,
lock_released,2026-09-11 10:38:56.249,93.0,0,UNKNOWN,carga11,0.0,0.0,0,,,,,,
lock_released,2026-09-11 10:38:56.249,88.0,0,UNKNOWN,carga11,0.0,0.0,0,,,,,,
lock_released,2026-09-11 10:38:56.249,91.0,0,UNKNOWN,carga11,0.0,0.0,0,,,,,,
lock_released,2026-09-11 10:38:56.249,93.0,0,UNKNOWN,carga11,0.0,0.0,0,,,,,,
lock_released,2026-09-11 10:38:56.249,89.0,0,UNKNOWN,carga11,0.0,0.0,0,,,,,,
lock_released,2026-09-11 10:38:56.249,94.0,0,UNKNOWN,carga11,0.0,0.0,0,,,,,,
lock_released,2026-09-11 10:38:56.249,91.0,0,UNKNOWN,carga11,0.0,0.0,0,,,,,,
lock_released,2026-09-11 10:38:56.249,90.0,0,UNKNOWN,carga11,0.0,0.0,0,,,,,,
lock_released,2026-09-11 10:38:56.249,88.0,0,UNKNOWN,carga11,0.0,0.0,0,,,,,,
logout,2026-09-11 10:39:01.348,85.0,0,UNKNOWN,carga11,0.0,0.0,0,,,,,,
lock_acquired,2026-09-11 10:39:01.348,93.0,0,UNKNOWN,carga11,0.0,0.0,0,,,,,,
lock_acquired,2026-09-11 10:39:01.348,90.0,0,UNKNOWN,carga11,0.0,0.0,0,,,,,,
lock_acquired,2026-09-11 10:39:01.348,89.0,0,UNKNOWN,carga11,0.0,0.0,0,,,,,,
lock_acquired,2026-09-11 10:39:01.348,88.0,0,UNKNOWN,carga11,0.0,0.0,0,,,,,,
lock_released,2026-09-11 10:39:01.348,95.0,0,UNKNOWN,carga11,0.0,0.0,0,,,,,,
lock_released,2026-09-11 10:39:01.348,89.0,0,UNKNOWN,carga11,0.0,0.0,0,,,,,,
lock_released,2026-09-11 10:39:01.348,87.0,0,UNKNOWN,carga11,0.0,0.0,0,,,,,,
lock_released,2026-09-11 10:39:01.348,89.0,0,UNKNOWN,carga11,0.0,0.0,0,,,,,,
lock_released,2026-09-11 10:39:01.348,95.0,0,UNKNOWN,carga11,0.0,0.0,0,,,,,,
lock_released,2026-09-11 10:39:01.348,89.0,0,UNKNOWN,carga11,0.0,0.0,0,,,,,,
lock_released,2026-09-11 10:39:01.348,91.0,0,UNKNOWN,carga11,0.0,0.0,0,,,,,,
lock_released,2026-09-11 10:39:01.348,94.0,0,UNKNOWN,carga11,0.0,0.0,0,,,,,,
lock_released,2026-09-11 10:39:01.348,87.0,0,UNKNOWN,carga11,0.0,0.0,0,,,,,,
lock_released,2026-09-11 10:39:01.348,85.0,0,UNKNOWN,carga11,0.0,0.0,0,,,,,,
lock_acquired,2026-09-11 10:39:06.405,91.0,0,UNKNOWN,carga11,0.0,0.0,0,,,,,,
lock_acquired,2026-09-11 10:39:06.405,94.0,0,UNKNOWN,carga11,0.0,0.0,0,,,,,,
lock_acquired,2026-09-11 10:39:06.405,88.0,0,UNKNOWN,carga11,0.0,0.0,0,,,,,,
lock_acquired,2026-09-11 10:39:06.405,87.0,0,UNKNOWN,carga11,0.0,0.0,0,,,,,,
lock_acquired,2026-09-11 10:39:06.405,93.0,0,UNKNOWN,carga11,0.0,0.0,0,,,,,,
lock_acquired,2026-09-11 10:39:06.405,84.0,0,UNKNOWN,carga11,0.0,0.0,0,,,,,,
lock_acquired,2026-09-11 10:39:06.405,91.0,0,UNKNOWN,carga11,0.0,0.0,0,,,,,,
lock_acquired,2026-09-11 10:39:06.405,91.0,0,UNKNOWN,carga11,0.0,0.0,0,,,,,,
lock_acquired,2026-09-11 10:39:06.405,94.0,0,UNKNOWN,carga11,0.0,0.0,0,,,,,,
lock_acquired,2026-09-11 10:39:06.405,94.0,0,UNKNOWN,carga11,0.0,0.0,0,,,,,,
lock_acquired,2026-09-11 10:39:06.405,87.0,0,UNKNOWN,carga11,0.0,0.0,0,,,,,,
lock_acquired,2026-09-11 10:39:06.405,88.0,0,UNKNOWN,carga11,0.0,0.0,0,,,,,,
lock_released,2026-09-11 10:39:06.405,93.0,0,UNKNOWN,carga11,0.0,0.0,0,,,,,,
lock_released,2026-09-11 10:39:06.405,86.0,0,UNKNOWN,carga11,0.0,0.0,0,,,,,,
lock_released,2026-09-11 10:39:06.405,92.0,0,UNKNOWN,carga11,0.0,0.0,0,,,,,,
lock_released,2026-09-11 10:39:06.405,93.0,0,UNKNOWN,carga11,0.0,0.0,0,,,,,,
lock_released,2026-09-11 10:39:06.405,86.0,0,UNKNOWN,carga11,0.0,0.0,0,,,,,,
logout,2026-09-11 10:39:11.483,86.0,0,UNKNOWN,carga11,0.0,0.0,0,,,,,,
logout,2026-09-11 10:39:11.483,87.0,0,UNKNOWN,carga11,0.0,0.0,0,,,,,,
logout,2026-09-11 10:39:11.483,88.0,0,UNKNOWN,carga11,0.0,0.0,0,,,,,,
logout,2026-09-11 10:39:11.483,89.0,0,UNKNOWN,carga11,0.0,0.0,0,,,,,,
logout,2026-09-11 10:39:11.483,90.0,0,UNKNOWN,carga11,0.0,0.0,0,,,,,,
logout,2026-09-11 10:39:11.483,91.0,0,UNKNOWN,carga11,0.0,0.0,0,,,,,,
logout,2026-09-11 10:39:11.483,92.0,0,UNKNOWN,carga11,0.0,0.0,0,,,,,,
logout,2026-09-11 10:39:11.483,93.0,0,UNKNOWN,carga11,0.0,0.0,0,,,,,,
logout,2026-09-11 10:39:11.483,94.0,0,UNKNOWN,carga11,0.0,0.0,0,,,,,,
logout,2026-09-11 10:39:11.483,95.0,0,UNKNOWN,carga11,0.0,0.0,0,,,,,,
lock_released,2026-09-11 10:39:11.483,90.0,0,UNKNOWN,carga11,0.0,0.0,0,,,,,,
lock_released,2026-09-11 10:39:11.483,93.0,0,UNKNOWN,carga11,0.0,0.0,0,,,,,,
lock_released,2026-09-11 10:39:11.483,94.0,0,UNKNOWN,carga11,0.0,0.0,0,,,,,,
lock_released,2026-09-11 10:39:11.483,88.0,0,UNKNOWN,carga11,0.0,0.0,0,,,,,,
lock_released,2026-09-11 10:39:11.483,86.0,0,UNKNOWN,carga11,0.0,0.0,0,,,,,,
lock_released,2026-09-11 10:39:11.483,87.0,0,UNKNOWN,carga11,0.0,0.0,0,,,,,,
lock_released,2026-09-11 10:39:11.483,91.0,0,UNKNOWN,carga11,0.0,0.0,0,,,,,,
lock_released,2026-09-11 10:39:11.483,89.0,0,UNKNOWN,carga11,0.0,0.0,0,,,,,,
lock_released,2026-09-11 10:39:11.483,84.0,0,UNKNOWN,carga11,0.0,0.0,0,,,,,,
lock_released,2026-09-11 10:39:11.483,90.0,0,UNKNOWN,carga11,0.0,0.0,0,,,,,,
lock_released,2026-09-11 10:39:11.483,87.0,0,UNKNOWN,carga11,0.0,0.0,0,,,,,,
lock_released,2026-09-11 10:39:11.483,90.0,0,UNKNOWN,carga11,0.0,0.0,0,,,,,,
lock_released,2026-09-11 10:39:11.483,95.0,0,UNKNOWN,carga11,0.0,0.0,0,,,,,,
lock_released,2026-09-11 10:39:11.483,94.0,0,UNKNOWN,carga11,0.0,0.0,0,,,,,,
lock_released,2026-09-11 10:39:11.483,88.0,0,UNKNOWN,carga11,0.0,0.0,0,,,,,,
lock_released,2026-09-11 10:39:11.483,89.0,0,UNKNOWN,carga11,0.0,0.0,0,,,,,,
lock_released,2026-09-11 10:39:11.483,87.0,0,UNKNOWN,carga11,0.0,0.0,0,,,,,,
lock_released,2026-09-11 10:39:11.483,91.0,0,UNKNOWN,carga11,0.0,0.0,0,,,,,,
lock_released,2026-09-11 10:39:11.483,91.0,0,UNKNOWN,carga11,0.0,0.0,0,,,,,,
lock_released,2026-09-11 10:39:11.483,92.0,0,UNKNOWN,carga11,0.0,0.0,0,,,,,,
lock_released,2026-09-11 10:39:11.483,93.0,0,UNKNOWN,carga11,0.0,0.0,0,,,,,,
lock_released,2026-09-11 10:39:11.483,94.0,0,UNKNOWN,carga11,0.0,0.0,0,,,,,,
lock_released,2026-09-11 10:39:11.483,91.0,0,UNKNOWN,carga11,0.0,0.0,0,,,,,,
lock_released,2026-09-11 10:39:11.483,94.0,0,UNKNOWN,carga11,0.0,0.0,0,,,,,,
lock_released,2026-09-11 10:39:11.483,88.0,0,UNKNOWN,carga11,0.0,0.0,0,,,,,,
lock_released,2026-09-11 10:39:11.483,88.0,0,UNKNOWN,carga11,0.0,0.0,0,,,,,,
login,2026-09-07 04:26:22.557,64.0,SteelNort,UNKNOWN,carga2,,,,0,0.0,0.0,0.0,0.0,0
login,2026-09-07 04:26:22.557,65.0,SteelNort,UNKNOWN,carga2,,,,0,0.0,0.0,0.0,0.0,0
login,2026-09-07 04:26:22.557,66.0,SteelNort,UNKNOWN,carga2,,,,0,0.0,0.0,0.0,0.0,0
login,2026-09-07 04:26:22.557,67.0,SteelNort,UNKNOWN,carga2,,,,0,0.0,0.0,0.0,0.0,0
login,2026-09-07 04:26:22.557,68.0,SteelNort,UNKNOWN,carga2,,,,0,0.0,0.0,0.0,0.0,0
login,2026-09-07 04:26:22.557,69.0,SteelNort,UNKNOWN,carga2,,,,0,0.0,0.0,0.0,0.0,0
login,2026-09-07 04:26:22.557,70.0,SteelNort,UNKNOWN,carga2,,,,0,0.0,0.0,0.0,0.0,0
login,2026-09-07 04:26:22.557,71.0,SteelNort,UNKNOWN,carga2,,,,0,0.0,0.0,0.0,0.0,0
login,2026-09-07 04:26:22.557,51.0,SteelNort,UNKNOWN,carga2,,,,0,0.0,0.0,0.0,0.0,0
login,2026-09-07 04:26:22.557,52.0,SteelNort,UNKNOWN,carga2,,,,0,0.0,0.0,0.0,0.0,0
login,2026-09-07 04:26:22.557,53.0,SteelNort,UNKNOWN,carga2,,,,0,0.0,0.0,0.0,0.0,0
login,2026-09-07 04:26:22.557,54.0,SteelNort,UNKNOWN,carga2,,,,0,0.0,0.0,0.0,0.0,0
login,2026-09-07 04:26:22.557,55.0,SteelNort,UNKNOWN,carga2,,,,0,0.0,0.0,0.0,0.0,0
login,2026-09-07 04:26:22.557,56.0,SteelNort,UNKNOWN,carga2,,,,0,0.0,0.0,0.0,0.0,0
login,2026-09-07 04:26:22.557,57.0,SteelNort,UNKNOWN,carga2,,,,0,0.0,0.0,0.0,0.0,0
login,2026-09-07 04:26:22.557,58.0,SteelNort,UNKNOWN,carga2,,,,0,0.0,0.0,0.0,0.0,0
login,2026-09-07 04:26:22.557,59.0,SteelNort,UNKNOWN,carga2,,,,0,0.0,0.0,0.0,0.0,0
login,2026-09-07 04:26:22.557,60.0,SteelNort,UNKNOWN,carga2,,,,0,0.0,0.0,0.0,0.0,0
login,2026-09-07 04:26:22.557,61.0,SteelNort,UNKNOWN,carga2,,,,0,0.0,0.0,0.0,0.0,0
login,2026-09-07 04:26:22.557,62.0,SteelNort,UNKNOWN,carga2,,,,0,0.0,0.0,0.0,0.0,0
login,2026-09-07 04:26:22.557,63.0,SteelNort,UNKNOWN,carga2,,,,0,0.0,0.0,0.0,0.0,0
sql_batch_completed,2026-09-07 04:26:22.557,53.0,master,SQL_SERVER_INTERNAL,carga2,,,,TRACE QUEUE TASK,270425.0,0.0,0.0,0.0,SQLTRACE_INCREMENTAL_FLUSH_SLEEP
sql_batch_completed,2026-09-07 04:26:22.557,54.0,SteelNort,SQL_SERVER_INTERNAL,carga2,,,,SYSTEM_HEALTH_MONITOR,270428.0,0.0,0.0,0.0,SP_SERVER_DIAGNOSTICS_SLEEP
sql_batch_completed,2026-09-07 04:26:22.557,55.0,master,SQL_SERVER_INTERNAL,carga2,,,,TASK MANAGER,270336.0,0.0,0.0,0.0,ONDEMAND_TASK_QUEUE
sql_batch_completed,2026-09-07 04:26:22.557,56.0,master,SQL_SERVER_INTERNAL,carga2,,,,CHECKPOINT,270338.0,0.0,0.0,6.0,CHECKPOINT_QUEUE
sql_batch_completed,2026-09-07 04:26:22.557,57.0,master,UNKNOWN,carga2,,,,BRKR EVENT HNDLR,268669.0,5.0,16.0,3.0,BROKER_EVENTHANDLER
sql_batch_completed,2026-09-07 04:26:22.557,58.0,master,SQL_SERVER_INTERNAL,carga2,,,,BRKR TASK,268665.0,25.0,0.0,0.0,BROKER_TO_FLUSH
sql_batch_completed,2026-09-07 04:26:22.557,59.0,master,SQL_SERVER_INTERNAL,carga2,,,,BRKR TASK,268667.0,100.0,0.0,0.0,HADR_FILESTREAM_IOMGR_IOCOMPLETION
sql_batch_completed,2026-09-07 04:26:22.557,61.0,SteelNort,SQL_SERVER_INTERNAL,carga2,,,,HADR_AR_MGR_NOTIFICATION_WORKER,270321.0,0.0,0.0,0.0,HADR_NOTIFICATION_DEQUEUE
sql_batch_completed,2026-09-07 04:26:22.557,69.0,SteelNort,USER,carga2,,,,SELECT,13.0,4.0,0.0,0.0,0
sql_batch_completed,2026-09-07 04:26:22.557,70.0,SteelNort,USER,carga2,,,,SELECT,14.0,6.0,0.0,0.0,0
sql_batch_completed,2026-09-07 04:26:22.557,71.0,SteelNort,USER,carga2,,,,EXECUTE,88.0,55.0,40.0,0.0,PREEMPTIVE_OS_VERIFYTRUST
lock_acquired,2026-09-07 04:26:22.557,64.0,0,UNKNOWN,carga2,,,,0,0.0,0.0,0.0,0.0,0
lock_acquired,2026-09-07 04:26:22.557,70.0,0,UNKNOWN,carga2,,,,0,0.0,0.0,0.0,0.0,0
lock_acquired,2026-09-07 04:26:22.557,67.0,0,UNKNOWN,carga2,,,,0,0.0,0.0,0.0,0.0,0
lock_acquired,2026-09-07 04:26:22.557,68.0,0,UNKNOWN,carga2,,,,0,0.0,0.0,0.0,0.0,0
lock_acquired,2026-09-07 04:26:22.557,52.0,0,UNKNOWN,carga2,,,,0,0.0,0.0,0.0,0.0,0
lock_acquired,2026-09-07 04:26:22.557,71.0,0,UNKNOWN,carga2,,,,0,0.0,0.0,0.0,0.0,0
lock_acquired,2026-09-07 04:26:22.557,65.0,0,UNKNOWN,carga2,,,,0,0.0,0.0,0.0,0.0,0
lock_acquired,2026-09-07 04:26:22.557,62.0,0,UNKNOWN,carga2,,,,0,0.0,0.0,0.0,0.0,0
lock_acquired,2026-09-07 04:26:22.557,69.0,0,UNKNOWN,carga2,,,,0,0.0,0.0,0.0,0.0,0
lock_acquired,2026-09-07 04:26:22.557,66.0,0,UNKNOWN,carga2,,,,0,0.0,0.0,0.0,0.0,0
lock_acquired,2026-09-07 04:26:22.557,51.0,0,UNKNOWN,carga2,,,,0,0.0,0.0,0.0,0.0,0
lock_acquired,2026-09-07 04:26:22.557,63.0,0,UNKNOWN,carga2,,,,0,0.0,0.0,0.0,0.0,0
lock_acquired,2026-09-07 04:26:22.557,60.0,0,UNKNOWN,carga2,,,,0,0.0,0.0,0.0,0.0,0
sql_batch_completed,2026-09-07 04:26:24.685,51.0,SteelNort,USER,carga2,,,,EXECUTE,-8.0,0.0,0.0,0.0,0
wait_info,2026-09-07 04:26:24.685,71.0,SteelNort,UNKNOWN,carga2,,,,0,0.0,0.0,0.0,0.0,MSQL_XP
sql_batch_completed,2026-09-07 04:26:24.685,69.0,SteelNort,USER,carga2,,,,SELECT,2060.0,4.0,0.0,0.0,0
sql_batch_completed,2026-09-07 04:26:26.716,65.0,SteelNort,USER,carga2,,,,SELECT,238.0,28.0,0.0,0.0,0
sql_batch_completed,2026-09-07 04:26:26.716,66.0,SteelNort,USER,carga2,,,,SELECT,132.0,27.0,0.0,0.0,0
sql_batch_completed,2026-09-07 04:26:26.716,67.0,SteelNort,UNKNOWN,carga2,,,,COMMIT TRANSACTION,-3.0,2.0,0.0,0.0,PREEMPTIVE_OS_FLUSHFILEBUFFERS
sql_batch_completed,2026-09-07 04:26:26.716,51.0,SteelNort,USER,carga2,,,,EXECUTE,2031.0,0.0,0.0,0.0,0
sql_batch_completed,2026-09-07 04:26:26.716,71.0,SteelNort,USER,carga2,,,,EXECUTE,2077.0,47.0,0.0,0.0,0
lock_acquired,2026-09-07 04:26:26.716,66.0,0,UNKNOWN,carga2,,,,0,0.0,0.0,0.0,0.0,0
lock_acquired,2026-09-07 04:26:26.716,65.0,0,UNKNOWN,carga2,,,,0,0.0,0.0,0.0,0.0,0
lock_acquired,2026-09-07 04:26:26.716,65.0,0,UNKNOWN,carga2,,,,0,0.0,0.0,0.0,0.0,0
lock_acquired,2026-09-07 04:26:26.716,66.0,0,UNKNOWN,carga2,,,,0,0.0,0.0,0.0,0.0,0
lock_acquired,2026-09-07 04:26:26.716,66.0,0,UNKNOWN,carga2,,,,0,0.0,0.0,0.0,0.0,0
sql_batch_completed,2026-09-07 04:26:28.767,65.0,SteelNort,USER,carga2,,,,SELECT,2291.0,28.0,0.0,0.0,0
sql_batch_completed,2026-09-07 04:26:28.767,66.0,SteelNort,USER,carga2,,,,SELECT,2186.0,27.0,0.0,0.0,0
sql_batch_completed,2026-09-07 04:26:28.767,67.0,SteelNort,UNKNOWN,carga2,,,,COMMIT TRANSACTION,2051.0,2.0,0.0,0.0,0
lock_released,2026-09-07 04:26:28.767,66.0,0,UNKNOWN,carga2,,,,0,0.0,0.0,0.0,0.0,0
lock_released,2026-09-07 04:26:28.767,65.0,0,UNKNOWN,carga2,,,,0,0.0,0.0,0.0,0.0,0
lock_released,2026-09-07 04:26:28.767,65.0,0,UNKNOWN,carga2,,,,0,0.0,0.0,0.0,0.0,0
lock_released,2026-09-07 04:26:28.767,66.0,0,UNKNOWN,carga2,,,,0,0.0,0.0,0.0,0.0,0
lock_released,2026-09-07 04:26:28.767,66.0,0,UNKNOWN,carga2,,,,0,0.0,0.0,0.0,0.0,0
sql_batch_completed,2026-09-07 04:26:34.884,71.0,SteelNort,USER,carga2,,,,EXECUTE,66.0,93.0,0.0,0.0,MSQL_XP
lock_acquired,2026-09-07 04:26:34.884,62.0,0,UNKNOWN,carga2,,,,0,0.0,0.0,0.0,0.0,0
login,2026-09-07 04:26:36.955,72.0,SteelNort,UNKNOWN,carga2,,,,0,0.0,0.0,0.0,0.0,0
login,2026-09-07 04:26:36.955,73.0,SteelNort,UNKNOWN,carga2,,,,0,0.0,0.0,0.0,0.0,0
login,2026-09-07 04:26:36.955,74.0,SteelNort,UNKNOWN,carga2,,,,0,0.0,0.0,0.0,0.0,0
login,2026-09-07 04:26:36.955,75.0,SteelNort,UNKNOWN,carga2,,,,0,0.0,0.0,0.0,0.0,0
login,2026-09-07 04:26:36.955,76.0,SteelNort,UNKNOWN,carga2,,,,0,0.0,0.0,0.0,0.0,0
login,2026-09-07 04:26:36.955,77.0,SteelNort,UNKNOWN,carga2,,,,0,0.0,0.0,0.0,0.0,0
login,2026-09-07 04:26:36.955,78.0,SteelNort,UNKNOWN,carga2,,,,0,0.0,0.0,0.0,0.0,0
login,2026-09-07 04:26:36.955,79.0,SteelNort,UNKNOWN,carga2,,,,0,0.0,0.0,0.0,0.0,0
sql_batch_completed,2026-09-07 04:26:36.955,72.0,master,SQL_SERVER_INTERNAL,carga2,,,,TASK MANAGER,153.0,0.0,0.0,0.0,0
sql_batch_completed,2026-09-07 04:26:36.955,73.0,master,SQL_SERVER_INTERNAL,carga2,,,,TASK MANAGER,155.0,0.0,0.0,0.0,0
sql_batch_completed,2026-09-07 04:26:36.955,74.0,master,SQL_SERVER_INTERNAL,carga2,,,,TASK MANAGER,156.0,0.0,0.0,0.0,0
sql_batch_completed,2026-09-07 04:26:36.955,75.0,master,SQL_SERVER_INTERNAL,carga2,,,,TASK MANAGER,154.0,0.0,0.0,0.0,0
sql_batch_completed,2026-09-07 04:26:36.955,76.0,master,SQL_SERVER_INTERNAL,carga2,,,,TASK MANAGER,155.0,0.0,0.0,0.0,0
sql_batch_completed,2026-09-07 04:26:36.955,77.0,master,SQL_SERVER_INTERNAL,carga2,,,,TASK MANAGER,156.0,0.0,0.0,0.0,0
sql_batch_completed,2026-09-07 04:26:36.955,78.0,master,SQL_SERVER_INTERNAL,carga2,,,,TASK MANAGER,157.0,0.0,0.0,0.0,0
sql_batch_completed,2026-09-07 04:26:36.955,79.0,master,SQL_SERVER_INTERNAL,carga2,,,,TASK MANAGER,158.0,0.0,0.0,0.0,0
sql_batch_completed,2026-09-07 04:26:36.955,71.0,SteelNort,USER,carga2,,,,EXECUTE,2137.0,93.0,0.0,0.0,0
lock_released,2026-09-07 04:26:36.955,62.0,0,UNKNOWN,carga2,,,,0,0.0,0.0,0.0,0.0,0
login,2026-09-07 04:26:39.010,80.0,SteelNort,UNKNOWN,carga2,,,,0,0.0,0.0,0.0,0.0,0
sql_batch_completed,2026-09-07 04:26:39.010,71.0,SteelNort,USER,carga2,,,,EXECUTE,253.0,175.0,0.0,0.0,MSQL_XP
logout,2026-09-07 04:26:41.052,80.0,0,UNKNOWN,carga2,,,,0,0.0,0.0,0.0,0.0,0
sql_batch_completed,2026-09-07 04:26:41.052,71.0,SteelNort,USER,carga2,,,,EXECUTE,2284.0,175.0,0.0,0.0,0
login,2026-09-07 04:26:43.078,80.0,SteelNort,UNKNOWN,carga2,,,,0,0.0,0.0,0.0,0.0,0
wait_info,2026-09-07 04:26:43.078,58.0,master,UNKNOWN,carga2,,,,0,0.0,0.0,0.0,0.0,SLEEP_TASK
sql_batch_completed,2026-09-07 04:26:43.078,63.0,SteelNort,UNKNOWN,carga2,,,,AWAITING COMMAND,-4.0,0.0,0.0,0.0,0
sql_batch_completed,2026-09-07 04:26:43.078,71.0,SteelNort,USER,carga2,,,,EXECUTE,261.0,151.0,0.0,0.0,MSQL_XP
logout,2026-09-07 04:26:45.174,80.0,0,UNKNOWN,carga2,,,,0,0.0,0.0,0.0,0.0,0
sql_batch_completed,2026-09-07 04:26:45.174,62.0,SteelNort,UNKNOWN,carga2,,,,CONDITIONAL,-22.0,0.0,0.0,0.0,0
sql_batch_completed,2026-09-07 04:26:45.174,67.0,SteelNort,UNKNOWN,carga2,,,,AWAITING COMMAND,-21.0,0.0,0.0,0.0,0
sql_batch_completed,2026-09-07 04:26:45.174,71.0,SteelNort,USER,carga2,,,,EXECUTE,2330.0,151.0,0.0,0.0,0
sql_batch_completed,2026-09-07 04:26:45.174,63.0,SteelNort,UNKNOWN,carga2,,,,AWAITING COMMAND,2074.0,0.0,0.0,0.0,0
login,2026-09-07 04:26:47.208,80.0,SteelNort,UNKNOWN,carga2,,,,0,0.0,0.0,0.0,0.0,0
sql_batch_completed,2026-09-07 04:26:47.208,71.0,SteelNort,USER,carga2,,,,EXECUTE,469.0,244.0,0.0,0.0,MSQL_XP
sql_batch_completed,2026-09-07 04:26:47.208,67.0,SteelNort,UNKNOWN,carga2,,,,AWAITING COMMAND,2021.0,0.0,0.0,0.0,0
sql_batch_completed,2026-09-07 04:26:47.208,62.0,SteelNort,UNKNOWN,carga2,,,,CONDITIONAL,2022.0,0.0,0.0,0.0,0
sql_batch_completed,2026-09-07 04:26:49.261,80.0,master,SQL_SERVER_INTERNAL,carga2,,,,BRKR TASK,409.0,0.0,0.0,0.0,BROKER_TASK_STOP
sql_batch_completed,2026-09-07 04:26:49.261,71.0,SteelNort,USER,carga2,,,,EXECUTE,2518.0,244.0,0.0,0.0,0
login,2026-09-07 04:26:51.297,81.0,SteelNort,UNKNOWN,carga2,,,,0,0.0,0.0,0.0,0.0,0
sql_batch_completed,2026-09-07 04:26:51.297,71.0,SteelNort,USER,carga2,,,,EXECUTE,304.0,279.0,0.0,0.0,MSQL_XP
login,2026-09-07 04:26:53.357,82.0,SteelNort,UNKNOWN,carga2,,,,0,0.0,0.0,0.0,0.0,0
logout,2026-09-07 04:26:53.357,81.0,0,UNKNOWN,carga2,,,,0,0.0,0.0,0.0,0.0,0
sql_batch_completed,2026-09-07 04:26:53.357,51.0,SteelNort,UNKNOWN,carga2,,,,AWAITING COMMAND,-1.0,0.0,0.0,0.0,0
sql_batch_completed,2026-09-07 04:26:53.357,71.0,SteelNort,USER,carga2,,,,EXECUTE,2367.0,279.0,0.0,0.0,0
sql_batch_completed,2026-09-07 04:26:55.421,51.0,SteelNort,UNKNOWN,carga2,,,,AWAITING COMMAND,2052.0,0.0,0.0,0.0,0
login,2026-09-07 04:26:59.665,81.0,SteelNort,UNKNOWN,carga2,,,,0,0.0,0.0,0.0,0.0,0
sql_batch_completed,2026-09-07 04:26:59.665,60.0,SteelNort,UNKNOWN,carga2,,,,AWAITING COMMAND,-18.0,0.0,0.0,0.0,0
sql_batch_completed,2026-09-07 04:26:59.665,71.0,SteelNort,USER,carga2,,,,EXECUTE,133.0,147.0,0.0,0.0,MSQL_XP
sql_batch_completed,2026-09-07 04:26:59.665,81.0,master,UNKNOWN,carga2,,,,EXECUTE,-18.0,0.0,0.0,0.0,MEMORY_ALLOCATION_EXT
logout,2026-09-07 04:27:01.709,81.0,0,UNKNOWN,carga2,,,,0,0.0,0.0,0.0,0.0,0
sql_batch_completed,2026-09-07 04:27:01.709,63.0,SteelNort,USER,carga2,,,,EXECUTE,-27.0,0.0,0.0,0.0,0
sql_batch_completed,2026-09-07 04:27:01.709,81.0,master,UNKNOWN,carga2,,,,EXECUTE,2020.0,0.0,0.0,0.0,0
sql_batch_completed,2026-09-07 04:27:01.709,60.0,SteelNort,UNKNOWN,carga2,,,,AWAITING COMMAND,2024.0,0.0,0.0,0.0,0
sql_batch_completed,2026-09-07 04:27:01.709,71.0,SteelNort,USER,carga2,,,,EXECUTE,2175.0,147.0,0.0,0.0,0
sql_batch_completed,2026-09-07 04:27:03.757,71.0,SteelNort,USER,carga2,,,,EXECUTE,436.0,219.0,0.0,0.0,MSQL_XP
sql_batch_completed,2026-09-07 04:27:03.757,80.0,master,SQL_SERVER_INTERNAL,carga2,,,,BRKR TASK,10375.0,0.0,0.0,0.0,0
sql_batch_completed,2026-09-07 04:27:03.757,63.0,SteelNort,USER,carga2,,,,EXECUTE,2020.0,0.0,0.0,0.0,0
logout,2026-09-07 04:27:05.804,80.0,0,UNKNOWN,carga2,,,,0,0.0,0.0,0.0,0.0,0
wait_info,2026-09-07 04:27:05.804,58.0,master,UNKNOWN,carga2,,,,0,0.0,0.0,0.0,0.0,BROKER_TO_FLUSH
sql_batch_completed,2026-09-07 04:27:05.804,71.0,SteelNort,USER,carga2,,,,EXECUTE,2485.0,219.0,0.0,0.0,0
sql_batch_completed,2026-09-07 04:27:09.882,65.0,SteelNort,UNKNOWN,carga2,,,,AWAITING COMMAND,-6.0,0.0,0.0,0.0,0
login,2026-09-07 04:27:11.917,80.0,SteelNort,UNKNOWN,carga2,,,,0,0.0,0.0,0.0,0.0,0
sql_batch_completed,2026-09-07 04:27:11.917,71.0,SteelNort,USER,carga2,,,,EXECUTE,147.0,112.0,0.0,0.0,MSQL_XP
sql_batch_completed,2026-09-07 04:27:11.917,65.0,SteelNort,UNKNOWN,carga2,,,,AWAITING COMMAND,2025.0,0.0,0.0,0.0,0
logout,2026-09-07 04:27:13.941,80.0,0,UNKNOWN,carga2,,,,0,0.0,0.0,0.0,0.0,0
sql_batch_completed,2026-09-07 04:27:13.941,71.0,SteelNort,USER,carga2,,,,EXECUTE,2191.0,112.0,0.0,0.0,0
sql_batch_completed,2026-09-07 04:27:24.215,51.0,SteelNort,UNKNOWN,carga2,,,,SET OPTION OFF,0.0,0.0,0.0,0.0,0
sql_batch_completed,2026-09-07 04:27:24.215,67.0,SteelNort,UNKNOWN,carga2,,,,AWAITING COMMAND,0.0,0.0,0.0,0.0,0
sql_batch_completed,2026-09-07 04:27:26.241,67.0,SteelNort,UNKNOWN,carga2,,,,AWAITING COMMAND,2027.0,0.0,0.0,0.0,0
sql_batch_completed,2026-09-07 04:27:26.241,51.0,SteelNort,UNKNOWN,carga2,,,,SET OPTION OFF,2028.0,0.0,0.0,0.0,0
sql_batch_completed,2026-09-07 04:27:34.344,65.0,SteelNort,UNKNOWN,carga2,,,,AWAITING COMMAND,-19.0,0.0,0.0,0.0,0
sql_batch_completed,2026-09-07 04:27:34.344,71.0,SteelNort,USER,carga2,,,,EXECUTE,27.0,43.0,0.0,0.0,MSQL_XP
wait_info,2026-09-07 04:27:36.377,76.0,master,UNKNOWN,carga2,,,,0,0.0,0.0,0.0,0.0,SLEEP_TASK
sql_batch_completed,2026-09-07 04:27:36.377,65.0,SteelNort,UNKNOWN,carga2,,,,AWAITING COMMAND,2017.0,0.0,0.0,0.0,0
sql_batch_completed,2026-09-07 04:27:36.377,71.0,SteelNort,USER,carga2,,,,EXECUTE,2064.0,43.0,0.0,0.0,0
wait_info,2026-09-07 04:27:40.421,58.0,master,UNKNOWN,carga2,,,,0,0.0,0.0,0.0,0.0,SLEEP_TASK
sql_batch_completed,2026-09-07 04:27:40.421,63.0,SteelNort,USER,carga2,,,,EXECUTE,-32.0,1.0,0.0,0.0,0
sql_batch_completed,2026-09-07 04:27:40.421,68.0,SteelNort,UNKNOWN,carga2,,,,CONDITIONAL,-30.0,0.0,0.0,0.0,0
sql_batch_completed,2026-09-07 04:27:42.451,68.0,SteelNort,UNKNOWN,carga2,,,,CONDITIONAL,2012.0,0.0,0.0,0.0,0
sql_batch_completed,2026-09-07 04:27:42.451,63.0,SteelNort,USER,carga2,,,,EXECUTE,2013.0,1.0,0.0,0.0,0
sql_batch_completed,2026-09-07 04:27:44.499,64.0,SteelNort,UNKNOWN,carga2,,,,SET OPTION ON,-2.0,0.0,0.0,0.0,0
lock_acquired,2026-09-07 04:27:44.499,62.0,0,UNKNOWN,carga2,,,,0,0.0,0.0,0.0,0.0,0
lock_acquired,2026-09-07 04:27:44.499,62.0,0,UNKNOWN,carga2,,,,0,0.0,0.0,0.0,0.0,0
lock_acquired,2026-09-07 04:27:44.499,62.0,0,UNKNOWN,carga2,,,,0,0.0,0.0,0.0,0.0,0
lock_acquired,2026-09-07 04:27:44.499,62.0,0,UNKNOWN,carga2,,,,0,0.0,0.0,0.0,0.0,0
sql_batch_completed,2026-09-07 04:27:46.617,71.0,SteelNort,USER,carga2,,,,EXECUTE,138.0,118.0,0.0,0.0,MSQL_XP
sql_batch_completed,2026-09-07 04:27:46.617,64.0,SteelNort,UNKNOWN,carga2,,,,SET OPTION ON,2112.0,0.0,0.0,0.0,0
lock_released,2026-09-07 04:27:46.617,62.0,0,UNKNOWN,carga2,,,,0,0.0,0.0,0.0,0.0,0
lock_released,2026-09-07 04:27:46.617,62.0,0,UNKNOWN,carga2,,,,0,0.0,0.0,0.0,0.0,0
lock_released,2026-09-07 04:27:46.617,62.0,0,UNKNOWN,carga2,,,,0,0.0,0.0,0.0,0.0,0
lock_released,2026-09-07 04:27:46.617,62.0,0,UNKNOWN,carga2,,,,0,0.0,0.0,0.0,0.0,0
sql_batch_completed,2026-09-07 04:27:48.829,71.0,SteelNort,USER,carga2,,,,EXECUTE,2343.0,118.0,0.0,0.0,0
sql_batch_completed,2026-09-07 04:27:56.971,67.0,SteelNort,UNKNOWN,carga2,,,,AWAITING COMMAND,0.0,0.0,0.0,0.0,0
sql_batch_completed,2026-09-07 04:27:58.995,63.0,SteelNort,UNKNOWN,carga2,,,,AWAITING COMMAND,-5.0,0.0,0.0,0.0,0
sql_batch_completed,2026-09-07 04:27:58.995,68.0,SteelNort,USER,carga2,,,,SELECT,-3.0,1.0,0.0,0.0,0
sql_batch_completed,2026-09-07 04:27:58.995,67.0,SteelNort,UNKNOWN,carga2,,,,AWAITING COMMAND,2025.0,0.0,0.0,0.0,0
sql_batch_completed,2026-09-07 04:28:01.029,68.0,SteelNort,USER,carga2,,,,SELECT,2030.0,1.0,0.0,0.0,0
sql_batch_completed,2026-09-07 04:28:01.029,63.0,SteelNort,UNKNOWN,carga2,,,,AWAITING COMMAND,2031.0,0.0,0.0,0.0,0
sql_batch_completed,2026-09-07 04:28:03.055,71.0,SteelNort,USER,carga2,,,,EXECUTE,53.0,61.0,0.0,0.0,MSQL_XP
sql_batch_completed,2026-09-07 04:28:05.082,71.0,SteelNort,USER,carga2,,,,EXECUTE,2080.0,61.0,0.0,0.0,0
login,2026-09-07 04:28:07.107,80.0,SteelNort,UNKNOWN,carga2,,,,0,0.0,0.0,0.0,0.0,0
wait_info,2026-09-07 04:28:07.107,58.0,master,UNKNOWN,carga2,,,,0,0.0,0.0,0.0,0.0,BROKER_TO_FLUSH
sql_batch_completed,2026-09-07 04:28:07.107,71.0,SteelNort,USER,carga2,,,,EXECUTE,95.0,109.0,0.0,0.0,MSQL_XP
sql_batch_completed,2026-09-07 04:28:07.107,80.0,master,SQL_SERVER_INTERNAL,carga2,,,,BRKR TASK,1636.0,0.0,0.0,0.0,BROKER_TASK_STOP
lock_acquired,2026-09-07 04:28:07.107,81.0,0,UNKNOWN,carga2,,,,0,0.0,0.0,0.0,0.0,0
sql_batch_completed,2026-09-07 04:28:09.161,71.0,SteelNort,USER,carga2,,,,EXECUTE,2145.0,109.0,0.0,0.0,0
lock_released,2026-09-07 04:28:09.161,81.0,0,UNKNOWN,carga2,,,,0,0.0,0.0,0.0,0.0,0
logout,2026-09-07 04:28:15.316,80.0,0,UNKNOWN,carga2,,,,0,0.0,0.0,0.0,0.0,0
sql_batch_completed,2026-09-07 04:28:15.316,80.0,master,SQL_SERVER_INTERNAL,carga2,,,,BRKR TASK,9831.0,0.0,0.0,0.0,0
login,2026-09-07 04:28:17.360,80.0,SteelNort,UNKNOWN,carga2,,,,0,0.0,0.0,0.0,0.0,0
sql_batch_completed,2026-09-07 04:28:17.360,52.0,SteelNort,USER,carga2,,,,EXECUTE,-8.0,0.0,0.0,0.0,0
sql_batch_completed,2026-09-07 04:28:17.360,71.0,SteelNort,USER,carga2,,,,EXECUTE,268.0,189.0,0.0,0.0,MSQL_XP
logout,2026-09-07 04:28:19.392,80.0,0,UNKNOWN,carga2,,,,0,0.0,0.0,0.0,0.0,0
sql_batch_completed,2026-09-07 04:28:19.392,52.0,SteelNort,USER,carga2,,,,EXECUTE,2033.0,0.0,0.0,0.0,0
sql_batch_completed,2026-09-07 04:28:19.392,71.0,SteelNort,USER,carga2,,,,EXECUTE,2311.0,189.0,0.0,0.0,0
sql_batch_completed,2026-09-07 04:28:21.442,71.0,SteelNort,USER,carga2,,,,EXECUTE,127.0,142.0,0.0,0.0,MSQL_XP
sql_batch_completed,2026-09-07 04:28:23.503,71.0,SteelNort,USER,carga2,,,,EXECUTE,2185.0,142.0,0.0,0.0,0
sql_batch_completed,2026-09-07 04:28:25.556,71.0,SteelNort,USER,carga2,,,,EXECUTE,264.0,287.0,0.0,0.0,MSQL_XP
sql_batch_completed,2026-09-07 04:28:27.664,71.0,SteelNort,USER,carga2,,,,EXECUTE,2326.0,287.0,0.0,0.0,0
sql_batch_completed,2026-09-07 04:28:29.729,51.0,SteelNort,USER,carga2,,,,EXECUTE,0.0,0.0,0.0,0.0,0
sql_batch_completed,2026-09-07 04:28:31.765,51.0,SteelNort,USER,carga2,,,,EXECUTE,2055.0,0.0,0.0,0.0,0
login,2026-09-07 04:28:33.820,80.0,SteelNort,UNKNOWN,carga2,,,,0,0.0,0.0,0.0,0.0,0
wait_info,2026-09-07 04:28:33.820,58.0,master,UNKNOWN,carga2,,,,0,0.0,0.0,0.0,0.0,SLEEP_TASK
sql_batch_completed,2026-09-07 04:28:33.820,71.0,SteelNort,USER,carga2,,,,EXECUTE,992.0,494.0,0.0,0.0,MSQL_XP
logout,2026-09-07 04:28:36.851,80.0,0,UNKNOWN,carga2,,,,0,0.0,0.0,0.0,0.0,0
wait_info,2026-09-07 04:28:36.851,58.0,master,UNKNOWN,carga2,,,,0,0.0,0.0,0.0,0.0,BROKER_TO_FLUSH
wait_info,2026-09-07 04:28:36.851,59.0,master,UNKNOWN,carga2,,,,0,0.0,0.0,0.0,0.0,HADR_FILESTREAM_IOMGR_IOCOMPLETION
sql_batch_completed,2026-09-07 04:28:39.235,71.0,SteelNort,USER,carga2,,,,EXECUTE,3400.0,1169.0,0.0,0.0,0
wait_info,2026-09-07 04:28:41.760,58.0,master,UNKNOWN,carga2,,,,0,0.0,0.0,0.0,0.0,SLEEP_TASK
sql_batch_completed,2026-09-07 04:28:43.848,71.0,SteelNort,USER,carga2,,,,EXECUTE,1841.0,1870.0,0.0,0.0,MSQL_XP
wait_info,2026-09-07 04:28:46.928,58.0,master,UNKNOWN,carga2,,,,0,0.0,0.0,0.0,0.0,BROKER_TO_FLUSH
wait_info,2026-09-07 04:28:52.333,58.0,master,UNKNOWN,carga2,,,,0,0.0,0.0,0.0,0.0,SLEEP_TASK
sql_batch_completed,2026-09-07 04:28:52.333,71.0,SteelNort,USER,carga2,,,,EXECUTE,2951.0,81.0,0.0,0.0,0
sql_batch_completed,2026-09-07 04:28:54.378,71.0,SteelNort,USER,carga2,,,,EXECUTE,59.0,66.0,0.0,0.0,MSQL_XP
sql_batch_completed,2026-09-07 04:28:56.403,65.0,SteelNort,UNKNOWN,carga2,,,,AWAITING COMMAND,-12.0,0.0,0.0,0.0,0
sql_batch_completed,2026-09-07 04:28:56.403,71.0,SteelNort,USER,carga2,,,,EXECUTE,2089.0,66.0,0.0,0.0,0
login,2026-09-07 04:28:58.430,80.0,SteelNort,UNKNOWN,carga2,,,,0,0.0,0.0,0.0,0.0,0
sql_batch_completed,2026-09-07 04:28:58.430,71.0,SteelNort,USER,carga2,,,,EXECUTE,283.0,186.0,0.0,0.0,MSQL_XP
sql_batch_completed,2026-09-07 04:28:58.430,65.0,SteelNort,UNKNOWN,carga2,,,,AWAITING COMMAND,2028.0,0.0,0.0,0.0,0
logout,2026-09-07 04:29:00.497,80.0,0,UNKNOWN,carga2,,,,0,0.0,0.0,0.0,0.0,0
wait_info,2026-09-07 04:29:00.497,58.0,master,UNKNOWN,carga2,,,,0,0.0,0.0,0.0,0.0,BROKER_TO_FLUSH
sql_batch_completed,2026-09-07 04:29:00.497,67.0,SteelNort,USER,carga2,,,,SELECT,509.0,283.0,0.0,0.0,0
sql_batch_completed,2026-09-07 04:29:00.497,71.0,SteelNort,USER,carga2,,,,EXECUTE,2840.0,186.0,0.0,0.0,0
lock_acquired,2026-09-07 04:29:00.497,72.0,0,UNKNOWN,carga2,,,,0,0.0,0.0,0.0,0.0,0
login,2026-09-07 04:29:04.219,80.0,SteelNort,UNKNOWN,carga2,,,,0,0.0,0.0,0.0,0.0,0
wait_info,2026-09-07 04:29:04.219,58.0,master,UNKNOWN,carga2,,,,0,0.0,0.0,0.0,0.0,SLEEP_TASK
sql_batch_completed,2026-09-07 04:29:04.219,65.0,SteelNort,UNKNOWN,carga2,,,,AWAITING COMMAND,-2.0,0.0,0.0,0.0,0
sql_batch_completed,2026-09-07 04:29:04.219,71.0,SteelNort,USER,carga2,,,,EXECUTE,3527.0,3558.0,0.0,0.0,MSQL_XP
sql_batch_completed,2026-09-07 04:29:04.219,82.0,msdb,UNKNOWN,carga2,,,,SELECT,1275.0,314.0,8.0,0.0,0
sql_batch_completed,2026-09-07 04:29:04.219,67.0,SteelNort,USER,carga2,,,,SELECT,4132.0,283.0,0.0,0.0,0
lock_released,2026-09-07 04:29:04.219,72.0,0,UNKNOWN,carga2,,,,0,0.0,0.0,0.0,0.0,0
logout,2026-09-07 04:29:06.635,80.0,0,UNKNOWN,carga2,,,,0,0.0,0.0,0.0,0.0,0
wait_info,2026-09-07 04:29:06.635,58.0,master,UNKNOWN,carga2,,,,0,0.0,0.0,0.0,0.0,BROKER_TO_FLUSH
sql_batch_completed,2026-09-07 04:29:06.635,65.0,SteelNort,UNKNOWN,carga2,,,,AWAITING COMMAND,2600.0,0.0,0.0,0.0,0
sql_batch_completed,2026-09-07 04:29:06.635,82.0,msdb,UNKNOWN,carga2,,,,SELECT,3946.0,314.0,8.0,0.0,0
login,2026-09-07 04:29:10.033,80.0,SteelNort,UNKNOWN,carga2,,,,0,0.0,0.0,0.0,0.0,0
wait_info,2026-09-07 04:29:10.033,58.0,master,UNKNOWN,carga2,,,,0,0.0,0.0,0.0,0.0,SLEEP_TASK
sql_batch_completed,2026-09-07 04:29:10.033,69.0,SteelNort,USER,carga2,,,,SELECT,567.0,246.0,0.0,0.0,0
logout,2026-09-07 04:29:12.646,80.0,0,UNKNOWN,carga2,,,,0,0.0,0.0,0.0,0.0,0
wait_info,2026-09-07 04:29:12.646,58.0,master,UNKNOWN,carga2,,,,0,0.0,0.0,0.0,0.0,BROKER_TO_FLUSH
sql_batch_completed,2026-09-07 04:29:14.776,69.0,SteelNort,USER,carga2,,,,SELECT,2168.0,12.0,0.0,0.0,0
sql_batch_completed,2026-09-07 04:29:14.776,71.0,SteelNort,USER,carga2,,,,EXECUTE,3263.0,1040.0,0.0,0.0,0
sql_batch_completed,2026-09-07 04:29:16.991,71.0,SteelNort,USER,carga2,,,,EXECUTE,1176.0,1170.0,0.0,0.0,MSQL_XP
sql_batch_completed,2026-09-07 04:29:16.991,82.0,master,UNKNOWN,carga2,,,,EXECUTE,180.0,104.0,40.0,0.0,0
lock_acquired,2026-09-07 04:29:16.991,82.0,0,UNKNOWN,carga2,,,,0,0.0,0.0,0.0,0.0,0
lock_acquired,2026-09-07 04:29:16.991,82.0,0,UNKNOWN,carga2,,,,0,0.0,0.0,0.0,0.0,0
lock_acquired,2026-09-07 04:29:16.991,82.0,0,UNKNOWN,carga2,,,,0,0.0,0.0,0.0,0.0,0
lock_acquired,2026-09-07 04:29:16.991,82.0,0,UNKNOWN,carga2,,,,0,0.0,0.0,0.0,0.0,0
sql_batch_completed,2026-09-07 04:29:19.227,82.0,master,UNKNOWN,carga2,,,,EXECUTE,2282.0,104.0,40.0,0.0,0
sql_batch_completed,2026-09-07 04:29:19.227,71.0,SteelNort,USER,carga2,,,,EXECUTE,3281.0,1170.0,0.0,0.0,0
lock_released,2026-09-07 04:29:19.227,82.0,0,UNKNOWN,carga2,,,,0,0.0,0.0,0.0,0.0,0
lock_released,2026-09-07 04:29:19.227,82.0,0,UNKNOWN,carga2,,,,0,0.0,0.0,0.0,0.0,0
lock_released,2026-09-07 04:29:19.227,82.0,0,UNKNOWN,carga2,,,,0,0.0,0.0,0.0,0.0,0
lock_released,2026-09-07 04:29:19.227,82.0,0,UNKNOWN,carga2,,,,0,0.0,0.0,0.0,0.0,0
login,2026-09-07 04:29:21.262,80.0,SteelNort,UNKNOWN,carga2,,,,0,0.0,0.0,0.0,0.0,0
sql_batch_completed,2026-09-07 04:29:21.262,71.0,SteelNort,USER,carga2,,,,EXECUTE,142.0,135.0,0.0,0.0,MSQL_XP
logout,2026-09-07 04:29:23.299,80.0,0,UNKNOWN,carga2,,,,0,0.0,0.0,0.0,0.0,0
sql_batch_completed,2026-09-07 04:29:23.299,71.0,SteelNort,USER,carga2,,,,EXECUTE,2169.0,135.0,0.0,0.0,0
wait_info,2026-09-07 04:29:31.408,58.0,master,UNKNOWN,carga2,,,,0,0.0,0.0,0.0,0.0,SLEEP_TASK
login,2026-09-07 04:29:39.516,80.0,SteelNort,UNKNOWN,carga2,,,,0,0.0,0.0,0.0,0.0,0
sql_batch_completed,2026-09-07 04:29:39.516,52.0,SteelNort,UNKNOWN,carga2,,,,AWAITING COMMAND,1.0,0.0,0.0,0.0,0
sql_batch_completed,2026-09-07 04:29:39.516,60.0,SteelNort,UNKNOWN,carga2,,,,CONDITIONAL,2.0,0.0,0.0,0.0,0
sql_batch_completed,2026-09-07 04:29:39.516,71.0,SteelNort,USER,carga2,,,,EXECUTE,153.0,173.0,0.0,0.0,MSQL_XP
logout,2026-09-07 04:29:41.554,72.0,0,UNKNOWN,carga2,,,,0,0.0,0.0,0.0,0.0,0
logout,2026-09-07 04:29:41.554,75.0,0,UNKNOWN,carga2,,,,0,0.0,0.0,0.0,0.0,0
logout,2026-09-07 04:29:41.554,78.0,0,UNKNOWN,carga2,,,,0,0.0,0.0,0.0,0.0,0
logout,2026-09-07 04:29:41.554,79.0,0,UNKNOWN,carga2,,,,0,0.0,0.0,0.0,0.0,0
logout,2026-09-07 04:29:41.554,80.0,0,UNKNOWN,carga2,,,,0,0.0,0.0,0.0,0.0,0
sql_batch_completed,2026-09-07 04:29:41.554,66.0,SteelNort,UNKNOWN,carga2,,,,AWAITING COMMAND,-6.0,0.0,0.0,0.0,0
sql_batch_completed,2026-09-07 04:29:41.554,71.0,SteelNort,USER,carga2,,,,EXECUTE,2191.0,173.0,0.0,0.0,0
sql_batch_completed,2026-09-07 04:29:41.554,72.0,master,SQL_SERVER_INTERNAL,carga2,,,,TASK MANAGER,184748.0,0.0,0.0,0.0,0
sql_batch_completed,2026-09-07 04:29:41.554,75.0,master,SQL_SERVER_INTERNAL,carga2,,,,TASK MANAGER,184747.0,0.0,0.0,0.0,0
sql_batch_completed,2026-09-07 04:29:41.554,78.0,master,SQL_SERVER_INTERNAL,carga2,,,,TASK MANAGER,184747.0,0.0,0.0,0.0,0
sql_batch_completed,2026-09-07 04:29:41.554,79.0,master,SQL_SERVER_INTERNAL,carga2,,,,TASK MANAGER,184749.0,0.0,0.0,0.0,0
sql_batch_completed,2026-09-07 04:29:41.554,52.0,SteelNort,UNKNOWN,carga2,,,,AWAITING COMMAND,2047.0,0.0,0.0,0.0,0
sql_batch_completed,2026-09-07 04:29:41.554,60.0,SteelNort,UNKNOWN,carga2,,,,CONDITIONAL,2049.0,0.0,0.0,0.0,0
sql_batch_completed,2026-09-07 04:29:43.599,71.0,SteelNort,USER,carga2,,,,EXECUTE,-2.0,4.0,0.0,0.0,MSQL_XP
sql_batch_completed,2026-09-07 04:29:43.599,66.0,SteelNort,UNKNOWN,carga2,,,,AWAITING COMMAND,2035.0,0.0,0.0,0.0,0
logout,2026-09-07 04:29:45.640,73.0,0,UNKNOWN,carga2,,,,0,0.0,0.0,0.0,0.0,0
logout,2026-09-07 04:29:45.640,76.0,0,UNKNOWN,carga2,,,,0,0.0,0.0,0.0,0.0,0
logout,2026-09-07 04:29:45.640,77.0,0,UNKNOWN,carga2,,,,0,0.0,0.0,0.0,0.0,0
sql_batch_completed,2026-09-07 04:29:45.640,82.0,master,UNKNOWN,carga2,,,,EXECUTE,55.0,52.0,8.0,0.0,0
sql_batch_completed,2026-09-07 04:29:45.640,73.0,master,SQL_SERVER_INTERNAL,carga2,,,,TASK MANAGER,188858.0,0.0,0.0,0.0,0
sql_batch_completed,2026-09-07 04:29:45.640,76.0,master,SQL_SERVER_INTERNAL,carga2,,,,TASK MANAGER,188876.0,0.0,0.0,0.0,0
sql_batch_completed,2026-09-07 04:29:45.640,77.0,master,SQL_SERVER_INTERNAL,carga2,,,,TASK MANAGER,188889.0,0.0,0.0,0.0,0
sql_batch_completed,2026-09-07 04:29:45.640,71.0,SteelNort,USER,carga2,,,,EXECUTE,2107.0,4.0,0.0,0.0,0
lock_acquired,2026-09-07 04:29:45.640,82.0,0,UNKNOWN,carga2,,,,0,0.0,0.0,0.0,0.0,0
lock_acquired,2026-09-07 04:29:45.640,82.0,0,UNKNOWN,carga2,,,,0,0.0,0.0,0.0,0.0,0
lock_acquired,2026-09-07 04:29:45.640,82.0,0,UNKNOWN,carga2,,,,0,0.0,0.0,0.0,0.0,0
wait_info,2026-09-07 04:29:47.785,58.0,master,UNKNOWN,carga2,,,,0,0.0,0.0,0.0,0.0,BROKER_TO_FLUSH
sql_batch_completed,2026-09-07 04:29:47.785,71.0,SteelNort,USER,carga2,,,,EXECUTE,880.0,711.0,0.0,0.0,MSQL_XP
sql_batch_completed,2026-09-07 04:29:47.785,82.0,master,UNKNOWN,carga2,,,,EXECUTE,3405.0,52.0,8.0,0.0,0
lock_released,2026-09-07 04:29:47.785,82.0,0,UNKNOWN,carga2,,,,0,0.0,0.0,0.0,0.0,0
lock_released,2026-09-07 04:29:47.785,82.0,0,UNKNOWN,carga2,,,,0,0.0,0.0,0.0,0.0,0
lock_released,2026-09-07 04:29:47.785,82.0,0,UNKNOWN,carga2,,,,0,0.0,0.0,0.0,0.0,0
login,2026-09-07 04:29:51.078,72.0,SteelNort,UNKNOWN,carga2,,,,0,0.0,0.0,0.0,0.0,0
wait_info,2026-09-07 04:29:51.078,58.0,master,UNKNOWN,carga2,,,,0,0.0,0.0,0.0,0.0,SLEEP_TASK
sql_batch_completed,2026-09-07 04:29:51.078,71.0,SteelNort,USER,carga2,,,,EXECUTE,3191.0,711.0,0.0,0.0,0
logout,2026-09-07 04:29:53.355,72.0,0,UNKNOWN,carga2,,,,0,0.0,0.0,0.0,0.0,0
sql_batch_completed,2026-09-07 04:29:53.355,71.0,SteelNort,USER,carga2,,,,EXECUTE,72.0,47.0,0.0,0.0,MSQL_XP
login,2026-09-07 04:29:56.461,72.0,SteelNort,UNKNOWN,carga2,,,,0,0.0,0.0,0.0,0.0,0
wait_info,2026-09-07 04:29:56.461,58.0,master,UNKNOWN,carga2,,,,0,0.0,0.0,0.0,0.0,BROKER_TO_FLUSH
sql_batch_completed,2026-09-07 04:29:56.461,67.0,SteelNort,USER,carga2,,,,EXECUTE,127.0,0.0,0.0,0.0,0
logout,2026-09-07 04:29:59.345,72.0,0,UNKNOWN,carga2,,,,0,0.0,0.0,0.0,0.0,0
wait_info,2026-09-07 04:29:59.345,58.0,master,UNKNOWN,carga2,,,,0,0.0,0.0,0.0,0.0,SLEEP_TASK
sql_batch_completed,2026-09-07 04:29:59.345,82.0,master,UNKNOWN,carga2,,,,SELECT,180.0,136.0,0.0,0.0,0
sql_batch_completed,2026-09-07 04:29:59.345,67.0,SteelNort,USER,carga2,,,,EXECUTE,2569.0,0.0,0.0,0.0,0
sql_batch_completed,2026-09-07 04:30:01.533,82.0,master,UNKNOWN,carga2,,,,SELECT,2397.0,136.0,0.0,0.0,0
sql_batch_completed,2026-09-07 04:30:03.724,65.0,SteelNort,USER,carga2,,,,EXECUTE,-1.0,0.0,0.0,0.0,0
sql_batch_completed,2026-09-07 04:30:03.724,71.0,SteelNort,USER,carga2,,,,EXECUTE,2898.0,844.0,0.0,0.0,0
sql_batch_completed,2026-09-07 04:30:05.760,68.0,SteelNort,UNKNOWN,carga2,,,,CONDITIONAL,-9.0,0.0,0.0,0.0,0
sql_batch_completed,2026-09-07 04:30:05.760,65.0,SteelNort,USER,carga2,,,,EXECUTE,2029.0,0.0,0.0,0.0,0
sql_batch_completed,2026-09-07 04:30:07.781,68.0,SteelNort,UNKNOWN,carga2,,,,CONDITIONAL,2008.0,0.0,0.0,0.0,0
sql_batch_completed,2026-09-07 04:30:09.807,71.0,SteelNort,USER,carga2,,,,EXECUTE,1078.0,1005.0,0.0,0.0,MSQL_XP
sql_batch_completed,2026-09-07 04:30:13.276,82.0,master,UNKNOWN,carga2,,,,SELECT,3479.0,3186.0,0.0,0.0,0
login,2026-09-07 04:30:16.115,72.0,SteelNort,UNKNOWN,carga2,,,,0,0.0,0.0,0.0,0.0,0
wait_info,2026-09-07 04:30:16.115,58.0,master,UNKNOWN,carga2,,,,0,0.0,0.0,0.0,0.0,BROKER_TO_FLUSH
wait_info,2026-09-07 04:30:16.115,71.0,SteelNort,UNKNOWN,carga2,,,,0,0.0,0.0,0.0,0.0,MSQL_XP
sql_batch_completed,2026-09-07 04:30:16.115,82.0,master,UNKNOWN,carga2,,,,SELECT,5689.0,3186.0,0.0,0.0,0
lock_acquired,2026-09-07 04:30:16.115,69.0,0,UNKNOWN,carga2,,,,0,0.0,0.0,0.0,0.0,0
logout,2026-09-07 04:30:18.324,72.0,0,UNKNOWN,carga2,,,,0,0.0,0.0,0.0,0.0,0
sql_batch_completed,2026-09-07 04:30:18.324,52.0,SteelNort,USER,carga2,,,,EXECUTE,-28.0,0.0,0.0,0.0,0
lock_released,2026-09-07 04:30:18.324,69.0,0,UNKNOWN,carga2,,,,0,0.0,0.0,0.0,0.0,0
sql_batch_completed,2026-09-07 04:30:21.013,52.0,SteelNort,USER,carga2,,,,EXECUTE,2062.0,0.0,0.0,0.0,0
sql_batch_completed,2026-09-07 04:30:21.013,71.0,SteelNort,USER,carga2,,,,EXECUTE,3495.0,1456.0,0.0,0.0,0
login,2026-09-07 04:30:23.128,72.0,SteelNort,UNKNOWN,carga2,,,,0,0.0,0.0,0.0,0.0,0
wait_info,2026-09-07 04:30:23.128,58.0,master,UNKNOWN,carga2,,,,0,0.0,0.0,0.0,0.0,SLEEP_TASK
sql_batch_completed,2026-09-07 04:30:23.128,71.0,SteelNort,USER,carga2,,,,EXECUTE,239.0,145.0,0.0,0.0,MSQL_XP
logout,2026-09-07 04:30:25.174,72.0,0,UNKNOWN,carga2,,,,0,0.0,0.0,0.0,0.0,0
sql_batch_completed,2026-09-07 04:30:25.174,60.0,SteelNort,UNKNOWN,carga2,,,,AWAITING COMMAND,-9.0,0.0,0.0,0.0,0
sql_batch_completed,2026-09-07 04:30:25.174,71.0,SteelNort,USER,carga2,,,,EXECUTE,2277.0,145.0,0.0,0.0,0
sql_batch_completed,2026-09-07 04:30:27.230,52.0,SteelNort,UNKNOWN,carga2,,,,AWAITING COMMAND,-10.0,0.0,0.0,0.0,0
sql_batch_completed,2026-09-07 04:30:27.230,60.0,SteelNort,UNKNOWN,carga2,,,,AWAITING COMMAND,2061.0,0.0,0.0,0.0,0
sql_batch_completed,2026-09-07 04:30:29.298,52.0,SteelNort,UNKNOWN,carga2,,,,AWAITING COMMAND,2055.0,0.0,0.0,0.0,0
sql_batch_completed,2026-09-07 04:30:33.349,71.0,SteelNort,USER,carga2,,,,EXECUTE,1.0,26.0,0.0,0.0,MSQL_XP
login,2026-09-07 04:30:35.402,72.0,SteelNort,UNKNOWN,carga2,,,,0,0.0,0.0,0.0,0.0,0
logout,2026-09-07 04:30:38.041,72.0,0,UNKNOWN,carga2,,,,0,0.0,0.0,0.0,0.0,0
wait_info,2026-09-07 04:30:38.041,58.0,master,UNKNOWN,carga2,,,,0,0.0,0.0,0.0,0.0,BROKER_TO_FLUSH
wait_info,2026-09-07 04:30:41.057,58.0,master,UNKNOWN,carga2,,,,0,0.0,0.0,0.0,0.0,SLEEP_TASK
sql_batch_completed,2026-09-07 04:30:41.057,67.0,SteelNort,USER,carga2,,,,SELECT,51.0,1.0,0.0,0.0,0
sql_batch_completed,2026-09-07 04:30:41.057,82.0,master,UNKNOWN,carga2,,,,SELECT,463.0,175.0,0.0,0.0,0
sql_batch_completed,2026-09-07 04:30:41.057,71.0,SteelNort,USER,carga2,,,,EXECUTE,4059.0,1206.0,0.0,0.0,0
lock_acquired,2026-09-07 04:30:41.057,82.0,0,UNKNOWN,carga2,,,,0,0.0,0.0,0.0,0.0,0
lock_acquired,2026-09-07 04:30:41.057,82.0,0,UNKNOWN,carga2,,,,0,0.0,0.0,0.0,0.0,0
wait_info,2026-09-07 04:30:43.784,58.0,master,UNKNOWN,carga2,,,,0,0.0,0.0,0.0,0.0,BROKER_TO_FLUSH
sql_batch_completed,2026-09-07 04:30:43.784,71.0,SteelNort,USER,carga2,,,,EXECUTE,68.0,47.0,0.0,0.0,MSQL_XP
sql_batch_completed,2026-09-07 04:30:43.784,82.0,master,UNKNOWN,carga2,,,,SELECT,3152.0,175.0,0.0,0.0,0
sql_batch_completed,2026-09-07 04:30:43.784,67.0,SteelNort,USER,carga2,,,,SELECT,2783.0,1.0,0.0,0.0,0
lock_released,2026-09-07 04:30:43.784,82.0,0,UNKNOWN,carga2,,,,0,0.0,0.0,0.0,0.0,0
lock_released,2026-09-07 04:30:43.784,82.0,0,UNKNOWN,carga2,,,,0,0.0,0.0,0.0,0.0,0
wait_info,2026-09-07 04:30:46.917,58.0,master,UNKNOWN,carga2,,,,0,0.0,0.0,0.0,0.0,SLEEP_TASK
sql_batch_completed,2026-09-07 04:30:46.917,71.0,SteelNort,USER,carga2,,,,EXECUTE,3108.0,47.0,0.0,0.0,0
sql_batch_completed,2026-09-07 04:30:51.057,62.0,SteelNort,UNKNOWN,carga2,,,,AWAITING COMMAND,16.0,0.0,0.0,0.0,0
sql_batch_completed,2026-09-07 04:30:51.057,71.0,SteelNort,USER,carga2,,,,EXECUTE,156.0,109.0,0.0,0.0,MSQL_XP
sql_batch_completed,2026-09-07 04:30:53.610,62.0,SteelNort,UNKNOWN,carga2,,,,AWAITING COMMAND,2388.0,0.0,0.0,0.0,0
sql_batch_completed,2026-09-07 04:30:53.610,71.0,SteelNort,USER,carga2,,,,EXECUTE,2509.0,109.0,0.0,0.0,0
lock_acquired,2026-09-07 04:30:59.660,64.0,0,UNKNOWN,carga2,,,,0,0.0,0.0,0.0,0.0,0
login,2026-09-07 04:33:00.724,64.0,SteelNort,UNKNOWN,carga3,,,,0,0.0,0.0,0.0,0.0,0
login,2026-09-07 04:33:00.724,65.0,SteelNort,UNKNOWN,carga3,,,,0,0.0,0.0,0.0,0.0,0
login,2026-09-07 04:33:00.724,66.0,SteelNort,UNKNOWN,carga3,,,,0,0.0,0.0,0.0,0.0,0
login,2026-09-07 04:33:00.724,67.0,SteelNort,UNKNOWN,carga3,,,,0,0.0,0.0,0.0,0.0,0
login,2026-09-07 04:33:00.724,68.0,SteelNort,UNKNOWN,carga3,,,,0,0.0,0.0,0.0,0.0,0
login,2026-09-07 04:33:00.724,69.0,SteelNort,UNKNOWN,carga3,,,,0,0.0,0.0,0.0,0.0,0
login,2026-09-07 04:33:00.724,70.0,SteelNort,UNKNOWN,carga3,,,,0,0.0,0.0,0.0,0.0,0
login,2026-09-07 04:33:00.724,71.0,SteelNort,UNKNOWN,carga3,,,,0,0.0,0.0,0.0,0.0,0
login,2026-09-07 04:33:00.724,72.0,SteelNort,UNKNOWN,carga3,,,,0,0.0,0.0,0.0,0.0,0
login,2026-09-07 04:33:00.724,73.0,SteelNort,UNKNOWN,carga3,,,,0,0.0,0.0,0.0,0.0,0
login,2026-09-07 04:33:00.724,74.0,SteelNort,UNKNOWN,carga3,,,,0,0.0,0.0,0.0,0.0,0
login,2026-09-07 04:33:00.724,75.0,SteelNort,UNKNOWN,carga3,,,,0,0.0,0.0,0.0,0.0,0
login,2026-09-07 04:33:00.724,82.0,SteelNort,UNKNOWN,carga3,,,,0,0.0,0.0,0.0,0.0,0
login,2026-09-07 04:33:00.724,51.0,SteelNort,UNKNOWN,carga3,,,,0,0.0,0.0,0.0,0.0,0
login,2026-09-07 04:33:00.724,52.0,SteelNort,UNKNOWN,carga3,,,,0,0.0,0.0,0.0,0.0,0
login,2026-09-07 04:33:00.724,53.0,SteelNort,UNKNOWN,carga3,,,,0,0.0,0.0,0.0,0.0,0
login,2026-09-07 04:33:00.724,54.0,SteelNort,UNKNOWN,carga3,,,,0,0.0,0.0,0.0,0.0,0
login,2026-09-07 04:33:00.724,55.0,SteelNort,UNKNOWN,carga3,,,,0,0.0,0.0,0.0,0.0,0
login,2026-09-07 04:33:00.724,56.0,SteelNort,UNKNOWN,carga3,,,,0,0.0,0.0,0.0,0.0,0
login,2026-09-07 04:33:00.724,57.0,SteelNort,UNKNOWN,carga3,,,,0,0.0,0.0,0.0,0.0,0
login,2026-09-07 04:33:00.724,58.0,SteelNort,UNKNOWN,carga3,,,,0,0.0,0.0,0.0,0.0,0
login,2026-09-07 04:33:00.724,59.0,SteelNort,UNKNOWN,carga3,,,,0,0.0,0.0,0.0,0.0,0
login,2026-09-07 04:33:00.724,60.0,SteelNort,UNKNOWN,carga3,,,,0,0.0,0.0,0.0,0.0,0
login,2026-09-07 04:33:00.724,61.0,SteelNort,UNKNOWN,carga3,,,,0,0.0,0.0,0.0,0.0,0
login,2026-09-07 04:33:00.724,62.0,SteelNort,UNKNOWN,carga3,,,,0,0.0,0.0,0.0,0.0,0
login,2026-09-07 04:33:00.724,63.0,SteelNort,UNKNOWN,carga3,,,,0,0.0,0.0,0.0,0.0,0
sql_batch_completed,2026-09-07 04:33:00.724,53.0,master,SQL_SERVER_INTERNAL,carga3,,,,TRACE QUEUE TASK,668542.0,19.0,0.0,0.0,SQLTRACE_INCREMENTAL_FLUSH_SLEEP
sql_batch_completed,2026-09-07 04:33:00.724,54.0,SteelNort,SQL_SERVER_INTERNAL,carga3,,,,SYSTEM_HEALTH_MONITOR,668542.0,0.0,0.0,0.0,SP_SERVER_DIAGNOSTICS_SLEEP
sql_batch_completed,2026-09-07 04:33:00.724,55.0,master,SQL_SERVER_INTERNAL,carga3,,,,TASK MANAGER,668449.0,0.0,0.0,0.0,ONDEMAND_TASK_QUEUE
sql_batch_completed,2026-09-07 04:33:00.724,56.0,master,SQL_SERVER_INTERNAL,carga3,,,,CHECKPOINT,668450.0,7.0,0.0,6.0,CHECKPOINT_QUEUE
sql_batch_completed,2026-09-07 04:33:00.724,57.0,master,UNKNOWN,carga3,,,,BRKR EVENT HNDLR,666781.0,5.0,16.0,3.0,BROKER_EVENTHANDLER
sql_batch_completed,2026-09-07 04:33:00.724,58.0,master,SQL_SERVER_INTERNAL,carga3,,,,BRKR TASK,666776.0,105.0,0.0,0.0,BROKER_TO_FLUSH
sql_batch_completed,2026-09-07 04:33:00.724,59.0,master,SQL_SERVER_INTERNAL,carga3,,,,BRKR TASK,666777.0,310.0,0.0,0.0,HADR_FILESTREAM_IOMGR_IOCOMPLETION
sql_batch_completed,2026-09-07 04:33:00.724,61.0,SteelNort,SQL_SERVER_INTERNAL,carga3,,,,HADR_AR_MGR_NOTIFICATION_WORKER,668431.0,0.0,0.0,0.0,HADR_NOTIFICATION_DEQUEUE
sql_batch_completed,2026-09-07 04:33:00.724,69.0,master,SQL_SERVER_INTERNAL,carga3,,,,TASK MANAGER,94302.0,0.0,0.0,0.0,0
sql_batch_completed,2026-09-07 04:33:00.724,70.0,master,SQL_SERVER_INTERNAL,carga3,,,,TASK MANAGER,94303.0,0.0,0.0,0.0,0
sql_batch_completed,2026-09-07 04:33:00.724,71.0,master,SQL_SERVER_INTERNAL,carga3,,,,TASK MANAGER,94296.0,0.0,0.0,0.0,0
sql_batch_completed,2026-09-07 04:33:00.724,72.0,SteelNort,USER,carga3,,,,EXECUTE,34.0,22.0,0.0,0.0,MSQL_XP
sql_batch_completed,2026-09-07 04:33:00.724,74.0,master,SQL_SERVER_INTERNAL,carga3,,,,TASK MANAGER,383938.0,0.0,0.0,0.0,0
sql_batch_completed,2026-09-07 04:33:00.724,75.0,SteelNort,USER,carga3,,,,SELECT,13.0,0.0,0.0,0.0,0
lock_acquired,2026-09-07 04:33:00.724,68.0,0,UNKNOWN,carga3,,,,0,0.0,0.0,0.0,0.0,0
lock_acquired,2026-09-07 04:33:00.724,72.0,0,UNKNOWN,carga3,,,,0,0.0,0.0,0.0,0.0,0
lock_acquired,2026-09-07 04:33:00.724,65.0,0,UNKNOWN,carga3,,,,0,0.0,0.0,0.0,0.0,0
lock_acquired,2026-09-07 04:33:00.724,62.0,0,UNKNOWN,carga3,,,,0,0.0,0.0,0.0,0.0,0
lock_acquired,2026-09-07 04:33:00.724,64.0,0,UNKNOWN,carga3,,,,0,0.0,0.0,0.0,0.0,0
lock_acquired,2026-09-07 04:33:00.724,66.0,0,UNKNOWN,carga3,,,,0,0.0,0.0,0.0,0.0,0
lock_acquired,2026-09-07 04:33:00.724,51.0,0,UNKNOWN,carga3,,,,0,0.0,0.0,0.0,0.0,0
lock_acquired,2026-09-07 04:33:00.724,75.0,0,UNKNOWN,carga3,,,,0,0.0,0.0,0.0,0.0,0
lock_acquired,2026-09-07 04:33:00.724,60.0,0,UNKNOWN,carga3,,,,0,0.0,0.0,0.0,0.0,0
lock_acquired,2026-09-07 04:33:00.724,63.0,0,UNKNOWN,carga3,,,,0,0.0,0.0,0.0,0.0,0
lock_acquired,2026-09-07 04:33:00.724,73.0,0,UNKNOWN,carga3,,,,0,0.0,0.0,0.0,0.0,0
lock_acquired,2026-09-07 04:33:00.724,52.0,0,UNKNOWN,carga3,,,,0,0.0,0.0,0.0,0.0,0
lock_acquired,2026-09-07 04:33:00.724,67.0,0,UNKNOWN,carga3,,,,0,0.0,0.0,0.0,0.0,0
sql_batch_completed,2026-09-07 04:33:02.785,72.0,SteelNort,USER,carga3,,,,EXECUTE,2061.0,22.0,0.0,0.0,0
sql_batch_completed,2026-09-07 04:33:04.803,63.0,SteelNort,USER,carga3,,,,SELECT,-2.0,0.0,0.0,0.0,0
sql_batch_completed,2026-09-07 04:33:04.803,68.0,SteelNort,UNKNOWN,carga3,,,,COMMIT TRANSACTION,-1.0,0.0,0.0,0.0,WRITELOG
lock_acquired,2026-09-07 04:33:04.803,68.0,0,UNKNOWN,carga3,,,,0,0.0,0.0,0.0,0.0,0
lock_acquired,2026-09-07 04:33:04.803,68.0,0,UNKNOWN,carga3,,,,0,0.0,0.0,0.0,0.0,0
lock_acquired,2026-09-07 04:33:04.803,68.0,0,UNKNOWN,carga3,,,,0,0.0,0.0,0.0,0.0,0
login,2026-09-07 04:33:06.836,76.0,SteelNort,UNKNOWN,carga3,,,,0,0.0,0.0,0.0,0.0,0
sql_batch_completed,2026-09-07 04:33:06.836,72.0,SteelNort,USER,carga3,,,,EXECUTE,150.0,87.0,0.0,0.0,MSQL_XP
sql_batch_completed,2026-09-07 04:33:06.836,68.0,SteelNort,UNKNOWN,carga3,,,,COMMIT TRANSACTION,2024.0,0.0,0.0,0.0,0
sql_batch_completed,2026-09-07 04:33:06.836,63.0,SteelNort,USER,carga3,,,,SELECT,2025.0,0.0,0.0,0.0,0
lock_released,2026-09-07 04:33:06.836,68.0,0,UNKNOWN,carga3,,,,0,0.0,0.0,0.0,0.0,0
lock_released,2026-09-07 04:33:06.836,68.0,0,UNKNOWN,carga3,,,,0,0.0,0.0,0.0,0.0,0
lock_released,2026-09-07 04:33:06.836,68.0,0,UNKNOWN,carga3,,,,0,0.0,0.0,0.0,0.0,0
logout,2026-09-07 04:33:08.859,76.0,0,UNKNOWN,carga3,,,,0,0.0,0.0,0.0,0.0,0
wait_info,2026-09-07 04:33:08.859,58.0,master,UNKNOWN,carga3,,,,0,0.0,0.0,0.0,0.0,SLEEP_TASK
sql_batch_completed,2026-09-07 04:33:08.859,63.0,SteelNort,UNKNOWN,carga3,,,,AWAITING COMMAND,38.0,4.0,0.0,0.0,0
sql_batch_completed,2026-09-07 04:33:08.859,72.0,SteelNort,USER,carga3,,,,EXECUTE,2451.0,87.0,0.0,0.0,0
sql_batch_completed,2026-09-07 04:33:13.528,63.0,SteelNort,USER,carga3,,,,EXECUTE,2013.0,0.0,0.0,0.0,0
wait_info,2026-09-07 04:33:15.548,58.0,master,UNKNOWN,carga3,,,,0,0.0,0.0,0.0,0.0,BROKER_TO_FLUSH
sql_batch_completed,2026-09-07 04:33:15.548,72.0,SteelNort,USER,carga3,,,,EXECUTE,2199.0,1921.0,0.0,0.0,MSQL_XP
sql_batch_completed,2026-09-07 04:33:15.548,82.0,SteelNort,USER,carga3,,,,SELECT,1853.0,668.0,0.0,0.0,0
lock_acquired,2026-09-07 04:33:15.548,82.0,0,UNKNOWN,carga3,,,,0,0.0,0.0,0.0,0.0,0
lock_acquired,2026-09-07 04:33:15.548,82.0,0,UNKNOWN,carga3,,,,0,0.0,0.0,0.0,0.0,0
lock_acquired,2026-09-07 04:33:15.548,82.0,0,UNKNOWN,carga3,,,,0,0.0,0.0,0.0,0.0,0
login,2026-09-07 04:33:19.967,76.0,SteelNort,UNKNOWN,carga3,,,,0,0.0,0.0,0.0,0.0,0
sql_batch_completed,2026-09-07 04:33:19.967,82.0,SteelNort,USER,carga3,,,,SELECT,5491.0,668.0,0.0,0.0,0
lock_released,2026-09-07 04:33:19.967,82.0,0,UNKNOWN,carga3,,,,0,0.0,0.0,0.0,0.0,0
lock_released,2026-09-07 04:33:19.967,82.0,0,UNKNOWN,carga3,,,,0,0.0,0.0,0.0,0.0,0
lock_released,2026-09-07 04:33:19.967,82.0,0,UNKNOWN,carga3,,,,0,0.0,0.0,0.0,0.0,0
logout,2026-09-07 04:33:22.356,76.0,0,UNKNOWN,carga3,,,,0,0.0,0.0,0.0,0.0,0
sql_batch_completed,2026-09-07 04:33:22.356,64.0,SteelNort,UNKNOWN,carga3,,,,AWAITING COMMAND,-13.0,0.0,0.0,0.0,0
sql_batch_completed,2026-09-07 04:33:22.356,72.0,SteelNort,USER,carga3,,,,EXECUTE,2967.0,937.0,0.0,0.0,0
sql_batch_completed,2026-09-07 04:33:24.372,64.0,SteelNort,UNKNOWN,carga3,,,,AWAITING COMMAND,2003.0,0.0,0.0,0.0,0
sql_batch_completed,2026-09-07 04:33:26.387,72.0,SteelNort,USER,carga3,,,,EXECUTE,56.0,73.0,0.0,0.0,MSQL_XP
sql_batch_completed,2026-09-07 04:33:28.406,72.0,SteelNort,USER,carga3,,,,EXECUTE,2072.0,73.0,0.0,0.0,0
sql_batch_completed,2026-09-07 04:33:32.436,72.0,SteelNort,USER,carga3,,,,EXECUTE,239.0,248.0,0.0,0.0,MSQL_XP
sql_batch_completed,2026-09-07 04:33:32.436,82.0,SteelNort,USER,carga3,,,,SELECT,277.0,143.0,0.0,0.0,0
lock_acquired,2026-09-07 04:33:32.436,82.0,0,UNKNOWN,carga3,,,,0,0.0,0.0,0.0,0.0,0
lock_acquired,2026-09-07 04:33:32.436,82.0,0,UNKNOWN,carga3,,,,0,0.0,0.0,0.0,0.0,0
lock_acquired,2026-09-07 04:33:32.436,82.0,0,UNKNOWN,carga3,,,,0,0.0,0.0,0.0,0.0,0
login,2026-09-07 04:33:35.047,76.0,SteelNort,UNKNOWN,carga3,,,,0,0.0,0.0,0.0,0.0,0
wait_info,2026-09-07 04:33:35.047,58.0,master,UNKNOWN,carga3,,,,0,0.0,0.0,0.0,0.0,SLEEP_TASK
sql_batch_completed,2026-09-07 04:33:35.047,82.0,SteelNort,USER,carga3,,,,SELECT,3088.0,143.0,0.0,0.0,0
lock_released,2026-09-07 04:33:35.047,82.0,0,UNKNOWN,carga3,,,,0,0.0,0.0,0.0,0.0,0
lock_released,2026-09-07 04:33:35.047,82.0,0,UNKNOWN,carga3,,,,0,0.0,0.0,0.0,0.0,0
lock_released,2026-09-07 04:33:35.047,82.0,0,UNKNOWN,carga3,,,,0,0.0,0.0,0.0,0.0,0
logout,2026-09-07 04:33:38.139,76.0,0,UNKNOWN,carga3,,,,0,0.0,0.0,0.0,0.0,0
wait_info,2026-09-07 04:33:38.139,58.0,master,UNKNOWN,carga3,,,,0,0.0,0.0,0.0,0.0,BROKER_TO_FLUSH
login,2026-09-07 04:33:40.688,76.0,SteelNort,UNKNOWN,carga3,,,,0,0.0,0.0,0.0,0.0,0
wait_info,2026-09-07 04:33:40.688,58.0,master,UNKNOWN,carga3,,,,0,0.0,0.0,0.0,0.0,SLEEP_TASK
sql_batch_completed,2026-09-07 04:33:40.688,82.0,SteelNort,USER,carga3,,,,SELECT,1064.0,524.0,0.0,0.0,0
lock_acquired,2026-09-07 04:33:40.688,82.0,0,UNKNOWN,carga3,,,,0,0.0,0.0,0.0,0.0,0
lock_acquired,2026-09-07 04:33:40.688,82.0,0,UNKNOWN,carga3,,,,0,0.0,0.0,0.0,0.0,0
logout,2026-09-07 04:33:44.150,76.0,0,UNKNOWN,carga3,,,,0,0.0,0.0,0.0,0.0,0
wait_info,2026-09-07 04:33:44.150,58.0,master,UNKNOWN,carga3,,,,0,0.0,0.0,0.0,0.0,BROKER_TO_FLUSH
sql_batch_completed,2026-09-07 04:33:44.150,72.0,SteelNort,USER,carga3,,,,EXECUTE,6440.0,1920.0,0.0,0.0,0
sql_batch_completed,2026-09-07 04:33:44.150,82.0,SteelNort,USER,carga3,,,,SELECT,4118.0,524.0,0.0,0.0,0
lock_released,2026-09-07 04:33:44.150,82.0,0,UNKNOWN,carga3,,,,0,0.0,0.0,0.0,0.0,0
lock_released,2026-09-07 04:33:44.150,82.0,0,UNKNOWN,carga3,,,,0,0.0,0.0,0.0,0.0,0
sql_batch_completed,2026-09-07 04:33:46.179,72.0,SteelNort,USER,carga3,,,,EXECUTE,89.0,86.0,0.0,0.0,MSQL_XP
sql_batch_completed,2026-09-07 04:33:48.202,72.0,SteelNort,USER,carga3,,,,EXECUTE,2112.0,86.0,0.0,0.0,0
lock_acquired,2026-09-07 04:33:48.202,63.0,0,UNKNOWN,carga3,,,,0,0.0,0.0,0.0,0.0,0
lock_acquired,2026-09-07 04:33:48.202,63.0,0,UNKNOWN,carga3,,,,0,0.0,0.0,0.0,0.0,0
lock_acquired,2026-09-07 04:33:48.202,63.0,0,UNKNOWN,carga3,,,,0,0.0,0.0,0.0,0.0,0
lock_acquired,2026-09-07 04:33:48.202,63.0,0,UNKNOWN,carga3,,,,0,0.0,0.0,0.0,0.0,0
sql_batch_completed,2026-09-07 04:33:50.232,72.0,SteelNort,USER,carga3,,,,EXECUTE,83.0,90.0,0.0,0.0,MSQL_XP
lock_released,2026-09-07 04:33:50.232,63.0,0,UNKNOWN,carga3,,,,0,0.0,0.0,0.0,0.0,0
lock_released,2026-09-07 04:33:50.232,63.0,0,UNKNOWN,carga3,,,,0,0.0,0.0,0.0,0.0,0
lock_released,2026-09-07 04:33:50.232,63.0,0,UNKNOWN,carga3,,,,0,0.0,0.0,0.0,0.0,0
lock_released,2026-09-07 04:33:50.232,63.0,0,UNKNOWN,carga3,,,,0,0.0,0.0,0.0,0.0,0
sql_batch_completed,2026-09-07 04:33:52.264,72.0,SteelNort,USER,carga3,,,,EXECUTE,2119.0,90.0,0.0,0.0,0
login,2026-09-07 04:33:54.294,76.0,SteelNort,UNKNOWN,carga3,,,,0,0.0,0.0,0.0,0.0,0
sql_batch_completed,2026-09-07 04:33:54.294,72.0,SteelNort,USER,carga3,,,,EXECUTE,159.0,119.0,0.0,0.0,MSQL_XP
logout,2026-09-07 04:33:56.326,76.0,0,UNKNOWN,carga3,,,,0,0.0,0.0,0.0,0.0,0
sql_batch_completed,2026-09-07 04:33:56.326,64.0,SteelNort,USER,carga3,,,,EXECUTE,-19.0,0.0,0.0,0.0,0
sql_batch_completed,2026-09-07 04:33:56.326,72.0,SteelNort,USER,carga3,,,,EXECUTE,2191.0,119.0,0.0,0.0,0
lock_acquired,2026-09-07 04:33:56.326,62.0,0,UNKNOWN,carga3,,,,0,0.0,0.0,0.0,0.0,0
sql_batch_completed,2026-09-07 04:33:58.352,64.0,SteelNort,USER,carga3,,,,EXECUTE,2008.0,0.0,0.0,0.0,0
lock_released,2026-09-07 04:33:58.352,62.0,0,UNKNOWN,carga3,,,,0,0.0,0.0,0.0,0.0,0
login,2026-09-07 04:34:04.426,76.0,SteelNort,UNKNOWN,carga3,,,,0,0.0,0.0,0.0,0.0,0
sql_batch_completed,2026-09-07 04:34:04.426,67.0,SteelNort,UNKNOWN,carga3,,,,AWAITING COMMAND,1.0,0.0,0.0,0.0,0
sql_batch_completed,2026-09-07 04:34:04.426,72.0,SteelNort,USER,carga3,,,,EXECUTE,192.0,125.0,0.0,0.0,MSQL_XP
logout,2026-09-07 04:34:06.455,76.0,0,UNKNOWN,carga3,,,,0,0.0,0.0,0.0,0.0,0
sql_batch_completed,2026-09-07 04:34:06.455,82.0,SteelNort,USER,carga3,,,,SELECT,2.0,4.0,0.0,0.0,0
sql_batch_completed,2026-09-07 04:34:06.455,72.0,SteelNort,USER,carga3,,,,EXECUTE,2216.0,125.0,0.0,0.0,0
sql_batch_completed,2026-09-07 04:34:06.455,67.0,SteelNort,UNKNOWN,carga3,,,,AWAITING COMMAND,2027.0,0.0,0.0,0.0,0
lock_acquired,2026-09-07 04:34:06.455,82.0,0,UNKNOWN,carga3,,,,0,0.0,0.0,0.0,0.0,0
lock_acquired,2026-09-07 04:34:06.455,82.0,0,UNKNOWN,carga3,,,,0,0.0,0.0,0.0,0.0,0
wait_info,2026-09-07 04:34:08.482,58.0,master,UNKNOWN,carga3,,,,0,0.0,0.0,0.0,0.0,SLEEP_TASK
sql_batch_completed,2026-09-07 04:34:08.482,67.0,SteelNort,UNKNOWN,carga3,,,,AWAITING COMMAND,-3.0,0.0,0.0,0.0,0
sql_batch_completed,2026-09-07 04:34:08.482,82.0,SteelNort,USER,carga3,,,,SELECT,2034.0,4.0,0.0,0.0,0
lock_released,2026-09-07 04:34:08.482,82.0,0,UNKNOWN,carga3,,,,0,0.0,0.0,0.0,0.0,0
lock_released,2026-09-07 04:34:08.482,82.0,0,UNKNOWN,carga3,,,,0,0.0,0.0,0.0,0.0,0
login,2026-09-07 04:34:10.509,76.0,SteelNort,UNKNOWN,carga3,,,,0,0.0,0.0,0.0,0.0,0
sql_batch_completed,2026-09-07 04:34:10.509,72.0,SteelNort,USER,carga3,,,,EXECUTE,163.0,130.0,0.0,0.0,MSQL_XP
sql_batch_completed,2026-09-07 04:34:10.509,67.0,SteelNort,UNKNOWN,carga3,,,,AWAITING COMMAND,2021.0,0.0,0.0,0.0,0
logout,2026-09-07 04:34:12.531,76.0,0,UNKNOWN,carga3,,,,0,0.0,0.0,0.0,0.0,0
sql_batch_completed,2026-09-07 04:34:12.531,72.0,SteelNort,USER,carga3,,,,EXECUTE,2185.0,130.0,0.0,0.0,0
lock_acquired,2026-09-07 04:34:14.619,82.0,0,UNKNOWN,carga3,,,,0,0.0,0.0,0.0,0.0,0
lock_acquired,2026-09-07 04:34:14.619,82.0,0,UNKNOWN,carga3,,,,0,0.0,0.0,0.0,0.0,0
lock_released,2026-09-07 04:34:16.651,82.0,0,UNKNOWN,carga3,,,,0,0.0,0.0,0.0,0.0,0
lock_released,2026-09-07 04:34:16.651,82.0,0,UNKNOWN,carga3,,,,0,0.0,0.0,0.0,0.0,0
sql_batch_completed,2026-09-07 04:34:22.733,67.0,SteelNort,USER,carga3,,,,SELECT,31.0,21.0,0.0,0.0,0
lock_acquired,2026-09-07 04:34:22.733,67.0,0,UNKNOWN,carga3,,,,0,0.0,0.0,0.0,0.0,0
lock_acquired,2026-09-07 04:34:22.733,67.0,0,UNKNOWN,carga3,,,,0,0.0,0.0,0.0,0.0,0
lock_acquired,2026-09-07 04:34:22.733,67.0,0,UNKNOWN,carga3,,,,0,0.0,0.0,0.0,0.0,0
sql_batch_completed,2026-09-07 04:34:24.758,67.0,SteelNort,USER,carga3,,,,SELECT,2054.0,21.0,0.0,0.0,0
lock_released,2026-09-07 04:34:24.758,67.0,0,UNKNOWN,carga3,,,,0,0.0,0.0,0.0,0.0,0
lock_released,2026-09-07 04:34:24.758,67.0,0,UNKNOWN,carga3,,,,0,0.0,0.0,0.0,0.0,0
lock_released,2026-09-07 04:34:24.758,67.0,0,UNKNOWN,carga3,,,,0,0.0,0.0,0.0,0.0,0
sql_batch_completed,2026-09-07 04:34:28.802,63.0,SteelNort,USER,carga3,,,,EXECUTE,-8.0,0.0,0.0,0.0,0
logout,2026-09-07 04:34:30.823,69.0,0,UNKNOWN,carga3,,,,0,0.0,0.0,0.0,0.0,0
sql_batch_completed,2026-09-07 04:34:30.823,69.0,master,SQL_SERVER_INTERNAL,carga3,,,,TASK MANAGER,184372.0,0.0,0.0,0.0,0
sql_batch_completed,2026-09-07 04:34:30.823,63.0,SteelNort,USER,carga3,,,,EXECUTE,2014.0,0.0,0.0,0.0,0
login,2026-09-07 04:34:32.848,69.0,SteelNort,UNKNOWN,carga3,,,,0,0.0,0.0,0.0,0.0,0
sql_batch_completed,2026-09-07 04:34:32.848,72.0,SteelNort,USER,carga3,,,,EXECUTE,172.0,122.0,0.0,0.0,MSQL_XP
logout,2026-09-07 04:34:34.900,74.0,0,UNKNOWN,carga3,,,,0,0.0,0.0,0.0,0.0,0
logout,2026-09-07 04:34:34.900,69.0,0,UNKNOWN,carga3,,,,0,0.0,0.0,0.0,0.0,0
logout,2026-09-07 04:34:34.900,71.0,0,UNKNOWN,carga3,,,,0,0.0,0.0,0.0,0.0,0
sql_batch_completed,2026-09-07 04:34:34.900,72.0,SteelNort,USER,carga3,,,,EXECUTE,2211.0,122.0,0.0,0.0,0
sql_batch_completed,2026-09-07 04:34:34.900,74.0,master,SQL_SERVER_INTERNAL,carga3,,,,TASK MANAGER,478085.0,0.0,0.0,0.0,0
sql_batch_completed,2026-09-07 04:34:34.900,71.0,master,SQL_SERVER_INTERNAL,carga3,,,,TASK MANAGER,188447.0,0.0,0.0,0.0,0
login,2026-09-07 04:34:38.948,69.0,SteelNort,UNKNOWN,carga3,,,,0,0.0,0.0,0.0,0.0,0
sql_batch_completed,2026-09-07 04:34:38.948,51.0,SteelNort,UNKNOWN,carga3,,,,AWAITING COMMAND,-28.0,0.0,0.0,0.0,0
sql_batch_completed,2026-09-07 04:34:38.948,72.0,SteelNort,USER,carga3,,,,EXECUTE,99.0,99.0,0.0,0.0,MSQL_XP
logout,2026-09-07 04:34:40.974,69.0,0,UNKNOWN,carga3,,,,0,0.0,0.0,0.0,0.0,0
logout,2026-09-07 04:34:40.974,70.0,0,UNKNOWN,carga3,,,,0,0.0,0.0,0.0,0.0,0
sql_batch_completed,2026-09-07 04:34:40.974,72.0,SteelNort,USER,carga3,,,,EXECUTE,2125.0,99.0,0.0,0.0,0
sql_batch_completed,2026-09-07 04:34:40.974,51.0,SteelNort,UNKNOWN,carga3,,,,AWAITING COMMAND,1999.0,0.0,0.0,0.0,0
sql_batch_completed,2026-09-07 04:34:40.974,70.0,master,SQL_SERVER_INTERNAL,carga3,,,,TASK MANAGER,194527.0,0.0,0.0,0.0,0
sql_batch_completed,2026-09-07 04:34:43.004,73.0,SteelNort,USER,carga3,,,,SELECT,14.0,8.0,0.0,0.0,0
sql_batch_completed,2026-09-07 04:34:45.027,73.0,SteelNort,USER,carga3,,,,SELECT,2032.0,8.0,0.0,0.0,0
sql_batch_completed,2026-09-07 04:34:49.071,72.0,SteelNort,USER,carga3,,,,EXECUTE,80.0,86.0,0.0,0.0,MSQL_XP
wait_info,2026-09-07 04:34:51.103,58.0,master,UNKNOWN,carga3,,,,0,0.0,0.0,0.0,0.0,BROKER_TO_FLUSH
sql_batch_completed,2026-09-07 04:34:51.103,72.0,SteelNort,USER,carga3,,,,EXECUTE,2118.0,86.0,0.0,0.0,0
login,2026-09-07 04:34:59.204,69.0,SteelNort,UNKNOWN,carga3,,,,0,0.0,0.0,0.0,0.0,0
sql_batch_completed,2026-09-07 04:34:59.204,72.0,SteelNort,USER,carga3,,,,EXECUTE,95.0,86.0,0.0,0.0,MSQL_XP
logout,2026-09-07 04:35:01.231,69.0,0,UNKNOWN,carga3,,,,0,0.0,0.0,0.0,0.0,0
sql_batch_completed,2026-09-07 04:35:01.231,68.0,SteelNort,USER,carga3,,,,EXECUTE,4.0,0.0,0.0,0.0,0
sql_batch_completed,2026-09-07 04:35:01.231,72.0,SteelNort,USER,carga3,,,,EXECUTE,2129.0,86.0,0.0,0.0,0
login,2026-09-07 04:35:05.287,69.0,SteelNort,UNKNOWN,carga3,,,,0,0.0,0.0,0.0,0.0,0
sql_batch_completed,2026-09-07 04:35:05.287,72.0,SteelNort,USER,carga3,,,,EXECUTE,195.0,105.0,0.0,0.0,MSQL_XP
sql_batch_completed,2026-09-07 04:35:05.287,68.0,SteelNort,UNKNOWN,carga3,,,,AWAITING COMMAND,2026.0,0.0,0.0,0.0,0
logout,2026-09-07 04:35:07.314,69.0,0,UNKNOWN,carga3,,,,0,0.0,0.0,0.0,0.0,0
sql_batch_completed,2026-09-07 04:35:07.314,72.0,SteelNort,USER,carga3,,,,EXECUTE,2227.0,105.0,0.0,0.0,0
sql_batch_completed,2026-09-07 04:35:11.373,60.0,SteelNort,UNKNOWN,carga3,,,,CONDITIONAL,-14.0,0.0,0.0,0.0,0
sql_batch_completed,2026-09-07 04:35:11.373,72.0,SteelNort,USER,carga3,,,,EXECUTE,26.0,37.0,0.0,0.0,MSQL_XP
sql_batch_completed,2026-09-07 04:35:13.404,73.0,SteelNort,USER,carga3,,,,SELECT,-8.0,10.0,0.0,0.0,0
sql_batch_completed,2026-09-07 04:35:13.404,72.0,SteelNort,USER,carga3,,,,EXECUTE,2055.0,37.0,0.0,0.0,0
sql_batch_completed,2026-09-07 04:35:13.404,60.0,SteelNort,UNKNOWN,carga3,,,,CONDITIONAL,2016.0,0.0,0.0,0.0,0
lock_acquired,2026-09-07 04:35:13.404,73.0,0,UNKNOWN,carga3,,,,0,0.0,0.0,0.0,0.0,0
sql_batch_completed,2026-09-07 04:35:15.429,73.0,SteelNort,USER,carga3,,,,SELECT,2018.0,10.0,0.0,0.0,0
lock_released,2026-09-07 04:35:15.429,73.0,0,UNKNOWN,carga3,,,,0,0.0,0.0,0.0,0.0,0
sql_batch_completed,2026-09-07 04:35:21.506,65.0,SteelNort,UNKNOWN,carga3,,,,AWAITING COMMAND,8.0,0.0,0.0,0.0,0
sql_batch_completed,2026-09-07 04:35:21.506,72.0,SteelNort,USER,carga3,,,,EXECUTE,45.0,51.0,0.0,0.0,MSQL_XP
sql_batch_completed,2026-09-07 04:35:23.535,72.0,SteelNort,USER,carga3,,,,EXECUTE,2066.0,51.0,0.0,0.0,0
sql_batch_completed,2026-09-07 04:35:23.535,65.0,SteelNort,UNKNOWN,carga3,,,,AWAITING COMMAND,2031.0,0.0,0.0,0.0,0
sql_batch_completed,2026-09-07 04:35:29.598,51.0,SteelNort,UNKNOWN,carga3,,,,SET OPTION ON,-9.0,0.0,0.0,0.0,0
sql_batch_completed,2026-09-07 04:35:31.628,72.0,SteelNort,USER,carga3,,,,EXECUTE,86.0,103.0,0.0,0.0,MSQL_XP
sql_batch_completed,2026-09-07 04:35:31.628,51.0,SteelNort,UNKNOWN,carga3,,,,SET OPTION ON,2024.0,0.0,0.0,0.0,0
wait_info,2026-09-07 04:35:33.672,58.0,master,UNKNOWN,carga3,,,,0,0.0,0.0,0.0,0.0,SLEEP_TASK
sql_batch_completed,2026-09-07 04:35:33.672,64.0,SteelNort,USER,carga3,,,,EXECUTE,-18.0,0.0,0.0,0.0,0
sql_batch_completed,2026-09-07 04:35:33.672,72.0,SteelNort,USER,carga3,,,,EXECUTE,2122.0,103.0,0.0,0.0,0
sql_batch_completed,2026-09-07 04:35:35.692,63.0,SteelNort,UNKNOWN,carga3,,,,AWAITING COMMAND,-22.0,0.0,0.0,0.0,0
sql_batch_completed,2026-09-07 04:35:35.692,64.0,SteelNort,USER,carga3,,,,EXECUTE,2005.0,0.0,0.0,0.0,0
sql_batch_completed,2026-09-07 04:35:37.717,67.0,SteelNort,UNKNOWN,carga3,,,,SET OPTION ON,-25.0,0.0,0.0,0.0,0
sql_batch_completed,2026-09-07 04:35:37.717,63.0,SteelNort,UNKNOWN,carga3,,,,AWAITING COMMAND,2005.0,0.0,0.0,0.0,0
sql_batch_completed,2026-09-07 04:35:39.745,67.0,SteelNort,UNKNOWN,carga3,,,,SET OPTION ON,2002.0,0.0,0.0,0.0,0
login,2026-09-07 04:35:41.768,69.0,SteelNort,UNKNOWN,carga3,,,,0,0.0,0.0,0.0,0.0,0
sql_batch_completed,2026-09-07 04:35:41.768,72.0,SteelNort,USER,carga3,,,,EXECUTE,156.0,113.0,0.0,0.0,MSQL_XP
logout,2026-09-07 04:35:43.791,69.0,0,UNKNOWN,carga3,,,,0,0.0,0.0,0.0,0.0,0
sql_batch_completed,2026-09-07 04:35:43.791,68.0,SteelNort,UNKNOWN,carga3,,,,AWAITING COMMAND,-2.0,0.0,0.0,0.0,0
sql_batch_completed,2026-09-07 04:35:43.791,73.0,SteelNort,USER,carga3,,,,SELECT,8.0,7.0,0.0,0.0,0
sql_batch_completed,2026-09-07 04:35:43.791,72.0,SteelNort,USER,carga3,,,,EXECUTE,2183.0,113.0,0.0,0.0,0
lock_acquired,2026-09-07 04:35:43.791,73.0,0,UNKNOWN,carga3,,,,0,0.0,0.0,0.0,0.0,0
sql_batch_completed,2026-09-07 04:35:45.826,73.0,SteelNort,USER,carga3,,,,SELECT,2038.0,7.0,0.0,0.0,0
sql_batch_completed,2026-09-07 04:35:45.826,68.0,SteelNort,UNKNOWN,carga3,,,,AWAITING COMMAND,2029.0,0.0,0.0,0.0,0
lock_released,2026-09-07 04:35:45.826,73.0,0,UNKNOWN,carga3,,,,0,0.0,0.0,0.0,0.0,0
sql_batch_completed,2026-09-07 04:35:47.850,72.0,SteelNort,USER,carga3,,,,EXECUTE,23.0,34.0,0.0,0.0,MSQL_XP
sql_batch_completed,2026-09-07 04:35:49.896,52.0,SteelNort,UNKNOWN,carga3,,,,COMMIT TRANSACTION,-12.0,0.0,0.0,0.0,PREEMPTIVE_OS_FLUSHFILEBUFFERS
sql_batch_completed,2026-09-07 04:35:49.896,72.0,SteelNort,USER,carga3,,,,EXECUTE,2068.0,34.0,0.0,0.0,0
lock_acquired,2026-09-07 04:35:49.896,52.0,0,UNKNOWN,carga3,,,,0,0.0,0.0,0.0,0.0,0
sql_batch_completed,2026-09-07 04:35:51.918,52.0,SteelNort,UNKNOWN,carga3,,,,COMMIT TRANSACTION,2006.0,0.0,0.0,0.0,0
lock_released,2026-09-07 04:35:51.918,52.0,0,UNKNOWN,carga3,,,,0,0.0,0.0,0.0,0.0,0
sql_batch_completed,2026-09-07 04:35:53.941,63.0,SteelNort,UNKNOWN,carga3,,,,AWAITING COMMAND,-19.0,0.0,0.0,0.0,0
sql_batch_completed,2026-09-07 04:35:53.941,67.0,SteelNort,USER,carga3,,,,EXECUTE,-18.0,0.0,0.0,0.0,0
sql_batch_completed,2026-09-07 04:35:53.941,68.0,SteelNort,UNKNOWN,carga3,,,,AWAITING COMMAND,-16.0,0.0,0.0,0.0,0
sql_batch_completed,2026-09-07 04:35:55.974,67.0,SteelNort,USER,carga3,,,,EXECUTE,2009.0,0.0,0.0,0.0,0
sql_batch_completed,2026-09-07 04:35:55.974,68.0,SteelNort,UNKNOWN,carga3,,,,AWAITING COMMAND,2011.0,0.0,0.0,0.0,0
sql_batch_completed,2026-09-07 04:35:55.974,63.0,SteelNort,UNKNOWN,carga3,,,,AWAITING COMMAND,2013.0,0.0,0.0,0.0,0
login,2026-09-07 04:35:58.000,69.0,SteelNort,UNKNOWN,carga3,,,,0,0.0,0.0,0.0,0.0,0
sql_batch_completed,2026-09-07 04:35:58.000,52.0,SteelNort,UNKNOWN,carga3,,,,AWAITING COMMAND,-27.0,0.0,0.0,0.0,0
sql_batch_completed,2026-09-07 04:35:58.000,72.0,SteelNort,USER,carga3,,,,EXECUTE,106.0,95.0,0.0,0.0,MSQL_XP
logout,2026-09-07 04:36:00.023,69.0,0,UNKNOWN,carga3,,,,0,0.0,0.0,0.0,0.0,0
sql_batch_completed,2026-09-07 04:36:00.023,72.0,SteelNort,USER,carga3,,,,EXECUTE,2127.0,95.0,0.0,0.0,0
sql_batch_completed,2026-09-07 04:36:00.023,52.0,SteelNort,UNKNOWN,carga3,,,,AWAITING COMMAND,1995.0,0.0,0.0,0.0,0
sql_batch_completed,2026-09-07 04:36:04.067,51.0,SteelNort,USER,carga3,,,,EXECUTE,-3.0,0.0,0.0,0.0,0
sql_batch_completed,2026-09-07 04:36:04.067,62.0,SteelNort,UNKNOWN,carga3,,,,AWAITING COMMAND,-2.0,0.0,0.0,0.0,0
sql_batch_completed,2026-09-07 04:36:06.097,51.0,SteelNort,USER,carga3,,,,EXECUTE,2018.0,0.0,0.0,0.0,0
sql_batch_completed,2026-09-07 04:36:06.097,62.0,SteelNort,UNKNOWN,carga3,,,,AWAITING COMMAND,2019.0,0.0,0.0,0.0,0
sql_batch_completed,2026-09-07 04:36:08.124,68.0,SteelNort,UNKNOWN,carga3,,,,AWAITING COMMAND,-13.0,0.0,0.0,0.0,0
sql_batch_completed,2026-09-07 04:36:08.124,72.0,SteelNort,USER,carga3,,,,EXECUTE,57.0,66.0,0.0,0.0,MSQL_XP
sql_batch_completed,2026-09-07 04:36:10.156,72.0,SteelNort,USER,carga3,,,,EXECUTE,2077.0,66.0,0.0,0.0,0
sql_batch_completed,2026-09-07 04:36:10.156,68.0,SteelNort,UNKNOWN,carga3,,,,AWAITING COMMAND,2009.0,0.0,0.0,0.0,0
login,2026-09-07 04:36:12.176,69.0,SteelNort,UNKNOWN,carga3,,,,0,0.0,0.0,0.0,0.0,0
sql_batch_completed,2026-09-07 04:36:12.176,72.0,SteelNort,USER,carga3,,,,EXECUTE,213.0,107.0,0.0,0.0,MSQL_XP
logout,2026-09-07 04:36:14.195,69.0,0,UNKNOWN,carga3,,,,0,0.0,0.0,0.0,0.0,0
sql_batch_completed,2026-09-07 04:36:14.195,62.0,SteelNort,USER,carga3,,,,EXECUTE,-22.0,0.0,0.0,0.0,0
sql_batch_completed,2026-09-07 04:36:14.195,64.0,SteelNort,UNKNOWN,carga3,,,,AWAITING COMMAND,-20.0,0.0,0.0,0.0,0
sql_batch_completed,2026-09-07 04:36:14.195,73.0,SteelNort,USER,carga3,,,,SELECT,-9.0,8.0,0.0,0.0,0
sql_batch_completed,2026-09-07 04:36:14.195,72.0,SteelNort,USER,carga3,,,,EXECUTE,2238.0,107.0,0.0,0.0,0
lock_acquired,2026-09-07 04:36:14.195,73.0,0,UNKNOWN,carga3,,,,0,0.0,0.0,0.0,0.0,0
login,2026-09-07 04:36:16.224,70.0,SteelNort,UNKNOWN,carga3,,,,0,0.0,0.0,0.0,0.0,0
login,2026-09-07 04:36:16.224,71.0,SteelNort,UNKNOWN,carga3,,,,0,0.0,0.0,0.0,0.0,0
login,2026-09-07 04:36:16.224,74.0,SteelNort,UNKNOWN,carga3,,,,0,0.0,0.0,0.0,0.0,0
login,2026-09-07 04:36:16.224,76.0,SteelNort,UNKNOWN,carga3,,,,0,0.0,0.0,0.0,0.0,0
login,2026-09-07 04:36:16.224,77.0,SteelNort,UNKNOWN,carga3,,,,0,0.0,0.0,0.0,0.0,0
login,2026-09-07 04:36:16.224,78.0,SteelNort,UNKNOWN,carga3,,,,0,0.0,0.0,0.0,0.0,0
login,2026-09-07 04:36:16.224,79.0,SteelNort,UNKNOWN,carga3,,,,0,0.0,0.0,0.0,0.0,0
login,2026-09-07 04:36:16.224,80.0,SteelNort,UNKNOWN,carga3,,,,0,0.0,0.0,0.0,0.0,0
wait_info,2026-09-07 04:36:16.224,58.0,master,UNKNOWN,carga3,,,,0,0.0,0.0,0.0,0.0,BROKER_TO_FLUSH
sql_batch_completed,2026-09-07 04:36:16.224,70.0,master,SQL_SERVER_INTERNAL,carga3,,,,TASK MANAGER,203.0,0.0,0.0,0.0,0
sql_batch_completed,2026-09-07 04:36:16.224,71.0,master,SQL_SERVER_INTERNAL,carga3,,,,TASK MANAGER,204.0,0.0,0.0,0.0,0
sql_batch_completed,2026-09-07 04:36:16.224,74.0,master,SQL_SERVER_INTERNAL,carga3,,,,TASK MANAGER,205.0,0.0,0.0,0.0,0
sql_batch_completed,2026-09-07 04:36:16.224,76.0,master,SQL_SERVER_INTERNAL,carga3,,,,TASK MANAGER,204.0,0.0,0.0,0.0,0
sql_batch_completed,2026-09-07 04:36:16.224,77.0,master,SQL_SERVER_INTERNAL,carga3,,,,TASK MANAGER,204.0,0.0,0.0,0.0,0
sql_batch_completed,2026-09-07 04:36:16.224,78.0,master,SQL_SERVER_INTERNAL,carga3,,,,TASK MANAGER,205.0,0.0,0.0,0.0,0
sql_batch_completed,2026-09-07 04:36:16.224,79.0,master,SQL_SERVER_INTERNAL,carga3,,,,TASK MANAGER,203.0,0.0,0.0,0.0,0
sql_batch_completed,2026-09-07 04:36:16.224,80.0,master,SQL_SERVER_INTERNAL,carga3,,,,TASK MANAGER,204.0,0.0,0.0,0.0,0
sql_batch_completed,2026-09-07 04:36:16.224,64.0,SteelNort,UNKNOWN,carga3,,,,AWAITING COMMAND,2028.0,0.0,0.0,0.0,0
sql_batch_completed,2026-09-07 04:36:16.224,73.0,SteelNort,USER,carga3,,,,SELECT,2038.0,8.0,0.0,0.0,0
sql_batch_completed,2026-09-07 04:36:16.224,62.0,SteelNort,USER,carga3,,,,EXECUTE,2030.0,0.0,0.0,0.0,0
lock_released,2026-09-07 04:36:16.224,73.0,0,UNKNOWN,carga3,,,,0,0.0,0.0,0.0,0.0,0
login,2026-09-07 04:36:22.311,69.0,SteelNort,UNKNOWN,carga3,,,,0,0.0,0.0,0.0,0.0,0
sql_batch_completed,2026-09-07 04:36:22.311,72.0,SteelNort,USER,carga3,,,,EXECUTE,128.0,109.0,0.0,0.0,MSQL_XP
logout,2026-09-07 04:36:24.335,69.0,0,UNKNOWN,carga3,,,,0,0.0,0.0,0.0,0.0,0
sql_batch_completed,2026-09-07 04:36:24.335,52.0,SteelNort,UNKNOWN,carga3,,,,AWAITING COMMAND,-3.0,2.0,0.0,0.0,0
sql_batch_completed,2026-09-07 04:36:24.335,72.0,SteelNort,USER,carga3,,,,EXECUTE,2155.0,109.0,0.0,0.0,0
sql_batch_completed,2026-09-07 04:36:26.359,52.0,SteelNort,UNKNOWN,carga3,,,,AWAITING COMMAND,2018.0,2.0,0.0,0.0,0
sql_batch_completed,2026-09-07 04:36:28.384,64.0,SteelNort,UNKNOWN,carga3,,,,AWAITING COMMAND,-13.0,0.0,0.0,0.0,0
sql_batch_completed,2026-09-07 04:36:28.384,66.0,SteelNort,USER,carga3,,,,EXECUTE,-10.0,0.0,0.0,0.0,0
sql_batch_completed,2026-09-07 04:36:28.384,72.0,SteelNort,USER,carga3,,,,EXECUTE,79.0,74.0,0.0,0.0,MSQL_XP
sql_batch_completed,2026-09-07 04:36:30.433,64.0,SteelNort,UNKNOWN,carga3,,,,AWAITING COMMAND,2036.0,0.0,0.0,0.0,0
sql_batch_completed,2026-09-07 04:36:30.433,66.0,SteelNort,USER,carga3,,,,EXECUTE,2037.0,0.0,0.0,0.0,0
sql_batch_completed,2026-09-07 04:36:30.433,72.0,SteelNort,USER,carga3,,,,EXECUTE,2115.0,74.0,0.0,0.0,0
login,2026-09-07 04:36:34.478,69.0,SteelNort,UNKNOWN,carga3,,,,0,0.0,0.0,0.0,0.0,0
sql_batch_completed,2026-09-07 04:36:34.478,64.0,SteelNort,USER,carga3,,,,SELECT,-23.0,1.0,0.0,0.0,0
sql_batch_completed,2026-09-07 04:36:34.478,72.0,SteelNort,USER,carga3,,,,EXECUTE,83.0,94.0,0.0,0.0,MSQL_XP
logout,2026-09-07 04:36:36.532,69.0,0,UNKNOWN,carga3,,,,0,0.0,0.0,0.0,0.0,0
sql_batch_completed,2026-09-07 04:36:36.532,64.0,SteelNort,USER,carga3,,,,SELECT,2014.0,1.0,0.0,0.0,0
sql_batch_completed,2026-09-07 04:36:36.532,72.0,SteelNort,USER,carga3,,,,EXECUTE,2119.0,94.0,0.0,0.0,0
login,2026-09-07 04:36:38.553,69.0,SteelNort,UNKNOWN,carga3,,,,0,0.0,0.0,0.0,0.0,0
sql_batch_completed,2026-09-07 04:36:38.553,72.0,SteelNort,USER,carga3,,,,EXECUTE,235.0,121.0,0.0,0.0,MSQL_XP
logout,2026-09-07 04:36:40.585,69.0,0,UNKNOWN,carga3,,,,0,0.0,0.0,0.0,0.0,0
sql_batch_completed,2026-09-07 04:36:40.585,72.0,SteelNort,USER,carga3,,,,EXECUTE,2266.0,121.0,0.0,0.0,0
sql_batch_completed,2026-09-07 04:36:42.610,63.0,SteelNort,UNKNOWN,carga3,,,,AWAITING COMMAND,-3.0,0.0,0.0,0.0,0
sql_batch_completed,2026-09-07 04:36:42.610,66.0,SteelNort,UNKNOWN,carga3,,,,AWAITING COMMAND,-2.0,0.0,0.0,0.0,0
sql_batch_completed,2026-09-07 04:36:44.631,72.0,SteelNort,USER,carga3,,,,EXECUTE,53.0,56.0,0.0,0.0,MSQL_XP
sql_batch_completed,2026-09-07 04:36:44.631,66.0,SteelNort,UNKNOWN,carga3,,,,AWAITING COMMAND,2022.0,0.0,0.0,0.0,0
sql_batch_completed,2026-09-07 04:36:44.631,63.0,SteelNort,UNKNOWN,carga3,,,,AWAITING COMMAND,2025.0,0.0,0.0,0.0,0
sql_batch_completed,2026-09-07 04:36:46.658,67.0,SteelNort,USER,carga3,,,,EXECUTE,-11.0,0.0,0.0,0.0,0
sql_batch_completed,2026-09-07 04:36:46.658,72.0,SteelNort,USER,carga3,,,,EXECUTE,2076.0,56.0,0.0,0.0,0
login,2026-09-07 04:36:48.679,69.0,SteelNort,UNKNOWN,carga3,,,,0,0.0,0.0,0.0,0.0,0
sql_batch_completed,2026-09-07 04:36:48.679,52.0,SteelNort,UNKNOWN,carga3,,,,AWAITING COMMAND,-15.0,0.0,0.0,0.0,0
sql_batch_completed,2026-09-07 04:36:48.679,68.0,SteelNort,USER,carga3,,,,EXECUTE,-14.0,0.0,0.0,0.0,0
sql_batch_completed,2026-09-07 04:36:48.679,72.0,SteelNort,USER,carga3,,,,EXECUTE,221.0,107.0,0.0,0.0,MSQL_XP
sql_batch_completed,2026-09-07 04:36:48.679,67.0,SteelNort,USER,carga3,,,,EXECUTE,2026.0,0.0,0.0,0.0,0
logout,2026-09-07 04:36:50.734,69.0,0,UNKNOWN,carga3,,,,0,0.0,0.0,0.0,0.0,0
sql_batch_completed,2026-09-07 04:36:50.734,72.0,SteelNort,USER,carga3,,,,EXECUTE,2265.0,107.0,0.0,0.0,0
sql_batch_completed,2026-09-07 04:36:50.734,52.0,SteelNort,UNKNOWN,carga3,,,,AWAITING COMMAND,2033.0,0.0,0.0,0.0,0
sql_batch_completed,2026-09-07 04:36:50.734,68.0,SteelNort,USER,carga3,,,,EXECUTE,2034.0,0.0,0.0,0.0,0
wait_info,2026-09-07 04:36:52.754,58.0,master,UNKNOWN,carga3,,,,0,0.0,0.0,0.0,0.0,SLEEP_TASK
login,2026-09-07 04:36:54.803,69.0,SteelNort,UNKNOWN,carga3,,,,0,0.0,0.0,0.0,0.0,0
sql_batch_completed,2026-09-07 04:36:54.803,72.0,SteelNort,USER,carga3,,,,EXECUTE,156.0,123.0,0.0,0.0,MSQL_XP
logout,2026-09-07 04:36:56.830,69.0,0,UNKNOWN,carga3,,,,0,0.0,0.0,0.0,0.0,0
sql_batch_completed,2026-09-07 04:36:56.830,72.0,SteelNort,USER,carga3,,,,EXECUTE,2184.0,123.0,0.0,0.0,0
sql_batch_completed,2026-09-07 04:36:58.854,52.0,SteelNort,UNKNOWN,carga3,,,,AWAITING COMMAND,1.0,0.0,0.0,0.0,0
sql_batch_completed,2026-09-07 04:37:00.878,52.0,SteelNort,UNKNOWN,carga3,,,,AWAITING COMMAND,2021.0,0.0,0.0,0.0,0
sql_batch_completed,2026-09-07 04:37:06.932,60.0,SteelNort,UNKNOWN,carga3,,,,AWAITING COMMAND,-13.0,0.0,0.0,0.0,0
lock_acquired,2026-09-07 04:37:06.932,52.0,0,UNKNOWN,carga3,,,,0,0.0,0.0,0.0,0.0,0
login,2026-09-07 04:37:08.956,69.0,SteelNort,UNKNOWN,carga3,,,,0,0.0,0.0,0.0,0.0,0
sql_batch_completed,2026-09-07 04:37:08.956,66.0,SteelNort,UNKNOWN,carga3,,,,AWAITING COMMAND,-12.0,1.0,0.0,0.0,0
sql_batch_completed,2026-09-07 04:37:08.956,67.0,SteelNort,USER,carga3,,,,SELECT,-13.0,0.0,0.0,0.0,0
sql_batch_completed,2026-09-07 04:37:08.956,72.0,SteelNort,USER,carga3,,,,EXECUTE,187.0,134.0,0.0,0.0,MSQL_XP
sql_batch_completed,2026-09-07 04:37:08.956,60.0,SteelNort,UNKNOWN,carga3,,,,AWAITING COMMAND,2024.0,0.0,0.0,0.0,0
lock_released,2026-09-07 04:37:08.956,52.0,0,UNKNOWN,carga3,,,,0,0.0,0.0,0.0,0.0,0
logout,2026-09-07 04:37:11.002,69.0,0,UNKNOWN,carga3,,,,0,0.0,0.0,0.0,0.0,0
sql_batch_completed,2026-09-07 04:37:11.002,63.0,SteelNort,USER,carga3,,,,EXECUTE,-19.0,0.0,0.0,0.0,0
sql_batch_completed,2026-09-07 04:37:11.002,72.0,SteelNort,USER,carga3,,,,EXECUTE,2221.0,134.0,0.0,0.0,0
sql_batch_completed,2026-09-07 04:37:11.002,66.0,SteelNort,UNKNOWN,carga3,,,,AWAITING COMMAND,2025.0,1.0,0.0,0.0,0
sql_batch_completed,2026-09-07 04:37:11.002,67.0,SteelNort,USER,carga3,,,,SELECT,2022.0,0.0,0.0,0.0,0
sql_batch_completed,2026-09-07 04:37:13.032,52.0,SteelNort,UNKNOWN,carga3,,,,AWAITING COMMAND,-26.0,0.0,0.0,0.0,0
sql_batch_completed,2026-09-07 04:37:13.032,63.0,SteelNort,USER,carga3,,,,EXECUTE,2009.0,0.0,0.0,0.0,0
wait_info,2026-09-07 04:37:15.057,79.0,master,UNKNOWN,carga3,,,,0,0.0,0.0,0.0,0.0,SLEEP_TASK
sql_batch_completed,2026-09-07 04:37:15.057,52.0,SteelNort,UNKNOWN,carga3,,,,AWAITING COMMAND,1999.0,0.0,0.0,0.0,0
login,2026-09-07 04:37:17.085,81.0,SteelNort,UNKNOWN,carga3,,,,0,0.0,0.0,0.0,0.0,0
login,2026-09-07 04:37:17.085,83.0,SteelNort,UNKNOWN,carga3,,,,0,0.0,0.0,0.0,0.0,0
sql_batch_completed,2026-09-07 04:37:17.085,81.0,master,SQL_SERVER_INTERNAL,carga3,,,,BRKR TASK,304.0,0.0,0.0,0.0,BROKER_TASK_STOP
sql_batch_completed,2026-09-07 04:37:17.085,83.0,master,SQL_SERVER_INTERNAL,carga3,,,,BRKR TASK,69.0,0.0,0.0,0.0,BROKER_TASK_STOP
sql_batch_completed,2026-09-07 04:37:23.157,60.0,SteelNort,UNKNOWN,carga3,,,,AWAITING COMMAND,-5.0,0.0,0.0,0.0,0
sql_batch_completed,2026-09-07 04:37:23.157,64.0,SteelNort,UNKNOWN,carga3,,,,SET OPTION ON,-4.0,0.0,0.0,0.0,0
login,2026-09-07 04:37:25.182,69.0,SteelNort,UNKNOWN,carga3,,,,0,0.0,0.0,0.0,0.0,0
sql_batch_completed,2026-09-07 04:37:25.182,72.0,SteelNort,USER,carga3,,,,EXECUTE,87.0,93.0,0.0,0.0,MSQL_XP
sql_batch_completed,2026-09-07 04:37:25.182,64.0,SteelNort,UNKNOWN,carga3,,,,SET OPTION ON,2025.0,0.0,0.0,0.0,0
sql_batch_completed,2026-09-07 04:37:25.182,60.0,SteelNort,UNKNOWN,carga3,,,,AWAITING COMMAND,2027.0,0.0,0.0,0.0,0
logout,2026-09-07 04:37:27.214,81.0,0,UNKNOWN,carga3,,,,0,0.0,0.0,0.0,0.0,0
logout,2026-09-07 04:37:27.214,83.0,0,UNKNOWN,carga3,,,,0,0.0,0.0,0.0,0.0,0
logout,2026-09-07 04:37:27.214,69.0,0,UNKNOWN,carga3,,,,0,0.0,0.0,0.0,0.0,0
sql_batch_completed,2026-09-07 04:37:27.214,72.0,SteelNort,USER,carga3,,,,EXECUTE,2120.0,93.0,0.0,0.0,0
sql_batch_completed,2026-09-07 04:37:27.214,81.0,master,SQL_SERVER_INTERNAL,carga3,,,,BRKR TASK,10434.0,0.0,0.0,0.0,0
sql_batch_completed,2026-09-07 04:37:27.214,83.0,master,SQL_SERVER_INTERNAL,carga3,,,,BRKR TASK,10199.0,0.0,0.0,0.0,0
wait_info,2026-09-07 04:37:33.294,58.0,master,UNKNOWN,carga3,,,,0,0.0,0.0,0.0,0.0,BROKER_TO_FLUSH
sql_batch_completed,2026-09-07 04:37:33.294,63.0,SteelNort,USER,carga3,,,,EXECUTE,-23.0,0.0,0.0,0.0,0
sql_batch_completed,2026-09-07 04:37:35.320,63.0,SteelNort,USER,carga3,,,,EXECUTE,2002.0,0.0,0.0,0.0,0
login,2026-09-07 04:37:39.372,69.0,SteelNort,UNKNOWN,carga3,,,,0,0.0,0.0,0.0,0.0,0
sql_batch_completed,2026-09-07 04:37:39.372,51.0,SteelNort,UNKNOWN,carga3,,,,CONDITIONAL,1.0,0.0,0.0,0.0,0
sql_batch_completed,2026-09-07 04:37:39.372,72.0,SteelNort,USER,carga3,,,,EXECUTE,202.0,129.0,0.0,0.0,MSQL_XP
logout,2026-09-07 04:37:41.395,69.0,0,UNKNOWN,carga3,,,,0,0.0,0.0,0.0,0.0,0
sql_batch_completed,2026-09-07 04:37:41.395,72.0,SteelNort,USER,carga3,,,,EXECUTE,2226.0,129.0,0.0,0.0,0
sql_batch_completed,2026-09-07 04:37:41.395,51.0,SteelNort,UNKNOWN,carga3,,,,CONDITIONAL,2028.0,0.0,0.0,0.0,0
login,2026-09-07 04:37:45.442,69.0,SteelNort,UNKNOWN,carga3,,,,0,0.0,0.0,0.0,0.0,0
sql_batch_completed,2026-09-07 04:37:45.442,67.0,SteelNort,USER,carga3,,,,EXECUTE,-11.0,0.0,0.0,0.0,0
sql_batch_completed,2026-09-07 04:37:45.442,72.0,SteelNort,USER,carga3,,,,EXECUTE,112.0,112.0,0.0,0.0,MSQL_XP
logout,2026-09-07 04:37:47.473,69.0,0,UNKNOWN,carga3,,,,0,0.0,0.0,0.0,0.0,0
sql_batch_completed,2026-09-07 04:37:47.473,72.0,SteelNort,USER,carga3,,,,EXECUTE,2134.0,112.0,0.0,0.0,0
sql_batch_completed,2026-09-07 04:37:47.473,67.0,SteelNort,USER,carga3,,,,EXECUTE,2012.0,0.0,0.0,0.0,0
login,2026-09-07 04:37:49.494,69.0,SteelNort,UNKNOWN,carga3,,,,0,0.0,0.0,0.0,0.0,0
sql_batch_completed,2026-09-07 04:37:49.494,68.0,SteelNort,UNKNOWN,carga3,,,,SET OPTION ON,-16.0,0.0,0.0,0.0,0
sql_batch_completed,2026-09-07 04:37:49.494,72.0,SteelNort,USER,carga3,,,,EXECUTE,268.0,123.0,0.0,0.0,MSQL_XP
logout,2026-09-07 04:37:51.518,69.0,0,UNKNOWN,carga3,,,,0,0.0,0.0,0.0,0.0,0
sql_batch_completed,2026-09-07 04:37:51.518,72.0,SteelNort,USER,carga3,,,,EXECUTE,2294.0,123.0,0.0,0.0,0
sql_batch_completed,2026-09-07 04:37:51.518,68.0,SteelNort,UNKNOWN,carga3,,,,SET OPTION ON,2013.0,0.0,0.0,0.0,0
login,2026-09-07 04:37:53.544,69.0,SteelNort,UNKNOWN,carga3,,,,0,0.0,0.0,0.0,0.0,0
sql_batch_completed,2026-09-07 04:37:53.544,69.0,master,SQL_SERVER_INTERNAL,carga3,,,,BRKR TASK,1070.0,0.0,0.0,0.0,BROKER_TASK_STOP
sql_batch_completed,2026-09-07 04:37:55.572,68.0,SteelNort,UNKNOWN,carga3,,,,AWAITING COMMAND,-30.0,0.0,0.0,0.0,0
sql_batch_completed,2026-09-07 04:37:57.591,68.0,SteelNort,UNKNOWN,carga3,,,,AWAITING COMMAND,1994.0,0.0,0.0,0.0,0
sql_batch_completed,2026-09-07 04:37:59.619,72.0,SteelNort,USER,carga3,,,,EXECUTE,8.0,5.0,0.0,0.0,MSQL_XP
sql_batch_completed,2026-09-07 04:38:01.642,72.0,SteelNort,USER,carga3,,,,EXECUTE,2029.0,5.0,0.0,0.0,0
sql_batch_completed,2026-09-07 04:38:03.660,72.0,SteelNort,USER,carga3,,,,EXECUTE,108.0,111.0,0.0,0.0,MSQL_XP
sql_batch_completed,2026-09-07 04:38:03.660,69.0,master,SQL_SERVER_INTERNAL,carga3,,,,BRKR TASK,11186.0,0.0,0.0,0.0,0
logout,2026-09-07 04:38:05.687,69.0,0,UNKNOWN,carga3,,,,0,0.0,0.0,0.0,0.0,0
sql_batch_completed,2026-09-07 04:38:05.687,52.0,SteelNort,UNKNOWN,carga3,,,,AWAITING COMMAND,-7.0,0.0,0.0,0.0,0
sql_batch_completed,2026-09-07 04:38:05.687,72.0,SteelNort,USER,carga3,,,,EXECUTE,2140.0,111.0,0.0,0.0,0
login,2026-09-07 04:38:07.718,69.0,SteelNort,UNKNOWN,carga3,,,,0,0.0,0.0,0.0,0.0,0
sql_batch_completed,2026-09-07 04:38:07.718,72.0,SteelNort,USER,carga3,,,,EXECUTE,188.0,120.0,0.0,0.0,MSQL_XP
sql_batch_completed,2026-09-07 04:38:07.718,52.0,SteelNort,UNKNOWN,carga3,,,,AWAITING COMMAND,2027.0,0.0,0.0,0.0,0
logout,2026-09-07 04:38:09.755,69.0,0,UNKNOWN,carga3,,,,0,0.0,0.0,0.0,0.0,0
sql_batch_completed,2026-09-07 04:38:09.755,72.0,SteelNort,USER,carga3,,,,EXECUTE,2222.0,120.0,0.0,0.0,0
wait_info,2026-09-07 04:38:13.809,58.0,master,UNKNOWN,carga3,,,,0,0.0,0.0,0.0,0.0,SLEEP_TASK
sql_batch_completed,2026-09-07 04:38:15.833,67.0,SteelNort,UNKNOWN,carga3,,,,SET OPTION OFF,-27.0,0.0,0.0,0.0,0
sql_batch_completed,2026-09-07 04:38:15.833,68.0,SteelNort,UNKNOWN,carga3,,,,AWAITING COMMAND,-25.0,0.0,0.0,0.0,0
sql_batch_completed,2026-09-07 04:38:17.855,72.0,SteelNort,USER,carga3,,,,EXECUTE,12.0,18.0,0.0,0.0,MSQL_XP
sql_batch_completed,2026-09-07 04:38:17.855,67.0,SteelNort,UNKNOWN,carga3,,,,SET OPTION OFF,2001.0,0.0,0.0,0.0,0
sql_batch_completed,2026-09-07 04:38:17.855,68.0,SteelNort,UNKNOWN,carga3,,,,AWAITING COMMAND,2002.0,0.0,0.0,0.0,0
sql_batch_completed,2026-09-07 04:38:19.888,64.0,SteelNort,UNKNOWN,carga3,,,,AWAITING COMMAND,0.0,0.0,0.0,0.0,0
sql_batch_completed,2026-09-07 04:38:19.888,72.0,SteelNort,USER,carga3,,,,EXECUTE,2040.0,18.0,0.0,0.0,0
login,2026-09-07 04:38:21.911,69.0,SteelNort,UNKNOWN,carga3,,,,0,0.0,0.0,0.0,0.0,0
sql_batch_completed,2026-09-07 04:38:21.911,72.0,SteelNort,USER,carga3,,,,EXECUTE,144.0,110.0,0.0,0.0,MSQL_XP
sql_batch_completed,2026-09-07 04:38:21.911,64.0,SteelNort,UNKNOWN,carga3,,,,AWAITING COMMAND,2028.0,0.0,0.0,0.0,0
logout,2026-09-07 04:38:23.942,69.0,0,UNKNOWN,carga3,,,,0,0.0,0.0,0.0,0.0,0
sql_batch_completed,2026-09-07 04:38:23.942,72.0,SteelNort,USER,carga3,,,,EXECUTE,2175.0,110.0,0.0,0.0,0
sql_batch_completed,2026-09-07 04:38:25.967,64.0,SteelNort,UNKNOWN,carga3,,,,AWAITING COMMAND,-10.0,0.0,0.0,0.0,0
sql_batch_completed,2026-09-07 04:38:25.967,66.0,SteelNort,UNKNOWN,carga3,,,,AWAITING COMMAND,-9.0,0.0,0.0,0.0,0
sql_batch_completed,2026-09-07 04:38:27.994,72.0,SteelNort,USER,carga3,,,,EXECUTE,1118.0,1170.0,0.0,0.0,MSQL_XP
sql_batch_completed,2026-09-07 04:38:27.994,66.0,SteelNort,UNKNOWN,carga3,,,,AWAITING COMMAND,2016.0,0.0,0.0,0.0,0
sql_batch_completed,2026-09-07 04:38:30.021,64.0,SteelNort,UNKNOWN,carga3,,,,AWAITING COMMAND,2010.0,0.0,0.0,0.0,0
sql_batch_completed,2026-09-07 04:38:30.021,72.0,SteelNort,USER,carga3,,,,EXECUTE,3144.0,1170.0,0.0,0.0,0
sql_batch_completed,2026-09-07 04:38:32.041,64.0,SteelNort,UNKNOWN,carga3,,,,AWAITING COMMAND,-20.0,0.0,0.0,0.0,0
sql_batch_completed,2026-09-07 04:38:34.066,64.0,SteelNort,UNKNOWN,carga3,,,,AWAITING COMMAND,2003.0,0.0,0.0,0.0,0
login,2026-09-07 04:38:38.107,69.0,SteelNort,UNKNOWN,carga3,,,,0,0.0,0.0,0.0,0.0,0
sql_batch_completed,2026-09-07 04:38:38.107,72.0,SteelNort,USER,carga3,,,,EXECUTE,91.0,98.0,0.0,0.0,MSQL_XP
logout,2026-09-07 04:38:40.131,69.0,0,UNKNOWN,carga3,,,,0,0.0,0.0,0.0,0.0,0
sql_batch_completed,2026-09-07 04:38:40.131,72.0,SteelNort,USER,carga3,,,,EXECUTE,2115.0,98.0,0.0,0.0,0
login,2026-09-07 04:38:42.155,69.0,SteelNort,UNKNOWN,carga3,,,,0,0.0,0.0,0.0,0.0,0
sql_batch_completed,2026-09-07 04:38:42.155,72.0,SteelNort,USER,carga3,,,,EXECUTE,243.0,160.0,0.0,0.0,MSQL_XP
logout,2026-09-07 04:38:44.187,69.0,0,UNKNOWN,carga3,,,,0,0.0,0.0,0.0,0.0,0
sql_batch_completed,2026-09-07 04:38:44.187,52.0,SteelNort,USER,carga3,,,,EXECUTE,-9.0,0.0,0.0,0.0,0
sql_batch_completed,2026-09-07 04:38:44.187,62.0,SteelNort,UNKNOWN,carga3,,,,AWAITING COMMAND,-8.0,0.0,0.0,0.0,0
sql_batch_completed,2026-09-07 04:38:44.187,72.0,SteelNort,USER,carga3,,,,EXECUTE,2272.0,160.0,0.0,0.0,0
sql_batch_completed,2026-09-07 04:38:46.212,73.0,SteelNort,USER,carga3,,,,SELECT,-7.0,6.0,0.0,0.0,0
sql_batch_completed,2026-09-07 04:38:46.212,52.0,SteelNort,USER,carga3,,,,EXECUTE,2014.0,0.0,0.0,0.0,0
sql_batch_completed,2026-09-07 04:38:46.212,62.0,SteelNort,UNKNOWN,carga3,,,,AWAITING COMMAND,2015.0,0.0,0.0,0.0,0
sql_batch_completed,2026-09-07 04:38:48.237,73.0,SteelNort,USER,carga3,,,,SELECT,2018.0,6.0,0.0,0.0,0
sql_batch_completed,2026-09-07 04:38:54.318,51.0,SteelNort,UNKNOWN,carga3,,,,AWAITING COMMAND,-26.0,0.0,0.0,0.0,0
wait_info,2026-09-07 04:38:54.318,58.0,master,UNKNOWN,carga3,,,,0,0.0,0.0,0.0,0.0,BROKER_TO_FLUSH
login,2026-09-07 04:38:56.345,69.0,SteelNort,UNKNOWN,carga3,,,,0,0.0,0.0,0.0,0.0,0
sql_batch_completed,2026-09-07 04:38:56.345,72.0,SteelNort,USER,carga3,,,,EXECUTE,196.0,122.0,0.0,0.0,MSQL_XP
sql_batch_completed,2026-09-07 04:38:56.345,51.0,SteelNort,UNKNOWN,carga3,,,,AWAITING COMMAND,2000.0,0.0,0.0,0.0,0
logout,2026-09-07 04:38:58.374,69.0,0,UNKNOWN,carga3,,,,0,0.0,0.0,0.0,0.0,0
sql_batch_completed,2026-09-07 04:38:58.374,72.0,SteelNort,USER,carga3,,,,EXECUTE,2226.0,122.0,0.0,0.0,0
login,2026-09-07 04:39:10.503,69.0,SteelNort,UNKNOWN,carga3,,,,0,0.0,0.0,0.0,0.0,0
sql_batch_completed,2026-09-07 04:39:10.503,67.0,SteelNort,USER,carga3,,,,EXECUTE,-17.0,0.0,0.0,0.0,0
sql_batch_completed,2026-09-07 04:39:10.503,72.0,SteelNort,USER,carga3,,,,EXECUTE,214.0,105.0,0.0,0.0,MSQL_XP
logout,2026-09-07 04:39:12.537,69.0,0,UNKNOWN,carga3,,,,0,0.0,0.0,0.0,0.0,0
sql_batch_completed,2026-09-07 04:39:12.537,72.0,SteelNort,USER,carga3,,,,EXECUTE,2244.0,105.0,0.0,0.0,0
sql_batch_completed,2026-09-07 04:39:12.537,67.0,SteelNort,USER,carga3,,,,EXECUTE,2015.0,0.0,0.0,0.0,0
sql_batch_completed,2026-09-07 04:39:14.559,62.0,SteelNort,UNKNOWN,carga3,,,,AWAITING COMMAND,-25.0,0.0,0.0,0.0,0
sql_batch_completed,2026-09-07 04:39:16.582,65.0,SteelNort,UNKNOWN,carga3,,,,AWAITING COMMAND,-26.0,1.0,0.0,0.0,0
sql_batch_completed,2026-09-07 04:39:16.582,73.0,SteelNort,USER,carga3,,,,SELECT,-18.0,5.0,0.0,0.0,0
sql_batch_completed,2026-09-07 04:39:16.582,62.0,SteelNort,UNKNOWN,carga3,,,,AWAITING COMMAND,1999.0,0.0,0.0,0.0,0
sql_batch_completed,2026-09-07 04:39:18.613,73.0,SteelNort,USER,carga3,,,,SELECT,2014.0,5.0,0.0,0.0,0
sql_batch_completed,2026-09-07 04:39:18.613,65.0,SteelNort,UNKNOWN,carga3,,,,AWAITING COMMAND,2008.0,1.0,0.0,0.0,0
login,2026-09-07 04:39:20.639,69.0,SteelNort,UNKNOWN,carga3,,,,0,0.0,0.0,0.0,0.0,0
logout,2026-09-07 04:39:20.639,80.0,0,UNKNOWN,carga3,,,,0,0.0,0.0,0.0,0.0,0
logout,2026-09-07 04:39:20.639,74.0,0,UNKNOWN,carga3,,,,0,0.0,0.0,0.0,0.0,0
sql_batch_completed,2026-09-07 04:39:20.639,72.0,SteelNort,USER,carga3,,,,EXECUTE,108.0,107.0,0.0,0.0,MSQL_XP
sql_batch_completed,2026-09-07 04:39:20.639,80.0,master,SQL_SERVER_INTERNAL,carga3,,,,TASK MANAGER,184600.0,0.0,0.0,0.0,0
sql_batch_completed,2026-09-07 04:39:20.639,74.0,master,SQL_SERVER_INTERNAL,carga3,,,,TASK MANAGER,184607.0,0.0,0.0,0.0,0
logout,2026-09-07 04:39:22.668,69.0,0,UNKNOWN,carga3,,,,0,0.0,0.0,0.0,0.0,0
sql_batch_completed,2026-09-07 04:39:22.668,72.0,SteelNort,USER,carga3,,,,EXECUTE,2142.0,107.0,0.0,0.0,0
logout,2026-09-07 04:39:24.705,76.0,0,UNKNOWN,carga3,,,,0,0.0,0.0,0.0,0.0,0
logout,2026-09-07 04:39:24.705,77.0,0,UNKNOWN,carga3,,,,0,0.0,0.0,0.0,0.0,0
logout,2026-09-07 04:39:24.705,70.0,0,UNKNOWN,carga3,,,,0,0.0,0.0,0.0,0.0,0
sql_batch_completed,2026-09-07 04:39:24.705,76.0,master,SQL_SERVER_INTERNAL,carga3,,,,TASK MANAGER,188671.0,0.0,0.0,0.0,0
sql_batch_completed,2026-09-07 04:39:24.705,77.0,master,SQL_SERVER_INTERNAL,carga3,,,,TASK MANAGER,188672.0,0.0,0.0,0.0,0
sql_batch_completed,2026-09-07 04:39:24.705,70.0,master,SQL_SERVER_INTERNAL,carga3,,,,TASK MANAGER,188676.0,0.0,0.0,0.0,0
sql_batch_completed,2026-09-07 04:39:26.738,62.0,SteelNort,USER,carga3,,,,EXECUTE,-10.0,0.0,0.0,0.0,0
sql_batch_completed,2026-09-07 04:39:28.757,62.0,SteelNort,USER,carga3,,,,EXECUTE,2011.0,0.0,0.0,0.0,0
logout,2026-09-07 04:39:30.781,78.0,0,UNKNOWN,carga3,,,,0,0.0,0.0,0.0,0.0,0
sql_batch_completed,2026-09-07 04:39:30.781,78.0,master,SQL_SERVER_INTERNAL,carga3,,,,TASK MANAGER,194742.0,0.0,0.0,0.0,0
logout,2026-09-07 04:39:32.812,82.0,0,UNKNOWN,carga3,,,,0,0.0,0.0,0.0,0.0,0
logout,2026-09-07 04:39:34.835,79.0,0,UNKNOWN,carga3,,,,0,0.0,0.0,0.0,0.0,0
logout,2026-09-07 04:39:34.835,71.0,0,UNKNOWN,carga3,,,,0,0.0,0.0,0.0,0.0,0
wait_info,2026-09-07 04:39:34.835,58.0,master,UNKNOWN,carga3,,,,0,0.0,0.0,0.0,0.0,SLEEP_TASK
sql_batch_completed,2026-09-07 04:39:34.835,79.0,master,SQL_SERVER_INTERNAL,carga3,,,,TASK MANAGER,198799.0,0.0,0.0,0.0,0
sql_batch_completed,2026-09-07 04:39:34.835,71.0,master,SQL_SERVER_INTERNAL,carga3,,,,TASK MANAGER,198807.0,0.0,0.0,0.0,0
sql_batch_completed,2026-09-07 04:39:36.865,52.0,SteelNort,UNKNOWN,carga3,,,,CONDITIONAL,-6.0,0.0,0.0,0.0,0
sql_batch_completed,2026-09-07 04:39:38.887,72.0,SteelNort,USER,carga3,,,,EXECUTE,83.0,81.0,0.0,0.0,MSQL_XP
sql_batch_completed,2026-09-07 04:39:38.887,52.0,SteelNort,UNKNOWN,carga3,,,,CONDITIONAL,2028.0,0.0,0.0,0.0,0
sql_batch_completed,2026-09-07 04:39:40.927,72.0,SteelNort,USER,carga3,,,,EXECUTE,2123.0,81.0,0.0,0.0,0
login,2026-09-07 04:39:42.960,69.0,SteelNort,UNKNOWN,carga3,,,,0,0.0,0.0,0.0,0.0,0
sql_batch_completed,2026-09-07 04:39:42.960,72.0,SteelNort,USER,carga3,,,,EXECUTE,252.0,127.0,0.0,0.0,MSQL_XP
sql_batch_completed,2026-09-07 04:39:44.992,69.0,master,UNKNOWN,carga3,,,,SELECT,182.0,183.0,0.0,0.0,0
sql_batch_completed,2026-09-07 04:39:44.992,72.0,SteelNort,USER,carga3,,,,EXECUTE,2296.0,127.0,0.0,0.0,0
sql_batch_completed,2026-09-07 04:39:47.042,69.0,master,UNKNOWN,carga3,,,,SELECT,2228.0,183.0,0.0,0.0,0
login,2026-09-07 04:39:53.131,70.0,SteelNort,UNKNOWN,carga3,,,,0,0.0,0.0,0.0,0.0,0
sql_batch_completed,2026-09-07 04:39:53.131,51.0,SteelNort,UNKNOWN,carga3,,,,AWAITING COMMAND,-25.0,0.0,0.0,0.0,0
sql_batch_completed,2026-09-07 04:39:53.131,72.0,SteelNort,USER,carga3,,,,EXECUTE,76.0,95.0,0.0,0.0,MSQL_XP
logout,2026-09-07 04:39:55.161,70.0,0,UNKNOWN,carga3,,,,0,0.0,0.0,0.0,0.0,0
sql_batch_completed,2026-09-07 04:39:55.161,67.0,SteelNort,UNKNOWN,carga3,,,,AWAITING COMMAND,-20.0,0.0,0.0,0.0,0
sql_batch_completed,2026-09-07 04:39:55.161,72.0,SteelNort,USER,carga3,,,,EXECUTE,2107.0,95.0,0.0,0.0,0
sql_batch_completed,2026-09-07 04:39:55.161,51.0,SteelNort,UNKNOWN,carga3,,,,AWAITING COMMAND,2008.0,0.0,0.0,0.0,0
login,2026-09-07 04:39:57.188,70.0,SteelNort,UNKNOWN,carga3,,,,0,0.0,0.0,0.0,0.0,0
sql_batch_completed,2026-09-07 04:39:57.188,65.0,SteelNort,UNKNOWN,carga3,,,,AWAITING COMMAND,0.0,0.0,0.0,0.0,0
sql_batch_completed,2026-09-07 04:39:57.188,72.0,SteelNort,USER,carga3,,,,EXECUTE,213.0,119.0,0.0,0.0,MSQL_XP
sql_batch_completed,2026-09-07 04:39:57.188,67.0,SteelNort,UNKNOWN,carga3,,,,AWAITING COMMAND,2004.0,0.0,0.0,0.0,0
logout,2026-09-07 04:39:59.212,70.0,0,UNKNOWN,carga3,,,,0,0.0,0.0,0.0,0.0,0
sql_batch_completed,2026-09-07 04:39:59.212,72.0,SteelNort,USER,carga3,,,,EXECUTE,2242.0,119.0,0.0,0.0,0
sql_batch_completed,2026-09-07 04:39:59.212,65.0,SteelNort,UNKNOWN,carga3,,,,AWAITING COMMAND,2031.0,0.0,0.0,0.0,0
login,2026-09-07 04:40:07.317,70.0,SteelNort,UNKNOWN,carga3,,,,0,0.0,0.0,0.0,0.0,0
sql_batch_completed,2026-09-07 04:40:07.317,72.0,SteelNort,USER,carga3,,,,EXECUTE,87.0,97.0,0.0,0.0,MSQL_XP
logout,2026-09-07 04:40:09.346,70.0,0,UNKNOWN,carga3,,,,0,0.0,0.0,0.0,0.0,0
sql_batch_completed,2026-09-07 04:40:09.346,72.0,SteelNort,USER,carga3,,,,EXECUTE,2117.0,97.0,0.0,0.0,0
wait_info,2026-09-07 04:40:11.376,58.0,master,UNKNOWN,carga3,,,,0,0.0,0.0,0.0,0.0,BROKER_TO_FLUSH
sql_batch_completed,2026-09-07 04:40:17.456,51.0,SteelNort,UNKNOWN,carga3,,,,AWAITING COMMAND,0.0,0.0,0.0,0.0,0
sql_batch_completed,2026-09-07 04:40:17.456,68.0,SteelNort,UNKNOWN,carga3,,,,AWAITING COMMAND,1.0,0.0,0.0,0.0,0
sql_batch_completed,2026-09-07 04:40:19.478,67.0,SteelNort,USER,carga3,,,,EXECUTE,-1.0,0.0,0.0,0.0,0
sql_batch_completed,2026-09-07 04:40:19.478,51.0,SteelNort,UNKNOWN,carga3,,,,AWAITING COMMAND,2022.0,0.0,0.0,0.0,0
sql_batch_completed,2026-09-07 04:40:19.478,68.0,SteelNort,UNKNOWN,carga3,,,,AWAITING COMMAND,2024.0,0.0,0.0,0.0,0
sql_batch_completed,2026-09-07 04:40:21.504,67.0,SteelNort,USER,carga3,,,,EXECUTE,2025.0,0.0,0.0,0.0,0
login,2026-09-07 04:40:27.574,70.0,SteelNort,UNKNOWN,carga3,,,,0,0.0,0.0,0.0,0.0,0
sql_batch_completed,2026-09-07 04:40:27.574,67.0,SteelNort,UNKNOWN,carga3,,,,AWAITING COMMAND,-17.0,0.0,0.0,0.0,0
sql_batch_completed,2026-09-07 04:40:27.574,72.0,SteelNort,USER,carga3,,,,EXECUTE,77.0,92.0,0.0,0.0,MSQL_XP
logout,2026-09-07 04:40:29.604,70.0,0,UNKNOWN,carga3,,,,0,0.0,0.0,0.0,0.0,0
sql_batch_completed,2026-09-07 04:40:29.604,72.0,SteelNort,USER,carga3,,,,EXECUTE,2103.0,92.0,0.0,0.0,0
sql_batch_completed,2026-09-07 04:40:29.604,67.0,SteelNort,UNKNOWN,carga3,,,,AWAITING COMMAND,2010.0,0.0,0.0,0.0,0
login,2026-09-07 04:40:31.630,70.0,SteelNort,UNKNOWN,carga3,,,,0,0.0,0.0,0.0,0.0,0
sql_batch_completed,2026-09-07 04:40:31.630,72.0,SteelNort,USER,carga3,,,,EXECUTE,169.0,94.0,0.0,0.0,MSQL_XP
logout,2026-09-07 04:40:33.656,70.0,0,UNKNOWN,carga3,,,,0,0.0,0.0,0.0,0.0,0
sql_batch_completed,2026-09-07 04:40:33.656,72.0,SteelNort,USER,carga3,,,,EXECUTE,2194.0,94.0,0.0,0.0,0
sql_batch_completed,2026-09-07 04:40:39.724,63.0,SteelNort,USER,carga3,,,,SELECT,-3.0,0.0,0.0,0.0,0
sql_batch_completed,2026-09-07 04:40:41.767,63.0,SteelNort,USER,carga3,,,,SELECT,2034.0,0.0,0.0,0.0,0
sql_batch_completed,2026-09-07 04:40:43.793,63.0,SteelNort,USER,carga3,,,,EXECUTE,-10.0,0.0,0.0,0.0,0
sql_batch_completed,2026-09-07 04:40:45.813,65.0,SteelNort,UNKNOWN,carga3,,,,AWAITING COMMAND,-14.0,0.0,0.0,0.0,0
sql_batch_completed,2026-09-07 04:40:45.813,63.0,SteelNort,USER,carga3,,,,EXECUTE,2013.0,0.0,0.0,0.0,0
login,2026-09-07 04:40:47.838,70.0,SteelNort,UNKNOWN,carga3,,,,0,0.0,0.0,0.0,0.0,0
sql_batch_completed,2026-09-07 04:40:47.838,72.0,SteelNort,USER,carga3,,,,EXECUTE,153.0,95.0,0.0,0.0,MSQL_XP
sql_batch_completed,2026-09-07 04:40:47.838,65.0,SteelNort,UNKNOWN,carga3,,,,AWAITING COMMAND,2008.0,0.0,0.0,0.0,0
logout,2026-09-07 04:40:49.861,70.0,0,UNKNOWN,carga3,,,,0,0.0,0.0,0.0,0.0,0
sql_batch_completed,2026-09-07 04:40:49.861,72.0,SteelNort,USER,carga3,,,,EXECUTE,2180.0,95.0,0.0,0.0,0
wait_info,2026-09-07 04:40:51.887,58.0,master,UNKNOWN,carga3,,,,0,0.0,0.0,0.0,0.0,SLEEP_TASK
sql_batch_completed,2026-09-07 04:40:51.887,62.0,SteelNort,UNKNOWN,carga3,,,,AWAITING COMMAND,-23.0,0.0,0.0,0.0,0
sql_batch_completed,2026-09-07 04:40:53.907,62.0,SteelNort,UNKNOWN,carga3,,,,AWAITING COMMAND,1997.0,0.0,0.0,0.0,0
sql_batch_completed,2026-09-07 04:40:57.950,72.0,SteelNort,USER,carga3,,,,EXECUTE,-1.0,0.0,0.0,0.0,MSQL_XP
sql_batch_completed,2026-09-07 04:40:59.975,72.0,SteelNort,USER,carga3,,,,EXECUTE,2023.0,0.0,0.0,0.0,0
sql_batch_completed,2026-09-07 04:41:01.999,65.0,SteelNort,UNKNOWN,carga3,,,,AWAITING COMMAND,-8.0,0.0,0.0,0.0,0
sql_batch_completed,2026-09-07 04:41:04.024,65.0,SteelNort,UNKNOWN,carga3,,,,AWAITING COMMAND,2013.0,0.0,0.0,0.0,0
login,2026-09-07 04:41:06.047,70.0,SteelNort,UNKNOWN,carga3,,,,0,0.0,0.0,0.0,0.0,0
login,2026-09-07 04:41:06.047,71.0,SteelNort,UNKNOWN,carga3,,,,0,0.0,0.0,0.0,0.0,0
login,2026-09-07 04:41:06.047,74.0,SteelNort,UNKNOWN,carga3,,,,0,0.0,0.0,0.0,0.0,0
login,2026-09-07 04:41:06.047,76.0,SteelNort,UNKNOWN,carga3,,,,0,0.0,0.0,0.0,0.0,0
login,2026-09-07 04:41:06.047,77.0,SteelNort,UNKNOWN,carga3,,,,0,0.0,0.0,0.0,0.0,0
login,2026-09-07 04:41:06.047,78.0,SteelNort,UNKNOWN,carga3,,,,0,0.0,0.0,0.0,0.0,0
login,2026-09-07 04:41:06.047,79.0,SteelNort,UNKNOWN,carga3,,,,0,0.0,0.0,0.0,0.0,0
login,2026-09-07 04:41:06.047,80.0,SteelNort,UNKNOWN,carga3,,,,0,0.0,0.0,0.0,0.0,0
login,2026-09-07 04:41:06.047,81.0,SteelNort,UNKNOWN,carga3,,,,0,0.0,0.0,0.0,0.0,0
sql_batch_completed,2026-09-07 04:41:06.047,65.0,SteelNort,USER,carga3,,,,EXECUTE,-17.0,0.0,0.0,0.0,0
sql_batch_completed,2026-09-07 04:41:06.047,70.0,master,SQL_SERVER_INTERNAL,carga3,,,,TASK MANAGER,714.0,0.0,0.0,0.0,0
sql_batch_completed,2026-09-07 04:41:06.047,71.0,master,SQL_SERVER_INTERNAL,carga3,,,,TASK MANAGER,715.0,0.0,0.0,0.0,0
sql_batch_completed,2026-09-07 04:41:06.047,74.0,master,SQL_SERVER_INTERNAL,carga3,,,,TASK MANAGER,716.0,0.0,0.0,0.0,0
sql_batch_completed,2026-09-07 04:41:06.047,76.0,master,SQL_SERVER_INTERNAL,carga3,,,,TASK MANAGER,717.0,0.0,0.0,0.0,0
sql_batch_completed,2026-09-07 04:41:06.047,77.0,master,SQL_SERVER_INTERNAL,carga3,,,,TASK MANAGER,716.0,0.0,0.0,0.0,0
sql_batch_completed,2026-09-07 04:41:06.047,78.0,master,SQL_SERVER_INTERNAL,carga3,,,,TASK MANAGER,717.0,0.0,0.0,0.0,0
sql_batch_completed,2026-09-07 04:41:06.047,79.0,master,SQL_SERVER_INTERNAL,carga3,,,,TASK MANAGER,718.0,0.0,0.0,0.0,0
sql_batch_completed,2026-09-07 04:41:06.047,80.0,master,SQL_SERVER_INTERNAL,carga3,,,,TASK MANAGER,719.0,0.0,0.0,0.0,0
sql_batch_completed,2026-09-07 04:41:06.047,81.0,master,SQL_SERVER_INTERNAL,carga3,,,,TASK MANAGER,721.0,0.0,0.0,0.0,0
sql_batch_completed,2026-09-07 04:41:08.096,65.0,SteelNort,USER,carga3,,,,EXECUTE,2020.0,0.0,0.0,0.0,0
login,2026-09-07 04:41:12.140,82.0,SteelNort,UNKNOWN,carga3,,,,0,0.0,0.0,0.0,0.0,0
sql_batch_completed,2026-09-07 04:41:12.140,72.0,SteelNort,USER,carga3,,,,EXECUTE,151.0,125.0,0.0,0.0,MSQL_XP
logout,2026-09-07 04:41:14.165,82.0,0,UNKNOWN,carga3,,,,0,0.0,0.0,0.0,0.0,0
sql_batch_completed,2026-09-07 04:41:14.165,72.0,SteelNort,USER,carga3,,,,EXECUTE,2173.0,125.0,0.0,0.0,0
login,2026-09-07 04:41:18.204,82.0,SteelNort,UNKNOWN,carga3,,,,0,0.0,0.0,0.0,0.0,0
sql_batch_completed,2026-09-07 04:41:18.204,72.0,SteelNort,USER,carga3,,,,EXECUTE,175.0,108.0,0.0,0.0,MSQL_XP
logout,2026-09-07 04:41:20.228,82.0,0,UNKNOWN,carga3,,,,0,0.0,0.0,0.0,0.0,0
sql_batch_completed,2026-09-07 04:41:20.228,72.0,SteelNort,USER,carga3,,,,EXECUTE,2196.0,108.0,0.0,0.0,0
sql_batch_completed,2026-09-07 04:41:22.251,64.0,SteelNort,UNKNOWN,carga3,,,,AWAITING COMMAND,-6.0,0.0,0.0,0.0,0
sql_batch_completed,2026-09-07 04:41:24.272,68.0,SteelNort,USER,carga3,,,,EXECUTE,-8.0,0.0,0.0,0.0,0
sql_batch_completed,2026-09-07 04:41:24.272,64.0,SteelNort,UNKNOWN,carga3,,,,AWAITING COMMAND,2015.0,0.0,0.0,0.0,0
sql_batch_completed,2026-09-07 04:41:26.294,68.0,SteelNort,USER,carga3,,,,EXECUTE,2014.0,0.0,0.0,0.0,0
lock_acquired,2026-09-07 04:41:26.294,66.0,0,UNKNOWN,carga3,,,,0,0.0,0.0,0.0,0.0,0
lock_acquired,2026-09-07 04:41:26.294,66.0,0,UNKNOWN,carga3,,,,0,0.0,0.0,0.0,0.0,0
lock_acquired,2026-09-07 04:41:26.294,66.0,0,UNKNOWN,carga3,,,,0,0.0,0.0,0.0,0.0,0
lock_acquired,2026-09-07 04:41:26.294,66.0,0,UNKNOWN,carga3,,,,0,0.0,0.0,0.0,0.0,0
login,2026-09-07 04:41:28.323,82.0,SteelNort,UNKNOWN,carga3,,,,0,0.0,0.0,0.0,0.0,0
sql_batch_completed,2026-09-07 04:41:28.323,72.0,SteelNort,USER,carga3,,,,EXECUTE,180.0,121.0,0.0,0.0,MSQL_XP
lock_released,2026-09-07 04:41:28.323,66.0,0,UNKNOWN,carga3,,,,0,0.0,0.0,0.0,0.0,0
lock_released,2026-09-07 04:41:28.323,66.0,0,UNKNOWN,carga3,,,,0,0.0,0.0,0.0,0.0,0
lock_released,2026-09-07 04:41:28.323,66.0,0,UNKNOWN,carga3,,,,0,0.0,0.0,0.0,0.0,0
lock_released,2026-09-07 04:41:28.323,66.0,0,UNKNOWN,carga3,,,,0,0.0,0.0,0.0,0.0,0
logout,2026-09-07 04:41:30.353,82.0,0,UNKNOWN,carga3,,,,0,0.0,0.0,0.0,0.0,0
sql_batch_completed,2026-09-07 04:41:30.353,64.0,SteelNort,UNKNOWN,carga3,,,,AWAITING COMMAND,-24.0,0.0,0.0,0.0,0
sql_batch_completed,2026-09-07 04:41:30.353,72.0,SteelNort,USER,carga3,,,,EXECUTE,2213.0,121.0,0.0,0.0,0
wait_info,2026-09-07 04:41:32.388,58.0,master,UNKNOWN,carga3,,,,0,0.0,0.0,0.0,0.0,BROKER_TO_FLUSH
sql_batch_completed,2026-09-07 04:41:32.388,64.0,SteelNort,UNKNOWN,carga3,,,,AWAITING COMMAND,2043.0,0.0,0.0,0.0,0
sql_batch_completed,2026-09-07 04:41:40.535,66.0,SteelNort,UNKNOWN,carga3,,,,CONDITIONAL,-6.0,0.0,0.0,0.0,0
sql_batch_completed,2026-09-07 04:41:42.557,72.0,SteelNort,USER,carga3,,,,EXECUTE,47.0,55.0,0.0,0.0,MSQL_XP
sql_batch_completed,2026-09-07 04:41:42.557,66.0,SteelNort,UNKNOWN,carga3,,,,CONDITIONAL,2013.0,0.0,0.0,0.0,0
sql_batch_completed,2026-09-07 04:41:44.582,51.0,SteelNort,USER,carga3,,,,EXECUTE,-12.0,0.0,0.0,0.0,0
sql_batch_completed,2026-09-07 04:41:44.582,72.0,SteelNort,USER,carga3,,,,EXECUTE,2074.0,55.0,0.0,0.0,0
login,2026-09-07 04:41:46.601,82.0,SteelNort,UNKNOWN,carga3,,,,0,0.0,0.0,0.0,0.0,0
sql_batch_completed,2026-09-07 04:41:46.601,72.0,SteelNort,USER,carga3,,,,EXECUTE,199.0,141.0,0.0,0.0,MSQL_XP
sql_batch_completed,2026-09-07 04:41:46.601,51.0,SteelNort,USER,carga3,,,,EXECUTE,2010.0,0.0,0.0,0.0,0
logout,2026-09-07 04:41:48.629,82.0,0,UNKNOWN,carga3,,,,0,0.0,0.0,0.0,0.0,0
sql_batch_completed,2026-09-07 04:41:48.629,63.0,SteelNort,UNKNOWN,carga3,,,,AWAITING COMMAND,-20.0,0.0,0.0,0.0,0
sql_batch_completed,2026-09-07 04:41:48.629,72.0,SteelNort,USER,carga3,,,,EXECUTE,2230.0,141.0,0.0,0.0,0
sql_batch_completed,2026-09-07 04:41:50.657,51.0,SteelNort,UNKNOWN,carga3,,,,AWAITING COMMAND,-26.0,0.0,0.0,0.0,0
sql_batch_completed,2026-09-07 04:41:50.657,64.0,SteelNort,UNKNOWN,carga3,,,,SET OPTION OFF,-25.0,0.0,0.0,0.0,0
sql_batch_completed,2026-09-07 04:41:50.657,63.0,SteelNort,UNKNOWN,carga3,,,,AWAITING COMMAND,2005.0,0.0,0.0,0.0,0
sql_batch_completed,2026-09-07 04:41:52.680,64.0,SteelNort,UNKNOWN,carga3,,,,SET OPTION OFF,1995.0,0.0,0.0,0.0,0
sql_batch_completed,2026-09-07 04:41:52.680,51.0,SteelNort,UNKNOWN,carga3,,,,AWAITING COMMAND,1996.0,0.0,0.0,0.0,0
lock_acquired,2026-09-07 04:41:56.723,82.0,0,UNKNOWN,carga3,,,,0,0.0,0.0,0.0,0.0,0
lock_released,2026-09-07 04:41:58.748,82.0,0,UNKNOWN,carga3,,,,0,0.0,0.0,0.0,0.0,0
login,2026-09-07 04:42:00.775,82.0,SteelNort,UNKNOWN,carga3,,,,0,0.0,0.0,0.0,0.0,0
sql_batch_completed,2026-09-07 04:42:00.775,65.0,SteelNort,UNKNOWN,carga3,,,,AWAITING COMMAND,-3.0,0.0,0.0,0.0,0
sql_batch_completed,2026-09-07 04:42:00.775,72.0,SteelNort,USER,carga3,,,,EXECUTE,147.0,95.0,0.0,0.0,MSQL_XP
logout,2026-09-07 04:42:02.800,82.0,0,UNKNOWN,carga3,,,,0,0.0,0.0,0.0,0.0,0
sql_batch_completed,2026-09-07 04:42:02.800,72.0,SteelNort,USER,carga3,,,,EXECUTE,2176.0,95.0,0.0,0.0,0
sql_batch_completed,2026-09-07 04:42:02.800,65.0,SteelNort,UNKNOWN,carga3,,,,AWAITING COMMAND,2027.0,0.0,0.0,0.0,0
wait_info,2026-09-07 04:42:08.894,58.0,master,UNKNOWN,carga3,,,,0,0.0,0.0,0.0,0.0,SLEEP_TASK
login,2026-09-07 04:42:14.968,82.0,SteelNort,UNKNOWN,carga3,,,,0,0.0,0.0,0.0,0.0,0
sql_batch_completed,2026-09-07 04:42:14.968,72.0,SteelNort,USER,carga3,,,,EXECUTE,81.0,101.0,0.0,0.0,MSQL_XP
logout,2026-09-07 04:42:16.993,82.0,0,UNKNOWN,carga3,,,,0,0.0,0.0,0.0,0.0,0
sql_batch_completed,2026-09-07 04:42:16.993,72.0,SteelNort,USER,carga3,,,,EXECUTE,2104.0,101.0,0.0,0.0,0
sql_batch_completed,2026-09-07 04:42:23.063,65.0,SteelNort,UNKNOWN,carga3,,,,AWAITING COMMAND,-9.0,0.0,0.0,0.0,0
sql_batch_completed,2026-09-07 04:42:25.085,63.0,SteelNort,USER,carga3,,,,EXECUTE,-12.0,0.0,0.0,0.0,0
sql_batch_completed,2026-09-07 04:42:25.085,72.0,SteelNort,USER,carga3,,,,EXECUTE,-1.0,9.0,0.0,0.0,MSQL_XP
sql_batch_completed,2026-09-07 04:42:25.085,65.0,SteelNort,UNKNOWN,carga3,,,,AWAITING COMMAND,2019.0,0.0,0.0,0.0,0
sql_batch_completed,2026-09-07 04:42:27.119,66.0,SteelNort,UNKNOWN,carga3,,,,CONDITIONAL,-19.0,0.0,0.0,0.0,0
sql_batch_completed,2026-09-07 04:42:27.119,72.0,SteelNort,USER,carga3,,,,EXECUTE,2028.0,9.0,0.0,0.0,0
sql_batch_completed,2026-09-07 04:42:27.119,63.0,SteelNort,USER,carga3,,,,EXECUTE,2019.0,0.0,0.0,0.0,0
login,2026-09-07 04:42:29.140,82.0,SteelNort,UNKNOWN,carga3,,,,0,0.0,0.0,0.0,0.0,0
sql_batch_completed,2026-09-07 04:42:29.140,72.0,SteelNort,USER,carga3,,,,EXECUTE,108.0,97.0,0.0,0.0,MSQL_XP
sql_batch_completed,2026-09-07 04:42:29.140,66.0,SteelNort,UNKNOWN,carga3,,,,CONDITIONAL,2005.0,0.0,0.0,0.0,0
logout,2026-09-07 04:42:31.167,82.0,0,UNKNOWN,carga3,,,,0,0.0,0.0,0.0,0.0,0
sql_batch_completed,2026-09-07 04:42:31.167,72.0,SteelNort,USER,carga3,,,,EXECUTE,2132.0,97.0,0.0,0.0,0
login,2026-09-07 04:42:33.188,82.0,SteelNort,UNKNOWN,carga3,,,,0,0.0,0.0,0.0,0.0,0
sql_batch_completed,2026-09-07 04:42:33.188,65.0,SteelNort,UNKNOWN,carga3,,,,AWAITING COMMAND,-27.0,0.0,0.0,0.0,0
sql_batch_completed,2026-09-07 04:42:33.188,72.0,SteelNort,USER,carga3,,,,EXECUTE,250.0,129.0,0.0,0.0,MSQL_XP
logout,2026-09-07 04:42:35.215,82.0,0,UNKNOWN,carga3,,,,0,0.0,0.0,0.0,0.0,0
sql_batch_completed,2026-09-07 04:42:35.215,60.0,SteelNort,UNKNOWN,carga3,,,,SET OPTION ON,2.0,0.0,0.0,0.0,0
sql_batch_completed,2026-09-07 04:42:35.215,72.0,SteelNort,USER,carga3,,,,EXECUTE,2277.0,129.0,0.0,0.0,0
sql_batch_completed,2026-09-07 04:42:35.215,65.0,SteelNort,UNKNOWN,carga3,,,,AWAITING COMMAND,2001.0,0.0,0.0,0.0,0
sql_batch_completed,2026-09-07 04:42:37.237,60.0,SteelNort,UNKNOWN,carga3,,,,SET OPTION ON,2023.0,0.0,0.0,0.0,0
sql_batch_completed,2026-09-07 04:42:45.329,65.0,SteelNort,UNKNOWN,carga3,,,,AWAITING COMMAND,-17.0,0.0,0.0,0.0,0
sql_batch_completed,2026-09-07 04:42:47.352,63.0,SteelNort,UNKNOWN,carga3,,,,AWAITING COMMAND,-17.0,0.0,0.0,0.0,0
sql_batch_completed,2026-09-07 04:42:47.352,66.0,SteelNort,UNKNOWN,carga3,,,,CONDITIONAL,-16.0,0.0,0.0,0.0,0
sql_batch_completed,2026-09-07 04:42:47.352,65.0,SteelNort,UNKNOWN,carga3,,,,AWAITING COMMAND,2007.0,0.0,0.0,0.0,0
wait_info,2026-09-07 04:42:49.374,58.0,master,UNKNOWN,carga3,,,,0,0.0,0.0,0.0,0.0,BROKER_TO_FLUSH
sql_batch_completed,2026-09-07 04:42:49.374,72.0,SteelNort,USER,carga3,,,,EXECUTE,-3.0,16.0,0.0,0.0,MSQL_XP
sql_batch_completed,2026-09-07 04:42:49.374,66.0,SteelNort,UNKNOWN,carga3,,,,CONDITIONAL,2007.0,0.0,0.0,0.0,0
sql_batch_completed,2026-09-07 04:42:49.374,63.0,SteelNort,UNKNOWN,carga3,,,,AWAITING COMMAND,2007.0,0.0,0.0,0.0,0
sql_batch_completed,2026-09-07 04:42:51.403,65.0,SteelNort,UNKNOWN,carga3,,,,AWAITING COMMAND,-27.0,0.0,0.0,0.0,0
sql_batch_completed,2026-09-07 04:42:51.403,72.0,SteelNort,USER,carga3,,,,EXECUTE,2021.0,16.0,0.0,0.0,0
login,2026-09-07 04:42:53.428,82.0,SteelNort,UNKNOWN,carga3,,,,0,0.0,0.0,0.0,0.0,0
sql_batch_completed,2026-09-07 04:42:53.428,72.0,SteelNort,USER,carga3,,,,EXECUTE,150.0,117.0,0.0,0.0,MSQL_XP
sql_batch_completed,2026-09-07 04:42:53.428,65.0,SteelNort,UNKNOWN,carga3,,,,AWAITING COMMAND,2001.0,0.0,0.0,0.0,0
logout,2026-09-07 04:42:55.453,82.0,0,UNKNOWN,carga3,,,,0,0.0,0.0,0.0,0.0,0
sql_batch_completed,2026-09-07 04:42:55.453,72.0,SteelNort,USER,carga3,,,,EXECUTE,2176.0,117.0,0.0,0.0,0
sql_batch_completed,2026-09-07 04:43:01.530,63.0,SteelNort,USER,carga3,,,,EXECUTE,-7.0,0.0,0.0,0.0,0
sql_batch_completed,2026-09-07 04:43:03.551,63.0,SteelNort,USER,carga3,,,,EXECUTE,2020.0,0.0,0.0,0.0,0
login,2026-09-07 04:43:07.602,82.0,SteelNort,UNKNOWN,carga3,,,,0,0.0,0.0,0.0,0.0,0
sql_batch_completed,2026-09-07 04:43:07.602,72.0,SteelNort,USER,carga3,,,,EXECUTE,85.0,93.0,0.0,0.0,MSQL_XP
logout,2026-09-07 04:43:09.636,82.0,0,UNKNOWN,carga3,,,,0,0.0,0.0,0.0,0.0,0
sql_batch_completed,2026-09-07 04:43:09.636,51.0,SteelNort,USER,carga3,,,,EXECUTE,-20.0,0.0,0.0,0.0,0
sql_batch_completed,2026-09-07 04:43:09.636,62.0,SteelNort,UNKNOWN,carga3,,,,AWAITING COMMAND,-22.0,0.0,0.0,0.0,0
sql_batch_completed,2026-09-07 04:43:09.636,72.0,SteelNort,USER,carga3,,,,EXECUTE,2122.0,93.0,0.0,0.0,0
sql_batch_completed,2026-09-07 04:43:11.669,65.0,SteelNort,USER,carga3,,,,EXECUTE,-25.0,0.0,0.0,0.0,0
sql_batch_completed,2026-09-07 04:43:11.669,51.0,SteelNort,USER,carga3,,,,EXECUTE,2012.0,0.0,0.0,0.0,0
sql_batch_completed,2026-09-07 04:43:11.669,62.0,SteelNort,UNKNOWN,carga3,,,,AWAITING COMMAND,2011.0,0.0,0.0,0.0,0
sql_batch_completed,2026-09-07 04:43:13.701,65.0,SteelNort,USER,carga3,,,,EXECUTE,2005.0,0.0,0.0,0.0,0
login,2026-09-07 05:07:11.602,64.0,SteelNort,UNKNOWN,carga4,,,,0,0.0,0.0,0.0,0.0,0
login,2026-09-07 05:07:11.602,65.0,SteelNort,UNKNOWN,carga4,,,,0,0.0,0.0,0.0,0.0,0
login,2026-09-07 05:07:11.602,66.0,SteelNort,UNKNOWN,carga4,,,,0,0.0,0.0,0.0,0.0,0
login,2026-09-07 05:07:11.602,67.0,SteelNort,UNKNOWN,carga4,,,,0,0.0,0.0,0.0,0.0,0
login,2026-09-07 05:07:11.602,68.0,SteelNort,UNKNOWN,carga4,,,,0,0.0,0.0,0.0,0.0,0
login,2026-09-07 05:07:11.602,69.0,SteelNort,UNKNOWN,carga4,,,,0,0.0,0.0,0.0,0.0,0
login,2026-09-07 05:07:11.602,70.0,SteelNort,UNKNOWN,carga4,,,,0,0.0,0.0,0.0,0.0,0
login,2026-09-07 05:07:11.602,71.0,SteelNort,UNKNOWN,carga4,,,,0,0.0,0.0,0.0,0.0,0
login,2026-09-07 05:07:11.602,72.0,SteelNort,UNKNOWN,carga4,,,,0,0.0,0.0,0.0,0.0,0
login,2026-09-07 05:07:11.602,73.0,SteelNort,UNKNOWN,carga4,,,,0,0.0,0.0,0.0,0.0,0
login,2026-09-07 05:07:11.602,74.0,SteelNort,UNKNOWN,carga4,,,,0,0.0,0.0,0.0,0.0,0
login,2026-09-07 05:07:11.602,75.0,SteelNort,UNKNOWN,carga4,,,,0,0.0,0.0,0.0,0.0,0
login,2026-09-07 05:07:11.602,76.0,SteelNort,UNKNOWN,carga4,,,,0,0.0,0.0,0.0,0.0,0
login,2026-09-07 05:07:11.602,77.0,SteelNort,UNKNOWN,carga4,,,,0,0.0,0.0,0.0,0.0,0
login,2026-09-07 05:07:11.602,78.0,SteelNort,UNKNOWN,carga4,,,,0,0.0,0.0,0.0,0.0,0
login,2026-09-07 05:07:11.602,51.0,SteelNort,UNKNOWN,carga4,,,,0,0.0,0.0,0.0,0.0,0
login,2026-09-07 05:07:11.602,52.0,SteelNort,UNKNOWN,carga4,,,,0,0.0,0.0,0.0,0.0,0
login,2026-09-07 05:07:11.602,53.0,SteelNort,UNKNOWN,carga4,,,,0,0.0,0.0,0.0,0.0,0
login,2026-09-07 05:07:11.602,54.0,SteelNort,UNKNOWN,carga4,,,,0,0.0,0.0,0.0,0.0,0
login,2026-09-07 05:07:11.602,55.0,SteelNort,UNKNOWN,carga4,,,,0,0.0,0.0,0.0,0.0,0
login,2026-09-07 05:07:11.602,56.0,SteelNort,UNKNOWN,carga4,,,,0,0.0,0.0,0.0,0.0,0
login,2026-09-07 05:07:11.602,57.0,SteelNort,UNKNOWN,carga4,,,,0,0.0,0.0,0.0,0.0,0
login,2026-09-07 05:07:11.602,58.0,SteelNort,UNKNOWN,carga4,,,,0,0.0,0.0,0.0,0.0,0
login,2026-09-07 05:07:11.602,59.0,SteelNort,UNKNOWN,carga4,,,,0,0.0,0.0,0.0,0.0,0
login,2026-09-07 05:07:11.602,60.0,SteelNort,UNKNOWN,carga4,,,,0,0.0,0.0,0.0,0.0,0
login,2026-09-07 05:07:11.602,61.0,SteelNort,UNKNOWN,carga4,,,,0,0.0,0.0,0.0,0.0,0
login,2026-09-07 05:07:11.602,62.0,SteelNort,UNKNOWN,carga4,,,,0,0.0,0.0,0.0,0.0,0
login,2026-09-07 05:07:11.602,63.0,SteelNort,UNKNOWN,carga4,,,,0,0.0,0.0,0.0,0.0,0
sql_batch_completed,2026-09-07 05:07:11.602,53.0,master,SQL_SERVER_INTERNAL,carga4,,,,TRACE QUEUE TASK,2719429.0,59.0,0.0,0.0,SQLTRACE_INCREMENTAL_FLUSH_SLEEP
sql_batch_completed,2026-09-07 05:07:11.602,54.0,SteelNort,SQL_SERVER_INTERNAL,carga4,,,,SYSTEM_HEALTH_MONITOR,2719430.0,10.0,0.0,0.0,SP_SERVER_DIAGNOSTICS_SLEEP
sql_batch_completed,2026-09-07 05:07:11.602,55.0,master,SQL_SERVER_INTERNAL,carga4,,,,TASK MANAGER,2719337.0,0.0,0.0,0.0,ONDEMAND_TASK_QUEUE
sql_batch_completed,2026-09-07 05:07:11.602,56.0,master,SQL_SERVER_INTERNAL,carga4,,,,CHECKPOINT,2719338.0,7.0,0.0,6.0,CHECKPOINT_QUEUE
sql_batch_completed,2026-09-07 05:07:11.602,57.0,master,UNKNOWN,carga4,,,,BRKR EVENT HNDLR,2717669.0,5.0,16.0,3.0,BROKER_EVENTHANDLER
sql_batch_completed,2026-09-07 05:07:11.602,58.0,master,SQL_SERVER_INTERNAL,carga4,,,,BRKR TASK,2717665.0,315.0,0.0,0.0,BROKER_TO_FLUSH
sql_batch_completed,2026-09-07 05:07:11.602,59.0,master,SQL_SERVER_INTERNAL,carga4,,,,BRKR TASK,2717666.0,900.0,0.0,0.0,HADR_FILESTREAM_IOMGR_IOCOMPLETION
sql_batch_completed,2026-09-07 05:07:11.602,60.0,SteelNort,USER,carga4,,,,SELECT,-9.0,6.0,0.0,0.0,0
sql_batch_completed,2026-09-07 05:07:11.602,61.0,SteelNort,SQL_SERVER_INTERNAL,carga4,,,,HADR_AR_MGR_NOTIFICATION_WORKER,2719325.0,0.0,0.0,0.0,HADR_NOTIFICATION_DEQUEUE
sql_batch_completed,2026-09-07 05:07:11.602,70.0,master,SQL_SERVER_INTERNAL,carga4,,,,TASK MANAGER,118379.0,0.0,0.0,0.0,0
sql_batch_completed,2026-09-07 05:07:11.602,71.0,master,SQL_SERVER_INTERNAL,carga4,,,,TASK MANAGER,118374.0,0.0,0.0,0.0,0
sql_batch_completed,2026-09-07 05:07:11.602,72.0,master,SQL_SERVER_INTERNAL,carga4,,,,TASK MANAGER,118374.0,0.0,0.0,0.0,0
sql_batch_completed,2026-09-07 05:07:11.602,73.0,master,SQL_SERVER_INTERNAL,carga4,,,,TASK MANAGER,408075.0,0.0,0.0,0.0,0
sql_batch_completed,2026-09-07 05:07:11.602,74.0,master,SQL_SERVER_INTERNAL,carga4,,,,TASK MANAGER,408072.0,0.0,0.0,0.0,0
sql_batch_completed,2026-09-07 05:07:11.602,75.0,master,SQL_SERVER_INTERNAL,carga4,,,,TASK MANAGER,118376.0,0.0,0.0,0.0,0
sql_batch_completed,2026-09-07 05:07:11.602,76.0,SteelNort,USER,carga4,,,,SELECT,-6.0,0.0,0.0,0.0,0
sql_batch_completed,2026-09-07 05:07:11.602,77.0,SteelNort,USER,carga4,,,,EXECUTE,34.0,38.0,0.0,0.0,MSQL_XP
sql_batch_completed,2026-09-07 05:07:11.602,78.0,SteelNort,USER,carga4,,,,SELECT,-4.0,0.0,0.0,0.0,0
lock_acquired,2026-09-07 05:07:11.602,62.0,0,UNKNOWN,carga4,,,,0,0.0,0.0,0.0,0.0,0
lock_acquired,2026-09-07 05:07:11.602,78.0,0,UNKNOWN,carga4,,,,0,0.0,0.0,0.0,0.0,0
lock_acquired,2026-09-07 05:07:11.602,51.0,0,UNKNOWN,carga4,,,,0,0.0,0.0,0.0,0.0,0
lock_acquired,2026-09-07 05:07:11.602,63.0,0,UNKNOWN,carga4,,,,0,0.0,0.0,0.0,0.0,0
lock_acquired,2026-09-07 05:07:11.602,60.0,0,UNKNOWN,carga4,,,,0,0.0,0.0,0.0,0.0,0
lock_acquired,2026-09-07 05:07:11.602,66.0,0,UNKNOWN,carga4,,,,0,0.0,0.0,0.0,0.0,0
lock_acquired,2026-09-07 05:07:11.602,76.0,0,UNKNOWN,carga4,,,,0,0.0,0.0,0.0,0.0,0
lock_acquired,2026-09-07 05:07:11.602,64.0,0,UNKNOWN,carga4,,,,0,0.0,0.0,0.0,0.0,0
lock_acquired,2026-09-07 05:07:11.602,77.0,0,UNKNOWN,carga4,,,,0,0.0,0.0,0.0,0.0,0
lock_acquired,2026-09-07 05:07:11.602,52.0,0,UNKNOWN,carga4,,,,0,0.0,0.0,0.0,0.0,0
lock_acquired,2026-09-07 05:07:11.602,67.0,0,UNKNOWN,carga4,,,,0,0.0,0.0,0.0,0.0,0
lock_acquired,2026-09-07 05:07:11.602,68.0,0,UNKNOWN,carga4,,,,0,0.0,0.0,0.0,0.0,0
lock_acquired,2026-09-07 05:07:11.602,78.0,0,UNKNOWN,carga4,,,,0,0.0,0.0,0.0,0.0,0
lock_acquired,2026-09-07 05:07:11.602,65.0,0,UNKNOWN,carga4,,,,0,0.0,0.0,0.0,0.0,0
sql_batch_completed,2026-09-07 05:07:13.684,60.0,SteelNort,USER,carga4,,,,SELECT,2030.0,6.0,0.0,0.0,0
sql_batch_completed,2026-09-07 05:07:13.684,77.0,SteelNort,USER,carga4,,,,EXECUTE,2065.0,38.0,0.0,0.0,0
sql_batch_completed,2026-09-07 05:07:13.684,78.0,SteelNort,USER,carga4,,,,SELECT,2026.0,0.0,0.0,0.0,0
lock_released,2026-09-07 05:07:13.684,78.0,0,UNKNOWN,carga4,,,,0,0.0,0.0,0.0,0.0,0
login,2026-09-07 05:07:15.716,79.0,SteelNort,UNKNOWN,carga4,,,,0,0.0,0.0,0.0,0.0,0
sql_batch_completed,2026-09-07 05:07:15.716,62.0,SteelNort,USER,carga4,,,,SELECT,809.0,454.0,0.0,0.0,0
sql_batch_completed,2026-09-07 05:07:15.716,64.0,SteelNort,USER,carga4,,,,SELECT,362.0,89.0,0.0,0.0,0
sql_batch_completed,2026-09-07 05:07:15.716,77.0,SteelNort,USER,carga4,,,,EXECUTE,1036.0,305.0,0.0,0.0,MSQL_XP
sql_batch_completed,2026-09-07 05:07:15.716,78.0,SteelNort,USER,carga4,,,,SELECT,100.0,9.0,0.0,0.0,0
lock_acquired,2026-09-07 05:07:15.716,52.0,0,UNKNOWN,carga4,,,,0,0.0,0.0,0.0,0.0,0
lock_acquired,2026-09-07 05:07:15.716,67.0,0,UNKNOWN,carga4,,,,0,0.0,0.0,0.0,0.0,0
lock_acquired,2026-09-07 05:07:15.716,64.0,0,UNKNOWN,carga4,,,,0,0.0,0.0,0.0,0.0,0
lock_acquired,2026-09-07 05:07:15.716,51.0,0,UNKNOWN,carga4,,,,0,0.0,0.0,0.0,0.0,0
lock_acquired,2026-09-07 05:07:15.716,62.0,0,UNKNOWN,carga4,,,,0,0.0,0.0,0.0,0.0,0
lock_acquired,2026-09-07 05:07:15.716,67.0,0,UNKNOWN,carga4,,,,0,0.0,0.0,0.0,0.0,0
lock_acquired,2026-09-07 05:07:15.716,64.0,0,UNKNOWN,carga4,,,,0,0.0,0.0,0.0,0.0,0
lock_acquired,2026-09-07 05:07:15.716,51.0,0,UNKNOWN,carga4,,,,0,0.0,0.0,0.0,0.0,0
lock_acquired,2026-09-07 05:07:15.716,51.0,0,UNKNOWN,carga4,,,,0,0.0,0.0,0.0,0.0,0
lock_acquired,2026-09-07 05:07:15.716,52.0,0,UNKNOWN,carga4,,,,0,0.0,0.0,0.0,0.0,0
lock_acquired,2026-09-07 05:07:15.716,52.0,0,UNKNOWN,carga4,,,,0,0.0,0.0,0.0,0.0,0
lock_acquired,2026-09-07 05:07:15.716,67.0,0,UNKNOWN,carga4,,,,0,0.0,0.0,0.0,0.0,0
lock_acquired,2026-09-07 05:07:15.716,62.0,0,UNKNOWN,carga4,,,,0,0.0,0.0,0.0,0.0,0
lock_acquired,2026-09-07 05:07:15.716,52.0,0,UNKNOWN,carga4,,,,0,0.0,0.0,0.0,0.0,0
lock_acquired,2026-09-07 05:07:15.716,63.0,0,UNKNOWN,carga4,,,,0,0.0,0.0,0.0,0.0,0
lock_acquired,2026-09-07 05:07:15.716,67.0,0,UNKNOWN,carga4,,,,0,0.0,0.0,0.0,0.0,0
lock_acquired,2026-09-07 05:07:15.716,64.0,0,UNKNOWN,carga4,,,,0,0.0,0.0,0.0,0.0,0
sql_batch_completed,2026-09-07 05:07:19.511,64.0,SteelNort,USER,carga4,,,,SELECT,3690.0,89.0,0.0,0.0,0
sql_batch_completed,2026-09-07 05:07:19.511,62.0,SteelNort,USER,carga4,,,,SELECT,4178.0,454.0,0.0,0.0,0
lock_acquired,2026-09-07 05:07:19.511,51.0,0,UNKNOWN,carga4,,,,0,0.0,0.0,0.0,0.0,0
lock_acquired,2026-09-07 05:07:19.511,51.0,0,UNKNOWN,carga4,,,,0,0.0,0.0,0.0,0.0,0
lock_acquired,2026-09-07 05:07:19.511,51.0,0,UNKNOWN,carga4,,,,0,0.0,0.0,0.0,0.0,0
lock_acquired,2026-09-07 05:07:19.511,51.0,0,UNKNOWN,carga4,,,,0,0.0,0.0,0.0,0.0,0
lock_released,2026-09-07 05:07:19.511,52.0,0,UNKNOWN,carga4,,,,0,0.0,0.0,0.0,0.0,0
lock_released,2026-09-07 05:07:19.511,67.0,0,UNKNOWN,carga4,,,,0,0.0,0.0,0.0,0.0,0
lock_released,2026-09-07 05:07:19.511,64.0,0,UNKNOWN,carga4,,,,0,0.0,0.0,0.0,0.0,0
lock_released,2026-09-07 05:07:19.511,51.0,0,UNKNOWN,carga4,,,,0,0.0,0.0,0.0,0.0,0
lock_released,2026-09-07 05:07:19.511,62.0,0,UNKNOWN,carga4,,,,0,0.0,0.0,0.0,0.0,0
lock_released,2026-09-07 05:07:19.511,67.0,0,UNKNOWN,carga4,,,,0,0.0,0.0,0.0,0.0,0
lock_released,2026-09-07 05:07:19.511,64.0,0,UNKNOWN,carga4,,,,0,0.0,0.0,0.0,0.0,0
lock_released,2026-09-07 05:07:19.511,51.0,0,UNKNOWN,carga4,,,,0,0.0,0.0,0.0,0.0,0
lock_released,2026-09-07 05:07:19.511,51.0,0,UNKNOWN,carga4,,,,0,0.0,0.0,0.0,0.0,0
lock_released,2026-09-07 05:07:19.511,52.0,0,UNKNOWN,carga4,,,,0,0.0,0.0,0.0,0.0,0
lock_released,2026-09-07 05:07:19.511,52.0,0,UNKNOWN,carga4,,,,0,0.0,0.0,0.0,0.0,0
lock_released,2026-09-07 05:07:19.511,67.0,0,UNKNOWN,carga4,,,,0,0.0,0.0,0.0,0.0,0
lock_released,2026-09-07 05:07:19.511,62.0,0,UNKNOWN,carga4,,,,0,0.0,0.0,0.0,0.0,0
lock_released,2026-09-07 05:07:19.511,52.0,0,UNKNOWN,carga4,,,,0,0.0,0.0,0.0,0.0,0
lock_released,2026-09-07 05:07:19.511,63.0,0,UNKNOWN,carga4,,,,0,0.0,0.0,0.0,0.0,0
lock_released,2026-09-07 05:07:19.511,67.0,0,UNKNOWN,carga4,,,,0,0.0,0.0,0.0,0.0,0
lock_released,2026-09-07 05:07:19.511,64.0,0,UNKNOWN,carga4,,,,0,0.0,0.0,0.0,0.0,0
lock_acquired,2026-09-07 05:07:22.787,78.0,0,UNKNOWN,carga4,,,,0,0.0,0.0,0.0,0.0,0
lock_released,2026-09-07 05:07:22.787,51.0,0,UNKNOWN,carga4,,,,0,0.0,0.0,0.0,0.0,0
lock_released,2026-09-07 05:07:22.787,51.0,0,UNKNOWN,carga4,,,,0,0.0,0.0,0.0,0.0,0
lock_released,2026-09-07 05:07:22.787,51.0,0,UNKNOWN,carga4,,,,0,0.0,0.0,0.0,0.0,0
lock_released,2026-09-07 05:07:22.787,51.0,0,UNKNOWN,carga4,,,,0,0.0,0.0,0.0,0.0,0
logout,2026-09-07 05:07:26.664,79.0,0,UNKNOWN,carga4,,,,0,0.0,0.0,0.0,0.0,0
wait_info,2026-09-07 05:07:26.664,58.0,master,UNKNOWN,carga4,,,,0,0.0,0.0,0.0,0.0,SLEEP_TASK
sql_batch_completed,2026-09-07 05:07:26.664,77.0,SteelNort,USER,carga4,,,,EXECUTE,8574.0,1907.0,0.0,0.0,0
sql_batch_completed,2026-09-07 05:07:26.664,78.0,SteelNort,USER,carga4,,,,SELECT,3074.0,61.0,0.0,0.0,0
lock_released,2026-09-07 05:07:26.664,78.0,0,UNKNOWN,carga4,,,,0,0.0,0.0,0.0,0.0,0
sql_batch_completed,2026-09-07 05:07:30.723,77.0,SteelNort,USER,carga4,,,,EXECUTE,25.0,49.0,0.0,0.0,MSQL_XP
sql_batch_completed,2026-09-07 05:07:32.748,78.0,SteelNort,USER,carga4,,,,SELECT,1.0,2.0,0.0,0.0,0
sql_batch_completed,2026-09-07 05:07:32.748,77.0,SteelNort,USER,carga4,,,,EXECUTE,2058.0,49.0,0.0,0.0,0
sql_batch_completed,2026-09-07 05:07:34.792,78.0,SteelNort,USER,carga4,,,,SELECT,2043.0,2.0,0.0,0.0,0
sql_batch_completed,2026-09-07 05:07:38.848,52.0,SteelNort,USER,carga4,,,,EXECUTE,-13.0,0.0,0.0,0.0,0
wait_info,2026-09-07 05:07:40.908,58.0,master,UNKNOWN,carga4,,,,0,0.0,0.0,0.0,0.0,BROKER_TO_FLUSH
sql_batch_completed,2026-09-07 05:07:40.908,77.0,SteelNort,USER,carga4,,,,EXECUTE,1680.0,1602.0,0.0,0.0,MSQL_XP
sql_batch_completed,2026-09-07 05:07:40.908,78.0,SteelNort,USER,carga4,,,,SELECT,328.0,174.0,0.0,0.0,0
sql_batch_completed,2026-09-07 05:07:40.908,52.0,SteelNort,USER,carga4,,,,EXECUTE,2446.0,0.0,0.0,0.0,0
login,2026-09-07 05:07:44.077,79.0,SteelNort,UNKNOWN,carga4,,,,0,0.0,0.0,0.0,0.0,0
lock_acquired,2026-09-07 05:07:44.077,78.0,0,UNKNOWN,carga4,,,,0,0.0,0.0,0.0,0.0,0
logout,2026-09-07 05:07:46.101,79.0,0,UNKNOWN,carga4,,,,0,0.0,0.0,0.0,0.0,0
sql_batch_completed,2026-09-07 05:07:46.101,62.0,SteelNort,USER,carga4,,,,EXECUTE,-27.0,0.0,0.0,0.0,0
sql_batch_completed,2026-09-07 05:07:46.101,63.0,SteelNort,UNKNOWN,carga4,,,,CONDITIONAL,-26.0,0.0,0.0,0.0,0
sql_batch_completed,2026-09-07 05:07:46.101,77.0,SteelNort,USER,carga4,,,,EXECUTE,2080.0,68.0,0.0,0.0,0
sql_batch_completed,2026-09-07 05:07:46.101,78.0,SteelNort,USER,carga4,,,,SELECT,2007.0,4.0,0.0,0.0,0
lock_released,2026-09-07 05:07:46.101,78.0,0,UNKNOWN,carga4,,,,0,0.0,0.0,0.0,0.0,0
login,2026-09-07 05:07:48.129,79.0,SteelNort,UNKNOWN,carga4,,,,0,0.0,0.0,0.0,0.0,0
wait_info,2026-09-07 05:07:48.129,58.0,master,UNKNOWN,carga4,,,,0,0.0,0.0,0.0,0.0,SLEEP_TASK
sql_batch_completed,2026-09-07 05:07:48.129,66.0,SteelNort,UNKNOWN,carga4,,,,SET OPTION OFF,-5.0,0.0,0.0,0.0,0
sql_batch_completed,2026-09-07 05:07:48.129,62.0,SteelNort,USER,carga4,,,,EXECUTE,2178.0,0.0,0.0,0.0,0
sql_batch_completed,2026-09-07 05:07:48.129,63.0,SteelNort,UNKNOWN,carga4,,,,CONDITIONAL,2179.0,0.0,0.0,0.0,0
sql_batch_completed,2026-09-07 05:07:50.330,77.0,SteelNort,USER,carga4,,,,EXECUTE,1045.0,1079.0,0.0,0.0,MSQL_XP
sql_batch_completed,2026-09-07 05:07:50.330,66.0,SteelNort,UNKNOWN,carga4,,,,SET OPTION OFF,2072.0,0.0,0.0,0.0,0
sql_batch_completed,2026-09-07 05:07:52.407,78.0,SteelNort,USER,carga4,,,,SELECT,318.0,165.0,0.0,0.0,0
logout,2026-09-07 05:07:55.272,79.0,0,UNKNOWN,carga4,,,,0,0.0,0.0,0.0,0.0,0
wait_info,2026-09-07 05:07:55.272,58.0,master,UNKNOWN,carga4,,,,0,0.0,0.0,0.0,0.0,BROKER_TO_FLUSH
sql_batch_completed,2026-09-07 05:07:55.272,77.0,SteelNort,USER,carga4,,,,EXECUTE,3760.0,1095.0,0.0,0.0,0
sql_batch_completed,2026-09-07 05:07:55.272,78.0,SteelNort,USER,carga4,,,,SELECT,2915.0,165.0,0.0,0.0,0
login,2026-09-07 05:07:57.299,79.0,SteelNort,UNKNOWN,carga4,,,,0,0.0,0.0,0.0,0.0,0
sql_batch_completed,2026-09-07 05:07:57.299,77.0,SteelNort,USER,carga4,,,,EXECUTE,1800.0,1135.0,0.0,0.0,MSQL_XP
sql_batch_completed,2026-09-07 05:07:57.299,78.0,SteelNort,USER,carga4,,,,SELECT,-2.0,10.0,0.0,0.0,0
lock_acquired,2026-09-07 05:07:57.299,78.0,0,UNKNOWN,carga4,,,,0,0.0,0.0,0.0,0.0,0
logout,2026-09-07 05:07:59.359,79.0,0,UNKNOWN,carga4,,,,0,0.0,0.0,0.0,0.0,0
sql_batch_completed,2026-09-07 05:07:59.359,77.0,SteelNort,USER,carga4,,,,EXECUTE,3824.0,1135.0,0.0,0.0,0
sql_batch_completed,2026-09-07 05:07:59.359,78.0,SteelNort,USER,carga4,,,,SELECT,2021.0,10.0,0.0,0.0,0
lock_released,2026-09-07 05:07:59.359,78.0,0,UNKNOWN,carga4,,,,0,0.0,0.0,0.0,0.0,0
sql_batch_completed,2026-09-07 05:08:01.376,60.0,SteelNort,USER,carga4,,,,EXECUTE,-24.0,0.0,0.0,0.0,0
sql_batch_completed,2026-09-07 05:08:03.393,60.0,SteelNort,USER,carga4,,,,EXECUTE,1993.0,0.0,0.0,0.0,0
login,2026-09-07 05:08:07.424,80.0,SteelNort,UNKNOWN,carga4,,,,0,0.0,0.0,0.0,0.0,0
wait_info,2026-09-07 05:08:07.424,74.0,master,UNKNOWN,carga4,,,,0,0.0,0.0,0.0,0.0,SLEEP_TASK
sql_batch_completed,2026-09-07 05:08:07.424,80.0,SteelNort,SQL_SERVER_INTERNAL,carga4,,,,BRKR TASK,155.0,6.0,0.0,0.0,WRITELOG
lock_acquired,2026-09-07 05:08:07.424,80.0,0,UNKNOWN,carga4,,,,0,0.0,0.0,0.0,0.0,0
lock_acquired,2026-09-07 05:08:07.424,80.0,0,UNKNOWN,carga4,,,,0,0.0,0.0,0.0,0.0,0
lock_acquired,2026-09-07 05:08:07.424,80.0,0,UNKNOWN,carga4,,,,0,0.0,0.0,0.0,0.0,0
lock_acquired,2026-09-07 05:08:07.424,80.0,0,UNKNOWN,carga4,,,,0,0.0,0.0,0.0,0.0,0
login,2026-09-07 05:08:09.447,79.0,SteelNort,UNKNOWN,carga4,,,,0,0.0,0.0,0.0,0.0,0
logout,2026-09-07 05:08:09.447,80.0,0,UNKNOWN,carga4,,,,0,0.0,0.0,0.0,0.0,0
sql_batch_completed,2026-09-07 05:08:09.447,79.0,master,SQL_SERVER_INTERNAL,carga4,,,,BRKR TASK,1399.0,0.0,0.0,0.0,BROKER_TASK_STOP
sql_batch_completed,2026-09-07 05:08:09.447,80.0,SteelNort,SQL_SERVER_INTERNAL,carga4,,,,BRKR TASK,2177.0,6.0,0.0,0.0,0
lock_released,2026-09-07 05:08:09.447,80.0,0,UNKNOWN,carga4,,,,0,0.0,0.0,0.0,0.0,0
lock_released,2026-09-07 05:08:09.447,80.0,0,UNKNOWN,carga4,,,,0,0.0,0.0,0.0,0.0,0
lock_released,2026-09-07 05:08:09.447,80.0,0,UNKNOWN,carga4,,,,0,0.0,0.0,0.0,0.0,0
lock_released,2026-09-07 05:08:09.447,80.0,0,UNKNOWN,carga4,,,,0,0.0,0.0,0.0,0.0,0
sql_batch_completed,2026-09-07 05:08:13.483,52.0,SteelNort,UNKNOWN,carga4,,,,AWAITING COMMAND,-7.0,0.0,0.0,0.0,0
sql_batch_completed,2026-09-07 05:08:15.498,52.0,SteelNort,UNKNOWN,carga4,,,,AWAITING COMMAND,2009.0,0.0,0.0,0.0,0
logout,2026-09-07 05:08:17.566,79.0,0,UNKNOWN,carga4,,,,0,0.0,0.0,0.0,0.0,0
sql_batch_completed,2026-09-07 05:08:17.566,77.0,SteelNort,USER,carga4,,,,EXECUTE,1858.0,1515.0,0.0,0.0,MSQL_XP
sql_batch_completed,2026-09-07 05:08:17.566,79.0,master,SQL_SERVER_INTERNAL,carga4,,,,BRKR TASK,9795.0,0.0,0.0,0.0,0
sql_batch_completed,2026-09-07 05:08:17.566,71.0,master,SQL_SERVER_INTERNAL,carga4,,,,TASK MANAGER,184570.0,0.0,0.0,0.0,0
logout,2026-09-07 05:08:19.874,71.0,0,UNKNOWN,carga4,,,,0,0.0,0.0,0.0,0.0,0
wait_info,2026-09-07 05:08:19.874,58.0,master,UNKNOWN,carga4,,,,0,0.0,0.0,0.0,0.0,SLEEP_TASK
sql_batch_completed,2026-09-07 05:08:19.874,62.0,SteelNort,USER,carga4,,,,SELECT,35.0,12.0,0.0,0.0,0
sql_batch_completed,2026-09-07 05:08:19.874,65.0,SteelNort,USER,carga4,,,,EXECUTE,64.0,0.0,0.0,0.0,0
sql_batch_completed,2026-09-07 05:08:19.874,78.0,SteelNort,USER,carga4,,,,SELECT,357.0,86.0,0.0,0.0,0
sql_batch_completed,2026-09-07 05:08:19.874,77.0,SteelNort,USER,carga4,,,,EXECUTE,4323.0,1515.0,0.0,0.0,0
lock_acquired,2026-09-07 05:08:19.874,78.0,0,UNKNOWN,carga4,,,,0,0.0,0.0,0.0,0.0,0
login,2026-09-07 05:08:22.981,71.0,SteelNort,UNKNOWN,carga4,,,,0,0.0,0.0,0.0,0.0,0
logout,2026-09-07 05:08:22.981,73.0,0,UNKNOWN,carga4,,,,0,0.0,0.0,0.0,0.0,0
logout,2026-09-07 05:08:22.981,75.0,0,UNKNOWN,carga4,,,,0,0.0,0.0,0.0,0.0,0
wait_info,2026-09-07 05:08:22.981,58.0,master,UNKNOWN,carga4,,,,0,0.0,0.0,0.0,0.0,BROKER_TO_FLUSH
sql_batch_completed,2026-09-07 05:08:22.981,77.0,SteelNort,USER,carga4,,,,EXECUTE,3260.0,2260.0,0.0,0.0,MSQL_XP
sql_batch_completed,2026-09-07 05:08:22.981,73.0,master,SQL_SERVER_INTERNAL,carga4,,,,TASK MANAGER,480265.0,0.0,0.0,0.0,0
sql_batch_completed,2026-09-07 05:08:22.981,65.0,SteelNort,USER,carga4,,,,EXECUTE,3745.0,0.0,0.0,0.0,0
sql_batch_completed,2026-09-07 05:08:22.981,75.0,master,SQL_SERVER_INTERNAL,carga4,,,,TASK MANAGER,190619.0,0.0,0.0,0.0,0
sql_batch_completed,2026-09-07 05:08:22.981,62.0,SteelNort,USER,carga4,,,,SELECT,3776.0,12.0,0.0,0.0,0
lock_released,2026-09-07 05:08:22.981,78.0,0,UNKNOWN,carga4,,,,0,0.0,0.0,0.0,0.0,0
logout,2026-09-07 05:08:25.935,71.0,0,UNKNOWN,carga4,,,,0,0.0,0.0,0.0,0.0,0
wait_info,2026-09-07 05:08:25.935,58.0,master,UNKNOWN,carga4,,,,0,0.0,0.0,0.0,0.0,SLEEP_TASK
sql_batch_completed,2026-09-07 05:08:25.935,78.0,SteelNort,USER,carga4,,,,SELECT,2554.0,92.0,0.0,0.0,0
lock_acquired,2026-09-07 05:08:25.935,78.0,0,UNKNOWN,carga4,,,,0,0.0,0.0,0.0,0.0,0
logout,2026-09-07 05:08:28.010,72.0,0,UNKNOWN,carga4,,,,0,0.0,0.0,0.0,0.0,0
logout,2026-09-07 05:08:28.010,74.0,0,UNKNOWN,carga4,,,,0,0.0,0.0,0.0,0.0,0
logout,2026-09-07 05:08:28.010,70.0,0,UNKNOWN,carga4,,,,0,0.0,0.0,0.0,0.0,0
sql_batch_completed,2026-09-07 05:08:28.010,72.0,master,SQL_SERVER_INTERNAL,carga4,,,,TASK MANAGER,194746.0,0.0,0.0,0.0,0
sql_batch_completed,2026-09-07 05:08:28.010,74.0,master,SQL_SERVER_INTERNAL,carga4,,,,TASK MANAGER,484443.0,0.0,0.0,0.0,0
sql_batch_completed,2026-09-07 05:08:28.010,77.0,SteelNort,USER,carga4,,,,EXECUTE,3095.0,1081.0,0.0,0.0,0
sql_batch_completed,2026-09-07 05:08:28.010,70.0,master,SQL_SERVER_INTERNAL,carga4,,,,TASK MANAGER,194765.0,0.0,0.0,0.0,0
lock_released,2026-09-07 05:08:28.010,78.0,0,UNKNOWN,carga4,,,,0,0.0,0.0,0.0,0.0,0
sql_batch_completed,2026-09-07 05:08:30.061,52.0,SteelNort,USER,carga4,,,,EXECUTE,-13.0,0.0,0.0,0.0,0
sql_batch_completed,2026-09-07 05:08:32.080,65.0,SteelNort,USER,carga4,,,,EXECUTE,-19.0,0.0,0.0,0.0,0
sql_batch_completed,2026-09-07 05:08:32.080,77.0,SteelNort,USER,carga4,,,,EXECUTE,0.0,13.0,0.0,0.0,MSQL_XP
sql_batch_completed,2026-09-07 05:08:32.080,52.0,SteelNort,USER,carga4,,,,EXECUTE,2013.0,0.0,0.0,0.0,0
sql_batch_completed,2026-09-07 05:08:34.109,78.0,SteelNort,USER,carga4,,,,SELECT,-22.0,0.0,0.0,0.0,0
sql_batch_completed,2026-09-07 05:08:34.109,65.0,SteelNort,USER,carga4,,,,EXECUTE,2012.0,0.0,0.0,0.0,0
sql_batch_completed,2026-09-07 05:08:34.109,77.0,SteelNort,USER,carga4,,,,EXECUTE,2029.0,13.0,0.0,0.0,0
lock_acquired,2026-09-07 05:08:34.109,78.0,0,UNKNOWN,carga4,,,,0,0.0,0.0,0.0,0.0,0
login,2026-09-07 05:08:36.138,70.0,SteelNort,UNKNOWN,carga4,,,,0,0.0,0.0,0.0,0.0,0
sql_batch_completed,2026-09-07 05:08:36.138,67.0,SteelNort,UNKNOWN,carga4,,,,CONDITIONAL,-25.0,0.0,0.0,0.0,0
sql_batch_completed,2026-09-07 05:08:36.138,77.0,SteelNort,USER,carga4,,,,EXECUTE,311.0,143.0,0.0,0.0,MSQL_XP
sql_batch_completed,2026-09-07 05:08:36.138,78.0,SteelNort,USER,carga4,,,,SELECT,2006.0,0.0,0.0,0.0,0
lock_released,2026-09-07 05:08:36.138,78.0,0,UNKNOWN,carga4,,,,0,0.0,0.0,0.0,0.0,0
logout,2026-09-07 05:08:38.166,70.0,0,UNKNOWN,carga4,,,,0,0.0,0.0,0.0,0.0,0
sql_batch_completed,2026-09-07 05:08:38.166,67.0,SteelNort,UNKNOWN,carga4,,,,CONDITIONAL,2003.0,0.0,0.0,0.0,0
sql_batch_completed,2026-09-07 05:08:38.166,77.0,SteelNort,USER,carga4,,,,EXECUTE,2340.0,143.0,0.0,0.0,0
sql_batch_completed,2026-09-07 05:08:42.210,77.0,SteelNort,USER,carga4,,,,EXECUTE,29.0,29.0,0.0,0.0,MSQL_XP
sql_batch_completed,2026-09-07 05:08:42.210,78.0,SteelNort,USER,carga4,,,,SELECT,0.0,1.0,0.0,0.0,0
sql_batch_completed,2026-09-07 05:08:44.233,77.0,SteelNort,USER,carga4,,,,EXECUTE,2054.0,29.0,0.0,0.0,0
sql_batch_completed,2026-09-07 05:08:44.233,78.0,SteelNort,USER,carga4,,,,SELECT,2025.0,1.0,0.0,0.0,0
login,2026-09-07 05:08:46.260,70.0,SteelNort,UNKNOWN,carga4,,,,0,0.0,0.0,0.0,0.0,0
sql_batch_completed,2026-09-07 05:08:46.260,52.0,SteelNort,USER,carga4,,,,EXECUTE,-7.0,0.0,0.0,0.0,0
sql_batch_completed,2026-09-07 05:08:46.260,77.0,SteelNort,USER,carga4,,,,EXECUTE,269.0,112.0,0.0,0.0,MSQL_XP
logout,2026-09-07 05:08:48.288,70.0,0,UNKNOWN,carga4,,,,0,0.0,0.0,0.0,0.0,0
sql_batch_completed,2026-09-07 05:08:48.288,52.0,SteelNort,USER,carga4,,,,EXECUTE,2017.0,0.0,0.0,0.0,0
sql_batch_completed,2026-09-07 05:08:48.288,77.0,SteelNort,USER,carga4,,,,EXECUTE,2295.0,112.0,0.0,0.0,0
login,2026-09-07 05:08:52.341,70.0,SteelNort,UNKNOWN,carga4,,,,0,0.0,0.0,0.0,0.0,0
sql_batch_completed,2026-09-07 05:08:52.341,77.0,SteelNort,USER,carga4,,,,EXECUTE,96.0,94.0,0.0,0.0,MSQL_XP
logout,2026-09-07 05:08:54.364,70.0,0,UNKNOWN,carga4,,,,0,0.0,0.0,0.0,0.0,0
sql_batch_completed,2026-09-07 05:08:54.364,60.0,SteelNort,USER,carga4,,,,EXECUTE,-23.0,0.0,0.0,0.0,0
sql_batch_completed,2026-09-07 05:08:54.364,67.0,SteelNort,USER,carga4,,,,SELECT,-5.0,7.0,0.0,0.0,0
sql_batch_completed,2026-09-07 05:08:54.364,77.0,SteelNort,USER,carga4,,,,EXECUTE,2151.0,94.0,0.0,0.0,0
sql_batch_completed,2026-09-07 05:08:56.436,63.0,SteelNort,USER,carga4,,,,SELECT,-26.0,2.0,0.0,0.0,0
sql_batch_completed,2026-09-07 05:08:56.436,65.0,SteelNort,USER,carga4,,,,SELECT,11.0,4.0,0.0,0.0,0
sql_batch_completed,2026-09-07 05:08:56.436,67.0,SteelNort,USER,carga4,,,,SELECT,2045.0,7.0,0.0,0.0,0
sql_batch_completed,2026-09-07 05:08:56.436,60.0,SteelNort,USER,carga4,,,,EXECUTE,2039.0,0.0,0.0,0.0,0
login,2026-09-07 05:08:58.468,70.0,SteelNort,UNKNOWN,carga4,,,,0,0.0,0.0,0.0,0.0,0
sql_batch_completed,2026-09-07 05:08:58.468,62.0,SteelNort,UNKNOWN,carga4,,,,AWAITING COMMAND,4.0,0.0,0.0,0.0,0
sql_batch_completed,2026-09-07 05:08:58.468,77.0,SteelNort,USER,carga4,,,,EXECUTE,76.0,99.0,0.0,0.0,MSQL_XP
sql_batch_completed,2026-09-07 05:08:58.468,78.0,SteelNort,USER,carga4,,,,SELECT,13.0,11.0,0.0,0.0,0
sql_batch_completed,2026-09-07 05:08:58.468,65.0,SteelNort,USER,carga4,,,,SELECT,2041.0,4.0,0.0,0.0,0
sql_batch_completed,2026-09-07 05:08:58.468,63.0,SteelNort,USER,carga4,,,,SELECT,2005.0,2.0,0.0,0.0,0
lock_acquired,2026-09-07 05:08:58.468,78.0,0,UNKNOWN,carga4,,,,0,0.0,0.0,0.0,0.0,0
logout,2026-09-07 05:09:00.494,70.0,0,UNKNOWN,carga4,,,,0,0.0,0.0,0.0,0.0,0
wait_info,2026-09-07 05:09:00.494,58.0,master,UNKNOWN,carga4,,,,0,0.0,0.0,0.0,0.0,BROKER_TO_FLUSH
sql_batch_completed,2026-09-07 05:09:00.494,62.0,SteelNort,UNKNOWN,carga4,,,,AWAITING COMMAND,2032.0,0.0,0.0,0.0,0
sql_batch_completed,2026-09-07 05:09:00.494,77.0,SteelNort,USER,carga4,,,,EXECUTE,2104.0,99.0,0.0,0.0,0
sql_batch_completed,2026-09-07 05:09:00.494,78.0,SteelNort,USER,carga4,,,,SELECT,2041.0,11.0,0.0,0.0,0
lock_released,2026-09-07 05:09:00.494,78.0,0,UNKNOWN,carga4,,,,0,0.0,0.0,0.0,0.0,0
lock_acquired,2026-09-07 05:09:02.523,62.0,0,UNKNOWN,carga4,,,,0,0.0,0.0,0.0,0.0,0
lock_acquired,2026-09-07 05:09:02.523,62.0,0,UNKNOWN,carga4,,,,0,0.0,0.0,0.0,0.0,0
lock_acquired,2026-09-07 05:09:02.523,62.0,0,UNKNOWN,carga4,,,,0,0.0,0.0,0.0,0.0,0
lock_acquired,2026-09-07 05:09:02.523,62.0,0,UNKNOWN,carga4,,,,0,0.0,0.0,0.0,0.0,0
lock_released,2026-09-07 05:09:04.558,62.0,0,UNKNOWN,carga4,,,,0,0.0,0.0,0.0,0.0,0
lock_released,2026-09-07 05:09:04.558,62.0,0,UNKNOWN,carga4,,,,0,0.0,0.0,0.0,0.0,0
lock_released,2026-09-07 05:09:04.558,62.0,0,UNKNOWN,carga4,,,,0,0.0,0.0,0.0,0.0,0
lock_released,2026-09-07 05:09:04.558,62.0,0,UNKNOWN,carga4,,,,0,0.0,0.0,0.0,0.0,0
sql_batch_completed,2026-09-07 05:09:08.616,77.0,SteelNort,USER,carga4,,,,EXECUTE,68.0,83.0,0.0,0.0,MSQL_XP
sql_batch_completed,2026-09-07 05:09:10.637,77.0,SteelNort,USER,carga4,,,,EXECUTE,2090.0,83.0,0.0,0.0,0
sql_batch_completed,2026-09-07 05:09:20.762,78.0,SteelNort,USER,carga4,,,,SELECT,7.0,6.0,0.0,0.0,0
sql_batch_completed,2026-09-07 05:09:22.783,78.0,SteelNort,USER,carga4,,,,SELECT,2033.0,6.0,0.0,0.0,0
login,2026-09-07 05:09:24.810,70.0,SteelNort,UNKNOWN,carga4,,,,0,0.0,0.0,0.0,0.0,0
sql_batch_completed,2026-09-07 05:09:24.810,77.0,SteelNort,USER,carga4,,,,EXECUTE,152.0,107.0,0.0,0.0,MSQL_XP
logout,2026-09-07 05:09:26.836,70.0,0,UNKNOWN,carga4,,,,0,0.0,0.0,0.0,0.0,0
sql_batch_completed,2026-09-07 05:09:26.836,77.0,SteelNort,USER,carga4,,,,EXECUTE,2178.0,107.0,0.0,0.0,0
sql_batch_completed,2026-09-07 05:09:28.861,78.0,SteelNort,USER,carga4,,,,SELECT,-4.0,9.0,0.0,0.0,0
sql_batch_completed,2026-09-07 05:09:30.895,78.0,SteelNort,USER,carga4,,,,SELECT,2029.0,9.0,0.0,0.0,0
lock_acquired,2026-09-07 05:09:34.946,68.0,0,UNKNOWN,carga4,,,,0,0.0,0.0,0.0,0.0,0
wait_info,2026-09-07 05:09:37.010,58.0,master,UNKNOWN,carga4,,,,0,0.0,0.0,0.0,0.0,SLEEP_TASK
lock_released,2026-09-07 05:09:37.010,68.0,0,UNKNOWN,carga4,,,,0,0.0,0.0,0.0,0.0,0
login,2026-09-07 05:09:39.043,70.0,SteelNort,UNKNOWN,carga4,,,,0,0.0,0.0,0.0,0.0,0
sql_batch_completed,2026-09-07 05:09:39.043,77.0,SteelNort,USER,carga4,,,,EXECUTE,189.0,126.0,0.0,0.0,MSQL_XP
logout,2026-09-07 05:09:41.073,70.0,0,UNKNOWN,carga4,,,,0,0.0,0.0,0.0,0.0,0
sql_batch_completed,2026-09-07 05:09:41.073,77.0,SteelNort,USER,carga4,,,,EXECUTE,2217.0,126.0,0.0,0.0,0
sql_batch_completed,2026-09-07 05:09:43.097,78.0,SteelNort,USER,carga4,,,,SELECT,-2.0,6.0,0.0,0.0,0
sql_batch_completed,2026-09-07 05:09:45.121,63.0,SteelNort,UNKNOWN,carga4,,,,AWAITING COMMAND,-10.0,0.0,0.0,0.0,0
sql_batch_completed,2026-09-07 05:09:45.121,68.0,SteelNort,UNKNOWN,carga4,,,,SET OPTION ON,-9.0,0.0,0.0,0.0,0
sql_batch_completed,2026-09-07 05:09:45.121,78.0,SteelNort,USER,carga4,,,,SELECT,2022.0,6.0,0.0,0.0,0
sql_batch_completed,2026-09-07 05:09:47.149,68.0,SteelNort,UNKNOWN,carga4,,,,SET OPTION ON,2023.0,0.0,0.0,0.0,0
sql_batch_completed,2026-09-07 05:09:47.149,63.0,SteelNort,UNKNOWN,carga4,,,,AWAITING COMMAND,2024.0,0.0,0.0,0.0,0
sql_batch_completed,2026-09-07 05:09:49.184,77.0,SteelNort,USER,carga4,,,,EXECUTE,62.0,75.0,0.0,0.0,MSQL_XP
sql_batch_completed,2026-09-07 05:09:51.208,77.0,SteelNort,USER,carga4,,,,EXECUTE,2082.0,75.0,0.0,0.0,0
sql_batch_completed,2026-09-07 05:09:53.225,77.0,SteelNort,USER,carga4,,,,EXECUTE,398.0,413.0,0.0,0.0,MSQL_XP
login,2026-09-07 05:09:55.560,70.0,SteelNort,UNKNOWN,carga4,,,,0,0.0,0.0,0.0,0.0,0
wait_info,2026-09-07 05:09:55.560,58.0,master,UNKNOWN,carga4,,,,0,0.0,0.0,0.0,0.0,BROKER_TO_FLUSH
sql_batch_completed,2026-09-07 05:09:55.560,78.0,SteelNort,USER,carga4,,,,SELECT,318.0,152.0,0.0,0.0,0
lock_acquired,2026-09-07 05:09:55.560,78.0,0,UNKNOWN,carga4,,,,0,0.0,0.0,0.0,0.0,0
logout,2026-09-07 05:09:58.810,70.0,0,UNKNOWN,carga4,,,,0,0.0,0.0,0.0,0.0,0
sql_batch_completed,2026-09-07 05:09:58.810,77.0,SteelNort,USER,carga4,,,,EXECUTE,5860.0,1493.0,0.0,0.0,0
sql_batch_completed,2026-09-07 05:09:58.810,78.0,SteelNort,USER,carga4,,,,SELECT,2911.0,152.0,0.0,0.0,0
lock_released,2026-09-07 05:09:58.810,78.0,0,UNKNOWN,carga4,,,,0,0.0,0.0,0.0,0.0,0
wait_info,2026-09-07 05:10:00.835,58.0,master,UNKNOWN,carga4,,,,0,0.0,0.0,0.0,0.0,SLEEP_TASK
sql_batch_completed,2026-09-07 05:10:00.835,77.0,SteelNort,USER,carga4,,,,EXECUTE,1213.0,1255.0,0.0,0.0,MSQL_XP
sql_batch_completed,2026-09-07 05:10:00.835,78.0,SteelNort,USER,carga4,,,,SELECT,-22.0,1.0,0.0,0.0,0
lock_acquired,2026-09-07 05:10:00.835,78.0,0,UNKNOWN,carga4,,,,0,0.0,0.0,0.0,0.0,0
login,2026-09-07 05:10:03.262,70.0,SteelNort,UNKNOWN,carga4,,,,0,0.0,0.0,0.0,0.0,0
login,2026-09-07 05:10:03.262,71.0,SteelNort,UNKNOWN,carga4,,,,0,0.0,0.0,0.0,0.0,0
login,2026-09-07 05:10:03.262,72.0,SteelNort,UNKNOWN,carga4,,,,0,0.0,0.0,0.0,0.0,0
login,2026-09-07 05:10:03.262,73.0,SteelNort,UNKNOWN,carga4,,,,0,0.0,0.0,0.0,0.0,0
login,2026-09-07 05:10:03.262,74.0,SteelNort,UNKNOWN,carga4,,,,0,0.0,0.0,0.0,0.0,0
login,2026-09-07 05:10:03.262,75.0,SteelNort,UNKNOWN,carga4,,,,0,0.0,0.0,0.0,0.0,0
login,2026-09-07 05:10:03.262,79.0,SteelNort,UNKNOWN,carga4,,,,0,0.0,0.0,0.0,0.0,0
login,2026-09-07 05:10:03.262,80.0,SteelNort,UNKNOWN,carga4,,,,0,0.0,0.0,0.0,0.0,0
login,2026-09-07 05:10:03.262,81.0,SteelNort,UNKNOWN,carga4,,,,0,0.0,0.0,0.0,0.0,0
wait_info,2026-09-07 05:10:03.262,58.0,master,UNKNOWN,carga4,,,,0,0.0,0.0,0.0,0.0,BROKER_TO_FLUSH
sql_batch_completed,2026-09-07 05:10:03.262,70.0,master,SQL_SERVER_INTERNAL,carga4,,,,TASK MANAGER,1497.0,0.0,0.0,0.0,0
sql_batch_completed,2026-09-07 05:10:03.262,71.0,master,SQL_SERVER_INTERNAL,carga4,,,,BRKR TASK,1506.0,0.0,0.0,0.0,BROKER_TASK_STOP
sql_batch_completed,2026-09-07 05:10:03.262,72.0,master,SQL_SERVER_INTERNAL,carga4,,,,TASK MANAGER,1514.0,0.0,0.0,0.0,0
sql_batch_completed,2026-09-07 05:10:03.262,73.0,master,SQL_SERVER_INTERNAL,carga4,,,,TASK MANAGER,1523.0,0.0,0.0,0.0,0
sql_batch_completed,2026-09-07 05:10:03.262,74.0,master,SQL_SERVER_INTERNAL,carga4,,,,TASK MANAGER,1536.0,0.0,0.0,0.0,0
sql_batch_completed,2026-09-07 05:10:03.262,75.0,master,SQL_SERVER_INTERNAL,carga4,,,,TASK MANAGER,1512.0,0.0,0.0,0.0,0
sql_batch_completed,2026-09-07 05:10:03.262,79.0,master,SQL_SERVER_INTERNAL,carga4,,,,TASK MANAGER,1546.0,0.0,0.0,0.0,0
sql_batch_completed,2026-09-07 05:10:03.262,80.0,master,SQL_SERVER_INTERNAL,carga4,,,,TASK MANAGER,1617.0,0.0,0.0,0.0,0
sql_batch_completed,2026-09-07 05:10:03.262,81.0,master,SQL_SERVER_INTERNAL,carga4,,,,TASK MANAGER,1644.0,0.0,0.0,0.0,0
sql_batch_completed,2026-09-07 05:10:03.262,78.0,SteelNort,USER,carga4,,,,SELECT,3634.0,1.0,0.0,0.0,0
lock_released,2026-09-07 05:10:03.262,78.0,0,UNKNOWN,carga4,,,,0,0.0,0.0,0.0,0.0,0
wait_info,2026-09-07 05:10:07.132,58.0,master,UNKNOWN,carga4,,,,0,0.0,0.0,0.0,0.0,SLEEP_TASK
sql_batch_completed,2026-09-07 05:10:07.132,66.0,SteelNort,USER,carga4,,,,EXECUTE,0.0,0.0,0.0,0.0,0
sql_batch_completed,2026-09-07 05:10:07.132,77.0,SteelNort,USER,carga4,,,,EXECUTE,3646.0,752.0,0.0,0.0,0
login,2026-09-07 05:10:09.156,82.0,SteelNort,UNKNOWN,carga4,,,,0,0.0,0.0,0.0,0.0,0
sql_batch_completed,2026-09-07 05:10:09.156,77.0,SteelNort,USER,carga4,,,,EXECUTE,1832.0,1243.0,0.0,0.0,MSQL_XP
sql_batch_completed,2026-09-07 05:10:09.156,78.0,SteelNort,USER,carga4,,,,SELECT,-4.0,0.0,0.0,0.0,0
sql_batch_completed,2026-09-07 05:10:09.156,66.0,SteelNort,USER,carga4,,,,EXECUTE,2030.0,0.0,0.0,0.0,0
lock_acquired,2026-09-07 05:10:09.156,78.0,0,UNKNOWN,carga4,,,,0,0.0,0.0,0.0,0.0,0
logout,2026-09-07 05:10:11.180,82.0,0,UNKNOWN,carga4,,,,0,0.0,0.0,0.0,0.0,0
sql_batch_completed,2026-09-07 05:10:11.180,64.0,SteelNort,USER,carga4,,,,SELECT,-9.0,0.0,0.0,0.0,0
sql_batch_completed,2026-09-07 05:10:11.180,77.0,SteelNort,USER,carga4,,,,EXECUTE,3852.0,1243.0,0.0,0.0,0
sql_batch_completed,2026-09-07 05:10:11.180,78.0,SteelNort,USER,carga4,,,,SELECT,2016.0,0.0,0.0,0.0,0
lock_released,2026-09-07 05:10:11.180,78.0,0,UNKNOWN,carga4,,,,0,0.0,0.0,0.0,0.0,0
logout,2026-09-07 05:10:13.204,71.0,0,UNKNOWN,carga4,,,,0,0.0,0.0,0.0,0.0,0
sql_batch_completed,2026-09-07 05:10:13.204,77.0,SteelNort,USER,carga4,,,,EXECUTE,1116.0,1127.0,0.0,0.0,MSQL_XP
sql_batch_completed,2026-09-07 05:10:13.204,64.0,SteelNort,USER,carga4,,,,SELECT,2561.0,0.0,0.0,0.0,0
sql_batch_completed,2026-09-07 05:10:13.204,71.0,master,SQL_SERVER_INTERNAL,carga4,,,,BRKR TASK,10915.0,0.0,0.0,0.0,0
wait_info,2026-09-07 05:10:16.273,58.0,master,UNKNOWN,carga4,,,,0,0.0,0.0,0.0,0.0,BROKER_TO_FLUSH
sql_batch_completed,2026-09-07 05:10:16.273,77.0,SteelNort,USER,carga4,,,,EXECUTE,3738.0,1127.0,0.0,0.0,0
sql_batch_completed,2026-09-07 05:10:18.290,77.0,SteelNort,USER,carga4,,,,EXECUTE,743.0,749.0,0.0,0.0,MSQL_XP
sql_batch_completed,2026-09-07 05:10:18.290,78.0,SteelNort,USER,carga4,,,,SELECT,-8.0,1.0,0.0,0.0,0
wait_info,2026-09-07 05:10:20.673,58.0,master,UNKNOWN,carga4,,,,0,0.0,0.0,0.0,0.0,SLEEP_TASK
sql_batch_completed,2026-09-07 05:10:20.673,77.0,SteelNort,USER,carga4,,,,EXECUTE,3000.0,749.0,0.0,0.0,0
sql_batch_completed,2026-09-07 05:10:20.673,78.0,SteelNort,USER,carga4,,,,SELECT,2241.0,1.0,0.0,0.0,0
login,2026-09-07 05:10:22.687,71.0,SteelNort,UNKNOWN,carga4,,,,0,0.0,0.0,0.0,0.0,0
sql_batch_completed,2026-09-07 05:10:22.687,77.0,SteelNort,USER,carga4,,,,EXECUTE,175.0,90.0,0.0,0.0,MSQL_XP
logout,2026-09-07 05:10:24.706,71.0,0,UNKNOWN,carga4,,,,0,0.0,0.0,0.0,0.0,0
lock_acquired,2026-09-07 05:10:24.706,62.0,0,UNKNOWN,carga4,,,,0,0.0,0.0,0.0,0.0,0
sql_batch_completed,2026-09-07 05:10:26.959,77.0,SteelNort,USER,carga4,,,,EXECUTE,3405.0,1138.0,0.0,0.0,0
lock_released,2026-09-07 05:10:26.959,62.0,0,UNKNOWN,carga4,,,,0,0.0,0.0,0.0,0.0,0
wait_info,2026-09-07 05:10:31.538,58.0,master,UNKNOWN,carga4,,,,0,0.0,0.0,0.0,0.0,BROKER_TO_FLUSH
lock_acquired,2026-09-07 05:10:31.538,60.0,0,UNKNOWN,carga4,,,,0,0.0,0.0,0.0,0.0,0
sql_batch_completed,2026-09-07 05:10:33.559,77.0,SteelNort,USER,carga4,,,,EXECUTE,-14.0,0.0,0.0,0.0,MSQL_XP
lock_released,2026-09-07 05:10:33.559,60.0,0,UNKNOWN,carga4,,,,0,0.0,0.0,0.0,0.0,0
sql_batch_completed,2026-09-07 05:10:35.691,51.0,SteelNort,USER,carga4,,,,EXECUTE,10.0,0.0,0.0,0.0,0
sql_batch_completed,2026-09-07 05:10:35.691,78.0,SteelNort,USER,carga4,,,,SELECT,33.0,5.0,0.0,0.0,0
sql_batch_completed,2026-09-07 05:10:38.427,51.0,SteelNort,USER,carga4,,,,EXECUTE,2059.0,0.0,0.0,0.0,0
sql_batch_completed,2026-09-07 05:10:38.427,77.0,SteelNort,USER,carga4,,,,EXECUTE,3663.0,1685.0,0.0,0.0,0
lock_acquired,2026-09-07 05:10:38.427,78.0,0,UNKNOWN,carga4,,,,0,0.0,0.0,0.0,0.0,0
lock_acquired,2026-09-07 05:10:38.427,67.0,0,UNKNOWN,carga4,,,,0,0.0,0.0,0.0,0.0,0
login,2026-09-07 05:10:40.457,71.0,SteelNort,UNKNOWN,carga4,,,,0,0.0,0.0,0.0,0.0,0
sql_batch_completed,2026-09-07 05:10:40.457,77.0,SteelNort,USER,carga4,,,,EXECUTE,1718.0,1596.0,0.0,0.0,MSQL_XP
sql_batch_completed,2026-09-07 05:10:40.457,78.0,SteelNort,USER,carga4,,,,SELECT,2056.0,2.0,0.0,0.0,0
lock_released,2026-09-07 05:10:40.457,78.0,0,UNKNOWN,carga4,,,,0,0.0,0.0,0.0,0.0,0
lock_released,2026-09-07 05:10:40.457,67.0,0,UNKNOWN,carga4,,,,0,0.0,0.0,0.0,0.0,0
logout,2026-09-07 05:10:42.509,71.0,0,UNKNOWN,carga4,,,,0,0.0,0.0,0.0,0.0,0
sql_batch_completed,2026-09-07 05:10:42.509,52.0,SteelNort,USER,carga4,,,,SELECT,-24.0,0.0,0.0,0.0,0
sql_batch_completed,2026-09-07 05:10:42.509,77.0,SteelNort,USER,carga4,,,,EXECUTE,3739.0,1596.0,0.0,0.0,0
sql_batch_completed,2026-09-07 05:10:44.526,52.0,SteelNort,USER,carga4,,,,SELECT,1989.0,0.0,0.0,0.0,0
login,2026-09-07 05:10:46.543,71.0,SteelNort,UNKNOWN,carga4,,,,0,0.0,0.0,0.0,0.0,0
wait_info,2026-09-07 05:10:46.543,58.0,master,UNKNOWN,carga4,,,,0,0.0,0.0,0.0,0.0,SLEEP_TASK
sql_batch_completed,2026-09-07 05:10:46.543,77.0,SteelNort,USER,carga4,,,,EXECUTE,126.0,93.0,0.0,0.0,MSQL_XP
logout,2026-09-07 05:10:48.567,71.0,0,UNKNOWN,carga4,,,,0,0.0,0.0,0.0,0.0,0
sql_batch_completed,2026-09-07 05:10:48.567,78.0,SteelNort,USER,carga4,,,,SELECT,60.0,17.0,0.0,0.0,0
login,2026-09-07 05:10:52.034,71.0,SteelNort,UNKNOWN,carga4,,,,0,0.0,0.0,0.0,0.0,0
wait_info,2026-09-07 05:10:52.034,58.0,master,UNKNOWN,carga4,,,,0,0.0,0.0,0.0,0.0,BROKER_TO_FLUSH
lock_acquired,2026-09-07 05:10:52.034,78.0,0,UNKNOWN,carga4,,,,0,0.0,0.0,0.0,0.0,0
logout,2026-09-07 05:10:54.812,71.0,0,UNKNOWN,carga4,,,,0,0.0,0.0,0.0,0.0,0
sql_batch_completed,2026-09-07 05:10:54.812,52.0,SteelNort,UNKNOWN,carga4,,,,AWAITING COMMAND,-18.0,0.0,0.0,0.0,0
wait_info,2026-09-07 05:10:54.812,58.0,master,UNKNOWN,carga4,,,,0,0.0,0.0,0.0,0.0,SLEEP_TASK
sql_batch_completed,2026-09-07 05:10:54.812,78.0,SteelNort,USER,carga4,,,,SELECT,2632.0,119.0,0.0,0.0,0
lock_released,2026-09-07 05:10:54.812,78.0,0,UNKNOWN,carga4,,,,0,0.0,0.0,0.0,0.0,0
sql_batch_completed,2026-09-07 05:10:56.992,64.0,SteelNort,UNKNOWN,carga4,,,,AWAITING COMMAND,-16.0,0.0,0.0,0.0,0
sql_batch_completed,2026-09-07 05:10:56.992,78.0,SteelNort,USER,carga4,,,,SELECT,-8.0,6.0,0.0,0.0,0
sql_batch_completed,2026-09-07 05:10:56.992,52.0,SteelNort,UNKNOWN,carga4,,,,AWAITING COMMAND,2136.0,0.0,0.0,0.0,0
sql_batch_completed,2026-09-07 05:10:56.992,77.0,SteelNort,USER,carga4,,,,EXECUTE,3123.0,1019.0,0.0,0.0,0
sql_batch_completed,2026-09-07 05:10:59.023,64.0,SteelNort,UNKNOWN,carga4,,,,AWAITING COMMAND,2013.0,0.0,0.0,0.0,0
sql_batch_completed,2026-09-07 05:10:59.023,78.0,SteelNort,USER,carga4,,,,SELECT,2021.0,6.0,0.0,0.0,0
sql_batch_completed,2026-09-07 05:11:03.090,60.0,SteelNort,UNKNOWN,carga4,,,,AWAITING COMMAND,-1.0,0.0,0.0,0.0,0
sql_batch_completed,2026-09-07 05:11:05.119,77.0,SteelNort,USER,carga4,,,,EXECUTE,12.0,14.0,0.0,0.0,MSQL_XP
sql_batch_completed,2026-09-07 05:11:05.119,60.0,SteelNort,UNKNOWN,carga4,,,,AWAITING COMMAND,2024.0,0.0,0.0,0.0,0
sql_batch_completed,2026-09-07 05:11:07.147,64.0,SteelNort,USER,carga4,,,,EXECUTE,-7.0,0.0,0.0,0.0,0
sql_batch_completed,2026-09-07 05:11:07.147,77.0,SteelNort,USER,carga4,,,,EXECUTE,2046.0,14.0,0.0,0.0,0
login,2026-09-07 05:11:09.179,71.0,SteelNort,UNKNOWN,carga4,,,,0,0.0,0.0,0.0,0.0,0
sql_batch_completed,2026-09-07 05:11:09.179,77.0,SteelNort,USER,carga4,,,,EXECUTE,172.0,118.0,0.0,0.0,MSQL_XP
sql_batch_completed,2026-09-07 05:11:09.179,64.0,SteelNort,USER,carga4,,,,EXECUTE,2024.0,0.0,0.0,0.0,0
logout,2026-09-07 05:11:11.209,71.0,0,UNKNOWN,carga4,,,,0,0.0,0.0,0.0,0.0,0
sql_batch_completed,2026-09-07 05:11:11.209,65.0,SteelNort,USER,carga4,,,,EXECUTE,-18.0,0.0,0.0,0.0,0
sql_batch_completed,2026-09-07 05:11:11.209,77.0,SteelNort,USER,carga4,,,,EXECUTE,2202.0,118.0,0.0,0.0,0
sql_batch_completed,2026-09-07 05:11:13.233,52.0,SteelNort,UNKNOWN,carga4,,,,AWAITING COMMAND,-17.0,0.0,0.0,0.0,0
sql_batch_completed,2026-09-07 05:11:13.233,65.0,SteelNort,USER,carga4,,,,EXECUTE,2003.0,0.0,0.0,0.0,0
sql_batch_completed,2026-09-07 05:11:15.258,67.0,SteelNort,UNKNOWN,carga4,,,,SET OPTION OFF,-28.0,0.0,0.0,0.0,0
sql_batch_completed,2026-09-07 05:11:15.258,52.0,SteelNort,UNKNOWN,carga4,,,,AWAITING COMMAND,2010.0,0.0,0.0,0.0,0
sql_batch_completed,2026-09-07 05:11:17.284,67.0,SteelNort,UNKNOWN,carga4,,,,SET OPTION OFF,1999.0,0.0,0.0,0.0,0
login,2026-09-07 05:11:19.319,71.0,SteelNort,UNKNOWN,carga4,,,,0,0.0,0.0,0.0,0.0,0
wait_info,2026-09-07 05:11:19.319,58.0,master,UNKNOWN,carga4,,,,0,0.0,0.0,0.0,0.0,BROKER_TO_FLUSH
sql_batch_completed,2026-09-07 05:11:19.319,68.0,SteelNort,USER,carga4,,,,EXECUTE,3.0,0.0,0.0,0.0,0
sql_batch_completed,2026-09-07 05:11:19.319,77.0,SteelNort,USER,carga4,,,,EXECUTE,132.0,125.0,0.0,0.0,MSQL_XP
sql_batch_completed,2026-09-07 05:11:19.319,78.0,SteelNort,USER,carga4,,,,SELECT,10.0,1.0,0.0,0.0,0
logout,2026-09-07 05:11:21.347,71.0,0,UNKNOWN,carga4,,,,0,0.0,0.0,0.0,0.0,0
sql_batch_completed,2026-09-07 05:11:21.347,68.0,SteelNort,USER,carga4,,,,EXECUTE,2029.0,0.0,0.0,0.0,0
sql_batch_completed,2026-09-07 05:11:21.347,77.0,SteelNort,USER,carga4,,,,EXECUTE,2158.0,125.0,0.0,0.0,0
sql_batch_completed,2026-09-07 05:11:21.347,78.0,SteelNort,USER,carga4,,,,SELECT,2035.0,1.0,0.0,0.0,0
sql_batch_completed,2026-09-07 05:11:29.462,66.0,SteelNort,USER,carga4,,,,EXECUTE,-1.0,0.0,0.0,0.0,0
sql_batch_completed,2026-09-07 05:11:29.462,77.0,SteelNort,USER,carga4,,,,EXECUTE,479.0,458.0,0.0,0.0,MSQL_XP
wait_info,2026-09-07 05:11:32.025,58.0,master,UNKNOWN,carga4,,,,0,0.0,0.0,0.0,0.0,SLEEP_TASK
sql_batch_completed,2026-09-07 05:11:32.025,78.0,SteelNort,USER,carga4,,,,SELECT,348.0,18.0,0.0,0.0,0
sql_batch_completed,2026-09-07 05:11:32.025,66.0,SteelNort,USER,carga4,,,,EXECUTE,3294.0,0.0,0.0,0.0,0
sql_batch_completed,2026-09-07 05:11:35.160,66.0,SteelNort,UNKNOWN,carga4,,,,AWAITING COMMAND,-9.0,0.0,0.0,0.0,0
sql_batch_completed,2026-09-07 05:11:35.160,77.0,SteelNort,USER,carga4,,,,EXECUTE,3598.0,845.0,0.0,0.0,0
sql_batch_completed,2026-09-07 05:11:35.160,78.0,SteelNort,USER,carga4,,,,SELECT,2786.0,18.0,0.0,0.0,0
login,2026-09-07 05:11:37.180,71.0,SteelNort,UNKNOWN,carga4,,,,0,0.0,0.0,0.0,0.0,0
wait_info,2026-09-07 05:11:37.180,58.0,master,UNKNOWN,carga4,,,,0,0.0,0.0,0.0,0.0,BROKER_TO_FLUSH
sql_batch_completed,2026-09-07 05:11:37.180,64.0,SteelNort,USER,carga4,,,,EXECUTE,-15.0,0.0,0.0,0.0,0
sql_batch_completed,2026-09-07 05:11:37.180,77.0,SteelNort,USER,carga4,,,,EXECUTE,1518.0,1560.0,0.0,0.0,MSQL_XP
sql_batch_completed,2026-09-07 05:11:37.180,78.0,SteelNort,USER,carga4,,,,SELECT,-8.0,4.0,0.0,0.0,0
sql_batch_completed,2026-09-07 05:11:37.180,66.0,SteelNort,UNKNOWN,carga4,,,,AWAITING COMMAND,2022.0,0.0,0.0,0.0,0
lock_acquired,2026-09-07 05:11:37.180,68.0,0,UNKNOWN,carga4,,,,0,0.0,0.0,0.0,0.0,0
lock_acquired,2026-09-07 05:11:37.180,68.0,0,UNKNOWN,carga4,,,,0,0.0,0.0,0.0,0.0,0
lock_acquired,2026-09-07 05:11:37.180,68.0,0,UNKNOWN,carga4,,,,0,0.0,0.0,0.0,0.0,0
lock_acquired,2026-09-07 05:11:37.180,68.0,0,UNKNOWN,carga4,,,,0,0.0,0.0,0.0,0.0,0
lock_acquired,2026-09-07 05:11:37.180,78.0,0,UNKNOWN,carga4,,,,0,0.0,0.0,0.0,0.0,0
logout,2026-09-07 05:11:39.215,71.0,0,UNKNOWN,carga4,,,,0,0.0,0.0,0.0,0.0,0
sql_batch_completed,2026-09-07 05:11:39.215,66.0,SteelNort,UNKNOWN,carga4,,,,AWAITING COMMAND,-7.0,0.0,0.0,0.0,0
sql_batch_completed,2026-09-07 05:11:39.215,64.0,SteelNort,USER,carga4,,,,EXECUTE,2023.0,0.0,0.0,0.0,0
sql_batch_completed,2026-09-07 05:11:39.215,77.0,SteelNort,USER,carga4,,,,EXECUTE,3556.0,1560.0,0.0,0.0,0
sql_batch_completed,2026-09-07 05:11:39.215,78.0,SteelNort,USER,carga4,,,,SELECT,2030.0,4.0,0.0,0.0,0
lock_released,2026-09-07 05:11:39.215,78.0,0,UNKNOWN,carga4,,,,0,0.0,0.0,0.0,0.0,0
sql_batch_completed,2026-09-07 05:11:41.252,78.0,SteelNort,USER,carga4,,,,SELECT,0.0,17.0,0.0,0.0,0
sql_batch_completed,2026-09-07 05:11:41.252,66.0,SteelNort,UNKNOWN,carga4,,,,AWAITING COMMAND,2276.0,0.0,0.0,0.0,0
lock_released,2026-09-07 05:11:41.252,68.0,0,UNKNOWN,carga4,,,,0,0.0,0.0,0.0,0.0,0
lock_released,2026-09-07 05:11:41.252,68.0,0,UNKNOWN,carga4,,,,0,0.0,0.0,0.0,0.0,0
lock_released,2026-09-07 05:11:41.252,68.0,0,UNKNOWN,carga4,,,,0,0.0,0.0,0.0,0.0,0
lock_released,2026-09-07 05:11:41.252,68.0,0,UNKNOWN,carga4,,,,0,0.0,0.0,0.0,0.0,0
login,2026-09-07 05:11:44.339,71.0,SteelNort,UNKNOWN,carga4,,,,0,0.0,0.0,0.0,0.0,0
wait_info,2026-09-07 05:11:44.339,58.0,master,UNKNOWN,carga4,,,,0,0.0,0.0,0.0,0.0,SLEEP_TASK
sql_batch_completed,2026-09-07 05:11:44.339,77.0,SteelNort,USER,carga4,,,,EXECUTE,2661.0,1877.0,0.0,0.0,MSQL_XP
sql_batch_completed,2026-09-07 05:11:44.339,78.0,SteelNort,USER,carga4,,,,SELECT,2922.0,17.0,0.0,0.0,0
lock_acquired,2026-09-07 05:11:44.339,78.0,0,UNKNOWN,carga4,,,,0,0.0,0.0,0.0,0.0,0
logout,2026-09-07 05:11:48.963,71.0,0,UNKNOWN,carga4,,,,0,0.0,0.0,0.0,0.0,0
wait_info,2026-09-07 05:11:48.963,58.0,master,UNKNOWN,carga4,,,,0,0.0,0.0,0.0,0.0,BROKER_TO_FLUSH
sql_batch_completed,2026-09-07 05:11:48.963,77.0,SteelNort,USER,carga4,,,,EXECUTE,4185.0,1069.0,0.0,0.0,0
lock_released,2026-09-07 05:11:48.963,78.0,0,UNKNOWN,carga4,,,,0,0.0,0.0,0.0,0.0,0
wait_info,2026-09-07 05:11:52.460,58.0,master,UNKNOWN,carga4,,,,0,0.0,0.0,0.0,0.0,SLEEP_TASK
sql_batch_completed,2026-09-07 05:11:52.460,77.0,SteelNort,USER,carga4,,,,EXECUTE,2373.0,1239.0,0.0,0.0,MSQL_XP
sql_batch_completed,2026-09-07 05:11:56.832,60.0,SteelNort,USER,carga4,,,,EXECUTE,-25.0,0.0,0.0,0.0,0
sql_batch_completed,2026-09-07 05:11:56.832,77.0,SteelNort,USER,carga4,,,,EXECUTE,5146.0,1239.0,0.0,0.0,0
wait_info,2026-09-07 05:11:58.865,81.0,master,UNKNOWN,carga4,,,,0,0.0,0.0,0.0,0.0,SLEEP_TASK
sql_batch_completed,2026-09-07 05:11:58.865,60.0,SteelNort,USER,carga4,,,,EXECUTE,2005.0,0.0,0.0,0.0,0
login,2026-09-07 05:12:04.935,71.0,SteelNort,UNKNOWN,carga4,,,,0,0.0,0.0,0.0,0.0,0
sql_batch_completed,2026-09-07 05:12:04.935,66.0,SteelNort,UNKNOWN,carga4,,,,AWAITING COMMAND,-3.0,0.0,0.0,0.0,0
sql_batch_completed,2026-09-07 05:12:04.935,77.0,SteelNort,USER,carga4,,,,EXECUTE,105.0,98.0,0.0,0.0,MSQL_XP
logout,2026-09-07 05:12:06.988,71.0,0,UNKNOWN,carga4,,,,0,0.0,0.0,0.0,0.0,0
sql_batch_completed,2026-09-07 05:12:06.988,66.0,SteelNort,UNKNOWN,carga4,,,,AWAITING COMMAND,2048.0,0.0,0.0,0.0,0
sql_batch_completed,2026-09-07 05:12:06.988,77.0,SteelNort,USER,carga4,,,,EXECUTE,2149.0,98.0,0.0,0.0,0
wait_info,2026-09-07 05:12:09.011,58.0,master,UNKNOWN,carga4,,,,0,0.0,0.0,0.0,0.0,BROKER_TO_FLUSH
sql_batch_completed,2026-09-07 05:12:15.078,77.0,SteelNort,USER,carga4,,,,EXECUTE,19.0,38.0,0.0,0.0,MSQL_XP
sql_batch_completed,2026-09-07 05:12:17.102,51.0,SteelNort,UNKNOWN,carga4,,,,AWAITING COMMAND,-28.0,0.0,0.0,0.0,0
sql_batch_completed,2026-09-07 05:12:17.102,78.0,SteelNort,USER,carga4,,,,SELECT,-16.0,8.0,0.0,0.0,0
sql_batch_completed,2026-09-07 05:12:17.102,77.0,SteelNort,USER,carga4,,,,EXECUTE,2051.0,38.0,0.0,0.0,0
lock_acquired,2026-09-07 05:12:17.102,66.0,0,UNKNOWN,carga4,,,,0,0.0,0.0,0.0,0.0,0
lock_acquired,2026-09-07 05:12:17.102,66.0,0,UNKNOWN,carga4,,,,0,0.0,0.0,0.0,0.0,0
lock_acquired,2026-09-07 05:12:17.102,66.0,0,UNKNOWN,carga4,,,,0,0.0,0.0,0.0,0.0,0
lock_acquired,2026-09-07 05:12:17.102,66.0,0,UNKNOWN,carga4,,,,0,0.0,0.0,0.0,0.0,0
sql_batch_completed,2026-09-07 05:12:19.147,68.0,SteelNort,UNKNOWN,carga4,,,,AWAITING COMMAND,4.0,0.0,0.0,0.0,0
sql_batch_completed,2026-09-07 05:12:19.147,51.0,SteelNort,UNKNOWN,carga4,,,,AWAITING COMMAND,2012.0,0.0,0.0,0.0,0
sql_batch_completed,2026-09-07 05:12:19.147,78.0,SteelNort,USER,carga4,,,,SELECT,2023.0,8.0,0.0,0.0,0
lock_released,2026-09-07 05:12:19.147,66.0,0,UNKNOWN,carga4,,,,0,0.0,0.0,0.0,0.0,0
lock_released,2026-09-07 05:12:19.147,66.0,0,UNKNOWN,carga4,,,,0,0.0,0.0,0.0,0.0,0
lock_released,2026-09-07 05:12:19.147,66.0,0,UNKNOWN,carga4,,,,0,0.0,0.0,0.0,0.0,0
lock_released,2026-09-07 05:12:19.147,66.0,0,UNKNOWN,carga4,,,,0,0.0,0.0,0.0,0.0,0
sql_batch_completed,2026-09-07 05:12:21.177,62.0,SteelNort,UNKNOWN,carga4,,,,AWAITING COMMAND,2.0,0.0,0.0,0.0,0
sql_batch_completed,2026-09-07 05:12:21.177,68.0,SteelNort,UNKNOWN,carga4,,,,AWAITING COMMAND,2040.0,0.0,0.0,0.0,0
sql_batch_completed,2026-09-07 05:12:23.210,66.0,SteelNort,USER,carga4,,,,SELECT,-7.0,0.0,0.0,0.0,0
sql_batch_completed,2026-09-07 05:12:23.210,68.0,SteelNort,UNKNOWN,carga4,,,,AWAITING COMMAND,-5.0,0.0,0.0,0.0,0
sql_batch_completed,2026-09-07 05:12:23.210,62.0,SteelNort,UNKNOWN,carga4,,,,AWAITING COMMAND,2035.0,0.0,0.0,0.0,0
login,2026-09-07 05:12:25.244,71.0,SteelNort,UNKNOWN,carga4,,,,0,0.0,0.0,0.0,0.0,0
sql_batch_completed,2026-09-07 05:12:25.244,77.0,SteelNort,USER,carga4,,,,EXECUTE,187.0,121.0,0.0,0.0,MSQL_XP
sql_batch_completed,2026-09-07 05:12:25.244,66.0,SteelNort,USER,carga4,,,,SELECT,2028.0,0.0,0.0,0.0,0
sql_batch_completed,2026-09-07 05:12:25.244,68.0,SteelNort,UNKNOWN,carga4,,,,AWAITING COMMAND,2030.0,0.0,0.0,0.0,0
logout,2026-09-07 05:12:27.272,71.0,0,UNKNOWN,carga4,,,,0,0.0,0.0,0.0,0.0,0
sql_batch_completed,2026-09-07 05:12:27.272,77.0,SteelNort,USER,carga4,,,,EXECUTE,2214.0,121.0,0.0,0.0,0
sql_batch_completed,2026-09-07 05:12:33.369,51.0,SteelNort,UNKNOWN,carga4,,,,AWAITING COMMAND,42.0,6.0,0.0,0.0,0
wait_info,2026-09-07 05:12:33.369,58.0,master,UNKNOWN,carga4,,,,0,0.0,0.0,0.0,0.0,SLEEP_TASK
sql_batch_completed,2026-09-07 05:12:33.369,77.0,SteelNort,USER,carga4,,,,EXECUTE,1742.0,1619.0,0.0,0.0,MSQL_XP
sql_batch_completed,2026-09-07 05:12:33.369,78.0,SteelNort,USER,carga4,,,,SELECT,271.0,91.0,0.0,0.0,0
wait_info,2026-09-07 05:12:36.421,58.0,master,UNKNOWN,carga4,,,,0,0.0,0.0,0.0,0.0,BROKER_TO_FLUSH
sql_batch_completed,2026-09-07 05:12:36.421,51.0,SteelNort,UNKNOWN,carga4,,,,AWAITING COMMAND,2780.0,6.0,0.0,0.0,0
sql_batch_completed,2026-09-07 05:12:36.421,77.0,SteelNort,USER,carga4,,,,EXECUTE,4511.0,1619.0,0.0,0.0,0
sql_batch_completed,2026-09-07 05:12:36.421,78.0,SteelNort,USER,carga4,,,,SELECT,3200.0,91.0,0.0,0.0,0
login,2026-09-07 05:12:39.982,71.0,SteelNort,UNKNOWN,carga4,,,,0,0.0,0.0,0.0,0.0,0
wait_info,2026-09-07 05:12:39.982,58.0,master,UNKNOWN,carga4,,,,0,0.0,0.0,0.0,0.0,SLEEP_TASK
sql_batch_completed,2026-09-07 05:12:39.982,64.0,SteelNort,USER,carga4,,,,EXECUTE,1.0,0.0,0.0,0.0,0
logout,2026-09-07 05:12:42.272,71.0,0,UNKNOWN,carga4,,,,0,0.0,0.0,0.0,0.0,0
sql_batch_completed,2026-09-07 05:12:42.272,77.0,SteelNort,USER,carga4,,,,EXECUTE,39.0,19.0,0.0,0.0,MSQL_XP
sql_batch_completed,2026-09-07 05:12:42.272,64.0,SteelNort,USER,carga4,,,,EXECUTE,2229.0,0.0,0.0,0.0,0
login,2026-09-07 05:12:44.983,71.0,SteelNort,UNKNOWN,carga4,,,,0,0.0,0.0,0.0,0.0,0
wait_info,2026-09-07 05:12:44.983,58.0,master,UNKNOWN,carga4,,,,0,0.0,0.0,0.0,0.0,BROKER_TO_FLUSH
sql_batch_completed,2026-09-07 05:12:44.983,66.0,SteelNort,UNKNOWN,carga4,,,,AWAITING COMMAND,-6.0,2.0,0.0,0.0,0
sql_batch_completed,2026-09-07 05:12:44.983,78.0,SteelNort,USER,carga4,,,,SELECT,150.0,84.0,0.0,0.0,0
lock_acquired,2026-09-07 05:12:44.983,78.0,0,UNKNOWN,carga4,,,,0,0.0,0.0,0.0,0.0,0
logout,2026-09-07 05:12:47.758,71.0,0,UNKNOWN,carga4,,,,0,0.0,0.0,0.0,0.0,0
wait_info,2026-09-07 05:12:47.758,58.0,master,UNKNOWN,carga4,,,,0,0.0,0.0,0.0,0.0,SLEEP_TASK
sql_batch_completed,2026-09-07 05:12:47.758,66.0,SteelNort,UNKNOWN,carga4,,,,AWAITING COMMAND,2569.0,2.0,0.0,0.0,0
sql_batch_completed,2026-09-07 05:12:47.758,77.0,SteelNort,USER,carga4,,,,EXECUTE,5342.0,1482.0,0.0,0.0,0
sql_batch_completed,2026-09-07 05:12:47.758,78.0,SteelNort,USER,carga4,,,,SELECT,2700.0,84.0,0.0,0.0,0
lock_released,2026-09-07 05:12:47.758,78.0,0,UNKNOWN,carga4,,,,0,0.0,0.0,0.0,0.0,0
sql_batch_completed,2026-09-07 05:12:49.778,77.0,SteelNort,USER,carga4,,,,EXECUTE,35.0,55.0,0.0,0.0,MSQL_XP
sql_batch_completed,2026-09-07 05:12:51.794,77.0,SteelNort,USER,carga4,,,,EXECUTE,2054.0,55.0,0.0,0.0,0
login,2026-09-07 05:12:55.845,71.0,SteelNort,UNKNOWN,carga4,,,,0,0.0,0.0,0.0,0.0,0
sql_batch_completed,2026-09-07 05:12:55.845,77.0,SteelNort,USER,carga4,,,,EXECUTE,149.0,112.0,0.0,0.0,MSQL_XP
logout,2026-09-07 05:12:57.906,71.0,0,UNKNOWN,carga4,,,,0,0.0,0.0,0.0,0.0,0
sql_batch_completed,2026-09-07 05:12:57.906,65.0,SteelNort,UNKNOWN,carga4,,,,CONDITIONAL,176.0,46.0,0.0,0.0,0
sql_batch_completed,2026-09-07 05:12:57.906,67.0,SteelNort,USER,carga4,,,,EXECUTE,180.0,30.0,0.0,0.0,0
sql_batch_completed,2026-09-07 05:12:57.906,78.0,SteelNort,USER,carga4,,,,SELECT,462.0,368.0,0.0,0.0,0
wait_info,2026-09-07 05:13:00.689,58.0,master,UNKNOWN,carga4,,,,0,0.0,0.0,0.0,0.0,BROKER_TO_FLUSH
sql_batch_completed,2026-09-07 05:13:00.689,65.0,SteelNort,UNKNOWN,carga4,,,,CONDITIONAL,2483.0,46.0,0.0,0.0,0
sql_batch_completed,2026-09-07 05:13:00.689,67.0,SteelNort,USER,carga4,,,,EXECUTE,2404.0,30.0,0.0,0.0,0
sql_batch_completed,2026-09-07 05:13:00.689,78.0,SteelNort,USER,carga4,,,,SELECT,2678.0,368.0,0.0,0.0,0
sql_batch_completed,2026-09-07 05:13:02.906,51.0,SteelNort,USER,carga4,,,,SELECT,53.0,5.0,0.0,0.0,0
sql_batch_completed,2026-09-07 05:13:02.906,78.0,SteelNort,USER,carga4,,,,SELECT,453.0,203.0,0.0,0.0,0
wait_info,2026-09-07 05:13:05.711,58.0,master,UNKNOWN,carga4,,,,0,0.0,0.0,0.0,0.0,SLEEP_TASK
sql_batch_completed,2026-09-07 05:13:05.711,51.0,SteelNort,USER,carga4,,,,SELECT,2922.0,5.0,0.0,0.0,0
sql_batch_completed,2026-09-07 05:13:05.711,77.0,SteelNort,USER,carga4,,,,EXECUTE,4083.0,1033.0,0.0,0.0,0
logout,2026-09-07 05:13:08.903,73.0,0,UNKNOWN,carga4,,,,0,0.0,0.0,0.0,0.0,0
wait_info,2026-09-07 05:13:08.903,58.0,master,UNKNOWN,carga4,,,,0,0.0,0.0,0.0,0.0,BROKER_TO_FLUSH
sql_batch_completed,2026-09-07 05:13:08.903,73.0,master,SQL_SERVER_INTERNAL,carga4,,,,TASK MANAGER,185991.0,0.0,0.0,0.0,0
sql_batch_completed,2026-09-07 05:13:08.903,78.0,SteelNort,USER,carga4,,,,SELECT,3189.0,67.0,0.0,0.0,0
logout,2026-09-07 05:13:12.967,80.0,0,UNKNOWN,carga4,,,,0,0.0,0.0,0.0,0.0,0
logout,2026-09-07 05:13:12.967,70.0,0,UNKNOWN,carga4,,,,0,0.0,0.0,0.0,0.0,0
sql_batch_completed,2026-09-07 05:13:12.967,80.0,master,SQL_SERVER_INTERNAL,carga4,,,,TASK MANAGER,190015.0,0.0,0.0,0.0,0
sql_batch_completed,2026-09-07 05:13:12.967,70.0,master,SQL_SERVER_INTERNAL,carga4,,,,TASK MANAGER,190052.0,0.0,0.0,0.0,0
login,2026-09-07 05:13:17.019,70.0,SteelNort,UNKNOWN,carga4,,,,0,0.0,0.0,0.0,0.0,0
logout,2026-09-07 05:13:17.019,72.0,0,UNKNOWN,carga4,,,,0,0.0,0.0,0.0,0.0,0
logout,2026-09-07 05:13:17.019,81.0,0,UNKNOWN,carga4,,,,0,0.0,0.0,0.0,0.0,0
logout,2026-09-07 05:13:17.019,74.0,0,UNKNOWN,carga4,,,,0,0.0,0.0,0.0,0.0,0
logout,2026-09-07 05:13:17.019,79.0,0,UNKNOWN,carga4,,,,0,0.0,0.0,0.0,0.0,0
sql_batch_completed,2026-09-07 05:13:17.019,77.0,SteelNort,USER,carga4,,,,EXECUTE,180.0,113.0,0.0,0.0,MSQL_XP
sql_batch_completed,2026-09-07 05:13:17.019,72.0,master,SQL_SERVER_INTERNAL,carga4,,,,TASK MANAGER,194116.0,0.0,0.0,0.0,0
sql_batch_completed,2026-09-07 05:13:17.019,81.0,master,SQL_SERVER_INTERNAL,carga4,,,,TASK MANAGER,194077.0,0.0,0.0,0.0,0
sql_batch_completed,2026-09-07 05:13:17.019,74.0,master,SQL_SERVER_INTERNAL,carga4,,,,TASK MANAGER,194118.0,0.0,0.0,0.0,0
sql_batch_completed,2026-09-07 05:13:17.019,79.0,master,SQL_SERVER_INTERNAL,carga4,,,,TASK MANAGER,194083.0,0.0,0.0,0.0,0
logout,2026-09-07 05:13:19.060,70.0,0,UNKNOWN,carga4,,,,0,0.0,0.0,0.0,0.0,0
sql_batch_completed,2026-09-07 05:13:19.060,77.0,SteelNort,USER,carga4,,,,EXECUTE,2210.0,113.0,0.0,0.0,0
logout,2026-09-07 05:13:21.085,75.0,0,UNKNOWN,carga4,,,,0,0.0,0.0,0.0,0.0,0
sql_batch_completed,2026-09-07 05:13:21.085,60.0,SteelNort,USER,carga4,,,,EXECUTE,-18.0,0.0,0.0,0.0,0
sql_batch_completed,2026-09-07 05:13:21.085,75.0,master,SQL_SERVER_INTERNAL,carga4,,,,TASK MANAGER,198139.0,0.0,0.0,0.0,0
sql_batch_completed,2026-09-07 05:13:23.113,60.0,SteelNort,USER,carga4,,,,EXECUTE,2002.0,0.0,0.0,0.0,0
sql_batch_completed,2026-09-07 05:13:29.181,51.0,SteelNort,UNKNOWN,carga4,,,,CONDITIONAL,69.0,81.0,0.0,0.0,0
wait_info,2026-09-07 05:13:29.181,58.0,master,UNKNOWN,carga4,,,,0,0.0,0.0,0.0,0.0,SLEEP_TASK
sql_batch_completed,2026-09-07 05:13:29.181,77.0,SteelNort,USER,carga4,,,,EXECUTE,1642.0,1686.0,0.0,0.0,MSQL_XP
sql_batch_completed,2026-09-07 05:13:32.125,64.0,SteelNort,USER,carga4,,,,SELECT,0.0,0.0,0.0,0.0,0
sql_batch_completed,2026-09-07 05:13:32.125,51.0,SteelNort,UNKNOWN,carga4,,,,CONDITIONAL,2143.0,81.0,0.0,0.0,0
sql_batch_completed,2026-09-07 05:13:32.125,77.0,SteelNort,USER,carga4,,,,EXECUTE,3701.0,1686.0,0.0,0.0,0
sql_batch_completed,2026-09-07 05:13:34.149,60.0,SteelNort,USER,carga4,,,,EXECUTE,-2.0,1.0,0.0,0.0,0
sql_batch_completed,2026-09-07 05:13:34.149,64.0,SteelNort,USER,carga4,,,,SELECT,2025.0,0.0,0.0,0.0,0
login,2026-09-07 05:13:36.172,70.0,SteelNort,UNKNOWN,carga4,,,,0,0.0,0.0,0.0,0.0,0
sql_batch_completed,2026-09-07 05:13:36.172,77.0,SteelNort,USER,carga4,,,,EXECUTE,89.0,74.0,0.0,0.0,MSQL_XP
sql_batch_completed,2026-09-07 05:13:36.172,60.0,SteelNort,USER,carga4,,,,EXECUTE,2020.0,1.0,0.0,0.0,0
logout,2026-09-07 05:13:38.203,70.0,0,UNKNOWN,carga4,,,,0,0.0,0.0,0.0,0.0,0
wait_info,2026-09-07 05:13:38.203,58.0,master,UNKNOWN,carga4,,,,0,0.0,0.0,0.0,0.0,BROKER_TO_FLUSH
sql_batch_completed,2026-09-07 05:13:38.203,78.0,SteelNort,USER,carga4,,,,SELECT,6.0,9.0,0.0,0.0,0
sql_batch_completed,2026-09-07 05:13:38.203,77.0,SteelNort,USER,carga4,,,,EXECUTE,2161.0,74.0,0.0,0.0,0
lock_acquired,2026-09-07 05:13:38.203,78.0,0,UNKNOWN,carga4,,,,0,0.0,0.0,0.0,0.0,0
sql_batch_completed,2026-09-07 05:13:40.288,78.0,SteelNort,USER,carga4,,,,SELECT,2055.0,9.0,0.0,0.0,0
lock_released,2026-09-07 05:13:40.288,78.0,0,UNKNOWN,carga4,,,,0,0.0,0.0,0.0,0.0,0
sql_batch_completed,2026-09-07 05:13:42.310,68.0,SteelNort,UNKNOWN,carga4,,,,CONDITIONAL,3.0,2.0,0.0,0.0,0
sql_batch_completed,2026-09-07 05:13:42.310,77.0,SteelNort,USER,carga4,,,,EXECUTE,250.0,220.0,0.0,0.0,MSQL_XP
login,2026-09-07 05:13:45.611,70.0,SteelNort,UNKNOWN,carga4,,,,0,0.0,0.0,0.0,0.0,0
wait_info,2026-09-07 05:13:45.611,58.0,master,UNKNOWN,carga4,,,,0,0.0,0.0,0.0,0.0,SLEEP_TASK
sql_batch_completed,2026-09-07 05:13:45.611,62.0,SteelNort,USER,carga4,,,,EXECUTE,13.0,0.0,0.0,0.0,0
sql_batch_completed,2026-09-07 05:13:45.611,78.0,SteelNort,USER,carga4,,,,SELECT,266.0,164.0,0.0,0.0,0
sql_batch_completed,2026-09-07 05:13:45.611,68.0,SteelNort,UNKNOWN,carga4,,,,CONDITIONAL,3253.0,2.0,0.0,0.0,0
lock_acquired,2026-09-07 05:13:45.611,78.0,0,UNKNOWN,carga4,,,,0,0.0,0.0,0.0,0.0,0
sql_batch_completed,2026-09-07 06:57:33.913,51.0,SteelNort,USER,carga4,,,,EXECUTE,3919.0,0.0,0.0,0.0,0
wait_info,2026-09-07 06:57:33.913,58.0,master,UNKNOWN,carga4,,,,0,0.0,0.0,0.0,0.0,BROKER_TO_FLUSH
sql_batch_completed,2026-09-07 06:57:33.913,62.0,SteelNort,USER,carga4,,,,EXECUTE,6240151.0,0.0,0.0,0.0,0
sql_batch_completed,2026-09-07 06:57:33.913,77.0,SteelNort,USER,carga4,,,,EXECUTE,6244608.0,3240.0,0.0,0.0,0
sql_batch_completed,2026-09-07 06:57:33.913,78.0,SteelNort,USER,carga4,,,,SELECT,6248960.0,164.0,0.0,0.0,0
lock_released,2026-09-07 06:57:33.913,78.0,0,UNKNOWN,carga4,,,,0,0.0,0.0,0.0,0.0,0
login,2026-09-07 06:57:59.227,72.0,SteelNort,UNKNOWN,carga4,,,,0,0.0,0.0,0.0,0.0,0
login,2026-09-07 06:57:59.227,73.0,SteelNort,UNKNOWN,carga4,,,,0,0.0,0.0,0.0,0.0,0
login,2026-09-07 06:57:59.227,71.0,SteelNort,UNKNOWN,carga4,,,,0,0.0,0.0,0.0,0.0,0
sql_batch_completed,2026-09-07 06:57:59.227,70.0,master,SQL_SERVER_INTERNAL,carga4,,,,TASK MANAGER,20781.0,0.0,0.0,0.0,0
sql_batch_completed,2026-09-07 06:57:59.227,71.0,master,SQL_SERVER_INTERNAL,carga4,,,,TASK MANAGER,23007.0,0.0,0.0,0.0,0
sql_batch_completed,2026-09-07 06:57:59.227,72.0,master,SQL_SERVER_INTERNAL,carga4,,,,TASK MANAGER,23148.0,0.0,0.0,0.0,0
sql_batch_completed,2026-09-07 06:57:59.227,73.0,master,SQL_SERVER_INTERNAL,carga4,,,,TASK MANAGER,23118.0,0.0,0.0,0.0,0
sql_batch_completed,2026-09-07 06:57:59.227,51.0,SteelNort,USER,carga4,,,,EXECUTE,25177.0,0.0,0.0,0.0,0
wait_info,2026-09-07 06:58:13.555,58.0,master,UNKNOWN,carga4,,,,0,0.0,0.0,0.0,0.0,SLEEP_TASK
sql_batch_completed,2026-09-07 06:58:13.555,77.0,SteelNort,USER,carga4,,,,EXECUTE,453.0,138.0,0.0,0.0,MSQL_XP
wait_info,2026-09-07 06:58:20.671,58.0,master,UNKNOWN,carga4,,,,0,0.0,0.0,0.0,0.0,BROKER_TO_FLUSH
sql_batch_completed,2026-09-07 06:58:20.671,62.0,SteelNort,USER,carga4,,,,EXECUTE,991.0,14.0,0.0,0.0,0
sql_batch_completed,2026-09-07 06:58:20.671,68.0,SteelNort,USER,carga4,,,,EXECUTE,1034.0,5.0,0.0,0.0,0
sql_batch_completed,2026-09-07 06:58:20.671,77.0,SteelNort,USER,carga4,,,,EXECUTE,4662.0,138.0,0.0,0.0,0
sql_batch_completed,2026-09-07 06:58:24.992,68.0,SteelNort,USER,carga4,,,,EXECUTE,6515.0,5.0,0.0,0.0,0
sql_batch_completed,2026-09-07 06:58:24.992,62.0,SteelNort,USER,carga4,,,,EXECUTE,6540.0,14.0,0.0,0.0,0
sql_batch_completed,2026-09-07 06:58:30.215,66.0,SteelNort,USER,carga4,,,,EXECUTE,670.0,0.0,0.0,0.0,0
sql_batch_completed,2026-09-07 06:58:30.215,77.0,SteelNort,USER,carga4,,,,EXECUTE,708.0,5.0,0.0,0.0,MSQL_XP
sql_batch_completed,2026-09-07 06:58:34.152,66.0,SteelNort,USER,carga4,,,,EXECUTE,4677.0,0.0,0.0,0.0,0
sql_batch_completed,2026-09-07 06:58:34.152,77.0,SteelNort,USER,carga4,,,,EXECUTE,4685.0,5.0,0.0,0.0,0
sql_batch_completed,2026-09-07 06:58:37.746,77.0,SteelNort,USER,carga4,,,,EXECUTE,1004.0,91.0,0.0,0.0,MSQL_XP
wait_info,2026-09-07 06:58:41.479,58.0,master,UNKNOWN,carga4,,,,0,0.0,0.0,0.0,0.0,SLEEP_TASK
sql_batch_completed,2026-09-07 06:58:41.479,65.0,SteelNort,UNKNOWN,carga4,,,,AWAITING COMMAND,494.0,1.0,0.0,0.0,0
sql_batch_completed,2026-09-07 06:58:41.479,77.0,SteelNort,USER,carga4,,,,EXECUTE,4313.0,91.0,0.0,0.0,0
wait_info,2026-09-07 06:58:44.778,58.0,master,UNKNOWN,carga4,,,,0,0.0,0.0,0.0,0.0,BROKER_TO_FLUSH
sql_batch_completed,2026-09-07 06:58:44.778,65.0,SteelNort,UNKNOWN,carga4,,,,AWAITING COMMAND,2894.0,1.0,0.0,0.0,0
wait_info,2026-09-07 06:58:47.544,58.0,master,UNKNOWN,carga4,,,,0,0.0,0.0,0.0,0.0,SLEEP_TASK
sql_batch_completed,2026-09-07 06:58:47.544,77.0,SteelNort,USER,carga4,,,,EXECUTE,111.0,30.0,0.0,0.0,MSQL_XP
sql_batch_completed,2026-09-07 06:58:50.588,77.0,SteelNort,USER,carga4,,,,EXECUTE,4435.0,30.0,0.0,0.0,0
sql_batch_completed,2026-09-07 06:58:58.431,62.0,SteelNort,USER,carga4,,,,EXECUTE,43.0,2.0,0.0,0.0,0
wait_info,2026-09-07 06:59:01.714,58.0,master,UNKNOWN,carga4,,,,0,0.0,0.0,0.0,0.0,BROKER_TO_FLUSH
sql_batch_completed,2026-09-07 06:59:01.714,62.0,SteelNort,USER,carga4,,,,EXECUTE,4576.0,2.0,0.0,0.0,0
sql_batch_completed,2026-09-07 06:59:22.115,67.0,SteelNort,UNKNOWN,carga4,,,,AWAITING COMMAND,913.0,0.0,0.0,0.0,0
sql_batch_completed,2026-09-07 06:59:26.477,67.0,SteelNort,UNKNOWN,carga4,,,,AWAITING COMMAND,4867.0,0.0,0.0,0.0,0
wait_info,2026-09-07 06:59:30.322,58.0,master,UNKNOWN,carga4,,,,0,0.0,0.0,0.0,0.0,SLEEP_TASK
sql_batch_completed,2026-09-07 06:59:43.482,77.0,SteelNort,USER,carga4,,,,EXECUTE,1424.0,60.0,0.0,0.0,MSQL_XP
wait_info,2026-09-07 06:59:48.012,58.0,master,UNKNOWN,carga4,,,,0,0.0,0.0,0.0,0.0,BROKER_TO_FLUSH
sql_batch_completed,2026-09-07 06:59:48.012,77.0,SteelNort,USER,carga4,,,,EXECUTE,5753.0,60.0,0.0,0.0,0
wait_info,2026-09-07 06:59:56.655,58.0,master,UNKNOWN,carga4,,,,0,0.0,0.0,0.0,0.0,SLEEP_TASK
wait_info,2026-09-07 07:00:13.847,58.0,master,UNKNOWN,carga4,,,,0,0.0,0.0,0.0,0.0,BROKER_TO_FLUSH
wait_info,2026-09-07 07:00:22.963,58.0,master,UNKNOWN,carga4,,,,0,0.0,0.0,0.0,0.0,SLEEP_TASK
wait_info,2026-09-07 07:00:27.752,58.0,master,UNKNOWN,carga4,,,,0,0.0,0.0,0.0,0.0,BROKER_TO_FLUSH
logout,2026-09-07 07:00:44.970,73.0,0,UNKNOWN,carga4,,,,0,0.0,0.0,0.0,0.0,0
sql_batch_completed,2026-09-07 07:00:44.970,73.0,master,SQL_SERVER_INTERNAL,carga4,,,,TASK MANAGER,186063.0,0.0,0.0,0.0,0
logout,2026-09-07 07:00:48.829,72.0,0,UNKNOWN,carga4,,,,0,0.0,0.0,0.0,0.0,0
logout,2026-09-07 07:00:48.829,70.0,0,UNKNOWN,carga4,,,,0,0.0,0.0,0.0,0.0,0
logout,2026-09-07 07:00:48.829,71.0,0,UNKNOWN,carga4,,,,0,0.0,0.0,0.0,0.0,0
sql_batch_completed,2026-09-07 07:00:48.829,72.0,master,SQL_SERVER_INTERNAL,carga4,,,,TASK MANAGER,190259.0,0.0,0.0,0.0,0
sql_batch_completed,2026-09-07 07:00:48.829,70.0,master,SQL_SERVER_INTERNAL,carga4,,,,TASK MANAGER,188206.0,0.0,0.0,0.0,0
sql_batch_completed,2026-09-07 07:00:48.829,71.0,master,SQL_SERVER_INTERNAL,carga4,,,,TASK MANAGER,190301.0,0.0,0.0,0.0,0
sql_batch_completed,2026-09-07 07:01:04.700,78.0,SteelNort,USER,carga4,,,,SELECT,677.0,4.0,0.0,0.0,0
wait_info,2026-09-07 07:01:08.508,58.0,master,UNKNOWN,carga4,,,,0,0.0,0.0,0.0,0.0,SLEEP_TASK
sql_batch_completed,2026-09-07 07:01:08.508,78.0,SteelNort,USER,carga4,,,,SELECT,4500.0,4.0,0.0,0.0,0
wait_info,2026-09-07 07:01:24.247,58.0,master,UNKNOWN,carga4,,,,0,0.0,0.0,0.0,0.0,BROKER_TO_FLUSH
login,2026-09-07 07:01:36.231,70.0,SteelNort,UNKNOWN,carga4,,,,0,0.0,0.0,0.0,0.0,0
wait_info,2026-09-07 07:01:36.231,58.0,master,UNKNOWN,carga4,,,,0,0.0,0.0,0.0,0.0,SLEEP_TASK
logout,2026-09-07 07:01:40.428,70.0,0,UNKNOWN,carga4,,,,0,0.0,0.0,0.0,0.0,0
wait_info,2026-09-07 07:01:43.849,58.0,master,UNKNOWN,carga4,,,,0,0.0,0.0,0.0,0.0,BROKER_TO_FLUSH
wait_info,2026-09-07 07:01:55.373,58.0,master,UNKNOWN,carga4,,,,0,0.0,0.0,0.0,0.0,SLEEP_TASK
wait_info,2026-09-07 07:02:12.142,58.0,master,UNKNOWN,carga4,,,,0,0.0,0.0,0.0,0.0,BROKER_TO_FLUSH
wait_info,2026-09-07 07:02:17.538,58.0,master,UNKNOWN,carga4,,,,0,0.0,0.0,0.0,0.0,SLEEP_TASK
wait_info,2026-09-07 07:02:37.095,58.0,master,UNKNOWN,carga4,,,,0,0.0,0.0,0.0,0.0,BROKER_TO_FLUSH
logout,2026-09-07 07:02:52.379,69.0,0,UNKNOWN,carga4,,,,0,0.0,0.0,0.0,0.0,0
wait_info,2026-09-07 07:02:52.379,58.0,master,UNKNOWN,carga4,,,,0,0.0,0.0,0.0,0.0,SLEEP_TASK
lock_acquired,2026-09-07 07:03:08.298,78.0,0,UNKNOWN,carga4,,,,0,0.0,0.0,0.0,0.0,0
lock_released,2026-09-07 07:03:12.334,78.0,0,UNKNOWN,carga4,,,,0,0.0,0.0,0.0,0.0,0
sql_batch_completed,2026-09-07 07:03:16.150,77.0,SteelNort,USER,carga4,,,,EXECUTE,934.0,95.0,0.0,0.0,MSQL_XP
sql_batch_completed,2026-09-07 07:03:20.479,77.0,SteelNort,USER,carga4,,,,EXECUTE,5109.0,95.0,0.0,0.0,0
lock_acquired,2026-09-07 07:03:24.612,78.0,0,UNKNOWN,carga4,,,,0,0.0,0.0,0.0,0.0,0
login,2026-09-07 07:03:28.835,69.0,SteelNort,UNKNOWN,carga4,,,,0,0.0,0.0,0.0,0.0,0
login,2026-09-07 07:03:28.835,70.0,SteelNort,UNKNOWN,carga4,,,,0,0.0,0.0,0.0,0.0,0
login,2026-09-07 07:03:28.835,71.0,SteelNort,UNKNOWN,carga4,,,,0,0.0,0.0,0.0,0.0,0
login,2026-09-07 07:03:28.835,72.0,SteelNort,UNKNOWN,carga4,,,,0,0.0,0.0,0.0,0.0,0
login,2026-09-07 07:03:28.835,73.0,SteelNort,UNKNOWN,carga4,,,,0,0.0,0.0,0.0,0.0,0
login,2026-09-07 07:03:28.835,74.0,SteelNort,UNKNOWN,carga4,,,,0,0.0,0.0,0.0,0.0,0
login,2026-09-07 07:03:28.835,75.0,SteelNort,UNKNOWN,carga4,,,,0,0.0,0.0,0.0,0.0,0
sql_batch_completed,2026-09-07 07:03:28.835,69.0,master,SQL_SERVER_INTERNAL,carga4,,,,TASK MANAGER,3191.0,0.0,0.0,0.0,0
sql_batch_completed,2026-09-07 07:03:28.835,70.0,master,SQL_SERVER_INTERNAL,carga4,,,,TASK MANAGER,3193.0,0.0,0.0,0.0,0
sql_batch_completed,2026-09-07 07:03:28.835,71.0,master,SQL_SERVER_INTERNAL,carga4,,,,TASK MANAGER,3200.0,0.0,0.0,0.0,0
sql_batch_completed,2026-09-07 07:03:28.835,72.0,master,SQL_SERVER_INTERNAL,carga4,,,,TASK MANAGER,3205.0,0.0,0.0,0.0,0
sql_batch_completed,2026-09-07 07:03:28.835,73.0,master,SQL_SERVER_INTERNAL,carga4,,,,TASK MANAGER,3211.0,0.0,0.0,0.0,0
sql_batch_completed,2026-09-07 07:03:28.835,74.0,master,SQL_SERVER_INTERNAL,carga4,,,,TASK MANAGER,3215.0,0.0,0.0,0.0,0
sql_batch_completed,2026-09-07 07:03:28.835,75.0,master,SQL_SERVER_INTERNAL,carga4,,,,TASK MANAGER,3235.0,0.0,0.0,0.0,0
lock_released,2026-09-07 07:03:28.835,78.0,0,UNKNOWN,carga4,,,,0,0.0,0.0,0.0,0.0,0
login,2026-09-07 07:03:33.181,79.0,SteelNort,UNKNOWN,carga4,,,,0,0.0,0.0,0.0,0.0,0
wait_info,2026-09-07 07:03:37.533,58.0,master,UNKNOWN,carga4,,,,0,0.0,0.0,0.0,0.0,BROKER_TO_FLUSH
wait_info,2026-09-07 07:03:46.502,58.0,master,UNKNOWN,carga4,,,,0,0.0,0.0,0.0,0.0,SLEEP_TASK
sql_batch_completed,2026-09-07 07:03:46.502,78.0,SteelNort,USER,carga4,,,,SELECT,1023.0,1.0,0.0,0.0,0
sql_batch_completed,2026-09-07 07:03:51.028,77.0,SteelNort,USER,carga4,,,,EXECUTE,1298.0,85.0,0.0,0.0,MSQL_XP
sql_batch_completed,2026-09-07 07:03:51.028,78.0,SteelNort,USER,carga4,,,,SELECT,5473.0,1.0,0.0,0.0,0
sql_batch_completed,2026-09-07 07:03:55.438,77.0,SteelNort,USER,carga4,,,,EXECUTE,5621.0,85.0,0.0,0.0,0
wait_info,2026-09-07 07:03:59.880,58.0,master,UNKNOWN,carga4,,,,0,0.0,0.0,0.0,0.0,BROKER_TO_FLUSH
sql_batch_completed,2026-09-07 07:04:08.428,78.0,SteelNort,USER,carga4,,,,SELECT,1275.0,0.0,0.0,0.0,0
sql_batch_completed,2026-09-07 07:04:13.296,78.0,SteelNort,USER,carga4,,,,SELECT,5292.0,0.0,0.0,0.0,0
wait_info,2026-09-07 07:04:21.586,58.0,master,UNKNOWN,carga4,,,,0,0.0,0.0,0.0,0.0,SLEEP_TASK
login,2026-09-07 07:04:25.891,80.0,SteelNort,UNKNOWN,carga4,,,,0,0.0,0.0,0.0,0.0,0
sql_batch_completed,2026-09-07 07:04:25.891,78.0,SteelNort,USER,carga4,,,,SELECT,794.0,10.0,0.0,0.0,0
logout,2026-09-07 07:04:30.123,80.0,0,UNKNOWN,carga4,,,,0,0.0,0.0,0.0,0.0,0
sql_batch_completed,2026-09-07 07:04:30.123,78.0,SteelNort,USER,carga4,,,,SELECT,5544.0,10.0,0.0,0.0,0
wait_info,2026-09-07 07:04:34.926,58.0,master,UNKNOWN,carga4,,,,0,0.0,0.0,0.0,0.0,BROKER_TO_FLUSH
sql_batch_completed,2026-09-07 07:04:34.926,77.0,SteelNort,USER,carga4,,,,EXECUTE,1518.0,103.0,0.0,0.0,MSQL_XP
sql_batch_completed,2026-09-07 07:04:39.482,77.0,SteelNort,USER,carga4,,,,EXECUTE,5625.0,103.0,0.0,0.0,0
wait_info,2026-09-07 07:04:43.612,58.0,master,UNKNOWN,carga4,,,,0,0.0,0.0,0.0,0.0,SLEEP_TASK
wait_info,2026-09-07 07:05:05.156,58.0,master,UNKNOWN,carga4,,,,0,0.0,0.0,0.0,0.0,BROKER_TO_FLUSH
wait_info,2026-09-07 07:05:09.307,58.0,master,UNKNOWN,carga4,,,,0,0.0,0.0,0.0,0.0,SLEEP_TASK
sql_batch_completed,2026-09-07 07:05:09.307,77.0,SteelNort,USER,carga4,,,,EXECUTE,302.0,123.0,0.0,0.0,MSQL_XP
wait_info,2026-09-07 07:05:12.351,58.0,master,UNKNOWN,carga4,,,,0,0.0,0.0,0.0,0.0,BROKER_TO_FLUSH
sql_batch_completed,2026-09-07 07:05:12.351,77.0,SteelNort,USER,carga4,,,,EXECUTE,4603.0,123.0,0.0,0.0,0
wait_info,2026-09-07 07:05:16.682,58.0,master,UNKNOWN,carga4,,,,0,0.0,0.0,0.0,0.0,SLEEP_TASK
wait_info,2026-09-07 07:05:26.081,58.0,master,UNKNOWN,carga4,,,,0,0.0,0.0,0.0,0.0,BROKER_TO_FLUSH
lock_acquired,2026-09-07 07:05:34.515,78.0,0,UNKNOWN,carga4,,,,0,0.0,0.0,0.0,0.0,0
wait_info,2026-09-07 07:05:39.265,58.0,master,UNKNOWN,carga4,,,,0,0.0,0.0,0.0,0.0,SLEEP_TASK
lock_released,2026-09-07 07:05:39.265,78.0,0,UNKNOWN,carga4,,,,0,0.0,0.0,0.0,0.0,0
wait_info,2026-09-07 07:06:00.524,58.0,master,UNKNOWN,carga4,,,,0,0.0,0.0,0.0,0.0,BROKER_TO_FLUSH
xml_deadlock_report,2026-09-11 10:39:16.940,0.0,SteelNort,UNKNOWN,carga5,13.0,1205.0,Deadlock detected,,,,,,
xml_deadlock_report,2026-09-11 10:39:16.940,0.0,SteelNort,UNKNOWN,carga5,13.0,1205.0,Deadlock detected,,,,,,
xml_deadlock_report,2026-09-11 10:39:16.940,0.0,SteelNort,UNKNOWN,carga5,13.0,1205.0,Deadlock detected,,,,,,
xml_deadlock_report,2026-09-11 10:39:16.940,0.0,SteelNort,UNKNOWN,carga5,13.0,1205.0,Deadlock detected,,,,,,
xml_deadlock_report,2026-09-11 10:39:16.940,0.0,SteelNort,UNKNOWN,carga5,13.0,1205.0,Deadlock detected,,,,,,
xml_deadlock_report,2026-09-11 10:39:16.940,0.0,SteelNort,UNKNOWN,carga5,13.0,1205.0,Deadlock detected,,,,,,
xml_deadlock_report,2026-09-11 10:39:16.940,0.0,SteelNort,UNKNOWN,carga5,13.0,1205.0,Deadlock detected,,,,,,
xml_deadlock_report,2026-09-11 10:39:16.940,0.0,SteelNort,UNKNOWN,carga5,13.0,1205.0,Deadlock detected,,,,,,
xml_deadlock_report,2026-09-11 10:39:16.940,0.0,SteelNort,UNKNOWN,carga5,13.0,1205.0,Deadlock detected,,,,,,
xml_deadlock_report,2026-09-11 10:39:16.940,0.0,SteelNort,UNKNOWN,carga5,13.0,1205.0,Deadlock detected,,,,,,
xml_deadlock_report,2026-09-11 10:39:16.940,0.0,SteelNort,UNKNOWN,carga5,13.0,1205.0,Deadlock detected,,,,,,
xml_deadlock_report,2026-09-11 10:39:16.940,0.0,SteelNort,UNKNOWN,carga5,13.0,1205.0,Deadlock detected,,,,,,
xml_deadlock_report,2026-09-11 10:39:16.940,0.0,SteelNort,UNKNOWN,carga5,13.0,1205.0,Deadlock detected,,,,,,
xml_deadlock_report,2026-09-11 10:39:16.940,0.0,SteelNort,UNKNOWN,carga5,13.0,1205.0,Deadlock detected,,,,,,
xml_deadlock_report,2026-09-11 10:39:16.940,0.0,SteelNort,UNKNOWN,carga5,13.0,1205.0,Deadlock detected,,,,,,
xml_deadlock_report,2026-09-11 10:39:16.940,0.0,SteelNort,UNKNOWN,carga5,13.0,1205.0,Deadlock detected,,,,,,
xml_deadlock_report,2026-09-11 10:39:16.940,0.0,SteelNort,UNKNOWN,carga5,13.0,1205.0,Deadlock detected,,,,,,
xml_deadlock_report,2026-09-11 10:39:16.940,0.0,SteelNort,UNKNOWN,carga5,13.0,1205.0,Deadlock detected,,,,,,
xml_deadlock_report,2026-09-11 10:39:16.940,0.0,SteelNort,UNKNOWN,carga5,13.0,1205.0,Deadlock detected,,,,,,
xml_deadlock_report,2026-09-11 10:39:16.940,0.0,SteelNort,UNKNOWN,carga5,13.0,1205.0,Deadlock detected,,,,,,
xml_deadlock_report,2026-09-11 10:39:16.940,0.0,SteelNort,UNKNOWN,carga5,13.0,1205.0,Deadlock detected,,,,,,
xml_deadlock_report,2026-09-11 10:39:16.940,0.0,SteelNort,UNKNOWN,carga5,13.0,1205.0,Deadlock detected,,,,,,
xml_deadlock_report,2026-09-11 10:39:16.940,0.0,SteelNort,UNKNOWN,carga5,13.0,1205.0,Deadlock detected,,,,,,
xml_deadlock_report,2026-09-11 10:39:16.940,0.0,SteelNort,UNKNOWN,carga5,13.0,1205.0,Deadlock detected,,,,,,
xml_deadlock_report,2026-09-11 10:39:16.940,0.0,SteelNort,UNKNOWN,carga5,13.0,1205.0,Deadlock detected,,,,,,
xml_deadlock_report,2026-09-11 10:39:16.940,0.0,SteelNort,UNKNOWN,carga5,13.0,1205.0,Deadlock detected,,,,,,
xml_deadlock_report,2026-09-11 10:39:16.940,0.0,SteelNort,UNKNOWN,carga5,13.0,1205.0,Deadlock detected,,,,,,
xml_deadlock_report,2026-09-11 10:39:16.940,0.0,SteelNort,UNKNOWN,carga5,13.0,1205.0,Deadlock detected,,,,,,
xml_deadlock_report,2026-09-11 10:39:16.940,0.0,SteelNort,UNKNOWN,carga5,13.0,1205.0,Deadlock detected,,,,,,
xml_deadlock_report,2026-09-11 10:39:16.940,0.0,SteelNort,UNKNOWN,carga5,13.0,1205.0,Deadlock detected,,,,,,
xml_deadlock_report,2026-09-11 10:39:16.940,0.0,SteelNort,UNKNOWN,carga5,13.0,1205.0,Deadlock detected,,,,,,
xml_deadlock_report,2026-09-11 10:39:16.940,0.0,SteelNort,UNKNOWN,carga5,13.0,1205.0,Deadlock detected,,,,,,
xml_deadlock_report,2026-09-11 10:39:16.940,0.0,SteelNort,UNKNOWN,carga5,13.0,1205.0,Deadlock detected,,,,,,
xml_deadlock_report,2026-09-11 10:39:16.940,0.0,SteelNort,UNKNOWN,carga5,13.0,1205.0,Deadlock detected,,,,,,
xml_deadlock_report,2026-09-11 10:39:16.940,0.0,SteelNort,UNKNOWN,carga5,13.0,1205.0,Deadlock detected,,,,,,
xml_deadlock_report,2026-09-11 10:39:16.940,0.0,SteelNort,UNKNOWN,carga5,13.0,1205.0,Deadlock detected,,,,,,
xml_deadlock_report,2026-09-11 10:39:16.940,0.0,SteelNort,UNKNOWN,carga5,13.0,1205.0,Deadlock detected,,,,,,
xml_deadlock_report,2026-09-11 10:39:16.940,0.0,SteelNort,UNKNOWN,carga5,13.0,1205.0,Deadlock detected,,,,,,
xml_deadlock_report,2026-09-11 10:39:16.940,0.0,SteelNort,UNKNOWN,carga5,13.0,1205.0,Deadlock detected,,,,,,
xml_deadlock_report,2026-09-11 10:39:16.940,0.0,SteelNort,UNKNOWN,carga5,13.0,1205.0,Deadlock detected,,,,,,
xml_deadlock_report,2026-09-11 10:39:16.940,0.0,SteelNort,UNKNOWN,carga5,13.0,1205.0,Deadlock detected,,,,,,
xml_deadlock_report,2026-09-11 10:39:16.940,0.0,SteelNort,UNKNOWN,carga5,13.0,1205.0,Deadlock detected,,,,,,
xml_deadlock_report,2026-09-11 10:39:16.940,0.0,SteelNort,UNKNOWN,carga5,13.0,1205.0,Deadlock detected,,,,,,
xml_deadlock_report,2026-09-11 10:39:16.940,0.0,SteelNort,UNKNOWN,carga5,13.0,1205.0,Deadlock detected,,,,,,
xml_deadlock_report,2026-09-11 10:39:16.940,0.0,SteelNort,UNKNOWN,carga5,13.0,1205.0,Deadlock detected,,,,,,
xml_deadlock_report,2026-09-11 10:39:16.940,0.0,SteelNort,UNKNOWN,carga5,13.0,1205.0,Deadlock detected,,,,,,
xml_deadlock_report,2026-09-11 10:39:16.940,0.0,SteelNort,UNKNOWN,carga5,13.0,1205.0,Deadlock detected,,,,,,
xml_deadlock_report,2026-09-11 10:39:16.940,0.0,SteelNort,UNKNOWN,carga5,13.0,1205.0,Deadlock detected,,,,,,
xml_deadlock_report,2026-09-11 10:39:16.940,0.0,SteelNort,UNKNOWN,carga5,13.0,1205.0,Deadlock detected,,,,,,
xml_deadlock_report,2026-09-11 10:39:16.940,0.0,SteelNort,UNKNOWN,carga5,13.0,1205.0,Deadlock detected,,,,,,
xml_deadlock_report,2026-09-11 10:39:16.940,0.0,SteelNort,UNKNOWN,carga5,13.0,1205.0,Deadlock detected,,,,,,
xml_deadlock_report,2026-09-11 10:39:16.940,0.0,SteelNort,UNKNOWN,carga5,13.0,1205.0,Deadlock detected,,,,,,
login,2026-09-11 10:39:21.978,74.0,SteelNort,UNKNOWN,carga5,0.0,0.0,0,,,,,,
login,2026-09-11 10:39:21.978,75.0,SteelNort,UNKNOWN,carga5,0.0,0.0,0,,,,,,
login,2026-09-11 10:39:21.978,76.0,SteelNort,UNKNOWN,carga5,0.0,0.0,0,,,,,,
lock_acquired,2026-09-11 10:39:21.978,76.0,0,UNKNOWN,carga5,0.0,0.0,0,,,,,,
lock_acquired,2026-09-11 10:39:21.978,75.0,0,UNKNOWN,carga5,0.0,0.0,0,,,,,,
lock_acquired,2026-09-11 10:39:21.978,74.0,0,UNKNOWN,carga5,0.0,0.0,0,,,,,,
lock_released,2026-09-11 10:39:21.978,73.0,0,UNKNOWN,carga5,0.0,0.0,0,,,,,,
lock_released,2026-09-11 10:39:21.978,73.0,0,UNKNOWN,carga5,0.0,0.0,0,,,,,,
lock_released,2026-09-11 10:39:21.978,73.0,0,UNKNOWN,carga5,0.0,0.0,0,,,,,,
lock_released,2026-09-11 10:39:21.978,73.0,0,UNKNOWN,carga5,0.0,0.0,0,,,,,,
lock_acquired,2026-09-11 10:39:27.008,76.0,0,UNKNOWN,carga5,0.0,0.0,0,,,,,,
lock_acquired,2026-09-11 10:39:27.008,76.0,0,UNKNOWN,carga5,0.0,0.0,0,,,,,,
lock_acquired,2026-09-11 10:39:27.008,76.0,0,UNKNOWN,carga5,0.0,0.0,0,,,,,,
login,2026-09-11 10:39:42.134,77.0,SteelNort,UNKNOWN,carga5,0.0,0.0,0,,,,,,
login,2026-09-11 10:39:42.134,78.0,SteelNort,UNKNOWN,carga5,0.0,0.0,0,,,,,,
login,2026-09-11 10:39:42.134,79.0,SteelNort,UNKNOWN,carga5,0.0,0.0,0,,,,,,
login,2026-09-11 10:39:42.134,81.0,SteelNort,UNKNOWN,carga5,0.0,0.0,0,,,,,,
login,2026-09-11 10:39:42.134,82.0,SteelNort,UNKNOWN,carga5,0.0,0.0,0,,,,,,
login,2026-09-11 10:39:42.134,83.0,SteelNort,UNKNOWN,carga5,0.0,0.0,0,,,,,,
login,2026-09-11 10:39:42.134,84.0,SteelNort,UNKNOWN,carga5,0.0,0.0,0,,,,,,
lock_acquired,2026-09-11 10:39:42.134,84.0,0,UNKNOWN,carga5,0.0,0.0,0,,,,,,
lock_acquired,2026-09-11 10:39:42.134,77.0,0,UNKNOWN,carga5,0.0,0.0,0,,,,,,
lock_acquired,2026-09-11 10:39:42.134,83.0,0,UNKNOWN,carga5,0.0,0.0,0,,,,,,
lock_acquired,2026-09-11 10:39:42.134,83.0,0,UNKNOWN,carga5,0.0,0.0,0,,,,,,
lock_acquired,2026-09-11 10:39:42.134,79.0,0,UNKNOWN,carga5,0.0,0.0,0,,,,,,
lock_acquired,2026-09-11 10:39:42.134,79.0,0,UNKNOWN,carga5,0.0,0.0,0,,,,,,
lock_acquired,2026-09-11 10:39:42.134,82.0,0,UNKNOWN,carga5,0.0,0.0,0,,,,,,
lock_acquired,2026-09-11 10:39:42.134,82.0,0,UNKNOWN,carga5,0.0,0.0,0,,,,,,
lock_acquired,2026-09-11 10:39:42.134,83.0,0,UNKNOWN,carga5,0.0,0.0,0,,,,,,
lock_acquired,2026-09-11 10:39:42.134,81.0,0,UNKNOWN,carga5,0.0,0.0,0,,,,,,
lock_acquired,2026-09-11 10:39:42.134,81.0,0,UNKNOWN,carga5,0.0,0.0,0,,,,,,
lock_acquired,2026-09-11 10:39:42.134,78.0,0,UNKNOWN,carga5,0.0,0.0,0,,,,,,
lock_acquired,2026-09-11 10:39:42.134,78.0,0,UNKNOWN,carga5,0.0,0.0,0,,,,,,
lock_acquired,2026-09-11 10:39:42.134,77.0,0,UNKNOWN,carga5,0.0,0.0,0,,,,,,
lock_acquired,2026-09-11 10:39:42.134,79.0,0,UNKNOWN,carga5,0.0,0.0,0,,,,,,
lock_acquired,2026-09-11 10:39:42.134,77.0,0,UNKNOWN,carga5,0.0,0.0,0,,,,,,
lock_acquired,2026-09-11 10:39:42.134,82.0,0,UNKNOWN,carga5,0.0,0.0,0,,,,,,
lock_acquired,2026-09-11 10:39:42.134,84.0,0,UNKNOWN,carga5,0.0,0.0,0,,,,,,
lock_acquired,2026-09-11 10:39:42.134,84.0,0,UNKNOWN,carga5,0.0,0.0,0,,,,,,
lock_acquired,2026-09-11 10:39:42.134,81.0,0,UNKNOWN,carga5,0.0,0.0,0,,,,,,
lock_acquired,2026-09-11 10:39:42.134,78.0,0,UNKNOWN,carga5,0.0,0.0,0,,,,,,
lock_acquired,2026-09-11 10:39:42.134,77.0,0,UNKNOWN,carga5,0.0,0.0,0,,,,,,
lock_released,2026-09-11 10:39:42.134,76.0,0,UNKNOWN,carga5,0.0,0.0,0,,,,,,
lock_released,2026-09-11 10:39:42.134,76.0,0,UNKNOWN,carga5,0.0,0.0,0,,,,,,
lock_released,2026-09-11 10:39:42.134,76.0,0,UNKNOWN,carga5,0.0,0.0,0,,,,,,
login,2026-09-11 10:39:57.242,85.0,SteelNort,UNKNOWN,carga5,0.0,0.0,0,,,,,,
lock_acquired,2026-09-11 10:39:57.242,76.0,0,UNKNOWN,carga5,0.0,0.0,0,,,,,,
lock_acquired,2026-09-11 10:39:57.242,76.0,0,UNKNOWN,carga5,0.0,0.0,0,,,,,,
lock_released,2026-09-11 10:39:57.242,78.0,0,UNKNOWN,carga5,0.0,0.0,0,,,,,,
lock_released,2026-09-11 10:39:57.242,84.0,0,UNKNOWN,carga5,0.0,0.0,0,,,,,,
lock_released,2026-09-11 10:39:57.242,77.0,0,UNKNOWN,carga5,0.0,0.0,0,,,,,,
lock_released,2026-09-11 10:39:57.242,79.0,0,UNKNOWN,carga5,0.0,0.0,0,,,,,,
lock_released,2026-09-11 10:39:57.242,82.0,0,UNKNOWN,carga5,0.0,0.0,0,,,,,,
lock_released,2026-09-11 10:39:57.242,83.0,0,UNKNOWN,carga5,0.0,0.0,0,,,,,,
lock_released,2026-09-11 10:39:57.242,78.0,0,UNKNOWN,carga5,0.0,0.0,0,,,,,,
lock_released,2026-09-11 10:39:57.242,79.0,0,UNKNOWN,carga5,0.0,0.0,0,,,,,,
lock_released,2026-09-11 10:39:57.242,77.0,0,UNKNOWN,carga5,0.0,0.0,0,,,,,,
lock_released,2026-09-11 10:39:57.242,83.0,0,UNKNOWN,carga5,0.0,0.0,0,,,,,,
lock_released,2026-09-11 10:39:57.242,81.0,0,UNKNOWN,carga5,0.0,0.0,0,,,,,,
lock_released,2026-09-11 10:39:57.242,77.0,0,UNKNOWN,carga5,0.0,0.0,0,,,,,,
lock_released,2026-09-11 10:39:57.242,82.0,0,UNKNOWN,carga5,0.0,0.0,0,,,,,,
lock_released,2026-09-11 10:39:57.242,84.0,0,UNKNOWN,carga5,0.0,0.0,0,,,,,,
lock_released,2026-09-11 10:39:57.242,81.0,0,UNKNOWN,carga5,0.0,0.0,0,,,,,,
logout,2026-09-11 10:40:02.279,85.0,0,UNKNOWN,carga5,0.0,0.0,0,,,,,,
lock_released,2026-09-11 10:40:02.279,76.0,0,UNKNOWN,carga5,0.0,0.0,0,,,,,,
lock_released,2026-09-11 10:40:02.279,76.0,0,UNKNOWN,carga5,0.0,0.0,0,,,,,,
lock_acquired,2026-09-11 10:40:07.312,76.0,0,UNKNOWN,carga5,0.0,0.0,0,,,,,,
lock_acquired,2026-09-11 10:40:07.312,76.0,0,UNKNOWN,carga5,0.0,0.0,0,,,,,,
xml_deadlock_report,2026-09-11 10:40:12.367,0.0,SteelNort,UNKNOWN,carga5,13.0,1205.0,Deadlock detected,,,,,,
login,2026-09-11 10:40:12.367,88.0,SteelNort,UNKNOWN,carga5,0.0,0.0,0,,,,,,
login,2026-09-11 10:40:12.367,85.0,SteelNort,UNKNOWN,carga5,0.0,0.0,0,,,,,,
login,2026-09-11 10:40:12.367,86.0,SteelNort,UNKNOWN,carga5,0.0,0.0,0,,,,,,
login,2026-09-11 10:40:12.367,87.0,SteelNort,UNKNOWN,carga5,0.0,0.0,0,,,,,,
lock_acquired,2026-09-11 10:40:12.367,84.0,0,UNKNOWN,carga5,0.0,0.0,0,,,,,,
lock_acquired,2026-09-11 10:40:12.367,77.0,0,UNKNOWN,carga5,0.0,0.0,0,,,,,,
lock_acquired,2026-09-11 10:40:12.367,78.0,0,UNKNOWN,carga5,0.0,0.0,0,,,,,,
lock_acquired,2026-09-11 10:40:12.367,85.0,0,UNKNOWN,carga5,0.0,0.0,0,,,,,,
lock_acquired,2026-09-11 10:40:12.367,88.0,0,UNKNOWN,carga5,0.0,0.0,0,,,,,,
lock_acquired,2026-09-11 10:40:12.367,86.0,0,UNKNOWN,carga5,0.0,0.0,0,,,,,,
lock_acquired,2026-09-11 10:40:12.367,85.0,0,UNKNOWN,carga5,0.0,0.0,0,,,,,,
lock_acquired,2026-09-11 10:40:12.367,87.0,0,UNKNOWN,carga5,0.0,0.0,0,,,,,,
lock_acquired,2026-09-11 10:40:12.367,85.0,0,UNKNOWN,carga5,0.0,0.0,0,,,,,,
lock_acquired,2026-09-11 10:40:12.367,84.0,0,UNKNOWN,carga5,0.0,0.0,0,,,,,,
lock_acquired,2026-09-11 10:40:12.367,84.0,0,UNKNOWN,carga5,0.0,0.0,0,,,,,,
lock_acquired,2026-09-11 10:40:12.367,79.0,0,UNKNOWN,carga5,0.0,0.0,0,,,,,,
lock_acquired,2026-09-11 10:40:12.367,86.0,0,UNKNOWN,carga5,0.0,0.0,0,,,,,,
lock_acquired,2026-09-11 10:40:12.367,87.0,0,UNKNOWN,carga5,0.0,0.0,0,,,,,,
lock_acquired,2026-09-11 10:40:12.367,85.0,0,UNKNOWN,carga5,0.0,0.0,0,,,,,,
lock_acquired,2026-09-11 10:40:12.367,88.0,0,UNKNOWN,carga5,0.0,0.0,0,,,,,,
lock_acquired,2026-09-11 10:40:12.367,79.0,0,UNKNOWN,carga5,0.0,0.0,0,,,,,,
lock_acquired,2026-09-11 10:40:12.367,78.0,0,UNKNOWN,carga5,0.0,0.0,0,,,,,,
lock_acquired,2026-09-11 10:40:12.367,88.0,0,UNKNOWN,carga5,0.0,0.0,0,,,,,,
lock_acquired,2026-09-11 10:40:12.367,88.0,0,UNKNOWN,carga5,0.0,0.0,0,,,,,,
lock_acquired,2026-09-11 10:40:12.367,78.0,0,UNKNOWN,carga5,0.0,0.0,0,,,,,,
lock_acquired,2026-09-11 10:40:12.367,79.0,0,UNKNOWN,carga5,0.0,0.0,0,,,,,,
lock_acquired,2026-09-11 10:40:12.367,77.0,0,UNKNOWN,carga5,0.0,0.0,0,,,,,,
lock_acquired,2026-09-11 10:40:12.367,77.0,0,UNKNOWN,carga5,0.0,0.0,0,,,,,,
lock_acquired,2026-09-11 10:40:12.367,85.0,0,UNKNOWN,carga5,0.0,0.0,0,,,,,,
lock_acquired,2026-09-11 10:40:12.367,84.0,0,UNKNOWN,carga5,0.0,0.0,0,,,,,,
lock_acquired,2026-09-11 10:40:12.367,79.0,0,UNKNOWN,carga5,0.0,0.0,0,,,,,,
lock_acquired,2026-09-11 10:40:12.367,79.0,0,UNKNOWN,carga5,0.0,0.0,0,,,,,,
lock_acquired,2026-09-11 10:40:12.367,88.0,0,UNKNOWN,carga5,0.0,0.0,0,,,,,,
lock_acquired,2026-09-11 10:40:12.367,86.0,0,UNKNOWN,carga5,0.0,0.0,0,,,,,,
lock_acquired,2026-09-11 10:40:12.367,78.0,0,UNKNOWN,carga5,0.0,0.0,0,,,,,,
lock_acquired,2026-09-11 10:40:12.367,86.0,0,UNKNOWN,carga5,0.0,0.0,0,,,,,,
lock_acquired,2026-09-11 10:40:12.367,87.0,0,UNKNOWN,carga5,0.0,0.0,0,,,,,,
lock_acquired,2026-09-11 10:40:12.367,86.0,0,UNKNOWN,carga5,0.0,0.0,0,,,,,,
lock_acquired,2026-09-11 10:40:12.367,77.0,0,UNKNOWN,carga5,0.0,0.0,0,,,,,,
lock_acquired,2026-09-11 10:40:12.367,87.0,0,UNKNOWN,carga5,0.0,0.0,0,,,,,,
lock_acquired,2026-09-11 10:40:12.367,87.0,0,UNKNOWN,carga5,0.0,0.0,0,,,,,,
lock_released,2026-09-11 10:40:12.367,76.0,0,UNKNOWN,carga5,0.0,0.0,0,,,,,,
lock_released,2026-09-11 10:40:12.367,76.0,0,UNKNOWN,carga5,0.0,0.0,0,,,,,,
xml_deadlock_report,2026-09-11 10:40:17.394,0.0,SteelNort,UNKNOWN,carga5,13.0,1205.0,Deadlock detected,,,,,,
lock_acquired,2026-09-11 10:40:17.394,88.0,0,UNKNOWN,carga5,0.0,0.0,0,,,,,,
lock_acquired,2026-09-11 10:40:17.394,85.0,0,UNKNOWN,carga5,0.0,0.0,0,,,,,,
lock_acquired,2026-09-11 10:40:17.394,77.0,0,UNKNOWN,carga5,0.0,0.0,0,,,,,,
lock_acquired,2026-09-11 10:40:17.394,77.0,0,UNKNOWN,carga5,0.0,0.0,0,,,,,,
lock_acquired,2026-09-11 10:40:17.394,86.0,0,UNKNOWN,carga5,0.0,0.0,0,,,,,,
lock_acquired,2026-09-11 10:40:17.394,86.0,0,UNKNOWN,carga5,0.0,0.0,0,,,,,,
lock_acquired,2026-09-11 10:40:17.394,78.0,0,UNKNOWN,carga5,0.0,0.0,0,,,,,,
lock_acquired,2026-09-11 10:40:17.394,87.0,0,UNKNOWN,carga5,0.0,0.0,0,,,,,,
lock_acquired,2026-09-11 10:40:17.394,87.0,0,UNKNOWN,carga5,0.0,0.0,0,,,,,,
lock_acquired,2026-09-11 10:40:17.394,88.0,0,UNKNOWN,carga5,0.0,0.0,0,,,,,,
lock_acquired,2026-09-11 10:40:17.394,79.0,0,UNKNOWN,carga5,0.0,0.0,0,,,,,,
lock_acquired,2026-09-11 10:40:17.394,85.0,0,UNKNOWN,carga5,0.0,0.0,0,,,,,,
lock_acquired,2026-09-11 10:40:17.394,78.0,0,UNKNOWN,carga5,0.0,0.0,0,,,,,,
lock_acquired,2026-09-11 10:40:17.394,84.0,0,UNKNOWN,carga5,0.0,0.0,0,,,,,,
lock_released,2026-09-11 10:40:17.394,88.0,0,UNKNOWN,carga5,0.0,0.0,0,,,,,,
lock_released,2026-09-11 10:40:17.394,78.0,0,UNKNOWN,carga5,0.0,0.0,0,,,,,,
lock_released,2026-09-11 10:40:17.394,85.0,0,UNKNOWN,carga5,0.0,0.0,0,,,,,,
lock_released,2026-09-11 10:40:17.394,77.0,0,UNKNOWN,carga5,0.0,0.0,0,,,,,,
lock_released,2026-09-11 10:40:17.394,86.0,0,UNKNOWN,carga5,0.0,0.0,0,,,,,,
lock_released,2026-09-11 10:40:17.394,87.0,0,UNKNOWN,carga5,0.0,0.0,0,,,,,,
lock_released,2026-09-11 10:40:17.394,79.0,0,UNKNOWN,carga5,0.0,0.0,0,,,,,,
lock_released,2026-09-11 10:40:17.394,84.0,0,UNKNOWN,carga5,0.0,0.0,0,,,,,,
lock_released,2026-09-11 10:40:17.394,79.0,0,UNKNOWN,carga5,0.0,0.0,0,,,,,,
xml_deadlock_report,2026-09-11 10:40:22.416,0.0,SteelNort,UNKNOWN,carga5,13.0,1205.0,Deadlock detected,,,,,,
xml_deadlock_report,2026-09-11 10:40:22.416,0.0,SteelNort,UNKNOWN,carga5,13.0,1205.0,Deadlock detected,,,,,,
xml_deadlock_report,2026-09-11 10:40:22.416,0.0,SteelNort,UNKNOWN,carga5,13.0,1205.0,Deadlock detected,,,,,,
xml_deadlock_report,2026-09-11 10:40:22.416,0.0,SteelNort,UNKNOWN,carga5,13.0,1205.0,Deadlock detected,,,,,,
xml_deadlock_report,2026-09-11 10:40:22.416,0.0,SteelNort,UNKNOWN,carga5,13.0,1205.0,Deadlock detected,,,,,,
xml_deadlock_report,2026-09-11 10:40:22.416,0.0,SteelNort,UNKNOWN,carga5,13.0,1205.0,Deadlock detected,,,,,,
xml_deadlock_report,2026-09-11 10:40:22.416,0.0,SteelNort,UNKNOWN,carga5,13.0,1205.0,Deadlock detected,,,,,,
xml_deadlock_report,2026-09-11 10:40:22.416,0.0,SteelNort,UNKNOWN,carga5,13.0,1205.0,Deadlock detected,,,,,,
xml_deadlock_report,2026-09-11 10:40:22.416,0.0,SteelNort,UNKNOWN,carga5,13.0,1205.0,Deadlock detected,,,,,,
xml_deadlock_report,2026-09-11 10:40:22.416,0.0,SteelNort,UNKNOWN,carga5,13.0,1205.0,Deadlock detected,,,,,,
lock_acquired,2026-09-11 10:40:22.416,88.0,0,UNKNOWN,carga5,0.0,0.0,0,,,,,,
lock_acquired,2026-09-11 10:40:22.416,78.0,0,UNKNOWN,carga5,0.0,0.0,0,,,,,,
lock_acquired,2026-09-11 10:40:22.416,84.0,0,UNKNOWN,carga5,0.0,0.0,0,,,,,,
lock_acquired,2026-09-11 10:40:22.416,85.0,0,UNKNOWN,carga5,0.0,0.0,0,,,,,,
lock_acquired,2026-09-11 10:40:22.416,77.0,0,UNKNOWN,carga5,0.0,0.0,0,,,,,,
lock_acquired,2026-09-11 10:40:22.416,87.0,0,UNKNOWN,carga5,0.0,0.0,0,,,,,,
lock_acquired,2026-09-11 10:40:22.416,84.0,0,UNKNOWN,carga5,0.0,0.0,0,,,,,,
lock_acquired,2026-09-11 10:40:22.416,86.0,0,UNKNOWN,carga5,0.0,0.0,0,,,,,,
lock_acquired,2026-09-11 10:40:22.416,79.0,0,UNKNOWN,carga5,0.0,0.0,0,,,,,,
lock_acquired,2026-09-11 10:40:22.416,79.0,0,UNKNOWN,carga5,0.0,0.0,0,,,,,,
lock_released,2026-09-11 10:40:22.416,88.0,0,UNKNOWN,carga5,0.0,0.0,0,,,,,,
lock_released,2026-09-11 10:40:22.416,85.0,0,UNKNOWN,carga5,0.0,0.0,0,,,,,,
lock_released,2026-09-11 10:40:22.416,77.0,0,UNKNOWN,carga5,0.0,0.0,0,,,,,,
lock_released,2026-09-11 10:40:22.416,77.0,0,UNKNOWN,carga5,0.0,0.0,0,,,,,,
lock_released,2026-09-11 10:40:22.416,86.0,0,UNKNOWN,carga5,0.0,0.0,0,,,,,,
lock_released,2026-09-11 10:40:22.416,86.0,0,UNKNOWN,carga5,0.0,0.0,0,,,,,,
lock_released,2026-09-11 10:40:22.416,78.0,0,UNKNOWN,carga5,0.0,0.0,0,,,,,,
lock_released,2026-09-11 10:40:22.416,87.0,0,UNKNOWN,carga5,0.0,0.0,0,,,,,,
lock_released,2026-09-11 10:40:22.416,87.0,0,UNKNOWN,carga5,0.0,0.0,0,,,,,,
lock_released,2026-09-11 10:40:22.416,88.0,0,UNKNOWN,carga5,0.0,0.0,0,,,,,,
lock_released,2026-09-11 10:40:22.416,79.0,0,UNKNOWN,carga5,0.0,0.0,0,,,,,,
lock_released,2026-09-11 10:40:22.416,85.0,0,UNKNOWN,carga5,0.0,0.0,0,,,,,,
lock_released,2026-09-11 10:40:22.416,78.0,0,UNKNOWN,carga5,0.0,0.0,0,,,,,,
lock_released,2026-09-11 10:40:22.416,84.0,0,UNKNOWN,carga5,0.0,0.0,0,,,,,,
xml_deadlock_report,2026-09-11 10:40:27.452,0.0,SteelNort,UNKNOWN,carga5,13.0,1205.0,Deadlock detected,,,,,,
xml_deadlock_report,2026-09-11 10:40:27.452,0.0,SteelNort,UNKNOWN,carga5,13.0,1205.0,Deadlock detected,,,,,,
xml_deadlock_report,2026-09-11 10:40:27.452,0.0,SteelNort,UNKNOWN,carga5,13.0,1205.0,Deadlock detected,,,,,,
xml_deadlock_report,2026-09-11 10:40:27.452,0.0,SteelNort,UNKNOWN,carga5,13.0,1205.0,Deadlock detected,,,,,,
xml_deadlock_report,2026-09-11 10:40:27.452,0.0,SteelNort,UNKNOWN,carga5,13.0,1205.0,Deadlock detected,,,,,,
xml_deadlock_report,2026-09-11 10:40:27.452,0.0,SteelNort,UNKNOWN,carga5,13.0,1205.0,Deadlock detected,,,,,,
xml_deadlock_report,2026-09-11 10:40:27.452,0.0,SteelNort,UNKNOWN,carga5,13.0,1205.0,Deadlock detected,,,,,,
xml_deadlock_report,2026-09-11 10:40:27.452,0.0,SteelNort,UNKNOWN,carga5,13.0,1205.0,Deadlock detected,,,,,,
xml_deadlock_report,2026-09-11 10:40:27.452,0.0,SteelNort,UNKNOWN,carga5,13.0,1205.0,Deadlock detected,,,,,,
xml_deadlock_report,2026-09-11 10:40:27.452,0.0,SteelNort,UNKNOWN,carga5,13.0,1205.0,Deadlock detected,,,,,,
xml_deadlock_report,2026-09-11 10:40:27.452,0.0,SteelNort,UNKNOWN,carga5,13.0,1205.0,Deadlock detected,,,,,,
xml_deadlock_report,2026-09-11 10:40:27.452,0.0,SteelNort,UNKNOWN,carga5,13.0,1205.0,Deadlock detected,,,,,,
xml_deadlock_report,2026-09-11 10:40:27.452,0.0,SteelNort,UNKNOWN,carga5,13.0,1205.0,Deadlock detected,,,,,,
xml_deadlock_report,2026-09-11 10:40:27.452,0.0,SteelNort,UNKNOWN,carga5,13.0,1205.0,Deadlock detected,,,,,,
xml_deadlock_report,2026-09-11 10:40:27.452,0.0,SteelNort,UNKNOWN,carga5,13.0,1205.0,Deadlock detected,,,,,,
xml_deadlock_report,2026-09-11 10:40:27.452,0.0,SteelNort,UNKNOWN,carga5,13.0,1205.0,Deadlock detected,,,,,,
xml_deadlock_report,2026-09-11 10:40:27.452,0.0,SteelNort,UNKNOWN,carga5,13.0,1205.0,Deadlock detected,,,,,,
xml_deadlock_report,2026-09-11 10:40:27.452,0.0,SteelNort,UNKNOWN,carga5,13.0,1205.0,Deadlock detected,,,,,,
xml_deadlock_report,2026-09-11 10:40:27.452,0.0,SteelNort,UNKNOWN,carga5,13.0,1205.0,Deadlock detected,,,,,,
xml_deadlock_report,2026-09-11 10:40:27.452,0.0,SteelNort,UNKNOWN,carga5,13.0,1205.0,Deadlock detected,,,,,,
xml_deadlock_report,2026-09-11 10:40:27.452,0.0,SteelNort,UNKNOWN,carga5,13.0,1205.0,Deadlock detected,,,,,,
xml_deadlock_report,2026-09-11 10:40:27.452,0.0,SteelNort,UNKNOWN,carga5,13.0,1205.0,Deadlock detected,,,,,,
xml_deadlock_report,2026-09-11 10:40:27.452,0.0,SteelNort,UNKNOWN,carga5,13.0,1205.0,Deadlock detected,,,,,,
xml_deadlock_report,2026-09-11 10:40:27.452,0.0,SteelNort,UNKNOWN,carga5,13.0,1205.0,Deadlock detected,,,,,,
xml_deadlock_report,2026-09-11 10:40:27.452,0.0,SteelNort,UNKNOWN,carga5,13.0,1205.0,Deadlock detected,,,,,,
xml_deadlock_report,2026-09-11 10:40:27.452,0.0,SteelNort,UNKNOWN,carga5,13.0,1205.0,Deadlock detected,,,,,,
xml_deadlock_report,2026-09-11 10:40:27.452,0.0,SteelNort,UNKNOWN,carga5,13.0,1205.0,Deadlock detected,,,,,,
xml_deadlock_report,2026-09-11 10:40:27.452,0.0,SteelNort,UNKNOWN,carga5,13.0,1205.0,Deadlock detected,,,,,,
xml_deadlock_report,2026-09-11 10:40:27.452,0.0,SteelNort,UNKNOWN,carga5,13.0,1205.0,Deadlock detected,,,,,,
xml_deadlock_report,2026-09-11 10:40:27.452,0.0,SteelNort,UNKNOWN,carga5,13.0,1205.0,Deadlock detected,,,,,,
xml_deadlock_report,2026-09-11 10:40:27.452,0.0,SteelNort,UNKNOWN,carga5,13.0,1205.0,Deadlock detected,,,,,,
xml_deadlock_report,2026-09-11 10:40:27.452,0.0,SteelNort,UNKNOWN,carga5,13.0,1205.0,Deadlock detected,,,,,,
xml_deadlock_report,2026-09-11 10:40:27.452,0.0,SteelNort,UNKNOWN,carga5,13.0,1205.0,Deadlock detected,,,,,,
xml_deadlock_report,2026-09-11 10:40:27.452,0.0,SteelNort,UNKNOWN,carga5,13.0,1205.0,Deadlock detected,,,,,,
xml_deadlock_report,2026-09-11 10:40:27.452,0.0,SteelNort,UNKNOWN,carga5,13.0,1205.0,Deadlock detected,,,,,,
xml_deadlock_report,2026-09-11 10:40:27.452,0.0,SteelNort,UNKNOWN,carga5,13.0,1205.0,Deadlock detected,,,,,,
xml_deadlock_report,2026-09-11 10:40:27.452,0.0,SteelNort,UNKNOWN,carga5,13.0,1205.0,Deadlock detected,,,,,,
lock_acquired,2026-09-11 10:40:27.452,88.0,0,UNKNOWN,carga5,0.0,0.0,0,,,,,,
lock_acquired,2026-09-11 10:40:27.452,85.0,0,UNKNOWN,carga5,0.0,0.0,0,,,,,,
lock_acquired,2026-09-11 10:40:27.452,86.0,0,UNKNOWN,carga5,0.0,0.0,0,,,,,,
lock_acquired,2026-09-11 10:40:27.452,86.0,0,UNKNOWN,carga5,0.0,0.0,0,,,,,,
lock_acquired,2026-09-11 10:40:27.452,85.0,0,UNKNOWN,carga5,0.0,0.0,0,,,,,,
lock_released,2026-09-11 10:40:27.452,78.0,0,UNKNOWN,carga5,0.0,0.0,0,,,,,,
lock_released,2026-09-11 10:40:27.452,88.0,0,UNKNOWN,carga5,0.0,0.0,0,,,,,,
lock_released,2026-09-11 10:40:27.452,77.0,0,UNKNOWN,carga5,0.0,0.0,0,,,,,,
lock_released,2026-09-11 10:40:27.452,78.0,0,UNKNOWN,carga5,0.0,0.0,0,,,,,,
lock_released,2026-09-11 10:40:27.452,78.0,0,UNKNOWN,carga5,0.0,0.0,0,,,,,,
lock_released,2026-09-11 10:40:27.452,78.0,0,UNKNOWN,carga5,0.0,0.0,0,,,,,,
lock_released,2026-09-11 10:40:27.452,77.0,0,UNKNOWN,carga5,0.0,0.0,0,,,,,,
lock_released,2026-09-11 10:40:27.452,87.0,0,UNKNOWN,carga5,0.0,0.0,0,,,,,,
lock_released,2026-09-11 10:40:27.452,85.0,0,UNKNOWN,carga5,0.0,0.0,0,,,,,,
lock_released,2026-09-11 10:40:27.452,77.0,0,UNKNOWN,carga5,0.0,0.0,0,,,,,,
lock_released,2026-09-11 10:40:27.452,87.0,0,UNKNOWN,carga5,0.0,0.0,0,,,,,,
lock_released,2026-09-11 10:40:27.452,77.0,0,UNKNOWN,carga5,0.0,0.0,0,,,,,,
lock_released,2026-09-11 10:40:27.452,87.0,0,UNKNOWN,carga5,0.0,0.0,0,,,,,,
lock_released,2026-09-11 10:40:27.452,86.0,0,UNKNOWN,carga5,0.0,0.0,0,,,,,,
lock_released,2026-09-11 10:40:27.452,87.0,0,UNKNOWN,carga5,0.0,0.0,0,,,,,,
xml_deadlock_report,2026-09-11 10:40:32.485,0.0,SteelNort,UNKNOWN,carga5,13.0,1205.0,Deadlock detected,,,,,,
xml_deadlock_report,2026-09-11 10:40:32.485,0.0,SteelNort,UNKNOWN,carga5,13.0,1205.0,Deadlock detected,,,,,,
xml_deadlock_report,2026-09-11 10:40:32.485,0.0,SteelNort,UNKNOWN,carga5,13.0,1205.0,Deadlock detected,,,,,,
xml_deadlock_report,2026-09-11 10:40:32.485,0.0,SteelNort,UNKNOWN,carga5,13.0,1205.0,Deadlock detected,,,,,,
login,2026-09-11 10:40:32.485,89.0,SteelNort,UNKNOWN,carga5,0.0,0.0,0,,,,,,
logout,2026-09-11 10:40:32.485,70.0,0,UNKNOWN,carga5,0.0,0.0,0,,,,,,
lock_acquired,2026-09-11 10:40:32.485,89.0,0,UNKNOWN,carga5,0.0,0.0,0,,,,,,
lock_acquired,2026-09-11 10:40:32.485,89.0,0,UNKNOWN,carga5,0.0,0.0,0,,,,,,
lock_acquired,2026-09-11 10:40:32.485,89.0,0,UNKNOWN,carga5,0.0,0.0,0,,,,,,
lock_released,2026-09-11 10:40:32.485,88.0,0,UNKNOWN,carga5,0.0,0.0,0,,,,,,
lock_released,2026-09-11 10:40:32.485,84.0,0,UNKNOWN,carga5,0.0,0.0,0,,,,,,
lock_released,2026-09-11 10:40:32.485,84.0,0,UNKNOWN,carga5,0.0,0.0,0,,,,,,
lock_released,2026-09-11 10:40:32.485,86.0,0,UNKNOWN,carga5,0.0,0.0,0,,,,,,
lock_released,2026-09-11 10:40:32.485,88.0,0,UNKNOWN,carga5,0.0,0.0,0,,,,,,
lock_released,2026-09-11 10:40:32.485,84.0,0,UNKNOWN,carga5,0.0,0.0,0,,,,,,
lock_released,2026-09-11 10:40:32.485,86.0,0,UNKNOWN,carga5,0.0,0.0,0,,,,,,
lock_released,2026-09-11 10:40:32.485,85.0,0,UNKNOWN,carga5,0.0,0.0,0,,,,,,
lock_released,2026-09-11 10:40:32.485,84.0,0,UNKNOWN,carga5,0.0,0.0,0,,,,,,
lock_released,2026-09-11 10:40:32.485,79.0,0,UNKNOWN,carga5,0.0,0.0,0,,,,,,
lock_released,2026-09-11 10:40:32.485,86.0,0,UNKNOWN,carga5,0.0,0.0,0,,,,,,
lock_released,2026-09-11 10:40:32.485,70.0,0,UNKNOWN,carga5,0.0,0.0,0,,,,,,
lock_released,2026-09-11 10:40:32.485,86.0,0,UNKNOWN,carga5,0.0,0.0,0,,,,,,
lock_released,2026-09-11 10:40:32.485,85.0,0,UNKNOWN,carga5,0.0,0.0,0,,,,,,
lock_released,2026-09-11 10:40:32.485,85.0,0,UNKNOWN,carga5,0.0,0.0,0,,,,,,
lock_released,2026-09-11 10:40:32.485,88.0,0,UNKNOWN,carga5,0.0,0.0,0,,,,,,
lock_released,2026-09-11 10:40:32.485,79.0,0,UNKNOWN,carga5,0.0,0.0,0,,,,,,
lock_released,2026-09-11 10:40:32.485,85.0,0,UNKNOWN,carga5,0.0,0.0,0,,,,,,
lock_released,2026-09-11 10:40:32.485,79.0,0,UNKNOWN,carga5,0.0,0.0,0,,,,,,
lock_released,2026-09-11 10:40:32.485,85.0,0,UNKNOWN,carga5,0.0,0.0,0,,,,,,
lock_released,2026-09-11 10:40:32.485,84.0,0,UNKNOWN,carga5,0.0,0.0,0,,,,,,
lock_released,2026-09-11 10:40:32.485,79.0,0,UNKNOWN,carga5,0.0,0.0,0,,,,,,
lock_released,2026-09-11 10:40:32.485,79.0,0,UNKNOWN,carga5,0.0,0.0,0,,,,,,
lock_released,2026-09-11 10:40:32.485,88.0,0,UNKNOWN,carga5,0.0,0.0,0,,,,,,
lock_released,2026-09-11 10:40:32.485,86.0,0,UNKNOWN,carga5,0.0,0.0,0,,,,,,
logout,2026-09-11 10:40:42.570,75.0,0,UNKNOWN,carga5,0.0,0.0,0,,,,,,
lock_acquired,2026-09-11 10:40:42.570,89.0,0,UNKNOWN,carga5,0.0,0.0,0,,,,,,
lock_released,2026-09-11 10:40:42.570,89.0,0,UNKNOWN,carga5,0.0,0.0,0,,,,,,
lock_released,2026-09-11 10:40:42.570,89.0,0,UNKNOWN,carga5,0.0,0.0,0,,,,,,
lock_released,2026-09-11 10:40:42.570,75.0,0,UNKNOWN,carga5,0.0,0.0,0,,,,,,
lock_acquired,2026-09-11 10:40:47.605,85.0,0,UNKNOWN,carga5,0.0,0.0,0,,,,,,
lock_acquired,2026-09-11 10:40:47.605,86.0,0,UNKNOWN,carga5,0.0,0.0,0,,,,,,
lock_acquired,2026-09-11 10:40:47.605,84.0,0,UNKNOWN,carga5,0.0,0.0,0,,,,,,
lock_acquired,2026-09-11 10:40:47.605,83.0,0,UNKNOWN,carga5,0.0,0.0,0,,,,,,
lock_acquired,2026-09-11 10:40:47.605,77.0,0,UNKNOWN,carga5,0.0,0.0,0,,,,,,
lock_acquired,2026-09-11 10:40:47.605,79.0,0,UNKNOWN,carga5,0.0,0.0,0,,,,,,
lock_acquired,2026-09-11 10:40:47.605,84.0,0,UNKNOWN,carga5,0.0,0.0,0,,,,,,
lock_acquired,2026-09-11 10:40:47.605,86.0,0,UNKNOWN,carga5,0.0,0.0,0,,,,,,
lock_acquired,2026-09-11 10:40:47.605,85.0,0,UNKNOWN,carga5,0.0,0.0,0,,,,,,
lock_acquired,2026-09-11 10:40:47.605,79.0,0,UNKNOWN,carga5,0.0,0.0,0,,,,,,
lock_acquired,2026-09-11 10:40:47.605,83.0,0,UNKNOWN,carga5,0.0,0.0,0,,,,,,
lock_acquired,2026-09-11 10:40:47.605,77.0,0,UNKNOWN,carga5,0.0,0.0,0,,,,,,
lock_released,2026-09-11 10:40:47.605,89.0,0,UNKNOWN,carga5,0.0,0.0,0,,,,,,
logout,2026-09-11 10:40:57.668,81.0,0,UNKNOWN,carga5,0.0,0.0,0,,,,,,
lock_released,2026-09-11 10:40:57.668,82.0,0,UNKNOWN,carga5,0.0,0.0,0,,,,,,
lock_released,2026-09-11 10:40:57.668,81.0,0,UNKNOWN,carga5,0.0,0.0,0,,,,,,
logout,2026-09-11 10:41:02.705,82.0,0,UNKNOWN,carga5,0.0,0.0,0,,,,,,
lock_acquired,2026-09-11 10:41:02.705,76.0,0,UNKNOWN,carga5,0.0,0.0,0,,,,,,
lock_acquired,2026-09-11 10:41:02.705,76.0,0,UNKNOWN,carga5,0.0,0.0,0,,,,,,
lock_released,2026-09-11 10:41:02.705,85.0,0,UNKNOWN,carga5,0.0,0.0,0,,,,,,
lock_released,2026-09-11 10:41:02.705,86.0,0,UNKNOWN,carga5,0.0,0.0,0,,,,,,
lock_released,2026-09-11 10:41:02.705,84.0,0,UNKNOWN,carga5,0.0,0.0,0,,,,,,
lock_released,2026-09-11 10:41:02.705,83.0,0,UNKNOWN,carga5,0.0,0.0,0,,,,,,
lock_released,2026-09-11 10:41:02.705,77.0,0,UNKNOWN,carga5,0.0,0.0,0,,,,,,
lock_released,2026-09-11 10:41:02.705,79.0,0,UNKNOWN,carga5,0.0,0.0,0,,,,,,
lock_released,2026-09-11 10:41:02.705,84.0,0,UNKNOWN,carga5,0.0,0.0,0,,,,,,
lock_released,2026-09-11 10:41:02.705,86.0,0,UNKNOWN,carga5,0.0,0.0,0,,,,,,
lock_released,2026-09-11 10:41:02.705,85.0,0,UNKNOWN,carga5,0.0,0.0,0,,,,,,
lock_released,2026-09-11 10:41:02.705,79.0,0,UNKNOWN,carga5,0.0,0.0,0,,,,,,
lock_released,2026-09-11 10:41:02.705,83.0,0,UNKNOWN,carga5,0.0,0.0,0,,,,,,
lock_released,2026-09-11 10:41:02.705,77.0,0,UNKNOWN,carga5,0.0,0.0,0,,,,,,
lock_acquired,2026-09-11 10:41:12.762,76.0,0,UNKNOWN,carga5,0.0,0.0,0,,,,,,
lock_acquired,2026-09-11 10:41:12.762,76.0,0,UNKNOWN,carga5,0.0,0.0,0,,,,,,
lock_released,2026-09-11 10:41:12.762,76.0,0,UNKNOWN,carga5,0.0,0.0,0,,,,,,
login,2026-09-11 10:41:17.802,81.0,SteelNort,UNKNOWN,carga5,0.0,0.0,0,,,,,,
login,2026-09-11 10:41:17.802,82.0,SteelNort,UNKNOWN,carga5,0.0,0.0,0,,,,,,
login,2026-09-11 10:41:17.802,75.0,SteelNort,UNKNOWN,carga5,0.0,0.0,0,,,,,,
login,2026-09-11 10:41:17.802,70.0,SteelNort,UNKNOWN,carga5,0.0,0.0,0,,,,,,
lock_acquired,2026-09-11 10:41:17.802,84.0,0,UNKNOWN,carga5,0.0,0.0,0,,,,,,
lock_acquired,2026-09-11 10:41:17.802,77.0,0,UNKNOWN,carga5,0.0,0.0,0,,,,,,
lock_acquired,2026-09-11 10:41:17.802,75.0,0,UNKNOWN,carga5,0.0,0.0,0,,,,,,
lock_acquired,2026-09-11 10:41:17.802,86.0,0,UNKNOWN,carga5,0.0,0.0,0,,,,,,
lock_acquired,2026-09-11 10:41:17.802,84.0,0,UNKNOWN,carga5,0.0,0.0,0,,,,,,
lock_acquired,2026-09-11 10:41:17.802,79.0,0,UNKNOWN,carga5,0.0,0.0,0,,,,,,
lock_acquired,2026-09-11 10:41:17.802,86.0,0,UNKNOWN,carga5,0.0,0.0,0,,,,,,
lock_acquired,2026-09-11 10:41:17.802,82.0,0,UNKNOWN,carga5,0.0,0.0,0,,,,,,
lock_acquired,2026-09-11 10:41:17.802,82.0,0,UNKNOWN,carga5,0.0,0.0,0,,,,,,
lock_acquired,2026-09-11 10:41:17.802,70.0,0,UNKNOWN,carga5,0.0,0.0,0,,,,,,
lock_acquired,2026-09-11 10:41:17.802,75.0,0,UNKNOWN,carga5,0.0,0.0,0,,,,,,
lock_acquired,2026-09-11 10:41:17.802,70.0,0,UNKNOWN,carga5,0.0,0.0,0,,,,,,
lock_acquired,2026-09-11 10:41:17.802,81.0,0,UNKNOWN,carga5,0.0,0.0,0,,,,,,
lock_acquired,2026-09-11 10:41:17.802,81.0,0,UNKNOWN,carga5,0.0,0.0,0,,,,,,
lock_acquired,2026-09-11 10:41:17.802,79.0,0,UNKNOWN,carga5,0.0,0.0,0,,,,,,
lock_acquired,2026-09-11 10:41:17.802,77.0,0,UNKNOWN,carga5,0.0,0.0,0,,,,,,
lock_acquired,2026-09-11 10:41:17.802,82.0,0,UNKNOWN,carga5,0.0,0.0,0,,,,,,
lock_acquired,2026-09-11 10:41:17.802,70.0,0,UNKNOWN,carga5,0.0,0.0,0,,,,,,
lock_acquired,2026-09-11 10:41:17.802,84.0,0,UNKNOWN,carga5,0.0,0.0,0,,,,,,
lock_acquired,2026-09-11 10:41:17.802,79.0,0,UNKNOWN,carga5,0.0,0.0,0,,,,,,
lock_acquired,2026-09-11 10:41:17.802,75.0,0,UNKNOWN,carga5,0.0,0.0,0,,,,,,
lock_acquired,2026-09-11 10:41:17.802,81.0,0,UNKNOWN,carga5,0.0,0.0,0,,,,,,
lock_acquired,2026-09-11 10:41:17.802,75.0,0,UNKNOWN,carga5,0.0,0.0,0,,,,,,
lock_acquired,2026-09-11 10:41:17.802,70.0,0,UNKNOWN,carga5,0.0,0.0,0,,,,,,
lock_acquired,2026-09-11 10:41:17.802,86.0,0,UNKNOWN,carga5,0.0,0.0,0,,,,,,
lock_acquired,2026-09-11 10:41:17.802,81.0,0,UNKNOWN,carga5,0.0,0.0,0,,,,,,
lock_acquired,2026-09-11 10:41:17.802,77.0,0,UNKNOWN,carga5,0.0,0.0,0,,,,,,
lock_acquired,2026-09-11 10:41:17.802,82.0,0,UNKNOWN,carga5,0.0,0.0,0,,,,,,
lock_released,2026-09-11 10:41:17.802,76.0,0,UNKNOWN,carga5,0.0,0.0,0,,,,,,
lock_released,2026-09-11 10:41:17.802,76.0,0,UNKNOWN,carga5,0.0,0.0,0,,,,,,
lock_released,2026-09-11 10:41:17.802,76.0,0,UNKNOWN,carga5,0.0,0.0,0,,,,,,
login,2026-09-11 10:41:33.148,90.0,SteelNort,UNKNOWN,carga5,0.0,0.0,0,,,,,,
lock_acquired,2026-09-11 10:41:33.148,74.0,0,UNKNOWN,carga5,0.0,0.0,0,,,,,,
logout,2026-09-11 10:41:38.389,88.0,0,UNKNOWN,carga5,0.0,0.0,0,,,,,,
logout,2026-09-11 10:41:38.389,78.0,0,UNKNOWN,carga5,0.0,0.0,0,,,,,,
logout,2026-09-11 10:41:38.389,87.0,0,UNKNOWN,carga5,0.0,0.0,0,,,,,,
lock_acquired,2026-09-11 10:41:38.389,89.0,0,UNKNOWN,carga5,0.0,0.0,0,,,,,,
lock_acquired,2026-09-11 10:41:38.389,89.0,0,UNKNOWN,carga5,0.0,0.0,0,,,,,,
lock_released,2026-09-11 10:41:38.389,84.0,0,UNKNOWN,carga5,0.0,0.0,0,,,,,,
lock_released,2026-09-11 10:41:38.389,77.0,0,UNKNOWN,carga5,0.0,0.0,0,,,,,,
lock_released,2026-09-11 10:41:38.389,75.0,0,UNKNOWN,carga5,0.0,0.0,0,,,,,,
lock_released,2026-09-11 10:41:38.389,86.0,0,UNKNOWN,carga5,0.0,0.0,0,,,,,,
lock_released,2026-09-11 10:41:38.389,84.0,0,UNKNOWN,carga5,0.0,0.0,0,,,,,,
lock_released,2026-09-11 10:41:38.389,79.0,0,UNKNOWN,carga5,0.0,0.0,0,,,,,,
lock_released,2026-09-11 10:41:38.389,86.0,0,UNKNOWN,carga5,0.0,0.0,0,,,,,,
lock_released,2026-09-11 10:41:38.389,82.0,0,UNKNOWN,carga5,0.0,0.0,0,,,,,,
lock_released,2026-09-11 10:41:38.389,75.0,0,UNKNOWN,carga5,0.0,0.0,0,,,,,,
lock_released,2026-09-11 10:41:38.389,70.0,0,UNKNOWN,carga5,0.0,0.0,0,,,,,,
lock_released,2026-09-11 10:41:38.389,81.0,0,UNKNOWN,carga5,0.0,0.0,0,,,,,,
lock_released,2026-09-11 10:41:38.389,78.0,0,UNKNOWN,carga5,0.0,0.0,0,,,,,,
lock_released,2026-09-11 10:41:38.389,88.0,0,UNKNOWN,carga5,0.0,0.0,0,,,,,,
lock_released,2026-09-11 10:41:38.389,77.0,0,UNKNOWN,carga5,0.0,0.0,0,,,,,,
lock_released,2026-09-11 10:41:38.389,79.0,0,UNKNOWN,carga5,0.0,0.0,0,,,,,,
lock_released,2026-09-11 10:41:38.389,82.0,0,UNKNOWN,carga5,0.0,0.0,0,,,,,,
lock_released,2026-09-11 10:41:38.389,70.0,0,UNKNOWN,carga5,0.0,0.0,0,,,,,,
lock_released,2026-09-11 10:41:38.389,74.0,0,UNKNOWN,carga5,0.0,0.0,0,,,,,,
lock_released,2026-09-11 10:41:38.389,84.0,0,UNKNOWN,carga5,0.0,0.0,0,,,,,,
lock_released,2026-09-11 10:41:38.389,79.0,0,UNKNOWN,carga5,0.0,0.0,0,,,,,,
lock_released,2026-09-11 10:41:38.389,81.0,0,UNKNOWN,carga5,0.0,0.0,0,,,,,,
lock_released,2026-09-11 10:41:38.389,75.0,0,UNKNOWN,carga5,0.0,0.0,0,,,,,,
lock_released,2026-09-11 10:41:38.389,70.0,0,UNKNOWN,carga5,0.0,0.0,0,,,,,,
lock_released,2026-09-11 10:41:38.389,86.0,0,UNKNOWN,carga5,0.0,0.0,0,,,,,,
lock_released,2026-09-11 10:41:38.389,81.0,0,UNKNOWN,carga5,0.0,0.0,0,,,,,,
lock_released,2026-09-11 10:41:38.389,87.0,0,UNKNOWN,carga5,0.0,0.0,0,,,,,,
lock_released,2026-09-11 10:41:38.389,77.0,0,UNKNOWN,carga5,0.0,0.0,0,,,,,,
lock_released,2026-09-11 10:41:38.389,82.0,0,UNKNOWN,carga5,0.0,0.0,0,,,,,,
logout,2026-09-11 10:41:43.443,90.0,0,UNKNOWN,carga5,0.0,0.0,0,,,,,,
lock_released,2026-09-11 10:41:48.484,89.0,0,UNKNOWN,carga5,0.0,0.0,0,,,,,,
lock_released,2026-09-11 10:41:48.484,89.0,0,UNKNOWN,carga5,0.0,0.0,0,,,,,,
login,2026-09-11 10:41:53.526,78.0,SteelNort,UNKNOWN,carga5,0.0,0.0,0,,,,,,
lock_acquired,2026-09-11 10:41:53.526,78.0,0,UNKNOWN,carga5,0.0,0.0,0,,,,,,
lock_acquired,2026-09-11 10:42:08.790,76.0,0,UNKNOWN,carga5,0.0,0.0,0,,,,,,
lock_acquired,2026-09-11 10:42:08.790,76.0,0,UNKNOWN,carga5,0.0,0.0,0,,,,,,
lock_acquired,2026-09-11 10:42:13.825,76.0,0,UNKNOWN,carga5,0.0,0.0,0,,,,,,
lock_acquired,2026-09-11 10:42:13.825,76.0,0,UNKNOWN,carga5,0.0,0.0,0,,,,,,
lock_released,2026-09-11 10:42:13.825,76.0,0,UNKNOWN,carga5,0.0,0.0,0,,,,,,
lock_released,2026-09-11 10:42:13.825,76.0,0,UNKNOWN,carga5,0.0,0.0,0,,,,,,
logout,2026-09-11 10:42:18.876,85.0,0,UNKNOWN,carga5,0.0,0.0,0,,,,,,
lock_acquired,2026-09-11 10:42:18.876,76.0,0,UNKNOWN,carga5,0.0,0.0,0,,,,,,
lock_acquired,2026-09-11 10:42:18.876,76.0,0,UNKNOWN,carga5,0.0,0.0,0,,,,,,
lock_released,2026-09-11 10:42:18.876,85.0,0,UNKNOWN,carga5,0.0,0.0,0,,,,,,
lock_released,2026-09-11 10:42:18.876,76.0,0,UNKNOWN,carga5,0.0,0.0,0,,,,,,
logout,2026-09-11 10:42:23.917,70.0,0,UNKNOWN,carga5,0.0,0.0,0,,,,,,
logout,2026-09-11 10:42:23.917,75.0,0,UNKNOWN,carga5,0.0,0.0,0,,,,,,
logout,2026-09-11 10:42:23.917,76.0,0,UNKNOWN,carga5,0.0,0.0,0,,,,,,
logout,2026-09-11 10:42:23.917,77.0,0,UNKNOWN,carga5,0.0,0.0,0,,,,,,
logout,2026-09-11 10:42:23.917,78.0,0,UNKNOWN,carga5,0.0,0.0,0,,,,,,
logout,2026-09-11 10:42:23.917,79.0,0,UNKNOWN,carga5,0.0,0.0,0,,,,,,
logout,2026-09-11 10:42:23.917,81.0,0,UNKNOWN,carga5,0.0,0.0,0,,,,,,
logout,2026-09-11 10:42:23.917,82.0,0,UNKNOWN,carga5,0.0,0.0,0,,,,,,
logout,2026-09-11 10:42:23.917,83.0,0,UNKNOWN,carga5,0.0,0.0,0,,,,,,
logout,2026-09-11 10:42:23.917,84.0,0,UNKNOWN,carga5,0.0,0.0,0,,,,,,
logout,2026-09-11 10:42:23.917,86.0,0,UNKNOWN,carga5,0.0,0.0,0,,,,,,
logout,2026-09-11 10:42:23.917,89.0,0,UNKNOWN,carga5,0.0,0.0,0,,,,,,
lock_released,2026-09-11 10:42:23.917,77.0,0,UNKNOWN,carga5,0.0,0.0,0,,,,,,
lock_released,2026-09-11 10:42:23.917,70.0,0,UNKNOWN,carga5,0.0,0.0,0,,,,,,
lock_released,2026-09-11 10:42:23.917,82.0,0,UNKNOWN,carga5,0.0,0.0,0,,,,,,
lock_released,2026-09-11 10:42:23.917,76.0,0,UNKNOWN,carga5,0.0,0.0,0,,,,,,
lock_released,2026-09-11 10:42:23.917,83.0,0,UNKNOWN,carga5,0.0,0.0,0,,,,,,
lock_released,2026-09-11 10:42:23.917,86.0,0,UNKNOWN,carga5,0.0,0.0,0,,,,,,
lock_released,2026-09-11 10:42:23.917,76.0,0,UNKNOWN,carga5,0.0,0.0,0,,,,,,
lock_released,2026-09-11 10:42:23.917,76.0,0,UNKNOWN,carga5,0.0,0.0,0,,,,,,
lock_released,2026-09-11 10:42:23.917,89.0,0,UNKNOWN,carga5,0.0,0.0,0,,,,,,
lock_released,2026-09-11 10:42:23.917,81.0,0,UNKNOWN,carga5,0.0,0.0,0,,,,,,
lock_released,2026-09-11 10:42:23.917,84.0,0,UNKNOWN,carga5,0.0,0.0,0,,,,,,
lock_released,2026-09-11 10:42:23.917,76.0,0,UNKNOWN,carga5,0.0,0.0,0,,,,,,
lock_released,2026-09-11 10:42:23.917,78.0,0,UNKNOWN,carga5,0.0,0.0,0,,,,,,
lock_released,2026-09-11 10:42:23.917,75.0,0,UNKNOWN,carga5,0.0,0.0,0,,,,,,
lock_released,2026-09-11 10:42:23.917,79.0,0,UNKNOWN,carga5,0.0,0.0,0,,,,,,
login,2026-09-11 03:03:27.030,96.0,SteelNort,UNKNOWN,carga7,,,,,,,,,
login,2026-09-11 03:03:27.030,97.0,SteelNort,UNKNOWN,carga7,,,,,,,,,
login,2026-09-11 03:03:27.030,98.0,SteelNort,UNKNOWN,carga7,,,,,,,,,
login,2026-09-11 03:03:27.030,86.0,SteelNort,UNKNOWN,carga7,,,,,,,,,
login,2026-09-11 03:03:27.030,88.0,SteelNort,UNKNOWN,carga7,,,,,,,,,
login,2026-09-11 03:03:27.030,89.0,SteelNort,UNKNOWN,carga7,,,,,,,,,
login,2026-09-11 03:03:27.030,90.0,SteelNort,UNKNOWN,carga7,,,,,,,,,
login,2026-09-11 03:03:27.030,91.0,SteelNort,UNKNOWN,carga7,,,,,,,,,
login,2026-09-11 03:03:27.030,92.0,SteelNort,UNKNOWN,carga7,,,,,,,,,
login,2026-09-11 03:03:27.030,93.0,SteelNort,UNKNOWN,carga7,,,,,,,,,
login,2026-09-11 03:03:27.030,94.0,SteelNort,UNKNOWN,carga7,,,,,,,,,
login,2026-09-11 03:03:27.030,95.0,SteelNort,UNKNOWN,carga7,,,,,,,,,
lock_acquired,2026-09-11 03:03:27.030,90.0,0,UNKNOWN,carga7,,,,,,,,,
lock_acquired,2026-09-11 03:03:27.030,96.0,0,UNKNOWN,carga7,,,,,,,,,
lock_acquired,2026-09-11 03:03:27.030,97.0,0,UNKNOWN,carga7,,,,,,,,,
lock_acquired,2026-09-11 03:03:27.030,89.0,0,UNKNOWN,carga7,,,,,,,,,
lock_acquired,2026-09-11 03:03:27.030,98.0,0,UNKNOWN,carga7,,,,,,,,,
lock_acquired,2026-09-11 03:03:27.030,92.0,0,UNKNOWN,carga7,,,,,,,,,
lock_acquired,2026-09-11 03:03:27.030,86.0,0,UNKNOWN,carga7,,,,,,,,,
lock_acquired,2026-09-11 03:03:27.030,89.0,0,UNKNOWN,carga7,,,,,,,,,
lock_acquired,2026-09-11 03:03:27.030,95.0,0,UNKNOWN,carga7,,,,,,,,,
lock_acquired,2026-09-11 03:03:27.030,89.0,0,UNKNOWN,carga7,,,,,,,,,
lock_acquired,2026-09-11 03:03:27.030,95.0,0,UNKNOWN,carga7,,,,,,,,,
lock_acquired,2026-09-11 03:03:27.030,95.0,0,UNKNOWN,carga7,,,,,,,,,
lock_acquired,2026-09-11 03:03:27.030,90.0,0,UNKNOWN,carga7,,,,,,,,,
lock_acquired,2026-09-11 03:03:27.030,96.0,0,UNKNOWN,carga7,,,,,,,,,
lock_acquired,2026-09-11 03:03:27.030,97.0,0,UNKNOWN,carga7,,,,,,,,,
lock_acquired,2026-09-11 03:03:27.030,92.0,0,UNKNOWN,carga7,,,,,,,,,
lock_acquired,2026-09-11 03:03:27.030,97.0,0,UNKNOWN,carga7,,,,,,,,,
lock_acquired,2026-09-11 03:03:27.030,92.0,0,UNKNOWN,carga7,,,,,,,,,
lock_acquired,2026-09-11 03:03:27.030,95.0,0,UNKNOWN,carga7,,,,,,,,,
lock_acquired,2026-09-11 03:03:27.030,91.0,0,UNKNOWN,carga7,,,,,,,,,
lock_acquired,2026-09-11 03:03:27.030,94.0,0,UNKNOWN,carga7,,,,,,,,,
lock_acquired,2026-09-11 03:03:27.030,93.0,0,UNKNOWN,carga7,,,,,,,,,
lock_acquired,2026-09-11 03:03:27.030,90.0,0,UNKNOWN,carga7,,,,,,,,,
lock_acquired,2026-09-11 03:03:27.030,88.0,0,UNKNOWN,carga7,,,,,,,,,
lock_acquired,2026-09-11 03:03:27.030,90.0,0,UNKNOWN,carga7,,,,,,,,,
lock_acquired,2026-09-11 03:03:27.030,96.0,0,UNKNOWN,carga7,,,,,,,,,
lock_released,2026-09-11 03:03:27.030,77.0,0,UNKNOWN,carga7,,,,,,,,,
lock_released,2026-09-11 03:03:27.030,77.0,0,UNKNOWN,carga7,,,,,,,,,
lock_released,2026-09-11 03:03:27.030,77.0,0,UNKNOWN,carga7,,,,,,,,,
lock_released,2026-09-11 03:03:27.030,77.0,0,UNKNOWN,carga7,,,,,,,,,
lock_acquired,2026-09-11 03:03:32.109,97.0,0,UNKNOWN,carga7,,,,,,,,,
lock_acquired,2026-09-11 03:03:32.109,93.0,0,UNKNOWN,carga7,,,,,,,,,
lock_acquired,2026-09-11 03:03:32.109,95.0,0,UNKNOWN,carga7,,,,,,,,,
lock_acquired,2026-09-11 03:03:32.109,97.0,0,UNKNOWN,carga7,,,,,,,,,
lock_acquired,2026-09-11 03:03:32.109,95.0,0,UNKNOWN,carga7,,,,,,,,,
lock_acquired,2026-09-11 03:03:32.109,93.0,0,UNKNOWN,carga7,,,,,,,,,
lock_released,2026-09-11 03:03:32.109,97.0,0,UNKNOWN,carga7,,,,,,,,,
lock_released,2026-09-11 03:03:32.109,90.0,0,UNKNOWN,carga7,,,,,,,,,
lock_released,2026-09-11 03:03:32.109,95.0,0,UNKNOWN,carga7,,,,,,,,,
lock_released,2026-09-11 03:03:32.109,89.0,0,UNKNOWN,carga7,,,,,,,,,
lock_released,2026-09-11 03:03:32.109,90.0,0,UNKNOWN,carga7,,,,,,,,,
lock_released,2026-09-11 03:03:32.109,97.0,0,UNKNOWN,carga7,,,,,,,,,
lock_released,2026-09-11 03:03:32.109,95.0,0,UNKNOWN,carga7,,,,,,,,,
lock_released,2026-09-11 03:03:32.109,89.0,0,UNKNOWN,carga7,,,,,,,,,
lock_released,2026-09-11 03:03:32.109,92.0,0,UNKNOWN,carga7,,,,,,,,,
lock_released,2026-09-11 03:03:32.109,95.0,0,UNKNOWN,carga7,,,,,,,,,
lock_released,2026-09-11 03:03:32.109,92.0,0,UNKNOWN,carga7,,,,,,,,,
lock_acquired,2026-09-11 03:03:37.165,97.0,0,UNKNOWN,carga7,,,,,,,,,
lock_acquired,2026-09-11 03:03:37.165,89.0,0,UNKNOWN,carga7,,,,,,,,,
lock_acquired,2026-09-11 03:03:37.165,91.0,0,UNKNOWN,carga7,,,,,,,,,
lock_acquired,2026-09-11 03:03:37.165,92.0,0,UNKNOWN,carga7,,,,,,,,,
lock_acquired,2026-09-11 03:03:37.165,93.0,0,UNKNOWN,carga7,,,,,,,,,
lock_acquired,2026-09-11 03:03:37.165,98.0,0,UNKNOWN,carga7,,,,,,,,,
lock_acquired,2026-09-11 03:03:37.165,98.0,0,UNKNOWN,carga7,,,,,,,,,
lock_acquired,2026-09-11 03:03:37.165,95.0,0,UNKNOWN,carga7,,,,,,,,,
lock_acquired,2026-09-11 03:03:37.165,89.0,0,UNKNOWN,carga7,,,,,,,,,
lock_acquired,2026-09-11 03:03:37.165,97.0,0,UNKNOWN,carga7,,,,,,,,,
lock_acquired,2026-09-11 03:03:37.165,95.0,0,UNKNOWN,carga7,,,,,,,,,
lock_acquired,2026-09-11 03:03:37.165,94.0,0,UNKNOWN,carga7,,,,,,,,,
lock_acquired,2026-09-11 03:03:37.165,94.0,0,UNKNOWN,carga7,,,,,,,,,
lock_acquired,2026-09-11 03:03:37.165,91.0,0,UNKNOWN,carga7,,,,,,,,,
lock_acquired,2026-09-11 03:03:37.165,91.0,0,UNKNOWN,carga7,,,,,,,,,
lock_acquired,2026-09-11 03:03:37.165,92.0,0,UNKNOWN,carga7,,,,,,,,,
lock_acquired,2026-09-11 03:03:37.165,93.0,0,UNKNOWN,carga7,,,,,,,,,
lock_acquired,2026-09-11 03:03:37.165,94.0,0,UNKNOWN,carga7,,,,,,,,,
lock_acquired,2026-09-11 03:03:37.165,90.0,0,UNKNOWN,carga7,,,,,,,,,
lock_released,2026-09-11 03:03:37.165,97.0,0,UNKNOWN,carga7,,,,,,,,,
lock_released,2026-09-11 03:03:37.165,93.0,0,UNKNOWN,carga7,,,,,,,,,
lock_released,2026-09-11 03:03:37.165,95.0,0,UNKNOWN,carga7,,,,,,,,,
lock_released,2026-09-11 03:03:37.165,97.0,0,UNKNOWN,carga7,,,,,,,,,
lock_released,2026-09-11 03:03:37.165,93.0,0,UNKNOWN,carga7,,,,,,,,,
lock_acquired,2026-09-11 03:03:42.232,93.0,0,UNKNOWN,carga7,,,,,,,,,
lock_acquired,2026-09-11 03:03:42.232,92.0,0,UNKNOWN,carga7,,,,,,,,,
lock_acquired,2026-09-11 03:03:42.232,92.0,0,UNKNOWN,carga7,,,,,,,,,
lock_acquired,2026-09-11 03:03:42.232,90.0,0,UNKNOWN,carga7,,,,,,,,,
lock_acquired,2026-09-11 03:03:42.232,91.0,0,UNKNOWN,carga7,,,,,,,,,
lock_acquired,2026-09-11 03:03:42.232,94.0,0,UNKNOWN,carga7,,,,,,,,,
lock_acquired,2026-09-11 03:03:42.232,89.0,0,UNKNOWN,carga7,,,,,,,,,
lock_acquired,2026-09-11 03:03:42.232,98.0,0,UNKNOWN,carga7,,,,,,,,,
lock_acquired,2026-09-11 03:03:42.232,98.0,0,UNKNOWN,carga7,,,,,,,,,
lock_acquired,2026-09-11 03:03:42.232,95.0,0,UNKNOWN,carga7,,,,,,,,,
lock_acquired,2026-09-11 03:03:42.232,89.0,0,UNKNOWN,carga7,,,,,,,,,
lock_acquired,2026-09-11 03:03:42.232,92.0,0,UNKNOWN,carga7,,,,,,,,,
lock_acquired,2026-09-11 03:03:42.232,91.0,0,UNKNOWN,carga7,,,,,,,,,
lock_released,2026-09-11 03:03:42.232,97.0,0,UNKNOWN,carga7,,,,,,,,,
lock_released,2026-09-11 03:03:42.232,91.0,0,UNKNOWN,carga7,,,,,,,,,
lock_released,2026-09-11 03:03:42.232,91.0,0,UNKNOWN,carga7,,,,,,,,,
lock_released,2026-09-11 03:03:42.232,98.0,0,UNKNOWN,carga7,,,,,,,,,
lock_released,2026-09-11 03:03:42.232,97.0,0,UNKNOWN,carga7,,,,,,,,,
lock_released,2026-09-11 03:03:42.232,89.0,0,UNKNOWN,carga7,,,,,,,,,
lock_released,2026-09-11 03:03:42.232,91.0,0,UNKNOWN,carga7,,,,,,,,,
lock_released,2026-09-11 03:03:42.232,98.0,0,UNKNOWN,carga7,,,,,,,,,
lock_released,2026-09-11 03:03:42.232,95.0,0,UNKNOWN,carga7,,,,,,,,,
lock_released,2026-09-11 03:03:42.232,92.0,0,UNKNOWN,carga7,,,,,,,,,
lock_released,2026-09-11 03:03:42.232,94.0,0,UNKNOWN,carga7,,,,,,,,,
lock_released,2026-09-11 03:03:42.232,94.0,0,UNKNOWN,carga7,,,,,,,,,
lock_released,2026-09-11 03:03:42.232,92.0,0,UNKNOWN,carga7,,,,,,,,,
lock_released,2026-09-11 03:03:42.232,95.0,0,UNKNOWN,carga7,,,,,,,,,
lock_released,2026-09-11 03:03:42.232,89.0,0,UNKNOWN,carga7,,,,,,,,,
lock_released,2026-09-11 03:03:42.232,94.0,0,UNKNOWN,carga7,,,,,,,,,
lock_released,2026-09-11 03:03:42.232,90.0,0,UNKNOWN,carga7,,,,,,,,,
lock_acquired,2026-09-11 03:03:47.294,97.0,0,UNKNOWN,carga7,,,,,,,,,
lock_acquired,2026-09-11 03:03:47.294,98.0,0,UNKNOWN,carga7,,,,,,,,,
lock_acquired,2026-09-11 03:03:47.294,91.0,0,UNKNOWN,carga7,,,,,,,,,
lock_acquired,2026-09-11 03:03:47.294,97.0,0,UNKNOWN,carga7,,,,,,,,,
lock_acquired,2026-09-11 03:03:47.294,91.0,0,UNKNOWN,carga7,,,,,,,,,
lock_acquired,2026-09-11 03:03:47.294,95.0,0,UNKNOWN,carga7,,,,,,,,,
lock_acquired,2026-09-11 03:03:47.294,90.0,0,UNKNOWN,carga7,,,,,,,,,
lock_acquired,2026-09-11 03:03:47.294,95.0,0,UNKNOWN,carga7,,,,,,,,,
lock_released,2026-09-11 03:03:47.294,93.0,0,UNKNOWN,carga7,,,,,,,,,
lock_released,2026-09-11 03:03:47.294,92.0,0,UNKNOWN,carga7,,,,,,,,,
lock_released,2026-09-11 03:03:47.294,92.0,0,UNKNOWN,carga7,,,,,,,,,
lock_released,2026-09-11 03:03:47.294,90.0,0,UNKNOWN,carga7,,,,,,,,,
lock_released,2026-09-11 03:03:47.294,91.0,0,UNKNOWN,carga7,,,,,,,,,
lock_released,2026-09-11 03:03:47.294,94.0,0,UNKNOWN,carga7,,,,,,,,,
lock_released,2026-09-11 03:03:47.294,93.0,0,UNKNOWN,carga7,,,,,,,,,
lock_released,2026-09-11 03:03:47.294,89.0,0,UNKNOWN,carga7,,,,,,,,,
lock_released,2026-09-11 03:03:47.294,98.0,0,UNKNOWN,carga7,,,,,,,,,
lock_released,2026-09-11 03:03:47.294,98.0,0,UNKNOWN,carga7,,,,,,,,,
lock_released,2026-09-11 03:03:47.294,89.0,0,UNKNOWN,carga7,,,,,,,,,
lock_released,2026-09-11 03:03:47.294,95.0,0,UNKNOWN,carga7,,,,,,,,,
lock_released,2026-09-11 03:03:47.294,92.0,0,UNKNOWN,carga7,,,,,,,,,
lock_released,2026-09-11 03:03:47.294,91.0,0,UNKNOWN,carga7,,,,,,,,,
lock_released,2026-09-11 03:03:47.294,93.0,0,UNKNOWN,carga7,,,,,,,,,
lock_released,2026-09-11 03:03:47.294,90.0,0,UNKNOWN,carga7,,,,,,,,,
lock_acquired,2026-09-11 03:03:52.329,98.0,0,UNKNOWN,carga7,,,,,,,,,
lock_acquired,2026-09-11 03:03:52.329,95.0,0,UNKNOWN,carga7,,,,,,,,,
lock_acquired,2026-09-11 03:03:52.329,97.0,0,UNKNOWN,carga7,,,,,,,,,
lock_acquired,2026-09-11 03:03:52.329,94.0,0,UNKNOWN,carga7,,,,,,,,,
lock_acquired,2026-09-11 03:03:52.329,97.0,0,UNKNOWN,carga7,,,,,,,,,
lock_acquired,2026-09-11 03:03:52.329,90.0,0,UNKNOWN,carga7,,,,,,,,,
lock_acquired,2026-09-11 03:03:52.329,90.0,0,UNKNOWN,carga7,,,,,,,,,
lock_acquired,2026-09-11 03:03:52.329,90.0,0,UNKNOWN,carga7,,,,,,,,,
lock_acquired,2026-09-11 03:03:52.329,97.0,0,UNKNOWN,carga7,,,,,,,,,
lock_released,2026-09-11 03:03:52.329,97.0,0,UNKNOWN,carga7,,,,,,,,,
lock_released,2026-09-11 03:03:52.329,91.0,0,UNKNOWN,carga7,,,,,,,,,
lock_released,2026-09-11 03:03:52.329,97.0,0,UNKNOWN,carga7,,,,,,,,,
lock_released,2026-09-11 03:03:52.329,91.0,0,UNKNOWN,carga7,,,,,,,,,
lock_released,2026-09-11 03:03:52.329,95.0,0,UNKNOWN,carga7,,,,,,,,,
lock_released,2026-09-11 03:03:52.329,90.0,0,UNKNOWN,carga7,,,,,,,,,
lock_released,2026-09-11 03:03:52.329,95.0,0,UNKNOWN,carga7,,,,,,,,,
lock_released,2026-09-11 03:03:52.329,95.0,0,UNKNOWN,carga7,,,,,,,,,
lock_released,2026-09-11 03:03:52.329,96.0,0,UNKNOWN,carga7,,,,,,,,,
lock_released,2026-09-11 03:03:52.329,96.0,0,UNKNOWN,carga7,,,,,,,,,
lock_acquired,2026-09-11 03:03:57.373,97.0,0,UNKNOWN,carga7,,,,,,,,,
lock_acquired,2026-09-11 03:03:57.373,90.0,0,UNKNOWN,carga7,,,,,,,,,
lock_acquired,2026-09-11 03:03:57.373,89.0,0,UNKNOWN,carga7,,,,,,,,,
lock_acquired,2026-09-11 03:03:57.373,96.0,0,UNKNOWN,carga7,,,,,,,,,
lock_acquired,2026-09-11 03:03:57.373,98.0,0,UNKNOWN,carga7,,,,,,,,,
lock_acquired,2026-09-11 03:03:57.373,94.0,0,UNKNOWN,carga7,,,,,,,,,
lock_acquired,2026-09-11 03:03:57.373,93.0,0,UNKNOWN,carga7,,,,,,,,,
lock_acquired,2026-09-11 03:03:57.373,96.0,0,UNKNOWN,carga7,,,,,,,,,
lock_acquired,2026-09-11 03:03:57.373,95.0,0,UNKNOWN,carga7,,,,,,,,,
lock_acquired,2026-09-11 03:03:57.373,95.0,0,UNKNOWN,carga7,,,,,,,,,
lock_acquired,2026-09-11 03:03:57.373,92.0,0,UNKNOWN,carga7,,,,,,,,,
lock_acquired,2026-09-11 03:03:57.373,89.0,0,UNKNOWN,carga7,,,,,,,,,
lock_acquired,2026-09-11 03:03:57.373,96.0,0,UNKNOWN,carga7,,,,,,,,,
lock_acquired,2026-09-11 03:03:57.373,93.0,0,UNKNOWN,carga7,,,,,,,,,
lock_acquired,2026-09-11 03:03:57.373,90.0,0,UNKNOWN,carga7,,,,,,,,,
lock_released,2026-09-11 03:03:57.373,98.0,0,UNKNOWN,carga7,,,,,,,,,
lock_released,2026-09-11 03:03:57.373,95.0,0,UNKNOWN,carga7,,,,,,,,,
lock_released,2026-09-11 03:03:57.373,97.0,0,UNKNOWN,carga7,,,,,,,,,
lock_released,2026-09-11 03:03:57.373,94.0,0,UNKNOWN,carga7,,,,,,,,,
lock_released,2026-09-11 03:03:57.373,97.0,0,UNKNOWN,carga7,,,,,,,,,
lock_released,2026-09-11 03:03:57.373,90.0,0,UNKNOWN,carga7,,,,,,,,,
lock_released,2026-09-11 03:03:57.373,90.0,0,UNKNOWN,carga7,,,,,,,,,
lock_released,2026-09-11 03:03:57.373,90.0,0,UNKNOWN,carga7,,,,,,,,,
lock_released,2026-09-11 03:03:57.373,97.0,0,UNKNOWN,carga7,,,,,,,,,
lock_acquired,2026-09-11 03:04:02.416,95.0,0,UNKNOWN,carga7,,,,,,,,,
lock_acquired,2026-09-11 03:04:02.416,95.0,0,UNKNOWN,carga7,,,,,,,,,
lock_acquired,2026-09-11 03:04:02.416,97.0,0,UNKNOWN,carga7,,,,,,,,,
lock_acquired,2026-09-11 03:04:02.416,92.0,0,UNKNOWN,carga7,,,,,,,,,
lock_acquired,2026-09-11 03:04:02.416,94.0,0,UNKNOWN,carga7,,,,,,,,,
lock_acquired,2026-09-11 03:04:02.416,95.0,0,UNKNOWN,carga7,,,,,,,,,
lock_acquired,2026-09-11 03:04:02.416,97.0,0,UNKNOWN,carga7,,,,,,,,,
lock_released,2026-09-11 03:04:02.416,97.0,0,UNKNOWN,carga7,,,,,,,,,
lock_released,2026-09-11 03:04:02.416,90.0,0,UNKNOWN,carga7,,,,,,,,,
lock_released,2026-09-11 03:04:02.416,95.0,0,UNKNOWN,carga7,,,,,,,,,
lock_released,2026-09-11 03:04:02.416,95.0,0,UNKNOWN,carga7,,,,,,,,,
lock_released,2026-09-11 03:04:02.416,89.0,0,UNKNOWN,carga7,,,,,,,,,
lock_released,2026-09-11 03:04:02.416,89.0,0,UNKNOWN,carga7,,,,,,,,,
lock_released,2026-09-11 03:04:02.416,90.0,0,UNKNOWN,carga7,,,,,,,,,
lock_acquired,2026-09-11 03:04:07.463,90.0,0,UNKNOWN,carga7,,,,,,,,,
lock_acquired,2026-09-11 03:04:07.463,93.0,0,UNKNOWN,carga7,,,,,,,,,
lock_acquired,2026-09-11 03:04:07.463,91.0,0,UNKNOWN,carga7,,,,,,,,,
lock_acquired,2026-09-11 03:04:07.463,91.0,0,UNKNOWN,carga7,,,,,,,,,
lock_acquired,2026-09-11 03:04:07.463,89.0,0,UNKNOWN,carga7,,,,,,,,,
lock_acquired,2026-09-11 03:04:07.463,98.0,0,UNKNOWN,carga7,,,,,,,,,
lock_acquired,2026-09-11 03:04:07.463,98.0,0,UNKNOWN,carga7,,,,,,,,,
lock_acquired,2026-09-11 03:04:07.463,95.0,0,UNKNOWN,carga7,,,,,,,,,
lock_acquired,2026-09-11 03:04:07.463,95.0,0,UNKNOWN,carga7,,,,,,,,,
lock_acquired,2026-09-11 03:04:07.463,94.0,0,UNKNOWN,carga7,,,,,,,,,
lock_acquired,2026-09-11 03:04:07.463,90.0,0,UNKNOWN,carga7,,,,,,,,,
lock_released,2026-09-11 03:04:07.463,95.0,0,UNKNOWN,carga7,,,,,,,,,
lock_released,2026-09-11 03:04:07.463,98.0,0,UNKNOWN,carga7,,,,,,,,,
lock_released,2026-09-11 03:04:07.463,95.0,0,UNKNOWN,carga7,,,,,,,,,
lock_released,2026-09-11 03:04:07.463,98.0,0,UNKNOWN,carga7,,,,,,,,,
lock_released,2026-09-11 03:04:07.463,94.0,0,UNKNOWN,carga7,,,,,,,,,
lock_released,2026-09-11 03:04:07.463,97.0,0,UNKNOWN,carga7,,,,,,,,,
lock_released,2026-09-11 03:04:07.463,93.0,0,UNKNOWN,carga7,,,,,,,,,
lock_released,2026-09-11 03:04:07.463,94.0,0,UNKNOWN,carga7,,,,,,,,,
lock_released,2026-09-11 03:04:07.463,95.0,0,UNKNOWN,carga7,,,,,,,,,
lock_released,2026-09-11 03:04:07.463,96.0,0,UNKNOWN,carga7,,,,,,,,,
lock_released,2026-09-11 03:04:07.463,97.0,0,UNKNOWN,carga7,,,,,,,,,
lock_released,2026-09-11 03:04:07.463,96.0,0,UNKNOWN,carga7,,,,,,,,,
lock_released,2026-09-11 03:04:07.463,96.0,0,UNKNOWN,carga7,,,,,,,,,
lock_acquired,2026-09-11 03:04:12.516,92.0,0,UNKNOWN,carga7,,,,,,,,,
lock_acquired,2026-09-11 03:04:12.516,91.0,0,UNKNOWN,carga7,,,,,,,,,
lock_acquired,2026-09-11 03:04:12.516,97.0,0,UNKNOWN,carga7,,,,,,,,,
lock_acquired,2026-09-11 03:04:12.516,97.0,0,UNKNOWN,carga7,,,,,,,,,
lock_acquired,2026-09-11 03:04:12.516,89.0,0,UNKNOWN,carga7,,,,,,,,,
lock_acquired,2026-09-11 03:04:12.516,89.0,0,UNKNOWN,carga7,,,,,,,,,
lock_acquired,2026-09-11 03:04:12.516,96.0,0,UNKNOWN,carga7,,,,,,,,,
lock_acquired,2026-09-11 03:04:12.516,96.0,0,UNKNOWN,carga7,,,,,,,,,
lock_released,2026-09-11 03:04:12.516,90.0,0,UNKNOWN,carga7,,,,,,,,,
lock_released,2026-09-11 03:04:12.516,93.0,0,UNKNOWN,carga7,,,,,,,,,
lock_released,2026-09-11 03:04:12.516,91.0,0,UNKNOWN,carga7,,,,,,,,,
lock_released,2026-09-11 03:04:12.516,91.0,0,UNKNOWN,carga7,,,,,,,,,
lock_released,2026-09-11 03:04:12.516,89.0,0,UNKNOWN,carga7,,,,,,,,,
lock_released,2026-09-11 03:04:12.516,92.0,0,UNKNOWN,carga7,,,,,,,,,
lock_released,2026-09-11 03:04:12.516,95.0,0,UNKNOWN,carga7,,,,,,,,,
lock_released,2026-09-11 03:04:12.516,95.0,0,UNKNOWN,carga7,,,,,,,,,
lock_released,2026-09-11 03:04:12.516,94.0,0,UNKNOWN,carga7,,,,,,,,,
lock_released,2026-09-11 03:04:12.516,92.0,0,UNKNOWN,carga7,,,,,,,,,
lock_released,2026-09-11 03:04:12.516,93.0,0,UNKNOWN,carga7,,,,,,,,,
lock_released,2026-09-11 03:04:12.516,90.0,0,UNKNOWN,carga7,,,,,,,,,
lock_acquired,2026-09-11 03:04:17.553,95.0,0,UNKNOWN,carga7,,,,,,,,,
lock_acquired,2026-09-11 03:04:17.553,96.0,0,UNKNOWN,carga7,,,,,,,,,
lock_acquired,2026-09-11 03:04:17.553,95.0,0,UNKNOWN,carga7,,,,,,,,,
lock_acquired,2026-09-11 03:04:17.553,94.0,0,UNKNOWN,carga7,,,,,,,,,
lock_acquired,2026-09-11 03:04:17.553,92.0,0,UNKNOWN,carga7,,,,,,,,,
lock_acquired,2026-09-11 03:04:17.553,94.0,0,UNKNOWN,carga7,,,,,,,,,
lock_acquired,2026-09-11 03:04:17.553,96.0,0,UNKNOWN,carga7,,,,,,,,,
lock_acquired,2026-09-11 03:04:17.553,89.0,0,UNKNOWN,carga7,,,,,,,,,
lock_acquired,2026-09-11 03:04:17.553,92.0,0,UNKNOWN,carga7,,,,,,,,,
lock_released,2026-09-11 03:04:17.553,92.0,0,UNKNOWN,carga7,,,,,,,,,
lock_released,2026-09-11 03:04:17.553,91.0,0,UNKNOWN,carga7,,,,,,,,,
lock_released,2026-09-11 03:04:17.553,97.0,0,UNKNOWN,carga7,,,,,,,,,
lock_released,2026-09-11 03:04:17.553,97.0,0,UNKNOWN,carga7,,,,,,,,,
lock_released,2026-09-11 03:04:17.553,89.0,0,UNKNOWN,carga7,,,,,,,,,
lock_released,2026-09-11 03:04:17.553,96.0,0,UNKNOWN,carga7,,,,,,,,,
lock_released,2026-09-11 03:04:17.553,96.0,0,UNKNOWN,carga7,,,,,,,,,
lock_acquired,2026-09-11 03:04:22.577,91.0,0,UNKNOWN,carga7,,,,,,,,,
lock_acquired,2026-09-11 03:04:22.577,97.0,0,UNKNOWN,carga7,,,,,,,,,
lock_acquired,2026-09-11 03:04:22.577,91.0,0,UNKNOWN,carga7,,,,,,,,,
lock_acquired,2026-09-11 03:04:22.577,97.0,0,UNKNOWN,carga7,,,,,,,,,
lock_acquired,2026-09-11 03:04:22.577,90.0,0,UNKNOWN,carga7,,,,,,,,,
lock_acquired,2026-09-11 03:04:22.577,90.0,0,UNKNOWN,carga7,,,,,,,,,
lock_acquired,2026-09-11 03:04:22.577,90.0,0,UNKNOWN,carga7,,,,,,,,,
lock_acquired,2026-09-11 03:04:22.577,95.0,0,UNKNOWN,carga7,,,,,,,,,
lock_acquired,2026-09-11 03:04:22.577,97.0,0,UNKNOWN,carga7,,,,,,,,,
lock_released,2026-09-11 03:04:22.577,95.0,0,UNKNOWN,carga7,,,,,,,,,
lock_released,2026-09-11 03:04:22.577,96.0,0,UNKNOWN,carga7,,,,,,,,,
lock_released,2026-09-11 03:04:22.577,95.0,0,UNKNOWN,carga7,,,,,,,,,
lock_released,2026-09-11 03:04:22.577,96.0,0,UNKNOWN,carga7,,,,,,,,,
lock_released,2026-09-11 03:04:22.577,89.0,0,UNKNOWN,carga7,,,,,,,,,
lock_released,2026-09-11 03:04:22.577,89.0,0,UNKNOWN,carga7,,,,,,,,,
lock_acquired,2026-09-11 03:04:27.608,90.0,0,UNKNOWN,carga7,,,,,,,,,
lock_acquired,2026-09-11 03:04:27.608,92.0,0,UNKNOWN,carga7,,,,,,,,,
lock_acquired,2026-09-11 03:04:27.608,96.0,0,UNKNOWN,carga7,,,,,,,,,
lock_acquired,2026-09-11 03:04:27.608,95.0,0,UNKNOWN,carga7,,,,,,,,,
lock_acquired,2026-09-11 03:04:27.608,93.0,0,UNKNOWN,carga7,,,,,,,,,
lock_acquired,2026-09-11 03:04:27.608,96.0,0,UNKNOWN,carga7,,,,,,,,,
lock_acquired,2026-09-11 03:04:27.608,96.0,0,UNKNOWN,carga7,,,,,,,,,
lock_acquired,2026-09-11 03:04:27.608,95.0,0,UNKNOWN,carga7,,,,,,,,,
lock_acquired,2026-09-11 03:04:27.608,92.0,0,UNKNOWN,carga7,,,,,,,,,
lock_acquired,2026-09-11 03:04:27.608,89.0,0,UNKNOWN,carga7,,,,,,,,,
lock_acquired,2026-09-11 03:04:27.608,89.0,0,UNKNOWN,carga7,,,,,,,,,
lock_acquired,2026-09-11 03:04:27.608,93.0,0,UNKNOWN,carga7,,,,,,,,,
lock_acquired,2026-09-11 03:04:27.608,90.0,0,UNKNOWN,carga7,,,,,,,,,
lock_released,2026-09-11 03:04:27.608,97.0,0,UNKNOWN,carga7,,,,,,,,,
lock_released,2026-09-11 03:04:27.608,94.0,0,UNKNOWN,carga7,,,,,,,,,
lock_released,2026-09-11 03:04:27.608,97.0,0,UNKNOWN,carga7,,,,,,,,,
lock_released,2026-09-11 03:04:27.608,90.0,0,UNKNOWN,carga7,,,,,,,,,
lock_released,2026-09-11 03:04:27.608,92.0,0,UNKNOWN,carga7,,,,,,,,,
lock_released,2026-09-11 03:04:27.608,94.0,0,UNKNOWN,carga7,,,,,,,,,
lock_released,2026-09-11 03:04:27.608,90.0,0,UNKNOWN,carga7,,,,,,,,,
lock_released,2026-09-11 03:04:27.608,90.0,0,UNKNOWN,carga7,,,,,,,,,
lock_released,2026-09-11 03:04:27.608,97.0,0,UNKNOWN,carga7,,,,,,,,,
lock_acquired,2026-09-11 03:04:32.645,93.0,0,UNKNOWN,carga7,,,,,,,,,
lock_acquired,2026-09-11 03:04:32.645,93.0,0,UNKNOWN,carga7,,,,,,,,,
lock_acquired,2026-09-11 03:04:32.645,94.0,0,UNKNOWN,carga7,,,,,,,,,
lock_acquired,2026-09-11 03:04:32.645,89.0,0,UNKNOWN,carga7,,,,,,,,,
lock_acquired,2026-09-11 03:04:32.645,96.0,0,UNKNOWN,carga7,,,,,,,,,
lock_released,2026-09-11 03:04:32.645,90.0,0,UNKNOWN,carga7,,,,,,,,,
lock_released,2026-09-11 03:04:32.645,92.0,0,UNKNOWN,carga7,,,,,,,,,
lock_released,2026-09-11 03:04:32.645,93.0,0,UNKNOWN,carga7,,,,,,,,,
lock_released,2026-09-11 03:04:32.645,96.0,0,UNKNOWN,carga7,,,,,,,,,
lock_released,2026-09-11 03:04:32.645,98.0,0,UNKNOWN,carga7,,,,,,,,,
lock_released,2026-09-11 03:04:32.645,98.0,0,UNKNOWN,carga7,,,,,,,,,
lock_released,2026-09-11 03:04:32.645,92.0,0,UNKNOWN,carga7,,,,,,,,,
lock_released,2026-09-11 03:04:32.645,92.0,0,UNKNOWN,carga7,,,,,,,,,
lock_released,2026-09-11 03:04:32.645,89.0,0,UNKNOWN,carga7,,,,,,,,,
lock_released,2026-09-11 03:04:32.645,96.0,0,UNKNOWN,carga7,,,,,,,,,
lock_released,2026-09-11 03:04:32.645,89.0,0,UNKNOWN,carga7,,,,,,,,,
lock_acquired,2026-09-11 03:04:37.673,91.0,0,UNKNOWN,carga7,,,,,,,,,
lock_acquired,2026-09-11 03:04:37.673,95.0,0,UNKNOWN,carga7,,,,,,,,,
lock_acquired,2026-09-11 03:04:37.673,95.0,0,UNKNOWN,carga7,,,,,,,,,
lock_acquired,2026-09-11 03:04:37.673,98.0,0,UNKNOWN,carga7,,,,,,,,,
lock_acquired,2026-09-11 03:04:37.673,97.0,0,UNKNOWN,carga7,,,,,,,,,
lock_acquired,2026-09-11 03:04:37.673,98.0,0,UNKNOWN,carga7,,,,,,,,,
lock_acquired,2026-09-11 03:04:37.673,90.0,0,UNKNOWN,carga7,,,,,,,,,
lock_acquired,2026-09-11 03:04:37.673,93.0,0,UNKNOWN,carga7,,,,,,,,,
lock_acquired,2026-09-11 03:04:37.673,94.0,0,UNKNOWN,carga7,,,,,,,,,
lock_acquired,2026-09-11 03:04:37.673,90.0,0,UNKNOWN,carga7,,,,,,,,,
lock_acquired,2026-09-11 03:04:37.673,98.0,0,UNKNOWN,carga7,,,,,,,,,
lock_acquired,2026-09-11 03:04:37.673,97.0,0,UNKNOWN,carga7,,,,,,,,,
lock_acquired,2026-09-11 03:04:37.673,89.0,0,UNKNOWN,carga7,,,,,,,,,
lock_acquired,2026-09-11 03:04:37.673,89.0,0,UNKNOWN,carga7,,,,,,,,,
lock_released,2026-09-11 03:04:37.673,93.0,0,UNKNOWN,carga7,,,,,,,,,
lock_released,2026-09-11 03:04:37.673,93.0,0,UNKNOWN,carga7,,,,,,,,,
lock_released,2026-09-11 03:04:37.673,91.0,0,UNKNOWN,carga7,,,,,,,,,
lock_released,2026-09-11 03:04:37.673,95.0,0,UNKNOWN,carga7,,,,,,,,,
lock_released,2026-09-11 03:04:37.673,95.0,0,UNKNOWN,carga7,,,,,,,,,
lock_released,2026-09-11 03:04:37.673,95.0,0,UNKNOWN,carga7,,,,,,,,,
lock_released,2026-09-11 03:04:37.673,89.0,0,UNKNOWN,carga7,,,,,,,,,
lock_released,2026-09-11 03:04:37.673,93.0,0,UNKNOWN,carga7,,,,,,,,,
lock_released,2026-09-11 03:04:37.673,90.0,0,UNKNOWN,carga7,,,,,,,,,
logout,2026-09-11 03:04:42.712,76.0,0,UNKNOWN,carga7,,,,,,,,,
lock_acquired,2026-09-11 03:04:42.712,93.0,0,UNKNOWN,carga7,,,,,,,,,
lock_acquired,2026-09-11 03:04:42.712,93.0,0,UNKNOWN,carga7,,,,,,,,,
lock_acquired,2026-09-11 03:04:42.712,91.0,0,UNKNOWN,carga7,,,,,,,,,
lock_acquired,2026-09-11 03:04:42.712,95.0,0,UNKNOWN,carga7,,,,,,,,,
lock_acquired,2026-09-11 03:04:42.712,92.0,0,UNKNOWN,carga7,,,,,,,,,
lock_acquired,2026-09-11 03:04:42.712,96.0,0,UNKNOWN,carga7,,,,,,,,,
lock_acquired,2026-09-11 03:04:42.712,98.0,0,UNKNOWN,carga7,,,,,,,,,
lock_acquired,2026-09-11 03:04:42.712,95.0,0,UNKNOWN,carga7,,,,,,,,,
lock_acquired,2026-09-11 03:04:42.712,94.0,0,UNKNOWN,carga7,,,,,,,,,
lock_acquired,2026-09-11 03:04:42.712,92.0,0,UNKNOWN,carga7,,,,,,,,,
lock_acquired,2026-09-11 03:04:42.712,93.0,0,UNKNOWN,carga7,,,,,,,,,
lock_released,2026-09-11 03:04:42.712,91.0,0,UNKNOWN,carga7,,,,,,,,,
lock_released,2026-09-11 03:04:42.712,95.0,0,UNKNOWN,carga7,,,,,,,,,
lock_released,2026-09-11 03:04:42.712,95.0,0,UNKNOWN,carga7,,,,,,,,,
lock_released,2026-09-11 03:04:42.712,98.0,0,UNKNOWN,carga7,,,,,,,,,
lock_released,2026-09-11 03:04:42.712,91.0,0,UNKNOWN,carga7,,,,,,,,,
lock_released,2026-09-11 03:04:42.712,97.0,0,UNKNOWN,carga7,,,,,,,,,
lock_released,2026-09-11 03:04:42.712,94.0,0,UNKNOWN,carga7,,,,,,,,,
lock_released,2026-09-11 03:04:42.712,98.0,0,UNKNOWN,carga7,,,,,,,,,
lock_released,2026-09-11 03:04:42.712,90.0,0,UNKNOWN,carga7,,,,,,,,,
lock_released,2026-09-11 03:04:42.712,93.0,0,UNKNOWN,carga7,,,,,,,,,
lock_released,2026-09-11 03:04:42.712,94.0,0,UNKNOWN,carga7,,,,,,,,,
lock_released,2026-09-11 03:04:42.712,76.0,0,UNKNOWN,carga7,,,,,,,,,
lock_released,2026-09-11 03:04:42.712,96.0,0,UNKNOWN,carga7,,,,,,,,,
lock_released,2026-09-11 03:04:42.712,96.0,0,UNKNOWN,carga7,,,,,,,,,
login,2026-09-11 03:04:47.765,76.0,SteelNort,UNKNOWN,carga7,,,,,,,,,
logout,2026-09-11 03:04:47.765,88.0,0,UNKNOWN,carga7,,,,,,,,,
lock_acquired,2026-09-11 03:04:47.765,98.0,0,UNKNOWN,carga7,,,,,,,,,
lock_acquired,2026-09-11 03:04:47.765,97.0,0,UNKNOWN,carga7,,,,,,,,,
lock_acquired,2026-09-11 03:04:47.765,95.0,0,UNKNOWN,carga7,,,,,,,,,
lock_acquired,2026-09-11 03:04:47.765,95.0,0,UNKNOWN,carga7,,,,,,,,,
lock_acquired,2026-09-11 03:04:47.765,94.0,0,UNKNOWN,carga7,,,,,,,,,
lock_acquired,2026-09-11 03:04:47.765,91.0,0,UNKNOWN,carga7,,,,,,,,,
lock_acquired,2026-09-11 03:04:47.765,89.0,0,UNKNOWN,carga7,,,,,,,,,
lock_acquired,2026-09-11 03:04:47.765,91.0,0,UNKNOWN,carga7,,,,,,,,,
lock_acquired,2026-09-11 03:04:47.765,90.0,0,UNKNOWN,carga7,,,,,,,,,
lock_acquired,2026-09-11 03:04:47.765,97.0,0,UNKNOWN,carga7,,,,,,,,,
lock_acquired,2026-09-11 03:04:47.765,93.0,0,UNKNOWN,carga7,,,,,,,,,
lock_acquired,2026-09-11 03:04:47.765,94.0,0,UNKNOWN,carga7,,,,,,,,,
lock_acquired,2026-09-11 03:04:47.765,95.0,0,UNKNOWN,carga7,,,,,,,,,
lock_acquired,2026-09-11 03:04:47.765,91.0,0,UNKNOWN,carga7,,,,,,,,,
lock_acquired,2026-09-11 03:04:47.765,92.0,0,UNKNOWN,carga7,,,,,,,,,
lock_acquired,2026-09-11 03:04:47.765,93.0,0,UNKNOWN,carga7,,,,,,,,,
lock_acquired,2026-09-11 03:04:47.765,90.0,0,UNKNOWN,carga7,,,,,,,,,
lock_acquired,2026-09-11 03:04:47.765,92.0,0,UNKNOWN,carga7,,,,,,,,,
lock_acquired,2026-09-11 03:04:47.765,90.0,0,UNKNOWN,carga7,,,,,,,,,
lock_released,2026-09-11 03:04:47.765,93.0,0,UNKNOWN,carga7,,,,,,,,,
lock_released,2026-09-11 03:04:47.765,93.0,0,UNKNOWN,carga7,,,,,,,,,
lock_released,2026-09-11 03:04:47.765,95.0,0,UNKNOWN,carga7,,,,,,,,,
lock_released,2026-09-11 03:04:47.765,88.0,0,UNKNOWN,carga7,,,,,,,,,
lock_released,2026-09-11 03:04:47.765,92.0,0,UNKNOWN,carga7,,,,,,,,,
lock_released,2026-09-11 03:04:47.765,90.0,0,UNKNOWN,carga7,,,,,,,,,
lock_released,2026-09-11 03:04:47.765,98.0,0,UNKNOWN,carga7,,,,,,,,,
lock_released,2026-09-11 03:04:47.765,98.0,0,UNKNOWN,carga7,,,,,,,,,
lock_released,2026-09-11 03:04:47.765,97.0,0,UNKNOWN,carga7,,,,,,,,,
lock_released,2026-09-11 03:04:47.765,95.0,0,UNKNOWN,carga7,,,,,,,,,
lock_released,2026-09-11 03:04:47.765,94.0,0,UNKNOWN,carga7,,,,,,,,,
lock_released,2026-09-11 03:04:47.765,89.0,0,UNKNOWN,carga7,,,,,,,,,
lock_released,2026-09-11 03:04:47.765,89.0,0,UNKNOWN,carga7,,,,,,,,,
lock_released,2026-09-11 03:04:47.765,93.0,0,UNKNOWN,carga7,,,,,,,,,
logout,2026-09-11 03:04:52.831,76.0,0,UNKNOWN,carga7,,,,,,,,,
lock_acquired,2026-09-11 03:04:52.831,92.0,0,UNKNOWN,carga7,,,,,,,,,
lock_acquired,2026-09-11 03:04:52.831,91.0,0,UNKNOWN,carga7,,,,,,,,,
lock_acquired,2026-09-11 03:04:52.831,98.0,0,UNKNOWN,carga7,,,,,,,,,
lock_acquired,2026-09-11 03:04:52.831,92.0,0,UNKNOWN,carga7,,,,,,,,,
lock_acquired,2026-09-11 03:04:52.831,95.0,0,UNKNOWN,carga7,,,,,,,,,
lock_acquired,2026-09-11 03:04:52.831,92.0,0,UNKNOWN,carga7,,,,,,,,,
lock_acquired,2026-09-11 03:04:52.831,90.0,0,UNKNOWN,carga7,,,,,,,,,
lock_acquired,2026-09-11 03:04:52.831,98.0,0,UNKNOWN,carga7,,,,,,,,,
lock_acquired,2026-09-11 03:04:52.831,95.0,0,UNKNOWN,carga7,,,,,,,,,
lock_acquired,2026-09-11 03:04:52.831,93.0,0,UNKNOWN,carga7,,,,,,,,,
lock_released,2026-09-11 03:04:52.831,98.0,0,UNKNOWN,carga7,,,,,,,,,
lock_released,2026-09-11 03:04:52.831,97.0,0,UNKNOWN,carga7,,,,,,,,,
lock_released,2026-09-11 03:04:52.831,92.0,0,UNKNOWN,carga7,,,,,,,,,
lock_released,2026-09-11 03:04:52.831,95.0,0,UNKNOWN,carga7,,,,,,,,,
lock_released,2026-09-11 03:04:52.831,95.0,0,UNKNOWN,carga7,,,,,,,,,
lock_released,2026-09-11 03:04:52.831,94.0,0,UNKNOWN,carga7,,,,,,,,,
lock_released,2026-09-11 03:04:52.831,91.0,0,UNKNOWN,carga7,,,,,,,,,
lock_released,2026-09-11 03:04:52.831,89.0,0,UNKNOWN,carga7,,,,,,,,,
lock_released,2026-09-11 03:04:52.831,91.0,0,UNKNOWN,carga7,,,,,,,,,
lock_released,2026-09-11 03:04:52.831,90.0,0,UNKNOWN,carga7,,,,,,,,,
lock_released,2026-09-11 03:04:52.831,97.0,0,UNKNOWN,carga7,,,,,,,,,
lock_released,2026-09-11 03:04:52.831,94.0,0,UNKNOWN,carga7,,,,,,,,,
lock_released,2026-09-11 03:04:52.831,95.0,0,UNKNOWN,carga7,,,,,,,,,
lock_released,2026-09-11 03:04:52.831,91.0,0,UNKNOWN,carga7,,,,,,,,,
lock_released,2026-09-11 03:04:52.831,92.0,0,UNKNOWN,carga7,,,,,,,,,
lock_released,2026-09-11 03:04:52.831,93.0,0,UNKNOWN,carga7,,,,,,,,,
lock_released,2026-09-11 03:04:52.831,90.0,0,UNKNOWN,carga7,,,,,,,,,
lock_released,2026-09-11 03:04:52.831,91.0,0,UNKNOWN,carga7,,,,,,,,,
lock_released,2026-09-11 03:04:52.831,92.0,0,UNKNOWN,carga7,,,,,,,,,
lock_released,2026-09-11 03:04:52.831,96.0,0,UNKNOWN,carga7,,,,,,,,,
lock_released,2026-09-11 03:04:52.831,90.0,0,UNKNOWN,carga7,,,,,,,,,
logout,2026-09-11 03:04:57.887,96.0,0,UNKNOWN,carga7,,,,,,,,,
logout,2026-09-11 03:04:57.887,97.0,0,UNKNOWN,carga7,,,,,,,,,
logout,2026-09-11 03:04:57.887,98.0,0,UNKNOWN,carga7,,,,,,,,,
logout,2026-09-11 03:04:57.887,89.0,0,UNKNOWN,carga7,,,,,,,,,
logout,2026-09-11 03:04:57.887,90.0,0,UNKNOWN,carga7,,,,,,,,,
logout,2026-09-11 03:04:57.887,91.0,0,UNKNOWN,carga7,,,,,,,,,
logout,2026-09-11 03:04:57.887,92.0,0,UNKNOWN,carga7,,,,,,,,,
logout,2026-09-11 03:04:57.887,93.0,0,UNKNOWN,carga7,,,,,,,,,
logout,2026-09-11 03:04:57.887,94.0,0,UNKNOWN,carga7,,,,,,,,,
logout,2026-09-11 03:04:57.887,95.0,0,UNKNOWN,carga7,,,,,,,,,
lock_released,2026-09-11 03:04:57.887,96.0,0,UNKNOWN,carga7,,,,,,,,,
lock_released,2026-09-11 03:04:57.887,91.0,0,UNKNOWN,carga7,,,,,,,,,
lock_released,2026-09-11 03:04:57.887,98.0,0,UNKNOWN,carga7,,,,,,,,,
lock_released,2026-09-11 03:04:57.887,89.0,0,UNKNOWN,carga7,,,,,,,,,
lock_released,2026-09-11 03:04:57.887,98.0,0,UNKNOWN,carga7,,,,,,,,,
lock_released,2026-09-11 03:04:57.887,95.0,0,UNKNOWN,carga7,,,,,,,,,
lock_released,2026-09-11 03:04:57.887,92.0,0,UNKNOWN,carga7,,,,,,,,,
lock_released,2026-09-11 03:04:57.887,92.0,0,UNKNOWN,carga7,,,,,,,,,
lock_released,2026-09-11 03:04:57.887,97.0,0,UNKNOWN,carga7,,,,,,,,,
lock_released,2026-09-11 03:04:57.887,92.0,0,UNKNOWN,carga7,,,,,,,,,
lock_released,2026-09-11 03:04:57.887,95.0,0,UNKNOWN,carga7,,,,,,,,,
lock_released,2026-09-11 03:04:57.887,93.0,0,UNKNOWN,carga7,,,,,,,,,
lock_released,2026-09-11 03:04:57.887,91.0,0,UNKNOWN,carga7,,,,,,,,,
lock_released,2026-09-11 03:04:57.887,98.0,0,UNKNOWN,carga7,,,,,,,,,
lock_released,2026-09-11 03:04:57.887,94.0,0,UNKNOWN,carga7,,,,,,,,,
lock_released,2026-09-11 03:04:57.887,93.0,0,UNKNOWN,carga7,,,,,,,,,
lock_released,2026-09-11 03:04:57.887,92.0,0,UNKNOWN,carga7,,,,,,,,,
lock_released,2026-09-11 03:04:57.887,90.0,0,UNKNOWN,carga7,,,,,,,,,
lock_released,2026-09-11 03:04:57.887,90.0,0,UNKNOWN,carga7,,,,,,,,,
lock_released,2026-09-11 03:04:57.887,95.0,0,UNKNOWN,carga7,,,,,,,,,
lock_released,2026-09-11 03:04:57.887,93.0,0,UNKNOWN,carga7,,,,,,,,,
