timestamp,cpu_usr,cpu_sys,cpu_wai,cpu_idl,memory_used_mb,memory_available_mb,page_life_expectancy,disk_read_per_sec,disk_write_per_sec,total_reads,total_writes,active_sessions,active_requests,transactions_per_sec,long_queries,long_transactions,duration_avg_ms,duration_max_ms,cpu_time_sum_ms,api_latency_ms,api_status,load1,run_name,experiment_id
2026-09-11 08:48:26,14.3,23.2,0.0,61.6,14376.0,1787.0,279.0,1424425.0,0.0,0.0,99.3,25.0,11.0,1040.55,0.0,0.0,0.0,0.0,0.0,804.0,403.0,0.0,10,exp_01
2026-09-11 08:48:32,8.9,24.1,0.0,65.5,14324.0,1839.0,285.0,2623867.0,1232248.0,5.642499999999995,45.66666666666666,36.0,20.0,514.43,0.0,0.0,0.0,0.0,0.0,15.0,403.0,0.0,10,exp_01
2026-09-11 08:48:37,5.5,39.0,0.0,53.4,14295.0,1869.0,290.0,272335.0,2455681.0,0.0,108.6,36.0,18.0,1051.8,0.0,0.0,0.0,0.0,0.0,13.0,403.0,0.0,10,exp_01
2026-09-11 08:48:42,7.7,39.4,0.0,50.8,14205.0,1958.0,295.0,415480.0,2528953.0,0.0,101.4,36.0,15.0,1033.27,0.0,0.0,0.0,0.0,0.0,24.0,403.0,0.0,10,exp_01
2026-09-11 08:48:48,6.0,42.0,0.0,50.1,14232.0,1931.0,300.0,4091631.0,2613195.0,0.0,91.66666666666669,41.0,18.0,1047.83,0.0,0.0,0.0,0.0,0.0,21.0,403.0,0.08,10,exp_01
2026-09-11 08:48:53,10.7,44.6,0.0,42.6,14409.0,1754.0,305.0,11416837.68,2423539.0,0.0,99.6,42.0,24.0,1018.72,0.0,0.0,0.0,0.0,0.0,7.0,403.0,0.07,10,exp_01
2026-09-11 08:48:58,5.7,40.4,0.0,51.4,14464.0,1699.0,311.0,1698117.0,2398579.0,0.0,99.0,42.0,22.0,1016.68,0.0,0.0,0.0,0.0,0.0,15.0,403.0,0.07,10,exp_01
2026-09-11 08:49:03,16.1,46.5,0.0,35.5,14478.0,1685.0,316.0,10156353.0,2332834.0,0.0,96.6,42.0,20.0,979.69,0.0,0.0,0.0,0.0,0.0,22.0,403.0,0.06,10,exp_01
2026-09-11 08:49:09,7.0,45.6,0.0,45.3,14448.0,1716.0,322.0,1987319.0,11497068.0,0.0,87.16666666666667,43.0,23.0,1008.36,0.0,0.0,0.0,0.0,0.0,16.0,403.0,0.06,10,exp_01
2026-09-11 08:49:14,11.7,43.5,0.0,42.4,14317.0,1846.0,327.0,1085938.0,39240255.29000001,0.0,100.0,43.0,22.0,1050.37,0.0,0.0,0.0,0.0,0.0,19.0,403.0,0.05,10,exp_01
2026-09-11 08:49:19,10.3,44.4,0.0,42.7,14409.0,1754.0,332.0,758188.0,2824327.0,0.0,111.2,42.0,23.0,1074.89,0.0,0.0,0.0,0.0,0.0,26.0,403.0,0.05,10,exp_01
2026-09-11 08:49:24,18.7,45.9,0.0,33.4,14555.0,1608.0,338.0,8487330.0,5292530.0,0.0,118.154,42.0,22.0,1090.34,0.0,0.0,0.0,0.0,0.0,21.0,403.0,0.04,10,exp_01
2026-09-11 08:49:30,16.7,45.2,0.0,36.3,14715.0,1449.0,343.0,2158521.0,3717275.0,0.0,93.66666666666669,42.0,20.0,988.66,0.0,0.0,0.0,0.0,0.0,15.0,403.0,0.04,10,exp_01
2026-09-11 08:49:35,11.4,41.2,0.0,45.2,14789.0,1374.0,348.0,1810666.0,4171587.0,0.0,104.2,42.0,20.0,1060.42,0.0,0.0,0.0,0.0,0.0,18.0,403.0,0.1982,10,exp_01
2026-09-11 08:49:40,6.9,42.4,0.0,48.7,14772.0,1392.0,353.0,891107.0,3111069.0,0.0,104.2,42.0,20.0,1029.97,0.0,0.0,0.0,0.0,0.0,13.0,403.0,0.18,10,exp_01
2026-09-11 08:49:45,5.4,40.1,0.0,53.0,14756.0,1407.0,358.0,904322.0,2609612.0,0.0,102.4,42.0,19.0,1131.66,0.0,0.0,0.0,0.0,0.0,21.0,403.0,0.17,10,exp_01
2026-09-11 08:49:50,3.4,36.9,0.0,58.2,14758.0,1406.0,363.0,721325.0,2475295.0,0.0,93.4,42.0,24.0,1130.67,0.0,0.0,0.0,0.0,0.0,11.0,403.0,0.15,10,exp_01
2026-09-11 08:49:56,4.6,37.8,0.0,56.1,14634.0,1529.0,369.0,705420.0,2735788.0,0.0,89.16666666666667,40.0,22.0,1119.86,0.0,0.0,0.0,0.0,0.0,16.0,403.0,0.14,10,exp_01
2026-09-11 08:50:01,9.1,33.9,0.0,55.5,14768.0,1395.0,374.0,1252141.0,1824755.0,0.0,76.2,30.0,16.0,779.5,0.0,0.0,0.0,0.0,0.0,14.0,403.0,0.13,10,exp_01
2026-09-11 08:50:13,8.9,18.2,0.0,69.4,14664.0,1500.0,386.0,613691.0,0.0,0.0,17.6,31.0,16.0,138.03,0.0,0.0,0.0,0.0,0.0,460.0,403.0,0.0,11,exp_02
2026-09-11 08:50:19,10.7,14.2,0.0,73.2,14678.0,1486.0,391.0,1827403.0,561790.0,3.5,7.166666666666667,33.0,17.0,62.01,0.0,0.0,0.0,0.0,0.0,19.0,403.0,0.0,11,exp_02
2026-09-11 08:50:24,10.5,17.5,0.0,70.3,14611.0,1553.0,396.0,941940.0,980750.0,0.0,21.4,34.0,18.0,203.61,0.0,0.0,0.0,0.0,0.0,23.0,403.0,0.0,11,exp_02
2026-09-11 08:50:29,5.8,15.0,0.0,78.2,14680.0,1484.0,402.0,43978.0,959445.0,0.0,19.4,33.0,16.0,214.84,0.0,0.0,0.0,0.0,0.0,17.0,403.0,0.0,11,exp_02
2026-09-11 08:50:34,17.2,20.8,0.0,60.3,15049.0,1115.0,407.0,4311152.0,1350812.0,0.0,17.8,40.0,22.0,168.44,0.0,0.0,0.0,0.0,0.0,17.0,403.0,0.0,11,exp_02
2026-09-11 08:50:39,22.2,20.4,0.0,55.9,15286.0,877.0,412.0,2898192.0,1965999.0,0.0,0.0,40.0,22.0,0.78,0.0,0.0,0.0,0.0,0.0,25.0,403.0,0.0,11,exp_02
2026-09-11 08:50:44,12.1,16.3,0.0,70.2,15250.0,914.0,417.0,2535108.0,1296850.0,0.0,0.0,40.0,22.0,1.35,0.0,0.0,0.0,0.0,0.0,34.0,403.0,0.0,11,exp_02
2026-09-11 08:50:50,6.7,12.2,0.0,80.3,15214.0,950.0,422.0,1669866.0,362640.0,0.0,0.0,40.0,22.0,3.48,0.0,0.0,0.0,0.0,0.0,23.0,403.0,0.08,11,exp_02
2026-09-11 08:50:55,6.1,17.8,0.0,75.2,15244.0,919.0,427.0,2520173.0,960526.0,0.0,19.2,40.0,17.0,170.11,0.0,0.0,0.0,0.0,0.0,12.0,403.0,0.07,11,exp_02
2026-09-11 08:51:00,7.7,19.7,0.0,71.4,15263.0,901.0,432.0,1185480.0,1102347.0,0.0,19.8,40.0,16.0,195.5,0.0,0.0,0.0,0.0,0.0,23.0,403.0,0.07,11,exp_02
2026-09-11 08:51:05,8.8,18.0,0.0,72.3,15145.0,1018.0,437.0,638924.0,1408345.0,0.0,22.6,41.0,18.0,186.92,0.0,0.0,0.0,0.0,0.0,27.0,403.0,0.06,11,exp_02
2026-09-11 08:51:10,12.7,20.4,0.0,65.7,15166.0,997.0,443.0,6671264.0,705205.0,0.0,5.4,44.0,24.0,62.33,0.0,0.0,0.0,0.0,0.0,8.0,403.0,0.06,11,exp_02
2026-09-11 08:51:15,10.8,12.4,0.0,75.5,15259.0,904.0,449.0,2825127.0,399649.0,0.0,0.0,44.0,24.0,2.73,0.0,0.0,0.0,0.0,0.0,14.0,403.0,0.05,11,exp_02
2026-09-11 08:51:20,14.2,18.2,0.0,66.4,15323.0,840.0,454.0,1654808.0,1352471.0,0.0,0.4,43.0,25.0,7.75,0.0,0.0,0.0,0.0,0.0,16.0,403.0,0.05,11,exp_02
2026-09-11 08:51:26,10.1,21.1,0.0,67.5,15279.0,884.0,459.0,1413878.0,1450249.0,0.0,8.166666666666666,43.0,17.0,85.96,0.0,0.0,0.0,0.0,0.0,22.0,403.0,0.04,11,exp_02
2026-09-11 08:51:31,9.4,20.5,0.0,67.8,15229.0,934.0,464.0,1318170.0,1262154.0,0.0,19.4,43.0,18.0,194.28,0.0,0.0,0.0,0.0,0.0,10.0,403.0,0.04,11,exp_02
2026-09-11 08:51:36,10.3,19.6,0.0,68.6,15214.0,949.0,469.0,239880.0,837638.0,0.0,18.8,42.0,17.0,183.98,0.0,0.0,0.0,0.0,0.0,17.0,403.0,0.04,11,exp_02
2026-09-11 08:51:41,11.5,27.2,0.0,59.5,15351.0,812.0,474.0,5064111.0,726138.0,0.0,17.6,44.0,24.0,150.04,0.0,0.0,0.0,0.0,0.0,23.0,403.0,0.03,11,exp_02
2026-09-11 08:51:46,25.0,53.0,0.0,20.3,15756.0,407.0,479.0,6953637.0,9205333.350000024,0.0,0.0,39.0,19.0,1.16,0.0,0.0,0.0,0.0,0.0,21.0,403.0,0.03,11,exp_02
2026-09-11 08:51:51,11.2,48.9,0.0,38.6,15724.0,439.0,484.0,2918006.0,1097068.0,0.0,0.0,37.0,17.0,1.36,0.0,0.0,0.0,0.0,0.0,15.0,403.0,0.11,11,exp_02
2026-09-11 08:51:56,9.7,49.8,0.0,39.4,15724.0,439.0,489.0,1087729.0,874203.0,0.0,0.0,34.0,16.0,0.98,0.0,0.0,0.0,0.0,0.0,22.0,403.0,0.1,11,exp_02
2026-09-11 08:52:01,9.7,18.6,0.0,70.3,15746.0,417.0,494.0,762656.0,911856.0,0.0,20.6,34.0,11.0,173.24,0.0,0.0,0.0,0.0,0.0,12.0,403.0,0.09,11,exp_02
2026-09-11 08:52:07,9.2,18.0,0.0,70.7,15756.0,407.0,500.0,414879.0,936322.0,0.0,17.833333333333332,34.0,11.0,193.45,0.0,0.0,0.0,0.0,0.0,28.0,403.0,0.09,11,exp_02
2026-09-11 08:52:12,10.1,19.3,0.0,68.7,15752.0,411.0,505.0,2168674.0,896714.0,0.0,24.4,35.0,12.0,185.13,0.0,0.0,0.0,0.0,0.0,12.0,403.0,0.08,11,exp_02
2026-09-11 08:52:17,12.1,46.5,0.0,38.3,15674.0,489.0,510.0,654260.0,1022869.0,0.0,12.8,37.0,10.0,62.23,0.0,0.0,0.0,0.0,0.0,19.0,403.0,0.07,11,exp_02
2026-09-11 08:52:22,14.9,53.5,0.0,28.4,15530.0,633.0,515.0,371366.0,743385.0,0.0,11.8,37.0,11.0,1.27,0.0,0.0,0.0,0.0,0.0,12.0,403.0,0.15,11,exp_02
2026-09-11 08:52:29,9.9,54.2,0.0,33.0,15551.0,613.0,522.0,1527184.0,954023.0,0.0,9.285714285714286,37.0,10.0,1.3,0.0,0.0,0.0,0.0,0.0,22.0,403.0,0.13,11,exp_02
2026-09-11 08:52:35,13.4,24.8,0.0,59.8,15648.0,515.0,528.0,13013080.50000002,2447991.0,136.9916666666664,40.66799999999997,34.0,11.0,138.03,0.0,0.0,0.0,0.0,0.0,24.0,403.0,0.11,11,exp_02
2026-09-11 08:52:40,5.7,14.6,0.0,78.6,15481.0,683.0,533.0,259969.0,706992.0,0.0,19.8,34.0,11.0,180.63,0.0,0.0,0.0,0.0,0.0,11.0,403.0,0.1,11,exp_02
2026-09-11 08:52:45,7.5,18.2,0.0,72.6,15444.0,719.0,538.0,881369.0,1064800.0,0.0,20.0,34.0,11.0,201.33,0.0,0.0,0.0,0.0,0.0,21.0,403.0,0.1,11,exp_02
2026-09-11 08:52:50,11.3,51.8,0.0,33.8,15482.0,682.0,543.0,538851.0,222692.0,0.0,4.2,35.0,16.0,41.71,0.0,0.0,0.0,0.0,0.0,22.0,403.0,0.09,11,exp_02
2026-09-11 08:52:56,10.6,35.4,0.0,51.1,15520.0,644.0,548.0,2335582.0,428990.0,0.0,3.333333333333333,35.0,11.0,26.34,0.0,0.0,0.0,0.0,0.0,18.0,403.0,0.08,11,exp_02
2026-09-11 08:53:01,5.9,16.6,0.0,76.5,15511.0,653.0,554.0,310572.0,585413.0,0.2,20.2,35.0,10.0,210.92,0.0,0.0,0.0,0.0,0.0,13.0,403.0,0.08,11,exp_02
2026-09-11 08:53:06,7.6,17.6,0.0,73.9,15506.0,657.0,559.0,333729.0,787903.0,0.6,20.6,35.0,10.0,206.35,0.0,0.0,0.0,0.0,0.0,21.0,403.0,0.07,11,exp_02
2026-09-11 08:53:11,10.9,21.5,0.0,66.3,15363.0,800.0,565.0,2634909.0,841930.0,1.2,22.6,35.0,10.0,187.99,0.0,0.0,0.0,0.0,0.0,23.0,403.0,0.06,11,exp_02
2026-09-11 08:53:16,10.7,12.8,0.0,75.2,15332.0,831.0,570.0,270672.0,1071715.0,0.0,0.8,24.0,10.0,10.72,0.0,0.0,0.0,0.0,0.0,9.0,403.0,0.2737500000000004,11,exp_02
2026-09-11 03:52:27,13.4,27.1,0.0,57.5,14476.0,1687.0,2997.0,409999.0,0.0,0.0,11.6,29.0,14.0,115.05,0.0,0.0,0.0,0.0,0.0,643.0,403.0,0.0,6,exp_03
2026-09-11 03:52:32,7.3,12.8,0.0,78.8,14511.0,1652.0,3002.0,213709.0,662516.0,0.0,8.4,32.0,15.0,69.05,0.0,0.0,0.0,0.0,0.0,20.0,403.0,0.0,6,exp_03
2026-09-11 03:52:38,5.3,16.5,0.0,76.9,14484.0,1680.0,3007.0,93208.0,633916.0,0.0,15.666666666666666,32.0,15.0,197.46,0.0,0.0,0.0,0.0,0.0,20.0,403.0,0.0,6,exp_03
2026-09-11 03:52:43,3.5,15.5,0.0,80.0,14478.0,1685.0,3012.0,349186.0,687511.0,0.0,21.4,31.0,14.0,170.45,0.0,0.0,0.0,0.0,0.0,18.0,403.0,0.0,6,exp_03
2026-09-11 03:52:48,6.2,13.9,0.0,78.8,14529.0,1634.0,3017.0,583866.0,769681.0,0.0,13.8,38.0,20.0,136.77,0.0,0.0,0.0,0.0,0.0,18.0,403.0,0.0,6,exp_03
2026-09-11 03:52:53,4.6,7.8,0.0,87.0,14519.0,1645.0,3023.0,10657781.0,658372.0,0.0,0.0,38.0,21.0,1.16,0.0,0.0,0.0,0.0,0.0,10.0,403.0,0.0,6,exp_03
2026-09-11 03:52:58,4.4,9.7,0.0,85.0,14559.0,1604.0,3028.0,1062904.0,225023.0,0.0,0.0,38.0,20.0,0.97,0.0,0.0,0.0,0.0,0.0,19.0,403.0,0.0,6,exp_03
2026-09-11 03:53:03,10.6,13.8,0.0,74.3,14576.0,1587.0,3034.0,1975865.0,4393751.0,0.0,1.2,38.0,14.0,0.77,0.0,0.0,0.0,0.0,0.0,16.0,403.0,0.0,6,exp_03
2026-09-11 03:53:09,5.0,16.7,0.0,76.9,14569.0,1594.0,3039.0,665248.0,854156.0,0.0,15.166666666666666,39.0,16.0,188.36,0.0,0.0,0.0,0.0,0.0,18.0,403.0,0.0,6,exp_03
2026-09-11 03:53:14,5.4,14.4,0.0,79.2,14573.0,1591.0,3044.0,365306.0,634380.0,0.0,18.8,38.0,15.0,189.49,0.0,0.0,0.0,0.0,0.0,16.0,403.0,0.0,6,exp_03
2026-09-11 03:53:19,10.6,17.6,0.0,70.4,14663.0,1500.0,3049.0,1211373.0,1587245.0,0.0,17.2,38.0,15.0,181.61,0.0,0.0,0.0,0.0,0.0,18.0,403.0,0.0,6,exp_03
2026-09-11 03:53:24,5.1,11.5,0.0,82.6,14672.0,1491.0,3054.0,603040.0,592361.0,0.0,3.0,41.0,22.0,28.06,0.0,0.0,0.0,0.0,0.0,16.0,403.0,0.0,6,exp_03
2026-09-11 03:53:30,4.5,9.0,0.0,85.8,14666.0,1497.0,3059.0,591751.0,776149.0,0.0,0.0,41.0,22.0,1.35,0.0,0.0,0.0,0.0,0.0,21.0,403.0,0.0,6,exp_03
2026-09-11 03:53:35,4.7,10.7,0.0,83.9,14684.0,1479.0,3065.0,751811.0,229975.0,0.0,0.2,40.0,22.0,4.82,0.0,0.0,0.0,0.0,0.0,16.0,403.0,0.0,6,exp_03
2026-09-11 03:53:40,3.6,14.8,0.0,80.2,14717.0,1446.0,3070.0,2857411.0,1317362.0,0.0,10.8,40.0,15.0,106.23,0.0,0.0,0.0,0.0,0.0,6.0,403.0,0.0,6,exp_03
2026-09-11 03:53:45,5.4,18.6,0.0,74.4,14659.0,1504.0,3075.0,1485060.0,6577632.0,0.0,17.8,40.0,15.0,179.42,0.0,0.0,0.0,0.0,0.0,26.0,403.0,0.0,6,exp_03
2026-09-11 03:53:50,3.9,15.9,0.0,79.4,14658.0,1505.0,3080.0,2625665.0,696668.0,0.0,19.4,39.0,15.0,175.05,0.0,0.0,0.0,0.0,0.0,9.0,403.0,0.0,6,exp_03
2026-09-11 03:53:55,4.2,24.8,0.0,70.0,14669.0,1494.0,3085.0,778858.0,954873.0,0.0,11.6,40.0,21.0,119.42,0.0,0.0,0.0,0.0,0.0,19.0,403.0,0.0,6,exp_03
2026-09-11 03:54:00,4.4,39.3,0.0,55.7,14660.0,1503.0,3090.0,256736.0,214278.0,0.0,0.0,40.0,21.0,1.17,0.0,0.0,0.0,0.0,0.0,15.0,403.0,0.0,6,exp_03
2026-09-11 03:54:06,5.1,38.5,0.0,55.9,14650.0,1513.0,3095.0,90066.0,310405.0,0.0,0.0,40.0,22.0,0.58,0.0,0.0,0.0,0.0,0.0,17.0,403.0,0.0,6,exp_03
2026-09-11 03:54:11,3.8,36.2,0.0,59.4,14651.0,1512.0,3100.0,244337.0,303500.0,0.0,1.0,37.0,15.0,11.3,0.0,0.0,0.0,0.0,0.0,9.0,403.0,0.0,6,exp_03
2026-09-11 03:54:16,6.7,20.7,0.0,71.5,14689.0,1474.0,3105.0,3840156.0,770016.0,0.0,16.4,37.0,15.0,186.08,0.0,0.0,0.0,0.0,0.0,10.0,403.0,0.0,6,exp_03
2026-09-11 03:54:21,8.4,21.5,0.0,68.8,14703.0,1460.0,3110.0,2135060.0,6019017.0,0.0,19.6,37.0,16.0,184.43,0.0,0.0,0.0,0.0,0.0,20.0,403.0,0.0,6,exp_03
2026-09-11 03:54:26,4.5,15.3,0.0,79.4,14729.0,1435.0,3116.0,59442.0,626263.0,0.0,19.4,37.0,15.0,192.21,0.0,0.0,0.0,0.0,0.0,17.0,403.0,0.0,6,exp_03
2026-09-11 03:54:31,7.0,45.6,0.0,45.1,14729.0,1434.0,3121.0,2020216.0,914848.0,0.0,9.2,39.0,14.0,19.83,0.0,0.0,0.0,0.0,0.0,11.0,403.0,0.07825,6,exp_03
2026-09-11 03:54:37,6.7,53.1,0.0,37.3,14745.0,1419.0,3127.0,2154336.0,765700.0,0.0,8.0,39.0,14.0,1.4,0.0,0.0,0.0,0.0,0.0,10.0,403.0,0.07,6,exp_03
2026-09-11 03:54:43,5.8,51.1,0.0,40.1,14746.0,1418.0,3133.0,3400675.0,1058373.0,96.2799999999998,19.5,39.0,22.0,0.64,0.0,0.0,0.0,0.0,0.0,2.0,403.0,0.06,6,exp_03
2026-09-11 03:54:49,4.1,21.8,0.0,72.3,14836.0,1328.0,3139.0,40452066.77500009,1951752.0,0.0,23.83466666666666,38.0,15.0,143.1,0.0,0.0,0.0,0.0,0.0,16.0,403.0,0.06,6,exp_03
2026-09-11 03:54:54,5.1,15.4,0.0,78.3,14812.0,1351.0,3144.0,37462.0,663978.0,0.0,18.4,39.0,16.0,176.03,0.0,0.0,0.0,0.0,0.0,20.0,403.0,0.05,6,exp_03
2026-09-11 03:54:59,4.1,16.9,0.0,76.7,14819.0,1344.0,3150.0,5536242.0,940639.0,0.0,17.8,38.0,14.0,163.87,0.0,0.0,0.0,0.0,0.0,19.0,403.0,0.05,6,exp_03
2026-09-11 03:55:05,8.9,54.0,0.0,34.9,14864.0,1299.0,3155.0,5268021.0,3592324.0,0.0,2.0,39.0,20.0,25.39,0.0,0.0,0.0,0.0,0.0,11.0,403.0,0.04,6,exp_03
2026-09-11 03:55:10,5.1,43.8,0.0,48.8,14896.0,1267.0,3160.0,3989803.0,376407.0,0.0,0.0,39.0,16.0,0.94,0.0,0.0,0.0,0.0,0.0,10.0,403.0,0.04,6,exp_03
2026-09-11 03:55:15,5.9,23.5,0.0,68.8,14925.0,1239.0,3165.0,315629.0,425084.0,0.0,10.6,39.0,15.0,115.05,0.0,0.0,0.0,0.0,0.0,18.0,403.0,0.04,6,exp_03
2026-09-11 03:55:20,3.5,17.1,0.0,78.0,14857.0,1306.0,3170.0,14872210.0,710472.0,0.0,19.4,39.0,15.0,176.29,0.0,0.0,0.0,0.0,0.0,20.0,403.0,0.03,6,exp_03
2026-09-11 03:55:25,5.8,23.0,0.0,70.0,14432.0,1731.0,3175.0,1671928.0,30457183.57500008,0.0,20.2,34.0,11.0,187.35,0.0,0.0,0.0,0.0,0.0,9.0,403.0,0.03,6,exp_03
2026-09-11 03:55:31,10.3,23.8,0.0,64.0,14322.0,1841.0,3180.0,2491215.0,995610.0,0.0,9.833333333333334,23.0,10.0,104.64,0.0,0.0,0.0,0.0,0.0,18.0,403.0,0.03,6,exp_03
2026-09-11 03:50:14,31.5,33.6,0.0,34.6,14485.0,1679.0,2864.0,8623208.0,0.0,0.0,83.80000000000001,28.0,13.0,876.6800000000001,0.0,0.0,0.0,0.0,0.0,715.0,403.0,0.0,8,exp_04
2026-09-11 03:50:20,12.0,26.5,0.0,59.7,14534.0,1629.0,2869.0,1338312.0,839892.0,0.0,29.666666666666668,39.0,18.0,400.31,0.0,0.0,0.0,0.0,0.0,20.0,403.0,0.0,8,exp_04
2026-09-11 03:50:25,8.8,44.9,0.0,44.3,14413.0,1750.0,2874.0,426201.0,8643686.0,0.0,85.8,36.0,16.0,872.83,0.0,0.0,0.0,0.0,0.0,16.0,403.0,0.0,8,exp_04
2026-09-11 03:50:30,8.2,43.6,0.0,46.0,14420.0,1743.0,2879.0,1358635.0,2258611.0,0.0,98.2,36.0,16.0,988.52,0.0,0.0,0.0,0.0,0.0,18.0,403.0,0.08,8,exp_04
2026-09-11 03:50:35,8.9,44.6,0.0,44.6,14423.0,1741.0,2885.0,1738419.0,2302049.0,0.0,99.115,36.0,13.0,924.12,0.0,0.0,0.0,0.0,0.0,22.0,403.0,0.1491,8,exp_04
2026-09-11 03:50:41,8.3,46.5,0.0,43.0,14492.0,1671.0,2890.0,5108062.0,2117714.0,0.0,77.83333333333333,36.0,16.0,967.93,0.0,0.0,0.0,0.0,0.0,16.0,403.0,0.14,8,exp_04
2026-09-11 03:50:46,11.8,47.5,0.0,38.3,14488.0,1675.0,2896.0,1227946.0,2349616.0,0.0,87.4,36.0,18.0,900.22,0.0,0.0,0.0,0.0,0.0,19.0,403.0,0.13,8,exp_04
2026-09-11 03:50:51,8.4,42.9,0.0,46.4,14509.0,1654.0,2901.0,153174.0,2130879.0,0.0,85.2,36.0,17.0,870.09,0.0,0.0,0.0,0.0,0.0,14.0,403.0,0.12,8,exp_04
2026-09-11 03:50:57,11.1,47.8,0.0,39.0,14531.0,1632.0,2907.0,12956797.0,2515668.0,0.0,66.33333333333333,36.0,19.0,811.07,0.0,0.0,0.0,0.0,0.0,17.0,403.0,0.11,8,exp_04
2026-09-11 03:51:02,7.7,45.0,0.0,45.2,14551.0,1612.0,2912.0,4663661.0,2569709.0,0.0,77.4,36.0,18.0,926.73,0.0,0.0,0.0,0.0,0.0,7.0,403.0,0.1,8,exp_04
2026-09-11 03:51:07,13.3,46.4,0.0,37.2,14701.0,1462.0,2917.0,2732292.0,6508224.0,0.0,86.2,37.0,16.0,862.17,0.0,0.0,0.0,0.0,0.0,16.0,403.0,0.09,8,exp_04
2026-09-11 03:51:13,8.9,43.5,0.0,44.4,14803.0,1360.0,2923.0,54364004.7,2062140.0,0.0,70.5,36.0,17.0,827.46,0.0,0.0,0.0,0.0,0.0,22.0,403.0,0.09,8,exp_04
2026-09-11 03:51:18,7.8,43.9,0.0,45.9,14765.0,1398.0,2928.0,13662304.0,2855768.0,0.0,89.8,35.0,15.0,891.4,0.0,0.0,0.0,0.0,0.0,25.0,403.0,0.08,8,exp_04
2026-09-11 03:51:23,4.7,42.2,0.0,51.2,14733.0,1431.0,2933.0,14895785.0,2232452.0,0.0,86.2,35.0,16.0,891.24,0.0,0.0,0.0,0.0,0.0,21.0,403.0,0.07,8,exp_04
2026-09-11 03:51:28,4.0,41.4,0.0,52.8,14553.0,1610.0,2938.0,4456453.0,32632592.760000005,0.0,88.8,35.0,16.0,936.53,0.0,0.0,0.0,0.0,0.0,14.0,403.0,0.07,8,exp_04
2026-09-11 03:51:34,3.4,40.0,0.0,55.1,14564.0,1599.0,2944.0,297447.0,1862346.0,0.0,69.66666666666667,36.0,15.0,819.72,0.0,0.0,0.0,0.0,0.0,22.0,403.0,0.06,8,exp_04
2026-09-11 03:51:39,4.3,40.9,0.0,53.3,14468.0,1695.0,2949.0,634529.0,1918465.0,0.0,82.4,35.0,17.0,858.95,0.0,0.0,0.0,0.0,0.0,13.0,403.0,0.06,8,exp_04
2026-09-11 03:51:45,5.1,42.9,0.0,50.4,14451.0,1712.0,2954.0,905547.0,2344180.0,0.0,71.83333333333333,35.0,19.0,880.53,0.0,0.0,0.0,0.0,0.0,34.0,403.0,0.05,8,exp_04
2026-09-11 03:51:50,6.3,28.6,0.0,63.3,14394.0,1770.0,2960.0,9682188.0,1601738.0,0.0,46.8,24.0,10.0,473.91,0.0,0.0,0.0,0.0,0.0,15.0,403.0,0.04,8,exp_04
2026-09-04 05:01:46,0.0,0.0,0.0,0.0,1896.0,2020.0,654.0,0.0,0.0,0.0,0.9333333333333332,29.0,17.0,148.08,0.0,0.0,0.0,0.0,0.0,28.0,200.0,2.48,carga1,exp_05
2026-09-04 05:01:57,34.9,13.6,0.3,42.9,1925.0,1991.0,665.0,55082.0,9395897.995,0.0909090909090909,2.909090909090909,29.0,17.0,129.47,0.0,0.0,1736.0,5113.0,102.0,1841.0,200.0,3.52,carga1,exp_05
2026-09-04 05:02:09,46.9,17.0,0.1,28.5,1950.0,1967.0,677.0,26596.0,3365452.0,0.0,2.0,29.0,16.0,176.65,0.0,0.0,2521.5,5035.0,0.0,5007.0,0.0,5.09,carga1,exp_05
2026-09-04 05:02:24,46.0,17.8,0.1,28.3,1964.0,1952.0,692.0,38580.0,3073160.0,0.0,0.8666666666666667,30.0,18.0,172.5,0.0,0.0,0.0,0.0,0.0,5004.0,0.0,5.29,carga1,exp_05
2026-09-04 05:02:39,46.4,16.9,0.2,28.7,1982.0,1934.0,707.0,63714.0,3951585.0,0.0,0.9333333333333332,29.0,16.0,141.24,0.0,0.0,9.0,9.0,1.0,5007.0,0.0,6.72,carga1,exp_05
2026-09-04 05:02:54,44.8,17.0,0.0,30.2,1995.0,1921.0,722.0,138038.0,3265997.0,0.0,0.6666666666666666,29.0,16.0,107.16,0.0,0.0,1795.0,5035.0,134.0,5007.0,0.0,7.38,carga1,exp_05
2026-09-04 05:03:09,46.0,16.9,0.1,29.1,2008.0,1908.0,737.0,119324.0,4939540.0,0.0,0.8,30.0,17.0,115.14,0.0,0.0,3468.0,5339.5,134.0,5006.0,0.0,8.42,carga1,exp_05
2026-09-04 05:03:25,46.0,17.2,0.1,29.2,2040.0,1876.0,753.0,263493.0,4434827.0,0.0,2.0625,29.0,16.0,227.53,0.0,0.0,2751.0,5270.0,244.31,5006.0,0.0,8.04,carga1,exp_05
2026-09-04 05:03:40,45.9,17.0,0.1,29.0,2055.0,1861.0,768.0,110958.0,5284151.0,0.0666666666666666,0.5333333333333333,29.0,16.0,137.29,0.0,0.0,2528.0,5048.0,0.0,5004.0,0.0,8.33,carga1,exp_05
2026-09-04 05:03:55,46.5,16.6,0.3,28.7,2062.0,1855.0,783.0,266288.29,3405302.0,0.3072727272727282,13.66666666666668,25.0,12.0,139.36,0.0,0.0,0.0,0.0,0.0,5005.0,0.0,8.95,carga1,exp_05
2026-09-04 05:04:10,45.0,17.6,0.1,29.7,2073.0,1843.0,798.0,35913.0,6017650.0,0.0,1.3333333333333333,25.0,12.0,180.83,0.0,0.0,2515.5,5028.0,0.0,5005.0,0.0,8.58,carga1,exp_05
2026-09-04 05:04:25,45.4,17.5,0.1,29.1,2078.0,1838.0,813.0,31553.0,3387196.0,0.0,1.0666666666666669,26.0,14.0,211.81,0.0,0.0,0.0,0.0,0.0,5007.0,0.0,8.73,carga1,exp_05
2026-09-04 05:04:41,44.2,17.7,0.2,29.6,2089.0,1827.0,828.0,67588.0,7501738.0,0.0,1.875,25.0,12.0,198.87,0.0,0.0,2518.5,5030.0,0.0,5007.0,0.0,8.43,carga1,exp_05
2026-09-04 05:04:56,43.7,18.1,0.1,30.1,2095.0,1821.0,843.0,7287.0,3644158.0,0.0,0.9333333333333332,25.0,12.0,142.46,0.0,0.0,164.0,164.0,82.0,5008.0,0.0,9.17,carga1,exp_05
2026-09-04 05:05:11,43.7,17.6,0.1,30.4,2108.0,1808.0,858.0,24003.0,3492784.0,0.0,1.2666666666666666,25.0,12.0,157.17,0.0,0.0,5193.0,5193.0,82.0,5007.0,0.0,9.14,carga1,exp_05
2026-09-04 05:05:26,44.1,18.2,0.1,29.6,2108.0,1808.0,874.0,78852.0,5796035.0,0.0,1.0666666666666669,26.0,13.0,176.41,0.0,0.0,2524.5,5035.0,4.0,5004.0,0.0,9.57,carga1,exp_05
2026-09-04 05:05:41,45.5,17.6,0.1,29.1,2108.0,1808.0,889.0,55854.0,3385495.0,0.0,0.6666666666666666,25.0,12.0,131.16,0.0,0.0,2521.5,5036.0,0.0,5004.0,0.0,9.13,carga1,exp_05
2026-09-04 05:05:57,45.2,17.8,0.1,28.9,2110.0,1806.0,905.0,12130.0,4613269.0,0.0,1.0625,29.0,16.0,150.3,0.0,0.0,2519.5,5033.0,0.0,5007.0,0.0,8.99,carga1,exp_05
2026-09-04 05:06:12,45.5,17.1,0.1,29.7,2116.0,1800.0,920.0,104127.0,4573487.0,0.0,0.4,29.0,16.0,170.77,0.0,0.0,2694.0,5208.0,200.0,5009.0,0.0,9.23,carga1,exp_05
2026-09-04 05:06:27,45.2,17.0,0.1,30.0,2122.0,1794.0,935.0,0.0,3284278.0,0.0,1.4,29.0,16.0,151.63,0.0,0.0,4.0,5.0,0.0,5006.0,0.0,8.52,carga1,exp_05
2026-09-04 05:06:42,44.6,17.3,0.1,30.1,2125.0,1791.0,950.0,36113.0,6549317.0,0.0,1.0,29.0,16.0,144.42,0.0,0.0,5031.5,5032.0,0.0,5007.0,0.0,8.22,carga1,exp_05
2026-09-04 05:06:57,44.6,17.3,0.4,29.5,2124.0,1792.0,965.0,4593.0,3660584.0,0.0666666666666666,10.866666666666667,31.0,18.0,178.03,0.0,0.0,2518.0,5031.0,0.0,5004.0,0.0,8.58,carga1,exp_05
2026-09-04 05:07:12,44.8,17.0,0.1,30.2,2126.0,1790.0,980.0,97781.0,6819244.0,0.0,1.5333333333333334,29.0,16.0,118.44,0.0,0.0,1681.0,5033.0,0.0,5008.0,0.0,8.69,carga1,exp_05
2026-09-04 05:07:28,46.9,17.0,0.1,28.2,2129.0,1787.0,996.0,540.0,6095240.0,0.0,1.0625,29.0,16.0,121.78,0.0,0.0,2519.5,5034.0,0.0,5006.0,0.0,8.29,carga1,exp_05
2026-09-04 05:07:43,46.5,17.5,0.1,27.8,2129.0,1788.0,1011.0,168375.0,3376398.0,0.0,1.2666666666666666,29.0,16.0,165.02,0.0,0.0,5033.0,5033.0,0.0,5006.0,0.0,8.7,carga1,exp_05
2026-09-04 05:07:58,46.3,16.9,0.1,28.8,2120.0,1796.0,1026.0,42149.0,4709041.0,0.0,1.0,29.0,16.0,170.98,0.0,0.0,0.0,0.0,0.0,5006.0,0.0,7.86,carga1,exp_05
2026-09-04 05:08:13,44.7,17.2,0.0,30.2,2127.0,1789.0,1041.0,10539.0,3279875.0,0.0,0.9333333333333332,29.0,16.0,132.02,0.0,0.0,0.0,0.0,0.0,5005.0,0.0,8.68,carga1,exp_05
2026-09-04 05:08:28,45.7,17.0,0.1,29.0,2130.0,1786.0,1056.0,1350.0,5277591.0,0.0,0.9333333333333332,29.0,16.0,131.56,0.0,0.0,6.0,6.0,0.0,5006.0,0.0,9.73,carga1,exp_05
2026-09-04 05:08:43,45.3,17.5,0.1,29.1,2160.0,1756.0,1071.0,155135.0,3264766.0,0.0,1.2666666666666666,29.0,16.0,148.08,0.0,0.0,5040.0,5040.0,0.0,5007.0,0.0,9.31,carga1,exp_05
2026-09-04 05:08:59,45.2,18.0,0.1,28.9,2160.0,1756.0,1086.0,34816.0,6466825.0,0.0,2.25,26.0,13.0,230.42,0.0,0.0,1682.6666666666667,5034.0,0.0,5006.0,0.0,9.46,carga1,exp_05
2026-09-04 05:09:14,44.0,17.8,0.2,29.9,2159.0,1757.0,1101.0,18098.0,3575846.0,0.0,1.1333333333333333,26.0,14.0,185.77,0.0,0.0,5040.0,5040.0,0.0,5006.0,0.0,9.53,carga1,exp_05
2026-09-04 05:09:29,44.4,17.4,0.0,30.1,2160.0,1756.0,1117.0,270.0,3354972.0,0.0,0.6,26.0,13.0,155.9,0.0,0.0,2019.4,5037.0,12.0,5007.0,0.0,9.72,carga1,exp_05
2026-09-04 05:09:44,45.6,16.9,0.1,29.7,2162.0,1754.0,1132.0,61828.0,5313386.0,0.0,0.8666666666666667,26.0,14.0,121.68,0.0,0.0,5034.0,5034.0,0.0,5008.0,0.0,10.21035,carga1,exp_05
2026-09-04 05:09:59,45.9,17.1,0.1,29.2,2159.0,1757.0,1147.0,9983.0,4437511.0,0.0,0.4,26.0,13.0,91.96,0.0,0.0,61.0,113.0,98.0,5007.0,0.0,10.12,carga1,exp_05
2026-09-04 05:10:14,45.9,17.2,0.1,29.0,2168.0,1748.0,1162.0,61812.0,6465658.0,0.0,0.6,26.0,13.0,171.86,0.0,0.0,5094.0,5145.0,98.0,5006.0,0.0,9.86,carga1,exp_05
2026-09-04 05:10:30,45.3,17.1,0.1,29.2,2169.0,1747.0,1178.0,22126.0,3313984.0,0.0,1.0,26.0,13.0,186.69,0.0,0.0,16.0,16.0,6.0,5007.0,0.0,9.36,carga1,exp_05
2026-09-04 05:10:45,45.0,17.7,0.1,29.0,2177.0,1739.0,1193.0,184459.0,4780012.0,0.0,0.9333333333333332,26.0,13.0,184.29,0.0,0.0,5042.0,5042.0,6.0,5008.0,0.0,9.7,carga1,exp_05
2026-09-04 05:11:00,45.4,17.4,0.1,29.2,2178.0,1738.0,1208.0,0.0,3264028.0,0.0,1.3333333333333333,26.0,14.0,147.75,0.0,0.0,1703.0,5067.0,60.0,5007.0,0.0,9.57,carga1,exp_05
2026-09-04 05:11:15,43.7,17.8,0.1,30.2,2176.0,1740.0,1223.0,139545.0,5356699.0,0.0,0.4,26.0,13.0,177.26,0.0,0.0,5047.0,5047.0,0.0,5006.0,0.0,9.64,carga1,exp_05
2026-09-04 05:11:30,44.3,17.4,0.1,30.3,2176.0,1740.0,1238.0,199016.0,3413512.0,0.0,1.0,26.0,13.0,167.06,0.0,0.0,4.0,4.0,0.0,5006.0,0.0,9.95,carga1,exp_05
2026-09-04 05:11:46,43.8,17.7,0.0,30.5,2181.0,1735.0,1254.0,0.0,5949124.0,0.0,0.9375,25.0,16.0,207.85,0.0,0.0,5028.0,5028.0,0.0,5004.0,0.0,9.27,carga1,exp_05
2026-09-04 05:12:01,44.1,17.2,0.1,30.5,2179.0,1737.0,1269.0,183246.0,3303020.0,0.0,1.2,25.0,14.0,129.73,0.0,0.0,2593.75,5184.0,204.0,5007.0,0.0,9.08,carga1,exp_05
2026-09-04 05:12:16,45.0,17.5,0.1,29.7,2173.0,1743.0,1284.0,37527.0,6494096.0,0.0,1.4,25.0,13.0,201.83,0.0,0.0,2547.5,5062.0,54.0,5005.0,0.0,9.42,carga1,exp_05
2026-09-04 05:12:31,45.2,16.5,0.1,30.4,2190.0,1726.0,1299.0,0.0,3263990.0,0.0,0.3333333333333333,25.0,13.0,124.92,0.0,0.0,0.0,0.0,0.0,5005.0,0.0,9.18,carga1,exp_05
2026-09-04 05:12:46,46.0,16.5,0.1,29.9,2178.0,1738.0,1314.0,196820.0,6713487.0,0.0,0.8,25.0,13.0,173.42,0.0,0.0,0.0,0.0,0.0,5008.0,0.0,9.28,carga1,exp_05
2026-09-04 05:13:01,46.8,16.8,0.1,29.3,2185.0,1731.0,1329.0,18614.0,4289774.0,0.0,0.4,25.0,13.0,132.84,0.0,0.0,2658.0,5170.0,180.0,5005.0,0.0,8.94,carga1,exp_05
2026-09-04 05:13:17,47.5,16.5,0.1,28.2,2184.0,1732.0,1344.0,78284.0,3160524.0,0.0,0.375,25.0,14.0,138.0,0.0,0.0,2611.5,5130.0,164.0,5004.0,0.0,8.6,carga1,exp_05
2026-09-04 05:13:32,46.7,16.7,0.1,28.9,2184.0,1732.0,1360.0,36737.0,6116769.0,0.0,0.2666666666666666,25.0,13.0,174.37,0.0,0.0,0.0,0.0,0.0,5008.0,0.0,9.31,carga1,exp_05
2026-09-04 05:13:47,45.7,16.9,0.1,29.4,2188.0,1728.0,1375.0,100512.0,3290131.0,0.0,0.6,26.0,13.0,169.86,0.0,0.0,5033.0,5033.0,0.0,5007.0,0.0,9.78,carga1,exp_05
2026-09-04 05:14:02,45.1,16.9,0.1,30.0,2182.0,1734.0,1390.0,0.0,3142861.0,0.0,0.8,23.0,10.0,110.49,0.0,0.0,0.0,0.0,0.0,5005.0,0.0,9.51,carga1,exp_05
2026-09-04 05:14:17,44.6,17.2,0.1,29.9,2189.0,1727.0,1405.0,230376.0,5536856.0,0.0,0.2666666666666666,23.0,10.0,128.97,0.0,0.0,216.0,216.0,114.0,5008.0,0.0,9.54,carga1,exp_05
2026-09-04 05:14:32,45.5,17.3,0.1,29.0,2193.0,1723.0,1420.0,68304.0,3227016.0,0.0,0.8666666666666667,23.0,10.0,191.01,0.0,0.0,2625.0,5245.0,114.0,5007.0,0.0,9.93,carga1,exp_05
2026-09-04 05:14:48,44.8,16.8,0.1,30.4,2193.0,1723.0,1435.0,93364.0,6183904.0,0.0,0.9375,23.0,11.0,142.3,0.0,0.0,3360.0,5038.0,0.0,5007.0,0.0,9.89,carga1,exp_05
2026-09-04 05:15:03,44.5,16.7,0.0,31.0,2199.0,1717.0,1450.0,0.0,3124372.0,0.0,0.2666666666666666,23.0,10.0,84.95,0.0,0.0,1310.0,5038.0,100.0,5007.0,0.0,9.68,carga1,exp_05
2026-09-04 05:15:18,45.7,16.4,0.1,30.3,2189.0,1727.0,1465.0,7570.0,7648153.0,0.0,0.3333333333333333,23.0,10.0,90.49,0.0,0.0,5117.5,5208.0,100.0,5008.0,0.0,9.66,carga1,exp_05
2026-09-04 05:15:33,46.0,16.2,0.1,30.2,2203.0,1713.0,1480.0,109627.0,5835627.0,0.0,0.4,23.0,10.0,82.67,0.0,0.0,2517.5,5032.0,0.0,5006.0,0.0,9.18,carga1,exp_05
2026-09-04 05:15:48,45.3,16.6,0.1,30.5,2200.0,1716.0,1497.0,86284.0,3276920.0,0.0,1.0,23.0,10.0,129.29,0.0,0.0,1743.3333333333333,5029.0,103.0,5006.0,0.0,9.66,carga1,exp_05
2026-09-04 05:16:03,45.2,16.9,0.1,30.0,2199.0,1717.0,1512.0,203230.0,5460503.0,0.0,0.8,25.0,12.0,170.59,0.0,0.0,2616.0,5225.0,103.0,5007.0,0.0,9.77,carga1,exp_05
2026-09-04 05:16:19,44.5,17.3,0.1,30.1,2203.0,1713.0,1527.0,24851.0,3364676.0,0.0,0.4375,25.0,12.0,159.33,0.0,0.0,5039.0,5039.0,0.0,5004.0,0.0,9.31,carga1,exp_05
2026-09-04 05:16:34,46.0,17.1,0.2,28.9,2200.0,1716.0,1542.0,76768.0,4649321.0,0.0,0.3333333333333333,25.0,12.0,78.8,0.0,0.0,180.0,180.0,169.0,5009.0,0.0,9.63,carga1,exp_05
2026-09-04 05:16:49,45.6,16.8,0.0,29.5,2201.0,1715.0,1557.0,540.0,3268628.0,0.0,0.2,25.0,12.0,126.67,0.0,0.0,5206.9,5213.0,169.0,5006.0,0.0,8.95,carga1,exp_05
2026-09-04 05:17:04,46.7,16.4,0.1,29.2,2181.0,1735.0,1572.0,213453.0,5936754.0,0.0,0.3333333333333333,25.0,12.0,114.11,0.0,0.0,2521.0,5038.0,0.0,5007.0,0.0,9.34,carga1,exp_05
2026-09-11 10:37:36,24.6,31.7,0.0,42.1,15412.0,751.0,6771.0,107826170.84,0.0,0.0,57.78333333333333,34.0,18.0,645.085,0.0,0.0,0.0,0.0,0.0,0.0,0.0,0.0,carga11,exp_06
2026-09-11 10:37:42,25.7,30.0,0.0,42.5,15526.0,638.0,6776.0,29737349.0,750869.0,0.0,25.666666666666668,45.0,26.0,275.98,0.0,0.0,0.0,0.0,0.0,1674.0,403.0,0.0,carga11,exp_06
2026-09-11 10:37:48,23.1,48.0,0.0,26.3,15490.0,673.0,6781.0,6500481.0,5093109.0,0.0,68.0,45.0,26.0,706.94,0.0,0.0,0.0,0.0,0.0,51.0,403.0,0.16,carga11,exp_06
2026-09-11 10:37:53,23.0,46.1,0.0,28.9,15505.0,659.0,6787.0,6037373.0,2834807.0,0.0,77.0,37.0,16.0,660.23,0.0,0.0,0.0,0.0,0.0,34.0,403.0,0.15,carga11,exp_06
2026-09-11 10:37:59,25.1,48.9,0.0,23.7,15557.0,607.0,6792.0,8327508.0,3780464.0,0.0,58.5,36.0,15.0,685.77,0.0,0.0,0.0,0.0,0.0,41.0,403.0,1.41,carga11,exp_06
2026-09-11 10:38:04,30.1,52.7,0.0,12.5,15555.0,609.0,6797.0,6409451.0,2539949.0,0.0,51.6,36.0,15.0,472.85,0.0,0.0,0.0,0.0,0.0,39.0,403.0,2.34,carga11,exp_06
2026-09-11 10:38:09,30.7,51.5,0.0,14.9,15768.0,395.0,6803.0,66015366.0,11635295.0,0.0,79.67999999999999,36.0,16.0,847.05,0.0,0.0,0.0,0.0,0.0,74.0,403.0,2.23,carga11,exp_06
2026-09-11 10:38:14,36.6,56.4,0.0,4.5,16052.0,112.0,6808.0,47906212.0,32653549.0,0.0,57.4,36.0,17.0,629.94,0.0,0.0,0.0,0.0,0.0,46.0,403.0,2.3,carga11,exp_06
2026-09-11 10:38:20,32.2,53.5,0.0,11.0,15886.0,277.0,6813.0,57100038.0,91548274.48,0.0,58.16666666666666,36.0,15.0,728.05,0.0,0.0,0.0,0.0,0.0,32.0,403.0,2.59,carga11,exp_06
2026-09-11 10:38:25,30.2,52.0,0.0,14.4,15812.0,351.0,6818.0,40293762.0,15461193.0,0.0,78.2,36.0,15.0,759.11,0.0,0.0,0.0,0.0,0.0,46.0,403.0,2.46,carga11,exp_06
2026-09-11 10:38:30,26.8,55.1,0.0,15.7,15304.0,860.0,6824.0,44047580.0,33617168.0,0.0,74.6,37.0,16.0,818.42,0.0,0.0,0.0,0.0,0.0,28.0,403.0,3.15,carga11,exp_06
2026-09-11 10:38:36,34.2,51.7,0.0,10.6,15396.0,768.0,6829.0,7702637.0,1690691.0,0.0,43.5,36.0,17.0,529.36,0.0,0.0,0.0,0.0,0.0,848.0,403.0,3.13,carga11,exp_06
2026-09-11 10:38:41,36.1,52.0,0.0,7.7,15287.0,876.0,6840.0,4759433.0,1310212.0,0.0,46.6,36.0,19.0,449.07,0.0,0.0,0.0,0.0,0.0,1912.0,403.0,3.04,carga11,exp_06
2026-09-11 10:38:55,38.7,52.9,0.0,3.6,15364.0,799.0,6849.0,51320453.0,1368674.0,0.0,16.785714285714285,35.0,17.0,232.53,0.0,0.0,0.0,0.0,0.0,1123.0,403.0,9.2572,carga11,exp_06
2026-09-11 10:39:00,24.9,50.3,0.0,22.4,15382.0,781.0,6855.0,14097409.0,2177717.0,0.0,61.0,34.0,18.0,665.84,0.0,0.0,0.0,0.0,0.0,30.0,403.0,8.65,carga11,exp_06
2026-09-11 10:39:06,26.3,51.0,0.0,20.2,15411.0,752.0,6860.0,9326755.0,1694549.0,0.0,49.66666666666666,34.0,16.0,624.48,0.0,0.0,0.0,0.0,0.0,24.0,403.0,7.96,carga11,exp_06
2026-09-11 10:39:11,20.7,42.8,0.0,34.4,15332.0,831.0,6865.0,17527648.0,1317367.0,0.0,44.0,24.0,10.0,484.06,0.0,0.0,0.0,0.0,0.0,40.0,403.0,7.32,carga11,exp_06
2026-09-18 16:40:17,26.0,21.9,0.0,50.3,15242.0,905.0,1831.0,4678972.0,0.0,0.0,46.1,38.0,24.0,646.8399999999999,0.0,0.0,0.0,0.0,0.0,0.0,0.0,0.0,carga18,exp_07
2026-09-18 16:40:24,18.1,36.3,0.0,43.5,15370.0,777.0,1837.0,18112160.0,1358927.0,4.8502857142857225,23.285714285714285,51.0,34.0,442.22,0.0,0.0,0.0,0.0,0.0,2697.0,403.0,0.0,carga18,exp_07
2026-09-18 16:40:29,15.8,47.1,0.0,35.0,15357.0,790.0,1842.0,7546579.0,1684885.0,0.0,53.2,49.0,31.0,645.0,0.0,0.0,0.0,0.0,0.0,30.0,403.0,0.0,carga18,exp_07
2026-09-18 16:40:34,19.2,48.1,0.0,30.1,15417.0,731.0,1847.0,58509616.87999995,3012574.0,0.0,49.2,48.0,30.0,654.7,0.0,0.0,0.0,0.0,0.0,29.0,403.0,0.0,carga18,exp_07
2026-09-18 16:40:40,23.6,48.2,0.0,24.7,15414.0,734.0,1852.0,2854098.0,1503393.0,0.0,37.5,48.0,28.0,620.25,0.0,0.0,0.0,0.0,0.0,38.0,403.0,0.0,carga18,exp_07
2026-09-18 16:40:45,15.6,46.1,0.0,35.4,15351.0,796.0,1858.0,1336831.0,1870310.0,0.0,45.4,48.0,31.0,609.33,0.0,0.0,0.0,0.0,0.0,31.0,403.0,0.0,carga18,exp_07
2026-09-18 16:40:50,16.6,47.0,0.0,33.3,15361.0,786.0,1863.0,836889.0,1647359.0,0.4,63.87300000000002,50.0,30.0,712.44,0.0,0.0,0.0,0.0,0.0,34.0,403.0,0.0,carga18,exp_07
2026-09-18 16:40:56,16.0,48.7,0.0,33.1,15485.0,662.0,1868.0,2510068.0,1436984.0,0.0,41.833333333333336,49.0,32.0,648.89,0.0,0.0,0.0,0.0,0.0,23.0,403.0,0.0,carga18,exp_07
2026-09-18 16:41:01,20.5,45.6,0.0,31.7,15666.0,481.0,1873.0,3381737.0,2350032.0,0.0,49.8,49.0,28.0,636.34,0.0,0.0,0.0,0.0,0.0,30.0,403.0,0.0,carga18,exp_07
2026-09-18 16:41:06,18.5,47.0,0.0,32.1,15618.0,529.0,1878.0,816079.0,2150492.0,0.0,55.2,48.0,32.0,709.43,0.0,0.0,0.0,0.0,0.0,24.0,403.0,0.0,carga18,exp_07
2026-09-18 16:41:11,16.3,46.8,0.0,34.3,15576.0,571.0,1884.0,567781.0,1414994.0,0.0,49.6,48.0,32.0,712.68,0.0,0.0,0.0,0.0,0.0,22.0,403.0,0.16,carga18,exp_07
2026-09-18 16:41:16,16.7,47.8,0.0,33.3,15588.0,559.0,1889.0,1224318.0,1505338.0,0.0,54.0,48.0,32.0,652.28,0.0,0.0,0.0,0.0,0.0,18.0,403.0,0.23,carga18,exp_07
2026-09-18 16:41:22,20.2,46.2,0.0,31.5,15674.0,474.0,1894.0,1093600.0,1467888.0,0.0,40.833333333333336,48.0,33.0,644.05,0.0,0.0,0.0,0.0,0.0,19.0,403.0,0.21,carga18,exp_07
2026-09-18 16:41:27,18.0,47.2,0.0,31.2,15670.0,477.0,1900.0,12795667.0,1684994.0,0.0,46.6,48.0,32.0,594.68,0.0,0.0,0.0,0.0,0.0,13.0,403.0,0.19,carga18,exp_07
2026-09-18 16:41:32,21.3,52.8,0.0,22.7,15586.0,561.0,1905.0,6921329.0,4639418.0,0.0,50.6,48.0,32.0,678.6,0.0,0.0,0.0,0.0,0.0,21.0,403.0,0.18,carga18,exp_07
2026-09-18 16:41:37,18.3,50.8,0.0,28.4,15632.0,516.0,1911.0,2096810.0,1663274.0,0.0,50.2,48.0,33.0,648.68,0.0,0.0,0.0,0.0,0.0,24.0,403.0,0.24,carga18,exp_07
2026-09-18 16:41:43,20.2,48.5,0.0,28.3,15616.0,531.0,1916.0,2115231.0,1604068.0,0.0,38.0,48.0,34.0,658.36,0.0,0.0,0.0,0.0,0.0,29.0,403.0,0.22,carga18,exp_07
2026-09-18 16:41:48,17.0,47.8,0.0,32.3,15636.0,511.0,1921.0,4481179.0,4444426.0,0.0,51.8,46.0,31.0,665.32,0.0,0.0,0.0,0.0,0.0,21.0,403.0,0.21,carga18,exp_07
2026-09-18 16:41:53,19.8,46.1,0.0,31.0,15630.0,517.0,1926.0,1832884.0,1500249.0,0.0,45.0,47.0,31.0,636.04,0.0,0.0,0.0,0.0,0.0,101.0,403.0,0.19,carga18,exp_07
2026-09-18 16:41:58,20.8,48.7,0.0,27.1,15674.0,474.0,1931.0,2224477.0,1631232.0,0.0,44.6,46.0,33.0,577.07,0.0,0.0,0.0,0.0,0.0,16.0,403.0,0.17,carga18,exp_07
2026-09-18 16:42:04,13.9,51.0,0.0,32.3,14859.0,1288.0,1936.0,1872674.0,52644971.91999994,0.0,41.333333333333336,46.0,29.0,626.5,0.0,0.0,0.0,0.0,0.0,24.0,403.0,0.24,carga18,exp_07
2026-09-18 16:42:09,11.5,44.5,0.0,41.2,14618.0,1529.0,1942.0,3353633.0,5048932.0,0.0,49.8,46.0,31.0,655.35,0.0,0.0,0.0,0.0,0.0,34.0,403.0,0.2,carga18,exp_07
2026-09-18 16:42:14,11.9,44.8,0.0,40.7,14732.0,1415.0,1947.0,3257136.0,1739286.0,0.0,45.6,46.0,30.0,697.04,0.0,0.0,0.0,0.0,0.0,20.0,403.0,0.19,carga18,exp_07
2026-09-18 16:42:19,10.2,43.2,0.0,43.7,14729.0,1418.0,1952.0,17569485.0,1290658.0,0.0,39.0,46.0,33.0,604.64,0.0,0.0,0.0,0.0,0.0,25.0,403.0,0.17,carga18,exp_07
2026-09-18 16:42:24,9.0,25.3,0.0,63.4,14721.0,1426.0,1957.0,1448972.0,482662.0,0.0,11.8,36.0,23.0,147.38,0.0,0.0,0.0,0.0,0.0,41.0,403.0,0.16,carga18,exp_07
2026-09-18 16:42:28,24.1,30.6,0.0,44.1,14776.0,1372.0,1962.0,8454452.0,0.0,0.0,45.8,37.0,23.0,635.755,0.0,0.0,0.0,0.0,0.0,802.0,403.0,0.0,carga19,exp_08
2026-09-18 16:42:34,11.7,25.6,0.0,60.2,14797.0,1351.0,1967.0,8927714.0,841226.0,0.0,16.333333333333332,48.0,29.0,304.85,0.0,0.0,0.0,0.0,0.0,16.0,403.0,0.08,carga19,exp_08
2026-09-18 16:42:39,10.0,43.4,0.0,43.8,14762.0,1385.0,1972.0,677441.0,1422763.0,0.0,43.4,49.0,33.0,573.31,0.0,0.0,0.0,0.0,0.0,28.0,403.0,0.07,carga19,exp_08
2026-09-18 16:42:45,11.1,43.7,0.0,41.8,14807.0,1340.0,1977.0,1088518.0,1402389.0,0.0,39.66666666666666,48.0,32.0,659.21,0.0,0.0,0.0,0.0,0.0,24.0,403.0,0.07,carga19,exp_08
2026-09-18 16:42:50,12.1,44.8,0.0,40.5,14849.0,1299.0,1982.0,21039866.92,1551827.0,0.0,47.0,39.0,21.0,650.69,0.0,0.0,0.0,0.0,0.0,27.0,403.0,0.06,carga19,exp_08
2026-09-18 16:42:55,9.5,43.8,0.0,44.0,14819.0,1328.0,1988.0,1030699.0,1305297.0,0.0,46.8,36.0,19.0,652.66,0.0,0.0,0.0,0.0,0.0,18.0,403.0,0.06,carga19,exp_08
2026-09-18 16:43:00,9.1,44.6,0.0,43.0,14825.0,1323.0,1993.0,756935.0,1264646.0,0.0,46.8,35.0,19.0,635.55,0.0,0.0,0.0,0.0,0.0,21.0,403.0,0.05,carga19,exp_08
2026-09-18 16:43:06,11.1,45.4,0.0,40.2,14755.0,1392.0,1998.0,520456.0,1332070.0,0.0,38.16666666666666,36.0,19.0,635.96,0.0,0.0,0.0,0.0,0.0,23.0,403.0,0.05,carga19,exp_08
2026-09-18 16:43:11,11.2,44.9,0.0,40.9,14691.0,1456.0,2003.0,320080.0,1520554.0,0.0,48.0,35.0,17.0,679.08,0.0,0.0,0.0,0.0,0.0,25.0,403.0,0.12,carga19,exp_08
2026-09-18 16:43:16,11.1,44.5,0.0,41.1,14720.0,1428.0,2008.0,20611607.0,1587052.0,0.0,49.6,35.0,16.0,663.56,0.0,0.0,0.0,0.0,0.0,23.0,403.0,0.11,carga19,exp_08
2026-09-18 16:43:21,9.0,44.8,0.0,43.5,14707.0,1440.0,2013.0,359506.0,1390058.0,0.0,49.0,35.0,18.0,695.46,0.0,0.0,0.0,0.0,0.0,16.0,403.0,0.11,carga19,exp_08
2026-09-18 16:43:26,8.2,42.2,0.0,47.3,14681.0,1466.0,2019.0,376833.0,1207744.0,0.0,46.8,35.0,15.0,657.03,0.0,0.0,0.0,0.0,0.0,31.0,403.0,0.1,carga19,exp_08
2026-09-18 16:43:32,8.6,42.7,0.0,46.2,14649.0,1499.0,2024.0,86618.0,1356920.0,0.0,38.333333333333336,35.0,18.0,628.07,0.0,0.0,0.0,0.0,0.0,14.0,403.0,0.09,carga19,exp_08
2026-09-18 16:43:37,12.9,46.5,0.0,37.6,14740.0,1407.0,2029.0,895122.0,1708050.0,0.0,47.6,34.0,19.0,635.44,0.0,0.0,0.0,0.0,0.0,26.0,403.0,0.08,carga19,exp_08
2026-09-18 16:43:42,7.9,43.0,0.0,46.9,14707.0,1440.0,2035.0,2377009.0,2518789.0,0.0,47.6,34.0,17.0,592.68,0.0,0.0,0.0,0.0,0.0,17.0,403.0,0.08,carga19,exp_08
2026-09-18 16:43:47,9.5,41.7,0.0,46.8,14697.0,1450.0,2040.0,363974.0,1712790.0,0.0,52.347,34.0,19.0,666.18,0.0,0.0,0.0,0.0,0.0,22.0,403.0,0.07,carga19,exp_08
2026-09-18 16:43:53,11.0,46.6,0.0,39.8,14773.0,1374.0,2046.0,790404.0,1567995.0,0.0,37.66666666666666,33.0,18.0,605.2,0.0,0.0,0.0,0.0,0.0,16.0,403.0,0.06,carga19,exp_08
2026-09-18 16:43:58,11.5,43.6,0.0,42.2,14813.0,1335.0,2051.0,479468.0,1400316.0,0.0,44.4,34.0,19.0,647.71,0.0,0.0,0.0,0.0,0.0,34.0,403.0,0.06,carga19,exp_08
2026-09-18 16:44:03,13.2,46.3,0.0,37.5,14782.0,1365.0,2056.0,737299.0,1565656.0,0.0,44.2,33.0,18.0,626.11,0.0,0.0,0.0,0.0,0.0,17.0,403.0,0.53,carga19,exp_08
2026-09-18 16:44:08,28.9,50.7,0.0,17.4,14837.0,1310.0,2061.0,869032.0,1410320.0,0.0,37.0,33.0,18.0,568.51,0.0,0.0,0.0,0.0,0.0,42.0,403.0,1.05,carga19,exp_08
2026-09-18 16:44:13,15.6,46.2,0.0,35.4,14866.0,1281.0,2066.0,549714.0,1311886.0,0.0,46.2,33.0,17.0,629.69,0.0,0.0,0.0,0.0,0.0,26.0,403.0,0.97,carga19,exp_08
2026-09-18 16:44:19,14.3,43.8,0.0,39.5,14896.0,1251.0,2072.0,777500.0,1269587.0,0.0,38.833333333333336,33.0,16.0,639.6,0.0,0.0,0.0,0.0,0.0,16.0,403.0,0.89,carga19,exp_08
2026-09-18 16:44:24,20.4,47.2,0.0,30.2,14912.0,1235.0,2077.0,1162863.0,1645516.0,0.0,45.4,34.0,20.0,577.73,0.0,0.0,0.0,0.0,0.0,18.0,403.0,1.1291999999999998,carga19,exp_08
2026-09-18 16:44:29,11.2,43.1,0.0,43.9,14860.0,1287.0,2082.0,237043.0,1576608.0,0.0,50.4,33.0,17.0,644.16,0.0,0.0,0.0,0.0,0.0,30.0,403.0,1.05,carga19,exp_08
2026-09-18 16:44:34,16.3,32.3,0.0,49.1,14857.0,1291.0,2087.0,2636806.0,3997848.1199999982,0.0,21.0,23.0,10.0,320.23,0.0,0.0,0.0,0.0,0.0,23.0,403.0,0.89,carga19,exp_08
2026-09-07 04:26:22,0.0,0.0,0.0,0.0,1784.0,2132.0,285.0,34857346.0,0.0,0.0,0.1333333333333333,21.0,10.0,72.73,0.0,0.0,0.0,0.0,0.0,216.0,200.0,1.67,carga2,exp_09
2026-09-07 04:26:33,52.6,21.2,0.2,21.5,1832.0,2084.0,296.0,4885187.0,967644.0,0.2650267379679144,0.3636363636363636,22.0,10.0,135.74,0.0,0.0,1011.0909090909092,2291.0,226.0,5008.0,0.0,3.27,carga2,exp_09
2026-09-07 04:26:48,55.3,25.0,0.0,15.5,1926.0,1990.0,312.0,1560490.0,6187636.454999999,0.0666666666666666,0.2666666666666666,29.0,17.0,109.55,0.0,0.0,1114.2857142857142,2330.0,1082.0,5009.0,0.0,5.25,carga2,exp_09
2026-09-07 04:27:04,50.0,26.2,0.1,18.7,2128.0,1788.0,328.0,6761256.0,2436219.0,0.0625,0.1875,30.0,17.0,45.81,0.0,0.0,1240.75,2518.0,1315.0,5024.0,0.0,7.38,carga2,exp_09
2026-09-07 04:27:19,51.8,20.5,0.0,22.1,2142.0,1774.0,344.0,340562.0,2994694.0,0.0,0.1333333333333333,30.0,17.0,90.16,0.0,0.0,1607.6666666666667,2485.0,443.0,5051.0,0.0,8.38,carga2,exp_09
2026-09-07 04:27:34,47.3,18.2,0.1,27.1,2139.0,1777.0,360.0,44857.0,3584800.0,0.0,0.0666666666666666,30.0,19.0,134.87,0.0,0.0,0.0,0.0,0.0,5009.0,0.0,8.42,carga2,exp_09
2026-09-07 04:27:49,43.8,20.2,0.2,28.8,2099.0,1817.0,376.0,86245.0,4538934.0,0.0,0.0666666666666666,31.0,18.0,66.13,0.0,0.0,1092.1666666666667,2343.0,324.0,5006.0,0.0,7.88,carga2,exp_09
2026-09-07 04:28:05,47.6,19.0,1.2,25.1,2113.0,1803.0,391.0,1878.0,2689841.0,0.0,0.0,30.0,17.0,89.15,0.0,0.0,693.3333333333334,2030.0,63.0,5010.0,0.0,8.75,carga2,exp_09
2026-09-07 04:28:20,45.1,26.9,0.0,22.4,2124.0,1792.0,407.0,128220.0,4104351.0,0.0,0.1333333333333333,30.0,17.0,40.16,0.0,0.0,1274.857142857143,2311.0,657.0,5009.0,0.0,9.71,carga2,exp_09
2026-09-07 04:28:35,44.6,27.3,0.0,22.2,2123.0,1793.0,425.0,800.0,1245380.0,0.0,0.0666666666666666,30.0,18.0,56.4,0.0,0.0,1135.571428571429,2326.0,1352.0,5008.0,0.0,9.94,carga2,exp_09
2026-09-07 04:28:53,46.8,27.3,0.2,18.2,2119.0,1797.0,441.0,15612.0,5756235.0,0.0,0.0555555555555555,30.0,17.0,69.55,0.0,0.0,2661.7478571428564,3400.0,3120.0,5010.0,0.0,11.67,carga2,exp_09
2026-09-07 04:29:08,45.5,23.1,0.0,23.6,2121.0,1795.0,460.0,490782.0,1716563.0,0.0,0.2,31.0,18.0,72.73,0.0,0.0,1919.857142857143,4125.795,4566.799999999999,5010.0,0.0,11.80725,carga2,exp_09
2026-09-07 04:29:27,47.9,22.6,0.1,21.7,2130.0,1786.0,477.0,123348.0,2716247.0,0.0,0.1578947368421052,31.0,18.0,51.96,0.0,0.0,1823.7142857142856,3281.0,3908.0,5006.0,0.0,11.33,carga2,exp_09
2026-09-07 04:29:43,46.1,18.6,0.1,27.6,2139.0,1777.0,493.0,399573.0,2723335.0,0.0,0.25,26.0,14.0,129.98,0.0,0.0,1172.0,2191.0,346.0,5091.0,0.0,10.4,carga2,exp_09
2026-09-07 04:29:59,44.3,25.8,0.5,21.8,2152.0,1764.0,510.0,113002.0,2995690.0,0.0,0.0,23.0,13.0,43.83,0.0,0.0,1062.5,3191.0,1477.0,5006.0,0.0,10.2,carga2,exp_09
2026-09-07 04:30:14,47.9,23.4,0.3,20.8,2160.0,1756.0,527.0,126585.0,1876064.0,0.0,0.2666666666666666,23.0,10.0,72.77,0.0,0.0,1714.6,2898.0,1849.0,5014.0,0.0,10.61,carga2,exp_09
2026-09-07 04:30:31,42.5,24.5,0.7,24.6,2145.0,1771.0,544.0,36308018.11,4727093.0,0.1764705882352941,7.930267379679144,23.0,11.0,83.86,0.0,0.0,1609.0,3495.0,1746.0,5040.0,0.0,11.16,carga2,exp_09
2026-09-07 04:30:46,45.9,25.2,0.1,21.1,2153.0,1763.0,559.0,604406.0,1271519.0,0.0,0.0666666666666666,23.0,10.0,41.81,0.0,0.0,1392.4,4059.0,1281.0,5041.0,0.0,11.17,carga2,exp_09
2026-09-18 16:49:34,37.5,31.8,0.0,28.3,15168.0,979.0,2387.0,2054260.0,508795.0,0.0,40.5,24.0,10.0,545.155,0.0,0.0,0.0,0.0,0.0,1084.0,403.0,0.0,carga20,exp_10
2026-09-18 16:49:40,29.0,33.7,0.0,34.7,15348.0,799.0,2393.0,19902517.0,1284667.0,0.0,13.166666666666666,35.0,18.0,224.18,0.0,0.0,0.0,0.0,0.0,33.0,403.0,0.0,carga20,exp_10
2026-09-18 16:49:45,34.8,51.3,0.0,11.4,15552.0,595.0,2399.0,13302283.0,3313841.0,0.0,30.2,35.0,20.0,369.0,0.0,0.0,0.0,0.0,0.0,44.0,403.0,0.08,carga20,exp_10
2026-09-18 16:49:51,23.3,49.1,0.0,24.9,15546.0,601.0,2404.0,1744498.0,1375430.0,0.0,27.83333333333333,43.0,25.0,484.85,0.0,0.0,0.0,0.0,0.0,20.0,403.0,0.07,carga20,exp_10
2026-09-18 16:49:56,22.2,49.7,0.0,25.5,15573.0,574.0,2409.0,2043317.0,1701239.0,0.0,38.6,43.0,27.0,434.85,0.0,0.0,0.0,0.0,0.0,35.0,403.0,0.07,carga20,exp_10
2026-09-18 16:50:01,24.9,51.7,0.0,20.4,15724.0,423.0,2415.0,11924676.0,2271139.0,0.0,36.0,44.0,28.0,462.45,0.0,0.0,0.0,0.0,0.0,37.0,403.0,0.14,carga20,exp_10
2026-09-18 16:50:07,23.5,48.2,0.0,26.1,15655.0,492.0,2420.0,2570637.0,8236036.0,0.0,30.166666666666668,43.0,28.0,479.95,0.0,0.0,0.0,0.0,0.0,18.0,403.0,0.21,carga20,exp_10
2026-09-18 16:50:12,22.4,48.7,0.0,26.5,15669.0,478.0,2425.0,3541107.0,4674310.0,0.0,36.6,44.0,29.0,471.72,0.0,0.0,0.0,0.0,0.0,14.0,403.0,0.19,carga20,exp_10
2026-09-18 16:50:18,22.6,48.9,0.0,26.0,15724.0,423.0,2431.0,1690334.0,1416065.0,0.0,31.0,44.0,25.0,446.67,0.0,0.0,0.0,0.0,0.0,24.0,403.0,0.82,carga20,exp_10
2026-09-18 16:50:23,15.5,47.2,0.0,35.3,15751.0,397.0,2436.0,1609522.0,1678532.0,0.0,40.2,44.0,24.0,509.27,0.0,0.0,0.0,0.0,0.0,19.0,403.0,0.75,carga20,exp_10
2026-09-18 16:50:29,17.7,49.5,0.0,30.5,15690.0,457.0,2442.0,2688782.0,1213932.0,0.0,33.666666666666664,44.0,29.0,452.4,0.0,0.0,0.0,0.0,0.0,24.0,403.0,0.69,carga20,exp_10
2026-09-18 16:50:34,25.6,50.2,0.0,21.5,15480.0,668.0,2447.0,1781829.0,1434392.0,0.0,35.0,44.0,26.0,435.09,0.0,0.0,0.0,0.0,0.0,26.0,403.0,0.88,carga20,exp_10
2026-09-18 16:50:40,20.8,50.4,0.0,25.1,15538.0,609.0,2453.0,50899249.0,1240800.0,0.0,28.666666666666668,43.0,25.0,395.01,0.0,0.0,0.0,0.0,0.0,29.0,403.0,0.81,carga20,exp_10
2026-09-18 16:50:45,22.7,51.8,0.0,23.0,15467.0,680.0,2458.0,321171.0,1432114.0,0.0,40.4,44.0,27.0,471.65,0.0,0.0,0.0,0.0,0.0,32.0,403.0,0.76,carga20,exp_10
2026-09-18 16:50:51,23.5,48.7,0.0,25.7,15488.0,660.0,2463.0,1530148.0,1402628.0,0.0,30.666666666666668,43.0,26.0,470.27,0.0,0.0,0.0,0.0,0.0,27.0,403.0,0.7,carga20,exp_10
2026-09-18 16:50:56,19.0,48.5,0.0,30.4,15443.0,704.0,2469.0,929395.0,1396050.0,0.0,40.6,41.0,24.0,485.08,0.0,0.0,0.0,0.0,0.0,15.0,403.0,0.65,carga20,exp_10
2026-09-18 16:51:01,19.2,52.1,0.0,26.3,15485.0,662.0,2474.0,3290885.0,1354897.0,0.0,38.2,41.0,24.0,444.24,0.0,0.0,0.0,0.0,0.0,25.0,403.0,0.59,carga20,exp_10
2026-09-18 16:51:07,18.7,47.2,0.0,31.6,15480.0,667.0,2479.0,726093.0,1066404.0,0.0,30.83333333333333,41.0,26.0,479.97,0.0,0.0,0.0,0.0,0.0,21.0,403.0,0.55,carga20,exp_10
2026-09-18 16:51:12,21.0,49.6,0.0,27.1,15460.0,687.0,2485.0,947997.0,1561446.0,0.0,39.6,41.0,24.0,462.66,0.0,0.0,0.0,0.0,0.0,17.0,403.0,0.5,carga20,exp_10
2026-09-18 16:51:18,25.0,49.9,0.0,22.6,15475.0,672.0,2490.0,560636.0,4260576.0,0.0,31.5,41.0,24.0,446.52,0.0,0.0,0.0,0.0,0.0,17.0,403.0,0.46,carga20,exp_10
2026-09-18 16:51:23,21.2,50.4,0.0,26.1,15472.0,676.0,2496.0,868833.0,1403141.0,0.0,39.8,41.0,27.0,434.96,0.0,0.0,0.0,0.0,0.0,20.0,403.0,0.43,carga20,exp_10
2026-09-18 16:51:28,15.6,47.3,0.0,34.6,15479.0,669.0,2501.0,4440260.0,1219933.0,0.0,40.8,41.0,24.0,472.34,0.0,0.0,0.0,0.0,0.0,30.0,403.0,0.39,carga20,exp_10
2026-09-18 16:51:34,22.3,50.4,0.0,25.2,15477.0,670.0,2506.0,2198179.0,1248540.0,0.0,29.5,41.0,26.0,410.2,0.0,0.0,0.0,0.0,0.0,17.0,403.0,0.36,carga20,exp_10
2026-09-18 16:51:39,23.5,49.1,0.0,24.7,15554.0,593.0,2512.0,1697889.0,1079474.0,0.0,33.6,41.0,26.0,419.22,0.0,0.0,0.0,0.0,0.0,33.0,403.0,0.33,carga20,exp_10
2026-09-18 16:51:45,23.8,52.5,0.0,20.9,15554.0,593.0,2517.0,560278.0,1268073.0,0.0,28.666666666666668,41.0,26.0,443.78,0.0,0.0,0.0,0.0,0.0,18.0,403.0,0.31,carga20,exp_10
2026-09-18 16:51:50,21.7,47.5,0.0,27.8,15228.0,919.0,2523.0,1645645.0,1171585.0,0.0,42.0,41.0,26.0,507.78,0.0,0.0,0.0,0.0,0.0,14.0,403.0,0.42,carga20,exp_10
2026-09-18 16:51:56,14.9,51.5,0.0,29.7,15229.0,918.0,2529.0,395782.0,1227230.0,0.0,33.166666666666664,42.0,28.0,518.24,0.0,0.0,0.0,0.0,0.0,20.0,403.0,0.38,carga20,exp_10
2026-09-18 16:52:01,17.0,49.0,0.0,31.8,15159.0,988.0,2534.0,623071.0,1385247.0,0.0,38.0,41.0,27.0,462.97,0.0,0.0,0.0,0.0,0.0,19.0,403.0,0.35,carga20,exp_10
2026-09-18 16:52:06,14.8,48.1,0.0,34.8,15136.0,1012.0,2540.0,719338.0,1090590.0,0.0,35.0,41.0,26.0,497.31,0.0,0.0,0.0,0.0,0.0,24.0,403.0,0.33,carga20,exp_10
2026-09-18 16:52:12,18.5,50.6,0.0,28.2,15144.0,1003.0,2545.0,17211003.0,4570290.0,0.0,31.83333333333333,41.0,25.0,463.93,0.0,0.0,0.0,0.0,0.0,14.0,403.0,0.3,carga20,exp_10
2026-09-18 16:52:17,15.8,54.2,0.0,26.0,15102.0,1046.0,2550.0,2327894.0,1102737.0,0.0,24.8,41.0,28.0,348.69,0.0,0.0,0.0,0.0,0.0,190.0,403.0,0.36,carga20,exp_10
2026-09-18 16:52:22,7.8,41.7,0.0,48.7,15044.0,1104.0,2555.0,1182175.0,1551079.0,0.0,48.4,41.0,26.0,663.46,0.0,0.0,0.0,0.0,0.0,17.0,403.0,0.33,carga20,exp_10
2026-09-18 16:52:28,10.1,43.8,0.0,44.2,15051.0,1096.0,2561.0,1379502.0,5093169.0,0.0,43.833333333333336,40.0,27.0,666.6,0.0,0.0,0.0,0.0,0.0,11.0,403.0,0.3,carga20,exp_10
2026-09-18 16:52:33,8.0,43.1,0.0,47.0,15061.0,1086.0,2566.0,1048225.0,2074321.0,0.0,47.4,40.0,25.0,584.32,0.0,0.0,0.0,0.0,0.0,13.0,403.0,0.28,carga20,exp_10
2026-09-18 16:52:38,9.7,42.3,0.0,46.0,15107.0,1041.0,2571.0,506068.0,1339793.0,0.0,47.2,41.0,28.0,633.25,0.0,0.0,0.0,0.0,0.0,10.0,403.0,0.33,carga20,exp_10
2026-09-18 16:52:43,13.0,46.9,0.0,38.1,15127.0,1020.0,2576.0,809578.0,1711832.0,0.0,51.4,40.0,25.0,629.1,0.0,0.0,0.0,0.0,0.0,20.0,403.0,0.31,carga20,exp_10
2026-09-18 16:52:49,12.2,44.5,0.0,41.3,15161.0,986.0,2581.0,2496507.0,4782108.0,0.0,42.833333333333336,35.0,21.0,646.19,0.0,0.0,0.0,0.0,0.0,17.0,403.0,0.28,carga20,exp_10
2026-09-18 16:52:54,11.8,42.7,0.0,43.4,15198.0,949.0,2587.0,1834382.0,8719936.399999999,0.0,48.6,35.0,20.0,618.88,0.0,0.0,0.0,0.0,0.0,11.0,403.0,0.26,carga20,exp_10
2026-09-18 16:52:59,12.8,44.3,0.0,40.7,15204.0,944.0,2592.0,711944.0,1614491.0,0.0,45.2,34.0,17.0,559.74,0.0,0.0,0.0,0.0,0.0,11.0,403.0,0.72,carga20,exp_10
2026-09-18 16:53:04,9.8,42.8,0.0,45.4,15205.0,943.0,2597.0,947527.0,1466858.0,0.0,46.0,33.0,16.0,612.63,0.0,0.0,0.0,0.0,0.0,13.0,403.0,0.66,carga20,exp_10
2026-09-18 16:53:10,13.7,46.6,0.0,37.5,15119.0,1028.0,2602.0,866128.0,1456629.0,0.0,40.333333333333336,33.0,16.0,641.56,0.0,0.0,0.0,0.0,0.0,19.0,403.0,0.93,carga20,exp_10
2026-09-18 16:53:15,14.7,47.5,0.0,34.3,15162.0,985.0,2607.0,2992913.0,1858501.0,0.0,44.4,33.0,18.0,565.73,0.0,0.0,0.0,0.0,0.0,19.0,403.0,0.85,carga20,exp_10
2026-09-18 16:53:20,18.2,48.7,0.0,30.5,15131.0,1016.0,2613.0,1529534.0,1521230.0,0.0,43.0,33.0,18.0,621.06,0.0,0.0,0.0,0.0,0.0,23.0,403.0,1.27,carga20,exp_10
2026-09-18 16:53:25,24.7,48.2,0.0,24.5,15248.0,899.0,2618.0,7307488.0,6192886.0,0.0,44.4,33.0,18.0,584.83,0.0,0.0,0.0,0.0,0.0,15.0,403.0,1.07,carga20,exp_10
2026-09-18 16:53:31,21.6,45.6,0.0,30.2,15267.0,880.0,2623.0,496338.0,2601276.0,0.0,38.0,33.0,17.0,595.32,0.0,0.0,0.0,0.0,0.0,17.0,403.0,0.99,carga20,exp_10
2026-09-18 16:53:36,19.6,45.7,0.0,32.3,15274.0,874.0,2628.0,920627.0,8236248.0,0.0,47.2,33.0,20.0,598.53,0.0,0.0,0.0,0.0,0.0,23.0,403.0,0.91,carga20,exp_10
2026-09-18 16:53:41,17.7,46.5,0.0,33.0,15184.0,963.0,2633.0,83331.0,3532987.0,0.0,46.0,33.0,18.0,703.93,0.0,0.0,0.0,0.0,0.0,17.0,403.0,0.83,carga20,exp_10
2026-09-18 16:53:46,17.0,48.7,0.0,31.9,15175.0,972.0,2638.0,331002.0,2957848.0,0.0,47.2,33.0,18.0,603.41,0.0,0.0,0.0,0.0,0.0,14.0,403.0,0.77,carga20,exp_10
2026-09-18 16:53:51,14.8,46.0,0.0,36.8,15161.0,986.0,2644.0,318194.0,1323816.0,0.0,48.2,33.0,19.0,636.09,0.0,0.0,0.0,0.0,0.0,19.0,403.0,0.71,carga20,exp_10
2026-09-18 16:53:57,12.9,44.5,0.0,39.7,15130.0,1017.0,2650.0,100743.0,1408241.0,0.0,37.66666666666666,33.0,17.0,557.09,0.0,0.0,0.0,0.0,0.0,12.0,403.0,0.73,carga20,exp_10
2026-09-18 16:54:02,14.6,46.4,0.0,36.3,15143.0,1004.0,2655.0,385401.0,1259340.0,0.0,48.0,33.0,19.0,624.65,0.0,0.0,0.0,0.0,0.0,13.0,403.0,0.67,carga20,exp_10
2026-09-18 16:54:07,30.0,49.1,0.0,18.3,15411.0,736.0,2660.0,3999556.0,2027480.0,0.0,44.0,34.0,19.0,586.84,0.0,0.0,0.0,0.0,0.0,21.0,403.0,0.62,carga20,exp_10
2026-09-18 16:54:12,26.4,46.5,0.0,25.0,15448.0,700.0,2665.0,9020801.0,2169602.0,0.0,43.8,33.0,20.0,530.75,0.0,0.0,0.0,0.0,0.0,23.0,403.0,0.57,carga20,exp_10
2026-09-18 16:54:18,19.8,46.0,0.0,32.4,15448.0,699.0,2671.0,702629.0,1938456.0,0.0,41.5,33.0,19.0,590.69,0.0,0.0,0.0,0.0,0.0,20.0,403.0,0.52,carga20,exp_10
2026-09-18 16:54:23,13.0,46.4,0.0,38.9,15380.0,767.0,2676.0,7351352.0,1383026.0,0.0,44.0,33.0,18.0,595.49,0.0,0.0,0.0,0.0,0.0,18.0,403.0,0.48,carga20,exp_10
2026-09-18 16:54:28,14.8,46.2,0.0,36.5,15444.0,704.0,2681.0,1826428.0,1722970.0,0.0,45.8,33.0,19.0,617.99,0.0,0.0,0.0,0.0,0.0,14.0,403.0,0.44,carga20,exp_10
2026-09-18 16:54:33,16.2,44.9,0.0,35.7,15509.0,639.0,2686.0,19700508.0,1742506.0,0.0,46.8,33.0,20.0,621.76,0.0,0.0,0.0,0.0,0.0,21.0,403.0,0.49,carga20,exp_10
2026-09-18 16:54:39,19.0,48.6,0.0,29.9,15445.0,702.0,2691.0,426281.0,1337561.0,0.0,37.66666666666666,33.0,18.0,613.47,0.0,0.0,0.0,0.0,0.0,14.0,403.0,0.45,carga20,exp_10
2026-09-18 16:54:44,19.0,46.1,0.0,33.0,15486.0,662.0,2697.0,1084351.0,4861577.0,0.0,41.2,33.0,19.0,595.3,0.0,0.0,0.0,0.0,0.0,18.0,403.0,0.41,carga20,exp_10
2026-09-18 16:54:49,17.9,45.7,0.0,34.2,15439.0,708.0,2702.0,501354.0,5279047.0,0.0,43.4,39.0,24.0,509.33,0.0,0.0,0.0,0.0,0.0,13.0,403.0,0.38,carga20,exp_10
2026-09-18 16:54:54,18.5,47.8,0.0,30.8,15582.0,566.0,2707.0,5114025.0,4513839.0,0.0,48.0,39.0,22.0,631.09,0.0,0.0,0.0,0.0,0.0,11.0,403.0,0.43,carga20,exp_10
2026-09-18 16:55:00,16.9,47.9,0.0,33.2,15528.0,619.0,2712.0,16258418.0,2945363.0,0.0,38.0,39.0,26.0,624.64,0.0,0.0,0.0,0.0,0.0,13.0,403.0,0.39,carga20,exp_10
2026-09-18 16:55:05,15.3,49.7,0.0,32.6,15522.0,626.0,2717.0,986309.0,1339226.0,0.0,48.6,39.0,25.0,632.58,0.0,0.0,0.0,0.0,0.0,23.0,403.0,0.36,carga20,exp_10
2026-09-18 16:55:10,12.3,45.7,0.0,39.6,15530.0,617.0,2723.0,3097758.0,1349498.0,0.0,48.4,39.0,24.0,622.42,0.0,0.0,0.0,0.0,0.0,23.0,403.0,0.33,carga20,exp_10
2026-09-18 16:55:15,12.2,45.4,0.0,39.8,15524.0,623.0,2728.0,2207409.0,1365591.0,0.0,49.0,39.0,24.0,661.55,0.0,0.0,0.0,0.0,0.0,16.0,403.0,0.63,carga20,exp_10
2026-09-18 16:55:20,16.1,48.6,0.0,32.2,15572.0,575.0,2733.0,546969.0,1348817.0,0.0,49.8,39.0,22.0,614.71,0.0,0.0,0.0,0.0,0.0,12.0,403.0,0.53,carga20,exp_10
2026-09-18 16:55:26,11.3,45.9,0.0,40.4,15577.0,570.0,2738.0,834142.0,1443470.0,0.0,42.0,39.0,25.0,586.08,0.0,0.0,0.0,0.0,0.0,17.0,403.0,0.49,carga20,exp_10
2026-09-18 16:55:31,13.2,45.1,0.0,39.0,15545.0,602.0,2743.0,330684.0,1576749.0,0.0,45.6,39.0,23.0,540.3,0.0,0.0,0.0,0.0,0.0,18.0,403.0,0.45,carga20,exp_10
2026-09-18 16:55:36,11.4,44.7,0.0,41.8,15558.0,589.0,2748.0,3950997.0,1437032.0,0.0,45.6,39.0,25.0,656.04,0.0,0.0,0.0,0.0,0.0,13.0,403.0,0.41,carga20,exp_10
2026-09-18 16:55:41,12.0,47.7,0.0,38.0,15546.0,602.0,2754.0,391793.0,1409568.0,0.0,50.2,40.0,26.0,617.18,0.0,0.0,0.0,0.0,0.0,14.0,403.0,0.38,carga20,exp_10
2026-09-18 16:55:47,13.6,46.1,0.0,37.4,15574.0,574.0,2759.0,362517.0,1456650.0,0.0,39.66666666666666,39.0,24.0,643.36,0.0,0.0,0.0,0.0,0.0,14.0,403.0,0.35,carga20,exp_10
2026-09-18 16:55:52,17.8,45.7,0.0,32.9,15646.0,501.0,2764.0,4318691.0,1683509.0,0.0,56.29699999999998,40.0,25.0,592.79,0.0,0.0,0.0,0.0,0.0,14.0,403.0,0.32,carga20,exp_10
2026-09-18 16:55:57,15.0,47.9,0.0,34.6,15579.0,568.0,2769.0,649604.0,1351180.0,0.0,46.0,40.0,26.0,582.3,0.0,0.0,0.0,0.0,0.0,11.0,403.0,0.3,carga20,exp_10
2026-09-18 16:56:02,15.3,47.1,0.0,34.8,15568.0,579.0,2775.0,2470306.0,1395855.0,0.0,47.6,40.0,24.0,643.87,0.0,0.0,0.0,0.0,0.0,19.0,403.0,0.27,carga20,exp_10
2026-09-18 16:56:08,17.1,49.3,0.0,30.4,15606.0,542.0,2781.0,1240023.0,1335058.0,0.0,36.833333333333336,39.0,23.0,595.95,0.0,0.0,0.0,0.0,0.0,16.0,403.0,0.25,carga20,exp_10
2026-09-18 16:56:13,18.3,48.0,0.0,31.0,15614.0,533.0,2786.0,1588081.0,1842743.0,0.0,43.2,39.0,25.0,577.97,0.0,0.0,0.0,0.0,0.0,16.0,403.0,0.23,carga20,exp_10
2026-09-18 16:56:18,14.1,46.0,0.0,38.2,15590.0,557.0,2791.0,1291292.0,1218880.0,0.0,44.0,39.0,24.0,573.55,0.0,0.0,0.0,0.0,0.0,13.0,403.0,0.21,carga20,exp_10
2026-09-18 16:56:23,19.3,47.8,0.0,30.7,15664.0,483.0,2796.0,2251887.0,1604634.0,0.0,42.4,40.0,26.0,549.57,0.0,0.0,0.0,0.0,0.0,14.0,403.0,0.44,carga20,exp_10
2026-09-18 16:56:29,19.8,47.3,0.0,30.4,15728.0,419.0,2801.0,4648884.0,1396734.0,0.0,38.333333333333336,39.0,25.0,610.71,0.0,0.0,0.0,0.0,0.0,11.0,403.0,0.4,carga20,exp_10
2026-09-18 16:56:34,14.8,45.1,0.0,38.0,15678.0,470.0,2807.0,1620819.0,1393127.0,0.0,47.2,39.0,24.0,613.91,0.0,0.0,0.0,0.0,0.0,9.0,403.0,0.37,carga20,exp_10
2026-09-18 16:56:39,11.5,47.1,0.0,39.6,15638.0,509.0,2812.0,2333502.0,1221343.0,0.0,46.0,39.0,22.0,638.23,0.0,0.0,0.0,0.0,0.0,17.0,403.0,0.34,carga20,exp_10
2026-09-18 16:56:44,13.2,46.1,0.0,38.5,15662.0,486.0,2817.0,2875366.0,2167485.0,0.0,41.6,40.0,23.0,594.25,0.0,0.0,0.0,0.0,0.0,12.0,403.0,0.31,carga20,exp_10
2026-09-18 16:56:50,12.6,45.9,0.0,39.0,15690.0,457.0,2822.0,1791009.0,1512447.0,0.0,35.0,39.0,23.0,592.05,0.0,0.0,0.0,0.0,0.0,12.0,403.0,0.29,carga20,exp_10
2026-09-18 16:56:55,11.1,45.3,0.0,40.9,15691.0,456.0,2828.0,1666365.0,1334603.0,0.0,48.0,39.0,25.0,577.01,0.0,0.0,0.0,0.0,0.0,15.0,403.0,0.26,carga20,exp_10
2026-09-18 16:57:00,10.9,46.1,0.0,41.3,15663.0,485.0,2833.0,1119603.0,1202471.0,0.0,44.0,39.0,23.0,547.02,0.0,0.0,0.0,0.0,0.0,23.0,403.0,0.32,carga20,exp_10
2026-09-18 16:57:06,14.3,48.1,0.0,35.0,15602.0,546.0,2838.0,8143255.0,2492917.0,0.0,36.833333333333336,39.0,24.0,571.59,0.0,0.0,0.0,0.0,0.0,13.0,403.0,0.27,carga20,exp_10
2026-09-18 16:57:11,14.1,48.2,0.0,34.1,15596.0,551.0,2843.0,943474.0,1356563.0,0.0,48.2,39.0,25.0,594.86,0.0,0.0,0.0,0.0,0.0,26.0,403.0,0.25,carga20,exp_10
2026-09-18 16:57:16,20.9,50.6,0.0,25.7,15550.0,597.0,2849.0,3951053.0,1717449.0,0.0,50.6,39.0,24.0,572.52,0.0,0.0,0.0,0.0,0.0,18.0,403.0,0.39,carga20,exp_10
2026-09-18 16:57:21,18.6,48.8,0.0,29.8,15543.0,605.0,2854.0,2427373.0,5188206.0,0.0,52.8,39.0,22.0,636.19,0.0,0.0,0.0,0.0,0.0,27.0,403.0,0.36,carga20,exp_10
2026-09-18 16:57:27,20.7,47.9,0.0,29.0,15569.0,578.0,2859.0,509098.0,1434686.0,0.0,37.0,39.0,25.0,573.69,0.0,0.0,0.0,0.0,0.0,15.0,403.0,0.33,carga20,exp_10
2026-09-18 16:57:32,24.2,47.0,0.0,26.3,15560.0,588.0,2864.0,682533.0,1535481.0,0.0,46.0,39.0,25.0,597.59,0.0,0.0,0.0,0.0,0.0,16.0,403.0,0.46,carga20,exp_10
2026-09-18 16:57:37,27.1,45.9,0.0,24.4,15509.0,638.0,2869.0,528948.0,3534157.0,0.0,44.8,39.0,22.0,567.6,0.0,0.0,0.0,0.0,0.0,32.0,403.0,1.07,carga20,exp_10
2026-09-18 16:57:42,24.0,46.3,0.0,26.6,15561.0,586.0,2875.0,341968.0,1258498.0,0.0,44.2,39.0,23.0,591.75,0.0,0.0,0.0,0.0,0.0,12.0,403.0,1.06,carga20,exp_10
2026-09-18 16:57:48,24.3,47.3,0.0,25.4,15594.0,554.0,2880.0,2166690.0,2880363.0,0.0,38.5,39.0,24.0,562.57,0.0,0.0,0.0,0.0,0.0,16.0,403.0,0.98,carga20,exp_10
2026-09-18 16:57:53,21.5,46.7,0.0,28.7,15629.0,519.0,2885.0,2182574.0,1574962.0,0.0,41.8,33.0,17.0,599.82,0.0,0.0,0.0,0.0,0.0,12.0,403.0,1.06,carga20,exp_10
2026-09-18 16:57:58,23.8,46.6,0.0,26.9,15666.0,481.0,2890.0,1059445.0,1641560.0,0.0,46.6,33.0,20.0,569.14,0.0,0.0,0.0,0.0,0.0,15.0,403.0,1.69,carga20,exp_10
2026-09-18 16:58:03,22.4,48.3,0.0,26.3,15650.0,498.0,2895.0,2595955.0,1649248.0,0.0,43.2,33.0,18.0,571.54,0.0,0.0,0.0,0.0,0.0,12.0,403.0,1.56,carga20,exp_10
2026-09-18 16:58:09,19.1,44.9,0.0,33.1,15651.0,497.0,2902.0,1198532.0,1372119.0,0.0,37.0,34.0,20.0,610.64,0.0,0.0,0.0,0.0,0.0,23.0,403.0,1.43,carga20,exp_10
2026-09-18 16:58:14,22.0,46.4,0.0,28.3,15698.0,449.0,2907.0,1611027.0,1769500.0,0.0,42.8,33.0,18.0,599.9,0.0,0.0,0.0,0.0,0.0,13.0,403.0,1.32,carga20,exp_10
2026-09-18 16:58:19,14.3,46.3,0.0,36.6,15706.0,442.0,2912.0,1483703.0,2627579.0,0.0,44.4,33.0,19.0,584.64,0.0,0.0,0.0,0.0,0.0,24.0,403.0,1.21,carga20,exp_10
2026-09-18 16:58:24,23.0,48.1,0.0,25.6,15402.0,745.0,2917.0,3128083.0,1622085.0,0.0,44.0,33.0,20.0,539.81,0.0,0.0,0.0,0.0,0.0,18.0,403.0,1.12,carga20,exp_10
2026-09-18 16:58:30,35.8,48.0,0.0,7.9,15562.0,585.0,2924.0,2484699.0,2719561.0,0.0,17.333333333333332,34.0,20.0,204.44,0.0,0.0,0.0,0.0,0.0,230.0,403.0,7.34,carga20,exp_10
2026-09-18 16:58:39,41.6,52.1,0.0,0.1,15681.0,466.0,2934.0,1940133.0,2192081.0,0.0,3.888888888888889,34.0,18.0,59.17,0.0,0.0,0.0,0.0,0.0,146.0,403.0,9.87,carga20,exp_10
2026-09-18 16:58:47,43.3,48.2,0.0,5.0,15749.0,399.0,2940.0,4375745.0,8081281.0,0.0,16.125,33.0,19.0,294.95,0.0,0.0,0.0,0.0,0.0,53.0,403.0,10.412399999999996,carga20,exp_10
2026-09-18 16:58:52,31.5,50.2,0.0,16.2,15768.0,379.0,2945.0,1499544.0,3643161.0,0.0,27.8,33.0,17.0,374.28,0.0,0.0,0.0,0.0,0.0,21.0,403.0,10.27,carga20,exp_10
2026-09-18 16:58:58,29.4,50.0,0.0,18.1,15706.0,441.0,2951.0,14877941.0,4624521.0,0.0,27.0,33.0,20.0,426.46,0.0,0.0,0.0,0.0,0.0,11.0,403.0,9.53,carga20,exp_10
2026-09-18 16:59:03,35.0,50.1,0.0,12.4,15708.0,439.0,2956.0,12010068.0,6272556.0,0.0,31.4,33.0,18.0,382.25,0.0,0.0,0.0,0.0,0.0,17.0,403.0,8.77,carga20,exp_10
2026-09-18 16:59:09,29.5,53.0,0.0,14.5,15661.0,486.0,2961.0,2541129.0,7890212.0,0.0,26.166666666666668,33.0,17.0,396.83,0.0,0.0,0.0,0.0,0.0,26.0,403.0,8.06,carga20,exp_10
2026-09-18 16:59:14,30.5,53.2,0.0,14.0,15643.0,504.0,2967.0,2399899.0,7439507.0,0.0,29.0,34.0,20.0,394.35,0.0,0.0,0.0,0.0,0.0,20.0,403.0,7.82,carga20,exp_10
2026-09-18 16:59:19,16.4,50.8,0.0,30.7,15663.0,485.0,2972.0,2165746.0,4203116.0,0.0,38.2,33.0,20.0,444.15,0.0,0.0,0.0,0.0,0.0,22.0,403.0,7.19,carga20,exp_10
2026-09-18 16:59:25,13.3,46.9,0.0,37.2,15656.0,492.0,2977.0,242458.0,1223988.0,0.0,30.5,33.0,19.0,447.33,0.0,0.0,0.0,0.0,0.0,18.0,403.0,6.62,carga20,exp_10
2026-09-18 16:59:30,20.8,47.5,0.0,29.1,15696.0,452.0,2983.0,3043726.0,3081158.0,0.0,36.4,33.0,16.0,466.51,0.0,0.0,0.0,0.0,0.0,15.0,403.0,6.25,carga20,exp_10
2026-09-18 16:59:36,16.4,44.3,0.0,37.4,15678.0,470.0,2988.0,363628.0,927777.0,0.0,25.5,33.0,18.0,410.71,0.0,0.0,0.0,0.0,0.0,25.0,403.0,5.75,carga20,exp_10
2026-09-18 16:59:41,18.3,47.8,0.0,32.3,15678.0,469.0,2993.0,1421358.0,979410.0,0.0,32.6,33.0,19.0,450.48,0.0,0.0,0.0,0.0,0.0,18.0,403.0,5.29,carga20,exp_10
2026-09-18 16:59:46,14.4,46.9,0.0,35.5,15680.0,467.0,2999.0,263661.0,1073002.0,0.0,36.8,33.0,18.0,453.82,0.0,0.0,0.0,0.0,0.0,29.0,403.0,4.95,carga20,exp_10
2026-09-18 16:59:52,19.3,50.5,0.0,26.7,15684.0,463.0,3004.0,1862378.0,1087991.0,0.0,29.33333333333333,42.0,30.0,444.19,0.0,0.0,0.0,0.0,0.0,30.0,403.0,4.27,carga20,exp_10
2026-09-18 16:59:57,20.4,52.2,0.0,24.9,15640.0,507.0,3010.0,419063.0,1963373.0,0.0,35.2,43.0,30.0,416.84,0.0,0.0,0.0,0.0,0.0,12.0,403.0,4.41,carga20,exp_10
2026-09-18 17:00:02,24.1,48.8,0.0,24.0,15301.0,846.0,3016.0,403406.0,1058798.0,0.0,35.0,41.0,27.0,414.68,0.0,0.0,0.0,0.0,0.0,24.0,403.0,4.13,carga20,exp_10
2026-09-18 17:00:08,21.4,51.2,0.0,23.9,15249.0,899.0,3022.0,237624.0,750878.0,0.0,21.666666666666668,41.0,27.0,285.68,0.0,0.0,0.0,0.0,0.0,15.0,403.0,4.6,carga20,exp_10
2026-09-18 17:00:14,16.3,48.0,0.0,33.3,15271.0,876.0,3027.0,1004049.0,1505836.0,0.0,36.5,41.0,24.0,614.6,0.0,0.0,0.0,0.0,0.0,14.0,403.0,4.23,carga20,exp_10
2026-09-18 17:00:19,13.4,46.7,0.0,37.1,15278.0,870.0,3032.0,351905.0,1313721.0,0.0,46.4,41.0,24.0,581.56,0.0,0.0,0.0,0.0,0.0,22.0,403.0,3.9,carga20,exp_10
2026-09-18 17:00:24,11.7,44.2,0.0,41.4,15316.0,832.0,3037.0,1016339.0,1361509.0,0.0,45.6,41.0,27.0,553.89,0.0,0.0,0.0,0.0,0.0,22.0,403.0,3.58,carga20,exp_10
2026-09-18 17:00:29,13.9,46.0,0.0,38.2,15360.0,788.0,3042.0,1448049.0,2394770.0,0.0,51.2,41.0,27.0,616.04,0.0,0.0,0.0,0.0,0.0,15.0,403.0,3.3,carga20,exp_10
2026-09-18 17:00:35,12.0,44.0,0.0,41.8,15390.0,758.0,3047.0,1203546.0,2090856.0,0.0,42.0,41.0,25.0,564.61,0.0,0.0,0.0,0.0,0.0,14.0,403.0,3.03,carga20,exp_10
2026-09-18 17:00:40,14.3,46.6,0.0,36.8,15411.0,736.0,3053.0,1850623.0,1319359.0,0.0,44.0,41.0,26.0,591.76,0.0,0.0,0.0,0.0,0.0,11.0,403.0,2.79,carga20,exp_10
2026-09-18 17:00:45,20.3,51.3,0.0,26.1,15590.0,557.0,3058.0,38686846.0,8617126.0,0.0,40.8,41.0,24.0,551.95,0.0,0.0,0.0,0.0,0.0,18.0,403.0,2.57,carga20,exp_10
2026-09-18 17:00:50,12.2,44.5,0.0,41.3,15561.0,586.0,3063.0,891283.0,1448958.0,0.0,42.4,42.0,27.0,579.63,0.0,0.0,0.0,0.0,0.0,10.0,403.0,2.44,carga20,exp_10
2026-09-18 17:00:56,14.4,47.0,0.0,36.2,15579.0,569.0,3068.0,4431748.0,1557351.0,0.0,36.333333333333336,41.0,28.0,561.65,0.0,0.0,0.0,0.0,0.0,14.0,403.0,2.25,carga20,exp_10
2026-09-18 17:01:01,15.6,46.2,0.0,36.1,15704.0,444.0,3074.0,5813582.0,3628925.0,0.0,40.2,41.0,26.0,534.77,0.0,0.0,0.0,0.0,0.0,12.0,403.0,2.07,carga20,exp_10
2026-09-18 17:01:06,11.9,46.0,0.0,39.1,15670.0,477.0,3079.0,1298257.0,4243977.0,0.0,39.0,41.0,27.0,570.89,0.0,0.0,0.0,0.0,0.0,16.0,403.0,1.98,carga20,exp_10
2026-09-18 17:01:11,14.6,46.5,0.0,36.4,15766.0,382.0,3084.0,51800607.55999998,2240190.0,0.0,41.2,41.0,27.0,509.5,0.0,0.0,0.0,0.0,0.0,13.0,403.0,1.82,carga20,exp_10
2026-09-18 17:01:17,17.3,48.5,0.0,31.9,15685.0,463.0,3089.0,5119114.0,1635095.0,0.0,38.833333333333336,41.0,28.0,618.71,0.0,0.0,0.0,0.0,0.0,11.0,403.0,1.62,carga20,exp_10
2026-09-18 17:01:22,14.7,46.8,0.0,36.0,15709.0,438.0,3094.0,1623229.0,1232641.0,0.0,41.6,41.0,28.0,563.77,0.0,0.0,0.0,0.0,0.0,19.0,403.0,1.57,carga20,exp_10
2026-09-18 17:01:27,15.8,45.0,0.0,37.0,15635.0,512.0,3100.0,179019.0,1353460.0,0.0,46.0,41.0,28.0,556.11,0.0,0.0,0.0,0.0,0.0,14.0,403.0,2.0,carga20,exp_10
2026-09-18 17:01:32,17.4,46.4,0.0,33.9,15559.0,588.0,3105.0,592633.0,1458070.0,0.0,46.0,41.0,25.0,577.98,0.0,0.0,0.0,0.0,0.0,14.0,403.0,1.84,carga20,exp_10
2026-09-18 17:01:38,17.2,47.8,0.0,33.2,15486.0,661.0,3110.0,331743.0,1220638.0,0.0,35.166666666666664,41.0,25.0,545.53,0.0,0.0,0.0,0.0,0.0,13.0,403.0,1.7,carga20,exp_10
2026-09-18 17:01:43,13.9,45.8,0.0,38.2,15515.0,633.0,3115.0,218061.0,1611350.0,0.0,47.6,42.0,28.0,520.08,0.0,0.0,0.0,0.0,0.0,13.0,403.0,1.56,carga20,exp_10
2026-09-18 17:01:48,13.0,44.0,0.0,40.9,15574.0,573.0,3120.0,1403215.0,2272559.0,0.0,47.0,41.0,26.0,544.78,0.0,0.0,0.0,0.0,0.0,22.0,403.0,1.43,carga20,exp_10
2026-09-18 17:01:53,10.4,42.0,0.0,45.6,15541.0,607.0,3126.0,753387.0,2082324.0,0.0,45.4,41.0,27.0,545.93,0.0,0.0,0.0,0.0,0.0,12.0,403.0,1.4,carga20,exp_10
2026-09-18 17:01:58,13.7,45.1,0.0,38.8,15547.0,600.0,3131.0,16539903.0,1206184.0,0.0,43.0,41.0,27.0,543.99,0.0,0.0,0.0,0.0,0.0,15.0,403.0,1.37,carga20,exp_10
2026-09-18 17:02:04,11.9,46.6,0.0,39.6,15534.0,613.0,3136.0,1409495.0,4995523.0,0.0,41.66666666666666,42.0,28.0,574.25,0.0,0.0,0.0,0.0,0.0,17.0,403.0,1.26,carga20,exp_10
2026-09-18 17:02:09,10.9,45.3,0.0,41.7,15521.0,627.0,3142.0,241727.0,1476419.0,0.0,42.8,41.0,26.0,538.28,0.0,0.0,0.0,0.0,0.0,13.0,403.0,1.24,carga20,exp_10
2026-09-18 17:02:14,11.8,43.6,0.0,42.5,15543.0,604.0,3147.0,103846.0,1327800.0,0.0,41.8,41.0,27.0,589.28,0.0,0.0,0.0,0.0,0.0,25.0,403.0,1.14,carga20,exp_10
2026-09-18 17:02:19,18.2,48.7,0.0,29.0,15573.0,574.0,3153.0,285678.0,1332533.0,0.0,29.0,41.0,28.0,350.37,0.0,0.0,0.0,0.0,0.0,59.0,403.0,1.05,carga20,exp_10
2026-09-18 17:02:25,36.5,56.9,0.0,0.3,15510.0,637.0,3162.0,612787.0,1544807.0,0.0,5.166666666666667,42.0,29.0,64.68,0.0,0.0,0.0,0.0,0.0,289.0,403.0,7.76,carga20,exp_10
2026-09-18 17:02:37,31.7,49.0,0.0,13.8,15521.0,626.0,3168.0,246960.0,1231068.0,0.0,16.166666666666668,41.0,27.0,217.76,0.0,0.0,0.0,0.0,0.0,13.0,403.0,8.7,carga20,exp_10
2026-09-18 17:02:42,17.9,50.0,0.0,29.0,15545.0,602.0,3174.0,1661609.0,1100972.0,0.0,33.8,41.0,27.0,467.52,0.0,0.0,0.0,0.0,0.0,14.0,403.0,8.01,carga20,exp_10
2026-09-18 17:02:47,11.4,47.5,0.0,38.7,15374.0,773.0,3180.0,245296.0,1381178.0,0.0,34.2,41.0,26.0,464.36,0.0,0.0,0.0,0.0,0.0,20.0,403.0,6.78,carga20,exp_10
2026-09-18 17:02:52,12.0,44.7,0.0,40.7,15420.0,728.0,3185.0,8051480.0,1954960.0,0.0,39.8,36.0,21.0,408.86,0.0,0.0,0.0,0.0,0.0,13.0,403.0,6.32,carga20,exp_10
2026-09-18 17:02:58,23.9,48.0,0.0,25.5,15596.0,552.0,3190.0,20747562.0,1191135.0,0.0,27.83333333333333,35.0,20.0,463.56,0.0,0.0,0.0,0.0,0.0,19.0,403.0,5.89,carga20,exp_10
2026-09-18 17:03:03,26.0,48.5,0.0,22.8,15682.0,465.0,3196.0,8565323.0,2196310.0,0.0,36.8,36.0,21.0,432.14,0.0,0.0,0.0,0.0,0.0,13.0,403.0,5.42,carga20,exp_10
2026-09-18 17:03:09,13.0,48.1,0.0,35.8,15659.0,488.0,3201.0,567728.0,1263439.0,0.0,28.33333333333333,36.0,21.0,451.53,0.0,0.0,0.0,0.0,0.0,15.0,403.0,5.15,carga20,exp_10
2026-09-18 17:03:14,14.2,47.8,0.0,35.0,15648.0,499.0,3206.0,2832516.0,1124133.0,0.0,35.6,35.0,19.0,460.99,0.0,0.0,0.0,0.0,0.0,15.0,403.0,4.81,carga20,exp_10
2026-09-18 17:03:20,19.5,48.7,0.0,29.0,15716.0,431.0,3213.0,11033824.0,1085779.0,0.0,27.666666666666668,35.0,16.0,426.91,0.0,0.0,0.0,0.0,0.0,14.0,403.0,4.43,carga20,exp_10
2026-09-18 17:03:25,10.9,48.7,0.0,38.0,15714.0,433.0,3218.0,8100062.0,2227159.0,0.0,41.4,35.0,20.0,453.91,0.0,0.0,0.0,0.0,0.0,13.0,403.0,4.08,carga20,exp_10
2026-09-18 17:03:30,13.0,47.6,0.0,36.9,15662.0,485.0,3223.0,11281002.0,1112399.0,0.0,36.4,35.0,21.0,458.77,0.0,0.0,0.0,0.0,0.0,13.0,403.0,3.75,carga20,exp_10
2026-09-18 17:03:36,12.0,46.4,0.0,39.6,15682.0,465.0,3229.0,251573.0,1994987.0,0.0,34.0,35.0,21.0,425.18,0.0,0.0,0.0,0.0,0.0,12.0,403.0,3.45,carga20,exp_10
2026-09-18 17:03:41,9.8,46.0,0.0,41.8,15671.0,476.0,3234.0,52204.0,1145231.0,0.0,34.4,35.0,20.0,414.77,0.0,0.0,0.0,0.0,0.0,12.0,403.0,3.17,carga20,exp_10
2026-09-18 17:03:46,16.5,48.2,0.0,31.9,15622.0,525.0,3239.0,293681.0,1885054.0,0.0,42.8,35.0,19.0,440.38,0.0,0.0,0.0,0.0,0.0,14.0,403.0,2.92,carga20,exp_10
2026-09-18 17:03:52,24.5,53.0,0.0,19.8,15654.0,493.0,3245.0,242518.0,2830468.0,0.0,27.33333333333333,35.0,21.0,387.78,0.0,0.0,0.0,0.0,0.0,14.0,403.0,2.69,carga20,exp_10
2026-09-18 17:03:57,23.2,50.2,0.0,23.3,15678.0,469.0,3250.0,279032.0,2053795.0,0.0,42.0,35.0,19.0,409.68,0.0,0.0,0.0,0.0,0.0,22.0,403.0,2.47,carga20,exp_10
2026-09-18 17:04:02,21.0,47.9,0.0,28.7,15647.0,501.0,3255.0,284034.0,1068515.0,0.0,34.6,35.0,20.0,415.51,0.0,0.0,0.0,0.0,0.0,23.0,403.0,2.63,carga20,exp_10
2026-09-18 17:04:08,20.1,48.9,0.0,28.4,15669.0,478.0,3261.0,147285.0,1780261.0,0.0,44.333333333333336,36.0,20.0,449.94,0.0,0.0,0.0,0.0,0.0,18.0,403.0,2.42,carga20,exp_10
2026-09-18 17:04:13,22.5,47.8,0.0,27.0,15643.0,504.0,3266.0,124593.0,1216094.0,0.0,35.0,35.0,21.0,428.23,0.0,0.0,0.0,0.0,0.0,12.0,403.0,2.39,carga20,exp_10
2026-09-18 17:04:18,10.5,47.4,0.0,39.1,15631.0,516.0,3271.0,211714.0,1031254.0,0.0,36.2,35.0,20.0,450.89,0.0,0.0,0.0,0.0,0.0,16.0,403.0,2.2,carga20,exp_10
2026-09-18 17:04:24,8.2,43.7,0.0,46.0,15560.0,587.0,3276.0,114361.0,1544579.0,0.0,45.66666666666666,35.0,21.0,443.03,0.0,0.0,0.0,0.0,0.0,15.0,403.0,2.02,carga20,exp_10
2026-09-18 17:04:29,9.6,46.6,0.0,41.1,15538.0,609.0,3282.0,341844.0,1469554.0,0.0,56.0,35.0,20.0,452.88,0.0,0.0,0.0,0.0,0.0,15.0,403.0,1.86,carga20,exp_10
2026-09-18 17:04:34,9.7,45.1,0.0,43.2,15528.0,619.0,3287.0,147330.0,1116489.0,0.0,36.6,35.0,21.0,441.14,0.0,0.0,0.0,0.0,0.0,25.0,403.0,1.79,carga20,exp_10
2026-09-18 17:04:40,18.8,35.2,0.0,43.6,15464.0,684.0,3292.0,390376.0,598777.0,0.0,16.166666666666668,25.0,12.0,246.16,0.0,0.0,0.0,0.0,0.0,14.0,403.0,1.65,carga20,exp_10
2026-09-07 04:33:00,0.0,0.0,0.0,0.0,2197.0,1719.0,698.0,25419684.39999997,96580725.19999968,0.0,0.2333333333333333,26.0,14.0,128.49,0.0,0.0,0.0,0.0,0.0,22.0,200.0,8.23,carga3,exp_11
2026-09-07 04:33:10,36.2,14.1,0.1,42.1,2205.0,1711.0,708.0,395863.0,3739062.0,0.0,0.5,27.0,15.0,263.38,0.0,0.0,961.7142857142856,2451.0,218.0,5037.0,0.0,8.07,carga3,exp_11
2026-09-07 04:33:26,47.4,22.1,0.3,23.2,2223.0,1693.0,725.0,17219358.0,5125735.0,0.0,0.625,26.0,13.0,211.64,0.0,0.0,2707.946666666664,5491.0,3961.999999999997,5009.0,0.0,8.87,carga3,exp_11
2026-09-07 04:33:41,46.6,23.5,0.1,22.2,2214.0,1702.0,741.0,296010.0,1741004.0,0.0666666666666666,0.4666666666666667,27.0,15.0,97.23,0.0,0.0,1132.6666666666667,3088.0,1204.0,5007.0,0.0,9.86,carga3,exp_11
2026-09-07 04:33:57,47.5,17.4,0.4,27.5,2233.0,1683.0,757.0,454118.0,6471242.0,0.0,0.75,26.0,13.0,165.45,0.0,0.0,1921.3333333333333,6250.199999999997,3034.0,5007.0,0.0,10.1,carga3,exp_11
2026-09-07 04:34:12,47.4,16.8,0.1,28.7,2231.0,1685.0,773.0,432241.0,3064615.0,0.0,0.1333333333333333,26.0,15.0,140.9,0.0,0.0,1102.5,2216.0,388.0,5008.0,0.0,9.45,carga3,exp_11
2026-09-07 04:34:27,47.1,17.1,0.2,28.8,2222.0,1694.0,789.0,1544047.0,7352923.0,0.0,0.2,26.0,14.0,81.07,0.0,0.0,1423.3333333333333,2185.0,172.0,5007.0,0.0,8.77,carga3,exp_11
2026-09-07 04:34:42,47.6,16.3,0.0,28.7,2244.0,1672.0,804.0,25934.0,3386305.0,0.0,0.5333333333333333,23.0,10.0,115.42,0.0,0.0,1102.1666666666667,2211.0,442.0,5010.0,0.0,8.71,carga3,exp_11
2026-09-07 04:34:58,46.6,17.2,0.1,28.6,2243.0,1673.0,820.0,193376.0,6414039.0,0.0,0.0,22.0,11.0,121.29,0.0,0.0,1061.0,2118.0,188.0,5007.0,0.0,9.58,carga3,exp_11
2026-09-07 04:35:13,47.5,16.9,0.1,28.4,2248.0,1668.0,836.0,682334.0,3697351.0,0.0,0.2,22.0,10.0,134.55,0.0,0.0,779.3333333333334,2227.0,419.0,5007.0,0.0,9.75,carga3,exp_11
2026-09-07 04:35:28,46.8,17.0,0.1,29.1,2264.0,1653.0,852.0,303138.0,4099768.0,0.0,0.0666666666666666,22.0,9.0,114.8,0.0,0.0,1235.2,2066.0,159.0,5005.0,0.0,9.23,carga3,exp_11
2026-09-07 04:35:43,47.8,16.5,0.0,28.4,2261.0,1655.0,867.0,97649.0,3194909.0,0.0,0.2666666666666666,22.0,9.0,103.39,0.0,0.0,870.2,2122.0,319.0,5006.0,0.0,8.74,carga3,exp_11
2026-09-07 04:35:58,48.1,15.9,0.1,28.9,2273.0,1643.0,883.0,276458.0,5393621.0,0.0,0.0666666666666666,22.0,9.0,93.04,0.0,0.0,1052.125,2183.0,290.0,5009.0,0.0,9.85,carga3,exp_11
2026-09-07 04:36:14,46.8,16.7,0.0,29.5,2280.0,1636.0,899.0,283251.0,3070714.0,0.0,0.375,22.0,9.0,146.34,0.0,0.0,1081.5,2127.0,334.0,5008.0,0.0,9.18,carga3,exp_11
2026-09-07 04:36:29,46.9,16.6,0.1,29.4,2271.0,1645.0,914.0,897487.0,5209848.0,0.0,0.1333333333333333,30.0,17.0,169.92,0.0,0.0,958.5555555555557,2238.0,415.0,5006.0,0.0,9.59,carga3,exp_11
2026-09-07 04:36:44,46.7,16.6,0.0,29.3,2278.0,1638.0,930.0,197243.0,2978350.0,0.0,0.0666666666666666,30.0,17.0,49.01,0.0,0.0,1355.75,2266.0,506.0,5008.0,0.0,9.89,carga3,exp_11
2026-09-07 04:36:59,45.8,17.3,0.1,29.5,2282.0,1634.0,946.0,230935.0,6435735.0,0.0,0.5333333333333333,30.0,17.0,131.51,0.0,0.0,1099.0,2265.0,572.0,5008.0,0.0,9.9,carga3,exp_11
2026-09-07 04:37:14,45.9,17.5,0.1,29.1,2278.0,1638.0,962.0,302965.0,3483562.0,0.0,0.0666666666666666,30.0,17.0,165.54,0.0,0.0,1067.8333333333333,2221.0,268.0,5005.0,0.0,9.57,carga3,exp_11
2026-09-07 04:37:30,45.7,17.9,0.4,29.0,2279.0,1637.0,978.0,605495.0,6373778.0,0.3651874999999999,9.705624999999998,30.0,17.0,201.69,0.0,0.0,1103.5,2120.0,186.0,5007.0,0.0,8.74,carga3,exp_11
2026-09-07 04:37:45,46.2,17.1,0.0,29.3,2286.0,1630.0,994.0,341726.0,4747243.0,0.0,0.0666666666666666,30.0,17.0,119.68,0.0,0.0,1101.75,2226.0,258.0,5007.0,0.0,8.94,carga3,exp_11
2026-09-07 04:38:00,45.7,17.5,0.1,29.5,2294.0,1622.0,1009.0,152544.0,5345782.0,0.0,0.0,31.0,18.0,122.28,0.0,0.0,973.8571428571428,2294.0,475.0,5005.0,0.0,9.27,carga3,exp_11
2026-09-07 04:38:15,47.1,16.7,0.2,29.0,2290.0,1627.0,1025.0,6450.0,5544005.0,0.0,0.1333333333333333,30.0,17.0,85.63,0.0,0.0,1337.4,2222.0,467.0,5006.0,0.0,9.15,carga3,exp_11
2026-09-07 04:38:30,47.0,16.2,0.1,29.6,2279.0,1637.0,1041.0,271732.0,3919741.0,0.0,0.2666666666666666,30.0,17.0,92.3,0.0,0.0,1097.8,2175.0,1426.0,5007.0,0.0,9.11,carga3,exp_11
2026-09-07 04:38:46,48.9,15.8,0.1,28.1,2301.0,1615.0,1057.0,270767.0,3999953.0,0.0,0.6875,31.0,18.0,133.13,0.0,0.0,1309.3333333333333,3144.0,1686.0,5006.0,0.0,9.23,carga3,exp_11
2026-09-07 04:39:01,47.1,17.0,0.0,28.8,2300.0,1616.0,1072.0,261223.0,3120417.0,0.0,0.1333333333333333,30.0,18.0,92.67,0.0,0.0,1289.4,2226.0,256.0,5007.0,0.0,9.51,carga3,exp_11
2026-09-07 04:39:16,46.2,16.6,0.1,30.0,2300.0,1616.0,1088.0,383363.0,4264410.0,0.0,0.3333333333333333,30.0,17.0,103.39,0.0,0.0,1114.0,2244.0,210.0,5005.0,0.0,9.71,carga3,exp_11
2026-09-07 04:39:31,46.9,16.6,0.2,28.9,2297.0,1619.0,1104.0,63852.0,4749010.0,0.0,0.0666666666666666,24.0,11.0,86.1,0.0,0.0,1041.1666666666667,2142.0,224.0,5007.0,0.0,9.95,carga3,exp_11
2026-09-07 04:39:46,45.9,17.4,0.1,29.3,2330.0,1586.0,1119.0,756218.0,3868296.0,0.0,0.0666666666666666,23.0,10.0,114.43,0.0,0.0,1188.5,2296.0,416.0,5005.0,0.0,10.13,carga3,exp_11
2026-09-07 04:40:02,47.2,16.9,0.0,28.5,2339.0,1577.0,1135.0,104711.0,3280805.0,0.0,0.3125,22.0,9.0,157.13,0.0,0.0,1159.5,2242.0,428.0,5008.0,0.0,10.12,carga3,exp_11
2026-09-07 04:40:17,46.0,17.2,0.1,29.5,2342.0,1574.0,1151.0,223116.0,6416886.0,0.0,0.1333333333333333,22.0,9.0,147.59,0.0,0.0,1102.0,2117.0,194.0,5007.0,0.0,9.54,carga3,exp_11
2026-09-07 04:40:32,45.2,17.8,0.0,29.6,2347.0,1569.0,1166.0,325790.0,3062373.0,0.0,0.0666666666666666,22.0,9.0,125.56,0.0,0.0,874.6,2103.0,278.0,5006.0,0.0,9.4,carga3,exp_11
2026-09-07 04:40:47,45.5,17.5,0.1,29.6,2349.0,1568.0,1183.0,141971.0,6160910.0,0.0666666666666666,0.6666666666666666,22.0,10.0,130.34,0.0,0.0,1245.6,2194.0,94.0,5006.0,0.0,9.44,carga3,exp_11
2026-09-07 04:41:02,45.9,16.9,0.0,29.9,2343.0,1573.0,1199.0,181180.0,2971784.0,0.0,0.0,22.0,9.0,126.64,0.0,0.0,1088.75,2180.0,190.0,5006.0,0.0,9.06,carga3,exp_11
2026-09-07 04:41:17,45.7,17.3,0.1,29.5,2339.0,1577.0,1214.0,90671.0,8201386.0,0.0,0.2666666666666666,31.0,19.0,153.11,0.0,0.0,1081.75,2173.0,250.0,5007.0,0.0,9.41,carga3,exp_11
2026-09-07 04:41:33,45.1,17.3,0.0,30.2,2338.0,1578.0,1230.0,197240.0,3068155.0,0.0,0.125,31.0,18.0,107.51,0.0,0.0,1128.3333333333333,2213.0,458.0,5008.0,0.0,9.91,carga3,exp_11
2026-09-07 04:41:48,45.5,18.0,0.1,28.8,2334.0,1582.0,1246.0,308990.0,4470765.0,0.0,0.3333333333333333,31.0,18.0,167.57,0.0,0.0,863.6,2074.0,251.0,5004.0,0.0,9.8,carga3,exp_11
2026-09-07 04:42:03,45.3,17.7,0.1,29.2,2341.0,1575.0,1262.0,65027.0,3272691.0,0.0,0.4,32.0,19.0,155.53,0.0,0.0,1517.6666666666667,2230.0,331.0,5007.0,0.0,9.56,carga3,exp_11
2026-09-07 04:42:18,45.6,17.5,0.1,29.5,2344.0,1572.0,1277.0,329367.0,4596022.0,0.0,0.4666666666666667,31.0,18.0,149.55,0.0,0.0,1092.5,2104.0,202.0,5005.0,0.0,10.1,carga3,exp_11
2026-09-07 04:42:33,45.7,17.4,0.0,29.4,2337.0,1579.0,1293.0,22955.0,3265337.0,0.0,0.2666666666666666,31.0,18.0,132.92,0.0,0.0,1045.6666666666667,2132.0,212.0,5005.0,0.0,10.61,carga3,exp_11
2026-09-07 04:42:48,47.4,16.8,0.1,28.4,2348.0,1568.0,1309.0,159805.0,4130371.0,0.0,0.0666666666666666,31.0,18.0,150.13,0.0,0.0,1263.5,2277.0,258.0,5006.0,0.0,10.12,carga3,exp_11
2026-09-07 04:43:04,46.0,16.6,0.1,30.1,2344.0,1572.0,1324.0,251203.0,4852279.0,0.0,0.3125,31.0,18.0,99.58,0.0,0.0,1059.5,2176.0,266.0,5007.0,0.0,9.79,carga3,exp_11
2026-09-07 05:07:11,0.0,0.0,0.0,0.0,2263.0,1653.0,2826.0,15365713.0,0.0,0.0,0.0,28.0,17.0,74.97,0.0,0.0,0.0,0.0,0.0,0.0,0.0,0.36,carga4,exp_12
2026-09-07 05:07:12,17.0,8.6,0.1,68.0,2268.0,1648.0,2828.0,0.0,1301008.0,0.0,0.0,28.0,15.0,71.29,0.0,0.0,3.75,34.0,44.0,0.0,0.0,0.36,carga4,exp_12
2026-09-07 05:07:13,13.5,7.5,0.0,70.6,2268.0,1649.0,2829.0,0.0,0.0,0.0,0.0,28.0,15.0,16.25,0.0,0.0,0.0,0.0,0.0,0.0,0.0,0.33,carga4,exp_12
2026-09-07 05:07:14,17.8,6.1,0.0,65.0,2267.0,1650.0,2830.0,0.0,1325872.0,0.0,0.0,28.0,15.0,14.71,0.0,0.0,2040.3333333333333,2065.0,44.0,0.0,0.0,0.33,carga4,exp_12
2026-09-07 05:07:16,39.7,18.4,0.0,32.7,2267.0,1649.0,2832.0,0.0,126785.0,0.0,1.5,29.0,19.0,82.5,0.0,0.0,576.75,1036.0,857.0,26.0,200.0,0.33,carga4,exp_12
2026-09-07 05:07:18,63.8,22.6,0.1,8.4,2267.0,1649.0,2835.0,0.0,626794.0,0.0,1.0,28.0,16.0,11.42,0.0,0.0,0.0,0.0,0.0,26.0,200.0,1.19,carga4,exp_12
2026-09-07 05:07:26,50.7,30.2,0.0,12.4,2273.0,1643.0,2842.0,4582.0,361487.0,0.0,0.0,28.0,15.0,49.6,0.0,0.0,3934.0,4178.0,543.0,26.0,200.0,2.77,carga4,exp_12
2026-09-07 05:07:28,50.3,16.8,0.1,26.8,2274.0,1642.0,2843.0,0.0,2508124.0,0.0,0.0,28.0,15.0,275.98,0.0,0.0,5821.869999999998,6519.59999999998,1968.0,5074.0,0.0,2.77,carga4,exp_12
2026-09-07 05:07:29,46.1,16.2,0.0,30.3,2274.0,1642.0,2844.0,0.0,3735876.0,0.0,0.0,28.0,15.0,155.47,0.0,0.0,0.0,0.0,0.0,5074.0,0.0,3.51,carga4,exp_12
2026-09-07 05:07:30,48.1,18.8,0.0,26.0,2274.0,1642.0,2845.0,0.0,30648105.78999992,0.0,0.0,28.0,15.0,155.4,0.0,0.0,0.0,0.0,0.0,5074.0,0.0,3.51,carga4,exp_12
2026-09-07 05:07:31,44.9,17.5,0.0,30.7,2273.0,1643.0,2847.0,0.0,2526636.0,0.0,0.0,28.0,15.0,76.24,0.0,0.0,25.0,25.0,49.0,5074.0,0.0,3.51,carga4,exp_12
2026-09-07 05:07:32,50.1,17.0,0.0,26.3,2275.0,1641.0,2849.0,0.0,3728171.0,0.0,0.0,28.0,16.0,157.73,0.0,0.0,0.0,0.0,0.0,5074.0,0.0,3.51,carga4,exp_12
2026-09-07 05:07:33,47.0,18.9,0.1,27.5,2279.0,1637.0,2850.0,0.0,2521952.0,0.0,0.0,28.0,16.0,184.37,0.0,0.0,1029.5,2058.0,51.0,5074.0,0.0,3.63,carga4,exp_12
2026-09-07 05:07:35,45.6,17.2,0.0,30.5,2280.0,1637.0,2851.0,0.0,3624460.0,0.0,0.0,28.0,15.0,140.38,0.0,0.0,2043.0,2043.0,2.0,5074.0,0.0,3.63,carga4,exp_12
2026-09-07 05:07:36,45.5,17.3,0.3,29.9,2279.0,1637.0,2852.0,0.0,2477344.0,0.0,0.0,28.0,15.0,139.18,0.0,0.0,0.0,0.0,0.0,5074.0,0.0,3.63,carga4,exp_12
2026-09-07 05:07:37,47.9,18.4,0.7,26.2,2274.0,1642.0,2853.0,1406161.0,8943755.0,0.0,0.0,28.0,16.0,201.28,0.0,0.0,0.0,0.0,0.0,5074.0,0.0,3.63,carga4,exp_12
2026-09-07 05:07:38,47.3,15.2,0.6,29.6,2274.0,1642.0,2854.0,0.0,2589493.0,0.0,0.0,29.0,15.0,185.89,0.0,0.0,0.0,0.0,0.0,5074.0,0.0,3.63,carga4,exp_12
2026-09-07 05:07:39,42.6,21.3,0.2,26.9,2274.0,1642.0,2857.0,0.0,1201842.0,0.0,0.0,28.0,17.0,57.64,0.0,0.0,0.0,0.0,0.0,5010.0,0.0,4.06,carga4,exp_12
2026-09-07 05:07:44,41.8,29.8,0.0,20.7,2190.0,1726.0,2860.0,37725.0,3019961.0,0.0,0.0,28.0,16.0,54.98,0.0,0.0,1484.6666666666667,2446.0,1776.0,5010.0,0.0,4.94,carga4,exp_12
2026-09-07 05:07:46,46.8,28.6,0.1,17.5,2192.0,1724.0,2864.0,8298.0,709439.0,0.0,0.0,28.0,16.0,34.09,0.0,0.0,0.0,0.0,0.0,5010.0,0.0,4.94,carga4,exp_12
2026-09-07 05:07:50,52.5,23.2,0.0,17.7,2194.0,1722.0,2867.0,368466.0,1133741.0,0.0,0.0,28.0,15.0,29.73,0.0,0.0,1559.5,2178.0,72.0,5159.0,0.0,5.18,carga4,exp_12
2026-09-07 05:07:51,43.7,21.4,0.0,26.6,2192.0,1724.0,2870.0,0.0,1251414.0,0.0,0.0,28.0,16.0,54.63,0.0,0.0,1045.0,1045.0,1079.0,5159.0,0.0,5.18,carga4,exp_12
2026-09-07 05:07:54,50.4,21.0,0.3,21.4,2202.0,1714.0,2871.0,38727.0,2607059.0,0.0,1.6666666666666667,29.0,16.0,101.91,0.0,0.0,318.0,318.0,165.0,5159.0,0.0,5.65,carga4,exp_12
2026-09-07 05:07:55,49.0,16.3,0.0,28.6,2202.0,1714.0,2873.0,25001.0,3771635.0,0.0,0.0,28.0,16.0,291.99,0.0,0.0,0.0,0.0,0.0,5159.0,0.0,5.65,carga4,exp_12
2026-09-07 05:07:58,50.2,19.7,0.0,22.5,2202.0,1714.0,2875.0,0.0,1505286.0,0.0,0.0,28.0,16.0,118.69,0.0,0.0,2118.25,3760.0,2405.0,5159.0,0.0,5.65,carga4,exp_12
2026-09-07 05:07:59,50.6,15.3,0.2,27.9,2203.0,1713.0,2876.0,0.0,5296794.0,0.0,0.0,28.0,15.0,249.17,0.0,0.0,0.0,0.0,0.0,5159.0,0.0,6.24,carga4,exp_12
2026-09-07 05:08:00,52.7,15.8,0.0,26.7,2222.0,1695.0,2877.0,0.0,3984433.0,0.0,1.0,28.0,16.0,401.09,0.0,0.0,2922.5,3824.0,1145.0,5159.0,0.0,6.24,carga4,exp_12
2026-09-07 05:08:01,49.7,13.9,0.2,30.1,2219.0,1697.0,2878.0,0.0,4062098.0,0.0,3.0,28.0,15.0,302.19,0.0,0.0,0.0,0.0,0.0,5019.0,0.0,6.24,carga4,exp_12
2026-09-07 05:08:02,50.5,13.3,0.0,30.5,2215.0,1701.0,2879.0,0.0,3868488.0,0.0,0.0,28.0,15.0,222.7,0.0,0.0,0.0,0.0,0.0,5019.0,0.0,6.24,carga4,exp_12
2026-09-07 05:08:03,49.9,13.9,0.0,29.6,2212.0,1704.0,2881.0,0.0,30648105.78999992,0.0,0.0,28.0,15.0,195.83,0.0,0.0,0.0,0.0,0.0,5019.0,0.0,6.3,carga4,exp_12
2026-09-07 05:08:05,47.6,15.3,0.2,30.4,2212.0,1704.0,2882.0,0.0,3962715.0,0.0,1.0,28.0,16.0,187.56,0.0,0.0,1993.0,1993.0,0.0,5019.0,0.0,6.3,carga4,exp_12
2026-09-07 05:08:06,48.1,16.6,0.0,29.0,2216.0,1700.0,2883.0,0.0,5157917.0,0.0,0.0,28.0,15.0,221.81,0.0,0.0,0.0,0.0,0.0,5019.0,0.0,6.3,carga4,exp_12
2026-09-07 05:08:07,49.8,14.9,0.2,28.3,2219.0,1698.0,2884.0,0.0,5267513.0,0.0,3.0,28.0,15.0,255.74,0.0,0.0,0.0,0.0,0.0,5019.0,0.0,6.3,carga4,exp_12
2026-09-07 05:08:08,49.6,15.6,2.2,27.0,2216.0,1700.0,2885.0,0.0,6096340.0,0.0,5.975000000000023,29.0,17.0,330.34,0.0,0.0,0.0,0.0,0.0,5019.0,0.0,6.3,carga4,exp_12
2026-09-07 05:08:09,49.7,13.7,0.0,29.4,2214.0,1702.0,2886.0,0.0,4014921.0,0.0,0.0,29.0,17.0,211.72,0.0,0.0,0.0,0.0,0.0,5019.0,0.0,6.52,carga4,exp_12
2026-09-07 05:08:10,46.7,15.6,0.0,30.7,2216.0,1700.0,2887.0,0.0,5217576.0,0.0,0.0,29.0,17.0,138.42,0.0,0.0,0.0,0.0,0.0,5019.0,0.0,6.52,carga4,exp_12
2026-09-07 05:08:11,47.2,15.1,0.1,31.5,2214.0,1703.0,2888.0,0.0,5099659.0,0.0,0.0,29.0,16.0,180.26,0.0,0.0,0.0,0.0,0.0,5019.0,0.0,6.52,carga4,exp_12
2026-09-07 05:08:12,47.2,17.6,0.0,29.4,2216.0,1700.0,2889.0,0.0,3834187.0,0.0,0.0,29.0,16.0,103.71,0.0,0.0,0.0,0.0,0.0,5007.0,0.0,6.52,carga4,exp_12
2026-09-07 05:08:13,48.6,14.4,0.2,29.7,2217.0,1699.0,2890.0,0.0,6382268.0,0.0,0.0,29.0,16.0,229.66,0.0,0.0,0.0,0.0,0.0,5007.0,0.0,6.31,carga4,exp_12
2026-09-07 05:08:15,49.9,15.9,0.0,27.5,2213.0,1703.0,2892.0,0.0,5303569.0,0.0,1.5,29.0,16.0,291.46,0.0,0.0,0.0,0.0,0.0,5007.0,0.0,6.31,carga4,exp_12
2026-09-07 05:08:16,45.1,19.1,0.2,28.4,2213.0,1703.0,2894.0,0.0,3614595.0,0.0,0.0,29.0,18.0,318.44,0.0,0.0,0.0,0.0,0.0,5007.0,0.0,6.31,carga4,exp_12
2026-09-07 05:08:22,46.1,28.9,0.0,16.9,2218.0,1698.0,2902.0,3685.0,9826.0,0.0,0.0,26.0,14.0,11.55,0.0,0.0,1327.4,4323.0,3121.219999999993,5023.0,0.0,7.65,carga4,exp_12
2026-09-07 05:08:27,44.0,29.7,0.0,17.8,2210.0,1706.0,2904.0,0.0,1050698.0,0.0,0.0,22.0,11.0,51.36,0.0,0.0,3333.75,3776.0,2364.0,5023.0,0.0,9.2,carga4,exp_12
2026-09-07 05:08:28,48.6,15.7,0.0,28.1,2211.0,1705.0,2906.0,0.0,3609387.0,0.0,0.0,22.0,9.0,167.74,0.0,0.0,0.0,0.0,0.0,5023.0,0.0,9.2,carga4,exp_12
2026-09-07 05:08:29,45.0,16.7,0.0,30.8,2211.0,1705.0,2907.0,0.0,2550396.0,0.0,0.0,22.0,9.0,119.4,0.0,0.0,3095.0,3095.0,1081.0,5023.0,0.0,9.18,carga4,exp_12
2026-09-07 05:08:30,49.8,18.0,0.0,25.8,2211.0,1705.0,2908.0,0.0,2395847.0,0.0,0.0,22.0,9.0,171.15,0.0,0.0,0.0,0.0,0.0,5023.0,0.0,9.18,carga4,exp_12
2026-09-07 05:08:31,49.5,15.2,0.2,28.1,2211.0,1705.0,2909.0,0.0,3988112.0,0.0,2.0,22.0,9.0,220.83,0.0,0.0,0.0,0.0,0.0,5023.0,0.0,9.18,carga4,exp_12
2026-09-07 05:08:32,48.5,16.2,0.0,28.3,2214.0,1702.0,2910.0,0.0,2491122.0,0.0,0.0,22.0,9.0,122.68,0.0,0.0,0.0,0.0,0.0,5023.0,0.0,9.18,carga4,exp_12
2026-09-07 05:08:34,46.6,17.2,0.0,28.0,2217.0,1699.0,2911.0,0.0,2507503.0,0.0,0.0,22.0,9.0,182.61,0.0,0.0,664.6666666666666,2013.0,13.0,5023.0,0.0,9.49,carga4,exp_12
2026-09-07 05:08:35,49.3,15.3,0.1,28.7,2217.0,1699.0,2913.0,0.0,3599142.0,0.0,0.0,22.0,9.0,125.64,0.0,0.0,1339.6666666666667,2029.0,13.0,5060.0,0.0,9.49,carga4,exp_12
2026-09-07 05:08:36,48.7,16.5,0.0,28.2,2217.0,1699.0,2914.0,0.0,2635176.0,0.0,0.0,22.0,9.0,107.67,0.0,0.0,0.0,0.0,0.0,5060.0,0.0,9.49,carga4,exp_12
2026-09-07 05:08:37,46.6,16.4,0.1,28.8,2217.0,1699.0,2916.0,0.0,11300460.0,0.0,0.0,22.0,9.0,97.81,0.0,0.0,1158.5,2006.0,143.0,5060.0,0.0,9.49,carga4,exp_12
2026-09-07 05:08:38,50.4,14.1,0.0,27.7,2216.0,1700.0,2917.0,0.0,2530330.0,0.0,0.0,22.0,10.0,53.3,0.0,0.0,0.0,0.0,0.0,5060.0,0.0,9.37,carga4,exp_12
2026-09-07 05:08:39,47.9,17.2,0.0,27.6,2218.0,1698.0,2918.0,0.0,2474152.0,0.0,0.0,23.0,10.0,23.17,0.0,0.0,2340.0,2340.0,143.0,5060.0,0.0,9.37,carga4,exp_12
2026-09-07 05:08:41,47.0,17.1,0.1,27.9,2219.0,1697.0,2919.0,0.0,3606043.0,0.0,0.0,23.0,10.0,188.41,0.0,0.0,0.0,0.0,0.0,5060.0,0.0,9.37,carga4,exp_12
2026-09-07 05:08:42,47.2,16.7,0.0,29.0,2219.0,1698.0,2921.0,0.0,9981224.0,0.0,0.0,22.0,10.0,136.07,0.0,0.0,0.0,0.0,0.0,5060.0,0.0,9.37,carga4,exp_12
2026-09-07 05:08:43,47.9,15.6,0.1,29.0,2218.0,1698.0,2922.0,0.0,3847835.0,0.0,1.0,22.0,9.0,98.61,0.0,0.0,14.5,29.0,30.0,5060.0,0.0,9.37,carga4,exp_12
2026-09-07 05:08:44,46.4,15.9,0.0,29.9,2218.0,1698.0,2923.0,0.0,2878186.0,0.0,0.0,22.0,9.0,102.1,0.0,0.0,0.0,0.0,0.0,5060.0,0.0,9.02,carga4,exp_12
2026-09-07 05:08:45,48.7,15.0,0.0,28.8,2218.0,1698.0,2924.0,42330.0,3725063.0,0.0,0.0,22.0,10.0,138.64,0.0,0.0,2039.5,2054.0,30.0,5008.0,0.0,9.02,carga4,exp_12
2026-09-07 05:08:46,50.0,17.4,0.0,26.0,2212.0,1704.0,2925.0,0.0,2505440.0,0.0,0.0,22.0,9.0,89.37,0.0,0.0,0.0,0.0,0.0,5008.0,0.0,9.02,carga4,exp_12
2026-09-07 05:08:47,50.1,15.9,0.0,27.4,2215.0,1701.0,2926.0,0.0,2553206.0,0.0,1.0,22.0,9.0,111.1,0.0,0.0,131.0,269.0,112.0,5008.0,0.0,9.02,carga4,exp_12
2026-09-07 05:08:49,45.1,15.4,0.3,31.2,2214.0,1702.0,2927.0,0.0,2516774.0,0.0,0.0,22.0,9.0,98.38,0.0,0.0,2156.0,2295.0,112.0,5008.0,0.0,9.5,carga4,exp_12
2026-09-07 05:08:50,48.0,16.4,0.2,28.2,2213.0,1703.0,2928.0,0.0,2714558.0,0.0,4.0,22.0,9.0,135.94,0.0,0.0,0.0,0.0,0.0,5008.0,0.0,9.5,carga4,exp_12
2026-09-07 05:08:51,48.1,15.4,0.0,28.4,2214.0,1702.0,2930.0,0.0,3751676.0,0.0,0.0,22.0,9.0,203.83,0.0,0.0,0.0,0.0,0.0,5008.0,0.0,9.5,carga4,exp_12
2026-09-07 05:08:52,49.3,15.1,0.0,29.2,2214.0,1702.0,2931.0,0.0,2489250.0,0.0,0.0,22.0,9.0,119.99,0.0,0.0,0.0,0.0,0.0,5008.0,0.0,9.5,carga4,exp_12
2026-09-07 05:08:53,49.4,15.7,0.0,27.8,2216.0,1700.0,2932.0,0.0,3715743.0,0.0,0.0,22.0,9.0,70.44,0.0,0.0,96.0,96.0,94.0,5008.0,0.0,9.78,carga4,exp_12
2026-09-07 05:08:54,52.4,16.5,0.0,24.7,2218.0,1698.0,2933.0,0.0,2468889.0,0.0,0.0,23.0,11.0,143.84,0.0,0.0,0.0,0.0,0.0,5008.0,0.0,9.78,carga4,exp_12
2026-09-07 05:08:56,47.1,15.5,0.1,29.6,2217.0,1699.0,2934.0,0.0,2533590.0,0.0,1.0,23.0,10.0,184.97,0.0,0.0,707.6666666666666,2151.0,101.0,5008.0,0.0,9.78,carga4,exp_12
2026-09-07 05:08:57,47.8,16.6,0.0,29.2,2216.0,1700.0,2935.0,0.0,2526062.0,0.0,1.0,22.0,10.0,161.75,0.0,0.0,1017.25,2045.0,13.0,5008.0,0.0,9.78,carga4,exp_12
2026-09-07 05:08:58,49.9,15.3,0.0,28.7,2212.0,1704.0,2936.0,0.0,3815378.0,0.0,0.0,22.0,10.0,178.9,0.0,0.0,0.0,0.0,0.0,5008.0,0.0,9.78,carga4,exp_12
2026-09-07 05:08:59,49.5,15.8,0.1,28.2,2215.0,1701.0,2939.0,0.0,2462217.0,0.0,0.0,22.0,10.0,153.7,0.0,0.0,1033.75,2041.0,116.0,5008.0,0.0,9.96,carga4,exp_12
2026-09-07 05:09:00,45.8,21.2,0.3,25.6,2243.0,1673.0,2940.0,34172.0,27914833.0,0.0,0.0,22.0,9.0,91.77,0.0,0.0,0.0,0.0,0.0,5008.0,0.0,9.96,carga4,exp_12
2026-09-07 05:09:01,51.1,14.7,0.0,27.5,2237.0,1679.0,2941.0,0.0,3723301.0,0.0,0.0,22.0,9.0,156.67,0.0,0.0,2072.5,2104.0,110.0,5008.0,0.0,9.96,carga4,exp_12
2026-09-07 05:09:03,52.5,16.2,0.1,25.4,2235.0,1681.0,2942.0,0.0,2574056.0,0.0,0.5,22.0,9.0,147.36,0.0,0.0,0.0,0.0,0.0,5008.0,0.0,9.96,carga4,exp_12
2026-09-07 05:09:04,48.2,15.2,0.0,29.4,2234.0,1682.0,2943.0,0.0,2479231.0,0.0,1.0,22.0,9.0,145.84,0.0,0.0,0.0,0.0,0.0,5008.0,0.0,9.88,carga4,exp_12
2026-09-07 05:09:05,48.5,15.2,0.0,30.2,2236.0,1681.0,2944.0,0.0,2517359.0,0.0,0.0,22.0,9.0,96.9,0.0,0.0,0.0,0.0,0.0,5008.0,0.0,9.88,carga4,exp_12
2026-09-07 05:09:06,48.5,14.9,0.0,29.7,2236.0,1680.0,2946.0,0.0,2466935.0,0.0,0.0,22.0,11.0,106.94,0.0,0.0,0.0,0.0,0.0,5008.0,0.0,9.88,carga4,exp_12
2026-09-07 05:09:07,47.7,17.2,0.1,28.2,2242.0,1674.0,2947.0,0.0,2503214.0,0.0,0.0,22.0,10.0,67.71,0.0,0.0,0.0,0.0,0.0,5007.0,0.0,9.88,carga4,exp_12
2026-09-07 05:09:08,47.6,17.8,0.0,28.7,2239.0,1677.0,2948.0,0.0,2496475.0,0.0,0.0,22.0,10.0,41.5,0.0,0.0,0.0,0.0,0.0,5007.0,0.0,10.13,carga4,exp_12
2026-09-07 05:09:10,43.8,16.5,0.0,32.2,2234.0,1682.0,2949.0,0.0,2606880.0,0.0,0.0,23.0,10.0,18.87,0.0,0.0,68.0,68.0,83.0,5007.0,0.0,10.13,carga4,exp_12
2026-09-07 05:09:11,52.1,15.8,0.1,25.1,2234.0,1682.0,2950.0,0.0,3615774.0,0.0,0.0,22.0,10.0,75.2,0.0,0.0,2090.0,2090.0,83.0,5007.0,0.0,10.13,carga4,exp_12
2026-09-07 05:09:12,46.7,15.2,0.0,29.4,2234.0,1682.0,2952.0,0.0,3391440.0,0.0,0.0,22.0,10.0,79.67,0.0,0.0,0.0,0.0,0.0,5007.0,0.0,10.13,carga4,exp_12
2026-09-07 05:09:13,48.7,16.5,0.0,26.9,2233.0,1683.0,2953.0,0.0,2936668.0,0.0,0.0,22.0,10.0,39.47,0.0,0.0,0.0,0.0,0.0,5007.0,0.0,10.13,carga4,exp_12
2026-09-07 05:09:14,47.4,18.3,0.1,27.7,2243.0,1674.0,2954.0,0.0,3651019.0,0.0,0.0,22.0,10.0,58.04,0.0,0.0,0.0,0.0,0.0,5007.0,0.0,9.88,carga4,exp_12
2026-09-07 05:09:15,47.5,16.1,0.0,29.3,2242.0,1674.0,2955.0,0.0,2495739.0,0.0,0.0,22.0,10.0,60.5,0.0,0.0,0.0,0.0,0.0,5007.0,0.0,9.88,carga4,exp_12
2026-09-07 05:09:17,47.1,14.7,0.3,30.1,2241.0,1675.0,2956.0,0.0,2453615.0,0.0,0.0,22.0,9.0,27.23,0.0,0.0,0.0,0.0,0.0,5007.0,0.0,9.88,carga4,exp_12
2026-09-07 05:09:18,47.0,15.5,0.0,30.6,2241.0,1675.0,2957.0,0.0,3820752.0,0.0,0.0,22.0,9.0,67.42,0.0,0.0,0.0,0.0,0.0,5007.0,0.0,9.88,carga4,exp_12
2026-09-07 05:09:19,46.5,16.2,0.0,30.6,2241.0,1675.0,2959.0,0.0,2480600.0,0.0,0.0,22.0,9.0,75.7,0.0,0.0,0.0,0.0,0.0,5005.0,0.0,10.21,carga4,exp_12
2026-09-07 05:09:20,52.1,17.5,0.0,25.2,2243.0,1673.0,2961.0,0.0,2633883.0,0.0,0.0,22.0,10.0,183.62,0.0,0.0,0.0,0.0,0.0,5005.0,0.0,10.21,carga4,exp_12
2026-09-07 05:09:21,48.2,17.5,0.0,27.6,2245.0,1671.0,2962.0,0.0,2450969.0,0.0,0.0,22.0,10.0,92.64,0.0,0.0,7.0,7.0,6.0,5005.0,0.0,10.21,carga4,exp_12
2026-09-07 05:09:23,48.0,16.7,0.1,28.0,2244.0,1672.0,2963.0,0.0,3616443.0,0.0,0.0,22.0,9.0,55.18,0.0,0.0,2033.0,2033.0,6.0,5005.0,0.0,10.21,carga4,exp_12
2026-09-07 05:09:24,45.6,17.0,0.0,30.4,2243.0,1673.0,2964.0,0.0,2509441.0,0.0,0.0,22.0,9.0,91.37,0.0,0.0,0.0,0.0,0.0,5005.0,0.0,10.11,carga4,exp_12
2026-09-07 05:09:25,45.3,17.1,0.0,29.6,2243.0,1674.0,2965.0,0.0,2570973.0,0.0,0.0,22.0,9.0,62.34,0.0,0.0,152.0,152.0,107.0,5005.0,0.0,10.11,carga4,exp_12
2026-09-07 05:09:26,48.3,15.8,0.0,28.5,2242.0,1674.0,2966.0,0.0,3787158.0,0.0,0.0,22.0,9.0,152.35,0.0,0.0,0.0,0.0,0.0,5005.0,0.0,10.11,carga4,exp_12
2026-09-07 05:09:27,47.6,17.0,0.1,28.2,2245.0,1671.0,2968.0,0.0,2494004.0,0.0,0.0,22.0,9.0,165.19,0.0,0.0,2178.0,2178.0,107.0,5005.0,0.0,10.11,carga4,exp_12
2026-09-07 05:09:28,51.3,17.7,0.0,24.5,2245.0,1671.0,2969.0,0.0,2500709.0,0.0,0.0,22.0,9.0,163.91,0.0,0.0,0.0,0.0,0.0,5005.0,0.0,10.02,carga4,exp_12
2026-09-07 05:09:29,52.3,15.8,0.0,24.9,2245.0,1671.0,2970.0,0.0,2452329.0,0.0,0.0,22.0,9.0,133.52,0.0,0.0,0.0,0.0,9.0,5008.0,0.0,10.02,carga4,exp_12
2026-09-07 05:09:31,49.9,15.7,0.3,27.8,2242.0,1674.0,2971.0,0.0,3893450.0,0.0,1.0,23.0,10.0,133.08,0.0,0.0,2029.0,2029.0,9.0,5008.0,0.0,10.02,carga4,exp_12
2026-09-07 05:09:32,45.3,17.4,0.0,30.2,2243.0,1674.0,2972.0,0.0,2464686.0,0.0,0.0,22.0,10.0,95.72,0.0,0.0,0.0,0.0,0.0,5008.0,0.0,10.02,carga4,exp_12
2026-09-07 05:09:33,46.1,19.0,0.0,28.0,2243.0,1673.0,2973.0,0.0,11620804.0,0.0,0.0,22.0,9.0,93.64,0.0,0.0,0.0,0.0,0.0,5008.0,0.0,10.02,carga4,exp_12
2026-09-07 05:09:34,50.3,16.8,0.0,26.3,2242.0,1674.0,2975.0,0.0,2513714.0,0.0,0.0,22.0,9.0,87.17,0.0,0.0,0.0,0.0,0.0,5008.0,0.0,9.7,carga4,exp_12
2026-09-07 05:09:35,47.4,17.4,0.1,28.4,2243.0,1673.0,2976.0,0.0,2587789.0,0.0,0.0,22.0,9.0,67.71,0.0,0.0,0.0,0.0,0.0,5008.0,0.0,9.7,carga4,exp_12
2026-09-07 05:09:37,46.8,18.2,0.0,27.8,2242.0,1674.0,2977.0,0.0,2377943.0,0.0,0.0,22.0,9.0,102.26,0.0,0.0,0.0,0.0,0.0,5008.0,0.0,9.7,carga4,exp_12
2026-09-07 05:09:38,46.5,16.8,0.0,29.3,2242.0,1674.0,2978.0,0.0,3741159.0,0.0,0.0,22.0,10.0,101.2,0.0,0.0,0.0,0.0,0.0,5008.0,0.0,9.7,carga4,exp_12
2026-09-07 05:09:39,51.4,14.8,0.0,25.8,2243.0,1673.0,2979.0,0.0,2476384.0,0.0,0.0,22.0,9.0,89.31,0.0,0.0,0.0,0.0,0.0,5008.0,0.0,9.89,carga4,exp_12
2026-09-07 05:09:40,47.7,16.3,0.0,28.3,2243.0,1673.0,2980.0,0.0,2483816.0,0.0,0.0,22.0,9.0,73.76,0.0,0.0,189.0,189.0,126.0,5008.0,0.0,9.89,carga4,exp_12
2026-09-07 05:09:41,49.5,17.2,0.1,26.5,2258.0,1658.0,2982.0,0.0,2584173.0,0.0,0.0,22.0,11.0,91.5,0.0,0.0,0.0,0.0,0.0,5008.0,0.0,9.89,carga4,exp_12
2026-09-07 05:09:42,46.9,19.7,0.0,26.3,2250.0,1667.0,2983.0,0.0,3099627.0,0.0,0.0,22.0,9.0,56.05,0.0,0.0,2217.0,2217.0,126.0,5008.0,0.0,9.89,carga4,exp_12
2026-09-07 05:09:44,43.6,18.3,0.1,29.9,2250.0,1666.0,2985.0,0.0,2480466.0,0.0,0.0,23.0,11.0,49.03,0.0,0.0,0.0,0.0,6.0,5008.0,0.0,9.81,carga4,exp_12
2026-09-07 05:09:45,46.8,17.1,0.4,28.2,2249.0,1667.0,2986.0,0.0,4817150.0,0.0,0.0,22.0,10.0,56.38,0.0,0.0,0.0,0.0,0.0,5008.0,0.0,9.81,carga4,exp_12
2026-09-07 05:09:46,46.4,16.6,0.0,29.7,2249.0,1667.0,2987.0,0.0,2672053.0,0.0,0.0,22.0,9.0,117.91,0.0,0.0,2022.0,2022.0,6.0,5008.0,0.0,9.81,carga4,exp_12
2026-09-07 05:09:47,48.8,16.3,0.0,27.1,2249.0,1667.0,2988.0,0.0,2509480.0,0.0,0.0,22.0,10.0,131.41,0.0,0.0,0.0,0.0,0.0,5008.0,0.0,9.81,carga4,exp_12
2026-09-07 05:09:48,53.6,17.1,0.1,21.8,2253.0,1663.0,2989.0,0.0,2381138.0,0.0,0.0,22.0,9.0,49.55,0.0,0.0,0.0,0.0,0.0,5008.0,0.0,9.91,carga4,exp_12
2026-09-07 05:09:50,49.6,18.1,0.0,25.5,2253.0,1664.0,2991.0,0.0,3665786.0,0.0,0.0,22.0,11.0,93.16,0.0,0.0,62.0,62.0,75.0,5008.0,0.0,9.91,carga4,exp_12
2026-09-07 05:09:51,46.9,18.3,0.1,27.7,2253.0,1664.0,2992.0,0.0,2687437.0,0.0,1.0,22.0,10.0,138.4,0.0,0.0,0.0,0.0,0.0,5008.0,0.0,9.91,carga4,exp_12
2026-09-07 05:09:52,46.2,16.5,0.0,29.5,2252.0,1665.0,2993.0,0.0,3744404.0,0.0,0.0,22.0,10.0,87.43,0.0,0.0,2082.0,2082.0,75.0,5007.0,0.0,9.91,carga4,exp_12
2026-09-07 05:09:53,47.3,20.8,0.0,24.7,2251.0,1665.0,2995.0,0.0,1246200.0,0.0,0.0,22.0,10.0,55.14,0.0,0.0,0.0,0.0,0.0,5007.0,0.0,9.91,carga4,exp_12
2026-09-07 05:09:57,46.9,24.7,0.0,21.1,2250.0,1666.0,2999.0,1856.0,1024726.0,0.0,0.0,22.0,9.0,63.91,0.0,0.0,358.0,398.0,565.0,5007.0,0.0,10.08,carga4,exp_12
2026-09-07 05:09:58,52.7,14.1,0.0,27.8,2250.0,1666.0,3001.0,7405.0,5213419.0,0.0,0.0,22.0,9.0,187.98,0.0,0.0,0.0,0.0,0.0,5007.0,0.0,10.39,carga4,exp_12
2026-09-07 05:10:04,59.7,24.2,0.0,9.8,2252.0,1664.0,3007.0,0.0,13956.0,0.0,0.0,31.0,19.0,10.41,0.0,0.0,2719.2,5860.0,2902.0,5007.0,0.0,10.04,carga4,exp_12
2026-09-07 05:10:06,50.1,24.1,0.1,19.9,2250.0,1666.0,3008.0,0.0,2357169.0,0.0,1.0,31.0,21.0,88.54,0.0,0.0,0.0,0.0,0.0,5007.0,0.0,10.04,carga4,exp_12
2026-09-07 05:10:07,49.2,14.9,0.0,29.8,2249.0,1667.0,3010.0,0.0,3804604.0,0.0,0.0,31.0,21.0,75.71,0.0,0.0,0.0,0.0,0.0,5007.0,0.0,10.04,carga4,exp_12
2026-09-07 05:10:10,48.8,19.2,0.0,24.8,2249.0,1667.0,3012.0,0.0,2038102.0,0.0,0.0,31.0,19.0,59.38,0.0,0.0,1500.8,3646.0,1995.0,5007.0,0.0,9.8,carga4,exp_12
2026-09-07 05:10:11,50.1,13.2,0.0,30.1,2249.0,1667.0,3013.0,0.0,3726581.0,0.0,0.0,31.0,19.0,48.91,0.0,0.0,0.0,0.0,0.0,5007.0,0.0,9.8,carga4,exp_12
2026-09-07 05:10:12,49.0,16.9,0.1,27.6,2253.0,1663.0,3015.0,0.0,2515775.0,0.0,2.0,31.0,19.0,75.59,0.0,0.0,1953.0,3852.0,1243.0,5304.0,0.0,9.8,carga4,exp_12
2026-09-07 05:10:15,48.1,22.8,0.0,21.5,2252.0,1664.0,3017.0,0.0,2064416.0,0.0,0.0,30.0,17.0,124.6,0.0,0.0,1838.5,2561.0,1127.0,5304.0,0.0,10.21,carga4,exp_12
2026-09-07 05:10:16,50.7,14.9,0.0,29.1,2254.0,1662.0,3018.0,0.0,5354504.0,0.0,1.0,30.0,18.0,411.0,0.0,0.0,0.0,0.0,0.0,5304.0,0.0,10.21,carga4,exp_12
2026-09-07 05:10:17,46.4,17.6,0.2,28.5,2254.0,1663.0,3020.0,0.0,2663173.0,0.0,3.0,30.0,17.0,241.69,0.0,0.0,3738.0,3738.0,1127.0,5304.0,0.0,10.21,carga4,exp_12
2026-09-07 05:10:20,50.4,20.3,0.0,23.0,2256.0,1660.0,3022.0,0.0,6175694.0,0.0,0.0,30.0,17.0,76.08,0.0,0.0,367.5,743.0,750.0,5304.0,0.0,9.72,carga4,exp_12
2026-09-07 05:10:21,49.2,14.8,0.2,30.0,2257.0,1659.0,3023.0,0.0,5142660.0,0.0,0.0,30.0,17.0,217.59,0.0,0.0,2620.5,3000.0,750.0,5304.0,0.0,9.72,carga4,exp_12
2026-09-07 05:10:22,51.7,15.0,0.1,26.5,2257.0,1659.0,3024.0,0.0,5289251.0,0.0,3.0,30.0,18.0,229.83,0.0,0.0,0.0,0.0,0.0,5304.0,0.0,9.72,carga4,exp_12
2026-09-07 05:10:23,46.0,18.7,0.0,27.7,2256.0,1660.0,3027.0,0.0,1247006.0,0.0,0.0,30.0,17.0,183.27,0.0,0.0,175.0,175.0,90.0,5304.0,0.0,9.72,carga4,exp_12
2026-09-07 05:10:26,47.8,20.8,0.0,24.9,2256.0,1660.0,3028.0,0.0,2410684.0,0.0,0.3333333333333333,30.0,18.0,141.68,0.0,0.0,0.0,0.0,0.0,5006.0,0.0,9.74,carga4,exp_12
2026-09-07 05:10:27,45.5,19.4,0.0,28.3,2251.0,1665.0,3031.0,48787.0,5697586.0,0.0,0.0,30.0,21.0,127.55,0.0,0.0,3405.0,3405.0,1138.0,5006.0,0.0,9.74,carga4,exp_12
2026-09-07 05:10:29,47.9,21.1,0.1,23.8,2250.0,1666.0,3032.0,0.0,2100506.0,0.0,0.0,30.0,17.0,51.37,0.0,0.0,0.0,0.0,0.0,5006.0,0.0,9.6,carga4,exp_12
2026-09-07 05:10:31,49.0,14.6,0.1,29.3,2250.0,1666.0,3033.0,0.0,5212340.0,0.0,0.5,30.0,17.0,198.89,0.0,0.0,0.0,0.0,0.0,5006.0,0.0,9.6,carga4,exp_12
2026-09-07 05:10:32,52.7,16.5,0.0,26.0,2250.0,1667.0,3035.0,0.0,5272598.0,0.0,1.0,30.0,17.0,522.44,0.0,0.0,0.0,0.0,0.0,5006.0,0.0,9.6,carga4,exp_12
2026-09-07 05:10:33,49.4,15.8,0.1,28.7,2250.0,1666.0,3036.0,0.0,3884621.0,0.0,1.0,30.0,17.0,481.77,0.0,0.0,0.0,0.0,0.0,5006.0,0.0,9.6,carga4,exp_12
2026-09-07 05:10:34,46.7,16.5,0.0,29.6,2251.0,1665.0,3039.0,0.0,5111129.0,0.0,0.0,30.0,18.0,349.87,0.0,0.0,0.0,0.0,0.0,5008.0,0.0,9.71,carga4,exp_12
2026-09-07 05:10:39,46.9,33.0,0.0,13.6,2265.0,1651.0,3043.0,292365.0,303672.0,0.0,0.0,30.0,19.0,13.01,0.0,0.0,1441.25,3663.0,1690.0,5008.0,0.0,9.57,carga4,exp_12
2026-09-07 05:10:41,47.6,20.8,0.0,24.2,2255.0,1661.0,3044.0,0.0,2995805.0,0.0,0.0,30.0,19.0,179.23,0.0,0.0,1887.0,2056.0,1598.0,5008.0,0.0,9.57,carga4,exp_12
2026-09-07 05:10:42,51.7,15.0,0.0,27.3,2256.0,1660.0,3045.0,0.0,3955863.0,0.0,0.0,30.0,17.0,241.45,0.0,0.0,0.0,0.0,0.0,5008.0,0.0,9.57,carga4,exp_12
2026-09-07 05:10:43,45.8,15.4,0.3,30.9,2257.0,1660.0,3046.0,0.0,5453807.0,0.0,0.0,30.0,18.0,259.45,0.0,0.0,1857.5,3739.0,1596.0,5008.0,0.0,9.69,carga4,exp_12
2026-09-07 05:10:44,47.6,14.9,0.0,30.1,2256.0,1661.0,3047.0,0.0,5188818.0,0.0,0.0,30.0,17.0,457.07,0.0,0.0,0.0,0.0,0.0,5008.0,0.0,9.69,carga4,exp_12
2026-09-07 05:10:45,44.1,18.2,0.3,30.8,2256.0,1660.0,3048.0,0.0,5160375.0,0.0,0.0,30.0,17.0,323.9,0.0,0.0,1989.0,1989.0,0.0,5008.0,0.0,9.69,carga4,exp_12
2026-09-07 05:10:47,51.0,18.3,0.3,24.3,2262.0,1654.0,3052.0,0.0,2195149.0,0.0,0.0,30.0,17.0,101.78,0.0,0.0,126.0,126.0,93.0,5051.0,0.0,9.69,carga4,exp_12
2026-09-07 05:10:55,46.2,32.2,0.1,13.8,2258.0,1658.0,3060.0,1053.0,332678.0,0.0,0.0,31.0,18.0,7.45,0.0,0.0,1346.0,2632.0,136.0,5051.0,0.0,9.24,carga4,exp_12
2026-09-07 05:10:58,42.4,25.1,0.0,24.2,2260.0,1657.0,3061.0,0.0,969921.0,0.0,0.0,30.0,18.0,56.61,0.0,0.0,1557.5,3123.0,1025.0,5051.0,0.0,9.24,carga4,exp_12
2026-09-07 05:10:59,50.6,16.0,0.0,25.9,2259.0,1657.0,3062.0,0.0,2564175.0,0.0,0.0,30.0,17.0,205.55,0.0,0.0,0.0,0.0,0.0,5134.0,0.0,9.78,carga4,exp_12
2026-09-07 05:11:00,45.6,16.7,0.0,29.6,2260.0,1656.0,3063.0,0.0,3710954.0,0.0,1.0,30.0,18.0,96.95,0.0,0.0,2021.0,2021.0,6.0,5134.0,0.0,9.78,carga4,exp_12
2026-09-07 05:11:01,46.5,17.9,0.1,27.9,2260.0,1656.0,3065.0,0.0,19053099.0,0.0,1.0,30.0,18.0,277.54,0.0,0.0,0.0,0.0,0.0,5134.0,0.0,9.78,carga4,exp_12
2026-09-07 05:11:02,44.6,19.8,0.0,27.9,2269.0,1647.0,3066.0,0.0,2396387.0,0.0,0.0,31.0,18.0,266.76,0.0,0.0,0.0,0.0,0.0,5134.0,0.0,9.78,carga4,exp_12
2026-09-07 05:11:03,46.0,19.9,0.1,26.9,2265.0,1651.0,3067.0,0.0,4410030.0,0.0,0.0,31.0,19.0,195.76,0.0,0.0,0.0,0.0,0.0,5134.0,0.0,9.48,carga4,exp_12
2026-09-07 05:11:05,46.4,18.1,0.0,27.6,2263.0,1653.0,3068.0,3107572.0,2445132.0,0.0,0.0,30.0,19.0,127.02,0.0,0.0,0.0,0.0,0.0,5134.0,0.0,9.48,carga4,exp_12
2026-09-07 05:11:06,41.6,18.2,0.1,31.0,2263.0,1653.0,3070.0,0.0,3594318.0,0.0,0.0,30.0,18.0,111.1,0.0,0.0,12.0,12.0,14.0,5134.0,0.0,9.48,carga4,exp_12
2026-09-07 05:11:07,48.3,15.9,0.0,27.4,2263.0,1653.0,3071.0,0.0,3722192.0,0.0,1.0,30.0,17.0,177.48,0.0,0.0,0.0,0.0,0.0,5134.0,0.0,9.48,carga4,exp_12
2026-09-07 05:11:08,50.4,15.9,0.0,25.8,2263.0,1653.0,3072.0,0.0,2521928.0,0.0,0.0,30.0,17.0,139.93,0.0,0.0,1019.5,2046.0,14.0,5134.0,0.0,9.48,carga4,exp_12
2026-09-07 05:11:09,45.6,21.2,0.0,26.4,2266.0,1650.0,3074.0,0.0,3083867.0,0.0,1.0,30.0,17.0,220.82,0.0,0.0,0.0,0.0,0.0,5008.0,0.0,9.52,carga4,exp_12
2026-09-07 05:11:11,47.7,18.6,0.0,26.2,2268.0,1648.0,3075.0,0.0,2529067.0,0.0,0.5,30.0,17.0,226.62,0.0,0.0,1098.0,2024.0,118.0,5008.0,0.0,9.52,carga4,exp_12
2026-09-07 05:11:12,45.5,16.5,0.0,30.1,2265.0,1651.0,3076.0,0.0,3731313.0,0.0,0.0,30.0,18.0,201.27,0.0,0.0,1092.0,2202.0,118.0,5008.0,0.0,9.52,carga4,exp_12
2026-09-07 05:11:13,46.5,17.8,0.1,29.2,2265.0,1651.0,3077.0,0.0,2485489.0,0.0,0.0,30.0,17.0,209.43,0.0,0.0,0.0,0.0,0.0,5008.0,0.0,9.52,carga4,exp_12
2026-09-07 05:11:14,47.2,16.0,0.0,29.5,2265.0,1651.0,3078.0,0.0,2520937.0,0.0,0.0,30.0,18.0,215.09,0.0,0.0,2003.0,2003.0,0.0,5008.0,0.0,9.56,carga4,exp_12
2026-09-07 05:11:15,45.2,17.4,0.0,29.6,2267.0,1649.0,3080.0,549939.0,3702458.0,0.0,0.0,30.0,17.0,179.6,0.0,0.0,0.0,0.0,0.0,5008.0,0.0,9.56,carga4,exp_12
2026-09-07 05:11:16,46.9,20.0,0.0,27.3,2270.0,1646.0,3081.0,0.0,2528512.0,0.0,0.0,30.0,17.0,112.77,0.0,0.0,0.0,0.0,0.0,5008.0,0.0,9.56,carga4,exp_12
2026-09-07 05:11:18,52.0,16.3,0.1,25.1,2273.0,1643.0,3082.0,0.0,2354237.0,0.0,0.0,31.0,20.0,114.15,0.0,0.0,0.0,0.0,0.0,5008.0,0.0,9.56,carga4,exp_12
2026-09-07 05:11:19,45.8,17.8,0.0,29.8,2269.0,1648.0,3083.0,0.0,3641444.0,0.0,0.0,31.0,18.0,159.12,0.0,0.0,0.0,0.0,0.0,5008.0,0.0,9.68,carga4,exp_12
2026-09-07 05:11:20,46.3,15.7,0.0,29.5,2268.0,1648.0,3084.0,0.0,2472144.0,0.0,0.0,31.0,18.0,149.17,0.0,0.0,48.333333333333336,132.0,126.0,5008.0,0.0,9.68,carga4,exp_12
2026-09-07 05:11:21,44.3,16.7,0.1,30.2,2268.0,1648.0,3086.0,0.0,3727853.0,0.0,0.0,30.0,19.0,126.8,0.0,0.0,0.0,0.0,0.0,5008.0,0.0,9.68,carga4,exp_12
2026-09-07 05:11:22,46.2,18.5,0.0,28.5,2268.0,1648.0,3087.0,0.0,2428679.0,0.0,0.0,30.0,17.0,139.81,0.0,0.0,2074.0,2158.0,126.0,5008.0,0.0,9.68,carga4,exp_12
2026-09-07 05:11:24,48.1,17.2,0.0,27.5,2273.0,1643.0,3088.0,0.0,2427480.0,0.0,0.0,30.0,17.0,121.23,0.0,0.0,0.0,0.0,0.0,5008.0,0.0,9.86,carga4,exp_12
2026-09-07 05:11:25,44.3,19.6,0.0,27.9,2273.0,1643.0,3089.0,0.0,3521081.0,0.0,0.0,30.0,18.0,122.92,0.0,0.0,0.0,0.0,0.0,5008.0,0.0,9.86,carga4,exp_12
2026-09-07 05:11:26,49.5,16.8,0.0,26.8,2271.0,1645.0,3090.0,0.0,2610500.0,0.0,0.0,30.0,17.0,193.58,0.0,0.0,0.0,0.0,0.0,5008.0,0.0,9.86,carga4,exp_12
2026-09-07 05:11:27,46.2,17.5,0.0,28.7,2266.0,1650.0,3092.0,0.0,2431556.0,0.0,0.0,30.0,17.0,106.1,0.0,0.0,0.0,0.0,0.0,5008.0,0.0,9.86,carga4,exp_12
2026-09-07 05:11:28,45.5,19.0,0.0,28.6,2266.0,1650.0,3095.0,0.0,2424886.0,0.0,0.0,30.0,17.0,59.68,0.0,0.0,0.0,0.0,0.0,5008.0,0.0,9.79,carga4,exp_12
2026-09-07 05:11:31,46.5,24.0,0.1,21.5,2272.0,1644.0,3098.0,0.0,1684972.0,0.0,0.0,30.0,18.0,32.51,0.0,0.0,239.0,479.0,458.0,5008.0,0.0,9.79,carga4,exp_12
2026-09-07 05:11:34,45.4,26.7,0.2,19.5,2271.0,1646.0,3098.0,0.0,2430852.0,0.0,0.0,30.0,17.0,54.42,0.0,0.0,1821.0,3294.0,18.0,5008.0,0.0,9.17,carga4,exp_12
2026-09-07 05:11:35,45.8,17.0,0.2,29.4,2271.0,1645.0,3102.0,0.0,3869839.0,0.0,0.0,30.0,17.0,124.32,0.0,0.0,0.0,0.0,0.0,5008.0,0.0,9.17,carga4,exp_12
2026-09-07 05:11:40,50.6,26.4,0.0,16.4,2274.0,1642.0,3105.0,0.0,1133354.0,0.0,1.0,30.0,18.0,71.25,0.0,0.0,1936.0,3598.0,3121.219999999993,5008.0,0.0,10.12,carga4,exp_12
2026-09-07 05:11:41,59.4,21.1,0.0,13.8,2275.0,1641.0,3107.0,0.0,0.0,0.0,0.0,30.0,17.0,48.65,0.0,0.0,0.0,0.0,0.0,5253.0,0.0,10.12,carga4,exp_12
2026-09-07 05:11:45,44.5,25.4,0.0,21.3,2274.0,1642.0,3111.0,0.0,354827.0,0.0,0.0,30.0,18.0,13.18,0.0,0.0,1861.0,2922.0,1911.0,5253.0,0.0,10.35,carga4,exp_12
2026-09-07 05:11:49,46.3,27.0,0.0,18.9,2270.0,1646.0,3116.0,0.0,13752.0,0.0,0.0,30.0,19.0,13.91,0.0,0.0,4185.0,4185.0,1069.0,5253.0,0.0,10.32,carga4,exp_12
2026-09-07 05:11:51,45.2,30.4,0.0,17.2,2268.0,1648.0,3119.0,0.0,703277.0,0.0,0.0,30.0,18.0,40.85,0.0,0.0,0.0,0.0,0.0,5074.0,0.0,10.32,carga4,exp_12
2026-09-07 05:11:55,43.6,27.2,0.1,20.5,2269.0,1647.0,3122.0,0.0,715914.0,0.0,0.0,30.0,17.0,43.82,0.0,0.0,2373.0,2373.0,1239.0,5074.0,0.0,10.45,carga4,exp_12
2026-09-07 05:11:57,46.9,16.7,0.0,28.1,2270.0,1646.0,3123.0,0.0,3542455.0,0.0,0.0,30.0,17.0,140.05,0.0,0.0,2560.5,5146.0,1239.0,5074.0,0.0,10.45,carga4,exp_12
2026-09-07 05:11:58,46.5,16.4,0.0,28.8,2270.0,1646.0,3124.0,0.0,3588673.0,0.0,0.0,30.0,19.0,147.25,0.0,0.0,0.0,0.0,0.0,5074.0,0.0,10.45,carga4,exp_12
2026-09-07 05:11:59,45.3,16.4,0.1,29.9,2269.0,1647.0,3125.0,0.0,2441144.0,0.0,1.0,30.0,17.0,168.46,0.0,0.0,2005.0,2005.0,0.0,5074.0,0.0,10.34,carga4,exp_12
2026-09-07 05:12:00,48.0,17.9,0.0,26.3,2268.0,1648.0,3126.0,0.0,3904187.0,0.0,0.0,30.0,18.0,198.39,0.0,0.0,0.0,0.0,0.0,5074.0,0.0,10.34,carga4,exp_12
2026-09-07 05:12:01,44.8,19.2,0.0,29.0,2270.0,1646.0,3127.0,0.0,2491007.0,0.0,0.0,30.0,17.0,69.87,0.0,0.0,0.0,0.0,0.0,5074.0,0.0,10.34,carga4,exp_12
2026-09-07 05:12:03,51.0,18.4,0.0,22.7,2275.0,1641.0,3129.0,0.0,23209336.0,0.0,0.0,30.0,18.0,141.65,0.0,0.0,0.0,0.0,0.0,5074.0,0.0,10.34,carga4,exp_12
2026-09-07 05:12:04,46.0,17.9,0.0,28.2,2273.0,1643.0,3130.0,0.0,3754295.0,0.0,0.0,30.0,19.0,279.49,0.0,0.0,0.0,0.0,0.0,5074.0,0.0,9.75,carga4,exp_12
2026-09-07 05:12:05,46.5,17.2,0.1,29.1,2271.0,1645.0,3131.0,0.0,2708854.0,0.0,2.0,30.0,17.0,234.5,0.0,0.0,105.0,105.0,98.0,5007.0,0.0,9.75,carga4,exp_12
2026-09-07 05:12:06,45.1,18.6,0.0,29.3,2271.0,1645.0,3132.0,0.0,3804710.0,0.0,1.0,30.0,17.0,252.07,0.0,0.0,0.0,0.0,0.0,5007.0,0.0,9.75,carga4,exp_12
2026-09-07 05:12:07,47.0,17.7,0.0,28.9,2271.0,1645.0,3133.0,0.0,2446164.0,0.0,0.0,31.0,18.0,169.38,0.0,0.0,2149.0,2149.0,98.0,5007.0,0.0,9.75,carga4,exp_12
2026-09-07 05:12:08,47.1,17.8,0.1,27.6,2274.0,1642.0,3134.0,0.0,3729449.0,0.0,0.0,31.0,18.0,157.33,0.0,0.0,0.0,0.0,0.0,5007.0,0.0,9.75,carga4,exp_12
2026-09-07 05:12:09,45.6,17.9,0.0,28.5,2277.0,1639.0,3135.0,0.0,2522761.0,0.0,0.0,30.0,18.0,180.22,0.0,0.0,0.0,0.0,0.0,5007.0,0.0,10.01,carga4,exp_12
2026-09-07 05:12:11,50.3,16.1,0.0,26.7,2274.0,1642.0,3137.0,0.0,2521870.0,0.0,0.5,30.0,17.0,159.66,0.0,0.0,0.0,0.0,0.0,5007.0,0.0,10.01,carga4,exp_12
2026-09-07 05:12:12,45.9,16.1,0.0,28.9,2273.0,1643.0,3138.0,0.0,3687265.0,0.0,0.0,30.0,17.0,113.38,0.0,0.0,0.0,0.0,0.0,5007.0,0.0,10.01,carga4,exp_12
2026-09-07 05:12:13,43.3,19.0,0.0,29.7,2266.0,1650.0,3139.0,0.0,4464063.0,0.0,0.0,30.0,17.0,123.27,0.0,0.0,0.0,0.0,0.0,5007.0,0.0,10.01,carga4,exp_12
2026-09-07 05:12:14,44.5,17.6,0.1,30.8,2265.0,1651.0,3140.0,0.0,2461400.0,0.0,0.0,30.0,18.0,100.72,0.0,0.0,0.0,0.0,0.0,5007.0,0.0,9.77,carga4,exp_12
2026-09-07 05:12:15,44.3,18.4,0.0,28.7,2269.0,1647.0,3142.0,0.0,2433956.0,0.0,0.0,30.0,17.0,133.37,0.0,0.0,0.0,0.0,0.0,5007.0,0.0,9.77,carga4,exp_12
2026-09-07 05:12:16,44.5,19.1,0.0,29.4,2271.0,1645.0,3143.0,0.0,3891769.0,0.0,1.0,30.0,17.0,102.77,0.0,0.0,19.0,19.0,38.0,5008.0,0.0,9.77,carga4,exp_12
2026-09-07 05:12:18,46.2,16.1,0.1,29.3,2269.0,1647.0,3145.0,0.0,2569020.0,0.0,1.5,30.0,17.0,139.09,0.0,0.0,1017.5,2051.0,46.0,5008.0,0.0,9.77,carga4,exp_12
2026-09-07 05:12:19,47.5,15.9,0.3,28.3,2270.0,1647.0,3146.0,0.0,3788073.0,0.0,5.0,30.0,18.0,205.7,0.0,0.0,0.0,0.0,0.0,5008.0,0.0,9.87,carga4,exp_12
2026-09-07 05:12:20,50.3,15.6,0.0,26.7,2266.0,1650.0,3147.0,0.0,2481921.0,0.0,0.0,30.0,19.0,193.66,0.0,0.0,2023.0,2023.0,8.0,5008.0,0.0,9.87,carga4,exp_12
2026-09-07 05:12:21,48.3,16.1,0.0,28.7,2266.0,1650.0,3148.0,0.0,3816013.0,0.0,0.0,30.0,19.0,195.85,0.0,0.0,0.0,0.0,0.0,5008.0,0.0,9.87,carga4,exp_12
2026-09-07 05:12:22,47.1,15.7,0.1,27.8,2267.0,1649.0,3149.0,0.0,2457033.0,0.0,0.0,30.0,17.0,167.01,0.0,0.0,0.0,0.0,0.0,5008.0,0.0,9.87,carga4,exp_12
2026-09-07 05:12:23,49.7,17.9,0.0,26.4,2258.0,1658.0,3151.0,0.0,2784638.0,0.0,5.0,31.0,18.0,253.57,0.0,0.0,0.0,0.0,0.0,5008.0,0.0,9.88,carga4,exp_12
2026-09-07 05:12:25,46.3,16.0,0.1,30.4,2256.0,1660.0,3152.0,0.0,3609103.0,0.0,0.0,31.0,18.0,231.91,0.0,0.0,0.0,0.0,0.0,5008.0,0.0,9.88,carga4,exp_12
2026-09-07 05:12:26,43.3,17.5,0.0,30.2,2256.0,1660.0,3153.0,0.0,3621776.0,0.0,0.0,30.0,18.0,186.74,0.0,0.0,1107.5,2028.0,121.0,5008.0,0.0,9.88,carga4,exp_12
2026-09-07 05:12:27,43.1,18.3,0.0,30.6,2257.0,1659.0,3154.0,0.0,2461431.0,0.0,0.0,30.0,17.0,125.48,0.0,0.0,0.0,0.0,0.0,5004.0,0.0,9.88,carga4,exp_12
2026-09-07 05:12:28,53.3,15.7,0.1,23.5,2259.0,1657.0,3155.0,0.0,3695589.0,0.0,0.0,30.0,18.0,164.05,0.0,0.0,2214.0,2214.0,121.0,5004.0,0.0,9.88,carga4,exp_12
2026-09-07 05:12:29,51.5,16.4,0.0,25.5,2265.0,1651.0,3156.0,0.0,2454901.0,0.0,0.0,30.0,17.0,240.73,0.0,0.0,0.0,0.0,0.0,5004.0,0.0,9.97,carga4,exp_12
2026-09-07 05:12:31,50.0,15.4,0.0,28.0,2266.0,1650.0,3157.0,0.0,2524377.0,0.0,0.0,30.0,17.0,156.7,0.0,0.0,0.0,0.0,0.0,5004.0,0.0,9.97,carga4,exp_12
2026-09-07 05:12:32,45.6,17.4,0.0,29.0,2264.0,1652.0,3159.0,0.0,3796020.0,0.0,0.0,30.0,17.0,178.16,0.0,0.0,0.0,0.0,0.0,5004.0,0.0,9.97,carga4,exp_12
2026-09-07 05:12:33,43.3,26.6,0.0,21.5,2264.0,1652.0,3161.0,0.0,0.0,0.0,0.0,30.0,20.0,7.54,0.0,0.0,0.0,0.0,0.0,5004.0,0.0,9.97,carga4,exp_12
2026-09-07 05:12:35,44.6,23.6,0.2,23.8,2261.0,1655.0,3163.0,427945.0,2954468.0,0.0,0.0,30.0,17.0,114.05,0.0,0.0,1006.5,1742.0,1710.0,5004.0,0.0,10.21,carga4,exp_12
2026-09-07 05:12:36,43.9,27.6,0.2,20.9,2265.0,1652.0,3165.0,0.0,1822752.0,0.0,0.0,30.0,17.0,77.63,0.0,0.0,0.0,0.0,0.0,5004.0,0.0,10.21,carga4,exp_12
2026-09-07 05:12:39,45.0,31.7,0.0,15.2,2261.0,1655.0,3167.0,0.0,0.0,0.0,0.0,31.0,18.0,6.03,0.0,0.0,3855.5,4511.0,1710.0,5027.0,0.0,10.44,carga4,exp_12
2026-09-07 05:12:41,46.1,23.4,0.3,21.7,2263.0,1653.0,3169.0,0.0,1367809.0,0.0,0.0,30.0,17.0,29.59,0.0,0.0,1.0,1.0,0.0,5027.0,0.0,10.44,carga4,exp_12
2026-09-07 05:12:42,49.7,18.1,0.0,24.8,2264.0,1652.0,3171.0,0.0,3563728.0,0.0,0.0,30.0,20.0,53.19,0.0,0.0,0.0,0.0,0.0,5027.0,0.0,10.44,carga4,exp_12
2026-09-07 05:12:47,43.0,27.2,0.6,20.2,2332.0,1584.0,3175.0,18622923.0,1819365.0,0.0,0.0,30.0,17.0,26.9,0.0,0.0,806.0,2229.0,103.0,5027.0,0.0,10.48,carga4,exp_12
2026-09-07 05:12:48,45.3,18.7,0.1,28.8,2321.0,1595.0,3176.0,495193.0,6765210.0,0.0,0.0,30.0,17.0,147.57,0.0,0.0,4021.0,5342.0,1566.0,5027.0,0.0,10.48,carga4,exp_12
2026-09-07 05:12:49,44.3,16.6,0.3,26.2,2331.0,1585.0,3177.0,3642582.0,6618970.0,0.0,5.975000000000023,30.0,17.0,196.75,0.0,0.0,0.0,0.0,0.0,5061.0,0.0,10.84,carga4,exp_12
2026-09-07 05:12:50,40.5,14.0,0.0,23.9,2364.0,1552.0,3178.0,0.0,4269931.0,0.0,1.0,30.0,17.0,283.01,0.0,0.0,35.0,35.0,55.0,5061.0,0.0,10.84,carga4,exp_12
2026-09-07 05:12:51,44.7,16.0,0.0,21.1,2365.0,1551.0,3179.0,0.0,5316265.0,0.0,0.0,30.0,17.0,177.56,0.0,0.0,0.0,0.0,0.0,5061.0,0.0,10.84,carga4,exp_12
2026-09-07 05:12:52,41.9,14.9,0.1,22.4,2400.0,1516.0,3180.0,14625.0,15462260.0,0.0,0.0,30.0,18.0,153.53,0.0,0.0,2054.0,2054.0,55.0,5061.0,0.0,10.84,carga4,exp_12
2026-09-07 05:12:54,44.7,23.9,1.9,21.4,2258.0,1658.0,3181.0,725196.0,30648105.78999992,0.0,0.0,30.0,18.0,132.17,0.0,0.0,0.0,0.0,0.0,5061.0,0.0,10.29,carga4,exp_12
2026-09-07 05:12:55,48.6,14.8,0.2,29.2,2264.0,1653.0,3182.0,0.0,5348333.0,0.0,2.0,30.0,18.0,304.29,0.0,0.0,0.0,0.0,0.0,5061.0,0.0,10.29,carga4,exp_12
2026-09-07 05:12:56,49.9,15.1,0.1,28.1,2260.0,1656.0,3184.0,0.0,5194549.0,0.0,1.0,30.0,18.0,390.27,0.0,0.0,149.0,149.0,112.0,5061.0,0.0,10.29,carga4,exp_12
2026-09-07 05:12:57,46.8,26.6,0.0,18.8,2264.0,1652.0,3187.0,4183764.0,1226635.0,0.0,0.0,30.0,18.0,81.27,0.0,0.0,0.0,0.0,0.0,5061.0,0.0,10.29,carga4,exp_12
2026-09-07 05:12:59,37.3,36.9,0.0,17.0,2255.0,1661.0,3189.0,10755.0,3583047.0,0.0,0.0,30.0,18.0,13.21,0.0,0.0,321.0,462.0,398.0,5004.0,0.0,10.43,carga4,exp_12
2026-09-07 05:13:01,45.4,26.2,0.1,21.0,2258.0,1658.0,3192.0,0.0,1380666.0,0.0,0.0,30.0,18.0,116.33,0.0,0.0,2541.0,2678.0,398.0,5004.0,0.0,10.43,carga4,exp_12
2026-09-07 05:13:08,54.1,25.2,0.2,14.0,2256.0,1660.0,3197.0,0.0,179565.0,0.0,0.0,29.0,17.0,15.3,0.0,0.0,1877.75,4083.0,1246.0,5004.0,0.0,10.56,carga4,exp_12
2026-09-07 05:13:10,47.4,18.0,0.0,27.8,2257.0,1659.0,3198.0,0.0,3539937.0,0.0,0.0,29.0,16.0,245.29,0.0,0.0,3189.0,3189.0,67.0,5004.0,0.0,10.03,carga4,exp_12
2026-09-07 05:13:11,43.3,17.5,0.0,30.5,2257.0,1659.0,3199.0,0.0,3739536.0,0.0,0.0,27.0,15.0,218.74,0.0,0.0,0.0,0.0,0.0,5004.0,0.0,10.03,carga4,exp_12
2026-09-07 05:13:12,44.4,17.5,0.0,29.7,2256.0,1660.0,3200.0,0.0,2444413.0,0.0,0.0,27.0,14.0,97.48,0.0,0.0,0.0,0.0,0.0,5033.0,0.0,10.03,carga4,exp_12
2026-09-07 05:13:13,42.6,18.4,0.1,30.3,2257.0,1659.0,3202.0,0.0,3711368.0,0.0,0.0,27.0,14.0,95.78,0.0,0.0,0.0,0.0,0.0,5033.0,0.0,10.03,carga4,exp_12
2026-09-07 05:13:14,43.3,20.3,0.0,28.4,2258.0,1658.0,3203.0,0.0,2482295.0,0.0,0.0,27.0,14.0,166.99,0.0,0.0,0.0,0.0,0.0,5033.0,0.0,9.95,carga4,exp_12
2026-09-07 05:13:15,49.4,19.0,0.0,24.2,2261.0,1655.0,3205.0,0.0,3641479.0,0.0,0.0,23.0,11.0,156.61,0.0,0.0,0.0,0.0,0.0,5033.0,0.0,9.95,carga4,exp_12
2026-09-07 05:13:17,43.8,18.5,0.0,29.5,2261.0,1655.0,3206.0,0.0,3655738.0,0.0,0.0,24.0,11.0,176.64,0.0,0.0,0.0,0.0,0.0,5033.0,0.0,9.95,carga4,exp_12
2026-09-07 05:13:18,44.4,16.9,0.0,30.1,2260.0,1656.0,3207.0,0.0,2482905.0,0.0,0.0,24.0,12.0,155.95,0.0,0.0,180.0,180.0,113.0,5033.0,0.0,9.95,carga4,exp_12
2026-09-07 05:13:19,44.4,16.7,0.0,30.0,2260.0,1656.0,3209.0,0.0,2456681.0,0.0,0.0,23.0,11.0,139.72,0.0,0.0,0.0,0.0,0.0,5033.0,0.0,9.95,carga4,exp_12
2026-09-07 05:13:20,44.3,17.8,0.1,29.9,2260.0,1656.0,3210.0,0.0,3585524.0,0.0,0.0,22.0,9.0,132.48,0.0,0.0,2210.0,2210.0,113.0,5033.0,0.0,9.95,carga4,exp_12
2026-09-07 05:13:21,51.9,16.5,0.0,24.8,2250.0,1666.0,3211.0,417419.0,2469439.0,0.0,0.0,22.0,10.0,77.09,0.0,0.0,0.0,0.0,0.0,5033.0,0.0,9.95,carga4,exp_12
2026-09-07 05:13:23,45.3,18.5,0.0,28.2,2252.0,1664.0,3212.0,0.0,3492941.0,0.0,0.0,22.0,10.0,92.87,0.0,0.0,0.0,0.0,0.0,5008.0,0.0,9.95,carga4,exp_12
2026-09-07 05:13:24,45.3,17.0,0.1,29.9,2250.0,1666.0,3213.0,0.0,3543841.0,0.0,0.0,22.0,9.0,76.14,0.0,0.0,2002.0,2002.0,0.0,5008.0,0.0,9.72,carga4,exp_12
2026-09-07 05:13:25,44.5,16.7,0.0,31.5,2250.0,1666.0,3214.0,0.0,3809382.0,0.0,0.0,22.0,10.0,74.74,0.0,0.0,0.0,0.0,0.0,5008.0,0.0,9.72,carga4,exp_12
2026-09-07 05:13:26,44.8,16.6,0.0,30.4,2250.0,1666.0,3215.0,0.0,2534098.0,0.0,0.0,22.0,9.0,99.3,0.0,0.0,0.0,0.0,0.0,5008.0,0.0,9.72,carga4,exp_12
2026-09-07 05:13:27,44.5,15.8,0.0,30.9,2250.0,1666.0,3217.0,0.0,2478663.0,0.0,0.0,22.0,9.0,165.03,0.0,0.0,0.0,0.0,0.0,5008.0,0.0,9.72,carga4,exp_12
2026-09-07 05:13:28,42.0,28.2,0.3,21.8,2251.0,1665.0,3219.0,0.0,1246652.0,0.0,0.0,22.0,11.0,43.55,0.0,0.0,0.0,0.0,0.0,5008.0,0.0,10.94,carga4,exp_12
2026-09-07 05:13:31,44.5,32.6,0.2,17.0,2256.0,1661.0,3220.0,0.0,11919519.0,0.0,0.6666666666666666,22.0,10.0,156.42,0.0,0.0,1642.0,1642.0,1686.0,5008.0,0.0,10.94,carga4,exp_12
2026-09-07 05:13:32,47.2,15.3,0.0,30.4,2254.0,1662.0,3221.0,0.0,3836569.0,0.0,0.0,22.0,9.0,206.47,0.0,0.0,0.0,0.0,0.0,5008.0,0.0,10.94,carga4,exp_12
2026-09-07 05:13:33,50.4,15.4,0.0,27.3,2254.0,1662.0,3222.0,0.0,3980241.0,0.0,1.0,22.0,10.0,245.16,0.0,0.0,1850.5,3701.0,1686.0,5008.0,0.0,10.94,carga4,exp_12
2026-09-07 05:13:34,46.9,17.7,0.1,28.8,2254.0,1662.0,3223.0,3669.0,4200601.0,0.0,0.0,22.0,9.0,154.05,0.0,0.0,0.0,0.0,0.0,5010.0,0.0,10.78,carga4,exp_12
2026-09-07 05:13:35,45.1,14.5,0.0,31.2,2254.0,1662.0,3224.0,0.0,2530416.0,0.0,0.0,22.0,10.0,132.51,0.0,0.0,1011.5,2025.0,1.0,5010.0,0.0,10.78,carga4,exp_12
2026-09-07 05:13:36,47.6,17.8,0.0,28.5,2256.0,1660.0,3226.0,14438.0,3883788.0,0.0,2.0,22.0,9.0,220.31,0.0,0.0,0.0,0.0,0.0,5010.0,0.0,10.78,carga4,exp_12
2026-09-07 05:13:38,46.1,16.9,0.2,30.4,2260.0,1656.0,3227.0,0.0,3785289.0,0.0,0.0,22.0,9.0,195.15,0.0,0.0,1054.5,2020.0,75.0,5010.0,0.0,10.78,carga4,exp_12
2026-09-07 05:13:39,43.5,19.6,0.0,28.7,2257.0,1659.0,3228.0,0.0,3407116.0,0.0,1.0,22.0,10.0,152.91,0.0,0.0,1083.5,2161.0,83.0,5010.0,0.0,10.48,carga4,exp_12
2026-09-07 05:13:40,52.8,16.7,0.0,24.4,2257.0,1659.0,3229.0,0.0,3920173.0,0.0,1.0,22.0,10.0,170.44,0.0,0.0,0.0,0.0,0.0,5010.0,0.0,10.48,carga4,exp_12
2026-09-07 05:13:41,44.9,15.1,0.1,32.4,2258.0,1659.0,3231.0,0.0,3860545.0,0.0,0.0,22.0,9.0,171.37,0.0,0.0,2055.0,2055.0,9.0,5010.0,0.0,10.48,carga4,exp_12
2026-09-07 05:13:42,41.8,23.2,0.0,26.5,2256.0,1660.0,3234.0,1337028.0,2523505.0,0.0,0.0,22.0,12.0,83.96,0.0,0.0,0.0,0.0,0.0,5008.0,0.0,10.48,carga4,exp_12
2026-09-07 06:57:32,40.2,32.7,0.9,18.7,2242.0,1675.0,3237.0,3518.0,270.0,0.0,0.0003210272873194,22.0,11.0,0.01,0.0,0.0,176.33333333333334,266.0,384.0,5008.0,0.0,10.52,carga4,exp_12
2026-09-07 06:57:33,41.5,29.6,0.7,20.5,2246.0,1670.0,3262.0,1735.0,6940.0,0.0,5.975000000000023,23.0,14.0,18.64,0.0,0.0,0.0,0.0,0.0,489.0,403.0,11.36,carga4,exp_12
2026-09-07 06:58:05,41.3,37.4,2.3,10.5,2241.0,1675.0,3274.0,269662.0,1068522.0,0.0,3.9375,26.0,15.0,6.62,0.0,0.0,5821.869999999998,6519.59999999998,3121.219999999993,2421.0,403.0,26.12919999999999,carga4,exp_12
2026-09-07 06:58:18,37.1,31.2,1.5,22.8,2272.0,1644.0,3286.0,2476.0,442647.0,0.0,0.0,26.0,13.0,9.67,0.0,0.0,453.0,453.0,138.0,118.0,403.0,26.12919999999999,carga4,exp_12
2026-09-07 06:58:23,55.1,21.5,0.0,18.1,2271.0,1645.0,3291.0,6846.0,5447809.0,0.0,0.0,26.0,14.0,26.95,0.0,0.0,2229.0,4662.0,157.0,73.0,403.0,26.12919999999999,carga4,exp_12
2026-09-07 06:58:28,52.9,23.3,0.0,18.8,2269.0,1647.0,3297.0,3016.0,810628.0,0.0,0.0,26.0,14.0,13.26,0.0,0.0,5821.869999999998,6519.59999999998,19.0,77.0,403.0,25.5,carga4,exp_12
2026-09-07 06:58:31,62.0,17.3,0.1,15.8,2287.0,1629.0,3299.0,0.0,1812356.0,0.0,0.0,26.0,14.0,98.85,0.0,0.0,689.0,708.0,5.0,182.0,403.0,25.5,carga4,exp_12
2026-09-07 06:58:35,58.5,19.2,0.1,17.2,2281.0,1635.0,3303.0,0.0,8187103.0,0.0,0.0,26.0,15.0,45.15,0.0,0.0,4681.0,4685.0,5.0,100.0,403.0,25.78,carga4,exp_12
2026-09-07 06:58:38,52.9,18.4,0.1,23.6,2279.0,1638.0,3306.0,15010.0,1674218.0,0.0,0.0,26.0,15.0,36.08,0.0,0.0,1004.0,1004.0,91.0,118.0,403.0,25.78,carga4,exp_12
2026-09-07 06:58:42,54.1,19.3,0.0,21.9,2278.0,1638.0,3310.0,0.0,1102701.0,0.0,0.0,26.0,14.0,24.11,0.0,0.0,4313.0,4313.0,91.0,77.0,403.0,24.6,carga4,exp_12
2026-09-07 06:58:45,56.8,15.5,0.0,22.6,2278.0,1638.0,3313.0,0.0,1459231.0,0.0,0.0,26.0,13.0,25.92,0.0,0.0,0.0,0.0,0.0,101.0,403.0,23.75,carga4,exp_12
2026-09-07 06:58:48,50.2,17.7,0.1,26.9,2279.0,1637.0,3317.0,0.0,1346433.0,0.0,0.0,26.0,13.0,9.15,0.0,0.0,111.0,111.0,30.0,111.0,403.0,23.75,carga4,exp_12
2026-09-07 06:58:50,51.3,16.3,0.0,26.7,2278.0,1638.0,3319.0,0.0,1026839.0,0.0,0.0,26.0,13.0,77.27,0.0,0.0,0.0,0.0,0.0,69.0,403.0,23.13,carga4,exp_12
2026-09-07 06:58:54,46.8,18.6,0.0,29.2,2290.0,1626.0,3323.0,0.0,8664404.0,0.0,0.0,26.0,13.0,18.08,0.0,0.0,4435.0,4435.0,30.0,82.0,403.0,22.32,carga4,exp_12
2026-09-07 06:58:57,49.3,15.7,0.0,29.9,2265.0,1652.0,3326.0,1408.0,1313596.0,0.0,0.0,26.0,13.0,20.62,0.0,0.0,0.0,0.0,0.0,109.0,403.0,22.32,carga4,exp_12
2026-09-07 06:59:00,47.2,16.2,0.1,31.5,2264.0,1652.0,3329.0,0.0,1368191.0,0.0,0.0,26.0,13.0,42.84,0.0,0.0,43.0,43.0,2.0,91.0,403.0,22.77,carga4,exp_12
2026-09-07 06:59:04,44.6,18.1,0.0,31.9,2254.0,1662.0,3333.0,21495.0,757698.0,0.0,0.0,26.0,13.0,30.44,0.0,0.0,4576.0,4576.0,2.0,48.0,403.0,21.51,carga4,exp_12
2026-09-07 06:59:07,44.0,14.8,0.0,36.5,2254.0,1662.0,3336.0,0.0,561593.0,0.0,0.0,26.0,13.0,3.98,0.0,0.0,0.0,0.0,0.0,97.0,403.0,21.51,carga4,exp_12
2026-09-07 06:59:10,45.2,16.3,0.0,33.8,2232.0,1685.0,3339.0,0.0,762556.0,0.0,0.0,26.0,13.0,6.61,0.0,0.0,0.0,0.0,0.0,62.0,403.0,20.51,carga4,exp_12
2026-09-07 06:59:14,41.7,16.4,0.1,36.8,2222.0,1694.0,3343.0,0.0,1016607.0,0.0,0.0,26.0,13.0,3.77,0.0,0.0,0.0,0.0,0.0,58.0,403.0,19.51,carga4,exp_12
2026-09-07 06:59:17,43.3,17.6,0.0,34.3,2232.0,1684.0,3347.0,0.0,533722.0,0.0,0.0,26.0,13.0,4.23,0.0,0.0,0.0,0.0,0.0,79.0,403.0,19.51,carga4,exp_12
2026-09-07 06:59:21,44.4,15.9,0.0,35.0,2225.0,1691.0,3351.0,0.0,766429.0,0.0,0.0,26.0,13.0,49.83,0.0,0.0,0.0,0.0,0.0,101.0,403.0,18.75,carga4,exp_12
2026-09-07 06:59:25,35.8,16.6,0.0,43.1,2245.0,1671.0,3354.0,0.0,8015289.0,0.0,0.0,26.0,13.0,1.84,0.0,0.0,0.0,0.0,0.0,149.0,403.0,17.8,carga4,exp_12
2026-09-07 06:59:28,35.5,15.0,0.0,45.4,2239.0,1677.0,3358.0,0.0,485540.0,0.0,0.0,26.0,13.0,11.76,0.0,0.0,0.0,0.0,0.0,94.0,403.0,17.8,carga4,exp_12
2026-09-07 06:59:31,32.9,18.3,0.0,45.1,2242.0,1675.0,3362.0,0.0,416322.0,0.0,0.0,26.0,13.0,43.31,0.0,0.0,0.0,0.0,0.0,76.0,403.0,16.78,carga4,exp_12
2026-09-07 06:59:34,22.3,16.0,0.1,59.0,2240.0,1676.0,3365.0,0.0,386602.0,0.0,0.0,26.0,13.0,0.0,0.0,0.0,0.0,0.0,0.0,106.0,403.0,16.08,carga4,exp_12
2026-09-07 06:59:38,26.1,13.6,0.0,56.9,2228.0,1688.0,3368.0,0.0,36775.0,0.0,0.0,26.0,13.0,1.28,0.0,0.0,0.0,0.0,0.0,63.0,403.0,16.08,carga4,exp_12
2026-09-07 06:59:41,23.2,14.2,0.0,59.3,2227.0,1689.0,3371.0,0.0,0.0,0.0,0.0,26.0,13.0,0.0,0.0,0.0,0.0,0.0,0.0,107.0,403.0,15.27,carga4,exp_12
2026-09-07 06:59:44,24.0,14.4,0.1,58.0,2230.0,1686.0,3375.0,0.0,17367.0,0.0,0.0,26.0,13.0,0.0,0.0,0.0,1424.0,1424.0,60.0,78.0,403.0,14.45,carga4,exp_12
2026-09-07 06:59:47,25.7,13.6,0.0,57.6,2220.0,1696.0,3377.0,0.0,159009.0,0.0,0.0,26.0,13.0,0.32,0.0,0.0,0.0,0.0,0.0,138.0,403.0,14.45,carga4,exp_12
2026-09-07 06:59:50,24.0,12.1,0.0,60.1,2221.0,1695.0,3381.0,0.0,2519163.0,0.0,0.0,26.0,13.0,0.0,0.0,0.0,5753.0,5753.0,60.0,41.0,403.0,13.77,carga4,exp_12
2026-09-07 06:59:54,27.5,12.5,0.1,56.2,2196.0,1720.0,3385.0,0.0,7066159.0,0.0,0.0,26.0,14.0,0.0,0.0,0.0,0.0,0.0,0.0,105.0,403.0,12.99,carga4,exp_12
2026-09-07 06:59:57,24.5,11.6,0.0,60.4,2197.0,1719.0,3388.0,0.0,0.0,0.0,0.0,26.0,13.0,0.61,0.0,0.0,0.0,0.0,0.0,34.0,403.0,12.99,carga4,exp_12
2026-09-07 07:00:00,27.6,11.7,0.1,57.4,2197.0,1719.0,3392.0,0.0,67303.0,0.0,0.6666666666666666,26.0,13.0,0.63,0.0,0.0,0.0,0.0,0.0,100.0,403.0,12.11,carga4,exp_12
2026-09-07 07:00:03,23.8,13.1,0.0,60.1,2197.0,1719.0,3395.0,0.0,0.0,0.0,0.0,26.0,13.0,0.0,0.0,0.0,0.0,0.0,0.0,77.0,403.0,11.62,carga4,exp_12
2026-09-07 07:00:07,26.4,14.6,0.0,55.4,2199.0,1717.0,3399.0,0.0,16704.0,0.0,0.0,26.0,13.0,0.27,0.0,0.0,0.0,0.0,0.0,103.0,403.0,11.62,carga4,exp_12
2026-09-07 07:00:11,28.3,11.7,0.0,57.2,2183.0,1733.0,3402.0,0.0,33110.0,0.0,0.0,26.0,13.0,0.0,0.0,0.0,0.0,0.0,0.0,105.0,403.0,10.77,carga4,exp_12
2026-09-07 07:00:14,25.9,12.1,0.0,58.8,2183.0,1733.0,3405.0,0.0,77384.0,0.0,0.0,26.0,13.0,0.0,0.0,0.0,0.0,0.0,0.0,37.0,403.0,10.14,carga4,exp_12
2026-09-07 07:00:17,26.4,11.5,0.0,58.7,2182.0,1734.0,3409.0,0.0,25150.0,0.0,0.0,26.0,13.0,0.0,0.0,0.0,0.0,0.0,0.0,47.0,403.0,10.14,carga4,exp_12
2026-09-07 07:00:21,26.8,11.8,0.0,58.2,2176.0,1740.0,3413.0,0.0,4006320.0,0.0,0.0,27.0,13.0,0.29,0.0,0.0,0.0,0.0,0.0,116.0,403.0,9.41,carga4,exp_12
2026-09-07 07:00:24,24.6,13.5,0.0,58.4,2175.0,1742.0,3416.0,0.0,7707885.0,0.0,0.0,26.0,13.0,0.0,0.0,0.0,0.0,0.0,0.0,100.0,403.0,8.82,carga4,exp_12
2026-09-07 07:00:27,26.9,12.8,0.0,57.5,2155.0,1761.0,3419.0,0.0,18204.0,0.0,0.0,26.0,13.0,0.0,0.0,0.0,0.0,0.0,0.0,39.0,403.0,8.82,carga4,exp_12
2026-09-07 07:00:30,25.2,12.8,0.0,58.7,2157.0,1759.0,3422.0,0.0,38775.0,0.0,0.0,26.0,13.0,0.33,0.0,0.0,0.0,0.0,0.0,127.0,403.0,8.35,carga4,exp_12
2026-09-07 07:00:33,24.8,14.7,0.1,57.6,2147.0,1769.0,3425.0,0.0,0.0,0.0,0.0,26.0,13.0,0.0,0.0,0.0,0.0,0.0,0.0,64.0,403.0,8.35,carga4,exp_12
2026-09-07 07:00:36,24.2,15.4,0.0,57.5,2148.0,1769.0,3430.0,0.0,35067.0,0.0,0.0,26.0,13.0,0.95,0.0,0.0,0.0,0.0,0.0,64.0,403.0,7.92,carga4,exp_12
2026-09-07 07:00:40,24.0,15.0,0.0,58.0,2103.0,1813.0,3433.0,0.0,0.0,0.0,0.0,26.0,13.0,0.0,0.0,0.0,0.0,0.0,0.0,49.0,403.0,7.53,carga4,exp_12
2026-09-07 07:00:43,25.5,14.3,0.1,57.4,2114.0,1802.0,3436.0,0.0,89710.0,0.0,0.0,25.0,12.0,0.32,0.0,0.0,0.0,0.0,0.0,49.0,403.0,7.53,carga4,exp_12
2026-09-07 07:00:46,22.0,15.7,0.0,59.0,2110.0,1806.0,3439.0,0.0,49253.0,0.0,0.0,25.0,13.0,0.0,0.0,0.0,0.0,0.0,0.0,19.0,403.0,7.49,carga4,exp_12
2026-09-07 07:00:49,25.1,12.3,0.0,59.5,2114.0,1802.0,3442.0,0.0,0.0,0.0,0.0,22.0,9.0,0.31,0.0,0.0,0.0,0.0,0.0,110.0,403.0,7.13,carga4,exp_12
2026-09-07 07:00:53,24.4,13.2,0.0,58.7,2086.0,1830.0,3445.0,0.0,19957.0,0.0,0.0,22.0,9.0,0.3,0.0,0.0,0.0,0.0,0.0,209.0,403.0,7.13,carga4,exp_12
2026-09-07 07:00:56,24.2,12.6,0.0,59.8,2091.0,1825.0,3449.0,0.0,11318031.0,0.0,0.0,22.0,9.0,0.0,0.0,0.0,0.0,0.0,0.0,49.0,403.0,6.96,carga4,exp_12
2026-09-07 07:00:59,23.5,14.4,0.1,58.9,2087.0,1829.0,3454.0,8487.0,2524159.0,0.0,0.0,22.0,9.0,0.0,0.0,0.0,0.0,0.0,0.0,95.0,403.0,6.48,carga4,exp_12
2026-09-07 07:01:03,25.2,14.0,0.1,57.3,2092.0,1824.0,3457.0,0.0,9659.0,0.0,0.0,22.0,9.0,0.26,0.0,0.0,0.0,0.0,0.0,108.0,403.0,6.48,carga4,exp_12
2026-09-07 07:01:07,23.7,13.1,0.0,59.6,2061.0,1856.0,3460.0,0.0,1242.0,0.0,0.0,22.0,9.0,0.0,0.0,0.0,677.0,677.0,4.0,96.0,403.0,5.96,carga4,exp_12
2026-09-07 07:01:10,23.1,13.1,0.0,60.2,2062.0,1854.0,3464.0,0.0,31089.0,0.0,0.0,22.0,9.0,0.0,0.0,0.0,4500.0,4500.0,4.0,43.0,403.0,5.96,carga4,exp_12
2026-09-07 07:01:14,22.8,13.0,0.0,60.9,2061.0,1855.0,3467.0,10155.0,93930.0,0.0,0.0,22.0,9.0,0.31,0.0,0.0,0.0,0.0,0.0,95.0,403.0,5.81,carga4,exp_12
2026-09-07 07:01:17,25.9,12.8,0.0,58.6,2053.0,1863.0,3470.0,0.0,5184.0,0.0,0.0,22.0,9.0,0.0,0.0,0.0,0.0,0.0,0.0,25.0,403.0,5.81,carga4,exp_12
2026-09-07 07:01:20,23.1,10.7,0.0,62.7,2049.0,1867.0,3474.0,0.0,37011.0,0.0,0.0,22.0,9.0,0.0,0.0,0.0,0.0,0.0,0.0,85.0,403.0,5.5,carga4,exp_12
2026-09-07 07:01:23,24.0,11.3,0.0,61.2,2053.0,1863.0,3478.0,0.0,17105.0,0.0,0.0,22.0,9.0,0.0,0.0,0.0,0.0,0.0,0.0,178.0,403.0,5.5,carga4,exp_12
2026-09-07 07:01:27,25.2,12.2,0.0,59.2,2061.0,1855.0,3481.0,0.0,1229.0,0.0,0.0,22.0,9.0,0.3,0.0,0.0,0.0,0.0,0.0,92.0,403.0,5.78,carga4,exp_12
2026-09-07 07:01:30,23.1,12.0,0.0,61.7,2062.0,1854.0,3485.0,0.0,2977488.0,0.0,0.0,22.0,9.0,0.0,0.0,0.0,0.0,0.0,0.0,76.0,403.0,5.72,carga4,exp_12
2026-09-07 07:01:33,24.5,12.9,0.1,59.5,2048.0,1868.0,3488.0,0.0,26397.0,0.0,0.0,22.0,9.0,0.97,0.0,0.0,0.0,0.0,0.0,49.0,403.0,5.72,carga4,exp_12
2026-09-07 07:01:37,24.5,13.3,0.0,59.1,2047.0,1869.0,3491.0,0.0,1500356.0,0.0,0.0,22.0,9.0,0.29,0.0,0.0,0.0,0.0,0.0,88.0,403.0,5.66,carga4,exp_12
2026-09-07 07:01:40,24.6,16.7,0.0,55.5,2046.0,1870.0,3494.0,0.0,45170.0,0.0,0.0,22.0,9.0,0.34,0.0,0.0,0.0,0.0,0.0,99.0,403.0,5.53,carga4,exp_12
2026-09-07 07:01:43,24.8,14.5,0.0,58.0,2046.0,1870.0,3499.0,0.0,97322.0,0.0,0.0,22.0,9.0,0.0,0.0,0.0,0.0,0.0,0.0,68.0,403.0,5.53,carga4,exp_12
2026-09-07 07:01:46,24.1,16.3,0.0,56.6,2046.0,1870.0,3502.0,0.0,4058.0,0.0,0.0,22.0,9.0,0.0,0.0,0.0,0.0,0.0,0.0,62.0,403.0,5.32,carga4,exp_12
2026-09-07 07:01:50,22.3,14.7,0.1,59.4,2043.0,1873.0,3505.0,53723.0,20295.0,0.0,0.0,22.0,9.0,0.29,0.0,0.0,0.0,0.0,0.0,44.0,403.0,5.14,carga4,exp_12
2026-09-07 07:01:53,25.9,12.9,0.1,58.5,2045.0,1872.0,3508.0,0.0,38455.0,0.0,0.0,22.0,9.0,0.0,0.0,0.0,0.0,0.0,0.0,78.0,403.0,5.14,carga4,exp_12
2026-09-07 07:01:56,23.8,13.2,0.0,59.8,2044.0,1873.0,3511.0,0.0,0.0,0.0,0.0,22.0,9.0,0.0,0.0,0.0,0.0,0.0,0.0,149.0,403.0,4.81,carga4,exp_12
2026-09-07 07:01:59,25.9,13.1,0.0,57.8,2044.0,1872.0,3514.0,0.0,14000.0,0.0,0.0,22.0,9.0,0.34,0.0,0.0,0.0,0.0,0.0,176.0,403.0,4.5,carga4,exp_12
2026-09-07 07:02:02,24.8,13.1,0.0,58.9,2042.0,1874.0,3517.0,0.0,394730.0,0.0,0.0,22.0,9.0,0.0,0.0,0.0,0.0,0.0,0.0,127.0,403.0,4.5,carga4,exp_12
2026-09-07 07:02:06,23.7,17.4,0.0,55.3,2042.0,1874.0,3522.0,0.0,3505798.0,0.0,0.0,22.0,9.0,0.0,0.0,0.0,0.0,0.0,0.0,170.0,403.0,4.3,carga4,exp_12
2026-09-07 07:02:10,21.5,17.4,0.1,56.8,2027.0,1889.0,3528.0,0.0,63131.0,0.0,0.0,23.0,9.0,0.2,0.0,0.0,0.0,0.0,0.0,183.0,403.0,4.44,carga4,exp_12
2026-09-07 07:02:16,25.6,16.3,0.0,54.7,2023.0,1893.0,3532.0,0.0,22492.0,0.0,0.0,22.0,9.0,0.0,0.0,0.0,0.0,0.0,0.0,72.0,403.0,4.88,carga4,exp_12
2026-09-07 07:02:19,26.9,10.6,0.1,59.3,2023.0,1893.0,3535.0,47440.0,29819.0,0.0,0.0,22.0,9.0,0.0,0.0,0.0,0.0,0.0,0.0,47.0,403.0,4.89,carga4,exp_12
2026-09-07 07:02:22,24.8,12.1,0.0,59.4,2039.0,1878.0,3538.0,0.0,1301.0,0.0,0.0,22.0,9.0,0.32,0.0,0.0,0.0,0.0,0.0,37.0,403.0,4.89,carga4,exp_12
2026-09-07 07:02:25,22.9,11.3,0.0,62.3,2036.0,1880.0,3542.0,0.0,33020.0,0.0,0.0,22.0,9.0,0.0,0.0,0.0,0.0,0.0,0.0,63.0,403.0,4.82,carga4,exp_12
2026-09-07 07:02:29,24.3,11.9,1.0,59.5,2038.0,1878.0,3546.0,0.0,16845.0,0.0,0.0,22.0,9.0,0.0,0.0,0.0,0.0,0.0,0.0,72.0,403.0,5.0,carga4,exp_12
2026-09-07 07:02:32,25.4,12.0,0.0,59.6,2021.0,1896.0,3549.0,0.0,1418.0,0.0,0.0,22.0,9.0,1.39,0.0,0.0,0.0,0.0,0.0,131.0,403.0,5.0,carga4,exp_12
2026-09-07 07:02:34,23.2,10.6,0.0,62.7,2021.0,1896.0,3551.0,0.0,40031.0,0.0,0.0,22.0,9.0,0.0,0.0,0.0,0.0,0.0,0.0,73.0,403.0,4.92,carga4,exp_12
2026-09-07 07:02:37,25.1,13.0,0.1,58.8,2028.0,1888.0,3554.0,30653.0,5911465.0,0.0,0.0,22.0,9.0,0.37,0.0,0.0,0.0,0.0,0.0,121.0,403.0,4.92,carga4,exp_12
2026-09-07 07:02:40,24.0,11.0,0.0,61.6,2027.0,1889.0,3558.0,0.0,131573.0,0.0,0.0,22.0,9.0,0.0,0.0,0.0,0.0,0.0,0.0,65.0,403.0,4.68,carga4,exp_12
2026-09-07 07:02:44,24.6,12.1,0.1,60.0,2026.0,1890.0,3561.0,0.0,2163083.0,0.0,0.0,22.0,9.0,0.3,0.0,0.0,0.0,0.0,0.0,58.0,403.0,4.55,carga4,exp_12
2026-09-07 07:02:47,22.4,14.0,0.0,60.1,2025.0,1891.0,3564.0,0.0,37989.0,0.0,0.0,22.0,9.0,0.0,0.0,0.0,0.0,0.0,0.0,58.0,403.0,4.55,carga4,exp_12
2026-09-07 07:02:51,23.5,15.5,0.0,58.1,2028.0,1888.0,3569.0,0.0,0.0,0.0,0.0,21.0,9.0,0.0,0.0,0.0,0.0,0.0,0.0,140.0,403.0,4.42,carga4,exp_12
2026-09-07 07:02:54,23.1,14.7,0.0,58.7,2023.0,1893.0,3572.0,0.0,29280.0,0.0,0.0,21.0,9.0,0.31,0.0,0.0,0.0,0.0,0.0,81.0,403.0,4.31,carga4,exp_12
2026-09-07 07:02:57,24.1,12.8,0.0,59.6,2031.0,1885.0,3575.0,0.0,0.0,0.0,0.0,21.0,9.0,0.0,0.0,0.0,0.0,0.0,0.0,56.0,403.0,4.31,carga4,exp_12
2026-09-07 07:03:00,22.2,12.5,0.0,61.6,2029.0,1887.0,3578.0,0.0,37879.0,0.0,0.0,21.0,9.0,0.0,0.0,0.0,0.0,0.0,0.0,74.0,403.0,3.96,carga4,exp_12
2026-09-07 07:03:04,24.4,13.0,0.0,59.4,2030.0,1887.0,3582.0,0.0,10170.0,0.0,0.0,21.0,9.0,0.28,0.0,0.0,0.0,0.0,0.0,84.0,403.0,3.73,carga4,exp_12
2026-09-07 07:03:08,22.4,15.4,0.0,58.8,2023.0,1893.0,3585.0,0.0,106552.0,0.0,0.0,22.0,9.0,0.28,0.0,0.0,0.0,0.0,0.0,64.0,403.0,3.73,carga4,exp_12
2026-09-07 07:03:11,23.3,17.5,0.0,56.0,2025.0,1892.0,3589.0,0.0,0.0,0.0,0.0,21.0,9.0,0.0,0.0,0.0,0.0,0.0,0.0,60.0,403.0,3.67,carga4,exp_12
2026-09-07 07:03:14,22.7,17.7,0.0,56.0,2022.0,1894.0,3593.0,0.0,5854652.0,0.0,0.0,21.0,9.0,0.0,0.0,0.0,0.0,0.0,0.0,82.0,403.0,3.61,carga4,exp_12
2026-09-07 07:03:17,24.0,16.5,0.0,56.9,2027.0,1889.0,3596.0,0.0,2419630.0,0.0,0.0,21.0,9.0,0.6,0.0,0.0,934.0,934.0,95.0,125.0,403.0,3.61,carga4,exp_12
2026-09-07 07:03:21,21.6,11.8,0.0,62.8,2025.0,1891.0,3599.0,28172.0,33806.0,0.0,0.0,21.0,9.0,0.0,0.0,0.0,5109.0,5109.0,95.0,100.0,403.0,3.65,carga4,exp_12
2026-09-07 07:03:24,25.1,11.9,0.1,59.5,2029.0,1887.0,3603.0,0.0,23633.0,0.0,0.0,21.0,9.0,0.0,0.0,0.0,0.0,0.0,0.0,39.0,403.0,3.75,carga4,exp_12
2026-09-07 07:03:27,24.2,10.9,0.0,61.8,2024.0,1892.0,3606.0,0.0,41388.0,0.0,0.0,28.0,16.0,0.32,0.0,0.0,0.0,0.0,0.0,124.0,403.0,3.75,carga4,exp_12
2026-09-07 07:03:31,25.8,11.7,0.0,59.4,2032.0,1884.0,3610.0,0.0,55288.0,0.0,0.0,29.0,17.0,4.68,0.0,0.0,0.0,0.0,0.0,44.0,403.0,3.53,carga4,exp_12
2026-09-07 07:03:34,27.5,11.2,0.1,58.2,1997.0,1919.0,3614.0,0.0,27976.0,0.0,0.0,29.0,17.0,0.0,0.0,0.0,0.0,0.0,0.0,94.0,403.0,3.41,carga4,exp_12
2026-09-07 07:03:37,24.3,11.9,0.3,60.3,2005.0,1911.0,3617.0,0.0,5347279.0,0.0,0.0,29.0,16.0,0.31,0.0,0.0,0.0,0.0,0.0,195.0,403.0,3.41,carga4,exp_12
2026-09-07 07:03:41,24.8,12.7,0.0,59.6,1997.0,1919.0,3620.0,0.0,1361.0,0.0,0.0,29.0,16.0,0.0,0.0,0.0,0.0,0.0,0.0,61.0,403.0,3.46,carga4,exp_12
2026-09-07 07:03:43,23.3,9.8,0.1,63.2,1997.0,1919.0,3623.0,0.0,39534.0,0.0,0.0,29.0,16.0,0.0,0.0,0.0,0.0,0.0,0.0,115.0,403.0,3.46,carga4,exp_12
2026-09-07 07:03:47,27.1,12.8,0.0,56.3,2001.0,1915.0,3626.0,0.0,0.0,0.0,0.0,29.0,16.0,0.0,0.0,0.0,1023.0,1023.0,1.0,87.0,403.0,3.34,carga4,exp_12
2026-09-07 07:03:50,24.9,12.1,0.0,59.4,1997.0,1919.0,3629.0,0.0,4596544.0,0.0,0.0,29.0,16.0,0.33,0.0,0.0,0.0,0.0,0.0,39.0,403.0,3.39,carga4,exp_12
2026-09-07 07:03:53,25.7,15.4,0.0,55.7,2004.0,1912.0,3632.0,0.0,37604.0,0.0,0.0,29.0,16.0,0.0,0.0,0.0,3385.5,5473.0,86.0,72.0,403.0,3.39,carga4,exp_12
2026-09-07 07:03:56,23.8,16.3,0.0,56.7,2003.0,1913.0,3636.0,0.0,5384.0,0.0,0.0,30.0,16.0,0.0,0.0,0.0,5621.0,5621.0,85.0,70.0,403.0,3.12,carga4,exp_12
2026-09-07 07:03:59,24.1,14.4,0.1,58.3,2007.0,1909.0,3640.0,0.0,21439.0,0.0,0.0,29.0,16.0,0.35,0.0,0.0,0.0,0.0,0.0,85.0,403.0,3.19,carga4,exp_12
2026-09-07 07:04:02,25.5,12.8,0.0,58.8,2006.0,1910.0,3643.0,0.0,1206.0,0.0,0.0,29.0,16.0,0.0,0.0,0.0,0.0,0.0,0.0,90.0,403.0,3.19,carga4,exp_12
2026-09-07 07:04:05,24.5,13.0,0.0,59.2,2009.0,1907.0,3646.0,0.0,119439.0,0.0,0.0,29.0,16.0,0.0,0.0,0.0,0.0,0.0,0.0,26.0,403.0,3.26,carga4,exp_12
2026-09-07 07:04:09,22.8,14.4,0.1,59.0,2009.0,1907.0,3649.0,0.0,24870.0,0.0,0.0,29.0,16.0,0.0,0.0,0.0,1275.0,1275.0,0.0,147.0,403.0,3.26,carga4,exp_12
2026-09-07 07:04:12,23.2,16.2,0.0,57.4,2006.0,1910.0,3652.0,0.0,1294.0,0.0,0.0,29.0,16.0,0.32,0.0,0.0,0.0,0.0,0.0,110.0,403.0,3.32,carga4,exp_12
2026-09-07 07:04:15,22.7,20.6,0.0,53.6,2007.0,1909.0,3656.0,0.0,36241.0,0.0,0.0,29.0,16.0,0.0,0.0,0.0,5292.0,5292.0,0.0,54.0,403.0,3.37,carga4,exp_12
2026-09-07 07:04:18,22.0,15.6,0.0,59.2,2007.0,1909.0,3659.0,0.0,19846.0,0.0,0.0,29.0,16.0,0.0,0.0,0.0,0.0,0.0,0.0,46.0,403.0,3.37,carga4,exp_12
2026-09-07 07:04:21,24.8,17.4,0.0,54.8,2010.0,1907.0,3662.0,0.0,7664088.0,0.0,0.0,29.0,16.0,0.33,0.0,0.0,0.0,0.0,0.0,32.0,403.0,3.66,carga4,exp_12
2026-09-07 07:04:24,23.2,11.2,0.1,62.3,2005.0,1912.0,3666.0,0.0,402588.0,0.0,0.0,29.0,16.0,0.0,0.0,0.0,0.0,0.0,0.0,74.0,403.0,3.53,carga4,exp_12
2026-09-07 07:04:28,25.8,12.4,0.0,59.1,2008.0,1908.0,3669.0,0.0,21999.0,0.0,0.0,29.0,16.0,0.95,0.0,0.0,794.0,794.0,10.0,83.0,403.0,3.53,carga4,exp_12
2026-09-07 07:04:31,23.3,10.9,0.0,62.5,2007.0,1909.0,3672.0,0.0,0.0,0.0,0.0,29.0,16.0,0.0,0.0,0.0,5544.0,5544.0,10.0,74.0,403.0,3.49,carga4,exp_12
2026-09-07 07:04:34,24.9,12.9,0.0,59.1,2011.0,1905.0,3675.0,0.0,114314.0,0.0,0.0,29.0,16.0,0.31,0.0,0.0,0.0,0.0,0.0,48.0,403.0,3.37,carga4,exp_12
2026-09-07 07:04:38,24.4,11.3,0.0,61.0,2003.0,1913.0,3679.0,0.0,40863.0,0.0,0.0,28.0,16.0,0.28,0.0,0.0,1518.0,1518.0,103.0,108.0,403.0,3.37,carga4,exp_12
2026-09-07 07:04:41,25.2,11.1,0.0,60.2,2006.0,1910.0,3683.0,0.0,0.0,0.0,0.0,29.0,16.0,0.0,0.0,0.0,5625.0,5625.0,103.0,67.0,403.0,3.26,carga4,exp_12
2026-09-07 07:04:44,24.4,11.0,0.1,60.9,2001.0,1915.0,3686.0,0.0,20420.0,0.0,0.0,29.0,16.0,0.31,0.0,0.0,0.0,0.0,0.0,112.0,403.0,3.0,carga4,exp_12
2026-09-07 07:04:47,23.9,13.3,0.0,59.3,2007.0,1909.0,3689.0,0.0,36703.0,0.0,0.0,29.0,17.0,0.0,0.0,0.0,0.0,0.0,0.0,84.0,403.0,3.0,carga4,exp_12
2026-09-07 07:04:51,23.1,12.1,0.6,60.4,2006.0,1910.0,3693.0,0.0,8789459.0,0.0,0.0,29.0,16.0,0.0,0.0,0.0,0.0,0.0,0.0,31.0,403.0,3.16,carga4,exp_12
2026-09-07 07:04:53,25.5,11.0,0.1,59.8,2006.0,1910.0,3695.0,0.0,45361.0,0.0,0.0,29.0,16.0,0.0,0.0,0.0,0.0,0.0,0.0,91.0,403.0,3.16,carga4,exp_12
2026-09-07 07:04:56,25.2,14.2,0.0,57.7,1996.0,1920.0,3699.0,0.0,4869.0,0.0,0.0,29.0,16.0,0.3,0.0,0.0,0.0,0.0,0.0,39.0,403.0,3.39,carga4,exp_12
2026-09-07 07:05:00,22.8,17.0,0.1,56.9,1996.0,1920.0,3702.0,0.0,99387.0,0.0,0.0,29.0,16.0,0.0,0.0,0.0,0.0,0.0,0.0,86.0,403.0,3.27,carga4,exp_12
2026-09-07 07:05:02,26.4,14.9,0.1,55.4,2006.0,1910.0,3705.0,0.0,485535.0,0.0,0.0,29.0,16.0,0.0,0.0,0.0,0.0,0.0,0.0,78.0,403.0,3.27,carga4,exp_12
2026-09-07 07:05:05,24.4,11.4,0.0,60.3,2010.0,1906.0,3708.0,0.0,80190.0,0.0,0.0,29.0,16.0,0.31,0.0,0.0,0.0,0.0,0.0,89.0,403.0,3.41,carga4,exp_12
2026-09-07 07:05:09,26.9,24.9,1.0,44.7,2017.0,1899.0,3712.0,24140227.709999837,57366.0,0.0,0.0,29.0,17.0,0.0,0.0,0.0,0.0,0.0,0.0,27.0,403.0,3.41,carga4,exp_12
2026-09-07 07:05:12,22.6,36.4,0.1,38.3,1973.0,1943.0,3714.0,24140227.709999837,5591430.0,0.0,0.0,29.0,16.0,0.33,0.0,0.0,302.0,302.0,123.0,46.0,403.0,3.54,carga4,exp_12
2026-09-07 07:05:15,22.8,29.9,0.1,44.7,1969.0,1948.0,3718.0,24140227.709999837,770192.0,0.0,0.0,29.0,16.0,0.0,0.0,0.0,4603.0,4603.0,123.0,61.0,403.0,3.74,carga4,exp_12
2026-09-07 07:05:19,25.0,22.5,0.0,48.9,1971.0,1945.0,3721.0,1009251.0,876515.0,0.0,0.0,29.0,16.0,0.28,0.0,0.0,0.0,0.0,0.0,87.0,403.0,3.76,carga4,exp_12
2026-09-07 07:05:22,24.3,14.5,0.0,57.6,1972.0,1944.0,3726.0,2419.0,8499325.0,0.0,0.0,29.0,16.0,0.0,0.0,0.0,0.0,0.0,0.0,47.0,403.0,3.76,carga4,exp_12
2026-09-07 07:05:25,25.4,18.3,0.0,53.2,1975.0,1941.0,3729.0,87607.0,1327.0,0.0,0.0,29.0,16.0,0.97,0.0,0.0,0.0,0.0,0.0,97.0,403.0,3.7,carga4,exp_12
2026-09-07 07:05:28,23.4,14.0,0.1,59.4,1964.0,1952.0,3732.0,122189.0,710796.0,0.0,0.0,29.0,16.0,0.32,0.0,0.0,0.0,0.0,0.0,84.0,403.0,3.7,carga4,exp_12
2026-09-07 07:05:32,24.7,13.9,0.0,58.2,1975.0,1941.0,3736.0,0.0,33925.0,0.0,0.0,29.0,16.0,0.0,0.0,0.0,0.0,0.0,0.0,60.0,403.0,3.64,carga4,exp_12
2026-09-07 07:05:35,25.3,13.3,0.0,58.4,1974.0,1942.0,3738.0,0.0,127539.0,0.0,0.0,29.0,16.0,0.0,0.0,0.0,0.0,0.0,0.0,84.0,403.0,3.51,carga4,exp_12
2026-09-07 07:05:38,25.6,13.1,0.0,58.3,1977.0,1939.0,3741.0,1313.0,434523.0,0.0,0.0,29.0,16.0,0.32,0.0,0.0,0.0,0.0,0.0,27.0,403.0,3.51,carga4,exp_12
2026-09-07 07:05:41,25.4,13.2,0.0,57.7,1975.0,1942.0,3744.0,228052.0,1408.0,0.0,0.0,29.0,16.0,0.0,0.0,0.0,0.0,0.0,0.0,123.0,403.0,3.71,carga4,exp_12
2026-09-07 07:05:44,24.8,12.7,0.0,58.9,1979.0,1937.0,3749.0,0.0,41604.0,0.0,0.0,29.0,16.0,0.0,0.0,0.0,0.0,0.0,0.0,37.0,403.0,3.65,carga4,exp_12
2026-09-07 07:05:47,24.7,11.3,0.1,60.5,1980.0,1936.0,3751.0,0.0,20905.0,0.0,0.0,29.0,16.0,0.0,0.0,0.0,0.0,0.0,0.0,37.0,403.0,3.65,carga4,exp_12
2026-09-07 07:05:50,25.7,11.8,0.0,59.4,1984.0,1932.0,3754.0,0.0,1378.0,0.0,0.0,29.0,16.0,0.34,0.0,0.0,0.0,0.0,0.0,73.0,403.0,3.6,carga4,exp_12
2026-09-07 07:05:53,24.3,13.6,0.0,58.8,1985.0,1931.0,3757.0,0.0,10961993.0,0.0,0.0,29.0,16.0,0.0,0.0,0.0,0.0,0.0,0.0,41.0,403.0,3.6,carga4,exp_12
2026-09-07 07:05:56,22.5,10.9,0.0,62.9,1984.0,1932.0,3760.0,0.0,0.0,0.0,0.0,29.0,16.0,0.0,0.0,0.0,0.0,0.0,0.0,87.0,403.0,3.87,carga4,exp_12
2026-09-07 07:05:59,28.1,13.9,0.0,55.0,1981.0,1935.0,3764.0,0.0,25397.0,0.0,0.0,29.0,16.0,0.0,0.0,0.0,0.0,0.0,0.0,80.0,403.0,4.04,carga4,exp_12
2026-09-07 07:06:02,24.6,16.3,0.1,55.8,1976.0,1940.0,3766.0,122632.0,132277.0,0.0,0.0,29.0,16.0,0.34,0.0,0.0,0.0,0.0,0.0,43.0,403.0,4.04,carga4,exp_12
2026-09-07 07:06:05,25.5,13.3,0.0,57.9,1980.0,1936.0,3770.0,744968.0,0.0,0.0,0.0,29.0,17.0,0.0,0.0,0.0,0.0,0.0,0.0,57.0,403.0,4.44,carga4,exp_12
2026-09-11 10:39:17,25.6,27.6,0.0,43.2,15177.0,986.0,6873.0,4100228.0,128132.0,0.0,9.8,25.0,9.0,89.09,0.0,0.0,0.0,0.0,0.0,2181.0,403.0,0.0,carga5,exp_13
2026-09-11 10:39:25,20.1,23.2,0.0,53.6,15175.0,988.0,6878.0,17849341.0,528465.0,0.0,8.25,27.0,9.0,125.64,0.0,0.0,0.0,0.0,0.0,24.0,403.0,0.0,carga5,exp_13
2026-09-11 10:39:30,21.3,28.0,0.0,48.4,15197.0,967.0,6884.0,611503.0,858541.0,0.0,16.6,27.0,10.0,156.99,0.0,0.0,0.0,0.0,0.0,29.0,403.0,0.0,carga5,exp_13
2026-09-11 10:39:35,23.2,26.5,0.0,47.9,15233.0,931.0,6889.0,1220151.0,741804.0,0.0,18.0,27.0,10.0,139.14,0.0,0.0,0.0,0.0,0.0,20.0,403.0,0.0,carga5,exp_13
2026-09-11 10:39:40,19.3,19.5,0.0,59.1,15246.0,918.0,6894.0,1804134.0,365605.0,0.0,5.6,34.0,15.0,50.67,0.0,0.0,0.0,0.0,0.0,17.0,403.0,0.0,carga5,exp_13
2026-09-11 10:39:46,17.1,13.8,0.0,67.0,15096.0,1068.0,6899.0,1263898.0,228098.0,0.0,0.0,35.0,17.0,1.35,0.0,0.0,0.0,0.0,0.0,32.0,403.0,0.0,carga5,exp_13
2026-09-11 10:39:51,14.7,17.0,0.0,66.5,14762.0,1401.0,6904.0,1108685.0,34935593.4500001,0.0,0.0,34.0,15.0,1.36,0.0,0.0,0.0,0.0,0.0,33.0,403.0,0.0,carga5,exp_13
2026-09-11 10:39:56,13.9,15.7,0.0,68.7,14760.0,1404.0,6910.0,739711.0,296855.0,0.0,8.4,34.0,10.0,86.42,0.0,0.0,0.0,0.0,0.0,25.0,403.0,0.0,carga5,exp_13
2026-09-11 10:40:01,14.7,20.9,0.0,62.4,14739.0,1424.0,6915.0,722277.0,640282.0,0.0,18.2,35.0,11.0,146.83,0.0,0.0,0.0,0.0,0.0,27.0,403.0,0.0,carga5,exp_13
2026-09-11 10:40:06,15.3,21.0,0.0,61.8,14824.0,1339.0,6920.0,773947.0,796118.0,0.0,16.8,34.0,9.0,165.39,0.0,0.0,0.0,0.0,0.0,24.0,403.0,0.0,carga5,exp_13
2026-09-11 10:40:12,14.4,20.9,0.0,62.6,14820.0,1343.0,6925.0,2770440.0,591776.0,0.0,11.166666666666666,38.0,17.0,108.1,0.0,0.0,0.0,0.0,0.0,21.0,403.0,0.0,carga5,exp_13
2026-09-11 10:40:17,18.5,18.9,0.0,60.3,14825.0,1338.0,6930.0,3613012.0,6032918.0,0.0,0.0,38.0,17.0,0.96,0.0,0.0,0.0,0.0,0.0,26.0,403.0,0.0,carga5,exp_13
2026-09-11 10:40:22,17.4,17.7,0.0,62.6,14795.0,1369.0,6936.0,4201843.0,600122.0,0.0,0.2,38.0,18.0,3.47,0.0,0.0,0.0,0.0,0.0,30.0,403.0,0.0,carga5,exp_13
2026-09-11 10:40:27,14.8,19.7,0.0,63.3,14863.0,1300.0,6941.0,7629210.0,1082649.0,0.0,1.2,38.0,12.0,9.61,0.0,0.0,0.0,0.0,0.0,20.0,403.0,0.0,carga5,exp_13
2026-09-11 10:40:33,13.3,24.6,0.0,59.5,14895.0,1269.0,6946.0,2765833.0,1032057.0,0.0,13.0,38.0,11.0,176.46,0.0,0.0,0.0,0.0,0.0,26.0,403.0,0.0,carga5,exp_13
2026-09-11 10:40:38,15.1,25.6,0.0,56.4,14959.0,1204.0,6951.0,6627315.0,578457.0,0.0,16.8,37.0,9.0,166.61,0.0,0.0,0.0,0.0,0.0,21.0,403.0,0.08,carga5,exp_13
2026-09-11 10:40:43,21.5,27.2,0.0,48.9,14988.0,1176.0,6956.0,3806025.0,883871.0,0.0,16.0,37.0,10.0,168.68,0.0,0.0,0.0,0.0,0.0,21.0,403.0,0.07,carga5,exp_13
2026-09-11 10:40:48,23.9,41.2,0.0,32.8,15060.0,1104.0,6961.0,4364535.0,1444686.0,0.0,2.0,37.0,15.0,17.34,0.0,0.0,0.0,0.0,0.0,19.0,403.0,0.07,carga5,exp_13
2026-09-11 10:40:53,21.3,42.4,0.0,35.0,15034.0,1130.0,6967.0,7840385.0,376737.0,0.0,0.0,37.0,15.0,3.27,0.0,0.0,0.0,0.0,0.0,26.0,403.0,0.14,carga5,exp_13
2026-09-11 10:40:59,23.6,42.9,0.0,31.8,15029.0,1134.0,6972.0,2220311.0,447837.0,0.0,0.0,35.0,17.0,0.77,0.0,0.0,0.0,0.0,0.0,24.0,403.0,0.13,carga5,exp_13
2026-09-11 10:41:04,16.4,31.9,0.0,49.6,15032.0,1132.0,6978.0,1739234.0,808731.0,0.0,9.8,35.0,10.0,89.09,0.0,0.0,0.0,0.0,0.0,19.0,403.0,0.12,carga5,exp_13
2026-09-11 10:41:09,15.4,22.1,0.0,60.1,14966.0,1198.0,6983.0,1271669.0,663398.0,0.0,17.8,35.0,10.0,162.08,0.0,0.0,0.0,0.0,0.0,17.0,403.0,0.11,carga5,exp_13
2026-09-11 10:41:14,16.4,26.2,0.0,54.6,14950.0,1213.0,6988.0,404597.0,690142.0,0.0,17.2,36.0,11.0,138.51,0.0,0.0,0.0,0.0,0.0,30.0,403.0,0.18,carga5,exp_13
2026-09-11 10:41:19,25.0,37.2,0.0,35.3,15023.0,1140.0,6994.0,18097527.4,899303.0,0.0,11.8,39.0,10.0,82.74,0.0,0.0,0.0,0.0,0.0,24.0,403.0,0.17,carga5,exp_13
2026-09-11 10:41:25,30.1,54.1,0.0,12.9,15080.0,1084.0,6999.0,11919085.0,627904.0,0.0,4.833333333333333,39.0,10.0,0.73,0.0,0.0,0.0,0.0,0.0,24.0,403.0,0.62,carga5,exp_13
2026-09-11 10:41:31,25.6,55.1,0.0,16.4,15000.0,1163.0,7006.0,2534880.0,865537.0,0.0,5.666666666666667,40.0,12.0,0.47,0.0,0.0,0.0,0.0,0.0,23.0,403.0,0.57,carga5,exp_13
2026-09-11 10:41:38,18.3,34.2,0.0,45.3,15031.0,1132.0,7012.0,8178612.0,1767434.0,36.63857142857135,22.776857142857136,37.0,11.0,100.03,0.0,0.0,0.0,0.0,0.0,18.0,403.0,0.53,carga5,exp_13
2026-09-11 10:41:43,14.3,22.4,0.0,61.0,15035.0,1128.0,7017.0,1841256.0,703225.0,0.0,17.4,36.0,10.0,152.8,0.0,0.0,0.0,0.0,0.0,24.0,403.0,0.48,carga5,exp_13
2026-09-11 10:41:48,19.1,25.7,0.0,52.9,15198.0,965.0,7022.0,3490059.0,880141.0,0.0,15.6,36.0,9.0,174.67,0.0,0.0,0.0,0.0,0.0,27.0,403.0,0.61,carga5,exp_13
2026-09-11 10:41:54,19.3,44.8,0.0,32.8,15141.0,1023.0,7027.0,1324718.0,412712.0,0.0,5.166666666666667,37.0,15.0,53.87,0.0,0.0,0.0,0.0,0.0,20.0,403.0,0.56,carga5,exp_13
2026-09-11 10:41:59,28.8,53.8,0.0,14.1,15130.0,1033.0,7033.0,6725742.0,365519.0,0.0,0.0,37.0,13.0,0.73,0.0,0.0,0.0,0.0,0.0,28.0,403.0,1.2925000000000004,carga5,exp_13
2026-09-11 10:42:04,19.9,49.4,0.0,27.7,15082.0,1081.0,7038.0,1293135.0,155607.0,0.0,0.0,37.0,13.0,0.96,0.0,0.0,0.0,0.0,0.0,22.0,403.0,1.21,carga5,exp_13
2026-09-11 10:42:09,15.3,30.4,0.0,52.5,15072.0,1091.0,7043.0,1256540.0,718925.0,0.0,15.4,38.0,11.0,136.6,0.0,0.0,0.0,0.0,0.0,17.0,403.0,1.11,carga5,exp_13
2026-09-11 10:42:15,16.2,20.9,0.0,61.4,15035.0,1128.0,7048.0,543149.0,602365.0,0.0,14.5,36.0,11.0,150.08,0.0,0.0,0.0,0.0,0.0,21.0,403.0,1.02,carga5,exp_13
2026-09-11 10:42:20,16.0,20.9,0.0,61.3,15010.0,1153.0,7053.0,395943.0,570415.0,0.0,17.0,36.0,10.0,147.81,0.0,0.0,0.0,0.0,0.0,28.0,403.0,1.02,carga5,exp_13
2026-09-11 10:42:25,17.0,19.0,0.0,62.5,14956.0,1208.0,7059.0,652980.0,374441.0,0.0,4.8,24.0,10.0,48.13,0.0,0.0,0.0,0.0,0.0,15.0,403.0,0.94,carga5,exp_13
2026-09-11 03:03:22,21.8,25.7,0.0,50.5,15450.0,713.0,52.0,27106315.540000003,56406.0,0.0,76.3,37.0,22.0,988.75,0.0,0.0,0.0,0.0,0.0,924.0,403.0,0.0,carga7,exp_14
2026-09-11 03:03:28,15.6,30.8,0.0,51.9,15540.0,623.0,58.0,20294880.0,1428062.0,6.099999999999994,43.833333333333336,48.0,27.0,477.6,0.0,0.0,0.0,0.0,0.0,13.0,403.0,0.0,carga7,exp_14
2026-09-11 03:03:33,12.1,44.4,0.0,40.9,15583.0,581.0,63.0,1847498.0,2332308.0,0.0,99.949,49.0,27.0,1090.01,0.0,0.0,0.0,0.0,0.0,12.0,403.0,0.0,carga7,exp_14
2026-09-11 03:03:38,11.4,45.0,0.0,41.0,15623.0,541.0,68.0,1423153.0,3987766.05,0.0,99.4,48.0,25.0,1080.68,0.0,0.0,0.0,0.0,0.0,35.0,403.0,0.0,carga7,exp_14
2026-09-11 03:03:44,11.1,47.2,0.0,38.2,15602.0,561.0,73.0,5061337.0,2336433.0,0.0,84.83333333333333,48.0,29.0,1041.62,0.0,0.0,0.0,0.0,0.0,21.0,403.0,0.08,carga7,exp_14
2026-09-11 03:03:49,11.1,47.9,0.0,38.2,15621.0,542.0,78.0,3983561.0,2288324.0,0.0,95.0,48.0,29.0,1012.77,0.0,0.0,0.0,0.0,0.0,18.0,403.0,0.07,carga7,exp_14
2026-09-11 03:03:54,9.1,44.9,0.0,43.7,15536.0,627.0,84.0,7965640.0,2060544.0,0.0,85.2,48.0,29.0,1045.74,0.0,0.0,0.0,0.0,0.0,25.0,403.0,0.07,carga7,exp_14
2026-09-11 03:03:59,12.7,48.2,0.0,37.1,15625.0,538.0,89.0,8026729.0,2190479.0,0.0,87.8,48.0,27.0,1032.16,0.0,0.0,0.0,0.0,0.0,18.0,403.0,0.06,carga7,exp_14
2026-09-11 03:04:05,9.3,43.9,0.0,44.6,15598.0,565.0,94.0,2209957.0,2452444.0,0.0,85.66666666666667,48.0,31.0,1011.76,0.0,0.0,0.0,0.0,0.0,23.0,403.0,0.06,carga7,exp_14
2026-09-11 03:04:10,12.9,46.1,0.0,38.8,15638.0,525.0,99.0,2218350.0,2555831.0,0.0,85.8,48.0,27.0,969.11,0.0,0.0,0.0,0.0,0.0,19.0,403.0,0.05,carga7,exp_14
2026-09-11 03:04:15,14.2,49.6,0.0,33.2,15632.0,531.0,104.0,4888530.0,1988430.0,0.0,72.8,48.0,29.0,993.1,0.0,0.0,0.0,0.0,0.0,22.0,403.0,0.05,carga7,exp_14
2026-09-11 03:04:20,12.2,46.0,0.0,39.4,15628.0,535.0,110.0,3988373.0,1966169.0,0.0,71.6,48.0,26.0,984.4,0.0,0.0,0.0,0.0,0.0,13.0,403.0,0.04,carga7,exp_14
2026-09-11 03:04:26,12.0,46.8,0.0,38.5,15692.0,471.0,116.0,1913111.0,1904488.0,0.0,58.5,48.0,29.0,865.16,0.0,0.0,0.0,0.0,0.0,14.0,403.0,0.04,carga7,exp_14
2026-09-11 03:04:31,9.0,45.4,0.0,43.1,15671.0,493.0,121.0,2184730.0,1985226.0,0.0,70.4,48.0,27.0,984.2,0.0,0.0,0.0,0.0,0.0,19.0,403.0,0.04,carga7,exp_14
2026-09-11 03:04:36,12.1,47.2,0.0,38.1,15669.0,494.0,126.0,2670975.0,1789975.0,0.0,64.4,48.0,30.0,924.6,0.0,0.0,0.0,0.0,0.0,22.0,403.0,0.19,carga7,exp_14
2026-09-11 03:04:42,12.1,46.2,0.0,38.9,15661.0,502.0,132.0,741870.0,2118690.0,0.0,55.333333333333336,47.0,28.0,874.45,0.0,0.0,0.0,0.0,0.0,20.0,403.0,0.18,carga7,exp_14
2026-09-11 03:04:47,9.4,44.7,0.0,43.4,15661.0,502.0,137.0,1980364.0,2092351.0,0.0,69.4,46.0,27.0,958.02,0.0,0.0,0.0,0.0,0.0,16.0,403.0,0.16,carga7,exp_14
2026-09-11 03:04:52,9.9,41.9,0.0,46.3,15588.0,575.0,142.0,915039.0,2078529.0,0.0,79.8,46.0,28.0,1032.2,0.0,0.0,0.0,0.0,0.0,18.0,403.0,0.15,carga7,exp_14
2026-09-11 03:04:57,9.4,35.9,0.0,52.6,15549.0,615.0,147.0,1094707.0,1612211.0,0.0,52.8,36.0,23.0,712.38,0.0,0.0,0.0,0.0,0.0,16.0,403.0,0.2173,carga7,exp_14
2026-09-23 11:25:29,16.0,16.6,0.0,66.6,14831.0,1316.0,1545.0,0.0,4408473.0,0.0,57.0,15.0,11.0,908.69,0.0,0.0,0.0,0.0,0.0,0.0,0.0,0.0,normal_alta_01,exp_15
2026-09-23 11:25:34,10.8,24.8,0.0,63.2,14793.0,1355.0,1550.0,325838.0,616986.0,0.0,30.2,35.0,23.0,429.57,0.0,0.0,0.0,0.0,0.0,0.0,0.0,0.0,normal_alta_01,exp_15
2026-09-23 11:25:40,10.3,47.2,0.0,41.1,14696.0,1451.0,1556.0,604641.0,1395413.0,0.0,57.16666666666666,34.0,27.0,873.48,0.0,0.0,0.0,0.0,0.0,4629.0,0.0,0.0,normal_alta_01,exp_15
2026-09-23 11:25:46,9.1,48.1,0.0,41.4,14709.0,1439.0,1561.0,31000.0,2234738.0,0.0,60.0,35.0,24.0,913.91,0.0,0.0,0.0,0.0,0.0,4629.0,0.0,0.0,normal_alta_01,exp_15
2026-09-23 11:25:51,10.3,46.7,0.0,41.5,14754.0,1394.0,1567.0,1158474.0,2835097.0,0.0,76.25999999999999,35.0,28.0,908.69,0.0,0.0,0.0,0.0,0.0,4043.0,0.0,0.08,normal_alta_01,exp_15
2026-09-23 11:25:57,9.3,47.4,0.0,41.6,14611.0,1537.0,1572.0,82537.0,1849355.0,0.0,60.333333333333336,34.0,24.0,942.35,0.0,0.0,0.0,0.0,0.0,4043.0,0.0,0.07,normal_alta_01,exp_15
2026-09-23 11:26:03,10.1,48.3,0.0,39.8,14689.0,1459.0,1578.0,862374.0,1557284.0,0.0,63.333333333333336,34.0,21.0,908.12,0.0,0.0,0.0,0.0,0.0,4043.0,0.0,0.07,normal_alta_01,exp_15
2026-09-23 11:26:08,9.4,47.2,0.0,41.7,14709.0,1438.0,1583.0,1266357.0,1635559.0,0.0,73.2,35.0,26.0,958.48,0.0,0.0,0.0,0.0,0.0,4048.0,0.0,0.06,normal_alta_01,exp_15
2026-09-23 11:26:14,7.5,46.0,0.0,44.2,14681.0,1466.0,1589.0,422998.0,1900217.0,0.0,54.333333333333336,34.0,24.0,869.41,0.0,0.0,0.0,0.0,0.0,4048.0,0.0,0.14,normal_alta_01,exp_15
2026-09-23 11:26:19,12.1,54.8,0.0,30.7,14695.0,1453.0,1594.0,227226.0,7449562.875000002,0.0,58.0,34.0,25.0,833.96,0.0,0.0,0.0,0.0,0.0,4059.0,0.0,0.13,normal_alta_01,exp_15
2026-09-23 11:26:24,13.4,52.4,0.0,31.8,14881.0,1266.0,1599.0,612261.0,1724696.0,0.0,62.4,35.0,23.0,814.2,0.0,0.0,0.0,0.0,0.0,4059.0,0.0,0.18,normal_alta_01,exp_15
2026-09-23 11:26:30,12.2,48.7,0.0,37.4,14798.0,1349.0,1605.0,252182.0,1676065.0,0.0,55.66666666666666,34.0,25.0,855.35,0.0,0.0,0.0,0.0,0.0,4086.0,0.0,0.17,normal_alta_01,exp_15
2026-09-23 11:26:36,12.3,51.1,0.0,34.3,14815.0,1333.0,1611.0,549765.0,1573908.0,0.0,54.5,34.0,26.0,884.53,0.0,0.0,0.0,0.0,0.0,4086.0,0.0,0.15,normal_alta_01,exp_15
2026-09-23 11:26:41,11.0,44.7,0.0,42.4,14603.0,1545.0,1616.0,8325.0,1429380.0,0.0,71.2,35.0,24.0,993.49,0.0,0.0,0.0,0.0,0.0,4086.0,0.0,0.14,normal_alta_01,exp_15
2026-09-23 11:26:47,9.0,46.8,0.0,42.7,14551.0,1596.0,1622.0,588013.0,1527699.0,0.0,59.16666666666666,33.0,20.0,871.95,0.0,0.0,0.0,0.0,0.0,4065.0,0.0,0.13,normal_alta_01,exp_15
2026-09-23 11:26:52,12.0,50.4,0.0,35.7,14601.0,1547.0,1627.0,538548.0,2267472.0,0.0,74.6,33.0,23.0,916.46,0.0,0.0,0.0,0.0,0.0,4065.0,0.0,0.12,normal_alta_01,exp_15
2026-09-23 11:26:58,12.6,47.7,0.0,38.5,14604.0,1543.0,1633.0,524022.0,2127154.0,0.0,60.5,32.0,24.0,918.39,0.0,0.0,0.0,0.0,0.0,4075.0,0.0,0.19,normal_alta_01,exp_15
2026-09-23 11:27:04,8.2,46.8,0.0,43.7,14607.0,1541.0,1639.0,51551.0,5688200.0,0.0,63.16666666666666,32.0,18.0,923.39,0.0,0.0,0.0,0.0,0.0,4075.0,0.0,0.17,normal_alta_01,exp_15
2026-09-23 11:27:09,9.6,47.5,0.0,41.4,14554.0,1594.0,1645.0,555016.0,2096504.0,0.0,65.2,33.0,24.0,905.52,0.0,0.0,0.0,0.0,0.0,4049.0,0.0,0.16,normal_alta_01,exp_15
2026-09-23 11:27:15,8.0,47.2,0.0,43.0,14566.0,1581.0,1650.0,264818.0,1427453.0,0.0,54.0,32.0,26.0,938.05,0.0,0.0,0.0,0.0,0.0,4049.0,0.0,0.22,normal_alta_01,exp_15
2026-09-23 11:27:20,6.7,46.6,0.0,45.4,14584.0,1563.0,1656.0,44826.0,1541308.0,0.0,58.6,33.0,28.0,885.69,0.0,0.0,0.0,0.0,0.0,4049.0,0.0,0.2,normal_alta_01,exp_15
2026-09-23 11:27:26,6.0,45.6,0.0,46.8,14548.0,1599.0,1661.0,484010.0,1515489.0,0.0,54.333333333333336,32.0,17.0,954.25,0.0,0.0,0.0,0.0,0.0,4042.0,0.0,0.18,normal_alta_01,exp_15
2026-09-23 11:27:31,11.0,51.8,0.0,35.2,14410.0,1737.0,1667.0,144069.0,1510300.0,0.0,66.0,32.0,19.0,837.37,0.0,0.0,0.0,0.0,0.0,4042.0,0.0,0.25,normal_alta_01,exp_15
2026-09-23 11:27:37,13.2,51.6,0.0,32.9,14419.0,1729.0,1672.0,396516.0,1396795.0,0.0,50.5,33.0,27.0,909.19,0.0,0.0,0.0,0.0,0.0,4044.0,0.0,0.23,normal_alta_01,exp_15
2026-09-23 11:27:43,16.3,53.5,0.0,28.1,14240.0,1908.0,1678.0,879869.0,1236912.0,0.0,43.66666666666666,32.0,24.0,791.26,0.0,0.0,0.0,0.0,0.0,4044.0,0.0,0.37,normal_alta_01,exp_15
2026-09-23 11:27:48,10.5,47.6,0.0,40.6,14354.0,1794.0,1683.0,1417818.0,1792102.0,0.0,68.2,30.0,20.0,912.98,0.0,0.0,0.0,0.0,0.0,4044.0,0.0,0.34,normal_alta_01,exp_15
2026-09-23 11:27:54,9.0,46.0,0.0,43.1,14394.0,1753.0,1689.0,157483.0,1960299.0,0.0,53.5,30.0,22.0,928.45,0.0,0.0,0.0,0.0,0.0,4056.0,0.0,0.31,normal_alta_01,exp_15
2026-09-23 11:27:59,11.1,49.5,0.0,37.5,14432.0,1716.0,1694.0,230004.0,1413964.0,0.0,54.0,30.0,23.0,851.34,0.0,0.0,0.0,0.0,0.0,4056.0,0.0,0.37,normal_alta_01,exp_15
2026-09-23 11:28:05,9.6,47.9,0.0,41.1,14440.0,1707.0,1700.0,201951.0,1507855.0,0.0,41.16666666666666,30.0,22.0,871.97,0.0,0.0,0.0,0.0,0.0,4072.0,0.0,0.31,normal_alta_01,exp_15
2026-09-23 11:28:10,11.1,46.8,0.0,40.6,14387.0,1760.0,1705.0,24556.0,1359130.0,0.0,51.0,30.0,24.0,899.87,0.0,0.0,0.0,0.0,0.0,4072.0,0.0,0.29,normal_alta_01,exp_15
2026-09-23 11:28:16,11.8,48.6,0.0,37.7,14435.0,1712.0,1711.0,61697.0,1762443.0,0.0,38.16666666666666,30.0,27.0,827.22,0.0,0.0,0.0,0.0,0.0,4045.0,0.0,0.26,normal_alta_01,exp_15
2026-09-23 11:28:21,12.0,47.7,0.0,38.4,14401.0,1746.0,1716.0,1036604.0,1227669.0,0.0,46.2,30.0,20.0,851.04,0.0,0.0,0.0,0.0,0.0,4045.0,0.0,0.24,normal_alta_01,exp_15
2026-09-23 11:28:27,9.4,47.5,0.0,41.7,14329.0,1818.0,1722.0,11308.0,1551751.0,0.0,48.16666666666666,30.0,23.0,907.55,0.0,0.0,0.0,0.0,0.0,4045.0,0.0,0.46,normal_alta_01,exp_15
2026-09-23 11:28:32,10.2,47.5,0.0,40.7,14353.0,1794.0,1727.0,91152.0,1316146.0,0.0,56.8,30.0,20.0,834.57,0.0,0.0,0.0,0.0,0.0,4066.0,0.0,0.43,normal_alta_01,exp_15
2026-09-23 11:28:38,16.0,47.3,0.0,34.6,14493.0,1654.0,1733.0,201759.0,1404923.0,0.0,48.0,30.0,23.0,784.12,0.0,0.0,0.0,0.0,0.0,4066.0,0.0,0.39,normal_alta_01,exp_15
2026-09-23 11:28:44,7.3,46.8,0.0,43.7,14554.0,1594.0,1739.0,20956.0,1479966.0,0.0,57.0,30.0,19.0,914.38,0.0,0.0,0.0,0.0,0.0,4043.0,0.0,0.36,normal_alta_01,exp_15
2026-09-23 11:28:49,12.3,50.5,0.0,35.2,14572.0,1575.0,1744.0,5869230.3000000045,1745454.0,0.0,65.8,30.0,24.0,962.75,0.0,0.0,0.0,0.0,0.0,4043.0,0.0,0.65,normal_alta_01,exp_15
2026-09-23 11:28:55,12.7,50.5,0.0,34.7,14217.0,1930.0,1750.0,92602.0,2008923.0,0.0,59.5,30.0,19.0,863.59,0.0,0.0,0.0,0.0,0.0,4080.0,0.0,0.908,normal_alta_01,exp_15
2026-09-23 11:29:00,13.1,50.4,0.0,35.2,14404.0,1743.0,1755.0,220461.0,6343289.0,0.0,61.8,30.0,21.0,850.19,0.0,0.0,0.0,0.0,0.0,4080.0,0.0,0.85,normal_alta_01,exp_15
2026-09-23 11:29:06,6.0,43.8,0.0,49.1,14066.0,2082.0,1762.0,27401.0,1534846.0,0.0,53.16666666666666,31.0,21.0,880.08,0.0,0.0,0.0,0.0,0.0,4080.0,0.0,0.78,normal_alta_01,exp_15
2026-09-23 11:29:11,6.0,43.9,0.0,48.7,14053.0,2094.0,1767.0,259903.0,1421706.0,0.0,57.2,30.0,18.0,970.98,0.0,0.0,0.0,0.0,0.0,4041.0,0.0,0.72,normal_alta_01,exp_15
2026-09-23 11:29:17,4.0,42.9,0.0,52.1,14060.0,2087.0,1772.0,9835.0,1347540.0,0.0,44.833333333333336,30.0,22.0,965.61,0.0,0.0,0.0,0.0,0.0,4041.0,0.0,0.66,normal_alta_01,exp_15
2026-09-23 11:29:22,6.1,44.6,0.0,48.2,14054.0,2093.0,1778.0,3908.0,1638762.0,0.0,59.8,31.0,21.0,979.09,0.0,0.0,0.0,0.0,0.0,4033.0,0.0,0.61,normal_alta_01,exp_15
2026-09-23 11:29:28,4.9,44.2,0.0,49.7,14096.0,2051.0,1783.0,221282.0,1502155.0,0.0,58.0,30.0,21.0,846.38,0.0,0.0,0.0,0.0,0.0,4033.0,0.0,0.56,normal_alta_01,exp_15
2026-09-23 11:29:33,4.4,43.1,0.0,51.4,14053.0,2094.0,1789.0,823.0,1700860.0,0.0,74.8,30.0,24.0,935.38,0.0,0.0,0.0,0.0,0.0,4063.0,0.0,0.52,normal_alta_01,exp_15
2026-09-23 11:29:39,5.5,45.6,0.0,47.8,14061.0,2087.0,1794.0,818.0,1579680.0,0.0,61.833333333333336,30.0,22.0,923.41,0.0,0.0,0.0,0.0,0.0,4063.0,0.0,0.48,normal_alta_01,exp_15
2026-09-23 11:29:44,7.0,48.3,0.0,43.4,14056.0,2091.0,1800.0,3439329.0,1816266.0,0.0,66.4,31.0,20.0,992.86,0.0,0.0,0.0,0.0,0.0,4063.0,0.0,0.44,normal_alta_01,exp_15
2026-09-23 11:29:50,6.7,46.8,0.0,45.3,14023.0,2124.0,1805.0,6655.0,5989629.0,0.0,56.833333333333336,36.0,27.0,898.51,0.0,0.0,0.0,0.0,0.0,4033.0,0.0,0.37,normal_alta_01,exp_15
2026-09-23 11:29:56,7.9,45.6,0.0,45.4,13918.0,2230.0,1811.0,38563.0,1525399.0,0.0,55.16666666666666,35.0,24.0,913.66,0.0,0.0,0.0,0.0,0.0,4033.0,0.0,0.34,normal_alta_01,exp_15
2026-09-23 11:30:01,6.7,44.6,0.0,47.3,13942.0,2205.0,1817.0,141708.0,1403662.0,0.0,58.2,36.0,26.0,929.65,0.0,0.0,0.0,0.0,0.0,4047.0,0.0,0.31,normal_alta_01,exp_15
2026-09-23 11:30:07,5.4,44.0,0.0,49.6,13948.0,2199.0,1822.0,744372.0,1820655.0,0.0,48.66666666666666,36.0,27.0,957.15,0.0,0.0,0.0,0.0,0.0,4047.0,0.0,0.29,normal_alta_01,exp_15
2026-09-23 11:30:12,4.7,43.6,0.0,50.6,13941.0,2207.0,1827.0,323307.0,1312527.0,0.0,53.0,35.0,27.0,918.87,0.0,0.0,0.0,0.0,0.0,4047.0,0.0,0.27,normal_alta_01,exp_15
2026-09-23 11:30:18,4.1,43.7,0.0,51.5,13954.0,2193.0,1833.0,71454.0,1229823.0,0.0,38.0,36.0,28.0,1004.2,0.0,0.0,0.0,0.0,0.0,4054.0,0.0,0.32,normal_alta_01,exp_15
2026-09-23 11:30:23,5.0,44.9,0.0,49.0,13924.0,2223.0,1838.0,59276.0,1298894.0,0.0,56.2,35.0,26.0,913.73,0.0,0.0,0.0,0.0,0.0,4054.0,0.0,0.3,normal_alta_01,exp_15
2026-09-23 11:30:29,5.4,45.0,0.0,47.8,13946.0,2202.0,1844.0,943493.0,1327067.0,0.0,45.833333333333336,35.0,29.0,971.53,0.0,0.0,0.0,0.0,0.0,4055.0,0.0,0.27,normal_alta_01,exp_15
2026-09-23 11:30:34,5.4,32.8,0.0,60.7,13930.0,2217.0,1849.0,348167.0,843293.0,0.0,32.8,17.0,14.0,598.26,0.0,0.0,0.0,0.0,0.0,4055.0,0.0,0.25,normal_alta_01,exp_15
2026-09-23 11:04:37,16.3,21.0,0.0,59.4,14451.0,1696.0,346.0,30937.0,0.0,0.0,16.8,19.0,15.0,210.19,0.0,0.0,0.0,0.0,0.0,0.0,0.0,0.0,normal_baja_01,exp_16
2026-09-23 11:04:42,15.1,24.2,0.0,59.0,14500.0,1648.0,352.0,121194.0,652325.0,0.0,6.8,22.0,17.0,105.4,0.0,0.0,0.0,0.0,0.0,0.0,0.0,0.0,normal_baja_01,exp_16
2026-09-23 11:04:48,14.6,35.2,0.0,48.1,14519.0,1629.0,357.0,195610.0,663653.0,0.0,15.666666666666666,22.0,17.0,215.27,0.0,0.0,0.0,0.0,0.0,4688.0,0.0,1.04,normal_baja_01,exp_16
2026-09-23 11:04:53,15.9,36.2,0.0,45.8,14601.0,1547.0,362.0,425813.0,940759.0,0.0,18.0,22.0,17.0,187.72,0.0,0.0,0.0,0.0,0.0,4688.0,0.0,0.96,normal_baja_01,exp_16
2026-09-23 11:04:58,13.4,34.0,0.0,50.0,14596.0,1552.0,367.0,233438.0,724934.0,0.0,17.2,22.0,16.0,227.48,0.0,0.0,0.0,0.0,0.0,4688.0,0.0,0.88,normal_baja_01,exp_16
2026-09-23 11:05:03,19.9,36.7,0.0,41.0,14788.0,1359.0,372.0,445834.0,2913335.0,0.0,18.2,22.0,16.0,229.87,0.0,0.0,0.0,0.0,0.0,4046.0,0.0,0.81,normal_baja_01,exp_16
2026-09-23 11:05:08,20.1,35.4,0.0,42.5,14970.0,1178.0,377.0,984582.0,2688945.0,0.0,19.684,22.0,17.0,273.36,0.0,0.0,0.0,0.0,0.0,4046.0,0.0,0.74,normal_baja_01,exp_16
2026-09-23 11:05:14,14.6,35.0,0.0,48.8,14850.0,1297.0,383.0,1024930.0,1080170.0,0.0,16.5,22.0,16.0,230.54,0.0,0.0,0.0,0.0,0.0,4061.0,0.0,0.69,normal_baja_01,exp_16
2026-09-23 11:05:19,15.0,33.3,0.0,49.5,14724.0,1423.0,388.0,275658.0,767488.0,0.0,18.0,22.0,17.0,231.4,0.0,0.0,0.0,0.0,0.0,4061.0,0.0,0.63,normal_baja_01,exp_16
2026-09-23 11:05:24,14.2,32.0,0.0,51.7,14419.0,1728.0,393.0,331208.0,1007378.0,0.0,17.2,22.0,16.0,211.83,0.0,0.0,0.0,0.0,0.0,4061.0,0.0,0.66,normal_baja_01,exp_16
2026-09-23 11:05:29,11.2,29.8,0.0,57.2,14377.0,1770.0,399.0,156290.0,586596.0,0.0,17.4,23.0,17.0,199.39,0.0,0.0,0.0,0.0,0.0,4047.0,0.0,0.61,normal_baja_01,exp_16
2026-09-23 11:05:34,9.6,31.3,0.0,57.1,14308.0,1839.0,404.0,885.0,578626.0,0.0,19.0,22.0,15.0,202.28,0.0,0.0,0.0,0.0,0.0,4047.0,0.0,0.56,normal_baja_01,exp_16
2026-09-23 11:05:40,9.9,33.2,0.0,55.0,14228.0,1919.0,409.0,36873.0,1764810.0,0.0,12.833333333333334,22.0,17.0,217.01,0.0,0.0,0.0,0.0,0.0,4091.0,0.0,0.59,normal_baja_01,exp_16
2026-09-23 11:05:45,11.0,32.1,0.0,54.3,14229.0,1918.0,415.0,345372.0,4738569.0,0.0,19.4,22.0,16.0,222.55,0.0,0.0,0.0,0.0,0.0,4091.0,0.0,0.55,normal_baja_01,exp_16
2026-09-23 11:05:50,9.3,32.4,0.0,56.2,14230.0,1917.0,420.0,2909619.0,922393.0,0.0,17.0,23.0,17.0,221.61,0.0,0.0,0.0,0.0,0.0,4091.0,0.0,0.5,normal_baja_01,exp_16
2026-09-23 11:05:55,11.0,33.5,0.0,52.5,14224.0,1924.0,425.0,63446.0,856182.0,0.0,17.8,21.0,17.0,200.29,0.0,0.0,0.0,0.0,0.0,4079.0,0.0,0.46,normal_baja_01,exp_16
2026-09-23 11:06:01,14.2,36.7,0.0,46.7,14395.0,1752.0,430.0,3204751.0,698239.0,0.0,16.166666666666668,20.0,17.0,236.17,0.0,0.0,0.0,0.0,0.0,4079.0,0.0,0.51,normal_baja_01,exp_16
2026-09-23 11:06:06,13.7,37.2,0.0,47.1,14379.0,1768.0,435.0,861424.0,1022824.0,0.0,18.8,20.0,16.0,225.72,0.0,0.0,0.0,0.0,0.0,4063.0,0.0,0.47,normal_baja_01,exp_16
2026-09-23 11:06:11,11.3,30.6,0.0,55.7,14274.0,1874.0,440.0,180153.0,1058902.0,0.0,14.6,21.0,16.0,202.63,0.0,0.0,0.0,0.0,0.0,4063.0,0.0,0.43,normal_baja_01,exp_16
2026-09-23 11:06:16,11.2,32.5,0.0,53.8,14251.0,1896.0,446.0,210411.0,833964.0,0.0,17.2,20.0,17.0,210.19,0.0,0.0,0.0,0.0,0.0,4063.0,0.0,0.39,normal_baja_01,exp_16
2026-09-23 11:06:21,11.8,33.2,0.0,53.0,14244.0,1903.0,451.0,13463.0,891636.0,0.0,16.8,20.0,16.0,212.67,0.0,0.0,0.0,0.0,0.0,4048.0,0.0,0.36,normal_baja_01,exp_16
2026-09-23 11:06:27,9.6,33.2,0.0,54.9,14277.0,1870.0,456.0,623967.0,728666.0,0.0,13.833333333333334,20.0,16.0,188.57,0.0,0.0,0.0,0.0,0.0,4048.0,0.0,0.33,normal_baja_01,exp_16
2026-09-23 11:06:32,13.4,32.8,0.0,52.0,14259.0,1889.0,461.0,58739.0,939825.0,0.0,19.2,20.0,15.0,230.98,0.0,0.0,0.0,0.0,0.0,4076.0,0.0,0.31,normal_baja_01,exp_16
2026-09-23 11:06:37,10.0,29.2,0.0,59.1,14220.0,1927.0,466.0,885.0,550085.0,0.0,17.8,20.0,16.0,209.84,0.0,0.0,0.0,0.0,0.0,4076.0,0.0,0.28,normal_baja_01,exp_16
2026-09-23 11:06:42,10.6,33.0,0.0,55.0,14211.0,1936.0,471.0,185615.0,5082589.259999999,0.0,16.8,20.0,17.0,212.95,0.0,0.0,0.0,0.0,0.0,4076.0,0.0,0.26,normal_baja_01,exp_16
2026-09-23 11:06:47,9.8,29.5,0.0,58.7,14206.0,1942.0,477.0,881.0,635840.0,0.0,18.0,20.0,18.0,221.35,0.0,0.0,0.0,0.0,0.0,4084.0,0.0,0.22,normal_baja_01,exp_16
2026-09-23 11:06:53,11.6,30.4,0.0,55.9,14228.0,1919.0,482.0,272157.0,671033.0,0.0,14.0,14.0,9.0,206.15,0.0,0.0,0.0,0.0,0.0,4084.0,0.0,0.2,normal_baja_01,exp_16
2026-09-23 11:06:58,9.7,28.4,0.0,58.8,14215.0,1932.0,487.0,45926.0,525191.0,0.0,16.4,14.0,10.0,200.38,0.0,0.0,0.0,0.0,0.0,4057.0,0.0,0.19,normal_baja_01,exp_16
2026-09-23 11:07:03,13.2,34.3,0.0,50.1,14166.0,1981.0,492.0,13412.0,519154.0,0.0,16.2,14.0,10.0,243.98,0.0,0.0,0.0,0.0,0.0,4057.0,0.0,0.25,normal_baja_01,exp_16
2026-09-23 11:07:08,11.9,33.4,0.0,52.3,14177.0,1971.0,497.0,160829.0,738159.0,0.0,16.0,14.0,11.0,204.01,0.0,0.0,0.0,0.0,0.0,4057.0,0.0,0.23,normal_baja_01,exp_16
2026-09-23 11:07:13,10.6,31.4,0.0,55.5,14216.0,1931.0,503.0,16674.0,477342.0,0.0,14.4,14.0,9.0,210.48,0.0,0.0,0.0,0.0,0.0,4049.0,0.0,0.21,normal_baja_01,exp_16
2026-09-23 11:07:19,12.7,33.3,0.0,52.3,14199.0,1948.0,508.0,102404.0,1069190.0,0.0,14.333333333333334,14.0,11.0,213.11,0.0,0.0,0.0,0.0,0.0,4049.0,0.0,0.2,normal_baja_01,exp_16
2026-09-23 11:07:24,12.9,31.9,0.0,53.7,14136.0,2011.0,514.0,33340.0,780774.0,0.0,18.4,14.0,11.0,219.12,0.0,0.0,0.0,0.0,0.0,4098.0,0.0,1.1134499999999998,normal_baja_01,exp_16
2026-09-23 11:07:29,11.7,31.8,0.0,54.7,14181.0,1966.0,519.0,238781.0,531950.0,0.0,16.8,14.0,10.0,229.65,0.0,0.0,0.0,0.0,0.0,4098.0,0.0,1.05,normal_baja_01,exp_16
2026-09-23 11:07:34,11.2,31.3,0.0,55.3,14178.0,1969.0,524.0,13532.0,544624.0,0.0,17.6,14.0,10.0,242.3,0.0,0.0,0.0,0.0,0.0,4098.0,0.0,0.96,normal_baja_01,exp_16
2026-09-23 11:07:39,11.9,29.4,0.0,56.7,14169.0,1979.0,529.0,82995.0,549582.0,0.0,18.0,14.0,10.0,209.32,0.0,0.0,0.0,0.0,0.0,4076.0,0.0,0.89,normal_baja_01,exp_16
2026-09-23 11:07:45,9.7,32.5,0.0,55.7,14194.0,1954.0,535.0,880.0,507330.0,0.0,14.5,14.0,10.0,221.98,0.0,0.0,0.0,0.0,0.0,4076.0,0.0,0.82,normal_baja_01,exp_16
2026-09-23 11:07:50,10.2,30.6,0.0,57.3,14237.0,1910.0,540.0,525199.0,954908.0,0.0,17.6,14.0,10.0,196.91,0.0,0.0,0.0,0.0,0.0,4066.0,0.0,0.75,normal_baja_01,exp_16
2026-09-23 11:07:55,8.7,30.1,0.0,59.2,14258.0,1889.0,545.0,169680.0,1306934.0,0.0,18.4,14.0,10.0,187.23,0.0,0.0,0.0,0.0,0.0,4066.0,0.0,0.69,normal_baja_01,exp_16
2026-09-23 11:08:00,7.6,28.8,0.0,61.9,14294.0,1853.0,550.0,197751.0,2758709.0,0.0,18.8,14.0,10.0,174.34,0.0,0.0,0.0,0.0,0.0,4066.0,0.0,0.64,normal_baja_01,exp_16
2026-09-23 11:08:06,8.3,29.6,0.0,60.2,14268.0,1879.0,555.0,2778836.0,805437.0,0.0,13.833333333333334,14.0,10.0,197.31,0.0,0.0,0.0,0.0,0.0,4052.0,0.0,0.58,normal_baja_01,exp_16
2026-09-23 11:08:11,11.5,30.9,0.0,55.5,14267.0,1880.0,560.0,159862.0,776290.0,0.0,17.2,15.0,11.0,203.67,0.0,0.0,0.0,0.0,0.0,4052.0,0.0,0.54,normal_baja_01,exp_16
2026-09-23 11:08:16,8.1,29.3,0.0,60.3,14301.0,1847.0,566.0,203644.0,592702.0,0.0,18.2,14.0,10.0,193.06,0.0,0.0,0.0,0.0,0.0,4063.0,0.0,0.5,normal_baja_01,exp_16
2026-09-23 11:08:21,8.3,27.4,0.0,62.6,14216.0,1932.0,571.0,106421.0,2422084.0,0.2,14.2,14.0,11.0,179.17,0.0,0.0,0.0,0.0,0.0,4063.0,0.0,0.46,normal_baja_01,exp_16
2026-09-23 11:08:27,11.5,29.7,0.0,57.1,14192.0,1955.0,576.0,1179.0,660665.0,0.0,16.0,14.0,10.0,213.76,0.0,0.0,0.0,0.0,0.0,4063.0,0.0,0.5,normal_baja_01,exp_16
2026-09-23 11:08:32,8.5,28.9,0.0,60.9,14189.0,1958.0,581.0,32993.0,644647.0,0.0,16.4,15.0,11.0,204.7,0.0,0.0,0.0,0.0,0.0,4085.0,0.0,0.46,normal_baja_01,exp_16
2026-09-23 11:08:37,9.7,28.2,0.0,60.2,14184.0,1963.0,586.0,13453.0,611780.0,0.0,16.6,14.0,11.0,212.51,0.0,0.0,0.0,0.0,0.0,4085.0,0.0,0.42,normal_baja_01,exp_16
2026-09-23 11:08:42,8.9,26.1,0.0,62.9,14180.0,1967.0,591.0,4797.0,729882.0,0.0,15.6,14.0,10.0,194.64,0.0,0.0,0.0,0.0,0.0,4073.0,0.0,0.47,normal_baja_01,exp_16
2026-09-23 11:08:47,9.5,30.9,0.0,57.9,14113.0,2034.0,597.0,88731.0,2813006.0,0.0,16.6,14.0,10.0,222.9,0.0,0.0,0.0,0.0,0.0,4073.0,0.0,0.43,normal_baja_01,exp_16
2026-09-23 11:08:53,10.5,29.0,0.0,58.5,14106.0,2042.0,602.0,34380.0,801447.0,0.0,13.5,25.0,21.0,211.72,0.0,0.0,0.0,0.0,0.0,4073.0,0.0,0.6,normal_baja_01,exp_16
2026-09-23 11:08:58,9.5,30.0,0.0,59.1,14155.0,1993.0,607.0,63867.0,563092.0,0.0,17.6,25.0,22.0,190.28,0.0,0.0,0.0,0.0,0.0,4049.0,0.0,0.56,normal_baja_01,exp_16
2026-09-23 11:09:03,6.5,24.8,0.0,67.0,14176.0,1971.0,612.0,143768.0,710220.0,0.0,16.0,25.0,22.0,194.33,0.0,0.0,0.0,0.0,0.0,4049.0,0.0,0.51,normal_baja_01,exp_16
2026-09-23 11:09:08,8.1,27.4,0.0,62.6,14148.0,1999.0,617.0,888.0,623198.0,0.0,16.2,26.0,23.0,206.11,0.0,0.0,0.0,0.0,0.0,4065.0,0.0,0.47,normal_baja_01,exp_16
2026-09-23 11:09:14,9.6,32.0,0.0,56.4,14162.0,1985.0,623.0,58303.0,560553.0,0.0,14.333333333333334,25.0,21.0,225.25,0.0,0.0,0.0,0.0,0.0,4065.0,0.0,0.43,normal_baja_01,exp_16
2026-09-23 11:09:19,8.6,29.3,0.0,60.5,14155.0,1992.0,628.0,435397.0,673047.0,0.0,16.4,25.0,22.0,210.63,0.0,0.0,0.0,0.0,0.0,4065.0,0.0,0.4,normal_baja_01,exp_16
2026-09-23 11:09:24,7.5,27.7,0.0,63.0,14152.0,1995.0,633.0,11847.0,537728.0,0.2,16.8,25.0,22.0,200.99,0.0,0.0,0.0,0.0,0.0,4051.0,0.0,0.85,normal_baja_01,exp_16
2026-09-23 11:09:29,7.8,28.2,0.0,61.5,14082.0,2066.0,639.0,101951.0,962855.0,0.0,17.0,26.0,22.0,200.47,0.0,0.0,0.0,0.0,0.0,4051.0,0.0,0.78,normal_baja_01,exp_16
2026-09-23 11:09:34,7.0,28.5,0.0,62.8,14117.0,2031.0,644.0,68619.0,481984.0,0.0,13.6,25.0,21.0,199.61,0.0,0.0,0.0,0.0,0.0,4068.0,0.0,0.72,normal_baja_01,exp_16
2026-09-23 11:09:40,9.7,30.4,0.0,57.9,14121.0,2027.0,650.0,19630.0,1195476.0,0.0,15.166666666666666,25.0,22.0,204.48,0.0,0.0,0.0,0.0,0.0,4068.0,0.0,0.66,normal_baja_01,exp_16
2026-09-23 11:09:45,10.5,13.9,0.0,74.6,14110.0,2037.0,655.0,6021219.654999994,1684706.0,0.0,1.8,23.0,21.0,17.15,0.0,0.0,0.0,0.0,0.0,4068.0,0.0,0.61,normal_baja_01,exp_16
2026-09-23 11:09:47,19.4,27.2,0.0,50.1,14112.0,2036.0,657.0,40015.0,2050748.0,0.0,21.0,24.0,20.0,268.77,0.0,0.0,0.0,0.0,0.0,0.0,0.0,0.0,normal_baja_02,exp_17
2026-09-23 11:09:53,9.7,17.8,0.0,71.3,14094.0,2054.0,662.0,385058.0,482829.0,0.0,6.666666666666667,28.0,22.0,115.26,0.0,0.0,0.0,0.0,0.0,0.0,0.0,0.08,normal_baja_02,exp_17
2026-09-23 11:09:58,8.7,31.5,0.0,58.0,14075.0,2072.0,668.0,14102.0,565722.0,0.0,21.0,28.0,22.0,273.71,0.0,0.0,0.0,0.0,0.0,4575.0,0.0,0.07,normal_baja_02,exp_17
2026-09-23 11:10:03,8.1,35.2,0.0,54.9,14060.0,2087.0,673.0,25298.0,705680.0,0.0,23.0,28.0,23.0,274.16,0.0,0.0,0.0,0.0,0.0,4575.0,0.0,0.07,normal_baja_02,exp_17
2026-09-23 11:10:08,9.6,33.3,0.0,55.0,14063.0,2084.0,678.0,177414.0,870988.0,0.0,22.8,28.0,21.0,272.19,0.0,0.0,0.0,0.0,0.0,4575.0,0.0,0.06,normal_baja_02,exp_17
2026-09-23 11:10:14,9.6,34.8,0.0,53.7,14143.0,2004.0,683.0,258002.0,681620.0,0.0,17.833333333333332,28.0,23.0,245.02,0.0,0.0,0.0,0.0,0.0,4051.0,0.0,0.06,normal_baja_02,exp_17
2026-09-23 11:10:19,9.5,31.9,0.0,56.5,14109.0,2039.0,688.0,252746.0,612902.0,0.0,21.6,28.0,21.0,249.21,0.0,0.0,0.0,0.0,0.0,4051.0,0.0,0.05,normal_baja_02,exp_17
2026-09-23 11:10:24,9.7,35.8,0.0,52.6,14105.0,2042.0,694.0,20689.0,606279.0,0.0,21.0,28.0,21.0,268.23,0.0,0.0,0.0,0.0,0.0,4064.0,0.0,0.05,normal_baja_02,exp_17
2026-09-23 11:10:29,8.4,32.3,0.0,57.7,14149.0,1998.0,699.0,13242.0,635722.0,0.0,22.2,28.0,22.0,263.17,0.0,0.0,0.0,0.0,0.0,4064.0,0.0,0.04,normal_baja_02,exp_17
2026-09-23 11:10:35,10.2,31.9,0.0,55.6,14127.0,2020.0,704.0,12586.0,884431.0,0.1666666666666666,19.0,28.0,20.0,244.68,0.0,0.0,0.0,0.0,0.0,4064.0,0.0,0.04,normal_baja_02,exp_17
2026-09-23 11:10:40,8.6,31.2,0.0,58.1,14141.0,2006.0,709.0,60385.0,588094.0,0.0,21.0,28.0,22.0,268.57,0.0,0.0,0.0,0.0,0.0,4084.0,0.0,0.04,normal_baja_02,exp_17
2026-09-23 11:10:45,11.4,34.9,0.0,52.1,14079.0,2069.0,714.0,23877030.29499999,745800.0,0.0,23.2,28.0,21.0,279.85,0.0,0.0,0.0,0.0,0.0,4084.0,0.0,0.03,normal_baja_02,exp_17
2026-09-23 11:10:50,10.5,32.3,0.0,55.5,14026.0,2121.0,720.0,234164.0,3101092.0,0.0,22.2,28.0,23.0,283.25,0.0,0.0,0.0,0.0,0.0,4073.0,0.0,0.03,normal_baja_02,exp_17
2026-09-23 11:10:55,9.2,31.6,0.0,57.3,14004.0,2143.0,725.0,24544.0,650657.0,0.0,22.6,28.0,23.0,240.46,0.0,0.0,0.0,0.0,0.0,4073.0,0.0,0.03,normal_baja_02,exp_17
2026-09-23 11:11:01,9.7,33.9,0.0,54.8,14089.0,2059.0,730.0,19684.0,662103.0,0.0,15.5,28.0,23.0,273.51,0.0,0.0,0.0,0.0,0.0,4073.0,0.0,0.03,normal_baja_02,exp_17
2026-09-23 11:11:06,7.1,33.8,0.0,57.5,14118.0,2029.0,735.0,864.0,639390.0,0.0,17.6,27.0,22.0,236.18,0.0,0.0,0.0,0.0,0.0,4068.0,0.0,0.02,normal_baja_02,exp_17
2026-09-23 11:11:11,7.7,32.0,0.0,58.2,14101.0,2047.0,740.0,87210.0,1226620.0,0.0,20.4,27.0,22.0,275.54,0.0,0.0,0.0,0.0,0.0,4068.0,0.0,0.02,normal_baja_02,exp_17
2026-09-23 11:11:17,5.9,31.2,0.0,60.6,14098.0,2049.0,746.0,884.0,643506.0,0.0,17.666666666666668,26.0,23.0,254.51,0.0,0.0,0.0,0.0,0.0,4051.0,0.0,0.02,normal_baja_02,exp_17
2026-09-23 11:11:22,8.2,32.4,0.0,57.2,14085.0,2062.0,751.0,883.0,529895.0,0.0,20.4,26.0,23.0,281.88,0.0,0.0,0.0,0.0,0.0,4051.0,0.0,0.02,normal_baja_02,exp_17
2026-09-23 11:11:27,15.1,40.3,0.0,42.8,14217.0,1930.0,756.0,19916341.0,985767.0,0.0,24.8,26.0,23.0,288.04,0.0,0.0,0.0,0.0,0.0,4051.0,0.0,0.02,normal_baja_02,exp_17
2026-09-23 11:11:32,8.9,33.3,0.0,55.9,14129.0,2018.0,762.0,81440.0,719534.0,0.0,23.0,26.0,21.0,280.72,0.0,0.0,0.0,0.0,0.0,4064.0,0.0,0.02,normal_baja_02,exp_17
2026-09-23 11:11:37,8.3,32.8,0.0,57.2,14104.0,2043.0,767.0,13461.0,619519.0,0.0,19.2,26.0,23.0,269.06,0.0,0.0,0.0,0.0,0.0,4064.0,0.0,0.02,normal_baja_02,exp_17
2026-09-23 11:11:43,7.7,34.1,0.0,56.3,14071.0,2076.0,773.0,182660.0,7186619.0,0.0,17.166666666666668,26.0,23.0,241.77,0.0,0.0,0.0,0.0,0.0,4026.0,0.0,0.01,normal_baja_02,exp_17
2026-09-23 11:11:48,8.9,33.5,0.0,56.1,14061.0,2086.0,778.0,883.0,691168.0,0.0,22.2,26.0,23.0,283.02,0.0,0.0,0.0,0.0,0.0,4026.0,0.0,0.01,normal_baja_02,exp_17
2026-09-23 11:11:53,7.1,31.7,0.0,59.3,14067.0,2080.0,783.0,3139338.0,5009488.0,0.0,22.4,20.0,17.0,282.25,0.0,0.0,0.0,0.0,0.0,4026.0,0.0,0.01,normal_baja_02,exp_17
2026-09-23 11:11:58,9.2,33.7,0.0,55.4,14018.0,2129.0,788.0,51384.0,619474.0,0.0,21.0,17.0,12.0,291.26,0.0,0.0,0.0,0.0,0.0,4095.0,0.0,0.25,normal_baja_02,exp_17
2026-09-23 11:12:04,8.4,35.5,0.0,54.2,14031.0,2117.0,793.0,206442.0,609752.0,0.0,17.833333333333332,17.0,14.0,270.2,0.0,0.0,0.0,0.0,0.0,4095.0,0.0,0.23,normal_baja_02,exp_17
2026-09-23 11:12:09,8.6,31.8,0.0,57.3,14037.0,2110.0,798.0,658071.0,735931.0,0.0,19.6,17.0,13.0,244.28,0.0,0.0,0.0,0.0,0.0,4057.0,0.0,0.21,normal_baja_02,exp_17
2026-09-23 11:12:14,7.3,32.0,0.0,59.0,14041.0,2107.0,803.0,446380.0,1172959.0,0.0,20.6,17.0,13.0,257.26,0.0,0.0,0.0,0.0,0.0,4057.0,0.0,0.19,normal_baja_02,exp_17
2026-09-23 11:12:19,9.7,33.4,0.0,55.0,14025.0,2123.0,809.0,884.0,559430.0,0.0,20.8,17.0,14.0,283.5,0.0,0.0,0.0,0.0,0.0,4057.0,0.0,0.18,normal_baja_02,exp_17
2026-09-23 11:12:24,8.4,33.1,0.0,56.8,14012.0,2135.0,814.0,392385.0,579863.0,0.0,20.2,17.0,14.0,259.43,0.0,0.0,0.0,0.0,0.0,4077.0,0.0,0.16,normal_baja_02,exp_17
2026-09-23 11:12:30,7.8,31.5,0.0,59.2,13991.0,2157.0,819.0,1769.0,504294.0,0.0,15.333333333333334,17.0,13.0,253.05,0.0,0.0,0.0,0.0,0.0,4077.0,0.0,0.15,normal_baja_02,exp_17
2026-09-23 11:12:35,6.7,32.7,0.0,58.4,13988.0,2159.0,824.0,280000.0,649249.0,0.0,19.8,17.0,12.0,294.58,0.0,0.0,0.0,0.0,0.0,4060.0,0.0,0.14,normal_baja_02,exp_17
2026-09-23 11:12:40,7.7,32.9,0.0,57.2,13988.0,2159.0,829.0,1643.0,648995.0,0.0,22.2,17.0,12.0,247.51,0.0,0.0,0.0,0.0,0.0,4060.0,0.0,0.13,normal_baja_02,exp_17
2026-09-23 11:12:45,7.1,33.7,0.0,57.1,14027.0,2120.0,835.0,1668.0,941928.0,0.0,20.6,17.0,14.0,257.72,0.0,0.0,0.0,0.0,0.0,4060.0,0.0,0.12,normal_baja_02,exp_17
2026-09-23 11:12:50,7.5,33.7,0.0,56.6,14094.0,2054.0,840.0,880.0,637902.0,0.0,21.2,17.0,14.0,284.87,0.0,0.0,0.0,0.0,0.0,4068.0,0.0,0.11,normal_baja_02,exp_17
2026-09-23 11:12:56,8.5,37.8,0.0,52.3,13292.0,2856.0,845.0,214709.0,1007420.0,0.0,18.5,17.0,13.0,295.81,0.0,0.0,0.0,0.0,0.0,4068.0,0.0,0.1,normal_baja_02,exp_17
2026-09-23 11:13:01,11.6,32.9,0.0,53.7,13286.0,2861.0,850.0,106382.0,624621.0,0.0,21.8,18.0,14.0,292.44,0.0,0.0,0.0,0.0,0.0,4061.0,0.0,0.09,normal_baja_02,exp_17
2026-09-23 11:13:06,7.0,31.0,0.0,60.2,13344.0,2803.0,855.0,144182.0,624200.0,0.0,21.8,17.0,13.0,279.12,0.0,0.0,0.0,0.0,0.0,4061.0,0.0,0.08,normal_baja_02,exp_17
2026-09-23 11:13:11,8.5,31.7,0.0,58.3,13294.0,2853.0,861.0,13481.0,577918.0,0.0,18.8,17.0,14.0,271.38,0.0,0.0,0.0,0.0,0.0,4061.0,0.0,0.16,normal_baja_02,exp_17
2026-09-23 11:13:17,8.1,34.1,0.0,56.1,13322.0,2825.0,866.0,881.0,914464.0,0.0,19.0,17.0,14.0,279.62,0.0,0.0,0.0,0.0,0.0,4076.0,0.0,0.15,normal_baja_02,exp_17
2026-09-23 11:13:22,8.8,32.9,0.0,56.7,13320.0,2827.0,871.0,11094.0,911947.0,0.0,21.8,17.0,13.0,256.94,0.0,0.0,0.0,0.0,0.0,4076.0,0.0,0.13,normal_baja_02,exp_17
2026-09-23 11:13:27,7.7,31.1,0.0,59.5,13336.0,2811.0,876.0,872.0,627295.0,0.0,22.0,17.0,13.0,270.85,0.0,0.0,0.0,0.0,0.0,4081.0,0.0,0.12,normal_baja_02,exp_17
2026-09-23 11:13:32,8.6,33.7,0.0,55.4,13262.0,2886.0,881.0,272043.0,591419.0,0.0,21.0,17.0,13.0,280.05,0.0,0.0,0.0,0.0,0.0,4081.0,0.0,0.11,normal_baja_02,exp_17
2026-09-23 11:13:38,10.2,35.3,0.0,52.7,13274.0,2874.0,887.0,25218.0,745834.0,0.0,19.0,17.0,13.0,262.17,0.0,0.0,0.0,0.0,0.0,4081.0,0.0,0.1,normal_baja_02,exp_17
2026-09-23 11:13:43,9.9,34.0,0.0,54.2,13271.0,2876.0,893.0,200569.0,760027.0,0.0,21.0,17.0,13.0,255.72,0.0,0.0,0.0,0.0,0.0,4065.0,0.0,0.1,normal_baja_02,exp_17
2026-09-23 11:13:48,8.7,34.4,0.0,54.7,13235.0,2912.0,898.0,7154.0,2629556.0,0.0,24.2,17.0,12.0,242.31,0.0,0.0,0.0,0.0,0.0,4065.0,0.0,0.3041,normal_baja_02,exp_17
2026-09-23 11:13:53,8.8,31.4,0.0,57.8,13207.0,2941.0,903.0,890.0,768418.0,0.0,22.8,22.0,19.0,276.05,0.0,0.0,0.0,0.0,0.0,4108.0,0.0,0.29,normal_baja_02,exp_17
2026-09-23 11:13:58,8.4,33.1,0.0,56.4,13241.0,2906.0,908.0,13325.0,567322.0,0.0,20.0,22.0,18.0,241.82,0.0,0.0,0.0,0.0,0.0,4108.0,0.0,0.27,normal_baja_02,exp_17
2026-09-23 11:14:04,10.8,34.9,0.0,52.4,13205.0,2942.0,913.0,9591.0,1007082.0,0.0,18.0,22.0,19.0,270.18,0.0,0.0,0.0,0.0,0.0,4108.0,0.0,0.24,normal_baja_02,exp_17
2026-09-23 11:14:09,8.5,31.1,0.0,58.3,13256.0,2891.0,919.0,880.0,590411.0,0.0,22.2,22.0,18.0,268.77,0.0,0.0,0.0,0.0,0.0,4056.0,0.0,0.23,normal_baja_02,exp_17
2026-09-23 11:14:14,10.6,32.8,0.0,55.0,13215.0,2932.0,924.0,375229.0,821335.0,0.0,22.8,22.0,19.0,260.35,0.0,0.0,0.0,0.0,0.0,4056.0,0.0,0.21,normal_baja_02,exp_17
2026-09-23 11:14:19,9.1,31.3,0.0,57.6,13254.0,2893.0,929.0,885.0,662479.0,0.0,20.6,22.0,18.0,287.9,0.0,0.0,0.0,0.0,0.0,4085.0,0.0,0.19,normal_baja_02,exp_17
2026-09-23 11:14:25,7.4,33.6,0.0,57.5,13243.0,2904.0,934.0,79076.0,614892.0,0.0,17.333333333333332,22.0,19.0,246.88,0.0,0.0,0.0,0.0,0.0,4085.0,0.0,0.18,normal_baja_02,exp_17
2026-09-23 11:14:30,7.4,31.9,0.0,58.6,13215.0,2932.0,939.0,889.0,879291.0,0.0,22.0,22.0,19.0,263.25,0.0,0.0,0.0,0.0,0.0,4085.0,0.0,0.16,normal_baja_02,exp_17
2026-09-23 11:14:35,6.2,31.7,0.0,60.4,13203.0,2944.0,944.0,754725.0,835408.0,0.0,20.2,22.0,19.0,274.23,0.0,0.0,0.0,0.0,0.0,4062.0,0.0,0.15,normal_baja_02,exp_17
2026-09-23 11:14:40,10.0,34.6,0.0,53.5,13329.0,2818.0,950.0,22977.0,12639734.074999986,0.8,32.8,22.0,19.0,261.37,0.0,0.0,0.0,0.0,0.0,4062.0,0.0,0.14,normal_baja_02,exp_17
2026-09-23 11:14:45,9.2,34.4,0.0,53.8,13353.0,2794.0,955.0,1775.0,611458.0,0.0,20.8,22.0,18.0,264.58,0.0,0.0,0.0,0.0,0.0,4046.0,0.0,0.13,normal_baja_02,exp_17
2026-09-23 11:14:51,6.6,30.2,0.0,61.2,13316.0,2832.0,960.0,497061.0,631312.0,0.0,18.83333333333333,22.0,18.0,261.06,0.0,0.0,0.0,0.0,0.0,4046.0,0.0,0.12,normal_baja_02,exp_17
2026-09-23 11:14:56,8.1,11.7,0.0,78.6,13305.0,2842.0,965.0,524411.0,1458687.0,6.622000000000007,35.782000000000004,21.0,18.0,54.72,0.0,0.0,0.0,0.0,0.0,4046.0,0.0,0.11,normal_baja_02,exp_17
2026-09-23 11:30:39,12.6,15.6,0.0,70.6,13931.0,2217.0,1855.0,50730.0,50730.0,0.0,50.0,18.0,14.0,748.79,0.0,0.0,0.0,0.0,0.0,0.0,0.0,0.0,normal_larga_01,exp_18
2026-09-23 11:30:45,7.7,17.7,0.0,73.7,13920.0,2227.0,1860.0,2462999.0,647541.0,0.0,13.0,27.0,22.0,252.69,0.0,0.0,0.0,0.0,0.0,0.0,0.0,0.0,normal_larga_01,exp_18
2026-09-23 11:30:50,8.5,41.6,0.0,48.8,13960.0,2187.0,1865.0,3988.0,1736066.0,0.0,48.2,28.0,16.0,849.11,0.0,0.0,0.0,0.0,0.0,4456.0,0.0,0.0,normal_larga_01,exp_18
2026-09-23 11:30:55,5.6,40.1,0.0,53.0,13934.0,2214.0,1870.0,436985.0,1218290.0,0.0,44.6,28.0,20.0,746.85,0.0,0.0,0.0,0.0,0.0,4456.0,0.0,0.0,normal_larga_01,exp_18
2026-09-23 11:31:01,8.5,43.1,0.0,46.5,13990.0,2158.0,1876.0,128202.0,1325197.0,0.0,36.66666666666666,27.0,17.0,773.71,0.0,0.0,0.0,0.0,0.0,4043.0,0.0,0.0,normal_larga_01,exp_18
2026-09-23 11:31:06,7.7,40.7,0.0,50.6,13984.0,2163.0,1881.0,664505.0,1280071.0,0.0,48.0,27.0,18.0,741.01,0.0,0.0,0.0,0.0,0.0,4043.0,0.0,0.0,normal_larga_01,exp_18
2026-09-23 11:31:11,6.2,42.5,0.0,50.0,13991.0,2157.0,1886.0,9463.0,1296184.0,0.0,54.6,28.0,21.0,748.79,0.0,0.0,0.0,0.0,0.0,4043.0,0.0,0.0,normal_larga_01,exp_18
2026-09-23 11:31:16,6.5,41.8,0.0,50.7,13976.0,2171.0,1892.0,15092.0,1553476.0,0.0,54.0,27.0,17.0,794.32,0.0,0.0,0.0,0.0,0.0,4029.0,0.0,0.08,normal_larga_01,exp_18
2026-09-23 11:31:22,5.0,41.3,0.0,52.3,13982.0,2166.0,1897.0,687760.0,2253233.0,0.0,45.66666666666666,27.0,19.0,816.57,0.0,0.0,0.0,0.0,0.0,4029.0,0.0,0.07,normal_larga_01,exp_18
2026-09-23 11:31:27,4.5,40.9,0.0,53.2,13975.0,2173.0,1903.0,72891.0,1293265.0,0.0,58.0,27.0,18.0,823.76,0.0,0.0,0.0,0.0,0.0,4035.0,0.0,0.15,normal_larga_01,exp_18
2026-09-23 11:31:32,5.8,42.6,0.0,50.2,13888.0,2259.0,1908.0,286895.0,2519342.0,0.0,50.0,27.0,19.0,802.11,0.0,0.0,0.0,0.0,0.0,4035.0,0.0,0.14,normal_larga_01,exp_18
2026-09-23 11:31:38,6.1,41.0,0.0,51.5,13886.0,2262.0,1913.0,46549.0,1372567.0,0.0,37.0,27.0,18.0,770.99,0.0,0.0,0.0,0.0,0.0,4035.0,0.0,0.12,normal_larga_01,exp_18
2026-09-23 11:31:43,7.8,42.7,0.0,48.0,13843.0,2305.0,1918.0,311507.0,1222496.0,0.0,47.4,27.0,20.0,765.83,0.0,0.0,0.0,0.0,0.0,4057.0,0.0,0.11,normal_larga_01,exp_18
2026-09-23 11:31:48,5.7,41.4,0.0,51.5,13848.0,2299.0,1924.0,67688.0,5780979.0,0.0,53.2,27.0,22.0,847.9,0.0,0.0,0.0,0.0,0.0,4057.0,0.0,0.11,normal_larga_01,exp_18
2026-09-23 11:31:53,8.6,44.0,0.0,45.9,13968.0,2180.0,1929.0,550581.0,1346942.0,0.0,53.2,27.0,21.0,743.02,0.0,0.0,0.0,0.0,0.0,4081.0,0.0,0.1,normal_larga_01,exp_18
2026-09-23 11:31:59,14.9,50.7,0.0,32.7,14320.0,1827.0,1934.0,745412.0,3007421.0,0.0,42.16666666666666,26.0,20.0,724.51,0.0,0.0,0.0,0.0,0.0,4081.0,0.0,0.17,normal_larga_01,exp_18
2026-09-23 11:32:04,8.9,44.8,0.0,44.9,14184.0,1963.0,1939.0,599902.0,1444567.0,0.0,62.88,25.0,16.0,773.93,0.0,0.0,0.0,0.0,0.0,4081.0,0.0,0.16,normal_larga_01,exp_18
2026-09-23 11:32:09,7.3,43.0,0.0,48.1,14102.0,2045.0,1945.0,219828.0,1793683.0,0.0,62.4,25.0,20.0,791.93,0.0,0.0,0.0,0.0,0.0,4055.0,0.0,0.14,normal_larga_01,exp_18
2026-09-23 11:32:15,7.4,42.2,0.0,48.9,13990.0,2157.0,1950.0,400554.0,1734054.0,0.0,53.16666666666666,25.0,20.0,778.85,0.0,0.0,0.0,0.0,0.0,4055.0,0.0,0.13,normal_larga_01,exp_18
2026-09-23 11:32:20,7.7,42.3,0.0,49.0,13988.0,2159.0,1955.0,48250.0,1576763.0,0.0,56.8,25.0,18.0,801.0,0.0,0.0,0.0,0.0,0.0,4061.0,0.0,0.19,normal_larga_01,exp_18
2026-09-23 11:32:25,9.0,44.4,0.0,44.8,13916.0,2231.0,1960.0,378050.0,1443018.0,0.0,52.6,25.0,20.0,748.34,0.0,0.0,0.0,0.0,0.0,4061.0,0.0,0.18,normal_larga_01,exp_18
2026-09-23 11:32:30,5.6,42.5,0.0,50.3,13886.0,2262.0,1966.0,236245.0,1364984.0,0.0,55.4,25.0,20.0,811.35,0.0,0.0,0.0,0.0,0.0,4061.0,0.0,0.16,normal_larga_01,exp_18
2026-09-23 11:32:36,5.4,43.0,0.0,50.2,13864.0,2283.0,1971.0,401928.0,1307388.0,0.0,46.333333333333336,25.0,16.0,806.46,0.0,0.0,0.0,0.0,0.0,4062.0,0.0,0.15,normal_larga_01,exp_18
2026-09-23 11:32:41,7.8,43.1,0.0,47.9,13860.0,2287.0,1976.0,875.0,1252141.0,0.0,48.8,25.0,19.0,784.11,0.0,0.0,0.0,0.0,0.0,4062.0,0.0,0.14,normal_larga_01,exp_18
2026-09-23 11:32:46,6.0,41.8,0.0,50.7,13862.0,2286.0,1981.0,324066.0,1576442.0,0.0,51.4,21.0,17.0,789.62,0.0,0.0,0.0,0.0,0.0,4048.0,0.0,0.13,normal_larga_01,exp_18
2026-09-23 11:32:52,6.7,42.7,0.0,49.0,13863.0,2284.0,1986.0,4769325.294999999,1534829.0,0.0,39.16666666666666,21.0,19.0,756.68,0.0,0.0,0.0,0.0,0.0,4048.0,0.0,0.44,normal_larga_01,exp_18
2026-09-23 11:32:57,6.7,42.1,0.0,49.9,13875.0,2272.0,1992.0,197359.0,1740741.0,0.0,50.6,22.0,14.0,783.21,0.0,0.0,0.0,0.0,0.0,4048.0,0.0,0.4,normal_larga_01,exp_18
2026-09-23 11:33:02,6.6,42.2,0.0,50.0,13948.0,2200.0,1997.0,197947.0,1307443.0,0.0,45.8,21.0,13.0,772.66,0.0,0.0,0.0,0.0,0.0,4048.0,0.0,0.37,normal_larga_01,exp_18
2026-09-23 11:33:07,6.5,41.4,0.0,50.4,13899.0,2248.0,2002.0,343682.0,1338904.0,0.0,47.6,20.0,16.0,827.01,0.0,0.0,0.0,0.0,0.0,4048.0,0.0,0.34,normal_larga_01,exp_18
2026-09-23 11:33:13,8.2,44.2,0.0,46.2,13912.0,2236.0,2008.0,16404.0,1211686.0,0.0,38.5,20.0,14.0,765.92,0.0,0.0,0.0,0.0,0.0,4083.0,0.0,0.31,normal_larga_01,exp_18
2026-09-23 11:33:18,7.4,42.6,0.0,48.4,13896.0,2252.0,2014.0,867.0,1303230.0,0.0,44.8,20.0,13.0,782.13,0.0,0.0,0.0,0.0,0.0,4083.0,0.0,0.37,normal_larga_01,exp_18
2026-09-23 11:33:23,7.9,42.7,0.0,47.9,13902.0,2245.0,2019.0,10921.0,1496454.0,0.0,56.8,20.0,15.0,802.23,0.0,0.0,0.0,0.0,0.0,4083.0,0.0,0.66,normal_larga_01,exp_18
2026-09-23 11:33:29,6.8,42.7,0.0,49.1,13900.0,2247.0,2024.0,205561.0,1621980.0,0.0,52.0,21.0,14.0,839.04,0.0,0.0,0.0,0.0,0.0,4054.0,0.0,0.67785,normal_larga_01,exp_18
2026-09-23 11:33:34,7.4,42.7,0.0,48.7,13850.0,2298.0,2030.0,25304.0,1455575.0,0.0,60.8,22.0,14.0,800.25,0.0,0.0,0.0,0.0,0.0,4054.0,0.0,0.63,normal_larga_01,exp_18
2026-09-23 11:33:39,5.2,40.7,0.0,51.9,13846.0,2301.0,2035.0,193463.0,1571975.0,0.0,60.0,22.0,16.0,734.84,0.0,0.0,0.0,0.0,0.0,4066.0,0.0,0.58,normal_larga_01,exp_18
2026-09-23 11:33:45,6.7,43.0,0.0,49.1,13839.0,2308.0,2040.0,272013.0,1361569.0,0.0,46.833333333333336,21.0,14.0,773.1,0.0,0.0,0.0,0.0,0.0,4066.0,0.0,0.53,normal_larga_01,exp_18
2026-09-23 11:33:50,8.6,45.9,0.0,44.0,13885.0,2263.0,2045.0,4327085.0,1508472.0,0.0,52.8,21.0,15.0,786.69,0.0,0.0,0.0,0.0,0.0,4066.0,0.0,0.45,normal_larga_01,exp_18
2026-09-23 11:33:55,7.0,43.1,0.0,48.6,13879.0,2268.0,2051.0,320370.0,1229978.0,0.0,54.4,21.0,12.0,778.5,0.0,0.0,0.0,0.0,0.0,4068.0,0.0,0.42,normal_larga_01,exp_18
2026-09-23 11:34:01,7.0,43.6,0.0,48.1,13932.0,2216.0,2056.0,86847.0,1740234.0,0.099999999999999,52.66666666666666,21.0,16.0,783.63,0.0,0.0,0.0,0.0,0.0,4068.0,0.0,0.46,normal_larga_01,exp_18
2026-09-23 11:34:06,12.9,46.0,0.0,39.2,14115.0,2032.0,2061.0,2020381.0,1641554.0,0.0,56.4,21.0,15.0,703.6,0.0,0.0,0.0,0.0,0.0,4078.0,0.0,0.43,normal_larga_01,exp_18
2026-09-23 11:34:11,20.8,48.6,0.0,28.7,14573.0,1574.0,2067.0,1813109.0,6825772.69,0.0,58.0,21.0,15.0,688.59,0.0,0.0,0.0,0.0,0.0,4078.0,0.0,0.39,normal_larga_01,exp_18
2026-09-23 11:34:17,17.9,49.5,0.0,30.8,14789.0,1359.0,2072.0,1785981.0,3112277.0,0.0,54.0,21.0,16.0,686.04,0.0,0.0,0.0,0.0,0.0,4078.0,0.0,0.36,normal_larga_01,exp_18
2026-09-23 11:34:22,10.3,45.1,0.0,43.2,14784.0,1363.0,2077.0,208097.0,3761555.0,0.0,56.2,21.0,13.0,701.65,0.0,0.0,0.0,0.0,0.0,4079.0,0.0,0.33,normal_larga_01,exp_18
2026-09-23 11:34:27,8.3,42.7,0.0,47.3,14623.0,1525.0,2082.0,870445.0,3738429.0,0.0,58.2,21.0,17.0,711.47,0.0,0.0,0.0,0.0,0.0,4079.0,0.0,0.3,normal_larga_01,exp_18
2026-09-23 11:34:33,12.8,45.9,0.0,39.6,14676.0,1471.0,2088.0,772307.0,4150518.0,0.0,45.16666666666666,21.0,15.0,721.79,0.0,0.0,0.0,0.0,0.0,4025.0,0.0,0.28,normal_larga_01,exp_18
2026-09-23 11:34:38,8.5,41.0,0.0,49.4,14486.0,1661.0,2093.0,1015570.0,3759597.0,0.0,59.4,21.0,11.0,818.81,0.0,0.0,0.0,0.0,0.0,4025.0,0.0,0.26,normal_larga_01,exp_18
2026-09-23 11:34:43,6.6,45.6,0.0,46.5,13736.0,2411.0,2098.0,237180.0,6398808.0,0.0,53.2,21.0,15.0,718.11,0.0,0.0,0.0,0.0,0.0,4025.0,0.0,0.24,normal_larga_01,exp_18
2026-09-23 11:34:48,9.6,42.6,0.0,46.5,13692.0,2455.0,2103.0,495464.0,1478853.0,0.0,59.2,22.0,14.0,791.6,0.0,0.0,0.0,0.0,0.0,4055.0,0.0,0.22,normal_larga_01,exp_18
2026-09-23 11:34:54,9.4,44.4,0.0,43.6,13927.0,2221.0,2109.0,1735.0,1323047.0,0.0,45.16666666666666,22.0,16.0,741.21,0.0,0.0,0.0,0.0,0.0,4055.0,0.0,0.2,normal_larga_01,exp_18
2026-09-23 11:34:59,10.6,42.0,0.0,45.6,13927.0,2220.0,2114.0,7099.0,1625624.0,0.0,56.0,22.0,15.0,663.04,0.0,0.0,0.0,0.0,0.0,4049.0,0.0,0.18,normal_larga_01,exp_18
2026-09-23 11:35:04,8.6,43.1,0.0,47.0,13762.0,2385.0,2119.0,16101.0,1586108.0,0.0,52.2,22.0,16.0,731.48,0.0,0.0,0.0,0.0,0.0,4049.0,0.0,0.17,normal_larga_01,exp_18
2026-09-23 11:35:10,7.3,41.6,0.0,49.9,13781.0,2366.0,2124.0,284138.0,1770614.0,0.0,44.0,22.0,19.0,746.79,0.0,0.0,0.0,0.0,0.0,4049.0,0.0,0.16,normal_larga_01,exp_18
2026-09-23 11:35:15,9.4,43.8,0.0,45.5,13774.0,2373.0,2130.0,53823.0,2224077.0,0.0,53.6,22.0,14.0,746.65,0.0,0.0,0.0,0.0,0.0,4073.0,0.0,0.14,normal_larga_01,exp_18
2026-09-23 11:35:20,7.4,43.1,0.0,47.7,13748.0,2399.0,2136.0,24782.0,1330056.0,0.0,46.8,22.0,16.0,713.05,0.0,0.0,0.0,0.0,0.0,4073.0,0.0,0.12,normal_larga_01,exp_18
2026-09-23 11:35:26,8.1,42.7,0.0,47.4,13741.0,2406.0,2141.0,27191.0,1208869.0,0.0,39.66666666666666,22.0,17.0,724.41,0.0,0.0,0.0,0.0,0.0,4070.0,0.0,0.11,normal_larga_01,exp_18
2026-09-23 11:35:31,6.1,41.6,0.0,50.8,13746.0,2401.0,2146.0,40324.0,1564041.0,0.0,50.2,22.0,17.0,765.72,0.0,0.0,0.0,0.0,0.0,4070.0,0.0,0.1,normal_larga_01,exp_18
2026-09-23 11:35:36,6.5,42.1,0.0,49.8,13718.0,2429.0,2152.0,527131.0,4782784.0,0.0,51.0,22.0,15.0,745.15,0.0,0.0,0.0,0.0,0.0,4070.0,0.0,0.09,normal_larga_01,exp_18
2026-09-23 11:35:41,7.1,42.0,0.0,49.4,13741.0,2406.0,2157.0,197374.0,1286124.0,0.0,47.4,22.0,18.0,715.73,0.0,0.0,0.0,0.0,0.0,4066.0,0.0,0.09,normal_larga_01,exp_18
2026-09-23 11:35:47,6.3,41.8,0.0,50.6,13681.0,2466.0,2162.0,69964.0,3721915.0,0.0,50.5,22.0,18.0,787.95,0.0,0.0,0.0,0.0,0.0,4066.0,0.0,0.08,normal_larga_01,exp_18
2026-09-23 11:35:52,7.3,43.4,0.0,48.0,13686.0,2462.0,2167.0,31704.0,1395285.0,0.0,55.6,23.0,18.0,785.05,0.0,0.0,0.0,0.0,0.0,4067.0,0.0,0.07,normal_larga_01,exp_18
2026-09-23 11:35:57,8.2,42.5,0.0,48.1,13673.0,2475.0,2173.0,3984.0,1363281.0,0.0,57.4,23.0,16.0,799.5,0.0,0.0,0.0,0.0,0.0,4067.0,0.0,0.07,normal_larga_01,exp_18
2026-09-23 11:36:03,8.4,43.3,0.0,47.0,13723.0,2425.0,2178.0,3999.0,1470626.0,0.0,40.16666666666666,23.0,17.0,784.38,0.0,0.0,0.0,0.0,0.0,4075.0,0.0,0.06,normal_larga_01,exp_18
2026-09-23 11:36:08,7.3,42.8,0.0,47.6,13725.0,2422.0,2183.0,16270.0,1345375.0,0.0,52.8,22.0,13.0,719.58,0.0,0.0,0.0,0.0,0.0,4075.0,0.0,0.06,normal_larga_01,exp_18
2026-09-23 11:36:13,6.8,44.0,0.0,48.1,13798.0,2349.0,2188.0,16225.0,1221691.0,0.0,52.0,22.0,14.0,719.49,0.0,0.0,0.0,0.0,0.0,4075.0,0.0,0.05,normal_larga_01,exp_18
2026-09-23 11:36:19,7.3,42.7,0.0,48.6,13798.0,2349.0,2194.0,3957.0,1580556.0,0.0,44.5,23.0,17.0,770.67,0.0,0.0,0.0,0.0,0.0,4080.0,0.0,0.53,normal_larga_01,exp_18
2026-09-23 11:36:24,7.7,43.2,0.0,47.4,13765.0,2382.0,2199.0,3935.0,1134317.0,0.0,48.4,23.0,20.0,788.72,0.0,0.0,0.0,0.0,0.0,4080.0,0.0,0.49,normal_larga_01,exp_18
2026-09-23 11:36:29,10.7,45.8,0.0,42.0,13769.0,2378.0,2204.0,203655.0,1270981.0,0.0,42.4,23.0,18.0,714.65,0.0,0.0,0.0,0.0,0.0,4099.0,0.0,0.45,normal_larga_01,exp_18
2026-09-23 11:36:34,8.7,43.8,0.0,46.1,13779.0,2369.0,2209.0,7049.0,1690534.0,0.0,48.0,22.0,14.0,718.71,0.0,0.0,0.0,0.0,0.0,4099.0,0.0,0.41,normal_larga_01,exp_18
2026-09-23 11:36:40,9.8,43.9,0.0,45.0,13912.0,2236.0,2215.0,48518.0,5363213.0,0.0,35.333333333333336,22.0,18.0,745.15,0.0,0.0,0.0,0.0,0.0,4099.0,0.0,0.46,normal_larga_01,exp_18
2026-09-23 11:36:45,12.3,44.5,0.0,41.5,14019.0,2128.0,2220.0,279374.0,1839118.0,0.0,50.8,23.0,17.0,709.39,0.0,0.0,0.0,0.0,0.0,4077.0,0.0,0.42,normal_larga_01,exp_18
2026-09-23 11:36:50,8.8,45.1,0.0,44.6,13979.0,2168.0,2225.0,99341.0,6258576.0,0.0,56.2,23.0,17.0,761.65,0.0,0.0,0.0,0.0,0.0,4077.0,0.0,0.36,normal_larga_01,exp_18
2026-09-23 11:36:56,9.6,44.9,0.0,44.0,13953.0,2194.0,2231.0,236692.0,6701952.0,0.0,42.5,22.0,17.0,724.39,0.0,0.0,0.0,0.0,0.0,4076.0,0.0,0.33,normal_larga_01,exp_18
2026-09-23 11:37:01,11.9,43.9,0.0,42.8,13991.0,2157.0,2236.0,31378.0,1610030.0,0.0,49.0,23.0,17.0,736.74,0.0,0.0,0.0,0.0,0.0,4076.0,0.0,0.3,normal_larga_01,exp_18
2026-09-23 11:37:06,14.3,45.4,0.0,38.4,14043.0,2104.0,2241.0,333996.0,6039172.0,0.0,45.6,23.0,15.0,698.06,0.0,0.0,0.0,0.0,0.0,4076.0,0.0,0.28,normal_larga_01,exp_18
2026-09-23 11:37:12,11.1,43.9,0.0,43.8,14046.0,2102.0,2246.0,23519.0,1349846.0,0.0,40.66666666666666,22.0,17.0,704.28,0.0,0.0,0.0,0.0,0.0,4045.0,0.0,0.26,normal_larga_01,exp_18
2026-09-23 11:37:17,14.9,37.2,0.0,46.1,14251.0,1897.0,2252.0,22641.0,797573.0,0.0,31.2,22.0,17.0,464.97,0.0,0.0,0.0,0.0,0.0,4045.0,0.0,0.24,normal_larga_01,exp_18
2026-09-23 11:37:22,12.2,44.2,0.0,40.9,14299.0,1848.0,2258.0,3295897.0,4197627.0,0.0,43.0,22.0,17.0,716.91,0.0,0.0,0.0,0.0,0.0,4056.0,0.0,0.3,normal_larga_01,exp_18
2026-09-23 11:37:28,11.4,47.8,0.0,38.7,14116.0,2032.0,2263.0,1609818.0,3409168.0,0.0,32.666666666666664,22.0,14.0,645.52,0.0,0.0,0.0,0.0,0.0,4056.0,0.0,0.27,normal_larga_01,exp_18
2026-09-23 11:37:33,12.1,47.1,0.0,38.6,14178.0,1969.0,2269.0,1131465.0,1430784.0,0.0,39.0,22.0,17.0,697.54,0.0,0.0,0.0,0.0,0.0,4056.0,0.0,0.25,normal_larga_01,exp_18
2026-09-23 11:37:38,18.4,48.8,0.0,31.1,14131.0,2016.0,2274.0,469826.0,2249695.0,0.0,39.4,22.0,19.0,639.76,0.0,0.0,0.0,0.0,0.0,4069.0,0.0,0.23,normal_larga_01,exp_18
2026-09-23 11:37:44,17.6,44.0,0.0,37.1,14098.0,2049.0,2279.0,1220581.0,1117258.0,0.0,31.666666666666668,14.0,11.0,573.66,0.0,0.0,0.0,0.0,0.0,4069.0,0.0,0.21,normal_larga_01,exp_18
2026-09-23 11:37:49,17.7,13.0,0.0,68.1,14070.0,2077.0,2284.0,797196.0,357781.0,0.0,0.0,12.0,9.0,0.58,0.0,0.0,0.0,0.0,0.0,4063.0,0.0,0.2,normal_larga_01,exp_18
2026-09-23 11:14:58,14.3,14.3,0.0,70.1,13345.0,2803.0,967.0,47675.0,0.0,0.0,32.266666666666666,22.0,18.0,421.835,0.0,0.0,0.0,0.0,0.0,0.0,0.0,0.0,normal_media_01,exp_19
2026-09-23 11:15:03,7.7,21.8,0.0,69.5,13341.0,2806.0,973.0,104698.0,466138.0,0.0,13.8,29.0,23.0,190.22,0.0,0.0,0.0,0.0,0.0,0.0,0.0,0.0,normal_media_01,exp_19
2026-09-23 11:15:09,8.4,41.3,0.0,48.6,13300.0,2848.0,978.0,222299.0,952502.0,0.0,28.5,29.0,22.0,475.82,0.0,0.0,0.0,0.0,0.0,4596.0,0.0,0.0,normal_media_01,exp_19
2026-09-23 11:15:14,8.2,41.5,0.0,48.0,13333.0,2815.0,983.0,157291.0,1128604.0,0.0,32.2,29.0,23.0,440.31,0.0,0.0,0.0,0.0,0.0,4596.0,0.0,0.0,normal_media_01,exp_19
2026-09-23 11:15:19,7.7,39.7,0.0,50.8,13297.0,2851.0,988.0,51062.0,837480.0,0.0,32.2,30.0,22.0,452.12,0.0,0.0,0.0,0.0,0.0,4596.0,0.0,0.0,normal_media_01,exp_19
2026-09-23 11:15:24,8.6,41.2,0.0,48.6,13321.0,2826.0,993.0,878.0,833993.0,0.0,30.0,30.0,24.0,421.09,0.0,0.0,0.0,0.0,0.0,4064.0,0.0,0.0,normal_media_01,exp_19
2026-09-23 11:15:30,9.4,40.2,0.0,48.9,13306.0,2841.0,999.0,30108.0,1026669.0,0.0,24.5,29.0,24.0,387.4,0.0,0.0,0.0,0.0,0.0,4064.0,0.0,0.0,normal_media_01,exp_19
2026-09-23 11:15:35,8.7,40.2,0.0,49.3,13351.0,2796.0,1004.0,209010.0,995365.0,0.0,31.8,30.0,24.0,387.02,0.0,0.0,0.0,0.0,0.0,4090.0,0.0,0.0,normal_media_01,exp_19
2026-09-23 11:15:40,9.1,39.7,0.0,49.5,13296.0,2851.0,1009.0,878.0,868497.0,0.0,33.4,30.0,25.0,520.22,0.0,0.0,0.0,0.0,0.0,4090.0,0.0,0.0,normal_media_01,exp_19
2026-09-23 11:15:45,10.6,42.3,0.0,45.2,13370.0,2778.0,1014.0,207412.0,1219142.0,0.0,29.2,29.0,23.0,436.0,0.0,0.0,0.0,0.0,0.0,4090.0,0.0,0.0,normal_media_01,exp_19
2026-09-23 11:15:51,11.5,42.7,0.0,43.5,13381.0,2767.0,1019.0,879.0,803737.0,0.0,25.5,29.0,25.0,412.04,0.0,0.0,0.0,0.0,0.0,4085.0,0.0,0.0,normal_media_01,exp_19
2026-09-23 11:15:56,6.6,42.5,0.0,49.2,13431.0,2717.0,1026.0,30849.0,1120728.0,0.0,33.4,30.0,21.0,410.35,0.0,0.0,0.0,0.0,0.0,4085.0,0.0,0.0,normal_media_01,exp_19
2026-09-23 11:16:01,6.5,39.1,0.0,52.5,13429.0,2718.0,1031.0,13379.0,957125.0,0.0,34.8,30.0,24.0,429.72,0.0,0.0,0.0,0.0,0.0,4080.0,0.0,0.0,normal_media_01,exp_19
2026-09-23 11:16:06,6.8,42.5,0.0,48.7,13403.0,2744.0,1036.0,140428.0,926595.0,0.0,32.6,29.0,23.0,395.23,0.0,0.0,0.0,0.0,0.0,4080.0,0.0,0.0,normal_media_01,exp_19
2026-09-23 11:16:12,7.2,41.6,0.0,49.2,13422.0,2725.0,1041.0,29146.0,2428545.0,0.0,28.166666666666668,29.0,24.0,467.1,0.0,0.0,0.0,0.0,0.0,4080.0,0.0,0.0,normal_media_01,exp_19
2026-09-23 11:16:17,7.9,41.5,0.0,48.3,13388.0,2759.0,1047.0,550022.0,1058975.0,0.0,32.4,28.0,23.0,416.24,0.0,0.0,0.0,0.0,0.0,4047.0,0.0,0.0,normal_media_01,exp_19
2026-09-23 11:16:22,8.1,40.7,0.0,49.1,13406.0,2741.0,1052.0,10144.0,931421.0,0.0,31.4,27.0,20.0,357.38,0.0,0.0,0.0,0.0,0.0,4047.0,0.0,0.0,normal_media_01,exp_19
2026-09-23 11:16:27,7.4,39.6,0.0,51.3,13345.0,2802.0,1057.0,297435.0,1183133.0,0.0,31.2,27.0,24.0,432.47,0.0,0.0,0.0,0.0,0.0,4053.0,0.0,0.0,normal_media_01,exp_19
2026-09-23 11:16:33,7.6,41.0,0.0,49.7,13387.0,2760.0,1062.0,37748.0,1259505.0,0.0,27.5,27.0,22.0,436.73,0.0,0.0,0.0,0.0,0.0,4053.0,0.0,0.0,normal_media_01,exp_19
2026-09-23 11:16:38,12.9,48.5,0.0,36.1,13632.0,2516.0,1068.0,2042371.0,1710505.0,0.0,27.2,27.0,23.0,355.81,0.0,0.0,0.0,0.0,0.0,4047.0,0.0,0.32,normal_media_01,exp_19
2026-09-23 11:16:43,21.6,47.8,0.0,28.6,13822.0,2326.0,1073.0,2016820.0,7229348.0,0.0,30.0,27.0,24.0,393.35,0.0,0.0,0.0,0.0,0.0,4047.0,0.0,0.27,normal_media_01,exp_19
2026-09-23 11:16:49,14.6,43.6,0.0,39.8,13821.0,2327.0,1078.0,987583.0,6787625.0,0.0,25.83333333333333,26.0,21.0,403.94,0.0,0.0,0.0,0.0,0.0,4047.0,0.0,0.25,normal_media_01,exp_19
2026-09-23 11:16:54,11.8,43.7,0.0,42.6,13746.0,2401.0,1083.0,14995.0,1055802.0,0.0,32.4,20.0,18.0,397.57,0.0,0.0,0.0,0.0,0.0,4049.0,0.0,0.23,normal_media_01,exp_19
2026-09-23 11:16:59,13.7,41.9,0.0,42.6,13628.0,2519.0,1089.0,392517.0,1496636.0,0.0,33.8,19.0,14.0,426.87,0.0,0.0,0.0,0.0,0.0,4049.0,0.0,0.21,normal_media_01,exp_19
2026-09-23 11:17:04,10.2,41.7,0.0,46.1,13651.0,2496.0,1094.0,199934.0,970901.0,0.0,30.8,19.0,13.0,394.86,0.0,0.0,0.0,0.0,0.0,4058.0,0.0,0.19,normal_media_01,exp_19
2026-09-23 11:17:10,10.4,41.4,0.0,45.7,13636.0,2511.0,1099.0,1657112.0,3908705.0,0.0,25.666666666666668,19.0,16.0,396.11,0.0,0.0,0.0,0.0,0.0,4058.0,0.0,0.18,normal_media_01,exp_19
2026-09-23 11:17:15,10.9,40.8,0.0,46.0,13598.0,2549.0,1104.0,410488.0,1125751.0,0.0,31.0,19.0,17.0,377.2,0.0,0.0,0.0,0.0,0.0,4058.0,0.0,0.16,normal_media_01,exp_19
2026-09-23 11:17:20,12.1,43.1,0.0,42.0,13627.0,2520.0,1109.0,402109.0,1765021.0,0.0,33.8,19.0,16.0,422.58,0.0,0.0,0.0,0.0,0.0,4077.0,0.0,0.15,normal_media_01,exp_19
2026-09-23 11:17:26,9.8,41.8,0.0,46.1,13592.0,2556.0,1115.0,873.0,1066999.0,0.0,28.83333333333333,19.0,16.0,413.16,0.0,0.0,0.0,0.0,0.0,4077.0,0.0,0.14,normal_media_01,exp_19
2026-09-23 11:17:31,7.3,40.6,0.0,50.2,13620.0,2528.0,1120.0,870.0,1309545.0,0.0,32.8,20.0,17.0,354.63,0.0,0.0,0.0,0.0,0.0,4057.0,0.0,0.13,normal_media_01,exp_19
2026-09-23 11:17:36,5.7,38.6,0.0,53.4,13585.0,2562.0,1125.0,880.0,869036.0,0.0,34.8,20.0,16.0,401.66,0.0,0.0,0.0,0.0,0.0,4057.0,0.0,0.12,normal_media_01,exp_19
2026-09-23 11:17:41,9.0,41.4,0.0,47.2,13562.0,2585.0,1130.0,2507.0,1550607.0,0.0,33.6,20.0,16.0,397.24,0.0,0.0,0.0,0.0,0.0,4057.0,0.0,0.11,normal_media_01,exp_19
2026-09-23 11:17:47,7.3,41.8,0.0,48.6,13609.0,2538.0,1137.0,25522.0,953957.0,0.0,27.33333333333333,20.0,17.0,360.5,0.0,0.0,0.0,0.0,0.0,4072.0,0.0,0.1,normal_media_01,exp_19
2026-09-23 11:17:52,12.9,46.7,0.0,38.0,13852.0,2295.0,1144.0,33258617.999999985,17769973.0,0.0,25.4,20.0,17.0,339.41,0.0,0.0,0.0,0.0,0.0,55076.0,0.0,0.09,normal_media_01,exp_19
2026-09-23 11:18:54,12.9,51.9,0.0,8.7,14278.0,1869.0,1150.0,13615651.0,1496692.0,0.0,1.8064516129032255,20.0,17.0,25.95,0.0,0.0,0.0,0.0,0.0,55076.0,0.0,1.8864,normal_media_01,exp_19
2026-09-23 11:18:59,17.5,51.0,0.0,29.6,14252.0,1895.0,1155.0,9746679.0,4057158.0,0.0,35.4,21.0,17.0,478.75,0.0,0.0,0.0,0.0,0.0,55076.0,0.0,1.76,normal_media_01,exp_19
2026-09-23 11:19:04,12.6,43.2,0.0,42.5,14179.0,1968.0,1160.0,4737963.0,2269434.0,0.0,41.565,20.0,15.0,544.71,0.0,0.0,0.0,0.0,0.0,4058.0,0.0,1.78,normal_media_01,exp_19
2026-09-23 11:19:10,6.2,38.8,0.0,53.3,14206.0,1941.0,1165.0,7152962.0,1239405.0,0.0,33.0,20.0,16.0,500.54,0.0,0.0,0.0,0.0,0.0,4058.0,0.0,1.64,normal_media_01,exp_19
2026-09-23 11:19:15,7.6,39.7,0.0,50.7,14176.0,1972.0,1170.0,670152.0,1664419.0,0.0,40.0,20.0,17.0,531.08,0.0,0.0,0.0,0.0,0.0,4041.0,0.0,1.39,normal_media_01,exp_19
2026-09-23 11:19:20,9.1,44.1,0.0,44.6,14166.0,1982.0,1175.0,2395681.0,3689877.0,0.0,40.8,20.0,14.0,468.04,0.0,0.0,0.0,0.0,0.0,4041.0,0.0,1.28,normal_media_01,exp_19
2026-09-23 11:19:25,6.4,39.4,0.0,52.7,14118.0,2029.0,1181.0,1415219.0,1324112.0,0.0,39.8,20.0,17.0,469.46,0.0,0.0,0.0,0.0,0.0,4041.0,0.0,1.17,normal_media_01,exp_19
2026-09-23 11:19:31,8.9,43.4,0.0,45.8,14078.0,2069.0,1186.0,3572643.0,1376853.0,0.0,32.333333333333336,20.0,15.0,562.07,0.0,0.0,0.0,0.0,0.0,4064.0,0.0,1.24,normal_media_01,exp_19
2026-09-23 11:19:36,10.3,40.7,0.0,47.1,14245.0,1903.0,1191.0,5087852.0,1413754.0,0.0,39.8,20.0,16.0,550.78,0.0,0.0,0.0,0.0,0.0,4064.0,0.0,1.14,normal_media_01,exp_19
2026-09-23 11:19:41,8.2,40.2,0.0,49.6,14216.0,1931.0,1196.0,491656.0,1272330.0,0.0,40.6,20.0,17.0,526.42,0.0,0.0,0.0,0.0,0.0,4044.0,0.0,1.05,normal_media_01,exp_19
2026-09-23 11:19:46,17.2,45.7,0.0,34.8,14473.0,1674.0,1201.0,3338618.0,5007877.0,0.0,36.2,28.0,25.0,494.94,0.0,0.0,0.0,0.0,0.0,4044.0,0.0,0.97,normal_media_01,exp_19
2026-09-23 11:19:51,24.3,51.3,0.0,21.9,14455.0,1692.0,1206.0,27471275.0,31523217.999999963,0.0,36.4,29.0,25.0,496.04,0.0,0.0,0.0,0.0,0.0,4044.0,0.0,0.89,normal_media_01,exp_19
2026-09-23 11:19:56,11.1,41.9,0.0,44.8,14347.0,1800.0,1211.0,1061335.0,7567290.0,0.0,38.8,28.0,23.0,502.06,0.0,0.0,0.0,0.0,0.0,4054.0,0.0,0.82,normal_media_01,exp_19
2026-09-23 11:20:02,7.9,38.4,0.0,50.7,14270.0,1878.0,1217.0,258805.0,1442411.0,0.0,32.666666666666664,20.0,17.0,474.39,0.0,0.0,0.0,0.0,0.0,4054.0,0.0,0.75,normal_media_01,exp_19
2026-09-23 11:20:07,10.0,11.4,0.0,77.1,14254.0,1894.0,1222.0,23228.0,191509.0,0.0,0.0,20.0,17.0,0.19,0.0,0.0,0.0,0.0,0.0,4054.0,0.0,0.69,normal_media_01,exp_19
2026-09-23 11:20:18,14.6,17.8,0.0,65.8,14304.0,1843.0,1234.0,163332.0,9757998.674999986,0.0,44.8,21.0,17.0,586.76,0.0,0.0,0.0,0.0,0.0,0.0,0.0,0.0,normal_media_02,exp_20
2026-09-23 11:20:24,13.4,25.2,0.0,60.2,14213.0,1935.0,1239.0,45224.0,473985.0,0.0,11.333333333333334,34.0,28.0,241.8,0.0,0.0,0.0,0.0,0.0,0.0,0.0,0.0,normal_media_02,exp_20
2026-09-23 11:20:29,11.0,43.7,0.0,43.5,14289.0,1858.0,1244.0,3988.0,1147914.0,0.0,40.8,34.0,25.0,582.26,0.0,0.0,0.0,0.0,0.0,4578.0,0.0,0.16,normal_media_02,exp_20
2026-09-23 11:20:34,9.2,43.7,0.0,45.6,14226.0,1921.0,1249.0,4789.0,1123194.0,0.0,44.4,34.0,25.0,544.62,0.0,0.0,0.0,0.0,0.0,4578.0,0.0,0.15,normal_media_02,exp_20
2026-09-23 11:20:40,10.6,42.1,0.0,45.2,14214.0,1933.0,1254.0,106422.0,1373129.0,0.0,33.666666666666664,34.0,29.0,511.7,0.0,0.0,0.0,0.0,0.0,4578.0,0.0,0.14,normal_media_02,exp_20
2026-09-23 11:20:45,10.5,43.8,0.0,43.8,14245.0,1903.0,1260.0,359084.0,1191961.0,0.0,43.6,34.0,29.0,522.7,0.0,0.0,0.0,0.0,0.0,4068.0,0.0,0.12,normal_media_02,exp_20
2026-09-23 11:20:50,14.1,46.8,0.0,37.1,14394.0,1753.0,1266.0,461251.0,1193990.0,0.0,40.2,34.0,29.0,524.42,0.0,0.0,0.0,0.0,0.0,4068.0,0.0,0.19,normal_media_02,exp_20
2026-09-23 11:20:56,13.1,45.7,0.0,39.0,14615.0,1533.0,1271.0,436319.0,1495109.0,0.0,31.166666666666668,34.0,27.0,521.78,0.0,0.0,0.0,0.0,0.0,4068.0,0.0,1.13715,normal_media_02,exp_20
2026-09-23 11:21:01,14.0,50.3,0.0,33.2,14949.0,1198.0,1276.0,3638325.0,1197425.0,0.0,39.2,35.0,29.0,491.07,0.0,0.0,0.0,0.0,0.0,4068.0,0.0,1.13,normal_media_02,exp_20
2026-09-23 11:21:06,11.0,47.8,0.0,39.2,14875.0,1272.0,1282.0,200581.0,1485343.0,0.0,39.2,34.0,28.0,512.71,0.0,0.0,0.0,0.0,0.0,4065.0,0.0,1.04,normal_media_02,exp_20
2026-09-23 11:21:11,11.2,44.0,0.0,42.6,14829.0,1318.0,1287.0,25346.0,1214576.0,0.0,42.4,34.0,28.0,580.59,0.0,0.0,0.0,0.0,0.0,4065.0,0.0,0.95,normal_media_02,exp_20
2026-09-23 11:21:17,11.7,47.6,0.0,38.3,14861.0,1286.0,1292.0,218897.0,1544491.0,0.0,33.5,34.0,27.0,555.55,0.0,0.0,0.0,0.0,0.0,4065.0,0.0,0.96,normal_media_02,exp_20
2026-09-23 11:21:22,13.0,51.1,0.0,33.7,14898.0,1249.0,1297.0,66738.0,1569463.0,0.0,42.8,34.0,28.0,536.34,0.0,0.0,0.0,0.0,0.0,4042.0,0.0,0.88,normal_media_02,exp_20
2026-09-23 11:21:27,13.1,50.8,0.0,33.3,14942.0,1205.0,1303.0,621912.0,1177516.0,0.0,38.2,34.0,28.0,534.09,0.0,0.0,0.0,0.0,0.0,4042.0,0.0,0.81,normal_media_02,exp_20
2026-09-23 11:21:33,13.2,46.0,0.0,38.9,14814.0,1334.0,1308.0,67594.0,1229292.0,0.0,38.5,34.0,29.0,593.81,0.0,0.0,0.0,0.0,0.0,4070.0,0.0,0.75,normal_media_02,exp_20
2026-09-23 11:21:38,13.1,46.7,0.0,38.4,14823.0,1324.0,1313.0,603121.0,1057440.0,0.0,40.8,33.0,26.0,554.45,0.0,0.0,0.0,0.0,0.0,4070.0,0.0,0.69,normal_media_02,exp_20
2026-09-23 11:21:43,13.3,46.4,0.0,37.9,14558.0,1590.0,1319.0,208631.0,1418201.0,0.0,44.8,32.0,27.0,558.51,0.0,0.0,0.0,0.0,0.0,4070.0,0.0,0.63,normal_media_02,exp_20
2026-09-23 11:21:49,13.8,45.5,0.0,38.9,14624.0,1524.0,1324.0,596971.0,1377580.0,0.0,33.0,32.0,25.0,554.98,0.0,0.0,0.0,0.0,0.0,4042.0,0.0,0.58,normal_media_02,exp_20
2026-09-23 11:21:54,17.1,47.6,0.0,33.3,14657.0,1490.0,1329.0,596075.0,2189200.0,0.0,42.2,32.0,26.0,542.08,0.0,0.0,0.0,0.0,0.0,4042.0,0.0,0.65,normal_media_02,exp_20
2026-09-23 11:21:59,8.3,42.7,0.0,47.1,14635.0,1512.0,1334.0,2177085.0,3867401.0,0.0,42.6,32.0,28.0,523.15,0.0,0.0,0.0,0.0,0.0,4048.0,0.0,0.59,normal_media_02,exp_20
2026-09-23 11:22:04,8.9,44.5,0.0,44.5,14520.0,1627.0,1340.0,167150.0,5725545.0,0.0,45.0,32.0,28.0,573.07,0.0,0.0,0.0,0.0,0.0,4048.0,0.0,0.55,normal_media_02,exp_20
2026-09-23 11:22:10,10.9,44.0,0.0,42.8,14577.0,1571.0,1345.0,712709.0,1488840.0,0.0,41.5,32.0,28.0,586.76,0.0,0.0,0.0,0.0,0.0,4048.0,0.0,0.5,normal_media_02,exp_20
2026-09-23 11:22:15,14.5,48.0,0.0,35.4,14749.0,1398.0,1350.0,16001466.984999968,1480890.0,0.0,47.4,32.0,26.0,533.97,0.0,0.0,0.0,0.0,0.0,4043.0,0.0,0.54,normal_media_02,exp_20
2026-09-23 11:22:20,10.2,44.5,0.0,43.2,14839.0,1308.0,1355.0,982256.0,2764612.0,0.0,43.8,32.0,28.0,540.17,0.0,0.0,0.0,0.0,0.0,4043.0,0.0,0.5,normal_media_02,exp_20
2026-09-23 11:22:26,14.0,46.1,0.0,37.3,14629.0,1518.0,1361.0,260530.0,1355491.0,0.0,37.333333333333336,33.0,27.0,584.51,0.0,0.0,0.0,0.0,0.0,4075.0,0.0,0.62,normal_media_02,exp_20
2026-09-23 11:22:31,6.3,41.9,0.0,48.7,14527.0,1621.0,1366.0,599868.0,1664440.0,0.0,43.6,33.0,29.0,570.9,0.0,0.0,0.0,0.0,0.0,4075.0,0.0,0.57,normal_media_02,exp_20
2026-09-23 11:22:36,9.7,46.3,0.0,42.4,14543.0,1604.0,1371.0,1652.0,1091681.0,0.0,43.2,32.0,26.0,598.65,0.0,0.0,0.0,0.0,0.0,4075.0,0.0,0.52,normal_media_02,exp_20
2026-09-23 11:22:42,10.1,44.4,0.0,43.3,14660.0,1487.0,1376.0,212605.0,2344189.0,0.0,34.333333333333336,32.0,26.0,541.26,0.0,0.0,0.0,0.0,0.0,4062.0,0.0,0.48,normal_media_02,exp_20
2026-09-23 11:22:47,9.5,44.6,0.0,43.6,14605.0,1543.0,1382.0,72461.0,1420359.0,0.0,42.4,26.0,22.0,543.36,0.0,0.0,0.0,0.0,0.0,4062.0,0.0,0.44,normal_media_02,exp_20
2026-09-23 11:22:52,13.0,43.9,0.0,41.4,14546.0,1601.0,1388.0,408322.0,1280606.0,0.0,44.6,26.0,20.0,620.43,0.0,0.0,0.0,0.0,0.0,4055.0,0.0,0.41,normal_media_02,exp_20
2026-09-23 11:22:57,9.9,42.4,0.0,46.1,14518.0,1629.0,1393.0,871.0,1017398.0,0.0,42.2,26.0,22.0,517.95,0.0,0.0,0.0,0.0,0.0,4055.0,0.0,0.46,normal_media_02,exp_20
2026-09-23 11:23:03,10.9,43.8,0.0,43.1,14507.0,1640.0,1398.0,592254.0,1557997.0,0.0,38.5,26.0,22.0,525.48,0.0,0.0,0.0,0.0,0.0,4055.0,0.0,0.42,normal_media_02,exp_20
2026-09-23 11:23:08,9.4,43.6,0.0,45.0,14508.0,1640.0,1403.0,1824756.0,5295992.0,0.0,44.8,26.0,21.0,543.5,0.0,0.0,0.0,0.0,0.0,4073.0,0.0,0.47,normal_media_02,exp_20
2026-09-23 11:23:13,7.2,44.6,0.0,46.3,14504.0,1643.0,1409.0,783516.0,1405581.0,0.0,58.0,26.0,16.0,683.97,0.0,0.0,0.0,0.0,0.0,4073.0,0.0,0.43,normal_media_02,exp_20
2026-09-23 11:23:19,9.0,46.9,0.0,42.7,14520.0,1628.0,1414.0,180719.0,3995069.0,0.0,57.833333333333336,26.0,15.0,893.81,0.0,0.0,0.0,0.0,0.0,4042.0,0.0,0.39,normal_media_02,exp_20
2026-09-23 11:23:24,7.6,44.1,0.0,46.7,14500.0,1648.0,1420.0,271683.0,1464984.0,0.0,64.0,26.0,19.0,839.1,0.0,0.0,0.0,0.0,0.0,4042.0,0.0,0.33,normal_media_02,exp_20
2026-09-23 11:23:30,7.3,44.0,0.0,47.3,14496.0,1651.0,1425.0,32114.0,1677171.0,0.0,48.66666666666666,26.0,17.0,835.87,0.0,0.0,0.0,0.0,0.0,4042.0,0.0,0.39,normal_media_02,exp_20
2026-09-23 11:23:35,7.7,44.4,0.0,46.2,14479.0,1669.0,1430.0,516461.0,1374201.0,0.0,59.8,26.0,18.0,897.59,0.0,0.0,0.0,0.0,0.0,4098.0,0.0,0.36,normal_media_02,exp_20
2026-09-23 11:23:40,6.6,43.8,0.0,48.2,14049.0,2098.0,1436.0,139783.0,1442095.0,0.0,66.6,26.0,19.0,924.93,0.0,0.0,0.0,0.0,0.0,4098.0,0.0,0.33,normal_media_02,exp_20
2026-09-23 11:23:46,6.3,44.4,0.0,48.0,13904.0,2244.0,1441.0,606079.0,2165374.0,0.0,58.333333333333336,26.0,17.0,920.59,0.0,0.0,0.0,0.0,0.0,4057.0,0.0,0.3,normal_media_02,exp_20
2026-09-23 11:23:51,8.4,45.8,0.0,44.7,13914.0,2233.0,1446.0,2158824.0,2502995.0,0.0,64.6,27.0,21.0,934.88,0.0,0.0,0.0,0.0,0.0,4057.0,0.0,0.36,normal_media_02,exp_20
2026-09-23 11:23:57,8.3,45.2,0.0,45.1,13955.0,2192.0,1452.0,9800716.0,2914608.0,0.0,46.833333333333336,27.0,23.0,853.52,0.0,0.0,0.0,0.0,0.0,4068.0,0.0,0.33,normal_media_02,exp_20
2026-09-23 11:24:02,7.0,44.1,0.0,47.5,13962.0,2185.0,1457.0,167328.0,1551921.0,0.0,57.2,26.0,16.0,999.15,0.0,0.0,0.0,0.0,0.0,4068.0,0.0,0.3,normal_media_02,exp_20
2026-09-23 11:24:07,6.0,41.1,0.0,51.5,13962.0,2185.0,1462.0,196100.0,1631248.0,0.0,58.4,26.0,18.0,958.36,0.0,0.0,0.0,0.0,0.0,4068.0,0.0,0.28,normal_media_02,exp_20
2026-09-23 11:24:13,7.0,42.3,0.0,49.3,13923.0,2224.0,1468.0,388325.0,1806242.0,0.0,57.833333333333336,26.0,19.0,1022.13,0.0,0.0,0.0,0.0,0.0,4037.0,0.0,0.26,normal_media_02,exp_20
2026-09-23 11:24:18,8.0,44.6,0.0,45.8,14005.0,2143.0,1473.0,499497.0,7153293.0,0.0,58.8,26.0,16.0,897.06,0.0,0.0,0.0,0.0,0.0,4037.0,0.0,0.24,normal_media_02,exp_20
2026-09-23 11:24:23,6.9,44.1,0.0,47.6,13990.0,2158.0,1478.0,475314.0,2104357.0,0.0,68.0,26.0,20.0,890.04,0.0,0.0,0.0,0.0,0.0,4040.0,0.0,0.22,normal_media_02,exp_20
2026-09-23 11:24:29,11.4,48.0,0.0,38.8,14268.0,1879.0,1484.0,178352.0,1719916.0,0.0,49.5,26.0,20.0,845.1,0.0,0.0,0.0,0.0,0.0,4040.0,0.0,0.2,normal_media_02,exp_20
2026-09-23 11:24:34,13.4,46.3,0.0,38.7,14384.0,1764.0,1489.0,1537372.0,4060461.0,0.0,61.4,26.0,20.0,863.76,0.0,0.0,0.0,0.0,0.0,4040.0,0.0,0.76,normal_media_02,exp_20
2026-09-23 11:24:40,13.9,48.3,0.0,35.9,14448.0,1700.0,1495.0,527135.0,1515618.0,0.0,60.833333333333336,26.0,20.0,834.55,0.0,0.0,0.0,0.0,0.0,4042.0,0.0,1.1,normal_media_02,exp_20
2026-09-23 11:24:45,11.5,47.0,0.0,39.9,14463.0,1684.0,1500.0,324854.0,2194160.0,0.0,71.6,26.0,19.0,924.23,0.0,0.0,0.0,0.0,0.0,4042.0,0.0,1.01,normal_media_02,exp_20
2026-09-23 11:24:50,13.1,49.8,0.0,35.3,14515.0,1632.0,1505.0,82645.0,1886640.0,0.0,66.6,26.0,22.0,847.94,0.0,0.0,0.0,0.0,0.0,4054.0,0.0,0.93,normal_media_02,exp_20
2026-09-23 11:24:56,10.4,48.9,0.0,38.7,14657.0,1491.0,1511.0,530542.0,1798179.0,0.0,57.16666666666666,27.0,21.0,865.54,0.0,0.0,0.0,0.0,0.0,4054.0,0.0,0.85,normal_media_02,exp_20
2026-09-23 11:25:01,17.5,51.1,0.0,28.9,14894.0,1254.0,1517.0,2187120.0,1571299.0,0.0,67.8,26.0,16.0,878.77,0.0,0.0,0.0,0.0,0.0,4054.0,0.0,0.79,normal_media_02,exp_20
2026-09-23 11:25:07,13.2,53.0,0.0,31.3,14894.0,1253.0,1522.0,511320.0,1733936.0,0.0,57.333333333333336,26.0,18.0,788.96,0.0,0.0,0.0,0.0,0.0,4050.0,0.0,0.72,normal_media_02,exp_20
2026-09-23 11:25:12,10.6,48.5,0.0,39.3,14759.0,1388.0,1528.0,198910.0,1266790.0,0.0,60.4,26.0,19.0,882.53,0.0,0.0,0.0,0.0,0.0,4050.0,0.0,0.67,normal_media_02,exp_20
2026-09-23 11:25:18,9.8,48.7,0.0,39.2,14709.0,1438.0,1533.0,617135.0,1536173.0,0.0,53.16666666666666,26.0,17.0,819.5,0.0,0.0,0.0,0.0,0.0,4062.0,0.0,0.61,normal_media_02,exp_20
2026-09-23 11:25:23,9.2,40.7,0.0,48.5,14665.0,1482.0,1538.0,164528.0,1411013.0,0.0,51.4,14.0,11.0,671.83,0.0,0.0,0.0,0.0,0.0,4062.0,0.0,0.56,normal_media_02,exp_20
2026-09-23 11:02:10,27.4,34.5,0.0,34.9,14793.0,1354.0,201.0,1438978.0,0.0,0.0,26.55,25.0,22.0,357.07,0.0,0.0,0.0,0.0,0.0,0.0,0.0,0.0,normal_prueba_01,exp_21
2026-09-23 11:02:17,17.5,34.1,0.0,45.8,14952.0,1195.0,206.0,1973663.97,827166.0,8.382714285714277,13.142857142857142,31.0,24.0,254.49,0.0,0.0,0.0,0.0,0.0,0.0,0.0,0.0,normal_prueba_01,exp_21
2026-09-23 11:02:22,10.1,42.1,0.0,45.2,14895.0,1252.0,212.0,535826.0,728621.0,0.0,25.0,31.0,25.0,341.28,0.0,0.0,0.0,0.0,0.0,5054.0,0.0,0.0,normal_prueba_01,exp_21
2026-09-23 11:02:27,12.3,43.9,0.0,41.0,14829.0,1318.0,217.0,64919.0,1024849.0,0.2,29.6,31.0,26.0,379.24,0.0,0.0,0.0,0.0,0.0,5054.0,0.0,0.0,normal_prueba_01,exp_21
2026-09-23 11:02:33,11.4,42.9,0.0,43.8,14836.0,1311.0,222.0,73134.0,960361.0,0.0,26.5,31.0,26.0,362.51,0.0,0.0,0.0,0.0,0.0,4034.0,0.0,0.08,normal_prueba_01,exp_21
2026-09-23 11:02:38,16.7,45.2,0.0,35.4,14812.0,1335.0,227.0,38671.0,1047867.0,0.0,29.4,31.0,25.0,392.26,0.0,0.0,0.0,0.0,0.0,4034.0,0.0,0.31,normal_prueba_01,exp_21
2026-09-23 11:02:43,15.7,43.6,0.0,38.6,14727.0,1420.0,232.0,344659.0,1197682.0,0.0,26.4,31.0,27.0,364.08,0.0,0.0,0.0,0.0,0.0,4034.0,0.0,0.29,normal_prueba_01,exp_21
2026-09-23 11:02:48,11.0,39.2,0.0,47.5,14690.0,1457.0,237.0,876.0,744683.0,0.0,26.6,31.0,25.0,352.3,0.0,0.0,0.0,0.0,0.0,4047.0,0.0,0.27,normal_prueba_01,exp_21
2026-09-23 11:02:54,12.5,41.1,0.0,44.5,14644.0,1503.0,243.0,551921.0,1302043.0,0.0,22.83333333333333,21.0,16.0,352.81,0.0,0.0,0.0,0.0,0.0,4047.0,0.0,0.4,normal_prueba_01,exp_21
2026-09-23 11:02:59,12.1,39.2,0.0,46.2,14673.0,1475.0,248.0,51711.0,726397.0,0.0,26.2,21.0,16.0,342.32,0.0,0.0,0.0,0.0,0.0,4069.0,0.0,0.5264,normal_prueba_01,exp_21
2026-09-23 11:03:04,9.0,40.0,0.0,49.4,14690.0,1457.0,253.0,62979.0,860975.0,0.0,26.8,21.0,17.0,357.89,0.0,0.0,0.0,0.0,0.0,4069.0,0.0,0.49,normal_prueba_01,exp_21
2026-09-23 11:03:09,7.7,38.3,0.0,51.9,14656.0,1492.0,258.0,46589.0,1459219.0,0.0,27.4,22.0,17.0,331.85,0.0,0.0,0.0,0.0,0.0,4069.0,0.0,0.45,normal_prueba_01,exp_21
2026-09-23 11:03:15,8.6,41.1,0.0,47.2,14628.0,1519.0,263.0,268274.0,1494966.53,0.0,24.166666666666668,21.0,17.0,356.25,0.0,0.0,0.0,0.0,0.0,4056.0,0.0,0.41,normal_prueba_01,exp_21
2026-09-23 11:03:20,10.7,43.8,0.0,42.8,14658.0,1489.0,270.0,26025.0,1321887.0,0.0,32.297999999999995,21.0,17.0,359.65,0.0,0.0,0.0,0.0,0.0,4056.0,0.0,0.38,normal_prueba_01,exp_21
2026-09-23 11:03:25,14.4,46.6,0.0,36.5,14724.0,1423.0,275.0,537649.0,1023123.0,0.0,29.2,21.0,16.0,355.11,0.0,0.0,0.0,0.0,0.0,4048.0,0.0,0.35,normal_prueba_01,exp_21
2026-09-23 11:03:30,10.1,44.6,0.0,42.8,14765.0,1383.0,280.0,49890.0,762156.0,0.0,28.6,20.0,17.0,398.24,0.0,0.0,0.0,0.0,0.0,4048.0,0.0,0.32,normal_prueba_01,exp_21
2026-09-23 11:03:35,13.6,44.2,0.0,40.1,14750.0,1397.0,285.0,47873.0,939347.0,0.0,31.2,19.0,17.0,407.09,0.0,0.0,0.0,0.0,0.0,4048.0,0.0,0.38,normal_prueba_01,exp_21
2026-09-23 11:03:41,13.7,43.0,0.0,41.1,14792.0,1355.0,290.0,77079.0,1110994.0,0.0,21.5,19.0,15.0,378.74,0.0,0.0,0.0,0.0,0.0,4046.0,0.0,0.35,normal_prueba_01,exp_21
2026-09-23 11:03:46,16.5,36.1,0.0,45.4,14753.0,1395.0,296.0,332057.0,886811.0,0.0,14.0,14.0,12.0,188.22,0.0,0.0,0.0,0.0,0.0,4046.0,0.0,0.4,normal_prueba_01,exp_21
2026-09-04 05:01:46,0.0,0.0,0.0,0.0,1896.0,2020.0,654.0,0.0,0.0,0.0,0.9333333333333332,29.0,17.0,148.08,0.0,0.0,0.0,0.0,0.0,28.0,200.0,2.48,run1,exp_22
2026-09-04 05:01:57,34.9,13.6,0.3,42.9,1925.0,1991.0,665.0,55082.0,9395897.995,0.0909090909090909,2.909090909090909,29.0,17.0,129.47,0.0,0.0,1736.0,5113.0,102.0,1841.0,200.0,3.52,run1,exp_22
2026-09-04 05:02:09,46.9,17.0,0.1,28.5,1950.0,1967.0,677.0,26596.0,3365452.0,0.0,2.0,29.0,16.0,176.65,0.0,0.0,2521.5,5035.0,0.0,5007.0,0.0,5.09,run1,exp_22
2026-09-04 05:02:24,46.0,17.8,0.1,28.3,1964.0,1952.0,692.0,38580.0,3073160.0,0.0,0.8666666666666667,30.0,18.0,172.5,0.0,0.0,0.0,0.0,0.0,5004.0,0.0,5.29,run1,exp_22
2026-09-04 05:02:39,46.4,16.9,0.2,28.7,1982.0,1934.0,707.0,63714.0,3951585.0,0.0,0.9333333333333332,29.0,16.0,141.24,0.0,0.0,9.0,9.0,1.0,5007.0,0.0,6.72,run1,exp_22
2026-09-04 05:02:54,44.8,17.0,0.0,30.2,1995.0,1921.0,722.0,138038.0,3265997.0,0.0,0.6666666666666666,29.0,16.0,107.16,0.0,0.0,1795.0,5035.0,134.0,5007.0,0.0,7.38,run1,exp_22
2026-09-04 05:03:09,46.0,16.9,0.1,29.1,2008.0,1908.0,737.0,119324.0,4939540.0,0.0,0.8,30.0,17.0,115.14,0.0,0.0,3468.0,5339.5,134.0,5006.0,0.0,8.42,run1,exp_22
2026-09-04 05:03:25,46.0,17.2,0.1,29.2,2040.0,1876.0,753.0,263493.0,4434827.0,0.0,2.0625,29.0,16.0,227.53,0.0,0.0,2751.0,5270.0,244.31,5006.0,0.0,8.04,run1,exp_22
2026-09-04 05:03:40,45.9,17.0,0.1,29.0,2055.0,1861.0,768.0,110958.0,5284151.0,0.0666666666666666,0.5333333333333333,29.0,16.0,137.29,0.0,0.0,2528.0,5048.0,0.0,5004.0,0.0,8.33,run1,exp_22
2026-09-04 05:03:55,46.5,16.6,0.3,28.7,2062.0,1855.0,783.0,266288.29,3405302.0,0.3072727272727282,13.66666666666668,25.0,12.0,139.36,0.0,0.0,0.0,0.0,0.0,5005.0,0.0,8.95,run1,exp_22
2026-09-04 05:04:10,45.0,17.6,0.1,29.7,2073.0,1843.0,798.0,35913.0,6017650.0,0.0,1.3333333333333333,25.0,12.0,180.83,0.0,0.0,2515.5,5028.0,0.0,5005.0,0.0,8.58,run1,exp_22
2026-09-04 05:04:25,45.4,17.5,0.1,29.1,2078.0,1838.0,813.0,31553.0,3387196.0,0.0,1.0666666666666669,26.0,14.0,211.81,0.0,0.0,0.0,0.0,0.0,5007.0,0.0,8.73,run1,exp_22
2026-09-04 05:04:41,44.2,17.7,0.2,29.6,2089.0,1827.0,828.0,67588.0,7501738.0,0.0,1.875,25.0,12.0,198.87,0.0,0.0,2518.5,5030.0,0.0,5007.0,0.0,8.43,run1,exp_22
2026-09-04 05:04:56,43.7,18.1,0.1,30.1,2095.0,1821.0,843.0,7287.0,3644158.0,0.0,0.9333333333333332,25.0,12.0,142.46,0.0,0.0,164.0,164.0,82.0,5008.0,0.0,9.17,run1,exp_22
2026-09-04 05:05:11,43.7,17.6,0.1,30.4,2108.0,1808.0,858.0,24003.0,3492784.0,0.0,1.2666666666666666,25.0,12.0,157.17,0.0,0.0,5193.0,5193.0,82.0,5007.0,0.0,9.14,run1,exp_22
2026-09-04 05:05:26,44.1,18.2,0.1,29.6,2108.0,1808.0,874.0,78852.0,5796035.0,0.0,1.0666666666666669,26.0,13.0,176.41,0.0,0.0,2524.5,5035.0,4.0,5004.0,0.0,9.57,run1,exp_22
2026-09-04 05:05:41,45.5,17.6,0.1,29.1,2108.0,1808.0,889.0,55854.0,3385495.0,0.0,0.6666666666666666,25.0,12.0,131.16,0.0,0.0,2521.5,5036.0,0.0,5004.0,0.0,9.13,run1,exp_22
2026-09-04 05:05:57,45.2,17.8,0.1,28.9,2110.0,1806.0,905.0,12130.0,4613269.0,0.0,1.0625,29.0,16.0,150.3,0.0,0.0,2519.5,5033.0,0.0,5007.0,0.0,8.99,run1,exp_22
2026-09-04 05:06:12,45.5,17.1,0.1,29.7,2116.0,1800.0,920.0,104127.0,4573487.0,0.0,0.4,29.0,16.0,170.77,0.0,0.0,2694.0,5208.0,200.0,5009.0,0.0,9.23,run1,exp_22
2026-09-04 05:06:27,45.2,17.0,0.1,30.0,2122.0,1794.0,935.0,0.0,3284278.0,0.0,1.4,29.0,16.0,151.63,0.0,0.0,4.0,5.0,0.0,5006.0,0.0,8.52,run1,exp_22
2026-09-04 05:06:42,44.6,17.3,0.1,30.1,2125.0,1791.0,950.0,36113.0,6549317.0,0.0,1.0,29.0,16.0,144.42,0.0,0.0,5031.5,5032.0,0.0,5007.0,0.0,8.22,run1,exp_22
2026-09-04 05:06:57,44.6,17.3,0.4,29.5,2124.0,1792.0,965.0,4593.0,3660584.0,0.0666666666666666,10.866666666666667,31.0,18.0,178.03,0.0,0.0,2518.0,5031.0,0.0,5004.0,0.0,8.58,run1,exp_22
2026-09-04 05:07:12,44.8,17.0,0.1,30.2,2126.0,1790.0,980.0,97781.0,6819244.0,0.0,1.5333333333333334,29.0,16.0,118.44,0.0,0.0,1681.0,5033.0,0.0,5008.0,0.0,8.69,run1,exp_22
2026-09-04 05:07:28,46.9,17.0,0.1,28.2,2129.0,1787.0,996.0,540.0,6095240.0,0.0,1.0625,29.0,16.0,121.78,0.0,0.0,2519.5,5034.0,0.0,5006.0,0.0,8.29,run1,exp_22
2026-09-04 05:07:43,46.5,17.5,0.1,27.8,2129.0,1788.0,1011.0,168375.0,3376398.0,0.0,1.2666666666666666,29.0,16.0,165.02,0.0,0.0,5033.0,5033.0,0.0,5006.0,0.0,8.7,run1,exp_22
2026-09-04 05:07:58,46.3,16.9,0.1,28.8,2120.0,1796.0,1026.0,42149.0,4709041.0,0.0,1.0,29.0,16.0,170.98,0.0,0.0,0.0,0.0,0.0,5006.0,0.0,7.86,run1,exp_22
2026-09-04 05:08:13,44.7,17.2,0.0,30.2,2127.0,1789.0,1041.0,10539.0,3279875.0,0.0,0.9333333333333332,29.0,16.0,132.02,0.0,0.0,0.0,0.0,0.0,5005.0,0.0,8.68,run1,exp_22
2026-09-04 05:08:28,45.7,17.0,0.1,29.0,2130.0,1786.0,1056.0,1350.0,5277591.0,0.0,0.9333333333333332,29.0,16.0,131.56,0.0,0.0,6.0,6.0,0.0,5006.0,0.0,9.73,run1,exp_22
2026-09-04 05:08:43,45.3,17.5,0.1,29.1,2160.0,1756.0,1071.0,155135.0,3264766.0,0.0,1.2666666666666666,29.0,16.0,148.08,0.0,0.0,5040.0,5040.0,0.0,5007.0,0.0,9.31,run1,exp_22
2026-09-04 05:08:59,45.2,18.0,0.1,28.9,2160.0,1756.0,1086.0,34816.0,6466825.0,0.0,2.25,26.0,13.0,230.42,0.0,0.0,1682.6666666666667,5034.0,0.0,5006.0,0.0,9.46,run1,exp_22
2026-09-04 05:09:14,44.0,17.8,0.2,29.9,2159.0,1757.0,1101.0,18098.0,3575846.0,0.0,1.1333333333333333,26.0,14.0,185.77,0.0,0.0,5040.0,5040.0,0.0,5006.0,0.0,9.53,run1,exp_22
2026-09-04 05:09:29,44.4,17.4,0.0,30.1,2160.0,1756.0,1117.0,270.0,3354972.0,0.0,0.6,26.0,13.0,155.9,0.0,0.0,2019.4,5037.0,12.0,5007.0,0.0,9.72,run1,exp_22
2026-09-04 05:09:44,45.6,16.9,0.1,29.7,2162.0,1754.0,1132.0,61828.0,5313386.0,0.0,0.8666666666666667,26.0,14.0,121.68,0.0,0.0,5034.0,5034.0,0.0,5008.0,0.0,10.21035,run1,exp_22
2026-09-04 05:09:59,45.9,17.1,0.1,29.2,2159.0,1757.0,1147.0,9983.0,4437511.0,0.0,0.4,26.0,13.0,91.96,0.0,0.0,61.0,113.0,98.0,5007.0,0.0,10.12,run1,exp_22
2026-09-04 05:10:14,45.9,17.2,0.1,29.0,2168.0,1748.0,1162.0,61812.0,6465658.0,0.0,0.6,26.0,13.0,171.86,0.0,0.0,5094.0,5145.0,98.0,5006.0,0.0,9.86,run1,exp_22
2026-09-04 05:10:30,45.3,17.1,0.1,29.2,2169.0,1747.0,1178.0,22126.0,3313984.0,0.0,1.0,26.0,13.0,186.69,0.0,0.0,16.0,16.0,6.0,5007.0,0.0,9.36,run1,exp_22
2026-09-04 05:10:45,45.0,17.7,0.1,29.0,2177.0,1739.0,1193.0,184459.0,4780012.0,0.0,0.9333333333333332,26.0,13.0,184.29,0.0,0.0,5042.0,5042.0,6.0,5008.0,0.0,9.7,run1,exp_22
2026-09-04 05:11:00,45.4,17.4,0.1,29.2,2178.0,1738.0,1208.0,0.0,3264028.0,0.0,1.3333333333333333,26.0,14.0,147.75,0.0,0.0,1703.0,5067.0,60.0,5007.0,0.0,9.57,run1,exp_22
2026-09-04 05:11:15,43.7,17.8,0.1,30.2,2176.0,1740.0,1223.0,139545.0,5356699.0,0.0,0.4,26.0,13.0,177.26,0.0,0.0,5047.0,5047.0,0.0,5006.0,0.0,9.64,run1,exp_22
2026-09-04 05:11:30,44.3,17.4,0.1,30.3,2176.0,1740.0,1238.0,199016.0,3413512.0,0.0,1.0,26.0,13.0,167.06,0.0,0.0,4.0,4.0,0.0,5006.0,0.0,9.95,run1,exp_22
2026-09-04 05:11:46,43.8,17.7,0.0,30.5,2181.0,1735.0,1254.0,0.0,5949124.0,0.0,0.9375,25.0,16.0,207.85,0.0,0.0,5028.0,5028.0,0.0,5004.0,0.0,9.27,run1,exp_22
2026-09-04 05:12:01,44.1,17.2,0.1,30.5,2179.0,1737.0,1269.0,183246.0,3303020.0,0.0,1.2,25.0,14.0,129.73,0.0,0.0,2593.75,5184.0,204.0,5007.0,0.0,9.08,run1,exp_22
2026-09-04 05:12:16,45.0,17.5,0.1,29.7,2173.0,1743.0,1284.0,37527.0,6494096.0,0.0,1.4,25.0,13.0,201.83,0.0,0.0,2547.5,5062.0,54.0,5005.0,0.0,9.42,run1,exp_22
2026-09-04 05:12:31,45.2,16.5,0.1,30.4,2190.0,1726.0,1299.0,0.0,3263990.0,0.0,0.3333333333333333,25.0,13.0,124.92,0.0,0.0,0.0,0.0,0.0,5005.0,0.0,9.18,run1,exp_22
2026-09-04 05:12:46,46.0,16.5,0.1,29.9,2178.0,1738.0,1314.0,196820.0,6713487.0,0.0,0.8,25.0,13.0,173.42,0.0,0.0,0.0,0.0,0.0,5008.0,0.0,9.28,run1,exp_22
2026-09-04 05:13:01,46.8,16.8,0.1,29.3,2185.0,1731.0,1329.0,18614.0,4289774.0,0.0,0.4,25.0,13.0,132.84,0.0,0.0,2658.0,5170.0,180.0,5005.0,0.0,8.94,run1,exp_22
2026-09-04 05:13:17,47.5,16.5,0.1,28.2,2184.0,1732.0,1344.0,78284.0,3160524.0,0.0,0.375,25.0,14.0,138.0,0.0,0.0,2611.5,5130.0,164.0,5004.0,0.0,8.6,run1,exp_22
2026-09-04 05:13:32,46.7,16.7,0.1,28.9,2184.0,1732.0,1360.0,36737.0,6116769.0,0.0,0.2666666666666666,25.0,13.0,174.37,0.0,0.0,0.0,0.0,0.0,5008.0,0.0,9.31,run1,exp_22
2026-09-04 05:13:47,45.7,16.9,0.1,29.4,2188.0,1728.0,1375.0,100512.0,3290131.0,0.0,0.6,26.0,13.0,169.86,0.0,0.0,5033.0,5033.0,0.0,5007.0,0.0,9.78,run1,exp_22
2026-09-04 05:14:02,45.1,16.9,0.1,30.0,2182.0,1734.0,1390.0,0.0,3142861.0,0.0,0.8,23.0,10.0,110.49,0.0,0.0,0.0,0.0,0.0,5005.0,0.0,9.51,run1,exp_22
2026-09-04 05:14:17,44.6,17.2,0.1,29.9,2189.0,1727.0,1405.0,230376.0,5536856.0,0.0,0.2666666666666666,23.0,10.0,128.97,0.0,0.0,216.0,216.0,114.0,5008.0,0.0,9.54,run1,exp_22
2026-09-04 05:14:32,45.5,17.3,0.1,29.0,2193.0,1723.0,1420.0,68304.0,3227016.0,0.0,0.8666666666666667,23.0,10.0,191.01,0.0,0.0,2625.0,5245.0,114.0,5007.0,0.0,9.93,run1,exp_22
2026-09-04 05:14:48,44.8,16.8,0.1,30.4,2193.0,1723.0,1435.0,93364.0,6183904.0,0.0,0.9375,23.0,11.0,142.3,0.0,0.0,3360.0,5038.0,0.0,5007.0,0.0,9.89,run1,exp_22
2026-09-04 05:15:03,44.5,16.7,0.0,31.0,2199.0,1717.0,1450.0,0.0,3124372.0,0.0,0.2666666666666666,23.0,10.0,84.95,0.0,0.0,1310.0,5038.0,100.0,5007.0,0.0,9.68,run1,exp_22
2026-09-04 05:15:18,45.7,16.4,0.1,30.3,2189.0,1727.0,1465.0,7570.0,7648153.0,0.0,0.3333333333333333,23.0,10.0,90.49,0.0,0.0,5117.5,5208.0,100.0,5008.0,0.0,9.66,run1,exp_22
2026-09-04 05:15:33,46.0,16.2,0.1,30.2,2203.0,1713.0,1480.0,109627.0,5835627.0,0.0,0.4,23.0,10.0,82.67,0.0,0.0,2517.5,5032.0,0.0,5006.0,0.0,9.18,run1,exp_22
2026-09-04 05:15:48,45.3,16.6,0.1,30.5,2200.0,1716.0,1497.0,86284.0,3276920.0,0.0,1.0,23.0,10.0,129.29,0.0,0.0,1743.3333333333333,5029.0,103.0,5006.0,0.0,9.66,run1,exp_22
2026-09-04 05:16:03,45.2,16.9,0.1,30.0,2199.0,1717.0,1512.0,203230.0,5460503.0,0.0,0.8,25.0,12.0,170.59,0.0,0.0,2616.0,5225.0,103.0,5007.0,0.0,9.77,run1,exp_22
2026-09-04 05:16:19,44.5,17.3,0.1,30.1,2203.0,1713.0,1527.0,24851.0,3364676.0,0.0,0.4375,25.0,12.0,159.33,0.0,0.0,5039.0,5039.0,0.0,5004.0,0.0,9.31,run1,exp_22
2026-09-04 05:16:34,46.0,17.1,0.2,28.9,2200.0,1716.0,1542.0,76768.0,4649321.0,0.0,0.3333333333333333,25.0,12.0,78.8,0.0,0.0,180.0,180.0,169.0,5009.0,0.0,9.63,run1,exp_22
2026-09-04 05:16:49,45.6,16.8,0.0,29.5,2201.0,1715.0,1557.0,540.0,3268628.0,0.0,0.2,25.0,12.0,126.67,0.0,0.0,5206.9,5213.0,169.0,5006.0,0.0,8.95,run1,exp_22
2026-09-04 05:17:04,46.7,16.4,0.1,29.2,2181.0,1735.0,1572.0,213453.0,5936754.0,0.0,0.3333333333333333,25.0,12.0,114.11,0.0,0.0,2521.0,5038.0,0.0,5007.0,0.0,9.34,run1,exp_22
2026-09-07 04:26:22,0.0,0.0,0.0,0.0,1784.0,2132.0,285.0,34857346.0,0.0,0.0,0.1333333333333333,21.0,10.0,72.73,0.0,0.0,0.0,0.0,0.0,216.0,200.0,1.67,run2,exp_23
2026-09-07 04:26:33,52.6,21.2,0.2,21.5,1832.0,2084.0,296.0,4885187.0,967644.0,0.2650267379679144,0.3636363636363636,22.0,10.0,135.74,0.0,0.0,1011.0909090909092,2291.0,226.0,5008.0,0.0,3.27,run2,exp_23
2026-09-07 04:26:48,55.3,25.0,0.0,15.5,1926.0,1990.0,312.0,1560490.0,6187636.454999999,0.0666666666666666,0.2666666666666666,29.0,17.0,109.55,0.0,0.0,1114.2857142857142,2330.0,1082.0,5009.0,0.0,5.25,run2,exp_23
2026-09-07 04:27:04,50.0,26.2,0.1,18.7,2128.0,1788.0,328.0,6761256.0,2436219.0,0.0625,0.1875,30.0,17.0,45.81,0.0,0.0,1240.75,2518.0,1315.0,5024.0,0.0,7.38,run2,exp_23
2026-09-07 04:27:19,51.8,20.5,0.0,22.1,2142.0,1774.0,344.0,340562.0,2994694.0,0.0,0.1333333333333333,30.0,17.0,90.16,0.0,0.0,1607.6666666666667,2485.0,443.0,5051.0,0.0,8.38,run2,exp_23
2026-09-07 04:27:34,47.3,18.2,0.1,27.1,2139.0,1777.0,360.0,44857.0,3584800.0,0.0,0.0666666666666666,30.0,19.0,134.87,0.0,0.0,0.0,0.0,0.0,5009.0,0.0,8.42,run2,exp_23
2026-09-07 04:27:49,43.8,20.2,0.2,28.8,2099.0,1817.0,376.0,86245.0,4538934.0,0.0,0.0666666666666666,31.0,18.0,66.13,0.0,0.0,1092.1666666666667,2343.0,324.0,5006.0,0.0,7.88,run2,exp_23
2026-09-07 04:28:05,47.6,19.0,1.2,25.1,2113.0,1803.0,391.0,1878.0,2689841.0,0.0,0.0,30.0,17.0,89.15,0.0,0.0,693.3333333333334,2030.0,63.0,5010.0,0.0,8.75,run2,exp_23
2026-09-07 04:28:20,45.1,26.9,0.0,22.4,2124.0,1792.0,407.0,128220.0,4104351.0,0.0,0.1333333333333333,30.0,17.0,40.16,0.0,0.0,1274.857142857143,2311.0,657.0,5009.0,0.0,9.71,run2,exp_23
2026-09-07 04:28:35,44.6,27.3,0.0,22.2,2123.0,1793.0,425.0,800.0,1245380.0,0.0,0.0666666666666666,30.0,18.0,56.4,0.0,0.0,1135.571428571429,2326.0,1352.0,5008.0,0.0,9.94,run2,exp_23
2026-09-07 04:28:53,46.8,27.3,0.2,18.2,2119.0,1797.0,441.0,15612.0,5756235.0,0.0,0.0555555555555555,30.0,17.0,69.55,0.0,0.0,2661.7478571428564,3400.0,3120.0,5010.0,0.0,11.67,run2,exp_23
2026-09-07 04:29:08,45.5,23.1,0.0,23.6,2121.0,1795.0,460.0,490782.0,1716563.0,0.0,0.2,31.0,18.0,72.73,0.0,0.0,1919.857142857143,4125.795,4566.799999999999,5010.0,0.0,11.80725,run2,exp_23
2026-09-07 04:29:27,47.9,22.6,0.1,21.7,2130.0,1786.0,477.0,123348.0,2716247.0,0.0,0.1578947368421052,31.0,18.0,51.96,0.0,0.0,1823.7142857142856,3281.0,3908.0,5006.0,0.0,11.33,run2,exp_23
2026-09-07 04:29:43,46.1,18.6,0.1,27.6,2139.0,1777.0,493.0,399573.0,2723335.0,0.0,0.25,26.0,14.0,129.98,0.0,0.0,1172.0,2191.0,346.0,5091.0,0.0,10.4,run2,exp_23
2026-09-07 04:29:59,44.3,25.8,0.5,21.8,2152.0,1764.0,510.0,113002.0,2995690.0,0.0,0.0,23.0,13.0,43.83,0.0,0.0,1062.5,3191.0,1477.0,5006.0,0.0,10.2,run2,exp_23
2026-09-07 04:30:14,47.9,23.4,0.3,20.8,2160.0,1756.0,527.0,126585.0,1876064.0,0.0,0.2666666666666666,23.0,10.0,72.77,0.0,0.0,1714.6,2898.0,1849.0,5014.0,0.0,10.61,run2,exp_23
2026-09-07 04:30:31,42.5,24.5,0.7,24.6,2145.0,1771.0,544.0,36308018.11,4727093.0,0.1764705882352941,7.930267379679144,23.0,11.0,83.86,0.0,0.0,1609.0,3495.0,1746.0,5040.0,0.0,11.16,run2,exp_23
2026-09-07 04:30:46,45.9,25.2,0.1,21.1,2153.0,1763.0,559.0,604406.0,1271519.0,0.0,0.0666666666666666,23.0,10.0,41.81,0.0,0.0,1392.4,4059.0,1281.0,5041.0,0.0,11.17,run2,exp_23
2026-09-07 04:33:00,0.0,0.0,0.0,0.0,2197.0,1719.0,698.0,25419684.39999997,96580725.19999968,0.0,0.2333333333333333,26.0,14.0,128.49,0.0,0.0,0.0,0.0,0.0,22.0,200.0,8.23,run3,exp_24
2026-09-07 04:33:10,36.2,14.1,0.1,42.1,2205.0,1711.0,708.0,395863.0,3739062.0,0.0,0.5,27.0,15.0,263.38,0.0,0.0,961.7142857142856,2451.0,218.0,5037.0,0.0,8.07,run3,exp_24
2026-09-07 04:33:26,47.4,22.1,0.3,23.2,2223.0,1693.0,725.0,17219358.0,5125735.0,0.0,0.625,26.0,13.0,211.64,0.0,0.0,2707.946666666664,5491.0,3961.999999999997,5009.0,0.0,8.87,run3,exp_24
2026-09-07 04:33:41,46.6,23.5,0.1,22.2,2214.0,1702.0,741.0,296010.0,1741004.0,0.0666666666666666,0.4666666666666667,27.0,15.0,97.23,0.0,0.0,1132.6666666666667,3088.0,1204.0,5007.0,0.0,9.86,run3,exp_24
2026-09-07 04:33:57,47.5,17.4,0.4,27.5,2233.0,1683.0,757.0,454118.0,6471242.0,0.0,0.75,26.0,13.0,165.45,0.0,0.0,1921.3333333333333,6250.199999999997,3034.0,5007.0,0.0,10.1,run3,exp_24
2026-09-07 04:34:12,47.4,16.8,0.1,28.7,2231.0,1685.0,773.0,432241.0,3064615.0,0.0,0.1333333333333333,26.0,15.0,140.9,0.0,0.0,1102.5,2216.0,388.0,5008.0,0.0,9.45,run3,exp_24
2026-09-07 04:34:27,47.1,17.1,0.2,28.8,2222.0,1694.0,789.0,1544047.0,7352923.0,0.0,0.2,26.0,14.0,81.07,0.0,0.0,1423.3333333333333,2185.0,172.0,5007.0,0.0,8.77,run3,exp_24
2026-09-07 04:34:42,47.6,16.3,0.0,28.7,2244.0,1672.0,804.0,25934.0,3386305.0,0.0,0.5333333333333333,23.0,10.0,115.42,0.0,0.0,1102.1666666666667,2211.0,442.0,5010.0,0.0,8.71,run3,exp_24
2026-09-07 04:34:58,46.6,17.2,0.1,28.6,2243.0,1673.0,820.0,193376.0,6414039.0,0.0,0.0,22.0,11.0,121.29,0.0,0.0,1061.0,2118.0,188.0,5007.0,0.0,9.58,run3,exp_24
2026-09-07 04:35:13,47.5,16.9,0.1,28.4,2248.0,1668.0,836.0,682334.0,3697351.0,0.0,0.2,22.0,10.0,134.55,0.0,0.0,779.3333333333334,2227.0,419.0,5007.0,0.0,9.75,run3,exp_24
2026-09-07 04:35:28,46.8,17.0,0.1,29.1,2264.0,1653.0,852.0,303138.0,4099768.0,0.0,0.0666666666666666,22.0,9.0,114.8,0.0,0.0,1235.2,2066.0,159.0,5005.0,0.0,9.23,run3,exp_24
2026-09-07 04:35:43,47.8,16.5,0.0,28.4,2261.0,1655.0,867.0,97649.0,3194909.0,0.0,0.2666666666666666,22.0,9.0,103.39,0.0,0.0,870.2,2122.0,319.0,5006.0,0.0,8.74,run3,exp_24
2026-09-07 04:35:58,48.1,15.9,0.1,28.9,2273.0,1643.0,883.0,276458.0,5393621.0,0.0,0.0666666666666666,22.0,9.0,93.04,0.0,0.0,1052.125,2183.0,290.0,5009.0,0.0,9.85,run3,exp_24
2026-09-07 04:36:14,46.8,16.7,0.0,29.5,2280.0,1636.0,899.0,283251.0,3070714.0,0.0,0.375,22.0,9.0,146.34,0.0,0.0,1081.5,2127.0,334.0,5008.0,0.0,9.18,run3,exp_24
2026-09-07 04:36:29,46.9,16.6,0.1,29.4,2271.0,1645.0,914.0,897487.0,5209848.0,0.0,0.1333333333333333,30.0,17.0,169.92,0.0,0.0,958.5555555555557,2238.0,415.0,5006.0,0.0,9.59,run3,exp_24
2026-09-07 04:36:44,46.7,16.6,0.0,29.3,2278.0,1638.0,930.0,197243.0,2978350.0,0.0,0.0666666666666666,30.0,17.0,49.01,0.0,0.0,1355.75,2266.0,506.0,5008.0,0.0,9.89,run3,exp_24
2026-09-07 04:36:59,45.8,17.3,0.1,29.5,2282.0,1634.0,946.0,230935.0,6435735.0,0.0,0.5333333333333333,30.0,17.0,131.51,0.0,0.0,1099.0,2265.0,572.0,5008.0,0.0,9.9,run3,exp_24
2026-09-07 04:37:14,45.9,17.5,0.1,29.1,2278.0,1638.0,962.0,302965.0,3483562.0,0.0,0.0666666666666666,30.0,17.0,165.54,0.0,0.0,1067.8333333333333,2221.0,268.0,5005.0,0.0,9.57,run3,exp_24
2026-09-07 04:37:30,45.7,17.9,0.4,29.0,2279.0,1637.0,978.0,605495.0,6373778.0,0.3651874999999999,9.705624999999998,30.0,17.0,201.69,0.0,0.0,1103.5,2120.0,186.0,5007.0,0.0,8.74,run3,exp_24
2026-09-07 04:37:45,46.2,17.1,0.0,29.3,2286.0,1630.0,994.0,341726.0,4747243.0,0.0,0.0666666666666666,30.0,17.0,119.68,0.0,0.0,1101.75,2226.0,258.0,5007.0,0.0,8.94,run3,exp_24
2026-09-07 04:38:00,45.7,17.5,0.1,29.5,2294.0,1622.0,1009.0,152544.0,5345782.0,0.0,0.0,31.0,18.0,122.28,0.0,0.0,973.8571428571428,2294.0,475.0,5005.0,0.0,9.27,run3,exp_24
2026-09-07 04:38:15,47.1,16.7,0.2,29.0,2290.0,1627.0,1025.0,6450.0,5544005.0,0.0,0.1333333333333333,30.0,17.0,85.63,0.0,0.0,1337.4,2222.0,467.0,5006.0,0.0,9.15,run3,exp_24
2026-09-07 04:38:30,47.0,16.2,0.1,29.6,2279.0,1637.0,1041.0,271732.0,3919741.0,0.0,0.2666666666666666,30.0,17.0,92.3,0.0,0.0,1097.8,2175.0,1426.0,5007.0,0.0,9.11,run3,exp_24
2026-09-07 04:38:46,48.9,15.8,0.1,28.1,2301.0,1615.0,1057.0,270767.0,3999953.0,0.0,0.6875,31.0,18.0,133.13,0.0,0.0,1309.3333333333333,3144.0,1686.0,5006.0,0.0,9.23,run3,exp_24
2026-09-07 04:39:01,47.1,17.0,0.0,28.8,2300.0,1616.0,1072.0,261223.0,3120417.0,0.0,0.1333333333333333,30.0,18.0,92.67,0.0,0.0,1289.4,2226.0,256.0,5007.0,0.0,9.51,run3,exp_24
2026-09-07 04:39:16,46.2,16.6,0.1,30.0,2300.0,1616.0,1088.0,383363.0,4264410.0,0.0,0.3333333333333333,30.0,17.0,103.39,0.0,0.0,1114.0,2244.0,210.0,5005.0,0.0,9.71,run3,exp_24
2026-09-07 04:39:31,46.9,16.6,0.2,28.9,2297.0,1619.0,1104.0,63852.0,4749010.0,0.0,0.0666666666666666,24.0,11.0,86.1,0.0,0.0,1041.1666666666667,2142.0,224.0,5007.0,0.0,9.95,run3,exp_24
2026-09-07 04:39:46,45.9,17.4,0.1,29.3,2330.0,1586.0,1119.0,756218.0,3868296.0,0.0,0.0666666666666666,23.0,10.0,114.43,0.0,0.0,1188.5,2296.0,416.0,5005.0,0.0,10.13,run3,exp_24
2026-09-07 04:40:02,47.2,16.9,0.0,28.5,2339.0,1577.0,1135.0,104711.0,3280805.0,0.0,0.3125,22.0,9.0,157.13,0.0,0.0,1159.5,2242.0,428.0,5008.0,0.0,10.12,run3,exp_24
2026-09-07 04:40:17,46.0,17.2,0.1,29.5,2342.0,1574.0,1151.0,223116.0,6416886.0,0.0,0.1333333333333333,22.0,9.0,147.59,0.0,0.0,1102.0,2117.0,194.0,5007.0,0.0,9.54,run3,exp_24
2026-09-07 04:40:32,45.2,17.8,0.0,29.6,2347.0,1569.0,1166.0,325790.0,3062373.0,0.0,0.0666666666666666,22.0,9.0,125.56,0.0,0.0,874.6,2103.0,278.0,5006.0,0.0,9.4,run3,exp_24
2026-09-07 04:40:47,45.5,17.5,0.1,29.6,2349.0,1568.0,1183.0,141971.0,6160910.0,0.0666666666666666,0.6666666666666666,22.0,10.0,130.34,0.0,0.0,1245.6,2194.0,94.0,5006.0,0.0,9.44,run3,exp_24
2026-09-07 04:41:02,45.9,16.9,0.0,29.9,2343.0,1573.0,1199.0,181180.0,2971784.0,0.0,0.0,22.0,9.0,126.64,0.0,0.0,1088.75,2180.0,190.0,5006.0,0.0,9.06,run3,exp_24
2026-09-07 04:41:17,45.7,17.3,0.1,29.5,2339.0,1577.0,1214.0,90671.0,8201386.0,0.0,0.2666666666666666,31.0,19.0,153.11,0.0,0.0,1081.75,2173.0,250.0,5007.0,0.0,9.41,run3,exp_24
2026-09-07 04:41:33,45.1,17.3,0.0,30.2,2338.0,1578.0,1230.0,197240.0,3068155.0,0.0,0.125,31.0,18.0,107.51,0.0,0.0,1128.3333333333333,2213.0,458.0,5008.0,0.0,9.91,run3,exp_24
2026-09-07 04:41:48,45.5,18.0,0.1,28.8,2334.0,1582.0,1246.0,308990.0,4470765.0,0.0,0.3333333333333333,31.0,18.0,167.57,0.0,0.0,863.6,2074.0,251.0,5004.0,0.0,9.8,run3,exp_24
2026-09-07 04:42:03,45.3,17.7,0.1,29.2,2341.0,1575.0,1262.0,65027.0,3272691.0,0.0,0.4,32.0,19.0,155.53,0.0,0.0,1517.6666666666667,2230.0,331.0,5007.0,0.0,9.56,run3,exp_24
2026-09-07 04:42:18,45.6,17.5,0.1,29.5,2344.0,1572.0,1277.0,329367.0,4596022.0,0.0,0.4666666666666667,31.0,18.0,149.55,0.0,0.0,1092.5,2104.0,202.0,5005.0,0.0,10.1,run3,exp_24
2026-09-07 04:42:33,45.7,17.4,0.0,29.4,2337.0,1579.0,1293.0,22955.0,3265337.0,0.0,0.2666666666666666,31.0,18.0,132.92,0.0,0.0,1045.6666666666667,2132.0,212.0,5005.0,0.0,10.61,run3,exp_24
2026-09-07 04:42:48,47.4,16.8,0.1,28.4,2348.0,1568.0,1309.0,159805.0,4130371.0,0.0,0.0666666666666666,31.0,18.0,150.13,0.0,0.0,1263.5,2277.0,258.0,5006.0,0.0,10.12,run3,exp_24
2026-09-07 04:43:04,46.0,16.6,0.1,30.1,2344.0,1572.0,1324.0,251203.0,4852279.0,0.0,0.3125,31.0,18.0,99.58,0.0,0.0,1059.5,2176.0,266.0,5007.0,0.0,9.79,run3,exp_24
2026-09-07 05:07:11,0.0,0.0,0.0,0.0,2263.0,1653.0,2826.0,15365713.0,0.0,0.0,0.0,28.0,17.0,74.97,0.0,0.0,0.0,0.0,0.0,0.0,0.0,0.36,run4,exp_25
2026-09-07 05:07:12,17.0,8.6,0.1,68.0,2268.0,1648.0,2828.0,0.0,1301008.0,0.0,0.0,28.0,15.0,71.29,0.0,0.0,3.75,34.0,44.0,0.0,0.0,0.36,run4,exp_25
2026-09-07 05:07:13,13.5,7.5,0.0,70.6,2268.0,1649.0,2829.0,0.0,0.0,0.0,0.0,28.0,15.0,16.25,0.0,0.0,0.0,0.0,0.0,0.0,0.0,0.33,run4,exp_25
2026-09-07 05:07:14,17.8,6.1,0.0,65.0,2267.0,1650.0,2830.0,0.0,1325872.0,0.0,0.0,28.0,15.0,14.71,0.0,0.0,2040.3333333333333,2065.0,44.0,0.0,0.0,0.33,run4,exp_25
2026-09-07 05:07:16,39.7,18.4,0.0,32.7,2267.0,1649.0,2832.0,0.0,126785.0,0.0,1.5,29.0,19.0,82.5,0.0,0.0,576.75,1036.0,857.0,26.0,200.0,0.33,run4,exp_25
2026-09-07 05:07:18,63.8,22.6,0.1,8.4,2267.0,1649.0,2835.0,0.0,626794.0,0.0,1.0,28.0,16.0,11.42,0.0,0.0,0.0,0.0,0.0,26.0,200.0,1.19,run4,exp_25
2026-09-07 05:07:26,50.7,30.2,0.0,12.4,2273.0,1643.0,2842.0,4582.0,361487.0,0.0,0.0,28.0,15.0,49.6,0.0,0.0,3934.0,4178.0,543.0,26.0,200.0,2.77,run4,exp_25
2026-09-07 05:07:28,50.3,16.8,0.1,26.8,2274.0,1642.0,2843.0,0.0,2508124.0,0.0,0.0,28.0,15.0,275.98,0.0,0.0,5821.869999999998,6519.59999999998,1968.0,5074.0,0.0,2.77,run4,exp_25
2026-09-07 05:07:29,46.1,16.2,0.0,30.3,2274.0,1642.0,2844.0,0.0,3735876.0,0.0,0.0,28.0,15.0,155.47,0.0,0.0,0.0,0.0,0.0,5074.0,0.0,3.51,run4,exp_25
2026-09-07 05:07:30,48.1,18.8,0.0,26.0,2274.0,1642.0,2845.0,0.0,30648105.78999992,0.0,0.0,28.0,15.0,155.4,0.0,0.0,0.0,0.0,0.0,5074.0,0.0,3.51,run4,exp_25
2026-09-07 05:07:31,44.9,17.5,0.0,30.7,2273.0,1643.0,2847.0,0.0,2526636.0,0.0,0.0,28.0,15.0,76.24,0.0,0.0,25.0,25.0,49.0,5074.0,0.0,3.51,run4,exp_25
2026-09-07 05:07:32,50.1,17.0,0.0,26.3,2275.0,1641.0,2849.0,0.0,3728171.0,0.0,0.0,28.0,16.0,157.73,0.0,0.0,0.0,0.0,0.0,5074.0,0.0,3.51,run4,exp_25
2026-09-07 05:07:33,47.0,18.9,0.1,27.5,2279.0,1637.0,2850.0,0.0,2521952.0,0.0,0.0,28.0,16.0,184.37,0.0,0.0,1029.5,2058.0,51.0,5074.0,0.0,3.63,run4,exp_25
2026-09-07 05:07:35,45.6,17.2,0.0,30.5,2280.0,1637.0,2851.0,0.0,3624460.0,0.0,0.0,28.0,15.0,140.38,0.0,0.0,2043.0,2043.0,2.0,5074.0,0.0,3.63,run4,exp_25
2026-09-07 05:07:36,45.5,17.3,0.3,29.9,2279.0,1637.0,2852.0,0.0,2477344.0,0.0,0.0,28.0,15.0,139.18,0.0,0.0,0.0,0.0,0.0,5074.0,0.0,3.63,run4,exp_25
2026-09-07 05:07:37,47.9,18.4,0.7,26.2,2274.0,1642.0,2853.0,1406161.0,8943755.0,0.0,0.0,28.0,16.0,201.28,0.0,0.0,0.0,0.0,0.0,5074.0,0.0,3.63,run4,exp_25
2026-09-07 05:07:38,47.3,15.2,0.6,29.6,2274.0,1642.0,2854.0,0.0,2589493.0,0.0,0.0,29.0,15.0,185.89,0.0,0.0,0.0,0.0,0.0,5074.0,0.0,3.63,run4,exp_25
2026-09-07 05:07:39,42.6,21.3,0.2,26.9,2274.0,1642.0,2857.0,0.0,1201842.0,0.0,0.0,28.0,17.0,57.64,0.0,0.0,0.0,0.0,0.0,5010.0,0.0,4.06,run4,exp_25
2026-09-07 05:07:44,41.8,29.8,0.0,20.7,2190.0,1726.0,2860.0,37725.0,3019961.0,0.0,0.0,28.0,16.0,54.98,0.0,0.0,1484.6666666666667,2446.0,1776.0,5010.0,0.0,4.94,run4,exp_25
2026-09-07 05:07:46,46.8,28.6,0.1,17.5,2192.0,1724.0,2864.0,8298.0,709439.0,0.0,0.0,28.0,16.0,34.09,0.0,0.0,0.0,0.0,0.0,5010.0,0.0,4.94,run4,exp_25
2026-09-07 05:07:50,52.5,23.2,0.0,17.7,2194.0,1722.0,2867.0,368466.0,1133741.0,0.0,0.0,28.0,15.0,29.73,0.0,0.0,1559.5,2178.0,72.0,5159.0,0.0,5.18,run4,exp_25
2026-09-07 05:07:51,43.7,21.4,0.0,26.6,2192.0,1724.0,2870.0,0.0,1251414.0,0.0,0.0,28.0,16.0,54.63,0.0,0.0,1045.0,1045.0,1079.0,5159.0,0.0,5.18,run4,exp_25
2026-09-07 05:07:54,50.4,21.0,0.3,21.4,2202.0,1714.0,2871.0,38727.0,2607059.0,0.0,1.6666666666666667,29.0,16.0,101.91,0.0,0.0,318.0,318.0,165.0,5159.0,0.0,5.65,run4,exp_25
2026-09-07 05:07:55,49.0,16.3,0.0,28.6,2202.0,1714.0,2873.0,25001.0,3771635.0,0.0,0.0,28.0,16.0,291.99,0.0,0.0,0.0,0.0,0.0,5159.0,0.0,5.65,run4,exp_25
2026-09-07 05:07:58,50.2,19.7,0.0,22.5,2202.0,1714.0,2875.0,0.0,1505286.0,0.0,0.0,28.0,16.0,118.69,0.0,0.0,2118.25,3760.0,2405.0,5159.0,0.0,5.65,run4,exp_25
2026-09-07 05:07:59,50.6,15.3,0.2,27.9,2203.0,1713.0,2876.0,0.0,5296794.0,0.0,0.0,28.0,15.0,249.17,0.0,0.0,0.0,0.0,0.0,5159.0,0.0,6.24,run4,exp_25
2026-09-07 05:08:00,52.7,15.8,0.0,26.7,2222.0,1695.0,2877.0,0.0,3984433.0,0.0,1.0,28.0,16.0,401.09,0.0,0.0,2922.5,3824.0,1145.0,5159.0,0.0,6.24,run4,exp_25
2026-09-07 05:08:01,49.7,13.9,0.2,30.1,2219.0,1697.0,2878.0,0.0,4062098.0,0.0,3.0,28.0,15.0,302.19,0.0,0.0,0.0,0.0,0.0,5019.0,0.0,6.24,run4,exp_25
2026-09-07 05:08:02,50.5,13.3,0.0,30.5,2215.0,1701.0,2879.0,0.0,3868488.0,0.0,0.0,28.0,15.0,222.7,0.0,0.0,0.0,0.0,0.0,5019.0,0.0,6.24,run4,exp_25
2026-09-07 05:08:03,49.9,13.9,0.0,29.6,2212.0,1704.0,2881.0,0.0,30648105.78999992,0.0,0.0,28.0,15.0,195.83,0.0,0.0,0.0,0.0,0.0,5019.0,0.0,6.3,run4,exp_25
2026-09-07 05:08:05,47.6,15.3,0.2,30.4,2212.0,1704.0,2882.0,0.0,3962715.0,0.0,1.0,28.0,16.0,187.56,0.0,0.0,1993.0,1993.0,0.0,5019.0,0.0,6.3,run4,exp_25
2026-09-07 05:08:06,48.1,16.6,0.0,29.0,2216.0,1700.0,2883.0,0.0,5157917.0,0.0,0.0,28.0,15.0,221.81,0.0,0.0,0.0,0.0,0.0,5019.0,0.0,6.3,run4,exp_25
2026-09-07 05:08:07,49.8,14.9,0.2,28.3,2219.0,1698.0,2884.0,0.0,5267513.0,0.0,3.0,28.0,15.0,255.74,0.0,0.0,0.0,0.0,0.0,5019.0,0.0,6.3,run4,exp_25
2026-09-07 05:08:08,49.6,15.6,2.2,27.0,2216.0,1700.0,2885.0,0.0,6096340.0,0.0,5.975000000000023,29.0,17.0,330.34,0.0,0.0,0.0,0.0,0.0,5019.0,0.0,6.3,run4,exp_25
2026-09-07 05:08:09,49.7,13.7,0.0,29.4,2214.0,1702.0,2886.0,0.0,4014921.0,0.0,0.0,29.0,17.0,211.72,0.0,0.0,0.0,0.0,0.0,5019.0,0.0,6.52,run4,exp_25
2026-09-07 05:08:10,46.7,15.6,0.0,30.7,2216.0,1700.0,2887.0,0.0,5217576.0,0.0,0.0,29.0,17.0,138.42,0.0,0.0,0.0,0.0,0.0,5019.0,0.0,6.52,run4,exp_25
2026-09-07 05:08:11,47.2,15.1,0.1,31.5,2214.0,1703.0,2888.0,0.0,5099659.0,0.0,0.0,29.0,16.0,180.26,0.0,0.0,0.0,0.0,0.0,5019.0,0.0,6.52,run4,exp_25
2026-09-07 05:08:12,47.2,17.6,0.0,29.4,2216.0,1700.0,2889.0,0.0,3834187.0,0.0,0.0,29.0,16.0,103.71,0.0,0.0,0.0,0.0,0.0,5007.0,0.0,6.52,run4,exp_25
2026-09-07 05:08:13,48.6,14.4,0.2,29.7,2217.0,1699.0,2890.0,0.0,6382268.0,0.0,0.0,29.0,16.0,229.66,0.0,0.0,0.0,0.0,0.0,5007.0,0.0,6.31,run4,exp_25
2026-09-07 05:08:15,49.9,15.9,0.0,27.5,2213.0,1703.0,2892.0,0.0,5303569.0,0.0,1.5,29.0,16.0,291.46,0.0,0.0,0.0,0.0,0.0,5007.0,0.0,6.31,run4,exp_25
2026-09-07 05:08:16,45.1,19.1,0.2,28.4,2213.0,1703.0,2894.0,0.0,3614595.0,0.0,0.0,29.0,18.0,318.44,0.0,0.0,0.0,0.0,0.0,5007.0,0.0,6.31,run4,exp_25
2026-09-07 05:08:22,46.1,28.9,0.0,16.9,2218.0,1698.0,2902.0,3685.0,9826.0,0.0,0.0,26.0,14.0,11.55,0.0,0.0,1327.4,4323.0,3121.219999999993,5023.0,0.0,7.65,run4,exp_25
2026-09-07 05:08:27,44.0,29.7,0.0,17.8,2210.0,1706.0,2904.0,0.0,1050698.0,0.0,0.0,22.0,11.0,51.36,0.0,0.0,3333.75,3776.0,2364.0,5023.0,0.0,9.2,run4,exp_25
2026-09-07 05:08:28,48.6,15.7,0.0,28.1,2211.0,1705.0,2906.0,0.0,3609387.0,0.0,0.0,22.0,9.0,167.74,0.0,0.0,0.0,0.0,0.0,5023.0,0.0,9.2,run4,exp_25
2026-09-07 05:08:29,45.0,16.7,0.0,30.8,2211.0,1705.0,2907.0,0.0,2550396.0,0.0,0.0,22.0,9.0,119.4,0.0,0.0,3095.0,3095.0,1081.0,5023.0,0.0,9.18,run4,exp_25
2026-09-07 05:08:30,49.8,18.0,0.0,25.8,2211.0,1705.0,2908.0,0.0,2395847.0,0.0,0.0,22.0,9.0,171.15,0.0,0.0,0.0,0.0,0.0,5023.0,0.0,9.18,run4,exp_25
2026-09-07 05:08:31,49.5,15.2,0.2,28.1,2211.0,1705.0,2909.0,0.0,3988112.0,0.0,2.0,22.0,9.0,220.83,0.0,0.0,0.0,0.0,0.0,5023.0,0.0,9.18,run4,exp_25
2026-09-07 05:08:32,48.5,16.2,0.0,28.3,2214.0,1702.0,2910.0,0.0,2491122.0,0.0,0.0,22.0,9.0,122.68,0.0,0.0,0.0,0.0,0.0,5023.0,0.0,9.18,run4,exp_25
2026-09-07 05:08:34,46.6,17.2,0.0,28.0,2217.0,1699.0,2911.0,0.0,2507503.0,0.0,0.0,22.0,9.0,182.61,0.0,0.0,664.6666666666666,2013.0,13.0,5023.0,0.0,9.49,run4,exp_25
2026-09-07 05:08:35,49.3,15.3,0.1,28.7,2217.0,1699.0,2913.0,0.0,3599142.0,0.0,0.0,22.0,9.0,125.64,0.0,0.0,1339.6666666666667,2029.0,13.0,5060.0,0.0,9.49,run4,exp_25
2026-09-07 05:08:36,48.7,16.5,0.0,28.2,2217.0,1699.0,2914.0,0.0,2635176.0,0.0,0.0,22.0,9.0,107.67,0.0,0.0,0.0,0.0,0.0,5060.0,0.0,9.49,run4,exp_25
2026-09-07 05:08:37,46.6,16.4,0.1,28.8,2217.0,1699.0,2916.0,0.0,11300460.0,0.0,0.0,22.0,9.0,97.81,0.0,0.0,1158.5,2006.0,143.0,5060.0,0.0,9.49,run4,exp_25
2026-09-07 05:08:38,50.4,14.1,0.0,27.7,2216.0,1700.0,2917.0,0.0,2530330.0,0.0,0.0,22.0,10.0,53.3,0.0,0.0,0.0,0.0,0.0,5060.0,0.0,9.37,run4,exp_25
2026-09-07 05:08:39,47.9,17.2,0.0,27.6,2218.0,1698.0,2918.0,0.0,2474152.0,0.0,0.0,23.0,10.0,23.17,0.0,0.0,2340.0,2340.0,143.0,5060.0,0.0,9.37,run4,exp_25
2026-09-07 05:08:41,47.0,17.1,0.1,27.9,2219.0,1697.0,2919.0,0.0,3606043.0,0.0,0.0,23.0,10.0,188.41,0.0,0.0,0.0,0.0,0.0,5060.0,0.0,9.37,run4,exp_25
2026-09-07 05:08:42,47.2,16.7,0.0,29.0,2219.0,1698.0,2921.0,0.0,9981224.0,0.0,0.0,22.0,10.0,136.07,0.0,0.0,0.0,0.0,0.0,5060.0,0.0,9.37,run4,exp_25
2026-09-07 05:08:43,47.9,15.6,0.1,29.0,2218.0,1698.0,2922.0,0.0,3847835.0,0.0,1.0,22.0,9.0,98.61,0.0,0.0,14.5,29.0,30.0,5060.0,0.0,9.37,run4,exp_25
2026-09-07 05:08:44,46.4,15.9,0.0,29.9,2218.0,1698.0,2923.0,0.0,2878186.0,0.0,0.0,22.0,9.0,102.1,0.0,0.0,0.0,0.0,0.0,5060.0,0.0,9.02,run4,exp_25
2026-09-07 05:08:45,48.7,15.0,0.0,28.8,2218.0,1698.0,2924.0,42330.0,3725063.0,0.0,0.0,22.0,10.0,138.64,0.0,0.0,2039.5,2054.0,30.0,5008.0,0.0,9.02,run4,exp_25
2026-09-07 05:08:46,50.0,17.4,0.0,26.0,2212.0,1704.0,2925.0,0.0,2505440.0,0.0,0.0,22.0,9.0,89.37,0.0,0.0,0.0,0.0,0.0,5008.0,0.0,9.02,run4,exp_25
2026-09-07 05:08:47,50.1,15.9,0.0,27.4,2215.0,1701.0,2926.0,0.0,2553206.0,0.0,1.0,22.0,9.0,111.1,0.0,0.0,131.0,269.0,112.0,5008.0,0.0,9.02,run4,exp_25
2026-09-07 05:08:49,45.1,15.4,0.3,31.2,2214.0,1702.0,2927.0,0.0,2516774.0,0.0,0.0,22.0,9.0,98.38,0.0,0.0,2156.0,2295.0,112.0,5008.0,0.0,9.5,run4,exp_25
2026-09-07 05:08:50,48.0,16.4,0.2,28.2,2213.0,1703.0,2928.0,0.0,2714558.0,0.0,4.0,22.0,9.0,135.94,0.0,0.0,0.0,0.0,0.0,5008.0,0.0,9.5,run4,exp_25
2026-09-07 05:08:51,48.1,15.4,0.0,28.4,2214.0,1702.0,2930.0,0.0,3751676.0,0.0,0.0,22.0,9.0,203.83,0.0,0.0,0.0,0.0,0.0,5008.0,0.0,9.5,run4,exp_25
2026-09-07 05:08:52,49.3,15.1,0.0,29.2,2214.0,1702.0,2931.0,0.0,2489250.0,0.0,0.0,22.0,9.0,119.99,0.0,0.0,0.0,0.0,0.0,5008.0,0.0,9.5,run4,exp_25
2026-09-07 05:08:53,49.4,15.7,0.0,27.8,2216.0,1700.0,2932.0,0.0,3715743.0,0.0,0.0,22.0,9.0,70.44,0.0,0.0,96.0,96.0,94.0,5008.0,0.0,9.78,run4,exp_25
2026-09-07 05:08:54,52.4,16.5,0.0,24.7,2218.0,1698.0,2933.0,0.0,2468889.0,0.0,0.0,23.0,11.0,143.84,0.0,0.0,0.0,0.0,0.0,5008.0,0.0,9.78,run4,exp_25
2026-09-07 05:08:56,47.1,15.5,0.1,29.6,2217.0,1699.0,2934.0,0.0,2533590.0,0.0,1.0,23.0,10.0,184.97,0.0,0.0,707.6666666666666,2151.0,101.0,5008.0,0.0,9.78,run4,exp_25
2026-09-07 05:08:57,47.8,16.6,0.0,29.2,2216.0,1700.0,2935.0,0.0,2526062.0,0.0,1.0,22.0,10.0,161.75,0.0,0.0,1017.25,2045.0,13.0,5008.0,0.0,9.78,run4,exp_25
2026-09-07 05:08:58,49.9,15.3,0.0,28.7,2212.0,1704.0,2936.0,0.0,3815378.0,0.0,0.0,22.0,10.0,178.9,0.0,0.0,0.0,0.0,0.0,5008.0,0.0,9.78,run4,exp_25
2026-09-07 05:08:59,49.5,15.8,0.1,28.2,2215.0,1701.0,2939.0,0.0,2462217.0,0.0,0.0,22.0,10.0,153.7,0.0,0.0,1033.75,2041.0,116.0,5008.0,0.0,9.96,run4,exp_25
2026-09-07 05:09:00,45.8,21.2,0.3,25.6,2243.0,1673.0,2940.0,34172.0,27914833.0,0.0,0.0,22.0,9.0,91.77,0.0,0.0,0.0,0.0,0.0,5008.0,0.0,9.96,run4,exp_25
2026-09-07 05:09:01,51.1,14.7,0.0,27.5,2237.0,1679.0,2941.0,0.0,3723301.0,0.0,0.0,22.0,9.0,156.67,0.0,0.0,2072.5,2104.0,110.0,5008.0,0.0,9.96,run4,exp_25
2026-09-07 05:09:03,52.5,16.2,0.1,25.4,2235.0,1681.0,2942.0,0.0,2574056.0,0.0,0.5,22.0,9.0,147.36,0.0,0.0,0.0,0.0,0.0,5008.0,0.0,9.96,run4,exp_25
2026-09-07 05:09:04,48.2,15.2,0.0,29.4,2234.0,1682.0,2943.0,0.0,2479231.0,0.0,1.0,22.0,9.0,145.84,0.0,0.0,0.0,0.0,0.0,5008.0,0.0,9.88,run4,exp_25
2026-09-07 05:09:05,48.5,15.2,0.0,30.2,2236.0,1681.0,2944.0,0.0,2517359.0,0.0,0.0,22.0,9.0,96.9,0.0,0.0,0.0,0.0,0.0,5008.0,0.0,9.88,run4,exp_25
2026-09-07 05:09:06,48.5,14.9,0.0,29.7,2236.0,1680.0,2946.0,0.0,2466935.0,0.0,0.0,22.0,11.0,106.94,0.0,0.0,0.0,0.0,0.0,5008.0,0.0,9.88,run4,exp_25
2026-09-07 05:09:07,47.7,17.2,0.1,28.2,2242.0,1674.0,2947.0,0.0,2503214.0,0.0,0.0,22.0,10.0,67.71,0.0,0.0,0.0,0.0,0.0,5007.0,0.0,9.88,run4,exp_25
2026-09-07 05:09:08,47.6,17.8,0.0,28.7,2239.0,1677.0,2948.0,0.0,2496475.0,0.0,0.0,22.0,10.0,41.5,0.0,0.0,0.0,0.0,0.0,5007.0,0.0,10.13,run4,exp_25
2026-09-07 05:09:10,43.8,16.5,0.0,32.2,2234.0,1682.0,2949.0,0.0,2606880.0,0.0,0.0,23.0,10.0,18.87,0.0,0.0,68.0,68.0,83.0,5007.0,0.0,10.13,run4,exp_25
2026-09-07 05:09:11,52.1,15.8,0.1,25.1,2234.0,1682.0,2950.0,0.0,3615774.0,0.0,0.0,22.0,10.0,75.2,0.0,0.0,2090.0,2090.0,83.0,5007.0,0.0,10.13,run4,exp_25
2026-09-07 05:09:12,46.7,15.2,0.0,29.4,2234.0,1682.0,2952.0,0.0,3391440.0,0.0,0.0,22.0,10.0,79.67,0.0,0.0,0.0,0.0,0.0,5007.0,0.0,10.13,run4,exp_25
2026-09-07 05:09:13,48.7,16.5,0.0,26.9,2233.0,1683.0,2953.0,0.0,2936668.0,0.0,0.0,22.0,10.0,39.47,0.0,0.0,0.0,0.0,0.0,5007.0,0.0,10.13,run4,exp_25
2026-09-07 05:09:14,47.4,18.3,0.1,27.7,2243.0,1674.0,2954.0,0.0,3651019.0,0.0,0.0,22.0,10.0,58.04,0.0,0.0,0.0,0.0,0.0,5007.0,0.0,9.88,run4,exp_25
2026-09-07 05:09:15,47.5,16.1,0.0,29.3,2242.0,1674.0,2955.0,0.0,2495739.0,0.0,0.0,22.0,10.0,60.5,0.0,0.0,0.0,0.0,0.0,5007.0,0.0,9.88,run4,exp_25
2026-09-07 05:09:17,47.1,14.7,0.3,30.1,2241.0,1675.0,2956.0,0.0,2453615.0,0.0,0.0,22.0,9.0,27.23,0.0,0.0,0.0,0.0,0.0,5007.0,0.0,9.88,run4,exp_25
2026-09-07 05:09:18,47.0,15.5,0.0,30.6,2241.0,1675.0,2957.0,0.0,3820752.0,0.0,0.0,22.0,9.0,67.42,0.0,0.0,0.0,0.0,0.0,5007.0,0.0,9.88,run4,exp_25
2026-09-07 05:09:19,46.5,16.2,0.0,30.6,2241.0,1675.0,2959.0,0.0,2480600.0,0.0,0.0,22.0,9.0,75.7,0.0,0.0,0.0,0.0,0.0,5005.0,0.0,10.21,run4,exp_25
2026-09-07 05:09:20,52.1,17.5,0.0,25.2,2243.0,1673.0,2961.0,0.0,2633883.0,0.0,0.0,22.0,10.0,183.62,0.0,0.0,0.0,0.0,0.0,5005.0,0.0,10.21,run4,exp_25
2026-09-07 05:09:21,48.2,17.5,0.0,27.6,2245.0,1671.0,2962.0,0.0,2450969.0,0.0,0.0,22.0,10.0,92.64,0.0,0.0,7.0,7.0,6.0,5005.0,0.0,10.21,run4,exp_25
2026-09-07 05:09:23,48.0,16.7,0.1,28.0,2244.0,1672.0,2963.0,0.0,3616443.0,0.0,0.0,22.0,9.0,55.18,0.0,0.0,2033.0,2033.0,6.0,5005.0,0.0,10.21,run4,exp_25
2026-09-07 05:09:24,45.6,17.0,0.0,30.4,2243.0,1673.0,2964.0,0.0,2509441.0,0.0,0.0,22.0,9.0,91.37,0.0,0.0,0.0,0.0,0.0,5005.0,0.0,10.11,run4,exp_25
2026-09-07 05:09:25,45.3,17.1,0.0,29.6,2243.0,1674.0,2965.0,0.0,2570973.0,0.0,0.0,22.0,9.0,62.34,0.0,0.0,152.0,152.0,107.0,5005.0,0.0,10.11,run4,exp_25
2026-09-07 05:09:26,48.3,15.8,0.0,28.5,2242.0,1674.0,2966.0,0.0,3787158.0,0.0,0.0,22.0,9.0,152.35,0.0,0.0,0.0,0.0,0.0,5005.0,0.0,10.11,run4,exp_25
2026-09-07 05:09:27,47.6,17.0,0.1,28.2,2245.0,1671.0,2968.0,0.0,2494004.0,0.0,0.0,22.0,9.0,165.19,0.0,0.0,2178.0,2178.0,107.0,5005.0,0.0,10.11,run4,exp_25
2026-09-07 05:09:28,51.3,17.7,0.0,24.5,2245.0,1671.0,2969.0,0.0,2500709.0,0.0,0.0,22.0,9.0,163.91,0.0,0.0,0.0,0.0,0.0,5005.0,0.0,10.02,run4,exp_25
2026-09-07 05:09:29,52.3,15.8,0.0,24.9,2245.0,1671.0,2970.0,0.0,2452329.0,0.0,0.0,22.0,9.0,133.52,0.0,0.0,0.0,0.0,9.0,5008.0,0.0,10.02,run4,exp_25
2026-09-07 05:09:31,49.9,15.7,0.3,27.8,2242.0,1674.0,2971.0,0.0,3893450.0,0.0,1.0,23.0,10.0,133.08,0.0,0.0,2029.0,2029.0,9.0,5008.0,0.0,10.02,run4,exp_25
2026-09-07 05:09:32,45.3,17.4,0.0,30.2,2243.0,1674.0,2972.0,0.0,2464686.0,0.0,0.0,22.0,10.0,95.72,0.0,0.0,0.0,0.0,0.0,5008.0,0.0,10.02,run4,exp_25
2026-09-07 05:09:33,46.1,19.0,0.0,28.0,2243.0,1673.0,2973.0,0.0,11620804.0,0.0,0.0,22.0,9.0,93.64,0.0,0.0,0.0,0.0,0.0,5008.0,0.0,10.02,run4,exp_25
2026-09-07 05:09:34,50.3,16.8,0.0,26.3,2242.0,1674.0,2975.0,0.0,2513714.0,0.0,0.0,22.0,9.0,87.17,0.0,0.0,0.0,0.0,0.0,5008.0,0.0,9.7,run4,exp_25
2026-09-07 05:09:35,47.4,17.4,0.1,28.4,2243.0,1673.0,2976.0,0.0,2587789.0,0.0,0.0,22.0,9.0,67.71,0.0,0.0,0.0,0.0,0.0,5008.0,0.0,9.7,run4,exp_25
2026-09-07 05:09:37,46.8,18.2,0.0,27.8,2242.0,1674.0,2977.0,0.0,2377943.0,0.0,0.0,22.0,9.0,102.26,0.0,0.0,0.0,0.0,0.0,5008.0,0.0,9.7,run4,exp_25
2026-09-07 05:09:38,46.5,16.8,0.0,29.3,2242.0,1674.0,2978.0,0.0,3741159.0,0.0,0.0,22.0,10.0,101.2,0.0,0.0,0.0,0.0,0.0,5008.0,0.0,9.7,run4,exp_25
2026-09-07 05:09:39,51.4,14.8,0.0,25.8,2243.0,1673.0,2979.0,0.0,2476384.0,0.0,0.0,22.0,9.0,89.31,0.0,0.0,0.0,0.0,0.0,5008.0,0.0,9.89,run4,exp_25
2026-09-07 05:09:40,47.7,16.3,0.0,28.3,2243.0,1673.0,2980.0,0.0,2483816.0,0.0,0.0,22.0,9.0,73.76,0.0,0.0,189.0,189.0,126.0,5008.0,0.0,9.89,run4,exp_25
2026-09-07 05:09:41,49.5,17.2,0.1,26.5,2258.0,1658.0,2982.0,0.0,2584173.0,0.0,0.0,22.0,11.0,91.5,0.0,0.0,0.0,0.0,0.0,5008.0,0.0,9.89,run4,exp_25
2026-09-07 05:09:42,46.9,19.7,0.0,26.3,2250.0,1667.0,2983.0,0.0,3099627.0,0.0,0.0,22.0,9.0,56.05,0.0,0.0,2217.0,2217.0,126.0,5008.0,0.0,9.89,run4,exp_25
2026-09-07 05:09:44,43.6,18.3,0.1,29.9,2250.0,1666.0,2985.0,0.0,2480466.0,0.0,0.0,23.0,11.0,49.03,0.0,0.0,0.0,0.0,6.0,5008.0,0.0,9.81,run4,exp_25
2026-09-07 05:09:45,46.8,17.1,0.4,28.2,2249.0,1667.0,2986.0,0.0,4817150.0,0.0,0.0,22.0,10.0,56.38,0.0,0.0,0.0,0.0,0.0,5008.0,0.0,9.81,run4,exp_25
2026-09-07 05:09:46,46.4,16.6,0.0,29.7,2249.0,1667.0,2987.0,0.0,2672053.0,0.0,0.0,22.0,9.0,117.91,0.0,0.0,2022.0,2022.0,6.0,5008.0,0.0,9.81,run4,exp_25
2026-09-07 05:09:47,48.8,16.3,0.0,27.1,2249.0,1667.0,2988.0,0.0,2509480.0,0.0,0.0,22.0,10.0,131.41,0.0,0.0,0.0,0.0,0.0,5008.0,0.0,9.81,run4,exp_25
2026-09-07 05:09:48,53.6,17.1,0.1,21.8,2253.0,1663.0,2989.0,0.0,2381138.0,0.0,0.0,22.0,9.0,49.55,0.0,0.0,0.0,0.0,0.0,5008.0,0.0,9.91,run4,exp_25
2026-09-07 05:09:50,49.6,18.1,0.0,25.5,2253.0,1664.0,2991.0,0.0,3665786.0,0.0,0.0,22.0,11.0,93.16,0.0,0.0,62.0,62.0,75.0,5008.0,0.0,9.91,run4,exp_25
2026-09-07 05:09:51,46.9,18.3,0.1,27.7,2253.0,1664.0,2992.0,0.0,2687437.0,0.0,1.0,22.0,10.0,138.4,0.0,0.0,0.0,0.0,0.0,5008.0,0.0,9.91,run4,exp_25
2026-09-07 05:09:52,46.2,16.5,0.0,29.5,2252.0,1665.0,2993.0,0.0,3744404.0,0.0,0.0,22.0,10.0,87.43,0.0,0.0,2082.0,2082.0,75.0,5007.0,0.0,9.91,run4,exp_25
2026-09-07 05:09:53,47.3,20.8,0.0,24.7,2251.0,1665.0,2995.0,0.0,1246200.0,0.0,0.0,22.0,10.0,55.14,0.0,0.0,0.0,0.0,0.0,5007.0,0.0,9.91,run4,exp_25
2026-09-07 05:09:57,46.9,24.7,0.0,21.1,2250.0,1666.0,2999.0,1856.0,1024726.0,0.0,0.0,22.0,9.0,63.91,0.0,0.0,358.0,398.0,565.0,5007.0,0.0,10.08,run4,exp_25
2026-09-07 05:09:58,52.7,14.1,0.0,27.8,2250.0,1666.0,3001.0,7405.0,5213419.0,0.0,0.0,22.0,9.0,187.98,0.0,0.0,0.0,0.0,0.0,5007.0,0.0,10.39,run4,exp_25
2026-09-07 05:10:04,59.7,24.2,0.0,9.8,2252.0,1664.0,3007.0,0.0,13956.0,0.0,0.0,31.0,19.0,10.41,0.0,0.0,2719.2,5860.0,2902.0,5007.0,0.0,10.04,run4,exp_25
2026-09-07 05:10:06,50.1,24.1,0.1,19.9,2250.0,1666.0,3008.0,0.0,2357169.0,0.0,1.0,31.0,21.0,88.54,0.0,0.0,0.0,0.0,0.0,5007.0,0.0,10.04,run4,exp_25
2026-09-07 05:10:07,49.2,14.9,0.0,29.8,2249.0,1667.0,3010.0,0.0,3804604.0,0.0,0.0,31.0,21.0,75.71,0.0,0.0,0.0,0.0,0.0,5007.0,0.0,10.04,run4,exp_25
2026-09-07 05:10:10,48.8,19.2,0.0,24.8,2249.0,1667.0,3012.0,0.0,2038102.0,0.0,0.0,31.0,19.0,59.38,0.0,0.0,1500.8,3646.0,1995.0,5007.0,0.0,9.8,run4,exp_25
2026-09-07 05:10:11,50.1,13.2,0.0,30.1,2249.0,1667.0,3013.0,0.0,3726581.0,0.0,0.0,31.0,19.0,48.91,0.0,0.0,0.0,0.0,0.0,5007.0,0.0,9.8,run4,exp_25
2026-09-07 05:10:12,49.0,16.9,0.1,27.6,2253.0,1663.0,3015.0,0.0,2515775.0,0.0,2.0,31.0,19.0,75.59,0.0,0.0,1953.0,3852.0,1243.0,5304.0,0.0,9.8,run4,exp_25
2026-09-07 05:10:15,48.1,22.8,0.0,21.5,2252.0,1664.0,3017.0,0.0,2064416.0,0.0,0.0,30.0,17.0,124.6,0.0,0.0,1838.5,2561.0,1127.0,5304.0,0.0,10.21,run4,exp_25
2026-09-07 05:10:16,50.7,14.9,0.0,29.1,2254.0,1662.0,3018.0,0.0,5354504.0,0.0,1.0,30.0,18.0,411.0,0.0,0.0,0.0,0.0,0.0,5304.0,0.0,10.21,run4,exp_25
2026-09-07 05:10:17,46.4,17.6,0.2,28.5,2254.0,1663.0,3020.0,0.0,2663173.0,0.0,3.0,30.0,17.0,241.69,0.0,0.0,3738.0,3738.0,1127.0,5304.0,0.0,10.21,run4,exp_25
2026-09-07 05:10:20,50.4,20.3,0.0,23.0,2256.0,1660.0,3022.0,0.0,6175694.0,0.0,0.0,30.0,17.0,76.08,0.0,0.0,367.5,743.0,750.0,5304.0,0.0,9.72,run4,exp_25
2026-09-07 05:10:21,49.2,14.8,0.2,30.0,2257.0,1659.0,3023.0,0.0,5142660.0,0.0,0.0,30.0,17.0,217.59,0.0,0.0,2620.5,3000.0,750.0,5304.0,0.0,9.72,run4,exp_25
2026-09-07 05:10:22,51.7,15.0,0.1,26.5,2257.0,1659.0,3024.0,0.0,5289251.0,0.0,3.0,30.0,18.0,229.83,0.0,0.0,0.0,0.0,0.0,5304.0,0.0,9.72,run4,exp_25
2026-09-07 05:10:23,46.0,18.7,0.0,27.7,2256.0,1660.0,3027.0,0.0,1247006.0,0.0,0.0,30.0,17.0,183.27,0.0,0.0,175.0,175.0,90.0,5304.0,0.0,9.72,run4,exp_25
2026-09-07 05:10:26,47.8,20.8,0.0,24.9,2256.0,1660.0,3028.0,0.0,2410684.0,0.0,0.3333333333333333,30.0,18.0,141.68,0.0,0.0,0.0,0.0,0.0,5006.0,0.0,9.74,run4,exp_25
2026-09-07 05:10:27,45.5,19.4,0.0,28.3,2251.0,1665.0,3031.0,48787.0,5697586.0,0.0,0.0,30.0,21.0,127.55,0.0,0.0,3405.0,3405.0,1138.0,5006.0,0.0,9.74,run4,exp_25
2026-09-07 05:10:29,47.9,21.1,0.1,23.8,2250.0,1666.0,3032.0,0.0,2100506.0,0.0,0.0,30.0,17.0,51.37,0.0,0.0,0.0,0.0,0.0,5006.0,0.0,9.6,run4,exp_25
2026-09-07 05:10:31,49.0,14.6,0.1,29.3,2250.0,1666.0,3033.0,0.0,5212340.0,0.0,0.5,30.0,17.0,198.89,0.0,0.0,0.0,0.0,0.0,5006.0,0.0,9.6,run4,exp_25
2026-09-07 05:10:32,52.7,16.5,0.0,26.0,2250.0,1667.0,3035.0,0.0,5272598.0,0.0,1.0,30.0,17.0,522.44,0.0,0.0,0.0,0.0,0.0,5006.0,0.0,9.6,run4,exp_25
2026-09-07 05:10:33,49.4,15.8,0.1,28.7,2250.0,1666.0,3036.0,0.0,3884621.0,0.0,1.0,30.0,17.0,481.77,0.0,0.0,0.0,0.0,0.0,5006.0,0.0,9.6,run4,exp_25
2026-09-07 05:10:34,46.7,16.5,0.0,29.6,2251.0,1665.0,3039.0,0.0,5111129.0,0.0,0.0,30.0,18.0,349.87,0.0,0.0,0.0,0.0,0.0,5008.0,0.0,9.71,run4,exp_25
2026-09-07 05:10:39,46.9,33.0,0.0,13.6,2265.0,1651.0,3043.0,292365.0,303672.0,0.0,0.0,30.0,19.0,13.01,0.0,0.0,1441.25,3663.0,1690.0,5008.0,0.0,9.57,run4,exp_25
2026-09-07 05:10:41,47.6,20.8,0.0,24.2,2255.0,1661.0,3044.0,0.0,2995805.0,0.0,0.0,30.0,19.0,179.23,0.0,0.0,1887.0,2056.0,1598.0,5008.0,0.0,9.57,run4,exp_25
2026-09-07 05:10:42,51.7,15.0,0.0,27.3,2256.0,1660.0,3045.0,0.0,3955863.0,0.0,0.0,30.0,17.0,241.45,0.0,0.0,0.0,0.0,0.0,5008.0,0.0,9.57,run4,exp_25
2026-09-07 05:10:43,45.8,15.4,0.3,30.9,2257.0,1660.0,3046.0,0.0,5453807.0,0.0,0.0,30.0,18.0,259.45,0.0,0.0,1857.5,3739.0,1596.0,5008.0,0.0,9.69,run4,exp_25
2026-09-07 05:10:44,47.6,14.9,0.0,30.1,2256.0,1661.0,3047.0,0.0,5188818.0,0.0,0.0,30.0,17.0,457.07,0.0,0.0,0.0,0.0,0.0,5008.0,0.0,9.69,run4,exp_25
2026-09-07 05:10:45,44.1,18.2,0.3,30.8,2256.0,1660.0,3048.0,0.0,5160375.0,0.0,0.0,30.0,17.0,323.9,0.0,0.0,1989.0,1989.0,0.0,5008.0,0.0,9.69,run4,exp_25
2026-09-07 05:10:47,51.0,18.3,0.3,24.3,2262.0,1654.0,3052.0,0.0,2195149.0,0.0,0.0,30.0,17.0,101.78,0.0,0.0,126.0,126.0,93.0,5051.0,0.0,9.69,run4,exp_25
2026-09-07 05:10:55,46.2,32.2,0.1,13.8,2258.0,1658.0,3060.0,1053.0,332678.0,0.0,0.0,31.0,18.0,7.45,0.0,0.0,1346.0,2632.0,136.0,5051.0,0.0,9.24,run4,exp_25
2026-09-07 05:10:58,42.4,25.1,0.0,24.2,2260.0,1657.0,3061.0,0.0,969921.0,0.0,0.0,30.0,18.0,56.61,0.0,0.0,1557.5,3123.0,1025.0,5051.0,0.0,9.24,run4,exp_25
2026-09-07 05:10:59,50.6,16.0,0.0,25.9,2259.0,1657.0,3062.0,0.0,2564175.0,0.0,0.0,30.0,17.0,205.55,0.0,0.0,0.0,0.0,0.0,5134.0,0.0,9.78,run4,exp_25
2026-09-07 05:11:00,45.6,16.7,0.0,29.6,2260.0,1656.0,3063.0,0.0,3710954.0,0.0,1.0,30.0,18.0,96.95,0.0,0.0,2021.0,2021.0,6.0,5134.0,0.0,9.78,run4,exp_25
2026-09-07 05:11:01,46.5,17.9,0.1,27.9,2260.0,1656.0,3065.0,0.0,19053099.0,0.0,1.0,30.0,18.0,277.54,0.0,0.0,0.0,0.0,0.0,5134.0,0.0,9.78,run4,exp_25
2026-09-07 05:11:02,44.6,19.8,0.0,27.9,2269.0,1647.0,3066.0,0.0,2396387.0,0.0,0.0,31.0,18.0,266.76,0.0,0.0,0.0,0.0,0.0,5134.0,0.0,9.78,run4,exp_25
2026-09-07 05:11:03,46.0,19.9,0.1,26.9,2265.0,1651.0,3067.0,0.0,4410030.0,0.0,0.0,31.0,19.0,195.76,0.0,0.0,0.0,0.0,0.0,5134.0,0.0,9.48,run4,exp_25
2026-09-07 05:11:05,46.4,18.1,0.0,27.6,2263.0,1653.0,3068.0,3107572.0,2445132.0,0.0,0.0,30.0,19.0,127.02,0.0,0.0,0.0,0.0,0.0,5134.0,0.0,9.48,run4,exp_25
2026-09-07 05:11:06,41.6,18.2,0.1,31.0,2263.0,1653.0,3070.0,0.0,3594318.0,0.0,0.0,30.0,18.0,111.1,0.0,0.0,12.0,12.0,14.0,5134.0,0.0,9.48,run4,exp_25
2026-09-07 05:11:07,48.3,15.9,0.0,27.4,2263.0,1653.0,3071.0,0.0,3722192.0,0.0,1.0,30.0,17.0,177.48,0.0,0.0,0.0,0.0,0.0,5134.0,0.0,9.48,run4,exp_25
2026-09-07 05:11:08,50.4,15.9,0.0,25.8,2263.0,1653.0,3072.0,0.0,2521928.0,0.0,0.0,30.0,17.0,139.93,0.0,0.0,1019.5,2046.0,14.0,5134.0,0.0,9.48,run4,exp_25
2026-09-07 05:11:09,45.6,21.2,0.0,26.4,2266.0,1650.0,3074.0,0.0,3083867.0,0.0,1.0,30.0,17.0,220.82,0.0,0.0,0.0,0.0,0.0,5008.0,0.0,9.52,run4,exp_25
2026-09-07 05:11:11,47.7,18.6,0.0,26.2,2268.0,1648.0,3075.0,0.0,2529067.0,0.0,0.5,30.0,17.0,226.62,0.0,0.0,1098.0,2024.0,118.0,5008.0,0.0,9.52,run4,exp_25
2026-09-07 05:11:12,45.5,16.5,0.0,30.1,2265.0,1651.0,3076.0,0.0,3731313.0,0.0,0.0,30.0,18.0,201.27,0.0,0.0,1092.0,2202.0,118.0,5008.0,0.0,9.52,run4,exp_25
2026-09-07 05:11:13,46.5,17.8,0.1,29.2,2265.0,1651.0,3077.0,0.0,2485489.0,0.0,0.0,30.0,17.0,209.43,0.0,0.0,0.0,0.0,0.0,5008.0,0.0,9.52,run4,exp_25
2026-09-07 05:11:14,47.2,16.0,0.0,29.5,2265.0,1651.0,3078.0,0.0,2520937.0,0.0,0.0,30.0,18.0,215.09,0.0,0.0,2003.0,2003.0,0.0,5008.0,0.0,9.56,run4,exp_25
2026-09-07 05:11:15,45.2,17.4,0.0,29.6,2267.0,1649.0,3080.0,549939.0,3702458.0,0.0,0.0,30.0,17.0,179.6,0.0,0.0,0.0,0.0,0.0,5008.0,0.0,9.56,run4,exp_25
2026-09-07 05:11:16,46.9,20.0,0.0,27.3,2270.0,1646.0,3081.0,0.0,2528512.0,0.0,0.0,30.0,17.0,112.77,0.0,0.0,0.0,0.0,0.0,5008.0,0.0,9.56,run4,exp_25
2026-09-07 05:11:18,52.0,16.3,0.1,25.1,2273.0,1643.0,3082.0,0.0,2354237.0,0.0,0.0,31.0,20.0,114.15,0.0,0.0,0.0,0.0,0.0,5008.0,0.0,9.56,run4,exp_25
2026-09-07 05:11:19,45.8,17.8,0.0,29.8,2269.0,1648.0,3083.0,0.0,3641444.0,0.0,0.0,31.0,18.0,159.12,0.0,0.0,0.0,0.0,0.0,5008.0,0.0,9.68,run4,exp_25
2026-09-07 05:11:20,46.3,15.7,0.0,29.5,2268.0,1648.0,3084.0,0.0,2472144.0,0.0,0.0,31.0,18.0,149.17,0.0,0.0,48.333333333333336,132.0,126.0,5008.0,0.0,9.68,run4,exp_25
2026-09-07 05:11:21,44.3,16.7,0.1,30.2,2268.0,1648.0,3086.0,0.0,3727853.0,0.0,0.0,30.0,19.0,126.8,0.0,0.0,0.0,0.0,0.0,5008.0,0.0,9.68,run4,exp_25
2026-09-07 05:11:22,46.2,18.5,0.0,28.5,2268.0,1648.0,3087.0,0.0,2428679.0,0.0,0.0,30.0,17.0,139.81,0.0,0.0,2074.0,2158.0,126.0,5008.0,0.0,9.68,run4,exp_25
2026-09-07 05:11:24,48.1,17.2,0.0,27.5,2273.0,1643.0,3088.0,0.0,2427480.0,0.0,0.0,30.0,17.0,121.23,0.0,0.0,0.0,0.0,0.0,5008.0,0.0,9.86,run4,exp_25
2026-09-07 05:11:25,44.3,19.6,0.0,27.9,2273.0,1643.0,3089.0,0.0,3521081.0,0.0,0.0,30.0,18.0,122.92,0.0,0.0,0.0,0.0,0.0,5008.0,0.0,9.86,run4,exp_25
2026-09-07 05:11:26,49.5,16.8,0.0,26.8,2271.0,1645.0,3090.0,0.0,2610500.0,0.0,0.0,30.0,17.0,193.58,0.0,0.0,0.0,0.0,0.0,5008.0,0.0,9.86,run4,exp_25
2026-09-07 05:11:27,46.2,17.5,0.0,28.7,2266.0,1650.0,3092.0,0.0,2431556.0,0.0,0.0,30.0,17.0,106.1,0.0,0.0,0.0,0.0,0.0,5008.0,0.0,9.86,run4,exp_25
2026-09-07 05:11:28,45.5,19.0,0.0,28.6,2266.0,1650.0,3095.0,0.0,2424886.0,0.0,0.0,30.0,17.0,59.68,0.0,0.0,0.0,0.0,0.0,5008.0,0.0,9.79,run4,exp_25
2026-09-07 05:11:31,46.5,24.0,0.1,21.5,2272.0,1644.0,3098.0,0.0,1684972.0,0.0,0.0,30.0,18.0,32.51,0.0,0.0,239.0,479.0,458.0,5008.0,0.0,9.79,run4,exp_25
2026-09-07 05:11:34,45.4,26.7,0.2,19.5,2271.0,1646.0,3098.0,0.0,2430852.0,0.0,0.0,30.0,17.0,54.42,0.0,0.0,1821.0,3294.0,18.0,5008.0,0.0,9.17,run4,exp_25
2026-09-07 05:11:35,45.8,17.0,0.2,29.4,2271.0,1645.0,3102.0,0.0,3869839.0,0.0,0.0,30.0,17.0,124.32,0.0,0.0,0.0,0.0,0.0,5008.0,0.0,9.17,run4,exp_25
2026-09-07 05:11:40,50.6,26.4,0.0,16.4,2274.0,1642.0,3105.0,0.0,1133354.0,0.0,1.0,30.0,18.0,71.25,0.0,0.0,1936.0,3598.0,3121.219999999993,5008.0,0.0,10.12,run4,exp_25
2026-09-07 05:11:41,59.4,21.1,0.0,13.8,2275.0,1641.0,3107.0,0.0,0.0,0.0,0.0,30.0,17.0,48.65,0.0,0.0,0.0,0.0,0.0,5253.0,0.0,10.12,run4,exp_25
2026-09-07 05:11:45,44.5,25.4,0.0,21.3,2274.0,1642.0,3111.0,0.0,354827.0,0.0,0.0,30.0,18.0,13.18,0.0,0.0,1861.0,2922.0,1911.0,5253.0,0.0,10.35,run4,exp_25
2026-09-07 05:11:49,46.3,27.0,0.0,18.9,2270.0,1646.0,3116.0,0.0,13752.0,0.0,0.0,30.0,19.0,13.91,0.0,0.0,4185.0,4185.0,1069.0,5253.0,0.0,10.32,run4,exp_25
2026-09-07 05:11:51,45.2,30.4,0.0,17.2,2268.0,1648.0,3119.0,0.0,703277.0,0.0,0.0,30.0,18.0,40.85,0.0,0.0,0.0,0.0,0.0,5074.0,0.0,10.32,run4,exp_25
2026-09-07 05:11:55,43.6,27.2,0.1,20.5,2269.0,1647.0,3122.0,0.0,715914.0,0.0,0.0,30.0,17.0,43.82,0.0,0.0,2373.0,2373.0,1239.0,5074.0,0.0,10.45,run4,exp_25
2026-09-07 05:11:57,46.9,16.7,0.0,28.1,2270.0,1646.0,3123.0,0.0,3542455.0,0.0,0.0,30.0,17.0,140.05,0.0,0.0,2560.5,5146.0,1239.0,5074.0,0.0,10.45,run4,exp_25
2026-09-07 05:11:58,46.5,16.4,0.0,28.8,2270.0,1646.0,3124.0,0.0,3588673.0,0.0,0.0,30.0,19.0,147.25,0.0,0.0,0.0,0.0,0.0,5074.0,0.0,10.45,run4,exp_25
2026-09-07 05:11:59,45.3,16.4,0.1,29.9,2269.0,1647.0,3125.0,0.0,2441144.0,0.0,1.0,30.0,17.0,168.46,0.0,0.0,2005.0,2005.0,0.0,5074.0,0.0,10.34,run4,exp_25
2026-09-07 05:12:00,48.0,17.9,0.0,26.3,2268.0,1648.0,3126.0,0.0,3904187.0,0.0,0.0,30.0,18.0,198.39,0.0,0.0,0.0,0.0,0.0,5074.0,0.0,10.34,run4,exp_25
2026-09-07 05:12:01,44.8,19.2,0.0,29.0,2270.0,1646.0,3127.0,0.0,2491007.0,0.0,0.0,30.0,17.0,69.87,0.0,0.0,0.0,0.0,0.0,5074.0,0.0,10.34,run4,exp_25
2026-09-07 05:12:03,51.0,18.4,0.0,22.7,2275.0,1641.0,3129.0,0.0,23209336.0,0.0,0.0,30.0,18.0,141.65,0.0,0.0,0.0,0.0,0.0,5074.0,0.0,10.34,run4,exp_25
2026-09-07 05:12:04,46.0,17.9,0.0,28.2,2273.0,1643.0,3130.0,0.0,3754295.0,0.0,0.0,30.0,19.0,279.49,0.0,0.0,0.0,0.0,0.0,5074.0,0.0,9.75,run4,exp_25
2026-09-07 05:12:05,46.5,17.2,0.1,29.1,2271.0,1645.0,3131.0,0.0,2708854.0,0.0,2.0,30.0,17.0,234.5,0.0,0.0,105.0,105.0,98.0,5007.0,0.0,9.75,run4,exp_25
2026-09-07 05:12:06,45.1,18.6,0.0,29.3,2271.0,1645.0,3132.0,0.0,3804710.0,0.0,1.0,30.0,17.0,252.07,0.0,0.0,0.0,0.0,0.0,5007.0,0.0,9.75,run4,exp_25
2026-09-07 05:12:07,47.0,17.7,0.0,28.9,2271.0,1645.0,3133.0,0.0,2446164.0,0.0,0.0,31.0,18.0,169.38,0.0,0.0,2149.0,2149.0,98.0,5007.0,0.0,9.75,run4,exp_25
2026-09-07 05:12:08,47.1,17.8,0.1,27.6,2274.0,1642.0,3134.0,0.0,3729449.0,0.0,0.0,31.0,18.0,157.33,0.0,0.0,0.0,0.0,0.0,5007.0,0.0,9.75,run4,exp_25
2026-09-07 05:12:09,45.6,17.9,0.0,28.5,2277.0,1639.0,3135.0,0.0,2522761.0,0.0,0.0,30.0,18.0,180.22,0.0,0.0,0.0,0.0,0.0,5007.0,0.0,10.01,run4,exp_25
2026-09-07 05:12:11,50.3,16.1,0.0,26.7,2274.0,1642.0,3137.0,0.0,2521870.0,0.0,0.5,30.0,17.0,159.66,0.0,0.0,0.0,0.0,0.0,5007.0,0.0,10.01,run4,exp_25
2026-09-07 05:12:12,45.9,16.1,0.0,28.9,2273.0,1643.0,3138.0,0.0,3687265.0,0.0,0.0,30.0,17.0,113.38,0.0,0.0,0.0,0.0,0.0,5007.0,0.0,10.01,run4,exp_25
2026-09-07 05:12:13,43.3,19.0,0.0,29.7,2266.0,1650.0,3139.0,0.0,4464063.0,0.0,0.0,30.0,17.0,123.27,0.0,0.0,0.0,0.0,0.0,5007.0,0.0,10.01,run4,exp_25
2026-09-07 05:12:14,44.5,17.6,0.1,30.8,2265.0,1651.0,3140.0,0.0,2461400.0,0.0,0.0,30.0,18.0,100.72,0.0,0.0,0.0,0.0,0.0,5007.0,0.0,9.77,run4,exp_25
2026-09-07 05:12:15,44.3,18.4,0.0,28.7,2269.0,1647.0,3142.0,0.0,2433956.0,0.0,0.0,30.0,17.0,133.37,0.0,0.0,0.0,0.0,0.0,5007.0,0.0,9.77,run4,exp_25
2026-09-07 05:12:16,44.5,19.1,0.0,29.4,2271.0,1645.0,3143.0,0.0,3891769.0,0.0,1.0,30.0,17.0,102.77,0.0,0.0,19.0,19.0,38.0,5008.0,0.0,9.77,run4,exp_25
2026-09-07 05:12:18,46.2,16.1,0.1,29.3,2269.0,1647.0,3145.0,0.0,2569020.0,0.0,1.5,30.0,17.0,139.09,0.0,0.0,1017.5,2051.0,46.0,5008.0,0.0,9.77,run4,exp_25
2026-09-07 05:12:19,47.5,15.9,0.3,28.3,2270.0,1647.0,3146.0,0.0,3788073.0,0.0,5.0,30.0,18.0,205.7,0.0,0.0,0.0,0.0,0.0,5008.0,0.0,9.87,run4,exp_25
2026-09-07 05:12:20,50.3,15.6,0.0,26.7,2266.0,1650.0,3147.0,0.0,2481921.0,0.0,0.0,30.0,19.0,193.66,0.0,0.0,2023.0,2023.0,8.0,5008.0,0.0,9.87,run4,exp_25
2026-09-07 05:12:21,48.3,16.1,0.0,28.7,2266.0,1650.0,3148.0,0.0,3816013.0,0.0,0.0,30.0,19.0,195.85,0.0,0.0,0.0,0.0,0.0,5008.0,0.0,9.87,run4,exp_25
2026-09-07 05:12:22,47.1,15.7,0.1,27.8,2267.0,1649.0,3149.0,0.0,2457033.0,0.0,0.0,30.0,17.0,167.01,0.0,0.0,0.0,0.0,0.0,5008.0,0.0,9.87,run4,exp_25
2026-09-07 05:12:23,49.7,17.9,0.0,26.4,2258.0,1658.0,3151.0,0.0,2784638.0,0.0,5.0,31.0,18.0,253.57,0.0,0.0,0.0,0.0,0.0,5008.0,0.0,9.88,run4,exp_25
2026-09-07 05:12:25,46.3,16.0,0.1,30.4,2256.0,1660.0,3152.0,0.0,3609103.0,0.0,0.0,31.0,18.0,231.91,0.0,0.0,0.0,0.0,0.0,5008.0,0.0,9.88,run4,exp_25
2026-09-07 05:12:26,43.3,17.5,0.0,30.2,2256.0,1660.0,3153.0,0.0,3621776.0,0.0,0.0,30.0,18.0,186.74,0.0,0.0,1107.5,2028.0,121.0,5008.0,0.0,9.88,run4,exp_25
2026-09-07 05:12:27,43.1,18.3,0.0,30.6,2257.0,1659.0,3154.0,0.0,2461431.0,0.0,0.0,30.0,17.0,125.48,0.0,0.0,0.0,0.0,0.0,5004.0,0.0,9.88,run4,exp_25
2026-09-07 05:12:28,53.3,15.7,0.1,23.5,2259.0,1657.0,3155.0,0.0,3695589.0,0.0,0.0,30.0,18.0,164.05,0.0,0.0,2214.0,2214.0,121.0,5004.0,0.0,9.88,run4,exp_25
2026-09-07 05:12:29,51.5,16.4,0.0,25.5,2265.0,1651.0,3156.0,0.0,2454901.0,0.0,0.0,30.0,17.0,240.73,0.0,0.0,0.0,0.0,0.0,5004.0,0.0,9.97,run4,exp_25
2026-09-07 05:12:31,50.0,15.4,0.0,28.0,2266.0,1650.0,3157.0,0.0,2524377.0,0.0,0.0,30.0,17.0,156.7,0.0,0.0,0.0,0.0,0.0,5004.0,0.0,9.97,run4,exp_25
2026-09-07 05:12:32,45.6,17.4,0.0,29.0,2264.0,1652.0,3159.0,0.0,3796020.0,0.0,0.0,30.0,17.0,178.16,0.0,0.0,0.0,0.0,0.0,5004.0,0.0,9.97,run4,exp_25
2026-09-07 05:12:33,43.3,26.6,0.0,21.5,2264.0,1652.0,3161.0,0.0,0.0,0.0,0.0,30.0,20.0,7.54,0.0,0.0,0.0,0.0,0.0,5004.0,0.0,9.97,run4,exp_25
2026-09-07 05:12:35,44.6,23.6,0.2,23.8,2261.0,1655.0,3163.0,427945.0,2954468.0,0.0,0.0,30.0,17.0,114.05,0.0,0.0,1006.5,1742.0,1710.0,5004.0,0.0,10.21,run4,exp_25
2026-09-07 05:12:36,43.9,27.6,0.2,20.9,2265.0,1652.0,3165.0,0.0,1822752.0,0.0,0.0,30.0,17.0,77.63,0.0,0.0,0.0,0.0,0.0,5004.0,0.0,10.21,run4,exp_25
2026-09-07 05:12:39,45.0,31.7,0.0,15.2,2261.0,1655.0,3167.0,0.0,0.0,0.0,0.0,31.0,18.0,6.03,0.0,0.0,3855.5,4511.0,1710.0,5027.0,0.0,10.44,run4,exp_25
2026-09-07 05:12:41,46.1,23.4,0.3,21.7,2263.0,1653.0,3169.0,0.0,1367809.0,0.0,0.0,30.0,17.0,29.59,0.0,0.0,1.0,1.0,0.0,5027.0,0.0,10.44,run4,exp_25
2026-09-07 05:12:42,49.7,18.1,0.0,24.8,2264.0,1652.0,3171.0,0.0,3563728.0,0.0,0.0,30.0,20.0,53.19,0.0,0.0,0.0,0.0,0.0,5027.0,0.0,10.44,run4,exp_25
2026-09-07 05:12:47,43.0,27.2,0.6,20.2,2332.0,1584.0,3175.0,18622923.0,1819365.0,0.0,0.0,30.0,17.0,26.9,0.0,0.0,806.0,2229.0,103.0,5027.0,0.0,10.48,run4,exp_25
2026-09-07 05:12:48,45.3,18.7,0.1,28.8,2321.0,1595.0,3176.0,495193.0,6765210.0,0.0,0.0,30.0,17.0,147.57,0.0,0.0,4021.0,5342.0,1566.0,5027.0,0.0,10.48,run4,exp_25
2026-09-07 05:12:49,44.3,16.6,0.3,26.2,2331.0,1585.0,3177.0,3642582.0,6618970.0,0.0,5.975000000000023,30.0,17.0,196.75,0.0,0.0,0.0,0.0,0.0,5061.0,0.0,10.84,run4,exp_25
2026-09-07 05:12:50,40.5,14.0,0.0,23.9,2364.0,1552.0,3178.0,0.0,4269931.0,0.0,1.0,30.0,17.0,283.01,0.0,0.0,35.0,35.0,55.0,5061.0,0.0,10.84,run4,exp_25
2026-09-07 05:12:51,44.7,16.0,0.0,21.1,2365.0,1551.0,3179.0,0.0,5316265.0,0.0,0.0,30.0,17.0,177.56,0.0,0.0,0.0,0.0,0.0,5061.0,0.0,10.84,run4,exp_25
2026-09-07 05:12:52,41.9,14.9,0.1,22.4,2400.0,1516.0,3180.0,14625.0,15462260.0,0.0,0.0,30.0,18.0,153.53,0.0,0.0,2054.0,2054.0,55.0,5061.0,0.0,10.84,run4,exp_25
2026-09-07 05:12:54,44.7,23.9,1.9,21.4,2258.0,1658.0,3181.0,725196.0,30648105.78999992,0.0,0.0,30.0,18.0,132.17,0.0,0.0,0.0,0.0,0.0,5061.0,0.0,10.29,run4,exp_25
2026-09-07 05:12:55,48.6,14.8,0.2,29.2,2264.0,1653.0,3182.0,0.0,5348333.0,0.0,2.0,30.0,18.0,304.29,0.0,0.0,0.0,0.0,0.0,5061.0,0.0,10.29,run4,exp_25
2026-09-07 05:12:56,49.9,15.1,0.1,28.1,2260.0,1656.0,3184.0,0.0,5194549.0,0.0,1.0,30.0,18.0,390.27,0.0,0.0,149.0,149.0,112.0,5061.0,0.0,10.29,run4,exp_25
2026-09-07 05:12:57,46.8,26.6,0.0,18.8,2264.0,1652.0,3187.0,4183764.0,1226635.0,0.0,0.0,30.0,18.0,81.27,0.0,0.0,0.0,0.0,0.0,5061.0,0.0,10.29,run4,exp_25
2026-09-07 05:12:59,37.3,36.9,0.0,17.0,2255.0,1661.0,3189.0,10755.0,3583047.0,0.0,0.0,30.0,18.0,13.21,0.0,0.0,321.0,462.0,398.0,5004.0,0.0,10.43,run4,exp_25
2026-09-07 05:13:01,45.4,26.2,0.1,21.0,2258.0,1658.0,3192.0,0.0,1380666.0,0.0,0.0,30.0,18.0,116.33,0.0,0.0,2541.0,2678.0,398.0,5004.0,0.0,10.43,run4,exp_25
2026-09-07 05:13:08,54.1,25.2,0.2,14.0,2256.0,1660.0,3197.0,0.0,179565.0,0.0,0.0,29.0,17.0,15.3,0.0,0.0,1877.75,4083.0,1246.0,5004.0,0.0,10.56,run4,exp_25
2026-09-07 05:13:10,47.4,18.0,0.0,27.8,2257.0,1659.0,3198.0,0.0,3539937.0,0.0,0.0,29.0,16.0,245.29,0.0,0.0,3189.0,3189.0,67.0,5004.0,0.0,10.03,run4,exp_25
2026-09-07 05:13:11,43.3,17.5,0.0,30.5,2257.0,1659.0,3199.0,0.0,3739536.0,0.0,0.0,27.0,15.0,218.74,0.0,0.0,0.0,0.0,0.0,5004.0,0.0,10.03,run4,exp_25
2026-09-07 05:13:12,44.4,17.5,0.0,29.7,2256.0,1660.0,3200.0,0.0,2444413.0,0.0,0.0,27.0,14.0,97.48,0.0,0.0,0.0,0.0,0.0,5033.0,0.0,10.03,run4,exp_25
2026-09-07 05:13:13,42.6,18.4,0.1,30.3,2257.0,1659.0,3202.0,0.0,3711368.0,0.0,0.0,27.0,14.0,95.78,0.0,0.0,0.0,0.0,0.0,5033.0,0.0,10.03,run4,exp_25
2026-09-07 05:13:14,43.3,20.3,0.0,28.4,2258.0,1658.0,3203.0,0.0,2482295.0,0.0,0.0,27.0,14.0,166.99,0.0,0.0,0.0,0.0,0.0,5033.0,0.0,9.95,run4,exp_25
2026-09-07 05:13:15,49.4,19.0,0.0,24.2,2261.0,1655.0,3205.0,0.0,3641479.0,0.0,0.0,23.0,11.0,156.61,0.0,0.0,0.0,0.0,0.0,5033.0,0.0,9.95,run4,exp_25
2026-09-07 05:13:17,43.8,18.5,0.0,29.5,2261.0,1655.0,3206.0,0.0,3655738.0,0.0,0.0,24.0,11.0,176.64,0.0,0.0,0.0,0.0,0.0,5033.0,0.0,9.95,run4,exp_25
2026-09-07 05:13:18,44.4,16.9,0.0,30.1,2260.0,1656.0,3207.0,0.0,2482905.0,0.0,0.0,24.0,12.0,155.95,0.0,0.0,180.0,180.0,113.0,5033.0,0.0,9.95,run4,exp_25
2026-09-07 05:13:19,44.4,16.7,0.0,30.0,2260.0,1656.0,3209.0,0.0,2456681.0,0.0,0.0,23.0,11.0,139.72,0.0,0.0,0.0,0.0,0.0,5033.0,0.0,9.95,run4,exp_25
2026-09-07 05:13:20,44.3,17.8,0.1,29.9,2260.0,1656.0,3210.0,0.0,3585524.0,0.0,0.0,22.0,9.0,132.48,0.0,0.0,2210.0,2210.0,113.0,5033.0,0.0,9.95,run4,exp_25
2026-09-07 05:13:21,51.9,16.5,0.0,24.8,2250.0,1666.0,3211.0,417419.0,2469439.0,0.0,0.0,22.0,10.0,77.09,0.0,0.0,0.0,0.0,0.0,5033.0,0.0,9.95,run4,exp_25
2026-09-07 05:13:23,45.3,18.5,0.0,28.2,2252.0,1664.0,3212.0,0.0,3492941.0,0.0,0.0,22.0,10.0,92.87,0.0,0.0,0.0,0.0,0.0,5008.0,0.0,9.95,run4,exp_25
2026-09-07 05:13:24,45.3,17.0,0.1,29.9,2250.0,1666.0,3213.0,0.0,3543841.0,0.0,0.0,22.0,9.0,76.14,0.0,0.0,2002.0,2002.0,0.0,5008.0,0.0,9.72,run4,exp_25
2026-09-07 05:13:25,44.5,16.7,0.0,31.5,2250.0,1666.0,3214.0,0.0,3809382.0,0.0,0.0,22.0,10.0,74.74,0.0,0.0,0.0,0.0,0.0,5008.0,0.0,9.72,run4,exp_25
2026-09-07 05:13:26,44.8,16.6,0.0,30.4,2250.0,1666.0,3215.0,0.0,2534098.0,0.0,0.0,22.0,9.0,99.3,0.0,0.0,0.0,0.0,0.0,5008.0,0.0,9.72,run4,exp_25
2026-09-07 05:13:27,44.5,15.8,0.0,30.9,2250.0,1666.0,3217.0,0.0,2478663.0,0.0,0.0,22.0,9.0,165.03,0.0,0.0,0.0,0.0,0.0,5008.0,0.0,9.72,run4,exp_25
2026-09-07 05:13:28,42.0,28.2,0.3,21.8,2251.0,1665.0,3219.0,0.0,1246652.0,0.0,0.0,22.0,11.0,43.55,0.0,0.0,0.0,0.0,0.0,5008.0,0.0,10.94,run4,exp_25
2026-09-07 05:13:31,44.5,32.6,0.2,17.0,2256.0,1661.0,3220.0,0.0,11919519.0,0.0,0.6666666666666666,22.0,10.0,156.42,0.0,0.0,1642.0,1642.0,1686.0,5008.0,0.0,10.94,run4,exp_25
2026-09-07 05:13:32,47.2,15.3,0.0,30.4,2254.0,1662.0,3221.0,0.0,3836569.0,0.0,0.0,22.0,9.0,206.47,0.0,0.0,0.0,0.0,0.0,5008.0,0.0,10.94,run4,exp_25
2026-09-07 05:13:33,50.4,15.4,0.0,27.3,2254.0,1662.0,3222.0,0.0,3980241.0,0.0,1.0,22.0,10.0,245.16,0.0,0.0,1850.5,3701.0,1686.0,5008.0,0.0,10.94,run4,exp_25
2026-09-07 05:13:34,46.9,17.7,0.1,28.8,2254.0,1662.0,3223.0,3669.0,4200601.0,0.0,0.0,22.0,9.0,154.05,0.0,0.0,0.0,0.0,0.0,5010.0,0.0,10.78,run4,exp_25
2026-09-07 05:13:35,45.1,14.5,0.0,31.2,2254.0,1662.0,3224.0,0.0,2530416.0,0.0,0.0,22.0,10.0,132.51,0.0,0.0,1011.5,2025.0,1.0,5010.0,0.0,10.78,run4,exp_25
2026-09-07 05:13:36,47.6,17.8,0.0,28.5,2256.0,1660.0,3226.0,14438.0,3883788.0,0.0,2.0,22.0,9.0,220.31,0.0,0.0,0.0,0.0,0.0,5010.0,0.0,10.78,run4,exp_25
2026-09-07 05:13:38,46.1,16.9,0.2,30.4,2260.0,1656.0,3227.0,0.0,3785289.0,0.0,0.0,22.0,9.0,195.15,0.0,0.0,1054.5,2020.0,75.0,5010.0,0.0,10.78,run4,exp_25
2026-09-07 05:13:39,43.5,19.6,0.0,28.7,2257.0,1659.0,3228.0,0.0,3407116.0,0.0,1.0,22.0,10.0,152.91,0.0,0.0,1083.5,2161.0,83.0,5010.0,0.0,10.48,run4,exp_25
2026-09-07 05:13:40,52.8,16.7,0.0,24.4,2257.0,1659.0,3229.0,0.0,3920173.0,0.0,1.0,22.0,10.0,170.44,0.0,0.0,0.0,0.0,0.0,5010.0,0.0,10.48,run4,exp_25
2026-09-07 05:13:41,44.9,15.1,0.1,32.4,2258.0,1659.0,3231.0,0.0,3860545.0,0.0,0.0,22.0,9.0,171.37,0.0,0.0,2055.0,2055.0,9.0,5010.0,0.0,10.48,run4,exp_25
2026-09-07 05:13:42,41.8,23.2,0.0,26.5,2256.0,1660.0,3234.0,1337028.0,2523505.0,0.0,0.0,22.0,12.0,83.96,0.0,0.0,0.0,0.0,0.0,5008.0,0.0,10.48,run4,exp_25
2026-09-07 06:57:32,40.2,32.7,0.9,18.7,2242.0,1675.0,3237.0,3518.0,270.0,0.0,0.0003210272873194,22.0,11.0,0.01,0.0,0.0,176.33333333333334,266.0,384.0,5008.0,0.0,10.52,run4,exp_25
2026-09-07 06:57:33,41.5,29.6,0.7,20.5,2246.0,1670.0,3262.0,1735.0,6940.0,0.0,5.975000000000023,23.0,14.0,18.64,0.0,0.0,0.0,0.0,0.0,489.0,403.0,11.36,run4,exp_25
2026-09-07 06:58:05,41.3,37.4,2.3,10.5,2241.0,1675.0,3274.0,269662.0,1068522.0,0.0,3.9375,26.0,15.0,6.62,0.0,0.0,5821.869999999998,6519.59999999998,3121.219999999993,2421.0,403.0,26.12919999999999,run4,exp_25
2026-09-07 06:58:18,37.1,31.2,1.5,22.8,2272.0,1644.0,3286.0,2476.0,442647.0,0.0,0.0,26.0,13.0,9.67,0.0,0.0,453.0,453.0,138.0,118.0,403.0,26.12919999999999,run4,exp_25
2026-09-07 06:58:23,55.1,21.5,0.0,18.1,2271.0,1645.0,3291.0,6846.0,5447809.0,0.0,0.0,26.0,14.0,26.95,0.0,0.0,2229.0,4662.0,157.0,73.0,403.0,26.12919999999999,run4,exp_25
2026-09-07 06:58:28,52.9,23.3,0.0,18.8,2269.0,1647.0,3297.0,3016.0,810628.0,0.0,0.0,26.0,14.0,13.26,0.0,0.0,5821.869999999998,6519.59999999998,19.0,77.0,403.0,25.5,run4,exp_25
2026-09-07 06:58:31,62.0,17.3,0.1,15.8,2287.0,1629.0,3299.0,0.0,1812356.0,0.0,0.0,26.0,14.0,98.85,0.0,0.0,689.0,708.0,5.0,182.0,403.0,25.5,run4,exp_25
2026-09-07 06:58:35,58.5,19.2,0.1,17.2,2281.0,1635.0,3303.0,0.0,8187103.0,0.0,0.0,26.0,15.0,45.15,0.0,0.0,4681.0,4685.0,5.0,100.0,403.0,25.78,run4,exp_25
2026-09-07 06:58:38,52.9,18.4,0.1,23.6,2279.0,1638.0,3306.0,15010.0,1674218.0,0.0,0.0,26.0,15.0,36.08,0.0,0.0,1004.0,1004.0,91.0,118.0,403.0,25.78,run4,exp_25
2026-09-07 06:58:42,54.1,19.3,0.0,21.9,2278.0,1638.0,3310.0,0.0,1102701.0,0.0,0.0,26.0,14.0,24.11,0.0,0.0,4313.0,4313.0,91.0,77.0,403.0,24.6,run4,exp_25
2026-09-07 06:58:45,56.8,15.5,0.0,22.6,2278.0,1638.0,3313.0,0.0,1459231.0,0.0,0.0,26.0,13.0,25.92,0.0,0.0,0.0,0.0,0.0,101.0,403.0,23.75,run4,exp_25
2026-09-07 06:58:48,50.2,17.7,0.1,26.9,2279.0,1637.0,3317.0,0.0,1346433.0,0.0,0.0,26.0,13.0,9.15,0.0,0.0,111.0,111.0,30.0,111.0,403.0,23.75,run4,exp_25
2026-09-07 06:58:50,51.3,16.3,0.0,26.7,2278.0,1638.0,3319.0,0.0,1026839.0,0.0,0.0,26.0,13.0,77.27,0.0,0.0,0.0,0.0,0.0,69.0,403.0,23.13,run4,exp_25
2026-09-07 06:58:54,46.8,18.6,0.0,29.2,2290.0,1626.0,3323.0,0.0,8664404.0,0.0,0.0,26.0,13.0,18.08,0.0,0.0,4435.0,4435.0,30.0,82.0,403.0,22.32,run4,exp_25
2026-09-07 06:58:57,49.3,15.7,0.0,29.9,2265.0,1652.0,3326.0,1408.0,1313596.0,0.0,0.0,26.0,13.0,20.62,0.0,0.0,0.0,0.0,0.0,109.0,403.0,22.32,run4,exp_25
2026-09-07 06:59:00,47.2,16.2,0.1,31.5,2264.0,1652.0,3329.0,0.0,1368191.0,0.0,0.0,26.0,13.0,42.84,0.0,0.0,43.0,43.0,2.0,91.0,403.0,22.77,run4,exp_25
2026-09-07 06:59:04,44.6,18.1,0.0,31.9,2254.0,1662.0,3333.0,21495.0,757698.0,0.0,0.0,26.0,13.0,30.44,0.0,0.0,4576.0,4576.0,2.0,48.0,403.0,21.51,run4,exp_25
2026-09-07 06:59:07,44.0,14.8,0.0,36.5,2254.0,1662.0,3336.0,0.0,561593.0,0.0,0.0,26.0,13.0,3.98,0.0,0.0,0.0,0.0,0.0,97.0,403.0,21.51,run4,exp_25
2026-09-07 06:59:10,45.2,16.3,0.0,33.8,2232.0,1685.0,3339.0,0.0,762556.0,0.0,0.0,26.0,13.0,6.61,0.0,0.0,0.0,0.0,0.0,62.0,403.0,20.51,run4,exp_25
2026-09-07 06:59:14,41.7,16.4,0.1,36.8,2222.0,1694.0,3343.0,0.0,1016607.0,0.0,0.0,26.0,13.0,3.77,0.0,0.0,0.0,0.0,0.0,58.0,403.0,19.51,run4,exp_25
2026-09-07 06:59:17,43.3,17.6,0.0,34.3,2232.0,1684.0,3347.0,0.0,533722.0,0.0,0.0,26.0,13.0,4.23,0.0,0.0,0.0,0.0,0.0,79.0,403.0,19.51,run4,exp_25
2026-09-07 06:59:21,44.4,15.9,0.0,35.0,2225.0,1691.0,3351.0,0.0,766429.0,0.0,0.0,26.0,13.0,49.83,0.0,0.0,0.0,0.0,0.0,101.0,403.0,18.75,run4,exp_25
2026-09-07 06:59:25,35.8,16.6,0.0,43.1,2245.0,1671.0,3354.0,0.0,8015289.0,0.0,0.0,26.0,13.0,1.84,0.0,0.0,0.0,0.0,0.0,149.0,403.0,17.8,run4,exp_25
2026-09-07 06:59:28,35.5,15.0,0.0,45.4,2239.0,1677.0,3358.0,0.0,485540.0,0.0,0.0,26.0,13.0,11.76,0.0,0.0,0.0,0.0,0.0,94.0,403.0,17.8,run4,exp_25
2026-09-07 06:59:31,32.9,18.3,0.0,45.1,2242.0,1675.0,3362.0,0.0,416322.0,0.0,0.0,26.0,13.0,43.31,0.0,0.0,0.0,0.0,0.0,76.0,403.0,16.78,run4,exp_25
2026-09-07 06:59:34,22.3,16.0,0.1,59.0,2240.0,1676.0,3365.0,0.0,386602.0,0.0,0.0,26.0,13.0,0.0,0.0,0.0,0.0,0.0,0.0,106.0,403.0,16.08,run4,exp_25
2026-09-07 06:59:38,26.1,13.6,0.0,56.9,2228.0,1688.0,3368.0,0.0,36775.0,0.0,0.0,26.0,13.0,1.28,0.0,0.0,0.0,0.0,0.0,63.0,403.0,16.08,run4,exp_25
2026-09-07 06:59:41,23.2,14.2,0.0,59.3,2227.0,1689.0,3371.0,0.0,0.0,0.0,0.0,26.0,13.0,0.0,0.0,0.0,0.0,0.0,0.0,107.0,403.0,15.27,run4,exp_25
2026-09-07 06:59:44,24.0,14.4,0.1,58.0,2230.0,1686.0,3375.0,0.0,17367.0,0.0,0.0,26.0,13.0,0.0,0.0,0.0,1424.0,1424.0,60.0,78.0,403.0,14.45,run4,exp_25
2026-09-07 06:59:47,25.7,13.6,0.0,57.6,2220.0,1696.0,3377.0,0.0,159009.0,0.0,0.0,26.0,13.0,0.32,0.0,0.0,0.0,0.0,0.0,138.0,403.0,14.45,run4,exp_25
2026-09-07 06:59:50,24.0,12.1,0.0,60.1,2221.0,1695.0,3381.0,0.0,2519163.0,0.0,0.0,26.0,13.0,0.0,0.0,0.0,5753.0,5753.0,60.0,41.0,403.0,13.77,run4,exp_25
2026-09-07 06:59:54,27.5,12.5,0.1,56.2,2196.0,1720.0,3385.0,0.0,7066159.0,0.0,0.0,26.0,14.0,0.0,0.0,0.0,0.0,0.0,0.0,105.0,403.0,12.99,run4,exp_25
2026-09-07 06:59:57,24.5,11.6,0.0,60.4,2197.0,1719.0,3388.0,0.0,0.0,0.0,0.0,26.0,13.0,0.61,0.0,0.0,0.0,0.0,0.0,34.0,403.0,12.99,run4,exp_25
2026-09-07 07:00:00,27.6,11.7,0.1,57.4,2197.0,1719.0,3392.0,0.0,67303.0,0.0,0.6666666666666666,26.0,13.0,0.63,0.0,0.0,0.0,0.0,0.0,100.0,403.0,12.11,run4,exp_25
2026-09-07 07:00:03,23.8,13.1,0.0,60.1,2197.0,1719.0,3395.0,0.0,0.0,0.0,0.0,26.0,13.0,0.0,0.0,0.0,0.0,0.0,0.0,77.0,403.0,11.62,run4,exp_25
2026-09-07 07:00:07,26.4,14.6,0.0,55.4,2199.0,1717.0,3399.0,0.0,16704.0,0.0,0.0,26.0,13.0,0.27,0.0,0.0,0.0,0.0,0.0,103.0,403.0,11.62,run4,exp_25
2026-09-07 07:00:11,28.3,11.7,0.0,57.2,2183.0,1733.0,3402.0,0.0,33110.0,0.0,0.0,26.0,13.0,0.0,0.0,0.0,0.0,0.0,0.0,105.0,403.0,10.77,run4,exp_25
2026-09-07 07:00:14,25.9,12.1,0.0,58.8,2183.0,1733.0,3405.0,0.0,77384.0,0.0,0.0,26.0,13.0,0.0,0.0,0.0,0.0,0.0,0.0,37.0,403.0,10.14,run4,exp_25
2026-09-07 07:00:17,26.4,11.5,0.0,58.7,2182.0,1734.0,3409.0,0.0,25150.0,0.0,0.0,26.0,13.0,0.0,0.0,0.0,0.0,0.0,0.0,47.0,403.0,10.14,run4,exp_25
2026-09-07 07:00:21,26.8,11.8,0.0,58.2,2176.0,1740.0,3413.0,0.0,4006320.0,0.0,0.0,27.0,13.0,0.29,0.0,0.0,0.0,0.0,0.0,116.0,403.0,9.41,run4,exp_25
2026-09-07 07:00:24,24.6,13.5,0.0,58.4,2175.0,1742.0,3416.0,0.0,7707885.0,0.0,0.0,26.0,13.0,0.0,0.0,0.0,0.0,0.0,0.0,100.0,403.0,8.82,run4,exp_25
2026-09-07 07:00:27,26.9,12.8,0.0,57.5,2155.0,1761.0,3419.0,0.0,18204.0,0.0,0.0,26.0,13.0,0.0,0.0,0.0,0.0,0.0,0.0,39.0,403.0,8.82,run4,exp_25
2026-09-07 07:00:30,25.2,12.8,0.0,58.7,2157.0,1759.0,3422.0,0.0,38775.0,0.0,0.0,26.0,13.0,0.33,0.0,0.0,0.0,0.0,0.0,127.0,403.0,8.35,run4,exp_25
2026-09-07 07:00:33,24.8,14.7,0.1,57.6,2147.0,1769.0,3425.0,0.0,0.0,0.0,0.0,26.0,13.0,0.0,0.0,0.0,0.0,0.0,0.0,64.0,403.0,8.35,run4,exp_25
2026-09-07 07:00:36,24.2,15.4,0.0,57.5,2148.0,1769.0,3430.0,0.0,35067.0,0.0,0.0,26.0,13.0,0.95,0.0,0.0,0.0,0.0,0.0,64.0,403.0,7.92,run4,exp_25
2026-09-07 07:00:40,24.0,15.0,0.0,58.0,2103.0,1813.0,3433.0,0.0,0.0,0.0,0.0,26.0,13.0,0.0,0.0,0.0,0.0,0.0,0.0,49.0,403.0,7.53,run4,exp_25
2026-09-07 07:00:43,25.5,14.3,0.1,57.4,2114.0,1802.0,3436.0,0.0,89710.0,0.0,0.0,25.0,12.0,0.32,0.0,0.0,0.0,0.0,0.0,49.0,403.0,7.53,run4,exp_25
2026-09-07 07:00:46,22.0,15.7,0.0,59.0,2110.0,1806.0,3439.0,0.0,49253.0,0.0,0.0,25.0,13.0,0.0,0.0,0.0,0.0,0.0,0.0,19.0,403.0,7.49,run4,exp_25
2026-09-07 07:00:49,25.1,12.3,0.0,59.5,2114.0,1802.0,3442.0,0.0,0.0,0.0,0.0,22.0,9.0,0.31,0.0,0.0,0.0,0.0,0.0,110.0,403.0,7.13,run4,exp_25
2026-09-07 07:00:53,24.4,13.2,0.0,58.7,2086.0,1830.0,3445.0,0.0,19957.0,0.0,0.0,22.0,9.0,0.3,0.0,0.0,0.0,0.0,0.0,209.0,403.0,7.13,run4,exp_25
2026-09-07 07:00:56,24.2,12.6,0.0,59.8,2091.0,1825.0,3449.0,0.0,11318031.0,0.0,0.0,22.0,9.0,0.0,0.0,0.0,0.0,0.0,0.0,49.0,403.0,6.96,run4,exp_25
2026-09-07 07:00:59,23.5,14.4,0.1,58.9,2087.0,1829.0,3454.0,8487.0,2524159.0,0.0,0.0,22.0,9.0,0.0,0.0,0.0,0.0,0.0,0.0,95.0,403.0,6.48,run4,exp_25
2026-09-07 07:01:03,25.2,14.0,0.1,57.3,2092.0,1824.0,3457.0,0.0,9659.0,0.0,0.0,22.0,9.0,0.26,0.0,0.0,0.0,0.0,0.0,108.0,403.0,6.48,run4,exp_25
2026-09-07 07:01:07,23.7,13.1,0.0,59.6,2061.0,1856.0,3460.0,0.0,1242.0,0.0,0.0,22.0,9.0,0.0,0.0,0.0,677.0,677.0,4.0,96.0,403.0,5.96,run4,exp_25
2026-09-07 07:01:10,23.1,13.1,0.0,60.2,2062.0,1854.0,3464.0,0.0,31089.0,0.0,0.0,22.0,9.0,0.0,0.0,0.0,4500.0,4500.0,4.0,43.0,403.0,5.96,run4,exp_25
2026-09-07 07:01:14,22.8,13.0,0.0,60.9,2061.0,1855.0,3467.0,10155.0,93930.0,0.0,0.0,22.0,9.0,0.31,0.0,0.0,0.0,0.0,0.0,95.0,403.0,5.81,run4,exp_25
2026-09-07 07:01:17,25.9,12.8,0.0,58.6,2053.0,1863.0,3470.0,0.0,5184.0,0.0,0.0,22.0,9.0,0.0,0.0,0.0,0.0,0.0,0.0,25.0,403.0,5.81,run4,exp_25
2026-09-07 07:01:20,23.1,10.7,0.0,62.7,2049.0,1867.0,3474.0,0.0,37011.0,0.0,0.0,22.0,9.0,0.0,0.0,0.0,0.0,0.0,0.0,85.0,403.0,5.5,run4,exp_25
2026-09-07 07:01:23,24.0,11.3,0.0,61.2,2053.0,1863.0,3478.0,0.0,17105.0,0.0,0.0,22.0,9.0,0.0,0.0,0.0,0.0,0.0,0.0,178.0,403.0,5.5,run4,exp_25
2026-09-07 07:01:27,25.2,12.2,0.0,59.2,2061.0,1855.0,3481.0,0.0,1229.0,0.0,0.0,22.0,9.0,0.3,0.0,0.0,0.0,0.0,0.0,92.0,403.0,5.78,run4,exp_25
2026-09-07 07:01:30,23.1,12.0,0.0,61.7,2062.0,1854.0,3485.0,0.0,2977488.0,0.0,0.0,22.0,9.0,0.0,0.0,0.0,0.0,0.0,0.0,76.0,403.0,5.72,run4,exp_25
2026-09-07 07:01:33,24.5,12.9,0.1,59.5,2048.0,1868.0,3488.0,0.0,26397.0,0.0,0.0,22.0,9.0,0.97,0.0,0.0,0.0,0.0,0.0,49.0,403.0,5.72,run4,exp_25
2026-09-07 07:01:37,24.5,13.3,0.0,59.1,2047.0,1869.0,3491.0,0.0,1500356.0,0.0,0.0,22.0,9.0,0.29,0.0,0.0,0.0,0.0,0.0,88.0,403.0,5.66,run4,exp_25
2026-09-07 07:01:40,24.6,16.7,0.0,55.5,2046.0,1870.0,3494.0,0.0,45170.0,0.0,0.0,22.0,9.0,0.34,0.0,0.0,0.0,0.0,0.0,99.0,403.0,5.53,run4,exp_25
2026-09-07 07:01:43,24.8,14.5,0.0,58.0,2046.0,1870.0,3499.0,0.0,97322.0,0.0,0.0,22.0,9.0,0.0,0.0,0.0,0.0,0.0,0.0,68.0,403.0,5.53,run4,exp_25
2026-09-07 07:01:46,24.1,16.3,0.0,56.6,2046.0,1870.0,3502.0,0.0,4058.0,0.0,0.0,22.0,9.0,0.0,0.0,0.0,0.0,0.0,0.0,62.0,403.0,5.32,run4,exp_25
2026-09-07 07:01:50,22.3,14.7,0.1,59.4,2043.0,1873.0,3505.0,53723.0,20295.0,0.0,0.0,22.0,9.0,0.29,0.0,0.0,0.0,0.0,0.0,44.0,403.0,5.14,run4,exp_25
2026-09-07 07:01:53,25.9,12.9,0.1,58.5,2045.0,1872.0,3508.0,0.0,38455.0,0.0,0.0,22.0,9.0,0.0,0.0,0.0,0.0,0.0,0.0,78.0,403.0,5.14,run4,exp_25
2026-09-07 07:01:56,23.8,13.2,0.0,59.8,2044.0,1873.0,3511.0,0.0,0.0,0.0,0.0,22.0,9.0,0.0,0.0,0.0,0.0,0.0,0.0,149.0,403.0,4.81,run4,exp_25
2026-09-07 07:01:59,25.9,13.1,0.0,57.8,2044.0,1872.0,3514.0,0.0,14000.0,0.0,0.0,22.0,9.0,0.34,0.0,0.0,0.0,0.0,0.0,176.0,403.0,4.5,run4,exp_25
2026-09-07 07:02:02,24.8,13.1,0.0,58.9,2042.0,1874.0,3517.0,0.0,394730.0,0.0,0.0,22.0,9.0,0.0,0.0,0.0,0.0,0.0,0.0,127.0,403.0,4.5,run4,exp_25
2026-09-07 07:02:06,23.7,17.4,0.0,55.3,2042.0,1874.0,3522.0,0.0,3505798.0,0.0,0.0,22.0,9.0,0.0,0.0,0.0,0.0,0.0,0.0,170.0,403.0,4.3,run4,exp_25
2026-09-07 07:02:10,21.5,17.4,0.1,56.8,2027.0,1889.0,3528.0,0.0,63131.0,0.0,0.0,23.0,9.0,0.2,0.0,0.0,0.0,0.0,0.0,183.0,403.0,4.44,run4,exp_25
2026-09-07 07:02:16,25.6,16.3,0.0,54.7,2023.0,1893.0,3532.0,0.0,22492.0,0.0,0.0,22.0,9.0,0.0,0.0,0.0,0.0,0.0,0.0,72.0,403.0,4.88,run4,exp_25
2026-09-07 07:02:19,26.9,10.6,0.1,59.3,2023.0,1893.0,3535.0,47440.0,29819.0,0.0,0.0,22.0,9.0,0.0,0.0,0.0,0.0,0.0,0.0,47.0,403.0,4.89,run4,exp_25
2026-09-07 07:02:22,24.8,12.1,0.0,59.4,2039.0,1878.0,3538.0,0.0,1301.0,0.0,0.0,22.0,9.0,0.32,0.0,0.0,0.0,0.0,0.0,37.0,403.0,4.89,run4,exp_25
2026-09-07 07:02:25,22.9,11.3,0.0,62.3,2036.0,1880.0,3542.0,0.0,33020.0,0.0,0.0,22.0,9.0,0.0,0.0,0.0,0.0,0.0,0.0,63.0,403.0,4.82,run4,exp_25
2026-09-07 07:02:29,24.3,11.9,1.0,59.5,2038.0,1878.0,3546.0,0.0,16845.0,0.0,0.0,22.0,9.0,0.0,0.0,0.0,0.0,0.0,0.0,72.0,403.0,5.0,run4,exp_25
2026-09-07 07:02:32,25.4,12.0,0.0,59.6,2021.0,1896.0,3549.0,0.0,1418.0,0.0,0.0,22.0,9.0,1.39,0.0,0.0,0.0,0.0,0.0,131.0,403.0,5.0,run4,exp_25
2026-09-07 07:02:34,23.2,10.6,0.0,62.7,2021.0,1896.0,3551.0,0.0,40031.0,0.0,0.0,22.0,9.0,0.0,0.0,0.0,0.0,0.0,0.0,73.0,403.0,4.92,run4,exp_25
2026-09-07 07:02:37,25.1,13.0,0.1,58.8,2028.0,1888.0,3554.0,30653.0,5911465.0,0.0,0.0,22.0,9.0,0.37,0.0,0.0,0.0,0.0,0.0,121.0,403.0,4.92,run4,exp_25
2026-09-07 07:02:40,24.0,11.0,0.0,61.6,2027.0,1889.0,3558.0,0.0,131573.0,0.0,0.0,22.0,9.0,0.0,0.0,0.0,0.0,0.0,0.0,65.0,403.0,4.68,run4,exp_25
2026-09-07 07:02:44,24.6,12.1,0.1,60.0,2026.0,1890.0,3561.0,0.0,2163083.0,0.0,0.0,22.0,9.0,0.3,0.0,0.0,0.0,0.0,0.0,58.0,403.0,4.55,run4,exp_25
2026-09-07 07:02:47,22.4,14.0,0.0,60.1,2025.0,1891.0,3564.0,0.0,37989.0,0.0,0.0,22.0,9.0,0.0,0.0,0.0,0.0,0.0,0.0,58.0,403.0,4.55,run4,exp_25
2026-09-07 07:02:51,23.5,15.5,0.0,58.1,2028.0,1888.0,3569.0,0.0,0.0,0.0,0.0,21.0,9.0,0.0,0.0,0.0,0.0,0.0,0.0,140.0,403.0,4.42,run4,exp_25
2026-09-07 07:02:54,23.1,14.7,0.0,58.7,2023.0,1893.0,3572.0,0.0,29280.0,0.0,0.0,21.0,9.0,0.31,0.0,0.0,0.0,0.0,0.0,81.0,403.0,4.31,run4,exp_25
2026-09-07 07:02:57,24.1,12.8,0.0,59.6,2031.0,1885.0,3575.0,0.0,0.0,0.0,0.0,21.0,9.0,0.0,0.0,0.0,0.0,0.0,0.0,56.0,403.0,4.31,run4,exp_25
2026-09-07 07:03:00,22.2,12.5,0.0,61.6,2029.0,1887.0,3578.0,0.0,37879.0,0.0,0.0,21.0,9.0,0.0,0.0,0.0,0.0,0.0,0.0,74.0,403.0,3.96,run4,exp_25
2026-09-07 07:03:04,24.4,13.0,0.0,59.4,2030.0,1887.0,3582.0,0.0,10170.0,0.0,0.0,21.0,9.0,0.28,0.0,0.0,0.0,0.0,0.0,84.0,403.0,3.73,run4,exp_25
2026-09-07 07:03:08,22.4,15.4,0.0,58.8,2023.0,1893.0,3585.0,0.0,106552.0,0.0,0.0,22.0,9.0,0.28,0.0,0.0,0.0,0.0,0.0,64.0,403.0,3.73,run4,exp_25
2026-09-07 07:03:11,23.3,17.5,0.0,56.0,2025.0,1892.0,3589.0,0.0,0.0,0.0,0.0,21.0,9.0,0.0,0.0,0.0,0.0,0.0,0.0,60.0,403.0,3.67,run4,exp_25
2026-09-07 07:03:14,22.7,17.7,0.0,56.0,2022.0,1894.0,3593.0,0.0,5854652.0,0.0,0.0,21.0,9.0,0.0,0.0,0.0,0.0,0.0,0.0,82.0,403.0,3.61,run4,exp_25
2026-09-07 07:03:17,24.0,16.5,0.0,56.9,2027.0,1889.0,3596.0,0.0,2419630.0,0.0,0.0,21.0,9.0,0.6,0.0,0.0,934.0,934.0,95.0,125.0,403.0,3.61,run4,exp_25
2026-09-07 07:03:21,21.6,11.8,0.0,62.8,2025.0,1891.0,3599.0,28172.0,33806.0,0.0,0.0,21.0,9.0,0.0,0.0,0.0,5109.0,5109.0,95.0,100.0,403.0,3.65,run4,exp_25
2026-09-07 07:03:24,25.1,11.9,0.1,59.5,2029.0,1887.0,3603.0,0.0,23633.0,0.0,0.0,21.0,9.0,0.0,0.0,0.0,0.0,0.0,0.0,39.0,403.0,3.75,run4,exp_25
2026-09-07 07:03:27,24.2,10.9,0.0,61.8,2024.0,1892.0,3606.0,0.0,41388.0,0.0,0.0,28.0,16.0,0.32,0.0,0.0,0.0,0.0,0.0,124.0,403.0,3.75,run4,exp_25
2026-09-07 07:03:31,25.8,11.7,0.0,59.4,2032.0,1884.0,3610.0,0.0,55288.0,0.0,0.0,29.0,17.0,4.68,0.0,0.0,0.0,0.0,0.0,44.0,403.0,3.53,run4,exp_25
2026-09-07 07:03:34,27.5,11.2,0.1,58.2,1997.0,1919.0,3614.0,0.0,27976.0,0.0,0.0,29.0,17.0,0.0,0.0,0.0,0.0,0.0,0.0,94.0,403.0,3.41,run4,exp_25
2026-09-07 07:03:37,24.3,11.9,0.3,60.3,2005.0,1911.0,3617.0,0.0,5347279.0,0.0,0.0,29.0,16.0,0.31,0.0,0.0,0.0,0.0,0.0,195.0,403.0,3.41,run4,exp_25
2026-09-07 07:03:41,24.8,12.7,0.0,59.6,1997.0,1919.0,3620.0,0.0,1361.0,0.0,0.0,29.0,16.0,0.0,0.0,0.0,0.0,0.0,0.0,61.0,403.0,3.46,run4,exp_25
2026-09-07 07:03:43,23.3,9.8,0.1,63.2,1997.0,1919.0,3623.0,0.0,39534.0,0.0,0.0,29.0,16.0,0.0,0.0,0.0,0.0,0.0,0.0,115.0,403.0,3.46,run4,exp_25
2026-09-07 07:03:47,27.1,12.8,0.0,56.3,2001.0,1915.0,3626.0,0.0,0.0,0.0,0.0,29.0,16.0,0.0,0.0,0.0,1023.0,1023.0,1.0,87.0,403.0,3.34,run4,exp_25
2026-09-07 07:03:50,24.9,12.1,0.0,59.4,1997.0,1919.0,3629.0,0.0,4596544.0,0.0,0.0,29.0,16.0,0.33,0.0,0.0,0.0,0.0,0.0,39.0,403.0,3.39,run4,exp_25
2026-09-07 07:03:53,25.7,15.4,0.0,55.7,2004.0,1912.0,3632.0,0.0,37604.0,0.0,0.0,29.0,16.0,0.0,0.0,0.0,3385.5,5473.0,86.0,72.0,403.0,3.39,run4,exp_25
2026-09-07 07:03:56,23.8,16.3,0.0,56.7,2003.0,1913.0,3636.0,0.0,5384.0,0.0,0.0,30.0,16.0,0.0,0.0,0.0,5621.0,5621.0,85.0,70.0,403.0,3.12,run4,exp_25
2026-09-07 07:03:59,24.1,14.4,0.1,58.3,2007.0,1909.0,3640.0,0.0,21439.0,0.0,0.0,29.0,16.0,0.35,0.0,0.0,0.0,0.0,0.0,85.0,403.0,3.19,run4,exp_25
2026-09-07 07:04:02,25.5,12.8,0.0,58.8,2006.0,1910.0,3643.0,0.0,1206.0,0.0,0.0,29.0,16.0,0.0,0.0,0.0,0.0,0.0,0.0,90.0,403.0,3.19,run4,exp_25
2026-09-07 07:04:05,24.5,13.0,0.0,59.2,2009.0,1907.0,3646.0,0.0,119439.0,0.0,0.0,29.0,16.0,0.0,0.0,0.0,0.0,0.0,0.0,26.0,403.0,3.26,run4,exp_25
2026-09-07 07:04:09,22.8,14.4,0.1,59.0,2009.0,1907.0,3649.0,0.0,24870.0,0.0,0.0,29.0,16.0,0.0,0.0,0.0,1275.0,1275.0,0.0,147.0,403.0,3.26,run4,exp_25
2026-09-07 07:04:12,23.2,16.2,0.0,57.4,2006.0,1910.0,3652.0,0.0,1294.0,0.0,0.0,29.0,16.0,0.32,0.0,0.0,0.0,0.0,0.0,110.0,403.0,3.32,run4,exp_25
2026-09-07 07:04:15,22.7,20.6,0.0,53.6,2007.0,1909.0,3656.0,0.0,36241.0,0.0,0.0,29.0,16.0,0.0,0.0,0.0,5292.0,5292.0,0.0,54.0,403.0,3.37,run4,exp_25
2026-09-07 07:04:18,22.0,15.6,0.0,59.2,2007.0,1909.0,3659.0,0.0,19846.0,0.0,0.0,29.0,16.0,0.0,0.0,0.0,0.0,0.0,0.0,46.0,403.0,3.37,run4,exp_25
2026-09-07 07:04:21,24.8,17.4,0.0,54.8,2010.0,1907.0,3662.0,0.0,7664088.0,0.0,0.0,29.0,16.0,0.33,0.0,0.0,0.0,0.0,0.0,32.0,403.0,3.66,run4,exp_25
2026-09-07 07:04:24,23.2,11.2,0.1,62.3,2005.0,1912.0,3666.0,0.0,402588.0,0.0,0.0,29.0,16.0,0.0,0.0,0.0,0.0,0.0,0.0,74.0,403.0,3.53,run4,exp_25
2026-09-07 07:04:28,25.8,12.4,0.0,59.1,2008.0,1908.0,3669.0,0.0,21999.0,0.0,0.0,29.0,16.0,0.95,0.0,0.0,794.0,794.0,10.0,83.0,403.0,3.53,run4,exp_25
2026-09-07 07:04:31,23.3,10.9,0.0,62.5,2007.0,1909.0,3672.0,0.0,0.0,0.0,0.0,29.0,16.0,0.0,0.0,0.0,5544.0,5544.0,10.0,74.0,403.0,3.49,run4,exp_25
2026-09-07 07:04:34,24.9,12.9,0.0,59.1,2011.0,1905.0,3675.0,0.0,114314.0,0.0,0.0,29.0,16.0,0.31,0.0,0.0,0.0,0.0,0.0,48.0,403.0,3.37,run4,exp_25
2026-09-07 07:04:38,24.4,11.3,0.0,61.0,2003.0,1913.0,3679.0,0.0,40863.0,0.0,0.0,28.0,16.0,0.28,0.0,0.0,1518.0,1518.0,103.0,108.0,403.0,3.37,run4,exp_25
2026-09-07 07:04:41,25.2,11.1,0.0,60.2,2006.0,1910.0,3683.0,0.0,0.0,0.0,0.0,29.0,16.0,0.0,0.0,0.0,5625.0,5625.0,103.0,67.0,403.0,3.26,run4,exp_25
2026-09-07 07:04:44,24.4,11.0,0.1,60.9,2001.0,1915.0,3686.0,0.0,20420.0,0.0,0.0,29.0,16.0,0.31,0.0,0.0,0.0,0.0,0.0,112.0,403.0,3.0,run4,exp_25
2026-09-07 07:04:47,23.9,13.3,0.0,59.3,2007.0,1909.0,3689.0,0.0,36703.0,0.0,0.0,29.0,17.0,0.0,0.0,0.0,0.0,0.0,0.0,84.0,403.0,3.0,run4,exp_25
2026-09-07 07:04:51,23.1,12.1,0.6,60.4,2006.0,1910.0,3693.0,0.0,8789459.0,0.0,0.0,29.0,16.0,0.0,0.0,0.0,0.0,0.0,0.0,31.0,403.0,3.16,run4,exp_25
2026-09-07 07:04:53,25.5,11.0,0.1,59.8,2006.0,1910.0,3695.0,0.0,45361.0,0.0,0.0,29.0,16.0,0.0,0.0,0.0,0.0,0.0,0.0,91.0,403.0,3.16,run4,exp_25
2026-09-07 07:04:56,25.2,14.2,0.0,57.7,1996.0,1920.0,3699.0,0.0,4869.0,0.0,0.0,29.0,16.0,0.3,0.0,0.0,0.0,0.0,0.0,39.0,403.0,3.39,run4,exp_25
2026-09-07 07:05:00,22.8,17.0,0.1,56.9,1996.0,1920.0,3702.0,0.0,99387.0,0.0,0.0,29.0,16.0,0.0,0.0,0.0,0.0,0.0,0.0,86.0,403.0,3.27,run4,exp_25
2026-09-07 07:05:02,26.4,14.9,0.1,55.4,2006.0,1910.0,3705.0,0.0,485535.0,0.0,0.0,29.0,16.0,0.0,0.0,0.0,0.0,0.0,0.0,78.0,403.0,3.27,run4,exp_25
2026-09-07 07:05:05,24.4,11.4,0.0,60.3,2010.0,1906.0,3708.0,0.0,80190.0,0.0,0.0,29.0,16.0,0.31,0.0,0.0,0.0,0.0,0.0,89.0,403.0,3.41,run4,exp_25
2026-09-07 07:05:09,26.9,24.9,1.0,44.7,2017.0,1899.0,3712.0,24140227.709999837,57366.0,0.0,0.0,29.0,17.0,0.0,0.0,0.0,0.0,0.0,0.0,27.0,403.0,3.41,run4,exp_25
2026-09-07 07:05:12,22.6,36.4,0.1,38.3,1973.0,1943.0,3714.0,24140227.709999837,5591430.0,0.0,0.0,29.0,16.0,0.33,0.0,0.0,302.0,302.0,123.0,46.0,403.0,3.54,run4,exp_25
2026-09-07 07:05:15,22.8,29.9,0.1,44.7,1969.0,1948.0,3718.0,24140227.709999837,770192.0,0.0,0.0,29.0,16.0,0.0,0.0,0.0,4603.0,4603.0,123.0,61.0,403.0,3.74,run4,exp_25
2026-09-07 07:05:19,25.0,22.5,0.0,48.9,1971.0,1945.0,3721.0,1009251.0,876515.0,0.0,0.0,29.0,16.0,0.28,0.0,0.0,0.0,0.0,0.0,87.0,403.0,3.76,run4,exp_25
2026-09-07 07:05:22,24.3,14.5,0.0,57.6,1972.0,1944.0,3726.0,2419.0,8499325.0,0.0,0.0,29.0,16.0,0.0,0.0,0.0,0.0,0.0,0.0,47.0,403.0,3.76,run4,exp_25
2026-09-07 07:05:25,25.4,18.3,0.0,53.2,1975.0,1941.0,3729.0,87607.0,1327.0,0.0,0.0,29.0,16.0,0.97,0.0,0.0,0.0,0.0,0.0,97.0,403.0,3.7,run4,exp_25
2026-09-07 07:05:28,23.4,14.0,0.1,59.4,1964.0,1952.0,3732.0,122189.0,710796.0,0.0,0.0,29.0,16.0,0.32,0.0,0.0,0.0,0.0,0.0,84.0,403.0,3.7,run4,exp_25
2026-09-07 07:05:32,24.7,13.9,0.0,58.2,1975.0,1941.0,3736.0,0.0,33925.0,0.0,0.0,29.0,16.0,0.0,0.0,0.0,0.0,0.0,0.0,60.0,403.0,3.64,run4,exp_25
2026-09-07 07:05:35,25.3,13.3,0.0,58.4,1974.0,1942.0,3738.0,0.0,127539.0,0.0,0.0,29.0,16.0,0.0,0.0,0.0,0.0,0.0,0.0,84.0,403.0,3.51,run4,exp_25
2026-09-07 07:05:38,25.6,13.1,0.0,58.3,1977.0,1939.0,3741.0,1313.0,434523.0,0.0,0.0,29.0,16.0,0.32,0.0,0.0,0.0,0.0,0.0,27.0,403.0,3.51,run4,exp_25
2026-09-07 07:05:41,25.4,13.2,0.0,57.7,1975.0,1942.0,3744.0,228052.0,1408.0,0.0,0.0,29.0,16.0,0.0,0.0,0.0,0.0,0.0,0.0,123.0,403.0,3.71,run4,exp_25
2026-09-07 07:05:44,24.8,12.7,0.0,58.9,1979.0,1937.0,3749.0,0.0,41604.0,0.0,0.0,29.0,16.0,0.0,0.0,0.0,0.0,0.0,0.0,37.0,403.0,3.65,run4,exp_25
2026-09-07 07:05:47,24.7,11.3,0.1,60.5,1980.0,1936.0,3751.0,0.0,20905.0,0.0,0.0,29.0,16.0,0.0,0.0,0.0,0.0,0.0,0.0,37.0,403.0,3.65,run4,exp_25
2026-09-07 07:05:50,25.7,11.8,0.0,59.4,1984.0,1932.0,3754.0,0.0,1378.0,0.0,0.0,29.0,16.0,0.34,0.0,0.0,0.0,0.0,0.0,73.0,403.0,3.6,run4,exp_25
2026-09-07 07:05:53,24.3,13.6,0.0,58.8,1985.0,1931.0,3757.0,0.0,10961993.0,0.0,0.0,29.0,16.0,0.0,0.0,0.0,0.0,0.0,0.0,41.0,403.0,3.6,run4,exp_25
2026-09-07 07:05:56,22.5,10.9,0.0,62.9,1984.0,1932.0,3760.0,0.0,0.0,0.0,0.0,29.0,16.0,0.0,0.0,0.0,0.0,0.0,0.0,87.0,403.0,3.87,run4,exp_25
2026-09-07 07:05:59,28.1,13.9,0.0,55.0,1981.0,1935.0,3764.0,0.0,25397.0,0.0,0.0,29.0,16.0,0.0,0.0,0.0,0.0,0.0,0.0,80.0,403.0,4.04,run4,exp_25
2026-09-07 07:06:02,24.6,16.3,0.1,55.8,1976.0,1940.0,3766.0,122632.0,132277.0,0.0,0.0,29.0,16.0,0.34,0.0,0.0,0.0,0.0,0.0,43.0,403.0,4.04,run4,exp_25
2026-09-07 07:06:05,25.5,13.3,0.0,57.9,1980.0,1936.0,3770.0,744968.0,0.0,0.0,0.0,29.0,17.0,0.0,0.0,0.0,0.0,0.0,0.0,57.0,403.0,4.44,run4,exp_25
2026-09-11 03:05:45,13.8,27.4,0.0,57.9,14508.0,1655.0,195.0,1326788.0,82924.0,0.0,15.8,37.0,22.0,128.88,0.0,0.0,0.0,0.0,0.0,612.0,403.0,0.0,run5,exp_26
2026-09-11 03:05:51,7.1,13.2,0.0,78.7,14542.0,1622.0,200.0,1883607.0,387496.0,0.0,6.166666666666667,39.0,22.0,84.86,0.0,0.0,0.0,0.0,0.0,20.0,403.0,0.0,run5,exp_26
2026-09-11 03:05:56,8.8,18.5,0.0,71.1,14544.0,1619.0,205.0,1369528.0,849826.0,0.0,17.2,39.0,22.0,214.23,0.0,0.0,0.0,0.0,0.0,23.0,403.0,0.0,run5,exp_26
2026-09-11 03:06:01,6.9,17.4,0.0,74.5,14506.0,1657.0,211.0,1396464.0,675964.0,0.0,18.0,39.0,22.0,199.78,0.0,0.0,0.0,0.0,0.0,18.0,403.0,0.0,run5,exp_26
2026-09-11 03:06:06,4.7,12.7,0.0,81.6,14527.0,1637.0,216.0,568882.0,503668.0,0.0,14.4,46.0,28.0,150.74,0.0,0.0,0.0,0.0,0.0,16.0,403.0,0.0,run5,exp_26
2026-09-11 03:06:12,5.6,9.2,0.0,84.5,14517.0,1646.0,221.0,583674.0,651367.0,0.0,0.0,46.0,29.0,1.35,0.0,0.0,0.0,0.0,0.0,16.0,403.0,0.0,run5,exp_26
2026-09-11 03:06:17,7.9,11.1,0.0,79.1,14531.0,1632.0,226.0,1063236.0,194631.0,0.0,0.0,46.0,28.0,0.78,0.0,0.0,0.0,0.0,0.0,19.0,403.0,0.0,run5,exp_26
2026-09-11 03:06:22,5.8,9.8,0.0,83.3,14573.0,1590.0,231.0,700226.0,270477.0,0.0,1.2,36.0,12.0,0.97,0.0,0.0,0.0,0.0,0.0,16.0,403.0,0.0,run5,exp_26
2026-09-11 03:06:27,5.5,16.0,0.0,77.4,14505.0,1658.0,237.0,602784.0,1156892.0,0.0,20.2,36.0,13.0,194.97,0.0,0.0,0.0,0.0,0.0,16.0,403.0,0.0,run5,exp_26
2026-09-11 03:06:32,7.1,15.4,0.0,76.3,14513.0,1650.0,242.0,783474.0,615285.0,0.0,16.8,36.0,12.0,212.59,0.0,0.0,0.0,0.0,0.0,16.0,403.0,0.0,run5,exp_26
2026-09-11 03:06:38,4.4,16.2,0.0,78.4,14520.0,1643.0,248.0,427286.0,679932.0,0.0,18.33333333333333,36.0,13.0,155.27,0.0,0.0,0.0,0.0,0.0,18.0,403.0,0.0,run5,exp_26
2026-09-11 03:06:43,4.9,11.0,0.0,83.3,14524.0,1639.0,253.0,313413.0,401399.0,0.0,4.2,40.0,22.0,51.01,0.0,0.0,0.0,0.0,0.0,16.0,403.0,0.0,run5,exp_26
2026-09-11 03:06:48,6.4,10.4,0.0,82.1,14480.0,1683.0,258.0,461762.0,179360.0,0.0,0.0,40.0,20.0,1.16,0.0,0.0,0.0,0.0,0.0,21.0,403.0,0.0,run5,exp_26
2026-09-11 03:06:53,5.0,9.5,0.0,84.8,14470.0,1693.0,263.0,343011.0,353382.0,0.0,0.2,40.0,20.0,3.86,0.0,0.0,0.0,0.0,0.0,19.0,403.0,0.0,run5,exp_26
2026-09-11 03:06:58,8.4,16.7,0.0,74.1,14442.0,1722.0,268.0,1092033.0,2004828.0,0.0,10.4,40.0,14.0,96.89,0.0,0.0,0.0,0.0,0.0,23.0,403.0,0.0,run5,exp_26
2026-09-11 03:07:03,14.5,25.1,0.0,58.1,14503.0,1661.0,273.0,1088287.0,716450.0,0.0,19.6,40.0,13.0,169.38,0.0,0.0,0.0,0.0,0.0,20.0,403.0,0.0,run5,exp_26
2026-09-11 03:07:09,11.1,20.1,0.0,66.9,14599.0,1564.0,278.0,538408.0,714090.0,0.0,15.833333333333334,39.0,12.0,176.58,0.0,0.0,0.0,0.0,0.0,19.0,403.0,0.0,run5,exp_26
2026-09-11 03:07:14,11.4,30.4,0.0,56.2,14681.0,1482.0,284.0,637081.0,1357354.0,1.8,32.026,42.0,19.0,149.9,0.0,0.0,0.0,0.0,0.0,17.0,403.0,0.0,run5,exp_26
2026-09-11 03:07:19,8.9,50.3,0.0,39.8,14763.0,1400.0,289.0,1746537.0,209821.0,0.0,0.4,41.0,18.0,4.05,0.0,0.0,0.0,0.0,0.0,25.0,403.0,0.0,run5,exp_26
2026-09-11 03:07:24,10.4,52.1,0.0,36.3,14649.0,1515.0,294.0,3748114.0,381717.0,0.0,0.0,46.0,23.0,0.95,0.0,0.0,0.0,0.0,0.0,21.0,403.0,0.24,run5,exp_26
2026-09-11 03:07:29,10.4,50.7,0.0,36.8,14748.0,1415.0,299.0,7802448.0,332078.0,0.0,1.4,44.0,18.0,14.21,0.0,0.0,0.0,0.0,0.0,21.0,403.0,0.2965,run5,exp_26
2026-09-11 03:07:35,8.7,23.7,0.0,65.0,14887.0,1276.0,304.0,3907304.0,1298017.0,0.0,16.0,44.0,18.0,194.72,0.0,0.0,0.0,0.0,0.0,16.0,403.0,0.28,run5,exp_26
2026-09-11 03:07:40,5.3,16.3,0.0,77.6,14718.0,1445.0,309.0,2411032.0,698780.0,0.0,19.6,44.0,18.0,196.46,0.0,0.0,0.0,0.0,0.0,22.0,403.0,0.25,run5,exp_26
2026-09-11 03:07:45,6.2,18.2,0.0,74.2,14722.0,1441.0,314.0,2271309.0,935321.0,0.0,19.8,44.0,17.0,202.2,0.0,0.0,0.0,0.0,0.0,16.0,403.0,0.23,run5,exp_26
2026-09-11 03:07:50,9.1,49.9,0.0,38.3,14756.0,1407.0,320.0,1427247.0,1289402.0,0.0,27.4,45.0,17.0,44.84,0.0,0.0,0.0,0.0,0.0,13.0,403.0,0.22,run5,exp_26
2026-09-11 03:07:56,10.2,52.9,0.0,34.5,14760.0,1404.0,325.0,3780069.0,1499221.0,0.0,7.5,45.0,17.0,0.71,0.0,0.0,0.0,0.0,0.0,11.0,403.0,0.2,run5,exp_26
2026-09-11 03:08:02,8.8,52.4,0.0,35.7,14748.0,1415.0,331.0,8048084.0,4976271.0,181.24599999999964,19.166666666666668,45.0,25.0,1.77,0.0,0.0,0.0,0.0,0.0,12.0,403.0,0.17,run5,exp_26
2026-09-11 03:08:07,9.3,19.1,0.0,70.2,14735.0,1428.0,336.0,12837074.525000015,5013339.075,0.0,15.8,44.0,18.0,182.4,0.0,0.0,0.0,0.0,0.0,17.0,403.0,0.15,run5,exp_26
2026-09-11 03:08:12,5.9,18.1,0.0,74.7,14737.0,1427.0,342.0,1240048.0,1490766.0,0.0,30.2,44.0,17.0,182.68,0.0,0.0,0.0,0.0,0.0,17.0,403.0,0.14,run5,exp_26
2026-09-11 03:08:17,6.1,17.8,0.0,74.9,14705.0,1458.0,347.0,1007726.0,1081588.0,0.0,17.8,44.0,19.0,159.99,0.0,0.0,0.0,0.0,0.0,21.0,403.0,0.13,run5,exp_26
2026-09-11 03:08:23,9.1,51.8,0.0,37.2,14726.0,1438.0,352.0,1127897.0,222160.0,0.0,2.1666666666666665,45.0,23.0,35.15,0.0,0.0,0.0,0.0,0.0,17.0,403.0,0.12,run5,exp_26
2026-09-11 03:08:28,6.2,42.3,0.0,49.4,14690.0,1473.0,358.0,319669.0,67004.0,0.0,0.0,45.0,19.0,0.58,0.0,0.0,0.0,0.0,0.0,15.0,403.0,0.11,run5,exp_26
2026-09-11 03:08:33,6.8,25.3,0.0,66.2,14748.0,1415.0,363.0,345361.0,534127.0,0.0,10.0,46.0,18.0,115.42,0.0,0.0,0.0,0.0,0.0,16.0,403.0,0.1,run5,exp_26
2026-09-11 03:08:38,7.9,19.2,0.0,71.9,14755.0,1409.0,368.0,439493.0,688941.0,0.0,20.6,46.0,17.0,183.65,0.0,0.0,0.0,0.0,0.0,24.0,403.0,0.09,run5,exp_26
2026-09-11 03:08:43,4.8,16.9,0.0,77.0,14778.0,1386.0,373.0,431195.0,606004.0,0.0,18.6,44.0,17.0,216.53,0.0,0.0,0.0,0.0,0.0,10.0,403.0,0.09,run5,exp_26
2026-09-11 03:08:48,5.8,15.0,0.0,77.2,14715.0,1448.0,378.0,917386.0,4830299.0,0.0,11.4,32.0,17.0,128.88,0.0,0.0,0.0,0.0,0.0,16.0,403.0,0.08,run5,exp_26
2026-09-11 03:03:22,21.8,25.7,0.0,50.5,15450.0,713.0,52.0,27106315.540000003,56406.0,0.0,76.3,37.0,22.0,988.75,0.0,0.0,0.0,0.0,0.0,924.0,403.0,0.0,run7,exp_27
2026-09-11 03:03:28,15.6,30.8,0.0,51.9,15540.0,623.0,58.0,20294880.0,1428062.0,6.099999999999994,43.833333333333336,48.0,27.0,477.6,0.0,0.0,0.0,0.0,0.0,13.0,403.0,0.0,run7,exp_27
2026-09-11 03:03:33,12.1,44.4,0.0,40.9,15583.0,581.0,63.0,1847498.0,2332308.0,0.0,99.949,49.0,27.0,1090.01,0.0,0.0,0.0,0.0,0.0,12.0,403.0,0.0,run7,exp_27
2026-09-11 03:03:38,11.4,45.0,0.0,41.0,15623.0,541.0,68.0,1423153.0,3987766.05,0.0,99.4,48.0,25.0,1080.68,0.0,0.0,0.0,0.0,0.0,35.0,403.0,0.0,run7,exp_27
2026-09-11 03:03:44,11.1,47.2,0.0,38.2,15602.0,561.0,73.0,5061337.0,2336433.0,0.0,84.83333333333333,48.0,29.0,1041.62,0.0,0.0,0.0,0.0,0.0,21.0,403.0,0.08,run7,exp_27
2026-09-11 03:03:49,11.1,47.9,0.0,38.2,15621.0,542.0,78.0,3983561.0,2288324.0,0.0,95.0,48.0,29.0,1012.77,0.0,0.0,0.0,0.0,0.0,18.0,403.0,0.07,run7,exp_27
2026-09-11 03:03:54,9.1,44.9,0.0,43.7,15536.0,627.0,84.0,7965640.0,2060544.0,0.0,85.2,48.0,29.0,1045.74,0.0,0.0,0.0,0.0,0.0,25.0,403.0,0.07,run7,exp_27
2026-09-11 03:03:59,12.7,48.2,0.0,37.1,15625.0,538.0,89.0,8026729.0,2190479.0,0.0,87.8,48.0,27.0,1032.16,0.0,0.0,0.0,0.0,0.0,18.0,403.0,0.06,run7,exp_27
2026-09-11 03:04:05,9.3,43.9,0.0,44.6,15598.0,565.0,94.0,2209957.0,2452444.0,0.0,85.66666666666667,48.0,31.0,1011.76,0.0,0.0,0.0,0.0,0.0,23.0,403.0,0.06,run7,exp_27
2026-09-11 03:04:10,12.9,46.1,0.0,38.8,15638.0,525.0,99.0,2218350.0,2555831.0,0.0,85.8,48.0,27.0,969.11,0.0,0.0,0.0,0.0,0.0,19.0,403.0,0.05,run7,exp_27
2026-09-11 03:04:15,14.2,49.6,0.0,33.2,15632.0,531.0,104.0,4888530.0,1988430.0,0.0,72.8,48.0,29.0,993.1,0.0,0.0,0.0,0.0,0.0,22.0,403.0,0.05,run7,exp_27
2026-09-11 03:04:20,12.2,46.0,0.0,39.4,15628.0,535.0,110.0,3988373.0,1966169.0,0.0,71.6,48.0,26.0,984.4,0.0,0.0,0.0,0.0,0.0,13.0,403.0,0.04,run7,exp_27
2026-09-11 03:04:26,12.0,46.8,0.0,38.5,15692.0,471.0,116.0,1913111.0,1904488.0,0.0,58.5,48.0,29.0,865.16,0.0,0.0,0.0,0.0,0.0,14.0,403.0,0.04,run7,exp_27
2026-09-11 03:04:31,9.0,45.4,0.0,43.1,15671.0,493.0,121.0,2184730.0,1985226.0,0.0,70.4,48.0,27.0,984.2,0.0,0.0,0.0,0.0,0.0,19.0,403.0,0.04,run7,exp_27
2026-09-11 03:04:36,12.1,47.2,0.0,38.1,15669.0,494.0,126.0,2670975.0,1789975.0,0.0,64.4,48.0,30.0,924.6,0.0,0.0,0.0,0.0,0.0,22.0,403.0,0.19,run7,exp_27
2026-09-11 03:04:42,12.1,46.2,0.0,38.9,15661.0,502.0,132.0,741870.0,2118690.0,0.0,55.333333333333336,47.0,28.0,874.45,0.0,0.0,0.0,0.0,0.0,20.0,403.0,0.18,run7,exp_27
2026-09-11 03:04:47,9.4,44.7,0.0,43.4,15661.0,502.0,137.0,1980364.0,2092351.0,0.0,69.4,46.0,27.0,958.02,0.0,0.0,0.0,0.0,0.0,16.0,403.0,0.16,run7,exp_27
2026-09-11 03:04:52,9.9,41.9,0.0,46.3,15588.0,575.0,142.0,915039.0,2078529.0,0.0,79.8,46.0,28.0,1032.2,0.0,0.0,0.0,0.0,0.0,18.0,403.0,0.15,run7,exp_27
2026-09-11 03:04:57,9.4,35.9,0.0,52.6,15549.0,615.0,147.0,1094707.0,1612211.0,0.0,52.8,36.0,23.0,712.38,0.0,0.0,0.0,0.0,0.0,16.0,403.0,0.2173,run7,exp_27
