timestamp,cpu_usr,cpu_sys,cpu_idl,cpu_wai,cpu_stl,memory_percent,memory_used_mb,memory_available_mb,disk_read_per_sec,disk_write_per_sec,net_send_per_sec,net_recv_per_sec,load1,load5,load15,active_sessions,active_requests,long_queries,long_transactions,idle_sessions,lock_waits,total_locks,deadlocks_per_sec,venta_locks,detalle_venta_locks,inventario_locks,kardex_locks,caja_locks,movimiento_caja_locks,auditoria_locks,transactions_per_sec,total_reads,total_writes,page_life_expectancy,page_reads_per_sec,page_writes_per_sec,rollbacks_per_sec,batch_requests_per_sec,sql_compilations_per_sec,api_status,api_latency_ms,products_count,sales_count,events_login_count,events_logout_count,events_batch_count,events_lock_count,events_wait_count,duration_max_ms,duration_avg_ms,query_duration_max_ms,query_duration_avg_ms,cpu_time_sum_ms,logical_reads_sum,writes_sum,wait_lck_count,wait_io_count,wait_log_count,distinct_sessions_count,cpu_total,query_count,wait_count,lock_event_count,error_count,requests_per_session,max_server_memory,user_connections_setting,cost_threshold,log_error_count,log_warning_count,log_fatal_count,run_name,experiment_id
2026-09-11 08:48:26,14.3,23.2,61.6,0.0,0.0,88.9,14376.0,1787.0,1424425.0,0.0,1087.0,0.0,0.0,0.0,0.0,25.0,11.0,,,24.0,0.0,15.0,0.0,0.0,0.0,0.0,0.0,0.0,0.0,0.0,,,,279.0,,,,,,403.0,804.0,0.0,0.0,0,0,0,0,0,0.0,0.0,0.0,0.0,0.0,0.0,0.0,0,0,0,0,37.5,0,0,0,0,0.44,,,,,,,10,exp_01
2026-09-11 08:48:32,8.9,24.1,65.5,0.0,0.0,88.6,14324.0,1839.0,2623867.0,1232248.0,4971.0,3342.0,0.0,0.0,0.0,36.0,20.0,,,29.0,1.0,43.0,0.0,0.0,0.0,0.0,0.0,0.0,0.0,0.0,514.43,6.166666666666667,45.66666666666666,285.0,0.0,0.0,0.0,0.0,0.0,403.0,15.0,0.0,0.0,0,0,0,25,0,0.0,0.0,0.0,0.0,0.0,0.0,0.0,0,0,0,0,33.0,0,0,25,0,0.5555555555555556,,,,,,,10,exp_01
2026-09-11 08:48:37,5.5,39.0,53.4,0.0,0.0,88.4,14295.0,1869.0,272335.0,2455681.0,132.0,186.0,0.0,0.0,0.0,36.0,18.0,,,32.0,1.0,49.0,0.0,0.0,0.0,0.0,0.0,0.0,0.0,0.0,1051.8,0.0,108.6,290.0,0.0,0.0,0.0,0.0,0.0,403.0,13.0,0.0,0.0,0,0,0,11,0,0.0,0.0,0.0,0.0,0.0,0.0,0.0,0,0,0,0,44.5,0,0,11,0,0.5,,,,,,,10,exp_01
2026-09-11 08:48:42,7.7,39.4,50.8,0.0,0.0,87.9,14205.0,1958.0,415480.0,2528953.0,3652.0,3831.0,0.0,0.0,0.0,36.0,15.0,,,29.0,0.0,55.0,0.0,1.0,0.0,0.0,0.0,0.0,0.0,0.0,1033.27,0.0,101.4,295.0,0.0,0.0,0.0,0.0,0.0,403.0,24.0,0.0,0.0,0,0,0,21,0,0.0,0.0,0.0,0.0,0.0,0.0,0.0,0,0,0,0,47.1,0,0,21,0,0.4166666666666667,,,,,,,10,exp_01
2026-09-11 08:48:48,6.0,42.0,50.1,0.0,0.0,88.1,14232.0,1931.0,4091631.0,2613195.0,2815.0,1686.0,0.08,0.02,0.01,41.0,18.0,,,35.0,0.0,38.0,0.0,0.0,0.0,0.0,0.0,0.0,0.0,0.0,1047.83,0.0,91.66666666666669,300.0,0.0,0.0,0.0,0.0,0.0,403.0,21.0,0.0,0.0,0,0,0,26,0,0.0,0.0,0.0,0.0,0.0,0.0,0.0,0,0,0,0,48.0,0,0,26,0,0.4390243902439024,,,,,,,10,exp_01
2026-09-11 08:48:53,10.7,44.6,42.6,0.0,0.0,89.1,14409.0,1754.0,11541501.0,2423539.0,64472.0,58945.0,0.07,0.02,0.01,42.0,24.0,,,36.0,0.0,47.0,0.0,0.0,0.0,0.0,0.0,0.0,0.0,0.0,1018.72,0.0,99.6,305.0,0.0,0.0,0.0,0.0,0.0,403.0,7.0,0.0,0.0,0,0,0,19,0,0.0,0.0,0.0,0.0,0.0,0.0,0.0,0,0,0,0,55.3,0,0,19,0,0.5714285714285714,,,,,,,10,exp_01
2026-09-11 08:48:58,5.7,40.4,51.4,0.0,0.0,89.5,14464.0,1699.0,1698117.0,2398579.0,4082.0,4463.0,0.07,0.02,0.01,42.0,22.0,,,35.0,0.0,36.0,0.0,0.0,0.0,0.0,0.0,0.0,0.0,0.0,1016.68,0.0,99.0,311.0,0.0,0.0,0.0,0.0,0.0,403.0,15.0,0.0,0.0,0,0,0,13,0,0.0,0.0,0.0,0.0,0.0,0.0,0.0,0,0,0,0,46.1,0,0,13,0,0.5238095238095238,,,,,,,10,exp_01
2026-09-11 08:49:03,16.1,46.5,35.5,0.0,0.0,89.6,14478.0,1685.0,10156353.0,2332834.0,5503.0,17391.0,0.06,0.02,0.01,42.0,20.0,,,35.0,0.0,42.0,0.0,0.0,0.0,0.0,0.0,0.0,0.0,0.0,979.69,0.0,96.6,316.0,0.0,0.0,0.0,0.0,0.0,403.0,22.0,0.0,0.0,0,0,0,16,0,0.0,0.0,0.0,0.0,0.0,0.0,0.0,0,0,0,0,62.6,0,0,16,0,0.4761904761904761,,,,,,,10,exp_01
2026-09-11 08:49:09,7.0,45.6,45.3,0.0,0.0,89.4,14448.0,1716.0,1987319.0,11497068.0,4413.0,6419.0,0.06,0.02,0.01,43.0,23.0,,,36.0,0.0,53.0,0.0,0.0,0.0,0.0,0.0,0.0,0.0,0.0,1008.36,0.0,87.16666666666667,322.0,0.0,0.0,0.0,0.0,0.0,403.0,16.0,0.0,0.0,0,0,0,20,0,0.0,0.0,0.0,0.0,0.0,0.0,0.0,0,0,0,0,52.6,0,0,20,0,0.5348837209302325,,,,,,,10,exp_01
2026-09-11 08:49:14,11.7,43.5,42.4,0.0,0.0,88.6,14317.0,1846.0,1085938.0,41984087.0,6676.0,3114.0,0.05,0.02,0.01,43.0,22.0,,,34.0,0.0,64.0,0.0,0.0,0.0,0.0,0.0,0.0,0.0,0.0,1050.37,0.0,100.0,327.0,0.0,0.0,0.0,0.0,0.0,403.0,19.0,0.0,0.0,0,0,0,14,0,0.0,0.0,0.0,0.0,0.0,0.0,0.0,0,0,0,0,55.2,0,0,14,0,0.5116279069767442,,,,,,,10,exp_01
2026-09-11 08:49:19,10.3,44.4,42.7,0.0,0.0,89.1,14409.0,1754.0,758188.0,2824327.0,3082.0,4440.0,0.05,0.01,0.01,42.0,23.0,,,36.0,1.0,91.0,0.0,0.0,0.0,0.0,0.0,0.0,0.0,0.0,1074.89,0.0,111.2,332.0,0.0,0.0,0.0,0.0,0.0,403.0,26.0,0.0,0.0,0,0,0,21,0,0.0,0.0,0.0,0.0,0.0,0.0,0.0,0,0,0,0,54.7,0,0,21,0,0.5476190476190477,,,,,,,10,exp_01
2026-09-11 08:49:24,18.7,45.9,33.4,0.0,0.0,90.0,14555.0,1608.0,8487330.0,5292530.0,66459.0,974628.0,0.04,0.01,0.01,42.0,22.0,,,36.0,1.0,63.0,0.0,0.0,0.0,0.0,0.0,0.0,0.0,0.0,1090.34,0.0,118.8,338.0,0.0,0.0,0.0,0.0,0.0,403.0,21.0,0.0,0.0,0,0,0,19,0,0.0,0.0,0.0,0.0,0.0,0.0,0.0,0,0,0,0,64.6,0,0,19,0,0.5238095238095238,,,,,,,10,exp_01
2026-09-11 08:49:30,16.7,45.2,36.3,0.0,0.0,91.0,14715.0,1449.0,2158521.0,3717275.0,53889.0,181031.0,0.04,0.01,0.01,42.0,20.0,,,34.0,2.0,36.0,0.0,0.0,0.0,0.0,0.0,0.0,0.0,0.0,988.66,0.0,93.66666666666669,343.0,0.0,0.0,0.0,0.0,0.0,403.0,15.0,0.0,0.0,0,0,0,14,0,0.0,0.0,0.0,0.0,0.0,0.0,0.0,0,0,0,0,61.900000000000006,0,0,14,0,0.4761904761904761,,,,,,,10,exp_01
2026-09-11 08:49:35,11.4,41.2,45.2,0.0,0.0,91.5,14789.0,1374.0,1810666.0,4171587.0,5862.0,67595.0,0.2,0.05,0.02,42.0,20.0,,,36.0,0.0,39.0,0.0,1.0,0.0,0.0,0.0,0.0,0.0,0.0,1060.42,0.0,104.2,348.0,0.0,0.0,0.0,0.0,0.0,403.0,18.0,0.0,0.0,0,0,0,17,0,0.0,0.0,0.0,0.0,0.0,0.0,0.0,0,0,0,0,52.6,0,0,17,0,0.4761904761904761,,,,,,,10,exp_01
2026-09-11 08:49:40,6.9,42.4,48.7,0.0,0.0,91.4,14772.0,1392.0,891107.0,3111069.0,4854.0,2855.0,0.18,0.05,0.02,42.0,20.0,,,35.0,0.0,39.0,0.0,0.0,0.0,0.0,0.0,0.0,0.0,0.0,1029.97,0.0,104.2,353.0,0.0,0.0,0.0,0.0,0.0,403.0,13.0,0.0,0.0,0,0,0,13,0,0.0,0.0,0.0,0.0,0.0,0.0,0.0,0,0,0,0,49.3,0,0,13,0,0.4761904761904761,,,,,,,10,exp_01
2026-09-11 08:49:45,5.4,40.1,53.0,0.0,0.0,91.3,14756.0,1407.0,904322.0,2609612.0,1818.0,887.0,0.17,0.05,0.02,42.0,19.0,,,34.0,0.0,34.0,0.0,0.0,0.0,0.0,0.0,0.0,0.0,0.0,1131.66,0.0,102.4,358.0,0.0,0.0,0.0,0.0,0.0,403.0,21.0,0.0,0.0,0,0,0,15,0,0.0,0.0,0.0,0.0,0.0,0.0,0.0,0,0,0,0,45.5,0,0,15,0,0.4523809523809524,,,,,,,10,exp_01
2026-09-11 08:49:50,3.4,36.9,58.2,0.0,0.0,91.3,14758.0,1406.0,721325.0,2475295.0,132.0,191.0,0.15,0.04,0.02,42.0,24.0,,,34.0,1.0,43.0,0.0,0.0,0.0,0.0,0.0,0.0,0.0,0.0,1130.67,0.0,93.4,363.0,0.0,0.0,0.0,0.0,0.0,403.0,11.0,0.0,0.0,0,0,0,21,0,0.0,0.0,0.0,0.0,0.0,0.0,0.0,0,0,0,0,40.3,0,0,21,0,0.5714285714285714,,,,,,,10,exp_01
2026-09-11 08:49:56,4.6,37.8,56.1,0.0,0.0,90.5,14634.0,1529.0,705420.0,2735788.0,3554.0,8092.0,0.14,0.04,0.02,40.0,22.0,,,31.0,1.0,51.0,0.0,0.0,0.0,0.0,0.0,0.0,0.0,0.0,1119.86,0.0,89.16666666666667,369.0,0.0,0.0,0.0,0.0,0.0,403.0,16.0,0.0,0.0,0,0,0,27,0,0.0,0.0,0.0,0.0,0.0,0.0,0.0,0,0,0,0,42.4,0,0,27,0,0.55,,,,,,,10,exp_01
2026-09-11 08:50:01,9.1,33.9,55.5,0.0,0.0,91.4,14768.0,1395.0,1252141.0,1824755.0,3758.0,2511.0,0.13,0.04,0.02,30.0,16.0,,,29.0,0.0,14.0,0.0,0.0,0.0,0.0,0.0,0.0,0.0,0.0,779.5,0.0,76.2,374.0,0.0,0.0,0.0,0.0,0.0,403.0,14.0,0.0,0.0,0,0,0,21,0,0.0,0.0,0.0,0.0,0.0,0.0,0.0,0,0,0,0,43.0,0,0,21,0,0.5333333333333333,,,,,,,10,exp_01
2026-09-11 08:50:13,8.9,18.2,69.4,0.0,0.0,90.7,14664.0,1500.0,613691.0,0.0,3563.0,1865.0,0.0,0.0,0.0,31.0,16.0,,,30.0,0.0,15.0,0.0,0.0,0.0,0.0,0.0,0.0,0.0,0.0,,,,386.0,,,,,,403.0,460.0,0.0,0.0,0,0,0,0,0,0.0,0.0,0.0,0.0,0.0,0.0,0.0,0,0,0,0,27.1,0,0,0,0,0.5161290322580645,,,,,,,11,exp_02
2026-09-11 08:50:19,10.7,14.2,73.2,0.0,0.0,90.8,14678.0,1486.0,1827403.0,561790.0,3080.0,7751.0,0.0,0.0,0.0,33.0,17.0,,,31.0,0.0,21.0,0.0,0.0,0.0,0.0,0.0,0.0,0.0,0.0,62.01,3.5,7.166666666666667,391.0,0.0,0.0,0.0,0.0,0.0,403.0,19.0,0.0,0.0,0,0,0,9,0,0.0,0.0,0.0,0.0,0.0,0.0,0.0,0,0,0,0,24.9,0,0,9,0,0.5151515151515151,,,,,,,11,exp_02
2026-09-11 08:50:24,10.5,17.5,70.3,0.0,0.0,90.4,14611.0,1553.0,941940.0,980750.0,2457.0,2706.0,0.0,0.0,0.0,34.0,18.0,,,32.0,0.0,17.0,0.0,0.0,0.0,0.0,0.0,0.0,0.0,0.0,203.61,0.0,21.4,396.0,0.0,0.0,0.0,0.0,0.0,403.0,23.0,0.0,0.0,0,0,0,2,0,0.0,0.0,0.0,0.0,0.0,0.0,0.0,0,0,0,0,28.0,0,0,2,0,0.5294117647058824,,,,,,,11,exp_02
2026-09-11 08:50:29,5.8,15.0,78.2,0.0,0.0,90.8,14680.0,1484.0,43978.0,959445.0,3797.0,5175.0,0.0,0.0,0.0,33.0,16.0,,,31.0,0.0,19.0,0.0,0.0,0.0,0.0,0.0,0.0,0.0,0.0,214.84,0.0,19.4,402.0,0.0,0.0,0.0,0.0,0.0,403.0,17.0,0.0,0.0,0,0,0,3,0,0.0,0.0,0.0,0.0,0.0,0.0,0.0,0,0,0,0,20.8,0,0,3,0,0.4848484848484848,,,,,,,11,exp_02
2026-09-11 08:50:34,17.2,20.8,60.3,0.0,0.0,93.1,15049.0,1115.0,4311152.0,1350812.0,39792.0,321426.0,0.0,0.0,0.0,40.0,22.0,,,33.0,6.0,45.0,0.0,0.0,0.0,0.0,0.0,0.0,0.0,0.0,168.44,0.0,17.8,407.0,0.0,0.0,0.0,0.0,0.0,403.0,17.0,0.0,0.0,0,0,0,1,0,0.0,0.0,0.0,0.0,0.0,0.0,0.0,0,0,0,0,38.0,0,0,1,0,0.55,,,,,,,11,exp_02
2026-09-11 08:50:39,22.2,20.4,55.9,0.0,0.0,94.6,15286.0,877.0,2898192.0,1965999.0,98441.0,505198.0,0.0,0.0,0.0,40.0,22.0,,,32.0,6.0,45.0,0.0,0.0,0.0,0.0,0.0,0.0,0.0,0.0,0.78,0.0,0.0,412.0,0.0,0.0,0.0,0.0,0.0,403.0,25.0,0.0,0.0,0,0,0,22,0,0.0,0.0,0.0,0.0,0.0,0.0,0.0,0,0,0,0,42.6,0,0,22,0,0.55,,,,,,,11,exp_02
2026-09-11 08:50:44,12.1,16.3,70.2,0.0,0.0,94.3,15250.0,914.0,2535108.0,1296850.0,83802.0,1726219.0,0.0,0.0,0.0,40.0,22.0,,,33.0,6.0,45.0,0.0,0.0,0.0,0.0,0.0,0.0,0.0,0.0,1.35,0.0,0.0,417.0,0.0,0.0,0.0,0.0,0.0,403.0,34.0,0.0,0.0,0,0,0,0,0,0.0,0.0,0.0,0.0,0.0,0.0,0.0,0,0,0,0,28.4,0,0,0,0,0.55,,,,,,,11,exp_02
2026-09-11 08:50:50,6.7,12.2,80.3,0.0,0.0,94.1,15214.0,950.0,1669866.0,362640.0,12659.0,695652.0,0.08,0.02,0.01,40.0,22.0,,,33.0,6.0,45.0,0.0,0.0,0.0,0.0,0.0,0.0,0.0,0.0,3.48,0.0,0.0,422.0,0.0,0.0,0.0,0.0,0.0,403.0,23.0,0.0,0.0,0,0,0,0,0,0.0,0.0,0.0,0.0,0.0,0.0,0.0,0,0,0,0,18.9,0,0,0,0,0.55,,,,,,,11,exp_02
2026-09-11 08:50:55,6.1,17.8,75.2,0.0,0.0,94.3,15244.0,919.0,2520173.0,960526.0,3969.0,4052.0,0.07,0.02,0.01,40.0,17.0,,,39.0,0.0,26.0,0.0,0.0,0.0,0.0,0.0,0.0,0.0,0.0,170.11,0.0,19.2,427.0,0.0,0.0,0.0,0.0,0.0,403.0,12.0,0.0,0.0,0,0,0,17,0,0.0,0.0,0.0,0.0,0.0,0.0,0.0,0,0,0,0,23.9,0,0,17,0,0.425,,,,,,,11,exp_02
2026-09-11 08:51:00,7.7,19.7,71.4,0.0,0.0,94.4,15263.0,901.0,1185480.0,1102347.0,7652.0,7199.0,0.07,0.02,0.01,40.0,16.0,,,38.0,0.0,26.0,0.0,0.0,0.0,0.0,0.0,0.0,0.0,0.0,195.5,0.0,19.8,432.0,0.0,0.0,0.0,0.0,0.0,403.0,23.0,0.0,0.0,0,0,0,1,0,0.0,0.0,0.0,0.0,0.0,0.0,0.0,0,0,0,0,27.4,0,0,1,0,0.4,,,,,,,11,exp_02
2026-09-11 08:51:05,8.8,18.0,72.3,0.0,0.0,93.7,15145.0,1018.0,638924.0,1408345.0,7386.0,18652.0,0.06,0.02,0.01,41.0,18.0,,,38.0,0.0,27.0,0.0,0.0,0.0,0.0,0.0,0.0,0.0,0.0,186.92,0.0,22.6,437.0,0.0,0.0,0.0,0.0,0.0,403.0,27.0,0.0,0.0,0,0,0,3,0,0.0,0.0,0.0,0.0,0.0,0.0,0.0,0,0,0,0,26.8,0,0,3,0,0.4390243902439024,,,,,,,11,exp_02
2026-09-11 08:51:10,12.7,20.4,65.7,0.0,0.0,93.8,15166.0,997.0,6671264.0,705205.0,11547.0,747715.0,0.06,0.02,0.01,44.0,24.0,,,35.0,6.0,70.0,1.0,0.0,0.0,0.0,0.0,0.0,0.0,0.0,62.33,0.0,5.4,443.0,0.0,0.0,0.0,0.0,0.0,403.0,8.0,0.0,0.0,0,0,0,39,0,0.0,0.0,0.0,0.0,0.0,0.0,0.0,0,0,0,0,33.099999999999994,0,0,39,1,0.5454545454545454,,,,,,,11,exp_02
2026-09-11 08:51:15,10.8,12.4,75.5,0.0,0.0,94.4,15259.0,904.0,2825127.0,399649.0,19228.0,504790.0,0.05,0.02,0.01,44.0,24.0,,,34.0,2.0,75.0,3.0,0.0,0.0,0.0,0.0,0.0,0.0,0.0,2.73,0.0,0.0,449.0,0.0,0.0,0.0,0.0,0.0,403.0,14.0,0.0,0.0,0,0,0,23,0,0.0,0.0,0.0,0.0,0.0,0.0,0.0,0,0,0,0,23.200000000000003,0,0,23,1,0.5454545454545454,,,,,,,11,exp_02
2026-09-11 08:51:20,14.2,18.2,66.4,0.0,0.0,94.8,15323.0,840.0,1654808.0,1352471.0,18033.0,918446.0,0.05,0.01,0.01,43.0,25.0,,,33.0,2.0,73.0,27.0,0.0,0.0,0.0,0.0,0.0,0.0,0.0,7.75,0.0,0.4,454.0,0.0,0.0,0.0,0.0,0.0,403.0,16.0,0.0,0.0,0,0,0,18,0,0.0,0.0,0.0,0.0,0.0,0.0,0.0,0,0,0,0,32.4,0,0,18,7,0.5813953488372093,,,,,,,11,exp_02
2026-09-11 08:51:26,10.1,21.1,67.5,0.0,0.0,94.5,15279.0,884.0,1413878.0,1450249.0,4980.0,4750.0,0.04,0.01,0.01,43.0,17.0,,,40.0,0.0,30.0,52.0,0.0,0.0,0.0,0.0,0.0,0.0,0.0,85.96,0.0,8.166666666666666,459.0,0.0,0.0,0.0,0.0,0.0,403.0,22.0,0.0,0.0,0,0,0,18,0,0.0,0.0,0.0,0.0,0.0,0.0,0.0,0,0,0,0,31.200000000000003,0,0,18,39,0.3953488372093023,,,,,,,11,exp_02
2026-09-11 08:51:31,9.4,20.5,67.8,0.0,0.0,94.2,15229.0,934.0,1318170.0,1262154.0,7222.0,8160.0,0.04,0.01,0.01,43.0,18.0,,,40.0,0.0,30.0,52.0,0.0,0.0,0.0,0.0,0.0,0.0,0.0,194.28,0.0,19.4,464.0,0.0,0.0,0.0,0.0,0.0,403.0,10.0,0.0,0.0,0,0,0,25,0,0.0,0.0,0.0,0.0,0.0,0.0,0.0,0,0,0,0,29.9,0,0,25,4,0.4186046511627907,,,,,,,11,exp_02
2026-09-11 08:51:36,10.3,19.6,68.6,0.0,0.0,94.1,15214.0,949.0,239880.0,837638.0,5773.0,5554.0,0.04,0.01,0.01,42.0,17.0,,,40.0,0.0,33.0,52.0,0.0,0.0,0.0,0.0,0.0,0.0,0.0,183.98,0.0,18.8,469.0,0.0,0.0,0.0,0.0,0.0,403.0,17.0,0.0,0.0,0,0,0,0,0,0.0,0.0,0.0,0.0,0.0,0.0,0.0,0,0,0,0,29.9,0,0,0,0,0.4047619047619047,,,,,,,11,exp_02
2026-09-11 08:51:41,11.5,27.2,59.5,0.0,0.0,95.0,15351.0,812.0,5064111.0,726138.0,18937.0,85126.0,0.03,0.01,0.01,44.0,24.0,,,36.0,0.0,39.0,52.0,0.0,0.0,0.0,0.0,0.0,0.0,0.0,150.04,0.0,17.6,474.0,0.0,0.0,0.0,0.0,0.0,403.0,23.0,0.0,0.0,0,0,0,2,0,0.0,0.0,0.0,0.0,0.0,0.0,0.0,0,0,0,0,38.7,0,0,2,0,0.5454545454545454,,,,,,,11,exp_02
2026-09-11 08:51:46,25.0,53.0,20.3,0.0,0.0,97.5,15756.0,407.0,6953637.0,10638709.0,130074.0,1324085.0,0.03,0.01,0.01,39.0,19.0,,,30.0,0.0,39.0,52.0,0.0,0.0,0.0,0.0,0.0,0.0,0.0,1.16,0.0,0.0,479.0,0.0,0.0,0.0,0.0,0.0,403.0,21.0,0.0,0.0,0,0,0,13,0,0.0,0.0,0.0,0.0,0.0,0.0,0.0,0,0,0,0,78.0,0,0,13,0,0.4871794871794871,,,,,,,11,exp_02
2026-09-11 08:51:51,11.2,48.9,38.6,0.0,0.0,97.3,15724.0,439.0,2918006.0,1097068.0,59421.0,95557.0,0.11,0.03,0.01,37.0,17.0,,,29.0,0.0,39.0,52.0,0.0,0.0,0.0,0.0,0.0,0.0,0.0,1.36,0.0,0.0,484.0,0.0,0.0,0.0,0.0,0.0,403.0,15.0,0.0,0.0,0,0,0,1,0,0.0,0.0,0.0,0.0,0.0,0.0,0.0,0,0,0,0,60.1,0,0,1,0,0.4594594594594595,,,,,,,11,exp_02
2026-09-11 08:51:56,9.7,49.8,39.4,0.0,0.0,97.3,15724.0,439.0,1087729.0,874203.0,36694.0,111361.0,0.1,0.03,0.01,34.0,16.0,,,27.0,0.0,35.0,52.0,0.0,0.0,0.0,0.0,0.0,0.0,0.0,0.98,0.0,0.0,489.0,0.0,0.0,0.0,0.0,0.0,403.0,22.0,0.0,0.0,0,0,0,1,0,0.0,0.0,0.0,0.0,0.0,0.0,0.0,0,0,0,0,59.5,0,0,1,0,0.4705882352941176,,,,,,,11,exp_02
2026-09-11 08:52:01,9.7,18.6,70.3,0.0,0.0,97.4,15746.0,417.0,762656.0,911856.0,10196.0,5627.0,0.09,0.03,0.01,34.0,11.0,,,32.0,0.0,26.0,52.0,0.0,0.0,0.0,0.0,0.0,0.0,0.0,173.24,0.0,20.6,494.0,0.0,0.0,0.0,0.0,0.0,403.0,12.0,0.0,0.0,0,0,0,15,0,0.0,0.0,0.0,0.0,0.0,0.0,0.0,0,0,0,0,28.3,0,0,15,0,0.3235294117647059,,,,,,,11,exp_02
2026-09-11 08:52:07,9.2,18.0,70.7,0.0,0.0,97.5,15756.0,407.0,414879.0,936322.0,17567.0,12006.0,0.09,0.03,0.01,34.0,11.0,,,32.0,0.0,25.0,52.0,0.0,0.0,0.0,0.0,0.0,0.0,0.0,193.45,0.0,17.833333333333332,500.0,0.0,0.0,0.0,0.0,0.0,403.0,28.0,0.0,0.0,0,0,0,2,0,0.0,0.0,0.0,0.0,0.0,0.0,0.0,0,0,0,0,27.2,0,0,2,0,0.3235294117647059,,,,,,,11,exp_02
2026-09-11 08:52:12,10.1,19.3,68.7,0.0,0.0,97.5,15752.0,411.0,2168674.0,896714.0,14801.0,7741.0,0.08,0.03,0.01,35.0,12.0,,,33.0,0.0,26.0,52.0,0.0,0.0,0.0,0.0,0.0,0.0,0.0,185.13,0.0,24.4,505.0,0.0,0.0,0.0,0.0,0.0,403.0,12.0,0.0,0.0,0,0,0,3,0,0.0,0.0,0.0,0.0,0.0,0.0,0.0,0,0,0,0,29.4,0,0,3,0,0.3428571428571428,,,,,,,11,exp_02
2026-09-11 08:52:17,12.1,46.5,38.3,0.0,0.0,97.0,15674.0,489.0,654260.0,1022869.0,6073.0,4865.0,0.07,0.03,0.01,37.0,10.0,,,36.0,0.0,18862.0,52.0,0.0,0.0,0.0,0.0,0.0,0.0,0.0,62.23,0.0,12.8,510.0,0.0,0.0,0.0,0.0,0.0,403.0,19.0,0.0,0.0,0,0,0,29,0,0.0,0.0,0.0,0.0,0.0,0.0,0.0,0,0,0,0,58.6,0,0,29,0,0.2702702702702703,,,,,,,11,exp_02
2026-09-11 08:52:22,14.9,53.5,28.4,0.0,0.0,96.1,15530.0,633.0,371366.0,743385.0,8034.0,24296.0,0.15,0.04,0.02,37.0,11.0,,,36.0,0.0,44391.0,52.0,0.0,0.0,0.0,0.0,0.0,0.0,0.0,1.27,0.0,11.8,515.0,0.0,0.0,0.0,0.0,0.0,403.0,12.0,0.0,0.0,0,0,0,0,0,0.0,0.0,0.0,0.0,0.0,0.0,0.0,0,0,0,0,68.4,0,0,0,0,0.2972972972972973,,,,,,,11,exp_02
2026-09-11 08:52:29,9.9,54.2,33.0,0.0,0.0,96.2,15551.0,613.0,1527184.0,954023.0,8858.0,8814.0,0.13,0.04,0.02,37.0,10.0,,,34.0,0.0,72465.0,52.0,0.0,0.0,0.0,0.0,0.0,0.0,0.0,1.3,0.0,9.285714285714286,522.0,0.0,0.0,0.0,0.0,0.0,403.0,22.0,0.0,0.0,0,0,0,0,0,0.0,0.0,0.0,0.0,0.0,0.0,0.0,0,0,0,0,64.10000000000001,0,0,0,0,0.2702702702702703,,,,,,,11,exp_02
2026-09-11 08:52:35,13.4,24.8,59.8,0.0,0.0,96.8,15648.0,515.0,14298417.0,2447991.0,9222.0,7215.0,0.11,0.04,0.02,34.0,11.0,,,32.0,0.0,26.0,52.0,0.0,0.0,0.0,0.0,0.0,0.0,0.0,138.03,164.33333333333334,44.0,528.0,0.0,0.0,0.0,0.0,0.0,403.0,24.0,0.0,0.0,0,0,0,30,0,0.0,0.0,0.0,0.0,0.0,0.0,0.0,0,0,0,0,38.2,0,0,30,0,0.3235294117647059,,,,,,,11,exp_02
2026-09-11 08:52:40,5.7,14.6,78.6,0.0,0.0,95.8,15481.0,683.0,259969.0,706992.0,4343.0,4644.0,0.1,0.04,0.02,34.0,11.0,,,32.0,0.0,25.0,52.0,0.0,0.0,0.0,0.0,0.0,0.0,0.0,180.63,0.0,19.8,533.0,0.0,0.0,0.0,0.0,0.0,403.0,11.0,0.0,0.0,0,0,0,5,0,0.0,0.0,0.0,0.0,0.0,0.0,0.0,0,0,0,0,20.3,0,0,5,0,0.3235294117647059,,,,,,,11,exp_02
2026-09-11 08:52:45,7.5,18.2,72.6,0.0,0.0,95.6,15444.0,719.0,881369.0,1064800.0,5507.0,5655.0,0.1,0.04,0.02,34.0,11.0,,,32.0,0.0,25.0,52.0,0.0,0.0,0.0,0.0,0.0,0.0,0.0,201.33,0.0,20.0,538.0,0.0,0.0,0.0,0.0,0.0,403.0,21.0,0.0,0.0,0,0,0,1,0,0.0,0.0,0.0,0.0,0.0,0.0,0.0,0,0,0,0,25.7,0,0,1,0,0.3235294117647059,,,,,,,11,exp_02
2026-09-11 08:52:50,11.3,51.8,33.8,0.0,0.0,95.8,15482.0,682.0,538851.0,222692.0,4929.0,6256.0,0.09,0.04,0.02,35.0,16.0,,,28.0,0.0,25.0,52.0,0.0,0.0,0.0,0.0,0.0,0.0,0.0,41.71,0.0,4.2,543.0,0.0,0.0,0.0,0.0,0.0,403.0,22.0,0.0,0.0,0,0,0,2,0,0.0,0.0,0.0,0.0,0.0,0.0,0.0,0,0,0,0,63.1,0,0,2,0,0.4571428571428571,,,,,,,11,exp_02
2026-09-11 08:52:56,10.6,35.4,51.1,0.0,0.0,96.0,15520.0,644.0,2335582.0,428990.0,8838.0,7019.0,0.08,0.04,0.02,35.0,11.0,,,33.0,0.0,27.0,52.0,0.0,0.0,0.0,0.0,0.0,0.0,0.0,26.34,0.0,3.333333333333333,548.0,0.0,0.0,0.0,0.0,0.0,403.0,18.0,0.0,0.0,0,0,0,0,0,0.0,0.0,0.0,0.0,0.0,0.0,0.0,0,0,0,0,46.0,0,0,0,0,0.3142857142857143,,,,,,,11,exp_02
2026-09-11 08:53:01,5.9,16.6,76.5,0.0,0.0,96.0,15511.0,653.0,310572.0,585413.0,5764.0,5833.0,0.08,0.04,0.02,35.0,10.0,,,34.0,0.0,27.0,52.0,0.0,0.0,0.0,0.0,0.0,0.0,0.0,210.92,0.2,20.2,554.0,0.0,0.0,0.0,0.0,0.0,403.0,13.0,0.0,0.0,0,0,0,2,0,0.0,0.0,0.0,0.0,0.0,0.0,0.0,0,0,0,0,22.5,0,0,2,0,0.2857142857142857,,,,,,,11,exp_02
2026-09-11 08:53:06,7.6,17.6,73.9,0.0,0.0,95.9,15506.0,657.0,333729.0,787903.0,6716.0,5199.0,0.07,0.04,0.02,35.0,10.0,,,32.0,0.0,78.0,52.0,2.0,0.0,0.0,0.0,0.0,0.0,0.0,206.35,0.6,20.6,559.0,0.0,0.0,0.0,0.0,0.0,403.0,21.0,0.0,0.0,0,0,0,3,0,0.0,0.0,0.0,0.0,0.0,0.0,0.0,0,0,0,0,25.200000000000003,0,0,3,0,0.2857142857142857,,,,,,,11,exp_02
2026-09-11 08:53:11,10.9,21.5,66.3,0.0,0.0,95.0,15363.0,800.0,2634909.0,841930.0,6226.0,6436.0,0.06,0.04,0.02,35.0,10.0,,,33.0,0.0,27.0,52.0,0.0,0.0,0.0,0.0,0.0,0.0,0.0,187.99,1.2,22.6,565.0,0.0,0.0,0.0,0.0,0.0,403.0,23.0,0.0,0.0,0,0,0,2,0,0.0,0.0,0.0,0.0,0.0,0.0,0.0,0,0,0,0,32.4,0,0,2,0,0.2857142857142857,,,,,,,11,exp_02
2026-09-11 08:53:16,10.7,12.8,75.2,0.0,0.0,94.9,15332.0,831.0,270672.0,1071715.0,7736.0,13596.0,0.3,0.09,0.03,24.0,10.0,,,23.0,0.0,14.0,52.0,0.0,0.0,0.0,0.0,0.0,0.0,0.0,10.72,0.0,0.8,570.0,0.0,0.0,0.0,0.0,0.0,403.0,9.0,0.0,0.0,0,0,0,12,0,0.0,0.0,0.0,0.0,0.0,0.0,0.0,0,0,0,0,23.5,0,0,12,0,0.4166666666666667,,,,,,,11,exp_02
2026-09-11 03:52:27,13.4,27.1,57.5,0.0,0.0,89.6,14476.0,1687.0,409999.0,0.0,0.0,0.0,0.0,0.0,0.0,29.0,14.0,,,28.0,0.0,15.0,37.0,0.0,0.0,0.0,0.0,0.0,0.0,0.0,,,,2997.0,,,,,,403.0,643.0,0.0,0.0,0,0,0,0,0,0.0,0.0,0.0,0.0,0.0,0.0,0.0,0,0,0,0,40.5,0,0,0,37,0.4827586206896552,,,,,,,6,exp_03
2026-09-11 03:52:32,7.3,12.8,78.8,0.0,0.0,89.8,14511.0,1652.0,213709.0,662516.0,163.0,286.0,0.0,0.0,0.0,32.0,15.0,,,31.0,0.0,19.0,37.0,0.0,0.0,0.0,0.0,0.0,0.0,0.0,69.05,0.0,8.4,3002.0,0.0,0.0,0.0,0.0,0.0,403.0,20.0,0.0,0.0,0,0,0,9,0,0.0,0.0,0.0,0.0,0.0,0.0,0.0,0,0,0,0,20.1,0,0,9,0,0.46875,,,,,,,6,exp_03
2026-09-11 03:52:38,5.3,16.5,76.9,0.0,0.0,89.6,14484.0,1680.0,93208.0,633916.0,3803.0,3889.0,0.0,0.0,0.0,32.0,15.0,,,30.0,0.0,19.0,37.0,0.0,0.0,0.0,0.0,0.0,0.0,0.0,197.46,0.0,15.666666666666666,3007.0,0.0,0.0,0.0,0.0,0.0,403.0,20.0,0.0,0.0,0,0,0,4,0,0.0,0.0,0.0,0.0,0.0,0.0,0.0,0,0,0,0,21.8,0,0,4,0,0.46875,,,,,,,6,exp_03
2026-09-11 03:52:43,3.5,15.5,80.0,0.0,0.0,89.6,14478.0,1685.0,349186.0,687511.0,146.0,227.0,0.0,0.0,0.0,31.0,14.0,,,29.0,0.0,18.0,37.0,0.0,0.0,0.0,0.0,0.0,0.0,0.0,170.45,0.0,21.4,3012.0,0.0,0.0,0.0,0.0,0.0,403.0,18.0,0.0,0.0,0,0,0,4,0,0.0,0.0,0.0,0.0,0.0,0.0,0.0,0,0,0,0,19.0,0,0,4,0,0.4516129032258064,,,,,,,6,exp_03
2026-09-11 03:52:48,6.2,13.9,78.8,0.0,0.0,89.9,14529.0,1634.0,583866.0,769681.0,27133.0,6288.0,0.0,0.0,0.0,38.0,20.0,,,31.0,6.0,45.0,37.0,0.0,0.0,0.0,0.0,0.0,0.0,0.0,136.77,0.0,13.8,3017.0,0.0,0.0,0.0,0.0,0.0,403.0,18.0,0.0,0.0,0,0,0,2,0,0.0,0.0,0.0,0.0,0.0,0.0,0.0,0,0,0,0,20.1,0,0,2,0,0.5263157894736842,,,,,,,6,exp_03
2026-09-11 03:52:53,4.6,7.8,87.0,0.0,0.0,89.8,14519.0,1645.0,10657781.0,658372.0,192.0,275.0,0.0,0.0,0.0,38.0,21.0,,,30.0,6.0,45.0,37.0,0.0,0.0,0.0,0.0,0.0,0.0,0.0,1.16,0.0,0.0,3023.0,0.0,0.0,0.0,0.0,0.0,403.0,10.0,0.0,0.0,0,0,0,22,0,0.0,0.0,0.0,0.0,0.0,0.0,0.0,0,0,0,0,12.4,0,0,22,0,0.5526315789473685,,,,,,,6,exp_03
2026-09-11 03:52:58,4.4,9.7,85.0,0.0,0.0,90.1,14559.0,1604.0,1062904.0,225023.0,2008.0,2146.0,0.0,0.0,0.0,38.0,20.0,,,31.0,6.0,45.0,37.0,0.0,0.0,0.0,0.0,0.0,0.0,0.0,0.97,0.0,0.0,3028.0,0.0,0.0,0.0,0.0,0.0,403.0,19.0,0.0,0.0,0,0,0,0,0,0.0,0.0,0.0,0.0,0.0,0.0,0.0,0,0,0,0,14.1,0,0,0,0,0.5263157894736842,,,,,,,6,exp_03
2026-09-11 03:53:03,10.6,13.8,74.3,0.0,0.0,90.2,14576.0,1587.0,1975865.0,4393751.0,2627.0,443.0,0.0,0.0,0.0,38.0,14.0,,,37.0,0.0,24.0,37.0,0.0,0.0,0.0,0.0,0.0,0.0,0.0,0.77,0.0,1.2,3034.0,0.0,0.0,0.0,0.0,0.0,403.0,16.0,0.0,0.0,0,0,0,0,0,0.0,0.0,0.0,0.0,0.0,0.0,0.0,0,0,0,0,24.4,0,0,0,0,0.3684210526315789,,,,,,,6,exp_03
2026-09-11 03:53:09,5.0,16.7,76.9,0.0,0.0,90.1,14569.0,1594.0,665248.0,854156.0,133.0,214.0,0.0,0.0,0.0,39.0,16.0,,,37.0,0.0,24.0,37.0,0.0,0.0,0.0,0.0,0.0,0.0,0.0,188.36,0.0,15.166666666666666,3039.0,0.0,0.0,0.0,0.0,0.0,403.0,18.0,0.0,0.0,0,0,0,18,0,0.0,0.0,0.0,0.0,0.0,0.0,0.0,0,0,0,0,21.7,0,0,18,0,0.4102564102564102,,,,,,,6,exp_03
2026-09-11 03:53:14,5.4,14.4,79.2,0.0,0.0,90.2,14573.0,1591.0,365306.0,634380.0,270.0,347.0,0.0,0.0,0.0,38.0,15.0,,,36.0,0.0,27.0,37.0,0.0,0.0,0.0,0.0,0.0,0.0,0.0,189.49,0.0,18.8,3044.0,0.0,0.0,0.0,0.0,0.0,403.0,16.0,0.0,0.0,0,0,0,3,0,0.0,0.0,0.0,0.0,0.0,0.0,0.0,0,0,0,0,19.8,0,0,3,0,0.3947368421052631,,,,,,,6,exp_03
2026-09-11 03:53:19,10.6,17.6,70.4,0.0,0.0,90.7,14663.0,1500.0,1211373.0,1587245.0,1680.0,65953.0,0.0,0.0,0.0,38.0,15.0,,,36.0,0.0,26.0,37.0,0.0,0.0,0.0,0.0,0.0,0.0,0.0,181.61,0.0,17.2,3049.0,0.0,0.0,0.0,0.0,0.0,403.0,18.0,0.0,0.0,0,0,0,3,0,0.0,0.0,0.0,0.0,0.0,0.0,0.0,0,0,0,0,28.200000000000003,0,0,3,0,0.3947368421052631,,,,,,,6,exp_03
2026-09-11 03:53:24,5.1,11.5,82.6,0.0,0.0,90.8,14672.0,1491.0,603040.0,592361.0,233.0,334.0,0.0,0.0,0.0,41.0,22.0,,,32.0,5.0,71.0,38.0,0.0,0.0,0.0,0.0,0.0,0.0,0.0,28.06,0.0,3.0,3054.0,0.0,0.0,0.0,0.0,0.0,403.0,16.0,0.0,0.0,0,0,0,39,0,0.0,0.0,0.0,0.0,0.0,0.0,0.0,0,0,0,0,16.6,0,0,39,0,0.5365853658536586,,,,,,,6,exp_03
2026-09-11 03:53:30,4.5,9.0,85.8,0.0,0.0,90.7,14666.0,1497.0,591751.0,776149.0,98.0,164.0,0.0,0.0,0.0,41.0,22.0,,,32.0,6.0,69.0,39.0,0.0,0.0,0.0,0.0,0.0,0.0,0.0,1.35,0.0,0.0,3059.0,0.0,0.0,0.0,0.0,0.0,403.0,21.0,0.0,0.0,0,0,0,5,0,0.0,0.0,0.0,0.0,0.0,0.0,0.0,0,0,0,0,13.5,0,0,5,1,0.5365853658536586,,,,,,,6,exp_03
2026-09-11 03:53:35,4.7,10.7,83.9,0.0,0.0,90.9,14684.0,1479.0,751811.0,229975.0,170.0,272.0,0.0,0.0,0.0,40.0,22.0,,,31.0,5.0,69.0,56.0,0.0,0.0,0.0,0.0,0.0,0.0,0.0,4.82,0.0,0.2,3065.0,0.0,0.0,0.0,0.0,0.0,403.0,16.0,0.0,0.0,0,0,0,24,0,0.0,0.0,0.0,0.0,0.0,0.0,0.0,0,0,0,0,15.4,0,0,24,2,0.55,,,,,,,6,exp_03
2026-09-11 03:53:40,3.6,14.8,80.2,0.0,0.0,91.1,14717.0,1446.0,2857411.0,1317362.0,161.0,267.0,0.0,0.0,0.0,40.0,15.0,,,38.0,0.0,29.0,74.0,0.0,0.0,0.0,0.0,0.0,0.0,0.0,106.23,0.0,10.8,3070.0,0.0,0.0,0.0,0.0,0.0,403.0,6.0,0.0,0.0,0,0,0,26,0,0.0,0.0,0.0,0.0,0.0,0.0,0.0,0,0,0,0,18.4,0,0,26,31,0.375,,,,,,,6,exp_03
2026-09-11 03:53:45,5.4,18.6,74.4,0.0,0.0,90.7,14659.0,1504.0,1485060.0,6577632.0,5350.0,4582.0,0.0,0.0,0.0,40.0,15.0,,,39.0,0.0,28.0,74.0,0.0,0.0,0.0,0.0,0.0,0.0,0.0,179.42,0.0,17.8,3075.0,0.0,0.0,0.0,0.0,0.0,403.0,26.0,0.0,0.0,0,0,0,20,0,0.0,0.0,0.0,0.0,0.0,0.0,0.0,0,0,0,0,24.0,0,0,20,3,0.375,,,,,,,6,exp_03
2026-09-11 03:53:50,3.9,15.9,79.4,0.0,0.0,90.7,14658.0,1505.0,2625665.0,696668.0,995.0,4633.0,0.0,0.0,0.0,39.0,15.0,,,38.0,0.0,26.0,74.0,0.0,0.0,0.0,0.0,0.0,0.0,0.0,175.05,0.0,19.4,3080.0,0.0,0.0,0.0,0.0,0.0,403.0,9.0,0.0,0.0,0,0,0,3,0,0.0,0.0,0.0,0.0,0.0,0.0,0.0,0,0,0,0,19.8,0,0,3,0,0.3846153846153846,,,,,,,6,exp_03
2026-09-11 03:53:55,4.2,24.8,70.0,0.0,0.0,90.8,14669.0,1494.0,778858.0,954873.0,199.0,291.0,0.0,0.0,0.0,40.0,21.0,,,32.0,0.0,38.0,74.0,0.0,0.0,0.0,0.0,0.0,0.0,0.0,119.42,0.0,11.6,3085.0,0.0,0.0,0.0,0.0,0.0,403.0,19.0,0.0,0.0,0,0,0,4,0,0.0,0.0,0.0,0.0,0.0,0.0,0.0,0,0,0,0,29.0,0,0,4,0,0.525,,,,,,,6,exp_03
2026-09-11 03:54:00,4.4,39.3,55.7,0.0,0.0,90.7,14660.0,1503.0,256736.0,214278.0,122.0,202.0,0.0,0.0,0.0,40.0,21.0,,,32.0,0.0,38.0,74.0,0.0,0.0,0.0,0.0,0.0,0.0,0.0,1.17,0.0,0.0,3090.0,0.0,0.0,0.0,0.0,0.0,403.0,15.0,0.0,0.0,0,0,0,14,0,0.0,0.0,0.0,0.0,0.0,0.0,0.0,0,0,0,0,43.7,0,0,14,0,0.525,,,,,,,6,exp_03
2026-09-11 03:54:06,5.1,38.5,55.9,0.0,0.0,90.6,14650.0,1513.0,90066.0,310405.0,213.0,300.0,0.0,0.0,0.0,40.0,22.0,,,31.0,0.0,40.0,74.0,0.0,0.0,0.0,0.0,0.0,0.0,0.0,0.58,0.0,0.0,3095.0,0.0,0.0,0.0,0.0,0.0,403.0,17.0,0.0,0.0,0,0,0,2,0,0.0,0.0,0.0,0.0,0.0,0.0,0.0,0,0,0,0,43.6,0,0,2,0,0.55,,,,,,,6,exp_03
2026-09-11 03:54:11,3.8,36.2,59.4,0.0,0.0,90.6,14651.0,1512.0,244337.0,303500.0,193.0,315.0,0.0,0.0,0.0,37.0,15.0,,,36.0,0.0,26.0,74.0,0.0,0.0,0.0,0.0,0.0,0.0,0.0,11.3,0.0,1.0,3100.0,0.0,0.0,0.0,0.0,0.0,403.0,9.0,0.0,0.0,0,0,0,0,0,0.0,0.0,0.0,0.0,0.0,0.0,0.0,0,0,0,0,40.0,0,0,0,0,0.4054054054054054,,,,,,,6,exp_03
2026-09-11 03:54:16,6.7,20.7,71.5,0.0,0.0,90.9,14689.0,1474.0,3840156.0,770016.0,209.0,273.0,0.0,0.0,0.0,37.0,15.0,,,36.0,0.0,26.0,74.0,0.0,0.0,0.0,0.0,0.0,0.0,0.0,186.08,0.0,16.4,3105.0,0.0,0.0,0.0,0.0,0.0,403.0,10.0,0.0,0.0,0,0,0,17,0,0.0,0.0,0.0,0.0,0.0,0.0,0.0,0,0,0,0,27.4,0,0,17,0,0.4054054054054054,,,,,,,6,exp_03
2026-09-11 03:54:21,8.4,21.5,68.8,0.0,0.0,91.0,14703.0,1460.0,2135060.0,6019017.0,131.0,196.0,0.0,0.0,0.0,37.0,16.0,,,34.0,0.0,25.0,74.0,0.0,0.0,0.0,0.0,0.0,0.0,0.0,184.43,0.0,19.6,3110.0,0.0,0.0,0.0,0.0,0.0,403.0,20.0,0.0,0.0,0,0,0,5,0,0.0,0.0,0.0,0.0,0.0,0.0,0.0,0,0,0,0,29.9,0,0,5,0,0.4324324324324324,,,,,,,6,exp_03
2026-09-11 03:54:26,4.5,15.3,79.4,0.0,0.0,91.1,14729.0,1435.0,59442.0,626263.0,141.0,233.0,0.0,0.0,0.0,37.0,15.0,,,36.0,0.0,30.0,74.0,0.0,0.0,0.0,0.0,0.0,0.0,0.0,192.21,0.0,19.4,3116.0,0.0,0.0,0.0,0.0,0.0,403.0,17.0,0.0,0.0,0,0,0,2,0,0.0,0.0,0.0,0.0,0.0,0.0,0.0,0,0,0,0,19.8,0,0,2,0,0.4054054054054054,,,,,,,6,exp_03
2026-09-11 03:54:31,7.0,45.6,45.1,0.0,0.0,91.1,14729.0,1434.0,2020216.0,914848.0,304.0,321.0,0.08,0.02,0.01,39.0,14.0,,,34.0,0.0,15762.0,74.0,0.0,0.0,0.0,0.0,0.0,0.0,0.0,19.83,0.0,9.2,3121.0,0.0,0.0,0.0,0.0,0.0,403.0,11.0,0.0,0.0,0,0,0,26,0,0.0,0.0,0.0,0.0,0.0,0.0,0.0,0,0,0,0,52.6,0,0,26,0,0.358974358974359,,,,,,,6,exp_03
2026-09-11 03:54:37,6.7,53.1,37.3,0.0,0.0,91.2,14745.0,1419.0,2154336.0,765700.0,259.0,321.0,0.07,0.02,0.01,39.0,14.0,,,37.0,0.0,36707.0,74.0,0.0,0.0,0.0,0.0,0.0,0.0,0.0,1.4,0.0,8.0,3127.0,0.0,0.0,0.0,0.0,0.0,403.0,10.0,0.0,0.0,0,0,0,1,0,0.0,0.0,0.0,0.0,0.0,0.0,0.0,0,0,0,0,59.8,0,0,1,0,0.358974358974359,,,,,,,6,exp_03
2026-09-11 03:54:43,5.8,51.1,40.1,0.0,0.0,91.2,14746.0,1418.0,3400675.0,1058373.0,105.0,190.0,0.06,0.02,0.01,39.0,22.0,,,30.0,0.0,27017.0,74.0,0.0,0.0,0.0,0.0,0.0,0.0,0.0,0.64,116.0,19.5,3133.0,0.0,0.0,0.0,0.0,0.0,403.0,2.0,0.0,0.0,0,0,0,1,0,0.0,0.0,0.0,0.0,0.0,0.0,0.0,0,0,0,0,56.9,0,0,1,0,0.5641025641025641,,,,,,,6,exp_03
2026-09-11 03:54:49,4.1,21.8,72.3,0.0,0.0,91.8,14836.0,1328.0,45878097.0,1951752.0,3598.0,1850.0,0.06,0.02,0.01,38.0,15.0,,,36.0,0.0,28.0,74.0,0.0,0.0,0.0,0.0,0.0,0.0,0.0,143.1,0.0,24.33333333333333,3139.0,0.0,0.0,0.0,0.0,0.0,403.0,16.0,0.0,0.0,0,0,0,29,0,0.0,0.0,0.0,0.0,0.0,0.0,0.0,0,0,0,0,25.9,0,0,29,0,0.3947368421052631,,,,,,,6,exp_03
2026-09-11 03:54:54,5.1,15.4,78.3,0.0,0.0,91.6,14812.0,1351.0,37462.0,663978.0,213.0,335.0,0.05,0.02,0.01,39.0,16.0,,,36.0,0.0,27.0,74.0,0.0,0.0,0.0,0.0,0.0,0.0,0.0,176.03,0.0,18.4,3144.0,0.0,0.0,0.0,0.0,0.0,403.0,20.0,0.0,0.0,0,0,0,4,0,0.0,0.0,0.0,0.0,0.0,0.0,0.0,0,0,0,0,20.5,0,0,4,0,0.4102564102564102,,,,,,,6,exp_03
2026-09-11 03:54:59,4.1,16.9,76.7,0.0,0.0,91.7,14819.0,1344.0,5536242.0,940639.0,142.0,208.0,0.05,0.01,0.01,38.0,14.0,,,36.0,0.0,27.0,74.0,0.0,0.0,0.0,0.0,0.0,0.0,0.0,163.87,0.0,17.8,3150.0,0.0,0.0,0.0,0.0,0.0,403.0,19.0,0.0,0.0,0,0,0,3,0,0.0,0.0,0.0,0.0,0.0,0.0,0.0,0,0,0,0,21.0,0,0,3,0,0.3684210526315789,,,,,,,6,exp_03
2026-09-11 03:55:05,8.9,54.0,34.9,0.0,0.0,92.0,14864.0,1299.0,5268021.0,3592324.0,4201.0,6339.0,0.04,0.01,0.01,39.0,20.0,,,32.0,0.0,26.0,74.0,0.0,0.0,0.0,0.0,0.0,0.0,0.0,25.39,0.0,2.0,3155.0,0.0,0.0,0.0,0.0,0.0,403.0,11.0,0.0,0.0,0,0,0,2,0,0.0,0.0,0.0,0.0,0.0,0.0,0.0,0,0,0,0,62.9,0,0,2,0,0.5128205128205128,,,,,,,6,exp_03
2026-09-11 03:55:10,5.1,43.8,48.8,0.0,0.0,92.2,14896.0,1267.0,3989803.0,376407.0,875.0,1020.0,0.04,0.01,0.01,39.0,16.0,,,36.0,0.0,26.0,74.0,0.0,0.0,0.0,0.0,0.0,0.0,0.0,0.94,0.0,0.0,3160.0,0.0,0.0,0.0,0.0,0.0,403.0,10.0,0.0,0.0,0,0,0,0,0,0.0,0.0,0.0,0.0,0.0,0.0,0.0,0,0,0,0,48.9,0,0,0,0,0.4102564102564102,,,,,,,6,exp_03
2026-09-11 03:55:15,5.9,23.5,68.8,0.0,0.0,92.3,14925.0,1239.0,315629.0,425084.0,273.0,363.0,0.04,0.01,0.01,39.0,15.0,,,37.0,0.0,29.0,74.0,0.0,0.0,0.0,0.0,0.0,0.0,0.0,115.05,0.0,10.6,3165.0,0.0,0.0,0.0,0.0,0.0,403.0,18.0,0.0,0.0,0,0,0,2,0,0.0,0.0,0.0,0.0,0.0,0.0,0.0,0,0,0,0,29.4,0,0,2,0,0.3846153846153846,,,,,,,6,exp_03
2026-09-11 03:55:20,3.5,17.1,78.0,0.0,0.0,91.9,14857.0,1306.0,14872210.0,710472.0,1640.0,3289.0,0.03,0.01,0.01,39.0,15.0,,,37.0,0.0,44.0,74.0,0.0,0.0,0.0,0.0,0.0,0.0,0.0,176.29,0.0,19.4,3170.0,0.0,0.0,0.0,0.0,0.0,403.0,20.0,0.0,0.0,0,0,0,1,0,0.0,0.0,0.0,0.0,0.0,0.0,0.0,0,0,0,0,20.6,0,0,1,0,0.3846153846153846,,,,,,,6,exp_03
2026-09-11 03:55:25,5.8,23.0,70.0,0.0,0.0,89.3,14432.0,1731.0,1671928.0,35522543.0,5158.0,4993.0,0.03,0.01,0.01,34.0,11.0,,,32.0,0.0,27.0,74.0,0.0,0.0,0.0,0.0,0.0,0.0,0.0,187.35,0.0,20.2,3175.0,0.0,0.0,0.0,0.0,0.0,403.0,9.0,0.0,0.0,0,0,0,1,0,0.0,0.0,0.0,0.0,0.0,0.0,0.0,0,0,0,0,28.8,0,0,1,0,0.3235294117647059,,,,,,,6,exp_03
2026-09-11 03:55:31,10.3,23.8,64.0,0.0,0.0,88.6,14322.0,1841.0,2491215.0,995610.0,3158.0,5077.0,0.03,0.01,0.01,23.0,10.0,,,22.0,0.0,14.0,74.0,0.0,0.0,0.0,0.0,0.0,0.0,0.0,104.64,0.0,9.833333333333334,3180.0,0.0,0.0,0.0,0.0,0.0,403.0,18.0,0.0,0.0,0,0,0,1,0,0.0,0.0,0.0,0.0,0.0,0.0,0.0,0,0,0,0,34.1,0,0,1,0,0.4347826086956521,,,,,,,6,exp_03
2026-09-11 03:50:14,31.5,33.6,34.6,0.0,0.0,89.6,14485.0,1679.0,8623208.0,0.0,296733.0,9765.0,0.0,0.0,0.0,28.0,13.0,,,27.0,0.0,15.0,37.0,0.0,0.0,0.0,0.0,0.0,0.0,0.0,,,,2864.0,,,,,,403.0,715.0,0.0,0.0,0,0,0,0,0,0.0,0.0,0.0,0.0,0.0,0.0,0.0,0,0,0,0,65.1,0,0,0,37,0.4642857142857143,,,,,,,8,exp_04
2026-09-11 03:50:20,12.0,26.5,59.7,0.0,0.0,89.9,14534.0,1629.0,1338312.0,839892.0,1314.0,4745.0,0.0,0.0,0.0,39.0,18.0,,,30.0,0.0,44.0,37.0,1.0,0.0,0.0,0.0,0.0,0.0,0.0,400.31,0.0,29.666666666666668,2869.0,0.0,0.0,0.0,0.0,0.0,403.0,20.0,0.0,0.0,0,0,0,30,0,0.0,0.0,0.0,0.0,0.0,0.0,0.0,0,0,0,0,38.5,0,0,30,0,0.4615384615384615,,,,,,,8,exp_04
2026-09-11 03:50:25,8.8,44.9,44.3,0.0,0.0,89.2,14413.0,1750.0,426201.0,8643686.0,3159.0,5397.0,0.0,0.0,0.0,36.0,16.0,,,28.0,0.0,48.0,37.0,0.0,0.0,0.0,0.0,0.0,0.0,0.0,872.83,0.0,85.8,2874.0,0.0,0.0,0.0,0.0,0.0,403.0,16.0,0.0,0.0,0,0,0,14,0,0.0,0.0,0.0,0.0,0.0,0.0,0.0,0,0,0,0,53.7,0,0,14,0,0.4444444444444444,,,,,,,8,exp_04
2026-09-11 03:50:30,8.2,43.6,46.0,0.0,0.0,89.2,14420.0,1743.0,1358635.0,2258611.0,149.0,240.0,0.08,0.02,0.01,36.0,16.0,,,31.0,0.0,59.0,37.0,0.0,0.0,0.0,0.0,0.0,0.0,0.0,988.52,0.0,98.2,2879.0,0.0,0.0,0.0,0.0,0.0,403.0,18.0,0.0,0.0,0,0,0,24,0,0.0,0.0,0.0,0.0,0.0,0.0,0.0,0,0,0,0,51.8,0,0,24,0,0.4444444444444444,,,,,,,8,exp_04
2026-09-11 03:50:35,8.9,44.6,44.6,0.0,0.0,89.2,14423.0,1741.0,1738419.0,2302049.0,97.0,162.0,0.15,0.03,0.01,36.0,13.0,,,30.0,1.0,67.0,37.0,0.0,0.0,0.0,0.0,0.0,0.0,0.0,924.12,0.0,99.2,2885.0,0.0,0.0,0.0,0.0,0.0,403.0,22.0,0.0,0.0,0,0,0,22,0,0.0,0.0,0.0,0.0,0.0,0.0,0.0,0,0,0,0,53.5,0,0,22,0,0.3611111111111111,,,,,,,8,exp_04
2026-09-11 03:50:41,8.3,46.5,43.0,0.0,0.0,89.7,14492.0,1671.0,5108062.0,2117714.0,3763.0,603.0,0.14,0.03,0.01,36.0,16.0,,,31.0,0.0,51.0,37.0,0.0,0.0,0.0,0.0,0.0,0.0,0.0,967.93,0.0,77.83333333333333,2890.0,0.0,0.0,0.0,0.0,0.0,403.0,16.0,0.0,0.0,0,0,0,24,0,0.0,0.0,0.0,0.0,0.0,0.0,0.0,0,0,0,0,54.8,0,0,24,0,0.4444444444444444,,,,,,,8,exp_04
2026-09-11 03:50:46,11.8,47.5,38.3,0.0,0.0,89.6,14488.0,1675.0,1227946.0,2349616.0,3095.0,570.0,0.13,0.03,0.01,36.0,18.0,,,27.0,0.0,35.0,37.0,0.0,0.0,0.0,0.0,0.0,0.0,0.0,900.22,0.0,87.4,2896.0,0.0,0.0,0.0,0.0,0.0,403.0,19.0,0.0,0.0,0,0,0,20,0,0.0,0.0,0.0,0.0,0.0,0.0,0.0,0,0,0,0,59.3,0,0,20,0,0.5,,,,,,,8,exp_04
2026-09-11 03:50:51,8.4,42.9,46.4,0.0,0.0,89.8,14509.0,1654.0,153174.0,2130879.0,577.0,330.0,0.12,0.03,0.01,36.0,17.0,,,27.0,2.0,53.0,37.0,0.0,0.0,0.0,0.0,0.0,0.0,0.0,870.09,0.0,85.2,2901.0,0.0,0.0,0.0,0.0,0.0,403.0,14.0,0.0,0.0,0,0,0,19,0,0.0,0.0,0.0,0.0,0.0,0.0,0.0,0,0,0,0,51.3,0,0,19,0,0.4722222222222222,,,,,,,8,exp_04
2026-09-11 03:50:57,11.1,47.8,39.0,0.0,0.0,89.9,14531.0,1632.0,12956797.0,2515668.0,2396.0,2557.0,0.11,0.03,0.01,36.0,19.0,,,27.0,1.0,54.0,37.0,0.0,0.0,0.0,0.0,0.0,0.0,0.0,811.07,0.0,66.33333333333333,2907.0,0.0,0.0,0.0,0.0,0.0,403.0,17.0,0.0,0.0,0,0,0,16,0,0.0,0.0,0.0,0.0,0.0,0.0,0.0,0,0,0,0,58.9,0,0,16,0,0.5277777777777778,,,,,,,8,exp_04
2026-09-11 03:51:02,7.7,45.0,45.2,0.0,0.0,90.0,14551.0,1612.0,4663661.0,2569709.0,1157.0,3834.0,0.1,0.03,0.01,36.0,18.0,,,31.0,2.0,83.0,37.0,0.0,0.0,0.0,0.0,0.0,0.0,0.0,926.73,0.0,77.4,2912.0,0.0,0.0,0.0,0.0,0.0,403.0,7.0,0.0,0.0,0,0,0,23,0,0.0,0.0,0.0,0.0,0.0,0.0,0.0,0,0,0,0,52.7,0,0,23,0,0.5,,,,,,,8,exp_04
2026-09-11 03:51:07,13.3,46.4,37.2,0.0,0.0,91.0,14701.0,1462.0,2732292.0,6508224.0,217.0,295.0,0.09,0.03,0.01,37.0,16.0,,,32.0,0.0,41.0,37.0,0.0,0.0,1.0,0.0,0.0,0.0,0.0,862.17,0.0,86.2,2917.0,0.0,0.0,0.0,0.0,0.0,403.0,16.0,0.0,0.0,0,0,0,14,0,0.0,0.0,0.0,0.0,0.0,0.0,0.0,0,0,0,0,59.7,0,0,14,0,0.4324324324324324,,,,,,,8,exp_04
2026-09-11 03:51:13,8.9,43.5,44.4,0.0,0.0,91.6,14803.0,1360.0,58267455.0,2062140.0,4736.0,3701.0,0.09,0.03,0.01,36.0,17.0,,,28.0,1.0,41.0,37.0,0.0,0.0,0.0,0.0,0.0,0.0,0.0,827.46,0.0,70.5,2923.0,0.0,0.0,0.0,0.0,0.0,403.0,22.0,0.0,0.0,0,0,0,20,0,0.0,0.0,0.0,0.0,0.0,0.0,0.0,0,0,0,0,52.4,0,0,20,0,0.4722222222222222,,,,,,,8,exp_04
2026-09-11 03:51:18,7.8,43.9,45.9,0.0,0.0,91.3,14765.0,1398.0,13662304.0,2855768.0,3124.0,774.0,0.08,0.03,0.01,35.0,15.0,,,28.0,0.0,41.0,37.0,0.0,0.0,0.0,0.0,0.0,0.0,0.0,891.4,0.0,89.8,2928.0,0.0,0.0,0.0,0.0,0.0,403.0,25.0,0.0,0.0,0,0,0,15,0,0.0,0.0,0.0,0.0,0.0,0.0,0.0,0,0,0,0,51.7,0,0,15,0,0.4285714285714285,,,,,,,8,exp_04
2026-09-11 03:51:23,4.7,42.2,51.2,0.0,0.0,91.1,14733.0,1431.0,14895785.0,2232452.0,99.0,164.0,0.07,0.03,0.01,35.0,16.0,,,31.0,0.0,36.0,37.0,0.0,0.0,0.0,0.0,0.0,0.0,0.0,891.24,0.0,86.2,2933.0,0.0,0.0,0.0,0.0,0.0,403.0,21.0,0.0,0.0,0,0,0,17,0,0.0,0.0,0.0,0.0,0.0,0.0,0.0,0,0,0,0,46.900000000000006,0,0,17,0,0.4571428571428571,,,,,,,8,exp_04
2026-09-11 03:51:28,4.0,41.4,52.8,0.0,0.0,90.0,14553.0,1610.0,4456453.0,35005122.0,172.0,241.0,0.07,0.03,0.01,35.0,16.0,,,26.0,0.0,43.0,37.0,1.0,0.0,0.0,0.0,0.0,0.0,0.0,936.53,0.0,88.8,2938.0,0.0,0.0,0.0,0.0,0.0,403.0,14.0,0.0,0.0,0,0,0,26,0,0.0,0.0,0.0,0.0,0.0,0.0,0.0,0,0,0,0,45.4,0,0,26,0,0.4571428571428571,,,,,,,8,exp_04
2026-09-11 03:51:34,3.4,40.0,55.1,0.0,0.0,90.1,14564.0,1599.0,297447.0,1862346.0,298.0,261.0,0.06,0.03,0.01,36.0,15.0,,,28.0,0.0,47.0,37.0,0.0,0.0,0.0,0.0,0.0,0.0,0.0,819.72,0.0,69.66666666666667,2944.0,0.0,0.0,0.0,0.0,0.0,403.0,22.0,0.0,0.0,0,0,0,21,0,0.0,0.0,0.0,0.0,0.0,0.0,0.0,0,0,0,0,43.4,0,0,21,0,0.4166666666666667,,,,,,,8,exp_04
2026-09-11 03:51:39,4.3,40.9,53.3,0.0,0.0,89.5,14468.0,1695.0,634529.0,1918465.0,148.0,213.0,0.06,0.03,0.01,35.0,17.0,,,25.0,0.0,54.0,37.0,1.0,0.0,0.0,0.0,0.0,0.0,0.0,858.95,0.0,82.4,2949.0,0.0,0.0,0.0,0.0,0.0,403.0,13.0,0.0,0.0,0,0,0,17,0,0.0,0.0,0.0,0.0,0.0,0.0,0.0,0,0,0,0,45.2,0,0,17,0,0.4857142857142857,,,,,,,8,exp_04
2026-09-11 03:51:45,5.1,42.9,50.4,0.0,0.0,89.4,14451.0,1712.0,905547.0,2344180.0,13509.0,16700.0,0.05,0.03,0.01,35.0,19.0,,,26.0,2.0,60.0,37.0,0.0,0.0,0.0,0.0,0.0,0.0,0.0,880.53,0.0,71.83333333333333,2954.0,0.0,0.0,0.0,0.0,0.0,403.0,34.0,0.0,0.0,0,0,0,36,0,0.0,0.0,0.0,0.0,0.0,0.0,0.0,0,0,0,0,48.0,0,0,36,0,0.5428571428571428,,,,,,,8,exp_04
2026-09-11 03:51:50,6.3,28.6,63.3,0.0,0.0,89.1,14394.0,1770.0,9682188.0,1601738.0,3108.0,2550.0,0.04,0.03,0.01,24.0,10.0,,,23.0,0.0,14.0,37.0,0.0,0.0,0.0,0.0,0.0,0.0,0.0,473.91,0.0,46.8,2960.0,0.0,0.0,0.0,0.0,0.0,403.0,15.0,0.0,0.0,0,0,0,24,0,0.0,0.0,0.0,0.0,0.0,0.0,0.0,0,0,0,0,34.9,0,0,24,0,0.4166666666666667,,,,,,,8,exp_04
2026-09-04 05:01:46,0.0,0.0,0.0,0.0,0.0,48.4,1896.0,2020.0,0.0,0.0,185829.0,530004.0,2.48,2.65,1.29,29.0,17.0,,,27.0,0.0,13.0,0.0,0.0,0.0,0.0,0.0,0.0,0.0,0.0,,,,654.0,,,,,,200.0,28.0,672.0,0.0,0,0,0,0,0,0.0,0.0,0.0,0.0,0.0,0.0,0.0,0,0,0,0,0.0,0,0,0,0,0.5862068965517241,,,,3.0,0.0,0.0,carga1,exp_05
2026-09-04 05:01:57,34.9,13.6,42.9,0.3,0.0,49.2,1925.0,1991.0,55082.0,10162894.0,9442.0,49222.0,3.52,2.86,1.37,29.0,17.0,,,27.0,0.0,13.0,0.0,0.0,0.0,0.0,0.0,0.0,0.0,0.0,129.47,0.0909090909090909,2.909090909090909,665.0,0.0,0.0,0.0,0.0,0.0,200.0,1841.0,672.0,0.0,0,0,3,15,0,5113.0,1736.0,5113.0,1736.0,102.0,0.0,0.0,0,0,0,2,48.5,3,0,15,0,0.5862068965517241,,,,0.0,0.0,0.0,carga1,exp_05
2026-09-04 05:02:09,46.9,17.0,28.5,0.1,0.0,49.8,1950.0,1967.0,26596.0,3365452.0,7745.0,374634.0,5.09,3.21,1.5,29.0,16.0,,,26.0,0.0,13.0,0.0,0.0,0.0,0.0,0.0,0.0,0.0,0.0,176.65,0.0,2.0,677.0,0.0,0.0,0.0,0.0,0.0,0.0,5007.0,0.0,0.0,0,0,2,0,0,5035.0,2521.5,5035.0,2521.5,0.0,0.0,0.0,0,0,0,1,63.9,2,0,0,0,0.5517241379310345,,,,0.0,0.0,0.0,carga1,exp_05
2026-09-04 05:02:24,46.0,17.8,28.3,0.1,0.0,50.1,1964.0,1952.0,38580.0,3073160.0,4374.0,88870.0,5.29,3.35,1.57,30.0,18.0,,,27.0,0.0,33.0,0.0,0.0,0.0,0.0,0.0,0.0,0.0,0.0,172.5,0.0,0.8666666666666667,692.0,0.0,0.0,0.0,0.0,0.0,0.0,5004.0,0.0,0.0,0,0,0,0,0,0.0,0.0,0.0,0.0,0.0,0.0,0.0,0,0,0,0,63.8,0,0,0,0,0.6,,,,0.0,0.0,0.0,carga1,exp_05
2026-09-04 05:02:39,46.4,16.9,28.7,0.2,0.0,50.6,1982.0,1934.0,63714.0,3951585.0,3656.0,22209.0,6.72,3.8,1.76,29.0,16.0,,,28.0,0.0,13.0,0.0,0.0,0.0,0.0,0.0,0.0,0.0,0.0,141.24,0.0,0.9333333333333332,707.0,0.0,0.0,0.0,0.0,0.0,0.0,5007.0,0.0,0.0,0,0,1,8,0,9.0,9.0,9.0,9.0,1.0,0.0,0.0,0,0,0,1,63.3,1,0,8,0,0.5517241379310345,,,,0.0,0.0,0.0,carga1,exp_05
2026-09-04 05:02:54,44.8,17.0,30.2,0.0,0.0,50.9,1995.0,1921.0,138038.0,3265997.0,3731.0,22161.0,7.38,4.09,1.89,29.0,16.0,,,28.0,0.0,13.0,0.0,0.0,0.0,0.0,0.0,0.0,0.0,0.0,107.16,0.0,0.6666666666666666,722.0,0.0,0.0,0.0,0.0,0.0,0.0,5007.0,0.0,0.0,0,0,3,0,0,5035.0,1795.0,5035.0,1795.0,134.0,0.0,0.0,0,0,0,2,61.8,3,0,0,0,0.5517241379310345,,,,0.0,0.0,0.0,carga1,exp_05
2026-09-04 05:03:09,46.0,16.9,29.1,0.1,0.0,51.3,2008.0,1908.0,119324.0,4939540.0,3586.0,19120.0,8.42,4.47,2.05,30.0,17.0,,,29.0,0.0,13.0,0.0,0.0,0.0,0.0,0.0,0.0,0.0,0.0,115.14,0.0,0.8,737.0,0.0,0.0,0.0,0.0,0.0,0.0,5006.0,0.0,0.0,0,0,3,0,0,5370.0,3468.0,5370.0,3468.0,134.0,0.0,0.0,0,0,0,2,62.9,3,0,0,0,0.5666666666666667,,,,0.0,0.0,0.0,carga1,exp_05
2026-09-04 05:03:25,46.0,17.2,29.2,0.1,0.0,52.1,2040.0,1876.0,263493.0,4434827.0,3917.0,27529.0,8.04,4.58,2.13,29.0,16.0,,,27.0,0.0,13.0,0.0,0.0,0.0,0.0,0.0,0.0,0.0,0.0,227.53,0.0,2.0625,753.0,0.0,0.0,0.0,0.0,0.0,0.0,5006.0,0.0,0.0,0,0,2,8,0,5270.0,2751.0,5270.0,2751.0,262.0,0.0,0.0,0,0,0,1,63.2,2,0,8,0,0.5517241379310345,,,,0.0,0.0,0.0,carga1,exp_05
2026-09-04 05:03:40,45.9,17.0,29.0,0.1,0.0,52.5,2055.0,1861.0,110958.0,5284151.0,3590.0,21489.0,8.33,4.82,2.24,29.0,16.0,,,27.0,0.0,13.0,0.0,0.0,0.0,0.0,0.0,0.0,0.0,0.0,137.29,0.0666666666666666,0.5333333333333333,768.0,0.0,0.0,0.0,0.0,0.0,0.0,5004.0,0.0,0.0,0,0,2,1,0,5048.0,2528.0,5048.0,2528.0,0.0,0.0,0.0,0,0,0,1,62.9,2,0,1,0,0.5517241379310345,,,,0.0,0.0,0.0,carga1,exp_05
2026-09-04 05:03:55,46.5,16.6,28.7,0.3,0.0,52.6,2062.0,1855.0,267515.0,3405302.0,3773.0,19325.0,8.95,5.13,2.39,25.0,12.0,,,24.0,0.0,13.0,0.0,0.0,0.0,0.0,0.0,0.0,0.0,0.0,139.36,0.4,14.866666666666667,783.0,0.0,0.0,0.0,0.0,0.0,0.0,5005.0,0.0,0.0,0,0,0,1,0,0.0,0.0,0.0,0.0,0.0,0.0,0.0,0,0,0,0,63.1,0,0,1,0,0.48,,,,0.0,0.0,0.0,carga1,exp_05
2026-09-04 05:04:10,45.0,17.6,29.7,0.1,0.0,52.9,2073.0,1843.0,35913.0,6017650.0,3731.0,23177.0,8.58,5.24,2.47,25.0,12.0,,,23.0,0.0,13.0,0.0,0.0,0.0,0.0,0.0,0.0,0.0,0.0,180.83,0.0,1.3333333333333333,798.0,0.0,0.0,0.0,0.0,0.0,0.0,5005.0,0.0,0.0,0,0,2,2,0,5028.0,2515.5,5028.0,2515.5,0.0,0.0,0.0,0,0,0,1,62.6,2,0,2,0,0.48,,,,0.0,0.0,0.0,carga1,exp_05
2026-09-04 05:04:25,45.4,17.5,29.1,0.1,0.0,53.1,2078.0,1838.0,31553.0,3387196.0,3721.0,25660.0,8.73,5.44,2.58,26.0,14.0,,,24.0,0.0,13.0,0.0,0.0,0.0,0.0,0.0,0.0,0.0,0.0,211.81,0.0,1.0666666666666669,813.0,0.0,0.0,0.0,0.0,0.0,0.0,5007.0,0.0,0.0,0,0,0,8,0,0.0,0.0,0.0,0.0,0.0,0.0,0.0,0,0,0,0,62.9,0,0,8,0,0.5384615384615384,,,,0.0,0.0,0.0,carga1,exp_05
2026-09-04 05:04:41,44.2,17.7,29.6,0.2,0.0,53.3,2089.0,1827.0,67588.0,7501738.0,3866.0,25833.0,8.43,5.54,2.66,25.0,12.0,,,24.0,0.0,13.0,0.0,0.0,0.0,0.0,0.0,0.0,0.0,0.0,198.87,0.0,1.875,828.0,0.0,0.0,0.0,0.0,0.0,0.0,5007.0,0.0,0.0,0,0,2,0,0,5030.0,2518.5,5030.0,2518.5,0.0,0.0,0.0,0,0,0,1,61.900000000000006,2,0,0,0,0.48,,,,0.0,0.0,0.0,carga1,exp_05
2026-09-04 05:04:56,43.7,18.1,30.1,0.1,0.0,53.5,2095.0,1821.0,7287.0,3644158.0,3627.0,23513.0,9.17,5.85,2.81,25.0,12.0,,,22.0,0.0,13.0,0.0,0.0,0.0,0.0,0.0,0.0,0.0,0.0,142.46,0.0,0.9333333333333332,843.0,0.0,0.0,0.0,0.0,0.0,0.0,5008.0,0.0,0.0,0,0,1,0,0,164.0,164.0,164.0,164.0,82.0,0.0,0.0,0,0,0,1,61.8,1,0,0,0,0.48,,,,0.0,0.0,0.0,carga1,exp_05
2026-09-04 05:05:11,43.7,17.6,30.4,0.1,0.0,53.8,2108.0,1808.0,24003.0,3492784.0,3946.0,32971.0,9.14,6.01,2.91,25.0,12.0,,,24.0,0.0,13.0,0.0,0.0,0.0,0.0,0.0,0.0,0.0,0.0,157.17,0.0,1.2666666666666666,858.0,0.0,0.0,0.0,0.0,0.0,0.0,5007.0,0.0,0.0,0,0,1,0,0,5193.0,5193.0,5193.0,5193.0,82.0,0.0,0.0,0,0,0,1,61.3,1,0,0,0,0.48,,,,0.0,0.0,0.0,carga1,exp_05
2026-09-04 05:05:26,44.1,18.2,29.6,0.1,0.0,53.8,2108.0,1808.0,78852.0,5796035.0,3545.0,22474.0,9.57,6.25,3.04,26.0,13.0,,,24.0,0.0,13.0,0.0,0.0,0.0,0.0,0.0,0.0,0.0,0.0,176.41,0.0,1.0666666666666669,874.0,0.0,0.0,0.0,0.0,0.0,0.0,5004.0,0.0,0.0,0,0,2,2,0,5035.0,2524.5,5035.0,2524.5,4.0,0.0,0.0,0,0,0,1,62.3,2,0,2,0,0.5,,,,0.0,0.0,0.0,carga1,exp_05
2026-09-04 05:05:41,45.5,17.6,29.1,0.1,0.0,53.8,2108.0,1808.0,55854.0,3385495.0,3738.0,23485.0,9.13,6.32,3.11,25.0,12.0,,,23.0,0.0,13.0,0.0,0.0,0.0,0.0,9.0,0.0,0.0,0.0,131.16,0.0,0.6666666666666666,889.0,0.0,0.0,0.0,0.0,0.0,0.0,5004.0,0.0,0.0,0,0,2,12,0,5036.0,2521.5,5036.0,2521.5,0.0,0.0,0.0,0,0,0,1,63.1,2,0,12,0,0.48,,,,0.0,0.0,0.0,carga1,exp_05
2026-09-04 05:05:57,45.2,17.8,28.9,0.1,0.0,53.9,2110.0,1806.0,12130.0,4613269.0,3841.0,23748.0,8.99,6.44,3.2,29.0,16.0,,,28.0,0.0,13.0,0.0,0.0,0.0,0.0,0.0,0.0,0.0,0.0,150.3,0.0,1.0625,905.0,0.0,0.0,0.0,0.0,0.0,0.0,5007.0,0.0,0.0,0,0,2,0,0,5033.0,2519.5,5033.0,2519.5,0.0,0.0,0.0,0,0,0,1,63.0,2,0,0,0,0.5517241379310345,,,,0.0,0.0,0.0,carga1,exp_05
2026-09-04 05:06:12,45.5,17.1,29.7,0.1,0.0,54.0,2116.0,1800.0,104127.0,4573487.0,3682.0,22302.0,9.23,6.62,3.32,29.0,16.0,,,28.0,0.0,13.0,0.0,0.0,0.0,0.0,0.0,0.0,0.0,0.0,170.77,0.0,0.4,920.0,0.0,0.0,0.0,0.0,0.0,0.0,5009.0,0.0,0.0,0,0,2,8,0,5208.0,2694.0,5208.0,2694.0,200.0,0.0,0.0,0,0,0,1,62.6,2,0,8,0,0.5517241379310345,,,,0.0,0.0,0.0,carga1,exp_05
2026-09-04 05:06:27,45.2,17.0,30.0,0.1,0.0,54.2,2122.0,1794.0,0.0,3284278.0,3973.0,23499.0,8.52,6.59,3.36,29.0,16.0,,,28.0,0.0,13.0,0.0,0.0,0.0,0.0,0.0,0.0,0.0,0.0,151.63,0.0,1.4,935.0,0.0,0.0,0.0,0.0,0.0,0.0,5006.0,0.0,0.0,0,0,2,2,0,5.0,4.0,5.0,4.0,0.0,0.0,0.0,0,0,0,2,62.2,2,0,2,0,0.5517241379310345,,,,0.0,0.0,0.0,carga1,exp_05
2026-09-04 05:06:42,44.6,17.3,30.1,0.1,0.0,54.3,2125.0,1791.0,36113.0,6549317.0,3808.0,22643.0,8.22,6.63,3.42,29.0,16.0,,,26.0,0.0,14.0,0.0,2.0,0.0,0.0,0.0,0.0,0.0,0.0,144.42,0.0,1.0,950.0,0.0,0.0,0.0,0.0,0.0,0.0,5007.0,0.0,0.0,0,0,2,0,0,5032.0,5031.5,5032.0,5031.5,0.0,0.0,0.0,0,0,0,2,61.900000000000006,2,0,0,0,0.5517241379310345,,,,0.0,0.0,0.0,carga1,exp_05
2026-09-04 05:06:57,44.6,17.3,29.5,0.4,0.0,54.2,2124.0,1792.0,4593.0,3660584.0,3768.0,24741.0,8.58,6.78,3.52,31.0,18.0,,,29.0,0.0,38.0,0.0,2.0,0.0,0.0,10.0,0.0,0.0,0.0,178.03,0.0666666666666666,10.866666666666667,965.0,0.0,0.0,0.0,0.0,0.0,0.0,5004.0,0.0,0.0,0,0,2,5,0,5031.0,2518.0,5031.0,2518.0,0.0,0.0,0.0,0,0,0,1,61.900000000000006,2,0,5,0,0.5806451612903226,,,,0.0,0.0,0.0,carga1,exp_05
2026-09-04 05:07:12,44.8,17.0,30.2,0.1,0.0,54.3,2126.0,1790.0,97781.0,6819244.0,3814.0,24239.0,8.69,6.89,3.61,29.0,16.0,,,28.0,0.0,45.0,0.0,0.0,0.0,0.0,0.0,0.0,0.0,0.0,118.44,0.0,1.5333333333333334,980.0,0.0,0.0,0.0,0.0,0.0,0.0,5008.0,0.0,0.0,0,0,3,5,0,5033.0,1681.0,5033.0,1681.0,0.0,0.0,0.0,0,0,0,2,61.8,3,0,5,0,0.5517241379310345,,,,0.0,0.0,0.0,carga1,exp_05
2026-09-04 05:07:28,46.9,17.0,28.2,0.1,0.0,54.4,2129.0,1787.0,540.0,6095240.0,3681.0,22746.0,8.29,6.88,3.66,29.0,16.0,,,28.0,0.0,13.0,0.0,0.0,0.0,0.0,0.0,0.0,0.0,0.0,121.78,0.0,1.0625,996.0,0.0,0.0,0.0,0.0,0.0,0.0,5006.0,0.0,0.0,0,0,2,0,0,5034.0,2519.5,5034.0,2519.5,0.0,0.0,0.0,0,0,0,1,63.9,2,0,0,0,0.5517241379310345,,,,0.0,0.0,0.0,carga1,exp_05
2026-09-04 05:07:43,46.5,17.5,27.8,0.1,0.0,54.4,2129.0,1788.0,168375.0,3376398.0,3845.0,23803.0,8.7,7.04,3.77,29.0,16.0,,,28.0,0.0,13.0,0.0,0.0,0.0,0.0,0.0,0.0,0.0,0.0,165.02,0.0,1.2666666666666666,1011.0,0.0,0.0,0.0,0.0,0.0,0.0,5006.0,0.0,0.0,0,0,1,0,0,5033.0,5033.0,5033.0,5033.0,0.0,0.0,0.0,0,0,0,1,64.0,1,0,0,0,0.5517241379310345,,,,0.0,0.0,0.0,carga1,exp_05
2026-09-04 05:07:58,46.3,16.9,28.8,0.1,0.0,54.1,2120.0,1796.0,42149.0,4709041.0,3749.0,21154.0,7.86,6.93,3.79,29.0,16.0,,,26.0,0.0,13.0,0.0,0.0,0.0,0.0,0.0,0.0,0.0,0.0,170.98,0.0,1.0,1026.0,0.0,0.0,0.0,0.0,0.0,0.0,5006.0,0.0,0.0,0,0,0,0,0,0.0,0.0,0.0,0.0,0.0,0.0,0.0,0,0,0,0,63.2,0,0,0,0,0.5517241379310345,,,,0.0,0.0,0.0,carga1,exp_05
2026-09-04 05:08:13,44.7,17.2,30.2,0.0,0.0,54.3,2127.0,1789.0,10539.0,3279875.0,3660.0,23053.0,8.68,7.16,3.91,29.0,16.0,,,27.0,0.0,13.0,0.0,0.0,0.0,0.0,0.0,0.0,0.0,0.0,132.02,0.0,0.9333333333333332,1041.0,0.0,0.0,0.0,0.0,0.0,0.0,5005.0,0.0,0.0,0,0,0,8,0,0.0,0.0,0.0,0.0,0.0,0.0,0.0,0,0,0,0,61.900000000000006,0,0,8,0,0.5517241379310345,,,,0.0,0.0,0.0,carga1,exp_05
2026-09-04 05:08:28,45.7,17.0,29.0,0.1,0.0,54.4,2130.0,1786.0,1350.0,5277591.0,3846.0,24129.0,9.73,7.47,4.06,29.0,16.0,,,28.0,0.0,48.0,0.0,0.0,0.0,0.0,6.0,0.0,6.0,0.0,131.56,0.0,0.9333333333333332,1056.0,0.0,0.0,0.0,0.0,0.0,0.0,5006.0,0.0,0.0,0,0,1,0,0,6.0,6.0,6.0,6.0,0.0,0.0,0.0,0,0,0,1,62.7,1,0,0,0,0.5517241379310345,,,,0.0,0.0,0.0,carga1,exp_05
2026-09-04 05:08:43,45.3,17.5,29.1,0.1,0.0,55.2,2160.0,1756.0,155135.0,3264766.0,3809.0,23321.0,9.31,7.49,4.13,29.0,16.0,,,28.0,0.0,14.0,0.0,0.0,0.0,0.0,0.0,0.0,0.0,0.0,148.08,0.0,1.2666666666666666,1071.0,0.0,0.0,0.0,0.0,0.0,0.0,5007.0,0.0,0.0,0,0,1,0,0,5040.0,5040.0,5040.0,5040.0,0.0,0.0,0.0,0,0,0,1,62.8,1,0,0,0,0.5517241379310345,,,,0.0,0.0,0.0,carga1,exp_05
2026-09-04 05:08:59,45.2,18.0,28.9,0.1,0.0,55.2,2160.0,1756.0,34816.0,6466825.0,3912.0,29702.0,9.46,7.62,4.22,26.0,13.0,,,24.0,0.0,13.0,0.0,0.0,0.0,0.0,0.0,0.0,0.0,0.0,230.42,0.0,2.25,1086.0,0.0,0.0,0.0,0.0,0.0,0.0,5006.0,0.0,0.0,0,0,3,4,0,5034.0,1682.6666666666667,5034.0,1682.6666666666667,0.0,0.0,0.0,0,0,0,1,63.2,3,0,4,0,0.5,,,,0.0,0.0,0.0,carga1,exp_05
2026-09-04 05:09:14,44.0,17.8,29.9,0.2,0.0,55.1,2159.0,1757.0,18098.0,3575846.0,3886.0,23182.0,9.53,7.73,4.31,26.0,14.0,,,24.0,0.0,13.0,0.0,0.0,0.0,0.0,0.0,0.0,0.0,0.0,185.77,0.0,1.1333333333333333,1101.0,0.0,0.0,0.0,0.0,0.0,0.0,5006.0,0.0,0.0,0,0,1,4,0,5040.0,5040.0,5040.0,5040.0,0.0,0.0,0.0,0,0,0,1,61.8,1,0,4,0,0.5384615384615384,,,,0.0,0.0,0.0,carga1,exp_05
2026-09-04 05:09:29,44.4,17.4,30.1,0.0,0.0,55.2,2160.0,1756.0,270.0,3354972.0,3817.0,22980.0,9.72,7.86,4.41,26.0,13.0,,,24.0,0.0,13.0,0.0,0.0,0.0,0.0,0.0,0.0,0.0,0.0,155.9,0.0,0.6,1117.0,0.0,0.0,0.0,0.0,0.0,0.0,5007.0,0.0,0.0,0,0,5,2,0,5037.0,2019.4,5037.0,2019.4,12.0,0.0,0.0,0,0,0,3,61.8,5,0,2,0,0.5,,,,0.0,0.0,0.0,carga1,exp_05
2026-09-04 05:09:44,45.6,16.9,29.7,0.1,0.0,55.2,2162.0,1754.0,61828.0,5313386.0,3737.0,22348.0,10.25,8.06,4.53,26.0,14.0,,,25.0,0.0,13.0,0.0,0.0,0.0,0.0,0.0,0.0,0.0,0.0,121.68,0.0,0.8666666666666667,1132.0,0.0,0.0,0.0,0.0,0.0,0.0,5008.0,0.0,0.0,0,0,1,0,0,5034.0,5034.0,5034.0,5034.0,0.0,0.0,0.0,0,0,0,1,62.5,1,0,0,0,0.5384615384615384,,,,0.0,0.0,0.0,carga1,exp_05
2026-09-04 05:09:59,45.9,17.1,29.2,0.1,0.0,55.1,2159.0,1757.0,9983.0,4437511.0,3650.0,21001.0,10.12,8.14,4.62,26.0,13.0,,,25.0,0.0,13.0,0.0,0.0,0.0,0.0,0.0,0.0,0.0,0.0,91.96,0.0,0.4,1147.0,0.0,0.0,0.0,0.0,0.0,0.0,5007.0,0.0,0.0,0,0,2,0,0,113.0,61.0,113.0,61.0,98.0,0.0,0.0,0,0,0,2,63.0,2,0,0,0,0.5,,,,0.0,0.0,0.0,carga1,exp_05
2026-09-04 05:10:14,45.9,17.2,29.0,0.1,0.0,55.4,2168.0,1748.0,61812.0,6465658.0,3917.0,22820.0,9.86,8.21,4.72,26.0,13.0,,,24.0,0.0,13.0,0.0,0.0,0.0,0.0,0.0,0.0,0.0,0.0,171.86,0.0,0.6,1162.0,0.0,0.0,0.0,0.0,0.0,0.0,5006.0,0.0,0.0,0,0,2,8,0,5145.0,5094.0,5145.0,5094.0,98.0,0.0,0.0,0,0,0,2,63.1,2,0,8,0,0.5,,,,0.0,0.0,0.0,carga1,exp_05
2026-09-04 05:10:30,45.3,17.1,29.2,0.1,0.0,55.4,2169.0,1747.0,22126.0,3313984.0,3773.0,24266.0,9.36,8.17,4.76,26.0,13.0,,,25.0,0.0,13.0,0.0,0.0,0.0,0.0,0.0,0.0,0.0,0.0,186.69,0.0,1.0,1178.0,0.0,0.0,0.0,0.0,0.0,0.0,5007.0,0.0,0.0,0,0,1,0,0,16.0,16.0,16.0,16.0,6.0,0.0,0.0,0,0,0,1,62.4,1,0,0,0,0.5,,,,0.0,0.0,0.0,carga1,exp_05
2026-09-04 05:10:45,45.0,17.7,29.0,0.1,0.0,55.6,2177.0,1739.0,184459.0,4780012.0,3696.0,22870.0,9.7,8.3,4.86,26.0,13.0,,,25.0,0.0,45.0,0.0,0.0,0.0,0.0,11.0,0.0,6.0,0.0,184.29,0.0,0.9333333333333332,1193.0,0.0,0.0,0.0,0.0,0.0,0.0,5008.0,0.0,0.0,0,0,1,0,0,5042.0,5042.0,5042.0,5042.0,6.0,0.0,0.0,0,0,0,1,62.7,1,0,0,0,0.5,,,,0.0,0.0,0.0,carga1,exp_05
2026-09-04 05:11:00,45.4,17.4,29.2,0.1,0.0,55.6,2178.0,1738.0,0.0,3264028.0,3659.0,23588.0,9.57,8.33,4.92,26.0,14.0,,,24.0,0.0,13.0,0.0,0.0,0.0,0.0,0.0,0.0,0.0,0.0,147.75,0.0,1.3333333333333333,1208.0,0.0,0.0,0.0,0.0,0.0,0.0,5007.0,0.0,0.0,0,0,3,6,0,5067.0,1703.0,5067.0,1703.0,60.0,0.0,0.0,0,0,0,2,62.8,3,0,6,0,0.5384615384615384,,,,0.0,0.0,0.0,carga1,exp_05
2026-09-04 05:11:15,43.7,17.8,30.2,0.1,0.0,55.6,2176.0,1740.0,139545.0,5356699.0,3613.0,23241.0,9.64,8.41,5.0,26.0,13.0,,,24.0,0.0,13.0,0.0,0.0,0.0,0.0,0.0,0.0,0.0,0.0,177.26,0.0,0.4,1223.0,0.0,0.0,0.0,0.0,0.0,0.0,5006.0,0.0,0.0,0,0,1,6,0,5047.0,5047.0,5047.0,5047.0,0.0,0.0,0.0,0,0,0,1,61.5,1,0,6,0,0.5,,,,0.0,0.0,0.0,carga1,exp_05
2026-09-04 05:11:30,44.3,17.4,30.3,0.1,0.0,55.6,2176.0,1740.0,199016.0,3413512.0,3809.0,23713.0,9.95,8.54,5.1,26.0,13.0,,,24.0,0.0,13.0,0.0,0.0,0.0,0.0,0.0,0.0,0.0,0.0,167.06,0.0,1.0,1238.0,0.0,0.0,0.0,0.0,0.0,0.0,5006.0,0.0,0.0,0,0,1,0,0,4.0,4.0,4.0,4.0,0.0,0.0,0.0,0,0,0,1,61.7,1,0,0,0,0.5,,,,0.0,0.0,0.0,carga1,exp_05
2026-09-04 05:11:46,43.8,17.7,30.5,0.0,0.0,55.7,2181.0,1735.0,0.0,5949124.0,3884.0,25284.0,9.27,8.47,5.13,25.0,16.0,,,24.0,0.0,13.0,0.0,0.0,0.0,0.0,0.0,0.0,0.0,0.0,207.85,0.0,0.9375,1254.0,0.0,0.0,0.0,0.0,0.0,0.0,5004.0,0.0,0.0,0,0,1,0,0,5028.0,5028.0,5028.0,5028.0,0.0,0.0,0.0,0,0,0,1,61.5,1,0,0,0,0.64,,,,0.0,0.0,0.0,carga1,exp_05
2026-09-04 05:12:01,44.1,17.2,30.5,0.1,0.0,55.6,2179.0,1737.0,183246.0,3303020.0,3879.0,21988.0,9.08,8.46,5.18,25.0,14.0,,,22.0,0.0,13.0,0.0,0.0,0.0,0.0,0.0,0.0,0.0,0.0,129.73,0.0,1.2,1269.0,0.0,0.0,0.0,0.0,0.0,0.0,5007.0,0.0,0.0,0,0,4,0,0,5184.0,2593.75,5184.0,2593.75,204.0,0.0,0.0,0,0,0,2,61.3,4,0,0,0,0.56,,,,0.0,0.0,0.0,carga1,exp_05
2026-09-04 05:12:16,45.0,17.5,29.7,0.1,0.0,55.5,2173.0,1743.0,37527.0,6494096.0,3638.0,25198.0,9.42,8.57,5.27,25.0,13.0,,,24.0,0.0,13.0,0.0,0.0,0.0,0.0,0.0,0.0,0.0,0.0,201.83,0.0,1.4,1284.0,0.0,0.0,0.0,0.0,0.0,0.0,5005.0,0.0,0.0,0,0,2,0,0,5062.0,2547.5,5062.0,2547.5,54.0,0.0,0.0,0,0,0,1,62.5,2,0,0,0,0.52,,,,0.0,0.0,0.0,carga1,exp_05
2026-09-04 05:12:31,45.2,16.5,30.4,0.1,0.0,55.9,2190.0,1726.0,0.0,3263990.0,3654.0,22041.0,9.18,8.56,5.32,25.0,13.0,,,24.0,0.0,13.0,0.0,0.0,0.0,0.0,0.0,0.0,0.0,0.0,124.92,0.0,0.3333333333333333,1299.0,0.0,0.0,0.0,0.0,0.0,0.0,5005.0,0.0,0.0,0,0,0,2,0,0.0,0.0,0.0,0.0,0.0,0.0,0.0,0,0,0,0,61.7,0,0,2,0,0.52,,,,0.0,0.0,0.0,carga1,exp_05
2026-09-04 05:12:46,46.0,16.5,29.9,0.1,0.0,55.6,2178.0,1738.0,196820.0,6713487.0,3758.0,24613.0,9.28,8.61,5.39,25.0,13.0,,,23.0,0.0,13.0,0.0,0.0,0.0,0.0,0.0,0.0,0.0,0.0,173.42,0.0,0.8,1314.0,0.0,0.0,0.0,0.0,0.0,0.0,5008.0,0.0,0.0,0,0,0,0,0,0.0,0.0,0.0,0.0,0.0,0.0,0.0,0,0,0,0,62.5,0,0,0,0,0.52,,,,0.0,0.0,0.0,carga1,exp_05
2026-09-04 05:13:01,46.8,16.8,29.3,0.1,0.0,55.8,2185.0,1731.0,18614.0,4289774.0,3706.0,21544.0,8.94,8.57,5.43,25.0,13.0,,,24.0,0.0,13.0,0.0,0.0,0.0,0.0,0.0,0.0,0.0,0.0,132.84,0.0,0.4,1329.0,0.0,0.0,0.0,0.0,0.0,0.0,5005.0,0.0,0.0,0,0,2,0,0,5170.0,2658.0,5170.0,2658.0,180.0,0.0,0.0,0,0,0,1,63.6,2,0,0,0,0.52,,,,0.0,0.0,0.0,carga1,exp_05
2026-09-04 05:13:17,47.5,16.5,28.2,0.1,0.0,55.8,2184.0,1732.0,78284.0,3160524.0,3733.0,18992.0,8.6,8.51,5.46,25.0,14.0,,,23.0,0.0,13.0,0.0,0.0,0.0,0.0,0.0,0.0,0.0,0.0,138.0,0.0,0.375,1344.0,0.0,0.0,0.0,0.0,0.0,0.0,5004.0,0.0,0.0,0,0,2,2,0,5130.0,2611.5,5130.0,2611.5,164.0,0.0,0.0,0,0,0,1,64.0,2,0,2,0,0.56,,,,0.0,0.0,0.0,carga1,exp_05
2026-09-04 05:13:32,46.7,16.7,28.9,0.1,0.0,55.8,2184.0,1732.0,36737.0,6116769.0,3671.0,23500.0,9.31,8.66,5.56,25.0,13.0,,,24.0,0.0,13.0,0.0,0.0,0.0,0.0,0.0,0.0,0.0,0.0,174.37,0.0,0.2666666666666666,1360.0,0.0,0.0,0.0,0.0,0.0,0.0,5008.0,0.0,0.0,0,0,0,2,0,0.0,0.0,0.0,0.0,0.0,0.0,0.0,0,0,0,0,63.400000000000006,0,0,2,0,0.52,,,,0.0,0.0,0.0,carga1,exp_05
2026-09-04 05:13:47,45.7,16.9,29.4,0.1,0.0,55.9,2188.0,1728.0,100512.0,3290131.0,3883.0,22573.0,9.78,8.8,5.65,26.0,13.0,,,23.0,0.0,13.0,0.0,0.0,0.0,0.0,0.0,0.0,0.0,0.0,169.86,0.0,0.6,1375.0,0.0,0.0,0.0,0.0,0.0,0.0,5007.0,0.0,0.0,0,0,1,0,0,5033.0,5033.0,5033.0,5033.0,0.0,0.0,0.0,0,0,0,1,62.6,1,0,0,0,0.5,4096.0,0.0,5.0,0.0,0.0,0.0,carga1,exp_05
2026-09-04 05:14:02,45.1,16.9,30.0,0.1,0.0,55.7,2182.0,1734.0,0.0,3142861.0,3914.0,22396.0,9.51,8.79,5.7,23.0,10.0,,,22.0,0.0,13.0,0.0,0.0,0.0,0.0,0.0,0.0,0.0,0.0,110.49,0.0,0.8,1390.0,0.0,0.0,0.0,0.0,0.0,0.0,5005.0,0.0,0.0,0,0,0,0,0,0.0,0.0,0.0,0.0,0.0,0.0,0.0,0,0,0,0,62.0,0,0,0,0,0.4347826086956521,,,,0.0,0.0,0.0,carga1,exp_05
2026-09-04 05:14:17,44.6,17.2,29.9,0.1,0.0,55.9,2189.0,1727.0,230376.0,5536856.0,3562.0,21555.0,9.54,8.83,5.77,23.0,10.0,,,22.0,0.0,13.0,0.0,0.0,0.0,0.0,0.0,0.0,0.0,0.0,128.97,0.0,0.2666666666666666,1405.0,0.0,0.0,0.0,0.0,0.0,0.0,5008.0,0.0,0.0,0,0,1,0,0,216.0,216.0,216.0,216.0,114.0,0.0,0.0,0,0,0,1,61.8,1,0,0,0,0.4347826086956521,,,,0.0,0.0,0.0,carga1,exp_05
2026-09-04 05:14:32,45.5,17.3,29.0,0.1,0.0,56.0,2193.0,1723.0,68304.0,3227016.0,3848.0,26607.0,9.93,8.95,5.86,23.0,10.0,,,21.0,0.0,13.0,0.0,0.0,0.0,0.0,0.0,0.0,0.0,0.0,191.01,0.0,0.8666666666666667,1420.0,0.0,0.0,0.0,0.0,0.0,0.0,5007.0,0.0,0.0,0,0,2,2,0,5245.0,2625.0,5245.0,2625.0,114.0,0.0,0.0,0,0,0,2,62.8,2,0,2,0,0.4347826086956521,,,,0.0,0.0,0.0,carga1,exp_05
2026-09-04 05:14:48,44.8,16.8,30.4,0.1,0.0,56.0,2193.0,1723.0,93364.0,6183904.0,3680.0,24941.0,9.89,8.99,5.92,23.0,11.0,,,22.0,0.0,13.0,0.0,0.0,0.0,0.0,0.0,0.0,0.0,0.0,142.3,0.0,0.9375,1435.0,0.0,0.0,0.0,0.0,0.0,0.0,5007.0,0.0,0.0,0,0,3,8,0,5038.0,3360.0,5038.0,3360.0,0.0,0.0,0.0,0,0,0,2,61.6,3,0,8,0,0.4782608695652174,,,,0.0,0.0,0.0,carga1,exp_05
2026-09-04 05:15:03,44.5,16.7,31.0,0.0,0.0,56.1,2199.0,1717.0,0.0,3124372.0,3737.0,18698.0,9.68,8.99,5.97,23.0,10.0,,,22.0,0.0,13.0,0.0,0.0,0.0,0.0,0.0,0.0,0.0,0.0,84.95,0.0,0.2666666666666666,1450.0,0.0,0.0,0.0,0.0,0.0,0.0,5007.0,0.0,0.0,0,0,4,0,0,5038.0,1310.0,5038.0,1310.0,100.0,0.0,0.0,0,0,0,3,61.2,4,0,0,0,0.4347826086956521,,,,0.0,0.0,0.0,carga1,exp_05
2026-09-04 05:15:18,45.7,16.4,30.3,0.1,0.0,55.9,2189.0,1727.0,7570.0,7648153.0,3759.0,22042.0,9.66,9.02,6.03,23.0,10.0,,,22.0,0.0,13.0,0.0,0.0,0.0,0.0,0.0,0.0,0.0,0.0,90.49,0.0,0.3333333333333333,1465.0,0.0,0.0,0.0,0.0,0.0,0.0,5008.0,0.0,0.0,0,0,2,0,0,5208.0,5117.5,5208.0,5117.5,100.0,0.0,0.0,0,0,0,2,62.1,2,0,0,0,0.4347826086956521,,,,0.0,0.0,0.0,carga1,exp_05
2026-09-04 05:15:33,46.0,16.2,30.2,0.1,0.0,56.3,2203.0,1713.0,109627.0,5835627.0,3783.0,20627.0,9.18,8.95,6.05,23.0,10.0,,,22.0,0.0,13.0,0.0,0.0,0.0,0.0,0.0,0.0,0.0,0.0,82.67,0.0,0.4,1480.0,0.0,0.0,0.0,0.0,0.0,0.0,5006.0,0.0,0.0,0,0,2,8,0,5032.0,2517.5,5032.0,2517.5,0.0,0.0,0.0,0,0,0,1,62.2,2,0,8,0,0.4347826086956521,,,,0.0,0.0,0.0,carga1,exp_05
2026-09-04 05:15:48,45.3,16.6,30.5,0.1,0.0,56.2,2200.0,1716.0,86284.0,3276920.0,3851.0,23592.0,9.66,9.07,6.14,23.0,10.0,,,22.0,0.0,13.0,0.0,0.0,0.0,0.0,0.0,0.0,0.0,0.0,129.29,0.0,1.0,1497.0,0.0,0.0,0.0,0.0,0.0,0.0,5006.0,0.0,0.0,0,0,3,0,0,5029.0,1743.3333333333333,5029.0,1743.3333333333333,103.0,0.0,0.0,0,0,0,2,61.9,3,0,0,0,0.4347826086956521,,,,0.0,0.0,0.0,carga1,exp_05
2026-09-04 05:16:03,45.2,16.9,30.0,0.1,0.0,56.2,2199.0,1717.0,203230.0,5460503.0,3859.0,22284.0,9.77,9.12,6.2,25.0,12.0,,,24.0,0.0,13.0,0.0,0.0,0.0,0.0,0.0,0.0,0.0,0.0,170.59,0.0,0.8,1512.0,0.0,0.0,0.0,0.0,0.0,0.0,5007.0,0.0,0.0,0,0,2,3,0,5225.0,2616.0,5225.0,2616.0,103.0,0.0,0.0,0,0,0,2,62.1,2,0,3,0,0.48,,,,0.0,0.0,0.0,carga1,exp_05
2026-09-04 05:16:19,44.5,17.3,30.1,0.1,0.0,56.3,2203.0,1713.0,24851.0,3364676.0,3590.0,23308.0,9.31,9.05,6.23,25.0,12.0,,,24.0,0.0,13.0,0.0,0.0,0.0,0.0,0.0,0.0,0.0,0.0,159.33,0.0,0.4375,1527.0,0.0,0.0,0.0,0.0,0.0,0.0,5004.0,0.0,0.0,0,0,1,3,0,5039.0,5039.0,5039.0,5039.0,0.0,0.0,0.0,0,0,0,1,61.8,1,0,3,0,0.48,,,,0.0,0.0,0.0,carga1,exp_05
2026-09-04 05:16:34,46.0,17.1,28.9,0.2,0.0,56.2,2200.0,1716.0,76768.0,4649321.0,3535.0,20066.0,9.63,9.14,6.3,25.0,12.0,,,24.0,0.0,13.0,0.0,0.0,0.0,0.0,0.0,0.0,0.0,0.0,78.8,0.0,0.3333333333333333,1542.0,0.0,0.0,0.0,0.0,0.0,0.0,5009.0,0.0,0.0,0,0,1,0,0,180.0,180.0,180.0,180.0,169.0,0.0,0.0,0,0,0,1,63.1,1,0,0,0,0.48,,,,0.0,0.0,0.0,carga1,exp_05
2026-09-04 05:16:49,45.6,16.8,29.5,0.0,0.0,56.2,2201.0,1715.0,540.0,3268628.0,3764.0,19113.0,8.95,9.02,6.31,25.0,12.0,,,23.0,0.0,13.0,0.0,0.0,0.0,0.0,0.0,0.0,0.0,0.0,126.67,0.0,0.2,1557.0,0.0,0.0,0.0,0.0,0.0,0.0,5006.0,0.0,0.0,0,0,1,0,0,5213.0,5213.0,5213.0,5213.0,169.0,0.0,0.0,0,0,0,1,62.400000000000006,1,0,0,0,0.48,,,,0.0,0.0,0.0,carga1,exp_05
2026-09-04 05:17:04,46.7,16.4,29.2,0.1,0.0,55.7,2181.0,1735.0,213453.0,5936754.0,2628.0,20564.0,9.34,9.1,6.38,25.0,12.0,,,23.0,0.0,13.0,0.0,0.0,0.0,0.0,0.0,0.0,0.0,0.0,114.11,0.0,0.3333333333333333,1572.0,0.0,0.0,0.0,0.0,0.0,0.0,5007.0,0.0,0.0,0,0,2,0,0,5038.0,2521.0,5038.0,2521.0,0.0,0.0,0.0,0,0,0,1,63.1,2,0,0,0,0.48,,,,0.0,0.0,0.0,carga1,exp_05
2026-09-11 10:37:36,24.6,31.7,42.1,0.0,0.0,95.4,15412.0,751.0,111461893.0,0.0,0.0,0.0,0.0,0.0,0.0,34.0,18.0,,,33.0,0.0,16.0,52.0,0.0,0.0,0.0,0.0,0.0,0.0,0.0,,,,6771.0,,,,,,0.0,0.0,0.0,0.0,0,0,0,0,0,0.0,0.0,0.0,0.0,0.0,0.0,0.0,0,0,0,0,56.3,0,0,0,52,0.5294117647058824,,,,,,,carga11,exp_06
2026-09-11 10:37:42,25.7,30.0,42.5,0.0,0.0,96.1,15526.0,638.0,29737349.0,750869.0,1456.0,1920.0,0.0,0.0,0.0,45.0,26.0,,,35.0,1.0,60.0,52.0,0.0,0.0,0.0,0.0,0.0,0.0,0.0,275.98,0.0,25.666666666666668,6776.0,0.0,0.0,0.0,0.0,0.0,403.0,1674.0,0.0,0.0,0,0,0,29,0,0.0,0.0,0.0,0.0,0.0,0.0,0.0,0,0,0,0,55.7,0,0,29,0,0.5777777777777777,,,,,,,carga11,exp_06
2026-09-11 10:37:48,23.1,48.0,26.3,0.0,0.0,95.8,15490.0,673.0,6500481.0,5093109.0,205726.0,12721.0,0.16,0.03,0.01,45.0,26.0,,,37.0,0.0,52.0,52.0,0.0,0.0,0.0,0.0,0.0,0.0,0.0,706.94,0.0,68.0,6781.0,0.0,0.0,0.0,0.0,0.0,403.0,51.0,0.0,0.0,0,0,0,27,0,0.0,0.0,0.0,0.0,0.0,0.0,0.0,0,0,0,0,71.1,0,0,27,0,0.5777777777777777,,,,,,,carga11,exp_06
2026-09-11 10:37:53,23.0,46.1,28.9,0.0,0.0,95.9,15505.0,659.0,6037373.0,2834807.0,152235.0,94398.0,0.15,0.03,0.01,37.0,16.0,,,27.0,0.0,83.0,52.0,3.0,0.0,0.0,0.0,0.0,0.0,0.0,660.23,0.0,77.0,6787.0,0.0,0.0,0.0,0.0,0.0,403.0,34.0,0.0,0.0,0,0,0,26,0,0.0,0.0,0.0,0.0,0.0,0.0,0.0,0,0,0,0,69.1,0,0,26,0,0.4324324324324324,,,,,,,carga11,exp_06
2026-09-11 10:37:59,25.1,48.9,23.7,0.0,0.0,96.2,15557.0,607.0,8327508.0,3780464.0,134264.0,223535.0,1.41,0.3,0.1,36.0,15.0,,,27.0,0.0,50.0,52.0,3.0,0.0,0.0,0.0,0.0,0.0,0.0,685.77,0.0,58.5,6792.0,0.0,0.0,0.0,0.0,0.0,403.0,41.0,0.0,0.0,0,0,0,26,0,0.0,0.0,0.0,0.0,0.0,0.0,0.0,0,0,0,0,74.0,0,0,26,0,0.4166666666666667,,,,,,,carga11,exp_06
2026-09-11 10:38:04,30.1,52.7,12.5,0.0,0.0,96.2,15555.0,609.0,6409451.0,2539949.0,119838.0,20182.0,2.34,0.51,0.17,36.0,15.0,,,30.0,2.0,50.0,52.0,0.0,0.0,0.0,0.0,0.0,0.0,0.0,472.85,0.0,51.6,6797.0,0.0,0.0,0.0,0.0,0.0,403.0,39.0,0.0,0.0,0,0,0,17,0,0.0,0.0,0.0,0.0,0.0,0.0,0.0,0,0,0,0,82.80000000000001,0,0,17,0,0.4166666666666667,,,,,,,carga11,exp_06
2026-09-11 10:38:09,30.7,51.5,14.9,0.0,0.0,97.6,15768.0,395.0,66015366.0,11635295.0,213156.0,133773.0,2.23,0.51,0.18,36.0,16.0,,,29.0,1.0,53.0,52.0,0.0,0.0,0.0,0.0,0.0,0.0,0.0,847.05,0.0,79.8,6803.0,0.0,0.0,0.0,0.0,0.0,403.0,74.0,0.0,0.0,0,0,0,15,0,0.0,0.0,0.0,0.0,0.0,0.0,0.0,0,0,0,0,82.2,0,0,15,0,0.4444444444444444,,,,,,,carga11,exp_06
2026-09-11 10:38:14,36.6,56.4,4.5,0.0,0.0,99.3,16052.0,112.0,47906212.0,32653549.0,152529.0,601485.0,2.3,0.56,0.19,36.0,17.0,,,30.0,0.0,51.0,52.0,0.0,0.0,0.0,0.0,0.0,0.0,0.0,629.94,0.0,57.4,6808.0,0.0,0.0,0.0,0.0,0.0,403.0,46.0,0.0,0.0,0,0,0,18,0,0.0,0.0,0.0,0.0,0.0,0.0,0.0,0,0,0,0,93.0,0,0,18,0,0.4722222222222222,,,,,,,carga11,exp_06
2026-09-11 10:38:20,32.2,53.5,11.0,0.0,0.0,98.3,15886.0,277.0,57100038.0,96585762.0,153625.0,667854.0,2.59,0.65,0.22,36.0,15.0,,,27.0,0.0,48.0,52.0,0.0,0.0,0.0,0.0,0.0,0.0,0.0,728.05,0.0,58.16666666666666,6813.0,0.0,0.0,0.0,0.0,0.0,403.0,32.0,0.0,0.0,0,0,0,32,0,0.0,0.0,0.0,0.0,0.0,0.0,0.0,0,0,0,0,85.7,0,0,32,0,0.4166666666666667,,,,,,,carga11,exp_06
2026-09-11 10:38:25,30.2,52.0,14.4,0.0,0.0,97.8,15812.0,351.0,40293762.0,15461193.0,25534.0,57144.0,2.46,0.65,0.23,36.0,15.0,,,28.0,1.0,72.0,52.0,0.0,0.0,0.0,0.0,0.0,0.0,0.0,759.11,0.0,78.2,6818.0,0.0,0.0,0.0,0.0,0.0,403.0,46.0,0.0,0.0,0,0,0,17,0,0.0,0.0,0.0,0.0,0.0,0.0,0.0,0,0,0,0,82.2,0,0,17,0,0.4166666666666667,,,,,,,carga11,exp_06
2026-09-11 10:38:30,26.8,55.1,15.7,0.0,0.0,94.7,15304.0,860.0,44047580.0,33617168.0,7365.0,295092.0,3.15,0.82,0.29,37.0,16.0,,,29.0,1.0,57.0,52.0,0.0,0.0,0.0,0.0,0.0,0.0,0.0,818.42,0.0,74.6,6824.0,0.0,0.0,0.0,0.0,0.0,403.0,28.0,0.0,0.0,0,0,0,29,0,0.0,0.0,0.0,0.0,0.0,0.0,0.0,0,0,0,0,81.9,0,0,29,0,0.4324324324324324,,,,,,,carga11,exp_06
2026-09-11 10:38:36,34.2,51.7,10.6,0.0,0.0,95.3,15396.0,768.0,7702637.0,1690691.0,6634.0,408729.0,3.13,0.86,0.3,36.0,17.0,,,26.0,0.0,79.0,52.0,0.0,0.0,0.0,0.0,0.0,0.0,0.0,529.36,0.0,43.5,6829.0,0.0,0.0,0.0,0.0,0.0,403.0,848.0,0.0,0.0,0,0,0,20,0,0.0,0.0,0.0,0.0,0.0,0.0,0.0,0,0,0,0,85.9,0,0,20,0,0.4722222222222222,,,,,,,carga11,exp_06
2026-09-11 10:38:41,36.1,52.0,7.7,0.0,0.0,94.6,15287.0,876.0,4759433.0,1310212.0,5416.0,270375.0,3.04,0.88,0.31,36.0,19.0,,,23.0,0.0,55.0,52.0,0.0,0.0,0.0,0.0,0.0,0.0,0.0,449.07,0.0,46.6,6840.0,0.0,0.0,0.0,0.0,0.0,403.0,1912.0,0.0,0.0,0,0,0,17,0,0.0,0.0,0.0,0.0,0.0,0.0,0.0,0,0,0,0,88.1,0,0,17,0,0.5277777777777778,,,,,,,carga11,exp_06
2026-09-11 10:38:55,38.7,52.9,3.6,0.0,0.0,95.1,15364.0,799.0,51320453.0,1368674.0,94382.0,220147.0,9.31,2.4,0.84,35.0,17.0,,,25.0,2.0,52.0,52.0,0.0,0.0,0.0,0.0,0.0,0.0,0.0,232.53,0.0,16.785714285714285,6849.0,0.0,0.0,0.0,0.0,0.0,403.0,1123.0,0.0,0.0,0,0,0,35,0,0.0,0.0,0.0,0.0,0.0,0.0,0.0,0,0,0,0,91.6,0,0,35,0,0.4857142857142857,,,,,,,carga11,exp_06
2026-09-11 10:39:00,24.9,50.3,22.4,0.0,0.0,95.2,15382.0,781.0,14097409.0,2177717.0,259902.0,191660.0,8.65,2.38,0.84,34.0,18.0,,,26.0,2.0,39.0,52.0,0.0,0.0,0.0,0.0,0.0,0.0,0.0,665.84,0.0,61.0,6855.0,0.0,0.0,0.0,0.0,0.0,403.0,30.0,0.0,0.0,0,0,0,21,0,0.0,0.0,0.0,0.0,0.0,0.0,0.0,0,0,0,0,75.19999999999999,0,0,21,0,0.5294117647058824,,,,,,,carga11,exp_06
2026-09-11 10:39:06,26.3,51.0,20.2,0.0,0.0,95.3,15411.0,752.0,9326755.0,1694549.0,2567.0,2310.0,7.96,2.34,0.84,34.0,16.0,,,27.0,0.0,64.0,52.0,0.0,0.0,0.0,0.0,0.0,0.0,0.0,624.48,0.0,49.66666666666666,6860.0,0.0,0.0,0.0,0.0,0.0,403.0,24.0,0.0,0.0,0,0,0,14,0,0.0,0.0,0.0,0.0,0.0,0.0,0.0,0,0,0,0,77.3,0,0,14,0,0.4705882352941176,,,,,,,carga11,exp_06
2026-09-11 10:39:11,20.7,42.8,34.4,0.0,0.0,94.9,15332.0,831.0,17527648.0,1317367.0,6979.0,709.0,7.32,2.3,0.83,24.0,10.0,,,22.0,0.0,15.0,52.0,0.0,0.0,0.0,0.0,0.0,0.0,0.0,484.06,0.0,44.0,6865.0,0.0,0.0,0.0,0.0,0.0,403.0,40.0,0.0,0.0,0,0,0,17,0,0.0,0.0,0.0,0.0,0.0,0.0,0.0,0,0,0,0,63.5,0,0,17,0,0.4166666666666667,,,,,,,carga11,exp_06
2026-09-07 04:26:22,0.0,0.0,0.0,0.0,0.0,45.6,1784.0,2132.0,34857346.0,0.0,52287.0,147683.0,1.67,0.92,0.41,21.0,10.0,,,19.0,0.0,13.0,0.0,0.0,0.0,0.0,0.0,0.0,0.0,0.0,,,,285.0,,,,,,200.0,216.0,732.0,0.0,0,0,0,0,0,0.0,0.0,0.0,0.0,0.0,0.0,0.0,0,0,0,0,0.0,0,0,0,0,0.4761904761904761,,,,3.0,0.0,0.0,carga2,exp_07
2026-09-07 04:26:33,52.6,21.2,21.5,0.2,0.0,46.8,1832.0,2084.0,4885187.0,967644.0,7372.0,44323.0,3.27,1.28,0.53,22.0,10.0,,,20.0,0.0,13.0,0.0,0.0,0.0,0.0,0.0,0.0,0.0,0.0,135.74,0.2727272727272727,0.3636363636363636,296.0,0.0,0.0,0.0,0.0,0.0,0.0,5008.0,0.0,0.0,0,0,11,23,0,2291.0,1011.0909090909092,2291.0,1011.0909090909092,226.0,40.0,0.0,0,0,0,6,73.8,11,0,23,0,0.4545454545454545,,,,1.0,0.0,0.0,carga2,exp_07
2026-09-07 04:26:48,55.3,25.0,15.5,0.0,0.0,49.2,1926.0,1990.0,1560490.0,6227712.0,5450.0,43392.0,5.25,1.81,0.72,29.0,17.0,,,28.0,0.0,13.0,0.0,0.0,0.0,0.0,0.0,0.0,0.0,0.0,109.55,0.0666666666666666,0.2666666666666666,312.0,0.0,0.0,0.0,0.0,0.0,0.0,5009.0,0.0,0.0,0,0,7,2,0,2330.0,1114.2857142857142,2330.0,1114.2857142857142,1082.0,0.0,0.0,0,0,0,1,80.3,7,0,2,0,0.5862068965517241,,,,0.0,0.0,0.0,carga2,exp_07
2026-09-07 04:27:04,50.0,26.2,18.7,0.1,0.0,54.4,2128.0,1788.0,6761256.0,2436219.0,5528.0,29396.0,7.38,2.44,0.94,30.0,17.0,,,29.0,0.0,13.0,0.0,0.0,0.0,0.0,0.0,0.0,0.0,0.0,45.81,0.0625,0.1875,328.0,0.0,0.0,0.0,0.0,0.0,0.0,5024.0,0.0,0.0,0,0,8,0,0,2518.0,1240.75,2518.0,1240.75,1315.0,0.0,0.0,0,0,0,2,76.2,8,0,0,0,0.5666666666666667,,,,0.0,0.0,0.0,carga2,exp_07
2026-09-07 04:27:19,51.8,20.5,22.1,0.0,0.0,54.7,2142.0,1774.0,340562.0,2994694.0,5464.0,32674.0,8.38,2.91,1.12,30.0,17.0,,,29.0,0.0,13.0,0.0,0.0,0.0,0.0,0.0,0.0,0.0,0.0,90.16,0.0,0.1333333333333333,344.0,0.0,0.0,0.0,0.0,0.0,0.0,5051.0,0.0,0.0,0,0,3,0,0,2485.0,1607.6666666666667,2485.0,1607.6666666666667,443.0,0.0,0.0,0,0,0,1,72.3,3,0,0,0,0.5666666666666667,,,,0.0,0.0,0.0,carga2,exp_07
2026-09-07 04:27:34,47.3,18.2,27.1,0.1,0.0,54.6,2139.0,1777.0,44857.0,3584800.0,5685.0,35555.0,8.42,3.18,1.24,30.0,19.0,,,28.0,0.0,13.0,0.0,0.0,0.0,0.0,0.0,0.0,0.0,0.0,134.87,0.0,0.0666666666666666,360.0,0.0,0.0,0.0,0.0,0.0,0.0,5009.0,0.0,0.0,0,0,0,0,0,0.0,0.0,0.0,0.0,0.0,0.0,0.0,0,0,0,0,65.5,0,0,0,0,0.6333333333333333,,,,0.0,0.0,0.0,carga2,exp_07
2026-09-07 04:27:49,43.8,20.2,28.8,0.2,0.0,53.6,2099.0,1817.0,86245.0,4538934.0,5450.0,31163.0,7.88,3.32,1.31,31.0,18.0,,,28.0,0.0,13.0,0.0,0.0,0.0,0.0,0.0,0.0,0.0,0.0,66.13,0.0,0.0666666666666666,376.0,0.0,0.0,0.0,0.0,0.0,0.0,5006.0,0.0,0.0,0,0,6,8,0,2343.0,1092.1666666666667,2343.0,1092.1666666666667,324.0,0.0,0.0,0,0,0,2,64.0,6,0,8,0,0.5806451612903226,,,,0.0,0.0,0.0,carga2,exp_07
2026-09-07 04:28:05,47.6,19.0,25.1,1.2,0.0,54.0,2113.0,1803.0,1878.0,2689841.0,5781.0,34952.0,8.75,3.73,1.48,30.0,17.0,,,29.0,0.0,13.0,0.0,0.0,0.0,0.0,0.0,0.0,0.0,0.0,89.15,0.0,0.0,391.0,0.0,0.0,0.0,0.0,0.0,0.0,5010.0,0.0,0.0,0,0,3,0,0,2030.0,693.3333333333334,2030.0,693.3333333333334,63.0,0.0,0.0,0,0,0,2,66.6,3,0,0,0,0.5666666666666667,,,,0.0,0.0,0.0,carga2,exp_07
2026-09-07 04:28:20,45.1,26.9,22.4,0.0,0.0,54.2,2124.0,1792.0,128220.0,4104351.0,5631.0,30213.0,9.71,4.2,1.67,30.0,17.0,,,28.0,0.0,13.0,0.0,0.0,0.0,0.0,0.0,0.0,0.0,0.0,40.16,0.0,0.1333333333333333,407.0,0.0,0.0,0.0,0.0,0.0,0.0,5009.0,0.0,0.0,0,0,7,2,0,2311.0,1274.857142857143,2311.0,1274.857142857143,657.0,0.0,0.0,0,0,0,2,72.0,7,0,2,0,0.5666666666666667,,,,0.0,0.0,0.0,carga2,exp_07
2026-09-07 04:28:35,44.6,27.3,22.2,0.0,0.0,54.2,2123.0,1793.0,800.0,1245380.0,5622.0,28660.0,9.94,4.52,1.82,30.0,18.0,,,28.0,0.0,13.0,0.0,0.0,0.0,0.0,0.0,0.0,0.0,0.0,56.4,0.0,0.0666666666666666,425.0,0.0,0.0,0.0,0.0,0.0,0.0,5008.0,0.0,0.0,0,0,7,0,0,2326.0,1135.571428571429,2326.0,1135.571428571429,1352.0,0.0,0.0,0,0,0,2,71.9,7,0,0,0,0.6,,,,0.0,0.0,0.0,carga2,exp_07
2026-09-07 04:28:53,46.8,27.3,18.2,0.2,0.0,54.1,2119.0,1797.0,15612.0,5756235.0,4519.0,17014.0,11.67,5.26,2.12,30.0,17.0,,,29.0,0.0,13.0,0.0,0.0,0.0,0.0,0.0,0.0,0.0,0.0,69.55,0.0,0.0555555555555555,441.0,0.0,0.0,0.0,0.0,0.0,0.0,5010.0,0.0,0.0,0,0,3,0,0,3400.0,2730.6666666666665,3400.0,2730.6666666666665,3120.0,0.0,0.0,0,0,0,1,74.1,3,0,0,0,0.5666666666666667,,,,0.0,0.0,0.0,carga2,exp_07
2026-09-07 04:29:08,45.5,23.1,23.6,0.0,0.0,54.2,2121.0,1795.0,490782.0,1716563.0,5204.0,26315.0,11.82,5.61,2.28,31.0,18.0,,,29.0,0.0,13.0,0.0,0.0,0.0,0.0,0.0,0.0,0.0,0.0,72.73,0.0,0.2,460.0,0.0,0.0,0.0,0.0,0.0,0.0,5010.0,0.0,0.0,0,0,7,2,0,4132.0,1919.857142857143,4132.0,1919.857142857143,4628.0,0.0,0.0,0,0,0,2,68.6,7,0,2,0,0.5806451612903226,,,,0.0,0.0,0.0,carga2,exp_07
2026-09-07 04:29:27,47.9,22.6,21.7,0.1,0.0,54.4,2130.0,1786.0,123348.0,2716247.0,5101.0,26165.0,11.33,5.91,2.45,31.0,18.0,,,28.0,0.0,13.0,0.0,0.0,0.0,0.0,0.0,0.0,0.0,0.0,51.96,0.0,0.1578947368421052,477.0,0.0,0.0,0.0,0.0,0.0,0.0,5006.0,0.0,0.0,0,0,7,8,0,3281.0,1823.7142857142856,3281.0,1823.7142857142856,3908.0,0.0,0.0,0,0,0,2,70.5,7,0,8,0,0.5806451612903226,,,,0.0,0.0,0.0,carga2,exp_07
2026-09-07 04:29:43,46.1,18.6,27.6,0.1,0.0,54.6,2139.0,1777.0,399573.0,2723335.0,5651.0,34683.0,10.4,5.98,2.53,26.0,14.0,,,25.0,0.0,13.0,0.0,0.0,0.0,0.0,0.0,0.0,0.0,0.0,129.98,0.0,0.25,493.0,0.0,0.0,0.0,0.0,0.0,0.0,5091.0,0.0,0.0,0,0,2,0,0,2191.0,1172.0,2191.0,1172.0,346.0,0.0,0.0,0,0,0,1,64.7,2,0,0,0,0.5384615384615384,,,,0.0,0.0,0.0,carga2,exp_07
2026-09-07 04:29:59,44.3,25.8,21.8,0.5,0.0,55.0,2152.0,1764.0,113002.0,2995690.0,5474.0,19150.0,10.2,6.14,2.64,23.0,13.0,,,18.0,0.0,14.0,0.0,0.0,0.0,0.0,0.0,0.0,0.0,0.0,43.83,0.0,0.0,510.0,0.0,0.0,0.0,0.0,0.0,0.0,5006.0,0.0,0.0,0,0,6,6,0,3191.0,1062.5,3191.0,1062.5,1477.0,0.0,0.0,0,0,0,2,70.1,6,0,6,0,0.5652173913043478,,,,0.0,0.0,0.0,carga2,exp_07
2026-09-07 04:30:14,47.9,23.4,20.8,0.3,0.0,55.1,2160.0,1756.0,126585.0,1876064.0,5377.0,26336.0,10.61,6.44,2.8,23.0,10.0,,,18.0,0.0,13.0,0.0,0.0,0.0,0.0,0.0,0.0,0.0,0.0,72.77,0.0,0.2666666666666666,527.0,0.0,0.0,0.0,0.0,0.0,0.0,5014.0,0.0,0.0,0,0,5,0,0,2898.0,1714.6,2898.0,1714.6,1849.0,0.0,0.0,0,0,0,3,71.3,5,0,0,0,0.4347826086956521,,,,0.0,0.0,0.0,carga2,exp_07
2026-09-07 04:30:31,42.5,24.5,24.6,0.7,0.0,54.8,2145.0,1771.0,36442780.0,4727093.0,5350.0,29759.0,11.16,6.77,2.96,23.0,11.0,,,21.0,0.0,13.0,0.0,0.0,0.0,0.0,0.0,0.0,0.0,0.0,83.86,0.1764705882352941,8.588235294117647,544.0,0.0,0.0,0.0,0.0,0.0,0.0,5040.0,0.0,0.0,0,0,5,2,0,3495.0,1609.0,3495.0,1609.0,1746.0,0.0,0.0,0,0,0,2,67.0,5,0,2,0,0.4782608695652174,,,,0.0,0.0,0.0,carga2,exp_07
2026-09-07 04:30:46,45.9,25.2,21.1,0.1,0.0,55.0,2153.0,1763.0,604406.0,1271519.0,5500.0,20977.0,11.17,7.04,3.14,23.0,10.0,,,22.0,0.0,13.0,0.0,0.0,0.0,0.0,0.0,0.0,0.0,0.0,41.81,0.0,0.0666666666666666,559.0,0.0,0.0,0.0,0.0,0.0,0.0,5041.0,0.0,0.0,0,0,5,4,0,4059.0,1392.4,4059.0,1392.4,1281.0,0.0,0.0,0,0,0,2,71.1,5,0,4,0,0.4347826086956521,,,,0.0,0.0,0.0,carga2,exp_07
2026-09-07 04:33:00,0.0,0.0,0.0,0.0,0.0,56.1,2197.0,1719.0,27469766.0,118675560.0,105998.0,274099.0,8.23,7.78,3.94,26.0,14.0,,,24.0,0.0,13.0,0.0,0.0,0.0,0.0,0.0,0.0,0.0,0.0,,,,698.0,,,,,,200.0,22.0,762.0,0.0,0,0,0,0,0,0.0,0.0,0.0,0.0,0.0,0.0,0.0,0,0,0,0,0.0,0,0,0,0,0.5384615384615384,,,,4.0,0.0,0.0,carga3,exp_08
2026-09-07 04:33:10,36.2,14.1,42.1,0.1,0.0,56.3,2205.0,1711.0,395863.0,3739062.0,6017.0,46438.0,8.07,7.75,3.98,27.0,15.0,,,24.0,0.0,13.0,0.0,0.0,0.0,0.0,0.0,0.0,0.0,0.0,263.38,0.0,0.5,708.0,0.0,0.0,0.0,0.0,0.0,0.0,5037.0,0.0,0.0,0,0,7,19,0,2451.0,961.7142857142856,2451.0,961.7142857142856,218.0,0.0,0.0,0,0,1,3,50.3,7,0,19,0,0.5555555555555556,,,,0.0,0.0,0.0,carga3,exp_08
2026-09-07 04:33:26,47.4,22.1,23.2,0.3,0.0,56.8,2223.0,1693.0,17219358.0,5125735.0,4700.0,127138.0,8.87,7.95,4.1,26.0,13.0,,,25.0,0.0,13.0,0.0,0.0,0.0,0.0,0.0,0.0,0.0,0.0,211.64,0.0,0.625,725.0,0.0,0.0,0.0,0.0,0.0,0.0,5009.0,0.0,0.0,0,0,5,6,0,5491.0,2904.6,5491.0,2904.6,4194.0,0.0,0.0,0,0,0,3,69.5,5,0,6,0,0.5,,,,0.0,0.0,0.0,carga3,exp_08
2026-09-07 04:33:41,46.6,23.5,22.2,0.1,0.0,56.5,2214.0,1702.0,296010.0,1741004.0,3933.0,21157.0,9.86,8.2,4.25,27.0,15.0,,,24.0,0.0,13.0,0.0,0.0,0.0,0.0,0.0,0.0,0.0,0.0,97.23,0.0666666666666666,0.4666666666666667,741.0,0.0,0.0,0.0,0.0,0.0,0.0,5007.0,0.0,0.0,0,0,6,8,0,3088.0,1132.6666666666667,3088.0,1132.6666666666667,1204.0,0.0,0.0,0,0,0,2,70.1,6,0,8,0,0.5555555555555556,,,,0.0,0.0,0.0,carga3,exp_08
2026-09-07 04:33:57,47.5,17.4,27.5,0.4,0.0,57.0,2233.0,1683.0,454118.0,6471242.0,4292.0,34072.0,10.1,8.36,4.38,26.0,13.0,,,24.0,0.0,13.0,0.0,0.0,0.0,0.0,0.0,0.0,0.0,0.0,165.45,0.0,0.75,757.0,0.0,0.0,0.0,0.0,0.0,0.0,5007.0,0.0,0.0,0,0,9,11,0,6440.0,1921.3333333333333,6440.0,1921.3333333333333,3034.0,0.0,0.0,0,0,0,3,64.9,9,0,11,0,0.5,,,,0.0,0.0,0.0,carga3,exp_08
2026-09-07 04:34:12,47.4,16.8,28.7,0.1,0.0,57.0,2231.0,1685.0,432241.0,3064615.0,4509.0,34659.0,9.45,8.3,4.43,26.0,15.0,,,24.0,0.0,13.0,0.0,0.0,0.0,0.0,0.0,0.0,0.0,0.0,140.9,0.0,0.1333333333333333,773.0,0.0,0.0,0.0,0.0,0.0,0.0,5008.0,0.0,0.0,0,0,6,5,0,2216.0,1102.5,2216.0,1102.5,388.0,0.0,0.0,0,0,0,3,64.2,6,0,5,0,0.5769230769230769,,,,0.0,0.0,0.0,carga3,exp_08
2026-09-07 04:34:27,47.1,17.1,28.8,0.2,0.0,56.8,2222.0,1694.0,1544047.0,7352923.0,4262.0,33931.0,8.77,8.2,4.46,26.0,14.0,,,24.0,0.0,13.0,0.0,0.0,0.0,0.0,0.0,0.0,0.0,0.0,81.07,0.0,0.2,789.0,0.0,0.0,0.0,0.0,0.0,0.0,5007.0,0.0,0.0,0,0,3,10,0,2185.0,1423.3333333333333,2185.0,1423.3333333333333,172.0,0.0,0.0,0,0,0,2,64.2,3,0,10,0,0.5384615384615384,,,,0.0,0.0,0.0,carga3,exp_08
2026-09-07 04:34:42,47.6,16.3,28.7,0.0,0.0,57.3,2244.0,1672.0,25934.0,3386305.0,4361.0,36793.0,8.71,8.22,4.53,23.0,10.0,,,21.0,0.0,13.0,0.0,0.0,0.0,0.0,0.0,0.0,0.0,0.0,115.42,0.0,0.5333333333333333,804.0,0.0,0.0,0.0,0.0,0.0,0.0,5010.0,0.0,0.0,0,0,6,0,0,2211.0,1102.1666666666667,2211.0,1102.1666666666667,442.0,0.0,0.0,0,0,0,2,63.900000000000006,6,0,0,0,0.4347826086956521,,,,0.0,0.0,0.0,carga3,exp_08
2026-09-07 04:34:58,46.6,17.2,28.6,0.1,0.0,57.3,2243.0,1673.0,193376.0,6414039.0,4522.0,34305.0,9.58,8.43,4.65,22.0,11.0,,,20.0,0.0,13.0,0.0,0.0,0.0,0.0,0.0,0.0,0.0,0.0,121.29,0.0,0.0,820.0,0.0,0.0,0.0,0.0,0.0,0.0,5007.0,0.0,0.0,0,0,4,0,0,2118.0,1061.0,2118.0,1061.0,188.0,0.0,0.0,0,0,0,2,63.8,4,0,0,0,0.5,,,,0.0,0.0,0.0,carga3,exp_08
2026-09-07 04:35:13,47.5,16.9,28.4,0.1,0.0,57.4,2248.0,1668.0,682334.0,3697351.0,4197.0,34177.0,9.75,8.52,4.74,22.0,10.0,,,21.0,0.0,13.0,0.0,0.0,0.0,0.0,0.0,0.0,0.0,0.0,134.55,0.0,0.2,836.0,0.0,0.0,0.0,0.0,0.0,0.0,5007.0,0.0,0.0,0,0,6,0,0,2227.0,779.3333333333334,2227.0,779.3333333333334,419.0,0.0,0.0,0,0,0,2,64.4,6,0,0,0,0.4545454545454545,,,,0.0,0.0,0.0,carga3,exp_08
2026-09-07 04:35:28,46.8,17.0,29.1,0.1,0.0,57.8,2264.0,1653.0,303138.0,4099768.0,4626.0,35315.0,9.23,8.46,4.79,22.0,9.0,,,21.0,0.0,13.0,0.0,0.0,0.0,0.0,0.0,0.0,0.0,0.0,114.8,0.0,0.0666666666666666,852.0,0.0,0.0,0.0,0.0,0.0,0.0,5005.0,0.0,0.0,0,0,5,2,0,2066.0,1235.2,2066.0,1235.2,159.0,0.0,0.0,0,0,0,2,63.8,5,0,2,0,0.4090909090909091,,,,0.0,0.0,0.0,carga3,exp_08
2026-09-07 04:35:43,47.8,16.5,28.4,0.0,0.0,57.7,2261.0,1655.0,97649.0,3194909.0,4403.0,35086.0,8.74,8.39,4.82,22.0,9.0,,,21.0,0.0,13.0,0.0,0.0,0.0,0.0,0.0,0.0,0.0,0.0,103.39,0.0,0.2666666666666666,867.0,0.0,0.0,0.0,0.0,0.0,0.0,5006.0,0.0,0.0,0,0,5,0,0,2122.0,870.2,2122.0,870.2,319.0,0.0,0.0,0,0,0,2,64.3,5,0,0,0,0.4090909090909091,,,,0.0,0.0,0.0,carga3,exp_08
2026-09-07 04:35:58,48.1,15.9,28.9,0.1,0.0,58.0,2273.0,1643.0,276458.0,5393621.0,4430.0,32938.0,9.85,8.65,4.96,22.0,9.0,,,21.0,0.0,13.0,0.0,0.0,0.0,0.0,0.0,0.0,0.0,0.0,93.04,0.0,0.0666666666666666,883.0,0.0,0.0,0.0,0.0,0.0,0.0,5009.0,0.0,0.0,0,0,8,4,0,2183.0,1052.125,2183.0,1052.125,290.0,0.0,0.0,0,0,0,3,64.0,8,0,4,0,0.4090909090909091,,,,0.0,0.0,0.0,carga3,exp_08
2026-09-07 04:36:14,46.8,16.7,29.5,0.0,0.0,58.2,2280.0,1636.0,283251.0,3070714.0,4403.0,33191.0,9.18,8.57,5.0,22.0,9.0,,,21.0,0.0,13.0,0.0,0.0,0.0,0.0,0.0,0.0,0.0,0.0,146.34,0.0,0.375,899.0,0.0,0.0,0.0,0.0,0.0,0.0,5008.0,0.0,0.0,0,0,6,0,0,2127.0,1081.5,2127.0,1081.5,334.0,0.0,0.0,0,0,0,2,63.5,6,0,0,0,0.4090909090909091,,,,0.0,0.0,0.0,carga3,exp_08
2026-09-07 04:36:29,46.9,16.6,29.4,0.1,0.0,58.0,2271.0,1645.0,897487.0,5209848.0,4548.0,36036.0,9.59,8.69,5.09,30.0,17.0,,,29.0,0.0,13.0,0.0,0.0,0.0,0.0,0.0,0.0,0.0,0.0,169.92,0.0,0.1333333333333333,914.0,0.0,0.0,0.0,0.0,0.0,0.0,5006.0,0.0,0.0,0,0,9,2,0,2238.0,958.5555555555557,2238.0,958.5555555555557,415.0,0.0,0.0,0,0,0,4,63.5,9,0,2,0,0.5666666666666667,,,,0.0,0.0,0.0,carga3,exp_08
2026-09-07 04:36:44,46.7,16.6,29.3,0.0,0.0,58.2,2278.0,1638.0,197243.0,2978350.0,4477.0,33249.0,9.89,8.8,5.19,30.0,17.0,,,26.0,0.0,13.0,0.0,0.0,0.0,0.0,0.0,0.0,0.0,0.0,49.01,0.0,0.0666666666666666,930.0,0.0,0.0,0.0,0.0,0.0,0.0,5008.0,0.0,0.0,0,0,8,0,0,2266.0,1355.75,2266.0,1355.75,506.0,0.0,0.0,0,0,0,3,63.3,8,0,0,0,0.5666666666666667,,,,0.0,0.0,0.0,carga3,exp_08
2026-09-07 04:36:59,45.8,17.3,29.5,0.1,0.0,58.3,2282.0,1634.0,230935.0,6435735.0,4439.0,36650.0,9.9,8.86,5.27,30.0,17.0,,,29.0,0.0,13.0,0.0,0.0,0.0,0.0,0.0,0.0,0.0,0.0,131.51,0.0,0.5333333333333333,946.0,0.0,0.0,0.0,0.0,0.0,0.0,5008.0,0.0,0.0,0,0,10,0,0,2265.0,1099.0,2265.0,1099.0,572.0,0.0,0.0,0,0,0,3,63.1,10,0,0,0,0.5666666666666667,,,,0.0,0.0,0.0,carga3,exp_08
2026-09-07 04:37:14,45.9,17.5,29.1,0.1,0.0,58.2,2278.0,1638.0,302965.0,3483562.0,4492.0,35444.0,9.57,8.83,5.32,30.0,17.0,,,27.0,0.0,13.0,0.0,0.0,0.0,0.0,0.0,0.0,0.0,0.0,165.54,0.0,0.0666666666666666,962.0,0.0,0.0,0.0,0.0,0.0,0.0,5005.0,0.0,0.0,0,0,6,2,0,2221.0,1067.8333333333333,2221.0,1067.8333333333333,268.0,0.0,0.0,0,0,0,3,63.4,6,0,2,0,0.5666666666666667,,,,0.0,0.0,0.0,carga3,exp_08
2026-09-07 04:37:30,45.7,17.9,29.0,0.4,0.0,58.2,2279.0,1637.0,605495.0,6373778.0,4670.0,34940.0,8.74,8.68,5.32,30.0,17.0,,,29.0,0.0,13.0,0.0,0.0,0.0,0.0,0.0,0.0,0.0,0.0,201.69,0.4375,11.875,978.0,0.0,0.0,0.0,0.0,0.0,0.0,5007.0,0.0,0.0,0,0,2,0,0,2120.0,1103.5,2120.0,1103.5,186.0,0.0,0.0,0,0,0,1,63.6,2,0,0,0,0.5666666666666667,,,,0.0,0.0,0.0,carga3,exp_08
2026-09-07 04:37:45,46.2,17.1,29.3,0.0,0.0,58.4,2286.0,1630.0,341726.0,4747243.0,4319.0,34360.0,8.94,8.73,5.39,30.0,17.0,,,28.0,0.0,13.0,0.0,0.0,0.0,0.0,0.0,0.0,0.0,0.0,119.68,0.0,0.0666666666666666,994.0,0.0,0.0,0.0,0.0,0.0,0.0,5007.0,0.0,0.0,0,0,4,0,0,2226.0,1101.75,2226.0,1101.75,258.0,0.0,0.0,0,0,0,2,63.3,4,0,0,0,0.5666666666666667,,,,0.0,0.0,0.0,carga3,exp_08
2026-09-07 04:38:00,45.7,17.5,29.5,0.1,0.0,58.6,2294.0,1622.0,152544.0,5345782.0,4574.0,35189.0,9.27,8.81,5.47,31.0,18.0,,,30.0,0.0,13.0,0.0,0.0,0.0,0.0,0.0,0.0,0.0,0.0,122.28,0.0,0.0,1009.0,0.0,0.0,0.0,0.0,0.0,0.0,5005.0,0.0,0.0,0,0,7,0,0,2294.0,973.8571428571428,2294.0,973.8571428571428,475.0,0.0,0.0,0,0,0,2,63.2,7,0,0,0,0.5806451612903226,,,,0.0,0.0,0.0,carga3,exp_08
2026-09-07 04:38:15,47.1,16.7,29.0,0.2,0.0,58.5,2290.0,1627.0,6450.0,5544005.0,4468.0,33164.0,9.15,8.82,5.53,30.0,17.0,,,29.0,0.0,13.0,0.0,0.0,0.0,0.0,0.0,0.0,0.0,0.0,85.63,0.0,0.1333333333333333,1025.0,0.0,0.0,0.0,0.0,0.0,0.0,5006.0,0.0,0.0,0,0,5,0,0,2222.0,1337.4,2222.0,1337.4,467.0,0.0,0.0,0,0,0,1,63.8,5,0,0,0,0.5666666666666667,,,,0.0,0.0,0.0,carga3,exp_08
2026-09-07 04:38:30,47.0,16.2,29.6,0.1,0.0,58.2,2279.0,1637.0,271732.0,3919741.0,4578.0,32433.0,9.11,8.83,5.58,30.0,17.0,,,28.0,0.0,13.0,0.0,0.0,0.0,0.0,0.0,0.0,0.0,0.0,92.3,0.0,0.2666666666666666,1041.0,0.0,0.0,0.0,0.0,0.0,0.0,5007.0,0.0,0.0,0,0,5,0,0,2175.0,1097.8,2175.0,1097.8,1426.0,0.0,0.0,0,0,0,1,63.2,5,0,0,0,0.5666666666666667,,,,0.0,0.0,0.0,carga3,exp_08
2026-09-07 04:38:46,48.9,15.8,28.1,0.1,0.0,58.8,2301.0,1615.0,270767.0,3999953.0,4330.0,34429.0,9.23,8.87,5.65,31.0,18.0,,,29.0,0.0,13.0,0.0,0.0,0.0,0.0,0.0,0.0,0.0,0.0,133.13,0.0,0.6875,1057.0,0.0,0.0,0.0,0.0,0.0,0.0,5006.0,0.0,0.0,0,0,6,0,0,3144.0,1309.3333333333333,3144.0,1309.3333333333333,1686.0,0.0,0.0,0,0,0,2,64.7,6,0,0,0,0.5806451612903226,,,,0.0,0.0,0.0,carga3,exp_08
2026-09-07 04:39:01,47.1,17.0,28.8,0.0,0.0,58.7,2300.0,1616.0,261223.0,3120417.0,4311.0,32062.0,9.51,8.95,5.73,30.0,18.0,,,29.0,0.0,13.0,0.0,0.0,0.0,0.0,0.0,0.0,0.0,0.0,92.67,0.0,0.1333333333333333,1072.0,0.0,0.0,0.0,0.0,0.0,0.0,5007.0,0.0,0.0,0,0,5,0,0,2226.0,1289.4,2226.0,1289.4,256.0,0.0,0.0,0,0,0,3,64.1,5,0,0,0,0.6,4096.0,0.0,5.0,0.0,0.0,0.0,carga3,exp_08
2026-09-07 04:39:16,46.2,16.6,30.0,0.1,0.0,58.7,2300.0,1616.0,383363.0,4264410.0,4525.0,34465.0,9.71,9.02,5.81,30.0,17.0,,,28.0,0.0,13.0,0.0,0.0,0.0,0.0,0.0,0.0,0.0,0.0,103.39,0.0,0.3333333333333333,1088.0,0.0,0.0,0.0,0.0,0.0,0.0,5005.0,0.0,0.0,0,0,4,0,0,2244.0,1114.0,2244.0,1114.0,210.0,0.0,0.0,0,0,0,2,62.8,4,0,0,0,0.5666666666666667,,,,0.0,0.0,0.0,carga3,exp_08
2026-09-07 04:39:31,46.9,16.6,28.9,0.2,0.0,58.7,2297.0,1619.0,63852.0,4749010.0,4476.0,33835.0,9.95,9.1,5.88,24.0,11.0,,,23.0,0.0,13.0,0.0,0.0,0.0,0.0,0.0,0.0,0.0,0.0,86.1,0.0,0.0666666666666666,1104.0,0.0,0.0,0.0,0.0,0.0,0.0,5007.0,0.0,0.0,0,0,6,0,0,2142.0,1041.1666666666667,2142.0,1041.1666666666667,224.0,0.0,0.0,0,0,0,3,63.5,6,0,0,0,0.4583333333333333,,,,0.0,0.0,0.0,carga3,exp_08
2026-09-07 04:39:46,45.9,17.4,29.3,0.1,0.0,59.5,2330.0,1586.0,756218.0,3868296.0,4383.0,32790.0,10.13,9.18,5.96,23.0,10.0,,,21.0,0.0,13.0,0.0,0.0,0.0,0.0,0.0,0.0,0.0,0.0,114.43,0.0,0.0666666666666666,1119.0,0.0,0.0,0.0,0.0,0.0,0.0,5005.0,0.0,0.0,0,0,4,0,0,2296.0,1188.5,2296.0,1188.5,416.0,0.0,0.0,0,0,0,1,63.3,4,0,0,0,0.4347826086956521,,,,0.0,0.0,0.0,carga3,exp_08
2026-09-07 04:40:02,47.2,16.9,28.5,0.0,0.0,59.7,2339.0,1577.0,104711.0,3280805.0,4440.0,33709.0,10.12,9.22,6.03,22.0,9.0,,,21.0,0.0,13.0,0.0,0.0,0.0,0.0,0.0,0.0,0.0,0.0,157.13,0.0,0.3125,1135.0,0.0,0.0,0.0,0.0,0.0,0.0,5008.0,0.0,0.0,0,0,4,0,0,2242.0,1159.5,2242.0,1159.5,428.0,0.0,0.0,0,0,0,1,64.1,4,0,0,0,0.4090909090909091,,,,0.0,0.0,0.0,carga3,exp_08
2026-09-07 04:40:17,46.0,17.2,29.5,0.1,0.0,59.8,2342.0,1574.0,223116.0,6416886.0,4382.0,34102.0,9.54,9.14,6.05,22.0,9.0,,,20.0,0.0,13.0,0.0,0.0,0.0,0.0,0.0,0.0,0.0,0.0,147.59,0.0,0.1333333333333333,1151.0,0.0,0.0,0.0,0.0,0.0,0.0,5007.0,0.0,0.0,0,0,2,0,0,2117.0,1102.0,2117.0,1102.0,194.0,0.0,0.0,0,0,0,1,63.2,2,0,0,0,0.4090909090909091,,,,0.0,0.0,0.0,carga3,exp_08
2026-09-07 04:40:32,45.2,17.8,29.6,0.0,0.0,59.9,2347.0,1569.0,325790.0,3062373.0,4610.0,34439.0,9.4,9.14,6.12,22.0,9.0,,,21.0,0.0,13.0,0.0,0.0,0.0,0.0,0.0,0.0,0.0,0.0,125.56,0.0,0.0666666666666666,1166.0,0.0,0.0,0.0,0.0,0.0,0.0,5006.0,0.0,0.0,0,0,5,0,0,2103.0,874.6,2103.0,874.6,278.0,0.0,0.0,0,0,0,2,63.0,5,0,0,0,0.4090909090909091,,,,0.0,0.0,0.0,carga3,exp_08
2026-09-07 04:40:47,45.5,17.5,29.6,0.1,0.0,60.0,2349.0,1568.0,141971.0,6160910.0,4487.0,35406.0,9.44,9.16,6.18,22.0,10.0,,,21.0,0.0,13.0,0.0,0.0,0.0,0.0,0.0,0.0,0.0,0.0,130.34,0.0666666666666666,0.6666666666666666,1183.0,0.0,0.0,0.0,0.0,0.0,0.0,5006.0,0.0,0.0,0,0,5,0,0,2194.0,1245.6,2194.0,1245.6,94.0,0.0,0.0,0,0,0,2,63.0,5,0,0,0,0.4545454545454545,,,,0.0,0.0,0.0,carga3,exp_08
2026-09-07 04:41:02,45.9,16.9,29.9,0.0,0.0,59.8,2343.0,1573.0,181180.0,2971784.0,4595.0,34051.0,9.06,9.09,6.2,22.0,9.0,,,20.0,0.0,13.0,0.0,0.0,0.0,0.0,0.0,0.0,0.0,0.0,126.64,0.0,0.0,1199.0,0.0,0.0,0.0,0.0,0.0,0.0,5006.0,0.0,0.0,0,0,4,0,0,2180.0,1088.75,2180.0,1088.75,190.0,0.0,0.0,0,0,0,1,62.8,4,0,0,0,0.4090909090909091,,,,0.0,0.0,0.0,carga3,exp_08
2026-09-07 04:41:17,45.7,17.3,29.5,0.1,0.0,59.7,2339.0,1577.0,90671.0,8201386.0,4450.0,36598.0,9.41,9.17,6.27,31.0,19.0,,,29.0,0.0,13.0,0.0,0.0,0.0,0.0,0.0,0.0,0.0,0.0,153.11,0.0,0.2666666666666666,1214.0,0.0,0.0,0.0,0.0,0.0,0.0,5007.0,0.0,0.0,0,0,4,0,0,2173.0,1081.75,2173.0,1081.75,250.0,0.0,0.0,0,0,0,2,63.0,4,0,0,0,0.6129032258064516,,,,0.0,0.0,0.0,carga3,exp_08
2026-09-07 04:41:33,45.1,17.3,30.2,0.0,0.0,59.7,2338.0,1578.0,197240.0,3068155.0,4616.0,34298.0,9.91,9.29,6.36,31.0,18.0,,,30.0,0.0,13.0,0.0,0.0,0.0,0.0,0.0,0.0,0.0,0.0,107.51,0.0,0.125,1230.0,0.0,0.0,0.0,0.0,0.0,0.0,5008.0,0.0,0.0,0,0,6,8,0,2213.0,1128.3333333333333,2213.0,1128.3333333333333,458.0,0.0,0.0,0,0,0,2,62.400000000000006,6,0,8,0,0.5806451612903226,,,,0.0,0.0,0.0,carga3,exp_08
2026-09-07 04:41:48,45.5,18.0,28.8,0.1,0.0,59.6,2334.0,1582.0,308990.0,4470765.0,4374.0,37384.0,9.8,9.29,6.41,31.0,18.0,,,30.0,0.0,13.0,0.0,0.0,0.0,0.0,0.0,0.0,0.0,0.0,167.57,0.0,0.3333333333333333,1246.0,0.0,0.0,0.0,0.0,0.0,0.0,5004.0,0.0,0.0,0,0,5,0,0,2074.0,863.6,2074.0,863.6,251.0,0.0,0.0,0,0,0,2,63.5,5,0,0,0,0.5806451612903226,,,,0.0,0.0,0.0,carga3,exp_08
2026-09-07 04:42:03,45.3,17.7,29.2,0.1,0.0,59.8,2341.0,1575.0,65027.0,3272691.0,4507.0,35107.0,9.56,9.26,6.44,32.0,19.0,,,30.0,0.0,13.0,0.0,0.0,0.0,0.0,0.0,0.0,0.0,0.0,155.53,0.0,0.4,1262.0,0.0,0.0,0.0,0.0,0.0,0.0,5007.0,0.0,0.0,0,0,3,2,0,2230.0,1517.6666666666667,2230.0,1517.6666666666667,331.0,0.0,0.0,0,0,0,1,63.0,3,0,2,0,0.59375,,,,0.0,0.0,0.0,carga3,exp_08
2026-09-07 04:42:18,45.6,17.5,29.5,0.1,0.0,59.8,2344.0,1572.0,329367.0,4596022.0,4327.0,33124.0,10.1,9.4,6.53,31.0,18.0,,,29.0,0.0,13.0,0.0,0.0,0.0,0.0,0.0,0.0,0.0,0.0,149.55,0.0,0.4666666666666667,1277.0,0.0,0.0,0.0,0.0,0.0,0.0,5005.0,0.0,0.0,0,0,2,0,0,2104.0,1092.5,2104.0,1092.5,202.0,0.0,0.0,0,0,0,1,63.1,2,0,0,0,0.5806451612903226,,,,0.0,0.0,0.0,carga3,exp_08
2026-09-07 04:42:33,45.7,17.4,29.4,0.0,0.0,59.7,2337.0,1579.0,22955.0,3265337.0,4578.0,34822.0,10.73,9.57,6.64,31.0,18.0,,,28.0,0.0,13.0,0.0,0.0,0.0,0.0,0.0,0.0,0.0,0.0,132.92,0.0,0.2666666666666666,1293.0,0.0,0.0,0.0,0.0,0.0,0.0,5005.0,0.0,0.0,0,0,6,0,0,2132.0,1045.6666666666667,2132.0,1045.6666666666667,212.0,0.0,0.0,0,0,0,2,63.1,6,0,0,0,0.5806451612903226,,,,0.0,0.0,0.0,carga3,exp_08
2026-09-07 04:42:48,47.4,16.8,28.4,0.1,0.0,60.0,2348.0,1568.0,159805.0,4130371.0,4290.0,35050.0,10.12,9.5,6.66,31.0,18.0,,,30.0,0.0,13.0,0.0,0.0,0.0,0.0,0.0,0.0,0.0,0.0,150.13,0.0,0.0666666666666666,1309.0,0.0,0.0,0.0,0.0,0.0,0.0,5006.0,0.0,0.0,0,0,2,0,0,2277.0,1263.5,2277.0,1263.5,258.0,0.0,0.0,0,0,0,1,64.2,2,0,0,0,0.5806451612903226,,,,0.0,0.0,0.0,carga3,exp_08
2026-09-07 04:43:04,46.0,16.6,30.1,0.1,0.0,59.9,2344.0,1572.0,251203.0,4852279.0,4421.0,36579.0,9.79,9.45,6.69,31.0,18.0,,,30.0,0.0,13.0,0.0,0.0,0.0,0.0,0.0,0.0,0.0,0.0,99.58,0.0,0.3125,1324.0,0.0,0.0,0.0,0.0,0.0,0.0,5007.0,0.0,0.0,0,0,6,0,0,2176.0,1059.5,2176.0,1059.5,266.0,0.0,0.0,0,0,0,2,62.6,6,0,0,0,0.5806451612903226,,,,0.0,0.0,0.0,carga3,exp_08
2026-09-07 05:07:11,0.0,0.0,0.0,0.0,0.0,57.8,2263.0,1653.0,15365713.0,0.0,147414.0,359155.0,0.36,0.61,2.65,28.0,17.0,,,25.0,0.0,13.0,0.0,0.0,0.0,0.0,0.0,0.0,0.0,0.0,,,,2826.0,,,,,,0.0,0.0,0.0,0.0,0,0,0,0,0,0.0,0.0,0.0,0.0,0.0,0.0,0.0,0,0,0,0,0.0,0,0,0,0,0.6071428571428571,,,,7.0,0.0,0.0,carga4,exp_09
2026-09-07 05:07:12,17.0,8.6,68.0,0.1,0.0,57.9,2268.0,1648.0,0.0,1301008.0,13728.0,204014.0,0.36,0.61,2.65,28.0,15.0,,,26.0,0.0,13.0,0.0,0.0,0.0,0.0,0.0,0.0,0.0,0.0,71.29,0.0,0.0,2828.0,0.0,0.0,0.0,0.0,0.0,0.0,0.0,0.0,0.0,0,0,4,14,0,34.0,3.75,34.0,3.75,44.0,0.0,0.0,0,0,0,4,25.6,4,0,14,0,0.5357142857142857,,,,0.0,0.0,0.0,carga4,exp_09
2026-09-07 05:07:13,13.5,7.5,70.6,0.0,0.0,57.9,2268.0,1649.0,0.0,0.0,13474.0,39387.0,0.33,0.6,2.63,28.0,15.0,,,27.0,0.0,13.0,0.0,0.0,0.0,0.0,0.0,0.0,0.0,0.0,16.25,0.0,0.0,2829.0,0.0,0.0,0.0,0.0,0.0,0.0,0.0,0.0,0.0,0,0,0,0,0,0.0,0.0,0.0,0.0,0.0,0.0,0.0,0,0,0,0,21.0,0,0,0,0,0.5357142857142857,,,,0.0,0.0,0.0,carga4,exp_09
2026-09-07 05:07:14,17.8,6.1,65.0,0.0,0.0,57.9,2267.0,1650.0,0.0,1325872.0,12412.0,36503.0,0.33,0.6,2.63,28.0,15.0,,,27.0,0.0,13.0,0.0,0.0,0.0,0.0,0.0,0.0,0.0,0.0,14.71,0.0,0.0,2830.0,0.0,0.0,0.0,0.0,0.0,0.0,0.0,0.0,0.0,0,0,3,1,0,2065.0,2040.3333333333333,2065.0,2040.3333333333333,44.0,0.0,0.0,0,0,0,3,23.9,3,0,1,0,0.5357142857142857,,,,0.0,0.0,0.0,carga4,exp_09
2026-09-07 05:07:16,39.7,18.4,32.7,0.0,0.0,57.9,2267.0,1649.0,0.0,126785.0,19436.0,33305.0,0.33,0.6,2.63,29.0,19.0,,,23.0,1.0,91.0,0.0,28.0,6.0,4.0,9.0,0.0,5.0,0.0,82.5,0.0,1.5,2832.0,0.0,0.0,0.0,0.0,0.0,200.0,26.0,822.0,0.0,0,0,4,17,0,1036.0,576.75,1036.0,576.75,857.0,0.0,0.0,0,0,0,4,58.1,4,0,17,0,0.6551724137931034,,,,0.0,0.0,0.0,carga4,exp_09
2026-09-07 05:07:18,63.8,22.6,8.4,0.1,0.0,57.9,2267.0,1649.0,0.0,626794.0,12405.0,10170.0,1.19,0.78,2.68,28.0,16.0,,,26.0,0.0,13.0,0.0,4.0,0.0,0.0,0.0,0.0,0.0,0.0,11.42,0.0,1.0,2835.0,0.0,0.0,0.0,0.0,0.0,200.0,26.0,822.0,0.0,0,0,0,0,0,0.0,0.0,0.0,0.0,0.0,0.0,0.0,0,0,0,0,86.4,0,0,0,0,0.5714285714285714,,,,0.0,0.0,0.0,carga4,exp_09
2026-09-07 05:07:26,50.7,30.2,12.4,0.0,0.0,58.0,2273.0,1643.0,4582.0,361487.0,3679.0,7460.0,2.77,1.11,2.78,28.0,15.0,,,27.0,0.0,13.0,0.0,0.0,0.0,0.0,0.0,0.0,0.0,0.0,49.6,0.0,0.0,2842.0,0.0,0.0,0.0,0.0,0.0,200.0,26.0,822.0,0.0,0,0,2,26,0,4178.0,3934.0,4178.0,3934.0,543.0,0.0,0.0,0,0,0,2,80.9,2,0,26,0,0.5357142857142857,,,,0.0,0.0,0.0,carga4,exp_09
2026-09-07 05:07:28,50.3,16.8,26.8,0.1,0.0,58.1,2274.0,1642.0,0.0,2508124.0,10792.0,32965.0,2.77,1.11,2.78,28.0,15.0,,,26.0,0.0,13.0,0.0,0.0,0.0,0.0,0.0,0.0,0.0,0.0,275.98,0.0,0.0,2843.0,0.0,0.0,0.0,0.0,0.0,0.0,5074.0,0.0,0.0,0,0,2,1,0,8574.0,5824.0,8574.0,5824.0,1968.0,0.0,0.0,0,0,0,2,67.1,2,0,1,0,0.5357142857142857,,,,0.0,0.0,0.0,carga4,exp_09
2026-09-07 05:07:29,46.1,16.2,30.3,0.0,0.0,58.1,2274.0,1642.0,0.0,3735876.0,13486.0,38008.0,3.51,1.29,2.83,28.0,15.0,,,27.0,0.0,13.0,0.0,0.0,0.0,0.0,0.0,0.0,0.0,0.0,155.47,0.0,0.0,2844.0,0.0,0.0,0.0,0.0,0.0,0.0,5074.0,0.0,0.0,0,0,0,0,0,0.0,0.0,0.0,0.0,0.0,0.0,0.0,0,0,0,0,62.3,0,0,0,0,0.5357142857142857,,,,0.0,0.0,0.0,carga4,exp_09
2026-09-07 05:07:30,48.1,18.8,26.0,0.0,0.0,58.1,2274.0,1642.0,0.0,30732640.0,12470.0,33222.0,3.51,1.29,2.83,28.0,15.0,,,27.0,0.0,13.0,0.0,0.0,0.0,0.0,0.0,0.0,0.0,0.0,155.4,0.0,0.0,2845.0,0.0,0.0,0.0,0.0,0.0,0.0,5074.0,0.0,0.0,0,0,0,0,0,0.0,0.0,0.0,0.0,0.0,0.0,0.0,0,0,0,0,66.9,0,0,0,0,0.5357142857142857,,,,0.0,0.0,0.0,carga4,exp_09
2026-09-07 05:07:31,44.9,17.5,30.7,0.0,0.0,58.0,2273.0,1643.0,0.0,2526636.0,17683.0,39777.0,3.51,1.29,2.83,28.0,15.0,,,26.0,0.0,13.0,0.0,0.0,0.0,0.0,0.0,0.0,0.0,0.0,76.24,0.0,0.0,2847.0,0.0,0.0,0.0,0.0,0.0,0.0,5074.0,0.0,0.0,0,0,1,0,0,25.0,25.0,25.0,25.0,49.0,0.0,0.0,0,0,0,1,62.4,1,0,0,0,0.5357142857142857,,,,0.0,0.0,0.0,carga4,exp_09
2026-09-07 05:07:32,50.1,17.0,26.3,0.0,0.0,58.1,2275.0,1641.0,0.0,3728171.0,20023.0,44860.0,3.51,1.29,2.83,28.0,16.0,,,27.0,0.0,13.0,0.0,0.0,0.0,0.0,0.0,0.0,0.0,0.0,157.73,0.0,0.0,2849.0,0.0,0.0,0.0,0.0,0.0,0.0,5074.0,0.0,0.0,0,0,0,0,0,0.0,0.0,0.0,0.0,0.0,0.0,0.0,0,0,0,0,67.1,0,0,0,0,0.5714285714285714,,,,0.0,0.0,0.0,carga4,exp_09
2026-09-07 05:07:33,47.0,18.9,27.5,0.1,0.0,58.2,2279.0,1637.0,0.0,2521952.0,19408.0,40025.0,3.63,1.36,2.84,28.0,16.0,,,27.0,0.0,13.0,0.0,0.0,0.0,0.0,0.0,0.0,0.0,0.0,184.37,0.0,0.0,2850.0,0.0,0.0,0.0,0.0,0.0,0.0,5074.0,0.0,0.0,0,0,2,0,0,2058.0,1029.5,2058.0,1029.5,51.0,0.0,0.0,0,0,0,2,65.9,2,0,0,0,0.5714285714285714,,,,0.0,0.0,0.0,carga4,exp_09
2026-09-07 05:07:35,45.6,17.2,30.5,0.0,0.0,58.2,2280.0,1637.0,0.0,3624460.0,21129.0,40357.0,3.63,1.36,2.84,28.0,15.0,,,26.0,0.0,13.0,0.0,0.0,0.0,0.0,0.0,0.0,0.0,0.0,140.38,0.0,0.0,2851.0,0.0,0.0,0.0,0.0,0.0,0.0,5074.0,0.0,0.0,0,0,1,0,0,2043.0,2043.0,2043.0,2043.0,2.0,0.0,0.0,0,0,0,1,62.8,1,0,0,0,0.5357142857142857,,,,0.0,0.0,0.0,carga4,exp_09
2026-09-07 05:07:36,45.5,17.3,29.9,0.3,0.0,58.2,2279.0,1637.0,0.0,2477344.0,12249.0,34320.0,3.63,1.36,2.84,28.0,15.0,,,27.0,0.0,13.0,0.0,0.0,0.0,0.0,0.0,0.0,0.0,0.0,139.18,0.0,0.0,2852.0,0.0,0.0,0.0,0.0,0.0,0.0,5074.0,0.0,0.0,0,0,0,0,0,0.0,0.0,0.0,0.0,0.0,0.0,0.0,0,0,0,0,62.8,0,0,0,0,0.5357142857142857,,,,0.0,0.0,0.0,carga4,exp_09
2026-09-07 05:07:37,47.9,18.4,26.2,0.7,0.0,58.1,2274.0,1642.0,1406161.0,8943755.0,13050.0,45195.0,3.63,1.36,2.84,28.0,16.0,,,27.0,0.0,13.0,0.0,0.0,0.0,0.0,0.0,0.0,0.0,0.0,201.28,0.0,0.0,2853.0,0.0,0.0,0.0,0.0,0.0,0.0,5074.0,0.0,0.0,0,0,0,0,0,0.0,0.0,0.0,0.0,0.0,0.0,0.0,0,0,0,0,66.3,0,0,0,0,0.5714285714285714,,,,0.0,0.0,0.0,carga4,exp_09
2026-09-07 05:07:38,47.3,15.2,29.6,0.6,0.0,58.1,2274.0,1642.0,0.0,2589493.0,10908.0,32617.0,3.63,1.36,2.84,29.0,15.0,,,27.0,0.0,13.0,0.0,0.0,0.0,0.0,0.0,0.0,0.0,0.0,185.89,0.0,0.0,2854.0,0.0,0.0,0.0,0.0,0.0,0.0,5074.0,0.0,0.0,0,0,0,0,0,0.0,0.0,0.0,0.0,0.0,0.0,0.0,0,0,0,0,62.5,0,0,0,0,0.5172413793103449,,,,0.0,0.0,0.0,carga4,exp_09
2026-09-07 05:07:39,42.6,21.3,26.9,0.2,0.0,58.1,2274.0,1642.0,0.0,1201842.0,12089.0,8556.0,4.06,1.48,2.87,28.0,17.0,,,25.0,0.0,13.0,0.0,0.0,0.0,0.0,0.0,0.0,0.0,0.0,57.64,0.0,0.0,2857.0,0.0,0.0,0.0,0.0,0.0,0.0,5010.0,0.0,0.0,0,0,1,0,0,-13.0,-13.0,-13.0,-13.0,0.0,0.0,0.0,0,0,0,1,63.900000000000006,1,0,0,0,0.6071428571428571,,,,0.0,0.0,0.0,carga4,exp_09
2026-09-07 05:07:44,41.8,29.8,20.7,0.0,0.0,55.9,2190.0,1726.0,37725.0,3019961.0,3719.0,10774.0,4.94,1.71,2.94,28.0,16.0,,,26.0,0.0,13.0,0.0,0.0,0.0,0.0,0.0,0.0,0.0,0.0,54.98,0.0,0.0,2860.0,0.0,0.0,0.0,0.0,0.0,0.0,5010.0,0.0,0.0,0,0,3,0,0,2446.0,1484.6666666666667,2446.0,1484.6666666666667,1776.0,0.0,0.0,0,0,0,3,71.6,3,0,0,0,0.5714285714285714,,,,0.0,0.0,0.0,carga4,exp_09
2026-09-07 05:07:46,46.8,28.6,17.5,0.1,0.0,56.0,2192.0,1724.0,8298.0,709439.0,9309.0,18325.0,4.94,1.71,2.94,28.0,16.0,,,27.0,0.0,13.0,0.0,0.0,0.0,0.0,0.0,0.0,0.0,0.0,34.09,0.0,0.0,2864.0,0.0,0.0,0.0,0.0,0.0,0.0,5010.0,0.0,0.0,0,0,0,1,0,0.0,0.0,0.0,0.0,0.0,0.0,0.0,0,0,0,0,75.4,0,0,1,0,0.5714285714285714,,,,0.0,0.0,0.0,carga4,exp_09
2026-09-07 05:07:50,52.5,23.2,17.7,0.0,0.0,56.0,2194.0,1722.0,368466.0,1133741.0,11834.0,28302.0,5.18,1.81,2.96,28.0,15.0,,,27.0,0.0,13.0,0.0,0.0,0.0,0.0,0.0,0.0,0.0,0.0,29.73,0.0,0.0,2867.0,0.0,0.0,0.0,0.0,0.0,0.0,5159.0,0.0,0.0,0,0,4,1,0,2178.0,1559.5,2178.0,1559.5,72.0,0.0,0.0,0,0,0,3,75.7,4,0,1,0,0.5357142857142857,,,,0.0,0.0,0.0,carga4,exp_09
2026-09-07 05:07:51,43.7,21.4,26.6,0.0,0.0,56.0,2192.0,1724.0,0.0,1251414.0,11194.0,4229.0,5.18,1.81,2.96,28.0,16.0,,,26.0,0.0,13.0,0.0,0.0,0.0,0.0,0.0,0.0,0.0,0.0,54.63,0.0,0.0,2870.0,0.0,0.0,0.0,0.0,0.0,0.0,5159.0,0.0,0.0,0,0,1,0,0,1045.0,1045.0,1045.0,1045.0,1079.0,0.0,0.0,0,0,0,1,65.1,1,0,0,0,0.5714285714285714,,,,0.0,0.0,0.0,carga4,exp_09
2026-09-07 05:07:54,50.4,21.0,21.4,0.3,0.0,56.2,2202.0,1714.0,38727.0,2607059.0,6599.0,28317.0,5.65,1.96,3.01,29.0,16.0,,,26.0,0.0,13.0,0.0,0.0,0.0,0.0,0.0,0.0,0.0,0.0,101.91,0.0,1.6666666666666667,2871.0,0.0,0.0,0.0,0.0,0.0,0.0,5159.0,0.0,0.0,0,0,1,0,0,318.0,318.0,318.0,318.0,165.0,0.0,0.0,0,0,0,1,71.4,1,0,0,0,0.5517241379310345,,,,0.0,0.0,0.0,carga4,exp_09
2026-09-07 05:07:55,49.0,16.3,28.6,0.0,0.0,56.2,2202.0,1714.0,25001.0,3771635.0,13060.0,45296.0,5.65,1.96,3.01,28.0,16.0,,,26.0,0.0,13.0,0.0,0.0,0.0,0.0,0.0,0.0,0.0,0.0,291.99,0.0,0.0,2873.0,0.0,0.0,0.0,0.0,0.0,0.0,5159.0,0.0,0.0,0,0,0,0,0,0.0,0.0,0.0,0.0,0.0,0.0,0.0,0,0,0,0,65.3,0,0,0,0,0.5714285714285714,,,,0.0,0.0,0.0,carga4,exp_09
2026-09-07 05:07:58,50.2,19.7,22.5,0.0,0.0,56.2,2202.0,1714.0,0.0,1505286.0,5456.0,15811.0,5.65,1.96,3.01,28.0,16.0,,,25.0,0.0,13.0,0.0,0.0,0.0,0.0,0.0,0.0,0.0,0.0,118.69,0.0,0.0,2875.0,0.0,0.0,0.0,0.0,0.0,0.0,5159.0,0.0,0.0,0,0,4,1,0,3760.0,2118.25,3760.0,2118.25,2405.0,0.0,0.0,0,0,0,2,69.9,4,0,1,0,0.5714285714285714,,,,0.0,0.0,0.0,carga4,exp_09
2026-09-07 05:07:59,50.6,15.3,27.9,0.2,0.0,56.3,2203.0,1713.0,0.0,5296794.0,13565.0,62139.0,6.24,2.15,3.06,28.0,15.0,,,27.0,0.0,14.0,0.0,0.0,0.0,0.0,0.0,0.0,0.0,0.0,249.17,0.0,0.0,2876.0,0.0,0.0,0.0,0.0,0.0,0.0,5159.0,0.0,0.0,0,0,0,0,0,0.0,0.0,0.0,0.0,0.0,0.0,0.0,0,0,0,0,65.9,0,0,0,0,0.5357142857142857,,,,0.0,0.0,0.0,carga4,exp_09
2026-09-07 05:08:00,52.7,15.8,26.7,0.0,0.0,56.7,2222.0,1695.0,0.0,3984433.0,15171.0,59086.0,6.24,2.15,3.06,28.0,16.0,,,27.0,0.0,13.0,0.0,0.0,0.0,0.0,0.0,0.0,0.0,0.0,401.09,0.0,1.0,2877.0,0.0,0.0,0.0,0.0,0.0,0.0,5159.0,0.0,0.0,0,0,2,1,0,3824.0,2922.5,3824.0,2922.5,1145.0,0.0,0.0,0,0,0,2,68.5,2,0,1,0,0.5714285714285714,,,,0.0,0.0,0.0,carga4,exp_09
2026-09-07 05:08:01,49.7,13.9,30.1,0.2,0.0,56.7,2219.0,1697.0,0.0,4062098.0,17552.0,51067.0,6.24,2.15,3.06,28.0,15.0,,,27.0,0.0,13.0,0.0,0.0,0.0,0.0,0.0,0.0,0.0,0.0,302.19,0.0,3.0,2878.0,0.0,0.0,0.0,0.0,0.0,0.0,5019.0,0.0,0.0,0,0,0,0,0,0.0,0.0,0.0,0.0,0.0,0.0,0.0,0,0,0,0,63.6,0,0,0,0,0.5357142857142857,,,,0.0,0.0,0.0,carga4,exp_09
2026-09-07 05:08:02,50.5,13.3,30.5,0.0,0.0,56.6,2215.0,1701.0,0.0,3868488.0,18720.0,39245.0,6.24,2.15,3.06,28.0,15.0,,,27.0,0.0,13.0,0.0,0.0,0.0,0.0,0.0,0.0,0.0,0.0,222.7,0.0,0.0,2879.0,0.0,0.0,0.0,0.0,0.0,0.0,5019.0,0.0,0.0,0,0,1,0,0,-24.0,-24.0,-24.0,-24.0,0.0,0.0,0.0,0,0,0,1,63.8,1,0,0,0,0.5357142857142857,,,,0.0,0.0,0.0,carga4,exp_09
2026-09-07 05:08:03,49.9,13.9,29.6,0.0,0.0,56.5,2212.0,1704.0,0.0,33509883.0,22564.0,43171.0,6.3,2.23,3.08,28.0,15.0,,,26.0,0.0,13.0,0.0,0.0,0.0,0.0,0.0,0.0,0.0,0.0,195.83,0.0,0.0,2881.0,0.0,0.0,0.0,0.0,0.0,0.0,5019.0,0.0,0.0,0,0,0,0,0,0.0,0.0,0.0,0.0,0.0,0.0,0.0,0,0,0,0,63.8,0,0,0,0,0.5357142857142857,,,,0.0,0.0,0.0,carga4,exp_09
2026-09-07 05:08:05,47.6,15.3,30.4,0.2,0.0,56.5,2212.0,1704.0,0.0,3962715.0,20519.0,48930.0,6.3,2.23,3.08,28.0,16.0,,,27.0,0.0,13.0,0.0,0.0,0.0,0.0,0.0,0.0,0.0,0.0,187.56,0.0,1.0,2882.0,0.0,0.0,0.0,0.0,0.0,0.0,5019.0,0.0,0.0,0,0,1,0,0,1993.0,1993.0,1993.0,1993.0,0.0,0.0,0.0,0,0,0,1,62.900000000000006,1,0,0,0,0.5714285714285714,,,,0.0,0.0,0.0,carga4,exp_09
2026-09-07 05:08:06,48.1,16.6,29.0,0.0,0.0,56.6,2216.0,1700.0,0.0,5157917.0,14643.0,39711.0,6.3,2.23,3.08,28.0,15.0,,,26.0,0.0,13.0,0.0,0.0,0.0,0.0,0.0,0.0,0.0,0.0,221.81,0.0,0.0,2883.0,0.0,0.0,0.0,0.0,0.0,0.0,5019.0,0.0,0.0,0,0,0,0,0,0.0,0.0,0.0,0.0,0.0,0.0,0.0,0,0,0,0,64.7,0,0,0,0,0.5357142857142857,,,,0.0,0.0,0.0,carga4,exp_09
2026-09-07 05:08:07,49.8,14.9,28.3,0.2,0.0,56.7,2219.0,1698.0,0.0,5267513.0,12380.0,36191.0,6.3,2.23,3.08,28.0,15.0,,,27.0,0.0,13.0,0.0,0.0,0.0,0.0,0.0,0.0,0.0,0.0,255.74,0.0,3.0,2884.0,0.0,0.0,0.0,0.0,0.0,0.0,5019.0,0.0,0.0,0,0,0,0,0,0.0,0.0,0.0,0.0,0.0,0.0,0.0,0,0,0,0,64.7,0,0,0,0,0.5357142857142857,,,,0.0,0.0,0.0,carga4,exp_09
2026-09-07 05:08:08,49.6,15.6,27.0,2.2,0.0,56.6,2216.0,1700.0,0.0,6096340.0,13372.0,46694.0,6.3,2.23,3.08,29.0,17.0,,,28.0,0.0,13.0,0.0,0.0,0.0,0.0,0.0,0.0,0.0,0.0,330.34,0.0,138.0,2885.0,0.0,0.0,0.0,0.0,0.0,0.0,5019.0,0.0,0.0,0,0,0,4,0,0.0,0.0,0.0,0.0,0.0,0.0,0.0,0,0,1,0,65.2,0,0,4,0,0.5862068965517241,,,,0.0,0.0,0.0,carga4,exp_09
2026-09-07 05:08:09,49.7,13.7,29.4,0.0,0.0,56.5,2214.0,1702.0,0.0,4014921.0,13385.0,39401.0,6.52,2.34,3.11,29.0,17.0,,,28.0,0.0,13.0,0.0,0.0,0.0,0.0,0.0,0.0,0.0,0.0,211.72,0.0,0.0,2886.0,0.0,0.0,0.0,0.0,0.0,0.0,5019.0,0.0,0.0,0,0,0,0,0,0.0,0.0,0.0,0.0,0.0,0.0,0.0,0,0,0,0,63.400000000000006,0,0,0,0,0.5862068965517241,,,,0.0,0.0,0.0,carga4,exp_09
2026-09-07 05:08:10,46.7,15.6,30.7,0.0,0.0,56.6,2216.0,1700.0,0.0,5217576.0,11640.0,35495.0,6.52,2.34,3.11,29.0,17.0,,,28.0,0.0,13.0,0.0,0.0,0.0,0.0,0.0,0.0,0.0,0.0,138.42,0.0,0.0,2887.0,0.0,0.0,0.0,0.0,0.0,0.0,5019.0,0.0,0.0,0,0,0,4,0,0.0,0.0,0.0,0.0,0.0,0.0,0.0,0,0,0,0,62.3,0,0,4,0,0.5862068965517241,,,,0.0,0.0,0.0,carga4,exp_09
2026-09-07 05:08:11,47.2,15.1,31.5,0.1,0.0,56.5,2214.0,1703.0,0.0,5099659.0,13245.0,38703.0,6.52,2.34,3.11,29.0,16.0,,,27.0,0.0,13.0,0.0,0.0,0.0,0.0,0.0,0.0,0.0,0.0,180.26,0.0,0.0,2888.0,0.0,0.0,0.0,0.0,0.0,0.0,5019.0,0.0,0.0,0,0,0,0,0,0.0,0.0,0.0,0.0,0.0,0.0,0.0,0,0,0,0,62.3,0,0,0,0,0.5517241379310345,4096.0,0.0,5.0,0.0,0.0,0.0,carga4,exp_09
2026-09-07 05:08:12,47.2,17.6,29.4,0.0,0.0,56.6,2216.0,1700.0,0.0,3834187.0,12241.0,35193.0,6.52,2.34,3.11,29.0,16.0,,,27.0,0.0,13.0,0.0,0.0,0.0,0.0,0.0,0.0,0.0,0.0,103.71,0.0,0.0,2889.0,0.0,0.0,0.0,0.0,0.0,0.0,5007.0,0.0,0.0,0,0,0,0,0,0.0,0.0,0.0,0.0,0.0,0.0,0.0,0,0,0,0,64.80000000000001,0,0,0,0,0.5517241379310345,,,,0.0,0.0,0.0,carga4,exp_09
2026-09-07 05:08:13,48.6,14.4,29.7,0.2,0.0,56.6,2217.0,1699.0,0.0,6382268.0,14286.0,40393.0,6.31,2.37,3.12,29.0,16.0,,,28.0,0.0,13.0,0.0,0.0,0.0,0.0,0.0,0.0,0.0,0.0,229.66,0.0,0.0,2890.0,0.0,0.0,0.0,0.0,0.0,0.0,5007.0,0.0,0.0,0,0,0,0,0,0.0,0.0,0.0,0.0,0.0,0.0,0.0,0,0,0,0,63.0,0,0,0,0,0.5517241379310345,,,,0.0,0.0,0.0,carga4,exp_09
2026-09-07 05:08:15,49.9,15.9,27.5,0.0,0.0,56.5,2213.0,1703.0,0.0,5303569.0,12745.0,67691.0,6.31,2.37,3.12,29.0,16.0,,,28.0,0.0,37.0,0.0,0.0,0.0,0.0,0.0,0.0,0.0,0.0,291.46,0.0,1.5,2892.0,0.0,0.0,0.0,0.0,0.0,0.0,5007.0,0.0,0.0,0,0,0,0,0,0.0,0.0,0.0,0.0,0.0,0.0,0.0,0,0,0,0,65.8,0,0,0,0,0.5517241379310345,,,,0.0,0.0,0.0,carga4,exp_09
2026-09-07 05:08:16,45.1,19.1,28.4,0.2,0.0,56.5,2213.0,1703.0,0.0,3614595.0,15555.0,25009.0,6.31,2.37,3.12,29.0,18.0,,,26.0,0.0,18.0,0.0,0.0,0.0,0.0,0.0,0.0,0.0,0.0,318.44,0.0,0.0,2894.0,0.0,0.0,0.0,0.0,0.0,0.0,5007.0,0.0,0.0,0,0,0,0,0,0.0,0.0,0.0,0.0,0.0,0.0,0.0,0,0,0,0,64.2,0,0,0,0,0.6206896551724138,,,,0.0,0.0,0.0,carga4,exp_09
2026-09-07 05:08:22,46.1,28.9,16.9,0.0,0.0,56.6,2218.0,1698.0,3685.0,9826.0,7432.0,13139.0,7.65,2.71,3.23,26.0,14.0,,,24.0,0.0,13.0,0.0,0.0,0.0,0.0,0.0,0.0,0.0,0.0,11.55,0.0,0.0,2902.0,0.0,0.0,0.0,0.0,0.0,0.0,5023.0,0.0,0.0,0,0,5,1,0,4323.0,1327.4,4323.0,1327.4,3128.0,0.0,0.0,0,0,0,4,75.0,5,0,1,0,0.5384615384615384,,,,0.0,0.0,0.0,carga4,exp_09
2026-09-07 05:08:27,44.0,29.7,17.8,0.0,0.0,56.4,2210.0,1706.0,0.0,1050698.0,4564.0,17644.0,9.2,3.12,3.35,22.0,11.0,,,20.0,0.0,13.0,0.0,0.0,0.0,0.0,0.0,0.0,0.0,0.0,51.36,0.0,0.0,2904.0,0.0,0.0,0.0,0.0,0.0,0.0,5023.0,0.0,0.0,0,0,4,2,0,3776.0,3333.75,3776.0,3333.75,2364.0,0.0,0.0,0,0,0,4,73.7,4,0,2,0,0.5,,,,0.0,0.0,0.0,carga4,exp_09
2026-09-07 05:08:28,48.6,15.7,28.1,0.0,0.0,56.5,2211.0,1705.0,0.0,3609387.0,12312.0,35907.0,9.2,3.12,3.35,22.0,9.0,,,21.0,0.0,13.0,0.0,0.0,0.0,0.0,0.0,0.0,0.0,0.0,167.74,0.0,0.0,2906.0,0.0,0.0,0.0,0.0,0.0,0.0,5023.0,0.0,0.0,0,0,0,0,0,0.0,0.0,0.0,0.0,0.0,0.0,0.0,0,0,0,0,64.3,0,0,0,0,0.4090909090909091,,,,0.0,0.0,0.0,carga4,exp_09
2026-09-07 05:08:29,45.0,16.7,30.8,0.0,0.0,56.5,2211.0,1705.0,0.0,2550396.0,12563.0,49279.0,9.18,3.21,3.38,22.0,9.0,,,19.0,0.0,13.0,0.0,0.0,0.0,0.0,0.0,0.0,0.0,0.0,119.4,0.0,0.0,2907.0,0.0,0.0,0.0,0.0,0.0,0.0,5023.0,0.0,0.0,0,0,1,1,0,3095.0,3095.0,3095.0,3095.0,1081.0,0.0,0.0,0,0,0,1,61.7,1,0,1,0,0.4090909090909091,,,,0.0,0.0,0.0,carga4,exp_09
2026-09-07 05:08:30,49.8,18.0,25.8,0.0,0.0,56.5,2211.0,1705.0,0.0,2395847.0,15716.0,40941.0,9.18,3.21,3.38,22.0,9.0,,,21.0,0.0,13.0,0.0,0.0,0.0,0.0,0.0,0.0,0.0,0.0,171.15,0.0,0.0,2908.0,0.0,0.0,0.0,0.0,0.0,0.0,5023.0,0.0,0.0,0,0,0,0,0,0.0,0.0,0.0,0.0,0.0,0.0,0.0,0,0,0,0,67.8,0,0,0,0,0.4090909090909091,,,,0.0,0.0,0.0,carga4,exp_09
2026-09-07 05:08:31,49.5,15.2,28.1,0.2,0.0,56.5,2211.0,1705.0,0.0,3988112.0,14338.0,52438.0,9.18,3.21,3.38,22.0,9.0,,,21.0,0.0,13.0,0.0,0.0,0.0,0.0,0.0,0.0,0.0,0.0,220.83,0.0,2.0,2909.0,0.0,0.0,0.0,0.0,0.0,0.0,5023.0,0.0,0.0,0,0,1,0,0,-13.0,-13.0,-13.0,-13.0,0.0,0.0,0.0,0,0,0,1,64.7,1,0,0,0,0.4090909090909091,,,,0.0,0.0,0.0,carga4,exp_09
2026-09-07 05:08:32,48.5,16.2,28.3,0.0,0.0,56.5,2214.0,1702.0,0.0,2491122.0,18322.0,40707.0,9.18,3.21,3.38,22.0,9.0,,,21.0,0.0,13.0,0.0,0.0,0.0,0.0,0.0,0.0,0.0,0.0,122.68,0.0,0.0,2910.0,0.0,0.0,0.0,0.0,0.0,0.0,5023.0,0.0,0.0,0,0,0,0,0,0.0,0.0,0.0,0.0,0.0,0.0,0.0,0,0,0,0,64.7,0,0,0,0,0.4090909090909091,,,,0.0,0.0,0.0,carga4,exp_09
2026-09-07 05:08:34,46.6,17.2,28.0,0.0,0.0,56.6,2217.0,1699.0,0.0,2507503.0,19472.0,38171.0,9.49,3.38,3.44,22.0,9.0,,,21.0,0.0,13.0,0.0,0.0,0.0,0.0,0.0,0.0,0.0,0.0,182.61,0.0,0.0,2911.0,0.0,0.0,0.0,0.0,0.0,0.0,5023.0,0.0,0.0,0,0,3,0,0,2013.0,664.6666666666666,2013.0,664.6666666666666,13.0,0.0,0.0,0,0,0,3,63.8,3,0,0,0,0.4090909090909091,,,,0.0,0.0,0.0,carga4,exp_09
2026-09-07 05:08:35,49.3,15.3,28.7,0.1,0.0,56.6,2217.0,1699.0,0.0,3599142.0,23699.0,45194.0,9.49,3.38,3.44,22.0,9.0,,,21.0,0.0,13.0,0.0,0.0,0.0,0.0,0.0,0.0,0.0,0.0,125.64,0.0,0.0,2913.0,0.0,0.0,0.0,0.0,0.0,0.0,5060.0,0.0,0.0,0,0,3,1,0,2029.0,1339.6666666666667,2029.0,1339.6666666666667,13.0,0.0,0.0,0,0,0,3,64.6,3,0,1,0,0.4090909090909091,,,,0.0,0.0,0.0,carga4,exp_09
2026-09-07 05:08:36,48.7,16.5,28.2,0.0,0.0,56.6,2217.0,1699.0,0.0,2635176.0,15340.0,39414.0,9.49,3.38,3.44,22.0,9.0,,,20.0,0.0,13.0,0.0,0.0,0.0,0.0,0.0,0.0,0.0,0.0,107.67,0.0,0.0,2914.0,0.0,0.0,0.0,0.0,0.0,0.0,5060.0,0.0,0.0,0,0,0,0,0,0.0,0.0,0.0,0.0,0.0,0.0,0.0,0,0,0,0,65.2,0,0,0,0,0.4090909090909091,,,,0.0,0.0,0.0,carga4,exp_09
2026-09-07 05:08:37,46.6,16.4,28.8,0.1,0.0,56.6,2217.0,1699.0,0.0,11300460.0,10932.0,33791.0,9.49,3.38,3.44,22.0,9.0,,,21.0,0.0,13.0,0.0,0.0,0.0,0.0,0.0,0.0,0.0,0.0,97.81,0.0,0.0,2916.0,0.0,0.0,0.0,0.0,0.0,0.0,5060.0,0.0,0.0,0,0,2,1,0,2006.0,1158.5,2006.0,1158.5,143.0,0.0,0.0,0,0,0,2,63.0,2,0,1,0,0.4090909090909091,,,,0.0,0.0,0.0,carga4,exp_09
2026-09-07 05:08:38,50.4,14.1,27.7,0.0,0.0,56.6,2216.0,1700.0,0.0,2530330.0,13039.0,37714.0,9.37,3.45,3.46,22.0,10.0,,,20.0,0.0,13.0,0.0,0.0,0.0,0.0,0.0,0.0,0.0,0.0,53.3,0.0,0.0,2917.0,0.0,0.0,0.0,0.0,0.0,0.0,5060.0,0.0,0.0,0,0,0,0,0,0.0,0.0,0.0,0.0,0.0,0.0,0.0,0,0,0,0,64.5,0,0,0,0,0.4545454545454545,,,,0.0,0.0,0.0,carga4,exp_09
2026-09-07 05:08:39,47.9,17.2,27.6,0.0,0.0,56.6,2218.0,1698.0,0.0,2474152.0,10849.0,36053.0,9.37,3.45,3.46,23.0,10.0,,,21.0,0.0,13.0,0.0,0.0,0.0,0.0,0.0,0.0,0.0,0.0,23.17,0.0,0.0,2918.0,0.0,0.0,0.0,0.0,0.0,0.0,5060.0,0.0,0.0,0,0,1,0,0,2340.0,2340.0,2340.0,2340.0,143.0,0.0,0.0,0,0,0,1,65.1,1,0,0,0,0.4347826086956521,,,,0.0,0.0,0.0,carga4,exp_09
2026-09-07 05:08:41,47.0,17.1,27.9,0.1,0.0,56.7,2219.0,1697.0,0.0,3606043.0,12830.0,18819.0,9.37,3.45,3.46,23.0,10.0,,,20.0,0.0,13.0,0.0,0.0,0.0,0.0,0.0,0.0,0.0,0.0,188.41,0.0,0.0,2919.0,0.0,0.0,0.0,0.0,0.0,0.0,5060.0,0.0,0.0,0,0,0,0,0,0.0,0.0,0.0,0.0,0.0,0.0,0.0,0,0,0,0,64.1,0,0,0,0,0.4347826086956521,,,,0.0,0.0,0.0,carga4,exp_09
2026-09-07 05:08:42,47.2,16.7,29.0,0.0,0.0,56.7,2219.0,1698.0,0.0,9981224.0,11236.0,34440.0,9.37,3.45,3.46,22.0,10.0,,,20.0,0.0,13.0,0.0,0.0,0.0,0.0,0.0,0.0,0.0,0.0,136.07,0.0,0.0,2921.0,0.0,0.0,0.0,0.0,0.0,0.0,5060.0,0.0,0.0,0,0,0,0,0,0.0,0.0,0.0,0.0,0.0,0.0,0.0,0,0,0,0,63.900000000000006,0,0,0,0,0.4545454545454545,,,,0.0,0.0,0.0,carga4,exp_09
2026-09-07 05:08:43,47.9,15.6,29.0,0.1,0.0,56.6,2218.0,1698.0,0.0,3847835.0,13085.0,46078.0,9.37,3.45,3.46,22.0,9.0,,,21.0,0.0,13.0,0.0,0.0,0.0,0.0,0.0,0.0,0.0,0.0,98.61,0.0,1.0,2922.0,0.0,0.0,0.0,0.0,0.0,0.0,5060.0,0.0,0.0,0,0,2,0,0,29.0,14.5,29.0,14.5,30.0,0.0,0.0,0,0,0,2,63.5,2,0,0,0,0.4090909090909091,,,,0.0,0.0,0.0,carga4,exp_09
2026-09-07 05:08:44,46.4,15.9,29.9,0.0,0.0,56.6,2218.0,1698.0,0.0,2878186.0,12804.0,36975.0,9.02,3.48,3.47,22.0,9.0,,,21.0,0.0,13.0,0.0,0.0,0.0,0.0,0.0,0.0,0.0,0.0,102.1,0.0,0.0,2923.0,0.0,0.0,0.0,0.0,0.0,0.0,5060.0,0.0,0.0,0,0,0,0,0,0.0,0.0,0.0,0.0,0.0,0.0,0.0,0,0,0,0,62.3,0,0,0,0,0.4090909090909091,,,,0.0,0.0,0.0,carga4,exp_09
2026-09-07 05:08:45,48.7,15.0,28.8,0.0,0.0,56.6,2218.0,1698.0,42330.0,3725063.0,13838.0,35396.0,9.02,3.48,3.47,22.0,10.0,,,21.0,0.0,13.0,0.0,0.0,0.0,0.0,0.0,0.0,0.0,0.0,138.64,0.0,0.0,2924.0,0.0,0.0,0.0,0.0,0.0,0.0,5008.0,0.0,0.0,0,0,2,0,0,2054.0,2039.5,2054.0,2039.5,30.0,0.0,0.0,0,0,0,2,63.7,2,0,0,0,0.4545454545454545,,,,0.0,0.0,0.0,carga4,exp_09
2026-09-07 05:08:46,50.0,17.4,26.0,0.0,0.0,56.5,2212.0,1704.0,0.0,2505440.0,17641.0,40134.0,9.02,3.48,3.47,22.0,9.0,,,21.0,0.0,13.0,0.0,0.0,0.0,0.0,0.0,0.0,0.0,0.0,89.37,0.0,0.0,2925.0,0.0,0.0,0.0,0.0,0.0,0.0,5008.0,0.0,0.0,0,0,0,0,0,0.0,0.0,0.0,0.0,0.0,0.0,0.0,0,0,0,0,67.4,0,0,0,0,0.4090909090909091,,,,0.0,0.0,0.0,carga4,exp_09
2026-09-07 05:08:47,50.1,15.9,27.4,0.0,0.0,56.6,2215.0,1701.0,0.0,2553206.0,17594.0,43525.0,9.02,3.48,3.47,22.0,9.0,,,20.0,0.0,13.0,0.0,0.0,0.0,0.0,0.0,0.0,0.0,0.0,111.1,0.0,1.0,2926.0,0.0,0.0,0.0,0.0,0.0,0.0,5008.0,0.0,0.0,0,0,2,0,0,269.0,131.0,269.0,131.0,112.0,0.0,0.0,0,0,0,2,66.0,2,0,0,0,0.4090909090909091,,,,0.0,0.0,0.0,carga4,exp_09
2026-09-07 05:08:49,45.1,15.4,31.2,0.3,0.0,56.5,2214.0,1702.0,0.0,2516774.0,20433.0,40448.0,9.5,3.67,3.53,22.0,9.0,,,21.0,0.0,14.0,0.0,0.0,0.0,0.0,0.0,0.0,0.0,0.0,98.38,0.0,0.0,2927.0,0.0,0.0,0.0,0.0,0.0,0.0,5008.0,0.0,0.0,0,0,2,0,0,2295.0,2156.0,2295.0,2156.0,112.0,0.0,0.0,0,0,0,2,60.5,2,0,0,0,0.4090909090909091,,,,0.0,0.0,0.0,carga4,exp_09
2026-09-07 05:08:50,48.0,16.4,28.2,0.2,0.0,56.5,2213.0,1703.0,0.0,2714558.0,21481.0,57256.0,9.5,3.67,3.53,22.0,9.0,,,20.0,0.0,13.0,0.0,0.0,0.0,0.0,0.0,0.0,0.0,0.0,135.94,0.0,4.0,2928.0,0.0,0.0,0.0,0.0,0.0,0.0,5008.0,0.0,0.0,0,0,0,0,0,0.0,0.0,0.0,0.0,0.0,0.0,0.0,0,0,0,0,64.4,0,0,0,0,0.4090909090909091,,,,0.0,0.0,0.0,carga4,exp_09
2026-09-07 05:08:51,48.1,15.4,28.4,0.0,0.0,56.5,2214.0,1702.0,0.0,3751676.0,15099.0,38603.0,9.5,3.67,3.53,22.0,9.0,,,20.0,0.0,13.0,0.0,0.0,0.0,0.0,0.0,0.0,0.0,0.0,203.83,0.0,0.0,2930.0,0.0,0.0,0.0,0.0,0.0,0.0,5008.0,0.0,0.0,0,0,0,0,0,0.0,0.0,0.0,0.0,0.0,0.0,0.0,0,0,0,0,63.5,0,0,0,0,0.4090909090909091,,,,0.0,0.0,0.0,carga4,exp_09
2026-09-07 05:08:52,49.3,15.1,29.2,0.0,0.0,56.5,2214.0,1702.0,0.0,2489250.0,13533.0,37699.0,9.5,3.67,3.53,22.0,9.0,,,19.0,0.0,13.0,0.0,0.0,0.0,0.0,0.0,0.0,0.0,0.0,119.99,0.0,0.0,2931.0,0.0,0.0,0.0,0.0,0.0,0.0,5008.0,0.0,0.0,0,0,0,0,0,0.0,0.0,0.0,0.0,0.0,0.0,0.0,0,0,0,0,64.39999999999999,0,0,0,0,0.4090909090909091,,,,0.0,0.0,0.0,carga4,exp_09
2026-09-07 05:08:53,49.4,15.7,27.8,0.0,0.0,56.6,2216.0,1700.0,0.0,3715743.0,10996.0,33704.0,9.78,3.83,3.58,22.0,9.0,,,21.0,0.0,13.0,0.0,0.0,0.0,0.0,0.0,0.0,0.0,0.0,70.44,0.0,0.0,2932.0,0.0,0.0,0.0,0.0,0.0,0.0,5008.0,0.0,0.0,0,0,1,0,0,96.0,96.0,96.0,96.0,94.0,0.0,0.0,0,0,0,1,65.1,1,0,0,0,0.4090909090909091,,,,0.0,0.0,0.0,carga4,exp_09
2026-09-07 05:08:54,52.4,16.5,24.7,0.0,0.0,56.6,2218.0,1698.0,0.0,2468889.0,12494.0,21675.0,9.78,3.83,3.58,23.0,11.0,,,20.0,0.0,13.0,0.0,0.0,0.0,0.0,0.0,0.0,0.0,0.0,143.84,0.0,0.0,2933.0,0.0,0.0,0.0,0.0,0.0,0.0,5008.0,0.0,0.0,0,0,0,0,0,0.0,0.0,0.0,0.0,0.0,0.0,0.0,0,0,0,0,68.9,0,0,0,0,0.4782608695652174,,,,0.0,0.0,0.0,carga4,exp_09
2026-09-07 05:08:56,47.1,15.5,29.6,0.1,0.0,56.6,2217.0,1699.0,0.0,2533590.0,10830.0,31197.0,9.78,3.83,3.58,23.0,10.0,,,21.0,0.0,13.0,0.0,0.0,0.0,0.0,0.0,0.0,0.0,0.0,184.97,0.0,1.0,2934.0,0.0,0.0,0.0,0.0,0.0,0.0,5008.0,0.0,0.0,0,0,3,0,0,2151.0,707.6666666666666,2151.0,707.6666666666666,101.0,0.0,0.0,0,0,0,3,62.6,3,0,0,0,0.4347826086956521,,,,0.0,0.0,0.0,carga4,exp_09
2026-09-07 05:08:57,47.8,16.6,29.2,0.0,0.0,56.6,2216.0,1700.0,0.0,2526062.0,13048.0,48892.0,9.78,3.83,3.58,22.0,10.0,,,20.0,0.0,13.0,0.0,0.0,0.0,0.0,0.0,0.0,0.0,0.0,161.75,0.0,1.0,2935.0,0.0,0.0,0.0,0.0,0.0,0.0,5008.0,0.0,0.0,0,0,4,0,0,2045.0,1017.25,2045.0,1017.25,13.0,0.0,0.0,0,0,0,4,64.4,4,0,0,0,0.4545454545454545,,,,0.0,0.0,0.0,carga4,exp_09
2026-09-07 05:08:58,49.9,15.3,28.7,0.0,0.0,56.5,2212.0,1704.0,0.0,3815378.0,11889.0,34861.0,9.78,3.83,3.58,22.0,10.0,,,20.0,0.0,13.0,0.0,0.0,0.0,0.0,0.0,0.0,0.0,0.0,178.9,0.0,0.0,2936.0,0.0,0.0,0.0,0.0,0.0,0.0,5008.0,0.0,0.0,0,0,0,0,0,0.0,0.0,0.0,0.0,0.0,0.0,0.0,0,0,0,0,65.2,0,0,0,0,0.4545454545454545,,,,0.0,0.0,0.0,carga4,exp_09
2026-09-07 05:08:59,49.5,15.8,28.2,0.1,0.0,56.6,2215.0,1701.0,0.0,2462217.0,12644.0,44235.0,9.96,3.96,3.63,22.0,10.0,,,21.0,0.0,13.0,0.0,0.0,0.0,0.0,0.0,0.0,0.0,0.0,153.7,0.0,0.0,2939.0,0.0,0.0,0.0,0.0,0.0,0.0,5008.0,0.0,0.0,0,0,4,1,0,2041.0,1033.75,2041.0,1033.75,116.0,0.0,0.0,0,0,0,4,65.3,4,0,1,0,0.4545454545454545,,,,0.0,0.0,0.0,carga4,exp_09
2026-09-07 05:09:00,45.8,21.2,25.6,0.3,0.0,57.3,2243.0,1673.0,34172.0,27914833.0,15446.0,37103.0,9.96,3.96,3.63,22.0,9.0,,,20.0,0.0,13.0,0.0,0.0,0.0,0.0,0.0,0.0,0.0,0.0,91.77,0.0,0.0,2940.0,0.0,0.0,0.0,0.0,0.0,0.0,5008.0,0.0,0.0,0,0,0,0,0,0.0,0.0,0.0,0.0,0.0,0.0,0.0,0,0,0,0,67.0,0,0,0,0,0.4090909090909091,,,,0.0,0.0,0.0,carga4,exp_09
2026-09-07 05:09:01,51.1,14.7,27.5,0.0,0.0,57.1,2237.0,1679.0,0.0,3723301.0,15357.0,38979.0,9.96,3.96,3.63,22.0,9.0,,,21.0,0.0,13.0,0.0,0.0,0.0,0.0,0.0,0.0,0.0,0.0,156.67,0.0,0.0,2941.0,0.0,0.0,0.0,0.0,0.0,0.0,5008.0,0.0,0.0,0,0,2,1,0,2104.0,2072.5,2104.0,2072.5,110.0,0.0,0.0,0,0,0,2,65.8,2,0,1,0,0.4090909090909091,,,,0.0,0.0,0.0,carga4,exp_09
2026-09-07 05:09:03,52.5,16.2,25.4,0.1,0.0,57.1,2235.0,1681.0,0.0,2574056.0,20871.0,59061.0,9.96,3.96,3.63,22.0,9.0,,,21.0,0.0,13.0,0.0,0.0,0.0,0.0,0.0,0.0,0.0,0.0,147.36,0.0,0.5,2942.0,0.0,0.0,0.0,0.0,0.0,0.0,5008.0,0.0,0.0,0,0,0,4,0,0.0,0.0,0.0,0.0,0.0,0.0,0.0,0,0,0,0,68.7,0,0,4,0,0.4090909090909091,,,,0.0,0.0,0.0,carga4,exp_09
2026-09-07 05:09:04,48.2,15.2,29.4,0.0,0.0,57.1,2234.0,1682.0,0.0,2479231.0,17153.0,43427.0,9.88,4.05,3.66,22.0,9.0,,,21.0,0.0,13.0,0.0,0.0,0.0,0.0,0.0,0.0,0.0,0.0,145.84,0.0,1.0,2943.0,0.0,0.0,0.0,0.0,0.0,0.0,5008.0,0.0,0.0,0,0,0,0,0,0.0,0.0,0.0,0.0,0.0,0.0,0.0,0,0,0,0,63.400000000000006,0,0,0,0,0.4090909090909091,,,,0.0,0.0,0.0,carga4,exp_09
2026-09-07 05:09:05,48.5,15.2,30.2,0.0,0.0,57.1,2236.0,1681.0,0.0,2517359.0,22971.0,42702.0,9.88,4.05,3.66,22.0,9.0,,,20.0,0.0,13.0,0.0,0.0,0.0,0.0,0.0,0.0,0.0,0.0,96.9,0.0,0.0,2944.0,0.0,0.0,0.0,0.0,0.0,0.0,5008.0,0.0,0.0,0,0,0,4,0,0.0,0.0,0.0,0.0,0.0,0.0,0.0,0,0,0,0,63.7,0,0,4,0,0.4090909090909091,,,,0.0,0.0,0.0,carga4,exp_09
2026-09-07 05:09:06,48.5,14.9,29.7,0.0,0.0,57.1,2236.0,1680.0,0.0,2466935.0,12307.0,34232.0,9.88,4.05,3.66,22.0,11.0,,,21.0,0.0,13.0,0.0,0.0,0.0,0.0,0.0,0.0,0.0,0.0,106.94,0.0,0.0,2946.0,0.0,0.0,0.0,0.0,0.0,0.0,5008.0,0.0,0.0,0,0,0,0,0,0.0,0.0,0.0,0.0,0.0,0.0,0.0,0,0,0,0,63.4,0,0,0,0,0.5,,,,0.0,0.0,0.0,carga4,exp_09
2026-09-07 05:09:07,47.7,17.2,28.2,0.1,0.0,57.3,2242.0,1674.0,0.0,2503214.0,13012.0,37477.0,9.88,4.05,3.66,22.0,10.0,,,21.0,0.0,13.0,0.0,0.0,0.0,0.0,0.0,0.0,0.0,0.0,67.71,0.0,0.0,2947.0,0.0,0.0,0.0,0.0,0.0,0.0,5007.0,0.0,0.0,0,0,0,0,0,0.0,0.0,0.0,0.0,0.0,0.0,0.0,0,0,0,0,64.9,0,0,0,0,0.4545454545454545,,,,0.0,0.0,0.0,carga4,exp_09
2026-09-07 05:09:08,47.6,17.8,28.7,0.0,0.0,57.2,2239.0,1677.0,0.0,2496475.0,13499.0,37621.0,10.13,4.19,3.71,22.0,10.0,,,20.0,0.0,13.0,0.0,0.0,0.0,0.0,0.0,0.0,0.0,0.0,41.5,0.0,0.0,2948.0,0.0,0.0,0.0,0.0,0.0,0.0,5007.0,0.0,0.0,0,0,0,0,0,0.0,0.0,0.0,0.0,0.0,0.0,0.0,0,0,0,0,65.4,0,0,0,0,0.4545454545454545,,,,0.0,0.0,0.0,carga4,exp_09
2026-09-07 05:09:10,43.8,16.5,32.2,0.0,0.0,57.0,2234.0,1682.0,0.0,2606880.0,10675.0,12245.0,10.13,4.19,3.71,23.0,10.0,,,20.0,0.0,13.0,0.0,0.0,0.0,0.0,0.0,0.0,0.0,0.0,18.87,0.0,0.0,2949.0,0.0,0.0,0.0,0.0,0.0,0.0,5007.0,0.0,0.0,0,0,1,0,0,68.0,68.0,68.0,68.0,83.0,0.0,0.0,0,0,0,1,60.3,1,0,0,0,0.4347826086956521,,,,0.0,0.0,0.0,carga4,exp_09
2026-09-07 05:09:11,52.1,15.8,25.1,0.1,0.0,57.0,2234.0,1682.0,0.0,3615774.0,12410.0,29444.0,10.13,4.19,3.71,22.0,10.0,,,20.0,0.0,13.0,0.0,0.0,0.0,0.0,0.0,0.0,0.0,0.0,75.2,0.0,0.0,2950.0,0.0,0.0,0.0,0.0,0.0,0.0,5007.0,0.0,0.0,0,0,1,0,0,2090.0,2090.0,2090.0,2090.0,83.0,0.0,0.0,0,0,0,1,67.9,1,0,0,0,0.4545454545454545,,,,0.0,0.0,0.0,carga4,exp_09
2026-09-07 05:09:12,46.7,15.2,29.4,0.0,0.0,57.0,2234.0,1682.0,0.0,3391440.0,10960.0,33594.0,10.13,4.19,3.71,22.0,10.0,,,20.0,0.0,13.0,0.0,0.0,0.0,0.0,0.0,0.0,0.0,0.0,79.67,0.0,0.0,2952.0,0.0,0.0,0.0,0.0,0.0,0.0,5007.0,0.0,0.0,0,0,0,0,0,0.0,0.0,0.0,0.0,0.0,0.0,0.0,0,0,0,0,61.900000000000006,0,0,0,0,0.4545454545454545,4096.0,0.0,5.0,0.0,0.0,0.0,carga4,exp_09
2026-09-07 05:09:13,48.7,16.5,26.9,0.0,0.0,57.0,2233.0,1683.0,0.0,2936668.0,14953.0,51165.0,10.13,4.19,3.71,22.0,10.0,,,19.0,0.0,13.0,0.0,0.0,0.0,0.0,0.0,0.0,0.0,0.0,39.47,0.0,0.0,2953.0,0.0,0.0,0.0,0.0,0.0,0.0,5007.0,0.0,0.0,0,0,0,0,0,0.0,0.0,0.0,0.0,0.0,0.0,0.0,0,0,0,0,65.2,0,0,0,0,0.4545454545454545,,,,0.0,0.0,0.0,carga4,exp_09
2026-09-07 05:09:14,47.4,18.3,27.7,0.1,0.0,57.3,2243.0,1674.0,0.0,3651019.0,12374.0,35797.0,9.88,4.24,3.73,22.0,10.0,,,20.0,0.0,13.0,0.0,0.0,0.0,0.0,0.0,0.0,0.0,0.0,58.04,0.0,0.0,2954.0,0.0,0.0,0.0,0.0,0.0,0.0,5007.0,0.0,0.0,0,0,0,0,0,0.0,0.0,0.0,0.0,0.0,0.0,0.0,0,0,0,0,65.7,0,0,0,0,0.4545454545454545,,,,0.0,0.0,0.0,carga4,exp_09
2026-09-07 05:09:15,47.5,16.1,29.3,0.0,0.0,57.2,2242.0,1674.0,0.0,2495739.0,14938.0,37553.0,9.88,4.24,3.73,22.0,10.0,,,20.0,0.0,13.0,0.0,0.0,0.0,0.0,0.0,0.0,0.0,0.0,60.5,0.0,0.0,2955.0,0.0,0.0,0.0,0.0,0.0,0.0,5007.0,0.0,0.0,0,0,0,0,0,0.0,0.0,0.0,0.0,0.0,0.0,0.0,0,0,0,0,63.6,0,0,0,0,0.4545454545454545,,,,0.0,0.0,0.0,carga4,exp_09
2026-09-07 05:09:17,47.1,14.7,30.1,0.3,0.0,57.2,2241.0,1675.0,0.0,2453615.0,16136.0,40684.0,9.88,4.24,3.73,22.0,9.0,,,21.0,0.0,13.0,0.0,0.0,0.0,0.0,0.0,0.0,0.0,0.0,27.23,0.0,0.0,2956.0,0.0,0.0,0.0,0.0,0.0,0.0,5007.0,0.0,0.0,0,0,0,0,0,0.0,0.0,0.0,0.0,0.0,0.0,0.0,0,0,0,0,61.8,0,0,0,0,0.4090909090909091,,,,0.0,0.0,0.0,carga4,exp_09
2026-09-07 05:09:18,47.0,15.5,30.6,0.0,0.0,57.2,2241.0,1675.0,0.0,3820752.0,18770.0,44264.0,9.88,4.24,3.73,22.0,9.0,,,20.0,0.0,13.0,0.0,0.0,0.0,0.0,0.0,0.0,0.0,0.0,67.42,0.0,0.0,2957.0,0.0,0.0,0.0,0.0,0.0,0.0,5007.0,0.0,0.0,0,0,0,0,0,0.0,0.0,0.0,0.0,0.0,0.0,0.0,0,0,0,0,62.5,0,0,0,0,0.4090909090909091,,,,0.0,0.0,0.0,carga4,exp_09
2026-09-07 05:09:19,46.5,16.2,30.6,0.0,0.0,57.2,2241.0,1675.0,0.0,2480600.0,22467.0,44631.0,10.21,4.4,3.78,22.0,9.0,,,20.0,0.0,13.0,0.0,0.0,0.0,0.0,0.0,0.0,0.0,0.0,75.7,0.0,0.0,2959.0,0.0,0.0,0.0,0.0,0.0,0.0,5005.0,0.0,0.0,0,0,0,0,0,0.0,0.0,0.0,0.0,0.0,0.0,0.0,0,0,0,0,62.7,0,0,0,0,0.4090909090909091,,,,0.0,0.0,0.0,carga4,exp_09
2026-09-07 05:09:20,52.1,17.5,25.2,0.0,0.0,57.3,2243.0,1673.0,0.0,2633883.0,20588.0,43381.0,10.21,4.4,3.78,22.0,10.0,,,21.0,0.0,13.0,0.0,0.0,0.0,0.0,0.0,0.0,0.0,0.0,183.62,0.0,0.0,2961.0,0.0,0.0,0.0,0.0,0.0,0.0,5005.0,0.0,0.0,0,0,0,0,0,0.0,0.0,0.0,0.0,0.0,0.0,0.0,0,0,0,0,69.6,0,0,0,0,0.4545454545454545,,,,0.0,0.0,0.0,carga4,exp_09
2026-09-07 05:09:21,48.2,17.5,27.6,0.0,0.0,57.3,2245.0,1671.0,0.0,2450969.0,13956.0,44324.0,10.21,4.4,3.78,22.0,10.0,,,19.0,0.0,13.0,0.0,0.0,0.0,0.0,0.0,0.0,0.0,0.0,92.64,0.0,0.0,2962.0,0.0,0.0,0.0,0.0,0.0,0.0,5005.0,0.0,0.0,0,0,1,0,0,7.0,7.0,7.0,7.0,6.0,0.0,0.0,0,0,0,1,65.7,1,0,0,0,0.4545454545454545,,,,0.0,0.0,0.0,carga4,exp_09
2026-09-07 05:09:23,48.0,16.7,28.0,0.1,0.0,57.3,2244.0,1672.0,0.0,3616443.0,12477.0,36041.0,10.21,4.4,3.78,22.0,9.0,,,21.0,0.0,13.0,0.0,0.0,0.0,0.0,0.0,0.0,0.0,0.0,55.18,0.0,0.0,2963.0,0.0,0.0,0.0,0.0,0.0,0.0,5005.0,0.0,0.0,0,0,1,0,0,2033.0,2033.0,2033.0,2033.0,6.0,0.0,0.0,0,0,0,1,64.7,1,0,0,0,0.4090909090909091,,,,0.0,0.0,0.0,carga4,exp_09
2026-09-07 05:09:24,45.6,17.0,30.4,0.0,0.0,57.3,2243.0,1673.0,0.0,2509441.0,11139.0,34143.0,10.11,4.48,3.81,22.0,9.0,,,19.0,0.0,13.0,0.0,0.0,0.0,0.0,0.0,0.0,0.0,0.0,91.37,0.0,0.0,2964.0,0.0,0.0,0.0,0.0,0.0,0.0,5005.0,0.0,0.0,0,0,0,0,0,0.0,0.0,0.0,0.0,0.0,0.0,0.0,0,0,0,0,62.6,0,0,0,0,0.4090909090909091,,,,0.0,0.0,0.0,carga4,exp_09
2026-09-07 05:09:25,45.3,17.1,29.6,0.0,0.0,57.3,2243.0,1674.0,0.0,2570973.0,13434.0,44355.0,10.11,4.48,3.81,22.0,9.0,,,21.0,0.0,13.0,0.0,0.0,0.0,0.0,0.0,0.0,0.0,0.0,62.34,0.0,0.0,2965.0,0.0,0.0,0.0,0.0,0.0,0.0,5005.0,0.0,0.0,0,0,1,0,0,152.0,152.0,152.0,152.0,107.0,0.0,0.0,0,0,0,1,62.4,1,0,0,0,0.4090909090909091,,,,0.0,0.0,0.0,carga4,exp_09
2026-09-07 05:09:26,48.3,15.8,28.5,0.0,0.0,57.2,2242.0,1674.0,0.0,3787158.0,11291.0,41619.0,10.11,4.48,3.81,22.0,9.0,,,21.0,0.0,13.0,0.0,0.0,0.0,0.0,0.0,0.0,0.0,0.0,152.35,0.0,0.0,2966.0,0.0,0.0,0.0,0.0,0.0,0.0,5005.0,0.0,0.0,0,0,0,0,0,0.0,0.0,0.0,0.0,0.0,0.0,0.0,0,0,0,0,64.1,0,0,0,0,0.4090909090909091,,,,0.0,0.0,0.0,carga4,exp_09
2026-09-07 05:09:27,47.6,17.0,28.2,0.1,0.0,57.3,2245.0,1671.0,0.0,2494004.0,12907.0,37282.0,10.11,4.48,3.81,22.0,9.0,,,21.0,0.0,13.0,0.0,0.0,0.0,0.0,0.0,0.0,0.0,0.0,165.19,0.0,0.0,2968.0,0.0,0.0,0.0,0.0,0.0,0.0,5005.0,0.0,0.0,0,0,1,0,0,2178.0,2178.0,2178.0,2178.0,107.0,0.0,0.0,0,0,0,1,64.6,1,0,0,0,0.4090909090909091,,,,0.0,0.0,0.0,carga4,exp_09
2026-09-07 05:09:28,51.3,17.7,24.5,0.0,0.0,57.3,2245.0,1671.0,0.0,2500709.0,11100.0,34025.0,10.02,4.56,3.84,22.0,9.0,,,21.0,0.0,13.0,0.0,0.0,0.0,0.0,0.0,0.0,0.0,0.0,163.91,0.0,0.0,2969.0,0.0,0.0,0.0,0.0,0.0,0.0,5005.0,0.0,0.0,0,0,0,0,0,0.0,0.0,0.0,0.0,0.0,0.0,0.0,0,0,0,0,69.0,0,0,0,0,0.4090909090909091,,,,0.0,0.0,0.0,carga4,exp_09
2026-09-07 05:09:29,52.3,15.8,24.9,0.0,0.0,57.3,2245.0,1671.0,0.0,2452329.0,12783.0,36811.0,10.02,4.56,3.84,22.0,9.0,,,21.0,0.0,13.0,0.0,0.0,0.0,0.0,0.0,0.0,0.0,0.0,133.52,0.0,0.0,2970.0,0.0,0.0,0.0,0.0,0.0,0.0,5008.0,0.0,0.0,0,0,1,0,0,-4.0,-4.0,-4.0,-4.0,9.0,0.0,0.0,0,0,0,1,68.1,1,0,0,0,0.4090909090909091,,,,0.0,0.0,0.0,carga4,exp_09
2026-09-07 05:09:31,49.9,15.7,27.8,0.3,0.0,57.3,2242.0,1674.0,0.0,3893450.0,16765.0,32024.0,10.02,4.56,3.84,23.0,10.0,,,21.0,0.0,13.0,0.0,0.0,0.0,0.0,0.0,0.0,0.0,0.0,133.08,0.0,1.0,2971.0,0.0,0.0,0.0,0.0,0.0,0.0,5008.0,0.0,0.0,0,0,1,0,0,2029.0,2029.0,2029.0,2029.0,9.0,0.0,0.0,0,0,0,1,65.6,1,0,0,0,0.4347826086956521,,,,0.0,0.0,0.0,carga4,exp_09
2026-09-07 05:09:32,45.3,17.4,30.2,0.0,0.0,57.3,2243.0,1674.0,0.0,2464686.0,14055.0,20596.0,10.02,4.56,3.84,22.0,10.0,,,20.0,0.0,13.0,0.0,0.0,0.0,0.0,0.0,0.0,0.0,0.0,95.72,0.0,0.0,2972.0,0.0,0.0,0.0,0.0,0.0,0.0,5008.0,0.0,0.0,0,0,0,0,0,0.0,0.0,0.0,0.0,0.0,0.0,0.0,0,0,0,0,62.7,0,0,0,0,0.4545454545454545,,,,0.0,0.0,0.0,carga4,exp_09
2026-09-07 05:09:33,46.1,19.0,28.0,0.0,0.0,57.3,2243.0,1673.0,0.0,11620804.0,21611.0,50335.0,10.02,4.56,3.84,22.0,9.0,,,21.0,0.0,13.0,0.0,0.0,0.0,0.0,0.0,0.0,0.0,0.0,93.64,0.0,0.0,2973.0,0.0,0.0,0.0,0.0,0.0,0.0,5008.0,0.0,0.0,0,0,0,0,0,0.0,0.0,0.0,0.0,0.0,0.0,0.0,0,0,0,0,65.1,0,0,0,0,0.4090909090909091,,,,0.0,0.0,0.0,carga4,exp_09
2026-09-07 05:09:34,50.3,16.8,26.3,0.0,0.0,57.3,2242.0,1674.0,0.0,2513714.0,17878.0,40600.0,9.7,4.58,3.85,22.0,9.0,,,21.0,0.0,13.0,0.0,0.0,0.0,0.0,0.0,0.0,0.0,0.0,87.17,0.0,0.0,2975.0,0.0,0.0,0.0,0.0,0.0,0.0,5008.0,0.0,0.0,0,0,0,0,0,0.0,0.0,0.0,0.0,0.0,0.0,0.0,0,0,0,0,67.1,0,0,0,0,0.4090909090909091,,,,0.0,0.0,0.0,carga4,exp_09
2026-09-07 05:09:35,47.4,17.4,28.4,0.1,0.0,57.3,2243.0,1673.0,0.0,2587789.0,23071.0,46686.0,9.7,4.58,3.85,22.0,9.0,,,21.0,0.0,13.0,0.0,0.0,0.0,0.0,0.0,0.0,0.0,0.0,67.71,0.0,0.0,2976.0,0.0,0.0,0.0,0.0,0.0,0.0,5008.0,0.0,0.0,0,0,0,1,0,0.0,0.0,0.0,0.0,0.0,0.0,0.0,0,0,0,0,64.8,0,0,1,0,0.4090909090909091,,,,0.0,0.0,0.0,carga4,exp_09
2026-09-07 05:09:37,46.8,18.2,27.8,0.0,0.0,57.3,2242.0,1674.0,0.0,2377943.0,12306.0,35539.0,9.7,4.58,3.85,22.0,9.0,,,21.0,0.0,13.0,0.0,0.0,0.0,0.0,0.0,0.0,0.0,0.0,102.26,0.0,0.0,2977.0,0.0,0.0,0.0,0.0,0.0,0.0,5008.0,0.0,0.0,0,0,0,0,0,0.0,0.0,0.0,0.0,0.0,0.0,0.0,0,0,0,0,65.0,0,0,0,0,0.4090909090909091,,,,0.0,0.0,0.0,carga4,exp_09
2026-09-07 05:09:38,46.5,16.8,29.3,0.0,0.0,57.3,2242.0,1674.0,0.0,3741159.0,11071.0,33935.0,9.7,4.58,3.85,22.0,10.0,,,20.0,0.0,13.0,0.0,0.0,0.0,0.0,0.0,0.0,0.0,0.0,101.2,0.0,0.0,2978.0,0.0,0.0,0.0,0.0,0.0,0.0,5008.0,0.0,0.0,0,0,0,1,0,0.0,0.0,0.0,0.0,0.0,0.0,0.0,0,0,0,0,63.3,0,0,1,0,0.4545454545454545,,,,0.0,0.0,0.0,carga4,exp_09
2026-09-07 05:09:39,51.4,14.8,25.8,0.0,0.0,57.3,2243.0,1673.0,0.0,2476384.0,12908.0,44691.0,9.89,4.7,3.89,22.0,9.0,,,20.0,0.0,13.0,0.0,0.0,0.0,0.0,0.0,0.0,0.0,0.0,89.31,0.0,0.0,2979.0,0.0,0.0,0.0,0.0,0.0,0.0,5008.0,0.0,0.0,0,0,0,0,0,0.0,0.0,0.0,0.0,0.0,0.0,0.0,0,0,0,0,66.2,0,0,0,0,0.4090909090909091,,,,0.0,0.0,0.0,carga4,exp_09
2026-09-07 05:09:40,47.7,16.3,28.3,0.0,0.0,57.3,2243.0,1673.0,0.0,2483816.0,10979.0,33651.0,9.89,4.7,3.89,22.0,9.0,,,20.0,0.0,13.0,0.0,0.0,0.0,0.0,0.0,0.0,0.0,0.0,73.76,0.0,0.0,2980.0,0.0,0.0,0.0,0.0,0.0,0.0,5008.0,0.0,0.0,0,0,1,0,0,189.0,189.0,189.0,189.0,126.0,0.0,0.0,0,0,0,1,64.0,1,0,0,0,0.4090909090909091,,,,0.0,0.0,0.0,carga4,exp_09
2026-09-07 05:09:41,49.5,17.2,26.5,0.1,0.0,57.7,2258.0,1658.0,0.0,2584173.0,13664.0,37894.0,9.89,4.7,3.89,22.0,11.0,,,20.0,0.0,13.0,0.0,0.0,0.0,0.0,0.0,0.0,0.0,0.0,91.5,0.0,0.0,2982.0,0.0,0.0,0.0,0.0,0.0,0.0,5008.0,0.0,0.0,0,0,0,0,0,0.0,0.0,0.0,0.0,0.0,0.0,0.0,0,0,0,0,66.7,0,0,0,0,0.5,,,,0.0,0.0,0.0,carga4,exp_09
2026-09-07 05:09:42,46.9,19.7,26.3,0.0,0.0,57.4,2250.0,1667.0,0.0,3099627.0,10552.0,32342.0,9.89,4.7,3.89,22.0,9.0,,,21.0,0.0,13.0,0.0,0.0,0.0,0.0,0.0,0.0,0.0,0.0,56.05,0.0,0.0,2983.0,0.0,0.0,0.0,0.0,0.0,0.0,5008.0,0.0,0.0,0,0,1,0,0,2217.0,2217.0,2217.0,2217.0,126.0,0.0,0.0,0,0,0,1,66.6,1,0,0,0,0.4090909090909091,,,,0.0,0.0,0.0,carga4,exp_09
2026-09-07 05:09:44,43.6,18.3,29.9,0.1,0.0,57.4,2250.0,1666.0,0.0,2480466.0,12610.0,25320.0,9.81,4.78,3.92,23.0,11.0,,,21.0,0.0,13.0,0.0,0.0,0.0,0.0,0.0,0.0,0.0,0.0,49.03,0.0,0.0,2985.0,0.0,0.0,0.0,0.0,0.0,0.0,5008.0,0.0,0.0,0,0,1,0,0,-2.0,-2.0,-2.0,-2.0,6.0,0.0,0.0,0,0,0,1,61.900000000000006,1,0,0,0,0.4782608695652174,,,,0.0,0.0,0.0,carga4,exp_09
2026-09-07 05:09:45,46.8,17.1,28.2,0.4,0.0,57.4,2249.0,1667.0,0.0,4817150.0,12657.0,19354.0,9.81,4.78,3.92,22.0,10.0,,,20.0,0.0,13.0,0.0,0.0,0.0,0.0,0.0,0.0,0.0,0.0,56.38,0.0,0.0,2986.0,0.0,0.0,0.0,0.0,0.0,0.0,5008.0,0.0,0.0,0,0,0,0,0,0.0,0.0,0.0,0.0,0.0,0.0,0.0,0,0,0,0,63.9,0,0,0,0,0.4545454545454545,,,,0.0,0.0,0.0,carga4,exp_09
2026-09-07 05:09:46,46.4,16.6,29.7,0.0,0.0,57.4,2249.0,1667.0,0.0,2672053.0,14885.0,42429.0,9.81,4.78,3.92,22.0,9.0,,,21.0,0.0,13.0,0.0,0.0,0.0,0.0,0.0,0.0,0.0,0.0,117.91,0.0,0.0,2987.0,0.0,0.0,0.0,0.0,0.0,0.0,5008.0,0.0,0.0,0,0,1,0,0,2022.0,2022.0,2022.0,2022.0,6.0,0.0,0.0,0,0,0,1,63.0,1,0,0,0,0.4090909090909091,,,,0.0,0.0,0.0,carga4,exp_09
2026-09-07 05:09:47,48.8,16.3,27.1,0.0,0.0,57.4,2249.0,1667.0,0.0,2509480.0,18584.0,43061.0,9.81,4.78,3.92,22.0,10.0,,,20.0,0.0,13.0,0.0,0.0,0.0,0.0,0.0,0.0,0.0,0.0,131.41,0.0,0.0,2988.0,0.0,0.0,0.0,0.0,0.0,0.0,5008.0,0.0,0.0,0,0,0,0,0,0.0,0.0,0.0,0.0,0.0,0.0,0.0,0,0,0,0,65.1,0,0,0,0,0.4545454545454545,,,,0.0,0.0,0.0,carga4,exp_09
2026-09-07 05:09:48,53.6,17.1,21.8,0.1,0.0,57.5,2253.0,1663.0,0.0,2381138.0,17788.0,38786.0,9.91,4.88,3.96,22.0,9.0,,,21.0,0.0,13.0,0.0,0.0,0.0,0.0,0.0,0.0,0.0,0.0,49.55,0.0,0.0,2989.0,0.0,0.0,0.0,0.0,0.0,0.0,5008.0,0.0,0.0,0,0,0,0,0,0.0,0.0,0.0,0.0,0.0,0.0,0.0,0,0,0,0,70.7,0,0,0,0,0.4090909090909091,,,,0.0,0.0,0.0,carga4,exp_09
2026-09-07 05:09:50,49.6,18.1,25.5,0.0,0.0,57.5,2253.0,1664.0,0.0,3665786.0,20205.0,43665.0,9.91,4.88,3.96,22.0,11.0,,,20.0,0.0,13.0,0.0,0.0,0.0,0.0,0.0,0.0,0.0,0.0,93.16,0.0,0.0,2991.0,0.0,0.0,0.0,0.0,0.0,0.0,5008.0,0.0,0.0,0,0,1,0,0,62.0,62.0,62.0,62.0,75.0,0.0,0.0,0,0,0,1,67.7,1,0,0,0,0.5,,,,0.0,0.0,0.0,carga4,exp_09
2026-09-07 05:09:51,46.9,18.3,27.7,0.1,0.0,57.5,2253.0,1664.0,0.0,2687437.0,19085.0,45591.0,9.91,4.88,3.96,22.0,10.0,,,21.0,0.0,13.0,0.0,0.0,0.0,0.0,0.0,0.0,0.0,0.0,138.4,0.0,1.0,2992.0,0.0,0.0,0.0,0.0,0.0,0.0,5008.0,0.0,0.0,0,0,0,0,0,0.0,0.0,0.0,0.0,0.0,0.0,0.0,0,0,0,0,65.2,0,0,0,0,0.4545454545454545,,,,0.0,0.0,0.0,carga4,exp_09
2026-09-07 05:09:52,46.2,16.5,29.5,0.0,0.0,57.5,2252.0,1665.0,0.0,3744404.0,13022.0,37947.0,9.91,4.88,3.96,22.0,10.0,,,21.0,0.0,13.0,0.0,0.0,0.0,0.0,0.0,0.0,0.0,0.0,87.43,0.0,0.0,2993.0,0.0,0.0,0.0,0.0,0.0,0.0,5007.0,0.0,0.0,0,0,1,0,0,2082.0,2082.0,2082.0,2082.0,75.0,0.0,0.0,0,0,0,1,62.7,1,0,0,0,0.4545454545454545,,,,0.0,0.0,0.0,carga4,exp_09
2026-09-07 05:09:53,47.3,20.8,24.7,0.0,0.0,57.5,2251.0,1665.0,0.0,1246200.0,12925.0,7011.0,9.91,4.88,3.96,22.0,10.0,,,21.0,0.0,13.0,0.0,0.0,0.0,0.0,0.0,0.0,0.0,0.0,55.14,0.0,0.0,2995.0,0.0,0.0,0.0,0.0,0.0,0.0,5007.0,0.0,0.0,0,0,0,0,0,0.0,0.0,0.0,0.0,0.0,0.0,0.0,0,0,0,0,68.1,0,0,0,0,0.4545454545454545,,,,0.0,0.0,0.0,carga4,exp_09
2026-09-07 05:09:57,46.9,24.7,21.1,0.0,0.0,57.5,2250.0,1666.0,1856.0,1024726.0,3903.0,20130.0,10.08,5.0,4.0,22.0,9.0,,,21.0,0.0,13.0,0.0,0.0,0.0,0.0,0.0,0.0,0.0,0.0,63.91,0.0,0.0,2999.0,0.0,0.0,0.0,0.0,0.0,0.0,5007.0,0.0,0.0,0,0,2,1,0,398.0,358.0,398.0,358.0,565.0,0.0,0.0,0,0,0,2,71.6,2,0,1,0,0.4090909090909091,,,,0.0,0.0,0.0,carga4,exp_09
2026-09-07 05:09:58,52.7,14.1,27.8,0.0,0.0,57.5,2250.0,1666.0,7405.0,5213419.0,13588.0,53957.0,10.39,5.15,4.06,22.0,9.0,,,21.0,0.0,13.0,0.0,0.0,0.0,0.0,0.0,0.0,0.0,0.0,187.98,0.0,0.0,3001.0,0.0,0.0,0.0,0.0,0.0,0.0,5007.0,0.0,0.0,0,0,0,0,0,0.0,0.0,0.0,0.0,0.0,0.0,0.0,0,0,0,0,66.8,0,0,0,0,0.4090909090909091,,,,0.0,0.0,0.0,carga4,exp_09
2026-09-07 05:10:04,59.7,24.2,9.8,0.0,0.0,57.5,2252.0,1664.0,0.0,13956.0,7562.0,12712.0,10.04,5.16,4.07,31.0,19.0,,,27.0,0.0,13.0,0.0,0.0,0.0,0.0,0.0,0.0,0.0,0.0,10.41,0.0,0.0,3007.0,0.0,0.0,0.0,0.0,0.0,0.0,5007.0,0.0,0.0,0,0,5,3,0,5860.0,2719.2,5860.0,2719.2,2902.0,0.0,0.0,0,0,0,2,83.9,5,0,3,0,0.6129032258064516,,,,0.0,0.0,0.0,carga4,exp_09
2026-09-07 05:10:06,50.1,24.1,19.9,0.1,0.0,57.5,2250.0,1666.0,0.0,2357169.0,16055.0,35318.0,10.04,5.16,4.07,31.0,21.0,,,28.0,0.0,15.0,0.0,0.0,0.0,0.0,0.0,0.0,0.0,0.0,88.54,0.0,1.0,3008.0,0.0,0.0,0.0,0.0,0.0,0.0,5007.0,0.0,0.0,0,0,0,0,0,0.0,0.0,0.0,0.0,0.0,0.0,0.0,0,0,0,0,74.2,0,0,0,0,0.6774193548387096,,,,0.0,0.0,0.0,carga4,exp_09
2026-09-07 05:10:07,49.2,14.9,29.8,0.0,0.0,57.4,2249.0,1667.0,0.0,3804604.0,13038.0,39113.0,10.04,5.16,4.07,31.0,21.0,,,29.0,0.0,13.0,0.0,0.0,0.0,0.0,0.0,0.0,0.0,0.0,75.71,0.0,0.0,3010.0,0.0,0.0,0.0,0.0,0.0,0.0,5007.0,0.0,0.0,0,0,0,0,0,0.0,0.0,0.0,0.0,0.0,0.0,0.0,0,0,0,0,64.10000000000001,0,0,0,0,0.6774193548387096,,,,0.0,0.0,0.0,carga4,exp_09
2026-09-07 05:10:10,48.8,19.2,24.8,0.0,0.0,57.4,2249.0,1667.0,0.0,2038102.0,5540.0,16128.0,9.8,5.19,4.08,31.0,19.0,,,29.0,0.0,13.0,0.0,0.0,0.0,0.0,0.0,0.0,0.0,0.0,59.38,0.0,0.0,3012.0,0.0,0.0,0.0,0.0,0.0,0.0,5007.0,0.0,0.0,0,0,5,1,0,3646.0,1500.8,3646.0,1500.8,1995.0,0.0,0.0,0,0,0,3,68.0,5,0,1,0,0.6129032258064516,,,,0.0,0.0,0.0,carga4,exp_09
2026-09-07 05:10:11,50.1,13.2,30.1,0.0,0.0,57.4,2249.0,1667.0,0.0,3726581.0,13122.0,39043.0,9.8,5.19,4.08,31.0,19.0,,,29.0,0.0,13.0,0.0,0.0,0.0,0.0,0.0,0.0,0.0,0.0,48.91,0.0,0.0,3013.0,0.0,0.0,0.0,0.0,0.0,0.0,5007.0,0.0,0.0,0,0,0,0,0,0.0,0.0,0.0,0.0,0.0,0.0,0.0,0,0,0,0,63.3,0,0,0,0,0.6129032258064516,,,,0.0,0.0,0.0,carga4,exp_09
2026-09-07 05:10:12,49.0,16.9,27.6,0.1,0.0,57.5,2253.0,1663.0,0.0,2515775.0,10914.0,40637.0,9.8,5.19,4.08,31.0,19.0,,,26.0,0.0,13.0,0.0,0.0,0.0,0.0,0.0,0.0,0.0,0.0,75.59,0.0,2.0,3015.0,0.0,0.0,0.0,0.0,0.0,0.0,5304.0,0.0,0.0,0,0,3,1,0,3852.0,1953.0,3852.0,1953.0,1243.0,0.0,0.0,0,0,0,3,65.9,3,0,1,0,0.6129032258064516,4096.0,0.0,5.0,0.0,0.0,0.0,carga4,exp_09
2026-09-07 05:10:15,48.1,22.8,21.5,0.0,0.0,57.5,2252.0,1664.0,0.0,2064416.0,5937.0,16483.0,10.21,5.36,4.14,30.0,17.0,,,27.0,0.0,13.0,0.0,0.0,0.0,0.0,0.0,0.0,0.0,0.0,124.6,0.0,0.0,3017.0,0.0,0.0,0.0,0.0,0.0,0.0,5304.0,0.0,0.0,0,0,2,0,0,2561.0,1838.5,2561.0,1838.5,1127.0,0.0,0.0,0,0,0,2,70.9,2,0,0,0,0.5666666666666667,,,,0.0,0.0,0.0,carga4,exp_09
2026-09-07 05:10:16,50.7,14.9,29.1,0.0,0.0,57.5,2254.0,1662.0,0.0,5354504.0,17409.0,50432.0,10.21,5.36,4.14,30.0,18.0,,,28.0,0.0,13.0,0.0,0.0,0.0,0.0,0.0,0.0,0.0,0.0,411.0,0.0,1.0,3018.0,0.0,0.0,0.0,0.0,0.0,0.0,5304.0,0.0,0.0,0,0,0,0,0,0.0,0.0,0.0,0.0,0.0,0.0,0.0,0,0,0,0,65.60000000000001,0,0,0,0,0.6,,,,0.0,0.0,0.0,carga4,exp_09
2026-09-07 05:10:17,46.4,17.6,28.5,0.2,0.0,57.5,2254.0,1663.0,0.0,2663173.0,15144.0,46545.0,10.21,5.36,4.14,30.0,17.0,,,27.0,0.0,13.0,0.0,0.0,0.0,0.0,0.0,0.0,0.0,0.0,241.69,0.0,3.0,3020.0,0.0,0.0,0.0,0.0,0.0,0.0,5304.0,0.0,0.0,0,0,1,0,0,3738.0,3738.0,3738.0,3738.0,1127.0,0.0,0.0,0,0,0,1,64.0,1,0,0,0,0.5666666666666667,,,,0.0,0.0,0.0,carga4,exp_09
2026-09-07 05:10:20,50.4,20.3,23.0,0.0,0.0,57.6,2256.0,1660.0,0.0,6175694.0,13108.0,21995.0,9.72,5.33,4.14,30.0,17.0,,,28.0,0.0,13.0,0.0,0.0,0.0,0.0,0.0,0.0,0.0,0.0,76.08,0.0,0.0,3022.0,0.0,0.0,0.0,0.0,0.0,0.0,5304.0,0.0,0.0,0,0,2,0,0,743.0,367.5,743.0,367.5,750.0,0.0,0.0,0,0,0,2,70.7,2,0,0,0,0.5666666666666667,,,,0.0,0.0,0.0,carga4,exp_09
2026-09-07 05:10:21,49.2,14.8,30.0,0.2,0.0,57.6,2257.0,1659.0,0.0,5142660.0,23216.0,47787.0,9.72,5.33,4.14,30.0,17.0,,,27.0,0.0,13.0,0.0,0.0,0.0,0.0,0.0,0.0,0.0,0.0,217.59,0.0,0.0,3023.0,0.0,0.0,0.0,0.0,0.0,0.0,5304.0,0.0,0.0,0,0,2,0,0,3000.0,2620.5,3000.0,2620.5,750.0,0.0,0.0,0,0,0,2,64.0,2,0,0,0,0.5666666666666667,,,,0.0,0.0,0.0,carga4,exp_09
2026-09-07 05:10:22,51.7,15.0,26.5,0.1,0.0,57.6,2257.0,1659.0,0.0,5289251.0,11688.0,51846.0,9.72,5.33,4.14,30.0,18.0,,,29.0,0.0,13.0,0.0,0.0,0.0,0.0,0.0,0.0,0.0,0.0,229.83,0.0,3.0,3024.0,0.0,0.0,0.0,0.0,0.0,0.0,5304.0,0.0,0.0,0,0,0,0,0,0.0,0.0,0.0,0.0,0.0,0.0,0.0,0,0,0,0,66.7,0,0,0,0,0.6,,,,0.0,0.0,0.0,carga4,exp_09
2026-09-07 05:10:23,46.0,18.7,27.7,0.0,0.0,57.6,2256.0,1660.0,0.0,1247006.0,12907.0,38029.0,9.72,5.33,4.14,30.0,17.0,,,28.0,0.0,13.0,0.0,0.0,0.0,0.0,0.0,0.0,0.0,0.0,183.27,0.0,0.0,3027.0,0.0,0.0,0.0,0.0,0.0,0.0,5304.0,0.0,0.0,0,0,1,0,0,175.0,175.0,175.0,175.0,90.0,0.0,0.0,0,0,0,1,64.7,1,0,0,0,0.5666666666666667,,,,0.0,0.0,0.0,carga4,exp_09
2026-09-07 05:10:26,47.8,20.8,24.9,0.0,0.0,57.6,2256.0,1660.0,0.0,2410684.0,6253.0,22306.0,9.74,5.41,4.17,30.0,18.0,,,29.0,0.0,16.0,0.0,0.0,0.0,0.0,0.0,0.0,0.0,0.0,141.68,0.0,0.3333333333333333,3028.0,0.0,0.0,0.0,0.0,0.0,0.0,5006.0,0.0,0.0,0,0,0,1,0,0.0,0.0,0.0,0.0,0.0,0.0,0.0,0,0,0,0,68.6,0,0,1,0,0.6,,,,0.0,0.0,0.0,carga4,exp_09
2026-09-07 05:10:27,45.5,19.4,28.3,0.0,0.0,57.5,2251.0,1665.0,48787.0,5697586.0,13053.0,44045.0,9.74,5.41,4.17,30.0,21.0,,,28.0,0.0,13.0,0.0,0.0,0.0,0.0,0.0,0.0,0.0,0.0,127.55,0.0,0.0,3031.0,0.0,0.0,0.0,0.0,0.0,0.0,5006.0,0.0,0.0,0,0,1,1,0,3405.0,3405.0,3405.0,3405.0,1138.0,0.0,0.0,0,0,0,1,64.9,1,0,1,0,0.7,,,,0.0,0.0,0.0,carga4,exp_09
2026-09-07 05:10:29,47.9,21.1,23.8,0.1,0.0,57.5,2250.0,1666.0,0.0,2100506.0,5578.0,16620.0,9.6,5.45,4.19,30.0,17.0,,,27.0,0.0,13.0,0.0,0.0,0.0,0.0,7.0,0.0,6.0,2.0,51.37,0.0,0.0,3032.0,0.0,0.0,0.0,0.0,0.0,0.0,5006.0,0.0,0.0,0,0,0,0,0,0.0,0.0,0.0,0.0,0.0,0.0,0.0,0,0,0,0,69.0,0,0,0,0,0.5666666666666667,,,,0.0,0.0,0.0,carga4,exp_09
2026-09-07 05:10:31,49.0,14.6,29.3,0.1,0.0,57.5,2250.0,1666.0,0.0,5212340.0,12690.0,43265.0,9.6,5.45,4.19,30.0,17.0,,,29.0,0.0,38.0,0.0,13.0,0.0,0.0,0.0,0.0,0.0,0.0,198.89,0.0,0.5,3033.0,0.0,0.0,0.0,0.0,0.0,0.0,5006.0,0.0,0.0,0,0,0,0,0,0.0,0.0,0.0,0.0,0.0,0.0,0.0,0,0,0,0,63.6,0,0,0,0,0.5666666666666667,,,,0.0,0.0,0.0,carga4,exp_09
2026-09-07 05:10:32,52.7,16.5,26.0,0.0,0.0,57.4,2250.0,1667.0,0.0,5272598.0,17364.0,57178.0,9.6,5.45,4.19,30.0,17.0,,,29.0,0.0,13.0,0.0,0.0,0.0,0.0,0.0,0.0,0.0,0.0,522.44,0.0,1.0,3035.0,0.0,0.0,0.0,0.0,0.0,0.0,5006.0,0.0,0.0,0,0,0,1,0,0.0,0.0,0.0,0.0,0.0,0.0,0.0,0,0,0,0,69.2,0,0,1,0,0.5666666666666667,,,,0.0,0.0,0.0,carga4,exp_09
2026-09-07 05:10:33,49.4,15.8,28.7,0.1,0.0,57.5,2250.0,1666.0,0.0,3884621.0,16671.0,60391.0,9.6,5.45,4.19,30.0,17.0,,,29.0,0.0,13.0,0.0,0.0,0.0,0.0,0.0,0.0,0.0,0.0,481.77,0.0,1.0,3036.0,0.0,0.0,0.0,0.0,0.0,0.0,5006.0,0.0,0.0,0,0,0,0,0,0.0,0.0,0.0,0.0,0.0,0.0,0.0,0,0,0,0,65.2,0,0,0,0,0.5666666666666667,,,,0.0,0.0,0.0,carga4,exp_09
2026-09-07 05:10:34,46.7,16.5,29.6,0.0,0.0,57.5,2251.0,1665.0,0.0,5111129.0,19233.0,42157.0,9.71,5.55,4.23,30.0,18.0,,,28.0,0.0,13.0,0.0,0.0,0.0,0.0,0.0,0.0,0.0,0.0,349.87,0.0,0.0,3039.0,0.0,0.0,0.0,0.0,0.0,0.0,5008.0,0.0,0.0,0,0,1,1,0,-14.0,-14.0,-14.0,-14.0,0.0,0.0,0.0,0,0,0,1,63.2,1,0,1,0,0.6,,,,0.0,0.0,0.0,carga4,exp_09
2026-09-07 05:10:39,46.9,33.0,13.6,0.0,0.0,57.8,2265.0,1651.0,292365.0,303672.0,7033.0,11609.0,9.57,5.59,4.25,30.0,19.0,,,28.0,0.0,13.0,0.0,0.0,0.0,0.0,0.0,0.0,0.0,0.0,13.01,0.0,0.0,3043.0,0.0,0.0,0.0,0.0,0.0,0.0,5008.0,0.0,0.0,0,0,4,2,0,3663.0,1441.25,3663.0,1441.25,1690.0,0.0,0.0,0,0,0,3,79.9,4,0,2,0,0.6333333333333333,,,,0.0,0.0,0.0,carga4,exp_09
2026-09-07 05:10:41,47.6,20.8,24.2,0.0,0.0,57.6,2255.0,1661.0,0.0,2995805.0,7267.0,21705.0,9.57,5.59,4.25,30.0,19.0,,,26.0,0.0,13.0,0.0,0.0,0.0,0.0,0.0,0.0,0.0,0.0,179.23,0.0,0.0,3044.0,0.0,0.0,0.0,0.0,0.0,0.0,5008.0,0.0,0.0,0,0,2,2,0,2056.0,1887.0,2056.0,1887.0,1598.0,0.0,0.0,0,0,0,2,68.4,2,0,2,0,0.6333333333333333,,,,0.0,0.0,0.0,carga4,exp_09
2026-09-07 05:10:42,51.7,15.0,27.3,0.0,0.0,57.6,2256.0,1660.0,0.0,3955863.0,14183.0,40413.0,9.57,5.59,4.25,30.0,17.0,,,29.0,0.0,13.0,0.0,0.0,0.0,0.0,0.0,0.0,0.0,0.0,241.45,0.0,0.0,3045.0,0.0,0.0,0.0,0.0,0.0,0.0,5008.0,0.0,0.0,0,0,0,0,0,0.0,0.0,0.0,0.0,0.0,0.0,0.0,0,0,0,0,66.7,0,0,0,0,0.5666666666666667,,,,0.0,0.0,0.0,carga4,exp_09
2026-09-07 05:10:43,45.8,15.4,30.9,0.3,0.0,57.6,2257.0,1660.0,0.0,5453807.0,11531.0,35345.0,9.69,5.68,4.29,30.0,18.0,,,29.0,0.0,13.0,0.0,0.0,0.0,0.0,0.0,0.0,0.0,0.0,259.45,0.0,0.0,3046.0,0.0,0.0,0.0,0.0,0.0,0.0,5008.0,0.0,0.0,0,0,2,0,0,3739.0,1857.5,3739.0,1857.5,1596.0,0.0,0.0,0,0,0,2,61.2,2,0,0,0,0.6,,,,0.0,0.0,0.0,carga4,exp_09
2026-09-07 05:10:44,47.6,14.9,30.1,0.0,0.0,57.6,2256.0,1661.0,0.0,5188818.0,13524.0,54262.0,9.69,5.68,4.29,30.0,17.0,,,28.0,0.0,13.0,0.0,0.0,0.0,0.0,0.0,0.0,0.0,0.0,457.07,0.0,0.0,3047.0,0.0,0.0,0.0,0.0,0.0,0.0,5008.0,0.0,0.0,0,0,0,0,0,0.0,0.0,0.0,0.0,0.0,0.0,0.0,0,0,0,0,62.5,0,0,0,0,0.5666666666666667,,,,0.0,0.0,0.0,carga4,exp_09
2026-09-07 05:10:45,44.1,18.2,30.8,0.3,0.0,57.6,2256.0,1660.0,0.0,5160375.0,12489.0,36116.0,9.69,5.68,4.29,30.0,17.0,,,27.0,0.0,13.0,0.0,0.0,0.0,0.0,0.0,0.0,0.0,0.0,323.9,0.0,0.0,3048.0,0.0,0.0,0.0,0.0,0.0,0.0,5008.0,0.0,0.0,0,0,1,0,0,1989.0,1989.0,1989.0,1989.0,0.0,0.0,0.0,0,0,0,1,62.3,1,0,0,0,0.5666666666666667,,,,0.0,0.0,0.0,carga4,exp_09
2026-09-07 05:10:47,51.0,18.3,24.3,0.3,0.0,57.8,2262.0,1654.0,0.0,2195149.0,15234.0,44498.0,9.69,5.68,4.29,30.0,17.0,,,28.0,0.0,13.0,0.0,0.0,0.0,0.0,0.0,0.0,0.0,0.0,101.78,0.0,0.0,3052.0,0.0,0.0,0.0,0.0,0.0,0.0,5051.0,0.0,0.0,0,0,1,0,0,126.0,126.0,126.0,126.0,93.0,0.0,0.0,0,0,0,1,69.3,1,0,0,0,0.5666666666666667,,,,0.0,0.0,0.0,carga4,exp_09
2026-09-07 05:10:55,46.2,32.2,13.8,0.1,0.0,57.7,2258.0,1658.0,1053.0,332678.0,7150.0,13114.0,9.24,5.72,4.32,31.0,18.0,,,29.0,0.0,13.0,0.0,0.0,0.0,0.0,0.0,0.0,0.0,0.0,7.45,0.0,0.0,3060.0,0.0,0.0,0.0,0.0,0.0,0.0,5051.0,0.0,0.0,0,0,2,2,0,2632.0,1346.0,2632.0,1346.0,136.0,0.0,0.0,0,0,0,1,78.4,2,0,2,0,0.5806451612903226,,,,0.0,0.0,0.0,carga4,exp_09
2026-09-07 05:10:58,42.4,25.1,24.2,0.0,0.0,57.7,2260.0,1657.0,0.0,969921.0,5528.0,30188.0,9.24,5.72,4.32,30.0,18.0,,,29.0,0.0,13.0,0.0,0.0,0.0,0.0,0.0,0.0,0.0,0.0,56.61,0.0,0.0,3061.0,0.0,0.0,0.0,0.0,0.0,0.0,5051.0,0.0,0.0,0,0,2,0,0,3123.0,1557.5,3123.0,1557.5,1025.0,0.0,0.0,0,0,0,2,67.5,2,0,0,0,0.6,,,,0.0,0.0,0.0,carga4,exp_09
2026-09-07 05:10:59,50.6,16.0,25.9,0.0,0.0,57.7,2259.0,1657.0,0.0,2564175.0,12732.0,37247.0,9.78,5.89,4.38,30.0,17.0,,,29.0,0.0,13.0,0.0,0.0,0.0,0.0,0.0,0.0,0.0,0.0,205.55,0.0,0.0,3062.0,0.0,0.0,0.0,0.0,0.0,0.0,5134.0,0.0,0.0,0,0,0,0,0,0.0,0.0,0.0,0.0,0.0,0.0,0.0,0,0,0,0,66.6,0,0,0,0,0.5666666666666667,,,,0.0,0.0,0.0,carga4,exp_09
2026-09-07 05:11:00,45.6,16.7,29.6,0.0,0.0,57.7,2260.0,1656.0,0.0,3710954.0,11621.0,41024.0,9.78,5.89,4.38,30.0,18.0,,,28.0,0.0,13.0,0.0,0.0,0.0,0.0,0.0,0.0,0.0,0.0,96.95,0.0,1.0,3063.0,0.0,0.0,0.0,0.0,0.0,0.0,5134.0,0.0,0.0,0,0,1,0,0,2021.0,2021.0,2021.0,2021.0,6.0,0.0,0.0,0,0,0,1,62.3,1,0,0,0,0.6,,,,0.0,0.0,0.0,carga4,exp_09
2026-09-07 05:11:01,46.5,17.9,27.9,0.1,0.0,57.7,2260.0,1656.0,0.0,19053099.0,16521.0,46892.0,9.78,5.89,4.38,30.0,18.0,,,28.0,0.0,13.0,0.0,0.0,0.0,0.0,0.0,0.0,0.0,0.0,277.54,0.0,1.0,3065.0,0.0,0.0,0.0,0.0,0.0,0.0,5134.0,0.0,0.0,0,0,0,0,0,0.0,0.0,0.0,0.0,0.0,0.0,0.0,0,0,0,0,64.4,0,0,0,0,0.6,,,,0.0,0.0,0.0,carga4,exp_09
2026-09-07 05:11:02,44.6,19.8,27.9,0.0,0.0,57.9,2269.0,1647.0,0.0,2396387.0,13416.0,30349.0,9.78,5.89,4.38,31.0,18.0,,,29.0,0.0,13.0,0.0,0.0,0.0,0.0,0.0,0.0,0.0,0.0,266.76,0.0,0.0,3066.0,0.0,0.0,0.0,0.0,0.0,0.0,5134.0,0.0,0.0,0,0,0,0,0,0.0,0.0,0.0,0.0,0.0,0.0,0.0,0,0,0,0,64.4,0,0,0,0,0.5806451612903226,,,,0.0,0.0,0.0,carga4,exp_09
2026-09-07 05:11:03,46.0,19.9,26.9,0.1,0.0,57.8,2265.0,1651.0,0.0,4410030.0,16196.0,24214.0,9.48,5.89,4.39,31.0,19.0,,,29.0,0.0,13.0,0.0,0.0,0.0,0.0,0.0,0.0,0.0,0.0,195.76,0.0,0.0,3067.0,0.0,0.0,0.0,0.0,0.0,0.0,5134.0,0.0,0.0,0,0,0,0,0,0.0,0.0,0.0,0.0,0.0,0.0,0.0,0,0,0,0,65.9,0,0,0,0,0.6129032258064516,,,,0.0,0.0,0.0,carga4,exp_09
2026-09-07 05:11:05,46.4,18.1,27.6,0.0,0.0,57.8,2263.0,1653.0,3107572.0,2445132.0,15689.0,28995.0,9.48,5.89,4.39,30.0,19.0,,,28.0,0.0,14.0,0.0,0.0,0.0,0.0,0.0,0.0,0.0,0.0,127.02,0.0,0.0,3068.0,0.0,0.0,0.0,0.0,0.0,0.0,5134.0,0.0,0.0,0,0,0,0,0,0.0,0.0,0.0,0.0,0.0,0.0,0.0,0,0,0,0,64.5,0,0,0,0,0.6333333333333333,,,,0.0,0.0,0.0,carga4,exp_09
2026-09-07 05:11:06,41.6,18.2,31.0,0.1,0.0,57.8,2263.0,1653.0,0.0,3594318.0,22405.0,41523.0,9.48,5.89,4.39,30.0,18.0,,,28.0,0.0,13.0,0.0,0.0,0.0,0.0,0.0,0.0,0.0,0.0,111.1,0.0,0.0,3070.0,0.0,0.0,0.0,0.0,0.0,0.0,5134.0,0.0,0.0,0,0,1,0,0,12.0,12.0,12.0,12.0,14.0,0.0,0.0,0,0,0,1,59.8,1,0,0,0,0.6,,,,0.0,0.0,0.0,carga4,exp_09
2026-09-07 05:11:07,48.3,15.9,27.4,0.0,0.0,57.8,2263.0,1653.0,0.0,3722192.0,19513.0,55016.0,9.48,5.89,4.39,30.0,17.0,,,28.0,0.0,13.0,0.0,0.0,0.0,0.0,0.0,0.0,0.0,0.0,177.48,0.0,1.0,3071.0,0.0,0.0,0.0,0.0,0.0,0.0,5134.0,0.0,0.0,0,0,0,0,0,0.0,0.0,0.0,0.0,0.0,0.0,0.0,0,0,0,0,64.2,0,0,0,0,0.5666666666666667,,,,0.0,0.0,0.0,carga4,exp_09
2026-09-07 05:11:08,50.4,15.9,25.8,0.0,0.0,57.8,2263.0,1653.0,0.0,2521928.0,11242.0,41536.0,9.48,5.89,4.39,30.0,17.0,,,29.0,0.0,13.0,0.0,0.0,0.0,0.0,0.0,0.0,0.0,0.0,139.93,0.0,0.0,3072.0,0.0,0.0,0.0,0.0,0.0,0.0,5134.0,0.0,0.0,0,0,2,0,0,2046.0,1019.5,2046.0,1019.5,14.0,0.0,0.0,0,0,0,2,66.3,2,0,0,0,0.5666666666666667,,,,0.0,0.0,0.0,carga4,exp_09
2026-09-07 05:11:09,45.6,21.2,26.4,0.0,0.0,57.9,2266.0,1650.0,0.0,3083867.0,13125.0,45851.0,9.52,5.96,4.42,30.0,17.0,,,29.0,0.0,14.0,0.0,0.0,0.0,0.0,0.0,0.0,0.0,0.0,220.82,0.0,1.0,3074.0,0.0,0.0,0.0,0.0,0.0,0.0,5008.0,0.0,0.0,0,0,0,0,0,0.0,0.0,0.0,0.0,0.0,0.0,0.0,0,0,0,0,66.8,0,0,0,0,0.5666666666666667,,,,0.0,0.0,0.0,carga4,exp_09
2026-09-07 05:11:11,47.7,18.6,26.2,0.0,0.0,57.9,2268.0,1648.0,0.0,2529067.0,11702.0,41728.0,9.52,5.96,4.42,30.0,17.0,,,28.0,0.0,13.0,0.0,0.0,0.0,0.0,0.0,0.0,0.0,0.0,226.62,0.0,0.5,3075.0,0.0,0.0,0.0,0.0,0.0,0.0,5008.0,0.0,0.0,0,0,2,0,0,2024.0,1098.0,2024.0,1098.0,118.0,0.0,0.0,0,0,0,2,66.30000000000001,2,0,0,0,0.5666666666666667,,,,0.0,0.0,0.0,carga4,exp_09
2026-09-07 05:11:12,45.5,16.5,30.1,0.0,0.0,57.8,2265.0,1651.0,0.0,3731313.0,12837.0,37725.0,9.52,5.96,4.42,30.0,18.0,,,29.0,0.0,13.0,0.0,0.0,0.0,0.0,0.0,0.0,0.0,0.0,201.27,0.0,0.0,3076.0,0.0,0.0,0.0,0.0,0.0,0.0,5008.0,0.0,0.0,0,0,2,0,0,2202.0,1092.0,2202.0,1092.0,118.0,0.0,0.0,0,0,0,2,62.0,2,0,0,0,0.6,4096.0,0.0,5.0,0.0,0.0,0.0,carga4,exp_09
2026-09-07 05:11:13,46.5,17.8,29.2,0.1,0.0,57.8,2265.0,1651.0,0.0,2485489.0,13782.0,45281.0,9.52,5.96,4.42,30.0,17.0,,,29.0,0.0,13.0,0.0,0.0,0.0,0.0,0.0,0.0,0.0,0.0,209.43,0.0,0.0,3077.0,0.0,0.0,0.0,0.0,0.0,0.0,5008.0,0.0,0.0,0,0,0,0,0,0.0,0.0,0.0,0.0,0.0,0.0,0.0,0,0,0,0,64.3,0,0,0,0,0.5666666666666667,,,,0.0,0.0,0.0,carga4,exp_09
2026-09-07 05:11:14,47.2,16.0,29.5,0.0,0.0,57.8,2265.0,1651.0,0.0,2520937.0,11237.0,41519.0,9.56,6.03,4.45,30.0,18.0,,,29.0,0.0,13.0,0.0,0.0,0.0,0.0,0.0,0.0,0.0,0.0,215.09,0.0,0.0,3078.0,0.0,0.0,0.0,0.0,0.0,0.0,5008.0,0.0,0.0,0,0,1,0,0,2003.0,2003.0,2003.0,2003.0,0.0,0.0,0.0,0,0,0,1,63.2,1,0,0,0,0.6,,,,0.0,0.0,0.0,carga4,exp_09
2026-09-07 05:11:15,45.2,17.4,29.6,0.0,0.0,57.9,2267.0,1649.0,549939.0,3702458.0,13407.0,37850.0,9.56,6.03,4.45,30.0,17.0,,,28.0,0.0,13.0,0.0,0.0,0.0,0.0,0.0,0.0,0.0,0.0,179.6,0.0,0.0,3080.0,0.0,0.0,0.0,0.0,0.0,0.0,5008.0,0.0,0.0,0,0,0,0,0,0.0,0.0,0.0,0.0,0.0,0.0,0.0,0,0,0,0,62.6,0,0,0,0,0.5666666666666667,,,,0.0,0.0,0.0,carga4,exp_09
2026-09-07 05:11:16,46.9,20.0,27.3,0.0,0.0,58.0,2270.0,1646.0,0.0,2528512.0,14708.0,34513.0,9.56,6.03,4.45,30.0,17.0,,,29.0,0.0,13.0,0.0,0.0,0.0,0.0,0.0,0.0,0.0,0.0,112.77,0.0,0.0,3081.0,0.0,0.0,0.0,0.0,0.0,0.0,5008.0,0.0,0.0,0,0,0,0,0,0.0,0.0,0.0,0.0,0.0,0.0,0.0,0,0,0,0,66.9,0,0,0,0,0.5666666666666667,,,,0.0,0.0,0.0,carga4,exp_09
2026-09-07 05:11:18,52.0,16.3,25.1,0.1,0.0,58.0,2273.0,1643.0,0.0,2354237.0,14440.0,28975.0,9.56,6.03,4.45,31.0,20.0,,,29.0,0.0,13.0,0.0,0.0,0.0,0.0,0.0,0.0,0.0,0.0,114.15,0.0,0.0,3082.0,0.0,0.0,0.0,0.0,0.0,0.0,5008.0,0.0,0.0,0,0,0,0,0,0.0,0.0,0.0,0.0,0.0,0.0,0.0,0,0,0,0,68.3,0,0,0,0,0.6451612903225806,,,,0.0,0.0,0.0,carga4,exp_09
2026-09-07 05:11:19,45.8,17.8,29.8,0.0,0.0,57.9,2269.0,1648.0,0.0,3641444.0,16700.0,21655.0,9.68,6.11,4.49,31.0,18.0,,,28.0,0.0,13.0,0.0,0.0,0.0,0.0,0.0,0.0,0.0,0.0,159.12,0.0,0.0,3083.0,0.0,0.0,0.0,0.0,0.0,0.0,5008.0,0.0,0.0,0,0,0,0,0,0.0,0.0,0.0,0.0,0.0,0.0,0.0,0,0,0,0,63.6,0,0,0,0,0.5806451612903226,,,,0.0,0.0,0.0,carga4,exp_09
2026-09-07 05:11:20,46.3,15.7,29.5,0.0,0.0,57.9,2268.0,1648.0,0.0,2472144.0,14153.0,31365.0,9.68,6.11,4.49,31.0,18.0,,,29.0,0.0,13.0,0.0,0.0,0.0,0.0,0.0,0.0,0.0,0.0,149.17,0.0,0.0,3084.0,0.0,0.0,0.0,0.0,0.0,0.0,5008.0,0.0,0.0,0,0,3,0,0,132.0,48.333333333333336,132.0,48.333333333333336,126.0,0.0,0.0,0,0,0,3,62.0,3,0,0,0,0.5806451612903226,,,,0.0,0.0,0.0,carga4,exp_09
2026-09-07 05:11:21,44.3,16.7,30.2,0.1,0.0,57.9,2268.0,1648.0,0.0,3727853.0,25903.0,50173.0,9.68,6.11,4.49,30.0,19.0,,,27.0,0.0,13.0,0.0,0.0,0.0,0.0,0.0,0.0,0.0,0.0,126.8,0.0,0.0,3086.0,0.0,0.0,0.0,0.0,0.0,0.0,5008.0,0.0,0.0,0,0,0,0,0,0.0,0.0,0.0,0.0,0.0,0.0,0.0,0,0,0,0,61.0,0,0,0,0,0.6333333333333333,,,,0.0,0.0,0.0,carga4,exp_09
2026-09-07 05:11:22,46.2,18.5,28.5,0.0,0.0,57.9,2268.0,1648.0,0.0,2428679.0,15787.0,35969.0,9.68,6.11,4.49,30.0,17.0,,,29.0,0.0,13.0,0.0,0.0,0.0,0.0,0.0,0.0,0.0,0.0,139.81,0.0,0.0,3087.0,0.0,0.0,0.0,0.0,0.0,0.0,5008.0,0.0,0.0,0,0,3,0,0,2158.0,2074.0,2158.0,2074.0,126.0,0.0,0.0,0,0,0,3,64.7,3,0,0,0,0.5666666666666667,,,,0.0,0.0,0.0,carga4,exp_09
2026-09-07 05:11:24,48.1,17.2,27.5,0.0,0.0,58.0,2273.0,1643.0,0.0,2427480.0,12608.0,43819.0,9.86,6.21,4.53,30.0,17.0,,,29.0,0.0,13.0,0.0,0.0,0.0,0.0,0.0,0.0,0.0,0.0,121.23,0.0,0.0,3088.0,0.0,0.0,0.0,0.0,0.0,0.0,5008.0,0.0,0.0,0,0,0,0,0,0.0,0.0,0.0,0.0,0.0,0.0,0.0,0,0,0,0,65.3,0,0,0,0,0.5666666666666667,,,,0.0,0.0,0.0,carga4,exp_09
2026-09-07 05:11:25,44.3,19.6,27.9,0.0,0.0,58.0,2273.0,1643.0,0.0,3521081.0,10464.0,38661.0,9.86,6.21,4.53,30.0,18.0,,,29.0,0.0,13.0,0.0,0.0,0.0,0.0,0.0,0.0,0.0,0.0,122.92,0.0,0.0,3089.0,0.0,0.0,0.0,0.0,0.0,0.0,5008.0,0.0,0.0,0,0,0,0,0,0.0,0.0,0.0,0.0,0.0,0.0,0.0,0,0,0,0,63.9,0,0,0,0,0.6,,,,0.0,0.0,0.0,carga4,exp_09
2026-09-07 05:11:26,49.5,16.8,26.8,0.0,0.0,58.0,2271.0,1645.0,0.0,2610500.0,13191.0,38712.0,9.86,6.21,4.53,30.0,17.0,,,29.0,0.0,13.0,0.0,0.0,0.0,0.0,0.0,0.0,0.0,0.0,193.58,0.0,0.0,3090.0,0.0,0.0,0.0,0.0,0.0,0.0,5008.0,0.0,0.0,0,0,0,0,0,0.0,0.0,0.0,0.0,0.0,0.0,0.0,0,0,0,0,66.3,0,0,0,0,0.5666666666666667,,,,0.0,0.0,0.0,carga4,exp_09
2026-09-07 05:11:27,46.2,17.5,28.7,0.0,0.0,57.9,2266.0,1650.0,0.0,2431556.0,13201.0,37205.0,9.86,6.21,4.53,30.0,17.0,,,29.0,0.0,13.0,0.0,0.0,0.0,0.0,0.0,0.0,0.0,0.0,106.1,0.0,0.0,3092.0,0.0,0.0,0.0,0.0,0.0,0.0,5008.0,0.0,0.0,0,0,0,0,0,0.0,0.0,0.0,0.0,0.0,0.0,0.0,0,0,0,0,63.7,0,0,0,0,0.5666666666666667,,,,0.0,0.0,0.0,carga4,exp_09
2026-09-07 05:11:28,45.5,19.0,28.6,0.0,0.0,57.9,2266.0,1650.0,0.0,2424886.0,10764.0,32993.0,9.79,6.26,4.55,30.0,17.0,,,27.0,0.0,13.0,0.0,0.0,0.0,0.0,0.0,0.0,0.0,0.0,59.68,0.0,0.0,3095.0,0.0,0.0,0.0,0.0,0.0,0.0,5008.0,0.0,0.0,0,0,0,0,0,0.0,0.0,0.0,0.0,0.0,0.0,0.0,0,0,0,0,64.5,0,0,0,0,0.5666666666666667,,,,0.0,0.0,0.0,carga4,exp_09
2026-09-07 05:11:31,46.5,24.0,21.5,0.1,0.0,58.0,2272.0,1644.0,0.0,1684972.0,6519.0,21577.0,9.79,6.26,4.55,30.0,18.0,,,27.0,0.0,13.0,0.0,0.0,0.0,0.0,0.0,0.0,0.0,0.0,32.51,0.0,0.0,3098.0,0.0,0.0,0.0,0.0,0.0,0.0,5008.0,0.0,0.0,0,0,2,0,0,479.0,239.0,479.0,239.0,458.0,0.0,0.0,0,0,0,2,70.5,2,0,0,0,0.6,,,,0.0,0.0,0.0,carga4,exp_09
2026-09-07 05:11:34,45.4,26.7,19.5,0.2,0.0,58.0,2271.0,1646.0,0.0,2430852.0,10327.0,20232.0,9.17,6.18,4.54,30.0,17.0,,,29.0,0.0,13.0,0.0,0.0,0.0,0.0,0.0,0.0,0.0,0.0,54.42,0.0,0.0,3098.0,0.0,0.0,0.0,0.0,0.0,0.0,5008.0,0.0,0.0,0,0,2,0,0,3294.0,1821.0,3294.0,1821.0,18.0,0.0,0.0,0,0,0,2,72.1,2,0,0,0,0.5666666666666667,,,,0.0,0.0,0.0,carga4,exp_09
2026-09-07 05:11:35,45.8,17.0,29.4,0.2,0.0,58.0,2271.0,1645.0,0.0,3869839.0,15214.0,41367.0,9.17,6.18,4.54,30.0,17.0,,,26.0,0.0,13.0,0.0,13.0,9.0,4.0,0.0,0.0,0.0,0.0,124.32,0.0,0.0,3102.0,0.0,0.0,0.0,0.0,0.0,0.0,5008.0,0.0,0.0,0,0,0,0,0,0.0,0.0,0.0,0.0,0.0,0.0,0.0,0,0,0,0,62.8,0,0,0,0,0.5666666666666667,,,,0.0,0.0,0.0,carga4,exp_09
2026-09-07 05:11:40,50.6,26.4,16.4,0.0,0.0,58.1,2274.0,1642.0,0.0,1133354.0,8800.0,27072.0,10.12,6.43,4.62,30.0,18.0,,,28.0,0.0,13.0,0.0,0.0,0.0,0.0,0.0,0.0,0.0,0.0,71.25,0.0,1.0,3105.0,0.0,0.0,0.0,0.0,0.0,0.0,5008.0,0.0,0.0,0,0,8,6,0,3598.0,1936.0,3598.0,1936.0,3991.0,0.0,0.0,0,0,0,3,77.0,8,0,6,0,0.6,,,,0.0,0.0,0.0,carga4,exp_09
2026-09-07 05:11:41,59.4,21.1,13.8,0.0,0.0,58.1,2275.0,1641.0,0.0,0.0,12177.0,35046.0,10.12,6.43,4.62,30.0,17.0,,,25.0,0.0,13.0,0.0,0.0,0.0,0.0,0.0,0.0,0.0,0.0,48.65,0.0,0.0,3107.0,0.0,0.0,0.0,0.0,0.0,0.0,5253.0,0.0,0.0,0,0,0,0,0,0.0,0.0,0.0,0.0,0.0,0.0,0.0,0,0,0,0,80.5,0,0,0,0,0.5666666666666667,,,,0.0,0.0,0.0,carga4,exp_09
2026-09-07 05:11:45,44.5,25.4,21.3,0.0,0.0,58.1,2274.0,1642.0,0.0,354827.0,4126.0,12277.0,10.35,6.54,4.67,30.0,18.0,,,27.0,0.0,13.0,0.0,0.0,0.0,0.0,0.0,0.0,0.0,0.0,13.18,0.0,0.0,3111.0,0.0,0.0,0.0,0.0,0.0,0.0,5253.0,0.0,0.0,0,0,3,5,0,2922.0,1861.0,2922.0,1861.0,1911.0,0.0,0.0,0,0,0,2,69.9,3,0,5,0,0.6,,,,0.0,0.0,0.0,carga4,exp_09
2026-09-07 05:11:49,46.3,27.0,18.9,0.0,0.0,58.0,2270.0,1646.0,0.0,13752.0,7958.0,14111.0,10.32,6.6,4.7,30.0,19.0,,,27.0,0.0,13.0,0.0,0.0,0.0,0.0,0.0,0.0,0.0,0.0,13.91,0.0,0.0,3116.0,0.0,0.0,0.0,0.0,0.0,0.0,5253.0,0.0,0.0,0,0,1,1,0,4185.0,4185.0,4185.0,4185.0,1069.0,0.0,0.0,0,0,0,1,73.3,1,0,1,0,0.6333333333333333,,,,0.0,0.0,0.0,carga4,exp_09
2026-09-07 05:11:51,45.2,30.4,17.2,0.0,0.0,57.9,2268.0,1648.0,0.0,703277.0,11021.0,26398.0,10.32,6.6,4.7,30.0,18.0,,,27.0,0.0,13.0,0.0,0.0,0.0,0.0,0.0,0.0,0.0,0.0,40.85,0.0,0.0,3119.0,0.0,0.0,0.0,0.0,0.0,0.0,5074.0,0.0,0.0,0,0,0,0,0,0.0,0.0,0.0,0.0,0.0,0.0,0.0,0,0,0,0,75.6,0,0,0,0,0.6,,,,0.0,0.0,0.0,carga4,exp_09
2026-09-07 05:11:55,43.6,27.2,20.5,0.1,0.0,57.9,2269.0,1647.0,0.0,715914.0,7122.0,14713.0,10.45,6.69,4.74,30.0,17.0,,,29.0,0.0,13.0,0.0,0.0,0.0,0.0,0.0,0.0,0.0,0.0,43.82,0.0,0.0,3122.0,0.0,0.0,0.0,0.0,0.0,0.0,5074.0,0.0,0.0,0,0,1,0,0,2373.0,2373.0,2373.0,2373.0,1239.0,0.0,0.0,0,0,0,1,70.8,1,0,0,0,0.5666666666666667,,,,0.0,0.0,0.0,carga4,exp_09
2026-09-07 05:11:57,46.9,16.7,28.1,0.0,0.0,58.0,2270.0,1646.0,0.0,3542455.0,12266.0,42735.0,10.45,6.69,4.74,30.0,17.0,,,27.0,0.0,13.0,0.0,0.0,0.0,0.0,0.0,0.0,0.0,0.0,140.05,0.0,0.0,3123.0,0.0,0.0,0.0,0.0,0.0,0.0,5074.0,0.0,0.0,0,0,2,0,0,5146.0,2560.5,5146.0,2560.5,1239.0,0.0,0.0,0,0,0,2,63.6,2,0,0,0,0.5666666666666667,,,,0.0,0.0,0.0,carga4,exp_09
2026-09-07 05:11:58,46.5,16.4,28.8,0.0,0.0,58.0,2270.0,1646.0,0.0,3588673.0,10515.0,38851.0,10.45,6.69,4.74,30.0,19.0,,,28.0,0.0,13.0,0.0,0.0,0.0,0.0,0.0,0.0,0.0,0.0,147.25,0.0,0.0,3124.0,0.0,0.0,0.0,0.0,0.0,0.0,5074.0,0.0,0.0,0,0,0,0,0,0.0,0.0,0.0,0.0,0.0,0.0,0.0,0,0,0,0,62.9,0,0,0,0,0.6333333333333333,,,,0.0,0.0,0.0,carga4,exp_09
2026-09-07 05:11:59,45.3,16.4,29.9,0.1,0.0,57.9,2269.0,1647.0,0.0,2441144.0,12679.0,44082.0,10.34,6.73,4.76,30.0,17.0,,,29.0,0.0,13.0,0.0,1.0,0.0,0.0,0.0,0.0,0.0,0.0,168.46,0.0,1.0,3125.0,0.0,0.0,0.0,0.0,0.0,0.0,5074.0,0.0,0.0,0,0,1,0,0,2005.0,2005.0,2005.0,2005.0,0.0,0.0,0.0,0,0,0,1,61.7,1,0,0,0,0.5666666666666667,,,,0.0,0.0,0.0,carga4,exp_09
2026-09-07 05:12:00,48.0,17.9,26.3,0.0,0.0,57.9,2268.0,1648.0,0.0,3904187.0,12083.0,42650.0,10.34,6.73,4.76,30.0,18.0,,,27.0,0.0,13.0,0.0,0.0,0.0,0.0,0.0,0.0,0.0,0.0,198.39,0.0,0.0,3126.0,0.0,0.0,0.0,0.0,0.0,0.0,5074.0,0.0,0.0,0,0,0,0,0,0.0,0.0,0.0,0.0,0.0,0.0,0.0,0,0,0,0,65.9,0,0,0,0,0.6,,,,0.0,0.0,0.0,carga4,exp_09
2026-09-07 05:12:01,44.8,19.2,29.0,0.0,0.0,58.0,2270.0,1646.0,0.0,2491007.0,14692.0,38938.0,10.34,6.73,4.76,30.0,17.0,,,28.0,0.0,13.0,0.0,0.0,0.0,0.0,0.0,0.0,0.0,0.0,69.87,0.0,0.0,3127.0,0.0,0.0,0.0,0.0,0.0,0.0,5074.0,0.0,0.0,0,0,0,0,0,0.0,0.0,0.0,0.0,0.0,0.0,0.0,0,0,0,0,64.0,0,0,0,0,0.5666666666666667,,,,0.0,0.0,0.0,carga4,exp_09
2026-09-07 05:12:03,51.0,18.4,22.7,0.0,0.0,58.1,2275.0,1641.0,0.0,23209336.0,16416.0,39766.0,10.34,6.73,4.76,30.0,18.0,,,28.0,0.0,13.0,0.0,0.0,0.0,0.0,0.0,0.0,0.0,0.0,141.65,0.0,0.0,3129.0,0.0,0.0,0.0,0.0,0.0,0.0,5074.0,0.0,0.0,0,0,0,0,0,0.0,0.0,0.0,0.0,0.0,0.0,0.0,0,0,0,0,69.4,0,0,0,0,0.6,,,,0.0,0.0,0.0,carga4,exp_09
2026-09-07 05:12:04,46.0,17.9,28.2,0.0,0.0,58.0,2273.0,1643.0,0.0,3754295.0,16861.0,37472.0,9.75,6.66,4.75,30.0,19.0,,,28.0,0.0,13.0,0.0,0.0,0.0,0.0,0.0,0.0,0.0,0.0,279.49,0.0,0.0,3130.0,0.0,0.0,0.0,0.0,0.0,0.0,5074.0,0.0,0.0,0,0,0,0,0,0.0,0.0,0.0,0.0,0.0,0.0,0.0,0,0,0,0,63.9,0,0,0,0,0.6333333333333333,,,,0.0,0.0,0.0,carga4,exp_09
2026-09-07 05:12:05,46.5,17.2,29.1,0.1,0.0,58.0,2271.0,1645.0,0.0,2708854.0,16413.0,55900.0,9.75,6.66,4.75,30.0,17.0,,,28.0,0.0,13.0,0.0,0.0,0.0,0.0,0.0,0.0,0.0,0.0,234.5,0.0,2.0,3131.0,0.0,0.0,0.0,0.0,0.0,0.0,5007.0,0.0,0.0,0,0,1,0,0,105.0,105.0,105.0,105.0,98.0,0.0,0.0,0,0,0,1,63.7,1,0,0,0,0.5666666666666667,,,,0.0,0.0,0.0,carga4,exp_09
2026-09-07 05:12:06,45.1,18.6,29.3,0.0,0.0,58.0,2271.0,1645.0,0.0,3804710.0,14556.0,43845.0,9.75,6.66,4.75,30.0,17.0,,,28.0,0.0,13.0,0.0,0.0,0.0,0.0,0.0,0.0,0.0,0.0,252.07,0.0,1.0,3132.0,0.0,0.0,0.0,0.0,0.0,0.0,5007.0,0.0,0.0,0,0,0,0,0,0.0,0.0,0.0,0.0,0.0,0.0,0.0,0,0,0,0,63.7,0,0,0,0,0.5666666666666667,,,,0.0,0.0,0.0,carga4,exp_09
2026-09-07 05:12:07,47.0,17.7,28.9,0.0,0.0,58.0,2271.0,1645.0,0.0,2446164.0,21574.0,42014.0,9.75,6.66,4.75,31.0,18.0,,,28.0,0.0,13.0,0.0,0.0,0.0,0.0,0.0,0.0,0.0,0.0,169.38,0.0,0.0,3133.0,0.0,0.0,0.0,0.0,0.0,0.0,5007.0,0.0,0.0,0,0,1,0,0,2149.0,2149.0,2149.0,2149.0,98.0,0.0,0.0,0,0,0,1,64.7,1,0,0,0,0.5806451612903226,,,,0.0,0.0,0.0,carga4,exp_09
2026-09-07 05:12:08,47.1,17.8,27.6,0.1,0.0,58.1,2274.0,1642.0,0.0,3729449.0,17565.0,47996.0,9.75,6.66,4.75,31.0,18.0,,,28.0,0.0,13.0,0.0,0.0,0.0,0.0,0.0,0.0,0.0,0.0,157.33,0.0,0.0,3134.0,0.0,0.0,0.0,0.0,0.0,0.0,5007.0,0.0,0.0,0,0,0,0,0,0.0,0.0,0.0,0.0,0.0,0.0,0.0,0,0,0,0,64.9,0,0,0,0,0.5806451612903226,,,,0.0,0.0,0.0,carga4,exp_09
2026-09-07 05:12:09,45.6,17.9,28.5,0.0,0.0,58.2,2277.0,1639.0,0.0,2522761.0,12898.0,18572.0,10.01,6.77,4.8,30.0,18.0,,,27.0,0.0,13.0,0.0,0.0,0.0,0.0,0.0,0.0,0.0,0.0,180.22,0.0,0.0,3135.0,0.0,0.0,0.0,0.0,0.0,0.0,5007.0,0.0,0.0,0,0,0,0,0,0.0,0.0,0.0,0.0,0.0,0.0,0.0,0,0,0,0,63.5,0,0,0,0,0.6,,,,0.0,0.0,0.0,carga4,exp_09
2026-09-07 05:12:11,50.3,16.1,26.7,0.0,0.0,58.1,2274.0,1642.0,0.0,2521870.0,12805.0,46756.0,10.01,6.77,4.8,30.0,17.0,,,28.0,0.0,13.0,0.0,0.0,0.0,0.0,0.0,0.0,0.0,0.0,159.66,0.0,0.5,3137.0,0.0,0.0,0.0,0.0,0.0,0.0,5007.0,0.0,0.0,0,0,0,0,0,0.0,0.0,0.0,0.0,0.0,0.0,0.0,0,0,0,0,66.4,0,0,0,0,0.5666666666666667,,,,0.0,0.0,0.0,carga4,exp_09
2026-09-07 05:12:12,45.9,16.1,28.9,0.0,0.0,58.0,2273.0,1643.0,0.0,3687265.0,11554.0,33778.0,10.01,6.77,4.8,30.0,17.0,,,28.0,0.0,13.0,0.0,0.0,0.0,0.0,0.0,0.0,0.0,0.0,113.38,0.0,0.0,3138.0,0.0,0.0,0.0,0.0,0.0,0.0,5007.0,0.0,0.0,0,0,0,0,0,0.0,0.0,0.0,0.0,0.0,0.0,0.0,0,0,0,0,62.0,0,0,0,0,0.5666666666666667,4096.0,0.0,5.0,0.0,0.0,0.0,carga4,exp_09
2026-09-07 05:12:13,43.3,19.0,29.7,0.0,0.0,57.9,2266.0,1650.0,0.0,4464063.0,13488.0,37572.0,10.01,6.77,4.8,30.0,17.0,,,29.0,0.0,13.0,0.0,0.0,0.0,0.0,0.0,0.0,0.0,0.0,123.27,0.0,0.0,3139.0,0.0,0.0,0.0,0.0,0.0,0.0,5007.0,0.0,0.0,0,0,0,0,0,0.0,0.0,0.0,0.0,0.0,0.0,0.0,0,0,0,0,62.3,0,0,0,0,0.5666666666666667,,,,0.0,0.0,0.0,carga4,exp_09
2026-09-07 05:12:14,44.5,17.6,30.8,0.1,0.0,57.8,2265.0,1651.0,0.0,2461400.0,10926.0,33490.0,9.77,6.77,4.81,30.0,18.0,,,28.0,0.0,13.0,0.0,0.0,0.0,0.0,0.0,0.0,0.0,0.0,100.72,0.0,0.0,3140.0,0.0,0.0,0.0,0.0,0.0,0.0,5007.0,0.0,0.0,0,0,0,0,0,0.0,0.0,0.0,0.0,0.0,0.0,0.0,0,0,0,0,62.1,0,0,0,0,0.6,,,,0.0,0.0,0.0,carga4,exp_09
2026-09-07 05:12:15,44.3,18.4,28.7,0.0,0.0,58.0,2269.0,1647.0,0.0,2433956.0,12596.0,37038.0,9.77,6.77,4.81,30.0,17.0,,,28.0,0.0,13.0,0.0,0.0,0.0,0.0,0.0,0.0,0.0,0.0,133.37,0.0,0.0,3142.0,0.0,0.0,0.0,0.0,0.0,0.0,5007.0,0.0,0.0,0,0,0,0,0,0.0,0.0,0.0,0.0,0.0,0.0,0.0,0,0,0,0,62.7,0,0,0,0,0.5666666666666667,,,,0.0,0.0,0.0,carga4,exp_09
2026-09-07 05:12:16,44.5,19.1,29.4,0.0,0.0,58.0,2271.0,1645.0,0.0,3891769.0,12871.0,42154.0,9.77,6.77,4.81,30.0,17.0,,,28.0,0.0,13.0,0.0,0.0,0.0,0.0,0.0,0.0,0.0,1.0,102.77,0.0,1.0,3143.0,0.0,0.0,0.0,0.0,0.0,0.0,5008.0,0.0,0.0,0,0,1,0,0,19.0,19.0,19.0,19.0,38.0,0.0,0.0,0,0,0,1,63.6,1,0,0,0,0.5666666666666667,,,,0.0,0.0,0.0,carga4,exp_09
2026-09-07 05:12:18,46.2,16.1,29.3,0.1,0.0,58.0,2269.0,1647.0,0.0,2569020.0,16585.0,49096.0,9.77,6.77,4.81,30.0,17.0,,,29.0,0.0,56.0,0.0,0.0,0.0,2.0,2.0,0.0,0.0,2.0,139.09,0.0,1.5,3145.0,0.0,0.0,0.0,0.0,0.0,0.0,5008.0,0.0,0.0,0,0,2,4,0,2051.0,1017.5,2051.0,1017.5,46.0,0.0,0.0,0,0,0,2,62.3,2,0,4,0,0.5666666666666667,,,,0.0,0.0,0.0,carga4,exp_09
2026-09-07 05:12:19,47.5,15.9,28.3,0.3,0.0,58.0,2270.0,1647.0,0.0,3788073.0,18837.0,50664.0,9.87,6.84,4.84,30.0,18.0,,,28.0,0.0,13.0,0.0,0.0,0.0,0.0,0.0,0.0,0.0,0.0,205.7,0.0,5.0,3146.0,0.0,0.0,0.0,0.0,0.0,0.0,5008.0,0.0,0.0,0,0,0,0,0,0.0,0.0,0.0,0.0,0.0,0.0,0.0,0,0,0,0,63.4,0,0,0,0,0.6,,,,0.0,0.0,0.0,carga4,exp_09
2026-09-07 05:12:20,50.3,15.6,26.7,0.0,0.0,57.9,2266.0,1650.0,0.0,2481921.0,14491.0,42762.0,9.87,6.84,4.84,30.0,19.0,,,28.0,0.0,13.0,0.0,0.0,0.0,0.0,0.0,0.0,0.0,0.0,193.66,0.0,0.0,3147.0,0.0,0.0,0.0,0.0,0.0,0.0,5008.0,0.0,0.0,0,0,1,4,0,2023.0,2023.0,2023.0,2023.0,8.0,0.0,0.0,0,0,0,1,65.89999999999999,1,0,4,0,0.6333333333333333,,,,0.0,0.0,0.0,carga4,exp_09
2026-09-07 05:12:21,48.3,16.1,28.7,0.0,0.0,57.9,2266.0,1650.0,0.0,3816013.0,17604.0,40832.0,9.87,6.84,4.84,30.0,19.0,,,29.0,0.0,13.0,0.0,0.0,0.0,0.0,0.0,0.0,0.0,0.0,195.85,0.0,0.0,3148.0,0.0,0.0,0.0,0.0,0.0,0.0,5008.0,0.0,0.0,0,0,0,0,0,0.0,0.0,0.0,0.0,0.0,0.0,0.0,0,0,0,0,64.4,0,0,0,0,0.6333333333333333,,,,0.0,0.0,0.0,carga4,exp_09
2026-09-07 05:12:22,47.1,15.7,27.8,0.1,0.0,57.9,2267.0,1649.0,0.0,2457033.0,20296.0,38083.0,9.87,6.84,4.84,30.0,17.0,,,29.0,0.0,13.0,0.0,0.0,0.0,0.0,0.0,0.0,0.0,0.0,167.01,0.0,0.0,3149.0,0.0,0.0,0.0,0.0,0.0,0.0,5008.0,0.0,0.0,0,0,0,0,0,0.0,0.0,0.0,0.0,0.0,0.0,0.0,0,0,0,0,62.8,0,0,0,0,0.5666666666666667,,,,0.0,0.0,0.0,carga4,exp_09
2026-09-07 05:12:23,49.7,17.9,26.4,0.0,0.0,57.7,2258.0,1658.0,0.0,2784638.0,17436.0,44355.0,9.88,6.9,4.87,31.0,18.0,,,28.0,0.0,13.0,0.0,0.0,0.0,0.0,0.0,0.0,0.0,0.0,253.57,0.0,5.0,3151.0,0.0,0.0,0.0,0.0,0.0,0.0,5008.0,0.0,0.0,0,0,0,0,0,0.0,0.0,0.0,0.0,0.0,0.0,0.0,0,0,0,0,67.6,0,0,0,0,0.5806451612903226,,,,0.0,0.0,0.0,carga4,exp_09
2026-09-07 05:12:25,46.3,16.0,30.4,0.1,0.0,57.6,2256.0,1660.0,0.0,3609103.0,10465.0,19267.0,9.88,6.9,4.87,31.0,18.0,,,28.0,0.0,13.0,0.0,0.0,0.0,0.0,0.0,0.0,0.0,0.0,231.91,0.0,0.0,3152.0,0.0,0.0,0.0,0.0,0.0,0.0,5008.0,0.0,0.0,0,0,1,0,0,-7.0,-7.0,-7.0,-7.0,0.0,0.0,0.0,0,0,0,1,62.3,1,0,0,0,0.5806451612903226,,,,0.0,0.0,0.0,carga4,exp_09
2026-09-07 05:12:26,43.3,17.5,30.2,0.0,0.0,57.6,2256.0,1660.0,0.0,3621776.0,12440.0,33316.0,9.88,6.9,4.87,30.0,18.0,,,28.0,0.0,13.0,0.0,0.0,0.0,0.0,0.0,0.0,0.0,0.0,186.74,0.0,0.0,3153.0,0.0,0.0,0.0,0.0,0.0,0.0,5008.0,0.0,0.0,0,0,2,0,0,2028.0,1107.5,2028.0,1107.5,121.0,0.0,0.0,0,0,0,2,60.8,2,0,0,0,0.6,,,,0.0,0.0,0.0,carga4,exp_09
2026-09-07 05:12:27,43.1,18.3,30.6,0.0,0.0,57.6,2257.0,1659.0,0.0,2461431.0,12696.0,37957.0,9.88,6.9,4.87,30.0,17.0,,,29.0,0.0,13.0,0.0,0.0,0.0,0.0,0.0,0.0,0.0,0.0,125.48,0.0,0.0,3154.0,0.0,0.0,0.0,0.0,0.0,0.0,5004.0,0.0,0.0,0,0,0,0,0,0.0,0.0,0.0,0.0,0.0,0.0,0.0,0,0,0,0,61.400000000000006,0,0,0,0,0.5666666666666667,,,,0.0,0.0,0.0,carga4,exp_09
2026-09-07 05:12:28,53.3,15.7,23.5,0.1,0.0,57.7,2259.0,1657.0,0.0,3695589.0,11573.0,40854.0,9.88,6.9,4.87,30.0,18.0,,,28.0,0.0,13.0,0.0,0.0,0.0,0.0,0.0,0.0,0.0,0.0,164.05,0.0,0.0,3155.0,0.0,0.0,0.0,0.0,0.0,0.0,5004.0,0.0,0.0,0,0,1,0,0,2214.0,2214.0,2214.0,2214.0,121.0,0.0,0.0,0,0,0,1,69.0,1,0,0,0,0.6,,,,0.0,0.0,0.0,carga4,exp_09
2026-09-07 05:12:29,51.5,16.4,25.5,0.0,0.0,57.8,2265.0,1651.0,0.0,2454901.0,12564.0,50413.0,9.97,6.96,4.9,30.0,17.0,,,29.0,0.0,13.0,0.0,0.0,0.0,0.0,0.0,0.0,0.0,0.0,240.73,0.0,0.0,3156.0,0.0,0.0,0.0,0.0,0.0,0.0,5004.0,0.0,0.0,0,0,0,0,0,0.0,0.0,0.0,0.0,0.0,0.0,0.0,0,0,0,0,67.9,0,0,0,0,0.5666666666666667,,,,0.0,0.0,0.0,carga4,exp_09
2026-09-07 05:12:31,50.0,15.4,28.0,0.0,0.0,57.9,2266.0,1650.0,0.0,2524377.0,11206.0,34347.0,9.97,6.96,4.9,30.0,17.0,,,27.0,0.0,13.0,0.0,0.0,0.0,0.0,0.0,0.0,0.0,0.0,156.7,0.0,0.0,3157.0,0.0,0.0,0.0,0.0,0.0,0.0,5004.0,0.0,0.0,0,0,0,0,0,0.0,0.0,0.0,0.0,0.0,0.0,0.0,0,0,0,0,65.4,0,0,0,0,0.5666666666666667,,,,0.0,0.0,0.0,carga4,exp_09
2026-09-07 05:12:32,45.6,17.4,29.0,0.0,0.0,57.8,2264.0,1652.0,0.0,3796020.0,15282.0,39914.0,9.97,6.96,4.9,30.0,17.0,,,29.0,0.0,13.0,0.0,0.0,0.0,0.0,0.0,0.0,0.0,0.0,178.16,0.0,0.0,3159.0,0.0,0.0,0.0,0.0,0.0,0.0,5004.0,0.0,0.0,0,0,0,0,0,0.0,0.0,0.0,0.0,0.0,0.0,0.0,0,0,0,0,63.0,0,0,0,0,0.5666666666666667,,,,0.0,0.0,0.0,carga4,exp_09
2026-09-07 05:12:33,43.3,26.6,21.5,0.0,0.0,57.8,2264.0,1652.0,0.0,0.0,13602.0,5938.0,9.97,6.96,4.9,30.0,20.0,,,26.0,0.0,13.0,0.0,0.0,0.0,0.0,0.0,0.0,0.0,0.0,7.54,0.0,0.0,3161.0,0.0,0.0,0.0,0.0,0.0,0.0,5004.0,0.0,0.0,0,0,0,0,0,0.0,0.0,0.0,0.0,0.0,0.0,0.0,0,0,0,0,69.9,0,0,0,0,0.6666666666666666,,,,0.0,0.0,0.0,carga4,exp_09
2026-09-07 05:12:35,44.6,23.6,23.8,0.2,0.0,57.7,2261.0,1655.0,427945.0,2954468.0,10836.0,24350.0,10.21,7.07,4.95,30.0,17.0,,,29.0,0.0,13.0,0.0,0.0,0.0,0.0,0.0,0.0,0.0,0.0,114.05,0.0,0.0,3163.0,0.0,0.0,0.0,0.0,0.0,0.0,5004.0,0.0,0.0,0,0,2,0,0,1742.0,1006.5,1742.0,1006.5,1710.0,0.0,0.0,0,0,0,2,68.2,2,0,0,0,0.5666666666666667,,,,0.0,0.0,0.0,carga4,exp_09
2026-09-07 05:12:36,43.9,27.6,20.9,0.2,0.0,57.8,2265.0,1652.0,0.0,1822752.0,15872.0,54178.0,10.21,7.07,4.95,30.0,17.0,,,27.0,0.0,13.0,0.0,0.0,0.0,0.0,0.0,0.0,0.0,0.0,77.63,0.0,0.0,3165.0,0.0,0.0,0.0,0.0,0.0,0.0,5004.0,0.0,0.0,0,0,0,0,0,0.0,0.0,0.0,0.0,0.0,0.0,0.0,0,0,0,0,71.5,0,0,0,0,0.5666666666666667,,,,0.0,0.0,0.0,carga4,exp_09
2026-09-07 05:12:39,45.0,31.7,15.2,0.0,0.0,57.7,2261.0,1655.0,0.0,0.0,12321.0,17520.0,10.44,7.16,4.99,31.0,18.0,,,28.0,0.0,13.0,0.0,0.0,0.0,0.0,0.0,0.0,0.0,0.0,6.03,0.0,0.0,3167.0,0.0,0.0,0.0,0.0,0.0,0.0,5027.0,0.0,0.0,0,0,2,0,0,4511.0,3855.5,4511.0,3855.5,1710.0,0.0,0.0,0,0,0,2,76.7,2,0,0,0,0.5806451612903226,,,,0.0,0.0,0.0,carga4,exp_09
2026-09-07 05:12:41,46.1,23.4,21.7,0.3,0.0,57.8,2263.0,1653.0,0.0,1367809.0,7543.0,30368.0,10.44,7.16,4.99,30.0,17.0,,,28.0,0.0,13.0,0.0,0.0,0.0,0.0,0.0,0.0,0.0,0.0,29.59,0.0,0.0,3169.0,0.0,0.0,0.0,0.0,0.0,0.0,5027.0,0.0,0.0,0,0,1,0,0,1.0,1.0,1.0,1.0,0.0,0.0,0.0,0,0,0,1,69.5,1,0,0,0,0.5666666666666667,,,,0.0,0.0,0.0,carga4,exp_09
2026-09-07 05:12:42,49.7,18.1,24.8,0.0,0.0,57.8,2264.0,1652.0,0.0,3563728.0,11501.0,6873.0,10.44,7.16,4.99,30.0,20.0,,,28.0,0.0,13.0,0.0,0.0,0.0,0.0,0.0,0.0,0.0,0.0,53.19,0.0,0.0,3171.0,0.0,0.0,0.0,0.0,0.0,0.0,5027.0,0.0,0.0,0,0,0,0,0,0.0,0.0,0.0,0.0,0.0,0.0,0.0,0,0,0,0,67.80000000000001,0,0,0,0,0.6666666666666666,,,,0.0,0.0,0.0,carga4,exp_09
2026-09-07 05:12:47,43.0,27.2,20.2,0.6,0.0,59.6,2332.0,1584.0,18622923.0,1819365.0,4337.0,13849.0,10.48,7.23,5.02,30.0,17.0,,,29.0,0.0,13.0,0.0,0.0,0.0,0.0,0.0,0.0,0.0,0.0,26.9,0.0,0.0,3175.0,0.0,0.0,0.0,0.0,0.0,0.0,5027.0,0.0,0.0,0,0,3,1,0,2229.0,806.0,2229.0,806.0,103.0,0.0,0.0,0,0,0,3,70.2,3,0,1,0,0.5666666666666667,,,,0.0,0.0,0.0,carga4,exp_09
2026-09-07 05:12:48,45.3,18.7,28.8,0.1,0.0,59.3,2321.0,1595.0,495193.0,6765210.0,15729.0,41868.0,10.48,7.23,5.02,30.0,17.0,,,28.0,0.0,13.0,0.0,0.0,0.0,0.0,0.0,0.0,0.0,0.0,147.57,0.0,0.0,3176.0,0.0,0.0,0.0,0.0,0.0,0.0,5027.0,0.0,0.0,0,0,2,1,0,5342.0,4021.0,5342.0,4021.0,1566.0,0.0,0.0,0,0,0,2,64.0,2,0,1,0,0.5666666666666667,,,,0.0,0.0,0.0,carga4,exp_09
2026-09-07 05:12:49,44.3,16.6,26.2,0.3,0.0,59.5,2331.0,1585.0,3642582.0,6618970.0,19264.0,57814.0,10.84,7.36,5.08,30.0,17.0,,,28.0,0.0,13.0,0.0,0.0,0.0,0.0,0.0,0.0,0.0,0.0,196.75,1.0,6.0,3177.0,0.0,0.0,0.0,0.0,0.0,0.0,5061.0,0.0,0.0,0,0,0,0,0,0.0,0.0,0.0,0.0,0.0,0.0,0.0,0,0,0,0,60.9,0,0,0,0,0.5666666666666667,,,,0.0,0.0,0.0,carga4,exp_09
2026-09-07 05:12:50,40.5,14.0,23.9,0.0,0.0,60.4,2364.0,1552.0,0.0,4269931.0,16055.0,55988.0,10.84,7.36,5.08,30.0,17.0,,,29.0,0.0,13.0,0.0,0.0,0.0,0.0,0.0,0.0,0.0,0.0,283.01,0.0,1.0,3178.0,0.0,0.0,0.0,0.0,0.0,0.0,5061.0,0.0,0.0,0,0,1,0,0,35.0,35.0,35.0,35.0,55.0,0.0,0.0,0,0,0,1,54.5,1,0,0,0,0.5666666666666667,,,,0.0,0.0,0.0,carga4,exp_09
2026-09-07 05:12:51,44.7,16.0,21.1,0.0,0.0,60.4,2365.0,1551.0,0.0,5316265.0,16646.0,40601.0,10.84,7.36,5.08,30.0,17.0,,,27.0,0.0,13.0,0.0,0.0,0.0,0.0,0.0,0.0,0.0,0.0,177.56,0.0,0.0,3179.0,0.0,0.0,0.0,0.0,0.0,0.0,5061.0,0.0,0.0,0,0,0,0,0,0.0,0.0,0.0,0.0,0.0,0.0,0.0,0,0,0,0,60.7,0,0,0,0,0.5666666666666667,,,,0.0,0.0,0.0,carga4,exp_09
2026-09-07 05:12:52,41.9,14.9,22.4,0.1,0.0,61.3,2400.0,1516.0,14625.0,15462260.0,17041.0,38227.0,10.84,7.36,5.08,30.0,18.0,,,29.0,0.0,13.0,0.0,0.0,0.0,0.0,0.0,0.0,0.0,0.0,153.53,0.0,0.0,3180.0,0.0,0.0,0.0,0.0,0.0,0.0,5061.0,0.0,0.0,0,0,1,0,0,2054.0,2054.0,2054.0,2054.0,55.0,0.0,0.0,0,0,0,1,56.8,1,0,0,0,0.6,,,,0.0,0.0,0.0,carga4,exp_09
2026-09-07 05:12:54,44.7,23.9,21.4,1.9,0.0,57.7,2258.0,1658.0,725196.0,36038488.0,21673.0,40976.0,10.29,7.3,5.07,30.0,18.0,,,28.0,0.0,13.0,0.0,0.0,0.0,0.0,0.0,0.0,0.0,0.0,132.17,0.0,0.0,3181.0,0.0,0.0,0.0,0.0,0.0,0.0,5061.0,0.0,0.0,0,0,0,0,0,0.0,0.0,0.0,0.0,0.0,0.0,0.0,0,0,0,0,68.6,0,0,0,0,0.6,,,,0.0,0.0,0.0,carga4,exp_09
2026-09-07 05:12:55,48.6,14.8,29.2,0.2,0.0,57.8,2264.0,1653.0,0.0,5348333.0,11600.0,43939.0,10.29,7.3,5.07,30.0,18.0,,,29.0,0.0,13.0,0.0,0.0,0.0,0.0,0.0,0.0,0.0,0.0,304.29,0.0,2.0,3182.0,0.0,0.0,0.0,0.0,0.0,0.0,5061.0,0.0,0.0,0,0,0,0,0,0.0,0.0,0.0,0.0,0.0,0.0,0.0,0,0,0,0,63.400000000000006,0,0,0,0,0.6,,,,0.0,0.0,0.0,carga4,exp_09
2026-09-07 05:12:56,49.9,15.1,28.1,0.1,0.0,57.7,2260.0,1656.0,0.0,5194549.0,14194.0,62543.0,10.29,7.3,5.07,30.0,18.0,,,28.0,0.0,13.0,0.0,0.0,0.0,0.0,0.0,0.0,0.0,0.0,390.27,0.0,1.0,3184.0,0.0,0.0,0.0,0.0,0.0,0.0,5061.0,0.0,0.0,0,0,1,0,0,149.0,149.0,149.0,149.0,112.0,0.0,0.0,0,0,0,1,65.0,1,0,0,0,0.6,,,,0.0,0.0,0.0,carga4,exp_09
2026-09-07 05:12:57,46.8,26.6,18.8,0.0,0.0,57.8,2264.0,1652.0,4183764.0,1226635.0,10391.0,3894.0,10.29,7.3,5.07,30.0,18.0,,,28.0,0.0,13.0,0.0,0.0,0.0,0.0,0.0,0.0,0.0,0.0,81.27,0.0,0.0,3187.0,0.0,0.0,0.0,0.0,0.0,0.0,5061.0,0.0,0.0,0,0,0,0,0,0.0,0.0,0.0,0.0,0.0,0.0,0.0,0,0,0,0,73.4,0,0,0,0,0.6,,,,0.0,0.0,0.0,carga4,exp_09
2026-09-07 05:12:59,37.3,36.9,17.0,0.0,0.0,57.6,2255.0,1661.0,10755.0,3583047.0,6588.0,19641.0,10.43,7.38,5.11,30.0,18.0,,,27.0,0.0,13.0,0.0,0.0,0.0,0.0,0.0,0.0,0.0,0.0,13.21,0.0,0.0,3189.0,0.0,0.0,0.0,0.0,0.0,0.0,5004.0,0.0,0.0,0,0,2,0,0,462.0,321.0,462.0,321.0,398.0,0.0,0.0,0,0,0,2,74.19999999999999,2,0,0,0,0.6,,,,0.0,0.0,0.0,carga4,exp_09
2026-09-07 05:13:01,45.4,26.2,21.0,0.1,0.0,57.7,2258.0,1658.0,0.0,1380666.0,7735.0,24802.0,10.43,7.38,5.11,30.0,18.0,,,28.0,0.0,13.0,0.0,0.0,0.0,0.0,0.0,0.0,0.0,0.0,116.33,0.0,0.0,3192.0,0.0,0.0,0.0,0.0,0.0,0.0,5004.0,0.0,0.0,0,0,2,0,0,2678.0,2541.0,2678.0,2541.0,398.0,0.0,0.0,0,0,0,2,71.6,2,0,0,0,0.6,,,,0.0,0.0,0.0,carga4,exp_09
2026-09-07 05:13:08,54.1,25.2,14.0,0.2,0.0,57.6,2256.0,1660.0,0.0,179565.0,7767.0,16890.0,10.56,7.46,5.15,29.0,17.0,,,28.0,0.0,13.0,0.0,0.0,0.0,0.0,0.0,0.0,0.0,0.0,15.3,0.0,0.0,3197.0,0.0,0.0,0.0,0.0,0.0,0.0,5004.0,0.0,0.0,0,0,4,0,0,4083.0,1877.75,4083.0,1877.75,1246.0,0.0,0.0,0,0,0,3,79.3,4,0,0,0,0.5862068965517241,,,,0.0,0.0,0.0,carga4,exp_09
2026-09-07 05:13:10,47.4,18.0,27.8,0.0,0.0,57.6,2257.0,1659.0,0.0,3539937.0,14360.0,51492.0,10.03,7.4,5.14,29.0,16.0,,,28.0,0.0,13.0,0.0,0.0,0.0,0.0,0.0,0.0,0.0,0.0,245.29,0.0,0.0,3198.0,0.0,0.0,0.0,0.0,0.0,0.0,5004.0,0.0,0.0,0,0,1,0,0,3189.0,3189.0,3189.0,3189.0,67.0,0.0,0.0,0,0,0,1,65.4,1,0,0,0,0.5517241379310345,,,,0.0,0.0,0.0,carga4,exp_09
2026-09-07 05:13:11,43.3,17.5,30.5,0.0,0.0,57.6,2257.0,1659.0,0.0,3739536.0,12902.0,37788.0,10.03,7.4,5.14,27.0,15.0,,,26.0,0.0,13.0,0.0,0.0,0.0,0.0,0.0,0.0,0.0,0.0,218.74,0.0,0.0,3199.0,0.0,0.0,0.0,0.0,0.0,0.0,5004.0,0.0,0.0,0,0,0,0,0,0.0,0.0,0.0,0.0,0.0,0.0,0.0,0,0,0,0,60.8,0,0,0,0,0.5555555555555556,,,,0.0,0.0,0.0,carga4,exp_09
2026-09-07 05:13:12,44.4,17.5,29.7,0.0,0.0,57.6,2256.0,1660.0,0.0,2444413.0,10907.0,33315.0,10.03,7.4,5.14,27.0,14.0,,,26.0,0.0,13.0,0.0,0.0,0.0,0.0,0.0,0.0,0.0,0.0,97.48,0.0,0.0,3200.0,0.0,0.0,0.0,0.0,0.0,0.0,5033.0,0.0,0.0,0,0,0,0,0,0.0,0.0,0.0,0.0,0.0,0.0,0.0,0,0,0,0,61.9,0,0,0,0,0.5185185185185185,4096.0,0.0,5.0,0.0,0.0,0.0,carga4,exp_09
2026-09-07 05:13:13,42.6,18.4,30.3,0.1,0.0,57.6,2257.0,1659.0,0.0,3711368.0,13789.0,36862.0,10.03,7.4,5.14,27.0,14.0,,,26.0,0.0,13.0,0.0,0.0,0.0,0.0,0.0,0.0,0.0,0.0,95.78,0.0,0.0,3202.0,0.0,0.0,0.0,0.0,0.0,0.0,5033.0,0.0,0.0,0,0,0,0,0,0.0,0.0,0.0,0.0,0.0,0.0,0.0,0,0,0,0,61.0,0,0,0,0,0.5185185185185185,,,,0.0,0.0,0.0,carga4,exp_09
2026-09-07 05:13:14,43.3,20.3,28.4,0.0,0.0,57.7,2258.0,1658.0,0.0,2482295.0,11019.0,33774.0,9.95,7.43,5.16,27.0,14.0,,,26.0,0.0,13.0,0.0,0.0,0.0,0.0,0.0,0.0,0.0,0.0,166.99,0.0,0.0,3203.0,0.0,0.0,0.0,0.0,0.0,0.0,5033.0,0.0,0.0,0,0,0,0,0,0.0,0.0,0.0,0.0,0.0,0.0,0.0,0,0,0,0,63.6,0,0,0,0,0.5185185185185185,,,,0.0,0.0,0.0,carga4,exp_09
2026-09-07 05:13:15,49.4,19.0,24.2,0.0,0.0,57.7,2261.0,1655.0,0.0,3641479.0,12563.0,36652.0,9.95,7.43,5.16,23.0,11.0,,,22.0,0.0,13.0,0.0,0.0,0.0,0.0,0.0,0.0,0.0,0.0,156.61,0.0,0.0,3205.0,0.0,0.0,0.0,0.0,0.0,0.0,5033.0,0.0,0.0,0,0,0,0,0,0.0,0.0,0.0,0.0,0.0,0.0,0.0,0,0,0,0,68.4,0,0,0,0,0.4782608695652174,,,,0.0,0.0,0.0,carga4,exp_09
2026-09-07 05:13:17,43.8,18.5,29.5,0.0,0.0,57.7,2261.0,1655.0,0.0,3655738.0,13252.0,42992.0,9.95,7.43,5.16,24.0,11.0,,,22.0,0.0,13.0,0.0,0.0,0.0,0.0,0.0,0.0,0.0,0.0,176.64,0.0,0.0,3206.0,0.0,0.0,0.0,0.0,0.0,0.0,5033.0,0.0,0.0,0,0,0,0,0,0.0,0.0,0.0,0.0,0.0,0.0,0.0,0,0,0,0,62.3,0,0,0,0,0.4583333333333333,,,,0.0,0.0,0.0,carga4,exp_09
2026-09-07 05:13:18,44.4,16.9,30.1,0.0,0.0,57.7,2260.0,1656.0,0.0,2482905.0,14672.0,17547.0,9.95,7.43,5.16,24.0,12.0,,,21.0,0.0,13.0,0.0,0.0,0.0,0.0,0.0,0.0,0.0,0.0,155.95,0.0,0.0,3207.0,0.0,0.0,0.0,0.0,0.0,0.0,5033.0,0.0,0.0,0,0,1,0,0,180.0,180.0,180.0,180.0,113.0,0.0,0.0,0,0,0,1,61.3,1,0,0,0,0.5,,,,0.0,0.0,0.0,carga4,exp_09
2026-09-07 05:13:19,44.4,16.7,30.0,0.0,0.0,57.7,2260.0,1656.0,0.0,2456681.0,16930.0,40498.0,9.95,7.47,5.19,23.0,11.0,,,20.0,0.0,13.0,0.0,0.0,0.0,0.0,0.0,0.0,0.0,0.0,139.72,0.0,0.0,3209.0,0.0,0.0,0.0,0.0,0.0,0.0,5033.0,0.0,0.0,0,0,0,0,0,0.0,0.0,0.0,0.0,0.0,0.0,0.0,0,0,0,0,61.1,0,0,0,0,0.4782608695652174,,,,0.0,0.0,0.0,carga4,exp_09
2026-09-07 05:13:20,44.3,17.8,29.9,0.1,0.0,57.7,2260.0,1656.0,0.0,3585524.0,16900.0,37268.0,9.95,7.47,5.19,22.0,9.0,,,21.0,0.0,13.0,0.0,0.0,0.0,0.0,0.0,0.0,0.0,0.0,132.48,0.0,0.0,3210.0,0.0,0.0,0.0,0.0,0.0,0.0,5033.0,0.0,0.0,0,0,1,0,0,2210.0,2210.0,2210.0,2210.0,113.0,0.0,0.0,0,0,0,1,62.1,1,0,0,0,0.4090909090909091,,,,0.0,0.0,0.0,carga4,exp_09
2026-09-07 05:13:21,51.9,16.5,24.8,0.0,0.0,57.4,2250.0,1666.0,417419.0,2469439.0,15560.0,52929.0,9.95,7.47,5.19,22.0,10.0,,,20.0,0.0,13.0,0.0,0.0,0.0,0.0,0.0,0.0,0.0,0.0,77.09,0.0,0.0,3211.0,0.0,0.0,0.0,0.0,0.0,0.0,5033.0,0.0,0.0,0,0,0,0,0,0.0,0.0,0.0,0.0,0.0,0.0,0.0,0,0,0,0,68.4,0,0,0,0,0.4545454545454545,,,,0.0,0.0,0.0,carga4,exp_09
2026-09-07 05:13:23,45.3,18.5,28.2,0.0,0.0,57.5,2252.0,1664.0,0.0,3492941.0,17365.0,39206.0,9.95,7.47,5.19,22.0,10.0,,,21.0,0.0,13.0,0.0,0.0,0.0,0.0,0.0,0.0,0.0,0.0,92.87,0.0,0.0,3212.0,0.0,0.0,0.0,0.0,0.0,0.0,5008.0,0.0,0.0,0,0,1,0,0,-18.0,-18.0,-18.0,-18.0,0.0,0.0,0.0,0,0,0,1,63.8,1,0,0,0,0.4545454545454545,,,,0.0,0.0,0.0,carga4,exp_09
2026-09-07 05:13:24,45.3,17.0,29.9,0.1,0.0,57.4,2250.0,1666.0,0.0,3543841.0,22859.0,43167.0,9.72,7.46,5.2,22.0,9.0,,,20.0,0.0,13.0,0.0,0.0,0.0,0.0,0.0,0.0,0.0,0.0,76.14,0.0,0.0,3213.0,0.0,0.0,0.0,0.0,0.0,0.0,5008.0,0.0,0.0,0,0,1,0,0,2002.0,2002.0,2002.0,2002.0,0.0,0.0,0.0,0,0,0,1,62.3,1,0,0,0,0.4090909090909091,,,,0.0,0.0,0.0,carga4,exp_09
2026-09-07 05:13:25,44.5,16.7,31.5,0.0,0.0,57.5,2250.0,1666.0,0.0,3809382.0,12675.0,36612.0,9.72,7.46,5.2,22.0,10.0,,,21.0,0.0,13.0,0.0,0.0,0.0,0.0,0.0,0.0,0.0,0.0,74.74,0.0,0.0,3214.0,0.0,0.0,0.0,0.0,0.0,0.0,5008.0,0.0,0.0,0,0,0,0,0,0.0,0.0,0.0,0.0,0.0,0.0,0.0,0,0,0,0,61.2,0,0,0,0,0.4545454545454545,,,,0.0,0.0,0.0,carga4,exp_09
2026-09-07 05:13:26,44.8,16.6,30.4,0.0,0.0,57.5,2250.0,1666.0,0.0,2534098.0,11296.0,34917.0,9.72,7.46,5.2,22.0,9.0,,,20.0,0.0,13.0,0.0,0.0,0.0,0.0,0.0,0.0,0.0,0.0,99.3,0.0,0.0,3215.0,0.0,0.0,0.0,0.0,0.0,0.0,5008.0,0.0,0.0,0,0,0,0,0,0.0,0.0,0.0,0.0,0.0,0.0,0.0,0,0,0,0,61.4,0,0,0,0,0.4090909090909091,,,,0.0,0.0,0.0,carga4,exp_09
2026-09-07 05:13:27,44.5,15.8,30.9,0.0,0.0,57.5,2250.0,1666.0,0.0,2478663.0,12874.0,44151.0,9.72,7.46,5.2,22.0,9.0,,,21.0,0.0,13.0,0.0,0.0,0.0,0.0,0.0,0.0,0.0,0.0,165.03,0.0,0.0,3217.0,0.0,0.0,0.0,0.0,0.0,0.0,5008.0,0.0,0.0,0,0,0,0,0,0.0,0.0,0.0,0.0,0.0,0.0,0.0,0,0,0,0,60.3,0,0,0,0,0.4090909090909091,,,,0.0,0.0,0.0,carga4,exp_09
2026-09-07 05:13:28,42.0,28.2,21.8,0.3,0.0,57.5,2251.0,1665.0,0.0,1246652.0,10661.0,4062.0,10.94,7.75,5.3,22.0,11.0,,,18.0,0.0,13.0,0.0,0.0,0.0,0.0,0.0,0.0,0.0,0.0,43.55,0.0,0.0,3219.0,0.0,0.0,0.0,0.0,0.0,0.0,5008.0,0.0,0.0,0,0,0,0,0,0.0,0.0,0.0,0.0,0.0,0.0,0.0,0,0,0,0,70.2,0,0,0,0,0.5,,,,0.0,0.0,0.0,carga4,exp_09
2026-09-07 05:13:31,44.5,32.6,17.0,0.2,0.0,57.6,2256.0,1661.0,0.0,11919519.0,6740.0,31715.0,10.94,7.75,5.3,22.0,10.0,,,21.0,0.0,13.0,0.0,0.0,0.0,0.0,0.0,0.0,0.0,0.0,156.42,0.0,0.6666666666666666,3220.0,0.0,0.0,0.0,0.0,0.0,0.0,5008.0,0.0,0.0,0,0,1,0,0,1642.0,1642.0,1642.0,1642.0,1686.0,0.0,0.0,0,0,0,1,77.1,1,0,0,0,0.4545454545454545,,,,0.0,0.0,0.0,carga4,exp_09
2026-09-07 05:13:32,47.2,15.3,30.4,0.0,0.0,57.6,2254.0,1662.0,0.0,3836569.0,15113.0,40395.0,10.94,7.75,5.3,22.0,9.0,,,20.0,0.0,13.0,0.0,0.0,0.0,0.0,0.0,0.0,0.0,0.0,206.47,0.0,0.0,3221.0,0.0,0.0,0.0,0.0,0.0,0.0,5008.0,0.0,0.0,0,0,0,0,0,0.0,0.0,0.0,0.0,0.0,0.0,0.0,0,0,0,0,62.5,0,0,0,0,0.4090909090909091,,,,0.0,0.0,0.0,carga4,exp_09
2026-09-07 05:13:33,50.4,15.4,27.3,0.0,0.0,57.6,2254.0,1662.0,0.0,3980241.0,14244.0,53443.0,10.94,7.75,5.3,22.0,10.0,,,21.0,0.0,13.0,0.0,0.0,0.0,0.0,0.0,0.0,0.0,0.0,245.16,0.0,1.0,3222.0,0.0,0.0,0.0,0.0,0.0,0.0,5008.0,0.0,0.0,0,0,2,0,0,3701.0,1850.5,3701.0,1850.5,1686.0,0.0,0.0,0,0,0,2,65.8,2,0,0,0,0.4545454545454545,,,,0.0,0.0,0.0,carga4,exp_09
2026-09-07 05:13:34,46.9,17.7,28.8,0.1,0.0,57.6,2254.0,1662.0,3669.0,4200601.0,16532.0,40180.0,10.78,7.77,5.32,22.0,9.0,,,20.0,0.0,13.0,0.0,0.0,0.0,0.0,0.0,0.0,0.0,0.0,154.05,0.0,0.0,3223.0,0.0,0.0,0.0,0.0,0.0,0.0,5010.0,0.0,0.0,0,0,0,0,0,0.0,0.0,0.0,0.0,0.0,0.0,0.0,0,0,0,0,64.6,0,0,0,0,0.4090909090909091,,,,0.0,0.0,0.0,carga4,exp_09
2026-09-07 05:13:35,45.1,14.5,31.2,0.0,0.0,57.6,2254.0,1662.0,0.0,2530416.0,18138.0,38004.0,10.78,7.77,5.32,22.0,10.0,,,21.0,0.0,13.0,0.0,0.0,0.0,0.0,0.0,0.0,0.0,0.0,132.51,0.0,0.0,3224.0,0.0,0.0,0.0,0.0,0.0,0.0,5010.0,0.0,0.0,0,0,2,0,0,2025.0,1011.5,2025.0,1011.5,1.0,0.0,0.0,0,0,0,2,59.6,2,0,0,0,0.4545454545454545,,,,0.0,0.0,0.0,carga4,exp_09
2026-09-07 05:13:36,47.6,17.8,28.5,0.0,0.0,57.6,2256.0,1660.0,14438.0,3883788.0,15645.0,48084.0,10.78,7.77,5.32,22.0,9.0,,,19.0,0.0,13.0,0.0,0.0,0.0,0.0,0.0,0.0,0.0,0.0,220.31,0.0,2.0,3226.0,0.0,0.0,0.0,0.0,0.0,0.0,5010.0,0.0,0.0,0,0,0,0,0,0.0,0.0,0.0,0.0,0.0,0.0,0.0,0,0,0,0,65.4,0,0,0,0,0.4090909090909091,,,,0.0,0.0,0.0,carga4,exp_09
2026-09-07 05:13:38,46.1,16.9,30.4,0.2,0.0,57.7,2260.0,1656.0,0.0,3785289.0,16408.0,36782.0,10.78,7.77,5.32,22.0,9.0,,,21.0,0.0,13.0,0.0,0.0,0.0,0.0,0.0,0.0,0.0,0.0,195.15,0.0,0.0,3227.0,0.0,0.0,0.0,0.0,0.0,0.0,5010.0,0.0,0.0,0,0,2,0,0,2020.0,1054.5,2020.0,1054.5,75.0,0.0,0.0,0,0,0,2,63.0,2,0,0,0,0.4090909090909091,,,,0.0,0.0,0.0,carga4,exp_09
2026-09-07 05:13:39,43.5,19.6,28.7,0.0,0.0,57.6,2257.0,1659.0,0.0,3407116.0,21334.0,44955.0,10.48,7.76,5.33,22.0,10.0,,,21.0,0.0,13.0,0.0,0.0,0.0,0.0,0.0,0.0,0.0,0.0,152.91,0.0,1.0,3228.0,0.0,0.0,0.0,0.0,0.0,0.0,5010.0,0.0,0.0,0,0,2,1,0,2161.0,1083.5,2161.0,1083.5,83.0,0.0,0.0,0,0,0,2,63.1,2,0,1,0,0.4545454545454545,,,,0.0,0.0,0.0,carga4,exp_09
2026-09-07 05:13:40,52.8,16.7,24.4,0.0,0.0,57.6,2257.0,1659.0,0.0,3920173.0,15111.0,47568.0,10.48,7.76,5.33,22.0,10.0,,,21.0,0.0,13.0,0.0,0.0,0.0,0.0,0.0,0.0,0.0,0.0,170.44,0.0,1.0,3229.0,0.0,0.0,0.0,0.0,0.0,0.0,5010.0,0.0,0.0,0,0,0,0,0,0.0,0.0,0.0,0.0,0.0,0.0,0.0,0,0,0,0,69.5,0,0,0,0,0.4545454545454545,,,,0.0,0.0,0.0,carga4,exp_09
2026-09-07 05:13:41,44.9,15.1,32.4,0.1,0.0,57.6,2258.0,1659.0,0.0,3860545.0,11424.0,35018.0,10.48,7.76,5.33,22.0,9.0,,,21.0,0.0,13.0,0.0,0.0,0.0,0.0,0.0,0.0,0.0,0.0,171.37,0.0,0.0,3231.0,0.0,0.0,0.0,0.0,0.0,0.0,5010.0,0.0,0.0,0,0,1,1,0,2055.0,2055.0,2055.0,2055.0,9.0,0.0,0.0,0,0,0,1,60.0,1,0,1,0,0.4090909090909091,,,,0.0,0.0,0.0,carga4,exp_09
2026-09-07 05:13:42,41.8,23.2,26.5,0.0,0.0,57.6,2256.0,1660.0,1337028.0,2523505.0,12164.0,6935.0,10.48,7.76,5.33,22.0,12.0,,,17.0,0.0,13.0,0.0,0.0,0.0,0.0,0.0,0.0,0.0,0.0,83.96,0.0,0.0,3234.0,0.0,0.0,0.0,0.0,0.0,0.0,5008.0,0.0,0.0,0,0,0,0,0,0.0,0.0,0.0,0.0,0.0,0.0,0.0,0,0,0,0,65.0,0,0,0,0,0.5454545454545454,,,,0.0,0.0,0.0,carga4,exp_09
2026-09-07 06:57:32,40.2,32.7,18.7,0.9,0.0,57.2,2242.0,1675.0,3518.0,270.0,4.0,8.0,10.52,7.81,5.36,22.0,11.0,,,19.0,0.0,15.0,0.0,0.0,0.0,0.0,0.0,0.0,0.0,0.0,0.01,0.0,0.0003210272873194,3237.0,0.0,0.0,0.0,0.0,0.0,0.0,5008.0,0.0,0.0,0,0,3,1,0,266.0,176.33333333333334,266.0,176.33333333333334,384.0,0.0,0.0,0,0,0,3,72.9,3,0,1,0,0.5,,,,0.0,0.0,0.0,carga4,exp_09
2026-09-07 06:57:33,41.5,29.6,20.5,0.7,0.0,57.3,2246.0,1670.0,1735.0,6940.0,9076.0,15188.0,11.36,8.03,5.45,23.0,14.0,,,25.0,0.0,23.0,0.0,0.0,0.0,0.0,0.0,0.0,0.0,0.0,18.64,0.0,24.0,3262.0,0.0,0.0,0.0,0.0,0.0,403.0,489.0,0.0,0.0,0,0,0,0,0,0.0,0.0,0.0,0.0,0.0,0.0,0.0,0,0,0,0,71.1,0,0,0,0,0.6086956521739131,,,,0.0,0.0,0.0,carga4,exp_09
2026-09-07 06:58:05,41.3,37.4,10.5,2.3,0.0,57.2,2241.0,1675.0,269662.0,1068522.0,15457.0,18078.0,28.37,12.49,7.01,26.0,15.0,,,23.0,0.0,19.0,0.0,0.0,0.0,0.0,0.0,0.0,0.0,0.0,6.62,0.0,3.9375,3274.0,0.0,0.0,0.0,0.0,0.0,403.0,2421.0,0.0,0.0,0,0,5,1,0,6248960.0,3752563.0,6248960.0,3752563.0,3404.0,0.0,0.0,0,0,0,4,78.69999999999999,5,0,1,0,0.5769230769230769,,,,0.0,0.0,0.0,carga4,exp_09
2026-09-07 06:58:18,37.1,31.2,22.8,1.5,0.0,58.0,2272.0,1644.0,2476.0,442647.0,56896.0,57341.0,26.14,12.79,7.2,26.0,13.0,,,25.0,0.0,13.0,0.0,0.0,0.0,0.0,0.0,0.0,0.0,0.0,9.67,0.0,0.0,3286.0,0.0,0.0,0.0,0.0,0.0,403.0,118.0,0.0,0.0,0,0,1,0,0,453.0,453.0,453.0,453.0,138.0,0.0,0.0,0,0,0,1,68.3,1,0,0,0,0.5,,,,0.0,0.0,0.0,carga4,exp_09
2026-09-07 06:58:23,55.1,21.5,18.1,0.0,0.0,58.0,2271.0,1645.0,6846.0,5447809.0,158932.0,152620.0,26.14,12.79,7.2,26.0,14.0,,,25.0,0.0,13.0,0.0,0.0,0.0,0.0,0.0,0.0,0.0,0.0,26.95,0.0,0.0,3291.0,0.0,0.0,0.0,0.0,0.0,403.0,73.0,0.0,0.0,0,0,3,0,0,4662.0,2229.0,4662.0,2229.0,157.0,0.0,0.0,0,0,0,3,76.6,3,0,0,0,0.5384615384615384,,,,0.0,0.0,0.0,carga4,exp_09
2026-09-07 06:58:28,52.9,23.3,18.8,0.0,0.0,58.0,2269.0,1647.0,3016.0,810628.0,151576.0,147694.0,25.5,13.09,7.36,26.0,14.0,,,25.0,0.0,13.0,0.0,0.0,0.0,0.0,0.0,0.0,0.0,0.0,13.26,0.0,0.0,3297.0,0.0,0.0,0.0,0.0,0.0,403.0,77.0,0.0,0.0,0,0,2,0,0,6540.0,6527.5,6540.0,6527.5,19.0,0.0,0.0,0,0,0,2,76.2,2,0,0,0,0.5384615384615384,,,,0.0,0.0,0.0,carga4,exp_09
2026-09-07 06:58:31,62.0,17.3,15.8,0.1,0.0,58.4,2287.0,1629.0,0.0,1812356.0,240844.0,228065.0,25.5,13.09,7.36,26.0,14.0,,,25.0,0.0,13.0,0.0,0.0,0.0,0.0,0.0,0.0,0.0,0.0,98.85,0.0,0.0,3299.0,0.0,0.0,0.0,0.0,0.0,403.0,182.0,0.0,0.0,0,0,2,0,0,708.0,689.0,708.0,689.0,5.0,0.0,0.0,0,0,0,2,79.3,2,0,0,0,0.5384615384615384,,,,0.0,0.0,0.0,carga4,exp_09
2026-09-07 06:58:35,58.5,19.2,17.2,0.1,0.0,58.2,2281.0,1635.0,0.0,8187103.0,230093.0,226524.0,25.78,13.36,7.48,26.0,15.0,,,25.0,0.0,13.0,0.0,0.0,0.0,0.0,0.0,0.0,0.0,0.0,45.15,0.0,0.0,3303.0,0.0,0.0,0.0,0.0,0.0,403.0,100.0,0.0,0.0,0,0,2,0,0,4685.0,4681.0,4685.0,4681.0,5.0,0.0,0.0,0,0,0,2,77.7,2,0,0,0,0.5769230769230769,,,,0.0,0.0,0.0,carga4,exp_09
2026-09-07 06:58:38,52.9,18.4,23.6,0.1,0.0,58.2,2279.0,1638.0,15010.0,1674218.0,249430.0,236215.0,25.78,13.36,7.48,26.0,15.0,,,24.0,0.0,13.0,0.0,0.0,0.0,0.0,0.0,0.0,0.0,0.0,36.08,0.0,0.0,3306.0,0.0,0.0,0.0,0.0,0.0,403.0,118.0,0.0,0.0,0,0,1,0,0,1004.0,1004.0,1004.0,1004.0,91.0,0.0,0.0,0,0,0,1,71.3,1,0,0,0,0.5769230769230769,,,,0.0,0.0,0.0,carga4,exp_09
2026-09-07 06:58:42,54.1,19.3,21.9,0.0,0.0,58.2,2278.0,1638.0,0.0,1102701.0,212195.0,194940.0,24.6,13.32,7.5,26.0,14.0,,,25.0,0.0,13.0,0.0,0.0,0.0,0.0,0.0,0.0,0.0,0.0,24.11,0.0,0.0,3310.0,0.0,0.0,0.0,0.0,0.0,403.0,77.0,0.0,0.0,0,0,1,0,0,4313.0,4313.0,4313.0,4313.0,91.0,0.0,0.0,0,0,0,1,73.4,1,0,0,0,0.5384615384615384,,,,0.0,0.0,0.0,carga4,exp_09
2026-09-07 06:58:45,56.8,15.5,22.6,0.0,0.0,58.2,2278.0,1638.0,0.0,1459231.0,277170.0,252878.0,23.75,13.33,7.53,26.0,13.0,,,24.0,0.0,13.0,0.0,0.0,0.0,0.0,0.0,0.0,0.0,0.0,25.92,0.0,0.0,3313.0,0.0,0.0,0.0,0.0,0.0,403.0,101.0,0.0,0.0,0,0,0,0,0,0.0,0.0,0.0,0.0,0.0,0.0,0.0,0,0,0,0,72.3,0,0,0,0,0.5,,,,0.0,0.0,0.0,carga4,exp_09
2026-09-07 06:58:48,50.2,17.7,26.9,0.1,0.0,58.2,2279.0,1637.0,0.0,1346433.0,275945.0,256418.0,23.75,13.33,7.53,26.0,13.0,,,25.0,0.0,13.0,0.0,0.0,0.0,0.0,0.0,0.0,0.0,0.0,9.15,0.0,0.0,3317.0,0.0,0.0,0.0,0.0,0.0,403.0,111.0,0.0,0.0,0,0,1,0,0,111.0,111.0,111.0,111.0,30.0,0.0,0.0,0,0,0,1,67.9,1,0,0,0,0.5,,,,0.0,0.0,0.0,carga4,exp_09
2026-09-07 06:58:50,51.3,16.3,26.7,0.0,0.0,58.2,2278.0,1638.0,0.0,1026839.0,271651.0,234352.0,23.13,13.38,7.58,26.0,13.0,,,25.0,0.0,13.0,0.0,0.0,0.0,0.0,0.0,0.0,0.0,0.0,77.27,0.0,0.0,3319.0,0.0,0.0,0.0,0.0,0.0,403.0,69.0,0.0,0.0,0,0,0,0,0,0.0,0.0,0.0,0.0,0.0,0.0,0.0,0,0,0,0,67.6,0,0,0,0,0.5,,,,0.0,0.0,0.0,carga4,exp_09
2026-09-07 06:58:54,46.8,18.6,29.2,0.0,0.0,58.5,2290.0,1626.0,0.0,8664404.0,264371.0,238177.0,22.32,13.37,7.61,26.0,13.0,,,25.0,0.0,13.0,0.0,0.0,0.0,0.0,0.0,0.0,0.0,0.0,18.08,0.0,0.0,3323.0,0.0,0.0,0.0,0.0,0.0,403.0,82.0,0.0,0.0,0,0,1,0,0,4435.0,4435.0,4435.0,4435.0,30.0,0.0,0.0,0,0,0,1,65.4,1,0,0,0,0.5,,,,0.0,0.0,0.0,carga4,exp_09
2026-09-07 06:58:57,49.3,15.7,29.9,0.0,0.0,57.8,2265.0,1652.0,1408.0,1313596.0,293883.0,265807.0,22.32,13.37,7.61,26.0,13.0,,,25.0,0.0,13.0,0.0,0.0,0.0,0.0,0.0,0.0,0.0,0.0,20.62,0.0,0.0,3326.0,0.0,0.0,0.0,0.0,0.0,403.0,109.0,0.0,0.0,0,0,0,0,0,0.0,0.0,0.0,0.0,0.0,0.0,0.0,0,0,0,0,65.0,0,0,0,0,0.5,,,,0.0,0.0,0.0,carga4,exp_09
2026-09-07 06:59:00,47.2,16.2,31.5,0.1,0.0,57.8,2264.0,1652.0,0.0,1368191.0,253668.0,230309.0,22.77,13.61,7.72,26.0,13.0,,,24.0,0.0,13.0,0.0,0.0,0.0,0.0,0.0,0.0,0.0,0.0,42.84,0.0,0.0,3329.0,0.0,0.0,0.0,0.0,0.0,403.0,91.0,0.0,0.0,0,0,1,0,0,43.0,43.0,43.0,43.0,2.0,0.0,0.0,0,0,0,1,63.400000000000006,1,0,0,0,0.5,,,,0.0,0.0,0.0,carga4,exp_09
2026-09-07 06:59:04,44.6,18.1,31.9,0.0,0.0,57.6,2254.0,1662.0,21495.0,757698.0,253027.0,220633.0,21.51,13.5,7.71,26.0,13.0,,,25.0,0.0,13.0,0.0,0.0,0.0,0.0,0.0,0.0,0.0,0.0,30.44,0.0,0.0,3333.0,0.0,0.0,0.0,0.0,0.0,403.0,48.0,0.0,0.0,0,0,1,0,0,4576.0,4576.0,4576.0,4576.0,2.0,0.0,0.0,0,0,0,1,62.7,1,0,0,0,0.5,,,,0.0,0.0,0.0,carga4,exp_09
2026-09-07 06:59:07,44.0,14.8,36.5,0.0,0.0,57.6,2254.0,1662.0,0.0,561593.0,299686.0,273802.0,21.51,13.5,7.71,26.0,13.0,,,25.0,0.0,13.0,0.0,0.0,0.0,0.0,0.0,0.0,0.0,0.0,3.98,0.0,0.0,3336.0,0.0,0.0,0.0,0.0,0.0,403.0,97.0,0.0,0.0,0,0,0,0,0,0.0,0.0,0.0,0.0,0.0,0.0,0.0,0,0,0,0,58.8,0,0,0,0,0.5,,,,0.0,0.0,0.0,carga4,exp_09
2026-09-07 06:59:10,45.2,16.3,33.8,0.0,0.0,57.0,2232.0,1685.0,0.0,762556.0,257651.0,232054.0,20.51,13.43,7.72,26.0,13.0,,,25.0,0.0,13.0,0.0,0.0,0.0,0.0,0.0,0.0,0.0,0.0,6.61,0.0,0.0,3339.0,0.0,0.0,0.0,0.0,0.0,403.0,62.0,0.0,0.0,0,0,0,0,0,0.0,0.0,0.0,0.0,0.0,0.0,0.0,0,0,0,0,61.5,0,0,0,0,0.5,,,,0.0,0.0,0.0,carga4,exp_09
2026-09-07 06:59:14,41.7,16.4,36.8,0.1,0.0,56.7,2222.0,1694.0,0.0,1016607.0,319399.0,278470.0,19.51,13.34,7.72,26.0,13.0,,,25.0,0.0,13.0,0.0,0.0,0.0,0.0,0.0,0.0,0.0,0.0,3.77,0.0,0.0,3343.0,0.0,0.0,0.0,0.0,0.0,403.0,58.0,0.0,0.0,0,0,0,0,0,0.0,0.0,0.0,0.0,0.0,0.0,0.0,0,0,0,0,58.1,0,0,0,0,0.5,,,,0.0,0.0,0.0,carga4,exp_09
2026-09-07 06:59:17,43.3,17.6,34.3,0.0,0.0,57.0,2232.0,1684.0,0.0,533722.0,259245.0,232303.0,19.51,13.34,7.72,26.0,13.0,,,25.0,0.0,13.0,0.0,0.0,0.0,0.0,0.0,0.0,0.0,0.0,4.23,0.0,0.0,3347.0,0.0,0.0,0.0,0.0,0.0,403.0,79.0,0.0,0.0,0,0,0,0,0,0.0,0.0,0.0,0.0,0.0,0.0,0.0,0,0,0,0,60.9,0,0,0,0,0.5,,,,0.0,0.0,0.0,carga4,exp_09
2026-09-07 06:59:21,44.4,15.9,35.0,0.0,0.0,56.8,2225.0,1691.0,0.0,766429.0,258842.0,233265.0,18.75,13.28,7.73,26.0,13.0,,,25.0,0.0,13.0,0.0,0.0,0.0,0.0,0.0,0.0,0.0,0.0,49.83,0.0,0.0,3351.0,0.0,0.0,0.0,0.0,0.0,403.0,101.0,0.0,0.0,0,0,0,0,0,0.0,0.0,0.0,0.0,0.0,0.0,0.0,0,0,0,0,60.3,0,0,0,0,0.5,,,,0.0,0.0,0.0,carga4,exp_09
2026-09-07 06:59:25,35.8,16.6,43.1,0.0,0.0,57.3,2245.0,1671.0,0.0,8015289.0,254212.0,231209.0,17.8,13.18,7.73,26.0,13.0,,,25.0,0.0,13.0,0.0,0.0,0.0,0.0,0.0,0.0,0.0,0.0,1.84,0.0,0.0,3354.0,0.0,0.0,0.0,0.0,0.0,403.0,149.0,0.0,0.0,0,0,0,0,0,0.0,0.0,0.0,0.0,0.0,0.0,0.0,0,0,0,0,52.4,0,0,0,0,0.5,,,,0.0,0.0,0.0,carga4,exp_09
2026-09-07 06:59:28,35.5,15.0,45.4,0.0,0.0,57.2,2239.0,1677.0,0.0,485540.0,307199.0,266372.0,17.8,13.18,7.73,26.0,13.0,,,25.0,0.0,13.0,0.0,0.0,0.0,0.0,0.0,0.0,0.0,0.0,11.76,0.0,0.0,3358.0,0.0,0.0,0.0,0.0,0.0,403.0,94.0,0.0,0.0,0,0,0,0,0,0.0,0.0,0.0,0.0,0.0,0.0,0.0,0,0,0,0,50.5,0,0,0,0,0.5,,,,0.0,0.0,0.0,carga4,exp_09
2026-09-07 06:59:31,32.9,18.3,45.1,0.0,0.0,57.2,2242.0,1675.0,0.0,416322.0,282075.0,255126.0,16.78,13.04,7.71,26.0,13.0,,,25.0,0.0,13.0,0.0,0.0,0.0,0.0,0.0,0.0,0.0,0.0,43.31,0.0,0.0,3362.0,0.0,0.0,0.0,0.0,0.0,403.0,76.0,0.0,0.0,0,0,0,0,0,0.0,0.0,0.0,0.0,0.0,0.0,0.0,0,0,0,0,51.2,0,0,0,0,0.5,,,,0.0,0.0,0.0,carga4,exp_09
2026-09-07 06:59:34,22.3,16.0,59.0,0.1,0.0,57.2,2240.0,1676.0,0.0,386602.0,305149.0,275641.0,16.08,12.96,7.72,26.0,13.0,,,25.0,0.0,13.0,0.0,0.0,0.0,0.0,0.0,0.0,0.0,0.0,0.0,0.0,0.0,3365.0,0.0,0.0,0.0,0.0,0.0,403.0,106.0,0.0,0.0,0,0,0,0,0,0.0,0.0,0.0,0.0,0.0,0.0,0.0,0,0,0,0,38.3,0,0,0,0,0.5,,,,0.0,0.0,0.0,carga4,exp_09
2026-09-07 06:59:38,26.1,13.6,56.9,0.0,0.0,56.9,2228.0,1688.0,0.0,36775.0,299947.0,255328.0,16.08,12.96,7.72,26.0,13.0,,,25.0,0.0,13.0,0.0,0.0,0.0,0.0,0.0,0.0,0.0,0.0,1.28,0.0,0.0,3368.0,0.0,0.0,0.0,0.0,0.0,403.0,63.0,0.0,0.0,0,0,0,0,0,0.0,0.0,0.0,0.0,0.0,0.0,0.0,0,0,0,0,39.7,0,0,0,0,0.5,,,,0.0,0.0,0.0,carga4,exp_09
2026-09-07 06:59:41,23.2,14.2,59.3,0.0,0.0,56.9,2227.0,1689.0,0.0,0.0,307129.0,275225.0,15.27,12.84,7.71,26.0,13.0,,,25.0,0.0,13.0,0.0,0.0,0.0,0.0,0.0,0.0,0.0,0.0,0.0,0.0,0.0,3371.0,0.0,0.0,0.0,0.0,0.0,403.0,107.0,0.0,0.0,0,0,0,0,0,0.0,0.0,0.0,0.0,0.0,0.0,0.0,0,0,0,0,37.4,0,0,0,0,0.5,,,,0.0,0.0,0.0,carga4,exp_09
2026-09-07 06:59:44,24.0,14.4,58.0,0.1,0.0,56.9,2230.0,1686.0,0.0,17367.0,292114.0,264478.0,14.45,12.71,7.69,26.0,13.0,,,25.0,0.0,13.0,0.0,0.0,0.0,0.0,0.0,0.0,0.0,0.0,0.0,0.0,0.0,3375.0,0.0,0.0,0.0,0.0,0.0,403.0,78.0,0.0,0.0,0,0,1,0,0,1424.0,1424.0,1424.0,1424.0,60.0,0.0,0.0,0,0,0,1,38.4,1,0,0,0,0.5,,,,0.0,0.0,0.0,carga4,exp_09
2026-09-07 06:59:47,25.7,13.6,57.6,0.0,0.0,56.7,2220.0,1696.0,0.0,159009.0,293669.0,254388.0,14.45,12.71,7.69,26.0,13.0,,,25.0,0.0,13.0,0.0,0.0,0.0,0.0,0.0,0.0,0.0,0.0,0.32,0.0,0.0,3377.0,0.0,0.0,0.0,0.0,0.0,403.0,138.0,0.0,0.0,0,0,0,0,0,0.0,0.0,0.0,0.0,0.0,0.0,0.0,0,0,0,0,39.3,0,0,0,0,0.5,,,,0.0,0.0,0.0,carga4,exp_09
2026-09-07 06:59:50,24.0,12.1,60.1,0.0,0.0,56.7,2221.0,1695.0,0.0,2519163.0,280311.0,253218.0,13.77,12.6,7.68,26.0,13.0,,,25.0,0.0,13.0,0.0,0.0,0.0,0.0,0.0,0.0,0.0,0.0,0.0,0.0,0.0,3381.0,0.0,0.0,0.0,0.0,0.0,403.0,41.0,0.0,0.0,0,0,1,0,0,5753.0,5753.0,5753.0,5753.0,60.0,0.0,0.0,0,0,0,1,36.1,1,0,0,0,0.5,,,,0.0,0.0,0.0,carga4,exp_09
2026-09-07 06:59:54,27.5,12.5,56.2,0.1,0.0,56.1,2196.0,1720.0,0.0,7066159.0,279012.0,240375.0,12.99,12.46,7.66,26.0,14.0,,,25.0,0.0,13.0,0.0,0.0,0.0,0.0,0.0,0.0,0.0,0.0,0.0,0.0,0.0,3385.0,0.0,0.0,0.0,0.0,0.0,403.0,105.0,0.0,0.0,0,0,0,0,0,0.0,0.0,0.0,0.0,0.0,0.0,0.0,0,0,0,0,40.0,0,0,0,0,0.5384615384615384,,,,0.0,0.0,0.0,carga4,exp_09
2026-09-07 06:59:57,24.5,11.6,60.4,0.0,0.0,56.1,2197.0,1719.0,0.0,0.0,282309.0,253893.0,12.99,12.46,7.66,26.0,13.0,,,25.0,0.0,13.0,0.0,0.0,0.0,0.0,0.0,0.0,0.0,0.0,0.61,0.0,0.0,3388.0,0.0,0.0,0.0,0.0,0.0,403.0,34.0,0.0,0.0,0,0,0,0,0,0.0,0.0,0.0,0.0,0.0,0.0,0.0,0,0,0,0,36.1,0,0,0,0,0.5,,,,0.0,0.0,0.0,carga4,exp_09
2026-09-07 07:00:00,27.6,11.7,57.4,0.1,0.0,56.1,2197.0,1719.0,0.0,67303.0,304355.0,274929.0,12.11,12.28,7.63,26.0,13.0,,,25.0,0.0,13.0,0.0,0.0,0.0,0.0,0.0,0.0,0.0,0.0,0.63,0.0,0.6666666666666666,3392.0,0.0,0.0,0.0,0.0,0.0,403.0,100.0,0.0,0.0,0,0,0,0,0,0.0,0.0,0.0,0.0,0.0,0.0,0.0,0,0,0,0,39.3,0,0,0,0,0.5,,,,0.0,0.0,0.0,carga4,exp_09
2026-09-07 07:00:03,23.8,13.1,60.1,0.0,0.0,56.1,2197.0,1719.0,0.0,0.0,276652.0,239201.0,11.62,12.18,7.62,26.0,13.0,,,25.0,0.0,13.0,0.0,0.0,0.0,0.0,0.0,0.0,0.0,0.0,0.0,0.0,0.0,3395.0,0.0,0.0,0.0,0.0,0.0,403.0,77.0,0.0,0.0,0,0,0,0,0,0.0,0.0,0.0,0.0,0.0,0.0,0.0,0,0,0,0,36.9,0,0,0,0,0.5,,,,0.0,0.0,0.0,carga4,exp_09
2026-09-07 07:00:07,26.4,14.6,55.4,0.0,0.0,56.2,2199.0,1717.0,0.0,16704.0,259972.0,234268.0,11.62,12.18,7.62,26.0,13.0,,,25.0,0.0,13.0,0.0,0.0,0.0,0.0,0.0,0.0,0.0,0.0,0.27,0.0,0.0,3399.0,0.0,0.0,0.0,0.0,0.0,403.0,103.0,0.0,0.0,0,0,0,0,0,0.0,0.0,0.0,0.0,0.0,0.0,0.0,0,0,0,0,41.0,0,0,0,0,0.5,,,,0.0,0.0,0.0,carga4,exp_09
2026-09-07 07:00:11,28.3,11.7,57.2,0.0,0.0,55.7,2183.0,1733.0,0.0,33110.0,272097.0,246987.0,10.77,11.99,7.59,26.0,13.0,,,25.0,0.0,13.0,0.0,0.0,0.0,0.0,0.0,0.0,0.0,0.0,0.0,0.0,0.0,3402.0,0.0,0.0,0.0,0.0,0.0,403.0,105.0,0.0,0.0,0,0,0,0,0,0.0,0.0,0.0,0.0,0.0,0.0,0.0,0,0,0,0,40.0,0,0,0,0,0.5,,,,0.0,0.0,0.0,carga4,exp_09
2026-09-07 07:00:14,25.9,12.1,58.8,0.0,0.0,55.7,2183.0,1733.0,0.0,77384.0,290995.0,253656.0,10.14,11.84,7.56,26.0,13.0,,,25.0,0.0,13.0,0.0,0.0,0.0,0.0,0.0,0.0,0.0,0.0,0.0,0.0,0.0,3405.0,0.0,0.0,0.0,0.0,0.0,403.0,37.0,0.0,0.0,0,0,0,0,0,0.0,0.0,0.0,0.0,0.0,0.0,0.0,0,0,0,0,38.0,0,0,0,0,0.5,,,,0.0,0.0,0.0,carga4,exp_09
2026-09-07 07:00:17,26.4,11.5,58.7,0.0,0.0,55.7,2182.0,1734.0,0.0,25150.0,293162.0,266405.0,10.14,11.84,7.56,26.0,13.0,,,25.0,0.0,13.0,0.0,0.0,0.0,0.0,0.0,0.0,0.0,0.0,0.0,0.0,0.0,3409.0,0.0,0.0,0.0,0.0,0.0,403.0,47.0,0.0,0.0,0,0,0,0,0,0.0,0.0,0.0,0.0,0.0,0.0,0.0,0,0,0,0,37.9,0,0,0,0,0.5,,,,0.0,0.0,0.0,carga4,exp_09
2026-09-07 07:00:21,26.8,11.8,58.2,0.0,0.0,55.6,2176.0,1740.0,0.0,4006320.0,279124.0,244802.0,9.41,11.66,7.53,27.0,13.0,,,25.0,0.0,13.0,0.0,0.0,0.0,0.0,0.0,0.0,0.0,0.0,0.29,0.0,0.0,3413.0,0.0,0.0,0.0,0.0,0.0,403.0,116.0,0.0,0.0,0,0,0,0,0,0.0,0.0,0.0,0.0,0.0,0.0,0.0,0,0,0,0,38.6,0,0,0,0,0.4814814814814814,,,,0.0,0.0,0.0,carga4,exp_09
2026-09-07 07:00:24,24.6,13.5,58.4,0.0,0.0,55.5,2175.0,1742.0,0.0,7707885.0,283878.0,253948.0,8.82,11.5,7.5,26.0,13.0,,,25.0,0.0,13.0,0.0,0.0,0.0,0.0,0.0,0.0,0.0,0.0,0.0,0.0,0.0,3416.0,0.0,0.0,0.0,0.0,0.0,403.0,100.0,0.0,0.0,0,0,0,0,0,0.0,0.0,0.0,0.0,0.0,0.0,0.0,0,0,0,0,38.1,0,0,0,0,0.5,,,,0.0,0.0,0.0,carga4,exp_09
2026-09-07 07:00:27,26.9,12.8,57.5,0.0,0.0,55.0,2155.0,1761.0,0.0,18204.0,294536.0,264357.0,8.82,11.5,7.5,26.0,13.0,,,25.0,0.0,13.0,0.0,0.0,0.0,0.0,0.0,0.0,0.0,0.0,0.0,0.0,0.0,3419.0,0.0,0.0,0.0,0.0,0.0,403.0,39.0,0.0,0.0,0,0,0,0,0,0.0,0.0,0.0,0.0,0.0,0.0,0.0,0,0,0,0,39.7,0,0,0,0,0.5,,,,0.0,0.0,0.0,carga4,exp_09
2026-09-07 07:00:30,25.2,12.8,58.7,0.0,0.0,55.1,2157.0,1759.0,0.0,38775.0,291201.0,252627.0,8.35,11.36,7.47,26.0,13.0,,,25.0,0.0,13.0,0.0,0.0,0.0,0.0,0.0,0.0,0.0,0.0,0.33,0.0,0.0,3422.0,0.0,0.0,0.0,0.0,0.0,403.0,127.0,0.0,0.0,0,0,0,0,0,0.0,0.0,0.0,0.0,0.0,0.0,0.0,0,0,0,0,38.0,0,0,0,0,0.5,,,,0.0,0.0,0.0,carga4,exp_09
2026-09-07 07:00:33,24.8,14.7,57.6,0.1,0.0,54.8,2147.0,1769.0,0.0,0.0,296806.0,269162.0,8.35,11.36,7.47,26.0,13.0,,,25.0,0.0,13.0,0.0,0.0,0.0,0.0,0.0,0.0,0.0,0.0,0.0,0.0,0.0,3425.0,0.0,0.0,0.0,0.0,0.0,403.0,64.0,0.0,0.0,0,0,0,0,0,0.0,0.0,0.0,0.0,0.0,0.0,0.0,0,0,0,0,39.5,0,0,0,0,0.5,,,,0.0,0.0,0.0,carga4,exp_09
2026-09-07 07:00:36,24.2,15.4,57.5,0.0,0.0,54.8,2148.0,1769.0,0.0,35067.0,318209.0,288815.0,7.92,11.22,7.45,26.0,13.0,,,25.0,0.0,13.0,0.0,0.0,0.0,0.0,0.0,0.0,0.0,0.0,0.95,0.0,0.0,3430.0,0.0,0.0,0.0,0.0,0.0,403.0,64.0,0.0,0.0,0,0,0,0,0,0.0,0.0,0.0,0.0,0.0,0.0,0.0,0,0,0,0,39.6,0,0,0,0,0.5,,,,0.0,0.0,0.0,carga4,exp_09
2026-09-07 07:00:40,24.0,15.0,58.0,0.0,0.0,53.7,2103.0,1813.0,0.0,0.0,307014.0,264824.0,7.53,11.08,7.42,26.0,13.0,,,25.0,0.0,13.0,0.0,0.0,0.0,0.0,0.0,0.0,0.0,0.0,0.0,0.0,0.0,3433.0,0.0,0.0,0.0,0.0,0.0,403.0,49.0,0.0,0.0,0,0,0,0,0,0.0,0.0,0.0,0.0,0.0,0.0,0.0,0,0,0,0,39.0,0,0,0,0,0.5,,,,0.0,0.0,0.0,carga4,exp_09
2026-09-07 07:00:43,25.5,14.3,57.4,0.1,0.0,54.0,2114.0,1802.0,0.0,89710.0,293234.0,266448.0,7.53,11.08,7.42,25.0,12.0,,,24.0,0.0,13.0,0.0,0.0,0.0,0.0,0.0,0.0,0.0,0.0,0.32,0.0,0.0,3436.0,0.0,0.0,0.0,0.0,0.0,403.0,49.0,0.0,0.0,0,0,0,0,0,0.0,0.0,0.0,0.0,0.0,0.0,0.0,0,0,0,0,39.8,0,0,0,0,0.48,,,,0.0,0.0,0.0,carga4,exp_09
2026-09-07 07:00:46,22.0,15.7,59.0,0.0,0.0,53.9,2110.0,1806.0,0.0,49253.0,299112.0,259327.0,7.49,11.02,7.42,25.0,13.0,,,24.0,0.0,13.0,0.0,0.0,0.0,0.0,0.0,0.0,0.0,0.0,0.0,0.0,0.0,3439.0,0.0,0.0,0.0,0.0,0.0,403.0,19.0,0.0,0.0,0,0,0,0,0,0.0,0.0,0.0,0.0,0.0,0.0,0.0,0,0,0,0,37.7,0,0,0,0,0.52,,,,0.0,0.0,0.0,carga4,exp_09
2026-09-07 07:00:49,25.1,12.3,59.5,0.0,0.0,54.0,2114.0,1802.0,0.0,0.0,286314.0,257156.0,7.13,10.88,7.4,22.0,9.0,,,21.0,0.0,13.0,0.0,0.0,0.0,0.0,0.0,0.0,0.0,0.0,0.31,0.0,0.0,3442.0,0.0,0.0,0.0,0.0,0.0,403.0,110.0,0.0,0.0,0,0,0,0,0,0.0,0.0,0.0,0.0,0.0,0.0,0.0,0,0,0,0,37.400000000000006,0,0,0,0,0.4090909090909091,,,,0.0,0.0,0.0,carga4,exp_09
2026-09-07 07:00:53,24.4,13.2,58.7,0.0,0.0,53.3,2086.0,1830.0,0.0,19957.0,307591.0,278007.0,7.13,10.88,7.4,22.0,9.0,,,21.0,0.0,13.0,0.0,0.0,0.0,0.0,0.0,0.0,0.0,0.0,0.3,0.0,0.0,3445.0,0.0,0.0,0.0,0.0,0.0,403.0,209.0,0.0,0.0,0,0,0,0,0,0.0,0.0,0.0,0.0,0.0,0.0,0.0,0,0,0,0,37.6,0,0,0,0,0.4090909090909091,,,,0.0,0.0,0.0,carga4,exp_09
2026-09-07 07:00:56,24.2,12.6,59.8,0.0,0.0,53.4,2091.0,1825.0,0.0,11318031.0,299451.0,257846.0,6.96,10.78,7.39,22.0,9.0,,,21.0,0.0,13.0,0.0,0.0,0.0,0.0,0.0,0.0,0.0,0.0,0.0,0.0,0.0,3449.0,0.0,0.0,0.0,0.0,0.0,403.0,49.0,0.0,0.0,0,0,0,0,0,0.0,0.0,0.0,0.0,0.0,0.0,0.0,0,0,0,0,36.8,0,0,0,0,0.4090909090909091,,,,0.0,0.0,0.0,carga4,exp_09
2026-09-07 07:00:59,23.5,14.4,58.9,0.1,0.0,53.3,2087.0,1829.0,8487.0,2524159.0,308608.0,278597.0,6.48,10.62,7.35,22.0,9.0,,,21.0,0.0,13.0,0.0,0.0,0.0,0.0,0.0,0.0,0.0,0.0,0.0,0.0,0.0,3454.0,0.0,0.0,0.0,0.0,0.0,403.0,95.0,0.0,0.0,0,0,0,0,0,0.0,0.0,0.0,0.0,0.0,0.0,0.0,0,0,0,0,37.9,0,0,0,0,0.4090909090909091,,,,0.0,0.0,0.0,carga4,exp_09
2026-09-07 07:01:03,25.2,14.0,57.3,0.1,0.0,53.4,2092.0,1824.0,0.0,9659.0,257103.0,233060.0,6.48,10.62,7.35,22.0,9.0,,,21.0,0.0,13.0,0.0,0.0,0.0,0.0,0.0,0.0,0.0,0.0,0.26,0.0,0.0,3457.0,0.0,0.0,0.0,0.0,0.0,403.0,108.0,0.0,0.0,0,0,0,0,0,0.0,0.0,0.0,0.0,0.0,0.0,0.0,0,0,0,0,39.2,0,0,0,0,0.4090909090909091,,,,0.0,0.0,0.0,carga4,exp_09
2026-09-07 07:01:07,23.7,13.1,59.6,0.0,0.0,52.6,2061.0,1856.0,0.0,1242.0,296482.0,268787.0,5.96,10.45,7.31,22.0,9.0,,,21.0,0.0,13.0,0.0,0.0,0.0,0.0,0.0,0.0,0.0,0.0,0.0,0.0,0.0,3460.0,0.0,0.0,0.0,0.0,0.0,403.0,96.0,0.0,0.0,0,0,1,0,0,677.0,677.0,677.0,677.0,4.0,0.0,0.0,0,0,0,1,36.8,1,0,0,0,0.4090909090909091,,,,0.0,0.0,0.0,carga4,exp_09
2026-09-07 07:01:10,23.1,13.1,60.2,0.0,0.0,52.7,2062.0,1854.0,0.0,31089.0,285286.0,246873.0,5.96,10.37,7.3,22.0,9.0,,,21.0,0.0,13.0,0.0,0.0,0.0,0.0,0.0,0.0,0.0,0.0,0.0,0.0,0.0,3464.0,0.0,0.0,0.0,0.0,0.0,403.0,43.0,0.0,0.0,0,0,1,0,0,4500.0,4500.0,4500.0,4500.0,4.0,0.0,0.0,0,0,0,1,36.2,1,0,0,0,0.4090909090909091,,,,0.0,0.0,0.0,carga4,exp_09
2026-09-07 07:01:14,22.8,13.0,60.9,0.0,0.0,52.6,2061.0,1855.0,10155.0,93930.0,287957.0,260832.0,5.81,10.27,7.29,22.0,9.0,,,21.0,0.0,13.0,0.0,0.0,0.0,0.0,0.0,0.0,0.0,0.0,0.31,0.0,0.0,3467.0,0.0,0.0,0.0,0.0,0.0,403.0,95.0,0.0,0.0,0,0,0,0,0,0.0,0.0,0.0,0.0,0.0,0.0,0.0,0,0,0,0,35.8,0,0,0,0,0.4090909090909091,,,,0.0,0.0,0.0,carga4,exp_09
2026-09-07 07:01:17,25.9,12.8,58.6,0.0,0.0,52.4,2053.0,1863.0,0.0,5184.0,299045.0,268687.0,5.81,10.27,7.29,22.0,9.0,,,21.0,0.0,13.0,0.0,0.0,0.0,0.0,0.0,0.0,0.0,0.0,0.0,0.0,0.0,3470.0,0.0,0.0,0.0,0.0,0.0,403.0,25.0,0.0,0.0,0,0,0,0,0,0.0,0.0,0.0,0.0,0.0,0.0,0.0,0,0,0,0,38.7,0,0,0,0,0.4090909090909091,,,,0.0,0.0,0.0,carga4,exp_09
2026-09-07 07:01:20,23.1,10.7,62.7,0.0,0.0,52.3,2049.0,1867.0,0.0,37011.0,274496.0,240035.0,5.5,10.13,7.26,22.0,9.0,,,21.0,0.0,13.0,0.0,0.0,0.0,0.0,0.0,0.0,0.0,0.0,0.0,0.0,0.0,3474.0,0.0,0.0,0.0,0.0,0.0,403.0,85.0,0.0,0.0,0,0,0,0,0,0.0,0.0,0.0,0.0,0.0,0.0,0.0,0,0,0,0,33.8,0,0,0,0,0.4090909090909091,,,,0.0,0.0,0.0,carga4,exp_09
2026-09-07 07:01:23,24.0,11.3,61.2,0.0,0.0,52.4,2053.0,1863.0,0.0,17105.0,288281.0,260740.0,5.5,10.13,7.26,22.0,9.0,,,21.0,0.0,13.0,0.0,0.0,0.0,0.0,0.0,0.0,0.0,0.0,0.0,0.0,0.0,3478.0,0.0,0.0,0.0,0.0,0.0,403.0,178.0,0.0,0.0,0,0,0,0,0,0.0,0.0,0.0,0.0,0.0,0.0,0.0,0,0,0,0,35.3,0,0,0,0,0.4090909090909091,,,,0.0,0.0,0.0,carga4,exp_09
2026-09-07 07:01:27,25.2,12.2,59.2,0.0,0.0,52.6,2061.0,1855.0,0.0,1229.0,298026.0,270039.0,5.78,10.11,7.27,22.0,9.0,,,21.0,0.0,13.0,0.0,0.0,0.0,0.0,0.0,0.0,0.0,0.0,0.3,0.0,0.0,3481.0,0.0,0.0,0.0,0.0,0.0,403.0,92.0,0.0,0.0,0,0,0,0,0,0.0,0.0,0.0,0.0,0.0,0.0,0.0,0,0,0,0,37.4,0,0,0,0,0.4090909090909091,,,,0.0,0.0,0.0,carga4,exp_09
2026-09-07 07:01:30,23.1,12.0,61.7,0.0,0.0,52.7,2062.0,1854.0,0.0,2977488.0,288134.0,250839.0,5.72,10.02,7.25,22.0,9.0,,,21.0,0.0,13.0,0.0,0.0,0.0,0.0,0.0,0.0,0.0,0.0,0.0,0.0,0.0,3485.0,0.0,0.0,0.0,0.0,0.0,403.0,76.0,0.0,0.0,0,0,0,0,0,0.0,0.0,0.0,0.0,0.0,0.0,0.0,0,0,0,0,35.1,0,0,0,0,0.4090909090909091,,,,0.0,0.0,0.0,carga4,exp_09
2026-09-07 07:01:33,24.5,12.9,59.5,0.1,0.0,52.3,2048.0,1868.0,0.0,26397.0,289872.0,262018.0,5.72,10.02,7.25,22.0,9.0,,,21.0,0.0,13.0,0.0,0.0,0.0,0.0,0.0,0.0,0.0,0.0,0.97,0.0,0.0,3488.0,0.0,0.0,0.0,0.0,0.0,403.0,49.0,0.0,0.0,0,0,0,0,0,0.0,0.0,0.0,0.0,0.0,0.0,0.0,0,0,0,0,37.4,0,0,0,0,0.4090909090909091,,,,0.0,0.0,0.0,carga4,exp_09
2026-09-07 07:01:37,24.5,13.3,59.1,0.0,0.0,52.3,2047.0,1869.0,0.0,1500356.0,273581.0,248328.0,5.66,9.94,7.24,22.0,9.0,,,21.0,0.0,13.0,0.0,0.0,0.0,0.0,0.0,0.0,0.0,0.0,0.29,0.0,0.0,3491.0,0.0,0.0,0.0,0.0,0.0,403.0,88.0,0.0,0.0,0,0,0,0,0,0.0,0.0,0.0,0.0,0.0,0.0,0.0,0,0,0,0,37.8,0,0,0,0,0.4090909090909091,,,,0.0,0.0,0.0,carga4,exp_09
2026-09-07 07:01:40,24.6,16.7,55.5,0.0,0.0,52.3,2046.0,1870.0,0.0,45170.0,295543.0,254205.0,5.53,9.84,7.22,22.0,9.0,,,20.0,0.0,13.0,0.0,0.0,0.0,0.0,0.0,0.0,0.0,0.0,0.34,0.0,0.0,3494.0,0.0,0.0,0.0,0.0,0.0,403.0,99.0,0.0,0.0,0,0,0,0,0,0.0,0.0,0.0,0.0,0.0,0.0,0.0,0,0,0,0,41.3,0,0,0,0,0.4090909090909091,,,,0.0,0.0,0.0,carga4,exp_09
2026-09-07 07:01:43,24.8,14.5,58.0,0.0,0.0,52.2,2046.0,1870.0,0.0,97322.0,301331.0,272994.0,5.53,9.84,7.22,22.0,9.0,,,21.0,0.0,13.0,0.0,0.0,0.0,0.0,0.0,0.0,0.0,0.0,0.0,0.0,0.0,3499.0,0.0,0.0,0.0,0.0,0.0,403.0,68.0,0.0,0.0,0,0,0,0,0,0.0,0.0,0.0,0.0,0.0,0.0,0.0,0,0,0,0,39.3,0,0,0,0,0.4090909090909091,,,,0.0,0.0,0.0,carga4,exp_09
2026-09-07 07:01:46,24.1,16.3,56.6,0.0,0.0,52.2,2046.0,1870.0,0.0,4058.0,297295.0,269662.0,5.32,9.73,7.2,22.0,9.0,,,21.0,0.0,13.0,0.0,0.0,0.0,0.0,0.0,0.0,0.0,0.0,0.0,0.0,0.0,3502.0,0.0,0.0,0.0,0.0,0.0,403.0,62.0,0.0,0.0,0,0,0,0,0,0.0,0.0,0.0,0.0,0.0,0.0,0.0,0,0,0,0,40.400000000000006,0,0,0,0,0.4090909090909091,,,,0.0,0.0,0.0,carga4,exp_09
2026-09-07 07:01:50,22.3,14.7,59.4,0.1,0.0,52.2,2043.0,1873.0,53723.0,20295.0,295003.0,254681.0,5.14,9.62,7.18,22.0,9.0,,,21.0,0.0,13.0,0.0,0.0,0.0,0.0,0.0,0.0,0.0,0.0,0.29,0.0,0.0,3505.0,0.0,0.0,0.0,0.0,0.0,403.0,44.0,0.0,0.0,0,0,0,0,0,0.0,0.0,0.0,0.0,0.0,0.0,0.0,0,0,0,0,37.0,0,0,0,0,0.4090909090909091,,,,0.0,0.0,0.0,carga4,exp_09
2026-09-07 07:01:53,25.9,12.9,58.5,0.1,0.0,52.2,2045.0,1872.0,0.0,38455.0,325466.0,291795.0,5.14,9.62,7.18,22.0,9.0,,,21.0,0.0,13.0,0.0,0.0,0.0,0.0,0.0,0.0,0.0,0.0,0.0,0.0,0.0,3508.0,0.0,0.0,0.0,0.0,0.0,403.0,78.0,0.0,0.0,0,0,0,0,0,0.0,0.0,0.0,0.0,0.0,0.0,0.0,0,0,0,0,38.8,0,0,0,0,0.4090909090909091,,,,0.0,0.0,0.0,carga4,exp_09
2026-09-07 07:01:56,23.8,13.2,59.8,0.0,0.0,52.2,2044.0,1873.0,0.0,0.0,290356.0,264392.0,4.81,9.47,7.15,22.0,9.0,,,21.0,0.0,13.0,0.0,0.0,0.0,0.0,0.0,0.0,0.0,0.0,0.0,0.0,0.0,3511.0,0.0,0.0,0.0,0.0,0.0,403.0,149.0,0.0,0.0,0,0,0,0,0,0.0,0.0,0.0,0.0,0.0,0.0,0.0,0,0,0,0,37.0,0,0,0,0,0.4090909090909091,,,,0.0,0.0,0.0,carga4,exp_09
2026-09-07 07:01:59,25.9,13.1,57.8,0.0,0.0,52.2,2044.0,1872.0,0.0,14000.0,324392.0,280156.0,4.5,9.33,7.11,22.0,9.0,,,21.0,0.0,13.0,0.0,0.0,0.0,0.0,0.0,0.0,0.0,0.0,0.34,0.0,0.0,3514.0,0.0,0.0,0.0,0.0,0.0,403.0,176.0,0.0,0.0,0,0,0,0,0,0.0,0.0,0.0,0.0,0.0,0.0,0.0,0,0,0,0,39.0,0,0,0,0,0.4090909090909091,,,,0.0,0.0,0.0,carga4,exp_09
2026-09-07 07:02:02,24.8,13.1,58.9,0.0,0.0,52.1,2042.0,1874.0,0.0,394730.0,315520.0,286318.0,4.5,9.33,7.11,22.0,9.0,,,21.0,0.0,13.0,0.0,0.0,0.0,0.0,0.0,0.0,0.0,0.0,0.0,0.0,0.0,3517.0,0.0,0.0,0.0,0.0,0.0,403.0,127.0,0.0,0.0,0,0,0,0,0,0.0,0.0,0.0,0.0,0.0,0.0,0.0,0,0,0,0,37.9,0,0,0,0,0.4090909090909091,,,,0.0,0.0,0.0,carga4,exp_09
2026-09-07 07:02:06,23.7,17.4,55.3,0.0,0.0,52.1,2042.0,1874.0,0.0,3505798.0,235139.0,215061.0,4.3,9.21,7.08,22.0,9.0,,,21.0,0.0,13.0,0.0,0.0,0.0,0.0,0.0,0.0,0.0,0.0,0.0,0.0,0.0,3522.0,0.0,0.0,0.0,0.0,0.0,403.0,170.0,0.0,0.0,0,0,0,0,0,0.0,0.0,0.0,0.0,0.0,0.0,0.0,0,0,0,0,41.1,0,0,0,0,0.4090909090909091,,,,0.0,0.0,0.0,carga4,exp_09
2026-09-07 07:02:10,21.5,17.4,56.8,0.1,0.0,51.8,2027.0,1889.0,0.0,63131.0,158177.0,148040.0,4.44,9.16,7.08,23.0,9.0,,,21.0,0.0,13.0,0.0,0.0,0.0,0.0,0.0,0.0,0.0,0.0,0.2,0.0,0.0,3528.0,0.0,0.0,0.0,0.0,0.0,403.0,183.0,0.0,0.0,0,0,0,0,0,0.0,0.0,0.0,0.0,0.0,0.0,0.0,0,0,0,0,38.9,0,0,0,0,0.391304347826087,,,,0.0,0.0,0.0,carga4,exp_09
2026-09-07 07:02:16,25.6,16.3,54.7,0.0,0.0,51.7,2023.0,1893.0,0.0,22492.0,210581.0,192809.0,4.88,9.17,7.09,22.0,9.0,,,21.0,0.0,13.0,0.0,0.0,0.0,0.0,0.0,0.0,0.0,0.0,0.0,0.0,0.0,3532.0,0.0,0.0,0.0,0.0,0.0,403.0,72.0,0.0,0.0,0,0,0,0,0,0.0,0.0,0.0,0.0,0.0,0.0,0.0,0,0,0,0,41.900000000000006,0,0,0,0,0.4090909090909091,,,,0.0,0.0,0.0,carga4,exp_09
2026-09-07 07:02:19,26.9,10.6,59.3,0.1,0.0,51.7,2023.0,1893.0,47440.0,29819.0,296759.0,268979.0,4.89,9.1,7.08,22.0,9.0,,,21.0,0.0,13.0,0.0,0.0,0.0,0.0,0.0,0.0,0.0,0.0,0.0,0.0,0.0,3535.0,0.0,0.0,0.0,0.0,0.0,403.0,47.0,0.0,0.0,0,0,0,0,0,0.0,0.0,0.0,0.0,0.0,0.0,0.0,0,0,0,0,37.5,0,0,0,0,0.4090909090909091,,,,0.0,0.0,0.0,carga4,exp_09
2026-09-07 07:02:22,24.8,12.1,59.4,0.0,0.0,52.1,2039.0,1878.0,0.0,1301.0,300665.0,260275.0,4.89,9.1,7.08,22.0,9.0,,,21.0,0.0,13.0,0.0,0.0,0.0,0.0,0.0,0.0,0.0,0.0,0.32,0.0,0.0,3538.0,0.0,0.0,0.0,0.0,0.0,403.0,37.0,0.0,0.0,0,0,0,0,0,0.0,0.0,0.0,0.0,0.0,0.0,0.0,0,0,0,0,36.9,0,0,0,0,0.4090909090909091,,,,0.0,0.0,0.0,carga4,exp_09
2026-09-07 07:02:25,22.9,11.3,62.3,0.0,0.0,52.0,2036.0,1880.0,0.0,33020.0,286877.0,259332.0,4.82,9.02,7.07,22.0,9.0,,,21.0,0.0,13.0,0.0,0.0,0.0,0.0,0.0,0.0,0.0,0.0,0.0,0.0,0.0,3542.0,0.0,0.0,0.0,0.0,0.0,403.0,63.0,0.0,0.0,0,0,0,0,0,0.0,0.0,0.0,0.0,0.0,0.0,0.0,0,0,0,0,34.2,0,0,0,0,0.4090909090909091,,,,0.0,0.0,0.0,carga4,exp_09
2026-09-07 07:02:29,24.3,11.9,59.5,1.0,0.0,52.1,2038.0,1878.0,0.0,16845.0,306281.0,274006.0,5.0,8.98,7.07,22.0,9.0,,,21.0,0.0,13.0,0.0,0.0,0.0,0.0,0.0,0.0,0.0,0.0,0.0,0.0,0.0,3546.0,0.0,0.0,0.0,0.0,0.0,403.0,72.0,0.0,0.0,0,0,0,0,0,0.0,0.0,0.0,0.0,0.0,0.0,0.0,0,0,0,0,36.2,0,0,0,0,0.4090909090909091,,,,0.0,0.0,0.0,carga4,exp_09
2026-09-07 07:02:32,25.4,12.0,59.6,0.0,0.0,51.6,2021.0,1896.0,0.0,1418.0,316861.0,274255.0,5.0,8.98,7.07,22.0,9.0,,,21.0,0.0,13.0,0.0,0.0,0.0,0.0,0.0,0.0,0.0,0.0,1.39,0.0,0.0,3549.0,0.0,0.0,0.0,0.0,0.0,403.0,131.0,0.0,0.0,0,0,0,0,0,0.0,0.0,0.0,0.0,0.0,0.0,0.0,0,0,0,0,37.4,0,0,0,0,0.4090909090909091,,,,0.0,0.0,0.0,carga4,exp_09
2026-09-07 07:02:34,23.2,10.6,62.7,0.0,0.0,51.6,2021.0,1896.0,0.0,40031.0,310002.0,283090.0,4.92,8.9,7.05,22.0,9.0,,,21.0,0.0,13.0,0.0,0.0,0.0,0.0,0.0,0.0,0.0,0.0,0.0,0.0,0.0,3551.0,0.0,0.0,0.0,0.0,0.0,403.0,73.0,0.0,0.0,0,0,0,0,0,0.0,0.0,0.0,0.0,0.0,0.0,0.0,0,0,0,0,33.8,0,0,0,0,0.4090909090909091,,,,0.0,0.0,0.0,carga4,exp_09
2026-09-07 07:02:37,25.1,13.0,58.8,0.1,0.0,51.8,2028.0,1888.0,30653.0,5911465.0,318239.0,290158.0,4.92,8.9,7.05,22.0,9.0,,,21.0,0.0,13.0,0.0,0.0,0.0,0.0,0.0,0.0,0.0,0.0,0.37,0.0,0.0,3554.0,0.0,0.0,0.0,0.0,0.0,403.0,121.0,0.0,0.0,0,0,0,0,0,0.0,0.0,0.0,0.0,0.0,0.0,0.0,0,0,0,0,38.1,0,0,0,0,0.4090909090909091,,,,0.0,0.0,0.0,carga4,exp_09
2026-09-07 07:02:40,24.0,11.0,61.6,0.0,0.0,51.8,2027.0,1889.0,0.0,131573.0,289946.0,251487.0,4.68,8.78,7.02,22.0,9.0,,,21.0,0.0,13.0,0.0,0.0,0.0,0.0,0.0,0.0,0.0,0.0,0.0,0.0,0.0,3558.0,0.0,0.0,0.0,0.0,0.0,403.0,65.0,0.0,0.0,0,0,0,0,0,0.0,0.0,0.0,0.0,0.0,0.0,0.0,0,0,0,0,35.0,0,0,0,0,0.4090909090909091,,,,0.0,0.0,0.0,carga4,exp_09
2026-09-07 07:02:44,24.6,12.1,60.0,0.1,0.0,51.7,2026.0,1890.0,0.0,2163083.0,313809.0,280876.0,4.55,8.69,7.0,22.0,9.0,,,21.0,0.0,13.0,0.0,0.0,0.0,0.0,0.0,0.0,0.0,0.0,0.3,0.0,0.0,3561.0,0.0,0.0,0.0,0.0,0.0,403.0,58.0,0.0,0.0,0,0,0,0,0,0.0,0.0,0.0,0.0,0.0,0.0,0.0,0,0,0,0,36.7,0,0,0,0,0.4090909090909091,,,,0.0,0.0,0.0,carga4,exp_09
2026-09-07 07:02:47,22.4,14.0,60.1,0.0,0.0,51.7,2025.0,1891.0,0.0,37989.0,272618.0,235917.0,4.55,8.69,7.0,22.0,9.0,,,21.0,0.0,13.0,0.0,0.0,0.0,0.0,0.0,0.0,0.0,0.0,0.0,0.0,0.0,3564.0,0.0,0.0,0.0,0.0,0.0,403.0,58.0,0.0,0.0,0,0,0,0,0,0.0,0.0,0.0,0.0,0.0,0.0,0.0,0,0,0,0,36.4,0,0,0,0,0.4090909090909091,,,,0.0,0.0,0.0,carga4,exp_09
2026-09-07 07:02:51,23.5,15.5,58.1,0.0,0.0,51.8,2028.0,1888.0,0.0,0.0,296396.0,268774.0,4.42,8.59,6.98,21.0,9.0,,,20.0,0.0,13.0,0.0,0.0,0.0,0.0,0.0,0.0,0.0,0.0,0.0,0.0,0.0,3569.0,0.0,0.0,0.0,0.0,0.0,403.0,140.0,0.0,0.0,0,0,0,0,0,0.0,0.0,0.0,0.0,0.0,0.0,0.0,0,0,0,0,39.0,0,0,0,0,0.4285714285714285,,,,0.0,0.0,0.0,carga4,exp_09
2026-09-07 07:02:54,23.1,14.7,58.7,0.0,0.0,51.6,2023.0,1893.0,0.0,29280.0,291917.0,265132.0,4.31,8.5,6.96,21.0,9.0,,,20.0,0.0,13.0,0.0,0.0,0.0,0.0,0.0,0.0,0.0,0.0,0.31,0.0,0.0,3572.0,0.0,0.0,0.0,0.0,0.0,403.0,81.0,0.0,0.0,0,0,0,0,0,0.0,0.0,0.0,0.0,0.0,0.0,0.0,0,0,0,0,37.8,0,0,0,0,0.4285714285714285,,,,0.0,0.0,0.0,carga4,exp_09
2026-09-07 07:02:57,24.1,12.8,59.6,0.0,0.0,51.9,2031.0,1885.0,0.0,0.0,295030.0,254996.0,4.31,8.5,6.96,21.0,9.0,,,20.0,0.0,13.0,0.0,0.0,0.0,0.0,0.0,0.0,0.0,0.0,0.0,0.0,0.0,3575.0,0.0,0.0,0.0,0.0,0.0,403.0,56.0,0.0,0.0,0,0,0,0,0,0.0,0.0,0.0,0.0,0.0,0.0,0.0,0,0,0,0,36.900000000000006,0,0,0,0,0.4285714285714285,,,,0.0,0.0,0.0,carga4,exp_09
2026-09-07 07:03:00,22.2,12.5,61.6,0.0,0.0,51.8,2029.0,1887.0,0.0,37879.0,274324.0,249798.0,3.96,8.36,6.92,21.0,9.0,,,20.0,0.0,13.0,0.0,0.0,0.0,0.0,0.0,0.0,0.0,0.0,0.0,0.0,0.0,3578.0,0.0,0.0,0.0,0.0,0.0,403.0,74.0,0.0,0.0,0,0,0,0,0,0.0,0.0,0.0,0.0,0.0,0.0,0.0,0,0,0,0,34.7,0,0,0,0,0.4285714285714285,,,,0.0,0.0,0.0,carga4,exp_09
2026-09-07 07:03:04,24.4,13.0,59.4,0.0,0.0,51.8,2030.0,1887.0,0.0,10170.0,297831.0,270139.0,3.73,8.24,6.89,21.0,9.0,,,20.0,0.0,13.0,0.0,0.0,0.0,0.0,0.0,0.0,0.0,0.0,0.28,0.0,0.0,3582.0,0.0,0.0,0.0,0.0,0.0,403.0,84.0,0.0,0.0,0,0,0,0,0,0.0,0.0,0.0,0.0,0.0,0.0,0.0,0,0,0,0,37.4,0,0,0,0,0.4285714285714285,,,,0.0,0.0,0.0,carga4,exp_09
2026-09-07 07:03:08,22.4,15.4,58.8,0.0,0.0,51.7,2023.0,1893.0,0.0,106552.0,263100.0,232631.0,3.73,8.24,6.89,22.0,9.0,,,20.0,0.0,13.0,0.0,0.0,0.0,0.0,0.0,0.0,0.0,0.0,0.28,0.0,0.0,3585.0,0.0,0.0,0.0,0.0,0.0,403.0,64.0,0.0,0.0,0,0,0,0,0,0.0,0.0,0.0,0.0,0.0,0.0,0.0,0,0,0,0,37.8,0,0,0,0,0.4090909090909091,,,,0.0,0.0,0.0,carga4,exp_09
2026-09-07 07:03:11,23.3,17.5,56.0,0.0,0.0,51.7,2025.0,1892.0,0.0,0.0,295221.0,262312.0,3.67,8.15,6.87,21.0,9.0,,,20.0,0.0,13.0,0.0,0.0,0.0,0.0,0.0,0.0,0.0,0.0,0.0,0.0,0.0,3589.0,0.0,0.0,0.0,0.0,0.0,403.0,60.0,0.0,0.0,0,0,0,1,0,0.0,0.0,0.0,0.0,0.0,0.0,0.0,0,0,0,0,40.8,0,0,1,0,0.4285714285714285,,,,0.0,0.0,0.0,carga4,exp_09
2026-09-07 07:03:14,22.7,17.7,56.0,0.0,0.0,51.6,2022.0,1894.0,0.0,5854652.0,268860.0,243057.0,3.61,8.06,6.85,21.0,9.0,,,20.0,0.0,13.0,0.0,0.0,0.0,0.0,0.0,0.0,0.0,0.0,0.0,0.0,0.0,3593.0,0.0,0.0,0.0,0.0,0.0,403.0,82.0,0.0,0.0,0,0,0,1,0,0.0,0.0,0.0,0.0,0.0,0.0,0.0,0,0,0,0,40.4,0,0,1,0,0.4285714285714285,,,,0.0,0.0,0.0,carga4,exp_09
2026-09-07 07:03:17,24.0,16.5,56.9,0.0,0.0,51.8,2027.0,1889.0,0.0,2419630.0,295130.0,267149.0,3.61,8.06,6.85,21.0,9.0,,,20.0,0.0,13.0,0.0,0.0,0.0,0.0,0.0,0.0,0.0,0.0,0.6,0.0,0.0,3596.0,0.0,0.0,0.0,0.0,0.0,403.0,125.0,0.0,0.0,0,0,1,0,0,934.0,934.0,934.0,934.0,95.0,0.0,0.0,0,0,0,1,40.5,1,0,0,0,0.4285714285714285,,,,0.0,0.0,0.0,carga4,exp_09
2026-09-07 07:03:21,21.6,11.8,62.8,0.0,0.0,51.7,2025.0,1891.0,28172.0,33806.0,269351.0,234608.0,3.65,8.0,6.83,21.0,9.0,,,19.0,0.0,13.0,0.0,0.0,0.0,0.0,0.0,0.0,0.0,0.0,0.0,0.0,0.0,3599.0,0.0,0.0,0.0,0.0,0.0,403.0,100.0,0.0,0.0,0,0,1,0,0,5109.0,5109.0,5109.0,5109.0,95.0,0.0,0.0,0,0,0,1,33.400000000000006,1,0,0,0,0.4285714285714285,,,,0.0,0.0,0.0,carga4,exp_09
2026-09-07 07:03:24,25.1,11.9,59.5,0.1,0.0,51.8,2029.0,1887.0,0.0,23633.0,303744.0,270982.0,3.75,7.95,6.82,21.0,9.0,,,20.0,0.0,13.0,0.0,0.0,0.0,0.0,0.0,0.0,0.0,0.0,0.0,0.0,0.0,3603.0,0.0,0.0,0.0,0.0,0.0,403.0,39.0,0.0,0.0,0,0,0,0,0,0.0,0.0,0.0,0.0,0.0,0.0,0.0,0,0,0,0,37.0,0,0,0,0,0.4285714285714285,,,,0.0,0.0,0.0,carga4,exp_09
2026-09-07 07:03:27,24.2,10.9,61.8,0.0,0.0,51.7,2024.0,1892.0,0.0,41388.0,288066.0,260984.0,3.75,7.95,6.82,28.0,16.0,,,27.0,0.0,13.0,0.0,0.0,0.0,0.0,0.0,0.0,0.0,0.0,0.32,0.0,0.0,3606.0,0.0,0.0,0.0,0.0,0.0,403.0,124.0,0.0,0.0,0,0,0,1,0,0.0,0.0,0.0,0.0,0.0,0.0,0.0,0,0,0,0,35.1,0,0,1,0,0.5714285714285714,,,,0.0,0.0,0.0,carga4,exp_09
2026-09-07 07:03:31,25.8,11.7,59.4,0.0,0.0,51.9,2032.0,1884.0,0.0,55288.0,289336.0,250182.0,3.53,7.83,6.79,29.0,17.0,,,28.0,0.0,13.0,0.0,0.0,0.0,0.0,0.0,0.0,0.0,0.0,4.68,0.0,0.0,3610.0,0.0,0.0,0.0,0.0,0.0,403.0,44.0,0.0,0.0,0,0,0,1,0,0.0,0.0,0.0,0.0,0.0,0.0,0.0,0,0,0,0,37.5,0,0,1,0,0.5862068965517241,,,,0.0,0.0,0.0,carga4,exp_09
2026-09-07 07:03:34,27.5,11.2,58.2,0.1,0.0,51.0,1997.0,1919.0,0.0,27976.0,306721.0,277622.0,3.41,7.73,6.76,29.0,17.0,,,28.0,0.0,13.0,0.0,0.0,0.0,0.0,0.0,0.0,0.0,0.0,0.0,0.0,0.0,3614.0,0.0,0.0,0.0,0.0,0.0,403.0,94.0,0.0,0.0,0,0,0,0,0,0.0,0.0,0.0,0.0,0.0,0.0,0.0,0,0,0,0,38.7,0,0,0,0,0.5862068965517241,,,,0.0,0.0,0.0,carga4,exp_09
2026-09-07 07:03:37,24.3,11.9,60.3,0.3,0.0,51.2,2005.0,1911.0,0.0,5347279.0,304197.0,272248.0,3.41,7.73,6.76,29.0,16.0,,,28.0,0.0,13.0,0.0,0.0,0.0,0.0,0.0,0.0,0.0,0.0,0.31,0.0,0.0,3617.0,0.0,0.0,0.0,0.0,0.0,403.0,195.0,0.0,0.0,0,0,0,0,0,0.0,0.0,0.0,0.0,0.0,0.0,0.0,0,0,0,0,36.2,0,0,0,0,0.5517241379310345,,,,0.0,0.0,0.0,carga4,exp_09
2026-09-07 07:03:41,24.8,12.7,59.6,0.0,0.0,51.0,1997.0,1919.0,0.0,1361.0,316502.0,277223.0,3.46,7.67,6.75,29.0,16.0,,,28.0,0.0,13.0,0.0,0.0,0.0,0.0,0.0,0.0,0.0,0.0,0.0,0.0,0.0,3620.0,0.0,0.0,0.0,0.0,0.0,403.0,61.0,0.0,0.0,0,0,0,0,0,0.0,0.0,0.0,0.0,0.0,0.0,0.0,0,0,0,0,37.5,0,0,0,0,0.5517241379310345,,,,0.0,0.0,0.0,carga4,exp_09
2026-09-07 07:03:43,23.3,9.8,63.2,0.1,0.0,51.0,1997.0,1919.0,0.0,39534.0,315424.0,284970.0,3.46,7.67,6.75,29.0,16.0,,,28.0,0.0,13.0,0.0,0.0,0.0,0.0,0.0,0.0,0.0,0.0,0.0,0.0,0.0,3623.0,0.0,0.0,0.0,0.0,0.0,403.0,115.0,0.0,0.0,0,0,0,0,0,0.0,0.0,0.0,0.0,0.0,0.0,0.0,0,0,0,0,33.1,0,0,0,0,0.5517241379310345,,,,0.0,0.0,0.0,carga4,exp_09
2026-09-07 07:03:47,27.1,12.8,56.3,0.0,0.0,51.1,2001.0,1915.0,0.0,0.0,286668.0,259726.0,3.34,7.58,6.72,29.0,16.0,,,28.0,0.0,13.0,0.0,0.0,0.0,0.0,0.0,0.0,0.0,0.0,0.0,0.0,0.0,3626.0,0.0,0.0,0.0,0.0,0.0,403.0,87.0,0.0,0.0,0,0,1,0,0,1023.0,1023.0,1023.0,1023.0,1.0,0.0,0.0,0,0,0,1,39.900000000000006,1,0,0,0,0.5517241379310345,,,,0.0,0.0,0.0,carga4,exp_09
2026-09-07 07:03:50,24.9,12.1,59.4,0.0,0.0,51.0,1997.0,1919.0,0.0,4596544.0,292654.0,252908.0,3.39,7.52,6.71,29.0,16.0,,,28.0,0.0,13.0,0.0,0.0,0.0,0.0,0.0,0.0,0.0,0.0,0.33,0.0,0.0,3629.0,0.0,0.0,0.0,0.0,0.0,403.0,39.0,0.0,0.0,0,0,0,0,0,0.0,0.0,0.0,0.0,0.0,0.0,0.0,0,0,0,0,37.0,0,0,0,0,0.5517241379310345,,,,0.0,0.0,0.0,carga4,exp_09
2026-09-07 07:03:53,25.7,15.4,55.7,0.0,0.0,51.2,2004.0,1912.0,0.0,37604.0,292086.0,265906.0,3.39,7.52,6.71,29.0,16.0,,,28.0,0.0,13.0,0.0,0.0,0.0,0.0,0.0,0.0,0.0,0.0,0.0,0.0,0.0,3632.0,0.0,0.0,0.0,0.0,0.0,403.0,72.0,0.0,0.0,0,0,2,0,0,5473.0,3385.5,5473.0,3385.5,86.0,0.0,0.0,0,0,0,2,41.1,2,0,0,0,0.5517241379310345,,,,0.0,0.0,0.0,carga4,exp_09
2026-09-07 07:03:56,23.8,16.3,56.7,0.0,0.0,51.2,2003.0,1913.0,0.0,5384.0,289666.0,259709.0,3.12,7.39,6.67,30.0,16.0,,,28.0,0.0,13.0,0.0,0.0,0.0,0.0,0.0,0.0,0.0,0.0,0.0,0.0,0.0,3636.0,0.0,0.0,0.0,0.0,0.0,403.0,70.0,0.0,0.0,0,0,1,0,0,5621.0,5621.0,5621.0,5621.0,85.0,0.0,0.0,0,0,0,1,40.1,1,0,0,0,0.5333333333333333,,,,0.0,0.0,0.0,carga4,exp_09
2026-09-07 07:03:59,24.1,14.4,58.3,0.1,0.0,51.3,2007.0,1909.0,0.0,21439.0,312974.0,273214.0,3.19,7.33,6.66,29.0,16.0,,,28.0,0.0,13.0,0.0,0.0,0.0,0.0,0.0,0.0,0.0,0.0,0.35,0.0,0.0,3640.0,0.0,0.0,0.0,0.0,0.0,403.0,85.0,0.0,0.0,0,0,0,0,0,0.0,0.0,0.0,0.0,0.0,0.0,0.0,0,0,0,0,38.5,0,0,0,0,0.5517241379310345,,,,0.0,0.0,0.0,carga4,exp_09
2026-09-07 07:04:02,25.5,12.8,58.8,0.0,0.0,51.2,2006.0,1910.0,0.0,1206.0,294616.0,263748.0,3.19,7.33,6.66,29.0,16.0,,,28.0,0.0,13.0,0.0,0.0,0.0,0.0,0.0,0.0,0.0,0.0,0.0,0.0,0.0,3643.0,0.0,0.0,0.0,0.0,0.0,403.0,90.0,0.0,0.0,0,0,0,0,0,0.0,0.0,0.0,0.0,0.0,0.0,0.0,0,0,0,0,38.3,0,0,0,0,0.5517241379310345,,,,0.0,0.0,0.0,carga4,exp_09
2026-09-07 07:04:05,24.5,13.0,59.2,0.0,0.0,51.3,2009.0,1907.0,0.0,119439.0,309185.0,267033.0,3.26,7.28,6.64,29.0,16.0,,,27.0,0.0,13.0,0.0,0.0,0.0,0.0,0.0,0.0,0.0,0.0,0.0,0.0,0.0,3646.0,0.0,0.0,0.0,0.0,0.0,403.0,26.0,0.0,0.0,0,0,0,0,0,0.0,0.0,0.0,0.0,0.0,0.0,0.0,0,0,0,0,37.5,0,0,0,0,0.5517241379310345,,,,0.0,0.0,0.0,carga4,exp_09
2026-09-07 07:04:09,22.8,14.4,59.0,0.1,0.0,51.3,2009.0,1907.0,0.0,24870.0,302990.0,271452.0,3.26,7.28,6.64,29.0,16.0,,,28.0,0.0,13.0,0.0,0.0,0.0,0.0,0.0,0.0,0.0,0.0,0.0,0.0,0.0,3649.0,0.0,0.0,0.0,0.0,0.0,403.0,147.0,0.0,0.0,0,0,1,0,0,1275.0,1275.0,1275.0,1275.0,0.0,0.0,0.0,0,0,0,1,37.2,1,0,0,0,0.5517241379310345,,,,0.0,0.0,0.0,carga4,exp_09
2026-09-07 07:04:12,23.2,16.2,57.4,0.0,0.0,51.2,2006.0,1910.0,0.0,1294.0,284560.0,256395.0,3.32,7.22,6.63,29.0,16.0,,,28.0,0.0,13.0,0.0,0.0,0.0,0.0,0.0,0.0,0.0,0.0,0.32,0.0,0.0,3652.0,0.0,0.0,0.0,0.0,0.0,403.0,110.0,0.0,0.0,0,0,0,0,0,0.0,0.0,0.0,0.0,0.0,0.0,0.0,0,0,0,0,39.4,0,0,0,0,0.5517241379310345,4096.0,0.0,5.0,0.0,0.0,0.0,carga4,exp_09
2026-09-07 07:04:15,22.7,20.6,53.6,0.0,0.0,51.3,2007.0,1909.0,0.0,36241.0,283130.0,245739.0,3.37,7.17,6.61,29.0,16.0,,,27.0,0.0,13.0,0.0,0.0,0.0,0.0,0.0,0.0,0.0,0.0,0.0,0.0,0.0,3656.0,0.0,0.0,0.0,0.0,0.0,403.0,54.0,0.0,0.0,0,0,1,0,0,5292.0,5292.0,5292.0,5292.0,0.0,0.0,0.0,0,0,0,1,43.3,1,0,0,0,0.5517241379310345,,,,0.0,0.0,0.0,carga4,exp_09
2026-09-07 07:04:18,22.0,15.6,59.2,0.0,0.0,51.2,2007.0,1909.0,0.0,19846.0,288400.0,262432.0,3.37,7.17,6.61,29.0,16.0,,,28.0,0.0,13.0,0.0,0.0,0.0,0.0,0.0,0.0,0.0,0.0,0.0,0.0,0.0,3659.0,0.0,0.0,0.0,0.0,0.0,403.0,46.0,0.0,0.0,0,0,0,0,0,0.0,0.0,0.0,0.0,0.0,0.0,0.0,0,0,0,0,37.6,0,0,0,0,0.5517241379310345,,,,0.0,0.0,0.0,carga4,exp_09
2026-09-07 07:04:21,24.8,17.4,54.8,0.0,0.0,51.3,2010.0,1907.0,0.0,7664088.0,303340.0,273798.0,3.66,7.17,6.61,29.0,16.0,,,27.0,0.0,13.0,0.0,0.0,0.0,0.0,0.0,0.0,0.0,0.0,0.33,0.0,0.0,3662.0,0.0,0.0,0.0,0.0,0.0,403.0,32.0,0.0,0.0,0,0,0,0,0,0.0,0.0,0.0,0.0,0.0,0.0,0.0,0,0,0,0,42.2,0,0,0,0,0.5517241379310345,,,,0.0,0.0,0.0,carga4,exp_09
2026-09-07 07:04:24,23.2,11.2,62.3,0.1,0.0,51.2,2005.0,1912.0,0.0,402588.0,301836.0,262132.0,3.53,7.08,6.59,29.0,16.0,,,28.0,0.0,13.0,0.0,0.0,0.0,0.0,0.0,0.0,0.0,0.0,0.0,0.0,0.0,3666.0,0.0,0.0,0.0,0.0,0.0,403.0,74.0,0.0,0.0,0,0,0,0,0,0.0,0.0,0.0,0.0,0.0,0.0,0.0,0,0,0,0,34.4,0,0,0,0,0.5517241379310345,,,,0.0,0.0,0.0,carga4,exp_09
2026-09-07 07:04:28,25.8,12.4,59.1,0.0,0.0,51.3,2008.0,1908.0,0.0,21999.0,303440.0,274634.0,3.53,7.08,6.59,29.0,16.0,,,28.0,0.0,13.0,0.0,0.0,0.0,0.0,0.0,0.0,0.0,0.0,0.95,0.0,0.0,3669.0,0.0,0.0,0.0,0.0,0.0,403.0,83.0,0.0,0.0,0,0,1,0,0,794.0,794.0,794.0,794.0,10.0,0.0,0.0,0,0,0,1,38.2,1,0,0,0,0.5517241379310345,,,,0.0,0.0,0.0,carga4,exp_09
2026-09-07 07:04:31,23.3,10.9,62.5,0.0,0.0,51.2,2007.0,1909.0,0.0,0.0,299014.0,270665.0,3.49,7.01,6.57,29.0,16.0,,,28.0,0.0,13.0,0.0,0.0,0.0,0.0,0.0,0.0,0.0,0.0,0.0,0.0,0.0,3672.0,0.0,0.0,0.0,0.0,0.0,403.0,74.0,0.0,0.0,0,0,1,0,0,5544.0,5544.0,5544.0,5544.0,10.0,0.0,0.0,0,0,0,1,34.2,1,0,0,0,0.5517241379310345,,,,0.0,0.0,0.0,carga4,exp_09
2026-09-07 07:04:34,24.9,12.9,59.1,0.0,0.0,51.4,2011.0,1905.0,0.0,114314.0,312382.0,269766.0,3.37,6.93,6.54,29.0,16.0,,,28.0,0.0,13.0,0.0,0.0,0.0,0.0,0.0,0.0,0.0,0.0,0.31,0.0,0.0,3675.0,0.0,0.0,0.0,0.0,0.0,403.0,48.0,0.0,0.0,0,0,0,0,0,0.0,0.0,0.0,0.0,0.0,0.0,0.0,0,0,0,0,37.8,0,0,0,0,0.5517241379310345,,,,0.0,0.0,0.0,carga4,exp_09
2026-09-07 07:04:38,24.4,11.3,61.0,0.0,0.0,51.2,2003.0,1913.0,0.0,40863.0,293216.0,263105.0,3.37,6.93,6.54,28.0,16.0,,,28.0,0.0,13.0,0.0,0.0,0.0,0.0,0.0,0.0,0.0,0.0,0.28,0.0,0.0,3679.0,0.0,0.0,0.0,0.0,0.0,403.0,108.0,0.0,0.0,0,0,1,0,0,1518.0,1518.0,1518.0,1518.0,103.0,0.0,0.0,0,0,0,1,35.7,1,0,0,0,0.5714285714285714,,,,0.0,0.0,0.0,carga4,exp_09
2026-09-07 07:04:41,25.2,11.1,60.2,0.0,0.0,51.2,2006.0,1910.0,0.0,0.0,303428.0,274063.0,3.26,6.85,6.52,29.0,16.0,,,28.0,0.0,13.0,0.0,0.0,0.0,0.0,0.0,0.0,0.0,0.0,0.0,0.0,0.0,3683.0,0.0,0.0,0.0,0.0,0.0,403.0,67.0,0.0,0.0,0,0,1,0,0,5625.0,5625.0,5625.0,5625.0,103.0,0.0,0.0,0,0,0,1,36.3,1,0,0,0,0.5517241379310345,,,,0.0,0.0,0.0,carga4,exp_09
2026-09-07 07:04:44,24.4,11.0,60.9,0.1,0.0,51.1,2001.0,1915.0,0.0,20420.0,301496.0,263462.0,3.0,6.73,6.49,29.0,16.0,,,28.0,0.0,13.0,0.0,0.0,0.0,0.0,0.0,0.0,0.0,0.0,0.31,0.0,0.0,3686.0,0.0,0.0,0.0,0.0,0.0,403.0,112.0,0.0,0.0,0,0,0,0,0,0.0,0.0,0.0,0.0,0.0,0.0,0.0,0,0,0,0,35.4,0,0,0,0,0.5517241379310345,,,,0.0,0.0,0.0,carga4,exp_09
2026-09-07 07:04:47,23.9,13.3,59.3,0.0,0.0,51.2,2007.0,1909.0,0.0,36703.0,297031.0,266373.0,3.0,6.73,6.49,29.0,17.0,,,28.0,0.0,13.0,0.0,0.0,0.0,0.0,0.0,0.0,0.0,0.0,0.0,0.0,0.0,3689.0,0.0,0.0,0.0,0.0,0.0,403.0,84.0,0.0,0.0,0,0,0,0,0,0.0,0.0,0.0,0.0,0.0,0.0,0.0,0,0,0,0,37.2,0,0,0,0,0.5862068965517241,,,,0.0,0.0,0.0,carga4,exp_09
2026-09-07 07:04:51,23.1,12.1,60.4,0.6,0.0,51.2,2006.0,1910.0,0.0,8789459.0,299888.0,270705.0,3.16,6.71,6.48,29.0,16.0,,,28.0,0.0,13.0,0.0,0.0,0.0,0.0,0.0,0.0,0.0,0.0,0.0,0.0,0.0,3693.0,0.0,0.0,0.0,0.0,0.0,403.0,31.0,0.0,0.0,0,0,0,0,0,0.0,0.0,0.0,0.0,0.0,0.0,0.0,0,0,0,0,35.2,0,0,0,0,0.5517241379310345,,,,0.0,0.0,0.0,carga4,exp_09
2026-09-07 07:04:53,25.5,11.0,59.8,0.1,0.0,51.2,2006.0,1910.0,0.0,45361.0,312038.0,269733.0,3.16,6.71,6.48,29.0,16.0,,,28.0,0.0,13.0,0.0,0.0,0.0,0.0,0.0,0.0,0.0,0.0,0.0,0.0,0.0,3695.0,0.0,0.0,0.0,0.0,0.0,403.0,91.0,0.0,0.0,0,0,0,0,0,0.0,0.0,0.0,0.0,0.0,0.0,0.0,0,0,0,0,36.5,0,0,0,0,0.5517241379310345,,,,0.0,0.0,0.0,carga4,exp_09
2026-09-07 07:04:56,25.2,14.2,57.7,0.0,0.0,51.0,1996.0,1920.0,0.0,4869.0,303585.0,273097.0,3.39,6.69,6.47,29.0,16.0,,,28.0,0.0,13.0,0.0,0.0,0.0,0.0,0.0,0.0,0.0,0.0,0.3,0.0,0.0,3699.0,0.0,0.0,0.0,0.0,0.0,403.0,39.0,0.0,0.0,0,0,0,0,0,0.0,0.0,0.0,0.0,0.0,0.0,0.0,0,0,0,0,39.4,0,0,0,0,0.5517241379310345,,,,0.0,0.0,0.0,carga4,exp_09
2026-09-07 07:05:00,22.8,17.0,56.9,0.1,0.0,51.0,1996.0,1920.0,0.0,99387.0,316292.0,270380.0,3.27,6.62,6.45,29.0,16.0,,,27.0,0.0,13.0,0.0,0.0,0.0,0.0,0.0,0.0,0.0,0.0,0.0,0.0,0.0,3702.0,0.0,0.0,0.0,0.0,0.0,403.0,86.0,0.0,0.0,0,0,0,0,0,0.0,0.0,0.0,0.0,0.0,0.0,0.0,0,0,0,0,39.8,0,0,0,0,0.5517241379310345,,,,0.0,0.0,0.0,carga4,exp_09
2026-09-07 07:05:02,26.4,14.9,55.4,0.1,0.0,51.2,2006.0,1910.0,0.0,485535.0,317360.0,288561.0,3.27,6.62,6.45,29.0,16.0,,,28.0,0.0,13.0,0.0,0.0,0.0,0.0,0.0,0.0,0.0,0.0,0.0,0.0,0.0,3705.0,0.0,0.0,0.0,0.0,0.0,403.0,78.0,0.0,0.0,0,0,0,0,0,0.0,0.0,0.0,0.0,0.0,0.0,0.0,0,0,0,0,41.3,0,0,0,0,0.5517241379310345,,,,0.0,0.0,0.0,carga4,exp_09
2026-09-07 07:05:05,24.4,11.4,60.3,0.0,0.0,51.3,2010.0,1906.0,0.0,80190.0,287714.0,261550.0,3.41,6.59,6.44,29.0,16.0,,,28.0,0.0,13.0,0.0,0.0,0.0,0.0,0.0,0.0,0.0,0.0,0.31,0.0,0.0,3708.0,0.0,0.0,0.0,0.0,0.0,403.0,89.0,0.0,0.0,0,0,0,0,0,0.0,0.0,0.0,0.0,0.0,0.0,0.0,0,0,0,0,35.8,0,0,0,0,0.5517241379310345,,,,0.0,0.0,0.0,carga4,exp_09
2026-09-07 07:05:09,26.9,24.9,44.7,1.0,0.0,51.5,2017.0,1899.0,82764480.0,57366.0,291203.0,255064.0,3.41,6.59,6.44,29.0,17.0,,,28.0,0.0,13.0,0.0,0.0,0.0,0.0,0.0,0.0,0.0,0.0,0.0,0.0,0.0,3712.0,0.0,0.0,0.0,0.0,0.0,403.0,27.0,0.0,0.0,0,0,0,0,0,0.0,0.0,0.0,0.0,0.0,0.0,0.0,0,0,0,0,51.8,0,0,0,0,0.5862068965517241,,,,0.0,0.0,0.0,carga4,exp_09
2026-09-07 07:05:12,22.6,36.4,38.3,0.1,0.0,50.4,1973.0,1943.0,40551624.0,5591430.0,279289.0,254388.0,3.54,6.56,6.43,29.0,16.0,,,28.0,0.0,13.0,0.0,0.0,0.0,0.0,0.0,0.0,0.0,0.0,0.33,0.0,0.0,3714.0,0.0,0.0,0.0,0.0,0.0,403.0,46.0,0.0,0.0,0,0,1,0,0,302.0,302.0,302.0,302.0,123.0,0.0,0.0,0,0,0,1,59.0,1,0,0,0,0.5517241379310345,4096.0,0.0,5.0,0.0,0.0,0.0,carga4,exp_09
2026-09-07 07:05:15,22.8,29.9,44.7,0.1,0.0,50.3,1969.0,1948.0,24310866.0,770192.0,293035.0,273238.0,3.74,6.55,6.43,29.0,16.0,,,28.0,0.0,13.0,0.0,0.0,0.0,0.0,0.0,0.0,0.0,0.0,0.0,0.0,0.0,3718.0,0.0,0.0,0.0,0.0,0.0,403.0,61.0,0.0,0.0,0,0,1,0,0,4603.0,4603.0,4603.0,4603.0,123.0,0.0,0.0,0,0,0,1,52.7,1,0,0,0,0.5517241379310345,,,,0.0,0.0,0.0,carga4,exp_09
2026-09-07 07:05:19,25.0,22.5,48.9,0.0,0.0,50.3,1971.0,1945.0,1009251.0,876515.0,278242.0,241834.0,3.76,6.51,6.42,29.0,16.0,,,28.0,0.0,13.0,0.0,0.0,0.0,0.0,0.0,0.0,0.0,0.0,0.28,0.0,0.0,3721.0,0.0,0.0,0.0,0.0,0.0,403.0,87.0,0.0,0.0,0,0,0,0,0,0.0,0.0,0.0,0.0,0.0,0.0,0.0,0,0,0,0,47.5,0,0,0,0,0.5517241379310345,,,,0.0,0.0,0.0,carga4,exp_09
2026-09-07 07:05:22,24.3,14.5,57.6,0.0,0.0,50.4,1972.0,1944.0,2419.0,8499325.0,282430.0,256842.0,3.76,6.51,6.42,29.0,16.0,,,28.0,0.0,13.0,0.0,0.0,0.0,0.0,0.0,0.0,0.0,0.0,0.0,0.0,0.0,3726.0,0.0,0.0,0.0,0.0,0.0,403.0,47.0,0.0,0.0,0,0,0,0,0,0.0,0.0,0.0,0.0,0.0,0.0,0.0,0,0,0,0,38.8,0,0,0,0,0.5517241379310345,,,,0.0,0.0,0.0,carga4,exp_09
2026-09-07 07:05:25,25.4,18.3,53.2,0.0,0.0,50.4,1975.0,1941.0,87607.0,1327.0,318332.0,286132.0,3.7,6.45,6.4,29.0,16.0,,,28.0,0.0,13.0,0.0,0.0,0.0,0.0,0.0,0.0,0.0,0.0,0.97,0.0,0.0,3729.0,0.0,0.0,0.0,0.0,0.0,403.0,97.0,0.0,0.0,0,0,0,0,0,0.0,0.0,0.0,0.0,0.0,0.0,0.0,0,0,0,0,43.7,0,0,0,0,0.5517241379310345,,,,0.0,0.0,0.0,carga4,exp_09
2026-09-07 07:05:28,23.4,14.0,59.4,0.1,0.0,50.2,1964.0,1952.0,122189.0,710796.0,312875.0,273087.0,3.7,6.45,6.4,29.0,16.0,,,28.0,0.0,13.0,0.0,0.0,0.0,0.0,0.0,0.0,0.0,0.0,0.32,0.0,0.0,3732.0,0.0,0.0,0.0,0.0,0.0,403.0,84.0,0.0,0.0,0,0,0,0,0,0.0,0.0,0.0,0.0,0.0,0.0,0.0,0,0,0,0,37.4,0,0,0,0,0.5517241379310345,,,,0.0,0.0,0.0,carga4,exp_09
2026-09-07 07:05:32,24.7,13.9,58.2,0.0,0.0,50.4,1975.0,1941.0,0.0,33925.0,305764.0,275902.0,3.64,6.39,6.38,29.0,16.0,,,28.0,0.0,13.0,0.0,0.0,0.0,0.0,0.0,0.0,0.0,0.0,0.0,0.0,0.0,3736.0,0.0,0.0,0.0,0.0,0.0,403.0,60.0,0.0,0.0,0,0,0,0,0,0.0,0.0,0.0,0.0,0.0,0.0,0.0,0,0,0,0,38.6,0,0,0,0,0.5517241379310345,,,,0.0,0.0,0.0,carga4,exp_09
2026-09-07 07:05:35,25.3,13.3,58.4,0.0,0.0,50.4,1974.0,1942.0,0.0,127539.0,311573.0,282915.0,3.51,6.32,6.36,29.0,16.0,,,28.0,0.0,13.0,0.0,0.0,0.0,0.0,0.0,0.0,0.0,0.0,0.0,0.0,0.0,3738.0,0.0,0.0,0.0,0.0,0.0,403.0,84.0,0.0,0.0,0,0,0,1,0,0.0,0.0,0.0,0.0,0.0,0.0,0.0,0,0,0,0,38.6,0,0,1,0,0.5517241379310345,,,,0.0,0.0,0.0,carga4,exp_09
2026-09-07 07:05:38,25.6,13.1,58.3,0.0,0.0,50.5,1977.0,1939.0,1313.0,434523.0,289595.0,260282.0,3.51,6.32,6.36,29.0,16.0,,,28.0,0.0,13.0,0.0,0.0,0.0,0.0,0.0,0.0,0.0,0.0,0.32,0.0,0.0,3741.0,0.0,0.0,0.0,0.0,0.0,403.0,27.0,0.0,0.0,0,0,0,0,0,0.0,0.0,0.0,0.0,0.0,0.0,0.0,0,0,0,0,38.7,0,0,0,0,0.5517241379310345,,,,0.0,0.0,0.0,carga4,exp_09
2026-09-07 07:05:41,25.4,13.2,57.7,0.0,0.0,50.4,1975.0,1942.0,228052.0,1408.0,322721.0,279549.0,3.71,6.31,6.36,29.0,16.0,,,28.0,0.0,13.0,0.0,0.0,0.0,0.0,0.0,0.0,0.0,0.0,0.0,0.0,0.0,3744.0,0.0,0.0,0.0,0.0,0.0,403.0,123.0,0.0,0.0,0,0,0,1,0,0.0,0.0,0.0,0.0,0.0,0.0,0.0,0,0,0,0,38.6,0,0,1,0,0.5517241379310345,,,,0.0,0.0,0.0,carga4,exp_09
2026-09-07 07:05:44,24.8,12.7,58.9,0.0,0.0,50.5,1979.0,1937.0,0.0,41604.0,309609.0,279890.0,3.65,6.26,6.34,29.0,16.0,,,28.0,0.0,13.0,0.0,0.0,0.0,0.0,0.0,0.0,0.0,0.0,0.0,0.0,0.0,3749.0,0.0,0.0,0.0,0.0,0.0,403.0,37.0,0.0,0.0,0,0,0,0,0,0.0,0.0,0.0,0.0,0.0,0.0,0.0,0,0,0,0,37.5,0,0,0,0,0.5517241379310345,,,,0.0,0.0,0.0,carga4,exp_09
2026-09-07 07:05:47,24.7,11.3,60.5,0.1,0.0,50.6,1980.0,1936.0,0.0,20905.0,331338.0,286902.0,3.65,6.26,6.34,29.0,16.0,,,28.0,0.0,13.0,0.0,0.0,0.0,0.0,0.0,0.0,0.0,0.0,0.0,0.0,0.0,3751.0,0.0,0.0,0.0,0.0,0.0,403.0,37.0,0.0,0.0,0,0,0,0,0,0.0,0.0,0.0,0.0,0.0,0.0,0.0,0,0,0,0,36.0,0,0,0,0,0.5517241379310345,,,,0.0,0.0,0.0,carga4,exp_09
2026-09-07 07:05:50,25.7,11.8,59.4,0.0,0.0,50.7,1984.0,1932.0,0.0,1378.0,311261.0,281331.0,3.6,6.21,6.32,29.0,16.0,,,28.0,0.0,13.0,0.0,0.0,0.0,0.0,0.0,0.0,0.0,0.0,0.34,0.0,0.0,3754.0,0.0,0.0,0.0,0.0,0.0,403.0,73.0,0.0,0.0,0,0,0,0,0,0.0,0.0,0.0,0.0,0.0,0.0,0.0,0,0,0,0,37.5,0,0,0,0,0.5517241379310345,,,,0.0,0.0,0.0,carga4,exp_09
2026-09-07 07:05:53,24.3,13.6,58.8,0.0,0.0,50.7,1985.0,1931.0,0.0,10961993.0,320092.0,290378.0,3.6,6.21,6.32,29.0,16.0,,,28.0,0.0,13.0,0.0,0.0,0.0,0.0,0.0,0.0,0.0,0.0,0.0,0.0,0.0,3757.0,0.0,0.0,0.0,0.0,0.0,403.0,41.0,0.0,0.0,0,0,0,0,0,0.0,0.0,0.0,0.0,0.0,0.0,0.0,0,0,0,0,37.9,0,0,0,0,0.5517241379310345,,,,0.0,0.0,0.0,carga4,exp_09
2026-09-07 07:05:56,22.5,10.9,62.9,0.0,0.0,50.7,1984.0,1932.0,0.0,0.0,318157.0,274317.0,3.87,6.22,6.32,29.0,16.0,,,28.0,0.0,13.0,0.0,0.0,0.0,0.0,0.0,0.0,0.0,0.0,0.0,0.0,0.0,3760.0,0.0,0.0,0.0,0.0,0.0,403.0,87.0,0.0,0.0,0,0,0,0,0,0.0,0.0,0.0,0.0,0.0,0.0,0.0,0,0,0,0,33.4,0,0,0,0,0.5517241379310345,,,,0.0,0.0,0.0,carga4,exp_09
2026-09-07 07:05:59,28.1,13.9,55.0,0.0,0.0,50.6,1981.0,1935.0,0.0,25397.0,296782.0,268116.0,4.04,6.22,6.32,29.0,16.0,,,28.0,0.0,13.0,0.0,0.0,0.0,0.0,0.0,0.0,0.0,0.0,0.0,0.0,0.0,3764.0,0.0,0.0,0.0,0.0,0.0,403.0,80.0,0.0,0.0,0,0,0,0,0,0.0,0.0,0.0,0.0,0.0,0.0,0.0,0,0,0,0,42.0,0,0,0,0,0.5517241379310345,,,,0.0,0.0,0.0,carga4,exp_09
2026-09-07 07:06:02,24.6,16.3,55.8,0.1,0.0,50.5,1976.0,1940.0,122632.0,132277.0,304909.0,276723.0,4.04,6.22,6.32,29.0,16.0,,,28.0,0.0,13.0,0.0,0.0,0.0,0.0,0.0,0.0,0.0,0.0,0.34,0.0,0.0,3766.0,0.0,0.0,0.0,0.0,0.0,403.0,43.0,0.0,0.0,0,0,0,0,0,0.0,0.0,0.0,0.0,0.0,0.0,0.0,0,0,0,0,40.900000000000006,0,0,0,0,0.5517241379310345,,,,0.0,0.0,0.0,carga4,exp_09
2026-09-07 07:06:05,25.5,13.3,57.9,0.0,0.0,50.6,1980.0,1936.0,744968.0,0.0,315343.0,272550.0,4.44,6.26,6.34,29.0,17.0,,,27.0,0.0,13.0,0.0,0.0,0.0,0.0,0.0,0.0,0.0,0.0,0.0,0.0,0.0,3770.0,0.0,0.0,0.0,0.0,0.0,403.0,57.0,0.0,0.0,0,0,0,0,0,0.0,0.0,0.0,0.0,0.0,0.0,0.0,0,0,0,0,38.8,0,0,0,0,0.5862068965517241,,,,0.0,0.0,0.0,carga4,exp_09
2026-09-11 10:39:17,25.6,27.6,43.2,0.0,0.0,93.9,15177.0,986.0,4100228.0,128132.0,0.0,0.0,0.0,0.0,0.0,25.0,9.0,,,24.0,0.0,16.0,52.0,0.0,0.0,0.0,0.0,0.0,0.0,0.0,,,,6873.0,,,,,,403.0,2181.0,0.0,0.0,0,0,0,0,0,0.0,0.0,0.0,0.0,0.0,0.0,0.0,0,0,0,0,53.2,0,0,0,52,0.36,,,,,,,carga5,exp_10
2026-09-11 10:39:25,20.1,23.2,53.6,0.0,0.0,93.9,15175.0,988.0,17849341.0,528465.0,3958.0,108223.0,0.0,0.0,0.0,27.0,9.0,,,26.0,0.0,20.0,52.0,0.0,0.0,0.0,0.0,0.0,0.0,0.0,125.64,0.0,8.25,6878.0,0.0,0.0,0.0,0.0,0.0,403.0,24.0,0.0,0.0,0,0,0,7,0,0.0,0.0,0.0,0.0,0.0,0.0,0.0,0,0,0,0,43.3,0,0,7,0,0.3333333333333333,,,,,,,carga5,exp_10
2026-09-11 10:39:30,21.3,28.0,48.4,0.0,0.0,94.0,15197.0,967.0,611503.0,858541.0,1722.0,1575.0,0.0,0.0,0.0,27.0,10.0,,,24.0,0.0,20.0,52.0,0.0,0.0,0.0,0.0,0.0,0.0,0.0,156.99,0.0,16.6,6884.0,0.0,0.0,0.0,0.0,0.0,403.0,29.0,0.0,0.0,0,0,0,3,0,0.0,0.0,0.0,0.0,0.0,0.0,0.0,0,0,0,0,49.3,0,0,3,0,0.3703703703703703,,,,,,,carga5,exp_10
2026-09-11 10:39:35,23.2,26.5,47.9,0.0,0.0,94.2,15233.0,931.0,1220151.0,741804.0,1089.0,927.0,0.0,0.0,0.0,27.0,10.0,,,25.0,0.0,20.0,52.0,0.0,0.0,0.0,0.0,0.0,0.0,0.0,139.14,0.0,18.0,6889.0,0.0,0.0,0.0,0.0,0.0,403.0,20.0,0.0,0.0,0,0,0,0,0,0.0,0.0,0.0,0.0,0.0,0.0,0.0,0,0,0,0,49.7,0,0,0,0,0.3703703703703703,,,,,,,carga5,exp_10
2026-09-11 10:39:40,19.3,19.5,59.1,0.0,0.0,94.3,15246.0,918.0,1804134.0,365605.0,553.0,407.0,0.0,0.0,0.0,34.0,15.0,,,27.0,6.0,46.0,52.0,0.0,0.0,0.0,0.0,0.0,0.0,0.0,50.67,0.0,5.6,6894.0,0.0,0.0,0.0,0.0,0.0,403.0,17.0,0.0,0.0,0,0,0,0,0,0.0,0.0,0.0,0.0,0.0,0.0,0.0,0,0,0,0,38.8,0,0,0,0,0.4411764705882353,,,,,,,carga5,exp_10
2026-09-11 10:39:46,17.1,13.8,67.0,0.0,0.0,93.4,15096.0,1068.0,1263898.0,228098.0,600.0,572.0,0.0,0.0,0.0,35.0,17.0,,,26.0,6.0,46.0,52.0,0.0,0.0,0.0,0.0,0.0,0.0,0.0,1.35,0.0,0.0,6899.0,0.0,0.0,0.0,0.0,0.0,403.0,32.0,0.0,0.0,0,0,0,25,0,0.0,0.0,0.0,0.0,0.0,0.0,0.0,0,0,0,0,30.9,0,0,25,0,0.4857142857142857,,,,,,,carga5,exp_10
2026-09-11 10:39:51,14.7,17.0,66.5,0.0,0.0,91.3,14762.0,1401.0,1108685.0,41066464.0,360.0,678.0,0.0,0.0,0.0,34.0,15.0,,,27.0,6.0,46.0,52.0,0.0,0.0,0.0,0.0,0.0,0.0,0.0,1.36,0.0,0.0,6904.0,0.0,0.0,0.0,0.0,0.0,403.0,33.0,0.0,0.0,0,0,0,0,0,0.0,0.0,0.0,0.0,0.0,0.0,0.0,0,0,0,0,31.7,0,0,0,0,0.4411764705882353,,,,,,,carga5,exp_10
2026-09-11 10:39:56,13.9,15.7,68.7,0.0,0.0,91.3,14760.0,1404.0,739711.0,296855.0,136.0,225.0,0.0,0.0,0.0,34.0,10.0,,,32.0,0.0,28.0,52.0,0.0,0.0,0.0,0.0,0.0,0.0,0.0,86.42,0.0,8.4,6910.0,0.0,0.0,0.0,0.0,0.0,403.0,25.0,0.0,0.0,0,0,0,0,0,0.0,0.0,0.0,0.0,0.0,0.0,0.0,0,0,0,0,29.6,0,0,0,0,0.2941176470588235,,,,,,,carga5,exp_10
2026-09-11 10:40:01,14.7,20.9,62.4,0.0,0.0,91.2,14739.0,1424.0,722277.0,640282.0,438.0,1894.0,0.0,0.0,0.0,35.0,11.0,,,32.0,0.0,29.0,52.0,0.0,0.0,0.0,0.0,0.0,0.0,0.0,146.83,0.0,18.2,6915.0,0.0,0.0,0.0,0.0,0.0,403.0,27.0,0.0,0.0,0,0,0,17,0,0.0,0.0,0.0,0.0,0.0,0.0,0.0,0,0,0,0,35.599999999999994,0,0,17,0,0.3142857142857143,,,,,,,carga5,exp_10
2026-09-11 10:40:06,15.3,21.0,61.8,0.0,0.0,91.7,14824.0,1339.0,773947.0,796118.0,2281.0,3038.0,0.0,0.0,0.0,34.0,9.0,,,33.0,0.0,25.0,52.0,0.0,0.0,0.0,0.0,0.0,0.0,0.0,165.39,0.0,16.8,6920.0,0.0,0.0,0.0,0.0,0.0,403.0,24.0,0.0,0.0,0,0,0,2,0,0.0,0.0,0.0,0.0,0.0,0.0,0.0,0,0,0,0,36.3,0,0,2,0,0.2647058823529412,,,,,,,carga5,exp_10
2026-09-11 10:40:12,14.4,20.9,62.6,0.0,0.0,91.7,14820.0,1343.0,2770440.0,591776.0,12665.0,7598.0,0.0,0.0,0.0,38.0,17.0,,,29.0,6.0,71.0,53.0,0.0,0.0,0.0,0.0,0.0,0.0,0.0,108.1,0.0,11.166666666666666,6925.0,0.0,0.0,0.0,0.0,0.0,403.0,21.0,0.0,0.0,0,0,0,2,0,0.0,0.0,0.0,0.0,0.0,0.0,0.0,0,0,0,0,35.3,0,0,2,0,0.4473684210526316,,,,,,,carga5,exp_10
2026-09-11 10:40:17,18.5,18.9,60.3,0.0,0.0,91.7,14825.0,1338.0,3613012.0,6032918.0,4935.0,5779.0,0.0,0.0,0.0,38.0,17.0,,,28.0,1.0,76.0,54.0,0.0,0.0,0.0,0.0,0.0,0.0,0.0,0.96,0.0,0.0,6930.0,0.0,0.0,0.0,0.0,0.0,403.0,26.0,0.0,0.0,0,0,0,39,0,0.0,0.0,0.0,0.0,0.0,0.0,0.0,0,0,0,0,37.4,0,0,39,1,0.4473684210526316,,,,,,,carga5,exp_10
2026-09-11 10:40:22,17.4,17.7,62.6,0.0,0.0,91.5,14795.0,1369.0,4201843.0,600122.0,3102.0,4361.0,0.0,0.0,0.0,38.0,18.0,,,29.0,6.0,72.0,65.0,0.0,0.0,0.0,0.0,0.0,0.0,0.0,3.47,0.0,0.2,6936.0,0.0,0.0,0.0,0.0,0.0,403.0,30.0,0.0,0.0,0,0,0,23,0,0.0,0.0,0.0,0.0,0.0,0.0,0.0,0,0,0,0,35.099999999999994,0,0,23,1,0.4736842105263157,,,,,,,carga5,exp_10
2026-09-11 10:40:27,14.8,19.7,63.3,0.0,0.0,92.0,14863.0,1300.0,7629210.0,1082649.0,1428.0,2316.0,0.0,0.0,0.0,38.0,12.0,,,34.0,0.0,29.0,105.0,0.0,0.0,0.0,0.0,0.0,0.0,0.0,9.61,0.0,1.2,6941.0,0.0,0.0,0.0,0.0,0.0,403.0,20.0,0.0,0.0,0,0,0,24,0,0.0,0.0,0.0,0.0,0.0,0.0,0.0,0,0,0,0,34.5,0,0,24,10,0.3157894736842105,,,,,,,carga5,exp_10
2026-09-11 10:40:33,13.3,24.6,59.5,0.0,0.0,92.2,14895.0,1269.0,2765833.0,1032057.0,334.0,333.0,0.0,0.0,0.0,38.0,11.0,,,35.0,0.0,42.0,105.0,0.0,0.0,0.0,0.0,0.0,0.0,0.0,176.46,0.0,13.0,6946.0,0.0,0.0,0.0,0.0,0.0,403.0,26.0,0.0,0.0,0,0,0,48,0,0.0,0.0,0.0,0.0,0.0,0.0,0.0,0,0,0,0,37.900000000000006,0,0,48,41,0.2894736842105263,,,,,,,carga5,exp_10
2026-09-11 10:40:38,15.1,25.6,56.4,0.0,0.0,92.5,14959.0,1204.0,6627315.0,578457.0,15708.0,6789.0,0.08,0.02,0.01,37.0,9.0,,,36.0,0.0,30.0,105.0,0.0,0.0,0.0,0.0,0.0,0.0,0.0,166.61,0.0,16.8,6951.0,0.0,0.0,0.0,0.0,0.0,403.0,21.0,0.0,0.0,0,0,0,0,0,0.0,0.0,0.0,0.0,0.0,0.0,0.0,0,0,0,0,40.7,0,0,0,0,0.2432432432432432,,,,,,,carga5,exp_10
2026-09-11 10:40:43,21.5,27.2,48.9,0.0,0.0,92.7,14988.0,1176.0,3806025.0,883871.0,3006.0,2475.0,0.07,0.02,0.01,37.0,10.0,,,35.0,0.0,30.0,105.0,0.0,0.0,0.0,0.0,0.0,0.0,0.0,168.68,0.0,16.0,6956.0,0.0,0.0,0.0,0.0,0.0,403.0,21.0,0.0,0.0,0,0,0,4,0,0.0,0.0,0.0,0.0,0.0,0.0,0.0,0,0,0,0,48.7,0,0,4,0,0.2702702702702703,,,,,,,carga5,exp_10
2026-09-11 10:40:48,23.9,41.2,32.8,0.0,0.0,93.2,15060.0,1104.0,4364535.0,1444686.0,10342.0,21272.0,0.07,0.02,0.01,37.0,15.0,,,30.0,0.0,40.0,105.0,0.0,0.0,0.0,0.0,0.0,0.0,0.0,17.34,0.0,2.0,6961.0,0.0,0.0,0.0,0.0,0.0,403.0,19.0,0.0,0.0,0,0,0,13,0,0.0,0.0,0.0,0.0,0.0,0.0,0.0,0,0,0,0,65.1,0,0,13,0,0.4054054054054054,,,,,,,carga5,exp_10
2026-09-11 10:40:53,21.3,42.4,35.0,0.0,0.0,93.0,15034.0,1130.0,7840385.0,376737.0,1282.0,1901.0,0.14,0.03,0.01,37.0,15.0,,,30.0,0.0,40.0,105.0,0.0,0.0,0.0,0.0,0.0,0.0,0.0,3.27,0.0,0.0,6967.0,0.0,0.0,0.0,0.0,0.0,403.0,26.0,0.0,0.0,0,0,0,0,0,0.0,0.0,0.0,0.0,0.0,0.0,0.0,0,0,0,0,63.7,0,0,0,0,0.4054054054054054,,,,,,,carga5,exp_10
2026-09-11 10:40:59,23.6,42.9,31.8,0.0,0.0,93.0,15029.0,1134.0,2220311.0,447837.0,10753.0,760.0,0.13,0.03,0.01,35.0,17.0,,,26.0,0.0,38.0,105.0,0.0,0.0,0.0,0.0,0.0,0.0,0.0,0.77,0.0,0.0,6972.0,0.0,0.0,0.0,0.0,0.0,403.0,24.0,0.0,0.0,0,0,0,2,0,0.0,0.0,0.0,0.0,0.0,0.0,0.0,0,0,0,0,66.5,0,0,2,0,0.4857142857142857,,,,,,,carga5,exp_10
2026-09-11 10:41:04,16.4,31.9,49.6,0.0,0.0,93.0,15032.0,1132.0,1739234.0,808731.0,278.0,1887.0,0.12,0.03,0.01,35.0,10.0,,,33.0,0.0,26.0,105.0,0.0,0.0,0.0,0.0,0.0,0.0,0.0,89.09,0.0,9.8,6978.0,0.0,0.0,0.0,0.0,0.0,403.0,19.0,0.0,0.0,0,0,0,14,0,0.0,0.0,0.0,0.0,0.0,0.0,0.0,0,0,0,0,48.3,0,0,14,0,0.2857142857142857,,,,,,,carga5,exp_10
2026-09-11 10:41:09,15.4,22.1,60.1,0.0,0.0,92.6,14966.0,1198.0,1271669.0,663398.0,164.0,319.0,0.11,0.03,0.01,35.0,10.0,,,33.0,0.0,29.0,105.0,0.0,0.0,0.0,0.0,0.0,0.0,0.0,162.08,0.0,17.8,6983.0,0.0,0.0,0.0,0.0,0.0,403.0,17.0,0.0,0.0,0,0,0,0,0,0.0,0.0,0.0,0.0,0.0,0.0,0.0,0,0,0,0,37.5,0,0,0,0,0.2857142857142857,,,,,,,carga5,exp_10
2026-09-11 10:41:14,16.4,26.2,54.6,0.0,0.0,92.5,14950.0,1213.0,404597.0,690142.0,7269.0,816.0,0.18,0.05,0.02,36.0,11.0,,,34.0,0.0,29.0,105.0,0.0,0.0,0.0,0.0,0.0,0.0,0.0,138.51,0.0,17.2,6988.0,0.0,0.0,0.0,0.0,0.0,403.0,30.0,0.0,0.0,0,0,0,3,0,0.0,0.0,0.0,0.0,0.0,0.0,0.0,0,0,0,0,42.6,0,0,3,0,0.3055555555555556,,,,,,,carga5,exp_10
2026-09-11 10:41:19,25.0,37.2,35.3,0.0,0.0,92.9,15023.0,1140.0,18150173.0,899303.0,173.0,254.0,0.17,0.05,0.02,39.0,10.0,,,34.0,0.0,5824.0,105.0,0.0,0.0,0.0,0.0,0.0,0.0,0.0,82.74,0.0,11.8,6994.0,0.0,0.0,0.0,0.0,0.0,403.0,24.0,0.0,0.0,0,0,0,31,0,0.0,0.0,0.0,0.0,0.0,0.0,0.0,0,0,0,0,62.2,0,0,31,0,0.2564102564102564,,,,,,,carga5,exp_10
2026-09-11 10:41:25,30.1,54.1,12.9,0.0,0.0,93.3,15080.0,1084.0,11919085.0,627904.0,2565.0,5418.0,0.62,0.14,0.05,39.0,10.0,,,37.0,0.0,18249.0,105.0,0.0,0.0,0.0,0.0,0.0,0.0,0.0,0.73,0.0,4.833333333333333,6999.0,0.0,0.0,0.0,0.0,0.0,403.0,24.0,0.0,0.0,0,0,0,0,0,0.0,0.0,0.0,0.0,0.0,0.0,0.0,0,0,0,0,84.2,0,0,0,0,0.2564102564102564,,,,,,,carga5,exp_10
2026-09-11 10:41:31,25.6,55.1,16.4,0.0,0.0,92.8,15000.0,1163.0,2534880.0,865537.0,3423.0,5840.0,0.57,0.14,0.05,40.0,12.0,,,39.0,0.0,33097.0,105.0,0.0,0.0,0.0,0.0,0.0,0.0,0.0,0.47,0.0,5.666666666666667,7006.0,0.0,0.0,0.0,0.0,0.0,403.0,23.0,0.0,0.0,0,0,0,0,0,0.0,0.0,0.0,0.0,0.0,0.0,0.0,0,0,0,0,80.7,0,0,0,0,0.3,,,,,,,carga5,exp_10
2026-09-11 10:41:38,18.3,34.2,45.3,0.0,0.0,93.0,15031.0,1132.0,8178612.0,1767434.0,201.0,408.0,0.53,0.14,0.05,37.0,11.0,,,35.0,0.0,29.0,105.0,0.0,0.0,0.0,0.0,0.0,0.0,0.0,100.03,44.142857142857146,23.714285714285715,7012.0,0.0,0.0,0.0,0.0,0.0,403.0,18.0,0.0,0.0,0,0,0,1,0,0.0,0.0,0.0,0.0,0.0,0.0,0.0,0,0,0,0,52.5,0,0,1,0,0.2972972972972973,,,,,,,carga5,exp_10
2026-09-11 10:41:43,14.3,22.4,61.0,0.0,0.0,93.0,15035.0,1128.0,1841256.0,703225.0,1150.0,2985.0,0.48,0.14,0.05,36.0,10.0,,,35.0,0.0,29.0,105.0,0.0,0.0,0.0,0.0,0.0,0.0,0.0,152.8,0.0,17.4,7017.0,0.0,0.0,0.0,0.0,0.0,403.0,24.0,0.0,0.0,0,0,0,30,0,0.0,0.0,0.0,0.0,0.0,0.0,0.0,0,0,0,0,36.7,0,0,30,0,0.2777777777777778,,,,,,,carga5,exp_10
2026-09-11 10:41:48,19.1,25.7,52.9,0.0,0.0,94.0,15198.0,965.0,3490059.0,880141.0,25090.0,29486.0,0.61,0.17,0.06,36.0,9.0,,,35.0,0.0,28.0,105.0,0.0,0.0,0.0,0.0,0.0,0.0,0.0,174.67,0.0,15.6,7022.0,0.0,0.0,0.0,0.0,0.0,403.0,27.0,0.0,0.0,0,0,0,0,0,0.0,0.0,0.0,0.0,0.0,0.0,0.0,0,0,0,0,44.8,0,0,0,0,0.25,,,,,,,carga5,exp_10
2026-09-11 10:41:54,19.3,44.8,32.8,0.0,0.0,93.7,15141.0,1023.0,1324718.0,412712.0,2361.0,2166.0,0.56,0.16,0.06,37.0,15.0,,,30.0,0.0,28.0,105.0,0.0,0.0,0.0,0.0,0.0,0.0,0.0,53.87,0.0,5.166666666666667,7027.0,0.0,0.0,0.0,0.0,0.0,403.0,20.0,0.0,0.0,0,0,0,3,0,0.0,0.0,0.0,0.0,0.0,0.0,0.0,0,0,0,0,64.1,0,0,3,0,0.4054054054054054,,,,,,,carga5,exp_10
2026-09-11 10:41:59,28.8,53.8,14.1,0.0,0.0,93.6,15130.0,1033.0,6725742.0,365519.0,7903.0,16034.0,1.31,0.33,0.11,37.0,13.0,,,32.0,0.0,28.0,105.0,0.0,0.0,0.0,0.0,0.0,0.0,0.0,0.73,0.0,0.0,7033.0,0.0,0.0,0.0,0.0,0.0,403.0,28.0,0.0,0.0,0,0,0,0,0,0.0,0.0,0.0,0.0,0.0,0.0,0.0,0,0,0,0,82.6,0,0,0,0,0.3513513513513513,,,,,,,carga5,exp_10
2026-09-11 10:42:04,19.9,49.4,27.7,0.0,0.0,93.3,15082.0,1081.0,1293135.0,155607.0,12092.0,4950.0,1.21,0.32,0.11,37.0,13.0,,,32.0,0.0,28.0,105.0,0.0,0.0,0.0,0.0,0.0,0.0,0.0,0.96,0.0,0.0,7038.0,0.0,0.0,0.0,0.0,0.0,403.0,22.0,0.0,0.0,0,0,0,0,0,0.0,0.0,0.0,0.0,0.0,0.0,0.0,0,0,0,0,69.3,0,0,0,0,0.3513513513513513,,,,,,,carga5,exp_10
2026-09-11 10:42:09,15.3,30.4,52.5,0.0,0.0,93.3,15072.0,1091.0,1256540.0,718925.0,1120.0,1995.0,1.11,0.32,0.11,38.0,11.0,,,35.0,0.0,30.0,105.0,0.0,0.0,0.0,0.0,0.0,0.0,0.0,136.6,0.0,15.4,7043.0,0.0,0.0,0.0,0.0,0.0,403.0,17.0,0.0,0.0,0,0,0,2,0,0.0,0.0,0.0,0.0,0.0,0.0,0.0,0,0,0,0,45.7,0,0,2,0,0.2894736842105263,,,,,,,carga5,exp_10
2026-09-11 10:42:15,16.2,20.9,61.4,0.0,0.0,93.0,15035.0,1128.0,543149.0,602365.0,7152.0,498.0,1.02,0.31,0.11,36.0,11.0,,,33.0,0.0,30.0,105.0,0.0,0.0,0.0,0.0,0.0,0.0,0.0,150.08,0.0,14.5,7048.0,0.0,0.0,0.0,0.0,0.0,403.0,21.0,0.0,0.0,0,0,0,4,0,0.0,0.0,0.0,0.0,0.0,0.0,0.0,0,0,0,0,37.1,0,0,4,0,0.3055555555555556,,,,,,,carga5,exp_10
2026-09-11 10:42:20,16.0,20.9,61.3,0.0,0.0,92.9,15010.0,1153.0,395943.0,570415.0,792.0,2774.0,1.02,0.33,0.12,36.0,10.0,,,35.0,0.0,30.0,105.0,0.0,0.0,0.0,0.0,0.0,0.0,0.0,147.81,0.0,17.0,7053.0,0.0,0.0,0.0,0.0,0.0,403.0,28.0,0.0,0.0,0,0,0,4,0,0.0,0.0,0.0,0.0,0.0,0.0,0.0,0,0,0,0,36.9,0,0,4,0,0.2777777777777778,,,,,,,carga5,exp_10
2026-09-11 10:42:25,17.0,19.0,62.5,0.0,0.0,92.5,14956.0,1208.0,652980.0,374441.0,245.0,537.0,0.94,0.33,0.12,24.0,10.0,,,23.0,0.0,15.0,105.0,0.0,0.0,0.0,0.0,0.0,0.0,0.0,48.13,0.0,4.8,7059.0,0.0,0.0,0.0,0.0,0.0,403.0,15.0,0.0,0.0,0,0,0,15,0,0.0,0.0,0.0,0.0,0.0,0.0,0.0,0,0,0,0,36.0,0,0,15,0,0.4166666666666667,,,,,,,carga5,exp_10
2026-09-11 03:03:22,21.8,25.7,50.5,0.0,0.0,95.6,15450.0,713.0,27779974.0,56406.0,0.0,0.0,0.0,0.0,0.0,37.0,22.0,,,36.0,0.0,16.0,0.0,0.0,0.0,0.0,0.0,0.0,0.0,0.0,,,,52.0,,,,,,403.0,924.0,0.0,0.0,0,0,0,0,0,0.0,0.0,0.0,0.0,0.0,0.0,0.0,0,0,0,0,47.5,0,0,0,0,0.5945945945945946,,,,,,,carga7,exp_11
2026-09-11 03:03:28,15.6,30.8,51.9,0.0,0.0,96.1,15540.0,623.0,20294880.0,1428062.0,1063.0,1702.0,0.0,0.0,0.0,48.0,27.0,,,43.0,0.0,48.0,0.0,0.0,0.0,0.0,0.0,0.0,0.0,0.0,477.6,6.666666666666667,43.833333333333336,58.0,0.0,0.0,0.0,0.0,0.0,403.0,13.0,0.0,0.0,0,0,0,30,0,0.0,0.0,0.0,0.0,0.0,0.0,0.0,0,0,0,0,46.4,0,0,30,0,0.5625,,,,,,,carga7,exp_11
2026-09-11 03:03:33,12.1,44.4,40.9,0.0,0.0,96.4,15583.0,581.0,1847498.0,2332308.0,177.0,293.0,0.0,0.0,0.0,49.0,27.0,,,41.0,1.0,44.0,0.0,0.0,0.0,0.0,0.0,0.0,0.0,0.0,1090.01,0.0,100.0,63.0,0.0,0.0,0.0,0.0,0.0,403.0,12.0,0.0,0.0,0,0,0,17,0,0.0,0.0,0.0,0.0,0.0,0.0,0.0,0,0,0,0,56.5,0,0,17,0,0.5510204081632653,,,,,,,carga7,exp_11
2026-09-11 03:03:38,11.4,45.0,41.0,0.0,0.0,96.7,15623.0,541.0,1423153.0,4129386.0,112.0,178.0,0.0,0.0,0.0,48.0,25.0,,,42.0,0.0,46.0,0.0,0.0,0.0,0.0,0.0,0.0,0.0,0.0,1080.68,0.0,99.4,68.0,0.0,0.0,0.0,0.0,0.0,403.0,35.0,0.0,0.0,0,0,0,24,0,0.0,0.0,0.0,0.0,0.0,0.0,0.0,0,0,0,0,56.4,0,0,24,0,0.5208333333333334,,,,,,,carga7,exp_11
2026-09-11 03:03:44,11.1,47.2,38.2,0.0,0.0,96.5,15602.0,561.0,5061337.0,2336433.0,109.0,178.0,0.08,0.02,0.01,48.0,29.0,,,41.0,0.0,55.0,0.0,2.0,0.0,2.0,0.0,0.0,0.0,0.0,1041.62,0.0,84.83333333333333,73.0,0.0,0.0,0.0,0.0,0.0,403.0,21.0,0.0,0.0,0,0,0,30,0,0.0,0.0,0.0,0.0,0.0,0.0,0.0,0,0,0,0,58.3,0,0,30,0,0.6041666666666666,,,,,,,carga7,exp_11
2026-09-11 03:03:49,11.1,47.9,38.2,0.0,0.0,96.6,15621.0,542.0,3983561.0,2288324.0,2720.0,431.0,0.07,0.02,0.01,48.0,29.0,,,40.0,1.0,47.0,0.0,0.0,0.0,0.0,0.0,0.0,0.0,0.0,1012.77,0.0,95.0,78.0,0.0,0.0,0.0,0.0,0.0,403.0,18.0,0.0,0.0,0,0,0,24,0,0.0,0.0,0.0,0.0,0.0,0.0,0.0,0,0,0,0,59.0,0,0,24,0,0.6041666666666666,,,,,,,carga7,exp_11
2026-09-11 03:03:54,9.1,44.9,43.7,0.0,0.0,96.1,15536.0,627.0,7965640.0,2060544.0,191.0,307.0,0.07,0.02,0.01,48.0,29.0,,,42.0,1.0,51.0,0.0,0.0,0.0,0.0,0.0,0.0,0.0,0.0,1045.74,0.0,85.2,84.0,0.0,0.0,0.0,0.0,0.0,403.0,25.0,0.0,0.0,0,0,0,19,0,0.0,0.0,0.0,0.0,0.0,0.0,0.0,0,0,0,0,54.0,0,0,19,0,0.6041666666666666,,,,,,,carga7,exp_11
2026-09-11 03:03:59,12.7,48.2,37.1,0.0,0.0,96.7,15625.0,538.0,8026729.0,2190479.0,167.0,277.0,0.06,0.02,0.01,48.0,27.0,,,41.0,0.0,48.0,0.0,0.0,0.0,0.0,0.0,0.0,0.0,0.0,1032.16,0.0,87.8,89.0,0.0,0.0,0.0,0.0,0.0,403.0,18.0,0.0,0.0,0,0,0,24,0,0.0,0.0,0.0,0.0,0.0,0.0,0.0,0,0,0,0,60.900000000000006,0,0,24,0,0.5625,,,,,,,carga7,exp_11
2026-09-11 03:04:05,9.3,43.9,44.6,0.0,0.0,96.5,15598.0,565.0,2209957.0,2452444.0,1498.0,348.0,0.06,0.02,0.01,48.0,31.0,,,40.0,0.0,85.0,0.0,0.0,0.0,0.0,0.0,0.0,0.0,0.0,1011.76,0.0,85.66666666666667,94.0,0.0,0.0,0.0,0.0,0.0,403.0,23.0,0.0,0.0,0,0,0,14,0,0.0,0.0,0.0,0.0,0.0,0.0,0.0,0,0,0,0,53.2,0,0,14,0,0.6458333333333334,,,,,,,carga7,exp_11
2026-09-11 03:04:10,12.9,46.1,38.8,0.0,0.0,96.7,15638.0,525.0,2218350.0,2555831.0,202.0,285.0,0.05,0.02,0.01,48.0,27.0,,,42.0,2.0,70.0,0.0,0.0,0.0,0.0,0.0,0.0,0.0,0.0,969.11,0.0,85.8,99.0,0.0,0.0,0.0,0.0,0.0,403.0,19.0,0.0,0.0,0,0,0,24,0,0.0,0.0,0.0,0.0,0.0,0.0,0.0,0,0,0,0,59.0,0,0,24,0,0.5625,,,,,,,carga7,exp_11
2026-09-11 03:04:15,14.2,49.6,33.2,0.0,0.0,96.7,15632.0,531.0,4888530.0,1988430.0,12935.0,3915.0,0.05,0.01,0.01,48.0,29.0,,,44.0,1.0,43.0,0.0,0.0,0.0,0.0,0.0,0.0,0.0,0.0,993.1,0.0,72.8,104.0,0.0,0.0,0.0,0.0,0.0,403.0,22.0,0.0,0.0,0,0,0,20,0,0.0,0.0,0.0,0.0,0.0,0.0,0.0,0,0,0,0,63.8,0,0,20,0,0.6041666666666666,,,,,,,carga7,exp_11
2026-09-11 03:04:20,12.2,46.0,39.4,0.0,0.0,96.7,15628.0,535.0,3988373.0,1966169.0,4561.0,3765.0,0.04,0.01,0.01,48.0,26.0,,,46.0,0.0,56.0,0.0,0.0,0.0,0.0,0.0,0.0,0.0,0.0,984.4,0.0,71.6,110.0,0.0,0.0,0.0,0.0,0.0,403.0,13.0,0.0,0.0,0,0,0,16,0,0.0,0.0,0.0,0.0,0.0,0.0,0.0,0,0,0,0,58.2,0,0,16,0,0.5416666666666666,,,,,,,carga7,exp_11
2026-09-11 03:04:26,12.0,46.8,38.5,0.0,0.0,97.1,15692.0,471.0,1913111.0,1904488.0,1914.0,217.0,0.04,0.01,0.01,48.0,29.0,,,44.0,0.0,66.0,0.0,0.0,0.0,0.0,0.0,0.0,0.0,0.0,865.16,0.0,58.5,116.0,0.0,0.0,0.0,0.0,0.0,403.0,14.0,0.0,0.0,0,0,0,15,0,0.0,0.0,0.0,0.0,0.0,0.0,0.0,0,0,0,0,58.8,0,0,15,0,0.6041666666666666,,,,,,,carga7,exp_11
2026-09-11 03:04:31,9.0,45.4,43.1,0.0,0.0,97.0,15671.0,493.0,2184730.0,1985226.0,280.0,237.0,0.04,0.01,0.01,48.0,27.0,,,43.0,0.0,37.0,0.0,0.0,0.0,0.0,0.0,0.0,0.0,0.0,984.2,0.0,70.4,121.0,0.0,0.0,0.0,0.0,0.0,403.0,19.0,0.0,0.0,0,0,0,22,0,0.0,0.0,0.0,0.0,0.0,0.0,0.0,0,0,0,0,54.4,0,0,22,0,0.5625,,,,,,,carga7,exp_11
2026-09-11 03:04:36,12.1,47.2,38.1,0.0,0.0,96.9,15669.0,494.0,2670975.0,1789975.0,2757.0,609.0,0.19,0.05,0.02,48.0,30.0,,,39.0,2.0,64.0,0.0,3.0,0.0,0.0,0.0,0.0,0.0,0.0,924.6,0.0,64.4,126.0,0.0,0.0,0.0,0.0,0.0,403.0,22.0,0.0,0.0,0,0,0,16,0,0.0,0.0,0.0,0.0,0.0,0.0,0.0,0,0,0,0,59.3,0,0,16,0,0.625,,,,,,,carga7,exp_11
2026-09-11 03:04:42,12.1,46.2,38.9,0.0,0.0,96.9,15661.0,502.0,741870.0,2118690.0,4659.0,290.0,0.18,0.05,0.02,47.0,28.0,,,39.0,1.0,66.0,0.0,0.0,0.0,0.0,0.0,0.0,0.0,0.0,874.45,0.0,55.333333333333336,132.0,0.0,0.0,0.0,0.0,0.0,403.0,20.0,0.0,0.0,0,0,0,23,0,0.0,0.0,0.0,0.0,0.0,0.0,0.0,0,0,0,0,58.3,0,0,23,0,0.5957446808510638,,,,,,,carga7,exp_11
2026-09-11 03:04:47,9.4,44.7,43.4,0.0,0.0,96.9,15661.0,502.0,1980364.0,2092351.0,10123.0,14318.0,0.16,0.05,0.02,46.0,27.0,,,41.0,0.0,58.0,0.0,0.0,0.0,0.0,0.0,0.0,0.0,0.0,958.02,0.0,69.4,137.0,0.0,0.0,0.0,0.0,0.0,403.0,16.0,0.0,0.0,0,0,0,25,0,0.0,0.0,0.0,0.0,0.0,0.0,0.0,0,0,0,0,54.1,0,0,25,0,0.5869565217391305,,,,,,,carga7,exp_11
2026-09-11 03:04:52,9.9,41.9,46.3,0.0,0.0,96.4,15588.0,575.0,915039.0,2078529.0,305.0,495.0,0.15,0.04,0.02,46.0,28.0,,,38.0,0.0,39.0,0.0,0.0,0.0,0.0,0.0,0.0,0.0,0.0,1032.2,0.0,79.8,142.0,0.0,0.0,0.0,0.0,0.0,403.0,18.0,0.0,0.0,0,0,0,33,0,0.0,0.0,0.0,0.0,0.0,0.0,0.0,0,0,0,0,51.8,0,0,33,0,0.6086956521739131,,,,,,,carga7,exp_11
2026-09-11 03:04:57,9.4,35.9,52.6,0.0,0.0,96.2,15549.0,615.0,1094707.0,1612211.0,160.0,253.0,0.22,0.06,0.02,36.0,23.0,,,35.0,0.0,15.0,0.0,0.0,0.0,0.0,0.0,0.0,0.0,0.0,712.38,0.0,52.8,147.0,0.0,0.0,0.0,0.0,0.0,403.0,16.0,0.0,0.0,0,0,0,31,0,0.0,0.0,0.0,0.0,0.0,0.0,0.0,0,0,0,0,45.3,0,0,31,0,0.6388888888888888,,,,,,,carga7,exp_11
