timestamp,active_requests,active_sessions,api_latency_ms,api_status,auditoria_locks,batch_requests_per_sec,caja_locks,cpu_idl,cpu_stl,cpu_sys,cpu_usr,cpu_wai,deadlocks_per_sec,detalle_venta_locks,disk_read_per_sec,disk_write_per_sec,idle_sessions,inventario_locks,kardex_locks,load1,load15,load5,lock_waits,long_queries,long_transactions,memory_available_mb,memory_percent,memory_used_mb,movimiento_caja_locks,net_recv_per_sec,net_send_per_sec,page_life_expectancy,page_reads_per_sec,page_writes_per_sec,products_count,rollbacks_per_sec,sales_count,sql_compilations_per_sec,total_locks,total_reads,total_writes,transactions_per_sec,venta_locks,events_login_count,events_logout_count,events_lock_acquired_count,events_lock_released_count,events_wait_count,batch_count,batch_duration_avg_ms,batch_duration_max_ms,wait_lck_count,wait_io_count,wait_log_count,run_name
2026-09-07 05:07:11,17.0,28.0,0.0,0.0,0.0,,0.0,0.0,0.0,0.0,0.0,0.0,0.0,0.0,15365713.0,0.0,25.0,0.0,0.0,0.36,2.65,0.61,0.0,14.0,14.0,1653.0,57.8,2263.0,0.0,359155.0,147414.0,2826.0,,,0.0,,0.0,,13.0,0.0,0.0,74.97,0.0,0,0,0,0,0,0,0.0,0.0,0,0,0,carga4
2026-09-07 05:07:12,15.0,28.0,0.0,0.0,0.0,0.0,0.0,68.0,0.0,8.6,17.0,0.1,0.0,0.0,0.0,1301008.0,26.0,0.0,0.0,0.36,2.65,0.61,0.0,14.0,14.0,1648.0,57.9,2268.0,0.0,204014.0,13728.0,2828.0,0.0,0.0,0.0,0.0,0.0,0.0,13.0,0.0,0.0,71.29,0.0,28,0,14,0,0,6,906.4616666666667,2719.43,0,0,0,carga4
2026-09-07 05:07:13,15.0,28.0,0.0,0.0,0.0,0.0,0.0,70.6,0.0,7.5,13.5,0.0,0.0,0.0,0.0,0.0,27.0,0.0,0.0,0.33,2.63,0.6,0.0,14.0,14.0,1649.0,57.9,2268.0,0.0,39387.0,13474.0,2829.0,0.0,0.0,0.0,0.0,0.0,0.0,13.0,0.0,0.0,16.25,0.0,0,0,0,0,0,0,0.0,0.0,0,0,0,carga4
2026-09-07 05:07:14,15.0,28.0,0.0,0.0,0.0,0.0,0.0,65.0,0.0,6.1,17.8,0.0,0.0,0.0,0.0,1325872.0,27.0,0.0,0.0,0.33,2.63,0.6,0.0,14.0,14.0,1650.0,57.9,2267.0,0.0,36503.0,12412.0,2830.0,0.0,0.0,0.0,0.0,0.0,0.0,13.0,0.0,0.0,14.71,0.0,0,0,0,1,0,3,2.0403333333333333,2.065,0,0,0,carga4
2026-09-07 05:07:16,19.0,29.0,26.0,200.0,0.0,0.0,0.0,32.7,0.0,18.4,39.7,0.0,0.0,6.0,0.0,126785.0,23.0,4.0,9.0,0.33,2.63,0.6,1.0,14.0,14.0,1649.0,57.9,2267.0,5.0,33305.0,19436.0,2832.0,0.0,0.0,822.0,0.0,0.0,0.0,91.0,0.0,1.5,82.5,28.0,1,0,17,0,0,4,0.5767500000000001,1.036,0,0,0,carga4
2026-09-07 05:07:18,16.0,28.0,26.0,200.0,0.0,0.0,0.0,8.4,0.0,22.6,63.8,0.1,0.0,0.0,0.0,626794.0,26.0,0.0,0.0,1.19,2.68,0.78,0.0,14.0,14.0,1649.0,57.9,2267.0,0.0,10170.0,12405.0,2835.0,0.0,0.0,822.0,0.0,0.0,0.0,13.0,0.0,1.0,11.42,4.0,0,0,0,0,0,0,0.0,0.0,0,0,0,carga4
2026-09-07 05:07:26,15.0,28.0,26.0,200.0,0.0,0.0,0.0,12.4,0.0,30.2,50.7,0.0,0.0,0.0,4582.0,361487.0,27.0,0.0,0.0,2.77,2.78,1.11,0.0,14.0,14.0,1643.0,58.0,2273.0,0.0,7460.0,3679.0,2842.0,0.0,0.0,822.0,0.0,0.0,0.0,13.0,0.0,0.0,49.6,0.0,0,0,5,21,0,2,3.934,4.178,0,0,0,carga4
2026-09-07 05:07:28,15.0,28.0,5074.0,0.0,0.0,0.0,0.0,26.8,0.0,16.8,50.3,0.1,0.0,0.0,0.0,2508124.0,26.0,0.0,0.0,2.77,2.78,1.11,0.0,14.0,14.0,1642.0,58.1,2274.0,0.0,32965.0,10792.0,2843.0,0.0,0.0,0.0,0.0,0.0,0.0,13.0,0.0,0.0,275.98,0.0,0,1,0,1,1,2,5.824,8.574,0,0,0,carga4
2026-09-07 05:07:29,15.0,28.0,5074.0,0.0,0.0,0.0,0.0,30.3,0.0,16.2,46.1,0.0,0.0,0.0,0.0,3735876.0,27.0,0.0,0.0,3.51,2.83,1.29,0.0,14.0,14.0,1642.0,58.1,2274.0,0.0,38008.0,13486.0,2844.0,0.0,0.0,0.0,0.0,0.0,0.0,13.0,0.0,0.0,155.47,0.0,0,0,0,0,0,0,0.0,0.0,0,0,0,carga4
2026-09-07 05:07:30,15.0,28.0,5074.0,0.0,0.0,0.0,0.0,26.0,0.0,18.8,48.1,0.0,0.0,0.0,0.0,30732640.0,27.0,0.0,0.0,3.51,2.83,1.29,0.0,14.0,14.0,1642.0,58.1,2274.0,0.0,33222.0,12470.0,2845.0,0.0,0.0,0.0,0.0,0.0,0.0,13.0,0.0,0.0,155.4,0.0,0,0,0,0,0,0,0.0,0.0,0,0,0,carga4
2026-09-07 05:07:31,15.0,28.0,5074.0,0.0,0.0,0.0,0.0,30.7,0.0,17.5,44.9,0.0,0.0,0.0,0.0,2526636.0,26.0,0.0,0.0,3.51,2.83,1.29,0.0,14.0,14.0,1643.0,58.0,2273.0,0.0,39777.0,17683.0,2847.0,0.0,0.0,0.0,0.0,0.0,0.0,13.0,0.0,0.0,76.24,0.0,0,0,0,0,0,1,0.025,0.025,0,0,0,carga4
2026-09-07 05:07:32,16.0,28.0,5074.0,0.0,0.0,0.0,0.0,26.3,0.0,17.0,50.1,0.0,0.0,0.0,0.0,3728171.0,27.0,0.0,0.0,3.51,2.83,1.29,0.0,14.0,14.0,1641.0,58.1,2275.0,0.0,44860.0,20023.0,2849.0,0.0,0.0,0.0,0.0,0.0,0.0,13.0,0.0,0.0,157.73,0.0,0,0,0,0,0,0,0.0,0.0,0,0,0,carga4
2026-09-07 05:07:33,16.0,28.0,5074.0,0.0,0.0,0.0,0.0,27.5,0.0,18.9,47.0,0.1,0.0,0.0,0.0,2521952.0,27.0,0.0,0.0,3.63,2.84,1.36,0.0,14.0,14.0,1637.0,58.2,2279.0,0.0,40025.0,19408.0,2850.0,0.0,0.0,0.0,0.0,0.0,0.0,13.0,0.0,0.0,184.37,0.0,0,0,0,0,0,2,1.0294999999999999,2.058,0,0,0,carga4
2026-09-07 05:07:35,15.0,28.0,5074.0,0.0,0.0,0.0,0.0,30.5,0.0,17.2,45.6,0.0,0.0,0.0,0.0,3624460.0,26.0,0.0,0.0,3.63,2.84,1.36,0.0,14.0,14.0,1637.0,58.2,2280.0,0.0,40357.0,21129.0,2851.0,0.0,0.0,0.0,0.0,0.0,0.0,13.0,0.0,0.0,140.38,0.0,0,0,0,0,0,1,2.043,2.043,0,0,0,carga4
2026-09-07 05:07:36,15.0,28.0,5074.0,0.0,0.0,0.0,0.0,29.9,0.0,17.3,45.5,0.3,0.0,0.0,0.0,2477344.0,27.0,0.0,0.0,3.63,2.84,1.36,0.0,14.0,14.0,1637.0,58.2,2279.0,0.0,34320.0,12249.0,2852.0,0.0,0.0,0.0,0.0,0.0,0.0,13.0,0.0,0.0,139.18,0.0,0,0,0,0,0,0,0.0,0.0,0,0,0,carga4
2026-09-07 05:07:37,16.0,28.0,5074.0,0.0,0.0,0.0,0.0,26.2,0.0,18.4,47.9,0.7,0.0,0.0,1406161.0,8943755.0,27.0,0.0,0.0,3.63,2.84,1.36,0.0,14.0,14.0,1642.0,58.1,2274.0,0.0,45195.0,13050.0,2853.0,0.0,0.0,0.0,0.0,0.0,0.0,13.0,0.0,0.0,201.28,0.0,0,0,0,0,0,0,0.0,0.0,0,0,0,carga4
2026-09-07 05:07:38,15.0,29.0,5074.0,0.0,0.0,0.0,0.0,29.6,0.0,15.2,47.3,0.6,0.0,0.0,0.0,2589493.0,27.0,0.0,0.0,3.63,2.84,1.36,0.0,14.0,14.0,1642.0,58.1,2274.0,0.0,32617.0,10908.0,2854.0,0.0,0.0,0.0,0.0,0.0,0.0,13.0,0.0,0.0,185.89,0.0,0,0,0,0,0,0,0.0,0.0,0,0,0,carga4
2026-09-07 05:07:39,17.0,28.0,5010.0,0.0,0.0,0.0,0.0,26.9,0.0,21.3,42.6,0.2,0.0,0.0,0.0,1201842.0,25.0,0.0,0.0,4.06,2.87,1.48,0.0,14.0,14.0,1642.0,58.1,2274.0,0.0,8556.0,12089.0,2857.0,0.0,0.0,0.0,0.0,0.0,0.0,13.0,0.0,0.0,57.64,0.0,0,0,0,0,0,1,-0.013000000000000001,-0.013000000000000001,0,0,0,carga4
2026-09-07 05:07:44,16.0,28.0,5010.0,0.0,0.0,0.0,0.0,20.7,0.0,29.8,41.8,0.0,0.0,0.0,37725.0,3019961.0,26.0,0.0,0.0,4.94,2.94,1.71,0.0,14.0,14.0,1726.0,55.9,2190.0,0.0,10774.0,3719.0,2860.0,0.0,0.0,0.0,0.0,0.0,0.0,13.0,0.0,0.0,54.98,0.0,0,0,0,0,1,3,1.4846666666666666,2.446,0,0,0,carga4
2026-09-07 05:07:46,16.0,28.0,5010.0,0.0,0.0,0.0,0.0,17.5,0.0,28.6,46.8,0.1,0.0,0.0,8298.0,709439.0,27.0,0.0,0.0,4.94,2.94,1.71,0.0,14.0,14.0,1724.0,56.0,2192.0,0.0,18325.0,9309.0,2864.0,0.0,0.0,0.0,0.0,0.0,0.0,13.0,0.0,0.0,34.09,0.0,1,0,1,0,0,0,0.0,0.0,0,0,0,carga4
2026-09-07 05:07:50,15.0,28.0,5159.0,0.0,0.0,0.0,0.0,17.7,0.0,23.2,52.5,0.0,0.0,0.0,368466.0,1133741.0,27.0,0.0,0.0,5.18,2.96,1.81,0.0,14.0,14.0,1722.0,56.0,2194.0,0.0,28302.0,11834.0,2867.0,0.0,0.0,0.0,0.0,0.0,0.0,13.0,0.0,0.0,29.73,0.0,1,1,0,1,1,7,1.198,2.179,0,0,0,carga4
2026-09-07 05:07:51,16.0,28.0,5159.0,0.0,0.0,0.0,0.0,26.6,0.0,21.4,43.7,0.0,0.0,0.0,0.0,1251414.0,26.0,0.0,0.0,5.18,2.96,1.81,0.0,14.0,14.0,1724.0,56.0,2192.0,0.0,4229.0,11194.0,2870.0,0.0,0.0,0.0,0.0,0.0,0.0,13.0,0.0,0.0,54.63,0.0,0,0,0,0,0,2,1.5585,2.072,0,0,0,carga4
2026-09-07 05:07:54,16.0,29.0,5159.0,0.0,0.0,0.0,0.0,21.4,0.0,21.0,50.4,0.3,0.0,0.0,38727.0,2607059.0,26.0,0.0,0.0,5.65,3.01,1.96,0.0,14.0,14.0,1714.0,56.2,2202.0,0.0,28317.0,6599.0,2871.0,0.0,0.0,0.0,0.0,0.0,0.0,13.0,0.0,1.6666666666666667,101.91,0.0,0,0,0,0,0,1,0.318,0.318,0,0,0,carga4
2026-09-07 05:07:55,16.0,28.0,5159.0,0.0,0.0,0.0,0.0,28.6,0.0,16.3,49.0,0.0,0.0,0.0,25001.0,3771635.0,26.0,0.0,0.0,5.65,3.01,1.96,0.0,14.0,14.0,1714.0,56.2,2202.0,0.0,45296.0,13060.0,2873.0,0.0,0.0,0.0,0.0,0.0,0.0,13.0,0.0,0.0,291.99,0.0,0,0,0,0,0,0,0.0,0.0,0,0,0,carga4
2026-09-07 05:07:58,16.0,28.0,5159.0,0.0,0.0,0.0,0.0,22.5,0.0,19.7,50.2,0.0,0.0,0.0,0.0,1505286.0,25.0,0.0,0.0,5.65,3.01,1.96,0.0,14.0,14.0,1714.0,56.2,2202.0,0.0,15811.0,5456.0,2875.0,0.0,0.0,0.0,0.0,0.0,0.0,13.0,0.0,0.0,118.69,0.0,1,1,1,0,1,4,2.11825,3.7600000000000002,0,0,0,carga4
2026-09-07 05:07:59,15.0,28.0,5159.0,0.0,0.0,0.0,0.0,27.9,0.0,15.3,50.6,0.2,0.0,0.0,0.0,5296794.0,27.0,0.0,0.0,6.24,3.06,2.15,0.0,14.0,14.0,1713.0,56.3,2203.0,0.0,62139.0,13565.0,2876.0,0.0,0.0,0.0,0.0,0.0,0.0,14.0,0.0,0.0,249.17,0.0,0,0,0,0,0,0,0.0,0.0,0,0,0,carga4
2026-09-07 05:08:00,16.0,28.0,5159.0,0.0,0.0,0.0,0.0,26.7,0.0,15.8,52.7,0.0,0.0,0.0,0.0,3984433.0,27.0,0.0,0.0,6.24,3.06,2.15,0.0,14.0,14.0,1695.0,56.7,2222.0,0.0,59086.0,15171.0,2877.0,0.0,0.0,0.0,0.0,0.0,0.0,13.0,0.0,1.0,401.09,0.0,0,1,0,1,0,2,2.9225000000000003,3.8240000000000003,0,0,0,carga4
2026-09-07 05:08:01,15.0,28.0,5019.0,0.0,0.0,0.0,0.0,30.1,0.0,13.9,49.7,0.2,0.0,0.0,0.0,4062098.0,27.0,0.0,0.0,6.24,3.06,2.15,0.0,14.0,14.0,1697.0,56.7,2219.0,0.0,51067.0,17552.0,2878.0,0.0,0.0,0.0,0.0,0.0,0.0,13.0,0.0,3.0,302.19,0.0,0,0,0,0,0,0,0.0,0.0,0,0,0,carga4
2026-09-07 05:08:02,15.0,28.0,5019.0,0.0,0.0,0.0,0.0,30.5,0.0,13.3,50.5,0.0,0.0,0.0,0.0,3868488.0,27.0,0.0,0.0,6.24,3.06,2.15,0.0,14.0,14.0,1701.0,56.6,2215.0,0.0,39245.0,18720.0,2879.0,0.0,0.0,0.0,0.0,0.0,0.0,13.0,0.0,0.0,222.7,0.0,0,0,0,0,0,1,-0.024,-0.024,0,0,0,carga4
2026-09-07 05:08:03,15.0,28.0,5019.0,0.0,0.0,0.0,0.0,29.6,0.0,13.9,49.9,0.0,0.0,0.0,0.0,33509883.0,26.0,0.0,0.0,6.3,3.08,2.23,0.0,14.0,14.0,1704.0,56.5,2212.0,0.0,43171.0,22564.0,2881.0,0.0,0.0,0.0,0.0,0.0,0.0,13.0,0.0,0.0,195.83,0.0,0,0,0,0,0,0,0.0,0.0,0,0,0,carga4
2026-09-07 05:08:05,16.0,28.0,5019.0,0.0,0.0,0.0,0.0,30.4,0.0,15.3,47.6,0.2,0.0,0.0,0.0,3962715.0,27.0,0.0,0.0,6.3,3.08,2.23,0.0,14.0,14.0,1704.0,56.5,2212.0,0.0,48930.0,20519.0,2882.0,0.0,0.0,0.0,0.0,0.0,0.0,13.0,0.0,1.0,187.56,0.0,0,0,0,0,0,1,1.993,1.993,0,0,0,carga4
2026-09-07 05:08:06,15.0,28.0,5019.0,0.0,0.0,0.0,0.0,29.0,0.0,16.6,48.1,0.0,0.0,0.0,0.0,5157917.0,26.0,0.0,0.0,6.3,3.08,2.23,0.0,14.0,14.0,1700.0,56.6,2216.0,0.0,39711.0,14643.0,2883.0,0.0,0.0,0.0,0.0,0.0,0.0,13.0,0.0,0.0,221.81,0.0,0,0,0,0,0,0,0.0,0.0,0,0,0,carga4
2026-09-07 05:08:07,15.0,28.0,5019.0,0.0,0.0,0.0,0.0,28.3,0.0,14.9,49.8,0.2,0.0,0.0,0.0,5267513.0,27.0,0.0,0.0,6.3,3.08,2.23,0.0,14.0,14.0,1698.0,56.7,2219.0,0.0,36191.0,12380.0,2884.0,0.0,0.0,0.0,0.0,0.0,0.0,13.0,0.0,3.0,255.74,0.0,0,0,0,0,0,0,0.0,0.0,0,0,0,carga4
2026-09-07 05:08:08,17.0,29.0,5019.0,0.0,0.0,0.0,0.0,27.0,0.0,15.6,49.6,2.2,0.0,0.0,0.0,6096340.0,28.0,0.0,0.0,6.3,3.08,2.23,0.0,14.0,14.0,1700.0,56.6,2216.0,0.0,46694.0,13372.0,2885.0,0.0,0.0,0.0,0.0,0.0,0.0,13.0,0.0,138.0,330.34,0.0,1,0,4,0,1,1,0.155,0.155,0,0,1,carga4
2026-09-07 05:08:09,17.0,29.0,5019.0,0.0,0.0,0.0,0.0,29.4,0.0,13.7,49.7,0.0,0.0,0.0,0.0,4014921.0,28.0,0.0,0.0,6.52,3.11,2.34,0.0,14.0,14.0,1702.0,56.5,2214.0,0.0,39401.0,13385.0,2886.0,0.0,0.0,0.0,0.0,0.0,0.0,13.0,0.0,0.0,211.72,0.0,0,0,0,0,0,0,0.0,0.0,0,0,0,carga4
2026-09-07 05:08:10,17.0,29.0,5019.0,0.0,0.0,0.0,0.0,30.7,0.0,15.6,46.7,0.0,0.0,0.0,0.0,5217576.0,28.0,0.0,0.0,6.52,3.11,2.34,0.0,14.0,14.0,1700.0,56.6,2216.0,0.0,35495.0,11640.0,2887.0,0.0,0.0,0.0,0.0,0.0,0.0,13.0,0.0,0.0,138.42,0.0,1,1,0,4,0,1,2.177,2.177,0,0,0,carga4
2026-09-07 05:08:11,16.0,29.0,5019.0,0.0,0.0,0.0,0.0,31.5,0.0,15.1,47.2,0.1,0.0,0.0,0.0,5099659.0,27.0,0.0,0.0,6.52,3.11,2.34,0.0,14.0,14.0,1703.0,56.5,2214.0,0.0,38703.0,13245.0,2888.0,0.0,0.0,0.0,0.0,0.0,0.0,13.0,0.0,0.0,180.26,0.0,0,0,0,0,0,0,0.0,0.0,0,0,0,carga4
2026-09-07 05:08:12,16.0,29.0,5007.0,0.0,0.0,0.0,0.0,29.4,0.0,17.6,47.2,0.0,0.0,0.0,0.0,3834187.0,27.0,0.0,0.0,6.52,3.11,2.34,0.0,14.0,14.0,1700.0,56.6,2216.0,0.0,35193.0,12241.0,2889.0,0.0,0.0,0.0,0.0,0.0,0.0,13.0,0.0,0.0,103.71,0.0,0,0,0,0,0,0,0.0,0.0,0,0,0,carga4
2026-09-07 05:08:13,16.0,29.0,5007.0,0.0,0.0,0.0,0.0,29.7,0.0,14.4,48.6,0.2,0.0,0.0,0.0,6382268.0,28.0,0.0,0.0,6.31,3.12,2.37,0.0,14.0,14.0,1699.0,56.6,2217.0,0.0,40393.0,14286.0,2890.0,0.0,0.0,0.0,0.0,0.0,0.0,13.0,0.0,0.0,229.66,0.0,0,0,0,0,0,0,0.0,0.0,0,0,0,carga4
2026-09-07 05:08:15,16.0,29.0,5007.0,0.0,0.0,0.0,0.0,27.5,0.0,15.9,49.9,0.0,0.0,0.0,0.0,5303569.0,28.0,0.0,0.0,6.31,3.12,2.37,0.0,14.0,14.0,1703.0,56.5,2213.0,0.0,67691.0,12745.0,2892.0,0.0,0.0,0.0,0.0,0.0,0.0,37.0,0.0,1.5,291.46,0.0,0,0,0,0,0,1,-0.007,-0.007,0,0,0,carga4
2026-09-07 05:08:16,18.0,29.0,5007.0,0.0,0.0,0.0,0.0,28.4,0.0,19.1,45.1,0.2,0.0,0.0,0.0,3614595.0,26.0,0.0,0.0,6.31,3.12,2.37,0.0,14.0,14.0,1703.0,56.5,2213.0,0.0,25009.0,15555.0,2894.0,0.0,0.0,0.0,0.0,0.0,0.0,18.0,0.0,0.0,318.44,0.0,0,0,0,0,0,1,2.009,2.009,0,0,0,carga4
2026-09-07 05:08:22,14.0,26.0,5023.0,0.0,0.0,0.0,0.0,16.9,0.0,28.9,46.1,0.0,0.0,0.0,3685.0,9826.0,24.0,0.0,0.0,7.65,3.23,2.71,0.0,11.0,11.0,1698.0,56.6,2218.0,0.0,13139.0,7432.0,2902.0,0.0,0.0,0.0,0.0,0.0,0.0,13.0,0.0,0.0,11.55,0.0,0,2,1,0,1,5,1.3274000000000001,4.323,0,0,0,carga4
2026-09-07 05:08:27,11.0,22.0,5023.0,0.0,0.0,0.0,0.0,17.8,0.0,29.7,44.0,0.0,0.0,0.0,0.0,1050698.0,20.0,0.0,0.0,9.2,3.35,3.12,0.0,8.0,8.0,1706.0,56.4,2210.0,0.0,17644.0,4564.0,2904.0,0.0,0.0,0.0,0.0,0.0,0.0,13.0,0.0,0.0,51.36,0.0,1,3,1,1,2,4,3.33375,3.7760000000000002,0,0,0,carga4
2026-09-07 05:08:28,9.0,22.0,5023.0,0.0,0.0,0.0,0.0,28.1,0.0,15.7,48.6,0.0,0.0,0.0,0.0,3609387.0,21.0,0.0,0.0,9.2,3.35,3.12,0.0,8.0,8.0,1705.0,56.5,2211.0,0.0,35907.0,12312.0,2906.0,0.0,0.0,0.0,0.0,0.0,0.0,13.0,0.0,0.0,167.74,0.0,0,0,0,0,0,0,0.0,0.0,0,0,0,carga4
2026-09-07 05:08:29,9.0,22.0,5023.0,0.0,0.0,0.0,0.0,30.8,0.0,16.7,45.0,0.0,0.0,0.0,0.0,2550396.0,19.0,0.0,0.0,9.18,3.38,3.21,0.0,8.0,8.0,1705.0,56.5,2211.0,0.0,49279.0,12563.0,2907.0,0.0,0.0,0.0,0.0,0.0,0.0,13.0,0.0,0.0,119.4,0.0,0,3,0,1,0,1,3.095,3.095,0,0,0,carga4
2026-09-07 05:08:30,9.0,22.0,5023.0,0.0,0.0,0.0,0.0,25.8,0.0,18.0,49.8,0.0,0.0,0.0,0.0,2395847.0,21.0,0.0,0.0,9.18,3.38,3.21,0.0,8.0,8.0,1705.0,56.5,2211.0,0.0,40941.0,15716.0,2908.0,0.0,0.0,0.0,0.0,0.0,0.0,13.0,0.0,0.0,171.15,0.0,0,0,0,0,0,0,0.0,0.0,0,0,0,carga4
2026-09-07 05:08:31,9.0,22.0,5023.0,0.0,0.0,0.0,0.0,28.1,0.0,15.2,49.5,0.2,0.0,0.0,0.0,3988112.0,21.0,0.0,0.0,9.18,3.38,3.21,0.0,8.0,8.0,1705.0,56.5,2211.0,0.0,52438.0,14338.0,2909.0,0.0,0.0,0.0,0.0,0.0,0.0,13.0,0.0,2.0,220.83,0.0,0,0,0,0,0,1,-0.013000000000000001,-0.013000000000000001,0,0,0,carga4
2026-09-07 05:08:32,9.0,22.0,5023.0,0.0,0.0,0.0,0.0,28.3,0.0,16.2,48.5,0.0,0.0,0.0,0.0,2491122.0,21.0,0.0,0.0,9.18,3.38,3.21,0.0,8.0,8.0,1702.0,56.5,2214.0,0.0,40707.0,18322.0,2910.0,0.0,0.0,0.0,0.0,0.0,0.0,13.0,0.0,0.0,122.68,0.0,0,0,0,0,0,0,0.0,0.0,0,0,0,carga4
2026-09-07 05:08:34,9.0,22.0,5023.0,0.0,0.0,0.0,0.0,28.0,0.0,17.2,46.6,0.0,0.0,0.0,0.0,2507503.0,21.0,0.0,0.0,9.49,3.44,3.38,0.0,8.0,8.0,1699.0,56.6,2217.0,0.0,38171.0,19472.0,2911.0,0.0,0.0,0.0,0.0,0.0,0.0,13.0,0.0,0.0,182.61,0.0,0,0,0,0,0,3,0.6646666666666666,2.013,0,0,0,carga4
2026-09-07 05:08:35,9.0,22.0,5060.0,0.0,0.0,0.0,0.0,28.7,0.0,15.3,49.3,0.1,0.0,0.0,0.0,3599142.0,21.0,0.0,0.0,9.49,3.44,3.38,0.0,8.0,8.0,1699.0,56.6,2217.0,0.0,45194.0,23699.0,2913.0,0.0,0.0,0.0,0.0,0.0,0.0,13.0,0.0,0.0,125.64,0.0,0,0,1,0,0,3,1.3396666666666668,2.029,0,0,0,carga4
2026-09-07 05:08:36,9.0,22.0,5060.0,0.0,0.0,0.0,0.0,28.2,0.0,16.5,48.7,0.0,0.0,0.0,0.0,2635176.0,20.0,0.0,0.0,9.49,3.44,3.38,0.0,8.0,8.0,1699.0,56.6,2217.0,0.0,39414.0,15340.0,2914.0,0.0,0.0,0.0,0.0,0.0,0.0,13.0,0.0,0.0,107.67,0.0,0,0,0,0,0,0,0.0,0.0,0,0,0,carga4
2026-09-07 05:08:37,9.0,22.0,5060.0,0.0,0.0,0.0,0.0,28.8,0.0,16.4,46.6,0.1,0.0,0.0,0.0,11300460.0,21.0,0.0,0.0,9.49,3.44,3.38,0.0,8.0,8.0,1699.0,56.6,2217.0,0.0,33791.0,10932.0,2916.0,0.0,0.0,0.0,0.0,0.0,0.0,13.0,0.0,0.0,97.81,0.0,1,0,0,1,0,3,0.7640000000000001,2.0060000000000002,0,0,0,carga4
2026-09-07 05:08:38,10.0,22.0,5060.0,0.0,0.0,0.0,0.0,27.7,0.0,14.1,50.4,0.0,0.0,0.0,0.0,2530330.0,20.0,0.0,0.0,9.37,3.46,3.45,0.0,8.0,8.0,1700.0,56.6,2216.0,0.0,37714.0,13039.0,2917.0,0.0,0.0,0.0,0.0,0.0,0.0,13.0,0.0,0.0,53.3,0.0,0,0,0,0,0,0,0.0,0.0,0,0,0,carga4
2026-09-07 05:08:39,10.0,23.0,5060.0,0.0,0.0,0.0,0.0,27.6,0.0,17.2,47.9,0.0,0.0,0.0,0.0,2474152.0,21.0,0.0,0.0,9.37,3.46,3.45,0.0,8.0,8.0,1698.0,56.6,2218.0,0.0,36053.0,10849.0,2918.0,0.0,0.0,0.0,0.0,0.0,0.0,13.0,0.0,0.0,23.17,0.0,0,1,0,0,0,2,2.1715,2.34,0,0,0,carga4
2026-09-07 05:08:41,10.0,23.0,5060.0,0.0,0.0,0.0,0.0,27.9,0.0,17.1,47.0,0.1,0.0,0.0,0.0,3606043.0,20.0,0.0,0.0,9.37,3.46,3.45,0.0,8.0,8.0,1697.0,56.7,2219.0,0.0,18819.0,12830.0,2919.0,0.0,0.0,0.0,0.0,0.0,0.0,13.0,0.0,0.0,188.41,0.0,0,0,0,0,0,0,0.0,0.0,0,0,0,carga4
2026-09-07 05:08:42,10.0,22.0,5060.0,0.0,0.0,0.0,0.0,29.0,0.0,16.7,47.2,0.0,0.0,0.0,0.0,9981224.0,20.0,0.0,0.0,9.37,3.46,3.45,0.0,8.0,8.0,1698.0,56.7,2219.0,0.0,34440.0,11236.0,2921.0,0.0,0.0,0.0,0.0,0.0,0.0,13.0,0.0,0.0,136.07,0.0,0,0,0,0,0,0,0.0,0.0,0,0,0,carga4
2026-09-07 05:08:43,9.0,22.0,5060.0,0.0,0.0,0.0,0.0,29.0,0.0,15.6,47.9,0.1,0.0,0.0,0.0,3847835.0,21.0,0.0,0.0,9.37,3.46,3.45,0.0,8.0,8.0,1698.0,56.6,2218.0,0.0,46078.0,13085.0,2922.0,0.0,0.0,0.0,0.0,0.0,0.0,13.0,0.0,1.0,98.61,0.0,0,0,0,0,0,2,0.0145,0.029,0,0,0,carga4
2026-09-07 05:08:44,9.0,22.0,5060.0,0.0,0.0,0.0,0.0,29.9,0.0,15.9,46.4,0.0,0.0,0.0,0.0,2878186.0,21.0,0.0,0.0,9.02,3.47,3.48,0.0,8.0,8.0,1698.0,56.6,2218.0,0.0,36975.0,12804.0,2923.0,0.0,0.0,0.0,0.0,0.0,0.0,13.0,0.0,0.0,102.1,0.0,0,0,0,0,0,0,0.0,0.0,0,0,0,carga4
2026-09-07 05:08:45,10.0,22.0,5008.0,0.0,0.0,0.0,0.0,28.8,0.0,15.0,48.7,0.0,0.0,0.0,42330.0,3725063.0,21.0,0.0,0.0,9.02,3.47,3.48,0.0,8.0,8.0,1698.0,56.6,2218.0,0.0,35396.0,13838.0,2924.0,0.0,0.0,0.0,0.0,0.0,0.0,13.0,0.0,0.0,138.64,0.0,0,0,0,0,0,2,2.0395,2.054,0,0,0,carga4
2026-09-07 05:08:46,9.0,22.0,5008.0,0.0,0.0,0.0,0.0,26.0,0.0,17.4,50.0,0.0,0.0,0.0,0.0,2505440.0,21.0,0.0,0.0,9.02,3.47,3.48,0.0,8.0,8.0,1704.0,56.5,2212.0,0.0,40134.0,17641.0,2925.0,0.0,0.0,0.0,0.0,0.0,0.0,13.0,0.0,0.0,89.37,0.0,0,0,0,0,0,0,0.0,0.0,0,0,0,carga4
2026-09-07 05:08:47,9.0,22.0,5008.0,0.0,0.0,0.0,0.0,27.4,0.0,15.9,50.1,0.0,0.0,0.0,0.0,2553206.0,20.0,0.0,0.0,9.02,3.47,3.48,0.0,8.0,8.0,1701.0,56.6,2215.0,0.0,43525.0,17594.0,2926.0,0.0,0.0,0.0,0.0,0.0,0.0,13.0,0.0,1.0,111.1,0.0,1,0,0,0,0,2,0.131,0.269,0,0,0,carga4
2026-09-07 05:08:49,9.0,22.0,5008.0,0.0,0.0,0.0,0.0,31.2,0.0,15.4,45.1,0.3,0.0,0.0,0.0,2516774.0,21.0,0.0,0.0,9.5,3.53,3.67,0.0,8.0,8.0,1702.0,56.5,2214.0,0.0,40448.0,20433.0,2927.0,0.0,0.0,0.0,0.0,0.0,0.0,14.0,0.0,0.0,98.38,0.0,0,1,0,0,0,2,2.1559999999999997,2.295,0,0,0,carga4
2026-09-07 05:08:50,9.0,22.0,5008.0,0.0,0.0,0.0,0.0,28.2,0.0,16.4,48.0,0.2,0.0,0.0,0.0,2714558.0,20.0,0.0,0.0,9.5,3.53,3.67,0.0,8.0,8.0,1703.0,56.5,2213.0,0.0,57256.0,21481.0,2928.0,0.0,0.0,0.0,0.0,0.0,0.0,13.0,0.0,4.0,135.94,0.0,0,0,0,0,0,0,0.0,0.0,0,0,0,carga4
2026-09-07 05:08:51,9.0,22.0,5008.0,0.0,0.0,0.0,0.0,28.4,0.0,15.4,48.1,0.0,0.0,0.0,0.0,3751676.0,20.0,0.0,0.0,9.5,3.53,3.67,0.0,8.0,8.0,1702.0,56.5,2214.0,0.0,38603.0,15099.0,2930.0,0.0,0.0,0.0,0.0,0.0,0.0,13.0,0.0,0.0,203.83,0.0,0,0,0,0,0,0,0.0,0.0,0,0,0,carga4
2026-09-07 05:08:52,9.0,22.0,5008.0,0.0,0.0,0.0,0.0,29.2,0.0,15.1,49.3,0.0,0.0,0.0,0.0,2489250.0,19.0,0.0,0.0,9.5,3.53,3.67,0.0,8.0,8.0,1702.0,56.5,2214.0,0.0,37699.0,13533.0,2931.0,0.0,0.0,0.0,0.0,0.0,0.0,13.0,0.0,0.0,119.99,0.0,0,0,0,0,0,0,0.0,0.0,0,0,0,carga4
2026-09-07 05:08:53,9.0,22.0,5008.0,0.0,0.0,0.0,0.0,27.8,0.0,15.7,49.4,0.0,0.0,0.0,0.0,3715743.0,21.0,0.0,0.0,9.78,3.58,3.83,0.0,8.0,8.0,1700.0,56.6,2216.0,0.0,33704.0,10996.0,2932.0,0.0,0.0,0.0,0.0,0.0,0.0,13.0,0.0,0.0,70.44,0.0,1,0,0,0,0,1,0.096,0.096,0,0,0,carga4
2026-09-07 05:08:54,11.0,23.0,5008.0,0.0,0.0,0.0,0.0,24.7,0.0,16.5,52.4,0.0,0.0,0.0,0.0,2468889.0,20.0,0.0,0.0,9.78,3.58,3.83,0.0,8.0,8.0,1698.0,56.6,2218.0,0.0,21675.0,12494.0,2933.0,0.0,0.0,0.0,0.0,0.0,0.0,13.0,0.0,0.0,143.84,0.0,0,0,0,0,0,0,0.0,0.0,0,0,0,carga4
2026-09-07 05:08:56,10.0,23.0,5008.0,0.0,0.0,0.0,0.0,29.6,0.0,15.5,47.1,0.1,0.0,0.0,0.0,2533590.0,21.0,0.0,0.0,9.78,3.58,3.83,0.0,8.0,8.0,1699.0,56.6,2217.0,0.0,31197.0,10830.0,2934.0,0.0,0.0,0.0,0.0,0.0,0.0,13.0,0.0,1.0,184.97,0.0,0,1,0,0,0,3,0.7076666666666668,2.1510000000000002,0,0,0,carga4
2026-09-07 05:08:57,10.0,22.0,5008.0,0.0,0.0,0.0,0.0,29.2,0.0,16.6,47.8,0.0,0.0,0.0,0.0,2526062.0,20.0,0.0,0.0,9.78,3.58,3.83,0.0,8.0,8.0,1700.0,56.6,2216.0,0.0,48892.0,13048.0,2935.0,0.0,0.0,0.0,0.0,0.0,0.0,13.0,0.0,1.0,161.75,0.0,0,0,0,0,0,4,1.01725,2.045,0,0,0,carga4
2026-09-07 05:08:58,10.0,22.0,5008.0,0.0,0.0,0.0,0.0,28.7,0.0,15.3,49.9,0.0,0.0,0.0,0.0,3815378.0,20.0,0.0,0.0,9.78,3.58,3.83,0.0,8.0,8.0,1704.0,56.5,2212.0,0.0,34861.0,11889.0,2936.0,0.0,0.0,0.0,0.0,0.0,0.0,13.0,0.0,0.0,178.9,0.0,0,0,0,0,0,0,0.0,0.0,0,0,0,carga4
2026-09-07 05:08:59,10.0,22.0,5008.0,0.0,0.0,0.0,0.0,28.2,0.0,15.8,49.5,0.1,0.0,0.0,0.0,2462217.0,21.0,0.0,0.0,9.96,3.63,3.96,0.0,8.0,8.0,1701.0,56.6,2215.0,0.0,44235.0,12644.0,2939.0,0.0,0.0,0.0,0.0,0.0,0.0,13.0,0.0,0.0,153.7,0.0,1,0,1,0,0,5,0.8277999999999999,2.041,0,0,0,carga4
2026-09-07 05:09:00,9.0,22.0,5008.0,0.0,0.0,0.0,0.0,25.6,0.0,21.2,45.8,0.3,0.0,0.0,34172.0,27914833.0,20.0,0.0,0.0,9.96,3.63,3.96,0.0,8.0,8.0,1673.0,57.3,2243.0,0.0,37103.0,15446.0,2940.0,0.0,0.0,0.0,0.0,0.0,0.0,13.0,0.0,0.0,91.77,0.0,0,0,0,0,0,0,0.0,0.0,0,0,0,carga4
2026-09-07 05:09:01,9.0,22.0,5008.0,0.0,0.0,0.0,0.0,27.5,0.0,14.7,51.1,0.0,0.0,0.0,0.0,3723301.0,21.0,0.0,0.0,9.96,3.63,3.96,0.0,8.0,8.0,1679.0,57.1,2237.0,0.0,38979.0,15357.0,2941.0,0.0,0.0,0.0,0.0,0.0,0.0,13.0,0.0,0.0,156.67,0.0,0,1,0,1,1,3,2.0589999999999997,2.104,0,0,0,carga4
2026-09-07 05:09:03,9.0,22.0,5008.0,0.0,0.0,0.0,0.0,25.4,0.0,16.2,52.5,0.1,0.0,0.0,0.0,2574056.0,21.0,0.0,0.0,9.96,3.63,3.96,0.0,8.0,8.0,1681.0,57.1,2235.0,0.0,59061.0,20871.0,2942.0,0.0,0.0,0.0,0.0,0.0,0.0,13.0,0.0,0.5,147.36,0.0,0,0,4,0,0,0,0.0,0.0,0,0,0,carga4
2026-09-07 05:09:04,9.0,22.0,5008.0,0.0,0.0,0.0,0.0,29.4,0.0,15.2,48.2,0.0,0.0,0.0,0.0,2479231.0,21.0,0.0,0.0,9.88,3.66,4.05,0.0,8.0,8.0,1682.0,57.1,2234.0,0.0,43427.0,17153.0,2943.0,0.0,0.0,0.0,0.0,0.0,0.0,13.0,0.0,1.0,145.84,0.0,0,0,0,0,0,0,0.0,0.0,0,0,0,carga4
2026-09-07 05:09:05,9.0,22.0,5008.0,0.0,0.0,0.0,0.0,30.2,0.0,15.2,48.5,0.0,0.0,0.0,0.0,2517359.0,20.0,0.0,0.0,9.88,3.66,4.05,0.0,8.0,8.0,1681.0,57.1,2236.0,0.0,42702.0,22971.0,2944.0,0.0,0.0,0.0,0.0,0.0,0.0,13.0,0.0,0.0,96.9,0.0,0,0,0,4,0,0,0.0,0.0,0,0,0,carga4
2026-09-07 05:09:06,11.0,22.0,5008.0,0.0,0.0,0.0,0.0,29.7,0.0,14.9,48.5,0.0,0.0,0.0,0.0,2466935.0,21.0,0.0,0.0,9.88,3.66,4.05,0.0,8.0,8.0,1680.0,57.1,2236.0,0.0,34232.0,12307.0,2946.0,0.0,0.0,0.0,0.0,0.0,0.0,13.0,0.0,0.0,106.94,0.0,0,0,0,0,0,0,0.0,0.0,0,0,0,carga4
2026-09-07 05:09:07,10.0,22.0,5007.0,0.0,0.0,0.0,0.0,28.2,0.0,17.2,47.7,0.1,0.0,0.0,0.0,2503214.0,21.0,0.0,0.0,9.88,3.66,4.05,0.0,8.0,8.0,1674.0,57.3,2242.0,0.0,37477.0,13012.0,2947.0,0.0,0.0,0.0,0.0,0.0,0.0,13.0,0.0,0.0,67.71,0.0,0,0,0,0,0,0,0.0,0.0,0,0,0,carga4
2026-09-07 05:09:08,10.0,22.0,5007.0,0.0,0.0,0.0,0.0,28.7,0.0,17.8,47.6,0.0,0.0,0.0,0.0,2496475.0,20.0,0.0,0.0,10.13,3.71,4.19,0.0,8.0,8.0,1677.0,57.2,2239.0,0.0,37621.0,13499.0,2948.0,0.0,0.0,0.0,0.0,0.0,0.0,13.0,0.0,0.0,41.5,0.0,0,0,0,0,0,0,0.0,0.0,0,0,0,carga4
2026-09-07 05:09:10,10.0,23.0,5007.0,0.0,0.0,0.0,0.0,32.2,0.0,16.5,43.8,0.0,0.0,0.0,0.0,2606880.0,20.0,0.0,0.0,10.13,3.71,4.19,0.0,8.0,8.0,1682.0,57.0,2234.0,0.0,12245.0,10675.0,2949.0,0.0,0.0,0.0,0.0,0.0,0.0,13.0,0.0,0.0,18.87,0.0,0,0,0,0,0,1,0.068,0.068,0,0,0,carga4
2026-09-07 05:09:11,10.0,22.0,5007.0,0.0,0.0,0.0,0.0,25.1,0.0,15.8,52.1,0.1,0.0,0.0,0.0,3615774.0,20.0,0.0,0.0,10.13,3.71,4.19,0.0,8.0,8.0,1682.0,57.0,2234.0,0.0,29444.0,12410.0,2950.0,0.0,0.0,0.0,0.0,0.0,0.0,13.0,0.0,0.0,75.2,0.0,0,0,0,0,0,1,2.09,2.09,0,0,0,carga4
2026-09-07 05:09:12,10.0,22.0,5007.0,0.0,0.0,0.0,0.0,29.4,0.0,15.2,46.7,0.0,0.0,0.0,0.0,3391440.0,20.0,0.0,0.0,10.13,3.71,4.19,0.0,8.0,8.0,1682.0,57.0,2234.0,0.0,33594.0,10960.0,2952.0,0.0,0.0,0.0,0.0,0.0,0.0,13.0,0.0,0.0,79.67,0.0,0,0,0,0,0,0,0.0,0.0,0,0,0,carga4
2026-09-07 05:09:13,10.0,22.0,5007.0,0.0,0.0,0.0,0.0,26.9,0.0,16.5,48.7,0.0,0.0,0.0,0.0,2936668.0,19.0,0.0,0.0,10.13,3.71,4.19,0.0,8.0,8.0,1683.0,57.0,2233.0,0.0,51165.0,14953.0,2953.0,0.0,0.0,0.0,0.0,0.0,0.0,13.0,0.0,0.0,39.47,0.0,0,0,0,0,0,0,0.0,0.0,0,0,0,carga4
2026-09-07 05:09:14,10.0,22.0,5007.0,0.0,0.0,0.0,0.0,27.7,0.0,18.3,47.4,0.1,0.0,0.0,0.0,3651019.0,20.0,0.0,0.0,9.88,3.73,4.24,0.0,8.0,8.0,1674.0,57.3,2243.0,0.0,35797.0,12374.0,2954.0,0.0,0.0,0.0,0.0,0.0,0.0,13.0,0.0,0.0,58.04,0.0,0,0,0,0,0,0,0.0,0.0,0,0,0,carga4
2026-09-07 05:09:15,10.0,22.0,5007.0,0.0,0.0,0.0,0.0,29.3,0.0,16.1,47.5,0.0,0.0,0.0,0.0,2495739.0,20.0,0.0,0.0,9.88,3.73,4.24,0.0,8.0,8.0,1674.0,57.2,2242.0,0.0,37553.0,14938.0,2955.0,0.0,0.0,0.0,0.0,0.0,0.0,13.0,0.0,0.0,60.5,0.0,0,0,0,0,0,0,0.0,0.0,0,0,0,carga4
2026-09-07 05:09:17,9.0,22.0,5007.0,0.0,0.0,0.0,0.0,30.1,0.0,14.7,47.1,0.3,0.0,0.0,0.0,2453615.0,21.0,0.0,0.0,9.88,3.73,4.24,0.0,8.0,8.0,1675.0,57.2,2241.0,0.0,40684.0,16136.0,2956.0,0.0,0.0,0.0,0.0,0.0,0.0,13.0,0.0,0.0,27.23,0.0,0,0,0,0,0,0,0.0,0.0,0,0,0,carga4
2026-09-07 05:09:18,9.0,22.0,5007.0,0.0,0.0,0.0,0.0,30.6,0.0,15.5,47.0,0.0,0.0,0.0,0.0,3820752.0,20.0,0.0,0.0,9.88,3.73,4.24,0.0,8.0,8.0,1675.0,57.2,2241.0,0.0,44264.0,18770.0,2957.0,0.0,0.0,0.0,0.0,0.0,0.0,13.0,0.0,0.0,67.42,0.0,0,0,0,0,0,0,0.0,0.0,0,0,0,carga4
2026-09-07 05:09:19,9.0,22.0,5005.0,0.0,0.0,0.0,0.0,30.6,0.0,16.2,46.5,0.0,0.0,0.0,0.0,2480600.0,20.0,0.0,0.0,10.21,3.78,4.4,0.0,8.0,8.0,1675.0,57.2,2241.0,0.0,44631.0,22467.0,2959.0,0.0,0.0,0.0,0.0,0.0,0.0,13.0,0.0,0.0,75.7,0.0,0,0,0,0,0,0,0.0,0.0,0,0,0,carga4
2026-09-07 05:09:20,10.0,22.0,5005.0,0.0,0.0,0.0,0.0,25.2,0.0,17.5,52.1,0.0,0.0,0.0,0.0,2633883.0,21.0,0.0,0.0,10.21,3.78,4.4,0.0,8.0,8.0,1673.0,57.3,2243.0,0.0,43381.0,20588.0,2961.0,0.0,0.0,0.0,0.0,0.0,0.0,13.0,0.0,0.0,183.62,0.0,0,0,0,0,0,0,0.0,0.0,0,0,0,carga4
2026-09-07 05:09:21,10.0,22.0,5005.0,0.0,0.0,0.0,0.0,27.6,0.0,17.5,48.2,0.0,0.0,0.0,0.0,2450969.0,19.0,0.0,0.0,10.21,3.78,4.4,0.0,8.0,8.0,1671.0,57.3,2245.0,0.0,44324.0,13956.0,2962.0,0.0,0.0,0.0,0.0,0.0,0.0,13.0,0.0,0.0,92.64,0.0,0,0,0,0,0,1,0.007,0.007,0,0,0,carga4
2026-09-07 05:09:23,9.0,22.0,5005.0,0.0,0.0,0.0,0.0,28.0,0.0,16.7,48.0,0.1,0.0,0.0,0.0,3616443.0,21.0,0.0,0.0,10.21,3.78,4.4,0.0,8.0,8.0,1672.0,57.3,2244.0,0.0,36041.0,12477.0,2963.0,0.0,0.0,0.0,0.0,0.0,0.0,13.0,0.0,0.0,55.18,0.0,0,0,0,0,0,1,2.033,2.033,0,0,0,carga4
2026-09-07 05:09:24,9.0,22.0,5005.0,0.0,0.0,0.0,0.0,30.4,0.0,17.0,45.6,0.0,0.0,0.0,0.0,2509441.0,19.0,0.0,0.0,10.11,3.81,4.48,0.0,8.0,8.0,1673.0,57.3,2243.0,0.0,34143.0,11139.0,2964.0,0.0,0.0,0.0,0.0,0.0,0.0,13.0,0.0,0.0,91.37,0.0,0,0,0,0,0,0,0.0,0.0,0,0,0,carga4
2026-09-07 05:09:25,9.0,22.0,5005.0,0.0,0.0,0.0,0.0,29.6,0.0,17.1,45.3,0.0,0.0,0.0,0.0,2570973.0,21.0,0.0,0.0,10.11,3.81,4.48,0.0,8.0,8.0,1674.0,57.3,2243.0,0.0,44355.0,13434.0,2965.0,0.0,0.0,0.0,0.0,0.0,0.0,13.0,0.0,0.0,62.34,0.0,1,0,0,0,0,1,0.152,0.152,0,0,0,carga4
2026-09-07 05:09:26,9.0,22.0,5005.0,0.0,0.0,0.0,0.0,28.5,0.0,15.8,48.3,0.0,0.0,0.0,0.0,3787158.0,21.0,0.0,0.0,10.11,3.81,4.48,0.0,8.0,8.0,1674.0,57.2,2242.0,0.0,41619.0,11291.0,2966.0,0.0,0.0,0.0,0.0,0.0,0.0,13.0,0.0,0.0,152.35,0.0,0,0,0,0,0,0,0.0,0.0,0,0,0,carga4
2026-09-07 05:09:27,9.0,22.0,5005.0,0.0,0.0,0.0,0.0,28.2,0.0,17.0,47.6,0.1,0.0,0.0,0.0,2494004.0,21.0,0.0,0.0,10.11,3.81,4.48,0.0,8.0,8.0,1671.0,57.3,2245.0,0.0,37282.0,12907.0,2968.0,0.0,0.0,0.0,0.0,0.0,0.0,13.0,0.0,0.0,165.19,0.0,0,1,0,0,0,1,2.178,2.178,0,0,0,carga4
2026-09-07 05:09:28,9.0,22.0,5005.0,0.0,0.0,0.0,0.0,24.5,0.0,17.7,51.3,0.0,0.0,0.0,0.0,2500709.0,21.0,0.0,0.0,10.02,3.84,4.56,0.0,8.0,8.0,1671.0,57.3,2245.0,0.0,34025.0,11100.0,2969.0,0.0,0.0,0.0,0.0,0.0,0.0,13.0,0.0,0.0,163.91,0.0,0,0,0,0,0,0,0.0,0.0,0,0,0,carga4
2026-09-07 05:09:29,9.0,22.0,5008.0,0.0,0.0,0.0,0.0,24.9,0.0,15.8,52.3,0.0,0.0,0.0,0.0,2452329.0,21.0,0.0,0.0,10.02,3.84,4.56,0.0,8.0,8.0,1671.0,57.3,2245.0,0.0,36811.0,12783.0,2970.0,0.0,0.0,0.0,0.0,0.0,0.0,13.0,0.0,0.0,133.52,0.0,0,0,0,0,0,1,-0.004,-0.004,0,0,0,carga4
2026-09-07 05:09:31,10.0,23.0,5008.0,0.0,0.0,0.0,0.0,27.8,0.0,15.7,49.9,0.3,0.0,0.0,0.0,3893450.0,21.0,0.0,0.0,10.02,3.84,4.56,0.0,8.0,8.0,1674.0,57.3,2242.0,0.0,32024.0,16765.0,2971.0,0.0,0.0,0.0,0.0,0.0,0.0,13.0,0.0,1.0,133.08,0.0,0,0,0,0,0,1,2.029,2.029,0,0,0,carga4
2026-09-07 05:09:32,10.0,22.0,5008.0,0.0,0.0,0.0,0.0,30.2,0.0,17.4,45.3,0.0,0.0,0.0,0.0,2464686.0,20.0,0.0,0.0,10.02,3.84,4.56,0.0,8.0,8.0,1674.0,57.3,2243.0,0.0,20596.0,14055.0,2972.0,0.0,0.0,0.0,0.0,0.0,0.0,13.0,0.0,0.0,95.72,0.0,0,0,0,0,0,0,0.0,0.0,0,0,0,carga4
2026-09-07 05:09:33,9.0,22.0,5008.0,0.0,0.0,0.0,0.0,28.0,0.0,19.0,46.1,0.0,0.0,0.0,0.0,11620804.0,21.0,0.0,0.0,10.02,3.84,4.56,0.0,8.0,8.0,1673.0,57.3,2243.0,0.0,50335.0,21611.0,2973.0,0.0,0.0,0.0,0.0,0.0,0.0,13.0,0.0,0.0,93.64,0.0,0,0,0,0,0,0,0.0,0.0,0,0,0,carga4
2026-09-07 05:09:34,9.0,22.0,5008.0,0.0,0.0,0.0,0.0,26.3,0.0,16.8,50.3,0.0,0.0,0.0,0.0,2513714.0,21.0,0.0,0.0,9.7,3.85,4.58,0.0,8.0,8.0,1674.0,57.3,2242.0,0.0,40600.0,17878.0,2975.0,0.0,0.0,0.0,0.0,0.0,0.0,13.0,0.0,0.0,87.17,0.0,0,0,0,0,0,0,0.0,0.0,0,0,0,carga4
2026-09-07 05:09:35,9.0,22.0,5008.0,0.0,0.0,0.0,0.0,28.4,0.0,17.4,47.4,0.1,0.0,0.0,0.0,2587789.0,21.0,0.0,0.0,9.7,3.85,4.58,0.0,8.0,8.0,1673.0,57.3,2243.0,0.0,46686.0,23071.0,2976.0,0.0,0.0,0.0,0.0,0.0,0.0,13.0,0.0,0.0,67.71,0.0,0,0,1,0,0,0,0.0,0.0,0,0,0,carga4
2026-09-07 05:09:37,9.0,22.0,5008.0,0.0,0.0,0.0,0.0,27.8,0.0,18.2,46.8,0.0,0.0,0.0,0.0,2377943.0,21.0,0.0,0.0,9.7,3.85,4.58,0.0,8.0,8.0,1674.0,57.3,2242.0,0.0,35539.0,12306.0,2977.0,0.0,0.0,0.0,0.0,0.0,0.0,13.0,0.0,0.0,102.26,0.0,0,0,0,0,0,0,0.0,0.0,0,0,0,carga4
2026-09-07 05:09:38,10.0,22.0,5008.0,0.0,0.0,0.0,0.0,29.3,0.0,16.8,46.5,0.0,0.0,0.0,0.0,3741159.0,20.0,0.0,0.0,9.7,3.85,4.58,0.0,8.0,8.0,1674.0,57.3,2242.0,0.0,33935.0,11071.0,2978.0,0.0,0.0,0.0,0.0,0.0,0.0,13.0,0.0,0.0,101.2,0.0,0,0,0,1,1,0,0.0,0.0,0,0,0,carga4
2026-09-07 05:09:39,9.0,22.0,5008.0,0.0,0.0,0.0,0.0,25.8,0.0,14.8,51.4,0.0,0.0,0.0,0.0,2476384.0,20.0,0.0,0.0,9.89,3.89,4.7,0.0,8.0,8.0,1673.0,57.3,2243.0,0.0,44691.0,12908.0,2979.0,0.0,0.0,0.0,0.0,0.0,0.0,13.0,0.0,0.0,89.31,0.0,0,0,0,0,0,0,0.0,0.0,0,0,0,carga4
2026-09-07 05:09:40,9.0,22.0,5008.0,0.0,0.0,0.0,0.0,28.3,0.0,16.3,47.7,0.0,0.0,0.0,0.0,2483816.0,20.0,0.0,0.0,9.89,3.89,4.7,0.0,8.0,8.0,1673.0,57.3,2243.0,0.0,33651.0,10979.0,2980.0,0.0,0.0,0.0,0.0,0.0,0.0,13.0,0.0,0.0,73.76,0.0,1,0,0,0,0,1,0.189,0.189,0,0,0,carga4
2026-09-07 05:09:41,11.0,22.0,5008.0,0.0,0.0,0.0,0.0,26.5,0.0,17.2,49.5,0.1,0.0,0.0,0.0,2584173.0,20.0,0.0,0.0,9.89,3.89,4.7,0.0,8.0,8.0,1658.0,57.7,2258.0,0.0,37894.0,13664.0,2982.0,0.0,0.0,0.0,0.0,0.0,0.0,13.0,0.0,0.0,91.5,0.0,0,0,0,0,0,0,0.0,0.0,0,0,0,carga4
2026-09-07 05:09:42,9.0,22.0,5008.0,0.0,0.0,0.0,0.0,26.3,0.0,19.7,46.9,0.0,0.0,0.0,0.0,3099627.0,21.0,0.0,0.0,9.89,3.89,4.7,0.0,8.0,8.0,1667.0,57.4,2250.0,0.0,32342.0,10552.0,2983.0,0.0,0.0,0.0,0.0,0.0,0.0,13.0,0.0,0.0,56.05,0.0,0,1,0,0,0,1,2.217,2.217,0,0,0,carga4
2026-09-07 05:09:44,11.0,23.0,5008.0,0.0,0.0,0.0,0.0,29.9,0.0,18.3,43.6,0.1,0.0,0.0,0.0,2480466.0,21.0,0.0,0.0,9.81,3.92,4.78,0.0,8.0,8.0,1666.0,57.4,2250.0,0.0,25320.0,12610.0,2985.0,0.0,0.0,0.0,0.0,0.0,0.0,13.0,0.0,0.0,49.03,0.0,0,0,0,0,0,1,-0.002,-0.002,0,0,0,carga4
2026-09-07 05:09:45,10.0,22.0,5008.0,0.0,0.0,0.0,0.0,28.2,0.0,17.1,46.8,0.4,0.0,0.0,0.0,4817150.0,20.0,0.0,0.0,9.81,3.92,4.78,0.0,8.0,8.0,1667.0,57.4,2249.0,0.0,19354.0,12657.0,2986.0,0.0,0.0,0.0,0.0,0.0,0.0,13.0,0.0,0.0,56.38,0.0,0,0,0,0,0,0,0.0,0.0,0,0,0,carga4
2026-09-07 05:09:46,9.0,22.0,5008.0,0.0,0.0,0.0,0.0,29.7,0.0,16.6,46.4,0.0,0.0,0.0,0.0,2672053.0,21.0,0.0,0.0,9.81,3.92,4.78,0.0,8.0,8.0,1667.0,57.4,2249.0,0.0,42429.0,14885.0,2987.0,0.0,0.0,0.0,0.0,0.0,0.0,13.0,0.0,0.0,117.91,0.0,0,0,0,0,0,3,0.6676666666666667,2.0220000000000002,0,0,0,carga4
2026-09-07 05:09:47,10.0,22.0,5008.0,0.0,0.0,0.0,0.0,27.1,0.0,16.3,48.8,0.0,0.0,0.0,0.0,2509480.0,20.0,0.0,0.0,9.81,3.92,4.78,0.0,8.0,8.0,1667.0,57.4,2249.0,0.0,43061.0,18584.0,2988.0,0.0,0.0,0.0,0.0,0.0,0.0,13.0,0.0,0.0,131.41,0.0,0,0,0,0,0,0,0.0,0.0,0,0,0,carga4
2026-09-07 05:09:48,9.0,22.0,5008.0,0.0,0.0,0.0,0.0,21.8,0.0,17.1,53.6,0.1,0.0,0.0,0.0,2381138.0,21.0,0.0,0.0,9.91,3.96,4.88,0.0,8.0,8.0,1663.0,57.5,2253.0,0.0,38786.0,17788.0,2989.0,0.0,0.0,0.0,0.0,0.0,0.0,13.0,0.0,0.0,49.55,0.0,0,0,0,0,0,2,2.0235000000000003,2.024,0,0,0,carga4
2026-09-07 05:09:50,11.0,22.0,5008.0,0.0,0.0,0.0,0.0,25.5,0.0,18.1,49.6,0.0,0.0,0.0,0.0,3665786.0,20.0,0.0,0.0,9.91,3.96,4.88,0.0,8.0,8.0,1664.0,57.5,2253.0,0.0,43665.0,20205.0,2991.0,0.0,0.0,0.0,0.0,0.0,0.0,13.0,0.0,0.0,93.16,0.0,0,0,0,0,0,1,0.062,0.062,0,0,0,carga4
2026-09-07 05:09:51,10.0,22.0,5008.0,0.0,0.0,0.0,0.0,27.7,0.0,18.3,46.9,0.1,0.0,0.0,0.0,2687437.0,21.0,0.0,0.0,9.91,3.96,4.88,0.0,8.0,8.0,1664.0,57.5,2253.0,0.0,45591.0,19085.0,2992.0,0.0,0.0,0.0,0.0,0.0,0.0,13.0,0.0,1.0,138.4,0.0,0,0,0,0,0,0,0.0,0.0,0,0,0,carga4
2026-09-07 05:09:52,10.0,22.0,5007.0,0.0,0.0,0.0,0.0,29.5,0.0,16.5,46.2,0.0,0.0,0.0,0.0,3744404.0,21.0,0.0,0.0,9.91,3.96,4.88,0.0,8.0,8.0,1665.0,57.5,2252.0,0.0,37947.0,13022.0,2993.0,0.0,0.0,0.0,0.0,0.0,0.0,13.0,0.0,0.0,87.43,0.0,0,0,0,0,0,1,2.082,2.082,0,0,0,carga4
2026-09-07 05:09:53,10.0,22.0,5007.0,0.0,0.0,0.0,0.0,24.7,0.0,20.8,47.3,0.0,0.0,0.0,0.0,1246200.0,21.0,0.0,0.0,9.91,3.96,4.88,0.0,8.0,8.0,1665.0,57.5,2251.0,0.0,7011.0,12925.0,2995.0,0.0,0.0,0.0,0.0,0.0,0.0,13.0,0.0,0.0,55.14,0.0,0,0,0,0,0,0,0.0,0.0,0,0,0,carga4
2026-09-07 05:09:57,9.0,22.0,5007.0,0.0,0.0,0.0,0.0,21.1,0.0,24.7,46.9,0.0,0.0,0.0,1856.0,1024726.0,21.0,0.0,0.0,10.08,4.0,5.0,0.0,8.0,8.0,1666.0,57.5,2250.0,0.0,20130.0,3903.0,2999.0,0.0,0.0,0.0,0.0,0.0,0.0,13.0,0.0,0.0,63.91,0.0,1,0,1,0,1,2,0.358,0.398,0,0,0,carga4
2026-09-07 05:09:58,9.0,22.0,5007.0,0.0,0.0,0.0,0.0,27.8,0.0,14.1,52.7,0.0,0.0,0.0,7405.0,5213419.0,21.0,0.0,0.0,10.39,4.06,5.15,0.0,8.0,8.0,1666.0,57.5,2250.0,0.0,53957.0,13588.0,3001.0,0.0,0.0,0.0,0.0,0.0,0.0,13.0,0.0,0.0,187.98,0.0,0,0,0,0,0,0,0.0,0.0,0,0,0,carga4
2026-09-07 05:10:04,19.0,31.0,5007.0,0.0,0.0,0.0,0.0,9.8,0.0,24.2,59.7,0.0,0.0,0.0,0.0,13956.0,27.0,0.0,0.0,10.04,4.07,5.16,0.0,8.0,8.0,1664.0,57.5,2252.0,0.0,12712.0,7562.0,3007.0,0.0,0.0,0.0,0.0,0.0,0.0,13.0,0.0,0.0,10.41,0.0,9,1,1,2,2,5,2.7192,5.86,0,0,0,carga4
2026-09-07 05:10:06,21.0,31.0,5007.0,0.0,0.0,0.0,0.0,19.9,0.0,24.1,50.1,0.1,0.0,0.0,0.0,2357169.0,28.0,0.0,0.0,10.04,4.07,5.16,0.0,8.0,8.0,1666.0,57.5,2250.0,0.0,35318.0,16055.0,3008.0,0.0,0.0,0.0,0.0,0.0,0.0,15.0,0.0,1.0,88.54,0.0,0,0,0,0,0,0,0.0,0.0,0,0,0,carga4
2026-09-07 05:10:07,21.0,31.0,5007.0,0.0,0.0,0.0,0.0,29.8,0.0,14.9,49.2,0.0,0.0,0.0,0.0,3804604.0,29.0,0.0,0.0,10.04,4.07,5.16,0.0,8.0,8.0,1667.0,57.4,2249.0,0.0,39113.0,13038.0,3010.0,0.0,0.0,0.0,0.0,0.0,0.0,13.0,0.0,0.0,75.71,0.0,0,0,0,0,0,0,0.0,0.0,0,0,0,carga4
2026-09-07 05:10:10,19.0,31.0,5007.0,0.0,0.0,0.0,0.0,24.8,0.0,19.2,48.8,0.0,0.0,0.0,0.0,2038102.0,29.0,0.0,0.0,9.8,4.08,5.19,0.0,8.0,8.0,1667.0,57.4,2249.0,0.0,16128.0,5540.0,3012.0,0.0,0.0,0.0,0.0,0.0,0.0,13.0,0.0,0.0,59.38,0.0,1,0,1,0,1,5,1.5008000000000001,3.646,0,0,0,carga4
2026-09-07 05:10:11,19.0,31.0,5007.0,0.0,0.0,0.0,0.0,30.1,0.0,13.2,50.1,0.0,0.0,0.0,0.0,3726581.0,29.0,0.0,0.0,9.8,4.08,5.19,0.0,8.0,8.0,1667.0,57.4,2249.0,0.0,39043.0,13122.0,3013.0,0.0,0.0,0.0,0.0,0.0,0.0,13.0,0.0,0.0,48.91,0.0,0,0,0,0,0,0,0.0,0.0,0,0,0,carga4
2026-09-07 05:10:12,19.0,31.0,5304.0,0.0,0.0,0.0,0.0,27.6,0.0,16.9,49.0,0.1,0.0,0.0,0.0,2515775.0,26.0,0.0,0.0,9.8,4.08,5.19,0.0,8.0,8.0,1663.0,57.5,2253.0,0.0,40637.0,10914.0,3015.0,0.0,0.0,0.0,0.0,0.0,0.0,13.0,0.0,2.0,75.59,0.0,0,1,0,1,0,3,1.953,3.852,0,0,0,carga4
2026-09-07 05:10:15,17.0,30.0,5304.0,0.0,0.0,0.0,0.0,21.5,0.0,22.8,48.1,0.0,0.0,0.0,0.0,2064416.0,27.0,0.0,0.0,10.21,4.14,5.36,0.0,8.0,8.0,1664.0,57.5,2252.0,0.0,16483.0,5937.0,3017.0,0.0,0.0,0.0,0.0,0.0,0.0,13.0,0.0,0.0,124.6,0.0,0,1,0,0,0,2,1.8385,2.561,0,0,0,carga4
2026-09-07 05:10:16,18.0,30.0,5304.0,0.0,0.0,0.0,0.0,29.1,0.0,14.9,50.7,0.0,0.0,0.0,0.0,5354504.0,28.0,0.0,0.0,10.21,4.14,5.36,0.0,8.0,8.0,1662.0,57.5,2254.0,0.0,50432.0,17409.0,3018.0,0.0,0.0,0.0,0.0,0.0,0.0,13.0,0.0,1.0,411.0,0.0,0,0,0,0,0,0,0.0,0.0,0,0,0,carga4
2026-09-07 05:10:17,17.0,30.0,5304.0,0.0,0.0,0.0,0.0,28.5,0.0,17.6,46.4,0.2,0.0,0.0,0.0,2663173.0,27.0,0.0,0.0,10.21,4.14,5.36,0.0,8.0,8.0,1663.0,57.5,2254.0,0.0,46545.0,15144.0,3020.0,0.0,0.0,0.0,0.0,0.0,0.0,13.0,0.0,3.0,241.69,0.0,0,0,0,0,1,1,3.738,3.738,0,0,0,carga4
2026-09-07 05:10:20,17.0,30.0,5304.0,0.0,0.0,0.0,0.0,23.0,0.0,20.3,50.4,0.0,0.0,0.0,0.0,6175694.0,28.0,0.0,0.0,9.72,4.14,5.33,0.0,16.0,8.0,1660.0,57.6,2256.0,0.0,21995.0,13108.0,3022.0,0.0,0.0,0.0,0.0,0.0,0.0,13.0,0.0,0.0,76.08,0.0,0,0,0,0,0,2,0.3675,0.743,0,0,0,carga4
2026-09-07 05:10:21,17.0,30.0,5304.0,0.0,0.0,0.0,0.0,30.0,0.0,14.8,49.2,0.2,0.0,0.0,0.0,5142660.0,27.0,0.0,0.0,9.72,4.14,5.33,0.0,16.0,8.0,1659.0,57.6,2257.0,0.0,47787.0,23216.0,3023.0,0.0,0.0,0.0,0.0,0.0,0.0,13.0,0.0,0.0,217.59,0.0,0,0,0,0,1,2,2.6205,3.0,0,0,0,carga4
2026-09-07 05:10:22,18.0,30.0,5304.0,0.0,0.0,0.0,0.0,26.5,0.0,15.0,51.7,0.1,0.0,0.0,0.0,5289251.0,29.0,0.0,0.0,9.72,4.14,5.33,0.0,16.0,8.0,1659.0,57.6,2257.0,0.0,51846.0,11688.0,3024.0,0.0,0.0,0.0,0.0,0.0,0.0,13.0,0.0,3.0,229.83,0.0,0,0,0,0,0,0,0.0,0.0,0,0,0,carga4
2026-09-07 05:10:23,17.0,30.0,5304.0,0.0,0.0,0.0,0.0,27.7,0.0,18.7,46.0,0.0,0.0,0.0,0.0,1247006.0,28.0,0.0,0.0,9.72,4.14,5.33,0.0,16.0,8.0,1660.0,57.6,2256.0,0.0,38029.0,12907.0,3027.0,0.0,0.0,0.0,0.0,0.0,0.0,13.0,0.0,0.0,183.27,0.0,1,0,0,0,0,1,0.17500000000000002,0.17500000000000002,0,0,0,carga4
2026-09-07 05:10:26,18.0,30.0,5006.0,0.0,0.0,0.0,0.0,24.9,0.0,20.8,47.8,0.0,0.0,0.0,0.0,2410684.0,29.0,0.0,0.0,9.74,4.17,5.41,0.0,16.0,8.0,1660.0,57.6,2256.0,0.0,22306.0,6253.0,3028.0,0.0,0.0,0.0,0.0,0.0,0.0,16.0,0.0,0.3333333333333333,141.68,0.0,0,1,1,0,0,0,0.0,0.0,0,0,0,carga4
2026-09-07 05:10:27,21.0,30.0,5006.0,0.0,0.0,0.0,0.0,28.3,0.0,19.4,45.5,0.0,0.0,0.0,48787.0,5697586.0,28.0,0.0,0.0,9.74,4.17,5.41,0.0,16.0,8.0,1665.0,57.5,2251.0,0.0,44045.0,13053.0,3031.0,0.0,0.0,0.0,0.0,0.0,0.0,13.0,0.0,0.0,127.55,0.0,0,0,0,1,0,1,3.4050000000000002,3.4050000000000002,0,0,0,carga4
2026-09-07 05:10:29,17.0,30.0,5006.0,0.0,2.0,0.0,0.0,23.8,0.0,21.1,47.9,0.1,0.0,0.0,0.0,2100506.0,27.0,0.0,7.0,9.6,4.19,5.45,0.0,16.0,8.0,1666.0,57.5,2250.0,6.0,16620.0,5578.0,3032.0,0.0,0.0,0.0,0.0,0.0,0.0,13.0,0.0,0.0,51.37,0.0,0,0,0,0,0,0,0.0,0.0,0,0,0,carga4
2026-09-07 05:10:31,17.0,30.0,5006.0,0.0,0.0,0.0,0.0,29.3,0.0,14.6,49.0,0.1,0.0,0.0,0.0,5212340.0,29.0,0.0,0.0,9.6,4.19,5.45,0.0,16.0,8.0,1666.0,57.5,2250.0,0.0,43265.0,12690.0,3033.0,0.0,0.0,0.0,0.0,0.0,0.0,38.0,0.0,0.5,198.89,13.0,0,0,0,0,0,0,0.0,0.0,0,0,0,carga4
2026-09-07 05:10:32,17.0,30.0,5006.0,0.0,0.0,0.0,0.0,26.0,0.0,16.5,52.7,0.0,0.0,0.0,0.0,5272598.0,29.0,0.0,0.0,9.6,4.19,5.45,0.0,16.0,8.0,1667.0,57.4,2250.0,0.0,57178.0,17364.0,3035.0,0.0,0.0,0.0,0.0,0.0,0.0,13.0,0.0,1.0,522.44,0.0,0,0,1,0,1,0,0.0,0.0,0,0,0,carga4
2026-09-07 05:10:33,17.0,30.0,5006.0,0.0,0.0,0.0,0.0,28.7,0.0,15.8,49.4,0.1,0.0,0.0,0.0,3884621.0,29.0,0.0,0.0,9.6,4.19,5.45,0.0,16.0,16.0,1666.0,57.5,2250.0,0.0,60391.0,16671.0,3036.0,0.0,0.0,0.0,0.0,0.0,0.0,13.0,0.0,1.0,481.77,0.0,0,0,0,0,0,0,0.0,0.0,0,0,0,carga4
2026-09-07 05:10:34,18.0,30.0,5008.0,0.0,0.0,0.0,0.0,29.6,0.0,16.5,46.7,0.0,0.0,0.0,0.0,5111129.0,28.0,0.0,0.0,9.71,4.23,5.55,0.0,16.0,16.0,1665.0,57.5,2251.0,0.0,42157.0,19233.0,3039.0,0.0,0.0,0.0,0.0,0.0,0.0,13.0,0.0,0.0,349.87,0.0,0,0,0,1,0,1,-0.014,-0.014,0,0,0,carga4
2026-09-07 05:10:39,19.0,30.0,5008.0,0.0,0.0,0.0,0.0,13.6,0.0,33.0,46.9,0.0,0.0,0.0,292365.0,303672.0,28.0,0.0,0.0,9.57,4.25,5.59,0.0,16.0,16.0,1651.0,57.8,2265.0,0.0,11609.0,7033.0,3043.0,0.0,0.0,0.0,0.0,0.0,0.0,13.0,0.0,0.0,13.01,0.0,0,0,2,0,0,4,1.4412500000000001,3.6630000000000003,0,0,0,carga4
2026-09-07 05:10:41,19.0,30.0,5008.0,0.0,0.0,0.0,0.0,24.2,0.0,20.8,47.6,0.0,0.0,0.0,0.0,2995805.0,26.0,0.0,0.0,9.57,4.25,5.59,0.0,16.0,16.0,1661.0,57.6,2255.0,0.0,21705.0,7267.0,3044.0,0.0,0.0,0.0,0.0,0.0,0.0,13.0,0.0,0.0,179.23,0.0,1,0,0,2,0,2,1.887,2.056,0,0,0,carga4
2026-09-07 05:10:42,17.0,30.0,5008.0,0.0,0.0,0.0,0.0,27.3,0.0,15.0,51.7,0.0,0.0,0.0,0.0,3955863.0,29.0,0.0,0.0,9.57,4.25,5.59,0.0,16.0,16.0,1660.0,57.6,2256.0,0.0,40413.0,14183.0,3045.0,0.0,0.0,0.0,0.0,0.0,0.0,13.0,0.0,0.0,241.45,0.0,0,0,0,0,0,0,0.0,0.0,0,0,0,carga4
2026-09-07 05:10:43,18.0,30.0,5008.0,0.0,0.0,0.0,0.0,30.9,0.0,15.4,45.8,0.3,0.0,0.0,0.0,5453807.0,29.0,0.0,0.0,9.69,4.29,5.68,0.0,16.0,16.0,1660.0,57.6,2257.0,0.0,35345.0,11531.0,3046.0,0.0,0.0,0.0,0.0,0.0,0.0,13.0,0.0,0.0,259.45,0.0,0,1,0,0,0,2,1.8575,3.739,0,0,0,carga4
2026-09-07 05:10:44,17.0,30.0,5008.0,0.0,0.0,0.0,0.0,30.1,0.0,14.9,47.6,0.0,0.0,0.0,0.0,5188818.0,28.0,0.0,0.0,9.69,4.29,5.68,0.0,16.0,16.0,1661.0,57.6,2256.0,0.0,54262.0,13524.0,3047.0,0.0,0.0,0.0,0.0,0.0,0.0,13.0,0.0,0.0,457.07,0.0,0,0,0,0,0,0,0.0,0.0,0,0,0,carga4
2026-09-07 05:10:45,17.0,30.0,5008.0,0.0,0.0,0.0,0.0,30.8,0.0,18.2,44.1,0.3,0.0,0.0,0.0,5160375.0,27.0,0.0,0.0,9.69,4.29,5.68,0.0,16.0,16.0,1660.0,57.6,2256.0,0.0,36116.0,12489.0,3048.0,0.0,0.0,0.0,0.0,0.0,0.0,13.0,0.0,0.0,323.9,0.0,0,0,0,0,0,1,1.989,1.989,0,0,0,carga4
2026-09-07 05:10:47,17.0,30.0,5051.0,0.0,0.0,0.0,0.0,24.3,0.0,18.3,51.0,0.3,0.0,0.0,0.0,2195149.0,28.0,0.0,0.0,9.69,4.29,5.68,0.0,16.0,16.0,1654.0,57.8,2262.0,0.0,44498.0,15234.0,3052.0,0.0,0.0,0.0,0.0,0.0,0.0,13.0,0.0,0.0,101.78,0.0,1,0,0,0,1,1,0.126,0.126,0,0,0,carga4
2026-09-07 05:10:55,18.0,31.0,5051.0,0.0,0.0,0.0,0.0,13.8,0.0,32.2,46.2,0.1,0.0,0.0,1053.0,332678.0,29.0,0.0,0.0,9.24,4.32,5.72,0.0,16.0,16.0,1658.0,57.7,2258.0,0.0,13114.0,7150.0,3060.0,0.0,0.0,0.0,0.0,0.0,0.0,13.0,0.0,0.0,7.45,0.0,1,2,1,1,2,3,0.8913333333333334,2.632,0,0,0,carga4
2026-09-07 05:10:58,18.0,30.0,5051.0,0.0,0.0,0.0,0.0,24.2,0.0,25.1,42.4,0.0,0.0,0.0,0.0,969921.0,29.0,0.0,0.0,9.24,4.32,5.72,0.0,16.0,16.0,1657.0,57.7,2260.0,0.0,30188.0,5528.0,3061.0,0.0,0.0,0.0,0.0,0.0,0.0,13.0,0.0,0.0,56.61,0.0,0,0,0,0,0,4,1.30875,3.123,0,0,0,carga4
2026-09-07 05:10:59,17.0,30.0,5134.0,0.0,0.0,0.0,0.0,25.9,0.0,16.0,50.6,0.0,0.0,0.0,0.0,2564175.0,29.0,0.0,0.0,9.78,4.38,5.89,0.0,16.0,16.0,1657.0,57.7,2259.0,0.0,37247.0,12732.0,3062.0,0.0,0.0,0.0,0.0,0.0,0.0,13.0,0.0,0.0,205.55,0.0,0,0,0,0,0,0,0.0,0.0,0,0,0,carga4
2026-09-07 05:11:00,18.0,30.0,5134.0,0.0,0.0,0.0,0.0,29.6,0.0,16.7,45.6,0.0,0.0,0.0,0.0,3710954.0,28.0,0.0,0.0,9.78,4.38,5.89,0.0,16.0,16.0,1656.0,57.7,2260.0,0.0,41024.0,11621.0,3063.0,0.0,0.0,0.0,0.0,0.0,0.0,13.0,0.0,1.0,96.95,0.0,0,0,0,0,0,2,2.017,2.021,0,0,0,carga4
2026-09-07 05:11:01,18.0,30.0,5134.0,0.0,0.0,0.0,0.0,27.9,0.0,17.9,46.5,0.1,0.0,0.0,0.0,19053099.0,28.0,0.0,0.0,9.78,4.38,5.89,0.0,16.0,16.0,1656.0,57.7,2260.0,0.0,46892.0,16521.0,3065.0,0.0,0.0,0.0,0.0,0.0,0.0,13.0,0.0,1.0,277.54,0.0,0,0,0,0,0,0,0.0,0.0,0,0,0,carga4
2026-09-07 05:11:02,18.0,31.0,5134.0,0.0,0.0,0.0,0.0,27.9,0.0,19.8,44.6,0.0,0.0,0.0,0.0,2396387.0,29.0,0.0,0.0,9.78,4.38,5.89,0.0,16.0,16.0,1647.0,57.9,2269.0,0.0,30349.0,13416.0,3066.0,0.0,0.0,0.0,0.0,0.0,0.0,13.0,0.0,0.0,266.76,0.0,0,0,0,0,0,0,0.0,0.0,0,0,0,carga4
2026-09-07 05:11:03,19.0,31.0,5134.0,0.0,0.0,0.0,0.0,26.9,0.0,19.9,46.0,0.1,0.0,0.0,0.0,4410030.0,29.0,0.0,0.0,9.48,4.39,5.89,0.0,16.0,16.0,1651.0,57.8,2265.0,0.0,24214.0,16196.0,3067.0,0.0,0.0,0.0,0.0,0.0,0.0,13.0,0.0,0.0,195.76,0.0,0,0,0,0,0,0,0.0,0.0,0,0,0,carga4
2026-09-07 05:11:05,19.0,30.0,5134.0,0.0,0.0,0.0,0.0,27.6,0.0,18.1,46.4,0.0,0.0,0.0,3107572.0,2445132.0,28.0,0.0,0.0,9.48,4.39,5.89,0.0,16.0,16.0,1653.0,57.8,2263.0,0.0,28995.0,15689.0,3068.0,0.0,0.0,0.0,0.0,0.0,0.0,14.0,0.0,0.0,127.02,0.0,0,0,0,0,0,1,-0.001,-0.001,0,0,0,carga4
2026-09-07 05:11:06,18.0,30.0,5134.0,0.0,0.0,0.0,0.0,31.0,0.0,18.2,41.6,0.1,0.0,0.0,0.0,3594318.0,28.0,0.0,0.0,9.48,4.39,5.89,0.0,16.0,16.0,1653.0,57.8,2263.0,0.0,41523.0,22405.0,3070.0,0.0,0.0,0.0,0.0,0.0,0.0,13.0,0.0,0.0,111.1,0.0,0,0,0,0,0,2,1.018,2.024,0,0,0,carga4
2026-09-07 05:11:07,17.0,30.0,5134.0,0.0,0.0,0.0,0.0,27.4,0.0,15.9,48.3,0.0,0.0,0.0,0.0,3722192.0,28.0,0.0,0.0,9.48,4.39,5.89,0.0,16.0,16.0,1653.0,57.8,2263.0,0.0,55016.0,19513.0,3071.0,0.0,0.0,0.0,0.0,0.0,0.0,13.0,0.0,1.0,177.48,0.0,0,0,0,0,0,0,0.0,0.0,0,0,0,carga4
2026-09-07 05:11:08,17.0,30.0,5134.0,0.0,0.0,0.0,0.0,25.8,0.0,15.9,50.4,0.0,0.0,0.0,0.0,2521928.0,29.0,0.0,0.0,9.48,4.39,5.89,0.0,16.0,16.0,1653.0,57.8,2263.0,0.0,41536.0,11242.0,3072.0,0.0,0.0,0.0,0.0,0.0,0.0,13.0,0.0,0.0,139.93,0.0,0,0,0,0,0,2,1.0195,2.0460000000000003,0,0,0,carga4
2026-09-07 05:11:09,17.0,30.0,5008.0,0.0,0.0,0.0,0.0,26.4,0.0,21.2,45.6,0.0,0.0,0.0,0.0,3083867.0,29.0,0.0,0.0,9.52,4.42,5.96,0.0,16.0,16.0,1650.0,57.9,2266.0,0.0,45851.0,13125.0,3074.0,0.0,0.0,0.0,0.0,0.0,0.0,14.0,0.0,1.0,220.82,0.0,0,0,0,0,0,0,0.0,0.0,0,0,0,carga4
2026-09-07 05:11:11,17.0,30.0,5008.0,0.0,0.0,0.0,0.0,26.2,0.0,18.6,47.7,0.0,0.0,0.0,0.0,2529067.0,28.0,0.0,0.0,9.52,4.42,5.96,0.0,16.0,16.0,1648.0,57.9,2268.0,0.0,41728.0,11702.0,3075.0,0.0,0.0,0.0,0.0,0.0,0.0,13.0,0.0,0.5,226.62,0.0,1,0,0,0,0,2,1.098,2.024,0,0,0,carga4
2026-09-07 05:11:12,18.0,30.0,5008.0,0.0,0.0,0.0,0.0,30.1,0.0,16.5,45.5,0.0,0.0,0.0,0.0,3731313.0,29.0,0.0,0.0,9.52,4.42,5.96,0.0,16.0,16.0,1651.0,57.8,2265.0,0.0,37725.0,12837.0,3076.0,0.0,0.0,0.0,0.0,0.0,0.0,13.0,0.0,0.0,201.27,0.0,0,1,0,0,0,2,1.092,2.202,0,0,0,carga4
2026-09-07 05:11:13,17.0,30.0,5008.0,0.0,0.0,0.0,0.0,29.2,0.0,17.8,46.5,0.1,0.0,0.0,0.0,2485489.0,29.0,0.0,0.0,9.52,4.42,5.96,0.0,16.0,16.0,1651.0,57.8,2265.0,0.0,45281.0,13782.0,3077.0,0.0,0.0,0.0,0.0,0.0,0.0,13.0,0.0,0.0,209.43,0.0,0,0,0,0,0,0,0.0,0.0,0,0,0,carga4
2026-09-07 05:11:14,18.0,30.0,5008.0,0.0,0.0,0.0,0.0,29.5,0.0,16.0,47.2,0.0,0.0,0.0,0.0,2520937.0,29.0,0.0,0.0,9.56,4.45,6.03,0.0,16.0,16.0,1651.0,57.8,2265.0,0.0,41519.0,11237.0,3078.0,0.0,0.0,0.0,0.0,0.0,0.0,13.0,0.0,0.0,215.09,0.0,0,0,0,0,0,2,0.9930000000000001,2.003,0,0,0,carga4
2026-09-07 05:11:15,17.0,30.0,5008.0,0.0,0.0,0.0,0.0,29.6,0.0,17.4,45.2,0.0,0.0,0.0,549939.0,3702458.0,28.0,0.0,0.0,9.56,4.45,6.03,0.0,16.0,16.0,1649.0,57.9,2267.0,0.0,37850.0,13407.0,3080.0,0.0,0.0,0.0,0.0,0.0,0.0,13.0,0.0,0.0,179.6,0.0,0,0,0,0,0,0,0.0,0.0,0,0,0,carga4
2026-09-07 05:11:16,17.0,30.0,5008.0,0.0,0.0,0.0,0.0,27.3,0.0,20.0,46.9,0.0,0.0,0.0,0.0,2528512.0,29.0,0.0,0.0,9.56,4.45,6.03,0.0,16.0,16.0,1646.0,58.0,2270.0,0.0,34513.0,14708.0,3081.0,0.0,0.0,0.0,0.0,0.0,0.0,13.0,0.0,0.0,112.77,0.0,0,0,0,0,0,2,0.9910000000000001,2.0100000000000002,0,0,0,carga4
2026-09-07 05:11:18,20.0,31.0,5008.0,0.0,0.0,0.0,0.0,25.1,0.0,16.3,52.0,0.1,0.0,0.0,0.0,2354237.0,29.0,0.0,0.0,9.56,4.45,6.03,0.0,16.0,16.0,1643.0,58.0,2273.0,0.0,28975.0,14440.0,3082.0,0.0,0.0,0.0,0.0,0.0,0.0,13.0,0.0,0.0,114.15,0.0,0,0,0,0,0,1,1.999,1.999,0,0,0,carga4
2026-09-07 05:11:19,18.0,31.0,5008.0,0.0,0.0,0.0,0.0,29.8,0.0,17.8,45.8,0.0,0.0,0.0,0.0,3641444.0,28.0,0.0,0.0,9.68,4.49,6.11,0.0,16.0,16.0,1648.0,57.9,2269.0,0.0,21655.0,16700.0,3083.0,0.0,0.0,0.0,0.0,0.0,0.0,13.0,0.0,0.0,159.12,0.0,0,0,0,0,0,0,0.0,0.0,0,0,0,carga4
2026-09-07 05:11:20,18.0,31.0,5008.0,0.0,0.0,0.0,0.0,29.5,0.0,15.7,46.3,0.0,0.0,0.0,0.0,2472144.0,29.0,0.0,0.0,9.68,4.49,6.11,0.0,16.0,16.0,1648.0,57.9,2268.0,0.0,31365.0,14153.0,3084.0,0.0,0.0,0.0,0.0,0.0,0.0,13.0,0.0,0.0,149.17,0.0,1,0,0,0,1,3,0.04833333333333334,0.132,0,0,0,carga4
2026-09-07 05:11:21,19.0,30.0,5008.0,0.0,0.0,0.0,0.0,30.2,0.0,16.7,44.3,0.1,0.0,0.0,0.0,3727853.0,27.0,0.0,0.0,9.68,4.49,6.11,0.0,16.0,16.0,1648.0,57.9,2268.0,0.0,50173.0,25903.0,3086.0,0.0,0.0,0.0,0.0,0.0,0.0,13.0,0.0,0.0,126.8,0.0,0,0,0,0,0,0,0.0,0.0,0,0,0,carga4
2026-09-07 05:11:22,17.0,30.0,5008.0,0.0,0.0,0.0,0.0,28.5,0.0,18.5,46.2,0.0,0.0,0.0,0.0,2428679.0,29.0,0.0,0.0,9.68,4.49,6.11,0.0,16.0,16.0,1648.0,57.9,2268.0,0.0,35969.0,15787.0,3087.0,0.0,0.0,0.0,0.0,0.0,0.0,13.0,0.0,0.0,139.81,0.0,0,1,0,0,0,3,2.074,2.158,0,0,0,carga4
2026-09-07 05:11:24,17.0,30.0,5008.0,0.0,0.0,0.0,0.0,27.5,0.0,17.2,48.1,0.0,0.0,0.0,0.0,2427480.0,29.0,0.0,0.0,9.86,4.53,6.21,0.0,16.0,16.0,1643.0,58.0,2273.0,0.0,43819.0,12608.0,3088.0,0.0,0.0,0.0,0.0,0.0,0.0,13.0,0.0,0.0,121.23,0.0,0,0,0,0,0,0,0.0,0.0,0,0,0,carga4
2026-09-07 05:11:25,18.0,30.0,5008.0,0.0,0.0,0.0,0.0,27.9,0.0,19.6,44.3,0.0,0.0,0.0,0.0,3521081.0,29.0,0.0,0.0,9.86,4.53,6.21,0.0,16.0,16.0,1643.0,58.0,2273.0,0.0,38661.0,10464.0,3089.0,0.0,0.0,0.0,0.0,0.0,0.0,13.0,0.0,0.0,122.92,0.0,0,0,0,0,0,0,0.0,0.0,0,0,0,carga4
2026-09-07 05:11:26,17.0,30.0,5008.0,0.0,0.0,0.0,0.0,26.8,0.0,16.8,49.5,0.0,0.0,0.0,0.0,2610500.0,29.0,0.0,0.0,9.86,4.53,6.21,0.0,16.0,16.0,1645.0,58.0,2271.0,0.0,38712.0,13191.0,3090.0,0.0,0.0,0.0,0.0,0.0,0.0,13.0,0.0,0.0,193.58,0.0,0,0,0,0,0,0,0.0,0.0,0,0,0,carga4
2026-09-07 05:11:27,17.0,30.0,5008.0,0.0,0.0,0.0,0.0,28.7,0.0,17.5,46.2,0.0,0.0,0.0,0.0,2431556.0,29.0,0.0,0.0,9.86,4.53,6.21,0.0,16.0,16.0,1650.0,57.9,2266.0,0.0,37205.0,13201.0,3092.0,0.0,0.0,0.0,0.0,0.0,0.0,13.0,0.0,0.0,106.1,0.0,0,0,0,0,0,0,0.0,0.0,0,0,0,carga4
2026-09-07 05:11:28,17.0,30.0,5008.0,0.0,0.0,0.0,0.0,28.6,0.0,19.0,45.5,0.0,0.0,0.0,0.0,2424886.0,27.0,0.0,0.0,9.79,4.55,6.26,0.0,16.0,16.0,1650.0,57.9,2266.0,0.0,32993.0,10764.0,3095.0,0.0,0.0,0.0,0.0,0.0,0.0,13.0,0.0,0.0,59.68,0.0,0,0,0,0,0,0,0.0,0.0,0,0,0,carga4
2026-09-07 05:11:31,18.0,30.0,5008.0,0.0,0.0,0.0,0.0,21.5,0.0,24.0,46.5,0.1,0.0,0.0,0.0,1684972.0,27.0,0.0,0.0,9.79,4.55,6.26,0.0,16.0,16.0,1644.0,58.0,2272.0,0.0,21577.0,6519.0,3098.0,0.0,0.0,0.0,0.0,0.0,0.0,13.0,0.0,0.0,32.51,0.0,0,0,0,0,0,2,0.23900000000000002,0.47900000000000004,0,0,0,carga4
2026-09-07 05:11:34,17.0,30.0,5008.0,0.0,0.0,0.0,0.0,19.5,0.0,26.7,45.4,0.2,0.0,0.0,0.0,2430852.0,29.0,0.0,0.0,9.17,4.54,6.18,0.0,16.0,16.0,1646.0,58.0,2271.0,0.0,20232.0,10327.0,3098.0,0.0,0.0,0.0,0.0,0.0,0.0,13.0,0.0,0.0,54.42,0.0,0,0,0,0,1,2,1.821,3.294,0,0,0,carga4
2026-09-07 05:11:35,17.0,30.0,5008.0,0.0,0.0,0.0,0.0,29.4,0.0,17.0,45.8,0.2,0.0,9.0,0.0,3869839.0,26.0,4.0,0.0,9.17,4.54,6.18,0.0,16.0,16.0,1645.0,58.0,2271.0,0.0,41367.0,15214.0,3102.0,0.0,0.0,0.0,0.0,0.0,0.0,13.0,0.0,0.0,124.32,13.0,0,0,0,0,0,0,0.0,0.0,0,0,0,carga4
2026-09-07 05:11:40,18.0,30.0,5008.0,0.0,0.0,0.0,0.0,16.4,0.0,26.4,50.6,0.0,0.0,0.0,0.0,1133354.0,28.0,0.0,0.0,10.12,4.62,6.43,0.0,16.0,16.0,1642.0,58.1,2274.0,0.0,27072.0,8800.0,3105.0,0.0,0.0,0.0,0.0,0.0,0.0,13.0,0.0,1.0,71.25,0.0,1,1,5,1,1,11,1.5903636363636364,3.598,0,0,0,carga4
2026-09-07 05:11:41,17.0,30.0,5253.0,0.0,0.0,0.0,0.0,13.8,0.0,21.1,59.4,0.0,0.0,0.0,0.0,0.0,25.0,0.0,0.0,10.12,4.62,6.43,0.0,16.0,16.0,1641.0,58.1,2275.0,0.0,35046.0,12177.0,3107.0,0.0,0.0,0.0,0.0,0.0,0.0,13.0,0.0,0.0,48.65,0.0,0,0,0,0,0,0,0.0,0.0,0,0,0,carga4
2026-09-07 05:11:45,18.0,30.0,5253.0,0.0,0.0,0.0,0.0,21.3,0.0,25.4,44.5,0.0,0.0,0.0,0.0,354827.0,27.0,0.0,0.0,10.35,4.67,6.54,0.0,16.0,16.0,1642.0,58.1,2274.0,0.0,12277.0,4126.0,3111.0,0.0,0.0,0.0,0.0,0.0,0.0,13.0,0.0,0.0,13.18,0.0,1,0,1,4,1,4,1.96475,2.922,0,0,0,carga4
2026-09-07 05:11:49,19.0,30.0,5253.0,0.0,0.0,0.0,0.0,18.9,0.0,27.0,46.3,0.0,0.0,0.0,0.0,13752.0,27.0,0.0,0.0,10.32,4.7,6.6,0.0,16.0,16.0,1646.0,58.0,2270.0,0.0,14111.0,7958.0,3116.0,0.0,0.0,0.0,0.0,0.0,0.0,13.0,0.0,0.0,13.91,0.0,0,1,0,1,1,1,4.1850000000000005,4.1850000000000005,0,0,0,carga4
2026-09-07 05:11:51,18.0,30.0,5074.0,0.0,0.0,0.0,0.0,17.2,0.0,30.4,45.2,0.0,0.0,0.0,0.0,703277.0,27.0,0.0,0.0,10.32,4.7,6.6,0.0,16.0,16.0,1648.0,57.9,2268.0,0.0,26398.0,11021.0,3119.0,0.0,0.0,0.0,0.0,0.0,0.0,13.0,0.0,0.0,40.85,0.0,0,0,0,0,0,0,0.0,0.0,0,0,0,carga4
2026-09-07 05:11:55,17.0,30.0,5074.0,0.0,0.0,0.0,0.0,20.5,0.0,27.2,43.6,0.1,0.0,0.0,0.0,715914.0,29.0,0.0,0.0,10.45,4.74,6.69,0.0,16.0,16.0,1647.0,57.9,2269.0,0.0,14713.0,7122.0,3122.0,0.0,0.0,0.0,0.0,0.0,0.0,13.0,0.0,0.0,43.82,0.0,0,0,0,0,1,1,2.373,2.373,0,0,0,carga4
2026-09-07 05:11:57,17.0,30.0,5074.0,0.0,0.0,0.0,0.0,28.1,0.0,16.7,46.9,0.0,0.0,0.0,0.0,3542455.0,27.0,0.0,0.0,10.45,4.74,6.69,0.0,16.0,16.0,1646.0,58.0,2270.0,0.0,42735.0,12266.0,3123.0,0.0,0.0,0.0,0.0,0.0,0.0,13.0,0.0,0.0,140.05,0.0,0,0,0,0,0,2,2.5604999999999998,5.146,0,0,0,carga4
2026-09-07 05:11:58,19.0,30.0,5074.0,0.0,0.0,0.0,0.0,28.8,0.0,16.4,46.5,0.0,0.0,0.0,0.0,3588673.0,28.0,0.0,0.0,10.45,4.74,6.69,0.0,16.0,16.0,1646.0,58.0,2270.0,0.0,38851.0,10515.0,3124.0,0.0,0.0,0.0,0.0,0.0,0.0,13.0,0.0,0.0,147.25,0.0,0,0,0,0,0,0,0.0,0.0,0,0,0,carga4
2026-09-07 05:11:59,17.0,30.0,5074.0,0.0,0.0,0.0,0.0,29.9,0.0,16.4,45.3,0.1,0.0,0.0,0.0,2441144.0,29.0,0.0,0.0,10.34,4.76,6.73,0.0,16.0,16.0,1647.0,57.9,2269.0,0.0,44082.0,12679.0,3125.0,0.0,0.0,0.0,0.0,0.0,0.0,13.0,0.0,1.0,168.46,1.0,0,0,0,0,1,1,2.005,2.005,0,0,0,carga4
2026-09-07 05:12:00,18.0,30.0,5074.0,0.0,0.0,0.0,0.0,26.3,0.0,17.9,48.0,0.0,0.0,0.0,0.0,3904187.0,27.0,0.0,0.0,10.34,4.76,6.73,0.0,16.0,16.0,1648.0,57.9,2268.0,0.0,42650.0,12083.0,3126.0,0.0,0.0,0.0,0.0,0.0,0.0,13.0,0.0,0.0,198.39,0.0,0,0,0,0,0,0,0.0,0.0,0,0,0,carga4
2026-09-07 05:12:01,17.0,30.0,5074.0,0.0,0.0,0.0,0.0,29.0,0.0,19.2,44.8,0.0,0.0,0.0,0.0,2491007.0,28.0,0.0,0.0,10.34,4.76,6.73,0.0,16.0,16.0,1646.0,58.0,2270.0,0.0,38938.0,14692.0,3127.0,0.0,0.0,0.0,0.0,0.0,0.0,13.0,0.0,0.0,69.87,0.0,0,0,0,0,0,0,0.0,0.0,0,0,0,carga4
2026-09-07 05:12:03,18.0,30.0,5074.0,0.0,0.0,0.0,0.0,22.7,0.0,18.4,51.0,0.0,0.0,0.0,0.0,23209336.0,28.0,0.0,0.0,10.34,4.76,6.73,0.0,16.0,16.0,1641.0,58.1,2275.0,0.0,39766.0,16416.0,3129.0,0.0,0.0,0.0,0.0,0.0,0.0,13.0,0.0,0.0,141.65,0.0,0,0,0,0,0,0,0.0,0.0,0,0,0,carga4
2026-09-07 05:12:04,19.0,30.0,5074.0,0.0,0.0,0.0,0.0,28.2,0.0,17.9,46.0,0.0,0.0,0.0,0.0,3754295.0,28.0,0.0,0.0,9.75,4.75,6.66,0.0,16.0,16.0,1643.0,58.0,2273.0,0.0,37472.0,16861.0,3130.0,0.0,0.0,0.0,0.0,0.0,0.0,13.0,0.0,0.0,279.49,0.0,0,0,0,0,0,0,0.0,0.0,0,0,0,carga4
2026-09-07 05:12:05,17.0,30.0,5007.0,0.0,0.0,0.0,0.0,29.1,0.0,17.2,46.5,0.1,0.0,0.0,0.0,2708854.0,28.0,0.0,0.0,9.75,4.75,6.66,0.0,16.0,16.0,1645.0,58.0,2271.0,0.0,55900.0,16413.0,3131.0,0.0,0.0,0.0,0.0,0.0,0.0,13.0,0.0,2.0,234.5,0.0,1,0,0,0,0,2,0.051,0.105,0,0,0,carga4
2026-09-07 05:12:06,17.0,30.0,5007.0,0.0,0.0,0.0,0.0,29.3,0.0,18.6,45.1,0.0,0.0,0.0,0.0,3804710.0,28.0,0.0,0.0,9.75,4.75,6.66,0.0,16.0,16.0,1645.0,58.0,2271.0,0.0,43845.0,14556.0,3132.0,0.0,0.0,0.0,0.0,0.0,0.0,13.0,0.0,1.0,252.07,0.0,0,0,0,0,0,0,0.0,0.0,0,0,0,carga4
2026-09-07 05:12:07,18.0,31.0,5007.0,0.0,0.0,0.0,0.0,28.9,0.0,17.7,47.0,0.0,0.0,0.0,0.0,2446164.0,28.0,0.0,0.0,9.75,4.75,6.66,0.0,16.0,16.0,1645.0,58.0,2271.0,0.0,42014.0,21574.0,3133.0,0.0,0.0,0.0,0.0,0.0,0.0,13.0,0.0,0.0,169.38,0.0,0,1,0,0,0,2,2.0985,2.149,0,0,0,carga4
2026-09-07 05:12:08,18.0,31.0,5007.0,0.0,0.0,0.0,0.0,27.6,0.0,17.8,47.1,0.1,0.0,0.0,0.0,3729449.0,28.0,0.0,0.0,9.75,4.75,6.66,0.0,16.0,16.0,1642.0,58.1,2274.0,0.0,47996.0,17565.0,3134.0,0.0,0.0,0.0,0.0,0.0,0.0,13.0,0.0,0.0,157.33,0.0,0,0,0,0,0,0,0.0,0.0,0,0,0,carga4
2026-09-07 05:12:09,18.0,30.0,5007.0,0.0,0.0,0.0,0.0,28.5,0.0,17.9,45.6,0.0,0.0,0.0,0.0,2522761.0,27.0,0.0,0.0,10.01,4.8,6.77,0.0,16.0,16.0,1639.0,58.2,2277.0,0.0,18572.0,12898.0,3135.0,0.0,0.0,0.0,0.0,0.0,0.0,13.0,0.0,0.0,180.22,0.0,0,0,0,0,0,0,0.0,0.0,0,0,0,carga4
2026-09-07 05:12:11,17.0,30.0,5007.0,0.0,0.0,0.0,0.0,26.7,0.0,16.1,50.3,0.0,0.0,0.0,0.0,2521870.0,28.0,0.0,0.0,10.01,4.8,6.77,0.0,16.0,16.0,1642.0,58.1,2274.0,0.0,46756.0,12805.0,3137.0,0.0,0.0,0.0,0.0,0.0,0.0,13.0,0.0,0.5,159.66,0.0,0,0,0,0,1,0,0.0,0.0,0,0,0,carga4
2026-09-07 05:12:12,17.0,30.0,5007.0,0.0,0.0,0.0,0.0,28.9,0.0,16.1,45.9,0.0,0.0,0.0,0.0,3687265.0,28.0,0.0,0.0,10.01,4.8,6.77,0.0,16.0,16.0,1643.0,58.0,2273.0,0.0,33778.0,11554.0,3138.0,0.0,0.0,0.0,0.0,0.0,0.0,13.0,0.0,0.0,113.38,0.0,0,0,0,0,0,0,0.0,0.0,0,0,0,carga4
2026-09-07 05:12:13,17.0,30.0,5007.0,0.0,0.0,0.0,0.0,29.7,0.0,19.0,43.3,0.0,0.0,0.0,0.0,4464063.0,29.0,0.0,0.0,10.01,4.8,6.77,0.0,16.0,16.0,1650.0,57.9,2266.0,0.0,37572.0,13488.0,3139.0,0.0,0.0,0.0,0.0,0.0,0.0,13.0,0.0,0.0,123.27,0.0,0,0,0,0,0,0,0.0,0.0,0,0,0,carga4
2026-09-07 05:12:14,18.0,30.0,5007.0,0.0,0.0,0.0,0.0,30.8,0.0,17.6,44.5,0.1,0.0,0.0,0.0,2461400.0,28.0,0.0,0.0,9.77,4.81,6.77,0.0,16.0,16.0,1651.0,57.8,2265.0,0.0,33490.0,10926.0,3140.0,0.0,0.0,0.0,0.0,0.0,0.0,13.0,0.0,0.0,100.72,0.0,0,0,0,0,0,0,0.0,0.0,0,0,0,carga4
2026-09-07 05:12:15,17.0,30.0,5007.0,0.0,0.0,0.0,0.0,28.7,0.0,18.4,44.3,0.0,0.0,0.0,0.0,2433956.0,28.0,0.0,0.0,9.77,4.81,6.77,0.0,16.0,16.0,1647.0,58.0,2269.0,0.0,37038.0,12596.0,3142.0,0.0,0.0,0.0,0.0,0.0,0.0,13.0,0.0,0.0,133.37,0.0,0,0,0,0,0,0,0.0,0.0,0,0,0,carga4
2026-09-07 05:12:16,17.0,30.0,5008.0,0.0,1.0,0.0,0.0,29.4,0.0,19.1,44.5,0.0,0.0,0.0,0.0,3891769.0,28.0,0.0,0.0,9.77,4.81,6.77,0.0,16.0,16.0,1645.0,58.0,2271.0,0.0,42154.0,12871.0,3143.0,0.0,0.0,0.0,0.0,0.0,0.0,13.0,0.0,1.0,102.77,0.0,0,0,0,0,0,1,0.019,0.019,0,0,0,carga4
2026-09-07 05:12:18,17.0,30.0,5008.0,0.0,2.0,0.0,0.0,29.3,0.0,16.1,46.2,0.1,0.0,0.0,0.0,2569020.0,29.0,2.0,2.0,9.77,4.81,6.77,0.0,16.0,16.0,1647.0,58.0,2269.0,0.0,49096.0,16585.0,3145.0,0.0,0.0,0.0,0.0,0.0,0.0,56.0,0.0,1.5,139.09,0.0,0,0,4,0,0,3,0.669,2.051,0,0,0,carga4
2026-09-07 05:12:19,18.0,30.0,5008.0,0.0,0.0,0.0,0.0,28.3,0.0,15.9,47.5,0.3,0.0,0.0,0.0,3788073.0,28.0,0.0,0.0,9.87,4.84,6.84,0.0,16.0,16.0,1647.0,58.0,2270.0,0.0,50664.0,18837.0,3146.0,0.0,0.0,0.0,0.0,0.0,0.0,13.0,0.0,5.0,205.7,0.0,0,0,0,0,0,0,0.0,0.0,0,0,0,carga4
2026-09-07 05:12:20,19.0,30.0,5008.0,0.0,0.0,0.0,0.0,26.7,0.0,15.6,50.3,0.0,0.0,0.0,0.0,2481921.0,28.0,0.0,0.0,9.87,4.84,6.84,0.0,16.0,16.0,1650.0,57.9,2266.0,0.0,42762.0,14491.0,3147.0,0.0,0.0,0.0,0.0,0.0,0.0,13.0,0.0,0.0,193.66,0.0,0,0,0,4,0,3,1.3463333333333332,2.023,0,0,0,carga4
2026-09-07 05:12:21,19.0,30.0,5008.0,0.0,0.0,0.0,0.0,28.7,0.0,16.1,48.3,0.0,0.0,0.0,0.0,3816013.0,29.0,0.0,0.0,9.87,4.84,6.84,0.0,16.0,16.0,1650.0,57.9,2266.0,0.0,40832.0,17604.0,3148.0,0.0,0.0,0.0,0.0,0.0,0.0,13.0,0.0,0.0,195.85,0.0,0,0,0,0,0,0,0.0,0.0,0,0,0,carga4
2026-09-07 05:12:22,17.0,30.0,5008.0,0.0,0.0,0.0,0.0,27.8,0.0,15.7,47.1,0.1,0.0,0.0,0.0,2457033.0,29.0,0.0,0.0,9.87,4.84,6.84,0.0,16.0,16.0,1649.0,57.9,2267.0,0.0,38083.0,20296.0,3149.0,0.0,0.0,0.0,0.0,0.0,0.0,13.0,0.0,0.0,167.01,0.0,0,0,0,0,0,2,1.021,2.04,0,0,0,carga4
2026-09-07 05:12:23,18.0,31.0,5008.0,0.0,0.0,0.0,0.0,26.4,0.0,17.9,49.7,0.0,0.0,0.0,0.0,2784638.0,28.0,0.0,0.0,9.88,4.87,6.9,0.0,16.0,16.0,1658.0,57.7,2258.0,0.0,44355.0,17436.0,3151.0,0.0,0.0,0.0,0.0,0.0,0.0,13.0,0.0,5.0,253.57,0.0,0,0,0,0,0,0,0.0,0.0,0,0,0,carga4
2026-09-07 05:12:25,18.0,31.0,5008.0,0.0,0.0,0.0,0.0,30.4,0.0,16.0,46.3,0.1,0.0,0.0,0.0,3609103.0,28.0,0.0,0.0,9.88,4.87,6.9,0.0,16.0,16.0,1660.0,57.6,2256.0,0.0,19267.0,10465.0,3152.0,0.0,0.0,0.0,0.0,0.0,0.0,13.0,0.0,0.0,231.91,0.0,0,0,0,0,0,3,0.6743333333333333,2.035,0,0,0,carga4
2026-09-07 05:12:26,18.0,30.0,5008.0,0.0,0.0,0.0,0.0,30.2,0.0,17.5,43.3,0.0,0.0,0.0,0.0,3621776.0,28.0,0.0,0.0,9.88,4.87,6.9,0.0,16.0,16.0,1660.0,57.6,2256.0,0.0,33316.0,12440.0,3153.0,0.0,0.0,0.0,0.0,0.0,0.0,13.0,0.0,0.0,186.74,0.0,1,0,0,0,0,3,1.415,2.0300000000000002,0,0,0,carga4
2026-09-07 05:12:27,17.0,30.0,5004.0,0.0,0.0,0.0,0.0,30.6,0.0,18.3,43.1,0.0,0.0,0.0,0.0,2461431.0,29.0,0.0,0.0,9.88,4.87,6.9,0.0,16.0,16.0,1659.0,57.6,2257.0,0.0,37957.0,12696.0,3154.0,0.0,0.0,0.0,0.0,0.0,0.0,13.0,0.0,0.0,125.48,0.0,0,0,0,0,0,0,0.0,0.0,0,0,0,carga4
2026-09-07 05:12:28,18.0,30.0,5004.0,0.0,0.0,0.0,0.0,23.5,0.0,15.7,53.3,0.1,0.0,0.0,0.0,3695589.0,28.0,0.0,0.0,9.88,4.87,6.9,0.0,16.0,16.0,1657.0,57.7,2259.0,0.0,40854.0,11573.0,3155.0,0.0,0.0,0.0,0.0,0.0,0.0,13.0,0.0,0.0,164.05,0.0,0,1,0,0,0,1,2.214,2.214,0,0,0,carga4
2026-09-07 05:12:29,17.0,30.0,5004.0,0.0,0.0,0.0,0.0,25.5,0.0,16.4,51.5,0.0,0.0,0.0,0.0,2454901.0,29.0,0.0,0.0,9.97,4.9,6.96,0.0,16.0,16.0,1651.0,57.8,2265.0,0.0,50413.0,12564.0,3156.0,0.0,0.0,0.0,0.0,0.0,0.0,13.0,0.0,0.0,240.73,0.0,0,0,0,0,0,0,0.0,0.0,0,0,0,carga4
2026-09-07 05:12:31,17.0,30.0,5004.0,0.0,0.0,0.0,0.0,28.0,0.0,15.4,50.0,0.0,0.0,0.0,0.0,2524377.0,27.0,0.0,0.0,9.97,4.9,6.96,0.0,16.0,16.0,1650.0,57.9,2266.0,0.0,34347.0,11206.0,3157.0,0.0,0.0,0.0,0.0,0.0,0.0,13.0,0.0,0.0,156.7,0.0,0,0,0,0,0,0,0.0,0.0,0,0,0,carga4
2026-09-07 05:12:32,17.0,30.0,5004.0,0.0,0.0,0.0,0.0,29.0,0.0,17.4,45.6,0.0,0.0,0.0,0.0,3796020.0,29.0,0.0,0.0,9.97,4.9,6.96,0.0,16.0,16.0,1652.0,57.8,2264.0,0.0,39914.0,15282.0,3159.0,0.0,0.0,0.0,0.0,0.0,0.0,13.0,0.0,0.0,178.16,0.0,0,0,0,0,0,0,0.0,0.0,0,0,0,carga4
2026-09-07 05:12:33,20.0,30.0,5004.0,0.0,0.0,0.0,0.0,21.5,0.0,26.6,43.3,0.0,0.0,0.0,0.0,0.0,26.0,0.0,0.0,9.97,4.9,6.96,0.0,16.0,16.0,1652.0,57.8,2264.0,0.0,5938.0,13602.0,3161.0,0.0,0.0,0.0,0.0,0.0,0.0,13.0,0.0,0.0,7.54,0.0,0,0,0,0,0,0,0.0,0.0,0,0,0,carga4
2026-09-07 05:12:35,17.0,30.0,5004.0,0.0,0.0,0.0,0.0,23.8,0.0,23.6,44.6,0.2,0.0,0.0,427945.0,2954468.0,29.0,0.0,0.0,10.21,4.95,7.07,0.0,16.0,16.0,1655.0,57.7,2261.0,0.0,24350.0,10836.0,3163.0,0.0,0.0,0.0,0.0,0.0,0.0,13.0,0.0,0.0,114.05,0.0,0,0,0,0,1,3,0.685,1.742,0,0,0,carga4
2026-09-07 05:12:36,17.0,30.0,5004.0,0.0,0.0,0.0,0.0,20.9,0.0,27.6,43.9,0.2,0.0,0.0,0.0,1822752.0,27.0,0.0,0.0,10.21,4.95,7.07,0.0,16.0,16.0,1652.0,57.8,2265.0,0.0,54178.0,15872.0,3165.0,0.0,0.0,0.0,0.0,0.0,0.0,13.0,0.0,0.0,77.63,0.0,0,0,0,0,0,0,0.0,0.0,0,0,0,carga4
2026-09-07 05:12:39,18.0,31.0,5027.0,0.0,0.0,0.0,0.0,15.2,0.0,31.7,45.0,0.0,0.0,0.0,0.0,0.0,28.0,0.0,0.0,10.44,4.99,7.16,0.0,16.0,16.0,1655.0,57.7,2261.0,0.0,17520.0,12321.0,3167.0,0.0,0.0,0.0,0.0,0.0,0.0,13.0,0.0,0.0,6.03,0.0,0,0,0,0,1,3,3.497,4.511,0,0,0,carga4
2026-09-07 05:12:41,17.0,30.0,5027.0,0.0,0.0,0.0,0.0,21.7,0.0,23.4,46.1,0.3,0.0,0.0,0.0,1367809.0,28.0,0.0,0.0,10.44,4.99,7.16,0.0,16.0,16.0,1653.0,57.8,2263.0,0.0,30368.0,7543.0,3169.0,0.0,0.0,0.0,0.0,0.0,0.0,13.0,0.0,0.0,29.59,0.0,1,0,0,0,1,1,0.001,0.001,0,0,0,carga4
2026-09-07 05:12:42,20.0,30.0,5027.0,0.0,0.0,0.0,0.0,24.8,0.0,18.1,49.7,0.0,0.0,0.0,0.0,3563728.0,28.0,0.0,0.0,10.44,4.99,7.16,0.0,16.0,16.0,1652.0,57.8,2264.0,0.0,6873.0,11501.0,3171.0,0.0,0.0,0.0,0.0,0.0,0.0,13.0,0.0,0.0,53.19,0.0,0,0,0,0,0,0,0.0,0.0,0,0,0,carga4
2026-09-07 05:12:47,17.0,30.0,5027.0,0.0,0.0,0.0,0.0,20.2,0.0,27.2,43.0,0.6,0.0,0.0,18622923.0,1819365.0,29.0,0.0,0.0,10.48,5.02,7.23,0.0,16.0,16.0,1584.0,59.6,2332.0,0.0,13849.0,4337.0,3175.0,0.0,0.0,0.0,0.0,0.0,0.0,13.0,0.0,0.0,26.9,0.0,1,1,1,0,1,4,0.6030000000000001,2.229,0,0,0,carga4
2026-09-07 05:12:48,17.0,30.0,5027.0,0.0,0.0,0.0,0.0,28.8,0.0,18.7,45.3,0.1,0.0,0.0,495193.0,6765210.0,28.0,0.0,0.0,10.48,5.02,7.23,0.0,16.0,16.0,1595.0,59.3,2321.0,0.0,41868.0,15729.0,3176.0,0.0,0.0,0.0,0.0,0.0,0.0,13.0,0.0,0.0,147.57,0.0,0,1,0,1,1,3,3.5370000000000004,5.3420000000000005,0,0,0,carga4
2026-09-07 05:12:49,17.0,30.0,5061.0,0.0,0.0,0.0,0.0,26.2,0.0,16.6,44.3,0.3,0.0,0.0,3642582.0,6618970.0,28.0,0.0,0.0,10.84,5.08,7.36,0.0,16.0,16.0,1585.0,59.5,2331.0,0.0,57814.0,19264.0,3177.0,0.0,0.0,0.0,0.0,0.0,0.0,13.0,1.0,6.0,196.75,0.0,0,0,0,0,0,0,0.0,0.0,0,0,0,carga4
2026-09-07 05:12:50,17.0,30.0,5061.0,0.0,0.0,0.0,0.0,23.9,0.0,14.0,40.5,0.0,0.0,0.0,0.0,4269931.0,29.0,0.0,0.0,10.84,5.08,7.36,0.0,16.0,16.0,1552.0,60.4,2364.0,0.0,55988.0,16055.0,3178.0,0.0,0.0,0.0,0.0,0.0,0.0,13.0,0.0,1.0,283.01,0.0,0,0,0,0,0,1,0.035,0.035,0,0,0,carga4
2026-09-07 05:12:51,17.0,30.0,5061.0,0.0,0.0,0.0,0.0,21.1,0.0,16.0,44.7,0.0,0.0,0.0,0.0,5316265.0,27.0,0.0,0.0,10.84,5.08,7.36,0.0,16.0,16.0,1551.0,60.4,2365.0,0.0,40601.0,16646.0,3179.0,0.0,0.0,0.0,0.0,0.0,0.0,13.0,0.0,0.0,177.56,0.0,0,0,0,0,0,0,0.0,0.0,0,0,0,carga4
2026-09-07 05:12:52,18.0,30.0,5061.0,0.0,0.0,0.0,0.0,22.4,0.0,14.9,41.9,0.1,0.0,0.0,14625.0,15462260.0,29.0,0.0,0.0,10.84,5.08,7.36,0.0,16.0,16.0,1516.0,61.3,2400.0,0.0,38227.0,17041.0,3180.0,0.0,0.0,0.0,0.0,0.0,0.0,13.0,0.0,0.0,153.53,0.0,0,0,0,0,0,1,2.054,2.054,0,0,0,carga4
2026-09-07 05:12:54,18.0,30.0,5061.0,0.0,0.0,0.0,0.0,21.4,0.0,23.9,44.7,1.9,0.0,0.0,725196.0,36038488.0,28.0,0.0,0.0,10.29,5.07,7.3,0.0,16.0,16.0,1658.0,57.7,2258.0,0.0,40976.0,21673.0,3181.0,0.0,0.0,0.0,0.0,0.0,0.0,13.0,0.0,0.0,132.17,0.0,0,0,0,0,0,0,0.0,0.0,0,0,0,carga4
2026-09-07 05:12:55,18.0,30.0,5061.0,0.0,0.0,0.0,0.0,29.2,0.0,14.8,48.6,0.2,0.0,0.0,0.0,5348333.0,29.0,0.0,0.0,10.29,5.07,7.3,0.0,16.0,16.0,1653.0,57.8,2264.0,0.0,43939.0,11600.0,3182.0,0.0,0.0,0.0,0.0,0.0,0.0,13.0,0.0,2.0,304.29,0.0,0,0,0,0,0,0,0.0,0.0,0,0,0,carga4
2026-09-07 05:12:56,18.0,30.0,5061.0,0.0,0.0,0.0,0.0,28.1,0.0,15.1,49.9,0.1,0.0,0.0,0.0,5194549.0,28.0,0.0,0.0,10.29,5.07,7.3,0.0,16.0,16.0,1656.0,57.7,2260.0,0.0,62543.0,14194.0,3184.0,0.0,0.0,0.0,0.0,0.0,0.0,13.0,0.0,1.0,390.27,0.0,1,0,0,0,0,1,0.149,0.149,0,0,0,carga4
2026-09-07 05:12:57,18.0,30.0,5061.0,0.0,0.0,0.0,0.0,18.8,0.0,26.6,46.8,0.0,0.0,0.0,4183764.0,1226635.0,28.0,0.0,0.0,10.29,5.07,7.3,0.0,16.0,16.0,1652.0,57.8,2264.0,0.0,3894.0,10391.0,3187.0,0.0,0.0,0.0,0.0,0.0,0.0,13.0,0.0,0.0,81.27,0.0,0,0,0,0,0,0,0.0,0.0,0,0,0,carga4
2026-09-07 05:12:59,18.0,30.0,5004.0,0.0,0.0,0.0,0.0,17.0,0.0,36.9,37.3,0.0,0.0,0.0,10755.0,3583047.0,27.0,0.0,0.0,10.43,5.11,7.38,0.0,16.0,16.0,1661.0,57.6,2255.0,0.0,19641.0,6588.0,3189.0,0.0,0.0,0.0,0.0,0.0,0.0,13.0,0.0,0.0,13.21,0.0,0,1,0,0,0,3,0.27266666666666667,0.462,0,0,0,carga4
2026-09-07 05:13:01,18.0,30.0,5004.0,0.0,0.0,0.0,0.0,21.0,0.0,26.2,45.4,0.1,0.0,0.0,0.0,1380666.0,28.0,0.0,0.0,10.43,5.11,7.38,0.0,16.0,16.0,1658.0,57.7,2258.0,0.0,24802.0,7735.0,3192.0,0.0,0.0,0.0,0.0,0.0,0.0,13.0,0.0,0.0,116.33,0.0,0,0,0,0,1,3,2.5216666666666665,2.678,0,0,0,carga4
2026-09-07 05:13:08,17.0,29.0,5004.0,0.0,0.0,0.0,0.0,14.0,0.0,25.2,54.1,0.2,0.0,0.0,0.0,179565.0,28.0,0.0,0.0,10.56,5.15,7.46,0.0,15.0,15.0,1660.0,57.6,2256.0,0.0,16890.0,7767.0,3197.0,0.0,0.0,0.0,0.0,0.0,0.0,13.0,0.0,0.0,15.3,0.0,0,0,0,0,1,4,1.87775,4.083,0,0,0,carga4
2026-09-07 05:13:10,16.0,29.0,5004.0,0.0,0.0,0.0,0.0,27.8,0.0,18.0,47.4,0.0,0.0,0.0,0.0,3539937.0,28.0,0.0,0.0,10.03,5.14,7.4,0.0,15.0,15.0,1659.0,57.6,2257.0,0.0,51492.0,14360.0,3198.0,0.0,0.0,0.0,0.0,0.0,0.0,13.0,0.0,0.0,245.29,0.0,0,1,0,0,1,1,3.189,3.189,0,0,0,carga4
2026-09-07 05:13:11,15.0,27.0,5004.0,0.0,0.0,0.0,0.0,30.5,0.0,17.5,43.3,0.0,0.0,0.0,0.0,3739536.0,26.0,0.0,0.0,10.03,5.14,7.4,0.0,13.0,13.0,1659.0,57.6,2257.0,0.0,37788.0,12902.0,3199.0,0.0,0.0,0.0,0.0,0.0,0.0,13.0,0.0,0.0,218.74,0.0,0,0,0,0,0,0,0.0,0.0,0,0,0,carga4
2026-09-07 05:13:12,14.0,27.0,5033.0,0.0,0.0,0.0,0.0,29.7,0.0,17.5,44.4,0.0,0.0,0.0,0.0,2444413.0,26.0,0.0,0.0,10.03,5.14,7.4,0.0,13.0,13.0,1660.0,57.6,2256.0,0.0,33315.0,10907.0,3200.0,0.0,0.0,0.0,0.0,0.0,0.0,13.0,0.0,0.0,97.48,0.0,0,0,0,0,0,0,0.0,0.0,0,0,0,carga4
2026-09-07 05:13:13,14.0,27.0,5033.0,0.0,0.0,0.0,0.0,30.3,0.0,18.4,42.6,0.1,0.0,0.0,0.0,3711368.0,26.0,0.0,0.0,10.03,5.14,7.4,0.0,13.0,13.0,1659.0,57.6,2257.0,0.0,36862.0,13789.0,3202.0,0.0,0.0,0.0,0.0,0.0,0.0,13.0,0.0,0.0,95.78,0.0,0,2,0,0,0,0,0.0,0.0,0,0,0,carga4
2026-09-07 05:13:14,14.0,27.0,5033.0,0.0,0.0,0.0,0.0,28.4,0.0,20.3,43.3,0.0,0.0,0.0,0.0,2482295.0,26.0,0.0,0.0,9.95,5.16,7.43,0.0,13.0,13.0,1658.0,57.7,2258.0,0.0,33774.0,11019.0,3203.0,0.0,0.0,0.0,0.0,0.0,0.0,13.0,0.0,0.0,166.99,0.0,0,0,0,0,0,0,0.0,0.0,0,0,0,carga4
2026-09-07 05:13:15,11.0,23.0,5033.0,0.0,0.0,0.0,0.0,24.2,0.0,19.0,49.4,0.0,0.0,0.0,0.0,3641479.0,22.0,0.0,0.0,9.95,5.16,7.43,0.0,9.0,9.0,1655.0,57.7,2261.0,0.0,36652.0,12563.0,3205.0,0.0,0.0,0.0,0.0,0.0,0.0,13.0,0.0,0.0,156.61,0.0,0,0,0,0,0,0,0.0,0.0,0,0,0,carga4
2026-09-07 05:13:17,11.0,24.0,5033.0,0.0,0.0,0.0,0.0,29.5,0.0,18.5,43.8,0.0,0.0,0.0,0.0,3655738.0,22.0,0.0,0.0,9.95,5.16,7.43,0.0,9.0,9.0,1655.0,57.7,2261.0,0.0,42992.0,13252.0,3206.0,0.0,0.0,0.0,0.0,0.0,0.0,13.0,0.0,0.0,176.64,0.0,0,0,0,0,0,0,0.0,0.0,0,0,0,carga4
2026-09-07 05:13:18,12.0,24.0,5033.0,0.0,0.0,0.0,0.0,30.1,0.0,16.9,44.4,0.0,0.0,0.0,0.0,2482905.0,21.0,0.0,0.0,9.95,5.16,7.43,0.0,9.0,9.0,1656.0,57.7,2260.0,0.0,17547.0,14672.0,3207.0,0.0,0.0,0.0,0.0,0.0,0.0,13.0,0.0,0.0,155.95,0.0,1,4,0,0,0,1,0.18,0.18,0,0,0,carga4
2026-09-07 05:13:19,11.0,23.0,5033.0,0.0,0.0,0.0,0.0,30.0,0.0,16.7,44.4,0.0,0.0,0.0,0.0,2456681.0,20.0,0.0,0.0,9.95,5.19,7.47,0.0,9.0,9.0,1656.0,57.7,2260.0,0.0,40498.0,16930.0,3209.0,0.0,0.0,0.0,0.0,0.0,0.0,13.0,0.0,0.0,139.72,0.0,0,0,0,0,0,0,0.0,0.0,0,0,0,carga4
2026-09-07 05:13:20,9.0,22.0,5033.0,0.0,0.0,0.0,0.0,29.9,0.0,17.8,44.3,0.1,0.0,0.0,0.0,3585524.0,21.0,0.0,0.0,9.95,5.19,7.47,0.0,8.0,8.0,1656.0,57.7,2260.0,0.0,37268.0,16900.0,3210.0,0.0,0.0,0.0,0.0,0.0,0.0,13.0,0.0,0.0,132.48,0.0,0,1,0,0,0,1,2.21,2.21,0,0,0,carga4
2026-09-07 05:13:21,10.0,22.0,5033.0,0.0,0.0,0.0,0.0,24.8,0.0,16.5,51.9,0.0,0.0,0.0,417419.0,2469439.0,20.0,0.0,0.0,9.95,5.19,7.47,0.0,8.0,8.0,1666.0,57.4,2250.0,0.0,52929.0,15560.0,3211.0,0.0,0.0,0.0,0.0,0.0,0.0,13.0,0.0,0.0,77.09,0.0,0,0,0,0,0,0,0.0,0.0,0,0,0,carga4
2026-09-07 05:13:23,10.0,22.0,5008.0,0.0,0.0,0.0,0.0,28.2,0.0,18.5,45.3,0.0,0.0,0.0,0.0,3492941.0,21.0,0.0,0.0,9.95,5.19,7.47,0.0,8.0,8.0,1664.0,57.5,2252.0,0.0,39206.0,17365.0,3212.0,0.0,0.0,0.0,0.0,0.0,0.0,13.0,0.0,0.0,92.87,0.0,0,1,0,0,0,1,-0.018000000000000002,-0.018000000000000002,0,0,0,carga4
2026-09-07 05:13:24,9.0,22.0,5008.0,0.0,0.0,0.0,0.0,29.9,0.0,17.0,45.3,0.1,0.0,0.0,0.0,3543841.0,20.0,0.0,0.0,9.72,5.2,7.46,0.0,8.0,8.0,1666.0,57.4,2250.0,0.0,43167.0,22859.0,3213.0,0.0,0.0,0.0,0.0,0.0,0.0,13.0,0.0,0.0,76.14,0.0,0,0,0,0,0,1,2.0020000000000002,2.0020000000000002,0,0,0,carga4
2026-09-07 05:13:25,10.0,22.0,5008.0,0.0,0.0,0.0,0.0,31.5,0.0,16.7,44.5,0.0,0.0,0.0,0.0,3809382.0,21.0,0.0,0.0,9.72,5.2,7.46,0.0,8.0,8.0,1666.0,57.5,2250.0,0.0,36612.0,12675.0,3214.0,0.0,0.0,0.0,0.0,0.0,0.0,13.0,0.0,0.0,74.74,0.0,0,0,0,0,0,0,0.0,0.0,0,0,0,carga4
2026-09-07 05:13:26,9.0,22.0,5008.0,0.0,0.0,0.0,0.0,30.4,0.0,16.6,44.8,0.0,0.0,0.0,0.0,2534098.0,20.0,0.0,0.0,9.72,5.2,7.46,0.0,8.0,8.0,1666.0,57.5,2250.0,0.0,34917.0,11296.0,3215.0,0.0,0.0,0.0,0.0,0.0,0.0,13.0,0.0,0.0,99.3,0.0,0,0,0,0,0,0,0.0,0.0,0,0,0,carga4
2026-09-07 05:13:27,9.0,22.0,5008.0,0.0,0.0,0.0,0.0,30.9,0.0,15.8,44.5,0.0,0.0,0.0,0.0,2478663.0,21.0,0.0,0.0,9.72,5.2,7.46,0.0,8.0,8.0,1666.0,57.5,2250.0,0.0,44151.0,12874.0,3217.0,0.0,0.0,0.0,0.0,0.0,0.0,13.0,0.0,0.0,165.03,0.0,0,0,0,0,0,0,0.0,0.0,0,0,0,carga4
2026-09-07 05:13:28,11.0,22.0,5008.0,0.0,0.0,0.0,0.0,21.8,0.0,28.2,42.0,0.3,0.0,0.0,0.0,1246652.0,18.0,0.0,0.0,10.94,5.3,7.75,0.0,8.0,8.0,1665.0,57.5,2251.0,0.0,4062.0,10661.0,3219.0,0.0,0.0,0.0,0.0,0.0,0.0,13.0,0.0,0.0,43.55,0.0,0,0,0,0,0,0,0.0,0.0,0,0,0,carga4
2026-09-07 05:13:31,10.0,22.0,5008.0,0.0,0.0,0.0,0.0,17.0,0.0,32.6,44.5,0.2,0.0,0.0,0.0,11919519.0,21.0,0.0,0.0,10.94,5.3,7.75,0.0,8.0,8.0,1661.0,57.6,2256.0,0.0,31715.0,6740.0,3220.0,0.0,0.0,0.0,0.0,0.0,0.0,13.0,0.0,0.6666666666666666,156.42,0.0,0,0,0,0,1,2,0.8555,1.6420000000000001,0,0,0,carga4
2026-09-07 05:13:32,9.0,22.0,5008.0,0.0,0.0,0.0,0.0,30.4,0.0,15.3,47.2,0.0,0.0,0.0,0.0,3836569.0,20.0,0.0,0.0,10.94,5.3,7.75,0.0,8.0,8.0,1662.0,57.6,2254.0,0.0,40395.0,15113.0,3221.0,0.0,0.0,0.0,0.0,0.0,0.0,13.0,0.0,0.0,206.47,0.0,0,0,0,0,0,0,0.0,0.0,0,0,0,carga4
2026-09-07 05:13:33,10.0,22.0,5008.0,0.0,0.0,0.0,0.0,27.3,0.0,15.4,50.4,0.0,0.0,0.0,0.0,3980241.0,21.0,0.0,0.0,10.94,5.3,7.75,0.0,8.0,8.0,1662.0,57.6,2254.0,0.0,53443.0,14244.0,3222.0,0.0,0.0,0.0,0.0,0.0,0.0,13.0,0.0,1.0,245.16,0.0,0,0,0,0,0,3,1.9480000000000002,3.701,0,0,0,carga4
2026-09-07 05:13:34,9.0,22.0,5010.0,0.0,0.0,0.0,0.0,28.8,0.0,17.7,46.9,0.1,0.0,0.0,3669.0,4200601.0,20.0,0.0,0.0,10.78,5.32,7.77,0.0,8.0,8.0,1662.0,57.6,2254.0,0.0,40180.0,16532.0,3223.0,0.0,0.0,0.0,0.0,0.0,0.0,13.0,0.0,0.0,154.05,0.0,0,0,0,0,0,0,0.0,0.0,0,0,0,carga4
2026-09-07 05:13:35,10.0,22.0,5010.0,0.0,0.0,0.0,0.0,31.2,0.0,14.5,45.1,0.0,0.0,0.0,0.0,2530416.0,21.0,0.0,0.0,10.78,5.32,7.77,0.0,8.0,8.0,1662.0,57.6,2254.0,0.0,38004.0,18138.0,3224.0,0.0,0.0,0.0,0.0,0.0,0.0,13.0,0.0,0.0,132.51,0.0,0,0,0,0,0,2,1.0115,2.025,0,0,0,carga4
2026-09-07 05:13:36,9.0,22.0,5010.0,0.0,0.0,0.0,0.0,28.5,0.0,17.8,47.6,0.0,0.0,0.0,14438.0,3883788.0,19.0,0.0,0.0,10.78,5.32,7.77,0.0,8.0,8.0,1660.0,57.6,2256.0,0.0,48084.0,15645.0,3226.0,0.0,0.0,0.0,0.0,0.0,0.0,13.0,0.0,2.0,220.31,0.0,0,0,0,0,0,0,0.0,0.0,0,0,0,carga4
2026-09-07 05:13:38,9.0,22.0,5010.0,0.0,0.0,0.0,0.0,30.4,0.0,16.9,46.1,0.2,0.0,0.0,0.0,3785289.0,21.0,0.0,0.0,10.78,5.32,7.77,0.0,8.0,8.0,1656.0,57.7,2260.0,0.0,36782.0,16408.0,3227.0,0.0,0.0,0.0,0.0,0.0,0.0,13.0,0.0,0.0,195.15,0.0,1,0,0,0,0,2,1.0545,2.02,0,0,0,carga4
2026-09-07 05:13:39,10.0,22.0,5010.0,0.0,0.0,0.0,0.0,28.7,0.0,19.6,43.5,0.0,0.0,0.0,0.0,3407116.0,21.0,0.0,0.0,10.48,5.33,7.76,0.0,8.0,8.0,1659.0,57.6,2257.0,0.0,44955.0,21334.0,3228.0,0.0,0.0,0.0,0.0,0.0,0.0,13.0,0.0,1.0,152.91,0.0,0,1,1,0,1,2,1.0835,2.161,0,0,0,carga4
2026-09-07 05:13:40,10.0,22.0,5010.0,0.0,0.0,0.0,0.0,24.4,0.0,16.7,52.8,0.0,0.0,0.0,0.0,3920173.0,21.0,0.0,0.0,10.48,5.33,7.76,0.0,8.0,8.0,1659.0,57.6,2257.0,0.0,47568.0,15111.0,3229.0,0.0,0.0,0.0,0.0,0.0,0.0,13.0,0.0,1.0,170.44,0.0,0,0,0,0,0,0,0.0,0.0,0,0,0,carga4
2026-09-07 05:13:41,9.0,22.0,5010.0,0.0,0.0,0.0,0.0,32.4,0.0,15.1,44.9,0.1,0.0,0.0,0.0,3860545.0,21.0,0.0,0.0,10.48,5.33,7.76,0.0,8.0,8.0,1659.0,57.6,2258.0,0.0,35018.0,11424.0,3231.0,0.0,0.0,0.0,0.0,0.0,0.0,13.0,0.0,0.0,171.37,0.0,0,0,0,1,0,1,2.055,2.055,0,0,0,carga4
2026-09-07 05:13:42,12.0,22.0,5008.0,0.0,0.0,0.0,0.0,26.5,0.0,23.2,41.8,0.0,0.0,0.0,1337028.0,2523505.0,17.0,0.0,0.0,10.48,5.33,7.76,0.0,8.0,8.0,1660.0,57.6,2256.0,0.0,6935.0,12164.0,3234.0,0.0,0.0,0.0,0.0,0.0,0.0,13.0,0.0,0.0,83.96,0.0,0,0,0,0,0,0,0.0,0.0,0,0,0,carga4
2026-09-07 06:57:32,11.0,22.0,5008.0,0.0,0.0,0.0,0.0,18.7,0.0,32.7,40.2,0.9,0.0,0.0,3518.0,270.0,19.0,0.0,0.0,10.52,5.36,7.81,0.0,8.0,8.0,1675.0,57.2,2242.0,0.0,8.0,4.0,3237.0,0.0,0.0,0.0,0.0,0.0,0.0,15.0,0.0,0.00032102728731942215,0.01,0.0,1,0,1,0,1,5,0.757,3.253,0,0,0,carga4
2026-09-07 06:57:33,14.0,23.0,489.0,403.0,0.0,0.0,0.0,20.5,0.0,29.6,41.5,0.7,0.0,0.0,1735.0,6940.0,25.0,0.0,0.0,11.36,5.45,8.03,0.0,8.0,8.0,1670.0,57.3,2246.0,0.0,15188.0,9076.0,3262.0,0.0,0.0,0.0,0.0,0.0,0.0,23.0,0.0,24.0,18.64,0.0,0,0,0,0,0,0,0.0,0.0,0,0,0,carga4
2026-09-07 06:58:05,15.0,26.0,2421.0,403.0,0.0,0.0,0.0,10.5,0.0,37.4,41.3,2.3,0.0,0.0,269662.0,1068522.0,23.0,0.0,0.0,28.37,7.01,12.49,0.0,12.0,8.0,1675.0,57.2,2241.0,0.0,18078.0,15457.0,3274.0,0.0,0.0,0.0,0.0,0.0,0.0,19.0,0.0,3.9375,6.62,0.0,3,0,0,1,1,5,3752.5629999999996,6248.96,0,0,0,carga4
2026-09-07 06:58:18,13.0,26.0,118.0,403.0,0.0,0.0,0.0,22.8,0.0,31.2,37.1,1.5,0.0,0.0,2476.0,442647.0,25.0,0.0,0.0,26.14,7.2,12.79,0.0,12.0,12.0,1644.0,58.0,2272.0,0.0,57341.0,56896.0,3286.0,0.0,0.0,0.0,0.0,0.0,0.0,13.0,0.0,0.0,9.67,0.0,0,0,0,0,1,1,0.453,0.453,0,0,0,carga4
2026-09-07 06:58:23,14.0,26.0,73.0,403.0,0.0,0.0,0.0,18.1,0.0,21.5,55.1,0.0,0.0,0.0,6846.0,5447809.0,25.0,0.0,0.0,26.14,7.2,12.79,0.0,12.0,12.0,1645.0,58.0,2271.0,0.0,152620.0,158932.0,3291.0,0.0,0.0,0.0,0.0,0.0,0.0,13.0,0.0,0.0,26.95,0.0,0,0,0,0,1,3,2.2289999999999996,4.662,0,0,0,carga4
2026-09-07 06:58:28,14.0,26.0,77.0,403.0,0.0,0.0,0.0,18.8,0.0,23.3,52.9,0.0,0.0,0.0,3016.0,810628.0,25.0,0.0,0.0,25.5,7.36,13.09,0.0,12.0,12.0,1647.0,58.0,2269.0,0.0,147694.0,151576.0,3297.0,0.0,0.0,0.0,0.0,0.0,0.0,13.0,0.0,0.0,13.26,0.0,0,0,0,0,0,2,6.5275,6.54,0,0,0,carga4
2026-09-07 06:58:31,14.0,26.0,182.0,403.0,0.0,0.0,0.0,15.8,0.0,17.3,62.0,0.1,0.0,0.0,0.0,1812356.0,25.0,0.0,0.0,25.5,7.36,13.09,0.0,12.0,12.0,1629.0,58.4,2287.0,0.0,228065.0,240844.0,3299.0,0.0,0.0,0.0,0.0,0.0,0.0,13.0,0.0,0.0,98.85,0.0,0,0,0,0,0,2,0.6890000000000001,0.708,0,0,0,carga4
2026-09-07 06:58:35,15.0,26.0,100.0,403.0,0.0,0.0,0.0,17.2,0.0,19.2,58.5,0.1,0.0,0.0,0.0,8187103.0,25.0,0.0,0.0,25.78,7.48,13.36,0.0,12.0,12.0,1635.0,58.2,2281.0,0.0,226524.0,230093.0,3303.0,0.0,0.0,0.0,0.0,0.0,0.0,13.0,0.0,0.0,45.15,0.0,0,0,0,0,0,2,4.681000000000001,4.6850000000000005,0,0,0,carga4
2026-09-07 06:58:38,15.0,26.0,118.0,403.0,0.0,0.0,0.0,23.6,0.0,18.4,52.9,0.1,0.0,0.0,15010.0,1674218.0,24.0,0.0,0.0,25.78,7.48,13.36,0.0,12.0,12.0,1638.0,58.2,2279.0,0.0,236215.0,249430.0,3306.0,0.0,0.0,0.0,0.0,0.0,0.0,13.0,0.0,0.0,36.08,0.0,0,0,0,0,0,1,1.004,1.004,0,0,0,carga4
2026-09-07 06:58:42,14.0,26.0,77.0,403.0,0.0,0.0,0.0,21.9,0.0,19.3,54.1,0.0,0.0,0.0,0.0,1102701.0,25.0,0.0,0.0,24.6,7.5,13.32,0.0,12.0,12.0,1638.0,58.2,2278.0,0.0,194940.0,212195.0,3310.0,0.0,0.0,0.0,0.0,0.0,0.0,13.0,0.0,0.0,24.11,0.0,0,0,0,0,1,2,2.4034999999999997,4.313,0,0,0,carga4
2026-09-07 06:58:45,13.0,26.0,101.0,403.0,0.0,0.0,0.0,22.6,0.0,15.5,56.8,0.0,0.0,0.0,0.0,1459231.0,24.0,0.0,0.0,23.75,7.53,13.33,0.0,12.0,12.0,1638.0,58.2,2278.0,0.0,252878.0,277170.0,3313.0,0.0,0.0,0.0,0.0,0.0,0.0,13.0,0.0,0.0,25.92,0.0,0,0,0,0,1,1,2.894,2.894,0,0,0,carga4
2026-09-07 06:58:48,13.0,26.0,111.0,403.0,0.0,0.0,0.0,26.9,0.0,17.7,50.2,0.1,0.0,0.0,0.0,1346433.0,25.0,0.0,0.0,23.75,7.53,13.33,0.0,12.0,12.0,1637.0,58.2,2279.0,0.0,256418.0,275945.0,3317.0,0.0,0.0,0.0,0.0,0.0,0.0,13.0,0.0,0.0,9.15,0.0,0,0,0,0,1,1,0.111,0.111,0,0,0,carga4
2026-09-07 06:58:50,13.0,26.0,69.0,403.0,0.0,0.0,0.0,26.7,0.0,16.3,51.3,0.0,0.0,0.0,0.0,1026839.0,25.0,0.0,0.0,23.13,7.58,13.38,0.0,12.0,12.0,1638.0,58.2,2278.0,0.0,234352.0,271651.0,3319.0,0.0,0.0,0.0,0.0,0.0,0.0,13.0,0.0,0.0,77.27,0.0,0,0,0,0,0,0,0.0,0.0,0,0,0,carga4
2026-09-07 06:58:54,13.0,26.0,82.0,403.0,0.0,0.0,0.0,29.2,0.0,18.6,46.8,0.0,0.0,0.0,0.0,8664404.0,25.0,0.0,0.0,22.32,7.61,13.37,0.0,12.0,12.0,1626.0,58.5,2290.0,0.0,238177.0,264371.0,3323.0,0.0,0.0,0.0,0.0,0.0,0.0,13.0,0.0,0.0,18.08,0.0,0,0,0,0,0,1,4.4350000000000005,4.4350000000000005,0,0,0,carga4
2026-09-07 06:58:57,13.0,26.0,109.0,403.0,0.0,0.0,0.0,29.9,0.0,15.7,49.3,0.0,0.0,0.0,1408.0,1313596.0,25.0,0.0,0.0,22.32,7.61,13.37,0.0,12.0,12.0,1652.0,57.8,2265.0,0.0,265807.0,293883.0,3326.0,0.0,0.0,0.0,0.0,0.0,0.0,13.0,0.0,0.0,20.62,0.0,0,0,0,0,0,0,0.0,0.0,0,0,0,carga4
2026-09-07 06:59:00,13.0,26.0,91.0,403.0,0.0,0.0,0.0,31.5,0.0,16.2,47.2,0.1,0.0,0.0,0.0,1368191.0,24.0,0.0,0.0,22.77,7.72,13.61,0.0,12.0,12.0,1652.0,57.8,2264.0,0.0,230309.0,253668.0,3329.0,0.0,0.0,0.0,0.0,0.0,0.0,13.0,0.0,0.0,42.84,0.0,0,0,0,0,0,1,0.043000000000000003,0.043000000000000003,0,0,0,carga4
2026-09-07 06:59:04,13.0,26.0,48.0,403.0,0.0,0.0,0.0,31.9,0.0,18.1,44.6,0.0,0.0,0.0,21495.0,757698.0,25.0,0.0,0.0,21.51,7.71,13.5,0.0,12.0,12.0,1662.0,57.6,2254.0,0.0,220633.0,253027.0,3333.0,0.0,0.0,0.0,0.0,0.0,0.0,13.0,0.0,0.0,30.44,0.0,0,0,0,0,1,1,4.5760000000000005,4.5760000000000005,0,0,0,carga4
2026-09-07 06:59:07,13.0,26.0,97.0,403.0,0.0,0.0,0.0,36.5,0.0,14.8,44.0,0.0,0.0,0.0,0.0,561593.0,25.0,0.0,0.0,21.51,7.71,13.5,0.0,12.0,12.0,1662.0,57.6,2254.0,0.0,273802.0,299686.0,3336.0,0.0,0.0,0.0,0.0,0.0,0.0,13.0,0.0,0.0,3.98,0.0,0,0,0,0,0,0,0.0,0.0,0,0,0,carga4
2026-09-07 06:59:10,13.0,26.0,62.0,403.0,0.0,0.0,0.0,33.8,0.0,16.3,45.2,0.0,0.0,0.0,0.0,762556.0,25.0,0.0,0.0,20.51,7.72,13.43,0.0,12.0,12.0,1685.0,57.0,2232.0,0.0,232054.0,257651.0,3339.0,0.0,0.0,0.0,0.0,0.0,0.0,13.0,0.0,0.0,6.61,0.0,0,0,0,0,0,0,0.0,0.0,0,0,0,carga4
2026-09-07 06:59:14,13.0,26.0,58.0,403.0,0.0,0.0,0.0,36.8,0.0,16.4,41.7,0.1,0.0,0.0,0.0,1016607.0,25.0,0.0,0.0,19.51,7.72,13.34,0.0,12.0,12.0,1694.0,56.7,2222.0,0.0,278470.0,319399.0,3343.0,0.0,0.0,0.0,0.0,0.0,0.0,13.0,0.0,0.0,3.77,0.0,0,0,0,0,0,0,0.0,0.0,0,0,0,carga4
2026-09-07 06:59:17,13.0,26.0,79.0,403.0,0.0,0.0,0.0,34.3,0.0,17.6,43.3,0.0,0.0,0.0,0.0,533722.0,25.0,0.0,0.0,19.51,7.72,13.34,0.0,12.0,12.0,1684.0,57.0,2232.0,0.0,232303.0,259245.0,3347.0,0.0,0.0,0.0,0.0,0.0,0.0,13.0,0.0,0.0,4.23,0.0,0,0,0,0,0,0,0.0,0.0,0,0,0,carga4
2026-09-07 06:59:21,13.0,26.0,101.0,403.0,0.0,0.0,0.0,35.0,0.0,15.9,44.4,0.0,0.0,0.0,0.0,766429.0,25.0,0.0,0.0,18.75,7.73,13.28,0.0,12.0,12.0,1691.0,56.8,2225.0,0.0,233265.0,258842.0,3351.0,0.0,0.0,0.0,0.0,0.0,0.0,13.0,0.0,0.0,49.83,0.0,0,0,0,0,0,0,0.0,0.0,0,0,0,carga4
2026-09-07 06:59:25,13.0,26.0,149.0,403.0,0.0,0.0,0.0,43.1,0.0,16.6,35.8,0.0,0.0,0.0,0.0,8015289.0,25.0,0.0,0.0,17.8,7.73,13.18,0.0,12.0,12.0,1671.0,57.3,2245.0,0.0,231209.0,254212.0,3354.0,0.0,0.0,0.0,0.0,0.0,0.0,13.0,0.0,0.0,1.84,0.0,0,0,0,0,0,1,0.913,0.913,0,0,0,carga4
2026-09-07 06:59:28,13.0,26.0,94.0,403.0,0.0,0.0,0.0,45.4,0.0,15.0,35.5,0.0,0.0,0.0,0.0,485540.0,25.0,0.0,0.0,17.8,7.73,13.18,0.0,12.0,12.0,1677.0,57.2,2239.0,0.0,266372.0,307199.0,3358.0,0.0,0.0,0.0,0.0,0.0,0.0,13.0,0.0,0.0,11.76,0.0,0,0,0,0,0,1,4.867,4.867,0,0,0,carga4
2026-09-07 06:59:31,13.0,26.0,76.0,403.0,0.0,0.0,0.0,45.1,0.0,18.3,32.9,0.0,0.0,0.0,0.0,416322.0,25.0,0.0,0.0,16.78,7.71,13.04,0.0,12.0,12.0,1675.0,57.2,2242.0,0.0,255126.0,282075.0,3362.0,0.0,0.0,0.0,0.0,0.0,0.0,13.0,0.0,0.0,43.31,0.0,0,0,0,0,1,0,0.0,0.0,0,0,0,carga4
2026-09-07 06:59:34,13.0,26.0,106.0,403.0,0.0,0.0,0.0,59.0,0.0,16.0,22.3,0.1,0.0,0.0,0.0,386602.0,25.0,0.0,0.0,16.08,7.72,12.96,0.0,12.0,12.0,1676.0,57.2,2240.0,0.0,275641.0,305149.0,3365.0,0.0,0.0,0.0,0.0,0.0,0.0,13.0,0.0,0.0,0.0,0.0,0,0,0,0,0,0,0.0,0.0,0,0,0,carga4
2026-09-07 06:59:38,13.0,26.0,63.0,403.0,0.0,0.0,0.0,56.9,0.0,13.6,26.1,0.0,0.0,0.0,0.0,36775.0,25.0,0.0,0.0,16.08,7.72,12.96,0.0,12.0,12.0,1688.0,56.9,2228.0,0.0,255328.0,299947.0,3368.0,0.0,0.0,0.0,0.0,0.0,0.0,13.0,0.0,0.0,1.28,0.0,0,0,0,0,0,0,0.0,0.0,0,0,0,carga4
2026-09-07 06:59:41,13.0,26.0,107.0,403.0,0.0,0.0,0.0,59.3,0.0,14.2,23.2,0.0,0.0,0.0,0.0,0.0,25.0,0.0,0.0,15.27,7.71,12.84,0.0,12.0,12.0,1689.0,56.9,2227.0,0.0,275225.0,307129.0,3371.0,0.0,0.0,0.0,0.0,0.0,0.0,13.0,0.0,0.0,0.0,0.0,0,0,0,0,0,0,0.0,0.0,0,0,0,carga4
2026-09-07 06:59:44,13.0,26.0,78.0,403.0,0.0,0.0,0.0,58.0,0.0,14.4,24.0,0.1,0.0,0.0,0.0,17367.0,25.0,0.0,0.0,14.45,7.69,12.71,0.0,12.0,12.0,1686.0,56.9,2230.0,0.0,264478.0,292114.0,3375.0,0.0,0.0,0.0,0.0,0.0,0.0,13.0,0.0,0.0,0.0,0.0,0,0,0,0,0,1,1.424,1.424,0,0,0,carga4
2026-09-07 06:59:47,13.0,26.0,138.0,403.0,0.0,0.0,0.0,57.6,0.0,13.6,25.7,0.0,0.0,0.0,0.0,159009.0,25.0,0.0,0.0,14.45,7.69,12.71,0.0,12.0,12.0,1696.0,56.7,2220.0,0.0,254388.0,293669.0,3377.0,0.0,0.0,0.0,0.0,0.0,0.0,13.0,0.0,0.0,0.32,0.0,0,0,0,0,0,0,0.0,0.0,0,0,0,carga4
2026-09-07 06:59:50,13.0,26.0,41.0,403.0,0.0,0.0,0.0,60.1,0.0,12.1,24.0,0.0,0.0,0.0,0.0,2519163.0,25.0,0.0,0.0,13.77,7.68,12.6,0.0,12.0,12.0,1695.0,56.7,2221.0,0.0,253218.0,280311.0,3381.0,0.0,0.0,0.0,0.0,0.0,0.0,13.0,0.0,0.0,0.0,0.0,0,0,0,0,1,1,5.753,5.753,0,0,0,carga4
2026-09-07 06:59:54,14.0,26.0,105.0,403.0,0.0,0.0,0.0,56.2,0.0,12.5,27.5,0.1,0.0,0.0,0.0,7066159.0,25.0,0.0,0.0,12.99,7.66,12.46,0.0,12.0,12.0,1720.0,56.1,2196.0,0.0,240375.0,279012.0,3385.0,0.0,0.0,0.0,0.0,0.0,0.0,13.0,0.0,0.0,0.0,0.0,0,0,0,0,0,0,0.0,0.0,0,0,0,carga4
2026-09-07 06:59:57,13.0,26.0,34.0,403.0,0.0,0.0,0.0,60.4,0.0,11.6,24.5,0.0,0.0,0.0,0.0,0.0,25.0,0.0,0.0,12.99,7.66,12.46,0.0,12.0,12.0,1719.0,56.1,2197.0,0.0,253893.0,282309.0,3388.0,0.0,0.0,0.0,0.0,0.0,0.0,13.0,0.0,0.0,0.61,0.0,0,0,0,0,1,0,0.0,0.0,0,0,0,carga4
2026-09-07 07:00:00,13.0,26.0,100.0,403.0,0.0,0.0,0.0,57.4,0.0,11.7,27.6,0.1,0.0,0.0,0.0,67303.0,25.0,0.0,0.0,12.11,7.63,12.28,0.0,12.0,12.0,1719.0,56.1,2197.0,0.0,274929.0,304355.0,3392.0,0.0,0.0,0.0,0.0,0.0,0.0,13.0,0.0,0.6666666666666666,0.63,0.0,0,0,0,0,0,0,0.0,0.0,0,0,0,carga4
2026-09-07 07:00:03,13.0,26.0,77.0,403.0,0.0,0.0,0.0,60.1,0.0,13.1,23.8,0.0,0.0,0.0,0.0,0.0,25.0,0.0,0.0,11.62,7.62,12.18,0.0,12.0,12.0,1719.0,56.1,2197.0,0.0,239201.0,276652.0,3395.0,0.0,0.0,0.0,0.0,0.0,0.0,13.0,0.0,0.0,0.0,0.0,0,0,0,0,0,0,0.0,0.0,0,0,0,carga4
2026-09-07 07:00:07,13.0,26.0,103.0,403.0,0.0,0.0,0.0,55.4,0.0,14.6,26.4,0.0,0.0,0.0,0.0,16704.0,25.0,0.0,0.0,11.62,7.62,12.18,0.0,12.0,12.0,1717.0,56.2,2199.0,0.0,234268.0,259972.0,3399.0,0.0,0.0,0.0,0.0,0.0,0.0,13.0,0.0,0.0,0.27,0.0,0,0,0,0,0,0,0.0,0.0,0,0,0,carga4
2026-09-07 07:00:11,13.0,26.0,105.0,403.0,0.0,0.0,0.0,57.2,0.0,11.7,28.3,0.0,0.0,0.0,0.0,33110.0,25.0,0.0,0.0,10.77,7.59,11.99,0.0,12.0,12.0,1733.0,55.7,2183.0,0.0,246987.0,272097.0,3402.0,0.0,0.0,0.0,0.0,0.0,0.0,13.0,0.0,0.0,0.0,0.0,0,0,0,0,0,0,0.0,0.0,0,0,0,carga4
2026-09-07 07:00:14,13.0,26.0,37.0,403.0,0.0,0.0,0.0,58.8,0.0,12.1,25.9,0.0,0.0,0.0,0.0,77384.0,25.0,0.0,0.0,10.14,7.56,11.84,0.0,12.0,12.0,1733.0,55.7,2183.0,0.0,253656.0,290995.0,3405.0,0.0,0.0,0.0,0.0,0.0,0.0,13.0,0.0,0.0,0.0,0.0,0,0,0,0,1,0,0.0,0.0,0,0,0,carga4
2026-09-07 07:00:17,13.0,26.0,47.0,403.0,0.0,0.0,0.0,58.7,0.0,11.5,26.4,0.0,0.0,0.0,0.0,25150.0,25.0,0.0,0.0,10.14,7.56,11.84,0.0,12.0,12.0,1734.0,55.7,2182.0,0.0,266405.0,293162.0,3409.0,0.0,0.0,0.0,0.0,0.0,0.0,13.0,0.0,0.0,0.0,0.0,0,0,0,0,0,0,0.0,0.0,0,0,0,carga4
2026-09-07 07:00:21,13.0,27.0,116.0,403.0,0.0,0.0,0.0,58.2,0.0,11.8,26.8,0.0,0.0,0.0,0.0,4006320.0,25.0,0.0,0.0,9.41,7.53,11.66,0.0,12.0,12.0,1740.0,55.6,2176.0,0.0,244802.0,279124.0,3413.0,0.0,0.0,0.0,0.0,0.0,0.0,13.0,0.0,0.0,0.29,0.0,0,0,0,0,0,0,0.0,0.0,0,0,0,carga4
2026-09-07 07:00:24,13.0,26.0,100.0,403.0,0.0,0.0,0.0,58.4,0.0,13.5,24.6,0.0,0.0,0.0,0.0,7707885.0,25.0,0.0,0.0,8.82,7.5,11.5,0.0,12.0,12.0,1742.0,55.5,2175.0,0.0,253948.0,283878.0,3416.0,0.0,0.0,0.0,0.0,0.0,0.0,13.0,0.0,0.0,0.0,0.0,0,0,0,0,1,0,0.0,0.0,0,0,0,carga4
2026-09-07 07:00:27,13.0,26.0,39.0,403.0,0.0,0.0,0.0,57.5,0.0,12.8,26.9,0.0,0.0,0.0,0.0,18204.0,25.0,0.0,0.0,8.82,7.5,11.5,0.0,12.0,12.0,1761.0,55.0,2155.0,0.0,264357.0,294536.0,3419.0,0.0,0.0,0.0,0.0,0.0,0.0,13.0,0.0,0.0,0.0,0.0,0,0,0,0,0,0,0.0,0.0,0,0,0,carga4
2026-09-07 07:00:30,13.0,26.0,127.0,403.0,0.0,0.0,0.0,58.7,0.0,12.8,25.2,0.0,0.0,0.0,0.0,38775.0,25.0,0.0,0.0,8.35,7.47,11.36,0.0,12.0,12.0,1759.0,55.1,2157.0,0.0,252627.0,291201.0,3422.0,0.0,0.0,0.0,0.0,0.0,0.0,13.0,0.0,0.0,0.33,0.0,0,0,0,0,1,0,0.0,0.0,0,0,0,carga4
2026-09-07 07:00:33,13.0,26.0,64.0,403.0,0.0,0.0,0.0,57.6,0.0,14.7,24.8,0.1,0.0,0.0,0.0,0.0,25.0,0.0,0.0,8.35,7.47,11.36,0.0,12.0,12.0,1769.0,54.8,2147.0,0.0,269162.0,296806.0,3425.0,0.0,0.0,0.0,0.0,0.0,0.0,13.0,0.0,0.0,0.0,0.0,0,0,0,0,0,0,0.0,0.0,0,0,0,carga4
2026-09-07 07:00:36,13.0,26.0,64.0,403.0,0.0,0.0,0.0,57.5,0.0,15.4,24.2,0.0,0.0,0.0,0.0,35067.0,25.0,0.0,0.0,7.92,7.45,11.22,0.0,12.0,12.0,1769.0,54.8,2148.0,0.0,288815.0,318209.0,3430.0,0.0,0.0,0.0,0.0,0.0,0.0,13.0,0.0,0.0,0.95,0.0,0,0,0,0,0,0,0.0,0.0,0,0,0,carga4
2026-09-07 07:00:40,13.0,26.0,49.0,403.0,0.0,0.0,0.0,58.0,0.0,15.0,24.0,0.0,0.0,0.0,0.0,0.0,25.0,0.0,0.0,7.53,7.42,11.08,0.0,12.0,12.0,1813.0,53.7,2103.0,0.0,264824.0,307014.0,3433.0,0.0,0.0,0.0,0.0,0.0,0.0,13.0,0.0,0.0,0.0,0.0,0,0,0,0,0,0,0.0,0.0,0,0,0,carga4
2026-09-07 07:00:43,12.0,25.0,49.0,403.0,0.0,0.0,0.0,57.4,0.0,14.3,25.5,0.1,0.0,0.0,0.0,89710.0,24.0,0.0,0.0,7.53,7.42,11.08,0.0,11.0,11.0,1802.0,54.0,2114.0,0.0,266448.0,293234.0,3436.0,0.0,0.0,0.0,0.0,0.0,0.0,13.0,0.0,0.0,0.32,0.0,0,0,0,0,0,0,0.0,0.0,0,0,0,carga4
2026-09-07 07:00:46,13.0,25.0,19.0,403.0,0.0,0.0,0.0,59.0,0.0,15.7,22.0,0.0,0.0,0.0,0.0,49253.0,24.0,0.0,0.0,7.49,7.42,11.02,0.0,11.0,11.0,1806.0,53.9,2110.0,0.0,259327.0,299112.0,3439.0,0.0,0.0,0.0,0.0,0.0,0.0,13.0,0.0,0.0,0.0,0.0,0,1,0,0,0,0,0.0,0.0,0,0,0,carga4
2026-09-07 07:00:49,9.0,22.0,110.0,403.0,0.0,0.0,0.0,59.5,0.0,12.3,25.1,0.0,0.0,0.0,0.0,0.0,21.0,0.0,0.0,7.13,7.4,10.88,0.0,8.0,8.0,1802.0,54.0,2114.0,0.0,257156.0,286314.0,3442.0,0.0,0.0,0.0,0.0,0.0,0.0,13.0,0.0,0.0,0.31,0.0,0,3,0,0,0,0,0.0,0.0,0,0,0,carga4
2026-09-07 07:00:53,9.0,22.0,209.0,403.0,0.0,0.0,0.0,58.7,0.0,13.2,24.4,0.0,0.0,0.0,0.0,19957.0,21.0,0.0,0.0,7.13,7.4,10.88,0.0,8.0,8.0,1830.0,53.3,2086.0,0.0,278007.0,307591.0,3445.0,0.0,0.0,0.0,0.0,0.0,0.0,13.0,0.0,0.0,0.3,0.0,0,0,0,0,0,0,0.0,0.0,0,0,0,carga4
2026-09-07 07:00:56,9.0,22.0,49.0,403.0,0.0,0.0,0.0,59.8,0.0,12.6,24.2,0.0,0.0,0.0,0.0,11318031.0,21.0,0.0,0.0,6.96,7.39,10.78,0.0,8.0,8.0,1825.0,53.4,2091.0,0.0,257846.0,299451.0,3449.0,0.0,0.0,0.0,0.0,0.0,0.0,13.0,0.0,0.0,0.0,0.0,0,0,0,0,0,0,0.0,0.0,0,0,0,carga4
2026-09-07 07:00:59,9.0,22.0,95.0,403.0,0.0,0.0,0.0,58.9,0.0,14.4,23.5,0.1,0.0,0.0,8487.0,2524159.0,21.0,0.0,0.0,6.48,7.35,10.62,0.0,8.0,8.0,1829.0,53.3,2087.0,0.0,278597.0,308608.0,3454.0,0.0,0.0,0.0,0.0,0.0,0.0,13.0,0.0,0.0,0.0,0.0,0,0,0,0,0,0,0.0,0.0,0,0,0,carga4
2026-09-07 07:01:03,9.0,22.0,108.0,403.0,0.0,0.0,0.0,57.3,0.0,14.0,25.2,0.1,0.0,0.0,0.0,9659.0,21.0,0.0,0.0,6.48,7.35,10.62,0.0,8.0,8.0,1824.0,53.4,2092.0,0.0,233060.0,257103.0,3457.0,0.0,0.0,0.0,0.0,0.0,0.0,13.0,0.0,0.0,0.26,0.0,0,0,0,0,0,0,0.0,0.0,0,0,0,carga4
2026-09-07 07:01:07,9.0,22.0,96.0,403.0,0.0,0.0,0.0,59.6,0.0,13.1,23.7,0.0,0.0,0.0,0.0,1242.0,21.0,0.0,0.0,5.96,7.31,10.45,0.0,8.0,8.0,1856.0,52.6,2061.0,0.0,268787.0,296482.0,3460.0,0.0,0.0,0.0,0.0,0.0,0.0,13.0,0.0,0.0,0.0,0.0,0,0,0,0,0,1,0.677,0.677,0,0,0,carga4
2026-09-07 07:01:10,9.0,22.0,43.0,403.0,0.0,0.0,0.0,60.2,0.0,13.1,23.1,0.0,0.0,0.0,0.0,31089.0,21.0,0.0,0.0,5.96,7.3,10.37,0.0,8.0,8.0,1854.0,52.7,2062.0,0.0,246873.0,285286.0,3464.0,0.0,0.0,0.0,0.0,0.0,0.0,13.0,0.0,0.0,0.0,0.0,0,0,0,0,1,1,4.5,4.5,0,0,0,carga4
2026-09-07 07:01:14,9.0,22.0,95.0,403.0,0.0,0.0,0.0,60.9,0.0,13.0,22.8,0.0,0.0,0.0,10155.0,93930.0,21.0,0.0,0.0,5.81,7.29,10.27,0.0,8.0,8.0,1855.0,52.6,2061.0,0.0,260832.0,287957.0,3467.0,0.0,0.0,0.0,0.0,0.0,0.0,13.0,0.0,0.0,0.31,0.0,0,0,0,0,0,0,0.0,0.0,0,0,0,carga4
2026-09-07 07:01:17,9.0,22.0,25.0,403.0,0.0,0.0,0.0,58.6,0.0,12.8,25.9,0.0,0.0,0.0,0.0,5184.0,21.0,0.0,0.0,5.81,7.29,10.27,0.0,8.0,8.0,1863.0,52.4,2053.0,0.0,268687.0,299045.0,3470.0,0.0,0.0,0.0,0.0,0.0,0.0,13.0,0.0,0.0,0.0,0.0,0,0,0,0,0,0,0.0,0.0,0,0,0,carga4
2026-09-07 07:01:20,9.0,22.0,85.0,403.0,0.0,0.0,0.0,62.7,0.0,10.7,23.1,0.0,0.0,0.0,0.0,37011.0,21.0,0.0,0.0,5.5,7.26,10.13,0.0,8.0,8.0,1867.0,52.3,2049.0,0.0,240035.0,274496.0,3474.0,0.0,0.0,0.0,0.0,0.0,0.0,13.0,0.0,0.0,0.0,0.0,0,0,0,0,0,0,0.0,0.0,0,0,0,carga4
2026-09-07 07:01:23,9.0,22.0,178.0,403.0,0.0,0.0,0.0,61.2,0.0,11.3,24.0,0.0,0.0,0.0,0.0,17105.0,21.0,0.0,0.0,5.5,7.26,10.13,0.0,8.0,8.0,1863.0,52.4,2053.0,0.0,260740.0,288281.0,3478.0,0.0,0.0,0.0,0.0,0.0,0.0,13.0,0.0,0.0,0.0,0.0,0,0,0,0,0,0,0.0,0.0,0,0,0,carga4
2026-09-07 07:01:27,9.0,22.0,92.0,403.0,0.0,0.0,0.0,59.2,0.0,12.2,25.2,0.0,0.0,0.0,0.0,1229.0,21.0,0.0,0.0,5.78,7.27,10.11,0.0,8.0,8.0,1855.0,52.6,2061.0,0.0,270039.0,298026.0,3481.0,0.0,0.0,0.0,0.0,0.0,0.0,13.0,0.0,0.0,0.3,0.0,0,0,0,0,1,0,0.0,0.0,0,0,0,carga4
2026-09-07 07:01:30,9.0,22.0,76.0,403.0,0.0,0.0,0.0,61.7,0.0,12.0,23.1,0.0,0.0,0.0,0.0,2977488.0,21.0,0.0,0.0,5.72,7.25,10.02,0.0,8.0,8.0,1854.0,52.7,2062.0,0.0,250839.0,288134.0,3485.0,0.0,0.0,0.0,0.0,0.0,0.0,13.0,0.0,0.0,0.0,0.0,0,0,0,0,0,0,0.0,0.0,0,0,0,carga4
2026-09-07 07:01:33,9.0,22.0,49.0,403.0,0.0,0.0,0.0,59.5,0.0,12.9,24.5,0.1,0.0,0.0,0.0,26397.0,21.0,0.0,0.0,5.72,7.25,10.02,0.0,8.0,8.0,1868.0,52.3,2048.0,0.0,262018.0,289872.0,3488.0,0.0,0.0,0.0,0.0,0.0,0.0,13.0,0.0,0.0,0.97,0.0,0,0,0,0,0,0,0.0,0.0,0,0,0,carga4
2026-09-07 07:01:37,9.0,22.0,88.0,403.0,0.0,0.0,0.0,59.1,0.0,13.3,24.5,0.0,0.0,0.0,0.0,1500356.0,21.0,0.0,0.0,5.66,7.24,9.94,0.0,8.0,8.0,1869.0,52.3,2047.0,0.0,248328.0,273581.0,3491.0,0.0,0.0,0.0,0.0,0.0,0.0,13.0,0.0,0.0,0.29,0.0,1,0,0,0,1,0,0.0,0.0,0,0,0,carga4
2026-09-07 07:01:40,9.0,22.0,99.0,403.0,0.0,0.0,0.0,55.5,0.0,16.7,24.6,0.0,0.0,0.0,0.0,45170.0,20.0,0.0,0.0,5.53,7.22,9.84,0.0,8.0,8.0,1870.0,52.3,2046.0,0.0,254205.0,295543.0,3494.0,0.0,0.0,0.0,0.0,0.0,0.0,13.0,0.0,0.0,0.34,0.0,0,0,0,0,0,0,0.0,0.0,0,0,0,carga4
2026-09-07 07:01:43,9.0,22.0,68.0,403.0,0.0,0.0,0.0,58.0,0.0,14.5,24.8,0.0,0.0,0.0,0.0,97322.0,21.0,0.0,0.0,5.53,7.22,9.84,0.0,8.0,8.0,1870.0,52.2,2046.0,0.0,272994.0,301331.0,3499.0,0.0,0.0,0.0,0.0,0.0,0.0,13.0,0.0,0.0,0.0,0.0,0,1,0,0,0,0,0.0,0.0,0,0,0,carga4
2026-09-07 07:01:46,9.0,22.0,62.0,403.0,0.0,0.0,0.0,56.6,0.0,16.3,24.1,0.0,0.0,0.0,0.0,4058.0,21.0,0.0,0.0,5.32,7.2,9.73,0.0,8.0,8.0,1870.0,52.2,2046.0,0.0,269662.0,297295.0,3502.0,0.0,0.0,0.0,0.0,0.0,0.0,13.0,0.0,0.0,0.0,0.0,0,0,0,0,1,0,0.0,0.0,0,0,0,carga4
2026-09-07 07:01:50,9.0,22.0,44.0,403.0,0.0,0.0,0.0,59.4,0.0,14.7,22.3,0.1,0.0,0.0,53723.0,20295.0,21.0,0.0,0.0,5.14,7.18,9.62,0.0,8.0,8.0,1873.0,52.2,2043.0,0.0,254681.0,295003.0,3505.0,0.0,0.0,0.0,0.0,0.0,0.0,13.0,0.0,0.0,0.29,0.0,0,0,0,0,0,0,0.0,0.0,0,0,0,carga4
2026-09-07 07:01:53,9.0,22.0,78.0,403.0,0.0,0.0,0.0,58.5,0.0,12.9,25.9,0.1,0.0,0.0,0.0,38455.0,21.0,0.0,0.0,5.14,7.18,9.62,0.0,8.0,8.0,1872.0,52.2,2045.0,0.0,291795.0,325466.0,3508.0,0.0,0.0,0.0,0.0,0.0,0.0,13.0,0.0,0.0,0.0,0.0,0,0,0,0,0,0,0.0,0.0,0,0,0,carga4
2026-09-07 07:01:56,9.0,22.0,149.0,403.0,0.0,0.0,0.0,59.8,0.0,13.2,23.8,0.0,0.0,0.0,0.0,0.0,21.0,0.0,0.0,4.81,7.15,9.47,0.0,8.0,8.0,1873.0,52.2,2044.0,0.0,264392.0,290356.0,3511.0,0.0,0.0,0.0,0.0,0.0,0.0,13.0,0.0,0.0,0.0,0.0,0,0,0,0,1,0,0.0,0.0,0,0,0,carga4
2026-09-07 07:01:59,9.0,22.0,176.0,403.0,0.0,0.0,0.0,57.8,0.0,13.1,25.9,0.0,0.0,0.0,0.0,14000.0,21.0,0.0,0.0,4.5,7.11,9.33,0.0,8.0,8.0,1872.0,52.2,2044.0,0.0,280156.0,324392.0,3514.0,0.0,0.0,0.0,0.0,0.0,0.0,13.0,0.0,0.0,0.34,0.0,0,0,0,0,0,0,0.0,0.0,0,0,0,carga4
2026-09-07 07:02:02,9.0,22.0,127.0,403.0,0.0,0.0,0.0,58.9,0.0,13.1,24.8,0.0,0.0,0.0,0.0,394730.0,21.0,0.0,0.0,4.5,7.11,9.33,0.0,8.0,8.0,1874.0,52.1,2042.0,0.0,286318.0,315520.0,3517.0,0.0,0.0,0.0,0.0,0.0,0.0,13.0,0.0,0.0,0.0,0.0,0,0,0,0,0,0,0.0,0.0,0,0,0,carga4
2026-09-07 07:02:06,9.0,22.0,170.0,403.0,0.0,0.0,0.0,55.3,0.0,17.4,23.7,0.0,0.0,0.0,0.0,3505798.0,21.0,0.0,0.0,4.3,7.08,9.21,0.0,8.0,8.0,1874.0,52.1,2042.0,0.0,215061.0,235139.0,3522.0,0.0,0.0,0.0,0.0,0.0,0.0,13.0,0.0,0.0,0.0,0.0,0,0,0,0,0,0,0.0,0.0,0,0,0,carga4
2026-09-07 07:02:10,9.0,23.0,183.0,403.0,0.0,0.0,0.0,56.8,0.0,17.4,21.5,0.1,0.0,0.0,0.0,63131.0,21.0,0.0,0.0,4.44,7.08,9.16,0.0,8.0,8.0,1889.0,51.8,2027.0,0.0,148040.0,158177.0,3528.0,0.0,0.0,0.0,0.0,0.0,0.0,13.0,0.0,0.0,0.2,0.0,0,0,0,0,0,0,0.0,0.0,0,0,0,carga4
2026-09-07 07:02:16,9.0,22.0,72.0,403.0,0.0,0.0,0.0,54.7,0.0,16.3,25.6,0.0,0.0,0.0,0.0,22492.0,21.0,0.0,0.0,4.88,7.09,9.17,0.0,8.0,8.0,1893.0,51.7,2023.0,0.0,192809.0,210581.0,3532.0,0.0,0.0,0.0,0.0,0.0,0.0,13.0,0.0,0.0,0.0,0.0,0,0,0,0,1,0,0.0,0.0,0,0,0,carga4
2026-09-07 07:02:19,9.0,22.0,47.0,403.0,0.0,0.0,0.0,59.3,0.0,10.6,26.9,0.1,0.0,0.0,47440.0,29819.0,21.0,0.0,0.0,4.89,7.08,9.1,0.0,8.0,8.0,1893.0,51.7,2023.0,0.0,268979.0,296759.0,3535.0,0.0,0.0,0.0,0.0,0.0,0.0,13.0,0.0,0.0,0.0,0.0,0,0,0,0,1,0,0.0,0.0,0,0,0,carga4
2026-09-07 07:02:22,9.0,22.0,37.0,403.0,0.0,0.0,0.0,59.4,0.0,12.1,24.8,0.0,0.0,0.0,0.0,1301.0,21.0,0.0,0.0,4.89,7.08,9.1,0.0,8.0,8.0,1878.0,52.1,2039.0,0.0,260275.0,300665.0,3538.0,0.0,0.0,0.0,0.0,0.0,0.0,13.0,0.0,0.0,0.32,0.0,0,0,0,0,0,0,0.0,0.0,0,0,0,carga4
2026-09-07 07:02:25,9.0,22.0,63.0,403.0,0.0,0.0,0.0,62.3,0.0,11.3,22.9,0.0,0.0,0.0,0.0,33020.0,21.0,0.0,0.0,4.82,7.07,9.02,0.0,8.0,8.0,1880.0,52.0,2036.0,0.0,259332.0,286877.0,3542.0,0.0,0.0,0.0,0.0,0.0,0.0,13.0,0.0,0.0,0.0,0.0,0,0,0,0,0,0,0.0,0.0,0,0,0,carga4
2026-09-07 07:02:29,9.0,22.0,72.0,403.0,0.0,0.0,0.0,59.5,0.0,11.9,24.3,1.0,0.0,0.0,0.0,16845.0,21.0,0.0,0.0,5.0,7.07,8.98,0.0,8.0,8.0,1878.0,52.1,2038.0,0.0,274006.0,306281.0,3546.0,0.0,0.0,0.0,0.0,0.0,0.0,13.0,0.0,0.0,0.0,0.0,0,0,0,0,0,0,0.0,0.0,0,0,0,carga4
2026-09-07 07:02:32,9.0,22.0,131.0,403.0,0.0,0.0,0.0,59.6,0.0,12.0,25.4,0.0,0.0,0.0,0.0,1418.0,21.0,0.0,0.0,5.0,7.07,8.98,0.0,8.0,8.0,1896.0,51.6,2021.0,0.0,274255.0,316861.0,3549.0,0.0,0.0,0.0,0.0,0.0,0.0,13.0,0.0,0.0,1.39,0.0,0,0,0,0,0,0,0.0,0.0,0,0,0,carga4
2026-09-07 07:02:34,9.0,22.0,73.0,403.0,0.0,0.0,0.0,62.7,0.0,10.6,23.2,0.0,0.0,0.0,0.0,40031.0,21.0,0.0,0.0,4.92,7.05,8.9,0.0,8.0,8.0,1896.0,51.6,2021.0,0.0,283090.0,310002.0,3551.0,0.0,0.0,0.0,0.0,0.0,0.0,13.0,0.0,0.0,0.0,0.0,0,0,0,0,0,0,0.0,0.0,0,0,0,carga4
2026-09-07 07:02:37,9.0,22.0,121.0,403.0,0.0,0.0,0.0,58.8,0.0,13.0,25.1,0.1,0.0,0.0,30653.0,5911465.0,21.0,0.0,0.0,4.92,7.05,8.9,0.0,8.0,8.0,1888.0,51.8,2028.0,0.0,290158.0,318239.0,3554.0,0.0,0.0,0.0,0.0,0.0,0.0,13.0,0.0,0.0,0.37,0.0,0,0,0,0,0,0,0.0,0.0,0,0,0,carga4
2026-09-07 07:02:40,9.0,22.0,65.0,403.0,0.0,0.0,0.0,61.6,0.0,11.0,24.0,0.0,0.0,0.0,0.0,131573.0,21.0,0.0,0.0,4.68,7.02,8.78,0.0,8.0,8.0,1889.0,51.8,2027.0,0.0,251487.0,289946.0,3558.0,0.0,0.0,0.0,0.0,0.0,0.0,13.0,0.0,0.0,0.0,0.0,0,0,0,0,1,0,0.0,0.0,0,0,0,carga4
2026-09-07 07:02:44,9.0,22.0,58.0,403.0,0.0,0.0,0.0,60.0,0.0,12.1,24.6,0.1,0.0,0.0,0.0,2163083.0,21.0,0.0,0.0,4.55,7.0,8.69,0.0,8.0,8.0,1890.0,51.7,2026.0,0.0,280876.0,313809.0,3561.0,0.0,0.0,0.0,0.0,0.0,0.0,13.0,0.0,0.0,0.3,0.0,0,0,0,0,0,0,0.0,0.0,0,0,0,carga4
2026-09-07 07:02:47,9.0,22.0,58.0,403.0,0.0,0.0,0.0,60.1,0.0,14.0,22.4,0.0,0.0,0.0,0.0,37989.0,21.0,0.0,0.0,4.55,7.0,8.69,0.0,8.0,8.0,1891.0,51.7,2025.0,0.0,235917.0,272618.0,3564.0,0.0,0.0,0.0,0.0,0.0,0.0,13.0,0.0,0.0,0.0,0.0,0,0,0,0,0,0,0.0,0.0,0,0,0,carga4
2026-09-07 07:02:51,9.0,21.0,140.0,403.0,0.0,0.0,0.0,58.1,0.0,15.5,23.5,0.0,0.0,0.0,0.0,0.0,20.0,0.0,0.0,4.42,6.98,8.59,0.0,8.0,8.0,1888.0,51.8,2028.0,0.0,268774.0,296396.0,3569.0,0.0,0.0,0.0,0.0,0.0,0.0,13.0,0.0,0.0,0.0,0.0,0,0,0,0,0,0,0.0,0.0,0,0,0,carga4
2026-09-07 07:02:54,9.0,21.0,81.0,403.0,0.0,0.0,0.0,58.7,0.0,14.7,23.1,0.0,0.0,0.0,0.0,29280.0,20.0,0.0,0.0,4.31,6.96,8.5,0.0,8.0,8.0,1893.0,51.6,2023.0,0.0,265132.0,291917.0,3572.0,0.0,0.0,0.0,0.0,0.0,0.0,13.0,0.0,0.0,0.31,0.0,0,1,0,0,1,0,0.0,0.0,0,0,0,carga4
2026-09-07 07:02:57,9.0,21.0,56.0,403.0,0.0,0.0,0.0,59.6,0.0,12.8,24.1,0.0,0.0,0.0,0.0,0.0,20.0,0.0,0.0,4.31,6.96,8.5,0.0,8.0,8.0,1885.0,51.9,2031.0,0.0,254996.0,295030.0,3575.0,0.0,0.0,0.0,0.0,0.0,0.0,13.0,0.0,0.0,0.0,0.0,0,0,0,0,0,0,0.0,0.0,0,0,0,carga4
2026-09-07 07:03:00,9.0,21.0,74.0,403.0,0.0,0.0,0.0,61.6,0.0,12.5,22.2,0.0,0.0,0.0,0.0,37879.0,20.0,0.0,0.0,3.96,6.92,8.36,0.0,8.0,8.0,1887.0,51.8,2029.0,0.0,249798.0,274324.0,3578.0,0.0,0.0,0.0,0.0,0.0,0.0,13.0,0.0,0.0,0.0,0.0,0,0,0,0,0,0,0.0,0.0,0,0,0,carga4
2026-09-07 07:03:04,9.0,21.0,84.0,403.0,0.0,0.0,0.0,59.4,0.0,13.0,24.4,0.0,0.0,0.0,0.0,10170.0,20.0,0.0,0.0,3.73,6.89,8.24,0.0,8.0,8.0,1887.0,51.8,2030.0,0.0,270139.0,297831.0,3582.0,0.0,0.0,0.0,0.0,0.0,0.0,13.0,0.0,0.0,0.28,0.0,0,0,0,0,0,0,0.0,0.0,0,0,0,carga4
2026-09-07 07:03:08,9.0,22.0,64.0,403.0,0.0,0.0,0.0,58.8,0.0,15.4,22.4,0.0,0.0,0.0,0.0,106552.0,20.0,0.0,0.0,3.73,6.89,8.24,0.0,8.0,8.0,1893.0,51.7,2023.0,0.0,232631.0,263100.0,3585.0,0.0,0.0,0.0,0.0,0.0,0.0,13.0,0.0,0.0,0.28,0.0,0,0,0,0,0,0,0.0,0.0,0,0,0,carga4
2026-09-07 07:03:11,9.0,21.0,60.0,403.0,0.0,0.0,0.0,56.0,0.0,17.5,23.3,0.0,0.0,0.0,0.0,0.0,20.0,0.0,0.0,3.67,6.87,8.15,0.0,8.0,8.0,1892.0,51.7,2025.0,0.0,262312.0,295221.0,3589.0,0.0,0.0,0.0,0.0,0.0,0.0,13.0,0.0,0.0,0.0,0.0,0,0,1,0,0,0,0.0,0.0,0,0,0,carga4
2026-09-07 07:03:14,9.0,21.0,82.0,403.0,0.0,0.0,0.0,56.0,0.0,17.7,22.7,0.0,0.0,0.0,0.0,5854652.0,20.0,0.0,0.0,3.61,6.85,8.06,0.0,8.0,8.0,1894.0,51.6,2022.0,0.0,243057.0,268860.0,3593.0,0.0,0.0,0.0,0.0,0.0,0.0,13.0,0.0,0.0,0.0,0.0,0,0,0,1,0,0,0.0,0.0,0,0,0,carga4
2026-09-07 07:03:17,9.0,21.0,125.0,403.0,0.0,0.0,0.0,56.9,0.0,16.5,24.0,0.0,0.0,0.0,0.0,2419630.0,20.0,0.0,0.0,3.61,6.85,8.06,0.0,8.0,8.0,1889.0,51.8,2027.0,0.0,267149.0,295130.0,3596.0,0.0,0.0,0.0,0.0,0.0,0.0,13.0,0.0,0.0,0.6,0.0,0,0,0,0,0,1,0.934,0.934,0,0,0,carga4
2026-09-07 07:03:21,9.0,21.0,100.0,403.0,0.0,0.0,0.0,62.8,0.0,11.8,21.6,0.0,0.0,0.0,28172.0,33806.0,19.0,0.0,0.0,3.65,6.83,8.0,0.0,8.0,8.0,1891.0,51.7,2025.0,0.0,234608.0,269351.0,3599.0,0.0,0.0,0.0,0.0,0.0,0.0,13.0,0.0,0.0,0.0,0.0,0,0,0,0,0,1,5.109,5.109,0,0,0,carga4
2026-09-07 07:03:24,9.0,21.0,39.0,403.0,0.0,0.0,0.0,59.5,0.0,11.9,25.1,0.1,0.0,0.0,0.0,23633.0,20.0,0.0,0.0,3.75,6.82,7.95,0.0,8.0,8.0,1887.0,51.8,2029.0,0.0,270982.0,303744.0,3603.0,0.0,0.0,0.0,0.0,0.0,0.0,13.0,0.0,0.0,0.0,0.0,0,0,0,0,0,0,0.0,0.0,0,0,0,carga4
2026-09-07 07:03:27,16.0,28.0,124.0,403.0,0.0,0.0,0.0,61.8,0.0,10.9,24.2,0.0,0.0,0.0,0.0,41388.0,27.0,0.0,0.0,3.75,6.82,7.95,0.0,8.0,8.0,1892.0,51.7,2024.0,0.0,260984.0,288066.0,3606.0,0.0,0.0,0.0,0.0,0.0,0.0,13.0,0.0,0.0,0.32,0.0,0,0,1,0,0,0,0.0,0.0,0,0,0,carga4
2026-09-07 07:03:31,17.0,29.0,44.0,403.0,0.0,0.0,0.0,59.4,0.0,11.7,25.8,0.0,0.0,0.0,0.0,55288.0,28.0,0.0,0.0,3.53,6.79,7.83,0.0,8.0,8.0,1884.0,51.9,2032.0,0.0,250182.0,289336.0,3610.0,0.0,0.0,0.0,0.0,0.0,0.0,13.0,0.0,0.0,4.68,0.0,7,0,0,1,0,0,0.0,0.0,0,0,0,carga4
2026-09-07 07:03:34,17.0,29.0,94.0,403.0,0.0,0.0,0.0,58.2,0.0,11.2,27.5,0.1,0.0,0.0,0.0,27976.0,28.0,0.0,0.0,3.41,6.76,7.73,0.0,8.0,8.0,1919.0,51.0,1997.0,0.0,277622.0,306721.0,3614.0,0.0,0.0,0.0,0.0,0.0,0.0,13.0,0.0,0.0,0.0,0.0,1,0,0,0,0,0,0.0,0.0,0,0,0,carga4
2026-09-07 07:03:37,16.0,29.0,195.0,403.0,0.0,0.0,0.0,60.3,0.0,11.9,24.3,0.3,0.0,0.0,0.0,5347279.0,28.0,0.0,0.0,3.41,6.76,7.73,0.0,8.0,8.0,1911.0,51.2,2005.0,0.0,272248.0,304197.0,3617.0,0.0,0.0,0.0,0.0,0.0,0.0,13.0,0.0,0.0,0.31,0.0,0,0,0,0,0,0,0.0,0.0,0,0,0,carga4
2026-09-07 07:03:41,16.0,29.0,61.0,403.0,0.0,0.0,0.0,59.6,0.0,12.7,24.8,0.0,0.0,0.0,0.0,1361.0,28.0,0.0,0.0,3.46,6.75,7.67,0.0,8.0,8.0,1919.0,51.0,1997.0,0.0,277223.0,316502.0,3620.0,0.0,0.0,0.0,0.0,0.0,0.0,13.0,0.0,0.0,0.0,0.0,0,0,0,0,1,0,0.0,0.0,0,0,0,carga4
2026-09-07 07:03:43,16.0,29.0,115.0,403.0,0.0,0.0,0.0,63.2,0.0,9.8,23.3,0.1,0.0,0.0,0.0,39534.0,28.0,0.0,0.0,3.46,6.75,7.67,0.0,15.0,8.0,1919.0,51.0,1997.0,0.0,284970.0,315424.0,3623.0,0.0,0.0,0.0,0.0,0.0,0.0,13.0,0.0,0.0,0.0,0.0,0,0,0,0,0,0,0.0,0.0,0,0,0,carga4
2026-09-07 07:03:47,16.0,29.0,87.0,403.0,0.0,0.0,0.0,56.3,0.0,12.8,27.1,0.0,0.0,0.0,0.0,0.0,28.0,0.0,0.0,3.34,6.72,7.58,0.0,15.0,8.0,1915.0,51.1,2001.0,0.0,259726.0,286668.0,3626.0,0.0,0.0,0.0,0.0,0.0,0.0,13.0,0.0,0.0,0.0,0.0,0,0,0,0,1,1,1.0230000000000001,1.0230000000000001,0,0,0,carga4
2026-09-07 07:03:50,16.0,29.0,39.0,403.0,0.0,0.0,0.0,59.4,0.0,12.1,24.9,0.0,0.0,0.0,0.0,4596544.0,28.0,0.0,0.0,3.39,6.71,7.52,0.0,15.0,8.0,1919.0,51.0,1997.0,0.0,252908.0,292654.0,3629.0,0.0,0.0,0.0,0.0,0.0,0.0,13.0,0.0,0.0,0.33,0.0,0,0,0,0,0,0,0.0,0.0,0,0,0,carga4
2026-09-07 07:03:53,16.0,29.0,72.0,403.0,0.0,0.0,0.0,55.7,0.0,15.4,25.7,0.0,0.0,0.0,0.0,37604.0,28.0,0.0,0.0,3.39,6.71,7.52,0.0,15.0,8.0,1912.0,51.2,2004.0,0.0,265906.0,292086.0,3632.0,0.0,0.0,0.0,0.0,0.0,0.0,13.0,0.0,0.0,0.0,0.0,0,0,0,0,0,2,3.3855,5.473,0,0,0,carga4
2026-09-07 07:03:56,16.0,30.0,70.0,403.0,0.0,0.0,0.0,56.7,0.0,16.3,23.8,0.0,0.0,0.0,0.0,5384.0,28.0,0.0,0.0,3.12,6.67,7.39,0.0,15.0,8.0,1913.0,51.2,2003.0,0.0,259709.0,289666.0,3636.0,0.0,0.0,0.0,0.0,0.0,0.0,13.0,0.0,0.0,0.0,0.0,0,0,0,0,0,1,5.621,5.621,0,0,0,carga4
2026-09-07 07:03:59,16.0,29.0,85.0,403.0,0.0,0.0,0.0,58.3,0.0,14.4,24.1,0.1,0.0,0.0,0.0,21439.0,28.0,0.0,0.0,3.19,6.66,7.33,0.0,15.0,15.0,1909.0,51.3,2007.0,0.0,273214.0,312974.0,3640.0,0.0,0.0,0.0,0.0,0.0,0.0,13.0,0.0,0.0,0.35,0.0,0,0,0,0,0,0,0.0,0.0,0,0,0,carga4
2026-09-07 07:04:02,16.0,29.0,90.0,403.0,0.0,0.0,0.0,58.8,0.0,12.8,25.5,0.0,0.0,0.0,0.0,1206.0,28.0,0.0,0.0,3.19,6.66,7.33,0.0,15.0,15.0,1910.0,51.2,2006.0,0.0,263748.0,294616.0,3643.0,0.0,0.0,0.0,0.0,0.0,0.0,13.0,0.0,0.0,0.0,0.0,0,0,0,0,1,0,0.0,0.0,0,0,0,carga4
2026-09-07 07:04:05,16.0,29.0,26.0,403.0,0.0,0.0,0.0,59.2,0.0,13.0,24.5,0.0,0.0,0.0,0.0,119439.0,27.0,0.0,0.0,3.26,6.64,7.28,0.0,15.0,15.0,1907.0,51.3,2009.0,0.0,267033.0,309185.0,3646.0,0.0,0.0,0.0,0.0,0.0,0.0,13.0,0.0,0.0,0.0,0.0,0,0,0,0,0,0,0.0,0.0,0,0,0,carga4
2026-09-07 07:04:09,16.0,29.0,147.0,403.0,0.0,0.0,0.0,59.0,0.0,14.4,22.8,0.1,0.0,0.0,0.0,24870.0,28.0,0.0,0.0,3.26,6.64,7.28,0.0,15.0,15.0,1907.0,51.3,2009.0,0.0,271452.0,302990.0,3649.0,0.0,0.0,0.0,0.0,0.0,0.0,13.0,0.0,0.0,0.0,0.0,0,0,0,0,0,1,1.2750000000000001,1.2750000000000001,0,0,0,carga4
2026-09-07 07:04:12,16.0,29.0,110.0,403.0,0.0,0.0,0.0,57.4,0.0,16.2,23.2,0.0,0.0,0.0,0.0,1294.0,28.0,0.0,0.0,3.32,6.63,7.22,0.0,15.0,15.0,1910.0,51.2,2006.0,0.0,256395.0,284560.0,3652.0,0.0,0.0,0.0,0.0,0.0,0.0,13.0,0.0,0.0,0.32,0.0,0,0,0,0,0,0,0.0,0.0,0,0,0,carga4
2026-09-07 07:04:15,16.0,29.0,54.0,403.0,0.0,0.0,0.0,53.6,0.0,20.6,22.7,0.0,0.0,0.0,0.0,36241.0,27.0,0.0,0.0,3.37,6.61,7.17,0.0,15.0,15.0,1909.0,51.3,2007.0,0.0,245739.0,283130.0,3656.0,0.0,0.0,0.0,0.0,0.0,0.0,13.0,0.0,0.0,0.0,0.0,0,0,0,0,0,1,5.292,5.292,0,0,0,carga4
2026-09-07 07:04:18,16.0,29.0,46.0,403.0,0.0,0.0,0.0,59.2,0.0,15.6,22.0,0.0,0.0,0.0,0.0,19846.0,28.0,0.0,0.0,3.37,6.61,7.17,0.0,15.0,15.0,1909.0,51.2,2007.0,0.0,262432.0,288400.0,3659.0,0.0,0.0,0.0,0.0,0.0,0.0,13.0,0.0,0.0,0.0,0.0,0,0,0,0,0,0,0.0,0.0,0,0,0,carga4
2026-09-07 07:04:21,16.0,29.0,32.0,403.0,0.0,0.0,0.0,54.8,0.0,17.4,24.8,0.0,0.0,0.0,0.0,7664088.0,27.0,0.0,0.0,3.66,6.61,7.17,0.0,15.0,15.0,1907.0,51.3,2010.0,0.0,273798.0,303340.0,3662.0,0.0,0.0,0.0,0.0,0.0,0.0,13.0,0.0,0.0,0.33,0.0,0,0,0,0,0,0,0.0,0.0,0,0,0,carga4
2026-09-07 07:04:24,16.0,29.0,74.0,403.0,0.0,0.0,0.0,62.3,0.0,11.2,23.2,0.1,0.0,0.0,0.0,402588.0,28.0,0.0,0.0,3.53,6.59,7.08,0.0,15.0,15.0,1912.0,51.2,2005.0,0.0,262132.0,301836.0,3666.0,0.0,0.0,0.0,0.0,0.0,0.0,13.0,0.0,0.0,0.0,0.0,0,0,0,0,1,0,0.0,0.0,0,0,0,carga4
2026-09-07 07:04:28,16.0,29.0,83.0,403.0,0.0,0.0,0.0,59.1,0.0,12.4,25.8,0.0,0.0,0.0,0.0,21999.0,28.0,0.0,0.0,3.53,6.59,7.08,0.0,15.0,15.0,1908.0,51.3,2008.0,0.0,274634.0,303440.0,3669.0,0.0,0.0,0.0,0.0,0.0,0.0,13.0,0.0,0.0,0.95,0.0,1,0,0,0,0,1,0.794,0.794,0,0,0,carga4
2026-09-07 07:04:31,16.0,29.0,74.0,403.0,0.0,0.0,0.0,62.5,0.0,10.9,23.3,0.0,0.0,0.0,0.0,0.0,28.0,0.0,0.0,3.49,6.57,7.01,0.0,15.0,15.0,1909.0,51.2,2007.0,0.0,270665.0,299014.0,3672.0,0.0,0.0,0.0,0.0,0.0,0.0,13.0,0.0,0.0,0.0,0.0,0,1,0,0,0,1,5.5440000000000005,5.5440000000000005,0,0,0,carga4
2026-09-07 07:04:34,16.0,29.0,48.0,403.0,0.0,0.0,0.0,59.1,0.0,12.9,24.9,0.0,0.0,0.0,0.0,114314.0,28.0,0.0,0.0,3.37,6.54,6.93,0.0,15.0,15.0,1905.0,51.4,2011.0,0.0,269766.0,312382.0,3675.0,0.0,0.0,0.0,0.0,0.0,0.0,13.0,0.0,0.0,0.31,0.0,0,0,0,0,0,0,0.0,0.0,0,0,0,carga4
2026-09-07 07:04:38,16.0,28.0,108.0,403.0,0.0,0.0,0.0,61.0,0.0,11.3,24.4,0.0,0.0,0.0,0.0,40863.0,28.0,0.0,0.0,3.37,6.54,6.93,0.0,15.0,15.0,1913.0,51.2,2003.0,0.0,263105.0,293216.0,3679.0,0.0,0.0,0.0,0.0,0.0,0.0,13.0,0.0,0.0,0.28,0.0,0,0,0,0,1,1,1.518,1.518,0,0,0,carga4
2026-09-07 07:04:41,16.0,29.0,67.0,403.0,0.0,0.0,0.0,60.2,0.0,11.1,25.2,0.0,0.0,0.0,0.0,0.0,28.0,0.0,0.0,3.26,6.52,6.85,0.0,15.0,15.0,1910.0,51.2,2006.0,0.0,274063.0,303428.0,3683.0,0.0,0.0,0.0,0.0,0.0,0.0,13.0,0.0,0.0,0.0,0.0,0,0,0,0,0,1,5.625,5.625,0,0,0,carga4
2026-09-07 07:04:44,16.0,29.0,112.0,403.0,0.0,0.0,0.0,60.9,0.0,11.0,24.4,0.1,0.0,0.0,0.0,20420.0,28.0,0.0,0.0,3.0,6.49,6.73,0.0,15.0,15.0,1915.0,51.1,2001.0,0.0,263462.0,301496.0,3686.0,0.0,0.0,0.0,0.0,0.0,0.0,13.0,0.0,0.0,0.31,0.0,0,0,0,0,1,0,0.0,0.0,0,0,0,carga4
2026-09-07 07:04:47,17.0,29.0,84.0,403.0,0.0,0.0,0.0,59.3,0.0,13.3,23.9,0.0,0.0,0.0,0.0,36703.0,28.0,0.0,0.0,3.0,6.49,6.73,0.0,15.0,15.0,1909.0,51.2,2007.0,0.0,266373.0,297031.0,3689.0,0.0,0.0,0.0,0.0,0.0,0.0,13.0,0.0,0.0,0.0,0.0,0,0,0,0,0,0,0.0,0.0,0,0,0,carga4
2026-09-07 07:04:51,16.0,29.0,31.0,403.0,0.0,0.0,0.0,60.4,0.0,12.1,23.1,0.6,0.0,0.0,0.0,8789459.0,28.0,0.0,0.0,3.16,6.48,6.71,0.0,15.0,15.0,1910.0,51.2,2006.0,0.0,270705.0,299888.0,3693.0,0.0,0.0,0.0,0.0,0.0,0.0,13.0,0.0,0.0,0.0,0.0,0,0,0,0,0,0,0.0,0.0,0,0,0,carga4
2026-09-07 07:04:53,16.0,29.0,91.0,403.0,0.0,0.0,0.0,59.8,0.0,11.0,25.5,0.1,0.0,0.0,0.0,45361.0,28.0,0.0,0.0,3.16,6.48,6.71,0.0,15.0,15.0,1910.0,51.2,2006.0,0.0,269733.0,312038.0,3695.0,0.0,0.0,0.0,0.0,0.0,0.0,13.0,0.0,0.0,0.0,0.0,0,0,0,0,0,0,0.0,0.0,0,0,0,carga4
2026-09-07 07:04:56,16.0,29.0,39.0,403.0,0.0,0.0,0.0,57.7,0.0,14.2,25.2,0.0,0.0,0.0,0.0,4869.0,28.0,0.0,0.0,3.39,6.47,6.69,0.0,15.0,15.0,1920.0,51.0,1996.0,0.0,273097.0,303585.0,3699.0,0.0,0.0,0.0,0.0,0.0,0.0,13.0,0.0,0.0,0.3,0.0,0,0,0,0,0,0,0.0,0.0,0,0,0,carga4
2026-09-07 07:05:00,16.0,29.0,86.0,403.0,0.0,0.0,0.0,56.9,0.0,17.0,22.8,0.1,0.0,0.0,0.0,99387.0,27.0,0.0,0.0,3.27,6.45,6.62,0.0,15.0,15.0,1920.0,51.0,1996.0,0.0,270380.0,316292.0,3702.0,0.0,0.0,0.0,0.0,0.0,0.0,13.0,0.0,0.0,0.0,0.0,0,0,0,0,0,0,0.0,0.0,0,0,0,carga4
2026-09-07 07:05:02,16.0,29.0,78.0,403.0,0.0,0.0,0.0,55.4,0.0,14.9,26.4,0.1,0.0,0.0,0.0,485535.0,28.0,0.0,0.0,3.27,6.45,6.62,0.0,15.0,15.0,1910.0,51.2,2006.0,0.0,288561.0,317360.0,3705.0,0.0,0.0,0.0,0.0,0.0,0.0,13.0,0.0,0.0,0.0,0.0,0,0,0,0,0,0,0.0,0.0,0,0,0,carga4
2026-09-07 07:05:05,16.0,29.0,89.0,403.0,0.0,0.0,0.0,60.3,0.0,11.4,24.4,0.0,0.0,0.0,0.0,80190.0,28.0,0.0,0.0,3.41,6.44,6.59,0.0,15.0,15.0,1906.0,51.3,2010.0,0.0,261550.0,287714.0,3708.0,0.0,0.0,0.0,0.0,0.0,0.0,13.0,0.0,0.0,0.31,0.0,0,0,0,0,0,0,0.0,0.0,0,0,0,carga4
2026-09-07 07:05:09,17.0,29.0,27.0,403.0,0.0,0.0,0.0,44.7,0.0,24.9,26.9,1.0,0.0,0.0,82764480.0,57366.0,28.0,0.0,0.0,3.41,6.44,6.59,0.0,15.0,15.0,1899.0,51.5,2017.0,0.0,255064.0,291203.0,3712.0,0.0,0.0,0.0,0.0,0.0,0.0,13.0,0.0,0.0,0.0,0.0,0,0,0,0,1,0,0.0,0.0,0,0,0,carga4
2026-09-07 07:05:12,16.0,29.0,46.0,403.0,0.0,0.0,0.0,38.3,0.0,36.4,22.6,0.1,0.0,0.0,40551624.0,5591430.0,28.0,0.0,0.0,3.54,6.43,6.56,0.0,15.0,15.0,1943.0,50.4,1973.0,0.0,254388.0,279289.0,3714.0,0.0,0.0,0.0,0.0,0.0,0.0,13.0,0.0,0.0,0.33,0.0,0,0,0,0,1,1,0.302,0.302,0,0,0,carga4
2026-09-07 07:05:15,16.0,29.0,61.0,403.0,0.0,0.0,0.0,44.7,0.0,29.9,22.8,0.1,0.0,0.0,24310866.0,770192.0,28.0,0.0,0.0,3.74,6.43,6.55,0.0,15.0,15.0,1948.0,50.3,1969.0,0.0,273238.0,293035.0,3718.0,0.0,0.0,0.0,0.0,0.0,0.0,13.0,0.0,0.0,0.0,0.0,0,0,0,0,1,1,4.603,4.603,0,0,0,carga4
2026-09-07 07:05:19,16.0,29.0,87.0,403.0,0.0,0.0,0.0,48.9,0.0,22.5,25.0,0.0,0.0,0.0,1009251.0,876515.0,28.0,0.0,0.0,3.76,6.42,6.51,0.0,15.0,15.0,1945.0,50.3,1971.0,0.0,241834.0,278242.0,3721.0,0.0,0.0,0.0,0.0,0.0,0.0,13.0,0.0,0.0,0.28,0.0,0,0,0,0,1,0,0.0,0.0,0,0,0,carga4
2026-09-07 07:05:22,16.0,29.0,47.0,403.0,0.0,0.0,0.0,57.6,0.0,14.5,24.3,0.0,0.0,0.0,2419.0,8499325.0,28.0,0.0,0.0,3.76,6.42,6.51,0.0,15.0,15.0,1944.0,50.4,1972.0,0.0,256842.0,282430.0,3726.0,0.0,0.0,0.0,0.0,0.0,0.0,13.0,0.0,0.0,0.0,0.0,0,0,0,0,0,0,0.0,0.0,0,0,0,carga4
2026-09-07 07:05:25,16.0,29.0,97.0,403.0,0.0,0.0,0.0,53.2,0.0,18.3,25.4,0.0,0.0,0.0,87607.0,1327.0,28.0,0.0,0.0,3.7,6.4,6.45,0.0,15.0,15.0,1941.0,50.4,1975.0,0.0,286132.0,318332.0,3729.0,0.0,0.0,0.0,0.0,0.0,0.0,13.0,0.0,0.0,0.97,0.0,0,0,0,0,0,0,0.0,0.0,0,0,0,carga4
2026-09-07 07:05:28,16.0,29.0,84.0,403.0,0.0,0.0,0.0,59.4,0.0,14.0,23.4,0.1,0.0,0.0,122189.0,710796.0,28.0,0.0,0.0,3.7,6.4,6.45,0.0,15.0,15.0,1952.0,50.2,1964.0,0.0,273087.0,312875.0,3732.0,0.0,0.0,0.0,0.0,0.0,0.0,13.0,0.0,0.0,0.32,0.0,0,0,0,0,1,0,0.0,0.0,0,0,0,carga4
2026-09-07 07:05:32,16.0,29.0,60.0,403.0,0.0,0.0,0.0,58.2,0.0,13.9,24.7,0.0,0.0,0.0,0.0,33925.0,28.0,0.0,0.0,3.64,6.38,6.39,0.0,15.0,15.0,1941.0,50.4,1975.0,0.0,275902.0,305764.0,3736.0,0.0,0.0,0.0,0.0,0.0,0.0,13.0,0.0,0.0,0.0,0.0,0,0,0,0,0,0,0.0,0.0,0,0,0,carga4
2026-09-07 07:05:35,16.0,29.0,84.0,403.0,0.0,0.0,0.0,58.4,0.0,13.3,25.3,0.0,0.0,0.0,0.0,127539.0,28.0,0.0,0.0,3.51,6.36,6.32,0.0,15.0,15.0,1942.0,50.4,1974.0,0.0,282915.0,311573.0,3738.0,0.0,0.0,0.0,0.0,0.0,0.0,13.0,0.0,0.0,0.0,0.0,0,0,1,0,0,0,0.0,0.0,0,0,0,carga4
2026-09-07 07:05:38,16.0,29.0,27.0,403.0,0.0,0.0,0.0,58.3,0.0,13.1,25.6,0.0,0.0,0.0,1313.0,434523.0,28.0,0.0,0.0,3.51,6.36,6.32,0.0,15.0,15.0,1939.0,50.5,1977.0,0.0,260282.0,289595.0,3741.0,0.0,0.0,0.0,0.0,0.0,0.0,13.0,0.0,0.0,0.32,0.0,0,0,0,0,0,0,0.0,0.0,0,0,0,carga4
2026-09-07 07:05:41,16.0,29.0,123.0,403.0,0.0,0.0,0.0,57.7,0.0,13.2,25.4,0.0,0.0,0.0,228052.0,1408.0,28.0,0.0,0.0,3.71,6.36,6.31,0.0,15.0,15.0,1942.0,50.4,1975.0,0.0,279549.0,322721.0,3744.0,0.0,0.0,0.0,0.0,0.0,0.0,13.0,0.0,0.0,0.0,0.0,0,0,0,1,1,0,0.0,0.0,0,0,0,carga4
2026-09-07 07:05:44,16.0,29.0,37.0,403.0,0.0,0.0,0.0,58.9,0.0,12.7,24.8,0.0,0.0,0.0,0.0,41604.0,28.0,0.0,0.0,3.65,6.34,6.26,0.0,15.0,15.0,1937.0,50.5,1979.0,0.0,279890.0,309609.0,3749.0,0.0,0.0,0.0,0.0,0.0,0.0,13.0,0.0,0.0,0.0,0.0,0,0,0,0,0,0,0.0,0.0,0,0,0,carga4
2026-09-07 07:05:47,16.0,29.0,37.0,403.0,0.0,0.0,0.0,60.5,0.0,11.3,24.7,0.1,0.0,0.0,0.0,20905.0,28.0,0.0,0.0,3.65,6.34,6.26,0.0,15.0,15.0,1936.0,50.6,1980.0,0.0,286902.0,331338.0,3751.0,0.0,0.0,0.0,0.0,0.0,0.0,13.0,0.0,0.0,0.0,0.0,0,0,0,0,0,0,0.0,0.0,0,0,0,carga4
2026-09-07 07:05:50,16.0,29.0,73.0,403.0,0.0,0.0,0.0,59.4,0.0,11.8,25.7,0.0,0.0,0.0,0.0,1378.0,28.0,0.0,0.0,3.6,6.32,6.21,0.0,15.0,15.0,1932.0,50.7,1984.0,0.0,281331.0,311261.0,3754.0,0.0,0.0,0.0,0.0,0.0,0.0,13.0,0.0,0.0,0.34,0.0,0,0,0,0,0,0,0.0,0.0,0,0,0,carga4
2026-09-07 07:05:53,16.0,29.0,41.0,403.0,0.0,0.0,0.0,58.8,0.0,13.6,24.3,0.0,0.0,0.0,0.0,10961993.0,28.0,0.0,0.0,3.6,6.32,6.21,0.0,15.0,15.0,1931.0,50.7,1985.0,0.0,290378.0,320092.0,3757.0,0.0,0.0,0.0,0.0,0.0,0.0,13.0,0.0,0.0,0.0,0.0,0,0,0,0,0,0,0.0,0.0,0,0,0,carga4
2026-09-07 07:05:56,16.0,29.0,87.0,403.0,0.0,0.0,0.0,62.9,0.0,10.9,22.5,0.0,0.0,0.0,0.0,0.0,28.0,0.0,0.0,3.87,6.32,6.22,0.0,15.0,15.0,1932.0,50.7,1984.0,0.0,274317.0,318157.0,3760.0,0.0,0.0,0.0,0.0,0.0,0.0,13.0,0.0,0.0,0.0,0.0,0,0,0,0,0,0,0.0,0.0,0,0,0,carga4
2026-09-07 07:05:59,16.0,29.0,80.0,403.0,0.0,0.0,0.0,55.0,0.0,13.9,28.1,0.0,0.0,0.0,0.0,25397.0,28.0,0.0,0.0,4.04,6.32,6.22,0.0,15.0,15.0,1935.0,50.6,1981.0,0.0,268116.0,296782.0,3764.0,0.0,0.0,0.0,0.0,0.0,0.0,13.0,0.0,0.0,0.0,0.0,0,0,0,0,0,0,0.0,0.0,0,0,0,carga4
2026-09-07 07:06:02,16.0,29.0,43.0,403.0,0.0,0.0,0.0,55.8,0.0,16.3,24.6,0.1,0.0,0.0,122632.0,132277.0,28.0,0.0,0.0,4.04,6.32,6.22,0.0,15.0,15.0,1940.0,50.5,1976.0,0.0,276723.0,304909.0,3766.0,0.0,0.0,0.0,0.0,0.0,0.0,13.0,0.0,0.0,0.34,0.0,0,0,0,0,1,0,0.0,0.0,0,0,0,carga4
2026-09-07 07:06:05,17.0,29.0,57.0,403.0,0.0,0.0,0.0,57.9,0.0,13.3,25.5,0.0,0.0,0.0,744968.0,0.0,27.0,0.0,0.0,4.44,6.34,6.26,0.0,15.0,15.0,1936.0,50.6,1980.0,0.0,272550.0,315343.0,3770.0,0.0,0.0,0.0,0.0,0.0,0.0,13.0,0.0,0.0,0.0,0.0,0,0,0,0,0,0,0.0,0.0,0,0,0,carga4
