event_name,timestamp,session_id,login_name,program_name,database_name,resource_type,mode
login,2026-09-18 16:49:38.669,74,sa,Python,SteelNort,,
login,2026-09-18 16:49:38.669,75,sa,Python,SteelNort,,
login,2026-09-18 16:49:38.669,76,sa,SteelNortCargaNormal,SteelNort,,
login,2026-09-18 16:49:38.669,77,sa,SteelNortCargaNormal,SteelNort,,
login,2026-09-18 16:49:38.669,78,sa,SteelNortCargaNormal,SteelNort,,
login,2026-09-18 16:49:38.669,79,sa,SteelNortCargaNormal,SteelNort,,
login,2026-09-18 16:49:38.669,80,sa,SteelNortCargaNormal,SteelNort,,
login,2026-09-18 16:49:38.669,81,sa,SteelNortCargaNormal,SteelNort,,
login,2026-09-18 16:49:38.669,82,sa,SteelNortCargaNormal,SteelNort,,
login,2026-09-18 16:49:38.669,83,sa,SteelNortCargaNormal,SteelNort,,
login,2026-09-18 16:49:38.669,84,sa,SteelNortCargaNormal,SteelNort,,
login,2026-09-18 16:49:38.669,85,sa,SteelNortCargaNormal,SteelNort,,
lock_acquired,2026-09-18 16:49:38.669,77,,,,DATABASE,S
lock_acquired,2026-09-18 16:49:38.669,84,,,,PAGE,S
lock_acquired,2026-09-18 16:49:38.669,80,,,,DATABASE,S
lock_acquired,2026-09-18 16:49:38.669,84,,,,DATABASE,S
lock_acquired,2026-09-18 16:49:38.669,74,,,,DATABASE,S
lock_acquired,2026-09-18 16:49:38.669,75,,,,DATABASE,S
lock_acquired,2026-09-18 16:49:38.669,81,,,,OBJECT,IS
lock_acquired,2026-09-18 16:49:38.669,76,,,,OBJECT,IX
lock_acquired,2026-09-18 16:49:38.669,82,,,,OBJECT,IS
lock_acquired,2026-09-18 16:49:38.669,76,,,,DATABASE,S
lock_acquired,2026-09-18 16:49:38.669,83,,,,OBJECT,IX
lock_acquired,2026-09-18 16:49:38.669,77,,,,OBJECT,IS
lock_acquired,2026-09-18 16:49:38.669,80,,,,OBJECT,IS
lock_acquired,2026-09-18 16:49:38.669,78,,,,OBJECT,IS
lock_acquired,2026-09-18 16:49:38.669,84,,,,OBJECT,IS
lock_acquired,2026-09-18 16:49:38.669,79,,,,OBJECT,IX
lock_acquired,2026-09-18 16:49:38.669,83,,,,DATABASE,S
lock_acquired,2026-09-18 16:49:38.669,77,,,,PAGE,IS
lock_acquired,2026-09-18 16:49:38.669,81,,,,OBJECT,IX
lock_acquired,2026-09-18 16:49:38.669,79,,,,DATABASE,S
lock_acquired,2026-09-18 16:49:38.669,85,,,,DATABASE,S
lock_acquired,2026-09-18 16:49:38.669,77,,,,KEY,S
lock_acquired,2026-09-18 16:49:38.669,82,,,,OBJECT,IX
lock_acquired,2026-09-18 16:49:38.669,82,,,,DATABASE,S
lock_acquired,2026-09-18 16:49:38.669,76,,,,OBJECT,IS
lock_acquired,2026-09-18 16:49:38.669,81,,,,DATABASE,S
lock_acquired,2026-09-18 16:49:38.669,83,,,,OBJECT,IS
lock_acquired,2026-09-18 16:49:38.669,78,,,,OBJECT,IX
lock_acquired,2026-09-18 16:49:38.669,80,,,,OBJECT,IX
lock_acquired,2026-09-18 16:49:38.669,84,,,,OBJECT,IX
lock_acquired,2026-09-18 16:49:38.669,78,,,,DATABASE,S
lock_acquired,2026-09-18 16:49:38.669,79,,,,OBJECT,IS
login,2026-09-18 16:49:43.716,86,795ec2146175\Administrator,Microsoft SQL Server,SteelNort,,
lock_acquired,2026-09-18 16:49:43.716,76,,,,KEY,X
lock_acquired,2026-09-18 16:49:43.716,77,,,,OBJECT,IX
lock_acquired,2026-09-18 16:49:43.716,84,,,,PAGE,IX
lock_acquired,2026-09-18 16:49:43.716,85,,,,OBJECT,IX
lock_acquired,2026-09-18 16:49:43.716,76,,,,PAGE,IX
lock_acquired,2026-09-18 16:49:43.716,85,,,,OBJECT,IS
lock_released,2026-09-18 16:49:43.716,77,,,,PAGE,IS
lock_released,2026-09-18 16:49:43.716,84,,,,PAGE,S
lock_released,2026-09-18 16:49:43.716,80,,,,OBJECT,IS
lock_released,2026-09-18 16:49:43.716,80,,,,OBJECT,IX
lock_released,2026-09-18 16:49:43.716,77,,,,KEY,S
lock_released,2026-09-18 16:49:43.716,84,,,,OBJECT,IS
lock_released,2026-09-18 16:49:43.716,84,,,,OBJECT,IX
lock_released,2026-09-18 16:49:43.716,76,,,,OBJECT,IS
login,2026-09-18 16:49:48.781,87,sa,unknown,SteelNort,,
login,2026-09-18 16:49:48.781,88,sa,unknown,SteelNort,,
login,2026-09-18 16:49:48.781,89,sa,unknown,SteelNort,,
login,2026-09-18 16:49:48.781,90,sa,unknown,SteelNort,,
login,2026-09-18 16:49:48.781,91,sa,unknown,SteelNort,,
login,2026-09-18 16:49:48.781,92,sa,unknown,SteelNort,,
login,2026-09-18 16:49:48.781,93,sa,unknown,SteelNort,,
login,2026-09-18 16:49:48.781,94,795ec2146175\Administrator,Microsoft SQL Server,SteelNort,,
lock_acquired,2026-09-18 16:49:48.781,77,,,,KEY,U
lock_acquired,2026-09-18 16:49:48.781,76,,,,OBJECT,IS
lock_acquired,2026-09-18 16:49:48.781,77,,,,KEY,X
lock_released,2026-09-18 16:49:48.781,76,,,,KEY,X
lock_released,2026-09-18 16:49:48.781,83,,,,OBJECT,IX
lock_released,2026-09-18 16:49:48.781,84,,,,PAGE,IX
lock_released,2026-09-18 16:49:48.781,83,,,,OBJECT,IS
lock_released,2026-09-18 16:49:48.781,78,,,,OBJECT,IX
lock_released,2026-09-18 16:49:48.781,78,,,,OBJECT,IS
lock_released,2026-09-18 16:49:48.781,76,,,,PAGE,IX
logout,2026-09-18 16:49:53.839,94,,,,,
lock_acquired,2026-09-18 16:49:53.839,82,,,,OBJECT,Sch-S
lock_acquired,2026-09-18 16:49:53.839,83,,,,OBJECT,IX
lock_acquired,2026-09-18 16:49:53.839,79,,,,OBJECT,Sch-S
lock_acquired,2026-09-18 16:49:53.839,83,,,,OBJECT,IS
lock_acquired,2026-09-18 16:49:53.839,78,,,,OBJECT,IX
lock_acquired,2026-09-18 16:49:53.839,80,,,,OBJECT,IS
lock_acquired,2026-09-18 16:49:53.839,80,,,,OBJECT,IX
lock_acquired,2026-09-18 16:49:53.839,79,,,,METADATA,Sch-S
lock_acquired,2026-09-18 16:49:53.839,78,,,,OBJECT,IS
lock_acquired,2026-09-18 16:49:53.839,84,,,,OBJECT,IS
lock_acquired,2026-09-18 16:49:53.839,84,,,,OBJECT,IX
lock_acquired,2026-09-18 16:49:53.839,81,,,,KEY,X
lock_acquired,2026-09-18 16:49:53.839,78,,,,PAGE,S
lock_acquired,2026-09-18 16:49:53.839,80,,,,PAGE,S
lock_released,2026-09-18 16:49:53.839,77,,,,KEY,U
lock_released,2026-09-18 16:49:53.839,77,,,,KEY,X
lock_released,2026-09-18 16:49:53.839,81,,,,OBJECT,IX
lock_released,2026-09-18 16:49:53.839,82,,,,OBJECT,IX
lock_released,2026-09-18 16:49:53.839,81,,,,OBJECT,IS
lock_released,2026-09-18 16:49:53.839,79,,,,OBJECT,IX
lock_released,2026-09-18 16:49:53.839,82,,,,OBJECT,IS
lock_released,2026-09-18 16:49:53.839,79,,,,OBJECT,IS
lock_acquired,2026-09-18 16:49:58.916,76,,,,OBJECT,Sch-S
lock_acquired,2026-09-18 16:49:58.916,81,,,,OBJECT,IX
lock_acquired,2026-09-18 16:49:58.916,82,,,,OBJECT,IX
lock_acquired,2026-09-18 16:49:58.916,79,,,,PAGE,S
lock_acquired,2026-09-18 16:49:58.916,82,,,,PAGE,S
lock_acquired,2026-09-18 16:49:58.916,81,,,,OBJECT,IS
lock_acquired,2026-09-18 16:49:58.916,79,,,,OBJECT,IX
lock_acquired,2026-09-18 16:49:58.916,82,,,,OBJECT,IS
lock_acquired,2026-09-18 16:49:58.916,81,,,,PAGE,S
lock_acquired,2026-09-18 16:49:58.916,79,,,,OBJECT,IS
lock_released,2026-09-18 16:49:58.916,82,,,,OBJECT,Sch-S
lock_released,2026-09-18 16:49:58.916,78,,,,PAGE,S
lock_released,2026-09-18 16:49:58.916,77,,,,OBJECT,IS
lock_released,2026-09-18 16:49:58.916,79,,,,OBJECT,Sch-S
lock_released,2026-09-18 16:49:58.916,79,,,,METADATA,Sch-S
lock_released,2026-09-18 16:49:58.916,84,,,,OBJECT,IS
lock_released,2026-09-18 16:49:58.916,76,,,,OBJECT,IX
lock_released,2026-09-18 16:49:58.916,84,,,,OBJECT,IX
lock_released,2026-09-18 16:49:58.916,81,,,,KEY,X
lock_released,2026-09-18 16:49:58.916,76,,,,OBJECT,IS
lock_acquired,2026-09-18 16:50:03.982,78,,,,PAGE,IX
lock_acquired,2026-09-18 16:50:03.982,76,,,,METADATA,Sch-S
lock_acquired,2026-09-18 16:50:03.982,84,,,,OBJECT,IS
lock_acquired,2026-09-18 16:50:03.982,77,,,,OBJECT,Sch-S
lock_acquired,2026-09-18 16:50:03.982,84,,,,OBJECT,IX
lock_acquired,2026-09-18 16:50:03.982,78,,,,KEY,X
lock_released,2026-09-18 16:50:03.982,77,,,,OBJECT,IX
lock_released,2026-09-18 16:50:03.982,79,,,,PAGE,S
lock_released,2026-09-18 16:50:03.982,82,,,,PAGE,S
lock_released,2026-09-18 16:50:03.982,80,,,,PAGE,S
lock_released,2026-09-18 16:50:03.982,78,,,,OBJECT,IS
lock_released,2026-09-18 16:50:03.982,79,,,,OBJECT,IX
lock_released,2026-09-18 16:50:03.982,81,,,,PAGE,S
lock_released,2026-09-18 16:50:03.982,79,,,,OBJECT,IS
lock_acquired,2026-09-18 16:50:09.056,78,,,,PAGE,S
lock_acquired,2026-09-18 16:50:09.056,85,,,,OBJECT,Sch-S
lock_acquired,2026-09-18 16:50:09.056,85,,,,METADATA,Sch-S
lock_acquired,2026-09-18 16:50:09.056,79,,,,OBJECT,IS
lock_acquired,2026-09-18 16:50:09.056,78,,,,OBJECT,IS
lock_acquired,2026-09-18 16:50:09.056,76,,,,OBJECT,IX
lock_acquired,2026-09-18 16:50:09.056,79,,,,OBJECT,IX
lock_acquired,2026-09-18 16:50:09.056,76,,,,OBJECT,IS
lock_acquired,2026-09-18 16:50:09.056,80,,,,PAGE,S
lock_released,2026-09-18 16:50:09.056,83,,,,OBJECT,IX
lock_released,2026-09-18 16:50:09.056,76,,,,OBJECT,Sch-S
lock_released,2026-09-18 16:50:09.056,78,,,,PAGE,IX
lock_released,2026-09-18 16:50:09.056,76,,,,METADATA,Sch-S
lock_released,2026-09-18 16:50:09.056,83,,,,OBJECT,IS
lock_released,2026-09-18 16:50:09.056,84,,,,OBJECT,IS
lock_released,2026-09-18 16:50:09.056,84,,,,OBJECT,IX
lock_released,2026-09-18 16:50:09.056,77,,,,OBJECT,Sch-S
lock_released,2026-09-18 16:50:09.056,85,,,,OBJECT,IX
lock_released,2026-09-18 16:50:09.056,78,,,,KEY,X
lock_released,2026-09-18 16:50:09.056,85,,,,OBJECT,IS
lock_acquired,2026-09-18 16:50:14.178,80,,,,METADATA,Sch-S
lock_acquired,2026-09-18 16:50:14.178,77,,,,KEY,X
lock_acquired,2026-09-18 16:50:14.178,79,,,,KEY,X
lock_acquired,2026-09-18 16:50:14.178,77,,,,OBJECT,IX
lock_acquired,2026-09-18 16:50:14.178,85,,,,PAGE,IS
lock_acquired,2026-09-18 16:50:14.178,84,,,,OBJECT,IS
lock_acquired,2026-09-18 16:50:14.178,84,,,,OBJECT,IX
lock_acquired,2026-09-18 16:50:14.178,80,,,,OBJECT,Sch-S
lock_acquired,2026-09-18 16:50:14.178,77,,,,PAGE,IX
lock_acquired,2026-09-18 16:50:14.178,85,,,,OBJECT,IS
lock_released,2026-09-18 16:50:14.178,85,,,,OBJECT,Sch-S
lock_released,2026-09-18 16:50:14.178,85,,,,METADATA,Sch-S
lock_released,2026-09-18 16:50:14.178,80,,,,OBJECT,IS
lock_released,2026-09-18 16:50:14.178,80,,,,OBJECT,IX
lock_released,2026-09-18 16:50:14.178,79,,,,OBJECT,IS
lock_released,2026-09-18 16:50:14.178,79,,,,OBJECT,IX
lock_released,2026-09-18 16:50:14.178,78,,,,PAGE,S
lock_released,2026-09-18 16:50:14.178,80,,,,PAGE,S
lock_acquired,2026-09-18 16:50:19.242,83,,,,OBJECT,IX
lock_acquired,2026-09-18 16:50:19.242,79,,,,OBJECT,Sch-S
lock_acquired,2026-09-18 16:50:19.242,77,,,,OBJECT,IS
lock_acquired,2026-09-18 16:50:19.242,83,,,,OBJECT,IS
lock_acquired,2026-09-18 16:50:19.242,80,,,,OBJECT,IS
lock_acquired,2026-09-18 16:50:19.242,80,,,,OBJECT,IX
lock_acquired,2026-09-18 16:50:19.242,85,,,,OBJECT,IX
lock_acquired,2026-09-18 16:50:19.242,84,,,,OBJECT,Sch-S
lock_released,2026-09-18 16:50:19.242,80,,,,METADATA,Sch-S
lock_released,2026-09-18 16:50:19.242,77,,,,KEY,X
lock_released,2026-09-18 16:50:19.242,79,,,,KEY,X
lock_released,2026-09-18 16:50:19.242,85,,,,PAGE,IS
lock_released,2026-09-18 16:50:19.242,84,,,,OBJECT,IS
lock_released,2026-09-18 16:50:19.242,76,,,,OBJECT,IX
lock_released,2026-09-18 16:50:19.242,84,,,,OBJECT,IX
lock_released,2026-09-18 16:50:19.242,80,,,,OBJECT,Sch-S
lock_released,2026-09-18 16:50:19.242,77,,,,PAGE,IX
lock_released,2026-09-18 16:50:19.242,76,,,,OBJECT,IS
login,2026-09-18 16:50:24.327,94,795ec2146175\Administrator,Microsoft SQL Server,SteelNort,,
lock_acquired,2026-09-18 16:50:24.327,84,,,,METADATA,Sch-S
lock_acquired,2026-09-18 16:50:24.327,84,,,,KEY,X
lock_acquired,2026-09-18 16:50:24.327,83,,,,KEY,X
lock_acquired,2026-09-18 16:50:24.327,79,,,,PAGE,IX
lock_acquired,2026-09-18 16:50:24.327,83,,,,OBJECT,Sch-S
lock_acquired,2026-09-18 16:50:24.327,76,,,,OBJECT,IX
lock_acquired,2026-09-18 16:50:24.327,79,,,,OBJECT,IX
lock_acquired,2026-09-18 16:50:24.327,78,,,,KEY,X
lock_acquired,2026-09-18 16:50:24.327,76,,,,OBJECT,IS
lock_released,2026-09-18 16:50:24.327,83,,,,OBJECT,IS
lock_released,2026-09-18 16:50:24.327,78,,,,OBJECT,IS
lock_released,2026-09-18 16:50:24.327,78,,,,OBJECT,IX
lock_released,2026-09-18 16:50:24.327,79,,,,OBJECT,Sch-S
lock_acquired,2026-09-18 16:50:29.413,83,,,,OBJECT,IS
lock_acquired,2026-09-18 16:50:29.413,78,,,,OBJECT,IX
lock_acquired,2026-09-18 16:50:29.413,76,,,,PAGE,S
lock_acquired,2026-09-18 16:50:29.413,78,,,,OBJECT,IS
lock_acquired,2026-09-18 16:50:29.413,84,,,,OBJECT,IS
lock_acquired,2026-09-18 16:50:29.413,84,,,,OBJECT,IX
lock_acquired,2026-09-18 16:50:29.413,81,,,,PAGE,S
lock_released,2026-09-18 16:50:29.413,84,,,,METADATA,Sch-S
lock_released,2026-09-18 16:50:29.413,84,,,,KEY,X
lock_released,2026-09-18 16:50:29.413,83,,,,KEY,X
lock_released,2026-09-18 16:50:29.413,79,,,,PAGE,IX
lock_released,2026-09-18 16:50:29.413,83,,,,OBJECT,Sch-S
lock_released,2026-09-18 16:50:29.413,79,,,,OBJECT,IX
lock_released,2026-09-18 16:50:29.413,78,,,,KEY,X
lock_released,2026-09-18 16:50:29.413,84,,,,OBJECT,Sch-S
logout,2026-09-18 16:50:34.527,94,,,,,
lock_acquired,2026-09-18 16:50:34.527,79,,,,OBJECT,IS
lock_acquired,2026-09-18 16:50:34.527,80,,,,PAGE,S
lock_acquired,2026-09-18 16:50:34.527,79,,,,OBJECT,IX
lock_released,2026-09-18 16:50:34.527,81,,,,OBJECT,IX
lock_released,2026-09-18 16:50:34.527,82,,,,OBJECT,IX
lock_released,2026-09-18 16:50:34.527,80,,,,OBJECT,IX
lock_released,2026-09-18 16:50:34.527,81,,,,OBJECT,IS
lock_released,2026-09-18 16:50:34.527,76,,,,PAGE,S
lock_released,2026-09-18 16:50:34.527,82,,,,OBJECT,IS
lock_released,2026-09-18 16:50:34.527,81,,,,PAGE,S
login,2026-09-18 16:50:39.566,94,unknown,SQLCMD,SteelNort,,
lock_acquired,2026-09-18 16:50:39.566,81,,,,OBJECT,IX
lock_acquired,2026-09-18 16:50:39.566,82,,,,OBJECT,IX
lock_acquired,2026-09-18 16:50:39.566,80,,,,OBJECT,IX
lock_acquired,2026-09-18 16:50:39.566,81,,,,OBJECT,IS
lock_acquired,2026-09-18 16:50:39.566,82,,,,OBJECT,IS
lock_acquired,2026-09-18 16:50:39.566,81,,,,PAGE,S
lock_acquired,2026-09-18 16:50:39.566,78,,,,PAGE,S
lock_released,2026-09-18 16:50:39.566,79,,,,OBJECT,IS
lock_released,2026-09-18 16:50:39.566,80,,,,PAGE,S
lock_released,2026-09-18 16:50:39.566,79,,,,OBJECT,IX
logout,2026-09-18 16:50:44.643,94,,,,,
lock_acquired,2026-09-18 16:50:44.643,85,,,,KEY,U
lock_acquired,2026-09-18 16:50:44.643,82,,,,PAGE,S
lock_acquired,2026-09-18 16:50:44.643,85,,,,PAGE,IX
lock_acquired,2026-09-18 16:50:44.643,84,,,,KEY,X
lock_acquired,2026-09-18 16:50:44.643,85,,,,KEY,X
lock_acquired,2026-09-18 16:50:44.643,80,,,,PAGE,S
lock_released,2026-09-18 16:50:44.643,83,,,,OBJECT,IX
lock_released,2026-09-18 16:50:44.643,78,,,,PAGE,S
lock_released,2026-09-18 16:50:44.643,77,,,,OBJECT,IS
lock_released,2026-09-18 16:50:44.643,77,,,,OBJECT,IX
lock_released,2026-09-18 16:50:44.643,83,,,,OBJECT,IS
lock_released,2026-09-18 16:50:44.643,84,,,,OBJECT,IS
lock_released,2026-09-18 16:50:44.643,76,,,,OBJECT,IX
lock_released,2026-09-18 16:50:44.643,76,,,,OBJECT,IS
lock_released,2026-09-18 16:50:44.643,85,,,,OBJECT,IS
lock_acquired,2026-09-18 16:50:49.690,83,,,,OBJECT,IX
lock_acquired,2026-09-18 16:50:49.690,77,,,,OBJECT,IS
lock_acquired,2026-09-18 16:50:49.690,78,,,,PAGE,IX
lock_acquired,2026-09-18 16:50:49.690,77,,,,OBJECT,IX
lock_acquired,2026-09-18 16:50:49.690,83,,,,OBJECT,IS
lock_acquired,2026-09-18 16:50:49.690,76,,,,PAGE,S
lock_acquired,2026-09-18 16:50:49.690,79,,,,OBJECT,IS
lock_acquired,2026-09-18 16:50:49.690,84,,,,OBJECT,IS
lock_acquired,2026-09-18 16:50:49.690,76,,,,OBJECT,IX
lock_acquired,2026-09-18 16:50:49.690,79,,,,OBJECT,IX
lock_acquired,2026-09-18 16:50:49.690,78,,,,KEY,X
lock_acquired,2026-09-18 16:50:49.690,76,,,,OBJECT,IS
lock_acquired,2026-09-18 16:50:49.690,85,,,,OBJECT,IS
lock_released,2026-09-18 16:50:49.690,85,,,,KEY,U
lock_released,2026-09-18 16:50:49.690,84,,,,KEY,X
lock_released,2026-09-18 16:50:49.690,82,,,,PAGE,S
lock_released,2026-09-18 16:50:49.690,85,,,,PAGE,IX
lock_released,2026-09-18 16:50:49.690,78,,,,OBJECT,IS
lock_released,2026-09-18 16:50:49.690,81,,,,PAGE,S
lock_released,2026-09-18 16:50:49.690,85,,,,KEY,X
lock_released,2026-09-18 16:50:49.690,80,,,,PAGE,S
logout,2026-09-18 16:50:54.787,68,,,,,
lock_acquired,2026-09-18 16:50:54.787,78,,,,OBJECT,IS
lock_released,2026-09-18 16:50:54.787,78,,,,PAGE,IX
lock_released,2026-09-18 16:50:54.787,68,,,,DATABASE,S
lock_released,2026-09-18 16:50:54.787,76,,,,PAGE,S
lock_released,2026-09-18 16:50:54.787,79,,,,OBJECT,IX
lock_released,2026-09-18 16:50:54.787,78,,,,KEY,X
lock_released,2026-09-18 16:50:54.787,79,,,,OBJECT,IS
logout,2026-09-18 16:50:59.894,75,,,,,
lock_acquired,2026-09-18 16:50:59.894,85,,,,OBJECT,Sch-S
lock_acquired,2026-09-18 16:50:59.894,85,,,,METADATA,Sch-S
lock_acquired,2026-09-18 16:50:59.894,79,,,,PAGE,S
lock_acquired,2026-09-18 16:50:59.894,79,,,,OBJECT,IX
lock_acquired,2026-09-18 16:50:59.894,79,,,,OBJECT,IS
lock_released,2026-09-18 16:50:59.894,75,,,,DATABASE,S
lock_released,2026-09-18 16:50:59.894,85,,,,OBJECT,IS
lock_released,2026-09-18 16:50:59.894,77,,,,OBJECT,IX
lock_released,2026-09-18 16:50:59.894,85,,,,OBJECT,IX
lock_acquired,2026-09-18 16:51:04.946,82,,,,OBJECT,Sch-S
lock_acquired,2026-09-18 16:51:04.946,77,,,,OBJECT,IX
lock_acquired,2026-09-18 16:51:04.946,79,,,,OBJECT,Sch-S
lock_acquired,2026-09-18 16:51:04.946,83,,,,PAGE,S
lock_acquired,2026-09-18 16:51:04.946,85,,,,OBJECT,IS
lock_released,2026-09-18 16:51:04.946,82,,,,OBJECT,IX
lock_released,2026-09-18 16:51:04.946,79,,,,PAGE,S
lock_released,2026-09-18 16:51:04.946,79,,,,OBJECT,IX
lock_released,2026-09-18 16:51:04.946,82,,,,OBJECT,IS
lock_released,2026-09-18 16:51:04.946,79,,,,OBJECT,IS
lock_acquired,2026-09-18 16:51:09.991,77,,,,PAGE,S
lock_released,2026-09-18 16:51:09.991,85,,,,OBJECT,Sch-S
lock_released,2026-09-18 16:51:09.991,79,,,,OBJECT,Sch-S
lock_released,2026-09-18 16:51:09.991,85,,,,METADATA,Sch-S
lock_released,2026-09-18 16:51:09.991,83,,,,PAGE,S
lock_released,2026-09-18 16:51:09.991,85,,,,OBJECT,IS
lock_acquired,2026-09-18 16:51:15.042,79,,,,OBJECT,Sch-S
lock_acquired,2026-09-18 16:51:15.042,84,,,,PAGE,IX
lock_acquired,2026-09-18 16:51:15.042,85,,,,OBJECT,IX
lock_acquired,2026-09-18 16:51:15.042,84,,,,KEY,X
lock_acquired,2026-09-18 16:51:15.042,85,,,,OBJECT,IS
lock_released,2026-09-18 16:51:15.042,82,,,,OBJECT,Sch-S
lock_released,2026-09-18 16:51:15.042,84,,,,OBJECT,IS
lock_released,2026-09-18 16:51:15.042,77,,,,PAGE,S
lock_acquired,2026-09-18 16:51:20.168,82,,,,OBJECT,Sch-S
lock_acquired,2026-09-18 16:51:20.168,82,,,,KEY,S
lock_acquired,2026-09-18 16:51:20.168,84,,,,OBJECT,IS
lock_acquired,2026-09-18 16:51:20.168,79,,,,OBJECT,IX
lock_acquired,2026-09-18 16:51:20.168,79,,,,OBJECT,IS
lock_released,2026-09-18 16:51:20.168,79,,,,OBJECT,Sch-S
lock_released,2026-09-18 16:51:20.168,84,,,,PAGE,IX
lock_released,2026-09-18 16:51:20.168,81,,,,OBJECT,IX
lock_released,2026-09-18 16:51:20.168,81,,,,OBJECT,IS
lock_released,2026-09-18 16:51:20.168,84,,,,KEY,X
lock_acquired,2026-09-18 16:51:25.198,82,,,,OBJECT,IS
lock_acquired,2026-09-18 16:51:25.198,82,,,,OBJECT,IX
lock_acquired,2026-09-18 16:51:25.198,81,,,,PAGE,IX
lock_released,2026-09-18 16:51:25.198,82,,,,OBJECT,Sch-S
lock_released,2026-09-18 16:51:25.198,76,,,,OBJECT,IS
lock_released,2026-09-18 16:51:25.198,76,,,,OBJECT,IX
lock_released,2026-09-18 16:51:25.198,82,,,,KEY,S
lock_acquired,2026-09-18 16:51:30.266,77,,,,PAGE,IS
lock_acquired,2026-09-18 16:51:30.266,82,,,,OBJECT,Sch-S
lock_acquired,2026-09-18 16:51:30.266,80,,,,PAGE,IX
lock_acquired,2026-09-18 16:51:30.266,78,,,,PAGE,IX
lock_acquired,2026-09-18 16:51:30.266,81,,,,OBJECT,IX
lock_acquired,2026-09-18 16:51:30.266,82,,,,METADATA,Sch-S
lock_acquired,2026-09-18 16:51:30.266,80,,,,PAGE,IU
lock_acquired,2026-09-18 16:51:30.266,81,,,,OBJECT,IS
lock_acquired,2026-09-18 16:51:30.266,77,,,,KEY,S
lock_acquired,2026-09-18 16:51:30.266,78,,,,KEY,X
lock_released,2026-09-18 16:51:30.266,81,,,,PAGE,IX
lock_released,2026-09-18 16:51:30.266,77,,,,OBJECT,IX
lock_released,2026-09-18 16:51:30.266,82,,,,OBJECT,IX
lock_released,2026-09-18 16:51:30.266,80,,,,OBJECT,IS
lock_released,2026-09-18 16:51:30.266,78,,,,OBJECT,IS
lock_released,2026-09-18 16:51:30.266,82,,,,OBJECT,IS
lock_acquired,2026-09-18 16:51:35.314,76,,,,KEY,X
lock_acquired,2026-09-18 16:51:35.314,84,,,,PAGE,S
lock_acquired,2026-09-18 16:51:35.314,77,,,,KEY,X
lock_acquired,2026-09-18 16:51:35.314,81,,,,PAGE,IX
lock_acquired,2026-09-18 16:51:35.314,85,,,,PAGE,S
lock_acquired,2026-09-18 16:51:35.314,79,,,,OBJECT,Sch-S
lock_acquired,2026-09-18 16:51:35.314,77,,,,OBJECT,IX
lock_acquired,2026-09-18 16:51:35.314,77,,,,PAGE,IX
lock_acquired,2026-09-18 16:51:35.314,82,,,,OBJECT,IX
lock_acquired,2026-09-18 16:51:35.314,80,,,,OBJECT,IS
lock_acquired,2026-09-18 16:51:35.314,82,,,,PAGE,S
lock_acquired,2026-09-18 16:51:35.314,79,,,,METADATA,Sch-S
lock_acquired,2026-09-18 16:51:35.314,78,,,,OBJECT,IS
lock_acquired,2026-09-18 16:51:35.314,76,,,,OBJECT,IX
lock_acquired,2026-09-18 16:51:35.314,81,,,,KEY,X
lock_acquired,2026-09-18 16:51:35.314,82,,,,OBJECT,IS
lock_acquired,2026-09-18 16:51:35.314,76,,,,PAGE,IX
lock_released,2026-09-18 16:51:35.314,77,,,,PAGE,IS
lock_released,2026-09-18 16:51:35.314,82,,,,OBJECT,Sch-S
lock_released,2026-09-18 16:51:35.314,80,,,,PAGE,IX
lock_released,2026-09-18 16:51:35.314,77,,,,OBJECT,IS
lock_released,2026-09-18 16:51:35.314,78,,,,PAGE,IX
lock_released,2026-09-18 16:51:35.314,83,,,,OBJECT,IS
lock_released,2026-09-18 16:51:35.314,82,,,,METADATA,Sch-S
lock_released,2026-09-18 16:51:35.314,80,,,,PAGE,IU
lock_released,2026-09-18 16:51:35.314,81,,,,OBJECT,IS
lock_released,2026-09-18 16:51:35.314,77,,,,KEY,S
lock_released,2026-09-18 16:51:35.314,79,,,,OBJECT,IX
lock_released,2026-09-18 16:51:35.314,78,,,,KEY,X
lock_released,2026-09-18 16:51:35.314,79,,,,OBJECT,IS
lock_acquired,2026-09-18 16:51:40.360,76,,,,OBJECT,IS
lock_acquired,2026-09-18 16:51:40.360,81,,,,OBJECT,IS
lock_acquired,2026-09-18 16:51:40.360,76,,,,PAGE,S
lock_acquired,2026-09-18 16:51:40.360,84,,,,OBJECT,Sch-S
lock_acquired,2026-09-18 16:51:40.360,83,,,,PAGE,IX
lock_acquired,2026-09-18 16:51:40.360,79,,,,OBJECT,IS
lock_released,2026-09-18 16:51:40.360,76,,,,KEY,X
lock_released,2026-09-18 16:51:40.360,83,,,,OBJECT,IX
lock_released,2026-09-18 16:51:40.360,84,,,,PAGE,S
lock_released,2026-09-18 16:51:40.360,81,,,,PAGE,IX
lock_released,2026-09-18 16:51:40.360,85,,,,PAGE,S
lock_released,2026-09-18 16:51:40.360,79,,,,OBJECT,Sch-S
lock_released,2026-09-18 16:51:40.360,77,,,,OBJECT,IX
lock_released,2026-09-18 16:51:40.360,82,,,,PAGE,S
lock_released,2026-09-18 16:51:40.360,79,,,,METADATA,Sch-S
lock_released,2026-09-18 16:51:40.360,84,,,,OBJECT,IS
lock_released,2026-09-18 16:51:40.360,84,,,,OBJECT,IX
lock_released,2026-09-18 16:51:40.360,81,,,,KEY,X
lock_released,2026-09-18 16:51:40.360,76,,,,PAGE,IX
lock_acquired,2026-09-18 16:51:45.437,83,,,,OBJECT,IX
lock_acquired,2026-09-18 16:51:45.437,77,,,,OBJECT,IS
lock_acquired,2026-09-18 16:51:45.437,77,,,,OBJECT,IX
lock_acquired,2026-09-18 16:51:45.437,83,,,,OBJECT,IS
lock_acquired,2026-09-18 16:51:45.437,74,,,,OBJECT,Sch-S
lock_acquired,2026-09-18 16:51:45.437,84,,,,OBJECT,IS
lock_acquired,2026-09-18 16:51:45.437,84,,,,OBJECT,IX
lock_acquired,2026-09-18 16:51:45.437,79,,,,OBJECT,IX
lock_released,2026-09-18 16:51:45.437,77,,,,KEY,X
lock_released,2026-09-18 16:51:45.437,76,,,,PAGE,S
lock_released,2026-09-18 16:51:45.437,77,,,,PAGE,IX
lock_released,2026-09-18 16:51:45.437,84,,,,OBJECT,Sch-S
lock_released,2026-09-18 16:51:45.437,83,,,,PAGE,IX
lock_acquired,2026-09-18 16:51:50.579,76,,,,OBJECT,Sch-S
lock_acquired,2026-09-18 16:51:50.579,76,,,,METADATA,Sch-S
lock_acquired,2026-09-18 16:51:50.579,77,,,,OBJECT,Sch-S
lock_acquired,2026-09-18 16:51:50.579,80,,,,OBJECT,Sch-S
lock_acquired,2026-09-18 16:51:50.579,77,,,,METADATA,Sch-S
lock_acquired,2026-09-18 16:51:50.579,78,,,,PAGE,S
lock_released,2026-09-18 16:51:50.579,77,,,,OBJECT,IS
lock_released,2026-09-18 16:51:50.579,77,,,,OBJECT,IX
lock_released,2026-09-18 16:51:50.579,80,,,,OBJECT,IS
lock_released,2026-09-18 16:51:50.579,74,,,,OBJECT,Sch-S
lock_released,2026-09-18 16:51:50.579,80,,,,OBJECT,IX
lock_released,2026-09-18 16:51:50.579,81,,,,OBJECT,IS
lock_released,2026-09-18 16:51:50.579,76,,,,OBJECT,IX
lock_released,2026-09-18 16:51:50.579,76,,,,OBJECT,IS
lock_acquired,2026-09-18 16:51:55.637,77,,,,OBJECT,IS
lock_acquired,2026-09-18 16:51:55.637,77,,,,OBJECT,IX
lock_acquired,2026-09-18 16:51:55.637,80,,,,OBJECT,IS
lock_acquired,2026-09-18 16:51:55.637,80,,,,OBJECT,IX
lock_acquired,2026-09-18 16:51:55.637,81,,,,OBJECT,IS
lock_acquired,2026-09-18 16:51:55.637,76,,,,OBJECT,IX
lock_acquired,2026-09-18 16:51:55.637,78,,,,OBJECT,Sch-S
lock_acquired,2026-09-18 16:51:55.637,83,,,,PAGE,IX
lock_released,2026-09-18 16:51:55.637,83,,,,OBJECT,IX
lock_released,2026-09-18 16:51:55.637,76,,,,OBJECT,Sch-S
lock_released,2026-09-18 16:51:55.637,76,,,,METADATA,Sch-S
lock_released,2026-09-18 16:51:55.637,83,,,,OBJECT,IS
lock_released,2026-09-18 16:51:55.637,78,,,,OBJECT,IX
lock_released,2026-09-18 16:51:55.637,78,,,,OBJECT,IS
lock_released,2026-09-18 16:51:55.637,77,,,,OBJECT,Sch-S
lock_released,2026-09-18 16:51:55.637,80,,,,OBJECT,Sch-S
lock_released,2026-09-18 16:51:55.637,77,,,,METADATA,Sch-S
lock_released,2026-09-18 16:51:55.637,78,,,,PAGE,S
lock_acquired,2026-09-18 16:52:00.727,83,,,,OBJECT,IX
lock_acquired,2026-09-18 16:52:00.727,83,,,,OBJECT,IS
lock_acquired,2026-09-18 16:52:00.727,79,,,,PAGE,S
lock_acquired,2026-09-18 16:52:00.727,78,,,,OBJECT,IX
lock_acquired,2026-09-18 16:52:00.727,78,,,,OBJECT,IS
lock_acquired,2026-09-18 16:52:00.727,77,,,,PAGE,S
lock_acquired,2026-09-18 16:52:00.727,81,,,,OBJECT,Sch-S
lock_acquired,2026-09-18 16:52:00.727,76,,,,OBJECT,IS
lock_acquired,2026-09-18 16:52:00.727,81,,,,METADATA,Sch-S
lock_released,2026-09-18 16:52:00.727,81,,,,OBJECT,IX
lock_released,2026-09-18 16:52:00.727,81,,,,OBJECT,IS
lock_released,2026-09-18 16:52:00.727,84,,,,OBJECT,IX
lock_released,2026-09-18 16:52:00.727,84,,,,OBJECT,IS
lock_released,2026-09-18 16:52:00.727,78,,,,OBJECT,Sch-S
lock_released,2026-09-18 16:52:00.727,83,,,,PAGE,IX
lock_acquired,2026-09-18 16:52:05.776,79,,,,OBJECT,Sch-S
lock_acquired,2026-09-18 16:52:05.776,81,,,,OBJECT,IX
lock_acquired,2026-09-18 16:52:05.776,76,,,,PAGE,S
lock_acquired,2026-09-18 16:52:05.776,81,,,,OBJECT,IS
lock_acquired,2026-09-18 16:52:05.776,84,,,,OBJECT,IS
lock_acquired,2026-09-18 16:52:05.776,79,,,,METADATA,Sch-S
lock_acquired,2026-09-18 16:52:05.776,84,,,,OBJECT,IX
lock_acquired,2026-09-18 16:52:05.776,81,,,,PAGE,S
lock_acquired,2026-09-18 16:52:05.776,80,,,,PAGE,S
lock_released,2026-09-18 16:52:05.776,79,,,,PAGE,S
lock_released,2026-09-18 16:52:05.776,77,,,,PAGE,S
lock_released,2026-09-18 16:52:05.776,79,,,,OBJECT,IX
lock_released,2026-09-18 16:52:05.776,82,,,,OBJECT,IS
lock_released,2026-09-18 16:52:05.776,81,,,,OBJECT,Sch-S
lock_released,2026-09-18 16:52:05.776,79,,,,OBJECT,IS
lock_released,2026-09-18 16:52:05.776,81,,,,METADATA,Sch-S
lock_acquired,2026-09-18 16:52:10.900,85,,,,PAGE,S
lock_acquired,2026-09-18 16:52:10.900,79,,,,OBJECT,IX
lock_acquired,2026-09-18 16:52:10.900,82,,,,OBJECT,IS
lock_acquired,2026-09-18 16:52:10.900,81,,,,OBJECT,Sch-S
lock_acquired,2026-09-18 16:52:10.900,78,,,,OBJECT,Sch-S
lock_acquired,2026-09-18 16:52:10.900,76,,,,PAGE,IX
lock_acquired,2026-09-18 16:52:10.900,79,,,,OBJECT,IS
lock_acquired,2026-09-18 16:52:10.900,81,,,,METADATA,Sch-S
lock_released,2026-09-18 16:52:10.900,79,,,,OBJECT,Sch-S
lock_released,2026-09-18 16:52:10.900,81,,,,OBJECT,IX
lock_released,2026-09-18 16:52:10.900,78,,,,OBJECT,IX
lock_released,2026-09-18 16:52:10.900,76,,,,PAGE,S
lock_released,2026-09-18 16:52:10.900,81,,,,OBJECT,IS
lock_released,2026-09-18 16:52:10.900,78,,,,OBJECT,IS
lock_released,2026-09-18 16:52:10.900,79,,,,METADATA,Sch-S
lock_released,2026-09-18 16:52:10.900,81,,,,PAGE,S
lock_released,2026-09-18 16:52:10.900,76,,,,OBJECT,IS
lock_released,2026-09-18 16:52:10.900,80,,,,PAGE,S
lock_acquired,2026-09-18 16:52:15.952,84,,,,PAGE,S
lock_acquired,2026-09-18 16:52:15.952,78,,,,PAGE,S
lock_acquired,2026-09-18 16:52:15.952,85,,,,OBJECT,Sch-S
lock_acquired,2026-09-18 16:52:15.952,78,,,,OBJECT,IX
lock_acquired,2026-09-18 16:52:15.952,78,,,,OBJECT,IS
lock_acquired,2026-09-18 16:52:15.952,80,,,,KEY,X
lock_acquired,2026-09-18 16:52:15.952,77,,,,PAGE,S
lock_acquired,2026-09-18 16:52:15.952,79,,,,PAGE,IS
lock_acquired,2026-09-18 16:52:15.952,76,,,,OBJECT,IS
lock_released,2026-09-18 16:52:15.952,85,,,,PAGE,S
lock_released,2026-09-18 16:52:15.952,85,,,,OBJECT,IX
lock_released,2026-09-18 16:52:15.952,80,,,,OBJECT,IS
lock_released,2026-09-18 16:52:15.952,79,,,,OBJECT,IX
lock_released,2026-09-18 16:52:15.952,78,,,,OBJECT,Sch-S
lock_released,2026-09-18 16:52:15.952,76,,,,PAGE,IX
lock_released,2026-09-18 16:52:15.952,85,,,,OBJECT,IS
lock_released,2026-09-18 16:52:15.952,81,,,,METADATA,Sch-S
lock_acquired,2026-09-18 16:52:22.424,85,,,,METADATA,Sch-S
lock_acquired,2026-09-18 16:52:22.424,81,,,,OBJECT,IX
lock_acquired,2026-09-18 16:52:22.424,84,,,,PAGE,IS
lock_acquired,2026-09-18 16:52:22.424,80,,,,OBJECT,IS
lock_acquired,2026-09-18 16:52:22.424,81,,,,OBJECT,IS
lock_acquired,2026-09-18 16:52:22.424,79,,,,OBJECT,IX
lock_released,2026-09-18 16:52:22.424,84,,,,PAGE,S
lock_released,2026-09-18 16:52:22.424,84,,,,OBJECT,IX
lock_released,2026-09-18 16:52:22.424,76,,,,OBJECT,IX
lock_released,2026-09-18 16:52:22.424,80,,,,KEY,X
lock_released,2026-09-18 16:52:22.424,79,,,,PAGE,IS
lock_released,2026-09-18 16:52:22.424,81,,,,OBJECT,Sch-S
lock_released,2026-09-18 16:52:22.424,76,,,,OBJECT,IS
logout,2026-09-18 16:52:27.465,65,,,,,
lock_acquired,2026-09-18 16:52:27.465,77,,,,KEY,X
lock_acquired,2026-09-18 16:52:27.465,80,,,,PAGE,S
lock_acquired,2026-09-18 16:52:27.465,84,,,,OBJECT,IX
lock_acquired,2026-09-18 16:52:27.465,76,,,,OBJECT,IX
lock_acquired,2026-09-18 16:52:27.465,85,,,,OBJECT,IX
lock_acquired,2026-09-18 16:52:27.465,77,,,,PAGE,IX
lock_acquired,2026-09-18 16:52:27.465,76,,,,OBJECT,IS
lock_acquired,2026-09-18 16:52:27.465,85,,,,OBJECT,IS
lock_released,2026-09-18 16:52:27.465,85,,,,OBJECT,Sch-S
lock_released,2026-09-18 16:52:27.465,77,,,,OBJECT,IS
lock_released,2026-09-18 16:52:27.465,77,,,,OBJECT,IX
lock_released,2026-09-18 16:52:27.465,85,,,,METADATA,Sch-S
lock_released,2026-09-18 16:52:27.465,84,,,,PAGE,IS
lock_released,2026-09-18 16:52:27.465,77,,,,PAGE,S
lock_released,2026-09-18 16:52:27.465,79,,,,OBJECT,IX
lock_released,2026-09-18 16:52:27.465,78,,,,PAGE,S
lock_released,2026-09-18 16:52:27.465,79,,,,OBJECT,IS
lock_acquired,2026-09-18 16:52:32.508,77,,,,OBJECT,IX
lock_acquired,2026-09-18 16:52:32.508,84,,,,PAGE,S
lock_acquired,2026-09-18 16:52:32.508,77,,,,OBJECT,IS
lock_released,2026-09-18 16:52:32.508,77,,,,KEY,X
lock_released,2026-09-18 16:52:32.508,78,,,,OBJECT,IX
lock_released,2026-09-18 16:52:32.508,80,,,,PAGE,S
lock_released,2026-09-18 16:52:32.508,85,,,,OBJECT,IX
lock_released,2026-09-18 16:52:32.508,77,,,,PAGE,IX
lock_released,2026-09-18 16:52:32.508,85,,,,OBJECT,IS
lock_acquired,2026-09-18 16:52:37.552,77,,,,KEY,X
lock_acquired,2026-09-18 16:52:37.552,79,,,,KEY,X
lock_acquired,2026-09-18 16:52:37.552,85,,,,OBJECT,Sch-S
lock_acquired,2026-09-18 16:52:37.552,77,,,,PAGE,IU
lock_acquired,2026-09-18 16:52:37.552,85,,,,METADATA,Sch-S
lock_acquired,2026-09-18 16:52:37.552,78,,,,OBJECT,IX
lock_acquired,2026-09-18 16:52:37.552,77,,,,PAGE,IX
lock_acquired,2026-09-18 16:52:37.552,81,,,,PAGE,S
lock_released,2026-09-18 16:52:37.552,83,,,,OBJECT,IX
lock_released,2026-09-18 16:52:37.552,84,,,,PAGE,S
lock_released,2026-09-18 16:52:37.552,77,,,,OBJECT,IS
lock_released,2026-09-18 16:52:37.552,83,,,,OBJECT,IS
lock_released,2026-09-18 16:52:37.552,76,,,,OBJECT,IX
lock_released,2026-09-18 16:52:37.552,76,,,,OBJECT,IS
lock_acquired,2026-09-18 16:52:42.589,82,,,,OBJECT,Sch-S
lock_acquired,2026-09-18 16:52:42.589,83,,,,OBJECT,IX
lock_acquired,2026-09-18 16:52:42.589,81,,,,PAGE,IX
lock_acquired,2026-09-18 16:52:42.589,77,,,,OBJECT,IS
lock_acquired,2026-09-18 16:52:42.589,83,,,,OBJECT,IS
lock_acquired,2026-09-18 16:52:42.589,80,,,,OBJECT,Sch-S
lock_acquired,2026-09-18 16:52:42.589,82,,,,METADATA,Sch-S
lock_acquired,2026-09-18 16:52:42.589,76,,,,OBJECT,IX
lock_acquired,2026-09-18 16:52:42.589,77,,,,PAGE,S
lock_acquired,2026-09-18 16:52:42.589,85,,,,OBJECT,IX
lock_acquired,2026-09-18 16:52:42.589,81,,,,KEY,X
lock_acquired,2026-09-18 16:52:42.589,76,,,,OBJECT,IS
lock_acquired,2026-09-18 16:52:42.589,85,,,,OBJECT,IS
lock_released,2026-09-18 16:52:42.589,77,,,,KEY,X
lock_released,2026-09-18 16:52:42.589,79,,,,KEY,X
lock_released,2026-09-18 16:52:42.589,85,,,,OBJECT,Sch-S
lock_released,2026-09-18 16:52:42.589,77,,,,PAGE,IU
lock_released,2026-09-18 16:52:42.589,77,,,,PAGE,IX
lock_released,2026-09-18 16:52:42.589,85,,,,METADATA,Sch-S
lock_released,2026-09-18 16:52:42.589,82,,,,OBJECT,IX
lock_released,2026-09-18 16:52:42.589,78,,,,OBJECT,IX
lock_released,2026-09-18 16:52:42.589,80,,,,OBJECT,IS
lock_released,2026-09-18 16:52:42.589,80,,,,OBJECT,IX
lock_released,2026-09-18 16:52:42.589,81,,,,OBJECT,IS
lock_released,2026-09-18 16:52:42.589,78,,,,OBJECT,IS
lock_released,2026-09-18 16:52:42.589,82,,,,OBJECT,IS
lock_released,2026-09-18 16:52:42.589,81,,,,PAGE,S
login,2026-09-18 16:52:47.624,65,NT AUTHORITY\SYSTEM,SQLServerCEIP,SteelNort,,
lock_acquired,2026-09-18 16:52:47.624,84,,,,PAGE,S
lock_acquired,2026-09-18 16:52:47.624,82,,,,OBJECT,IX
lock_acquired,2026-09-18 16:52:47.624,78,,,,OBJECT,IX
lock_acquired,2026-09-18 16:52:47.624,82,,,,PAGE,S
lock_acquired,2026-09-18 16:52:47.624,83,,,,PAGE,S
lock_acquired,2026-09-18 16:52:47.624,76,,,,PAGE,S
lock_acquired,2026-09-18 16:52:47.624,78,,,,OBJECT,IS
lock_acquired,2026-09-18 16:52:47.624,79,,,,OBJECT,IX
lock_acquired,2026-09-18 16:52:47.624,82,,,,OBJECT,IS
lock_acquired,2026-09-18 16:52:47.624,85,,,,KEY,X
lock_acquired,2026-09-18 16:52:47.624,79,,,,OBJECT,IS
lock_released,2026-09-18 16:52:47.624,82,,,,OBJECT,Sch-S
lock_released,2026-09-18 16:52:47.624,77,,,,OBJECT,IX
lock_released,2026-09-18 16:52:47.624,77,,,,OBJECT,IS
lock_released,2026-09-18 16:52:47.624,82,,,,METADATA,Sch-S
lock_released,2026-09-18 16:52:47.624,77,,,,PAGE,S
lock_released,2026-09-18 16:52:47.624,85,,,,OBJECT,IX
lock_released,2026-09-18 16:52:47.624,85,,,,OBJECT,IS
logout,2026-09-18 16:52:52.661,86,,,,,
logout,2026-09-18 16:52:52.661,87,,,,,
logout,2026-09-18 16:52:52.661,88,,,,,
logout,2026-09-18 16:52:52.661,89,,,,,
logout,2026-09-18 16:52:52.661,91,,,,,
logout,2026-09-18 16:52:52.661,92,,,,,
lock_acquired,2026-09-18 16:52:52.661,80,,,,PAGE,IX
lock_acquired,2026-09-18 16:52:52.661,77,,,,OBJECT,IS
lock_acquired,2026-09-18 16:52:52.661,77,,,,OBJECT,IX
lock_acquired,2026-09-18 16:52:52.661,80,,,,OBJECT,IX
lock_acquired,2026-09-18 16:52:52.661,80,,,,PAGE,IU
lock_acquired,2026-09-18 16:52:52.661,81,,,,OBJECT,IS
lock_acquired,2026-09-18 16:52:52.661,85,,,,OBJECT,IX
lock_acquired,2026-09-18 16:52:52.661,81,,,,PAGE,S
lock_acquired,2026-09-18 16:52:52.661,85,,,,OBJECT,IS
lock_released,2026-09-18 16:52:52.661,84,,,,PAGE,S
lock_released,2026-09-18 16:52:52.661,81,,,,PAGE,IX
lock_released,2026-09-18 16:52:52.661,80,,,,OBJECT,Sch-S
lock_released,2026-09-18 16:52:52.661,82,,,,PAGE,S
lock_released,2026-09-18 16:52:52.661,83,,,,PAGE,S
lock_released,2026-09-18 16:52:52.661,76,,,,PAGE,S
lock_released,2026-09-18 16:52:52.661,79,,,,OBJECT,IX
lock_released,2026-09-18 16:52:52.661,81,,,,KEY,X
lock_released,2026-09-18 16:52:52.661,85,,,,KEY,X
lock_released,2026-09-18 16:52:52.661,79,,,,OBJECT,IS
lock_acquired,2026-09-18 16:52:57.704,77,,,,KEY,X
lock_acquired,2026-09-18 16:52:57.704,78,,,,PAGE,IU
lock_acquired,2026-09-18 16:52:57.704,82,,,,PAGE,S
lock_acquired,2026-09-18 16:52:57.704,80,,,,OBJECT,IS
lock_acquired,2026-09-18 16:52:57.704,79,,,,OBJECT,IX
lock_acquired,2026-09-18 16:52:57.704,79,,,,OBJECT,IS
lock_released,2026-09-18 16:52:57.704,80,,,,PAGE,IX
lock_released,2026-09-18 16:52:57.704,77,,,,OBJECT,IS
lock_released,2026-09-18 16:52:57.704,77,,,,OBJECT,IX
lock_released,2026-09-18 16:52:57.704,80,,,,PAGE,IU
lock_released,2026-09-18 16:52:57.704,78,,,,OBJECT,IS
lock_released,2026-09-18 16:52:57.704,81,,,,PAGE,S
logout,2026-09-18 16:53:02.750,90,,,,,
logout,2026-09-18 16:53:02.750,93,,,,,
lock_acquired,2026-09-18 16:53:02.750,77,,,,OBJECT,IX
lock_acquired,2026-09-18 16:53:02.750,85,,,,PAGE,S
lock_acquired,2026-09-18 16:53:02.750,76,,,,PAGE,S
lock_acquired,2026-09-18 16:53:02.750,78,,,,OBJECT,IS
lock_acquired,2026-09-18 16:53:02.750,77,,,,PAGE,IX
lock_released,2026-09-18 16:53:02.750,77,,,,KEY,X
lock_released,2026-09-18 16:53:02.750,78,,,,PAGE,IU
lock_released,2026-09-18 16:53:02.750,82,,,,PAGE,S
lock_acquired,2026-09-18 16:53:07.791,78,,,,PAGE,S
lock_acquired,2026-09-18 16:53:07.791,79,,,,PAGE,IX
lock_acquired,2026-09-18 16:53:07.791,79,,,,KEY,X
lock_acquired,2026-09-18 16:53:07.791,82,,,,KEY,X
lock_released,2026-09-18 16:53:07.791,77,,,,PAGE,IX
lock_released,2026-09-18 16:53:07.791,85,,,,PAGE,S
lock_released,2026-09-18 16:53:07.791,77,,,,OBJECT,IX
lock_released,2026-09-18 16:53:07.791,81,,,,OBJECT,IX
lock_released,2026-09-18 16:53:07.791,76,,,,PAGE,S
lock_released,2026-09-18 16:53:07.791,81,,,,OBJECT,IS
lock_released,2026-09-18 16:53:07.791,84,,,,OBJECT,IS
lock_released,2026-09-18 16:53:07.791,84,,,,OBJECT,IX
lock_released,2026-09-18 16:53:07.791,82,,,,OBJECT,IS
lock_released,2026-09-18 16:53:07.791,79,,,,OBJECT,IS
lock_acquired,2026-09-18 16:53:12.826,81,,,,PAGE,IX
lock_acquired,2026-09-18 16:53:12.826,77,,,,OBJECT,IS
lock_acquired,2026-09-18 16:53:12.826,84,,,,PAGE,IX
lock_acquired,2026-09-18 16:53:12.826,85,,,,PAGE,S
lock_acquired,2026-09-18 16:53:12.826,77,,,,OBJECT,IX
lock_acquired,2026-09-18 16:53:12.826,84,,,,KEY,X
lock_acquired,2026-09-18 16:53:12.826,81,,,,OBJECT,IX
lock_acquired,2026-09-18 16:53:12.826,81,,,,PAGE,IU
lock_acquired,2026-09-18 16:53:12.826,83,,,,KEY,X
lock_acquired,2026-09-18 16:53:12.826,76,,,,PAGE,S
lock_acquired,2026-09-18 16:53:12.826,84,,,,OBJECT,IX
lock_acquired,2026-09-18 16:53:12.826,81,,,,KEY,U
lock_acquired,2026-09-18 16:53:12.826,81,,,,KEY,X
lock_acquired,2026-09-18 16:53:12.826,82,,,,PAGE,IX
lock_acquired,2026-09-18 16:53:12.826,83,,,,PAGE,IX
lock_acquired,2026-09-18 16:53:12.826,79,,,,OBJECT,IS
lock_released,2026-09-18 16:53:12.826,79,,,,PAGE,IX
lock_released,2026-09-18 16:53:12.826,83,,,,OBJECT,IS
lock_released,2026-09-18 16:53:12.826,79,,,,KEY,X
lock_released,2026-09-18 16:53:12.826,82,,,,KEY,X
lock_acquired,2026-09-18 16:53:17.850,85,,,,OBJECT,Sch-S
lock_acquired,2026-09-18 16:53:17.850,84,,,,KEY,S
lock_acquired,2026-09-18 16:53:17.850,83,,,,OBJECT,IS
lock_acquired,2026-09-18 16:53:17.850,85,,,,METADATA,Sch-S
lock_acquired,2026-09-18 16:53:17.850,84,,,,PAGE,IS
lock_acquired,2026-09-18 16:53:17.850,83,,,,PAGE,S
lock_acquired,2026-09-18 16:53:17.850,84,,,,OBJECT,IS
lock_acquired,2026-09-18 16:53:17.850,82,,,,OBJECT,IS
lock_acquired,2026-09-18 16:53:17.850,81,,,,OBJECT,Sch-S
lock_acquired,2026-09-18 16:53:17.850,81,,,,METADATA,Sch-S
lock_released,2026-09-18 16:53:17.850,84,,,,PAGE,IX
lock_released,2026-09-18 16:53:17.850,76,,,,PAGE,S
lock_released,2026-09-18 16:53:17.850,77,,,,OBJECT,IS
lock_released,2026-09-18 16:53:17.850,81,,,,PAGE,IU
lock_released,2026-09-18 16:53:17.850,83,,,,KEY,X
lock_released,2026-09-18 16:53:17.850,78,,,,OBJECT,IS
lock_released,2026-09-18 16:53:17.850,85,,,,OBJECT,IX
lock_released,2026-09-18 16:53:17.850,83,,,,PAGE,IX
lock_released,2026-09-18 16:53:17.850,85,,,,PAGE,S
lock_released,2026-09-18 16:53:17.850,81,,,,OBJECT,IX
lock_released,2026-09-18 16:53:17.850,81,,,,KEY,X
lock_released,2026-09-18 16:53:17.850,82,,,,PAGE,IX
lock_released,2026-09-18 16:53:17.850,81,,,,PAGE,IX
lock_released,2026-09-18 16:53:17.850,77,,,,OBJECT,IX
lock_released,2026-09-18 16:53:17.850,78,,,,OBJECT,IX
lock_released,2026-09-18 16:53:17.850,84,,,,OBJECT,IX
lock_released,2026-09-18 16:53:17.850,81,,,,KEY,U
lock_released,2026-09-18 16:53:17.850,84,,,,KEY,X
lock_released,2026-09-18 16:53:17.850,78,,,,PAGE,S
lock_released,2026-09-18 16:53:17.850,85,,,,OBJECT,IS
lock_acquired,2026-09-18 16:53:22.876,78,,,,METADATA,Sch-S
lock_acquired,2026-09-18 16:53:22.876,77,,,,OBJECT,IS
lock_acquired,2026-09-18 16:53:22.876,77,,,,OBJECT,IX
lock_acquired,2026-09-18 16:53:22.876,81,,,,OBJECT,IX
lock_acquired,2026-09-18 16:53:22.876,82,,,,PAGE,S
lock_acquired,2026-09-18 16:53:22.876,81,,,,OBJECT,IS
lock_acquired,2026-09-18 16:53:22.876,78,,,,OBJECT,IS
lock_acquired,2026-09-18 16:53:22.876,85,,,,OBJECT,IX
lock_acquired,2026-09-18 16:53:22.876,78,,,,OBJECT,Sch-S
lock_acquired,2026-09-18 16:53:22.876,85,,,,OBJECT,IS
lock_released,2026-09-18 16:53:22.876,85,,,,OBJECT,Sch-S
lock_released,2026-09-18 16:53:22.876,84,,,,KEY,S
lock_released,2026-09-18 16:53:22.876,85,,,,METADATA,Sch-S
lock_released,2026-09-18 16:53:22.876,84,,,,PAGE,IS
lock_released,2026-09-18 16:53:22.876,80,,,,OBJECT,IS
lock_released,2026-09-18 16:53:22.876,80,,,,OBJECT,IX
lock_released,2026-09-18 16:53:22.876,83,,,,PAGE,S
lock_released,2026-09-18 16:53:22.876,84,,,,OBJECT,IS
lock_released,2026-09-18 16:53:22.876,81,,,,OBJECT,Sch-S
lock_released,2026-09-18 16:53:22.876,81,,,,METADATA,Sch-S
login,2026-09-18 16:53:27.906,68,795ec2146175\Administrator,Microsoft SQL Server,SteelNort,,
lock_acquired,2026-09-18 16:53:27.906,80,,,,PAGE,IS
lock_acquired,2026-09-18 16:53:27.906,78,,,,OBJECT,IX
lock_acquired,2026-09-18 16:53:27.906,80,,,,OBJECT,Sch-S
lock_released,2026-09-18 16:53:27.906,78,,,,METADATA,Sch-S
lock_released,2026-09-18 16:53:27.906,82,,,,OBJECT,IX
lock_released,2026-09-18 16:53:27.906,82,,,,PAGE,S
lock_released,2026-09-18 16:53:27.906,78,,,,OBJECT,Sch-S
lock_released,2026-09-18 16:53:27.906,76,,,,OBJECT,IX
lock_released,2026-09-18 16:53:27.906,85,,,,OBJECT,IX
lock_released,2026-09-18 16:53:27.906,82,,,,OBJECT,IS
lock_released,2026-09-18 16:53:27.906,76,,,,OBJECT,IS
lock_released,2026-09-18 16:53:27.906,85,,,,OBJECT,IS
logout,2026-09-18 16:53:32.943,68,,,,,
lock_acquired,2026-09-18 16:53:32.943,82,,,,OBJECT,IX
lock_acquired,2026-09-18 16:53:32.943,84,,,,OBJECT,IS
lock_acquired,2026-09-18 16:53:32.943,76,,,,OBJECT,IX
lock_acquired,2026-09-18 16:53:32.943,84,,,,OBJECT,IX
lock_acquired,2026-09-18 16:53:32.943,85,,,,OBJECT,IX
lock_acquired,2026-09-18 16:53:32.943,77,,,,OBJECT,Sch-S
lock_acquired,2026-09-18 16:53:32.943,82,,,,OBJECT,IS
lock_acquired,2026-09-18 16:53:32.943,76,,,,OBJECT,IS
lock_acquired,2026-09-18 16:53:32.943,85,,,,OBJECT,IS
lock_released,2026-09-18 16:53:32.943,83,,,,OBJECT,IX
lock_released,2026-09-18 16:53:32.943,77,,,,OBJECT,IS
lock_released,2026-09-18 16:53:32.943,77,,,,OBJECT,IX
lock_released,2026-09-18 16:53:32.943,80,,,,PAGE,IS
lock_released,2026-09-18 16:53:32.943,83,,,,OBJECT,IS
lock_released,2026-09-18 16:53:32.943,80,,,,OBJECT,Sch-S
lock_released,2026-09-18 16:53:32.943,79,,,,OBJECT,IX
lock_released,2026-09-18 16:53:32.943,79,,,,OBJECT,IS
lock_acquired,2026-09-18 16:53:37.974,78,,,,METADATA,Sch-S
lock_acquired,2026-09-18 16:53:37.974,80,,,,OBJECT,IS
lock_acquired,2026-09-18 16:53:37.974,83,,,,KEY,X
lock_acquired,2026-09-18 16:53:37.974,80,,,,OBJECT,IX
lock_acquired,2026-09-18 16:53:37.974,79,,,,OBJECT,IX
lock_acquired,2026-09-18 16:53:37.974,77,,,,METADATA,Sch-S
lock_acquired,2026-09-18 16:53:37.974,78,,,,OBJECT,Sch-S
lock_acquired,2026-09-18 16:53:37.974,83,,,,PAGE,IX
lock_acquired,2026-09-18 16:53:37.974,79,,,,OBJECT,IS
lock_released,2026-09-18 16:53:37.974,78,,,,OBJECT,IS
lock_released,2026-09-18 16:53:37.974,78,,,,OBJECT,IX
lock_acquired,2026-09-18 16:53:43.004,83,,,,OBJECT,IX
lock_acquired,2026-09-18 16:53:43.004,85,,,,PAGE,S
lock_acquired,2026-09-18 16:53:43.004,77,,,,OBJECT,IS
lock_acquired,2026-09-18 16:53:43.004,83,,,,OBJECT,IS
lock_acquired,2026-09-18 16:53:43.004,78,,,,OBJECT,IX
lock_acquired,2026-09-18 16:53:43.004,82,,,,PAGE,S
lock_acquired,2026-09-18 16:53:43.004,78,,,,OBJECT,IS
lock_released,2026-09-18 16:53:43.004,78,,,,METADATA,Sch-S
lock_released,2026-09-18 16:53:43.004,83,,,,KEY,X
lock_released,2026-09-18 16:53:43.004,84,,,,OBJECT,IX
lock_released,2026-09-18 16:53:43.004,84,,,,OBJECT,IS
lock_released,2026-09-18 16:53:43.004,77,,,,OBJECT,Sch-S
lock_released,2026-09-18 16:53:43.004,77,,,,METADATA,Sch-S
lock_released,2026-09-18 16:53:43.004,78,,,,OBJECT,Sch-S
lock_released,2026-09-18 16:53:43.004,83,,,,PAGE,IX
lock_acquired,2026-09-18 16:53:48.045,83,,,,PAGE,IS
lock_acquired,2026-09-18 16:53:48.045,77,,,,OBJECT,IX
lock_acquired,2026-09-18 16:53:48.045,84,,,,OBJECT,IX
lock_acquired,2026-09-18 16:53:48.045,84,,,,OBJECT,IS
lock_acquired,2026-09-18 16:53:48.045,83,,,,KEY,S
lock_released,2026-09-18 16:53:48.045,82,,,,PAGE,S
lock_released,2026-09-18 16:53:48.045,83,,,,OBJECT,IX
lock_released,2026-09-18 16:53:48.045,85,,,,PAGE,S
lock_released,2026-09-18 16:53:48.045,80,,,,OBJECT,IS
lock_acquired,2026-09-18 16:53:53.094,80,,,,METADATA,Sch-S
lock_acquired,2026-09-18 16:53:53.094,83,,,,OBJECT,IX
lock_acquired,2026-09-18 16:53:53.094,79,,,,OBJECT,Sch-S
lock_acquired,2026-09-18 16:53:53.094,85,,,,PAGE,S
lock_acquired,2026-09-18 16:53:53.094,80,,,,OBJECT,Sch-S
lock_released,2026-09-18 16:53:53.094,83,,,,PAGE,IS
lock_released,2026-09-18 16:53:53.094,82,,,,OBJECT,IX
lock_released,2026-09-18 16:53:53.094,78,,,,OBJECT,IX
lock_released,2026-09-18 16:53:53.094,80,,,,OBJECT,IX
lock_released,2026-09-18 16:53:53.094,78,,,,OBJECT,IS
lock_released,2026-09-18 16:53:53.094,79,,,,OBJECT,IX
lock_released,2026-09-18 16:53:53.094,82,,,,OBJECT,IS
lock_released,2026-09-18 16:53:53.094,79,,,,OBJECT,IS
lock_released,2026-09-18 16:53:53.094,83,,,,KEY,S
lock_acquired,2026-09-18 16:53:58.158,78,,,,OBJECT,IX
lock_acquired,2026-09-18 16:53:58.158,80,,,,OBJECT,IS
lock_acquired,2026-09-18 16:53:58.158,80,,,,OBJECT,IX
lock_acquired,2026-09-18 16:53:58.158,78,,,,OBJECT,IS
lock_acquired,2026-09-18 16:53:58.158,84,,,,PAGE,IU
lock_acquired,2026-09-18 16:53:58.158,79,,,,OBJECT,IX
lock_acquired,2026-09-18 16:53:58.158,82,,,,OBJECT,IX
lock_acquired,2026-09-18 16:53:58.158,79,,,,OBJECT,IS
lock_acquired,2026-09-18 16:53:58.158,82,,,,KEY,X
lock_released,2026-09-18 16:53:58.158,80,,,,METADATA,Sch-S
lock_released,2026-09-18 16:53:58.158,79,,,,OBJECT,Sch-S
lock_released,2026-09-18 16:53:58.158,85,,,,PAGE,S
lock_released,2026-09-18 16:53:58.158,81,,,,OBJECT,IX
lock_released,2026-09-18 16:53:58.158,81,,,,OBJECT,IS
lock_released,2026-09-18 16:53:58.158,80,,,,OBJECT,Sch-S
lock_acquired,2026-09-18 16:54:03.202,85,,,,OBJECT,Sch-S
lock_acquired,2026-09-18 16:54:03.202,81,,,,OBJECT,IX
lock_acquired,2026-09-18 16:54:03.202,79,,,,PAGE,S
lock_acquired,2026-09-18 16:54:03.202,83,,,,PAGE,S
lock_acquired,2026-09-18 16:54:03.202,81,,,,OBJECT,IS
lock_acquired,2026-09-18 16:54:03.202,82,,,,OBJECT,IS
lock_released,2026-09-18 16:54:03.202,84,,,,PAGE,IU
lock_released,2026-09-18 16:54:03.202,76,,,,OBJECT,IX
lock_released,2026-09-18 16:54:03.202,85,,,,OBJECT,IX
lock_released,2026-09-18 16:54:03.202,76,,,,OBJECT,IS
lock_released,2026-09-18 16:54:03.202,85,,,,OBJECT,IS
lock_released,2026-09-18 16:54:03.202,82,,,,KEY,X
lock_acquired,2026-09-18 16:54:08.271,81,,,,PAGE,IX
lock_acquired,2026-09-18 16:54:08.271,84,,,,PAGE,IU
lock_acquired,2026-09-18 16:54:08.271,77,,,,OBJECT,Sch-S
lock_acquired,2026-09-18 16:54:08.271,85,,,,OBJECT,IX
lock_acquired,2026-09-18 16:54:08.271,81,,,,KEY,X
lock_acquired,2026-09-18 16:54:08.271,78,,,,PAGE,S
lock_acquired,2026-09-18 16:54:08.271,85,,,,OBJECT,IS
lock_released,2026-09-18 16:54:08.271,85,,,,OBJECT,Sch-S
lock_released,2026-09-18 16:54:08.271,77,,,,OBJECT,IS
lock_released,2026-09-18 16:54:08.271,77,,,,OBJECT,IX
lock_released,2026-09-18 16:54:08.271,79,,,,PAGE,S
lock_released,2026-09-18 16:54:08.271,83,,,,PAGE,S
lock_released,2026-09-18 16:54:08.271,81,,,,OBJECT,IS
lock_released,2026-09-18 16:54:08.271,84,,,,OBJECT,IS
lock_acquired,2026-09-18 16:54:13.320,76,,,,OBJECT,Sch-S
lock_acquired,2026-09-18 16:54:13.320,77,,,,OBJECT,IS
lock_acquired,2026-09-18 16:54:13.320,77,,,,OBJECT,IX
lock_acquired,2026-09-18 16:54:13.320,76,,,,METADATA,Sch-S
lock_acquired,2026-09-18 16:54:13.320,85,,,,PAGE,IX
lock_acquired,2026-09-18 16:54:13.320,84,,,,OBJECT,IS
lock_acquired,2026-09-18 16:54:13.320,81,,,,OBJECT,Sch-S
lock_acquired,2026-09-18 16:54:13.320,81,,,,METADATA,Sch-S
lock_released,2026-09-18 16:54:13.320,81,,,,PAGE,IX
lock_released,2026-09-18 16:54:13.320,81,,,,OBJECT,IX
lock_released,2026-09-18 16:54:13.320,80,,,,OBJECT,IS
lock_released,2026-09-18 16:54:13.320,84,,,,PAGE,IU
lock_released,2026-09-18 16:54:13.320,77,,,,OBJECT,Sch-S
lock_released,2026-09-18 16:54:13.320,81,,,,KEY,X
lock_released,2026-09-18 16:54:13.320,85,,,,OBJECT,IS
lock_acquired,2026-09-18 16:54:18.383,76,,,,KEY,X
lock_acquired,2026-09-18 16:54:18.383,79,,,,OBJECT,Sch-S
lock_acquired,2026-09-18 16:54:18.383,80,,,,KEY,X
lock_acquired,2026-09-18 16:54:18.383,76,,,,OBJECT,IX
lock_acquired,2026-09-18 16:54:18.383,77,,,,PAGE,S
lock_acquired,2026-09-18 16:54:18.383,76,,,,PAGE,IX
lock_acquired,2026-09-18 16:54:18.383,85,,,,OBJECT,IS
lock_released,2026-09-18 16:54:18.383,83,,,,OBJECT,IX
lock_released,2026-09-18 16:54:18.383,76,,,,OBJECT,Sch-S
lock_released,2026-09-18 16:54:18.383,76,,,,METADATA,Sch-S
lock_released,2026-09-18 16:54:18.383,83,,,,OBJECT,IS
lock_released,2026-09-18 16:54:18.383,78,,,,OBJECT,IX
lock_released,2026-09-18 16:54:18.383,80,,,,OBJECT,IX
lock_released,2026-09-18 16:54:18.383,85,,,,PAGE,IX
lock_released,2026-09-18 16:54:18.383,78,,,,OBJECT,IS
lock_released,2026-09-18 16:54:18.383,79,,,,OBJECT,IX
lock_released,2026-09-18 16:54:18.383,78,,,,PAGE,S
lock_released,2026-09-18 16:54:18.383,79,,,,OBJECT,IS
lock_acquired,2026-09-18 16:54:23.424,83,,,,OBJECT,IX
lock_acquired,2026-09-18 16:54:23.424,83,,,,OBJECT,IS
lock_acquired,2026-09-18 16:54:23.424,81,,,,OBJECT,IX
lock_acquired,2026-09-18 16:54:23.424,78,,,,OBJECT,IX
lock_acquired,2026-09-18 16:54:23.424,80,,,,OBJECT,IS
lock_acquired,2026-09-18 16:54:23.424,80,,,,OBJECT,IX
lock_acquired,2026-09-18 16:54:23.424,81,,,,OBJECT,IS
lock_acquired,2026-09-18 16:54:23.424,78,,,,OBJECT,IS
lock_acquired,2026-09-18 16:54:23.424,79,,,,OBJECT,IX
lock_acquired,2026-09-18 16:54:23.424,76,,,,OBJECT,IS
lock_acquired,2026-09-18 16:54:23.424,79,,,,OBJECT,IS
lock_released,2026-09-18 16:54:23.424,76,,,,KEY,X
lock_released,2026-09-18 16:54:23.424,79,,,,OBJECT,Sch-S
lock_released,2026-09-18 16:54:23.424,80,,,,KEY,X
lock_released,2026-09-18 16:54:23.424,77,,,,PAGE,S
lock_released,2026-09-18 16:54:23.424,81,,,,OBJECT,Sch-S
lock_released,2026-09-18 16:54:23.424,76,,,,PAGE,IX
lock_released,2026-09-18 16:54:23.424,81,,,,METADATA,Sch-S
lock_acquired,2026-09-18 16:54:28.510,76,,,,KEY,X
lock_acquired,2026-09-18 16:54:28.510,84,,,,PAGE,S
lock_acquired,2026-09-18 16:54:28.510,81,,,,OBJECT,Sch-S
lock_acquired,2026-09-18 16:54:28.510,76,,,,PAGE,IX
lock_acquired,2026-09-18 16:54:28.510,81,,,,METADATA,Sch-S
lock_released,2026-09-18 16:54:28.510,81,,,,OBJECT,IS
lock_released,2026-09-18 16:54:28.510,81,,,,OBJECT,IX
lock_released,2026-09-18 16:54:28.510,76,,,,OBJECT,IS
login,2026-09-18 16:54:33.553,68,795ec2146175\Administrator,Microsoft SQL Server,SteelNort,,
lock_acquired,2026-09-18 16:54:33.553,85,,,,OBJECT,Sch-S
lock_acquired,2026-09-18 16:54:33.553,81,,,,OBJECT,IX
lock_acquired,2026-09-18 16:54:33.553,81,,,,OBJECT,IS
lock_acquired,2026-09-18 16:54:33.553,77,,,,PAGE,S
lock_acquired,2026-09-18 16:54:33.553,76,,,,OBJECT,IS
lock_released,2026-09-18 16:54:33.553,76,,,,KEY,X
lock_released,2026-09-18 16:54:33.553,84,,,,PAGE,S
lock_released,2026-09-18 16:54:33.553,85,,,,OBJECT,IX
lock_released,2026-09-18 16:54:33.553,79,,,,OBJECT,IS
lock_released,2026-09-18 16:54:33.553,84,,,,OBJECT,IS
lock_released,2026-09-18 16:54:33.553,84,,,,OBJECT,IX
lock_released,2026-09-18 16:54:33.553,79,,,,OBJECT,IX
lock_released,2026-09-18 16:54:33.553,81,,,,OBJECT,Sch-S
lock_released,2026-09-18 16:54:33.553,76,,,,PAGE,IX
lock_released,2026-09-18 16:54:33.553,85,,,,OBJECT,IS
lock_released,2026-09-18 16:54:33.553,81,,,,METADATA,Sch-S
lock_acquired,2026-09-18 16:54:38.601,80,,,,METADATA,Sch-S
lock_acquired,2026-09-18 16:54:38.601,85,,,,OBJECT,IX
lock_acquired,2026-09-18 16:54:38.601,80,,,,OBJECT,Sch-S
lock_acquired,2026-09-18 16:54:38.601,79,,,,OBJECT,IS
lock_acquired,2026-09-18 16:54:38.601,79,,,,OBJECT,IX
lock_acquired,2026-09-18 16:54:38.601,85,,,,OBJECT,IS
lock_released,2026-09-18 16:54:38.601,85,,,,OBJECT,Sch-S
lock_released,2026-09-18 16:54:38.601,77,,,,OBJECT,IS
lock_released,2026-09-18 16:54:38.601,77,,,,OBJECT,IX
lock_released,2026-09-18 16:54:38.601,81,,,,OBJECT,IX
lock_released,2026-09-18 16:54:38.601,80,,,,OBJECT,IS
lock_released,2026-09-18 16:54:38.601,80,,,,OBJECT,IX
lock_released,2026-09-18 16:54:38.601,81,,,,OBJECT,IS
lock_released,2026-09-18 16:54:38.601,76,,,,OBJECT,IX
lock_released,2026-09-18 16:54:38.601,77,,,,PAGE,S
lock_released,2026-09-18 16:54:38.601,76,,,,OBJECT,IS
logout,2026-09-18 16:54:43.632,68,,,,,
lock_acquired,2026-09-18 16:54:43.632,76,,,,KEY,X
lock_acquired,2026-09-18 16:54:43.632,77,,,,OBJECT,IS
lock_acquired,2026-09-18 16:54:43.632,79,,,,OBJECT,Sch-S
lock_acquired,2026-09-18 16:54:43.632,77,,,,OBJECT,IX
lock_acquired,2026-09-18 16:54:43.632,81,,,,OBJECT,IX
lock_acquired,2026-09-18 16:54:43.632,80,,,,OBJECT,IS
lock_acquired,2026-09-18 16:54:43.632,82,,,,PAGE,S
lock_acquired,2026-09-18 16:54:43.632,80,,,,OBJECT,IX
lock_acquired,2026-09-18 16:54:43.632,81,,,,OBJECT,IS
lock_acquired,2026-09-18 16:54:43.632,79,,,,METADATA,Sch-S
lock_acquired,2026-09-18 16:54:43.632,84,,,,OBJECT,IS
lock_acquired,2026-09-18 16:54:43.632,84,,,,OBJECT,IX
lock_acquired,2026-09-18 16:54:43.632,81,,,,PAGE,S
lock_acquired,2026-09-18 16:54:43.632,80,,,,PAGE,S
lock_released,2026-09-18 16:54:43.632,79,,,,OBJECT,IX
lock_released,2026-09-18 16:54:43.632,80,,,,METADATA,Sch-S
lock_released,2026-09-18 16:54:43.632,79,,,,OBJECT,IS
lock_released,2026-09-18 16:54:43.632,80,,,,OBJECT,Sch-S
lock_acquired,2026-09-18 16:54:48.687,79,,,,KEY,X
lock_acquired,2026-09-18 16:54:48.687,79,,,,PAGE,IX
lock_acquired,2026-09-18 16:54:48.687,76,,,,PAGE,S
lock_acquired,2026-09-18 16:54:48.687,76,,,,OBJECT,IX
lock_acquired,2026-09-18 16:54:48.687,79,,,,OBJECT,IX
lock_acquired,2026-09-18 16:54:48.687,76,,,,OBJECT,IS
lock_released,2026-09-18 16:54:48.687,76,,,,KEY,X
lock_released,2026-09-18 16:54:48.687,83,,,,OBJECT,IX
lock_released,2026-09-18 16:54:48.687,79,,,,OBJECT,Sch-S
lock_released,2026-09-18 16:54:48.687,83,,,,OBJECT,IS
lock_released,2026-09-18 16:54:48.687,78,,,,OBJECT,IX
lock_released,2026-09-18 16:54:48.687,79,,,,METADATA,Sch-S
lock_released,2026-09-18 16:54:48.687,78,,,,OBJECT,IS
lock_released,2026-09-18 16:54:48.687,81,,,,PAGE,S
lock_released,2026-09-18 16:54:48.687,80,,,,PAGE,S
login,2026-09-18 16:54:53.710,68,sa,unknown,SteelNort,,
login,2026-09-18 16:54:53.710,75,sa,unknown,SteelNort,,
login,2026-09-18 16:54:53.710,86,sa,unknown,SteelNort,,
login,2026-09-18 16:54:53.710,87,sa,unknown,SteelNort,,
login,2026-09-18 16:54:53.710,88,sa,unknown,SteelNort,,
login,2026-09-18 16:54:53.710,89,sa,unknown,SteelNort,,
lock_acquired,2026-09-18 16:54:53.710,83,,,,OBJECT,IX
lock_acquired,2026-09-18 16:54:53.710,84,,,,KEY,S
lock_acquired,2026-09-18 16:54:53.710,83,,,,OBJECT,IS
lock_acquired,2026-09-18 16:54:53.710,78,,,,OBJECT,Sch-S
lock_acquired,2026-09-18 16:54:53.710,84,,,,OBJECT,Sch-S
lock_acquired,2026-09-18 16:54:53.710,79,,,,OBJECT,IS
lock_released,2026-09-18 16:54:53.710,79,,,,KEY,X
lock_released,2026-09-18 16:54:53.710,77,,,,OBJECT,IS
lock_released,2026-09-18 16:54:53.710,77,,,,OBJECT,IX
lock_released,2026-09-18 16:54:53.710,82,,,,PAGE,S
lock_released,2026-09-18 16:54:53.710,79,,,,PAGE,IX
lock_released,2026-09-18 16:54:53.710,76,,,,PAGE,S
lock_released,2026-09-18 16:54:53.710,84,,,,OBJECT,IS
lock_released,2026-09-18 16:54:53.710,76,,,,OBJECT,IX
lock_released,2026-09-18 16:54:53.710,84,,,,OBJECT,IX
lock_released,2026-09-18 16:54:53.710,76,,,,OBJECT,IS
lock_acquired,2026-09-18 16:54:58.744,84,,,,OBJECT,IX
lock_acquired,2026-09-18 16:54:58.744,84,,,,OBJECT,IS
lock_acquired,2026-09-18 16:54:58.744,76,,,,OBJECT,IX
lock_acquired,2026-09-18 16:54:58.744,81,,,,PAGE,S
lock_acquired,2026-09-18 16:54:58.744,76,,,,OBJECT,IS
lock_released,2026-09-18 16:54:58.744,84,,,,OBJECT,Sch-S
lock_released,2026-09-18 16:54:58.744,84,,,,KEY,S
lock_released,2026-09-18 16:54:58.744,78,,,,OBJECT,Sch-S
lock_acquired,2026-09-18 16:55:03.775,77,,,,OBJECT,IS
lock_acquired,2026-09-18 16:55:03.775,77,,,,OBJECT,IX
lock_acquired,2026-09-18 16:55:03.775,78,,,,KEY,S
lock_acquired,2026-09-18 16:55:03.775,79,,,,PAGE,S
lock_acquired,2026-09-18 16:55:03.775,78,,,,PAGE,IS
lock_acquired,2026-09-18 16:55:03.775,85,,,,PAGE,IX
lock_acquired,2026-09-18 16:55:03.775,78,,,,OBJECT,IS
lock_acquired,2026-09-18 16:55:03.775,85,,,,KEY,X
lock_released,2026-09-18 16:55:03.775,81,,,,PAGE,S
lock_released,2026-09-18 16:55:03.775,81,,,,OBJECT,IS
lock_released,2026-09-18 16:55:03.775,81,,,,OBJECT,IX
lock_released,2026-09-18 16:55:03.775,85,,,,OBJECT,IS
lock_acquired,2026-09-18 16:55:08.811,78,,,,OBJECT,IX
lock_acquired,2026-09-18 16:55:08.811,85,,,,OBJECT,IS
lock_released,2026-09-18 16:55:08.811,83,,,,OBJECT,IX
lock_released,2026-09-18 16:55:08.811,77,,,,OBJECT,IS
lock_released,2026-09-18 16:55:08.811,77,,,,OBJECT,IX
lock_released,2026-09-18 16:55:08.811,78,,,,KEY,S
lock_released,2026-09-18 16:55:08.811,83,,,,OBJECT,IS
lock_released,2026-09-18 16:55:08.811,79,,,,PAGE,S
lock_released,2026-09-18 16:55:08.811,78,,,,PAGE,IS
lock_released,2026-09-18 16:55:08.811,85,,,,PAGE,IX
lock_released,2026-09-18 16:55:08.811,85,,,,KEY,X
lock_acquired,2026-09-18 16:55:13.855,84,,,,PAGE,S
lock_acquired,2026-09-18 16:55:13.855,83,,,,OBJECT,IX
lock_acquired,2026-09-18 16:55:13.855,77,,,,OBJECT,IX
lock_acquired,2026-09-18 16:55:13.855,77,,,,OBJECT,IS
lock_acquired,2026-09-18 16:55:13.855,83,,,,OBJECT,IS
lock_acquired,2026-09-18 16:55:18.898,81,,,,PAGE,S
lock_acquired,2026-09-18 16:55:18.898,81,,,,OBJECT,IS
lock_acquired,2026-09-18 16:55:18.898,81,,,,OBJECT,IX
lock_acquired,2026-09-18 16:55:18.898,77,,,,OBJECT,Sch-S
lock_released,2026-09-18 16:55:18.898,84,,,,PAGE,S
lock_released,2026-09-18 16:55:18.898,77,,,,OBJECT,IX
lock_released,2026-09-18 16:55:18.898,77,,,,OBJECT,IS
lock_released,2026-09-18 16:55:18.898,78,,,,OBJECT,IX
lock_released,2026-09-18 16:55:18.898,80,,,,OBJECT,IS
lock_released,2026-09-18 16:55:18.898,80,,,,OBJECT,IX
lock_released,2026-09-18 16:55:18.898,78,,,,OBJECT,IS
lock_acquired,2026-09-18 16:55:23.928,84,,,,PAGE,S
lock_acquired,2026-09-18 16:55:23.928,77,,,,OBJECT,IS
lock_acquired,2026-09-18 16:55:23.928,81,,,,KEY,S
lock_acquired,2026-09-18 16:55:23.928,77,,,,OBJECT,IX
lock_acquired,2026-09-18 16:55:23.928,78,,,,OBJECT,IX
lock_acquired,2026-09-18 16:55:23.928,80,,,,OBJECT,IS
lock_acquired,2026-09-18 16:55:23.928,80,,,,OBJECT,IX
lock_acquired,2026-09-18 16:55:23.928,85,,,,PAGE,IX
lock_acquired,2026-09-18 16:55:23.928,78,,,,OBJECT,IS
lock_acquired,2026-09-18 16:55:23.928,81,,,,OBJECT,Sch-S
lock_acquired,2026-09-18 16:55:23.928,85,,,,KEY,X
lock_acquired,2026-09-18 16:55:23.928,80,,,,PAGE,S
lock_acquired,2026-09-18 16:55:23.928,81,,,,METADATA,Sch-S
lock_released,2026-09-18 16:55:23.928,81,,,,OBJECT,IX
lock_released,2026-09-18 16:55:23.928,81,,,,OBJECT,IS
lock_released,2026-09-18 16:55:23.928,76,,,,OBJECT,IX
lock_released,2026-09-18 16:55:23.928,77,,,,OBJECT,Sch-S
lock_released,2026-09-18 16:55:23.928,81,,,,PAGE,S
lock_released,2026-09-18 16:55:23.928,76,,,,OBJECT,IS
lock_released,2026-09-18 16:55:23.928,85,,,,OBJECT,IS
lock_acquired,2026-09-18 16:55:28.961,80,,,,PAGE,IX
lock_acquired,2026-09-18 16:55:28.961,81,,,,OBJECT,IX
lock_acquired,2026-09-18 16:55:28.961,76,,,,PAGE,S
lock_acquired,2026-09-18 16:55:28.961,81,,,,OBJECT,IS
lock_acquired,2026-09-18 16:55:28.961,76,,,,OBJECT,IX
lock_acquired,2026-09-18 16:55:28.961,80,,,,KEY,X
lock_acquired,2026-09-18 16:55:28.961,76,,,,OBJECT,IS
lock_acquired,2026-09-18 16:55:28.961,85,,,,OBJECT,IS
lock_released,2026-09-18 16:55:28.961,84,,,,PAGE,S
lock_released,2026-09-18 16:55:28.961,81,,,,KEY,S
lock_released,2026-09-18 16:55:28.961,80,,,,OBJECT,IS
lock_released,2026-09-18 16:55:28.961,85,,,,PAGE,IX
lock_released,2026-09-18 16:55:28.961,81,,,,OBJECT,Sch-S
lock_released,2026-09-18 16:55:28.961,85,,,,KEY,X
lock_released,2026-09-18 16:55:28.961,80,,,,PAGE,S
lock_released,2026-09-18 16:55:28.961,81,,,,METADATA,Sch-S
lock_acquired,2026-09-18 16:55:33.999,82,,,,OBJECT,Sch-S
lock_acquired,2026-09-18 16:55:33.999,79,,,,PAGE,S
lock_acquired,2026-09-18 16:55:33.999,80,,,,OBJECT,IS
lock_released,2026-09-18 16:55:33.999,80,,,,PAGE,IX
lock_released,2026-09-18 16:55:33.999,82,,,,OBJECT,IX
lock_released,2026-09-18 16:55:33.999,78,,,,OBJECT,IX
lock_released,2026-09-18 16:55:33.999,78,,,,OBJECT,IS
lock_released,2026-09-18 16:55:33.999,84,,,,OBJECT,IS
lock_released,2026-09-18 16:55:33.999,84,,,,OBJECT,IX
lock_released,2026-09-18 16:55:33.999,80,,,,KEY,X
lock_released,2026-09-18 16:55:33.999,82,,,,OBJECT,IS
lock_acquired,2026-09-18 16:55:39.046,82,,,,OBJECT,IX
lock_acquired,2026-09-18 16:55:39.046,78,,,,OBJECT,IX
lock_acquired,2026-09-18 16:55:39.046,78,,,,OBJECT,IS
lock_acquired,2026-09-18 16:55:39.046,84,,,,OBJECT,IS
lock_acquired,2026-09-18 16:55:39.046,84,,,,OBJECT,IX
lock_acquired,2026-09-18 16:55:39.046,80,,,,KEY,X
lock_acquired,2026-09-18 16:55:39.046,82,,,,OBJECT,IS
lock_released,2026-09-18 16:55:39.046,82,,,,OBJECT,Sch-S
lock_released,2026-09-18 16:55:39.046,79,,,,PAGE,S
lock_released,2026-09-18 16:55:39.046,80,,,,OBJECT,IS
lock_released,2026-09-18 16:55:39.046,80,,,,OBJECT,IX
lock_released,2026-09-18 16:55:39.046,76,,,,PAGE,S
lock_released,2026-09-18 16:55:39.046,76,,,,OBJECT,IX
lock_released,2026-09-18 16:55:39.046,76,,,,OBJECT,IS
login,2026-09-18 16:55:44.083,90,795ec2146175\Administrator,Microsoft SQL Server,SteelNort,,
lock_acquired,2026-09-18 16:55:44.083,84,,,,PAGE,S
lock_acquired,2026-09-18 16:55:44.083,80,,,,PAGE,IS
lock_acquired,2026-09-18 16:55:44.083,80,,,,OBJECT,IS
lock_acquired,2026-09-18 16:55:44.083,83,,,,KEY,X
lock_acquired,2026-09-18 16:55:44.083,82,,,,PAGE,S
lock_acquired,2026-09-18 16:55:44.083,76,,,,OBJECT,IX
lock_acquired,2026-09-18 16:55:44.083,76,,,,OBJECT,IS
lock_acquired,2026-09-18 16:55:44.083,83,,,,PAGE,IX
lock_released,2026-09-18 16:55:44.083,77,,,,OBJECT,IX
lock_released,2026-09-18 16:55:44.083,80,,,,KEY,X
lock_released,2026-09-18 16:55:44.083,83,,,,OBJECT,IS
lock_released,2026-09-18 16:55:44.083,77,,,,OBJECT,IS
logout,2026-09-18 16:55:49.125,90,,,,,
lock_acquired,2026-09-18 16:55:49.125,85,,,,OBJECT,Sch-S
lock_acquired,2026-09-18 16:55:49.125,77,,,,OBJECT,IS
lock_acquired,2026-09-18 16:55:49.125,77,,,,OBJECT,IX
lock_acquired,2026-09-18 16:55:49.125,83,,,,OBJECT,IS
lock_acquired,2026-09-18 16:55:49.125,85,,,,METADATA,Sch-S
lock_acquired,2026-09-18 16:55:49.125,81,,,,PAGE,IS
lock_acquired,2026-09-18 16:55:49.125,80,,,,OBJECT,IX
lock_acquired,2026-09-18 16:55:49.125,76,,,,PAGE,S
lock_acquired,2026-09-18 16:55:49.125,78,,,,KEY,X
lock_released,2026-09-18 16:55:49.125,80,,,,PAGE,IS
lock_released,2026-09-18 16:55:49.125,81,,,,OBJECT,IX
lock_released,2026-09-18 16:55:49.125,78,,,,OBJECT,IX
lock_released,2026-09-18 16:55:49.125,82,,,,PAGE,S
lock_released,2026-09-18 16:55:49.125,83,,,,KEY,X
lock_released,2026-09-18 16:55:49.125,78,,,,OBJECT,IS
lock_released,2026-09-18 16:55:49.125,85,,,,OBJECT,IX
lock_released,2026-09-18 16:55:49.125,83,,,,PAGE,IX
lock_released,2026-09-18 16:55:49.125,85,,,,OBJECT,IS
login,2026-09-18 16:55:54.159,91,sa,unknown,SteelNort,,
lock_acquired,2026-09-18 16:55:54.159,81,,,,OBJECT,IX
lock_acquired,2026-09-18 16:55:54.159,78,,,,OBJECT,IS
lock_acquired,2026-09-18 16:55:54.159,78,,,,OBJECT,IX
lock_released,2026-09-18 16:55:54.159,76,,,,PAGE,S
lock_released,2026-09-18 16:55:54.159,84,,,,PAGE,S
lock_released,2026-09-18 16:55:54.159,81,,,,PAGE,IS
lock_released,2026-09-18 16:55:54.159,78,,,,KEY,X
lock_acquired,2026-09-18 16:55:59.191,80,,,,PAGE,IX
lock_acquired,2026-09-18 16:55:59.191,80,,,,OBJECT,Sch-S
lock_acquired,2026-09-18 16:55:59.191,76,,,,PAGE,S
lock_acquired,2026-09-18 16:55:59.191,85,,,,OBJECT,IX
lock_acquired,2026-09-18 16:55:59.191,85,,,,OBJECT,IS
lock_released,2026-09-18 16:55:59.191,85,,,,METADATA,Sch-S
lock_released,2026-09-18 16:55:59.191,85,,,,OBJECT,Sch-S
lock_released,2026-09-18 16:55:59.191,80,,,,OBJECT,IS
logout,2026-09-18 16:56:04.235,91,,,,,
lock_acquired,2026-09-18 16:56:04.235,78,,,,KEY,S
lock_acquired,2026-09-18 16:56:04.235,81,,,,PAGE,S
lock_acquired,2026-09-18 16:56:04.235,78,,,,PAGE,IS
lock_released,2026-09-18 16:56:04.235,80,,,,PAGE,IX
lock_released,2026-09-18 16:56:04.235,82,,,,OBJECT,IX
lock_released,2026-09-18 16:56:04.235,78,,,,OBJECT,IX
lock_released,2026-09-18 16:56:04.235,80,,,,OBJECT,IX
lock_released,2026-09-18 16:56:04.235,79,,,,OBJECT,IX
lock_released,2026-09-18 16:56:04.235,76,,,,PAGE,S
lock_released,2026-09-18 16:56:04.235,84,,,,OBJECT,IS
lock_released,2026-09-18 16:56:04.235,84,,,,OBJECT,IX
lock_released,2026-09-18 16:56:04.235,80,,,,OBJECT,Sch-S
lock_released,2026-09-18 16:56:04.235,82,,,,OBJECT,IS
lock_released,2026-09-18 16:56:04.235,79,,,,OBJECT,IS
lock_acquired,2026-09-18 16:56:09.262,78,,,,METADATA,Sch-S
lock_acquired,2026-09-18 16:56:09.262,82,,,,OBJECT,IX
lock_acquired,2026-09-18 16:56:09.262,80,,,,OBJECT,IS
lock_acquired,2026-09-18 16:56:09.262,80,,,,OBJECT,IX
lock_acquired,2026-09-18 16:56:09.262,85,,,,PAGE,IX
lock_acquired,2026-09-18 16:56:09.262,84,,,,OBJECT,IS
lock_acquired,2026-09-18 16:56:09.262,84,,,,OBJECT,IX
lock_acquired,2026-09-18 16:56:09.262,82,,,,OBJECT,IS
lock_acquired,2026-09-18 16:56:09.262,81,,,,OBJECT,Sch-S
lock_acquired,2026-09-18 16:56:09.262,78,,,,OBJECT,Sch-S
lock_acquired,2026-09-18 16:56:09.262,80,,,,PAGE,S
lock_released,2026-09-18 16:56:09.262,78,,,,KEY,S
lock_released,2026-09-18 16:56:09.262,81,,,,OBJECT,IX
lock_released,2026-09-18 16:56:09.262,78,,,,PAGE,IS
lock_released,2026-09-18 16:56:09.262,81,,,,OBJECT,IS
lock_released,2026-09-18 16:56:09.262,78,,,,OBJECT,IS
lock_released,2026-09-18 16:56:09.262,81,,,,PAGE,S
lock_released,2026-09-18 16:56:09.262,85,,,,OBJECT,IS
login,2026-09-18 16:56:14.321,90,795ec2146175\Administrator,Microsoft SQL Server,SteelNort,,
lock_acquired,2026-09-18 16:56:14.321,80,,,,PAGE,IX
lock_acquired,2026-09-18 16:56:14.321,84,,,,PAGE,S
lock_acquired,2026-09-18 16:56:14.321,79,,,,KEY,X
lock_acquired,2026-09-18 16:56:14.321,85,,,,PAGE,S
lock_acquired,2026-09-18 16:56:14.321,78,,,,KEY,S
lock_acquired,2026-09-18 16:56:14.321,78,,,,PAGE,IS
lock_acquired,2026-09-18 16:56:14.321,79,,,,PAGE,IX
lock_acquired,2026-09-18 16:56:14.321,78,,,,OBJECT,IS
lock_acquired,2026-09-18 16:56:14.321,79,,,,OBJECT,IX
lock_acquired,2026-09-18 16:56:14.321,85,,,,OBJECT,IS
lock_acquired,2026-09-18 16:56:14.321,81,,,,METADATA,Sch-S
lock_released,2026-09-18 16:56:14.321,78,,,,METADATA,Sch-S
lock_released,2026-09-18 16:56:14.321,80,,,,OBJECT,IS
lock_released,2026-09-18 16:56:14.321,85,,,,PAGE,IX
lock_released,2026-09-18 16:56:14.321,78,,,,OBJECT,Sch-S
lock_released,2026-09-18 16:56:14.321,80,,,,PAGE,S
logout,2026-09-18 16:56:19.361,90,,,,,
lock_acquired,2026-09-18 16:56:19.361,85,,,,OBJECT,Sch-S
lock_acquired,2026-09-18 16:56:19.361,85,,,,METADATA,Sch-S
lock_acquired,2026-09-18 16:56:19.361,81,,,,OBJECT,IX
lock_acquired,2026-09-18 16:56:19.361,80,,,,OBJECT,IS
lock_acquired,2026-09-18 16:56:19.361,81,,,,OBJECT,IS
lock_acquired,2026-09-18 16:56:19.361,78,,,,KEY,X
lock_acquired,2026-09-18 16:56:19.361,80,,,,PAGE,S
lock_released,2026-09-18 16:56:19.361,80,,,,PAGE,IX
lock_released,2026-09-18 16:56:19.361,84,,,,PAGE,S
lock_released,2026-09-18 16:56:19.361,79,,,,KEY,X
lock_released,2026-09-18 16:56:19.361,77,,,,OBJECT,IS
lock_released,2026-09-18 16:56:19.361,85,,,,PAGE,S
lock_released,2026-09-18 16:56:19.361,77,,,,OBJECT,IX
lock_released,2026-09-18 16:56:19.361,85,,,,OBJECT,IX
lock_released,2026-09-18 16:56:19.361,78,,,,KEY,S
lock_released,2026-09-18 16:56:19.361,78,,,,PAGE,IS
lock_released,2026-09-18 16:56:19.361,79,,,,PAGE,IX
lock_released,2026-09-18 16:56:19.361,78,,,,OBJECT,IS
lock_released,2026-09-18 16:56:19.361,79,,,,OBJECT,IX
lock_released,2026-09-18 16:56:19.361,81,,,,OBJECT,Sch-S
lock_released,2026-09-18 16:56:19.361,85,,,,OBJECT,IS
lock_released,2026-09-18 16:56:19.361,81,,,,METADATA,Sch-S
lock_acquired,2026-09-18 16:56:24.390,84,,,,PAGE,S
lock_acquired,2026-09-18 16:56:24.390,78,,,,OBJECT,IX
lock_acquired,2026-09-18 16:56:24.390,79,,,,OBJECT,IS
lock_acquired,2026-09-18 16:56:24.390,78,,,,OBJECT,IS
lock_acquired,2026-09-18 16:56:24.390,85,,,,OBJECT,IX
lock_acquired,2026-09-18 16:56:24.390,79,,,,OBJECT,IX
lock_acquired,2026-09-18 16:56:24.390,85,,,,OBJECT,IS
lock_released,2026-09-18 16:56:24.390,85,,,,OBJECT,Sch-S
lock_released,2026-09-18 16:56:24.390,85,,,,METADATA,Sch-S
lock_released,2026-09-18 16:56:24.390,81,,,,OBJECT,IX
lock_released,2026-09-18 16:56:24.390,81,,,,OBJECT,IS
lock_released,2026-09-18 16:56:24.390,78,,,,KEY,X
lock_released,2026-09-18 16:56:24.390,80,,,,PAGE,S
lock_acquired,2026-09-18 16:56:29.428,77,,,,OBJECT,IX
lock_acquired,2026-09-18 16:56:29.428,85,,,,PAGE,S
lock_acquired,2026-09-18 16:56:29.428,77,,,,OBJECT,IS
lock_acquired,2026-09-18 16:56:29.428,81,,,,OBJECT,IX
lock_acquired,2026-09-18 16:56:29.428,81,,,,OBJECT,IS
lock_acquired,2026-09-18 16:56:29.428,78,,,,PAGE,S
lock_released,2026-09-18 16:56:29.428,84,,,,PAGE,S
lock_released,2026-09-18 16:56:29.428,83,,,,OBJECT,IX
lock_released,2026-09-18 16:56:29.428,83,,,,OBJECT,IS
lock_released,2026-09-18 16:56:29.428,82,,,,OBJECT,IX
lock_released,2026-09-18 16:56:29.428,80,,,,OBJECT,IS
lock_released,2026-09-18 16:56:29.428,80,,,,OBJECT,IX
lock_released,2026-09-18 16:56:29.428,82,,,,OBJECT,IS
lock_acquired,2026-09-18 16:56:34.452,76,,,,OBJECT,Sch-S
lock_acquired,2026-09-18 16:56:34.452,79,,,,KEY,X
lock_acquired,2026-09-18 16:56:34.452,76,,,,METADATA,Sch-S
lock_acquired,2026-09-18 16:56:34.452,80,,,,OBJECT,IS
lock_acquired,2026-09-18 16:56:34.452,80,,,,OBJECT,IX
lock_acquired,2026-09-18 16:56:34.452,79,,,,PAGE,IX
lock_acquired,2026-09-18 16:56:34.452,82,,,,OBJECT,IX
lock_acquired,2026-09-18 16:56:34.452,82,,,,PAGE,IX
lock_acquired,2026-09-18 16:56:34.452,80,,,,PAGE,S
lock_released,2026-09-18 16:56:34.452,85,,,,PAGE,S
lock_released,2026-09-18 16:56:34.452,76,,,,OBJECT,IS
lock_released,2026-09-18 16:56:34.452,78,,,,OBJECT,IS
lock_released,2026-09-18 16:56:34.452,76,,,,OBJECT,IX
lock_released,2026-09-18 16:56:34.452,78,,,,PAGE,S
lock_released,2026-09-18 16:56:34.452,79,,,,OBJECT,IS
lock_acquired,2026-09-18 16:56:39.518,83,,,,OBJECT,IX
lock_acquired,2026-09-18 16:56:39.518,77,,,,KEY,X
lock_acquired,2026-09-18 16:56:39.518,77,,,,PAGE,IX
lock_acquired,2026-09-18 16:56:39.518,83,,,,OBJECT,IS
lock_acquired,2026-09-18 16:56:39.518,78,,,,OBJECT,IS
lock_acquired,2026-09-18 16:56:39.518,82,,,,OBJECT,IS
lock_acquired,2026-09-18 16:56:39.518,84,,,,OBJECT,Sch-S
lock_released,2026-09-18 16:56:39.518,85,,,,OBJECT,IS
lock_released,2026-09-18 16:56:39.518,76,,,,OBJECT,Sch-S
lock_released,2026-09-18 16:56:39.518,77,,,,OBJECT,IS
lock_released,2026-09-18 16:56:39.518,76,,,,METADATA,Sch-S
lock_released,2026-09-18 16:56:39.518,84,,,,OBJECT,IS
lock_released,2026-09-18 16:56:39.518,84,,,,OBJECT,IX
lock_released,2026-09-18 16:56:39.518,82,,,,PAGE,IX
lock_released,2026-09-18 16:56:39.518,80,,,,PAGE,S
lock_acquired,2026-09-18 16:56:44.559,82,,,,OBJECT,Sch-S
lock_acquired,2026-09-18 16:56:44.559,77,,,,OBJECT,IS
lock_acquired,2026-09-18 16:56:44.559,82,,,,METADATA,Sch-S
lock_acquired,2026-09-18 16:56:44.559,79,,,,OBJECT,IS
lock_acquired,2026-09-18 16:56:44.559,84,,,,OBJECT,IS
lock_acquired,2026-09-18 16:56:44.559,84,,,,OBJECT,IX
lock_acquired,2026-09-18 16:56:44.559,77,,,,PAGE,S
lock_acquired,2026-09-18 16:56:44.559,80,,,,OBJECT,Sch-S
lock_acquired,2026-09-18 16:56:44.559,81,,,,PAGE,S
lock_acquired,2026-09-18 16:56:44.559,85,,,,OBJECT,IS
lock_released,2026-09-18 16:56:44.559,83,,,,OBJECT,IX
lock_released,2026-09-18 16:56:44.559,77,,,,KEY,X
lock_released,2026-09-18 16:56:44.559,79,,,,KEY,X
lock_released,2026-09-18 16:56:44.559,77,,,,PAGE,IX
lock_released,2026-09-18 16:56:44.559,83,,,,OBJECT,IS
lock_released,2026-09-18 16:56:44.559,82,,,,OBJECT,IX
lock_released,2026-09-18 16:56:44.559,80,,,,OBJECT,IS
lock_released,2026-09-18 16:56:44.559,80,,,,OBJECT,IX
lock_released,2026-09-18 16:56:44.559,79,,,,PAGE,IX
lock_released,2026-09-18 16:56:44.559,82,,,,OBJECT,IS
lock_released,2026-09-18 16:56:44.559,84,,,,OBJECT,Sch-S
lock_acquired,2026-09-18 16:56:49.598,83,,,,OBJECT,IX
lock_acquired,2026-09-18 16:56:49.598,85,,,,OBJECT,Sch-S
lock_acquired,2026-09-18 16:56:49.598,83,,,,OBJECT,IS
lock_acquired,2026-09-18 16:56:49.598,80,,,,OBJECT,IS
lock_acquired,2026-09-18 16:56:49.598,80,,,,OBJECT,IX
lock_acquired,2026-09-18 16:56:49.598,76,,,,OBJECT,IX
lock_acquired,2026-09-18 16:56:49.598,76,,,,OBJECT,IS
lock_released,2026-09-18 16:56:49.598,77,,,,OBJECT,IX
lock_released,2026-09-18 16:56:49.598,77,,,,OBJECT,IS
lock_released,2026-09-18 16:56:49.598,82,,,,METADATA,Sch-S
lock_released,2026-09-18 16:56:49.598,77,,,,PAGE,S
lock_released,2026-09-18 16:56:49.598,80,,,,OBJECT,Sch-S
lock_released,2026-09-18 16:56:49.598,81,,,,PAGE,S
lock_released,2026-09-18 16:56:49.598,85,,,,OBJECT,IS
lock_acquired,2026-09-18 16:56:54.636,82,,,,OBJECT,IS
lock_acquired,2026-09-18 16:56:54.636,82,,,,OBJECT,IX
lock_acquired,2026-09-18 16:56:54.636,77,,,,OBJECT,Sch-S
lock_released,2026-09-18 16:56:54.636,82,,,,OBJECT,Sch-S
lock_released,2026-09-18 16:56:54.636,83,,,,OBJECT,IX
lock_released,2026-09-18 16:56:54.636,85,,,,OBJECT,Sch-S
lock_released,2026-09-18 16:56:54.636,83,,,,OBJECT,IS
lock_released,2026-09-18 16:56:54.636,85,,,,OBJECT,IX
lock_released,2026-09-18 16:56:54.636,79,,,,OBJECT,IX
lock_released,2026-09-18 16:56:54.636,79,,,,OBJECT,IS
lock_acquired,2026-09-18 16:56:59.675,84,,,,PAGE,S
lock_acquired,2026-09-18 16:56:59.675,83,,,,OBJECT,IX
lock_acquired,2026-09-18 16:56:59.675,83,,,,OBJECT,IS
lock_acquired,2026-09-18 16:56:59.675,79,,,,OBJECT,IS
lock_acquired,2026-09-18 16:56:59.675,77,,,,KEY,S
lock_acquired,2026-09-18 16:56:59.675,85,,,,OBJECT,IX
lock_acquired,2026-09-18 16:56:59.675,79,,,,OBJECT,IX
lock_acquired,2026-09-18 16:56:59.675,78,,,,OBJECT,Sch-S
lock_acquired,2026-09-18 16:56:59.675,85,,,,OBJECT,IS
lock_released,2026-09-18 16:56:59.675,78,,,,OBJECT,IS
lock_released,2026-09-18 16:56:59.675,78,,,,OBJECT,IX
lock_acquired,2026-09-18 16:57:04.714,78,,,,OBJECT,IS
lock_acquired,2026-09-18 16:57:04.714,78,,,,OBJECT,IX
lock_released,2026-09-18 16:57:04.714,77,,,,KEY,S
lock_released,2026-09-18 16:57:04.714,84,,,,PAGE,S
lock_released,2026-09-18 16:57:04.714,78,,,,OBJECT,Sch-S
lock_acquired,2026-09-18 16:57:09.755,77,,,,METADATA,Sch-S
lock_acquired,2026-09-18 16:57:09.755,80,,,,METADATA,Sch-S
lock_acquired,2026-09-18 16:57:09.755,78,,,,PAGE,S
lock_acquired,2026-09-18 16:57:09.755,80,,,,OBJECT,Sch-S
lock_released,2026-09-18 16:57:09.755,82,,,,OBJECT,IS
lock_released,2026-09-18 16:57:09.755,80,,,,OBJECT,IX
lock_released,2026-09-18 16:57:09.755,82,,,,OBJECT,IX
lock_released,2026-09-18 16:57:09.755,80,,,,OBJECT,IS
lock_acquired,2026-09-18 16:57:14.801,77,,,,OBJECT,IS
lock_acquired,2026-09-18 16:57:14.801,77,,,,OBJECT,IX
lock_acquired,2026-09-18 16:57:14.801,82,,,,OBJECT,IX
lock_acquired,2026-09-18 16:57:14.801,80,,,,OBJECT,IS
lock_acquired,2026-09-18 16:57:14.801,80,,,,OBJECT,IX
lock_acquired,2026-09-18 16:57:14.801,83,,,,OBJECT,Sch-S
lock_acquired,2026-09-18 16:57:14.801,83,,,,METADATA,Sch-S
lock_acquired,2026-09-18 16:57:14.801,81,,,,KEY,X
lock_acquired,2026-09-18 16:57:14.801,82,,,,OBJECT,IS
lock_released,2026-09-18 16:57:14.801,83,,,,OBJECT,IX
lock_released,2026-09-18 16:57:14.801,80,,,,METADATA,Sch-S
lock_released,2026-09-18 16:57:14.801,78,,,,PAGE,S
lock_released,2026-09-18 16:57:14.801,83,,,,OBJECT,IS
lock_released,2026-09-18 16:57:14.801,81,,,,OBJECT,IX
lock_released,2026-09-18 16:57:14.801,81,,,,OBJECT,IS
lock_released,2026-09-18 16:57:14.801,84,,,,OBJECT,IS
lock_released,2026-09-18 16:57:14.801,76,,,,OBJECT,IX
lock_released,2026-09-18 16:57:14.801,84,,,,OBJECT,IX
lock_released,2026-09-18 16:57:14.801,80,,,,OBJECT,Sch-S
lock_released,2026-09-18 16:57:14.801,77,,,,OBJECT,Sch-S
lock_released,2026-09-18 16:57:14.801,77,,,,METADATA,Sch-S
lock_released,2026-09-18 16:57:14.801,76,,,,OBJECT,IS
login,2026-09-18 16:57:19.835,90,795ec2146175\Administrator,Microsoft SQL Server,SteelNort,,
lock_acquired,2026-09-18 16:57:19.835,80,,,,METADATA,Sch-S
lock_acquired,2026-09-18 16:57:19.835,79,,,,KEY,X
lock_acquired,2026-09-18 16:57:19.835,81,,,,OBJECT,IX
lock_acquired,2026-09-18 16:57:19.835,79,,,,PAGE,IX
lock_acquired,2026-09-18 16:57:19.835,81,,,,OBJECT,IS
lock_acquired,2026-09-18 16:57:19.835,84,,,,OBJECT,IS
lock_acquired,2026-09-18 16:57:19.835,84,,,,OBJECT,IX
lock_acquired,2026-09-18 16:57:19.835,80,,,,OBJECT,Sch-S
lock_acquired,2026-09-18 16:57:19.835,82,,,,PAGE,IX
lock_acquired,2026-09-18 16:57:19.835,81,,,,PAGE,S
lock_acquired,2026-09-18 16:57:19.835,82,,,,KEY,X
lock_released,2026-09-18 16:57:19.835,80,,,,OBJECT,IS
lock_released,2026-09-18 16:57:19.835,80,,,,OBJECT,IX
lock_released,2026-09-18 16:57:19.835,83,,,,OBJECT,Sch-S
lock_released,2026-09-18 16:57:19.835,83,,,,METADATA,Sch-S
lock_released,2026-09-18 16:57:19.835,81,,,,KEY,X
lock_released,2026-09-18 16:57:19.835,82,,,,OBJECT,IS
lock_released,2026-09-18 16:57:19.835,79,,,,OBJECT,IS
logout,2026-09-18 16:57:24.872,90,,,,,
lock_acquired,2026-09-18 16:57:24.872,83,,,,OBJECT,IX
lock_acquired,2026-09-18 16:57:24.872,79,,,,OBJECT,Sch-S
lock_acquired,2026-09-18 16:57:24.872,83,,,,OBJECT,IS
lock_acquired,2026-09-18 16:57:24.872,80,,,,OBJECT,IS
lock_acquired,2026-09-18 16:57:24.872,80,,,,OBJECT,IX
lock_acquired,2026-09-18 16:57:24.872,85,,,,PAGE,IS
lock_acquired,2026-09-18 16:57:24.872,79,,,,METADATA,Sch-S
lock_acquired,2026-09-18 16:57:24.872,79,,,,KEY,S
lock_acquired,2026-09-18 16:57:24.872,76,,,,OBJECT,IX
lock_acquired,2026-09-18 16:57:24.872,82,,,,OBJECT,IS
lock_acquired,2026-09-18 16:57:24.872,76,,,,OBJECT,IS
lock_released,2026-09-18 16:57:24.872,80,,,,METADATA,Sch-S
lock_released,2026-09-18 16:57:24.872,79,,,,KEY,X
lock_released,2026-09-18 16:57:24.872,85,,,,OBJECT,IX
lock_released,2026-09-18 16:57:24.872,80,,,,OBJECT,Sch-S
lock_released,2026-09-18 16:57:24.872,79,,,,PAGE,IX
lock_released,2026-09-18 16:57:24.872,79,,,,OBJECT,IX
lock_released,2026-09-18 16:57:24.872,82,,,,PAGE,IX
lock_released,2026-09-18 16:57:24.872,81,,,,PAGE,S
lock_released,2026-09-18 16:57:24.872,82,,,,KEY,X
lock_acquired,2026-09-18 16:57:29.924,84,,,,PAGE,S
lock_acquired,2026-09-18 16:57:29.924,80,,,,METADATA,Sch-S
lock_acquired,2026-09-18 16:57:29.924,85,,,,OBJECT,Sch-S
lock_acquired,2026-09-18 16:57:29.924,81,,,,METADATA,Sch-S
lock_acquired,2026-09-18 16:57:29.924,80,,,,OBJECT,Sch-S
lock_acquired,2026-09-18 16:57:29.924,77,,,,PAGE,S
lock_acquired,2026-09-18 16:57:29.924,79,,,,OBJECT,IX
lock_acquired,2026-09-18 16:57:29.924,82,,,,PAGE,IX
lock_acquired,2026-09-18 16:57:29.924,81,,,,OBJECT,Sch-S
lock_acquired,2026-09-18 16:57:29.924,79,,,,OBJECT,IS
lock_acquired,2026-09-18 16:57:29.924,82,,,,KEY,X
lock_released,2026-09-18 16:57:29.924,79,,,,OBJECT,Sch-S
lock_released,2026-09-18 16:57:29.924,81,,,,OBJECT,IX
lock_released,2026-09-18 16:57:29.924,80,,,,OBJECT,IS
lock_released,2026-09-18 16:57:29.924,80,,,,OBJECT,IX
lock_released,2026-09-18 16:57:29.924,85,,,,PAGE,IS
lock_released,2026-09-18 16:57:29.924,81,,,,OBJECT,IS
lock_released,2026-09-18 16:57:29.924,79,,,,KEY,S
lock_released,2026-09-18 16:57:29.924,79,,,,METADATA,Sch-S
lock_released,2026-09-18 16:57:29.924,82,,,,OBJECT,IS
lock_released,2026-09-18 16:57:29.924,85,,,,OBJECT,IS
lock_acquired,2026-09-18 16:57:34.956,85,,,,OBJECT,IX
lock_acquired,2026-09-18 16:57:34.956,80,,,,OBJECT,IS
lock_acquired,2026-09-18 16:57:34.956,83,,,,OBJECT,Sch-S
lock_acquired,2026-09-18 16:57:34.956,83,,,,METADATA,Sch-S
lock_acquired,2026-09-18 16:57:34.956,82,,,,OBJECT,IS
lock_acquired,2026-09-18 16:57:34.956,85,,,,OBJECT,IS
lock_released,2026-09-18 16:57:34.956,83,,,,OBJECT,IX
lock_released,2026-09-18 16:57:34.956,84,,,,PAGE,S
lock_released,2026-09-18 16:57:34.956,85,,,,OBJECT,Sch-S
lock_released,2026-09-18 16:57:34.956,81,,,,METADATA,Sch-S
lock_released,2026-09-18 16:57:34.956,83,,,,OBJECT,IS
lock_released,2026-09-18 16:57:34.956,78,,,,OBJECT,IX
lock_released,2026-09-18 16:57:34.956,78,,,,OBJECT,IS
lock_released,2026-09-18 16:57:34.956,76,,,,OBJECT,IX
lock_released,2026-09-18 16:57:34.956,77,,,,PAGE,S
lock_released,2026-09-18 16:57:34.956,82,,,,PAGE,IX
lock_released,2026-09-18 16:57:34.956,81,,,,OBJECT,Sch-S
lock_released,2026-09-18 16:57:34.956,76,,,,OBJECT,IS
lock_released,2026-09-18 16:57:34.956,82,,,,KEY,X
lock_acquired,2026-09-18 16:57:40.010,77,,,,PAGE,IS
lock_acquired,2026-09-18 16:57:40.010,82,,,,OBJECT,Sch-S
lock_acquired,2026-09-18 16:57:40.010,81,,,,OBJECT,IX
lock_acquired,2026-09-18 16:57:40.010,82,,,,METADATA,Sch-S
lock_acquired,2026-09-18 16:57:40.010,80,,,,OBJECT,IX
lock_acquired,2026-09-18 16:57:40.010,81,,,,OBJECT,IS
lock_acquired,2026-09-18 16:57:40.010,76,,,,PAGE,IX
lock_released,2026-09-18 16:57:40.010,80,,,,METADATA,Sch-S
lock_released,2026-09-18 16:57:40.010,77,,,,OBJECT,IX
lock_released,2026-09-18 16:57:40.010,80,,,,OBJECT,Sch-S
lock_released,2026-09-18 16:57:40.010,82,,,,OBJECT,IX
lock_released,2026-09-18 16:57:40.010,83,,,,OBJECT,Sch-S
lock_released,2026-09-18 16:57:40.010,83,,,,METADATA,Sch-S
lock_released,2026-09-18 16:57:40.010,82,,,,OBJECT,IS
lock_released,2026-09-18 16:57:40.010,79,,,,OBJECT,IS
lock_acquired,2026-09-18 16:57:45.034,77,,,,OBJECT,IX
lock_acquired,2026-09-18 16:57:45.034,82,,,,OBJECT,IX
lock_acquired,2026-09-18 16:57:45.034,83,,,,OBJECT,Sch-S
lock_acquired,2026-09-18 16:57:45.034,76,,,,OBJECT,IX
lock_acquired,2026-09-18 16:57:45.034,82,,,,OBJECT,IS
lock_acquired,2026-09-18 16:57:45.034,78,,,,KEY,X
lock_acquired,2026-09-18 16:57:45.034,76,,,,OBJECT,IS
lock_acquired,2026-09-18 16:57:45.034,79,,,,OBJECT,IS
lock_released,2026-09-18 16:57:45.034,77,,,,PAGE,IS
lock_released,2026-09-18 16:57:45.034,82,,,,OBJECT,Sch-S
lock_released,2026-09-18 16:57:45.034,82,,,,METADATA,Sch-S
lock_released,2026-09-18 16:57:45.034,76,,,,PAGE,IX
logout,2026-09-18 16:57:50.074,68,,,,,
logout,2026-09-18 16:57:50.074,75,,,,,
logout,2026-09-18 16:57:50.074,86,,,,,
logout,2026-09-18 16:57:50.074,87,,,,,
logout,2026-09-18 16:57:50.074,88,,,,,
logout,2026-09-18 16:57:50.074,89,,,,,
lock_acquired,2026-09-18 16:57:50.074,78,,,,OBJECT,Sch-S
lock_acquired,2026-09-18 16:57:50.074,77,,,,PAGE,S
lock_acquired,2026-09-18 16:57:50.074,81,,,,METADATA,Sch-S
lock_released,2026-09-18 16:57:50.074,83,,,,OBJECT,Sch-S
lock_released,2026-09-18 16:57:50.074,81,,,,OBJECT,IS
lock_released,2026-09-18 16:57:50.074,81,,,,OBJECT,IX
lock_released,2026-09-18 16:57:50.074,78,,,,KEY,X
lock_acquired,2026-09-18 16:57:55.107,80,,,,PAGE,IX
lock_acquired,2026-09-18 16:57:55.107,83,,,,OBJECT,IX
lock_acquired,2026-09-18 16:57:55.107,78,,,,KEY,S
lock_acquired,2026-09-18 16:57:55.107,83,,,,OBJECT,IS
lock_acquired,2026-09-18 16:57:55.107,78,,,,PAGE,IS
lock_acquired,2026-09-18 16:57:55.107,78,,,,OBJECT,IS
lock_acquired,2026-09-18 16:57:55.107,81,,,,KEY,X
lock_acquired,2026-09-18 16:57:55.107,84,,,,OBJECT,Sch-S
lock_released,2026-09-18 16:57:55.107,80,,,,OBJECT,IS
lock_released,2026-09-18 16:57:55.107,80,,,,OBJECT,IX
lock_released,2026-09-18 16:57:55.107,84,,,,OBJECT,IS
lock_released,2026-09-18 16:57:55.107,84,,,,OBJECT,IX
lock_released,2026-09-18 16:57:55.107,85,,,,OBJECT,IX
lock_released,2026-09-18 16:57:55.107,78,,,,OBJECT,Sch-S
lock_released,2026-09-18 16:57:55.107,85,,,,OBJECT,IS
lock_released,2026-09-18 16:57:55.107,81,,,,METADATA,Sch-S
lock_acquired,2026-09-18 16:58:00.145,78,,,,METADATA,Sch-S
lock_acquired,2026-09-18 16:58:00.145,82,,,,OBJECT,Sch-S
lock_acquired,2026-09-18 16:58:00.145,79,,,,KEY,X
lock_acquired,2026-09-18 16:58:00.145,81,,,,OBJECT,IX
lock_acquired,2026-09-18 16:58:00.145,82,,,,METADATA,Sch-S
lock_acquired,2026-09-18 16:58:00.145,79,,,,PAGE,IX
lock_acquired,2026-09-18 16:58:00.145,83,,,,PAGE,S
lock_acquired,2026-09-18 16:58:00.145,81,,,,OBJECT,IS
lock_acquired,2026-09-18 16:58:00.145,84,,,,OBJECT,IS
lock_acquired,2026-09-18 16:58:00.145,84,,,,OBJECT,IX
lock_acquired,2026-09-18 16:58:00.145,81,,,,PAGE,S
lock_acquired,2026-09-18 16:58:00.145,78,,,,OBJECT,Sch-S
lock_released,2026-09-18 16:58:00.145,80,,,,PAGE,IX
lock_released,2026-09-18 16:58:00.145,78,,,,KEY,S
lock_released,2026-09-18 16:58:00.145,82,,,,OBJECT,IX
lock_released,2026-09-18 16:58:00.145,78,,,,PAGE,IS
lock_released,2026-09-18 16:58:00.145,78,,,,OBJECT,IS
lock_released,2026-09-18 16:58:00.145,77,,,,PAGE,S
lock_released,2026-09-18 16:58:00.145,79,,,,OBJECT,IX
lock_released,2026-09-18 16:58:00.145,81,,,,KEY,X
lock_released,2026-09-18 16:58:00.145,82,,,,OBJECT,IS
lock_released,2026-09-18 16:58:00.145,84,,,,OBJECT,Sch-S
lock_released,2026-09-18 16:58:00.145,79,,,,OBJECT,IS
lock_acquired,2026-09-18 16:58:05.175,85,,,,OBJECT,Sch-S
lock_acquired,2026-09-18 16:58:05.175,85,,,,METADATA,Sch-S
lock_acquired,2026-09-18 16:58:05.175,82,,,,OBJECT,IX
lock_acquired,2026-09-18 16:58:05.175,80,,,,OBJECT,IS
lock_acquired,2026-09-18 16:58:05.175,80,,,,OBJECT,IX
lock_acquired,2026-09-18 16:58:05.175,82,,,,OBJECT,IS
lock_acquired,2026-09-18 16:58:05.175,78,,,,KEY,X
lock_released,2026-09-18 16:58:05.175,78,,,,METADATA,Sch-S
lock_released,2026-09-18 16:58:05.175,82,,,,OBJECT,Sch-S
lock_released,2026-09-18 16:58:05.175,83,,,,OBJECT,IX
lock_released,2026-09-18 16:58:05.175,79,,,,KEY,X
lock_released,2026-09-18 16:58:05.175,83,,,,OBJECT,IS
lock_released,2026-09-18 16:58:05.175,82,,,,METADATA,Sch-S
lock_released,2026-09-18 16:58:05.175,79,,,,PAGE,IX
lock_released,2026-09-18 16:58:05.175,83,,,,PAGE,S
lock_released,2026-09-18 16:58:05.175,81,,,,PAGE,S
lock_released,2026-09-18 16:58:05.175,78,,,,OBJECT,Sch-S
lock_acquired,2026-09-18 16:58:10.226,78,,,,METADATA,Sch-S
lock_acquired,2026-09-18 16:58:10.226,79,,,,OBJECT,Sch-S
lock_acquired,2026-09-18 16:58:10.226,79,,,,METADATA,Sch-S
lock_acquired,2026-09-18 16:58:10.226,85,,,,OBJECT,IX
lock_acquired,2026-09-18 16:58:10.226,81,,,,PAGE,S
lock_acquired,2026-09-18 16:58:10.226,78,,,,OBJECT,Sch-S
lock_acquired,2026-09-18 16:58:10.226,85,,,,OBJECT,IS
lock_released,2026-09-18 16:58:10.226,85,,,,OBJECT,Sch-S
lock_released,2026-09-18 16:58:10.226,85,,,,METADATA,Sch-S
lock_released,2026-09-18 16:58:10.226,80,,,,OBJECT,IX
lock_released,2026-09-18 16:58:10.226,80,,,,OBJECT,IS
lock_released,2026-09-18 16:58:10.226,78,,,,KEY,X
lock_acquired,2026-09-18 16:58:15.269,82,,,,OBJECT,Sch-S
lock_acquired,2026-09-18 16:58:15.269,80,,,,PAGE,IX
lock_acquired,2026-09-18 16:58:15.269,83,,,,OBJECT,IX
lock_acquired,2026-09-18 16:58:15.269,76,,,,OBJECT,Sch-S
lock_acquired,2026-09-18 16:58:15.269,76,,,,METADATA,Sch-S
lock_acquired,2026-09-18 16:58:15.269,83,,,,OBJECT,IS
lock_acquired,2026-09-18 16:58:15.269,78,,,,OBJECT,IX
lock_acquired,2026-09-18 16:58:15.269,80,,,,OBJECT,IX
lock_acquired,2026-09-18 16:58:15.269,80,,,,PAGE,IU
lock_acquired,2026-09-18 16:58:15.269,76,,,,KEY,S
lock_acquired,2026-09-18 16:58:15.269,78,,,,OBJECT,IS
lock_acquired,2026-09-18 16:58:15.269,79,,,,OBJECT,IX
lock_acquired,2026-09-18 16:58:15.269,80,,,,KEY,U
lock_acquired,2026-09-18 16:58:15.269,78,,,,PAGE,S
lock_acquired,2026-09-18 16:58:15.269,79,,,,OBJECT,IS
lock_released,2026-09-18 16:58:15.269,78,,,,METADATA,Sch-S
lock_released,2026-09-18 16:58:15.269,79,,,,OBJECT,Sch-S
lock_released,2026-09-18 16:58:15.269,81,,,,OBJECT,IX
lock_released,2026-09-18 16:58:15.269,82,,,,OBJECT,IX
lock_released,2026-09-18 16:58:15.269,81,,,,OBJECT,IS
lock_released,2026-09-18 16:58:15.269,79,,,,METADATA,Sch-S
lock_released,2026-09-18 16:58:15.269,78,,,,OBJECT,Sch-S
lock_released,2026-09-18 16:58:15.269,76,,,,OBJECT,IX
lock_released,2026-09-18 16:58:15.269,82,,,,OBJECT,IS
lock_released,2026-09-18 16:58:15.269,81,,,,PAGE,S
lock_released,2026-09-18 16:58:15.269,76,,,,OBJECT,IS
lock_acquired,2026-09-18 16:58:20.305,76,,,,KEY,X
lock_acquired,2026-09-18 16:58:20.305,85,,,,OBJECT,Sch-S
lock_acquired,2026-09-18 16:58:20.305,81,,,,OBJECT,IX
lock_acquired,2026-09-18 16:58:20.305,82,,,,OBJECT,IX
lock_acquired,2026-09-18 16:58:20.305,80,,,,OBJECT,IS
lock_acquired,2026-09-18 16:58:20.305,81,,,,OBJECT,IS
lock_acquired,2026-09-18 16:58:20.305,76,,,,OBJECT,IX
lock_acquired,2026-09-18 16:58:20.305,77,,,,OBJECT,Sch-S
lock_acquired,2026-09-18 16:58:20.305,82,,,,OBJECT,IS
lock_acquired,2026-09-18 16:58:20.305,76,,,,PAGE,IX
lock_released,2026-09-18 16:58:20.305,82,,,,OBJECT,Sch-S
lock_released,2026-09-18 16:58:20.305,80,,,,PAGE,IX
lock_released,2026-09-18 16:58:20.305,76,,,,OBJECT,Sch-S
lock_released,2026-09-18 16:58:20.305,77,,,,OBJECT,IS
lock_released,2026-09-18 16:58:20.305,77,,,,OBJECT,IX
lock_released,2026-09-18 16:58:20.305,76,,,,METADATA,Sch-S
lock_released,2026-09-18 16:58:20.305,80,,,,PAGE,IU
lock_released,2026-09-18 16:58:20.305,76,,,,KEY,S
lock_released,2026-09-18 16:58:20.305,85,,,,OBJECT,IX
lock_released,2026-09-18 16:58:20.305,80,,,,KEY,U
lock_released,2026-09-18 16:58:20.305,85,,,,OBJECT,IS
lock_acquired,2026-09-18 16:58:25.343,77,,,,OBJECT,IS
lock_acquired,2026-09-18 16:58:25.343,77,,,,OBJECT,IX
lock_acquired,2026-09-18 16:58:25.343,76,,,,PAGE,S
lock_acquired,2026-09-18 16:58:25.343,85,,,,OBJECT,IX
lock_acquired,2026-09-18 16:58:25.343,76,,,,OBJECT,IS
lock_acquired,2026-09-18 16:58:25.343,85,,,,OBJECT,IS
lock_released,2026-09-18 16:58:25.343,76,,,,KEY,X
lock_released,2026-09-18 16:58:25.343,85,,,,OBJECT,Sch-S
lock_released,2026-09-18 16:58:25.343,80,,,,OBJECT,IS
lock_released,2026-09-18 16:58:25.343,80,,,,OBJECT,IX
lock_released,2026-09-18 16:58:25.343,84,,,,OBJECT,IS
lock_released,2026-09-18 16:58:25.343,84,,,,OBJECT,IX
lock_released,2026-09-18 16:58:25.343,77,,,,OBJECT,Sch-S
lock_released,2026-09-18 16:58:25.343,78,,,,PAGE,S
lock_released,2026-09-18 16:58:25.343,76,,,,PAGE,IX
login,2026-09-18 16:58:31.440,68,795ec2146175\Administrator,Microsoft SQL Server,SteelNort,,
lock_acquired,2026-09-18 16:58:31.440,82,,,,PAGE,IU
lock_acquired,2026-09-18 16:58:31.440,82,,,,KEY,U
lock_acquired,2026-09-18 16:58:31.440,81,,,,PAGE,IX
lock_acquired,2026-09-18 16:58:31.440,84,,,,PAGE,IX
lock_acquired,2026-09-18 16:58:31.440,84,,,,KEY,X
lock_acquired,2026-09-18 16:58:31.440,80,,,,OBJECT,IX
lock_acquired,2026-09-18 16:58:31.440,85,,,,PAGE,IX
lock_acquired,2026-09-18 16:58:31.440,84,,,,OBJECT,IX
lock_acquired,2026-09-18 16:58:31.440,80,,,,KEY,X
lock_acquired,2026-09-18 16:58:31.440,81,,,,KEY,X
lock_acquired,2026-09-18 16:58:31.440,82,,,,PAGE,IX
lock_acquired,2026-09-18 16:58:31.440,85,,,,KEY,X
lock_acquired,2026-09-18 16:58:31.440,82,,,,KEY,X
lock_released,2026-09-18 16:58:31.440,77,,,,OBJECT,IS
lock_released,2026-09-18 16:58:31.440,78,,,,OBJECT,IX
lock_released,2026-09-18 16:58:31.440,76,,,,PAGE,S
lock_released,2026-09-18 16:58:31.440,81,,,,OBJECT,IS
lock_released,2026-09-18 16:58:31.440,78,,,,OBJECT,IS
lock_released,2026-09-18 16:58:31.440,79,,,,OBJECT,IS
lock_released,2026-09-18 16:58:31.440,82,,,,OBJECT,IS
lock_released,2026-09-18 16:58:31.440,85,,,,OBJECT,IS
logout,2026-09-18 16:58:36.858,68,,,,,
lock_acquired,2026-09-18 16:58:36.858,82,,,,OBJECT,Sch-S
lock_acquired,2026-09-18 16:58:36.858,76,,,,KEY,X
lock_acquired,2026-09-18 16:58:36.858,84,,,,PAGE,S
lock_acquired,2026-09-18 16:58:36.858,77,,,,OBJECT,IS
lock_acquired,2026-09-18 16:58:36.858,79,,,,PAGE,S
lock_acquired,2026-09-18 16:58:36.858,78,,,,OBJECT,IX
lock_acquired,2026-09-18 16:58:36.858,80,,,,OBJECT,IS
lock_acquired,2026-09-18 16:58:36.858,79,,,,OBJECT,IS
lock_acquired,2026-09-18 16:58:36.858,77,,,,KEY,S
lock_acquired,2026-09-18 16:58:36.858,84,,,,OBJECT,IS
lock_acquired,2026-09-18 16:58:36.858,78,,,,OBJECT,IS
lock_acquired,2026-09-18 16:58:36.858,76,,,,PAGE,IX
lock_acquired,2026-09-18 16:58:36.858,85,,,,OBJECT,IS
lock_released,2026-09-18 16:58:36.858,82,,,,PAGE,IU
lock_released,2026-09-18 16:58:36.858,82,,,,KEY,U
lock_released,2026-09-18 16:58:36.858,81,,,,PAGE,IX
lock_released,2026-09-18 16:58:36.858,77,,,,OBJECT,IX
lock_released,2026-09-18 16:58:36.858,84,,,,PAGE,IX
lock_released,2026-09-18 16:58:36.858,83,,,,OBJECT,IS
lock_released,2026-09-18 16:58:36.858,81,,,,OBJECT,IX
lock_released,2026-09-18 16:58:36.858,84,,,,KEY,X
lock_released,2026-09-18 16:58:36.858,85,,,,PAGE,IX
lock_released,2026-09-18 16:58:36.858,80,,,,KEY,X
lock_released,2026-09-18 16:58:36.858,81,,,,KEY,X
lock_released,2026-09-18 16:58:36.858,82,,,,OBJECT,IX
lock_released,2026-09-18 16:58:36.858,82,,,,PAGE,IX
lock_released,2026-09-18 16:58:36.858,76,,,,OBJECT,IS
lock_released,2026-09-18 16:58:36.858,85,,,,KEY,X
lock_released,2026-09-18 16:58:36.858,82,,,,KEY,X
lock_acquired,2026-09-18 16:58:42.927,77,,,,OBJECT,IX
lock_acquired,2026-09-18 16:58:42.927,84,,,,METADATA,Sch-S
lock_acquired,2026-09-18 16:58:42.927,83,,,,OBJECT,IS
lock_acquired,2026-09-18 16:58:42.927,81,,,,OBJECT,IX
lock_acquired,2026-09-18 16:58:42.927,82,,,,OBJECT,IX
lock_acquired,2026-09-18 16:58:42.927,81,,,,OBJECT,IS
lock_acquired,2026-09-18 16:58:42.927,84,,,,OBJECT,Sch-S
lock_acquired,2026-09-18 16:58:42.927,82,,,,OBJECT,IS
lock_acquired,2026-09-18 16:58:42.927,76,,,,OBJECT,IS
lock_released,2026-09-18 16:58:42.927,82,,,,OBJECT,Sch-S
lock_released,2026-09-18 16:58:42.927,76,,,,KEY,X
lock_released,2026-09-18 16:58:42.927,84,,,,PAGE,S
lock_released,2026-09-18 16:58:42.927,79,,,,PAGE,S
lock_released,2026-09-18 16:58:42.927,78,,,,OBJECT,IX
lock_released,2026-09-18 16:58:42.927,77,,,,KEY,S
lock_released,2026-09-18 16:58:42.927,78,,,,OBJECT,IS
lock_released,2026-09-18 16:58:42.927,84,,,,OBJECT,IS
lock_released,2026-09-18 16:58:42.927,84,,,,OBJECT,IX
lock_released,2026-09-18 16:58:42.927,76,,,,PAGE,IX
lock_acquired,2026-09-18 16:58:47.981,84,,,,PAGE,S
lock_acquired,2026-09-18 16:58:47.981,79,,,,KEY,X
lock_acquired,2026-09-18 16:58:47.981,81,,,,PAGE,IX
lock_acquired,2026-09-18 16:58:47.981,78,,,,OBJECT,IX
lock_acquired,2026-09-18 16:58:47.981,79,,,,PAGE,IX
lock_acquired,2026-09-18 16:58:47.981,78,,,,OBJECT,IS
lock_acquired,2026-09-18 16:58:47.981,84,,,,OBJECT,IS
lock_acquired,2026-09-18 16:58:47.981,84,,,,OBJECT,IX
lock_acquired,2026-09-18 16:58:47.981,81,,,,KEY,X
lock_released,2026-09-18 16:58:47.981,84,,,,METADATA,Sch-S
lock_released,2026-09-18 16:58:47.981,81,,,,OBJECT,IS
lock_released,2026-09-18 16:58:47.981,84,,,,OBJECT,Sch-S
lock_released,2026-09-18 16:58:47.981,79,,,,OBJECT,IS
lock_acquired,2026-09-18 16:58:53.074,81,,,,OBJECT,Sch-S
lock_acquired,2026-09-18 16:58:53.074,79,,,,OBJECT,Sch-S
lock_acquired,2026-09-18 16:58:53.074,81,,,,METADATA,Sch-S
lock_released,2026-09-18 16:58:53.074,79,,,,KEY,X
lock_released,2026-09-18 16:58:53.074,81,,,,PAGE,IX
lock_released,2026-09-18 16:58:53.074,81,,,,OBJECT,IX
lock_released,2026-09-18 16:58:53.074,79,,,,PAGE,IX
lock_released,2026-09-18 16:58:53.074,79,,,,OBJECT,IX
lock_released,2026-09-18 16:58:53.074,81,,,,KEY,X
lock_acquired,2026-09-18 16:58:58.177,77,,,,PAGE,IS
lock_acquired,2026-09-18 16:58:58.177,82,,,,OBJECT,Sch-S
lock_acquired,2026-09-18 16:58:58.177,81,,,,OBJECT,IX
lock_acquired,2026-09-18 16:58:58.177,81,,,,OBJECT,IS
lock_acquired,2026-09-18 16:58:58.177,76,,,,PAGE,S
lock_acquired,2026-09-18 16:58:58.177,77,,,,OBJECT,Sch-S
lock_acquired,2026-09-18 16:58:58.177,80,,,,OBJECT,Sch-S
lock_released,2026-09-18 16:58:58.177,84,,,,PAGE,S
lock_released,2026-09-18 16:58:58.177,77,,,,OBJECT,IS
lock_released,2026-09-18 16:58:58.177,77,,,,OBJECT,IX
lock_released,2026-09-18 16:58:58.177,82,,,,OBJECT,IX
lock_released,2026-09-18 16:58:58.177,80,,,,OBJECT,IS
lock_released,2026-09-18 16:58:58.177,80,,,,OBJECT,IX
lock_released,2026-09-18 16:58:58.177,82,,,,OBJECT,IS
lock_released,2026-09-18 16:58:58.177,81,,,,OBJECT,Sch-S
lock_released,2026-09-18 16:58:58.177,81,,,,METADATA,Sch-S
lock_acquired,2026-09-18 16:59:03.226,77,,,,OBJECT,IX
lock_acquired,2026-09-18 16:59:03.226,77,,,,OBJECT,IS
lock_acquired,2026-09-18 16:59:03.226,78,,,,PAGE,IS
lock_acquired,2026-09-18 16:59:03.226,80,,,,OBJECT,IS
lock_acquired,2026-09-18 16:59:03.226,80,,,,OBJECT,IX
lock_acquired,2026-09-18 16:59:03.226,79,,,,OBJECT,IX
lock_acquired,2026-09-18 16:59:03.226,78,,,,OBJECT,Sch-S
lock_acquired,2026-09-18 16:59:03.226,79,,,,OBJECT,IS
lock_released,2026-09-18 16:59:03.226,77,,,,PAGE,IS
lock_released,2026-09-18 16:59:03.226,82,,,,OBJECT,Sch-S
lock_released,2026-09-18 16:59:03.226,83,,,,OBJECT,IX
lock_released,2026-09-18 16:59:03.226,79,,,,OBJECT,Sch-S
lock_released,2026-09-18 16:59:03.226,83,,,,OBJECT,IS
lock_released,2026-09-18 16:59:03.226,78,,,,OBJECT,IX
lock_released,2026-09-18 16:59:03.226,76,,,,PAGE,S
lock_released,2026-09-18 16:59:03.226,78,,,,OBJECT,IS
lock_released,2026-09-18 16:59:03.226,77,,,,OBJECT,Sch-S
lock_released,2026-09-18 16:59:03.226,80,,,,OBJECT,Sch-S
lock_acquired,2026-09-18 16:59:08.264,84,,,,PAGE,S
lock_acquired,2026-09-18 16:59:08.264,80,,,,METADATA,Sch-S
lock_acquired,2026-09-18 16:59:08.264,77,,,,KEY,X
lock_acquired,2026-09-18 16:59:08.264,85,,,,OBJECT,Sch-S
lock_acquired,2026-09-18 16:59:08.264,85,,,,METADATA,Sch-S
lock_acquired,2026-09-18 16:59:08.264,82,,,,OBJECT,IX
lock_acquired,2026-09-18 16:59:08.264,78,,,,OBJECT,IX
lock_acquired,2026-09-18 16:59:08.264,78,,,,OBJECT,IS
lock_acquired,2026-09-18 16:59:08.264,80,,,,OBJECT,Sch-S
lock_acquired,2026-09-18 16:59:08.264,82,,,,OBJECT,IS
lock_acquired,2026-09-18 16:59:08.264,81,,,,PAGE,S
lock_released,2026-09-18 16:59:08.264,77,,,,OBJECT,IS
lock_released,2026-09-18 16:59:08.264,78,,,,PAGE,IS
lock_released,2026-09-18 16:59:08.264,80,,,,OBJECT,IS
lock_released,2026-09-18 16:59:08.264,80,,,,OBJECT,IX
lock_released,2026-09-18 16:59:08.264,85,,,,OBJECT,IX
lock_released,2026-09-18 16:59:08.264,78,,,,OBJECT,Sch-S
lock_released,2026-09-18 16:59:08.264,85,,,,OBJECT,IS
lock_acquired,2026-09-18 16:59:13.313,83,,,,OBJECT,IX
lock_acquired,2026-09-18 16:59:13.313,77,,,,OBJECT,IS
lock_acquired,2026-09-18 16:59:13.313,83,,,,OBJECT,IS
lock_acquired,2026-09-18 16:59:13.313,82,,,,PAGE,S
lock_acquired,2026-09-18 16:59:13.313,80,,,,OBJECT,IS
lock_acquired,2026-09-18 16:59:13.313,80,,,,OBJECT,IX
lock_released,2026-09-18 16:59:13.313,84,,,,PAGE,S
lock_released,2026-09-18 16:59:13.313,80,,,,METADATA,Sch-S
lock_released,2026-09-18 16:59:13.313,77,,,,KEY,X
lock_released,2026-09-18 16:59:13.313,85,,,,METADATA,Sch-S
lock_released,2026-09-18 16:59:13.313,80,,,,OBJECT,Sch-S
lock_acquired,2026-09-18 16:59:18.391,84,,,,PAGE,S
lock_acquired,2026-09-18 16:59:18.391,79,,,,PAGE,S
lock_acquired,2026-09-18 16:59:18.391,83,,,,KEY,X
lock_acquired,2026-09-18 16:59:18.391,85,,,,OBJECT,IX
lock_acquired,2026-09-18 16:59:18.391,85,,,,OBJECT,IS
lock_released,2026-09-18 16:59:18.391,83,,,,OBJECT,IX
lock_released,2026-09-18 16:59:18.391,85,,,,OBJECT,Sch-S
lock_released,2026-09-18 16:59:18.391,83,,,,OBJECT,IS
lock_released,2026-09-18 16:59:18.391,82,,,,PAGE,S
lock_released,2026-09-18 16:59:18.391,81,,,,PAGE,S
lock_acquired,2026-09-18 16:59:23.470,83,,,,OBJECT,IX
lock_acquired,2026-09-18 16:59:23.470,82,,,,KEY,U
lock_acquired,2026-09-18 16:59:23.470,79,,,,KEY,X
lock_acquired,2026-09-18 16:59:23.470,85,,,,OBJECT,Sch-S
lock_acquired,2026-09-18 16:59:23.470,83,,,,OBJECT,IS
lock_acquired,2026-09-18 16:59:23.470,85,,,,METADATA,Sch-S
lock_acquired,2026-09-18 16:59:23.470,79,,,,PAGE,IX
lock_acquired,2026-09-18 16:59:23.470,82,,,,PAGE,IX
lock_acquired,2026-09-18 16:59:23.470,78,,,,PAGE,S
lock_acquired,2026-09-18 16:59:23.470,82,,,,KEY,X
lock_released,2026-09-18 16:59:23.470,84,,,,PAGE,S
lock_released,2026-09-18 16:59:23.470,79,,,,PAGE,S
lock_released,2026-09-18 16:59:23.470,83,,,,KEY,X
lock_released,2026-09-18 16:59:23.470,79,,,,OBJECT,IS
lock_released,2026-09-18 16:59:23.470,85,,,,OBJECT,IX
lock_released,2026-09-18 16:59:23.470,82,,,,OBJECT,IS
lock_released,2026-09-18 16:59:23.470,85,,,,OBJECT,IS
lock_acquired,2026-09-18 16:59:28.521,84,,,,PAGE,S
lock_acquired,2026-09-18 16:59:28.521,77,,,,KEY,X
lock_acquired,2026-09-18 16:59:28.521,81,,,,PAGE,IX
lock_acquired,2026-09-18 16:59:28.521,77,,,,PAGE,IX
lock_acquired,2026-09-18 16:59:28.521,76,,,,PAGE,S
lock_acquired,2026-09-18 16:59:28.521,79,,,,OBJECT,IS
lock_acquired,2026-09-18 16:59:28.521,85,,,,OBJECT,IX
lock_acquired,2026-09-18 16:59:28.521,81,,,,KEY,X
lock_acquired,2026-09-18 16:59:28.521,82,,,,OBJECT,IS
lock_acquired,2026-09-18 16:59:28.521,85,,,,OBJECT,IS
lock_released,2026-09-18 16:59:28.521,82,,,,KEY,U
lock_released,2026-09-18 16:59:28.521,79,,,,KEY,X
lock_released,2026-09-18 16:59:28.521,85,,,,OBJECT,Sch-S
lock_released,2026-09-18 16:59:28.521,77,,,,OBJECT,IS
lock_released,2026-09-18 16:59:28.521,85,,,,METADATA,Sch-S
lock_released,2026-09-18 16:59:28.521,81,,,,OBJECT,IX
lock_released,2026-09-18 16:59:28.521,79,,,,PAGE,IX
lock_released,2026-09-18 16:59:28.521,81,,,,OBJECT,IS
lock_released,2026-09-18 16:59:28.521,82,,,,PAGE,IX
lock_released,2026-09-18 16:59:28.521,82,,,,KEY,X
lock_acquired,2026-09-18 16:59:33.583,76,,,,KEY,X
lock_acquired,2026-09-18 16:59:33.583,80,,,,PAGE,IX
lock_acquired,2026-09-18 16:59:33.583,79,,,,KEY,X
lock_acquired,2026-09-18 16:59:33.583,78,,,,KEY,X
lock_acquired,2026-09-18 16:59:33.583,78,,,,PAGE,IX
lock_acquired,2026-09-18 16:59:33.583,81,,,,OBJECT,IX
lock_acquired,2026-09-18 16:59:33.583,85,,,,KEY,X
lock_acquired,2026-09-18 16:59:33.583,85,,,,PAGE,IX
lock_acquired,2026-09-18 16:59:33.583,81,,,,OBJECT,IS
lock_acquired,2026-09-18 16:59:33.583,79,,,,PAGE,IX
lock_acquired,2026-09-18 16:59:33.583,80,,,,KEY,X
lock_acquired,2026-09-18 16:59:33.583,82,,,,PAGE,IX
lock_acquired,2026-09-18 16:59:33.583,81,,,,PAGE,S
lock_acquired,2026-09-18 16:59:33.583,76,,,,PAGE,IX
lock_acquired,2026-09-18 16:59:33.583,82,,,,KEY,X
lock_released,2026-09-18 16:59:33.583,84,,,,PAGE,S
lock_released,2026-09-18 16:59:33.583,78,,,,PAGE,S
lock_released,2026-09-18 16:59:33.583,81,,,,PAGE,IX
lock_released,2026-09-18 16:59:33.583,80,,,,OBJECT,IS
lock_released,2026-09-18 16:59:33.583,76,,,,PAGE,S
lock_released,2026-09-18 16:59:33.583,79,,,,OBJECT,IS
lock_released,2026-09-18 16:59:33.583,78,,,,OBJECT,IS
lock_released,2026-09-18 16:59:33.583,84,,,,OBJECT,IS
lock_released,2026-09-18 16:59:33.583,84,,,,OBJECT,IX
lock_released,2026-09-18 16:59:33.583,81,,,,KEY,X
lock_released,2026-09-18 16:59:33.583,82,,,,OBJECT,IS
lock_released,2026-09-18 16:59:33.583,76,,,,OBJECT,IS
lock_released,2026-09-18 16:59:33.583,85,,,,OBJECT,IS
lock_acquired,2026-09-18 16:59:38.613,80,,,,OBJECT,IS
lock_acquired,2026-09-18 16:59:38.613,79,,,,OBJECT,IS
lock_acquired,2026-09-18 16:59:38.613,78,,,,OBJECT,IS
lock_acquired,2026-09-18 16:59:38.613,84,,,,OBJECT,IS
lock_acquired,2026-09-18 16:59:38.613,84,,,,OBJECT,IX
lock_acquired,2026-09-18 16:59:38.613,77,,,,OBJECT,Sch-S
lock_acquired,2026-09-18 16:59:38.613,82,,,,OBJECT,IS
lock_acquired,2026-09-18 16:59:38.613,81,,,,OBJECT,Sch-S
lock_acquired,2026-09-18 16:59:38.613,76,,,,OBJECT,IS
lock_acquired,2026-09-18 16:59:38.613,85,,,,OBJECT,IS
lock_released,2026-09-18 16:59:38.613,80,,,,PAGE,IX
lock_released,2026-09-18 16:59:38.613,77,,,,KEY,X
lock_released,2026-09-18 16:59:38.613,78,,,,PAGE,IX
lock_released,2026-09-18 16:59:38.613,81,,,,OBJECT,IS
lock_released,2026-09-18 16:59:38.613,76,,,,PAGE,IX
lock_released,2026-09-18 16:59:38.613,76,,,,KEY,X
lock_released,2026-09-18 16:59:38.613,83,,,,OBJECT,IX
lock_released,2026-09-18 16:59:38.613,85,,,,KEY,X
lock_released,2026-09-18 16:59:38.613,79,,,,KEY,X
lock_released,2026-09-18 16:59:38.613,81,,,,OBJECT,IX
lock_released,2026-09-18 16:59:38.613,85,,,,PAGE,IX
lock_released,2026-09-18 16:59:38.613,79,,,,PAGE,IX
lock_released,2026-09-18 16:59:38.613,82,,,,PAGE,IX
lock_released,2026-09-18 16:59:38.613,81,,,,PAGE,S
lock_released,2026-09-18 16:59:38.613,82,,,,KEY,X
lock_released,2026-09-18 16:59:38.613,77,,,,OBJECT,IX
lock_released,2026-09-18 16:59:38.613,83,,,,OBJECT,IS
lock_released,2026-09-18 16:59:38.613,80,,,,KEY,X
lock_released,2026-09-18 16:59:38.613,77,,,,PAGE,IX
lock_released,2026-09-18 16:59:38.613,78,,,,KEY,X
lock_acquired,2026-09-18 16:59:43.674,83,,,,OBJECT,IX
lock_acquired,2026-09-18 16:59:43.674,81,,,,PAGE,IX
lock_acquired,2026-09-18 16:59:43.674,85,,,,OBJECT,Sch-S
lock_acquired,2026-09-18 16:59:43.674,77,,,,OBJECT,IS
lock_acquired,2026-09-18 16:59:43.674,77,,,,OBJECT,IX
lock_acquired,2026-09-18 16:59:43.674,83,,,,OBJECT,IS
lock_acquired,2026-09-18 16:59:43.674,85,,,,METADATA,Sch-S
lock_acquired,2026-09-18 16:59:43.674,76,,,,PAGE,S
lock_acquired,2026-09-18 16:59:43.674,85,,,,KEY,S
lock_released,2026-09-18 16:59:43.674,81,,,,OBJECT,Sch-S
lock_released,2026-09-18 16:59:43.674,77,,,,OBJECT,Sch-S
lock_released,2026-09-18 16:59:43.674,85,,,,OBJECT,IS
lock_released,2026-09-18 16:59:43.674,85,,,,OBJECT,IX
lock_acquired,2026-09-18 16:59:48.728,81,,,,OBJECT,IS
lock_acquired,2026-09-18 16:59:48.728,81,,,,OBJECT,IX
lock_acquired,2026-09-18 16:59:48.728,82,,,,PAGE,S
lock_released,2026-09-18 16:59:48.728,81,,,,PAGE,IX
lock_released,2026-09-18 16:59:48.728,85,,,,OBJECT,Sch-S
lock_released,2026-09-18 16:59:48.728,85,,,,METADATA,Sch-S
lock_released,2026-09-18 16:59:48.728,85,,,,KEY,S
lock_released,2026-09-18 16:59:48.728,79,,,,OBJECT,IX
lock_released,2026-09-18 16:59:48.728,79,,,,OBJECT,IS
login,2026-09-18 16:59:53.784,68,sa,unknown,SteelNort,,
login,2026-09-18 16:59:53.784,75,sa,unknown,SteelNort,,
login,2026-09-18 16:59:53.784,86,sa,unknown,SteelNort,,
login,2026-09-18 16:59:53.784,87,sa,unknown,SteelNort,,
login,2026-09-18 16:59:53.784,88,sa,unknown,SteelNort,,
login,2026-09-18 16:59:53.784,89,sa,unknown,SteelNort,,
login,2026-09-18 16:59:53.784,90,sa,unknown,SteelNort,,
login,2026-09-18 16:59:53.784,91,sa,unknown,SteelNort,,
login,2026-09-18 16:59:53.784,92,sa,unknown,SteelNort,,
lock_acquired,2026-09-18 16:59:53.784,83,,,,PAGE,S
lock_acquired,2026-09-18 16:59:53.784,79,,,,OBJECT,IS
lock_acquired,2026-09-18 16:59:53.784,85,,,,OBJECT,IX
lock_acquired,2026-09-18 16:59:53.784,79,,,,OBJECT,IX
lock_acquired,2026-09-18 16:59:53.784,81,,,,OBJECT,Sch-S
lock_acquired,2026-09-18 16:59:53.784,85,,,,OBJECT,IS
lock_acquired,2026-09-18 16:59:53.784,81,,,,METADATA,Sch-S
lock_released,2026-09-18 16:59:53.784,77,,,,OBJECT,IS
lock_released,2026-09-18 16:59:53.784,77,,,,OBJECT,IX
lock_released,2026-09-18 16:59:53.784,81,,,,OBJECT,IX
lock_released,2026-09-18 16:59:53.784,80,,,,OBJECT,IS
lock_released,2026-09-18 16:59:53.784,82,,,,PAGE,S
lock_released,2026-09-18 16:59:53.784,81,,,,OBJECT,IS
lock_released,2026-09-18 16:59:53.784,76,,,,PAGE,S
lock_acquired,2026-09-18 16:59:58.825,84,,,,PAGE,S
lock_acquired,2026-09-18 16:59:58.825,85,,,,OBJECT,Sch-S
lock_acquired,2026-09-18 16:59:58.825,77,,,,OBJECT,IS
lock_acquired,2026-09-18 16:59:58.825,77,,,,OBJECT,IX
lock_acquired,2026-09-18 16:59:58.825,85,,,,METADATA,Sch-S
lock_acquired,2026-09-18 16:59:58.825,81,,,,OBJECT,IX
lock_acquired,2026-09-18 16:59:58.825,80,,,,OBJECT,IS
lock_acquired,2026-09-18 16:59:58.825,82,,,,PAGE,S
lock_acquired,2026-09-18 16:59:58.825,79,,,,PAGE,IX
lock_acquired,2026-09-18 16:59:58.825,81,,,,OBJECT,IS
lock_released,2026-09-18 16:59:58.825,83,,,,PAGE,S
lock_released,2026-09-18 16:59:58.825,79,,,,OBJECT,IS
lock_released,2026-09-18 16:59:58.825,85,,,,OBJECT,IX
lock_released,2026-09-18 16:59:58.825,81,,,,OBJECT,Sch-S
lock_released,2026-09-18 16:59:58.825,85,,,,OBJECT,IS
lock_released,2026-09-18 16:59:58.825,81,,,,METADATA,Sch-S
logout,2026-09-18 17:00:03.889,92,,,,,
lock_acquired,2026-09-18 17:00:03.889,85,,,,OBJECT,IS
lock_acquired,2026-09-18 17:00:03.889,78,,,,PAGE,IS
lock_acquired,2026-09-18 17:00:03.889,85,,,,OBJECT,IX
lock_acquired,2026-09-18 17:00:03.889,78,,,,OBJECT,Sch-S
lock_acquired,2026-09-18 17:00:03.889,79,,,,OBJECT,IS
lock_released,2026-09-18 17:00:03.889,84,,,,PAGE,S
lock_released,2026-09-18 17:00:03.889,77,,,,OBJECT,IS
lock_released,2026-09-18 17:00:03.889,85,,,,OBJECT,Sch-S
lock_released,2026-09-18 17:00:03.889,77,,,,OBJECT,IX
lock_released,2026-09-18 17:00:03.889,85,,,,METADATA,Sch-S
lock_released,2026-09-18 17:00:03.889,81,,,,OBJECT,IX
lock_released,2026-09-18 17:00:03.889,82,,,,OBJECT,IX
lock_released,2026-09-18 17:00:03.889,78,,,,OBJECT,IX
lock_released,2026-09-18 17:00:03.889,82,,,,PAGE,S
lock_released,2026-09-18 17:00:03.889,79,,,,PAGE,IX
lock_released,2026-09-18 17:00:03.889,81,,,,OBJECT,IS
lock_released,2026-09-18 17:00:03.889,78,,,,OBJECT,IS
lock_released,2026-09-18 17:00:03.889,84,,,,OBJECT,IS
lock_released,2026-09-18 17:00:03.889,84,,,,OBJECT,IX
lock_released,2026-09-18 17:00:03.889,82,,,,OBJECT,IS
lock_acquired,2026-09-18 17:00:08.916,82,,,,OBJECT,Sch-S
lock_acquired,2026-09-18 17:00:08.916,80,,,,METADATA,Sch-S
lock_acquired,2026-09-18 17:00:08.916,78,,,,PAGE,S
lock_acquired,2026-09-18 17:00:08.916,77,,,,OBJECT,IS
lock_acquired,2026-09-18 17:00:08.916,79,,,,OBJECT,Sch-S
lock_acquired,2026-09-18 17:00:08.916,84,,,,METADATA,Sch-S
lock_acquired,2026-09-18 17:00:08.916,77,,,,OBJECT,IX
lock_acquired,2026-09-18 17:00:08.916,81,,,,OBJECT,IX
lock_acquired,2026-09-18 17:00:08.916,78,,,,OBJECT,IX
lock_acquired,2026-09-18 17:00:08.916,81,,,,OBJECT,IS
lock_acquired,2026-09-18 17:00:08.916,83,,,,OBJECT,Sch-S
lock_acquired,2026-09-18 17:00:08.916,78,,,,OBJECT,IS
lock_acquired,2026-09-18 17:00:08.916,79,,,,METADATA,Sch-S
lock_acquired,2026-09-18 17:00:08.916,80,,,,OBJECT,Sch-S
lock_acquired,2026-09-18 17:00:08.916,81,,,,PAGE,S
lock_acquired,2026-09-18 17:00:08.916,84,,,,OBJECT,Sch-S
lock_released,2026-09-18 17:00:08.916,83,,,,OBJECT,IX
lock_released,2026-09-18 17:00:08.916,83,,,,OBJECT,IS
lock_released,2026-09-18 17:00:08.916,78,,,,PAGE,IS
lock_released,2026-09-18 17:00:08.916,80,,,,OBJECT,IS
lock_released,2026-09-18 17:00:08.916,80,,,,OBJECT,IX
lock_released,2026-09-18 17:00:08.916,78,,,,OBJECT,Sch-S
lock_released,2026-09-18 17:00:08.916,79,,,,OBJECT,IX
lock_released,2026-09-18 17:00:08.916,76,,,,OBJECT,IS
lock_released,2026-09-18 17:00:08.916,79,,,,OBJECT,IS
lock_acquired,2026-09-18 17:00:14.005,83,,,,OBJECT,IX
lock_acquired,2026-09-18 17:00:14.005,83,,,,OBJECT,IS
lock_acquired,2026-09-18 17:00:14.005,82,,,,OBJECT,IX
lock_acquired,2026-09-18 17:00:14.005,80,,,,OBJECT,IS
lock_acquired,2026-09-18 17:00:14.005,80,,,,OBJECT,IX
lock_acquired,2026-09-18 17:00:14.005,83,,,,PAGE,S
lock_acquired,2026-09-18 17:00:14.005,84,,,,OBJECT,IS
lock_acquired,2026-09-18 17:00:14.005,84,,,,OBJECT,IX
lock_acquired,2026-09-18 17:00:14.005,77,,,,PAGE,S
lock_acquired,2026-09-18 17:00:14.005,79,,,,OBJECT,IX
lock_acquired,2026-09-18 17:00:14.005,82,,,,OBJECT,IS
lock_acquired,2026-09-18 17:00:14.005,81,,,,OBJECT,Sch-S
lock_acquired,2026-09-18 17:00:14.005,78,,,,OBJECT,Sch-S
lock_acquired,2026-09-18 17:00:14.005,81,,,,METADATA,X
lock_acquired,2026-09-18 17:00:14.005,79,,,,OBJECT,IS
lock_released,2026-09-18 17:00:14.005,82,,,,OBJECT,Sch-S
lock_released,2026-09-18 17:00:14.005,80,,,,METADATA,Sch-S
lock_released,2026-09-18 17:00:14.005,78,,,,PAGE,S
lock_released,2026-09-18 17:00:14.005,79,,,,OBJECT,Sch-S
lock_released,2026-09-18 17:00:14.005,84,,,,METADATA,Sch-S
lock_released,2026-09-18 17:00:14.005,85,,,,OBJECT,IX
lock_released,2026-09-18 17:00:14.005,81,,,,OBJECT,IX
lock_released,2026-09-18 17:00:14.005,78,,,,OBJECT,IX
lock_released,2026-09-18 17:00:14.005,81,,,,OBJECT,IS
lock_released,2026-09-18 17:00:14.005,83,,,,OBJECT,Sch-S
lock_released,2026-09-18 17:00:14.005,78,,,,OBJECT,IS
lock_released,2026-09-18 17:00:14.005,76,,,,OBJECT,IX
lock_released,2026-09-18 17:00:14.005,79,,,,METADATA,Sch-S
lock_released,2026-09-18 17:00:14.005,80,,,,OBJECT,Sch-S
lock_released,2026-09-18 17:00:14.005,81,,,,PAGE,S
lock_released,2026-09-18 17:00:14.005,84,,,,OBJECT,Sch-S
lock_released,2026-09-18 17:00:14.005,85,,,,OBJECT,IS
lock_acquired,2026-09-18 17:00:19.030,76,,,,OBJECT,Sch-S
lock_acquired,2026-09-18 17:00:19.030,78,,,,OBJECT,IX
lock_acquired,2026-09-18 17:00:19.030,78,,,,OBJECT,IS
lock_acquired,2026-09-18 17:00:19.030,85,,,,OBJECT,IX
lock_acquired,2026-09-18 17:00:19.030,84,,,,KEY,X
lock_acquired,2026-09-18 17:00:19.030,85,,,,OBJECT,IS
lock_released,2026-09-18 17:00:19.030,83,,,,OBJECT,IX
lock_released,2026-09-18 17:00:19.030,83,,,,OBJECT,IS
lock_released,2026-09-18 17:00:19.030,80,,,,OBJECT,IS
lock_released,2026-09-18 17:00:19.030,80,,,,OBJECT,IX
lock_released,2026-09-18 17:00:19.030,83,,,,PAGE,S
lock_released,2026-09-18 17:00:19.030,84,,,,OBJECT,IS
lock_released,2026-09-18 17:00:19.030,84,,,,OBJECT,IX
lock_released,2026-09-18 17:00:19.030,77,,,,PAGE,S
lock_released,2026-09-18 17:00:19.030,78,,,,OBJECT,Sch-S
lock_released,2026-09-18 17:00:19.030,81,,,,METADATA,X
lock_acquired,2026-09-18 17:00:24.066,83,,,,OBJECT,IX
lock_acquired,2026-09-18 17:00:24.066,83,,,,OBJECT,IS
lock_acquired,2026-09-18 17:00:24.066,80,,,,OBJECT,IS
lock_acquired,2026-09-18 17:00:24.066,80,,,,OBJECT,IX
lock_acquired,2026-09-18 17:00:24.066,84,,,,OBJECT,IS
lock_acquired,2026-09-18 17:00:24.066,76,,,,OBJECT,IX
lock_acquired,2026-09-18 17:00:24.066,84,,,,OBJECT,IX
lock_acquired,2026-09-18 17:00:24.066,77,,,,OBJECT,Sch-S
lock_acquired,2026-09-18 17:00:24.066,76,,,,OBJECT,IS
lock_released,2026-09-18 17:00:24.066,76,,,,OBJECT,Sch-S
lock_released,2026-09-18 17:00:24.066,77,,,,OBJECT,IX
lock_released,2026-09-18 17:00:24.066,77,,,,OBJECT,IS
lock_released,2026-09-18 17:00:24.066,84,,,,KEY,X
lock_released,2026-09-18 17:00:24.066,79,,,,OBJECT,IX
lock_released,2026-09-18 17:00:24.066,81,,,,OBJECT,Sch-S
lock_released,2026-09-18 17:00:24.066,79,,,,OBJECT,IS
lock_acquired,2026-09-18 17:00:29.122,84,,,,PAGE,S
lock_acquired,2026-09-18 17:00:29.122,77,,,,OBJECT,IX
lock_acquired,2026-09-18 17:00:29.122,77,,,,OBJECT,IS
lock_acquired,2026-09-18 17:00:29.122,83,,,,OBJECT,Sch-S
lock_acquired,2026-09-18 17:00:29.122,81,,,,OBJECT,Sch-S
lock_acquired,2026-09-18 17:00:29.122,78,,,,OBJECT,Sch-S
lock_released,2026-09-18 17:00:29.122,83,,,,OBJECT,IX
lock_released,2026-09-18 17:00:29.122,83,,,,OBJECT,IS
lock_released,2026-09-18 17:00:29.122,82,,,,OBJECT,IX
lock_released,2026-09-18 17:00:29.122,78,,,,OBJECT,IX
lock_released,2026-09-18 17:00:29.122,80,,,,OBJECT,IS
lock_released,2026-09-18 17:00:29.122,80,,,,OBJECT,IX
lock_released,2026-09-18 17:00:29.122,78,,,,OBJECT,IS
lock_released,2026-09-18 17:00:29.122,77,,,,OBJECT,Sch-S
lock_released,2026-09-18 17:00:29.122,82,,,,OBJECT,IS
lock_acquired,2026-09-18 17:00:34.163,83,,,,OBJECT,IX
lock_acquired,2026-09-18 17:00:34.163,85,,,,PAGE,S
lock_acquired,2026-09-18 17:00:34.163,83,,,,OBJECT,IS
lock_acquired,2026-09-18 17:00:34.163,81,,,,OBJECT,IX
lock_acquired,2026-09-18 17:00:34.163,82,,,,OBJECT,IX
lock_acquired,2026-09-18 17:00:34.163,78,,,,OBJECT,IX
lock_acquired,2026-09-18 17:00:34.163,80,,,,OBJECT,IS
lock_acquired,2026-09-18 17:00:34.163,80,,,,OBJECT,IX
lock_acquired,2026-09-18 17:00:34.163,81,,,,OBJECT,IS
lock_acquired,2026-09-18 17:00:34.163,80,,,,PAGE,S
lock_acquired,2026-09-18 17:00:34.163,78,,,,OBJECT,IS
lock_acquired,2026-09-18 17:00:34.163,79,,,,OBJECT,IX
lock_acquired,2026-09-18 17:00:34.163,82,,,,OBJECT,IS
lock_acquired,2026-09-18 17:00:34.163,79,,,,OBJECT,IS
lock_released,2026-09-18 17:00:34.163,81,,,,OBJECT,Sch-S
lock_released,2026-09-18 17:00:34.163,83,,,,OBJECT,Sch-S
lock_released,2026-09-18 17:00:34.163,84,,,,PAGE,S
lock_released,2026-09-18 17:00:34.163,78,,,,OBJECT,Sch-S
lock_acquired,2026-09-18 17:00:39.202,80,,,,PAGE,IX
lock_acquired,2026-09-18 17:00:39.202,81,,,,PAGE,IX
lock_acquired,2026-09-18 17:00:39.202,82,,,,PAGE,S
lock_acquired,2026-09-18 17:00:39.202,80,,,,KEY,X
lock_acquired,2026-09-18 17:00:39.202,81,,,,KEY,U
lock_acquired,2026-09-18 17:00:39.202,77,,,,PAGE,S
lock_acquired,2026-09-18 17:00:39.202,81,,,,KEY,X
lock_acquired,2026-09-18 17:00:39.202,80,,,,KEY,U
lock_acquired,2026-09-18 17:00:39.202,76,,,,PAGE,IX
lock_released,2026-09-18 17:00:39.202,83,,,,OBJECT,IX
lock_released,2026-09-18 17:00:39.202,85,,,,PAGE,S
lock_released,2026-09-18 17:00:39.202,83,,,,OBJECT,IS
lock_released,2026-09-18 17:00:39.202,80,,,,OBJECT,IS
lock_released,2026-09-18 17:00:39.202,81,,,,OBJECT,IS
lock_released,2026-09-18 17:00:39.202,76,,,,OBJECT,IS
lock_released,2026-09-18 17:00:39.202,80,,,,PAGE,S
login,2026-09-18 17:00:44.254,92,795ec2146175\Administrator,Microsoft SQL Server,SteelNort,,
lock_acquired,2026-09-18 17:00:44.254,83,,,,OBJECT,IX
lock_acquired,2026-09-18 17:00:44.254,78,,,,PAGE,S
lock_acquired,2026-09-18 17:00:44.254,83,,,,OBJECT,IS
lock_acquired,2026-09-18 17:00:44.254,80,,,,OBJECT,IS
lock_acquired,2026-09-18 17:00:44.254,81,,,,OBJECT,IS
lock_acquired,2026-09-18 17:00:44.254,76,,,,OBJECT,IS
lock_released,2026-09-18 17:00:44.254,80,,,,PAGE,IX
lock_released,2026-09-18 17:00:44.254,81,,,,PAGE,IX
lock_released,2026-09-18 17:00:44.254,84,,,,OBJECT,IS
lock_released,2026-09-18 17:00:44.254,84,,,,OBJECT,IX
lock_released,2026-09-18 17:00:44.254,80,,,,KEY,X
lock_released,2026-09-18 17:00:44.254,81,,,,KEY,U
lock_released,2026-09-18 17:00:44.254,81,,,,KEY,X
lock_released,2026-09-18 17:00:44.254,77,,,,PAGE,S
lock_released,2026-09-18 17:00:44.254,80,,,,KEY,U
lock_released,2026-09-18 17:00:44.254,76,,,,PAGE,IX
logout,2026-09-18 17:00:49.298,92,,,,,
lock_acquired,2026-09-18 17:00:49.298,83,,,,PAGE,S
lock_acquired,2026-09-18 17:00:49.298,84,,,,OBJECT,Sch-S
lock_acquired,2026-09-18 17:00:49.298,85,,,,PAGE,S
lock_released,2026-09-18 17:00:49.298,78,,,,PAGE,S
lock_released,2026-09-18 17:00:49.298,82,,,,PAGE,S
lock_acquired,2026-09-18 17:00:54.341,84,,,,OBJECT,IX
lock_acquired,2026-09-18 17:00:54.341,77,,,,PAGE,S
lock_acquired,2026-09-18 17:00:54.341,84,,,,OBJECT,IS
lock_acquired,2026-09-18 17:00:54.341,79,,,,PAGE,S
lock_released,2026-09-18 17:00:54.341,85,,,,PAGE,S
lock_released,2026-09-18 17:00:54.341,82,,,,OBJECT,IX
lock_released,2026-09-18 17:00:54.341,78,,,,OBJECT,IX
lock_released,2026-09-18 17:00:54.341,83,,,,PAGE,S
lock_released,2026-09-18 17:00:54.341,78,,,,OBJECT,IS
lock_released,2026-09-18 17:00:54.341,76,,,,OBJECT,IX
lock_released,2026-09-18 17:00:54.341,85,,,,OBJECT,IX
lock_released,2026-09-18 17:00:54.341,84,,,,OBJECT,Sch-S
lock_released,2026-09-18 17:00:54.341,82,,,,OBJECT,IS
lock_released,2026-09-18 17:00:54.341,76,,,,OBJECT,IS
lock_released,2026-09-18 17:00:54.341,85,,,,OBJECT,IS
lock_acquired,2026-09-18 17:00:59.370,84,,,,PAGE,IX
lock_acquired,2026-09-18 17:00:59.370,82,,,,OBJECT,IX
lock_acquired,2026-09-18 17:00:59.370,78,,,,OBJECT,IX
lock_acquired,2026-09-18 17:00:59.370,82,,,,PAGE,S
lock_acquired,2026-09-18 17:00:59.370,78,,,,OBJECT,IS
lock_acquired,2026-09-18 17:00:59.370,76,,,,OBJECT,IX
lock_acquired,2026-09-18 17:00:59.370,85,,,,OBJECT,IX
lock_acquired,2026-09-18 17:00:59.370,82,,,,OBJECT,IS
lock_acquired,2026-09-18 17:00:59.370,76,,,,OBJECT,IS
lock_acquired,2026-09-18 17:00:59.370,85,,,,OBJECT,IS
lock_released,2026-09-18 17:00:59.370,81,,,,OBJECT,IX
lock_released,2026-09-18 17:00:59.370,79,,,,PAGE,S
lock_released,2026-09-18 17:00:59.370,81,,,,OBJECT,IS
lock_released,2026-09-18 17:00:59.370,84,,,,OBJECT,IS
lock_released,2026-09-18 17:00:59.370,77,,,,PAGE,S
lock_acquired,2026-09-18 17:01:04.410,77,,,,PAGE,IS
lock_acquired,2026-09-18 17:01:04.410,81,,,,OBJECT,IX
lock_acquired,2026-09-18 17:01:04.410,79,,,,PAGE,S
lock_acquired,2026-09-18 17:01:04.410,83,,,,OBJECT,Sch-S
lock_acquired,2026-09-18 17:01:04.410,81,,,,OBJECT,IS
lock_acquired,2026-09-18 17:01:04.410,77,,,,OBJECT,Sch-S
lock_acquired,2026-09-18 17:01:04.410,83,,,,METADATA,Sch-S
lock_acquired,2026-09-18 17:01:04.410,77,,,,METADATA,Sch-S
lock_acquired,2026-09-18 17:01:04.410,82,,,,KEY,X
lock_released,2026-09-18 17:01:04.410,83,,,,OBJECT,IX
lock_released,2026-09-18 17:01:04.410,77,,,,OBJECT,IS
lock_released,2026-09-18 17:01:04.410,84,,,,PAGE,IX
lock_released,2026-09-18 17:01:04.410,77,,,,OBJECT,IX
lock_released,2026-09-18 17:01:04.410,83,,,,OBJECT,IS
lock_released,2026-09-18 17:01:04.410,82,,,,OBJECT,IX
lock_released,2026-09-18 17:01:04.410,82,,,,PAGE,S
lock_released,2026-09-18 17:01:04.410,84,,,,OBJECT,IX
lock_released,2026-09-18 17:01:04.410,82,,,,OBJECT,IS
lock_acquired,2026-09-18 17:01:09.460,83,,,,PAGE,IS
lock_acquired,2026-09-18 17:01:09.460,79,,,,KEY,X
lock_acquired,2026-09-18 17:01:09.460,77,,,,OBJECT,IS
lock_acquired,2026-09-18 17:01:09.460,77,,,,OBJECT,IX
lock_acquired,2026-09-18 17:01:09.460,83,,,,OBJECT,IS
lock_acquired,2026-09-18 17:01:09.460,82,,,,OBJECT,IX
lock_acquired,2026-09-18 17:01:09.460,84,,,,OBJECT,IS
lock_acquired,2026-09-18 17:01:09.460,84,,,,OBJECT,IX
lock_acquired,2026-09-18 17:01:09.460,82,,,,OBJECT,IS
lock_acquired,2026-09-18 17:01:09.460,83,,,,KEY,S
lock_released,2026-09-18 17:01:09.460,77,,,,PAGE,IS
lock_released,2026-09-18 17:01:09.460,83,,,,METADATA,Sch-S
lock_released,2026-09-18 17:01:09.460,85,,,,OBJECT,IX
lock_released,2026-09-18 17:01:09.460,79,,,,PAGE,S
lock_released,2026-09-18 17:01:09.460,83,,,,OBJECT,Sch-S
lock_released,2026-09-18 17:01:09.460,79,,,,OBJECT,IS
lock_released,2026-09-18 17:01:09.460,77,,,,OBJECT,Sch-S
lock_released,2026-09-18 17:01:09.460,79,,,,OBJECT,IX
lock_released,2026-09-18 17:01:09.460,77,,,,METADATA,Sch-S
lock_released,2026-09-18 17:01:09.460,85,,,,OBJECT,IS
lock_released,2026-09-18 17:01:09.460,82,,,,KEY,X
lock_acquired,2026-09-18 17:01:14.511,82,,,,OBJECT,Sch-S
lock_acquired,2026-09-18 17:01:14.511,83,,,,OBJECT,IX
lock_acquired,2026-09-18 17:01:14.511,85,,,,PAGE,S
lock_acquired,2026-09-18 17:01:14.511,79,,,,OBJECT,IS
lock_acquired,2026-09-18 17:01:14.511,85,,,,OBJECT,IX
lock_acquired,2026-09-18 17:01:14.511,79,,,,OBJECT,IX
lock_acquired,2026-09-18 17:01:14.511,85,,,,OBJECT,IS
lock_released,2026-09-18 17:01:14.511,83,,,,PAGE,IS
lock_released,2026-09-18 17:01:14.511,79,,,,KEY,X
lock_released,2026-09-18 17:01:14.511,82,,,,OBJECT,IX
lock_released,2026-09-18 17:01:14.511,78,,,,OBJECT,IX
lock_released,2026-09-18 17:01:14.511,80,,,,OBJECT,IS
lock_released,2026-09-18 17:01:14.511,80,,,,OBJECT,IX
lock_released,2026-09-18 17:01:14.511,84,,,,OBJECT,IS
lock_released,2026-09-18 17:01:14.511,76,,,,OBJECT,IX
lock_released,2026-09-18 17:01:14.511,78,,,,OBJECT,IS
lock_released,2026-09-18 17:01:14.511,84,,,,OBJECT,IX
lock_released,2026-09-18 17:01:14.511,82,,,,OBJECT,IS
lock_released,2026-09-18 17:01:14.511,76,,,,OBJECT,IS
lock_released,2026-09-18 17:01:14.511,83,,,,KEY,S
lock_acquired,2026-09-18 17:01:19.526,82,,,,OBJECT,IX
lock_acquired,2026-09-18 17:01:19.526,78,,,,OBJECT,IX
lock_acquired,2026-09-18 17:01:19.526,80,,,,OBJECT,IS
lock_acquired,2026-09-18 17:01:19.526,80,,,,OBJECT,IX
lock_acquired,2026-09-18 17:01:19.526,78,,,,OBJECT,IS
lock_acquired,2026-09-18 17:01:19.526,76,,,,OBJECT,IX
lock_acquired,2026-09-18 17:01:19.526,82,,,,OBJECT,IS
lock_acquired,2026-09-18 17:01:19.526,81,,,,PAGE,S
lock_acquired,2026-09-18 17:01:19.526,76,,,,OBJECT,IS
lock_acquired,2026-09-18 17:01:19.526,80,,,,PAGE,S
lock_released,2026-09-18 17:01:19.526,82,,,,OBJECT,Sch-S
lock_released,2026-09-18 17:01:19.526,85,,,,PAGE,S
login,2026-09-18 17:01:24.564,92,795ec2146175\Administrator,Microsoft SQL Server,SteelNort,,
lock_acquired,2026-09-18 17:01:24.564,84,,,,PAGE,S
lock_acquired,2026-09-18 17:01:24.564,77,,,,KEY,X
lock_acquired,2026-09-18 17:01:24.564,76,,,,OBJECT,Sch-S
lock_acquired,2026-09-18 17:01:24.564,79,,,,KEY,X
lock_acquired,2026-09-18 17:01:24.564,79,,,,PAGE,IX
lock_acquired,2026-09-18 17:01:24.564,84,,,,OBJECT,IS
lock_acquired,2026-09-18 17:01:24.564,84,,,,OBJECT,IX
lock_released,2026-09-18 17:01:24.564,77,,,,OBJECT,IS
lock_released,2026-09-18 17:01:24.564,77,,,,OBJECT,IX
lock_released,2026-09-18 17:01:24.564,81,,,,OBJECT,IX
lock_released,2026-09-18 17:01:24.564,81,,,,OBJECT,IS
lock_released,2026-09-18 17:01:24.564,76,,,,OBJECT,IX
lock_released,2026-09-18 17:01:24.564,81,,,,PAGE,S
lock_released,2026-09-18 17:01:24.564,76,,,,OBJECT,IS
lock_released,2026-09-18 17:01:24.564,79,,,,OBJECT,IS
logout,2026-09-18 17:01:29.606,92,,,,,
lock_acquired,2026-09-18 17:01:29.606,77,,,,OBJECT,IX
lock_acquired,2026-09-18 17:01:29.606,78,,,,PAGE,IX
lock_acquired,2026-09-18 17:01:29.606,81,,,,OBJECT,IX
lock_acquired,2026-09-18 17:01:29.606,81,,,,OBJECT,IS
lock_acquired,2026-09-18 17:01:29.606,76,,,,OBJECT,IX
lock_acquired,2026-09-18 17:01:29.606,78,,,,KEY,X
lock_acquired,2026-09-18 17:01:29.606,76,,,,OBJECT,IS
lock_released,2026-09-18 17:01:29.606,85,,,,OBJECT,IS
lock_released,2026-09-18 17:01:29.606,84,,,,PAGE,S
lock_released,2026-09-18 17:01:29.606,77,,,,KEY,X
lock_released,2026-09-18 17:01:29.606,83,,,,OBJECT,IX
lock_released,2026-09-18 17:01:29.606,76,,,,OBJECT,Sch-S
lock_released,2026-09-18 17:01:29.606,85,,,,OBJECT,IX
lock_released,2026-09-18 17:01:29.606,83,,,,OBJECT,IS
lock_released,2026-09-18 17:01:29.606,79,,,,PAGE,IX
lock_released,2026-09-18 17:01:29.606,78,,,,OBJECT,IS
lock_released,2026-09-18 17:01:29.606,79,,,,OBJECT,IX
lock_released,2026-09-18 17:01:29.606,80,,,,PAGE,S
lock_acquired,2026-09-18 17:01:34.650,78,,,,METADATA,Sch-S
lock_acquired,2026-09-18 17:01:34.650,85,,,,OBJECT,IS
lock_acquired,2026-09-18 17:01:34.650,83,,,,OBJECT,IX
lock_acquired,2026-09-18 17:01:34.650,77,,,,OBJECT,IS
lock_acquired,2026-09-18 17:01:34.650,85,,,,OBJECT,IX
lock_acquired,2026-09-18 17:01:34.650,83,,,,OBJECT,IS
lock_acquired,2026-09-18 17:01:34.650,79,,,,PAGE,S
lock_acquired,2026-09-18 17:01:34.650,80,,,,PAGE,S
lock_acquired,2026-09-18 17:01:34.650,79,,,,OBJECT,IX
lock_acquired,2026-09-18 17:01:34.650,81,,,,OBJECT,Sch-S
lock_acquired,2026-09-18 17:01:34.650,78,,,,OBJECT,Sch-S
lock_acquired,2026-09-18 17:01:34.650,79,,,,OBJECT,IS
lock_released,2026-09-18 17:01:34.650,79,,,,KEY,X
lock_released,2026-09-18 17:01:34.650,78,,,,PAGE,IX
lock_released,2026-09-18 17:01:34.650,81,,,,OBJECT,IX
lock_released,2026-09-18 17:01:34.650,78,,,,OBJECT,IX
lock_released,2026-09-18 17:01:34.650,81,,,,OBJECT,IS
lock_released,2026-09-18 17:01:34.650,76,,,,OBJECT,IX
lock_released,2026-09-18 17:01:34.650,78,,,,KEY,X
lock_released,2026-09-18 17:01:34.650,76,,,,OBJECT,IS
lock_acquired,2026-09-18 17:01:39.701,79,,,,KEY,X
lock_acquired,2026-09-18 17:01:39.701,78,,,,PAGE,S
lock_acquired,2026-09-18 17:01:39.701,81,,,,OBJECT,IX
lock_acquired,2026-09-18 17:01:39.701,78,,,,OBJECT,IX
lock_acquired,2026-09-18 17:01:39.701,79,,,,PAGE,IX
lock_acquired,2026-09-18 17:01:39.701,81,,,,OBJECT,IS
lock_acquired,2026-09-18 17:01:39.701,78,,,,OBJECT,IS
lock_acquired,2026-09-18 17:01:39.701,76,,,,OBJECT,IX
lock_acquired,2026-09-18 17:01:39.701,80,,,,KEY,X
lock_acquired,2026-09-18 17:01:39.701,76,,,,OBJECT,IS
lock_released,2026-09-18 17:01:39.701,78,,,,METADATA,Sch-S
lock_released,2026-09-18 17:01:39.701,79,,,,PAGE,S
lock_released,2026-09-18 17:01:39.701,80,,,,OBJECT,IS
lock_released,2026-09-18 17:01:39.701,80,,,,OBJECT,IX
lock_released,2026-09-18 17:01:39.701,80,,,,PAGE,S
lock_released,2026-09-18 17:01:39.701,84,,,,OBJECT,IS
lock_released,2026-09-18 17:01:39.701,84,,,,OBJECT,IX
lock_released,2026-09-18 17:01:39.701,81,,,,OBJECT,Sch-S
lock_released,2026-09-18 17:01:39.701,78,,,,OBJECT,Sch-S
lock_released,2026-09-18 17:01:39.701,79,,,,OBJECT,IS
lock_acquired,2026-09-18 17:01:44.737,80,,,,OBJECT,IX
lock_acquired,2026-09-18 17:01:44.737,80,,,,OBJECT,IS
lock_acquired,2026-09-18 17:01:44.737,83,,,,PAGE,S
lock_acquired,2026-09-18 17:01:44.737,84,,,,OBJECT,IS
lock_acquired,2026-09-18 17:01:44.737,84,,,,OBJECT,IX
lock_acquired,2026-09-18 17:01:44.737,81,,,,PAGE,S
lock_acquired,2026-09-18 17:01:44.737,79,,,,OBJECT,IS
lock_released,2026-09-18 17:01:44.737,79,,,,KEY,X
lock_released,2026-09-18 17:01:44.737,79,,,,PAGE,IX
lock_released,2026-09-18 17:01:44.737,80,,,,KEY,X
lock_released,2026-09-18 17:01:44.737,85,,,,OBJECT,IX
lock_released,2026-09-18 17:01:44.737,85,,,,OBJECT,IS
lock_acquired,2026-09-18 17:01:49.772,77,,,,PAGE,IS
lock_acquired,2026-09-18 17:01:49.772,82,,,,PAGE,S
lock_acquired,2026-09-18 17:01:49.772,85,,,,OBJECT,IS
lock_acquired,2026-09-18 17:01:49.772,85,,,,OBJECT,IX
lock_released,2026-09-18 17:01:49.772,81,,,,PAGE,S
lock_released,2026-09-18 17:01:49.772,83,,,,PAGE,S
lock_released,2026-09-18 17:01:49.772,78,,,,PAGE,S
lock_released,2026-09-18 17:01:49.772,77,,,,OBJECT,IX
lock_acquired,2026-09-18 17:01:54.802,76,,,,OBJECT,Sch-S
lock_acquired,2026-09-18 17:01:54.802,79,,,,KEY,X
lock_acquired,2026-09-18 17:01:54.802,76,,,,METADATA,Sch-S
lock_acquired,2026-09-18 17:01:54.802,85,,,,PAGE,IX
lock_acquired,2026-09-18 17:01:54.802,79,,,,PAGE,IX
lock_acquired,2026-09-18 17:01:54.802,77,,,,OBJECT,Sch-S
lock_acquired,2026-09-18 17:01:54.802,77,,,,METADATA,Sch-S
lock_acquired,2026-09-18 17:01:54.802,85,,,,KEY,X
lock_released,2026-09-18 17:01:54.802,77,,,,PAGE,IS
lock_released,2026-09-18 17:01:54.802,83,,,,OBJECT,IX
lock_released,2026-09-18 17:01:54.802,77,,,,OBJECT,IS
lock_released,2026-09-18 17:01:54.802,83,,,,OBJECT,IS
lock_released,2026-09-18 17:01:54.802,81,,,,OBJECT,IX
lock_released,2026-09-18 17:01:54.802,82,,,,PAGE,S
lock_released,2026-09-18 17:01:54.802,81,,,,OBJECT,IS
lock_released,2026-09-18 17:01:54.802,79,,,,OBJECT,IS
lock_released,2026-09-18 17:01:54.802,78,,,,OBJECT,IS
lock_released,2026-09-18 17:01:54.802,76,,,,OBJECT,IX
lock_released,2026-09-18 17:01:54.802,84,,,,OBJECT,IS
lock_released,2026-09-18 17:01:54.802,84,,,,OBJECT,IX
lock_released,2026-09-18 17:01:54.802,76,,,,OBJECT,IS
lock_released,2026-09-18 17:01:54.802,85,,,,OBJECT,IS
login,2026-09-18 17:01:59.842,92,795ec2146175\Administrator,Microsoft SQL Server,SteelNort,,
lock_acquired,2026-09-18 17:01:59.842,83,,,,OBJECT,IX
lock_acquired,2026-09-18 17:01:59.842,77,,,,OBJECT,IS
lock_acquired,2026-09-18 17:01:59.842,83,,,,OBJECT,IS
lock_acquired,2026-09-18 17:01:59.842,81,,,,OBJECT,IX
lock_acquired,2026-09-18 17:01:59.842,83,,,,PAGE,S
lock_acquired,2026-09-18 17:01:59.842,81,,,,OBJECT,IS
lock_acquired,2026-09-18 17:01:59.842,78,,,,OBJECT,IS
lock_acquired,2026-09-18 17:01:59.842,76,,,,OBJECT,IX
lock_acquired,2026-09-18 17:01:59.842,76,,,,OBJECT,IS
lock_acquired,2026-09-18 17:01:59.842,79,,,,OBJECT,IS
lock_released,2026-09-18 17:01:59.842,79,,,,KEY,X
lock_released,2026-09-18 17:01:59.842,76,,,,OBJECT,Sch-S
lock_released,2026-09-18 17:01:59.842,76,,,,METADATA,Sch-S
lock_released,2026-09-18 17:01:59.842,85,,,,PAGE,IX
lock_released,2026-09-18 17:01:59.842,79,,,,PAGE,IX
lock_released,2026-09-18 17:01:59.842,77,,,,OBJECT,Sch-S
lock_released,2026-09-18 17:01:59.842,85,,,,OBJECT,IX
lock_released,2026-09-18 17:01:59.842,77,,,,METADATA,Sch-S
lock_released,2026-09-18 17:01:59.842,85,,,,KEY,X
logout,2026-09-18 17:02:04.883,92,,,,,
lock_acquired,2026-09-18 17:02:04.883,77,,,,OBJECT,IX
lock_acquired,2026-09-18 17:02:04.883,84,,,,PAGE,IX
lock_acquired,2026-09-18 17:02:04.883,84,,,,OBJECT,IX
lock_acquired,2026-09-18 17:02:04.883,85,,,,OBJECT,IX
lock_acquired,2026-09-18 17:02:04.883,85,,,,OBJECT,IS
lock_acquired,2026-09-18 17:02:04.883,84,,,,KEY,U
lock_released,2026-09-18 17:02:04.883,83,,,,OBJECT,IX
lock_released,2026-09-18 17:02:04.883,83,,,,OBJECT,IS
lock_released,2026-09-18 17:02:04.883,81,,,,OBJECT,IX
lock_released,2026-09-18 17:02:04.883,83,,,,PAGE,S
lock_released,2026-09-18 17:02:04.883,81,,,,OBJECT,IS
lock_acquired,2026-09-18 17:02:09.912,82,,,,OBJECT,Sch-S
lock_acquired,2026-09-18 17:02:09.912,83,,,,OBJECT,IX
lock_acquired,2026-09-18 17:02:09.912,85,,,,OBJECT,Sch-S
lock_acquired,2026-09-18 17:02:09.912,83,,,,OBJECT,IS
lock_acquired,2026-09-18 17:02:09.912,85,,,,METADATA,Sch-S
lock_acquired,2026-09-18 17:02:09.912,81,,,,OBJECT,IX
lock_acquired,2026-09-18 17:02:09.912,81,,,,OBJECT,IS
lock_acquired,2026-09-18 17:02:09.912,77,,,,OBJECT,Sch-S
lock_released,2026-09-18 17:02:09.912,77,,,,OBJECT,IS
lock_released,2026-09-18 17:02:09.912,84,,,,PAGE,IX
lock_released,2026-09-18 17:02:09.912,77,,,,OBJECT,IX
lock_released,2026-09-18 17:02:09.912,82,,,,OBJECT,IX
lock_released,2026-09-18 17:02:09.912,80,,,,OBJECT,IS
lock_released,2026-09-18 17:02:09.912,80,,,,OBJECT,IX
lock_released,2026-09-18 17:02:09.912,84,,,,OBJECT,IX
lock_released,2026-09-18 17:02:09.912,85,,,,OBJECT,IX
lock_released,2026-09-18 17:02:09.912,82,,,,OBJECT,IS
lock_released,2026-09-18 17:02:09.912,85,,,,OBJECT,IS
lock_released,2026-09-18 17:02:09.912,84,,,,KEY,U
lock_acquired,2026-09-18 17:02:14.947,79,,,,KEY,X
lock_acquired,2026-09-18 17:02:14.947,77,,,,OBJECT,IS
lock_acquired,2026-09-18 17:02:14.947,85,,,,PAGE,S
lock_acquired,2026-09-18 17:02:14.947,77,,,,OBJECT,IX
lock_acquired,2026-09-18 17:02:14.947,82,,,,OBJECT,IX
lock_acquired,2026-09-18 17:02:14.947,80,,,,OBJECT,IS
lock_acquired,2026-09-18 17:02:14.947,80,,,,OBJECT,IX
lock_acquired,2026-09-18 17:02:14.947,84,,,,OBJECT,IS
lock_acquired,2026-09-18 17:02:14.947,84,,,,OBJECT,IX
lock_acquired,2026-09-18 17:02:14.947,85,,,,OBJECT,IX
lock_acquired,2026-09-18 17:02:14.947,82,,,,OBJECT,IS
lock_acquired,2026-09-18 17:02:14.947,85,,,,OBJECT,IS
lock_released,2026-09-18 17:02:14.947,82,,,,OBJECT,Sch-S
lock_released,2026-09-18 17:02:14.947,85,,,,OBJECT,Sch-S
lock_released,2026-09-18 17:02:14.947,85,,,,METADATA,Sch-S
lock_released,2026-09-18 17:02:14.947,77,,,,OBJECT,Sch-S
lock_released,2026-09-18 17:02:14.947,79,,,,OBJECT,IX
lock_released,2026-09-18 17:02:14.947,79,,,,OBJECT,IS
lock_acquired,2026-09-18 17:02:20.006,81,,,,PAGE,IX
lock_acquired,2026-09-18 17:02:20.006,79,,,,PAGE,S
lock_acquired,2026-09-18 17:02:20.006,82,,,,PAGE,S
lock_acquired,2026-09-18 17:02:20.006,83,,,,OBJECT,Sch-S
lock_acquired,2026-09-18 17:02:20.006,80,,,,PAGE,S
lock_acquired,2026-09-18 17:02:20.006,77,,,,PAGE,S
lock_acquired,2026-09-18 17:02:20.006,83,,,,METADATA,Sch-S
lock_acquired,2026-09-18 17:02:20.006,81,,,,KEY,X
lock_acquired,2026-09-18 17:02:20.006,79,,,,OBJECT,IX
lock_acquired,2026-09-18 17:02:20.006,79,,,,OBJECT,IS
lock_released,2026-09-18 17:02:20.006,83,,,,OBJECT,IX
lock_released,2026-09-18 17:02:20.006,79,,,,KEY,X
lock_released,2026-09-18 17:02:20.006,85,,,,PAGE,S
lock_released,2026-09-18 17:02:20.006,83,,,,OBJECT,IS
lock_released,2026-09-18 17:02:20.006,81,,,,OBJECT,IS
lock_released,2026-09-18 17:02:20.006,76,,,,OBJECT,IS
login,2026-09-18 17:02:25.595,92,795ec2146175\Administrator,Microsoft SQL Server,SteelNort,,
lock_acquired,2026-09-18 17:02:25.595,82,,,,OBJECT,Sch-S
lock_acquired,2026-09-18 17:02:25.595,83,,,,OBJECT,IX
lock_acquired,2026-09-18 17:02:25.595,79,,,,KEY,X
lock_acquired,2026-09-18 17:02:25.595,78,,,,PAGE,S
lock_acquired,2026-09-18 17:02:25.595,83,,,,OBJECT,IS
lock_acquired,2026-09-18 17:02:25.595,79,,,,PAGE,IX
lock_acquired,2026-09-18 17:02:25.595,81,,,,OBJECT,IS
lock_acquired,2026-09-18 17:02:25.595,80,,,,OBJECT,Sch-S
lock_acquired,2026-09-18 17:02:25.595,76,,,,OBJECT,IS
lock_released,2026-09-18 17:02:25.595,81,,,,PAGE,IX
lock_released,2026-09-18 17:02:25.595,82,,,,OBJECT,IX
lock_released,2026-09-18 17:02:25.595,79,,,,PAGE,S
lock_released,2026-09-18 17:02:25.595,80,,,,OBJECT,IS
lock_released,2026-09-18 17:02:25.595,82,,,,PAGE,S
lock_released,2026-09-18 17:02:25.595,80,,,,OBJECT,IX
lock_released,2026-09-18 17:02:25.595,83,,,,OBJECT,Sch-S
lock_released,2026-09-18 17:02:25.595,80,,,,PAGE,S
lock_released,2026-09-18 17:02:25.595,77,,,,PAGE,S
lock_released,2026-09-18 17:02:25.595,83,,,,METADATA,Sch-S
lock_released,2026-09-18 17:02:25.595,81,,,,KEY,X
lock_released,2026-09-18 17:02:25.595,82,,,,OBJECT,IS
lock_released,2026-09-18 17:02:25.595,79,,,,OBJECT,IS
logout,2026-09-18 17:02:32.344,92,,,,,
lock_acquired,2026-09-18 17:02:32.344,85,,,,OBJECT,Sch-S
lock_acquired,2026-09-18 17:02:32.344,82,,,,OBJECT,IX
lock_acquired,2026-09-18 17:02:32.344,83,,,,KEY,U
lock_acquired,2026-09-18 17:02:32.344,80,,,,OBJECT,IS
lock_acquired,2026-09-18 17:02:32.344,80,,,,OBJECT,IX
lock_acquired,2026-09-18 17:02:32.344,82,,,,OBJECT,IS
lock_acquired,2026-09-18 17:02:32.344,83,,,,PAGE,IX
lock_released,2026-09-18 17:02:32.344,82,,,,OBJECT,Sch-S
lock_released,2026-09-18 17:02:32.344,79,,,,KEY,X
lock_released,2026-09-18 17:02:32.344,85,,,,OBJECT,IX
lock_released,2026-09-18 17:02:32.344,83,,,,OBJECT,IS
lock_released,2026-09-18 17:02:32.344,80,,,,OBJECT,Sch-S
lock_released,2026-09-18 17:02:32.344,81,,,,OBJECT,IX
lock_released,2026-09-18 17:02:32.344,79,,,,PAGE,IX
lock_released,2026-09-18 17:02:32.344,81,,,,OBJECT,IS
lock_released,2026-09-18 17:02:32.344,79,,,,OBJECT,IX
lock_released,2026-09-18 17:02:32.344,78,,,,PAGE,S
lock_released,2026-09-18 17:02:32.344,85,,,,OBJECT,IS
lock_acquired,2026-09-18 17:02:37.390,80,,,,METADATA,Sch-S
lock_acquired,2026-09-18 17:02:37.390,85,,,,OBJECT,IX
lock_acquired,2026-09-18 17:02:37.390,83,,,,OBJECT,IS
lock_acquired,2026-09-18 17:02:37.390,80,,,,OBJECT,Sch-S
lock_acquired,2026-09-18 17:02:37.390,76,,,,PAGE,S
lock_acquired,2026-09-18 17:02:37.390,79,,,,OBJECT,IS
lock_acquired,2026-09-18 17:02:37.390,77,,,,PAGE,S
lock_acquired,2026-09-18 17:02:37.390,79,,,,OBJECT,IX
lock_acquired,2026-09-18 17:02:37.390,85,,,,OBJECT,IS
lock_released,2026-09-18 17:02:37.390,85,,,,OBJECT,Sch-S
lock_released,2026-09-18 17:02:37.390,83,,,,KEY,U
lock_released,2026-09-18 17:02:37.390,80,,,,OBJECT,IX
lock_released,2026-09-18 17:02:37.390,80,,,,OBJECT,IS
lock_released,2026-09-18 17:02:37.390,83,,,,PAGE,IX
lock_acquired,2026-09-18 17:02:42.440,84,,,,PAGE,S
lock_acquired,2026-09-18 17:02:42.440,81,,,,OBJECT,IX
lock_acquired,2026-09-18 17:02:42.440,80,,,,OBJECT,IS
lock_acquired,2026-09-18 17:02:42.440,81,,,,OBJECT,IS
lock_acquired,2026-09-18 17:02:42.440,77,,,,OBJECT,Sch-S
lock_acquired,2026-09-18 17:02:42.440,77,,,,METADATA,Sch-S
lock_acquired,2026-09-18 17:02:42.440,78,,,,PAGE,S
lock_released,2026-09-18 17:02:42.440,80,,,,METADATA,Sch-S
lock_released,2026-09-18 17:02:42.440,77,,,,OBJECT,IX
lock_released,2026-09-18 17:02:42.440,77,,,,OBJECT,IS
lock_released,2026-09-18 17:02:42.440,76,,,,PAGE,S
lock_released,2026-09-18 17:02:42.440,77,,,,PAGE,S
lock_released,2026-09-18 17:02:42.440,80,,,,OBJECT,Sch-S
lock_acquired,2026-09-18 17:02:47.538,82,,,,OBJECT,Sch-S
lock_acquired,2026-09-18 17:02:47.538,77,,,,OBJECT,IX
lock_acquired,2026-09-18 17:02:47.538,85,,,,OBJECT,Sch-S
lock_acquired,2026-09-18 17:02:47.538,77,,,,OBJECT,IS
lock_acquired,2026-09-18 17:02:47.538,85,,,,METADATA,Sch-S
lock_released,2026-09-18 17:02:47.538,84,,,,PAGE,S
lock_released,2026-09-18 17:02:47.538,82,,,,OBJECT,IX
lock_released,2026-09-18 17:02:47.538,80,,,,OBJECT,IS
lock_released,2026-09-18 17:02:47.538,77,,,,OBJECT,Sch-S
lock_released,2026-09-18 17:02:47.538,85,,,,OBJECT,IX
lock_released,2026-09-18 17:02:47.538,82,,,,OBJECT,IS
lock_released,2026-09-18 17:02:47.538,77,,,,METADATA,Sch-S
lock_released,2026-09-18 17:02:47.538,78,,,,PAGE,S
lock_released,2026-09-18 17:02:47.538,85,,,,OBJECT,IS
logout,2026-09-18 17:02:52.576,75,,,,,
logout,2026-09-18 17:02:52.576,87,,,,,
logout,2026-09-18 17:02:52.576,88,,,,,
logout,2026-09-18 17:02:52.576,89,,,,,
logout,2026-09-18 17:02:52.576,90,,,,,
lock_acquired,2026-09-18 17:02:52.576,79,,,,PAGE,S
lock_acquired,2026-09-18 17:02:52.576,83,,,,KEY,X
lock_acquired,2026-09-18 17:02:52.576,85,,,,OBJECT,IX
lock_acquired,2026-09-18 17:02:52.576,83,,,,PAGE,IX
lock_acquired,2026-09-18 17:02:52.576,85,,,,OBJECT,IS
lock_released,2026-09-18 17:02:52.576,82,,,,OBJECT,Sch-S
lock_released,2026-09-18 17:02:52.576,77,,,,OBJECT,IX
lock_released,2026-09-18 17:02:52.576,85,,,,OBJECT,Sch-S
lock_released,2026-09-18 17:02:52.576,77,,,,OBJECT,IS
lock_released,2026-09-18 17:02:52.576,83,,,,OBJECT,IS
lock_released,2026-09-18 17:02:52.576,85,,,,METADATA,Sch-S
logout,2026-09-18 17:02:57.615,91,,,,,
lock_acquired,2026-09-18 17:02:57.615,82,,,,OBJECT,Sch-S
lock_acquired,2026-09-18 17:02:57.615,77,,,,OBJECT,IS
lock_acquired,2026-09-18 17:02:57.615,77,,,,OBJECT,IX
lock_acquired,2026-09-18 17:02:57.615,83,,,,OBJECT,IS
lock_acquired,2026-09-18 17:02:57.615,82,,,,METADATA,Sch-S
lock_acquired,2026-09-18 17:02:57.615,82,,,,KEY,S
lock_acquired,2026-09-18 17:02:57.615,80,,,,OBJECT,IS
lock_acquired,2026-09-18 17:02:57.615,80,,,,PAGE,IU
lock_acquired,2026-09-18 17:02:57.615,80,,,,OBJECT,IX
lock_acquired,2026-09-18 17:02:57.615,83,,,,PAGE,S
lock_acquired,2026-09-18 17:02:57.615,76,,,,PAGE,S
lock_released,2026-09-18 17:02:57.615,79,,,,PAGE,S
lock_released,2026-09-18 17:02:57.615,78,,,,OBJECT,IX
lock_released,2026-09-18 17:02:57.615,83,,,,KEY,X
lock_released,2026-09-18 17:02:57.615,78,,,,OBJECT,IS
lock_released,2026-09-18 17:02:57.615,83,,,,PAGE,IX
lock_acquired,2026-09-18 17:03:02.670,82,,,,OBJECT,IX
lock_acquired,2026-09-18 17:03:02.670,78,,,,OBJECT,IX
lock_acquired,2026-09-18 17:03:02.670,78,,,,OBJECT,IS
lock_acquired,2026-09-18 17:03:02.670,77,,,,OBJECT,Sch-S
lock_acquired,2026-09-18 17:03:02.670,82,,,,OBJECT,IS
lock_acquired,2026-09-18 17:03:02.670,77,,,,METADATA,Sch-S
lock_released,2026-09-18 17:03:02.670,82,,,,OBJECT,Sch-S
lock_released,2026-09-18 17:03:02.670,77,,,,OBJECT,IS
lock_released,2026-09-18 17:03:02.670,77,,,,OBJECT,IX
lock_released,2026-09-18 17:03:02.670,81,,,,OBJECT,IX
lock_released,2026-09-18 17:03:02.670,82,,,,METADATA,Sch-S
lock_released,2026-09-18 17:03:02.670,82,,,,KEY,S
lock_released,2026-09-18 17:03:02.670,80,,,,OBJECT,IS
lock_released,2026-09-18 17:03:02.670,80,,,,PAGE,IU
lock_released,2026-09-18 17:03:02.670,80,,,,OBJECT,IX
lock_released,2026-09-18 17:03:02.670,76,,,,PAGE,S
lock_released,2026-09-18 17:03:02.670,81,,,,OBJECT,IS
lock_released,2026-09-18 17:03:02.670,83,,,,PAGE,S
lock_released,2026-09-18 17:03:02.670,76,,,,OBJECT,IX
lock_released,2026-09-18 17:03:02.670,84,,,,OBJECT,IS
lock_released,2026-09-18 17:03:02.670,76,,,,OBJECT,IS
lock_acquired,2026-09-18 17:03:07.703,84,,,,PAGE,IX
lock_acquired,2026-09-18 17:03:07.703,81,,,,OBJECT,IX
lock_acquired,2026-09-18 17:03:07.703,80,,,,OBJECT,IS
lock_acquired,2026-09-18 17:03:07.703,82,,,,PAGE,S
lock_acquired,2026-09-18 17:03:07.703,85,,,,PAGE,IX
lock_acquired,2026-09-18 17:03:07.703,81,,,,OBJECT,IS
lock_acquired,2026-09-18 17:03:07.703,80,,,,OBJECT,IX
lock_acquired,2026-09-18 17:03:07.703,76,,,,OBJECT,IX
lock_acquired,2026-09-18 17:03:07.703,81,,,,KEY,X
lock_acquired,2026-09-18 17:03:07.703,84,,,,KEY,X
lock_acquired,2026-09-18 17:03:07.703,76,,,,OBJECT,IS
lock_acquired,2026-09-18 17:03:07.703,85,,,,KEY,X
lock_released,2026-09-18 17:03:07.703,85,,,,OBJECT,IS
lock_released,2026-09-18 17:03:07.703,77,,,,OBJECT,Sch-S
lock_released,2026-09-18 17:03:07.703,79,,,,OBJECT,IX
lock_released,2026-09-18 17:03:07.703,77,,,,METADATA,Sch-S
lock_released,2026-09-18 17:03:07.703,79,,,,OBJECT,IS
lock_acquired,2026-09-18 17:03:12.743,82,,,,OBJECT,Sch-S
lock_acquired,2026-09-18 17:03:12.743,77,,,,OBJECT,IS
lock_acquired,2026-09-18 17:03:12.743,77,,,,OBJECT,IX
lock_acquired,2026-09-18 17:03:12.743,79,,,,PAGE,IX
lock_acquired,2026-09-18 17:03:12.743,84,,,,OBJECT,IS
lock_acquired,2026-09-18 17:03:12.743,79,,,,OBJECT,IX
lock_acquired,2026-09-18 17:03:12.743,81,,,,PAGE,S
lock_acquired,2026-09-18 17:03:12.743,85,,,,OBJECT,IS
lock_released,2026-09-18 17:03:12.743,84,,,,PAGE,IX
lock_released,2026-09-18 17:03:12.743,82,,,,OBJECT,IX
lock_released,2026-09-18 17:03:12.743,82,,,,PAGE,S
lock_released,2026-09-18 17:03:12.743,85,,,,PAGE,IX
lock_released,2026-09-18 17:03:12.743,81,,,,KEY,X
lock_released,2026-09-18 17:03:12.743,82,,,,OBJECT,IS
lock_released,2026-09-18 17:03:12.743,84,,,,KEY,X
lock_released,2026-09-18 17:03:12.743,85,,,,KEY,X
lock_acquired,2026-09-18 17:03:17.790,77,,,,KEY,X
lock_acquired,2026-09-18 17:03:17.790,76,,,,OBJECT,Sch-S
lock_acquired,2026-09-18 17:03:17.790,79,,,,OBJECT,Sch-S
lock_acquired,2026-09-18 17:03:17.790,77,,,,PAGE,IX
lock_acquired,2026-09-18 17:03:17.790,84,,,,METADATA,Sch-S
lock_acquired,2026-09-18 17:03:17.790,78,,,,PAGE,S
lock_acquired,2026-09-18 17:03:17.790,82,,,,OBJECT,IX
lock_acquired,2026-09-18 17:03:17.790,82,,,,OBJECT,IS
lock_acquired,2026-09-18 17:03:17.790,81,,,,OBJECT,Sch-S
lock_acquired,2026-09-18 17:03:17.790,84,,,,OBJECT,Sch-S
lock_acquired,2026-09-18 17:03:17.790,81,,,,METADATA,Sch-S
lock_released,2026-09-18 17:03:17.790,82,,,,OBJECT,Sch-S
lock_released,2026-09-18 17:03:17.790,77,,,,OBJECT,IS
lock_released,2026-09-18 17:03:17.790,85,,,,OBJECT,IX
lock_released,2026-09-18 17:03:17.790,81,,,,OBJECT,IX
lock_released,2026-09-18 17:03:17.790,79,,,,PAGE,IX
lock_released,2026-09-18 17:03:17.790,81,,,,OBJECT,IS
lock_released,2026-09-18 17:03:17.790,84,,,,OBJECT,IS
lock_released,2026-09-18 17:03:17.790,76,,,,OBJECT,IX
lock_released,2026-09-18 17:03:17.790,84,,,,OBJECT,IX
lock_released,2026-09-18 17:03:17.790,79,,,,OBJECT,IX
lock_released,2026-09-18 17:03:17.790,81,,,,PAGE,S
lock_released,2026-09-18 17:03:17.790,76,,,,OBJECT,IS
lock_released,2026-09-18 17:03:17.790,85,,,,OBJECT,IS
lock_acquired,2026-09-18 17:03:22.837,76,,,,METADATA,Sch-S
lock_acquired,2026-09-18 17:03:22.837,81,,,,OBJECT,IX
lock_acquired,2026-09-18 17:03:22.837,83,,,,PAGE,S
lock_acquired,2026-09-18 17:03:22.837,81,,,,OBJECT,IS
lock_acquired,2026-09-18 17:03:22.837,79,,,,OBJECT,IX
lock_acquired,2026-09-18 17:03:22.837,79,,,,OBJECT,IS
lock_released,2026-09-18 17:03:22.837,77,,,,KEY,X
lock_released,2026-09-18 17:03:22.837,77,,,,OBJECT,IX
lock_released,2026-09-18 17:03:22.837,79,,,,OBJECT,Sch-S
lock_released,2026-09-18 17:03:22.837,77,,,,PAGE,IX
lock_released,2026-09-18 17:03:22.837,81,,,,OBJECT,Sch-S
lock_released,2026-09-18 17:03:22.837,78,,,,PAGE,S
lock_released,2026-09-18 17:03:22.837,81,,,,METADATA,Sch-S
lock_acquired,2026-09-18 17:03:27.876,77,,,,PAGE,IS
lock_acquired,2026-09-18 17:03:27.876,82,,,,OBJECT,Sch-S
lock_acquired,2026-09-18 17:03:27.876,77,,,,OBJECT,IS
lock_acquired,2026-09-18 17:03:27.876,85,,,,PAGE,IX
lock_acquired,2026-09-18 17:03:27.876,84,,,,OBJECT,IS
lock_acquired,2026-09-18 17:03:27.876,76,,,,OBJECT,IX
lock_acquired,2026-09-18 17:03:27.876,84,,,,OBJECT,IX
lock_acquired,2026-09-18 17:03:27.876,85,,,,OBJECT,IX
lock_acquired,2026-09-18 17:03:27.876,77,,,,OBJECT,Sch-S
lock_acquired,2026-09-18 17:03:27.876,76,,,,OBJECT,IS
lock_acquired,2026-09-18 17:03:27.876,85,,,,KEY,X
lock_released,2026-09-18 17:03:27.876,76,,,,OBJECT,Sch-S
lock_released,2026-09-18 17:03:27.876,84,,,,METADATA,Sch-S
lock_released,2026-09-18 17:03:27.876,76,,,,METADATA,Sch-S
lock_released,2026-09-18 17:03:27.876,82,,,,OBJECT,IX
lock_released,2026-09-18 17:03:27.876,83,,,,PAGE,S
lock_released,2026-09-18 17:03:27.876,79,,,,OBJECT,IX
lock_released,2026-09-18 17:03:27.876,82,,,,OBJECT,IS
lock_released,2026-09-18 17:03:27.876,84,,,,OBJECT,Sch-S
lock_released,2026-09-18 17:03:27.876,79,,,,OBJECT,IS
lock_acquired,2026-09-18 17:03:32.930,79,,,,KEY,X
lock_acquired,2026-09-18 17:03:32.930,77,,,,OBJECT,IX
lock_acquired,2026-09-18 17:03:32.930,78,,,,PAGE,IX
lock_acquired,2026-09-18 17:03:32.930,78,,,,KEY,X
lock_acquired,2026-09-18 17:03:32.930,82,,,,PAGE,S
lock_acquired,2026-09-18 17:03:32.930,79,,,,PAGE,IX
lock_acquired,2026-09-18 17:03:32.930,79,,,,OBJECT,IX
lock_acquired,2026-09-18 17:03:32.930,81,,,,OBJECT,Sch-S
lock_acquired,2026-09-18 17:03:32.930,81,,,,METADATA,Sch-S
lock_released,2026-09-18 17:03:32.930,77,,,,PAGE,IS
lock_released,2026-09-18 17:03:32.930,82,,,,OBJECT,Sch-S
lock_released,2026-09-18 17:03:32.930,81,,,,OBJECT,IX
lock_released,2026-09-18 17:03:32.930,78,,,,OBJECT,IX
lock_released,2026-09-18 17:03:32.930,80,,,,OBJECT,IS
lock_released,2026-09-18 17:03:32.930,80,,,,OBJECT,IX
lock_released,2026-09-18 17:03:32.930,85,,,,PAGE,IX
lock_released,2026-09-18 17:03:32.930,81,,,,OBJECT,IS
lock_released,2026-09-18 17:03:32.930,78,,,,OBJECT,IS
lock_released,2026-09-18 17:03:32.930,76,,,,OBJECT,IX
lock_released,2026-09-18 17:03:32.930,77,,,,OBJECT,Sch-S
lock_released,2026-09-18 17:03:32.930,85,,,,OBJECT,IX
lock_released,2026-09-18 17:03:32.930,76,,,,OBJECT,IS
lock_released,2026-09-18 17:03:32.930,85,,,,KEY,X
lock_acquired,2026-09-18 17:03:37.963,82,,,,OBJECT,IX
lock_acquired,2026-09-18 17:03:37.963,78,,,,OBJECT,IX
lock_acquired,2026-09-18 17:03:37.963,80,,,,OBJECT,IS
lock_acquired,2026-09-18 17:03:37.963,80,,,,OBJECT,IX
lock_acquired,2026-09-18 17:03:37.963,81,,,,OBJECT,IS
lock_acquired,2026-09-18 17:03:37.963,76,,,,PAGE,S
lock_acquired,2026-09-18 17:03:37.963,78,,,,OBJECT,IS
lock_acquired,2026-09-18 17:03:37.963,76,,,,OBJECT,IX
lock_acquired,2026-09-18 17:03:37.963,82,,,,OBJECT,IS
lock_acquired,2026-09-18 17:03:37.963,76,,,,OBJECT,IS
lock_acquired,2026-09-18 17:03:37.963,79,,,,OBJECT,IS
lock_released,2026-09-18 17:03:37.963,79,,,,KEY,X
lock_released,2026-09-18 17:03:37.963,78,,,,KEY,X
lock_released,2026-09-18 17:03:37.963,78,,,,PAGE,IX
lock_released,2026-09-18 17:03:37.963,82,,,,PAGE,S
lock_released,2026-09-18 17:03:37.963,79,,,,PAGE,IX
lock_released,2026-09-18 17:03:37.963,81,,,,OBJECT,Sch-S
lock_released,2026-09-18 17:03:37.963,81,,,,METADATA,Sch-S
lock_acquired,2026-09-18 17:03:43.008,77,,,,PAGE,IS
lock_acquired,2026-09-18 17:03:43.008,79,,,,OBJECT,Sch-S
lock_acquired,2026-09-18 17:03:43.008,81,,,,OBJECT,IX
lock_acquired,2026-09-18 17:03:43.008,85,,,,OBJECT,IX
lock_acquired,2026-09-18 17:03:43.008,81,,,,PAGE,S
lock_acquired,2026-09-18 17:03:43.008,85,,,,OBJECT,IS
lock_released,2026-09-18 17:03:43.008,76,,,,PAGE,S
lock_released,2026-09-18 17:03:43.008,79,,,,OBJECT,IS
lock_released,2026-09-18 17:03:43.008,77,,,,OBJECT,IX
lock_released,2026-09-18 17:03:43.008,79,,,,OBJECT,IX
lock_acquired,2026-09-18 17:03:48.065,79,,,,OBJECT,IS
lock_acquired,2026-09-18 17:03:48.065,77,,,,OBJECT,IX
lock_acquired,2026-09-18 17:03:48.065,79,,,,OBJECT,IX
lock_released,2026-09-18 17:03:48.065,77,,,,PAGE,IS
lock_released,2026-09-18 17:03:48.065,79,,,,OBJECT,Sch-S
lock_released,2026-09-18 17:03:48.065,78,,,,OBJECT,IX
lock_released,2026-09-18 17:03:48.065,80,,,,OBJECT,IS
lock_released,2026-09-18 17:03:48.065,80,,,,OBJECT,IX
lock_released,2026-09-18 17:03:48.065,78,,,,OBJECT,IS
lock_released,2026-09-18 17:03:48.065,81,,,,PAGE,S
lock_acquired,2026-09-18 17:03:53.118,77,,,,KEY,X
lock_acquired,2026-09-18 17:03:53.118,77,,,,PAGE,IX
lock_acquired,2026-09-18 17:03:53.118,78,,,,OBJECT,IX
lock_acquired,2026-09-18 17:03:53.118,80,,,,OBJECT,IS
lock_acquired,2026-09-18 17:03:53.118,80,,,,OBJECT,IX
lock_acquired,2026-09-18 17:03:53.118,83,,,,PAGE,S
lock_acquired,2026-09-18 17:03:53.118,78,,,,OBJECT,IS
lock_acquired,2026-09-18 17:03:53.118,82,,,,PAGE,IX
lock_acquired,2026-09-18 17:03:53.118,81,,,,PAGE,S
lock_released,2026-09-18 17:03:53.118,82,,,,OBJECT,IS
lock_released,2026-09-18 17:03:53.118,82,,,,OBJECT,IX
lock_released,2026-09-18 17:03:53.118,77,,,,OBJECT,IS
lock_acquired,2026-09-18 17:03:58.185,82,,,,OBJECT,Sch-S
lock_acquired,2026-09-18 17:03:58.185,85,,,,PAGE,S
lock_acquired,2026-09-18 17:03:58.185,82,,,,METADATA,Sch-S
lock_acquired,2026-09-18 17:03:58.185,82,,,,KEY,S
lock_acquired,2026-09-18 17:03:58.185,77,,,,OBJECT,Sch-S
lock_acquired,2026-09-18 17:03:58.185,77,,,,METADATA,Sch-S
lock_released,2026-09-18 17:03:58.185,77,,,,KEY,X
lock_released,2026-09-18 17:03:58.185,77,,,,OBJECT,IX
lock_released,2026-09-18 17:03:58.185,83,,,,PAGE,S
lock_released,2026-09-18 17:03:58.185,77,,,,PAGE,IX
lock_released,2026-09-18 17:03:58.185,82,,,,PAGE,IX
lock_released,2026-09-18 17:03:58.185,76,,,,OBJECT,IS
login,2026-09-18 17:04:03.239,75,795ec2146175\Administrator,Microsoft SQL Server,SteelNort,,
lock_acquired,2026-09-18 17:04:03.239,77,,,,OBJECT,IX
lock_acquired,2026-09-18 17:04:03.239,77,,,,OBJECT,IS
lock_acquired,2026-09-18 17:04:03.239,76,,,,OBJECT,IS
lock_acquired,2026-09-18 17:04:03.239,80,,,,PAGE,S
lock_acquired,2026-09-18 17:04:03.239,82,,,,KEY,X
lock_released,2026-09-18 17:04:03.239,82,,,,OBJECT,Sch-S
lock_released,2026-09-18 17:04:03.239,85,,,,PAGE,S
lock_released,2026-09-18 17:04:03.239,81,,,,OBJECT,IX
lock_released,2026-09-18 17:04:03.239,82,,,,METADATA,Sch-S
lock_released,2026-09-18 17:04:03.239,82,,,,KEY,S
lock_released,2026-09-18 17:04:03.239,81,,,,OBJECT,IS
lock_released,2026-09-18 17:04:03.239,84,,,,OBJECT,IS
lock_released,2026-09-18 17:04:03.239,84,,,,OBJECT,IX
lock_released,2026-09-18 17:04:03.239,77,,,,OBJECT,Sch-S
lock_released,2026-09-18 17:04:03.239,81,,,,PAGE,S
lock_released,2026-09-18 17:04:03.239,77,,,,METADATA,Sch-S
lock_acquired,2026-09-18 17:04:08.274,76,,,,OBJECT,Sch-S
lock_acquired,2026-09-18 17:04:08.274,76,,,,METADATA,Sch-S
lock_acquired,2026-09-18 17:04:08.274,78,,,,KEY,S
lock_acquired,2026-09-18 17:04:08.274,81,,,,OBJECT,IX
lock_acquired,2026-09-18 17:04:08.274,82,,,,OBJECT,IX
lock_acquired,2026-09-18 17:04:08.274,79,,,,PAGE,S
lock_acquired,2026-09-18 17:04:08.274,78,,,,PAGE,IS
lock_acquired,2026-09-18 17:04:08.274,82,,,,PAGE,S
lock_acquired,2026-09-18 17:04:08.274,83,,,,PAGE,S
lock_acquired,2026-09-18 17:04:08.274,81,,,,OBJECT,IS
lock_acquired,2026-09-18 17:04:08.274,84,,,,OBJECT,IS
lock_acquired,2026-09-18 17:04:08.274,84,,,,OBJECT,IX
lock_acquired,2026-09-18 17:04:08.274,82,,,,OBJECT,IS
lock_released,2026-09-18 17:04:08.274,77,,,,OBJECT,IS
lock_released,2026-09-18 17:04:08.274,77,,,,OBJECT,IX
lock_released,2026-09-18 17:04:08.274,76,,,,OBJECT,IX
lock_released,2026-09-18 17:04:08.274,76,,,,OBJECT,IS
lock_released,2026-09-18 17:04:08.274,80,,,,PAGE,S
lock_released,2026-09-18 17:04:08.274,82,,,,KEY,X
logout,2026-09-18 17:04:13.347,75,,,,,
lock_acquired,2026-09-18 17:04:13.347,83,,,,KEY,X
lock_acquired,2026-09-18 17:04:13.347,76,,,,OBJECT,IS
lock_acquired,2026-09-18 17:04:13.347,76,,,,OBJECT,IX
lock_acquired,2026-09-18 17:04:13.347,85,,,,PAGE,S
lock_released,2026-09-18 17:04:13.347,83,,,,OBJECT,IX
lock_released,2026-09-18 17:04:13.347,76,,,,OBJECT,Sch-S
lock_released,2026-09-18 17:04:13.347,76,,,,METADATA,Sch-S
lock_released,2026-09-18 17:04:13.347,78,,,,KEY,S
lock_released,2026-09-18 17:04:13.347,83,,,,OBJECT,IS
lock_released,2026-09-18 17:04:13.347,78,,,,PAGE,IS
lock_released,2026-09-18 17:04:13.347,82,,,,PAGE,S
lock_released,2026-09-18 17:04:13.347,83,,,,PAGE,S
lock_released,2026-09-18 17:04:13.347,85,,,,OBJECT,IS
lock_acquired,2026-09-18 17:04:18.382,78,,,,METADATA,Sch-S
lock_acquired,2026-09-18 17:04:18.382,80,,,,METADATA,Sch-S
lock_acquired,2026-09-18 17:04:18.382,83,,,,OBJECT,IX
lock_acquired,2026-09-18 17:04:18.382,77,,,,OBJECT,IS
lock_acquired,2026-09-18 17:04:18.382,77,,,,OBJECT,IX
lock_acquired,2026-09-18 17:04:18.382,83,,,,OBJECT,IS
lock_acquired,2026-09-18 17:04:18.382,80,,,,OBJECT,Sch-S
lock_acquired,2026-09-18 17:04:18.382,78,,,,OBJECT,Sch-S
lock_acquired,2026-09-18 17:04:18.382,85,,,,OBJECT,IS
lock_released,2026-09-18 17:04:18.382,85,,,,PAGE,S
lock_released,2026-09-18 17:04:18.382,79,,,,PAGE,S
lock_released,2026-09-18 17:04:18.382,78,,,,OBJECT,IX
lock_released,2026-09-18 17:04:18.382,80,,,,OBJECT,IS
lock_released,2026-09-18 17:04:18.382,83,,,,KEY,X
lock_released,2026-09-18 17:04:18.382,80,,,,OBJECT,IX
lock_released,2026-09-18 17:04:18.382,78,,,,OBJECT,IS
lock_acquired,2026-09-18 17:04:23.424,85,,,,OBJECT,Sch-S
lock_acquired,2026-09-18 17:04:23.424,85,,,,METADATA,Sch-S
lock_acquired,2026-09-18 17:04:23.424,78,,,,OBJECT,IX
lock_acquired,2026-09-18 17:04:23.424,80,,,,OBJECT,IS
lock_acquired,2026-09-18 17:04:23.424,80,,,,OBJECT,IX
lock_acquired,2026-09-18 17:04:23.424,78,,,,OBJECT,IS
lock_acquired,2026-09-18 17:04:23.424,77,,,,OBJECT,Sch-S
lock_acquired,2026-09-18 17:04:23.424,81,,,,OBJECT,Sch-S
lock_acquired,2026-09-18 17:04:23.424,78,,,,PAGE,S
lock_acquired,2026-09-18 17:04:23.424,77,,,,METADATA,Sch-S
lock_released,2026-09-18 17:04:23.424,78,,,,METADATA,Sch-S
lock_released,2026-09-18 17:04:23.424,80,,,,METADATA,Sch-S
lock_released,2026-09-18 17:04:23.424,77,,,,OBJECT,IX
lock_released,2026-09-18 17:04:23.424,80,,,,OBJECT,Sch-S
lock_released,2026-09-18 17:04:23.424,81,,,,OBJECT,IX
lock_released,2026-09-18 17:04:23.424,81,,,,OBJECT,IS
lock_released,2026-09-18 17:04:23.424,85,,,,OBJECT,IX
lock_released,2026-09-18 17:04:23.424,78,,,,OBJECT,Sch-S
lock_released,2026-09-18 17:04:23.424,85,,,,OBJECT,IS
lock_acquired,2026-09-18 17:04:28.459,77,,,,OBJECT,IX
lock_acquired,2026-09-18 17:04:28.459,78,,,,KEY,S
lock_acquired,2026-09-18 17:04:28.459,81,,,,OBJECT,IX
lock_acquired,2026-09-18 17:04:28.459,78,,,,PAGE,IS
lock_acquired,2026-09-18 17:04:28.459,81,,,,OBJECT,IS
lock_acquired,2026-09-18 17:04:28.459,85,,,,OBJECT,IX
lock_acquired,2026-09-18 17:04:28.459,81,,,,PAGE,S
lock_acquired,2026-09-18 17:04:28.459,85,,,,OBJECT,IS
lock_released,2026-09-18 17:04:28.459,85,,,,OBJECT,Sch-S
lock_released,2026-09-18 17:04:28.459,85,,,,METADATA,Sch-S
lock_released,2026-09-18 17:04:28.459,78,,,,OBJECT,IX
lock_released,2026-09-18 17:04:28.459,77,,,,OBJECT,Sch-S
lock_released,2026-09-18 17:04:28.459,81,,,,OBJECT,Sch-S
lock_released,2026-09-18 17:04:28.459,78,,,,PAGE,S
lock_released,2026-09-18 17:04:28.459,77,,,,METADATA,Sch-S
lock_acquired,2026-09-18 17:04:33.507,83,,,,PAGE,IU
lock_acquired,2026-09-18 17:04:33.507,78,,,,OBJECT,IX
lock_released,2026-09-18 17:04:33.507,78,,,,KEY,S
lock_released,2026-09-18 17:04:33.507,83,,,,OBJECT,IS
lock_released,2026-09-18 17:04:33.507,82,,,,OBJECT,IX
lock_released,2026-09-18 17:04:33.507,78,,,,PAGE,IS
lock_released,2026-09-18 17:04:33.507,76,,,,OBJECT,IX
lock_released,2026-09-18 17:04:33.507,82,,,,OBJECT,IS
lock_released,2026-09-18 17:04:33.507,81,,,,PAGE,S
lock_released,2026-09-18 17:04:33.507,76,,,,OBJECT,IS
logout,2026-09-18 17:04:38.545,76,,,,,
logout,2026-09-18 17:04:38.545,77,,,,,
logout,2026-09-18 17:04:38.545,78,,,,,
logout,2026-09-18 17:04:38.545,79,,,,,
logout,2026-09-18 17:04:38.545,80,,,,,
logout,2026-09-18 17:04:38.545,81,,,,,
logout,2026-09-18 17:04:38.545,82,,,,,
logout,2026-09-18 17:04:38.545,83,,,,,
logout,2026-09-18 17:04:38.545,84,,,,,
logout,2026-09-18 17:04:38.545,85,,,,,
lock_released,2026-09-18 17:04:38.545,77,,,,DATABASE,S
lock_released,2026-09-18 17:04:38.545,80,,,,DATABASE,S
lock_released,2026-09-18 17:04:38.545,83,,,,PAGE,IU
lock_released,2026-09-18 17:04:38.545,84,,,,DATABASE,S
lock_released,2026-09-18 17:04:38.545,81,,,,OBJECT,IS
lock_released,2026-09-18 17:04:38.545,79,,,,OBJECT,IS
lock_released,2026-09-18 17:04:38.545,76,,,,DATABASE,S
lock_released,2026-09-18 17:04:38.545,83,,,,OBJECT,IX
lock_released,2026-09-18 17:04:38.545,77,,,,OBJECT,IS
lock_released,2026-09-18 17:04:38.545,80,,,,OBJECT,IS
lock_released,2026-09-18 17:04:38.545,84,,,,OBJECT,IS
lock_released,2026-09-18 17:04:38.545,78,,,,OBJECT,IS
lock_released,2026-09-18 17:04:38.545,85,,,,OBJECT,IX
lock_released,2026-09-18 17:04:38.545,79,,,,OBJECT,IX
lock_released,2026-09-18 17:04:38.545,83,,,,DATABASE,S
lock_released,2026-09-18 17:04:38.545,81,,,,OBJECT,IX
lock_released,2026-09-18 17:04:38.545,79,,,,DATABASE,S
lock_released,2026-09-18 17:04:38.545,85,,,,DATABASE,S
lock_released,2026-09-18 17:04:38.545,82,,,,DATABASE,S
lock_released,2026-09-18 17:04:38.545,81,,,,DATABASE,S
lock_released,2026-09-18 17:04:38.545,77,,,,OBJECT,IX
lock_released,2026-09-18 17:04:38.545,78,,,,OBJECT,IX
lock_released,2026-09-18 17:04:38.545,80,,,,OBJECT,IX
lock_released,2026-09-18 17:04:38.545,84,,,,OBJECT,IX
lock_released,2026-09-18 17:04:38.545,78,,,,DATABASE,S
lock_released,2026-09-18 17:04:38.545,85,,,,OBJECT,IS
