event_name,timestamp,session_id,login_name,program_name,database_name,_linea,resource_type,mode,process_type
login,2026-09-23 11:30:44.563,67,sa,Python,SteelNort,"{""event_name"": ""login"", ""timestamp"": ""2026-09-23 11:30:44.563"", ""session_id"": 67, ""login_name"": ""sa"", ""program_name"": ""Python"", ""database_name"": ""SteelNort""}",0,0,UNKNOWN
login,2026-09-23 11:30:44.563,68,sa,SteelNortCargaNormal,SteelNort,"{""event_name"": ""login"", ""timestamp"": ""2026-09-23 11:30:44.563"", ""session_id"": 68, ""login_name"": ""sa"", ""program_name"": ""SteelNortCargaNormal"", ""database_name"": ""SteelNort""}",0,0,UNKNOWN
login,2026-09-23 11:30:44.563,69,sa,SteelNortCargaNormal,SteelNort,"{""event_name"": ""login"", ""timestamp"": ""2026-09-23 11:30:44.563"", ""session_id"": 69, ""login_name"": ""sa"", ""program_name"": ""SteelNortCargaNormal"", ""database_name"": ""SteelNort""}",0,0,UNKNOWN
login,2026-09-23 11:30:44.563,70,sa,SteelNortCargaNormal,SteelNort,"{""event_name"": ""login"", ""timestamp"": ""2026-09-23 11:30:44.563"", ""session_id"": 70, ""login_name"": ""sa"", ""program_name"": ""SteelNortCargaNormal"", ""database_name"": ""SteelNort""}",0,0,UNKNOWN
login,2026-09-23 11:30:44.563,71,sa,SteelNortCargaNormal,SteelNort,"{""event_name"": ""login"", ""timestamp"": ""2026-09-23 11:30:44.563"", ""session_id"": 71, ""login_name"": ""sa"", ""program_name"": ""SteelNortCargaNormal"", ""database_name"": ""SteelNort""}",0,0,UNKNOWN
login,2026-09-23 11:30:44.563,72,sa,SteelNortCargaNormal,SteelNort,"{""event_name"": ""login"", ""timestamp"": ""2026-09-23 11:30:44.563"", ""session_id"": 72, ""login_name"": ""sa"", ""program_name"": ""SteelNortCargaNormal"", ""database_name"": ""SteelNort""}",0,0,UNKNOWN
login,2026-09-23 11:30:44.563,73,sa,SteelNortCargaNormal,SteelNort,"{""event_name"": ""login"", ""timestamp"": ""2026-09-23 11:30:44.563"", ""session_id"": 73, ""login_name"": ""sa"", ""program_name"": ""SteelNortCargaNormal"", ""database_name"": ""SteelNort""}",0,0,UNKNOWN
login,2026-09-23 11:30:44.563,74,sa,SteelNortCargaNormal,SteelNort,"{""event_name"": ""login"", ""timestamp"": ""2026-09-23 11:30:44.563"", ""session_id"": 74, ""login_name"": ""sa"", ""program_name"": ""SteelNortCargaNormal"", ""database_name"": ""SteelNort""}",0,0,UNKNOWN
login,2026-09-23 11:30:44.563,75,sa,SteelNortCargaNormal,SteelNort,"{""event_name"": ""login"", ""timestamp"": ""2026-09-23 11:30:44.563"", ""session_id"": 75, ""login_name"": ""sa"", ""program_name"": ""SteelNortCargaNormal"", ""database_name"": ""SteelNort""}",0,0,UNKNOWN
login,2026-09-23 11:30:44.563,63,sa,Python,SteelNort,"{""event_name"": ""login"", ""timestamp"": ""2026-09-23 11:30:44.563"", ""session_id"": 63, ""login_name"": ""sa"", ""program_name"": ""Python"", ""database_name"": ""SteelNort""}",0,0,UNKNOWN
lock_acquired,2026-09-23 11:30:44.563,68,0,0,0,"{""event_name"": ""lock_acquired"", ""timestamp"": ""2026-09-23 11:30:44.563"", ""session_id"": 68, ""resource_type"": ""DATABASE"", ""mode"": ""S""}",DATABASE,S,UNKNOWN
lock_acquired,2026-09-23 11:30:44.563,71,0,0,0,"{""event_name"": ""lock_acquired"", ""timestamp"": ""2026-09-23 11:30:44.563"", ""session_id"": 71, ""resource_type"": ""OBJECT"", ""mode"": ""IX""}",OBJECT,IX,UNKNOWN
lock_acquired,2026-09-23 11:30:44.563,72,0,0,0,"{""event_name"": ""lock_acquired"", ""timestamp"": ""2026-09-23 11:30:44.563"", ""session_id"": 72, ""resource_type"": ""DATABASE"", ""mode"": ""S""}",DATABASE,S,UNKNOWN
lock_acquired,2026-09-23 11:30:44.563,75,0,0,0,"{""event_name"": ""lock_acquired"", ""timestamp"": ""2026-09-23 11:30:44.563"", ""session_id"": 75, ""resource_type"": ""OBJECT"", ""mode"": ""IS""}",OBJECT,IS,UNKNOWN
lock_acquired,2026-09-23 11:30:44.563,72,0,0,0,"{""event_name"": ""lock_acquired"", ""timestamp"": ""2026-09-23 11:30:44.563"", ""session_id"": 72, ""resource_type"": ""PAGE"", ""mode"": ""S""}",PAGE,S,UNKNOWN
lock_acquired,2026-09-23 11:30:44.563,74,0,0,0,"{""event_name"": ""lock_acquired"", ""timestamp"": ""2026-09-23 11:30:44.563"", ""session_id"": 74, ""resource_type"": ""OBJECT"", ""mode"": ""IS""}",OBJECT,IS,UNKNOWN
lock_acquired,2026-09-23 11:30:44.563,63,0,0,0,"{""event_name"": ""lock_acquired"", ""timestamp"": ""2026-09-23 11:30:44.563"", ""session_id"": 63, ""resource_type"": ""DATABASE"", ""mode"": ""S""}",DATABASE,S,UNKNOWN
lock_acquired,2026-09-23 11:30:44.563,67,0,0,0,"{""event_name"": ""lock_acquired"", ""timestamp"": ""2026-09-23 11:30:44.563"", ""session_id"": 67, ""resource_type"": ""DATABASE"", ""mode"": ""S""}",DATABASE,S,UNKNOWN
lock_acquired,2026-09-23 11:30:44.563,74,0,0,0,"{""event_name"": ""lock_acquired"", ""timestamp"": ""2026-09-23 11:30:44.563"", ""session_id"": 74, ""resource_type"": ""DATABASE"", ""mode"": ""S""}",DATABASE,S,UNKNOWN
lock_acquired,2026-09-23 11:30:44.563,70,0,0,0,"{""event_name"": ""lock_acquired"", ""timestamp"": ""2026-09-23 11:30:44.563"", ""session_id"": 70, ""resource_type"": ""DATABASE"", ""mode"": ""S""}",DATABASE,S,UNKNOWN
lock_acquired,2026-09-23 11:30:44.563,72,0,0,0,"{""event_name"": ""lock_acquired"", ""timestamp"": ""2026-09-23 11:30:44.563"", ""session_id"": 72, ""resource_type"": ""OBJECT"", ""mode"": ""IX""}",OBJECT,IX,UNKNOWN
lock_acquired,2026-09-23 11:30:44.563,69,0,0,0,"{""event_name"": ""lock_acquired"", ""timestamp"": ""2026-09-23 11:30:44.563"", ""session_id"": 69, ""resource_type"": ""DATABASE"", ""mode"": ""S""}",DATABASE,S,UNKNOWN
lock_acquired,2026-09-23 11:30:44.563,71,0,0,0,"{""event_name"": ""lock_acquired"", ""timestamp"": ""2026-09-23 11:30:44.563"", ""session_id"": 71, ""resource_type"": ""KEY"", ""mode"": ""X""}",KEY,X,UNKNOWN
lock_acquired,2026-09-23 11:30:44.563,70,0,0,0,"{""event_name"": ""lock_acquired"", ""timestamp"": ""2026-09-23 11:30:44.563"", ""session_id"": 70, ""resource_type"": ""OBJECT"", ""mode"": ""IX""}",OBJECT,IX,UNKNOWN
lock_acquired,2026-09-23 11:30:44.563,75,0,0,0,"{""event_name"": ""lock_acquired"", ""timestamp"": ""2026-09-23 11:30:44.563"", ""session_id"": 75, ""resource_type"": ""DATABASE"", ""mode"": ""S""}",DATABASE,S,UNKNOWN
lock_acquired,2026-09-23 11:30:44.563,75,0,0,0,"{""event_name"": ""lock_acquired"", ""timestamp"": ""2026-09-23 11:30:44.563"", ""session_id"": 75, ""resource_type"": ""OBJECT"", ""mode"": ""IX""}",OBJECT,IX,UNKNOWN
lock_acquired,2026-09-23 11:30:44.563,74,0,0,0,"{""event_name"": ""lock_acquired"", ""timestamp"": ""2026-09-23 11:30:44.563"", ""session_id"": 74, ""resource_type"": ""OBJECT"", ""mode"": ""IX""}",OBJECT,IX,UNKNOWN
lock_acquired,2026-09-23 11:30:44.563,71,0,0,0,"{""event_name"": ""lock_acquired"", ""timestamp"": ""2026-09-23 11:30:44.563"", ""session_id"": 71, ""resource_type"": ""PAGE"", ""mode"": ""IX""}",PAGE,IX,UNKNOWN
lock_acquired,2026-09-23 11:30:44.563,72,0,0,0,"{""event_name"": ""lock_acquired"", ""timestamp"": ""2026-09-23 11:30:44.563"", ""session_id"": 72, ""resource_type"": ""OBJECT"", ""mode"": ""IS""}",OBJECT,IS,UNKNOWN
lock_acquired,2026-09-23 11:30:44.563,71,0,0,0,"{""event_name"": ""lock_acquired"", ""timestamp"": ""2026-09-23 11:30:44.563"", ""session_id"": 71, ""resource_type"": ""DATABASE"", ""mode"": ""S""}",DATABASE,S,UNKNOWN
lock_acquired,2026-09-23 11:30:44.563,73,0,0,0,"{""event_name"": ""lock_acquired"", ""timestamp"": ""2026-09-23 11:30:44.563"", ""session_id"": 73, ""resource_type"": ""DATABASE"", ""mode"": ""S""}",DATABASE,S,UNKNOWN
lock_acquired,2026-09-23 11:30:44.563,70,0,0,0,"{""event_name"": ""lock_acquired"", ""timestamp"": ""2026-09-23 11:30:44.563"", ""session_id"": 70, ""resource_type"": ""OBJECT"", ""mode"": ""IS""}",OBJECT,IS,UNKNOWN
login,2026-09-23 11:30:49.600,77,sa,unknown,SteelNort,"{""event_name"": ""login"", ""timestamp"": ""2026-09-23 11:30:49.600"", ""session_id"": 77, ""login_name"": ""sa"", ""program_name"": ""unknown"", ""database_name"": ""SteelNort""}",0,0,UNKNOWN
lock_acquired,2026-09-23 11:30:49.600,69,0,0,0,"{""event_name"": ""lock_acquired"", ""timestamp"": ""2026-09-23 11:30:49.600"", ""session_id"": 69, ""resource_type"": ""OBJECT"", ""mode"": ""IX""}",OBJECT,IX,UNKNOWN
lock_acquired,2026-09-23 11:30:49.600,69,0,0,0,"{""event_name"": ""lock_acquired"", ""timestamp"": ""2026-09-23 11:30:49.600"", ""session_id"": 69, ""resource_type"": ""PAGE"", ""mode"": ""S""}",PAGE,S,UNKNOWN
lock_acquired,2026-09-23 11:30:49.600,69,0,0,0,"{""event_name"": ""lock_acquired"", ""timestamp"": ""2026-09-23 11:30:49.600"", ""session_id"": 69, ""resource_type"": ""OBJECT"", ""mode"": ""IS""}",OBJECT,IS,UNKNOWN
lock_acquired,2026-09-23 11:30:49.600,75,0,0,0,"{""event_name"": ""lock_acquired"", ""timestamp"": ""2026-09-23 11:30:49.600"", ""session_id"": 75, ""resource_type"": ""KEY"", ""mode"": ""X""}",KEY,X,UNKNOWN
lock_acquired,2026-09-23 11:30:49.600,74,0,0,0,"{""event_name"": ""lock_acquired"", ""timestamp"": ""2026-09-23 11:30:49.600"", ""session_id"": 74, ""resource_type"": ""PAGE"", ""mode"": ""IU""}",PAGE,IU,UNKNOWN
lock_released,2026-09-23 11:30:49.600,75,0,0,0,"{""event_name"": ""lock_released"", ""timestamp"": ""2026-09-23 11:30:49.600"", ""session_id"": 75, ""resource_type"": ""OBJECT"", ""mode"": ""IS""}",OBJECT,IS,UNKNOWN
lock_released,2026-09-23 11:30:49.600,71,0,0,0,"{""event_name"": ""lock_released"", ""timestamp"": ""2026-09-23 11:30:49.600"", ""session_id"": 71, ""resource_type"": ""OBJECT"", ""mode"": ""IX""}",OBJECT,IX,UNKNOWN
lock_released,2026-09-23 11:30:49.600,70,0,0,0,"{""event_name"": ""lock_released"", ""timestamp"": ""2026-09-23 11:30:49.600"", ""session_id"": 70, ""resource_type"": ""OBJECT"", ""mode"": ""IS""}",OBJECT,IS,UNKNOWN
lock_released,2026-09-23 11:30:49.600,72,0,0,0,"{""event_name"": ""lock_released"", ""timestamp"": ""2026-09-23 11:30:49.600"", ""session_id"": 72, ""resource_type"": ""PAGE"", ""mode"": ""S""}",PAGE,S,UNKNOWN
lock_released,2026-09-23 11:30:49.600,74,0,0,0,"{""event_name"": ""lock_released"", ""timestamp"": ""2026-09-23 11:30:49.600"", ""session_id"": 74, ""resource_type"": ""OBJECT"", ""mode"": ""IS""}",OBJECT,IS,UNKNOWN
lock_released,2026-09-23 11:30:49.600,71,0,0,0,"{""event_name"": ""lock_released"", ""timestamp"": ""2026-09-23 11:30:49.600"", ""session_id"": 71, ""resource_type"": ""PAGE"", ""mode"": ""IX""}",PAGE,IX,UNKNOWN
lock_released,2026-09-23 11:30:49.600,72,0,0,0,"{""event_name"": ""lock_released"", ""timestamp"": ""2026-09-23 11:30:49.600"", ""session_id"": 72, ""resource_type"": ""OBJECT"", ""mode"": ""IS""}",OBJECT,IS,UNKNOWN
lock_released,2026-09-23 11:30:49.600,72,0,0,0,"{""event_name"": ""lock_released"", ""timestamp"": ""2026-09-23 11:30:49.600"", ""session_id"": 72, ""resource_type"": ""OBJECT"", ""mode"": ""IX""}",OBJECT,IX,UNKNOWN
lock_released,2026-09-23 11:30:49.600,71,0,0,0,"{""event_name"": ""lock_released"", ""timestamp"": ""2026-09-23 11:30:49.600"", ""session_id"": 71, ""resource_type"": ""KEY"", ""mode"": ""X""}",KEY,X,UNKNOWN
lock_acquired,2026-09-23 11:30:54.663,72,0,0,0,"{""event_name"": ""lock_acquired"", ""timestamp"": ""2026-09-23 11:30:54.663"", ""session_id"": 72, ""resource_type"": ""OBJECT"", ""mode"": ""Sch-S""}",OBJECT,Sch-S,UNKNOWN
lock_acquired,2026-09-23 11:30:54.663,71,0,0,0,"{""event_name"": ""lock_acquired"", ""timestamp"": ""2026-09-23 11:30:54.663"", ""session_id"": 71, ""resource_type"": ""OBJECT"", ""mode"": ""IX""}",OBJECT,IX,UNKNOWN
lock_acquired,2026-09-23 11:30:54.663,70,0,0,0,"{""event_name"": ""lock_acquired"", ""timestamp"": ""2026-09-23 11:30:54.663"", ""session_id"": 70, ""resource_type"": ""PAGE"", ""mode"": ""S""}",PAGE,S,UNKNOWN
lock_acquired,2026-09-23 11:30:54.663,73,0,0,0,"{""event_name"": ""lock_acquired"", ""timestamp"": ""2026-09-23 11:30:54.663"", ""session_id"": 73, ""resource_type"": ""OBJECT"", ""mode"": ""IS""}",OBJECT,IS,UNKNOWN
lock_acquired,2026-09-23 11:30:54.663,73,0,0,0,"{""event_name"": ""lock_acquired"", ""timestamp"": ""2026-09-23 11:30:54.663"", ""session_id"": 73, ""resource_type"": ""OBJECT"", ""mode"": ""IX""}",OBJECT,IX,UNKNOWN
lock_acquired,2026-09-23 11:30:54.663,74,0,0,0,"{""event_name"": ""lock_acquired"", ""timestamp"": ""2026-09-23 11:30:54.663"", ""session_id"": 74, ""resource_type"": ""OBJECT"", ""mode"": ""Sch-S""}",OBJECT,Sch-S,UNKNOWN
lock_acquired,2026-09-23 11:30:54.663,71,0,0,0,"{""event_name"": ""lock_acquired"", ""timestamp"": ""2026-09-23 11:30:54.663"", ""session_id"": 71, ""resource_type"": ""OBJECT"", ""mode"": ""IS""}",OBJECT,IS,UNKNOWN
lock_acquired,2026-09-23 11:30:54.663,68,0,0,0,"{""event_name"": ""lock_acquired"", ""timestamp"": ""2026-09-23 11:30:54.663"", ""session_id"": 68, ""resource_type"": ""PAGE"", ""mode"": ""IX""}",PAGE,IX,UNKNOWN
lock_acquired,2026-09-23 11:30:54.663,68,0,0,0,"{""event_name"": ""lock_acquired"", ""timestamp"": ""2026-09-23 11:30:54.663"", ""session_id"": 68, ""resource_type"": ""OBJECT"", ""mode"": ""IX""}",OBJECT,IX,UNKNOWN
lock_acquired,2026-09-23 11:30:54.663,70,0,0,0,"{""event_name"": ""lock_acquired"", ""timestamp"": ""2026-09-23 11:30:54.663"", ""session_id"": 70, ""resource_type"": ""OBJECT"", ""mode"": ""IS""}",OBJECT,IS,UNKNOWN
lock_released,2026-09-23 11:30:54.663,74,0,0,0,"{""event_name"": ""lock_released"", ""timestamp"": ""2026-09-23 11:30:54.663"", ""session_id"": 74, ""resource_type"": ""OBJECT"", ""mode"": ""IX""}",OBJECT,IX,UNKNOWN
lock_released,2026-09-23 11:30:54.663,74,0,0,0,"{""event_name"": ""lock_released"", ""timestamp"": ""2026-09-23 11:30:54.663"", ""session_id"": 74, ""resource_type"": ""PAGE"", ""mode"": ""IU""}",PAGE,IU,UNKNOWN
lock_released,2026-09-23 11:30:54.663,75,0,0,0,"{""event_name"": ""lock_released"", ""timestamp"": ""2026-09-23 11:30:54.663"", ""session_id"": 75, ""resource_type"": ""KEY"", ""mode"": ""X""}",KEY,X,UNKNOWN
lock_released,2026-09-23 11:30:54.663,75,0,0,0,"{""event_name"": ""lock_released"", ""timestamp"": ""2026-09-23 11:30:54.663"", ""session_id"": 75, ""resource_type"": ""OBJECT"", ""mode"": ""IX""}",OBJECT,IX,UNKNOWN
logout,2026-09-23 11:30:59.739,77,0,0,0,"{""event_name"": ""logout"", ""timestamp"": ""2026-09-23 11:30:59.739"", ""session_id"": 77}",0,0,UNKNOWN
lock_acquired,2026-09-23 11:30:59.739,70,0,0,0,"{""event_name"": ""lock_acquired"", ""timestamp"": ""2026-09-23 11:30:59.739"", ""session_id"": 70, ""resource_type"": ""KEY"", ""mode"": ""X""}",KEY,X,UNKNOWN
lock_acquired,2026-09-23 11:30:59.739,74,0,0,0,"{""event_name"": ""lock_acquired"", ""timestamp"": ""2026-09-23 11:30:59.739"", ""session_id"": 74, ""resource_type"": ""PAGE"", ""mode"": ""S""}",PAGE,S,UNKNOWN
lock_acquired,2026-09-23 11:30:59.739,72,0,0,0,"{""event_name"": ""lock_acquired"", ""timestamp"": ""2026-09-23 11:30:59.739"", ""session_id"": 72, ""resource_type"": ""KEY"", ""mode"": ""X""}",KEY,X,UNKNOWN
lock_acquired,2026-09-23 11:30:59.739,74,0,0,0,"{""event_name"": ""lock_acquired"", ""timestamp"": ""2026-09-23 11:30:59.739"", ""session_id"": 74, ""resource_type"": ""OBJECT"", ""mode"": ""IS""}",OBJECT,IS,UNKNOWN
lock_acquired,2026-09-23 11:30:59.739,70,0,0,0,"{""event_name"": ""lock_acquired"", ""timestamp"": ""2026-09-23 11:30:59.739"", ""session_id"": 70, ""resource_type"": ""PAGE"", ""mode"": ""IX""}",PAGE,IX,UNKNOWN
lock_acquired,2026-09-23 11:30:59.739,75,0,0,0,"{""event_name"": ""lock_acquired"", ""timestamp"": ""2026-09-23 11:30:59.739"", ""session_id"": 75, ""resource_type"": ""OBJECT"", ""mode"": ""Sch-S""}",OBJECT,Sch-S,UNKNOWN
lock_acquired,2026-09-23 11:30:59.739,74,0,0,0,"{""event_name"": ""lock_acquired"", ""timestamp"": ""2026-09-23 11:30:59.739"", ""session_id"": 74, ""resource_type"": ""OBJECT"", ""mode"": ""IX""}",OBJECT,IX,UNKNOWN
lock_acquired,2026-09-23 11:30:59.739,68,0,0,0,"{""event_name"": ""lock_acquired"", ""timestamp"": ""2026-09-23 11:30:59.739"", ""session_id"": 68, ""resource_type"": ""OBJECT"", ""mode"": ""IS""}",OBJECT,IS,UNKNOWN
lock_acquired,2026-09-23 11:30:59.739,75,0,0,0,"{""event_name"": ""lock_acquired"", ""timestamp"": ""2026-09-23 11:30:59.739"", ""session_id"": 75, ""resource_type"": ""METADATA"", ""mode"": ""Sch-S""}",METADATA,Sch-S,UNKNOWN
lock_released,2026-09-23 11:30:59.739,72,0,0,0,"{""event_name"": ""lock_released"", ""timestamp"": ""2026-09-23 11:30:59.739"", ""session_id"": 72, ""resource_type"": ""OBJECT"", ""mode"": ""Sch-S""}",OBJECT,Sch-S,UNKNOWN
lock_released,2026-09-23 11:30:59.739,71,0,0,0,"{""event_name"": ""lock_released"", ""timestamp"": ""2026-09-23 11:30:59.739"", ""session_id"": 71, ""resource_type"": ""OBJECT"", ""mode"": ""IX""}",OBJECT,IX,UNKNOWN
lock_released,2026-09-23 11:30:59.739,70,0,0,0,"{""event_name"": ""lock_released"", ""timestamp"": ""2026-09-23 11:30:59.739"", ""session_id"": 70, ""resource_type"": ""PAGE"", ""mode"": ""S""}",PAGE,S,UNKNOWN
lock_released,2026-09-23 11:30:59.739,73,0,0,0,"{""event_name"": ""lock_released"", ""timestamp"": ""2026-09-23 11:30:59.739"", ""session_id"": 73, ""resource_type"": ""OBJECT"", ""mode"": ""IS""}",OBJECT,IS,UNKNOWN
lock_released,2026-09-23 11:30:59.739,73,0,0,0,"{""event_name"": ""lock_released"", ""timestamp"": ""2026-09-23 11:30:59.739"", ""session_id"": 73, ""resource_type"": ""OBJECT"", ""mode"": ""IX""}",OBJECT,IX,UNKNOWN
lock_released,2026-09-23 11:30:59.739,74,0,0,0,"{""event_name"": ""lock_released"", ""timestamp"": ""2026-09-23 11:30:59.739"", ""session_id"": 74, ""resource_type"": ""OBJECT"", ""mode"": ""Sch-S""}",OBJECT,Sch-S,UNKNOWN
lock_released,2026-09-23 11:30:59.739,71,0,0,0,"{""event_name"": ""lock_released"", ""timestamp"": ""2026-09-23 11:30:59.739"", ""session_id"": 71, ""resource_type"": ""OBJECT"", ""mode"": ""IS""}",OBJECT,IS,UNKNOWN
lock_released,2026-09-23 11:30:59.739,68,0,0,0,"{""event_name"": ""lock_released"", ""timestamp"": ""2026-09-23 11:30:59.739"", ""session_id"": 68, ""resource_type"": ""PAGE"", ""mode"": ""IX""}",PAGE,IX,UNKNOWN
lock_released,2026-09-23 11:30:59.739,70,0,0,0,"{""event_name"": ""lock_released"", ""timestamp"": ""2026-09-23 11:30:59.739"", ""session_id"": 70, ""resource_type"": ""OBJECT"", ""mode"": ""IS""}",OBJECT,IS,UNKNOWN
lock_acquired,2026-09-23 11:31:04.782,75,0,0,0,"{""event_name"": ""lock_acquired"", ""timestamp"": ""2026-09-23 11:31:04.782"", ""session_id"": 75, ""resource_type"": ""OBJECT"", ""mode"": ""IS""}",OBJECT,IS,UNKNOWN
lock_acquired,2026-09-23 11:31:04.782,71,0,0,0,"{""event_name"": ""lock_acquired"", ""timestamp"": ""2026-09-23 11:31:04.782"", ""session_id"": 71, ""resource_type"": ""OBJECT"", ""mode"": ""IX""}",OBJECT,IX,UNKNOWN
lock_acquired,2026-09-23 11:31:04.782,73,0,0,0,"{""event_name"": ""lock_acquired"", ""timestamp"": ""2026-09-23 11:31:04.782"", ""session_id"": 73, ""resource_type"": ""PAGE"", ""mode"": ""IX""}",PAGE,IX,UNKNOWN
lock_acquired,2026-09-23 11:31:04.782,75,0,0,0,"{""event_name"": ""lock_acquired"", ""timestamp"": ""2026-09-23 11:31:04.782"", ""session_id"": 75, ""resource_type"": ""OBJECT"", ""mode"": ""IX""}",OBJECT,IX,UNKNOWN
lock_acquired,2026-09-23 11:31:04.782,68,0,0,0,"{""event_name"": ""lock_acquired"", ""timestamp"": ""2026-09-23 11:31:04.782"", ""session_id"": 68, ""resource_type"": ""PAGE"", ""mode"": ""S""}",PAGE,S,UNKNOWN
lock_acquired,2026-09-23 11:31:04.782,73,0,0,0,"{""event_name"": ""lock_acquired"", ""timestamp"": ""2026-09-23 11:31:04.782"", ""session_id"": 73, ""resource_type"": ""OBJECT"", ""mode"": ""IX""}",OBJECT,IX,UNKNOWN
lock_acquired,2026-09-23 11:31:04.782,72,0,0,0,"{""event_name"": ""lock_acquired"", ""timestamp"": ""2026-09-23 11:31:04.782"", ""session_id"": 72, ""resource_type"": ""OBJECT"", ""mode"": ""IS""}",OBJECT,IS,UNKNOWN
lock_acquired,2026-09-23 11:31:04.782,71,0,0,0,"{""event_name"": ""lock_acquired"", ""timestamp"": ""2026-09-23 11:31:04.782"", ""session_id"": 71, ""resource_type"": ""OBJECT"", ""mode"": ""IS""}",OBJECT,IS,UNKNOWN
lock_acquired,2026-09-23 11:31:04.782,72,0,0,0,"{""event_name"": ""lock_acquired"", ""timestamp"": ""2026-09-23 11:31:04.782"", ""session_id"": 72, ""resource_type"": ""OBJECT"", ""mode"": ""IX""}",OBJECT,IX,UNKNOWN
lock_acquired,2026-09-23 11:31:04.782,75,0,0,0,"{""event_name"": ""lock_acquired"", ""timestamp"": ""2026-09-23 11:31:04.782"", ""session_id"": 75, ""resource_type"": ""PAGE"", ""mode"": ""S""}",PAGE,S,UNKNOWN
lock_acquired,2026-09-23 11:31:04.782,71,0,0,0,"{""event_name"": ""lock_acquired"", ""timestamp"": ""2026-09-23 11:31:04.782"", ""session_id"": 71, ""resource_type"": ""PAGE"", ""mode"": ""S""}",PAGE,S,UNKNOWN
lock_acquired,2026-09-23 11:31:04.782,73,0,0,0,"{""event_name"": ""lock_acquired"", ""timestamp"": ""2026-09-23 11:31:04.782"", ""session_id"": 73, ""resource_type"": ""KEY"", ""mode"": ""X""}",KEY,X,UNKNOWN
lock_released,2026-09-23 11:31:04.782,69,0,0,0,"{""event_name"": ""lock_released"", ""timestamp"": ""2026-09-23 11:31:04.782"", ""session_id"": 69, ""resource_type"": ""OBJECT"", ""mode"": ""IX""}",OBJECT,IX,UNKNOWN
lock_released,2026-09-23 11:31:04.782,70,0,0,0,"{""event_name"": ""lock_released"", ""timestamp"": ""2026-09-23 11:31:04.782"", ""session_id"": 70, ""resource_type"": ""KEY"", ""mode"": ""X""}",KEY,X,UNKNOWN
lock_released,2026-09-23 11:31:04.782,72,0,0,0,"{""event_name"": ""lock_released"", ""timestamp"": ""2026-09-23 11:31:04.782"", ""session_id"": 72, ""resource_type"": ""KEY"", ""mode"": ""X""}",KEY,X,UNKNOWN
lock_released,2026-09-23 11:31:04.782,74,0,0,0,"{""event_name"": ""lock_released"", ""timestamp"": ""2026-09-23 11:31:04.782"", ""session_id"": 74, ""resource_type"": ""OBJECT"", ""mode"": ""IS""}",OBJECT,IS,UNKNOWN
lock_released,2026-09-23 11:31:04.782,69,0,0,0,"{""event_name"": ""lock_released"", ""timestamp"": ""2026-09-23 11:31:04.782"", ""session_id"": 69, ""resource_type"": ""PAGE"", ""mode"": ""S""}",PAGE,S,UNKNOWN
lock_released,2026-09-23 11:31:04.782,70,0,0,0,"{""event_name"": ""lock_released"", ""timestamp"": ""2026-09-23 11:31:04.782"", ""session_id"": 70, ""resource_type"": ""PAGE"", ""mode"": ""IX""}",PAGE,IX,UNKNOWN
lock_released,2026-09-23 11:31:04.782,75,0,0,0,"{""event_name"": ""lock_released"", ""timestamp"": ""2026-09-23 11:31:04.782"", ""session_id"": 75, ""resource_type"": ""OBJECT"", ""mode"": ""Sch-S""}",OBJECT,Sch-S,UNKNOWN
lock_released,2026-09-23 11:31:04.782,69,0,0,0,"{""event_name"": ""lock_released"", ""timestamp"": ""2026-09-23 11:31:04.782"", ""session_id"": 69, ""resource_type"": ""OBJECT"", ""mode"": ""IS""}",OBJECT,IS,UNKNOWN
lock_released,2026-09-23 11:31:04.782,75,0,0,0,"{""event_name"": ""lock_released"", ""timestamp"": ""2026-09-23 11:31:04.782"", ""session_id"": 75, ""resource_type"": ""METADATA"", ""mode"": ""Sch-S""}",METADATA,Sch-S,UNKNOWN
lock_released,2026-09-23 11:31:04.782,70,0,0,0,"{""event_name"": ""lock_released"", ""timestamp"": ""2026-09-23 11:31:04.782"", ""session_id"": 70, ""resource_type"": ""OBJECT"", ""mode"": ""IX""}",OBJECT,IX,UNKNOWN
lock_acquired,2026-09-23 11:31:09.859,68,0,0,0,"{""event_name"": ""lock_acquired"", ""timestamp"": ""2026-09-23 11:31:09.859"", ""session_id"": 68, ""resource_type"": ""OBJECT"", ""mode"": ""Sch-S""}",OBJECT,Sch-S,UNKNOWN
lock_acquired,2026-09-23 11:31:09.859,68,0,0,0,"{""event_name"": ""lock_acquired"", ""timestamp"": ""2026-09-23 11:31:09.859"", ""session_id"": 68, ""resource_type"": ""KEY"", ""mode"": ""X""}",KEY,X,UNKNOWN
lock_acquired,2026-09-23 11:31:09.859,73,0,0,0,"{""event_name"": ""lock_acquired"", ""timestamp"": ""2026-09-23 11:31:09.859"", ""session_id"": 73, ""resource_type"": ""OBJECT"", ""mode"": ""IS""}",OBJECT,IS,UNKNOWN
lock_acquired,2026-09-23 11:31:09.859,72,0,0,0,"{""event_name"": ""lock_acquired"", ""timestamp"": ""2026-09-23 11:31:09.859"", ""session_id"": 72, ""resource_type"": ""PAGE"", ""mode"": ""S""}",PAGE,S,UNKNOWN
lock_acquired,2026-09-23 11:31:09.859,68,0,0,0,"{""event_name"": ""lock_acquired"", ""timestamp"": ""2026-09-23 11:31:09.859"", ""session_id"": 68, ""resource_type"": ""METADATA"", ""mode"": ""Sch-S""}",METADATA,Sch-S,UNKNOWN
lock_acquired,2026-09-23 11:31:09.859,74,0,0,0,"{""event_name"": ""lock_acquired"", ""timestamp"": ""2026-09-23 11:31:09.859"", ""session_id"": 74, ""resource_type"": ""PAGE"", ""mode"": ""IX""}",PAGE,IX,UNKNOWN
lock_acquired,2026-09-23 11:31:09.859,74,0,0,0,"{""event_name"": ""lock_acquired"", ""timestamp"": ""2026-09-23 11:31:09.859"", ""session_id"": 74, ""resource_type"": ""KEY"", ""mode"": ""U""}",KEY,U,UNKNOWN
lock_acquired,2026-09-23 11:31:09.859,70,0,0,0,"{""event_name"": ""lock_acquired"", ""timestamp"": ""2026-09-23 11:31:09.859"", ""session_id"": 70, ""resource_type"": ""OBJECT"", ""mode"": ""IS""}",OBJECT,IS,UNKNOWN
lock_acquired,2026-09-23 11:31:09.859,69,0,0,0,"{""event_name"": ""lock_acquired"", ""timestamp"": ""2026-09-23 11:31:09.859"", ""session_id"": 69, ""resource_type"": ""OBJECT"", ""mode"": ""Sch-S""}",OBJECT,Sch-S,UNKNOWN
lock_acquired,2026-09-23 11:31:09.859,70,0,0,0,"{""event_name"": ""lock_acquired"", ""timestamp"": ""2026-09-23 11:31:09.859"", ""session_id"": 70, ""resource_type"": ""OBJECT"", ""mode"": ""IX""}",OBJECT,IX,UNKNOWN
lock_released,2026-09-23 11:31:09.859,74,0,0,0,"{""event_name"": ""lock_released"", ""timestamp"": ""2026-09-23 11:31:09.859"", ""session_id"": 74, ""resource_type"": ""PAGE"", ""mode"": ""S""}",PAGE,S,UNKNOWN
lock_released,2026-09-23 11:31:09.859,73,0,0,0,"{""event_name"": ""lock_released"", ""timestamp"": ""2026-09-23 11:31:09.859"", ""session_id"": 73, ""resource_type"": ""PAGE"", ""mode"": ""IX""}",PAGE,IX,UNKNOWN
lock_released,2026-09-23 11:31:09.859,68,0,0,0,"{""event_name"": ""lock_released"", ""timestamp"": ""2026-09-23 11:31:09.859"", ""session_id"": 68, ""resource_type"": ""PAGE"", ""mode"": ""S""}",PAGE,S,UNKNOWN
lock_released,2026-09-23 11:31:09.859,68,0,0,0,"{""event_name"": ""lock_released"", ""timestamp"": ""2026-09-23 11:31:09.859"", ""session_id"": 68, ""resource_type"": ""OBJECT"", ""mode"": ""IS""}",OBJECT,IS,UNKNOWN
lock_released,2026-09-23 11:31:09.859,71,0,0,0,"{""event_name"": ""lock_released"", ""timestamp"": ""2026-09-23 11:31:09.859"", ""session_id"": 71, ""resource_type"": ""OBJECT"", ""mode"": ""IS""}",OBJECT,IS,UNKNOWN
lock_released,2026-09-23 11:31:09.859,68,0,0,0,"{""event_name"": ""lock_released"", ""timestamp"": ""2026-09-23 11:31:09.859"", ""session_id"": 68, ""resource_type"": ""OBJECT"", ""mode"": ""IX""}",OBJECT,IX,UNKNOWN
lock_released,2026-09-23 11:31:09.859,71,0,0,0,"{""event_name"": ""lock_released"", ""timestamp"": ""2026-09-23 11:31:09.859"", ""session_id"": 71, ""resource_type"": ""PAGE"", ""mode"": ""S""}",PAGE,S,UNKNOWN
lock_released,2026-09-23 11:31:09.859,73,0,0,0,"{""event_name"": ""lock_released"", ""timestamp"": ""2026-09-23 11:31:09.859"", ""session_id"": 73, ""resource_type"": ""KEY"", ""mode"": ""X""}",KEY,X,UNKNOWN
lock_acquired,2026-09-23 11:31:14.927,72,0,0,0,"{""event_name"": ""lock_acquired"", ""timestamp"": ""2026-09-23 11:31:14.927"", ""session_id"": 72, ""resource_type"": ""KEY"", ""mode"": ""X""}",KEY,X,UNKNOWN
lock_acquired,2026-09-23 11:31:14.927,68,0,0,0,"{""event_name"": ""lock_acquired"", ""timestamp"": ""2026-09-23 11:31:14.927"", ""session_id"": 68, ""resource_type"": ""PAGE"", ""mode"": ""IX""}",PAGE,IX,UNKNOWN
lock_acquired,2026-09-23 11:31:14.927,75,0,0,0,"{""event_name"": ""lock_acquired"", ""timestamp"": ""2026-09-23 11:31:14.927"", ""session_id"": 75, ""resource_type"": ""KEY"", ""mode"": ""X""}",KEY,X,UNKNOWN
lock_acquired,2026-09-23 11:31:14.927,68,0,0,0,"{""event_name"": ""lock_acquired"", ""timestamp"": ""2026-09-23 11:31:14.927"", ""session_id"": 68, ""resource_type"": ""OBJECT"", ""mode"": ""IX""}",OBJECT,IX,UNKNOWN
lock_acquired,2026-09-23 11:31:14.927,72,0,0,0,"{""event_name"": ""lock_acquired"", ""timestamp"": ""2026-09-23 11:31:14.927"", ""session_id"": 72, ""resource_type"": ""KEY"", ""mode"": ""U""}",KEY,U,UNKNOWN
lock_acquired,2026-09-23 11:31:14.927,72,0,0,0,"{""event_name"": ""lock_acquired"", ""timestamp"": ""2026-09-23 11:31:14.927"", ""session_id"": 72, ""resource_type"": ""PAGE"", ""mode"": ""IX""}",PAGE,IX,UNKNOWN
lock_acquired,2026-09-23 11:31:14.927,68,0,0,0,"{""event_name"": ""lock_acquired"", ""timestamp"": ""2026-09-23 11:31:14.927"", ""session_id"": 68, ""resource_type"": ""KEY"", ""mode"": ""U""}",KEY,U,UNKNOWN
lock_released,2026-09-23 11:31:14.927,68,0,0,0,"{""event_name"": ""lock_released"", ""timestamp"": ""2026-09-23 11:31:14.927"", ""session_id"": 68, ""resource_type"": ""OBJECT"", ""mode"": ""Sch-S""}",OBJECT,Sch-S,UNKNOWN
lock_released,2026-09-23 11:31:14.927,75,0,0,0,"{""event_name"": ""lock_released"", ""timestamp"": ""2026-09-23 11:31:14.927"", ""session_id"": 75, ""resource_type"": ""OBJECT"", ""mode"": ""IS""}",OBJECT,IS,UNKNOWN
lock_released,2026-09-23 11:31:14.927,71,0,0,0,"{""event_name"": ""lock_released"", ""timestamp"": ""2026-09-23 11:31:14.927"", ""session_id"": 71, ""resource_type"": ""OBJECT"", ""mode"": ""IX""}",OBJECT,IX,UNKNOWN
lock_released,2026-09-23 11:31:14.927,70,0,0,0,"{""event_name"": ""lock_released"", ""timestamp"": ""2026-09-23 11:31:14.927"", ""session_id"": 70, ""resource_type"": ""OBJECT"", ""mode"": ""IS""}",OBJECT,IS,UNKNOWN
lock_released,2026-09-23 11:31:14.927,75,0,0,0,"{""event_name"": ""lock_released"", ""timestamp"": ""2026-09-23 11:31:14.927"", ""session_id"": 75, ""resource_type"": ""OBJECT"", ""mode"": ""IX""}",OBJECT,IX,UNKNOWN
lock_released,2026-09-23 11:31:14.927,73,0,0,0,"{""event_name"": ""lock_released"", ""timestamp"": ""2026-09-23 11:31:14.927"", ""session_id"": 73, ""resource_type"": ""OBJECT"", ""mode"": ""IS""}",OBJECT,IS,UNKNOWN
lock_released,2026-09-23 11:31:14.927,72,0,0,0,"{""event_name"": ""lock_released"", ""timestamp"": ""2026-09-23 11:31:14.927"", ""session_id"": 72, ""resource_type"": ""PAGE"", ""mode"": ""S""}",PAGE,S,UNKNOWN
lock_released,2026-09-23 11:31:14.927,68,0,0,0,"{""event_name"": ""lock_released"", ""timestamp"": ""2026-09-23 11:31:14.927"", ""session_id"": 68, ""resource_type"": ""METADATA"", ""mode"": ""Sch-S""}",METADATA,Sch-S,UNKNOWN
lock_released,2026-09-23 11:31:14.927,73,0,0,0,"{""event_name"": ""lock_released"", ""timestamp"": ""2026-09-23 11:31:14.927"", ""session_id"": 73, ""resource_type"": ""OBJECT"", ""mode"": ""IX""}",OBJECT,IX,UNKNOWN
lock_released,2026-09-23 11:31:14.927,74,0,0,0,"{""event_name"": ""lock_released"", ""timestamp"": ""2026-09-23 11:31:14.927"", ""session_id"": 74, ""resource_type"": ""PAGE"", ""mode"": ""IX""}",PAGE,IX,UNKNOWN
lock_released,2026-09-23 11:31:14.927,74,0,0,0,"{""event_name"": ""lock_released"", ""timestamp"": ""2026-09-23 11:31:14.927"", ""session_id"": 74, ""resource_type"": ""KEY"", ""mode"": ""U""}",KEY,U,UNKNOWN
lock_released,2026-09-23 11:31:14.927,74,0,0,0,"{""event_name"": ""lock_released"", ""timestamp"": ""2026-09-23 11:31:14.927"", ""session_id"": 74, ""resource_type"": ""OBJECT"", ""mode"": ""IX""}",OBJECT,IX,UNKNOWN
lock_released,2026-09-23 11:31:14.927,72,0,0,0,"{""event_name"": ""lock_released"", ""timestamp"": ""2026-09-23 11:31:14.927"", ""session_id"": 72, ""resource_type"": ""OBJECT"", ""mode"": ""IS""}",OBJECT,IS,UNKNOWN
lock_released,2026-09-23 11:31:14.927,75,0,0,0,"{""event_name"": ""lock_released"", ""timestamp"": ""2026-09-23 11:31:14.927"", ""session_id"": 75, ""resource_type"": ""PAGE"", ""mode"": ""S""}",PAGE,S,UNKNOWN
lock_released,2026-09-23 11:31:14.927,69,0,0,0,"{""event_name"": ""lock_released"", ""timestamp"": ""2026-09-23 11:31:14.927"", ""session_id"": 69, ""resource_type"": ""OBJECT"", ""mode"": ""Sch-S""}",OBJECT,Sch-S,UNKNOWN
lock_released,2026-09-23 11:31:14.927,70,0,0,0,"{""event_name"": ""lock_released"", ""timestamp"": ""2026-09-23 11:31:14.927"", ""session_id"": 70, ""resource_type"": ""OBJECT"", ""mode"": ""IX""}",OBJECT,IX,UNKNOWN
lock_acquired,2026-09-23 11:31:19.956,68,0,0,0,"{""event_name"": ""lock_acquired"", ""timestamp"": ""2026-09-23 11:31:19.956"", ""session_id"": 68, ""resource_type"": ""OBJECT"", ""mode"": ""Sch-S""}",OBJECT,Sch-S,UNKNOWN
lock_acquired,2026-09-23 11:31:19.956,72,0,0,0,"{""event_name"": ""lock_acquired"", ""timestamp"": ""2026-09-23 11:31:19.956"", ""session_id"": 72, ""resource_type"": ""OBJECT"", ""mode"": ""Sch-S""}",OBJECT,Sch-S,UNKNOWN
lock_acquired,2026-09-23 11:31:19.956,71,0,0,0,"{""event_name"": ""lock_acquired"", ""timestamp"": ""2026-09-23 11:31:19.956"", ""session_id"": 71, ""resource_type"": ""OBJECT"", ""mode"": ""Sch-S""}",OBJECT,Sch-S,UNKNOWN
lock_acquired,2026-09-23 11:31:19.956,73,0,0,0,"{""event_name"": ""lock_acquired"", ""timestamp"": ""2026-09-23 11:31:19.956"", ""session_id"": 73, ""resource_type"": ""OBJECT"", ""mode"": ""IS""}",OBJECT,IS,UNKNOWN
lock_acquired,2026-09-23 11:31:19.956,72,0,0,0,"{""event_name"": ""lock_acquired"", ""timestamp"": ""2026-09-23 11:31:19.956"", ""session_id"": 72, ""resource_type"": ""METADATA"", ""mode"": ""Sch-S""}",METADATA,Sch-S,UNKNOWN
lock_acquired,2026-09-23 11:31:19.956,71,0,0,0,"{""event_name"": ""lock_acquired"", ""timestamp"": ""2026-09-23 11:31:19.956"", ""session_id"": 71, ""resource_type"": ""METADATA"", ""mode"": ""Sch-S""}",METADATA,Sch-S,UNKNOWN
lock_acquired,2026-09-23 11:31:19.956,69,0,0,0,"{""event_name"": ""lock_acquired"", ""timestamp"": ""2026-09-23 11:31:19.956"", ""session_id"": 69, ""resource_type"": ""OBJECT"", ""mode"": ""IX""}",OBJECT,IX,UNKNOWN
lock_acquired,2026-09-23 11:31:19.956,70,0,0,0,"{""event_name"": ""lock_acquired"", ""timestamp"": ""2026-09-23 11:31:19.956"", ""session_id"": 70, ""resource_type"": ""OBJECT"", ""mode"": ""IX""}",OBJECT,IX,UNKNOWN
lock_released,2026-09-23 11:31:19.956,68,0,0,0,"{""event_name"": ""lock_released"", ""timestamp"": ""2026-09-23 11:31:19.956"", ""session_id"": 68, ""resource_type"": ""KEY"", ""mode"": ""X""}",KEY,X,UNKNOWN
lock_released,2026-09-23 11:31:19.956,72,0,0,0,"{""event_name"": ""lock_released"", ""timestamp"": ""2026-09-23 11:31:19.956"", ""session_id"": 72, ""resource_type"": ""KEY"", ""mode"": ""X""}",KEY,X,UNKNOWN
lock_released,2026-09-23 11:31:19.956,68,0,0,0,"{""event_name"": ""lock_released"", ""timestamp"": ""2026-09-23 11:31:19.956"", ""session_id"": 68, ""resource_type"": ""PAGE"", ""mode"": ""IX""}",PAGE,IX,UNKNOWN
lock_released,2026-09-23 11:31:19.956,75,0,0,0,"{""event_name"": ""lock_released"", ""timestamp"": ""2026-09-23 11:31:19.956"", ""session_id"": 75, ""resource_type"": ""KEY"", ""mode"": ""X""}",KEY,X,UNKNOWN
lock_released,2026-09-23 11:31:19.956,68,0,0,0,"{""event_name"": ""lock_released"", ""timestamp"": ""2026-09-23 11:31:19.956"", ""session_id"": 68, ""resource_type"": ""OBJECT"", ""mode"": ""IX""}",OBJECT,IX,UNKNOWN
lock_released,2026-09-23 11:31:19.956,72,0,0,0,"{""event_name"": ""lock_released"", ""timestamp"": ""2026-09-23 11:31:19.956"", ""session_id"": 72, ""resource_type"": ""OBJECT"", ""mode"": ""IX""}",OBJECT,IX,UNKNOWN
lock_released,2026-09-23 11:31:19.956,72,0,0,0,"{""event_name"": ""lock_released"", ""timestamp"": ""2026-09-23 11:31:19.956"", ""session_id"": 72, ""resource_type"": ""PAGE"", ""mode"": ""IX""}",PAGE,IX,UNKNOWN
lock_released,2026-09-23 11:31:19.956,68,0,0,0,"{""event_name"": ""lock_released"", ""timestamp"": ""2026-09-23 11:31:19.956"", ""session_id"": 68, ""resource_type"": ""KEY"", ""mode"": ""U""}",KEY,U,UNKNOWN
lock_released,2026-09-23 11:31:19.956,72,0,0,0,"{""event_name"": ""lock_released"", ""timestamp"": ""2026-09-23 11:31:19.956"", ""session_id"": 72, ""resource_type"": ""KEY"", ""mode"": ""U""}",KEY,U,UNKNOWN
lock_acquired,2026-09-23 11:31:24.985,70,0,0,0,"{""event_name"": ""lock_acquired"", ""timestamp"": ""2026-09-23 11:31:24.985"", ""session_id"": 70, ""resource_type"": ""OBJECT"", ""mode"": ""Sch-S""}",OBJECT,Sch-S,UNKNOWN
lock_acquired,2026-09-23 11:31:24.985,74,0,0,0,"{""event_name"": ""lock_acquired"", ""timestamp"": ""2026-09-23 11:31:24.985"", ""session_id"": 74, ""resource_type"": ""KEY"", ""mode"": ""X""}",KEY,X,UNKNOWN
lock_acquired,2026-09-23 11:31:24.985,71,0,0,0,"{""event_name"": ""lock_acquired"", ""timestamp"": ""2026-09-23 11:31:24.985"", ""session_id"": 71, ""resource_type"": ""OBJECT"", ""mode"": ""IX""}",OBJECT,IX,UNKNOWN
lock_acquired,2026-09-23 11:31:24.985,73,0,0,0,"{""event_name"": ""lock_acquired"", ""timestamp"": ""2026-09-23 11:31:24.985"", ""session_id"": 73, ""resource_type"": ""PAGE"", ""mode"": ""IX""}",PAGE,IX,UNKNOWN
lock_acquired,2026-09-23 11:31:24.985,68,0,0,0,"{""event_name"": ""lock_acquired"", ""timestamp"": ""2026-09-23 11:31:24.985"", ""session_id"": 68, ""resource_type"": ""KEY"", ""mode"": ""X""}",KEY,X,UNKNOWN
lock_acquired,2026-09-23 11:31:24.985,73,0,0,0,"{""event_name"": ""lock_acquired"", ""timestamp"": ""2026-09-23 11:31:24.985"", ""session_id"": 73, ""resource_type"": ""OBJECT"", ""mode"": ""IX""}",OBJECT,IX,UNKNOWN
lock_acquired,2026-09-23 11:31:24.985,75,0,0,0,"{""event_name"": ""lock_acquired"", ""timestamp"": ""2026-09-23 11:31:24.985"", ""session_id"": 75, ""resource_type"": ""OBJECT"", ""mode"": ""Sch-S""}",OBJECT,Sch-S,UNKNOWN
lock_acquired,2026-09-23 11:31:24.985,69,0,0,0,"{""event_name"": ""lock_acquired"", ""timestamp"": ""2026-09-23 11:31:24.985"", ""session_id"": 69, ""resource_type"": ""METADATA"", ""mode"": ""Sch-S""}",METADATA,Sch-S,UNKNOWN
lock_acquired,2026-09-23 11:31:24.985,71,0,0,0,"{""event_name"": ""lock_acquired"", ""timestamp"": ""2026-09-23 11:31:24.985"", ""session_id"": 71, ""resource_type"": ""PAGE"", ""mode"": ""IX""}",PAGE,IX,UNKNOWN
lock_acquired,2026-09-23 11:31:24.985,68,0,0,0,"{""event_name"": ""lock_acquired"", ""timestamp"": ""2026-09-23 11:31:24.985"", ""session_id"": 68, ""resource_type"": ""PAGE"", ""mode"": ""IX""}",PAGE,IX,UNKNOWN
lock_acquired,2026-09-23 11:31:24.985,68,0,0,0,"{""event_name"": ""lock_acquired"", ""timestamp"": ""2026-09-23 11:31:24.985"", ""session_id"": 68, ""resource_type"": ""OBJECT"", ""mode"": ""IX""}",OBJECT,IX,UNKNOWN
lock_acquired,2026-09-23 11:31:24.985,69,0,0,0,"{""event_name"": ""lock_acquired"", ""timestamp"": ""2026-09-23 11:31:24.985"", ""session_id"": 69, ""resource_type"": ""OBJECT"", ""mode"": ""Sch-S""}",OBJECT,Sch-S,UNKNOWN
lock_released,2026-09-23 11:31:24.985,68,0,0,0,"{""event_name"": ""lock_released"", ""timestamp"": ""2026-09-23 11:31:24.985"", ""session_id"": 68, ""resource_type"": ""OBJECT"", ""mode"": ""Sch-S""}",OBJECT,Sch-S,UNKNOWN
lock_released,2026-09-23 11:31:24.985,72,0,0,0,"{""event_name"": ""lock_released"", ""timestamp"": ""2026-09-23 11:31:24.985"", ""session_id"": 72, ""resource_type"": ""OBJECT"", ""mode"": ""Sch-S""}",OBJECT,Sch-S,UNKNOWN
lock_released,2026-09-23 11:31:24.985,71,0,0,0,"{""event_name"": ""lock_released"", ""timestamp"": ""2026-09-23 11:31:24.985"", ""session_id"": 71, ""resource_type"": ""OBJECT"", ""mode"": ""Sch-S""}",OBJECT,Sch-S,UNKNOWN
lock_released,2026-09-23 11:31:24.985,73,0,0,0,"{""event_name"": ""lock_released"", ""timestamp"": ""2026-09-23 11:31:24.985"", ""session_id"": 73, ""resource_type"": ""OBJECT"", ""mode"": ""IS""}",OBJECT,IS,UNKNOWN
lock_released,2026-09-23 11:31:24.985,72,0,0,0,"{""event_name"": ""lock_released"", ""timestamp"": ""2026-09-23 11:31:24.985"", ""session_id"": 72, ""resource_type"": ""METADATA"", ""mode"": ""Sch-S""}",METADATA,Sch-S,UNKNOWN
lock_released,2026-09-23 11:31:24.985,71,0,0,0,"{""event_name"": ""lock_released"", ""timestamp"": ""2026-09-23 11:31:24.985"", ""session_id"": 71, ""resource_type"": ""METADATA"", ""mode"": ""Sch-S""}",METADATA,Sch-S,UNKNOWN
lock_released,2026-09-23 11:31:24.985,69,0,0,0,"{""event_name"": ""lock_released"", ""timestamp"": ""2026-09-23 11:31:24.985"", ""session_id"": 69, ""resource_type"": ""OBJECT"", ""mode"": ""IX""}",OBJECT,IX,UNKNOWN
lock_released,2026-09-23 11:31:24.985,70,0,0,0,"{""event_name"": ""lock_released"", ""timestamp"": ""2026-09-23 11:31:24.985"", ""session_id"": 70, ""resource_type"": ""OBJECT"", ""mode"": ""IX""}",OBJECT,IX,UNKNOWN
lock_acquired,2026-09-23 11:31:30.024,73,0,0,0,"{""event_name"": ""lock_acquired"", ""timestamp"": ""2026-09-23 11:31:30.024"", ""session_id"": 73, ""resource_type"": ""KEY"", ""mode"": ""S""}",KEY,S,UNKNOWN
lock_acquired,2026-09-23 11:31:30.024,74,0,0,0,"{""event_name"": ""lock_acquired"", ""timestamp"": ""2026-09-23 11:31:30.024"", ""session_id"": 74, ""resource_type"": ""OBJECT"", ""mode"": ""IX""}",OBJECT,IX,UNKNOWN
lock_acquired,2026-09-23 11:31:30.024,73,0,0,0,"{""event_name"": ""lock_acquired"", ""timestamp"": ""2026-09-23 11:31:30.024"", ""session_id"": 73, ""resource_type"": ""OBJECT"", ""mode"": ""Sch-S""}",OBJECT,Sch-S,UNKNOWN
lock_acquired,2026-09-23 11:31:30.024,74,0,0,0,"{""event_name"": ""lock_acquired"", ""timestamp"": ""2026-09-23 11:31:30.024"", ""session_id"": 74, ""resource_type"": ""PAGE"", ""mode"": ""IX""}",PAGE,IX,UNKNOWN
lock_released,2026-09-23 11:31:30.024,70,0,0,0,"{""event_name"": ""lock_released"", ""timestamp"": ""2026-09-23 11:31:30.024"", ""session_id"": 70, ""resource_type"": ""OBJECT"", ""mode"": ""Sch-S""}",OBJECT,Sch-S,UNKNOWN
lock_released,2026-09-23 11:31:30.024,71,0,0,0,"{""event_name"": ""lock_released"", ""timestamp"": ""2026-09-23 11:31:30.024"", ""session_id"": 71, ""resource_type"": ""OBJECT"", ""mode"": ""IX""}",OBJECT,IX,UNKNOWN
lock_released,2026-09-23 11:31:30.024,73,0,0,0,"{""event_name"": ""lock_released"", ""timestamp"": ""2026-09-23 11:31:30.024"", ""session_id"": 73, ""resource_type"": ""PAGE"", ""mode"": ""IX""}",PAGE,IX,UNKNOWN
lock_released,2026-09-23 11:31:30.024,73,0,0,0,"{""event_name"": ""lock_released"", ""timestamp"": ""2026-09-23 11:31:30.024"", ""session_id"": 73, ""resource_type"": ""OBJECT"", ""mode"": ""IX""}",OBJECT,IX,UNKNOWN
lock_released,2026-09-23 11:31:30.024,75,0,0,0,"{""event_name"": ""lock_released"", ""timestamp"": ""2026-09-23 11:31:30.024"", ""session_id"": 75, ""resource_type"": ""OBJECT"", ""mode"": ""Sch-S""}",OBJECT,Sch-S,UNKNOWN
lock_released,2026-09-23 11:31:30.024,69,0,0,0,"{""event_name"": ""lock_released"", ""timestamp"": ""2026-09-23 11:31:30.024"", ""session_id"": 69, ""resource_type"": ""METADATA"", ""mode"": ""Sch-S""}",METADATA,Sch-S,UNKNOWN
lock_released,2026-09-23 11:31:30.024,71,0,0,0,"{""event_name"": ""lock_released"", ""timestamp"": ""2026-09-23 11:31:30.024"", ""session_id"": 71, ""resource_type"": ""PAGE"", ""mode"": ""IX""}",PAGE,IX,UNKNOWN
lock_released,2026-09-23 11:31:30.024,69,0,0,0,"{""event_name"": ""lock_released"", ""timestamp"": ""2026-09-23 11:31:30.024"", ""session_id"": 69, ""resource_type"": ""OBJECT"", ""mode"": ""Sch-S""}",OBJECT,Sch-S,UNKNOWN
lock_acquired,2026-09-23 11:31:35.053,72,0,0,0,"{""event_name"": ""lock_acquired"", ""timestamp"": ""2026-09-23 11:31:35.053"", ""session_id"": 72, ""resource_type"": ""OBJECT"", ""mode"": ""Sch-S""}",OBJECT,Sch-S,UNKNOWN
lock_acquired,2026-09-23 11:31:35.053,71,0,0,0,"{""event_name"": ""lock_acquired"", ""timestamp"": ""2026-09-23 11:31:35.053"", ""session_id"": 71, ""resource_type"": ""OBJECT"", ""mode"": ""IX""}",OBJECT,IX,UNKNOWN
lock_acquired,2026-09-23 11:31:35.053,69,0,0,0,"{""event_name"": ""lock_acquired"", ""timestamp"": ""2026-09-23 11:31:35.053"", ""session_id"": 69, ""resource_type"": ""OBJECT"", ""mode"": ""IX""}",OBJECT,IX,UNKNOWN
lock_acquired,2026-09-23 11:31:35.053,73,0,0,0,"{""event_name"": ""lock_acquired"", ""timestamp"": ""2026-09-23 11:31:35.053"", ""session_id"": 73, ""resource_type"": ""OBJECT"", ""mode"": ""IS""}",OBJECT,IS,UNKNOWN
lock_acquired,2026-09-23 11:31:35.053,69,0,0,0,"{""event_name"": ""lock_acquired"", ""timestamp"": ""2026-09-23 11:31:35.053"", ""session_id"": 69, ""resource_type"": ""PAGE"", ""mode"": ""S""}",PAGE,S,UNKNOWN
lock_acquired,2026-09-23 11:31:35.053,72,0,0,0,"{""event_name"": ""lock_acquired"", ""timestamp"": ""2026-09-23 11:31:35.053"", ""session_id"": 72, ""resource_type"": ""METADATA"", ""mode"": ""Sch-S""}",METADATA,Sch-S,UNKNOWN
lock_acquired,2026-09-23 11:31:35.053,73,0,0,0,"{""event_name"": ""lock_acquired"", ""timestamp"": ""2026-09-23 11:31:35.053"", ""session_id"": 73, ""resource_type"": ""OBJECT"", ""mode"": ""IX""}",OBJECT,IX,UNKNOWN
lock_acquired,2026-09-23 11:31:35.053,75,0,0,0,"{""event_name"": ""lock_acquired"", ""timestamp"": ""2026-09-23 11:31:35.053"", ""session_id"": 75, ""resource_type"": ""OBJECT"", ""mode"": ""Sch-S""}",OBJECT,Sch-S,UNKNOWN
lock_acquired,2026-09-23 11:31:35.053,71,0,0,0,"{""event_name"": ""lock_acquired"", ""timestamp"": ""2026-09-23 11:31:35.053"", ""session_id"": 71, ""resource_type"": ""PAGE"", ""mode"": ""IX""}",PAGE,IX,UNKNOWN
lock_acquired,2026-09-23 11:31:35.053,73,0,0,0,"{""event_name"": ""lock_acquired"", ""timestamp"": ""2026-09-23 11:31:35.053"", ""session_id"": 73, ""resource_type"": ""PAGE"", ""mode"": ""S""}",PAGE,S,UNKNOWN
lock_acquired,2026-09-23 11:31:35.053,69,0,0,0,"{""event_name"": ""lock_acquired"", ""timestamp"": ""2026-09-23 11:31:35.053"", ""session_id"": 69, ""resource_type"": ""OBJECT"", ""mode"": ""IS""}",OBJECT,IS,UNKNOWN
lock_acquired,2026-09-23 11:31:35.053,75,0,0,0,"{""event_name"": ""lock_acquired"", ""timestamp"": ""2026-09-23 11:31:35.053"", ""session_id"": 75, ""resource_type"": ""METADATA"", ""mode"": ""Sch-S""}",METADATA,Sch-S,UNKNOWN
lock_acquired,2026-09-23 11:31:35.053,71,0,0,0,"{""event_name"": ""lock_acquired"", ""timestamp"": ""2026-09-23 11:31:35.053"", ""session_id"": 71, ""resource_type"": ""KEY"", ""mode"": ""X""}",KEY,X,UNKNOWN
lock_acquired,2026-09-23 11:31:35.053,70,0,0,0,"{""event_name"": ""lock_acquired"", ""timestamp"": ""2026-09-23 11:31:35.053"", ""session_id"": 70, ""resource_type"": ""OBJECT"", ""mode"": ""IX""}",OBJECT,IX,UNKNOWN
lock_released,2026-09-23 11:31:35.053,73,0,0,0,"{""event_name"": ""lock_released"", ""timestamp"": ""2026-09-23 11:31:35.053"", ""session_id"": 73, ""resource_type"": ""KEY"", ""mode"": ""S""}",KEY,S,UNKNOWN
lock_released,2026-09-23 11:31:35.053,73,0,0,0,"{""event_name"": ""lock_released"", ""timestamp"": ""2026-09-23 11:31:35.053"", ""session_id"": 73, ""resource_type"": ""OBJECT"", ""mode"": ""Sch-S""}",OBJECT,Sch-S,UNKNOWN
lock_acquired,2026-09-23 11:31:40.086,70,0,0,0,"{""event_name"": ""lock_acquired"", ""timestamp"": ""2026-09-23 11:31:40.086"", ""session_id"": 70, ""resource_type"": ""PAGE"", ""mode"": ""S""}",PAGE,S,UNKNOWN
lock_acquired,2026-09-23 11:31:40.086,73,0,0,0,"{""event_name"": ""lock_acquired"", ""timestamp"": ""2026-09-23 11:31:40.086"", ""session_id"": 73, ""resource_type"": ""PAGE"", ""mode"": ""IX""}",PAGE,IX,UNKNOWN
lock_acquired,2026-09-23 11:31:40.086,71,0,0,0,"{""event_name"": ""lock_acquired"", ""timestamp"": ""2026-09-23 11:31:40.086"", ""session_id"": 71, ""resource_type"": ""PAGE"", ""mode"": ""IS""}",PAGE,IS,UNKNOWN
lock_acquired,2026-09-23 11:31:40.086,71,0,0,0,"{""event_name"": ""lock_acquired"", ""timestamp"": ""2026-09-23 11:31:40.086"", ""session_id"": 71, ""resource_type"": ""OBJECT"", ""mode"": ""IS""}",OBJECT,IS,UNKNOWN
lock_acquired,2026-09-23 11:31:40.086,70,0,0,0,"{""event_name"": ""lock_acquired"", ""timestamp"": ""2026-09-23 11:31:40.086"", ""session_id"": 70, ""resource_type"": ""OBJECT"", ""mode"": ""IS""}",OBJECT,IS,UNKNOWN
lock_acquired,2026-09-23 11:31:40.086,73,0,0,0,"{""event_name"": ""lock_acquired"", ""timestamp"": ""2026-09-23 11:31:40.086"", ""session_id"": 73, ""resource_type"": ""KEY"", ""mode"": ""X""}",KEY,X,UNKNOWN
lock_released,2026-09-23 11:31:40.086,72,0,0,0,"{""event_name"": ""lock_released"", ""timestamp"": ""2026-09-23 11:31:40.086"", ""session_id"": 72, ""resource_type"": ""OBJECT"", ""mode"": ""Sch-S""}",OBJECT,Sch-S,UNKNOWN
lock_released,2026-09-23 11:31:40.086,71,0,0,0,"{""event_name"": ""lock_released"", ""timestamp"": ""2026-09-23 11:31:40.086"", ""session_id"": 71, ""resource_type"": ""OBJECT"", ""mode"": ""IX""}",OBJECT,IX,UNKNOWN
lock_released,2026-09-23 11:31:40.086,73,0,0,0,"{""event_name"": ""lock_released"", ""timestamp"": ""2026-09-23 11:31:40.086"", ""session_id"": 73, ""resource_type"": ""OBJECT"", ""mode"": ""IS""}",OBJECT,IS,UNKNOWN
lock_released,2026-09-23 11:31:40.086,72,0,0,0,"{""event_name"": ""lock_released"", ""timestamp"": ""2026-09-23 11:31:40.086"", ""session_id"": 72, ""resource_type"": ""METADATA"", ""mode"": ""Sch-S""}",METADATA,Sch-S,UNKNOWN
lock_released,2026-09-23 11:31:40.086,74,0,0,0,"{""event_name"": ""lock_released"", ""timestamp"": ""2026-09-23 11:31:40.086"", ""session_id"": 74, ""resource_type"": ""PAGE"", ""mode"": ""IX""}",PAGE,IX,UNKNOWN
lock_released,2026-09-23 11:31:40.086,71,0,0,0,"{""event_name"": ""lock_released"", ""timestamp"": ""2026-09-23 11:31:40.086"", ""session_id"": 71, ""resource_type"": ""PAGE"", ""mode"": ""IX""}",PAGE,IX,UNKNOWN
lock_released,2026-09-23 11:31:40.086,73,0,0,0,"{""event_name"": ""lock_released"", ""timestamp"": ""2026-09-23 11:31:40.086"", ""session_id"": 73, ""resource_type"": ""PAGE"", ""mode"": ""S""}",PAGE,S,UNKNOWN
lock_released,2026-09-23 11:31:40.086,74,0,0,0,"{""event_name"": ""lock_released"", ""timestamp"": ""2026-09-23 11:31:40.086"", ""session_id"": 74, ""resource_type"": ""OBJECT"", ""mode"": ""IX""}",OBJECT,IX,UNKNOWN
lock_released,2026-09-23 11:31:40.086,71,0,0,0,"{""event_name"": ""lock_released"", ""timestamp"": ""2026-09-23 11:31:40.086"", ""session_id"": 71, ""resource_type"": ""KEY"", ""mode"": ""X""}",KEY,X,UNKNOWN
login,2026-09-23 11:31:45.134,76,795ec2146175\Administrator,Microsoft SQL Server,SteelNort,"{""event_name"": ""login"", ""timestamp"": ""2026-09-23 11:31:45.134"", ""session_id"": 76, ""login_name"": ""795ec2146175\\Administrator"", ""program_name"": ""Microsoft SQL Server"", ""database_name"": ""SteelNort""}",0,0,UNKNOWN
lock_acquired,2026-09-23 11:31:45.134,70,0,0,0,"{""event_name"": ""lock_acquired"", ""timestamp"": ""2026-09-23 11:31:45.134"", ""session_id"": 70, ""resource_type"": ""KEY"", ""mode"": ""X""}",KEY,X,UNKNOWN
lock_acquired,2026-09-23 11:31:45.134,71,0,0,0,"{""event_name"": ""lock_acquired"", ""timestamp"": ""2026-09-23 11:31:45.134"", ""session_id"": 71, ""resource_type"": ""OBJECT"", ""mode"": ""IX""}",OBJECT,IX,UNKNOWN
lock_acquired,2026-09-23 11:31:45.134,74,0,0,0,"{""event_name"": ""lock_acquired"", ""timestamp"": ""2026-09-23 11:31:45.134"", ""session_id"": 74, ""resource_type"": ""METADATA"", ""mode"": ""Sch-S""}",METADATA,Sch-S,UNKNOWN
lock_acquired,2026-09-23 11:31:45.134,75,0,0,0,"{""event_name"": ""lock_acquired"", ""timestamp"": ""2026-09-23 11:31:45.134"", ""session_id"": 75, ""resource_type"": ""PAGE"", ""mode"": ""IX""}",PAGE,IX,UNKNOWN
lock_acquired,2026-09-23 11:31:45.134,75,0,0,0,"{""event_name"": ""lock_acquired"", ""timestamp"": ""2026-09-23 11:31:45.134"", ""session_id"": 75, ""resource_type"": ""OBJECT"", ""mode"": ""IX""}",OBJECT,IX,UNKNOWN
lock_acquired,2026-09-23 11:31:45.134,68,0,0,0,"{""event_name"": ""lock_acquired"", ""timestamp"": ""2026-09-23 11:31:45.134"", ""session_id"": 68, ""resource_type"": ""PAGE"", ""mode"": ""IU""}",PAGE,IU,UNKNOWN
lock_acquired,2026-09-23 11:31:45.134,72,0,0,0,"{""event_name"": ""lock_acquired"", ""timestamp"": ""2026-09-23 11:31:45.134"", ""session_id"": 72, ""resource_type"": ""KEY"", ""mode"": ""X""}",KEY,X,UNKNOWN
lock_acquired,2026-09-23 11:31:45.134,75,0,0,0,"{""event_name"": ""lock_acquired"", ""timestamp"": ""2026-09-23 11:31:45.134"", ""session_id"": 75, ""resource_type"": ""KEY"", ""mode"": ""X""}",KEY,X,UNKNOWN
lock_acquired,2026-09-23 11:31:45.134,70,0,0,0,"{""event_name"": ""lock_acquired"", ""timestamp"": ""2026-09-23 11:31:45.134"", ""session_id"": 70, ""resource_type"": ""PAGE"", ""mode"": ""IX""}",PAGE,IX,UNKNOWN
lock_acquired,2026-09-23 11:31:45.134,71,0,0,0,"{""event_name"": ""lock_acquired"", ""timestamp"": ""2026-09-23 11:31:45.134"", ""session_id"": 71, ""resource_type"": ""PAGE"", ""mode"": ""IX""}",PAGE,IX,UNKNOWN
lock_acquired,2026-09-23 11:31:45.134,74,0,0,0,"{""event_name"": ""lock_acquired"", ""timestamp"": ""2026-09-23 11:31:45.134"", ""session_id"": 74, ""resource_type"": ""OBJECT"", ""mode"": ""Sch-S""}",OBJECT,Sch-S,UNKNOWN
lock_acquired,2026-09-23 11:31:45.134,72,0,0,0,"{""event_name"": ""lock_acquired"", ""timestamp"": ""2026-09-23 11:31:45.134"", ""session_id"": 72, ""resource_type"": ""PAGE"", ""mode"": ""IX""}",PAGE,IX,UNKNOWN
lock_acquired,2026-09-23 11:31:45.134,72,0,0,0,"{""event_name"": ""lock_acquired"", ""timestamp"": ""2026-09-23 11:31:45.134"", ""session_id"": 72, ""resource_type"": ""OBJECT"", ""mode"": ""IX""}",OBJECT,IX,UNKNOWN
lock_acquired,2026-09-23 11:31:45.134,69,0,0,0,"{""event_name"": ""lock_acquired"", ""timestamp"": ""2026-09-23 11:31:45.134"", ""session_id"": 69, ""resource_type"": ""OBJECT"", ""mode"": ""Sch-S""}",OBJECT,Sch-S,UNKNOWN
lock_acquired,2026-09-23 11:31:45.134,71,0,0,0,"{""event_name"": ""lock_acquired"", ""timestamp"": ""2026-09-23 11:31:45.134"", ""session_id"": 71, ""resource_type"": ""KEY"", ""mode"": ""X""}",KEY,X,UNKNOWN
lock_released,2026-09-23 11:31:45.134,69,0,0,0,"{""event_name"": ""lock_released"", ""timestamp"": ""2026-09-23 11:31:45.134"", ""session_id"": 69, ""resource_type"": ""OBJECT"", ""mode"": ""IX""}",OBJECT,IX,UNKNOWN
lock_released,2026-09-23 11:31:45.134,74,0,0,0,"{""event_name"": ""lock_released"", ""timestamp"": ""2026-09-23 11:31:45.134"", ""session_id"": 74, ""resource_type"": ""KEY"", ""mode"": ""X""}",KEY,X,UNKNOWN
lock_released,2026-09-23 11:31:45.134,70,0,0,0,"{""event_name"": ""lock_released"", ""timestamp"": ""2026-09-23 11:31:45.134"", ""session_id"": 70, ""resource_type"": ""PAGE"", ""mode"": ""S""}",PAGE,S,UNKNOWN
lock_released,2026-09-23 11:31:45.134,73,0,0,0,"{""event_name"": ""lock_released"", ""timestamp"": ""2026-09-23 11:31:45.134"", ""session_id"": 73, ""resource_type"": ""PAGE"", ""mode"": ""IX""}",PAGE,IX,UNKNOWN
lock_released,2026-09-23 11:31:45.134,68,0,0,0,"{""event_name"": ""lock_released"", ""timestamp"": ""2026-09-23 11:31:45.134"", ""session_id"": 68, ""resource_type"": ""KEY"", ""mode"": ""X""}",KEY,X,UNKNOWN
lock_released,2026-09-23 11:31:45.134,71,0,0,0,"{""event_name"": ""lock_released"", ""timestamp"": ""2026-09-23 11:31:45.134"", ""session_id"": 71, ""resource_type"": ""PAGE"", ""mode"": ""IS""}",PAGE,IS,UNKNOWN
lock_released,2026-09-23 11:31:45.134,69,0,0,0,"{""event_name"": ""lock_released"", ""timestamp"": ""2026-09-23 11:31:45.134"", ""session_id"": 69, ""resource_type"": ""PAGE"", ""mode"": ""S""}",PAGE,S,UNKNOWN
lock_released,2026-09-23 11:31:45.134,73,0,0,0,"{""event_name"": ""lock_released"", ""timestamp"": ""2026-09-23 11:31:45.134"", ""session_id"": 73, ""resource_type"": ""OBJECT"", ""mode"": ""IX""}",OBJECT,IX,UNKNOWN
lock_released,2026-09-23 11:31:45.134,75,0,0,0,"{""event_name"": ""lock_released"", ""timestamp"": ""2026-09-23 11:31:45.134"", ""session_id"": 75, ""resource_type"": ""OBJECT"", ""mode"": ""Sch-S""}",OBJECT,Sch-S,UNKNOWN
lock_released,2026-09-23 11:31:45.134,69,0,0,0,"{""event_name"": ""lock_released"", ""timestamp"": ""2026-09-23 11:31:45.134"", ""session_id"": 69, ""resource_type"": ""OBJECT"", ""mode"": ""IS""}",OBJECT,IS,UNKNOWN
lock_released,2026-09-23 11:31:45.134,71,0,0,0,"{""event_name"": ""lock_released"", ""timestamp"": ""2026-09-23 11:31:45.134"", ""session_id"": 71, ""resource_type"": ""OBJECT"", ""mode"": ""IS""}",OBJECT,IS,UNKNOWN
lock_released,2026-09-23 11:31:45.134,70,0,0,0,"{""event_name"": ""lock_released"", ""timestamp"": ""2026-09-23 11:31:45.134"", ""session_id"": 70, ""resource_type"": ""OBJECT"", ""mode"": ""IS""}",OBJECT,IS,UNKNOWN
lock_released,2026-09-23 11:31:45.134,75,0,0,0,"{""event_name"": ""lock_released"", ""timestamp"": ""2026-09-23 11:31:45.134"", ""session_id"": 75, ""resource_type"": ""METADATA"", ""mode"": ""Sch-S""}",METADATA,Sch-S,UNKNOWN
lock_released,2026-09-23 11:31:45.134,73,0,0,0,"{""event_name"": ""lock_released"", ""timestamp"": ""2026-09-23 11:31:45.134"", ""session_id"": 73, ""resource_type"": ""KEY"", ""mode"": ""X""}",KEY,X,UNKNOWN
logout,2026-09-23 11:31:50.177,76,0,0,0,"{""event_name"": ""logout"", ""timestamp"": ""2026-09-23 11:31:50.177"", ""session_id"": 76}",0,0,UNKNOWN
lock_acquired,2026-09-23 11:31:50.177,72,0,0,0,"{""event_name"": ""lock_acquired"", ""timestamp"": ""2026-09-23 11:31:50.177"", ""session_id"": 72, ""resource_type"": ""OBJECT"", ""mode"": ""Sch-S""}",OBJECT,Sch-S,UNKNOWN
lock_acquired,2026-09-23 11:31:50.177,75,0,0,0,"{""event_name"": ""lock_acquired"", ""timestamp"": ""2026-09-23 11:31:50.177"", ""session_id"": 75, ""resource_type"": ""OBJECT"", ""mode"": ""IS""}",OBJECT,IS,UNKNOWN
lock_acquired,2026-09-23 11:31:50.177,68,0,0,0,"{""event_name"": ""lock_acquired"", ""timestamp"": ""2026-09-23 11:31:50.177"", ""session_id"": 68, ""resource_type"": ""PAGE"", ""mode"": ""S""}",PAGE,S,UNKNOWN
lock_acquired,2026-09-23 11:31:50.177,71,0,0,0,"{""event_name"": ""lock_acquired"", ""timestamp"": ""2026-09-23 11:31:50.177"", ""session_id"": 71, ""resource_type"": ""KEY"", ""mode"": ""U""}",KEY,U,UNKNOWN
lock_acquired,2026-09-23 11:31:50.177,68,0,0,0,"{""event_name"": ""lock_acquired"", ""timestamp"": ""2026-09-23 11:31:50.177"", ""session_id"": 68, ""resource_type"": ""OBJECT"", ""mode"": ""IS""}",OBJECT,IS,UNKNOWN
lock_released,2026-09-23 11:31:50.177,70,0,0,0,"{""event_name"": ""lock_released"", ""timestamp"": ""2026-09-23 11:31:50.177"", ""session_id"": 70, ""resource_type"": ""KEY"", ""mode"": ""X""}",KEY,X,UNKNOWN
lock_released,2026-09-23 11:31:50.177,74,0,0,0,"{""event_name"": ""lock_released"", ""timestamp"": ""2026-09-23 11:31:50.177"", ""session_id"": 74, ""resource_type"": ""METADATA"", ""mode"": ""Sch-S""}",METADATA,Sch-S,UNKNOWN
lock_released,2026-09-23 11:31:50.177,75,0,0,0,"{""event_name"": ""lock_released"", ""timestamp"": ""2026-09-23 11:31:50.177"", ""session_id"": 75, ""resource_type"": ""PAGE"", ""mode"": ""IX""}",PAGE,IX,UNKNOWN
lock_released,2026-09-23 11:31:50.177,68,0,0,0,"{""event_name"": ""lock_released"", ""timestamp"": ""2026-09-23 11:31:50.177"", ""session_id"": 68, ""resource_type"": ""PAGE"", ""mode"": ""IU""}",PAGE,IU,UNKNOWN
lock_released,2026-09-23 11:31:50.177,72,0,0,0,"{""event_name"": ""lock_released"", ""timestamp"": ""2026-09-23 11:31:50.177"", ""session_id"": 72, ""resource_type"": ""KEY"", ""mode"": ""X""}",KEY,X,UNKNOWN
lock_released,2026-09-23 11:31:50.177,75,0,0,0,"{""event_name"": ""lock_released"", ""timestamp"": ""2026-09-23 11:31:50.177"", ""session_id"": 75, ""resource_type"": ""KEY"", ""mode"": ""X""}",KEY,X,UNKNOWN
lock_released,2026-09-23 11:31:50.177,74,0,0,0,"{""event_name"": ""lock_released"", ""timestamp"": ""2026-09-23 11:31:50.177"", ""session_id"": 74, ""resource_type"": ""OBJECT"", ""mode"": ""Sch-S""}",OBJECT,Sch-S,UNKNOWN
lock_released,2026-09-23 11:31:50.177,68,0,0,0,"{""event_name"": ""lock_released"", ""timestamp"": ""2026-09-23 11:31:50.177"", ""session_id"": 68, ""resource_type"": ""PAGE"", ""mode"": ""IX""}",PAGE,IX,UNKNOWN
lock_released,2026-09-23 11:31:50.177,72,0,0,0,"{""event_name"": ""lock_released"", ""timestamp"": ""2026-09-23 11:31:50.177"", ""session_id"": 72, ""resource_type"": ""PAGE"", ""mode"": ""IX""}",PAGE,IX,UNKNOWN
lock_released,2026-09-23 11:31:50.177,72,0,0,0,"{""event_name"": ""lock_released"", ""timestamp"": ""2026-09-23 11:31:50.177"", ""session_id"": 72, ""resource_type"": ""OBJECT"", ""mode"": ""IX""}",OBJECT,IX,UNKNOWN
lock_released,2026-09-23 11:31:50.177,69,0,0,0,"{""event_name"": ""lock_released"", ""timestamp"": ""2026-09-23 11:31:50.177"", ""session_id"": 69, ""resource_type"": ""OBJECT"", ""mode"": ""Sch-S""}",OBJECT,Sch-S,UNKNOWN
login,2026-09-23 11:31:55.220,76,795ec2146175\Administrator,Microsoft SQL Server,SteelNort,"{""event_name"": ""login"", ""timestamp"": ""2026-09-23 11:31:55.220"", ""session_id"": 76, ""login_name"": ""795ec2146175\\Administrator"", ""program_name"": ""Microsoft SQL Server"", ""database_name"": ""SteelNort""}",0,0,UNKNOWN
lock_acquired,2026-09-23 11:31:55.220,70,0,0,0,"{""event_name"": ""lock_acquired"", ""timestamp"": ""2026-09-23 11:31:55.220"", ""session_id"": 70, ""resource_type"": ""KEY"", ""mode"": ""X""}",KEY,X,UNKNOWN
lock_acquired,2026-09-23 11:31:55.220,72,0,0,0,"{""event_name"": ""lock_acquired"", ""timestamp"": ""2026-09-23 11:31:55.220"", ""session_id"": 72, ""resource_type"": ""KEY"", ""mode"": ""X""}",KEY,X,UNKNOWN
lock_acquired,2026-09-23 11:31:55.220,74,0,0,0,"{""event_name"": ""lock_acquired"", ""timestamp"": ""2026-09-23 11:31:55.220"", ""session_id"": 74, ""resource_type"": ""OBJECT"", ""mode"": ""Sch-S""}",OBJECT,Sch-S,UNKNOWN
lock_acquired,2026-09-23 11:31:55.220,69,0,0,0,"{""event_name"": ""lock_acquired"", ""timestamp"": ""2026-09-23 11:31:55.220"", ""session_id"": 69, ""resource_type"": ""KEY"", ""mode"": ""X""}",KEY,X,UNKNOWN
lock_acquired,2026-09-23 11:31:55.220,72,0,0,0,"{""event_name"": ""lock_acquired"", ""timestamp"": ""2026-09-23 11:31:55.220"", ""session_id"": 72, ""resource_type"": ""PAGE"", ""mode"": ""IX""}",PAGE,IX,UNKNOWN
lock_acquired,2026-09-23 11:31:55.220,74,0,0,0,"{""event_name"": ""lock_acquired"", ""timestamp"": ""2026-09-23 11:31:55.220"", ""session_id"": 74, ""resource_type"": ""METADATA"", ""mode"": ""Sch-S""}",METADATA,Sch-S,UNKNOWN
lock_acquired,2026-09-23 11:31:55.220,72,0,0,0,"{""event_name"": ""lock_acquired"", ""timestamp"": ""2026-09-23 11:31:55.220"", ""session_id"": 72, ""resource_type"": ""OBJECT"", ""mode"": ""IX""}",OBJECT,IX,UNKNOWN
lock_released,2026-09-23 11:31:55.220,72,0,0,0,"{""event_name"": ""lock_released"", ""timestamp"": ""2026-09-23 11:31:55.220"", ""session_id"": 72, ""resource_type"": ""OBJECT"", ""mode"": ""Sch-S""}",OBJECT,Sch-S,UNKNOWN
lock_released,2026-09-23 11:31:55.220,75,0,0,0,"{""event_name"": ""lock_released"", ""timestamp"": ""2026-09-23 11:31:55.220"", ""session_id"": 75, ""resource_type"": ""OBJECT"", ""mode"": ""IS""}",OBJECT,IS,UNKNOWN
lock_released,2026-09-23 11:31:55.220,75,0,0,0,"{""event_name"": ""lock_released"", ""timestamp"": ""2026-09-23 11:31:55.220"", ""session_id"": 75, ""resource_type"": ""OBJECT"", ""mode"": ""IX""}",OBJECT,IX,UNKNOWN
lock_released,2026-09-23 11:31:55.220,71,0,0,0,"{""event_name"": ""lock_released"", ""timestamp"": ""2026-09-23 11:31:55.220"", ""session_id"": 71, ""resource_type"": ""KEY"", ""mode"": ""U""}",KEY,U,UNKNOWN
lock_released,2026-09-23 11:31:55.220,70,0,0,0,"{""event_name"": ""lock_released"", ""timestamp"": ""2026-09-23 11:31:55.220"", ""session_id"": 70, ""resource_type"": ""PAGE"", ""mode"": ""IX""}",PAGE,IX,UNKNOWN
lock_released,2026-09-23 11:31:55.220,70,0,0,0,"{""event_name"": ""lock_released"", ""timestamp"": ""2026-09-23 11:31:55.220"", ""session_id"": 70, ""resource_type"": ""OBJECT"", ""mode"": ""IX""}",OBJECT,IX,UNKNOWN
logout,2026-09-23 11:32:00.251,76,0,0,0,"{""event_name"": ""logout"", ""timestamp"": ""2026-09-23 11:32:00.251"", ""session_id"": 76}",0,0,UNKNOWN
lock_acquired,2026-09-23 11:32:00.251,72,0,0,0,"{""event_name"": ""lock_acquired"", ""timestamp"": ""2026-09-23 11:32:00.251"", ""session_id"": 72, ""resource_type"": ""OBJECT"", ""mode"": ""Sch-S""}",OBJECT,Sch-S,UNKNOWN
lock_acquired,2026-09-23 11:32:00.251,72,0,0,0,"{""event_name"": ""lock_acquired"", ""timestamp"": ""2026-09-23 11:32:00.251"", ""session_id"": 72, ""resource_type"": ""METADATA"", ""mode"": ""Sch-S""}",METADATA,Sch-S,UNKNOWN
lock_acquired,2026-09-23 11:32:00.251,70,0,0,0,"{""event_name"": ""lock_acquired"", ""timestamp"": ""2026-09-23 11:32:00.251"", ""session_id"": 70, ""resource_type"": ""PAGE"", ""mode"": ""IX""}",PAGE,IX,UNKNOWN
lock_acquired,2026-09-23 11:32:00.251,69,0,0,0,"{""event_name"": ""lock_acquired"", ""timestamp"": ""2026-09-23 11:32:00.251"", ""session_id"": 69, ""resource_type"": ""METADATA"", ""mode"": ""Sch-S""}",METADATA,Sch-S,UNKNOWN
lock_acquired,2026-09-23 11:32:00.251,73,0,0,0,"{""event_name"": ""lock_acquired"", ""timestamp"": ""2026-09-23 11:32:00.251"", ""session_id"": 73, ""resource_type"": ""OBJECT"", ""mode"": ""Sch-S""}",OBJECT,Sch-S,UNKNOWN
lock_acquired,2026-09-23 11:32:00.251,69,0,0,0,"{""event_name"": ""lock_acquired"", ""timestamp"": ""2026-09-23 11:32:00.251"", ""session_id"": 69, ""resource_type"": ""OBJECT"", ""mode"": ""Sch-S""}",OBJECT,Sch-S,UNKNOWN
lock_acquired,2026-09-23 11:32:00.251,70,0,0,0,"{""event_name"": ""lock_acquired"", ""timestamp"": ""2026-09-23 11:32:00.251"", ""session_id"": 70, ""resource_type"": ""OBJECT"", ""mode"": ""IX""}",OBJECT,IX,UNKNOWN
lock_released,2026-09-23 11:32:00.251,71,0,0,0,"{""event_name"": ""lock_released"", ""timestamp"": ""2026-09-23 11:32:00.251"", ""session_id"": 71, ""resource_type"": ""OBJECT"", ""mode"": ""IX""}",OBJECT,IX,UNKNOWN
lock_released,2026-09-23 11:32:00.251,72,0,0,0,"{""event_name"": ""lock_released"", ""timestamp"": ""2026-09-23 11:32:00.251"", ""session_id"": 72, ""resource_type"": ""KEY"", ""mode"": ""X""}",KEY,X,UNKNOWN
lock_released,2026-09-23 11:32:00.251,71,0,0,0,"{""event_name"": ""lock_released"", ""timestamp"": ""2026-09-23 11:32:00.251"", ""session_id"": 71, ""resource_type"": ""PAGE"", ""mode"": ""IX""}",PAGE,IX,UNKNOWN
lock_released,2026-09-23 11:32:00.251,69,0,0,0,"{""event_name"": ""lock_released"", ""timestamp"": ""2026-09-23 11:32:00.251"", ""session_id"": 69, ""resource_type"": ""KEY"", ""mode"": ""X""}",KEY,X,UNKNOWN
lock_released,2026-09-23 11:32:00.251,52,0,0,0,"{""event_name"": ""lock_released"", ""timestamp"": ""2026-09-23 11:32:00.251"", ""session_id"": 52, ""resource_type"": ""DATABASE"", ""mode"": ""S""}",DATABASE,S,UNKNOWN
lock_released,2026-09-23 11:32:00.251,72,0,0,0,"{""event_name"": ""lock_released"", ""timestamp"": ""2026-09-23 11:32:00.251"", ""session_id"": 72, ""resource_type"": ""PAGE"", ""mode"": ""IX""}",PAGE,IX,UNKNOWN
lock_released,2026-09-23 11:32:00.251,74,0,0,0,"{""event_name"": ""lock_released"", ""timestamp"": ""2026-09-23 11:32:00.251"", ""session_id"": 74, ""resource_type"": ""METADATA"", ""mode"": ""Sch-S""}",METADATA,Sch-S,UNKNOWN
lock_released,2026-09-23 11:32:00.251,72,0,0,0,"{""event_name"": ""lock_released"", ""timestamp"": ""2026-09-23 11:32:00.251"", ""session_id"": 72, ""resource_type"": ""OBJECT"", ""mode"": ""IX""}",OBJECT,IX,UNKNOWN
lock_released,2026-09-23 11:32:00.251,71,0,0,0,"{""event_name"": ""lock_released"", ""timestamp"": ""2026-09-23 11:32:00.251"", ""session_id"": 71, ""resource_type"": ""KEY"", ""mode"": ""X""}",KEY,X,UNKNOWN
logout,2026-09-23 11:32:05.280,67,0,0,0,"{""event_name"": ""logout"", ""timestamp"": ""2026-09-23 11:32:05.280"", ""session_id"": 67}",0,0,UNKNOWN
logout,2026-09-23 11:32:05.280,52,0,0,0,"{""event_name"": ""logout"", ""timestamp"": ""2026-09-23 11:32:05.280"", ""session_id"": 52}",0,0,UNKNOWN
lock_acquired,2026-09-23 11:32:05.280,68,0,0,0,"{""event_name"": ""lock_acquired"", ""timestamp"": ""2026-09-23 11:32:05.280"", ""session_id"": 68, ""resource_type"": ""KEY"", ""mode"": ""X""}",KEY,X,UNKNOWN
lock_acquired,2026-09-23 11:32:05.280,74,0,0,0,"{""event_name"": ""lock_acquired"", ""timestamp"": ""2026-09-23 11:32:05.280"", ""session_id"": 74, ""resource_type"": ""OBJECT"", ""mode"": ""IS""}",OBJECT,IS,UNKNOWN
lock_acquired,2026-09-23 11:32:05.280,69,0,0,0,"{""event_name"": ""lock_acquired"", ""timestamp"": ""2026-09-23 11:32:05.280"", ""session_id"": 69, ""resource_type"": ""PAGE"", ""mode"": ""S""}",PAGE,S,UNKNOWN
lock_acquired,2026-09-23 11:32:05.280,74,0,0,0,"{""event_name"": ""lock_acquired"", ""timestamp"": ""2026-09-23 11:32:05.280"", ""session_id"": 74, ""resource_type"": ""OBJECT"", ""mode"": ""IX""}",OBJECT,IX,UNKNOWN
lock_acquired,2026-09-23 11:32:05.280,69,0,0,0,"{""event_name"": ""lock_acquired"", ""timestamp"": ""2026-09-23 11:32:05.280"", ""session_id"": 69, ""resource_type"": ""OBJECT"", ""mode"": ""IS""}",OBJECT,IS,UNKNOWN
lock_acquired,2026-09-23 11:32:05.280,68,0,0,0,"{""event_name"": ""lock_acquired"", ""timestamp"": ""2026-09-23 11:32:05.280"", ""session_id"": 68, ""resource_type"": ""PAGE"", ""mode"": ""IX""}",PAGE,IX,UNKNOWN
lock_acquired,2026-09-23 11:32:05.280,69,0,0,0,"{""event_name"": ""lock_acquired"", ""timestamp"": ""2026-09-23 11:32:05.280"", ""session_id"": 69, ""resource_type"": ""OBJECT"", ""mode"": ""IX""}",OBJECT,IX,UNKNOWN
lock_released,2026-09-23 11:32:05.280,72,0,0,0,"{""event_name"": ""lock_released"", ""timestamp"": ""2026-09-23 11:32:05.280"", ""session_id"": 72, ""resource_type"": ""OBJECT"", ""mode"": ""Sch-S""}",OBJECT,Sch-S,UNKNOWN
lock_released,2026-09-23 11:32:05.280,70,0,0,0,"{""event_name"": ""lock_released"", ""timestamp"": ""2026-09-23 11:32:05.280"", ""session_id"": 70, ""resource_type"": ""KEY"", ""mode"": ""X""}",KEY,X,UNKNOWN
lock_released,2026-09-23 11:32:05.280,68,0,0,0,"{""event_name"": ""lock_released"", ""timestamp"": ""2026-09-23 11:32:05.280"", ""session_id"": 68, ""resource_type"": ""PAGE"", ""mode"": ""S""}",PAGE,S,UNKNOWN
lock_released,2026-09-23 11:32:05.280,72,0,0,0,"{""event_name"": ""lock_released"", ""timestamp"": ""2026-09-23 11:32:05.280"", ""session_id"": 72, ""resource_type"": ""METADATA"", ""mode"": ""Sch-S""}",METADATA,Sch-S,UNKNOWN
lock_released,2026-09-23 11:32:05.280,70,0,0,0,"{""event_name"": ""lock_released"", ""timestamp"": ""2026-09-23 11:32:05.280"", ""session_id"": 70, ""resource_type"": ""PAGE"", ""mode"": ""IX""}",PAGE,IX,UNKNOWN
lock_released,2026-09-23 11:32:05.280,67,0,0,0,"{""event_name"": ""lock_released"", ""timestamp"": ""2026-09-23 11:32:05.280"", ""session_id"": 67, ""resource_type"": ""DATABASE"", ""mode"": ""S""}",DATABASE,S,UNKNOWN
lock_released,2026-09-23 11:32:05.280,69,0,0,0,"{""event_name"": ""lock_released"", ""timestamp"": ""2026-09-23 11:32:05.280"", ""session_id"": 69, ""resource_type"": ""METADATA"", ""mode"": ""Sch-S""}",METADATA,Sch-S,UNKNOWN
lock_released,2026-09-23 11:32:05.280,68,0,0,0,"{""event_name"": ""lock_released"", ""timestamp"": ""2026-09-23 11:32:05.280"", ""session_id"": 68, ""resource_type"": ""OBJECT"", ""mode"": ""IS""}",OBJECT,IS,UNKNOWN
lock_released,2026-09-23 11:32:05.280,74,0,0,0,"{""event_name"": ""lock_released"", ""timestamp"": ""2026-09-23 11:32:05.280"", ""session_id"": 74, ""resource_type"": ""OBJECT"", ""mode"": ""Sch-S""}",OBJECT,Sch-S,UNKNOWN
lock_released,2026-09-23 11:32:05.280,73,0,0,0,"{""event_name"": ""lock_released"", ""timestamp"": ""2026-09-23 11:32:05.280"", ""session_id"": 73, ""resource_type"": ""OBJECT"", ""mode"": ""Sch-S""}",OBJECT,Sch-S,UNKNOWN
lock_released,2026-09-23 11:32:05.280,69,0,0,0,"{""event_name"": ""lock_released"", ""timestamp"": ""2026-09-23 11:32:05.280"", ""session_id"": 69, ""resource_type"": ""OBJECT"", ""mode"": ""Sch-S""}",OBJECT,Sch-S,UNKNOWN
lock_released,2026-09-23 11:32:05.280,70,0,0,0,"{""event_name"": ""lock_released"", ""timestamp"": ""2026-09-23 11:32:05.280"", ""session_id"": 70, ""resource_type"": ""OBJECT"", ""mode"": ""IX""}",OBJECT,IX,UNKNOWN
lock_acquired,2026-09-23 11:32:10.310,70,0,0,0,"{""event_name"": ""lock_acquired"", ""timestamp"": ""2026-09-23 11:32:10.310"", ""session_id"": 70, ""resource_type"": ""OBJECT"", ""mode"": ""IS""}",OBJECT,IS,UNKNOWN
lock_acquired,2026-09-23 11:32:10.310,71,0,0,0,"{""event_name"": ""lock_acquired"", ""timestamp"": ""2026-09-23 11:32:10.310"", ""session_id"": 71, ""resource_type"": ""OBJECT"", ""mode"": ""IX""}",OBJECT,IX,UNKNOWN
lock_acquired,2026-09-23 11:32:10.310,70,0,0,0,"{""event_name"": ""lock_acquired"", ""timestamp"": ""2026-09-23 11:32:10.310"", ""session_id"": 70, ""resource_type"": ""PAGE"", ""mode"": ""S""}",PAGE,S,UNKNOWN
lock_acquired,2026-09-23 11:32:10.310,73,0,0,0,"{""event_name"": ""lock_acquired"", ""timestamp"": ""2026-09-23 11:32:10.310"", ""session_id"": 73, ""resource_type"": ""METADATA"", ""mode"": ""Sch-S""}",METADATA,Sch-S,UNKNOWN
lock_acquired,2026-09-23 11:32:10.310,72,0,0,0,"{""event_name"": ""lock_acquired"", ""timestamp"": ""2026-09-23 11:32:10.310"", ""session_id"": 72, ""resource_type"": ""KEY"", ""mode"": ""X""}",KEY,X,UNKNOWN
lock_acquired,2026-09-23 11:32:10.310,68,0,0,0,"{""event_name"": ""lock_acquired"", ""timestamp"": ""2026-09-23 11:32:10.310"", ""session_id"": 68, ""resource_type"": ""OBJECT"", ""mode"": ""IS""}",OBJECT,IS,UNKNOWN
lock_acquired,2026-09-23 11:32:10.310,71,0,0,0,"{""event_name"": ""lock_acquired"", ""timestamp"": ""2026-09-23 11:32:10.310"", ""session_id"": 71, ""resource_type"": ""OBJECT"", ""mode"": ""IS""}",OBJECT,IS,UNKNOWN
lock_acquired,2026-09-23 11:32:10.310,72,0,0,0,"{""event_name"": ""lock_acquired"", ""timestamp"": ""2026-09-23 11:32:10.310"", ""session_id"": 72, ""resource_type"": ""PAGE"", ""mode"": ""IX""}",PAGE,IX,UNKNOWN
lock_acquired,2026-09-23 11:32:10.310,72,0,0,0,"{""event_name"": ""lock_acquired"", ""timestamp"": ""2026-09-23 11:32:10.310"", ""session_id"": 72, ""resource_type"": ""OBJECT"", ""mode"": ""IX""}",OBJECT,IX,UNKNOWN
lock_acquired,2026-09-23 11:32:10.310,70,0,0,0,"{""event_name"": ""lock_acquired"", ""timestamp"": ""2026-09-23 11:32:10.310"", ""session_id"": 70, ""resource_type"": ""OBJECT"", ""mode"": ""IX""}",OBJECT,IX,UNKNOWN
lock_released,2026-09-23 11:32:10.310,68,0,0,0,"{""event_name"": ""lock_released"", ""timestamp"": ""2026-09-23 11:32:10.310"", ""session_id"": 68, ""resource_type"": ""KEY"", ""mode"": ""X""}",KEY,X,UNKNOWN
lock_released,2026-09-23 11:32:10.310,74,0,0,0,"{""event_name"": ""lock_released"", ""timestamp"": ""2026-09-23 11:32:10.310"", ""session_id"": 74, ""resource_type"": ""OBJECT"", ""mode"": ""IS""}",OBJECT,IS,UNKNOWN
lock_released,2026-09-23 11:32:10.310,69,0,0,0,"{""event_name"": ""lock_released"", ""timestamp"": ""2026-09-23 11:32:10.310"", ""session_id"": 69, ""resource_type"": ""PAGE"", ""mode"": ""S""}",PAGE,S,UNKNOWN
lock_released,2026-09-23 11:32:10.310,74,0,0,0,"{""event_name"": ""lock_released"", ""timestamp"": ""2026-09-23 11:32:10.310"", ""session_id"": 74, ""resource_type"": ""OBJECT"", ""mode"": ""IX""}",OBJECT,IX,UNKNOWN
lock_released,2026-09-23 11:32:10.310,69,0,0,0,"{""event_name"": ""lock_released"", ""timestamp"": ""2026-09-23 11:32:10.310"", ""session_id"": 69, ""resource_type"": ""OBJECT"", ""mode"": ""IS""}",OBJECT,IS,UNKNOWN
lock_released,2026-09-23 11:32:10.310,68,0,0,0,"{""event_name"": ""lock_released"", ""timestamp"": ""2026-09-23 11:32:10.310"", ""session_id"": 68, ""resource_type"": ""PAGE"", ""mode"": ""IX""}",PAGE,IX,UNKNOWN
lock_released,2026-09-23 11:32:10.310,69,0,0,0,"{""event_name"": ""lock_released"", ""timestamp"": ""2026-09-23 11:32:10.310"", ""session_id"": 69, ""resource_type"": ""OBJECT"", ""mode"": ""IX""}",OBJECT,IX,UNKNOWN
lock_acquired,2026-09-23 11:32:15.349,70,0,0,0,"{""event_name"": ""lock_acquired"", ""timestamp"": ""2026-09-23 11:32:15.349"", ""session_id"": 70, ""resource_type"": ""OBJECT"", ""mode"": ""Sch-S""}",OBJECT,Sch-S,UNKNOWN
lock_acquired,2026-09-23 11:32:15.349,72,0,0,0,"{""event_name"": ""lock_acquired"", ""timestamp"": ""2026-09-23 11:32:15.349"", ""session_id"": 72, ""resource_type"": ""OBJECT"", ""mode"": ""Sch-S""}",OBJECT,Sch-S,UNKNOWN
lock_acquired,2026-09-23 11:32:15.349,74,0,0,0,"{""event_name"": ""lock_acquired"", ""timestamp"": ""2026-09-23 11:32:15.349"", ""session_id"": 74, ""resource_type"": ""PAGE"", ""mode"": ""S""}",PAGE,S,UNKNOWN
lock_acquired,2026-09-23 11:32:15.349,70,0,0,0,"{""event_name"": ""lock_acquired"", ""timestamp"": ""2026-09-23 11:32:15.349"", ""session_id"": 70, ""resource_type"": ""METADATA"", ""mode"": ""Sch-S""}",METADATA,Sch-S,UNKNOWN
lock_acquired,2026-09-23 11:32:15.349,73,0,0,0,"{""event_name"": ""lock_acquired"", ""timestamp"": ""2026-09-23 11:32:15.349"", ""session_id"": 73, ""resource_type"": ""OBJECT"", ""mode"": ""IS""}",OBJECT,IS,UNKNOWN
lock_acquired,2026-09-23 11:32:15.349,72,0,0,0,"{""event_name"": ""lock_acquired"", ""timestamp"": ""2026-09-23 11:32:15.349"", ""session_id"": 72, ""resource_type"": ""METADATA"", ""mode"": ""Sch-S""}",METADATA,Sch-S,UNKNOWN
lock_acquired,2026-09-23 11:32:15.349,73,0,0,0,"{""event_name"": ""lock_acquired"", ""timestamp"": ""2026-09-23 11:32:15.349"", ""session_id"": 73, ""resource_type"": ""OBJECT"", ""mode"": ""IX""}",OBJECT,IX,UNKNOWN
lock_acquired,2026-09-23 11:32:15.349,75,0,0,0,"{""event_name"": ""lock_acquired"", ""timestamp"": ""2026-09-23 11:32:15.349"", ""session_id"": 75, ""resource_type"": ""OBJECT"", ""mode"": ""Sch-S""}",OBJECT,Sch-S,UNKNOWN
lock_acquired,2026-09-23 11:32:15.349,69,0,0,0,"{""event_name"": ""lock_acquired"", ""timestamp"": ""2026-09-23 11:32:15.349"", ""session_id"": 69, ""resource_type"": ""METADATA"", ""mode"": ""Sch-S""}",METADATA,Sch-S,UNKNOWN
lock_acquired,2026-09-23 11:32:15.349,73,0,0,0,"{""event_name"": ""lock_acquired"", ""timestamp"": ""2026-09-23 11:32:15.349"", ""session_id"": 73, ""resource_type"": ""PAGE"", ""mode"": ""S""}",PAGE,S,UNKNOWN
lock_acquired,2026-09-23 11:32:15.349,74,0,0,0,"{""event_name"": ""lock_acquired"", ""timestamp"": ""2026-09-23 11:32:15.349"", ""session_id"": 74, ""resource_type"": ""OBJECT"", ""mode"": ""IX""}",OBJECT,IX,UNKNOWN
lock_acquired,2026-09-23 11:32:15.349,69,0,0,0,"{""event_name"": ""lock_acquired"", ""timestamp"": ""2026-09-23 11:32:15.349"", ""session_id"": 69, ""resource_type"": ""OBJECT"", ""mode"": ""IS""}",OBJECT,IS,UNKNOWN
lock_acquired,2026-09-23 11:32:15.349,75,0,0,0,"{""event_name"": ""lock_acquired"", ""timestamp"": ""2026-09-23 11:32:15.349"", ""session_id"": 75, ""resource_type"": ""METADATA"", ""mode"": ""Sch-S""}",METADATA,Sch-S,UNKNOWN
lock_acquired,2026-09-23 11:32:15.349,69,0,0,0,"{""event_name"": ""lock_acquired"", ""timestamp"": ""2026-09-23 11:32:15.349"", ""session_id"": 69, ""resource_type"": ""OBJECT"", ""mode"": ""Sch-S""}",OBJECT,Sch-S,UNKNOWN
lock_acquired,2026-09-23 11:32:15.349,63,0,0,0,"{""event_name"": ""lock_acquired"", ""timestamp"": ""2026-09-23 11:32:15.349"", ""session_id"": 63, ""resource_type"": ""OBJECT"", ""mode"": ""Sch-S""}",OBJECT,Sch-S,UNKNOWN
lock_released,2026-09-23 11:32:15.349,70,0,0,0,"{""event_name"": ""lock_released"", ""timestamp"": ""2026-09-23 11:32:15.349"", ""session_id"": 70, ""resource_type"": ""OBJECT"", ""mode"": ""IS""}",OBJECT,IS,UNKNOWN
lock_released,2026-09-23 11:32:15.349,71,0,0,0,"{""event_name"": ""lock_released"", ""timestamp"": ""2026-09-23 11:32:15.349"", ""session_id"": 71, ""resource_type"": ""OBJECT"", ""mode"": ""IX""}",OBJECT,IX,UNKNOWN
lock_released,2026-09-23 11:32:15.349,70,0,0,0,"{""event_name"": ""lock_released"", ""timestamp"": ""2026-09-23 11:32:15.349"", ""session_id"": 70, ""resource_type"": ""PAGE"", ""mode"": ""S""}",PAGE,S,UNKNOWN
lock_released,2026-09-23 11:32:15.349,73,0,0,0,"{""event_name"": ""lock_released"", ""timestamp"": ""2026-09-23 11:32:15.349"", ""session_id"": 73, ""resource_type"": ""METADATA"", ""mode"": ""Sch-S""}",METADATA,Sch-S,UNKNOWN
lock_released,2026-09-23 11:32:15.349,72,0,0,0,"{""event_name"": ""lock_released"", ""timestamp"": ""2026-09-23 11:32:15.349"", ""session_id"": 72, ""resource_type"": ""KEY"", ""mode"": ""X""}",KEY,X,UNKNOWN
lock_released,2026-09-23 11:32:15.349,68,0,0,0,"{""event_name"": ""lock_released"", ""timestamp"": ""2026-09-23 11:32:15.349"", ""session_id"": 68, ""resource_type"": ""OBJECT"", ""mode"": ""IS""}",OBJECT,IS,UNKNOWN
lock_released,2026-09-23 11:32:15.349,71,0,0,0,"{""event_name"": ""lock_released"", ""timestamp"": ""2026-09-23 11:32:15.349"", ""session_id"": 71, ""resource_type"": ""OBJECT"", ""mode"": ""IS""}",OBJECT,IS,UNKNOWN
lock_released,2026-09-23 11:32:15.349,72,0,0,0,"{""event_name"": ""lock_released"", ""timestamp"": ""2026-09-23 11:32:15.349"", ""session_id"": 72, ""resource_type"": ""PAGE"", ""mode"": ""IX""}",PAGE,IX,UNKNOWN
lock_released,2026-09-23 11:32:15.349,68,0,0,0,"{""event_name"": ""lock_released"", ""timestamp"": ""2026-09-23 11:32:15.349"", ""session_id"": 68, ""resource_type"": ""OBJECT"", ""mode"": ""IX""}",OBJECT,IX,UNKNOWN
lock_released,2026-09-23 11:32:15.349,72,0,0,0,"{""event_name"": ""lock_released"", ""timestamp"": ""2026-09-23 11:32:15.349"", ""session_id"": 72, ""resource_type"": ""OBJECT"", ""mode"": ""IX""}",OBJECT,IX,UNKNOWN
lock_released,2026-09-23 11:32:15.349,70,0,0,0,"{""event_name"": ""lock_released"", ""timestamp"": ""2026-09-23 11:32:15.349"", ""session_id"": 70, ""resource_type"": ""OBJECT"", ""mode"": ""IX""}",OBJECT,IX,UNKNOWN
lock_acquired,2026-09-23 11:32:20.391,68,0,0,0,"{""event_name"": ""lock_acquired"", ""timestamp"": ""2026-09-23 11:32:20.391"", ""session_id"": 68, ""resource_type"": ""OBJECT"", ""mode"": ""Sch-S""}",OBJECT,Sch-S,UNKNOWN
lock_acquired,2026-09-23 11:32:20.391,71,0,0,0,"{""event_name"": ""lock_acquired"", ""timestamp"": ""2026-09-23 11:32:20.391"", ""session_id"": 71, ""resource_type"": ""OBJECT"", ""mode"": ""IX""}",OBJECT,IX,UNKNOWN
lock_acquired,2026-09-23 11:32:20.391,68,0,0,0,"{""event_name"": ""lock_acquired"", ""timestamp"": ""2026-09-23 11:32:20.391"", ""session_id"": 68, ""resource_type"": ""METADATA"", ""mode"": ""Sch-S""}",METADATA,Sch-S,UNKNOWN
lock_acquired,2026-09-23 11:32:20.391,71,0,0,0,"{""event_name"": ""lock_acquired"", ""timestamp"": ""2026-09-23 11:32:20.391"", ""session_id"": 71, ""resource_type"": ""PAGE"", ""mode"": ""IX""}",PAGE,IX,UNKNOWN
lock_acquired,2026-09-23 11:32:20.391,74,0,0,0,"{""event_name"": ""lock_acquired"", ""timestamp"": ""2026-09-23 11:32:20.391"", ""session_id"": 74, ""resource_type"": ""OBJECT"", ""mode"": ""Sch-S""}",OBJECT,Sch-S,UNKNOWN
lock_acquired,2026-09-23 11:32:20.391,74,0,0,0,"{""event_name"": ""lock_acquired"", ""timestamp"": ""2026-09-23 11:32:20.391"", ""session_id"": 74, ""resource_type"": ""METADATA"", ""mode"": ""Sch-S""}",METADATA,Sch-S,UNKNOWN
lock_acquired,2026-09-23 11:32:20.391,71,0,0,0,"{""event_name"": ""lock_acquired"", ""timestamp"": ""2026-09-23 11:32:20.391"", ""session_id"": 71, ""resource_type"": ""KEY"", ""mode"": ""X""}",KEY,X,UNKNOWN
lock_acquired,2026-09-23 11:32:20.391,70,0,0,0,"{""event_name"": ""lock_acquired"", ""timestamp"": ""2026-09-23 11:32:20.391"", ""session_id"": 70, ""resource_type"": ""OBJECT"", ""mode"": ""IX""}",OBJECT,IX,UNKNOWN
lock_released,2026-09-23 11:32:20.391,70,0,0,0,"{""event_name"": ""lock_released"", ""timestamp"": ""2026-09-23 11:32:20.391"", ""session_id"": 70, ""resource_type"": ""OBJECT"", ""mode"": ""Sch-S""}",OBJECT,Sch-S,UNKNOWN
lock_released,2026-09-23 11:32:20.391,72,0,0,0,"{""event_name"": ""lock_released"", ""timestamp"": ""2026-09-23 11:32:20.391"", ""session_id"": 72, ""resource_type"": ""OBJECT"", ""mode"": ""Sch-S""}",OBJECT,Sch-S,UNKNOWN
lock_released,2026-09-23 11:32:20.391,74,0,0,0,"{""event_name"": ""lock_released"", ""timestamp"": ""2026-09-23 11:32:20.391"", ""session_id"": 74, ""resource_type"": ""PAGE"", ""mode"": ""S""}",PAGE,S,UNKNOWN
lock_released,2026-09-23 11:32:20.391,70,0,0,0,"{""event_name"": ""lock_released"", ""timestamp"": ""2026-09-23 11:32:20.391"", ""session_id"": 70, ""resource_type"": ""METADATA"", ""mode"": ""Sch-S""}",METADATA,Sch-S,UNKNOWN
lock_released,2026-09-23 11:32:20.391,72,0,0,0,"{""event_name"": ""lock_released"", ""timestamp"": ""2026-09-23 11:32:20.391"", ""session_id"": 72, ""resource_type"": ""METADATA"", ""mode"": ""Sch-S""}",METADATA,Sch-S,UNKNOWN
lock_released,2026-09-23 11:32:20.391,75,0,0,0,"{""event_name"": ""lock_released"", ""timestamp"": ""2026-09-23 11:32:20.391"", ""session_id"": 75, ""resource_type"": ""OBJECT"", ""mode"": ""Sch-S""}",OBJECT,Sch-S,UNKNOWN
lock_released,2026-09-23 11:32:20.391,74,0,0,0,"{""event_name"": ""lock_released"", ""timestamp"": ""2026-09-23 11:32:20.391"", ""session_id"": 74, ""resource_type"": ""OBJECT"", ""mode"": ""IX""}",OBJECT,IX,UNKNOWN
lock_released,2026-09-23 11:32:20.391,69,0,0,0,"{""event_name"": ""lock_released"", ""timestamp"": ""2026-09-23 11:32:20.391"", ""session_id"": 69, ""resource_type"": ""OBJECT"", ""mode"": ""IS""}",OBJECT,IS,UNKNOWN
lock_released,2026-09-23 11:32:20.391,75,0,0,0,"{""event_name"": ""lock_released"", ""timestamp"": ""2026-09-23 11:32:20.391"", ""session_id"": 75, ""resource_type"": ""METADATA"", ""mode"": ""Sch-S""}",METADATA,Sch-S,UNKNOWN
lock_released,2026-09-23 11:32:20.391,63,0,0,0,"{""event_name"": ""lock_released"", ""timestamp"": ""2026-09-23 11:32:20.391"", ""session_id"": 63, ""resource_type"": ""OBJECT"", ""mode"": ""Sch-S""}",OBJECT,Sch-S,UNKNOWN
lock_acquired,2026-09-23 11:32:25.421,75,0,0,0,"{""event_name"": ""lock_acquired"", ""timestamp"": ""2026-09-23 11:32:25.421"", ""session_id"": 75, ""resource_type"": ""OBJECT"", ""mode"": ""IS""}",OBJECT,IS,UNKNOWN
lock_acquired,2026-09-23 11:32:25.421,75,0,0,0,"{""event_name"": ""lock_acquired"", ""timestamp"": ""2026-09-23 11:32:25.421"", ""session_id"": 75, ""resource_type"": ""OBJECT"", ""mode"": ""IX""}",OBJECT,IX,UNKNOWN
lock_acquired,2026-09-23 11:32:25.421,74,0,0,0,"{""event_name"": ""lock_acquired"", ""timestamp"": ""2026-09-23 11:32:25.421"", ""session_id"": 74, ""resource_type"": ""OBJECT"", ""mode"": ""IX""}",OBJECT,IX,UNKNOWN
lock_acquired,2026-09-23 11:32:25.421,68,0,0,0,"{""event_name"": ""lock_acquired"", ""timestamp"": ""2026-09-23 11:32:25.421"", ""session_id"": 68, ""resource_type"": ""OBJECT"", ""mode"": ""IS""}",OBJECT,IS,UNKNOWN
lock_acquired,2026-09-23 11:32:25.421,71,0,0,0,"{""event_name"": ""lock_acquired"", ""timestamp"": ""2026-09-23 11:32:25.421"", ""session_id"": 71, ""resource_type"": ""OBJECT"", ""mode"": ""IS""}",OBJECT,IS,UNKNOWN
lock_acquired,2026-09-23 11:32:25.421,69,0,0,0,"{""event_name"": ""lock_acquired"", ""timestamp"": ""2026-09-23 11:32:25.421"", ""session_id"": 69, ""resource_type"": ""OBJECT"", ""mode"": ""IS""}",OBJECT,IS,UNKNOWN
lock_acquired,2026-09-23 11:32:25.421,68,0,0,0,"{""event_name"": ""lock_acquired"", ""timestamp"": ""2026-09-23 11:32:25.421"", ""session_id"": 68, ""resource_type"": ""OBJECT"", ""mode"": ""IX""}",OBJECT,IX,UNKNOWN
lock_acquired,2026-09-23 11:32:25.421,75,0,0,0,"{""event_name"": ""lock_acquired"", ""timestamp"": ""2026-09-23 11:32:25.421"", ""session_id"": 75, ""resource_type"": ""PAGE"", ""mode"": ""S""}",PAGE,S,UNKNOWN
lock_acquired,2026-09-23 11:32:25.421,69,0,0,0,"{""event_name"": ""lock_acquired"", ""timestamp"": ""2026-09-23 11:32:25.421"", ""session_id"": 69, ""resource_type"": ""OBJECT"", ""mode"": ""IX""}",OBJECT,IX,UNKNOWN
lock_released,2026-09-23 11:32:25.421,68,0,0,0,"{""event_name"": ""lock_released"", ""timestamp"": ""2026-09-23 11:32:25.421"", ""session_id"": 68, ""resource_type"": ""OBJECT"", ""mode"": ""Sch-S""}",OBJECT,Sch-S,UNKNOWN
lock_released,2026-09-23 11:32:25.421,73,0,0,0,"{""event_name"": ""lock_released"", ""timestamp"": ""2026-09-23 11:32:25.421"", ""session_id"": 73, ""resource_type"": ""OBJECT"", ""mode"": ""IS""}",OBJECT,IS,UNKNOWN
lock_released,2026-09-23 11:32:25.421,68,0,0,0,"{""event_name"": ""lock_released"", ""timestamp"": ""2026-09-23 11:32:25.421"", ""session_id"": 68, ""resource_type"": ""METADATA"", ""mode"": ""Sch-S""}",METADATA,Sch-S,UNKNOWN
lock_released,2026-09-23 11:32:25.421,73,0,0,0,"{""event_name"": ""lock_released"", ""timestamp"": ""2026-09-23 11:32:25.421"", ""session_id"": 73, ""resource_type"": ""OBJECT"", ""mode"": ""IX""}",OBJECT,IX,UNKNOWN
lock_released,2026-09-23 11:32:25.421,69,0,0,0,"{""event_name"": ""lock_released"", ""timestamp"": ""2026-09-23 11:32:25.421"", ""session_id"": 69, ""resource_type"": ""METADATA"", ""mode"": ""Sch-S""}",METADATA,Sch-S,UNKNOWN
lock_released,2026-09-23 11:32:25.421,71,0,0,0,"{""event_name"": ""lock_released"", ""timestamp"": ""2026-09-23 11:32:25.421"", ""session_id"": 71, ""resource_type"": ""PAGE"", ""mode"": ""IX""}",PAGE,IX,UNKNOWN
lock_released,2026-09-23 11:32:25.421,73,0,0,0,"{""event_name"": ""lock_released"", ""timestamp"": ""2026-09-23 11:32:25.421"", ""session_id"": 73, ""resource_type"": ""PAGE"", ""mode"": ""S""}",PAGE,S,UNKNOWN
lock_released,2026-09-23 11:32:25.421,74,0,0,0,"{""event_name"": ""lock_released"", ""timestamp"": ""2026-09-23 11:32:25.421"", ""session_id"": 74, ""resource_type"": ""OBJECT"", ""mode"": ""Sch-S""}",OBJECT,Sch-S,UNKNOWN
lock_released,2026-09-23 11:32:25.421,74,0,0,0,"{""event_name"": ""lock_released"", ""timestamp"": ""2026-09-23 11:32:25.421"", ""session_id"": 74, ""resource_type"": ""METADATA"", ""mode"": ""Sch-S""}",METADATA,Sch-S,UNKNOWN
lock_released,2026-09-23 11:32:25.421,69,0,0,0,"{""event_name"": ""lock_released"", ""timestamp"": ""2026-09-23 11:32:25.421"", ""session_id"": 69, ""resource_type"": ""OBJECT"", ""mode"": ""Sch-S""}",OBJECT,Sch-S,UNKNOWN
lock_released,2026-09-23 11:32:25.421,71,0,0,0,"{""event_name"": ""lock_released"", ""timestamp"": ""2026-09-23 11:32:25.421"", ""session_id"": 71, ""resource_type"": ""KEY"", ""mode"": ""X""}",KEY,X,UNKNOWN
lock_released,2026-09-23 11:32:25.421,70,0,0,0,"{""event_name"": ""lock_released"", ""timestamp"": ""2026-09-23 11:32:25.421"", ""session_id"": 70, ""resource_type"": ""OBJECT"", ""mode"": ""IX""}",OBJECT,IX,UNKNOWN
lock_acquired,2026-09-23 11:32:30.458,70,0,0,0,"{""event_name"": ""lock_acquired"", ""timestamp"": ""2026-09-23 11:32:30.458"", ""session_id"": 70, ""resource_type"": ""OBJECT"", ""mode"": ""IS""}",OBJECT,IS,UNKNOWN
lock_acquired,2026-09-23 11:32:30.458,75,0,0,0,"{""event_name"": ""lock_acquired"", ""timestamp"": ""2026-09-23 11:32:30.458"", ""session_id"": 75, ""resource_type"": ""KEY"", ""mode"": ""S""}",KEY,S,UNKNOWN
lock_acquired,2026-09-23 11:32:30.458,70,0,0,0,"{""event_name"": ""lock_acquired"", ""timestamp"": ""2026-09-23 11:32:30.458"", ""session_id"": 70, ""resource_type"": ""PAGE"", ""mode"": ""S""}",PAGE,S,UNKNOWN
lock_acquired,2026-09-23 11:32:30.458,73,0,0,0,"{""event_name"": ""lock_acquired"", ""timestamp"": ""2026-09-23 11:32:30.458"", ""session_id"": 73, ""resource_type"": ""OBJECT"", ""mode"": ""IS""}",OBJECT,IS,UNKNOWN
lock_acquired,2026-09-23 11:32:30.458,75,0,0,0,"{""event_name"": ""lock_acquired"", ""timestamp"": ""2026-09-23 11:32:30.458"", ""session_id"": 75, ""resource_type"": ""PAGE"", ""mode"": ""IS""}",PAGE,IS,UNKNOWN
lock_acquired,2026-09-23 11:32:30.458,73,0,0,0,"{""event_name"": ""lock_acquired"", ""timestamp"": ""2026-09-23 11:32:30.458"", ""session_id"": 73, ""resource_type"": ""OBJECT"", ""mode"": ""IX""}",OBJECT,IX,UNKNOWN
lock_acquired,2026-09-23 11:32:30.458,72,0,0,0,"{""event_name"": ""lock_acquired"", ""timestamp"": ""2026-09-23 11:32:30.458"", ""session_id"": 72, ""resource_type"": ""OBJECT"", ""mode"": ""IS""}",OBJECT,IS,UNKNOWN
lock_acquired,2026-09-23 11:32:30.458,72,0,0,0,"{""event_name"": ""lock_acquired"", ""timestamp"": ""2026-09-23 11:32:30.458"", ""session_id"": 72, ""resource_type"": ""OBJECT"", ""mode"": ""IX""}",OBJECT,IX,UNKNOWN
lock_acquired,2026-09-23 11:32:30.458,71,0,0,0,"{""event_name"": ""lock_acquired"", ""timestamp"": ""2026-09-23 11:32:30.458"", ""session_id"": 71, ""resource_type"": ""PAGE"", ""mode"": ""S""}",PAGE,S,UNKNOWN
lock_acquired,2026-09-23 11:32:30.458,70,0,0,0,"{""event_name"": ""lock_acquired"", ""timestamp"": ""2026-09-23 11:32:30.458"", ""session_id"": 70, ""resource_type"": ""OBJECT"", ""mode"": ""IX""}",OBJECT,IX,UNKNOWN
lock_released,2026-09-23 11:32:30.458,75,0,0,0,"{""event_name"": ""lock_released"", ""timestamp"": ""2026-09-23 11:32:30.458"", ""session_id"": 75, ""resource_type"": ""PAGE"", ""mode"": ""S""}",PAGE,S,UNKNOWN
lock_released,2026-09-23 11:32:30.458,69,0,0,0,"{""event_name"": ""lock_released"", ""timestamp"": ""2026-09-23 11:32:30.458"", ""session_id"": 69, ""resource_type"": ""OBJECT"", ""mode"": ""IX""}",OBJECT,IX,UNKNOWN
lock_released,2026-09-23 11:32:30.458,69,0,0,0,"{""event_name"": ""lock_released"", ""timestamp"": ""2026-09-23 11:32:30.458"", ""session_id"": 69, ""resource_type"": ""OBJECT"", ""mode"": ""IS""}",OBJECT,IS,UNKNOWN
lock_released,2026-09-23 11:32:30.458,75,0,0,0,"{""event_name"": ""lock_released"", ""timestamp"": ""2026-09-23 11:32:30.458"", ""session_id"": 75, ""resource_type"": ""OBJECT"", ""mode"": ""IX""}",OBJECT,IX,UNKNOWN
lock_acquired,2026-09-23 11:32:35.537,70,0,0,0,"{""event_name"": ""lock_acquired"", ""timestamp"": ""2026-09-23 11:32:35.537"", ""session_id"": 70, ""resource_type"": ""KEY"", ""mode"": ""X""}",KEY,X,UNKNOWN
lock_acquired,2026-09-23 11:32:35.537,73,0,0,0,"{""event_name"": ""lock_acquired"", ""timestamp"": ""2026-09-23 11:32:35.537"", ""session_id"": 73, ""resource_type"": ""PAGE"", ""mode"": ""S""}",PAGE,S,UNKNOWN
lock_released,2026-09-23 11:32:35.537,70,0,0,0,"{""event_name"": ""lock_released"", ""timestamp"": ""2026-09-23 11:32:35.537"", ""session_id"": 70, ""resource_type"": ""OBJECT"", ""mode"": ""IX""}",OBJECT,IX,UNKNOWN
lock_released,2026-09-23 11:32:35.537,75,0,0,0,"{""event_name"": ""lock_released"", ""timestamp"": ""2026-09-23 11:32:35.537"", ""session_id"": 75, ""resource_type"": ""OBJECT"", ""mode"": ""IS""}",OBJECT,IS,UNKNOWN
lock_released,2026-09-23 11:32:35.537,75,0,0,0,"{""event_name"": ""lock_released"", ""timestamp"": ""2026-09-23 11:32:35.537"", ""session_id"": 75, ""resource_type"": ""KEY"", ""mode"": ""S""}",KEY,S,UNKNOWN
lock_released,2026-09-23 11:32:35.537,70,0,0,0,"{""event_name"": ""lock_released"", ""timestamp"": ""2026-09-23 11:32:35.537"", ""session_id"": 70, ""resource_type"": ""PAGE"", ""mode"": ""S""}",PAGE,S,UNKNOWN
lock_released,2026-09-23 11:32:35.537,68,0,0,0,"{""event_name"": ""lock_released"", ""timestamp"": ""2026-09-23 11:32:35.537"", ""session_id"": 68, ""resource_type"": ""OBJECT"", ""mode"": ""IS""}",OBJECT,IS,UNKNOWN
lock_released,2026-09-23 11:32:35.537,70,0,0,0,"{""event_name"": ""lock_released"", ""timestamp"": ""2026-09-23 11:32:35.537"", ""session_id"": 70, ""resource_type"": ""OBJECT"", ""mode"": ""IS""}",OBJECT,IS,UNKNOWN
lock_released,2026-09-23 11:32:35.537,71,0,0,0,"{""event_name"": ""lock_released"", ""timestamp"": ""2026-09-23 11:32:35.537"", ""session_id"": 71, ""resource_type"": ""PAGE"", ""mode"": ""S""}",PAGE,S,UNKNOWN
lock_released,2026-09-23 11:32:35.537,75,0,0,0,"{""event_name"": ""lock_released"", ""timestamp"": ""2026-09-23 11:32:35.537"", ""session_id"": 75, ""resource_type"": ""PAGE"", ""mode"": ""IS""}",PAGE,IS,UNKNOWN
lock_acquired,2026-09-23 11:32:40.595,69,0,0,0,"{""event_name"": ""lock_acquired"", ""timestamp"": ""2026-09-23 11:32:40.595"", ""session_id"": 69, ""resource_type"": ""PAGE"", ""mode"": ""S""}",PAGE,S,UNKNOWN
lock_acquired,2026-09-23 11:32:40.595,75,0,0,0,"{""event_name"": ""lock_acquired"", ""timestamp"": ""2026-09-23 11:32:40.595"", ""session_id"": 75, ""resource_type"": ""OBJECT"", ""mode"": ""Sch-S""}",OBJECT,Sch-S,UNKNOWN
lock_acquired,2026-09-23 11:32:40.595,68,0,0,0,"{""event_name"": ""lock_acquired"", ""timestamp"": ""2026-09-23 11:32:40.595"", ""session_id"": 68, ""resource_type"": ""OBJECT"", ""mode"": ""IS""}",OBJECT,IS,UNKNOWN
lock_acquired,2026-09-23 11:32:40.595,69,0,0,0,"{""event_name"": ""lock_acquired"", ""timestamp"": ""2026-09-23 11:32:40.595"", ""session_id"": 69, ""resource_type"": ""OBJECT"", ""mode"": ""IS""}",OBJECT,IS,UNKNOWN
lock_acquired,2026-09-23 11:32:40.595,69,0,0,0,"{""event_name"": ""lock_acquired"", ""timestamp"": ""2026-09-23 11:32:40.595"", ""session_id"": 69, ""resource_type"": ""OBJECT"", ""mode"": ""IX""}",OBJECT,IX,UNKNOWN
lock_released,2026-09-23 11:32:40.595,70,0,0,0,"{""event_name"": ""lock_released"", ""timestamp"": ""2026-09-23 11:32:40.595"", ""session_id"": 70, ""resource_type"": ""KEY"", ""mode"": ""X""}",KEY,X,UNKNOWN
lock_released,2026-09-23 11:32:40.595,73,0,0,0,"{""event_name"": ""lock_released"", ""timestamp"": ""2026-09-23 11:32:40.595"", ""session_id"": 73, ""resource_type"": ""PAGE"", ""mode"": ""S""}",PAGE,S,UNKNOWN
lock_released,2026-09-23 11:32:40.595,72,0,0,0,"{""event_name"": ""lock_released"", ""timestamp"": ""2026-09-23 11:32:40.595"", ""session_id"": 72, ""resource_type"": ""OBJECT"", ""mode"": ""IS""}",OBJECT,IS,UNKNOWN
lock_released,2026-09-23 11:32:40.595,73,0,0,0,"{""event_name"": ""lock_released"", ""timestamp"": ""2026-09-23 11:32:40.595"", ""session_id"": 73, ""resource_type"": ""OBJECT"", ""mode"": ""IS""}",OBJECT,IS,UNKNOWN
logout,2026-09-23 11:32:45.635,64,0,0,0,"{""event_name"": ""logout"", ""timestamp"": ""2026-09-23 11:32:45.635"", ""session_id"": 64}",0,0,UNKNOWN
logout,2026-09-23 11:32:45.635,65,0,0,0,"{""event_name"": ""logout"", ""timestamp"": ""2026-09-23 11:32:45.635"", ""session_id"": 65}",0,0,UNKNOWN
logout,2026-09-23 11:32:45.635,66,0,0,0,"{""event_name"": ""logout"", ""timestamp"": ""2026-09-23 11:32:45.635"", ""session_id"": 66}",0,0,UNKNOWN
logout,2026-09-23 11:32:45.635,85,0,0,0,"{""event_name"": ""logout"", ""timestamp"": ""2026-09-23 11:32:45.635"", ""session_id"": 85}",0,0,UNKNOWN
lock_acquired,2026-09-23 11:32:45.635,68,0,0,0,"{""event_name"": ""lock_acquired"", ""timestamp"": ""2026-09-23 11:32:45.635"", ""session_id"": 68, ""resource_type"": ""OBJECT"", ""mode"": ""Sch-S""}",OBJECT,Sch-S,UNKNOWN
lock_acquired,2026-09-23 11:32:45.635,73,0,0,0,"{""event_name"": ""lock_acquired"", ""timestamp"": ""2026-09-23 11:32:45.635"", ""session_id"": 73, ""resource_type"": ""PAGE"", ""mode"": ""IX""}",PAGE,IX,UNKNOWN
lock_acquired,2026-09-23 11:32:45.635,75,0,0,0,"{""event_name"": ""lock_acquired"", ""timestamp"": ""2026-09-23 11:32:45.635"", ""session_id"": 75, ""resource_type"": ""KEY"", ""mode"": ""U""}",KEY,U,UNKNOWN
lock_acquired,2026-09-23 11:32:45.635,75,0,0,0,"{""event_name"": ""lock_acquired"", ""timestamp"": ""2026-09-23 11:32:45.635"", ""session_id"": 75, ""resource_type"": ""PAGE"", ""mode"": ""IX""}",PAGE,IX,UNKNOWN
lock_acquired,2026-09-23 11:32:45.635,70,0,0,0,"{""event_name"": ""lock_acquired"", ""timestamp"": ""2026-09-23 11:32:45.635"", ""session_id"": 70, ""resource_type"": ""METADATA"", ""mode"": ""Sch-S""}",METADATA,Sch-S,UNKNOWN
lock_acquired,2026-09-23 11:32:45.635,75,0,0,0,"{""event_name"": ""lock_acquired"", ""timestamp"": ""2026-09-23 11:32:45.635"", ""session_id"": 75, ""resource_type"": ""OBJECT"", ""mode"": ""IX""}",OBJECT,IX,UNKNOWN
lock_acquired,2026-09-23 11:32:45.635,72,0,0,0,"{""event_name"": ""lock_acquired"", ""timestamp"": ""2026-09-23 11:32:45.635"", ""session_id"": 72, ""resource_type"": ""KEY"", ""mode"": ""X""}",KEY,X,UNKNOWN
lock_acquired,2026-09-23 11:32:45.635,75,0,0,0,"{""event_name"": ""lock_acquired"", ""timestamp"": ""2026-09-23 11:32:45.635"", ""session_id"": 75, ""resource_type"": ""KEY"", ""mode"": ""X""}",KEY,X,UNKNOWN
lock_acquired,2026-09-23 11:32:45.635,71,0,0,0,"{""event_name"": ""lock_acquired"", ""timestamp"": ""2026-09-23 11:32:45.635"", ""session_id"": 71, ""resource_type"": ""PAGE"", ""mode"": ""IX""}",PAGE,IX,UNKNOWN
lock_acquired,2026-09-23 11:32:45.635,72,0,0,0,"{""event_name"": ""lock_acquired"", ""timestamp"": ""2026-09-23 11:32:45.635"", ""session_id"": 72, ""resource_type"": ""PAGE"", ""mode"": ""IX""}",PAGE,IX,UNKNOWN
lock_acquired,2026-09-23 11:32:45.635,75,0,0,0,"{""event_name"": ""lock_acquired"", ""timestamp"": ""2026-09-23 11:32:45.635"", ""session_id"": 75, ""resource_type"": ""PAGE"", ""mode"": ""IU""}",PAGE,IU,UNKNOWN
lock_acquired,2026-09-23 11:32:45.635,68,0,0,0,"{""event_name"": ""lock_acquired"", ""timestamp"": ""2026-09-23 11:32:45.635"", ""session_id"": 68, ""resource_type"": ""KEY"", ""mode"": ""S""}",KEY,S,UNKNOWN
lock_acquired,2026-09-23 11:32:45.635,69,0,0,0,"{""event_name"": ""lock_acquired"", ""timestamp"": ""2026-09-23 11:32:45.635"", ""session_id"": 69, ""resource_type"": ""OBJECT"", ""mode"": ""Sch-S""}",OBJECT,Sch-S,UNKNOWN
lock_acquired,2026-09-23 11:32:45.635,71,0,0,0,"{""event_name"": ""lock_acquired"", ""timestamp"": ""2026-09-23 11:32:45.635"", ""session_id"": 71, ""resource_type"": ""PAGE"", ""mode"": ""IU""}",PAGE,IU,UNKNOWN
lock_acquired,2026-09-23 11:32:45.635,73,0,0,0,"{""event_name"": ""lock_acquired"", ""timestamp"": ""2026-09-23 11:32:45.635"", ""session_id"": 73, ""resource_type"": ""KEY"", ""mode"": ""X""}",KEY,X,UNKNOWN
lock_released,2026-09-23 11:32:45.635,69,0,0,0,"{""event_name"": ""lock_released"", ""timestamp"": ""2026-09-23 11:32:45.635"", ""session_id"": 69, ""resource_type"": ""PAGE"", ""mode"": ""S""}",PAGE,S,UNKNOWN
lock_released,2026-09-23 11:32:45.635,75,0,0,0,"{""event_name"": ""lock_released"", ""timestamp"": ""2026-09-23 11:32:45.635"", ""session_id"": 75, ""resource_type"": ""OBJECT"", ""mode"": ""Sch-S""}",OBJECT,Sch-S,UNKNOWN
lock_released,2026-09-23 11:32:45.635,74,0,0,0,"{""event_name"": ""lock_released"", ""timestamp"": ""2026-09-23 11:32:45.635"", ""session_id"": 74, ""resource_type"": ""OBJECT"", ""mode"": ""IX""}",OBJECT,IX,UNKNOWN
lock_released,2026-09-23 11:32:45.635,68,0,0,0,"{""event_name"": ""lock_released"", ""timestamp"": ""2026-09-23 11:32:45.635"", ""session_id"": 68, ""resource_type"": ""OBJECT"", ""mode"": ""IS""}",OBJECT,IS,UNKNOWN
lock_released,2026-09-23 11:32:45.635,69,0,0,0,"{""event_name"": ""lock_released"", ""timestamp"": ""2026-09-23 11:32:45.635"", ""session_id"": 69, ""resource_type"": ""OBJECT"", ""mode"": ""IS""}",OBJECT,IS,UNKNOWN
lock_released,2026-09-23 11:32:45.635,71,0,0,0,"{""event_name"": ""lock_released"", ""timestamp"": ""2026-09-23 11:32:45.635"", ""session_id"": 71, ""resource_type"": ""OBJECT"", ""mode"": ""IS""}",OBJECT,IS,UNKNOWN
lock_released,2026-09-23 11:32:45.635,68,0,0,0,"{""event_name"": ""lock_released"", ""timestamp"": ""2026-09-23 11:32:45.635"", ""session_id"": 68, ""resource_type"": ""OBJECT"", ""mode"": ""IX""}",OBJECT,IX,UNKNOWN
lock_released,2026-09-23 11:32:45.635,69,0,0,0,"{""event_name"": ""lock_released"", ""timestamp"": ""2026-09-23 11:32:45.635"", ""session_id"": 69, ""resource_type"": ""OBJECT"", ""mode"": ""IX""}",OBJECT,IX,UNKNOWN
lock_acquired,2026-09-23 11:32:50.672,71,0,0,0,"{""event_name"": ""lock_acquired"", ""timestamp"": ""2026-09-23 11:32:50.672"", ""session_id"": 71, ""resource_type"": ""OBJECT"", ""mode"": ""Sch-S""}",OBJECT,Sch-S,UNKNOWN
lock_acquired,2026-09-23 11:32:50.672,74,0,0,0,"{""event_name"": ""lock_acquired"", ""timestamp"": ""2026-09-23 11:32:50.672"", ""session_id"": 74, ""resource_type"": ""OBJECT"", ""mode"": ""IS""}",OBJECT,IS,UNKNOWN
lock_acquired,2026-09-23 11:32:50.672,72,0,0,0,"{""event_name"": ""lock_acquired"", ""timestamp"": ""2026-09-23 11:32:50.672"", ""session_id"": 72, ""resource_type"": ""PAGE"", ""mode"": ""IS""}",PAGE,IS,UNKNOWN
lock_acquired,2026-09-23 11:32:50.672,74,0,0,0,"{""event_name"": ""lock_acquired"", ""timestamp"": ""2026-09-23 11:32:50.672"", ""session_id"": 74, ""resource_type"": ""OBJECT"", ""mode"": ""Sch-S""}",OBJECT,Sch-S,UNKNOWN
lock_acquired,2026-09-23 11:32:50.672,74,0,0,0,"{""event_name"": ""lock_acquired"", ""timestamp"": ""2026-09-23 11:32:50.672"", ""session_id"": 74, ""resource_type"": ""OBJECT"", ""mode"": ""IX""}",OBJECT,IX,UNKNOWN
lock_acquired,2026-09-23 11:32:50.672,72,0,0,0,"{""event_name"": ""lock_acquired"", ""timestamp"": ""2026-09-23 11:32:50.672"", ""session_id"": 72, ""resource_type"": ""OBJECT"", ""mode"": ""IS""}",OBJECT,IS,UNKNOWN
lock_acquired,2026-09-23 11:32:50.672,69,0,0,0,"{""event_name"": ""lock_acquired"", ""timestamp"": ""2026-09-23 11:32:50.672"", ""session_id"": 69, ""resource_type"": ""OBJECT"", ""mode"": ""IS""}",OBJECT,IS,UNKNOWN
lock_acquired,2026-09-23 11:32:50.672,71,0,0,0,"{""event_name"": ""lock_acquired"", ""timestamp"": ""2026-09-23 11:32:50.672"", ""session_id"": 71, ""resource_type"": ""METADATA"", ""mode"": ""Sch-S""}",METADATA,Sch-S,UNKNOWN
lock_acquired,2026-09-23 11:32:50.672,69,0,0,0,"{""event_name"": ""lock_acquired"", ""timestamp"": ""2026-09-23 11:32:50.672"", ""session_id"": 69, ""resource_type"": ""OBJECT"", ""mode"": ""IX""}",OBJECT,IX,UNKNOWN
lock_released,2026-09-23 11:32:50.672,68,0,0,0,"{""event_name"": ""lock_released"", ""timestamp"": ""2026-09-23 11:32:50.672"", ""session_id"": 68, ""resource_type"": ""OBJECT"", ""mode"": ""Sch-S""}",OBJECT,Sch-S,UNKNOWN
lock_released,2026-09-23 11:32:50.672,71,0,0,0,"{""event_name"": ""lock_released"", ""timestamp"": ""2026-09-23 11:32:50.672"", ""session_id"": 71, ""resource_type"": ""OBJECT"", ""mode"": ""IX""}",OBJECT,IX,UNKNOWN
lock_released,2026-09-23 11:32:50.672,75,0,0,0,"{""event_name"": ""lock_released"", ""timestamp"": ""2026-09-23 11:32:50.672"", ""session_id"": 75, ""resource_type"": ""PAGE"", ""mode"": ""IX""}",PAGE,IX,UNKNOWN
lock_released,2026-09-23 11:32:50.672,75,0,0,0,"{""event_name"": ""lock_released"", ""timestamp"": ""2026-09-23 11:32:50.672"", ""session_id"": 75, ""resource_type"": ""KEY"", ""mode"": ""U""}",KEY,U,UNKNOWN
lock_released,2026-09-23 11:32:50.672,70,0,0,0,"{""event_name"": ""lock_released"", ""timestamp"": ""2026-09-23 11:32:50.672"", ""session_id"": 70, ""resource_type"": ""METADATA"", ""mode"": ""Sch-S""}",METADATA,Sch-S,UNKNOWN
lock_released,2026-09-23 11:32:50.672,75,0,0,0,"{""event_name"": ""lock_released"", ""timestamp"": ""2026-09-23 11:32:50.672"", ""session_id"": 75, ""resource_type"": ""OBJECT"", ""mode"": ""IX""}",OBJECT,IX,UNKNOWN
lock_released,2026-09-23 11:32:50.672,72,0,0,0,"{""event_name"": ""lock_released"", ""timestamp"": ""2026-09-23 11:32:50.672"", ""session_id"": 72, ""resource_type"": ""KEY"", ""mode"": ""X""}",KEY,X,UNKNOWN
lock_released,2026-09-23 11:32:50.672,75,0,0,0,"{""event_name"": ""lock_released"", ""timestamp"": ""2026-09-23 11:32:50.672"", ""session_id"": 75, ""resource_type"": ""KEY"", ""mode"": ""X""}",KEY,X,UNKNOWN
lock_released,2026-09-23 11:32:50.672,71,0,0,0,"{""event_name"": ""lock_released"", ""timestamp"": ""2026-09-23 11:32:50.672"", ""session_id"": 71, ""resource_type"": ""PAGE"", ""mode"": ""IX""}",PAGE,IX,UNKNOWN
lock_released,2026-09-23 11:32:50.672,72,0,0,0,"{""event_name"": ""lock_released"", ""timestamp"": ""2026-09-23 11:32:50.672"", ""session_id"": 72, ""resource_type"": ""PAGE"", ""mode"": ""IX""}",PAGE,IX,UNKNOWN
lock_released,2026-09-23 11:32:50.672,75,0,0,0,"{""event_name"": ""lock_released"", ""timestamp"": ""2026-09-23 11:32:50.672"", ""session_id"": 75, ""resource_type"": ""PAGE"", ""mode"": ""IU""}",PAGE,IU,UNKNOWN
lock_released,2026-09-23 11:32:50.672,72,0,0,0,"{""event_name"": ""lock_released"", ""timestamp"": ""2026-09-23 11:32:50.672"", ""session_id"": 72, ""resource_type"": ""OBJECT"", ""mode"": ""IX""}",OBJECT,IX,UNKNOWN
lock_released,2026-09-23 11:32:50.672,68,0,0,0,"{""event_name"": ""lock_released"", ""timestamp"": ""2026-09-23 11:32:50.672"", ""session_id"": 68, ""resource_type"": ""KEY"", ""mode"": ""S""}",KEY,S,UNKNOWN
lock_released,2026-09-23 11:32:50.672,69,0,0,0,"{""event_name"": ""lock_released"", ""timestamp"": ""2026-09-23 11:32:50.672"", ""session_id"": 69, ""resource_type"": ""OBJECT"", ""mode"": ""Sch-S""}",OBJECT,Sch-S,UNKNOWN
lock_released,2026-09-23 11:32:50.672,71,0,0,0,"{""event_name"": ""lock_released"", ""timestamp"": ""2026-09-23 11:32:50.672"", ""session_id"": 71, ""resource_type"": ""PAGE"", ""mode"": ""IU""}",PAGE,IU,UNKNOWN
lock_acquired,2026-09-23 11:32:55.698,72,0,0,0,"{""event_name"": ""lock_acquired"", ""timestamp"": ""2026-09-23 11:32:55.698"", ""session_id"": 72, ""resource_type"": ""OBJECT"", ""mode"": ""Sch-S""}",OBJECT,Sch-S,UNKNOWN
lock_acquired,2026-09-23 11:32:55.698,75,0,0,0,"{""event_name"": ""lock_acquired"", ""timestamp"": ""2026-09-23 11:32:55.698"", ""session_id"": 75, ""resource_type"": ""OBJECT"", ""mode"": ""IS""}",OBJECT,IS,UNKNOWN
lock_acquired,2026-09-23 11:32:55.698,75,0,0,0,"{""event_name"": ""lock_acquired"", ""timestamp"": ""2026-09-23 11:32:55.698"", ""session_id"": 75, ""resource_type"": ""OBJECT"", ""mode"": ""IX""}",OBJECT,IX,UNKNOWN
lock_acquired,2026-09-23 11:32:55.698,73,0,0,0,"{""event_name"": ""lock_acquired"", ""timestamp"": ""2026-09-23 11:32:55.698"", ""session_id"": 73, ""resource_type"": ""OBJECT"", ""mode"": ""IS""}",OBJECT,IS,UNKNOWN
lock_acquired,2026-09-23 11:32:55.698,68,0,0,0,"{""event_name"": ""lock_acquired"", ""timestamp"": ""2026-09-23 11:32:55.698"", ""session_id"": 68, ""resource_type"": ""OBJECT"", ""mode"": ""IS""}",OBJECT,IS,UNKNOWN
lock_acquired,2026-09-23 11:32:55.698,68,0,0,0,"{""event_name"": ""lock_acquired"", ""timestamp"": ""2026-09-23 11:32:55.698"", ""session_id"": 68, ""resource_type"": ""OBJECT"", ""mode"": ""IX""}",OBJECT,IX,UNKNOWN
lock_acquired,2026-09-23 11:32:55.698,75,0,0,0,"{""event_name"": ""lock_acquired"", ""timestamp"": ""2026-09-23 11:32:55.698"", ""session_id"": 75, ""resource_type"": ""PAGE"", ""mode"": ""S""}",PAGE,S,UNKNOWN
lock_acquired,2026-09-23 11:32:55.698,69,0,0,0,"{""event_name"": ""lock_acquired"", ""timestamp"": ""2026-09-23 11:32:55.698"", ""session_id"": 69, ""resource_type"": ""OBJECT"", ""mode"": ""Sch-S""}",OBJECT,Sch-S,UNKNOWN
lock_released,2026-09-23 11:32:55.698,71,0,0,0,"{""event_name"": ""lock_released"", ""timestamp"": ""2026-09-23 11:32:55.698"", ""session_id"": 71, ""resource_type"": ""OBJECT"", ""mode"": ""Sch-S""}",OBJECT,Sch-S,UNKNOWN
lock_released,2026-09-23 11:32:55.698,73,0,0,0,"{""event_name"": ""lock_released"", ""timestamp"": ""2026-09-23 11:32:55.698"", ""session_id"": 73, ""resource_type"": ""PAGE"", ""mode"": ""IX""}",PAGE,IX,UNKNOWN
lock_released,2026-09-23 11:32:55.698,74,0,0,0,"{""event_name"": ""lock_released"", ""timestamp"": ""2026-09-23 11:32:55.698"", ""session_id"": 74, ""resource_type"": ""OBJECT"", ""mode"": ""IS""}",OBJECT,IS,UNKNOWN
lock_released,2026-09-23 11:32:55.698,72,0,0,0,"{""event_name"": ""lock_released"", ""timestamp"": ""2026-09-23 11:32:55.698"", ""session_id"": 72, ""resource_type"": ""PAGE"", ""mode"": ""IS""}",PAGE,IS,UNKNOWN
lock_released,2026-09-23 11:32:55.698,74,0,0,0,"{""event_name"": ""lock_released"", ""timestamp"": ""2026-09-23 11:32:55.698"", ""session_id"": 74, ""resource_type"": ""OBJECT"", ""mode"": ""Sch-S""}",OBJECT,Sch-S,UNKNOWN
lock_released,2026-09-23 11:32:55.698,72,0,0,0,"{""event_name"": ""lock_released"", ""timestamp"": ""2026-09-23 11:32:55.698"", ""session_id"": 72, ""resource_type"": ""OBJECT"", ""mode"": ""IS""}",OBJECT,IS,UNKNOWN
lock_released,2026-09-23 11:32:55.698,69,0,0,0,"{""event_name"": ""lock_released"", ""timestamp"": ""2026-09-23 11:32:55.698"", ""session_id"": 69, ""resource_type"": ""OBJECT"", ""mode"": ""IS""}",OBJECT,IS,UNKNOWN
lock_released,2026-09-23 11:32:55.698,71,0,0,0,"{""event_name"": ""lock_released"", ""timestamp"": ""2026-09-23 11:32:55.698"", ""session_id"": 71, ""resource_type"": ""METADATA"", ""mode"": ""Sch-S""}",METADATA,Sch-S,UNKNOWN
lock_released,2026-09-23 11:32:55.698,69,0,0,0,"{""event_name"": ""lock_released"", ""timestamp"": ""2026-09-23 11:32:55.698"", ""session_id"": 69, ""resource_type"": ""OBJECT"", ""mode"": ""IX""}",OBJECT,IX,UNKNOWN
lock_released,2026-09-23 11:32:55.698,73,0,0,0,"{""event_name"": ""lock_released"", ""timestamp"": ""2026-09-23 11:32:55.698"", ""session_id"": 73, ""resource_type"": ""KEY"", ""mode"": ""X""}",KEY,X,UNKNOWN
lock_acquired,2026-09-23 11:33:00.737,70,0,0,0,"{""event_name"": ""lock_acquired"", ""timestamp"": ""2026-09-23 11:33:00.737"", ""session_id"": 70, ""resource_type"": ""OBJECT"", ""mode"": ""Sch-S""}",OBJECT,Sch-S,UNKNOWN
lock_acquired,2026-09-23 11:33:00.737,71,0,0,0,"{""event_name"": ""lock_acquired"", ""timestamp"": ""2026-09-23 11:33:00.737"", ""session_id"": 71, ""resource_type"": ""OBJECT"", ""mode"": ""IX""}",OBJECT,IX,UNKNOWN
lock_acquired,2026-09-23 11:33:00.737,74,0,0,0,"{""event_name"": ""lock_acquired"", ""timestamp"": ""2026-09-23 11:33:00.737"", ""session_id"": 74, ""resource_type"": ""PAGE"", ""mode"": ""S""}",PAGE,S,UNKNOWN
lock_acquired,2026-09-23 11:33:00.737,68,0,0,0,"{""event_name"": ""lock_acquired"", ""timestamp"": ""2026-09-23 11:33:00.737"", ""session_id"": 68, ""resource_type"": ""PAGE"", ""mode"": ""S""}",PAGE,S,UNKNOWN
lock_acquired,2026-09-23 11:33:00.737,74,0,0,0,"{""event_name"": ""lock_acquired"", ""timestamp"": ""2026-09-23 11:33:00.737"", ""session_id"": 74, ""resource_type"": ""OBJECT"", ""mode"": ""IS""}",OBJECT,IS,UNKNOWN
lock_acquired,2026-09-23 11:33:00.737,73,0,0,0,"{""event_name"": ""lock_acquired"", ""timestamp"": ""2026-09-23 11:33:00.737"", ""session_id"": 73, ""resource_type"": ""PAGE"", ""mode"": ""S""}",PAGE,S,UNKNOWN
lock_acquired,2026-09-23 11:33:00.737,69,0,0,0,"{""event_name"": ""lock_acquired"", ""timestamp"": ""2026-09-23 11:33:00.737"", ""session_id"": 69, ""resource_type"": ""OBJECT"", ""mode"": ""IS""}",OBJECT,IS,UNKNOWN
lock_acquired,2026-09-23 11:33:00.737,71,0,0,0,"{""event_name"": ""lock_acquired"", ""timestamp"": ""2026-09-23 11:33:00.737"", ""session_id"": 71, ""resource_type"": ""OBJECT"", ""mode"": ""IS""}",OBJECT,IS,UNKNOWN
lock_acquired,2026-09-23 11:33:00.737,72,0,0,0,"{""event_name"": ""lock_acquired"", ""timestamp"": ""2026-09-23 11:33:00.737"", ""session_id"": 72, ""resource_type"": ""OBJECT"", ""mode"": ""IX""}",OBJECT,IX,UNKNOWN
lock_released,2026-09-23 11:33:00.737,72,0,0,0,"{""event_name"": ""lock_released"", ""timestamp"": ""2026-09-23 11:33:00.737"", ""session_id"": 72, ""resource_type"": ""OBJECT"", ""mode"": ""Sch-S""}",OBJECT,Sch-S,UNKNOWN
lock_released,2026-09-23 11:33:00.737,75,0,0,0,"{""event_name"": ""lock_released"", ""timestamp"": ""2026-09-23 11:33:00.737"", ""session_id"": 75, ""resource_type"": ""OBJECT"", ""mode"": ""IS""}",OBJECT,IS,UNKNOWN
lock_released,2026-09-23 11:33:00.737,75,0,0,0,"{""event_name"": ""lock_released"", ""timestamp"": ""2026-09-23 11:33:00.737"", ""session_id"": 75, ""resource_type"": ""OBJECT"", ""mode"": ""IX""}",OBJECT,IX,UNKNOWN
lock_released,2026-09-23 11:33:00.737,68,0,0,0,"{""event_name"": ""lock_released"", ""timestamp"": ""2026-09-23 11:33:00.737"", ""session_id"": 68, ""resource_type"": ""OBJECT"", ""mode"": ""IS""}",OBJECT,IS,UNKNOWN
lock_released,2026-09-23 11:33:00.737,75,0,0,0,"{""event_name"": ""lock_released"", ""timestamp"": ""2026-09-23 11:33:00.737"", ""session_id"": 75, ""resource_type"": ""PAGE"", ""mode"": ""S""}",PAGE,S,UNKNOWN
lock_released,2026-09-23 11:33:00.737,69,0,0,0,"{""event_name"": ""lock_released"", ""timestamp"": ""2026-09-23 11:33:00.737"", ""session_id"": 69, ""resource_type"": ""OBJECT"", ""mode"": ""Sch-S""}",OBJECT,Sch-S,UNKNOWN
logout,2026-09-23 11:33:05.804,51,0,0,0,"{""event_name"": ""logout"", ""timestamp"": ""2026-09-23 11:33:05.804"", ""session_id"": 51}",0,0,UNKNOWN
lock_acquired,2026-09-23 11:33:05.804,70,0,0,0,"{""event_name"": ""lock_acquired"", ""timestamp"": ""2026-09-23 11:33:05.804"", ""session_id"": 70, ""resource_type"": ""OBJECT"", ""mode"": ""IX""}",OBJECT,IX,UNKNOWN
lock_acquired,2026-09-23 11:33:05.804,72,0,0,0,"{""event_name"": ""lock_acquired"", ""timestamp"": ""2026-09-23 11:33:05.804"", ""session_id"": 72, ""resource_type"": ""OBJECT"", ""mode"": ""Sch-S""}",OBJECT,Sch-S,UNKNOWN
lock_acquired,2026-09-23 11:33:05.804,75,0,0,0,"{""event_name"": ""lock_acquired"", ""timestamp"": ""2026-09-23 11:33:05.804"", ""session_id"": 75, ""resource_type"": ""OBJECT"", ""mode"": ""IS""}",OBJECT,IS,UNKNOWN
lock_acquired,2026-09-23 11:33:05.804,70,0,0,0,"{""event_name"": ""lock_acquired"", ""timestamp"": ""2026-09-23 11:33:05.804"", ""session_id"": 70, ""resource_type"": ""PAGE"", ""mode"": ""S""}",PAGE,S,UNKNOWN
lock_acquired,2026-09-23 11:33:05.804,71,0,0,0,"{""event_name"": ""lock_acquired"", ""timestamp"": ""2026-09-23 11:33:05.804"", ""session_id"": 71, ""resource_type"": ""OBJECT"", ""mode"": ""Sch-S""}",OBJECT,Sch-S,UNKNOWN
lock_acquired,2026-09-23 11:33:05.804,73,0,0,0,"{""event_name"": ""lock_acquired"", ""timestamp"": ""2026-09-23 11:33:05.804"", ""session_id"": 73, ""resource_type"": ""PAGE"", ""mode"": ""IX""}",PAGE,IX,UNKNOWN
lock_acquired,2026-09-23 11:33:05.804,69,0,0,0,"{""event_name"": ""lock_acquired"", ""timestamp"": ""2026-09-23 11:33:05.804"", ""session_id"": 69, ""resource_type"": ""PAGE"", ""mode"": ""IU""}",PAGE,IU,UNKNOWN
lock_acquired,2026-09-23 11:33:05.804,75,0,0,0,"{""event_name"": ""lock_acquired"", ""timestamp"": ""2026-09-23 11:33:05.804"", ""session_id"": 75, ""resource_type"": ""OBJECT"", ""mode"": ""IX""}",OBJECT,IX,UNKNOWN
lock_acquired,2026-09-23 11:33:05.804,70,0,0,0,"{""event_name"": ""lock_acquired"", ""timestamp"": ""2026-09-23 11:33:05.804"", ""session_id"": 70, ""resource_type"": ""OBJECT"", ""mode"": ""IS""}",OBJECT,IS,UNKNOWN
lock_acquired,2026-09-23 11:33:05.804,72,0,0,0,"{""event_name"": ""lock_acquired"", ""timestamp"": ""2026-09-23 11:33:05.804"", ""session_id"": 72, ""resource_type"": ""METADATA"", ""mode"": ""Sch-S""}",METADATA,Sch-S,UNKNOWN
lock_acquired,2026-09-23 11:33:05.804,69,0,0,0,"{""event_name"": ""lock_acquired"", ""timestamp"": ""2026-09-23 11:33:05.804"", ""session_id"": 69, ""resource_type"": ""PAGE"", ""mode"": ""IX""}",PAGE,IX,UNKNOWN
lock_acquired,2026-09-23 11:33:05.804,69,0,0,0,"{""event_name"": ""lock_acquired"", ""timestamp"": ""2026-09-23 11:33:05.804"", ""session_id"": 69, ""resource_type"": ""OBJECT"", ""mode"": ""IX""}",OBJECT,IX,UNKNOWN
lock_acquired,2026-09-23 11:33:05.804,73,0,0,0,"{""event_name"": ""lock_acquired"", ""timestamp"": ""2026-09-23 11:33:05.804"", ""session_id"": 73, ""resource_type"": ""KEY"", ""mode"": ""X""}",KEY,X,UNKNOWN
lock_released,2026-09-23 11:33:05.804,70,0,0,0,"{""event_name"": ""lock_released"", ""timestamp"": ""2026-09-23 11:33:05.804"", ""session_id"": 70, ""resource_type"": ""OBJECT"", ""mode"": ""Sch-S""}",OBJECT,Sch-S,UNKNOWN
lock_released,2026-09-23 11:33:05.804,71,0,0,0,"{""event_name"": ""lock_released"", ""timestamp"": ""2026-09-23 11:33:05.804"", ""session_id"": 71, ""resource_type"": ""OBJECT"", ""mode"": ""IX""}",OBJECT,IX,UNKNOWN
lock_released,2026-09-23 11:33:05.804,74,0,0,0,"{""event_name"": ""lock_released"", ""timestamp"": ""2026-09-23 11:33:05.804"", ""session_id"": 74, ""resource_type"": ""PAGE"", ""mode"": ""S""}",PAGE,S,UNKNOWN
lock_released,2026-09-23 11:33:05.804,73,0,0,0,"{""event_name"": ""lock_released"", ""timestamp"": ""2026-09-23 11:33:05.804"", ""session_id"": 73, ""resource_type"": ""OBJECT"", ""mode"": ""IS""}",OBJECT,IS,UNKNOWN
lock_released,2026-09-23 11:33:05.804,68,0,0,0,"{""event_name"": ""lock_released"", ""timestamp"": ""2026-09-23 11:33:05.804"", ""session_id"": 68, ""resource_type"": ""PAGE"", ""mode"": ""S""}",PAGE,S,UNKNOWN
lock_released,2026-09-23 11:33:05.804,73,0,0,0,"{""event_name"": ""lock_released"", ""timestamp"": ""2026-09-23 11:33:05.804"", ""session_id"": 73, ""resource_type"": ""PAGE"", ""mode"": ""S""}",PAGE,S,UNKNOWN
lock_released,2026-09-23 11:33:05.804,69,0,0,0,"{""event_name"": ""lock_released"", ""timestamp"": ""2026-09-23 11:33:05.804"", ""session_id"": 69, ""resource_type"": ""OBJECT"", ""mode"": ""IS""}",OBJECT,IS,UNKNOWN
lock_released,2026-09-23 11:33:05.804,71,0,0,0,"{""event_name"": ""lock_released"", ""timestamp"": ""2026-09-23 11:33:05.804"", ""session_id"": 71, ""resource_type"": ""OBJECT"", ""mode"": ""IS""}",OBJECT,IS,UNKNOWN
lock_released,2026-09-23 11:33:05.804,68,0,0,0,"{""event_name"": ""lock_released"", ""timestamp"": ""2026-09-23 11:33:05.804"", ""session_id"": 68, ""resource_type"": ""OBJECT"", ""mode"": ""IX""}",OBJECT,IX,UNKNOWN
lock_released,2026-09-23 11:33:05.804,72,0,0,0,"{""event_name"": ""lock_released"", ""timestamp"": ""2026-09-23 11:33:05.804"", ""session_id"": 72, ""resource_type"": ""OBJECT"", ""mode"": ""IX""}",OBJECT,IX,UNKNOWN
lock_acquired,2026-09-23 11:33:10.874,71,0,0,0,"{""event_name"": ""lock_acquired"", ""timestamp"": ""2026-09-23 11:33:10.874"", ""session_id"": 71, ""resource_type"": ""OBJECT"", ""mode"": ""IX""}",OBJECT,IX,UNKNOWN
lock_acquired,2026-09-23 11:33:10.874,69,0,0,0,"{""event_name"": ""lock_acquired"", ""timestamp"": ""2026-09-23 11:33:10.874"", ""session_id"": 69, ""resource_type"": ""OBJECT"", ""mode"": ""IS""}",OBJECT,IS,UNKNOWN
lock_acquired,2026-09-23 11:33:10.874,68,0,0,0,"{""event_name"": ""lock_acquired"", ""timestamp"": ""2026-09-23 11:33:10.874"", ""session_id"": 68, ""resource_type"": ""PAGE"", ""mode"": ""IX""}",PAGE,IX,UNKNOWN
lock_acquired,2026-09-23 11:33:10.874,68,0,0,0,"{""event_name"": ""lock_acquired"", ""timestamp"": ""2026-09-23 11:33:10.874"", ""session_id"": 68, ""resource_type"": ""OBJECT"", ""mode"": ""IX""}",OBJECT,IX,UNKNOWN
lock_acquired,2026-09-23 11:33:10.874,72,0,0,0,"{""event_name"": ""lock_acquired"", ""timestamp"": ""2026-09-23 11:33:10.874"", ""session_id"": 72, ""resource_type"": ""OBJECT"", ""mode"": ""IX""}",OBJECT,IX,UNKNOWN
lock_released,2026-09-23 11:33:10.874,72,0,0,0,"{""event_name"": ""lock_released"", ""timestamp"": ""2026-09-23 11:33:10.874"", ""session_id"": 72, ""resource_type"": ""OBJECT"", ""mode"": ""Sch-S""}",OBJECT,Sch-S,UNKNOWN
lock_released,2026-09-23 11:33:10.874,71,0,0,0,"{""event_name"": ""lock_released"", ""timestamp"": ""2026-09-23 11:33:10.874"", ""session_id"": 71, ""resource_type"": ""OBJECT"", ""mode"": ""Sch-S""}",OBJECT,Sch-S,UNKNOWN
lock_released,2026-09-23 11:33:10.874,73,0,0,0,"{""event_name"": ""lock_released"", ""timestamp"": ""2026-09-23 11:33:10.874"", ""session_id"": 73, ""resource_type"": ""PAGE"", ""mode"": ""IX""}",PAGE,IX,UNKNOWN
lock_released,2026-09-23 11:33:10.874,69,0,0,0,"{""event_name"": ""lock_released"", ""timestamp"": ""2026-09-23 11:33:10.874"", ""session_id"": 69, ""resource_type"": ""PAGE"", ""mode"": ""IU""}",PAGE,IU,UNKNOWN
lock_released,2026-09-23 11:33:10.874,74,0,0,0,"{""event_name"": ""lock_released"", ""timestamp"": ""2026-09-23 11:33:10.874"", ""session_id"": 74, ""resource_type"": ""OBJECT"", ""mode"": ""IS""}",OBJECT,IS,UNKNOWN
lock_released,2026-09-23 11:33:10.874,72,0,0,0,"{""event_name"": ""lock_released"", ""timestamp"": ""2026-09-23 11:33:10.874"", ""session_id"": 72, ""resource_type"": ""METADATA"", ""mode"": ""Sch-S""}",METADATA,Sch-S,UNKNOWN
lock_released,2026-09-23 11:33:10.874,73,0,0,0,"{""event_name"": ""lock_released"", ""timestamp"": ""2026-09-23 11:33:10.874"", ""session_id"": 73, ""resource_type"": ""OBJECT"", ""mode"": ""IX""}",OBJECT,IX,UNKNOWN
lock_released,2026-09-23 11:33:10.874,74,0,0,0,"{""event_name"": ""lock_released"", ""timestamp"": ""2026-09-23 11:33:10.874"", ""session_id"": 74, ""resource_type"": ""OBJECT"", ""mode"": ""IX""}",OBJECT,IX,UNKNOWN
lock_released,2026-09-23 11:33:10.874,69,0,0,0,"{""event_name"": ""lock_released"", ""timestamp"": ""2026-09-23 11:33:10.874"", ""session_id"": 69, ""resource_type"": ""PAGE"", ""mode"": ""IX""}",PAGE,IX,UNKNOWN
lock_released,2026-09-23 11:33:10.874,73,0,0,0,"{""event_name"": ""lock_released"", ""timestamp"": ""2026-09-23 11:33:10.874"", ""session_id"": 73, ""resource_type"": ""KEY"", ""mode"": ""X""}",KEY,X,UNKNOWN
lock_acquired,2026-09-23 11:33:15.916,70,0,0,0,"{""event_name"": ""lock_acquired"", ""timestamp"": ""2026-09-23 11:33:15.916"", ""session_id"": 70, ""resource_type"": ""OBJECT"", ""mode"": ""Sch-S""}",OBJECT,Sch-S,UNKNOWN
lock_acquired,2026-09-23 11:33:15.916,70,0,0,0,"{""event_name"": ""lock_acquired"", ""timestamp"": ""2026-09-23 11:33:15.916"", ""session_id"": 70, ""resource_type"": ""METADATA"", ""mode"": ""Sch-S""}",METADATA,Sch-S,UNKNOWN
lock_acquired,2026-09-23 11:33:15.916,72,0,0,0,"{""event_name"": ""lock_acquired"", ""timestamp"": ""2026-09-23 11:33:15.916"", ""session_id"": 72, ""resource_type"": ""KEY"", ""mode"": ""X""}",KEY,X,UNKNOWN
lock_acquired,2026-09-23 11:33:15.916,70,0,0,0,"{""event_name"": ""lock_acquired"", ""timestamp"": ""2026-09-23 11:33:15.916"", ""session_id"": 70, ""resource_type"": ""KEY"", ""mode"": ""S""}",KEY,S,UNKNOWN
lock_acquired,2026-09-23 11:33:15.916,71,0,0,0,"{""event_name"": ""lock_acquired"", ""timestamp"": ""2026-09-23 11:33:15.916"", ""session_id"": 71, ""resource_type"": ""PAGE"", ""mode"": ""IX""}",PAGE,IX,UNKNOWN
lock_acquired,2026-09-23 11:33:15.916,72,0,0,0,"{""event_name"": ""lock_acquired"", ""timestamp"": ""2026-09-23 11:33:15.916"", ""session_id"": 72, ""resource_type"": ""PAGE"", ""mode"": ""IX""}",PAGE,IX,UNKNOWN
lock_acquired,2026-09-23 11:33:15.916,71,0,0,0,"{""event_name"": ""lock_acquired"", ""timestamp"": ""2026-09-23 11:33:15.916"", ""session_id"": 71, ""resource_type"": ""KEY"", ""mode"": ""X""}",KEY,X,UNKNOWN
lock_released,2026-09-23 11:33:15.916,75,0,0,0,"{""event_name"": ""lock_released"", ""timestamp"": ""2026-09-23 11:33:15.916"", ""session_id"": 75, ""resource_type"": ""OBJECT"", ""mode"": ""IS""}",OBJECT,IS,UNKNOWN
lock_released,2026-09-23 11:33:15.916,70,0,0,0,"{""event_name"": ""lock_released"", ""timestamp"": ""2026-09-23 11:33:15.916"", ""session_id"": 70, ""resource_type"": ""PAGE"", ""mode"": ""S""}",PAGE,S,UNKNOWN
lock_released,2026-09-23 11:33:15.916,75,0,0,0,"{""event_name"": ""lock_released"", ""timestamp"": ""2026-09-23 11:33:15.916"", ""session_id"": 75, ""resource_type"": ""OBJECT"", ""mode"": ""IX""}",OBJECT,IX,UNKNOWN
lock_released,2026-09-23 11:33:15.916,69,0,0,0,"{""event_name"": ""lock_released"", ""timestamp"": ""2026-09-23 11:33:15.916"", ""session_id"": 69, ""resource_type"": ""OBJECT"", ""mode"": ""IS""}",OBJECT,IS,UNKNOWN
lock_released,2026-09-23 11:33:15.916,68,0,0,0,"{""event_name"": ""lock_released"", ""timestamp"": ""2026-09-23 11:33:15.916"", ""session_id"": 68, ""resource_type"": ""PAGE"", ""mode"": ""IX""}",PAGE,IX,UNKNOWN
lock_released,2026-09-23 11:33:15.916,68,0,0,0,"{""event_name"": ""lock_released"", ""timestamp"": ""2026-09-23 11:33:15.916"", ""session_id"": 68, ""resource_type"": ""OBJECT"", ""mode"": ""IX""}",OBJECT,IX,UNKNOWN
lock_released,2026-09-23 11:33:15.916,70,0,0,0,"{""event_name"": ""lock_released"", ""timestamp"": ""2026-09-23 11:33:15.916"", ""session_id"": 70, ""resource_type"": ""OBJECT"", ""mode"": ""IS""}",OBJECT,IS,UNKNOWN
lock_released,2026-09-23 11:33:15.916,69,0,0,0,"{""event_name"": ""lock_released"", ""timestamp"": ""2026-09-23 11:33:15.916"", ""session_id"": 69, ""resource_type"": ""OBJECT"", ""mode"": ""IX""}",OBJECT,IX,UNKNOWN
lock_released,2026-09-23 11:33:15.916,70,0,0,0,"{""event_name"": ""lock_released"", ""timestamp"": ""2026-09-23 11:33:15.916"", ""session_id"": 70, ""resource_type"": ""OBJECT"", ""mode"": ""IX""}",OBJECT,IX,UNKNOWN
lock_acquired,2026-09-23 11:33:20.932,75,0,0,0,"{""event_name"": ""lock_acquired"", ""timestamp"": ""2026-09-23 11:33:20.932"", ""session_id"": 75, ""resource_type"": ""OBJECT"", ""mode"": ""IS""}",OBJECT,IS,UNKNOWN
lock_acquired,2026-09-23 11:33:20.932,75,0,0,0,"{""event_name"": ""lock_acquired"", ""timestamp"": ""2026-09-23 11:33:20.932"", ""session_id"": 75, ""resource_type"": ""OBJECT"", ""mode"": ""IX""}",OBJECT,IX,UNKNOWN
lock_acquired,2026-09-23 11:33:20.932,73,0,0,0,"{""event_name"": ""lock_acquired"", ""timestamp"": ""2026-09-23 11:33:20.932"", ""session_id"": 73, ""resource_type"": ""OBJECT"", ""mode"": ""IS""}",OBJECT,IS,UNKNOWN
lock_acquired,2026-09-23 11:33:20.932,73,0,0,0,"{""event_name"": ""lock_acquired"", ""timestamp"": ""2026-09-23 11:33:20.932"", ""session_id"": 73, ""resource_type"": ""OBJECT"", ""mode"": ""IX""}",OBJECT,IX,UNKNOWN
lock_acquired,2026-09-23 11:33:20.932,73,0,0,0,"{""event_name"": ""lock_acquired"", ""timestamp"": ""2026-09-23 11:33:20.932"", ""session_id"": 73, ""resource_type"": ""PAGE"", ""mode"": ""S""}",PAGE,S,UNKNOWN
lock_acquired,2026-09-23 11:33:20.932,70,0,0,0,"{""event_name"": ""lock_acquired"", ""timestamp"": ""2026-09-23 11:33:20.932"", ""session_id"": 70, ""resource_type"": ""OBJECT"", ""mode"": ""IS""}",OBJECT,IS,UNKNOWN
lock_acquired,2026-09-23 11:33:20.932,70,0,0,0,"{""event_name"": ""lock_acquired"", ""timestamp"": ""2026-09-23 11:33:20.932"", ""session_id"": 70, ""resource_type"": ""OBJECT"", ""mode"": ""IX""}",OBJECT,IX,UNKNOWN
lock_released,2026-09-23 11:33:20.932,70,0,0,0,"{""event_name"": ""lock_released"", ""timestamp"": ""2026-09-23 11:33:20.932"", ""session_id"": 70, ""resource_type"": ""OBJECT"", ""mode"": ""Sch-S""}",OBJECT,Sch-S,UNKNOWN
lock_released,2026-09-23 11:33:20.932,71,0,0,0,"{""event_name"": ""lock_released"", ""timestamp"": ""2026-09-23 11:33:20.932"", ""session_id"": 71, ""resource_type"": ""OBJECT"", ""mode"": ""IX""}",OBJECT,IX,UNKNOWN
lock_released,2026-09-23 11:33:20.932,70,0,0,0,"{""event_name"": ""lock_released"", ""timestamp"": ""2026-09-23 11:33:20.932"", ""session_id"": 70, ""resource_type"": ""METADATA"", ""mode"": ""Sch-S""}",METADATA,Sch-S,UNKNOWN
lock_released,2026-09-23 11:33:20.932,70,0,0,0,"{""event_name"": ""lock_released"", ""timestamp"": ""2026-09-23 11:33:20.932"", ""session_id"": 70, ""resource_type"": ""KEY"", ""mode"": ""S""}",KEY,S,UNKNOWN
lock_released,2026-09-23 11:33:20.932,71,0,0,0,"{""event_name"": ""lock_released"", ""timestamp"": ""2026-09-23 11:33:20.932"", ""session_id"": 71, ""resource_type"": ""PAGE"", ""mode"": ""IX""}",PAGE,IX,UNKNOWN
lock_released,2026-09-23 11:33:20.932,71,0,0,0,"{""event_name"": ""lock_released"", ""timestamp"": ""2026-09-23 11:33:20.932"", ""session_id"": 71, ""resource_type"": ""KEY"", ""mode"": ""X""}",KEY,X,UNKNOWN
login,2026-09-23 11:33:25.973,51,NT AUTHORITY\SYSTEM,SQLServerCEIP,SteelNort,"{""event_name"": ""login"", ""timestamp"": ""2026-09-23 11:33:25.973"", ""session_id"": 51, ""login_name"": ""NT AUTHORITY\\SYSTEM"", ""program_name"": ""SQLServerCEIP"", ""database_name"": ""SteelNort""}",0,0,UNKNOWN
lock_acquired,2026-09-23 11:33:25.973,73,0,0,0,"{""event_name"": ""lock_acquired"", ""timestamp"": ""2026-09-23 11:33:25.973"", ""session_id"": 73, ""resource_type"": ""METADATA"", ""mode"": ""Sch-S""}",METADATA,Sch-S,UNKNOWN
lock_acquired,2026-09-23 11:33:25.973,71,0,0,0,"{""event_name"": ""lock_acquired"", ""timestamp"": ""2026-09-23 11:33:25.973"", ""session_id"": 71, ""resource_type"": ""OBJECT"", ""mode"": ""Sch-S""}",OBJECT,Sch-S,UNKNOWN
lock_acquired,2026-09-23 11:33:25.973,75,0,0,0,"{""event_name"": ""lock_acquired"", ""timestamp"": ""2026-09-23 11:33:25.973"", ""session_id"": 75, ""resource_type"": ""PAGE"", ""mode"": ""IX""}",PAGE,IX,UNKNOWN
lock_acquired,2026-09-23 11:33:25.973,68,0,0,0,"{""event_name"": ""lock_acquired"", ""timestamp"": ""2026-09-23 11:33:25.973"", ""session_id"": 68, ""resource_type"": ""KEY"", ""mode"": ""X""}",KEY,X,UNKNOWN
lock_acquired,2026-09-23 11:33:25.973,71,0,0,0,"{""event_name"": ""lock_acquired"", ""timestamp"": ""2026-09-23 11:33:25.973"", ""session_id"": 71, ""resource_type"": ""PAGE"", ""mode"": ""IS""}",PAGE,IS,UNKNOWN
lock_acquired,2026-09-23 11:33:25.973,71,0,0,0,"{""event_name"": ""lock_acquired"", ""timestamp"": ""2026-09-23 11:33:25.973"", ""session_id"": 71, ""resource_type"": ""KEY"", ""mode"": ""S""}",KEY,S,UNKNOWN
lock_acquired,2026-09-23 11:33:25.973,73,0,0,0,"{""event_name"": ""lock_acquired"", ""timestamp"": ""2026-09-23 11:33:25.973"", ""session_id"": 73, ""resource_type"": ""OBJECT"", ""mode"": ""Sch-S""}",OBJECT,Sch-S,UNKNOWN
lock_acquired,2026-09-23 11:33:25.973,68,0,0,0,"{""event_name"": ""lock_acquired"", ""timestamp"": ""2026-09-23 11:33:25.973"", ""session_id"": 68, ""resource_type"": ""PAGE"", ""mode"": ""IX""}",PAGE,IX,UNKNOWN
lock_acquired,2026-09-23 11:33:25.973,75,0,0,0,"{""event_name"": ""lock_acquired"", ""timestamp"": ""2026-09-23 11:33:25.973"", ""session_id"": 75, ""resource_type"": ""KEY"", ""mode"": ""X""}",KEY,X,UNKNOWN
lock_acquired,2026-09-23 11:33:25.973,68,0,0,0,"{""event_name"": ""lock_acquired"", ""timestamp"": ""2026-09-23 11:33:25.973"", ""session_id"": 68, ""resource_type"": ""OBJECT"", ""mode"": ""IX""}",OBJECT,IX,UNKNOWN
lock_acquired,2026-09-23 11:33:25.973,68,0,0,0,"{""event_name"": ""lock_acquired"", ""timestamp"": ""2026-09-23 11:33:25.973"", ""session_id"": 68, ""resource_type"": ""KEY"", ""mode"": ""U""}",KEY,U,UNKNOWN
lock_released,2026-09-23 11:33:25.973,75,0,0,0,"{""event_name"": ""lock_released"", ""timestamp"": ""2026-09-23 11:33:25.973"", ""session_id"": 75, ""resource_type"": ""OBJECT"", ""mode"": ""IS""}",OBJECT,IS,UNKNOWN
lock_released,2026-09-23 11:33:25.973,73,0,0,0,"{""event_name"": ""lock_released"", ""timestamp"": ""2026-09-23 11:33:25.973"", ""session_id"": 73, ""resource_type"": ""OBJECT"", ""mode"": ""IS""}",OBJECT,IS,UNKNOWN
lock_released,2026-09-23 11:33:25.973,73,0,0,0,"{""event_name"": ""lock_released"", ""timestamp"": ""2026-09-23 11:33:25.973"", ""session_id"": 73, ""resource_type"": ""OBJECT"", ""mode"": ""IX""}",OBJECT,IX,UNKNOWN
lock_released,2026-09-23 11:33:25.973,73,0,0,0,"{""event_name"": ""lock_released"", ""timestamp"": ""2026-09-23 11:33:25.973"", ""session_id"": 73, ""resource_type"": ""PAGE"", ""mode"": ""S""}",PAGE,S,UNKNOWN
lock_released,2026-09-23 11:33:25.973,70,0,0,0,"{""event_name"": ""lock_released"", ""timestamp"": ""2026-09-23 11:33:25.973"", ""session_id"": 70, ""resource_type"": ""OBJECT"", ""mode"": ""IS""}",OBJECT,IS,UNKNOWN
lock_released,2026-09-23 11:33:25.973,70,0,0,0,"{""event_name"": ""lock_released"", ""timestamp"": ""2026-09-23 11:33:25.973"", ""session_id"": 70, ""resource_type"": ""OBJECT"", ""mode"": ""IX""}",OBJECT,IX,UNKNOWN
lock_acquired,2026-09-23 11:33:30.993,72,0,0,0,"{""event_name"": ""lock_acquired"", ""timestamp"": ""2026-09-23 11:33:30.993"", ""session_id"": 72, ""resource_type"": ""OBJECT"", ""mode"": ""Sch-S""}",OBJECT,Sch-S,UNKNOWN
lock_acquired,2026-09-23 11:33:30.993,71,0,0,0,"{""event_name"": ""lock_acquired"", ""timestamp"": ""2026-09-23 11:33:30.993"", ""session_id"": 71, ""resource_type"": ""OBJECT"", ""mode"": ""IX""}",OBJECT,IX,UNKNOWN
lock_acquired,2026-09-23 11:33:30.993,74,0,0,0,"{""event_name"": ""lock_acquired"", ""timestamp"": ""2026-09-23 11:33:30.993"", ""session_id"": 74, ""resource_type"": ""PAGE"", ""mode"": ""S""}",PAGE,S,UNKNOWN
lock_acquired,2026-09-23 11:33:30.993,73,0,0,0,"{""event_name"": ""lock_acquired"", ""timestamp"": ""2026-09-23 11:33:30.993"", ""session_id"": 73, ""resource_type"": ""OBJECT"", ""mode"": ""IS""}",OBJECT,IS,UNKNOWN
lock_acquired,2026-09-23 11:33:30.993,74,0,0,0,"{""event_name"": ""lock_acquired"", ""timestamp"": ""2026-09-23 11:33:30.993"", ""session_id"": 74, ""resource_type"": ""OBJECT"", ""mode"": ""IS""}",OBJECT,IS,UNKNOWN
lock_acquired,2026-09-23 11:33:30.993,72,0,0,0,"{""event_name"": ""lock_acquired"", ""timestamp"": ""2026-09-23 11:33:30.993"", ""session_id"": 72, ""resource_type"": ""METADATA"", ""mode"": ""Sch-S""}",METADATA,Sch-S,UNKNOWN
lock_acquired,2026-09-23 11:33:30.993,73,0,0,0,"{""event_name"": ""lock_acquired"", ""timestamp"": ""2026-09-23 11:33:30.993"", ""session_id"": 73, ""resource_type"": ""OBJECT"", ""mode"": ""IX""}",OBJECT,IX,UNKNOWN
lock_acquired,2026-09-23 11:33:30.993,75,0,0,0,"{""event_name"": ""lock_acquired"", ""timestamp"": ""2026-09-23 11:33:30.993"", ""session_id"": 75, ""resource_type"": ""OBJECT"", ""mode"": ""Sch-S""}",OBJECT,Sch-S,UNKNOWN
lock_acquired,2026-09-23 11:33:30.993,74,0,0,0,"{""event_name"": ""lock_acquired"", ""timestamp"": ""2026-09-23 11:33:30.993"", ""session_id"": 74, ""resource_type"": ""OBJECT"", ""mode"": ""IX""}",OBJECT,IX,UNKNOWN
lock_acquired,2026-09-23 11:33:30.993,69,0,0,0,"{""event_name"": ""lock_acquired"", ""timestamp"": ""2026-09-23 11:33:30.993"", ""session_id"": 69, ""resource_type"": ""KEY"", ""mode"": ""X""}",KEY,X,UNKNOWN
lock_acquired,2026-09-23 11:33:30.993,71,0,0,0,"{""event_name"": ""lock_acquired"", ""timestamp"": ""2026-09-23 11:33:30.993"", ""session_id"": 71, ""resource_type"": ""OBJECT"", ""mode"": ""IS""}",OBJECT,IS,UNKNOWN
lock_acquired,2026-09-23 11:33:30.993,69,0,0,0,"{""event_name"": ""lock_acquired"", ""timestamp"": ""2026-09-23 11:33:30.993"", ""session_id"": 69, ""resource_type"": ""PAGE"", ""mode"": ""IX""}",PAGE,IX,UNKNOWN
lock_acquired,2026-09-23 11:33:30.993,69,0,0,0,"{""event_name"": ""lock_acquired"", ""timestamp"": ""2026-09-23 11:33:30.993"", ""session_id"": 69, ""resource_type"": ""OBJECT"", ""mode"": ""IX""}",OBJECT,IX,UNKNOWN
lock_released,2026-09-23 11:33:30.993,73,0,0,0,"{""event_name"": ""lock_released"", ""timestamp"": ""2026-09-23 11:33:30.993"", ""session_id"": 73, ""resource_type"": ""METADATA"", ""mode"": ""Sch-S""}",METADATA,Sch-S,UNKNOWN
lock_released,2026-09-23 11:33:30.993,71,0,0,0,"{""event_name"": ""lock_released"", ""timestamp"": ""2026-09-23 11:33:30.993"", ""session_id"": 71, ""resource_type"": ""OBJECT"", ""mode"": ""Sch-S""}",OBJECT,Sch-S,UNKNOWN
lock_released,2026-09-23 11:33:30.993,75,0,0,0,"{""event_name"": ""lock_released"", ""timestamp"": ""2026-09-23 11:33:30.993"", ""session_id"": 75, ""resource_type"": ""PAGE"", ""mode"": ""IX""}",PAGE,IX,UNKNOWN
lock_released,2026-09-23 11:33:30.993,75,0,0,0,"{""event_name"": ""lock_released"", ""timestamp"": ""2026-09-23 11:33:30.993"", ""session_id"": 75, ""resource_type"": ""OBJECT"", ""mode"": ""IX""}",OBJECT,IX,UNKNOWN
lock_released,2026-09-23 11:33:30.993,68,0,0,0,"{""event_name"": ""lock_released"", ""timestamp"": ""2026-09-23 11:33:30.993"", ""session_id"": 68, ""resource_type"": ""KEY"", ""mode"": ""X""}",KEY,X,UNKNOWN
lock_released,2026-09-23 11:33:30.993,72,0,0,0,"{""event_name"": ""lock_released"", ""timestamp"": ""2026-09-23 11:33:30.993"", ""session_id"": 72, ""resource_type"": ""KEY"", ""mode"": ""X""}",KEY,X,UNKNOWN
lock_released,2026-09-23 11:33:30.993,75,0,0,0,"{""event_name"": ""lock_released"", ""timestamp"": ""2026-09-23 11:33:30.993"", ""session_id"": 75, ""resource_type"": ""KEY"", ""mode"": ""X""}",KEY,X,UNKNOWN
lock_released,2026-09-23 11:33:30.993,71,0,0,0,"{""event_name"": ""lock_released"", ""timestamp"": ""2026-09-23 11:33:30.993"", ""session_id"": 71, ""resource_type"": ""PAGE"", ""mode"": ""IS""}",PAGE,IS,UNKNOWN
lock_released,2026-09-23 11:33:30.993,71,0,0,0,"{""event_name"": ""lock_released"", ""timestamp"": ""2026-09-23 11:33:30.993"", ""session_id"": 71, ""resource_type"": ""KEY"", ""mode"": ""S""}",KEY,S,UNKNOWN
lock_released,2026-09-23 11:33:30.993,73,0,0,0,"{""event_name"": ""lock_released"", ""timestamp"": ""2026-09-23 11:33:30.993"", ""session_id"": 73, ""resource_type"": ""OBJECT"", ""mode"": ""Sch-S""}",OBJECT,Sch-S,UNKNOWN
lock_released,2026-09-23 11:33:30.993,68,0,0,0,"{""event_name"": ""lock_released"", ""timestamp"": ""2026-09-23 11:33:30.993"", ""session_id"": 68, ""resource_type"": ""PAGE"", ""mode"": ""IX""}",PAGE,IX,UNKNOWN
lock_released,2026-09-23 11:33:30.993,72,0,0,0,"{""event_name"": ""lock_released"", ""timestamp"": ""2026-09-23 11:33:30.993"", ""session_id"": 72, ""resource_type"": ""PAGE"", ""mode"": ""IX""}",PAGE,IX,UNKNOWN
lock_released,2026-09-23 11:33:30.993,68,0,0,0,"{""event_name"": ""lock_released"", ""timestamp"": ""2026-09-23 11:33:30.993"", ""session_id"": 68, ""resource_type"": ""OBJECT"", ""mode"": ""IX""}",OBJECT,IX,UNKNOWN
lock_released,2026-09-23 11:33:30.993,72,0,0,0,"{""event_name"": ""lock_released"", ""timestamp"": ""2026-09-23 11:33:30.993"", ""session_id"": 72, ""resource_type"": ""OBJECT"", ""mode"": ""IX""}",OBJECT,IX,UNKNOWN
lock_released,2026-09-23 11:33:30.993,68,0,0,0,"{""event_name"": ""lock_released"", ""timestamp"": ""2026-09-23 11:33:30.993"", ""session_id"": 68, ""resource_type"": ""KEY"", ""mode"": ""U""}",KEY,U,UNKNOWN
lock_acquired,2026-09-23 11:33:36.052,70,0,0,0,"{""event_name"": ""lock_acquired"", ""timestamp"": ""2026-09-23 11:33:36.052"", ""session_id"": 70, ""resource_type"": ""OBJECT"", ""mode"": ""IX""}",OBJECT,IX,UNKNOWN
lock_acquired,2026-09-23 11:33:36.052,75,0,0,0,"{""event_name"": ""lock_acquired"", ""timestamp"": ""2026-09-23 11:33:36.052"", ""session_id"": 75, ""resource_type"": ""OBJECT"", ""mode"": ""IS""}",OBJECT,IS,UNKNOWN
lock_acquired,2026-09-23 11:33:36.052,70,0,0,0,"{""event_name"": ""lock_acquired"", ""timestamp"": ""2026-09-23 11:33:36.052"", ""session_id"": 70, ""resource_type"": ""PAGE"", ""mode"": ""IU""}",PAGE,IU,UNKNOWN
lock_acquired,2026-09-23 11:33:36.052,73,0,0,0,"{""event_name"": ""lock_acquired"", ""timestamp"": ""2026-09-23 11:33:36.052"", ""session_id"": 73, ""resource_type"": ""PAGE"", ""mode"": ""IX""}",PAGE,IX,UNKNOWN
lock_acquired,2026-09-23 11:33:36.052,75,0,0,0,"{""event_name"": ""lock_acquired"", ""timestamp"": ""2026-09-23 11:33:36.052"", ""session_id"": 75, ""resource_type"": ""OBJECT"", ""mode"": ""IX""}",OBJECT,IX,UNKNOWN
lock_acquired,2026-09-23 11:33:36.052,74,0,0,0,"{""event_name"": ""lock_acquired"", ""timestamp"": ""2026-09-23 11:33:36.052"", ""session_id"": 74, ""resource_type"": ""OBJECT"", ""mode"": ""Sch-S""}",OBJECT,Sch-S,UNKNOWN
lock_acquired,2026-09-23 11:33:36.052,72,0,0,0,"{""event_name"": ""lock_acquired"", ""timestamp"": ""2026-09-23 11:33:36.052"", ""session_id"": 72, ""resource_type"": ""OBJECT"", ""mode"": ""IX""}",OBJECT,IX,UNKNOWN
lock_acquired,2026-09-23 11:33:36.052,75,0,0,0,"{""event_name"": ""lock_acquired"", ""timestamp"": ""2026-09-23 11:33:36.052"", ""session_id"": 75, ""resource_type"": ""PAGE"", ""mode"": ""S""}",PAGE,S,UNKNOWN
lock_acquired,2026-09-23 11:33:36.052,71,0,0,0,"{""event_name"": ""lock_acquired"", ""timestamp"": ""2026-09-23 11:33:36.052"", ""session_id"": 71, ""resource_type"": ""PAGE"", ""mode"": ""S""}",PAGE,S,UNKNOWN
lock_acquired,2026-09-23 11:33:36.052,73,0,0,0,"{""event_name"": ""lock_acquired"", ""timestamp"": ""2026-09-23 11:33:36.052"", ""session_id"": 73, ""resource_type"": ""KEY"", ""mode"": ""X""}",KEY,X,UNKNOWN
lock_released,2026-09-23 11:33:36.052,72,0,0,0,"{""event_name"": ""lock_released"", ""timestamp"": ""2026-09-23 11:33:36.052"", ""session_id"": 72, ""resource_type"": ""OBJECT"", ""mode"": ""Sch-S""}",OBJECT,Sch-S,UNKNOWN
lock_released,2026-09-23 11:33:36.052,74,0,0,0,"{""event_name"": ""lock_released"", ""timestamp"": ""2026-09-23 11:33:36.052"", ""session_id"": 74, ""resource_type"": ""PAGE"", ""mode"": ""S""}",PAGE,S,UNKNOWN
lock_released,2026-09-23 11:33:36.052,73,0,0,0,"{""event_name"": ""lock_released"", ""timestamp"": ""2026-09-23 11:33:36.052"", ""session_id"": 73, ""resource_type"": ""OBJECT"", ""mode"": ""IS""}",OBJECT,IS,UNKNOWN
lock_released,2026-09-23 11:33:36.052,74,0,0,0,"{""event_name"": ""lock_released"", ""timestamp"": ""2026-09-23 11:33:36.052"", ""session_id"": 74, ""resource_type"": ""OBJECT"", ""mode"": ""IS""}",OBJECT,IS,UNKNOWN
lock_released,2026-09-23 11:33:36.052,72,0,0,0,"{""event_name"": ""lock_released"", ""timestamp"": ""2026-09-23 11:33:36.052"", ""session_id"": 72, ""resource_type"": ""METADATA"", ""mode"": ""Sch-S""}",METADATA,Sch-S,UNKNOWN
lock_released,2026-09-23 11:33:36.052,75,0,0,0,"{""event_name"": ""lock_released"", ""timestamp"": ""2026-09-23 11:33:36.052"", ""session_id"": 75, ""resource_type"": ""OBJECT"", ""mode"": ""Sch-S""}",OBJECT,Sch-S,UNKNOWN
lock_released,2026-09-23 11:33:36.052,74,0,0,0,"{""event_name"": ""lock_released"", ""timestamp"": ""2026-09-23 11:33:36.052"", ""session_id"": 74, ""resource_type"": ""OBJECT"", ""mode"": ""IX""}",OBJECT,IX,UNKNOWN
lock_released,2026-09-23 11:33:36.052,69,0,0,0,"{""event_name"": ""lock_released"", ""timestamp"": ""2026-09-23 11:33:36.052"", ""session_id"": 69, ""resource_type"": ""KEY"", ""mode"": ""X""}",KEY,X,UNKNOWN
lock_released,2026-09-23 11:33:36.052,69,0,0,0,"{""event_name"": ""lock_released"", ""timestamp"": ""2026-09-23 11:33:36.052"", ""session_id"": 69, ""resource_type"": ""PAGE"", ""mode"": ""IX""}",PAGE,IX,UNKNOWN
lock_released,2026-09-23 11:33:36.052,69,0,0,0,"{""event_name"": ""lock_released"", ""timestamp"": ""2026-09-23 11:33:36.052"", ""session_id"": 69, ""resource_type"": ""OBJECT"", ""mode"": ""IX""}",OBJECT,IX,UNKNOWN
lock_acquired,2026-09-23 11:33:41.081,70,0,0,0,"{""event_name"": ""lock_acquired"", ""timestamp"": ""2026-09-23 11:33:41.081"", ""session_id"": 70, ""resource_type"": ""OBJECT"", ""mode"": ""Sch-S""}",OBJECT,Sch-S,UNKNOWN
lock_acquired,2026-09-23 11:33:41.081,74,0,0,0,"{""event_name"": ""lock_acquired"", ""timestamp"": ""2026-09-23 11:33:41.081"", ""session_id"": 74, ""resource_type"": ""PAGE"", ""mode"": ""S""}",PAGE,S,UNKNOWN
lock_acquired,2026-09-23 11:33:41.081,70,0,0,0,"{""event_name"": ""lock_acquired"", ""timestamp"": ""2026-09-23 11:33:41.081"", ""session_id"": 70, ""resource_type"": ""METADATA"", ""mode"": ""Sch-S""}",METADATA,Sch-S,UNKNOWN
lock_acquired,2026-09-23 11:33:41.081,73,0,0,0,"{""event_name"": ""lock_acquired"", ""timestamp"": ""2026-09-23 11:33:41.081"", ""session_id"": 73, ""resource_type"": ""OBJECT"", ""mode"": ""IS""}",OBJECT,IS,UNKNOWN
lock_acquired,2026-09-23 11:33:41.081,74,0,0,0,"{""event_name"": ""lock_acquired"", ""timestamp"": ""2026-09-23 11:33:41.081"", ""session_id"": 74, ""resource_type"": ""OBJECT"", ""mode"": ""IS""}",OBJECT,IS,UNKNOWN
lock_acquired,2026-09-23 11:33:41.081,74,0,0,0,"{""event_name"": ""lock_acquired"", ""timestamp"": ""2026-09-23 11:33:41.081"", ""session_id"": 74, ""resource_type"": ""OBJECT"", ""mode"": ""IX""}",OBJECT,IX,UNKNOWN
lock_acquired,2026-09-23 11:33:41.081,73,0,0,0,"{""event_name"": ""lock_acquired"", ""timestamp"": ""2026-09-23 11:33:41.081"", ""session_id"": 73, ""resource_type"": ""PAGE"", ""mode"": ""S""}",PAGE,S,UNKNOWN
lock_acquired,2026-09-23 11:33:41.081,68,0,0,0,"{""event_name"": ""lock_acquired"", ""timestamp"": ""2026-09-23 11:33:41.081"", ""session_id"": 68, ""resource_type"": ""OBJECT"", ""mode"": ""IS""}",OBJECT,IS,UNKNOWN
lock_acquired,2026-09-23 11:33:41.081,69,0,0,0,"{""event_name"": ""lock_acquired"", ""timestamp"": ""2026-09-23 11:33:41.081"", ""session_id"": 69, ""resource_type"": ""OBJECT"", ""mode"": ""IS""}",OBJECT,IS,UNKNOWN
lock_acquired,2026-09-23 11:33:41.081,68,0,0,0,"{""event_name"": ""lock_acquired"", ""timestamp"": ""2026-09-23 11:33:41.081"", ""session_id"": 68, ""resource_type"": ""OBJECT"", ""mode"": ""IX""}",OBJECT,IX,UNKNOWN
lock_acquired,2026-09-23 11:33:41.081,69,0,0,0,"{""event_name"": ""lock_acquired"", ""timestamp"": ""2026-09-23 11:33:41.081"", ""session_id"": 69, ""resource_type"": ""OBJECT"", ""mode"": ""IX""}",OBJECT,IX,UNKNOWN
lock_acquired,2026-09-23 11:33:41.081,71,0,0,0,"{""event_name"": ""lock_acquired"", ""timestamp"": ""2026-09-23 11:33:41.081"", ""session_id"": 71, ""resource_type"": ""KEY"", ""mode"": ""X""}",KEY,X,UNKNOWN
lock_released,2026-09-23 11:33:41.081,70,0,0,0,"{""event_name"": ""lock_released"", ""timestamp"": ""2026-09-23 11:33:41.081"", ""session_id"": 70, ""resource_type"": ""OBJECT"", ""mode"": ""IX""}",OBJECT,IX,UNKNOWN
lock_released,2026-09-23 11:33:41.081,75,0,0,0,"{""event_name"": ""lock_released"", ""timestamp"": ""2026-09-23 11:33:41.081"", ""session_id"": 75, ""resource_type"": ""OBJECT"", ""mode"": ""IS""}",OBJECT,IS,UNKNOWN
lock_released,2026-09-23 11:33:41.081,70,0,0,0,"{""event_name"": ""lock_released"", ""timestamp"": ""2026-09-23 11:33:41.081"", ""session_id"": 70, ""resource_type"": ""PAGE"", ""mode"": ""IU""}",PAGE,IU,UNKNOWN
lock_released,2026-09-23 11:33:41.081,73,0,0,0,"{""event_name"": ""lock_released"", ""timestamp"": ""2026-09-23 11:33:41.081"", ""session_id"": 73, ""resource_type"": ""PAGE"", ""mode"": ""IX""}",PAGE,IX,UNKNOWN
lock_released,2026-09-23 11:33:41.081,75,0,0,0,"{""event_name"": ""lock_released"", ""timestamp"": ""2026-09-23 11:33:41.081"", ""session_id"": 75, ""resource_type"": ""OBJECT"", ""mode"": ""IX""}",OBJECT,IX,UNKNOWN
lock_released,2026-09-23 11:33:41.081,74,0,0,0,"{""event_name"": ""lock_released"", ""timestamp"": ""2026-09-23 11:33:41.081"", ""session_id"": 74, ""resource_type"": ""OBJECT"", ""mode"": ""Sch-S""}",OBJECT,Sch-S,UNKNOWN
lock_released,2026-09-23 11:33:41.081,71,0,0,0,"{""event_name"": ""lock_released"", ""timestamp"": ""2026-09-23 11:33:41.081"", ""session_id"": 71, ""resource_type"": ""OBJECT"", ""mode"": ""IS""}",OBJECT,IS,UNKNOWN
lock_released,2026-09-23 11:33:41.081,72,0,0,0,"{""event_name"": ""lock_released"", ""timestamp"": ""2026-09-23 11:33:41.081"", ""session_id"": 72, ""resource_type"": ""OBJECT"", ""mode"": ""IX""}",OBJECT,IX,UNKNOWN
lock_released,2026-09-23 11:33:41.081,75,0,0,0,"{""event_name"": ""lock_released"", ""timestamp"": ""2026-09-23 11:33:41.081"", ""session_id"": 75, ""resource_type"": ""PAGE"", ""mode"": ""S""}",PAGE,S,UNKNOWN
lock_released,2026-09-23 11:33:41.081,71,0,0,0,"{""event_name"": ""lock_released"", ""timestamp"": ""2026-09-23 11:33:41.081"", ""session_id"": 71, ""resource_type"": ""PAGE"", ""mode"": ""S""}",PAGE,S,UNKNOWN
lock_released,2026-09-23 11:33:41.081,73,0,0,0,"{""event_name"": ""lock_released"", ""timestamp"": ""2026-09-23 11:33:41.081"", ""session_id"": 73, ""resource_type"": ""KEY"", ""mode"": ""X""}",KEY,X,UNKNOWN
lock_acquired,2026-09-23 11:33:46.105,69,0,0,0,"{""event_name"": ""lock_acquired"", ""timestamp"": ""2026-09-23 11:33:46.105"", ""session_id"": 69, ""resource_type"": ""KEY"", ""mode"": ""X""}",KEY,X,UNKNOWN
lock_acquired,2026-09-23 11:33:46.105,75,0,0,0,"{""event_name"": ""lock_acquired"", ""timestamp"": ""2026-09-23 11:33:46.105"", ""session_id"": 75, ""resource_type"": ""KEY"", ""mode"": ""X""}",KEY,X,UNKNOWN
lock_acquired,2026-09-23 11:33:46.105,75,0,0,0,"{""event_name"": ""lock_acquired"", ""timestamp"": ""2026-09-23 11:33:46.105"", ""session_id"": 75, ""resource_type"": ""OBJECT"", ""mode"": ""Sch-S""}",OBJECT,Sch-S,UNKNOWN
lock_released,2026-09-23 11:33:46.105,70,0,0,0,"{""event_name"": ""lock_released"", ""timestamp"": ""2026-09-23 11:33:46.105"", ""session_id"": 70, ""resource_type"": ""OBJECT"", ""mode"": ""Sch-S""}",OBJECT,Sch-S,UNKNOWN
lock_released,2026-09-23 11:33:46.105,71,0,0,0,"{""event_name"": ""lock_released"", ""timestamp"": ""2026-09-23 11:33:46.105"", ""session_id"": 71, ""resource_type"": ""OBJECT"", ""mode"": ""IX""}",OBJECT,IX,UNKNOWN
lock_released,2026-09-23 11:33:46.105,74,0,0,0,"{""event_name"": ""lock_released"", ""timestamp"": ""2026-09-23 11:33:46.105"", ""session_id"": 74, ""resource_type"": ""PAGE"", ""mode"": ""S""}",PAGE,S,UNKNOWN
lock_released,2026-09-23 11:33:46.105,70,0,0,0,"{""event_name"": ""lock_released"", ""timestamp"": ""2026-09-23 11:33:46.105"", ""session_id"": 70, ""resource_type"": ""METADATA"", ""mode"": ""Sch-S""}",METADATA,Sch-S,UNKNOWN
lock_released,2026-09-23 11:33:46.105,73,0,0,0,"{""event_name"": ""lock_released"", ""timestamp"": ""2026-09-23 11:33:46.105"", ""session_id"": 73, ""resource_type"": ""OBJECT"", ""mode"": ""IS""}",OBJECT,IS,UNKNOWN
lock_released,2026-09-23 11:33:46.105,73,0,0,0,"{""event_name"": ""lock_released"", ""timestamp"": ""2026-09-23 11:33:46.105"", ""session_id"": 73, ""resource_type"": ""OBJECT"", ""mode"": ""IX""}",OBJECT,IX,UNKNOWN
lock_released,2026-09-23 11:33:46.105,73,0,0,0,"{""event_name"": ""lock_released"", ""timestamp"": ""2026-09-23 11:33:46.105"", ""session_id"": 73, ""resource_type"": ""PAGE"", ""mode"": ""S""}",PAGE,S,UNKNOWN
lock_released,2026-09-23 11:33:46.105,68,0,0,0,"{""event_name"": ""lock_released"", ""timestamp"": ""2026-09-23 11:33:46.105"", ""session_id"": 68, ""resource_type"": ""OBJECT"", ""mode"": ""IS""}",OBJECT,IS,UNKNOWN
lock_released,2026-09-23 11:33:46.105,69,0,0,0,"{""event_name"": ""lock_released"", ""timestamp"": ""2026-09-23 11:33:46.105"", ""session_id"": 69, ""resource_type"": ""OBJECT"", ""mode"": ""IS""}",OBJECT,IS,UNKNOWN
lock_released,2026-09-23 11:33:46.105,68,0,0,0,"{""event_name"": ""lock_released"", ""timestamp"": ""2026-09-23 11:33:46.105"", ""session_id"": 68, ""resource_type"": ""OBJECT"", ""mode"": ""IX""}",OBJECT,IX,UNKNOWN
lock_released,2026-09-23 11:33:46.105,69,0,0,0,"{""event_name"": ""lock_released"", ""timestamp"": ""2026-09-23 11:33:46.105"", ""session_id"": 69, ""resource_type"": ""OBJECT"", ""mode"": ""IX""}",OBJECT,IX,UNKNOWN
lock_acquired,2026-09-23 11:33:51.131,75,0,0,0,"{""event_name"": ""lock_acquired"", ""timestamp"": ""2026-09-23 11:33:51.131"", ""session_id"": 75, ""resource_type"": ""OBJECT"", ""mode"": ""IS""}",OBJECT,IS,UNKNOWN
lock_acquired,2026-09-23 11:33:51.131,71,0,0,0,"{""event_name"": ""lock_acquired"", ""timestamp"": ""2026-09-23 11:33:51.131"", ""session_id"": 71, ""resource_type"": ""OBJECT"", ""mode"": ""IX""}",OBJECT,IX,UNKNOWN
lock_acquired,2026-09-23 11:33:51.131,70,0,0,0,"{""event_name"": ""lock_acquired"", ""timestamp"": ""2026-09-23 11:33:51.131"", ""session_id"": 70, ""resource_type"": ""OBJECT"", ""mode"": ""IS""}",OBJECT,IS,UNKNOWN
lock_acquired,2026-09-23 11:33:51.131,75,0,0,0,"{""event_name"": ""lock_acquired"", ""timestamp"": ""2026-09-23 11:33:51.131"", ""session_id"": 75, ""resource_type"": ""OBJECT"", ""mode"": ""IX""}",OBJECT,IX,UNKNOWN
lock_acquired,2026-09-23 11:33:51.131,70,0,0,0,"{""event_name"": ""lock_acquired"", ""timestamp"": ""2026-09-23 11:33:51.131"", ""session_id"": 70, ""resource_type"": ""PAGE"", ""mode"": ""IS""}",PAGE,IS,UNKNOWN
lock_acquired,2026-09-23 11:33:51.131,70,0,0,0,"{""event_name"": ""lock_acquired"", ""timestamp"": ""2026-09-23 11:33:51.131"", ""session_id"": 70, ""resource_type"": ""KEY"", ""mode"": ""S""}",KEY,S,UNKNOWN
lock_acquired,2026-09-23 11:33:51.131,69,0,0,0,"{""event_name"": ""lock_acquired"", ""timestamp"": ""2026-09-23 11:33:51.131"", ""session_id"": 69, ""resource_type"": ""PAGE"", ""mode"": ""S""}",PAGE,S,UNKNOWN
lock_acquired,2026-09-23 11:33:51.131,68,0,0,0,"{""event_name"": ""lock_acquired"", ""timestamp"": ""2026-09-23 11:33:51.131"", ""session_id"": 68, ""resource_type"": ""PAGE"", ""mode"": ""IS""}",PAGE,IS,UNKNOWN
lock_acquired,2026-09-23 11:33:51.131,68,0,0,0,"{""event_name"": ""lock_acquired"", ""timestamp"": ""2026-09-23 11:33:51.131"", ""session_id"": 68, ""resource_type"": ""OBJECT"", ""mode"": ""IS""}",OBJECT,IS,UNKNOWN
lock_acquired,2026-09-23 11:33:51.131,69,0,0,0,"{""event_name"": ""lock_acquired"", ""timestamp"": ""2026-09-23 11:33:51.131"", ""session_id"": 69, ""resource_type"": ""OBJECT"", ""mode"": ""IS""}",OBJECT,IS,UNKNOWN
lock_acquired,2026-09-23 11:33:51.131,71,0,0,0,"{""event_name"": ""lock_acquired"", ""timestamp"": ""2026-09-23 11:33:51.131"", ""session_id"": 71, ""resource_type"": ""OBJECT"", ""mode"": ""IS""}",OBJECT,IS,UNKNOWN
lock_acquired,2026-09-23 11:33:51.131,73,0,0,0,"{""event_name"": ""lock_acquired"", ""timestamp"": ""2026-09-23 11:33:51.131"", ""session_id"": 73, ""resource_type"": ""OBJECT"", ""mode"": ""Sch-S""}",OBJECT,Sch-S,UNKNOWN
lock_acquired,2026-09-23 11:33:51.131,75,0,0,0,"{""event_name"": ""lock_acquired"", ""timestamp"": ""2026-09-23 11:33:51.131"", ""session_id"": 75, ""resource_type"": ""PAGE"", ""mode"": ""S""}",PAGE,S,UNKNOWN
lock_acquired,2026-09-23 11:33:51.131,69,0,0,0,"{""event_name"": ""lock_acquired"", ""timestamp"": ""2026-09-23 11:33:51.131"", ""session_id"": 69, ""resource_type"": ""OBJECT"", ""mode"": ""IX""}",OBJECT,IX,UNKNOWN
lock_acquired,2026-09-23 11:33:51.131,71,0,0,0,"{""event_name"": ""lock_acquired"", ""timestamp"": ""2026-09-23 11:33:51.131"", ""session_id"": 71, ""resource_type"": ""PAGE"", ""mode"": ""S""}",PAGE,S,UNKNOWN
lock_released,2026-09-23 11:33:51.131,69,0,0,0,"{""event_name"": ""lock_released"", ""timestamp"": ""2026-09-23 11:33:51.131"", ""session_id"": 69, ""resource_type"": ""KEY"", ""mode"": ""X""}",KEY,X,UNKNOWN
lock_released,2026-09-23 11:33:51.131,75,0,0,0,"{""event_name"": ""lock_released"", ""timestamp"": ""2026-09-23 11:33:51.131"", ""session_id"": 75, ""resource_type"": ""KEY"", ""mode"": ""X""}",KEY,X,UNKNOWN
lock_released,2026-09-23 11:33:51.131,71,0,0,0,"{""event_name"": ""lock_released"", ""timestamp"": ""2026-09-23 11:33:51.131"", ""session_id"": 71, ""resource_type"": ""KEY"", ""mode"": ""X""}",KEY,X,UNKNOWN
lock_released,2026-09-23 11:33:51.131,75,0,0,0,"{""event_name"": ""lock_released"", ""timestamp"": ""2026-09-23 11:33:51.131"", ""session_id"": 75, ""resource_type"": ""OBJECT"", ""mode"": ""Sch-S""}",OBJECT,Sch-S,UNKNOWN
lock_acquired,2026-09-23 11:33:56.195,71,0,0,0,"{""event_name"": ""lock_acquired"", ""timestamp"": ""2026-09-23 11:33:56.195"", ""session_id"": 71, ""resource_type"": ""OBJECT"", ""mode"": ""Sch-S""}",OBJECT,Sch-S,UNKNOWN
lock_acquired,2026-09-23 11:33:56.195,72,0,0,0,"{""event_name"": ""lock_acquired"", ""timestamp"": ""2026-09-23 11:33:56.195"", ""session_id"": 72, ""resource_type"": ""OBJECT"", ""mode"": ""IS""}",OBJECT,IS,UNKNOWN
lock_acquired,2026-09-23 11:33:56.195,71,0,0,0,"{""event_name"": ""lock_acquired"", ""timestamp"": ""2026-09-23 11:33:56.195"", ""session_id"": 71, ""resource_type"": ""KEY"", ""mode"": ""X""}",KEY,X,UNKNOWN
lock_acquired,2026-09-23 11:33:56.195,70,0,0,0,"{""event_name"": ""lock_acquired"", ""timestamp"": ""2026-09-23 11:33:56.195"", ""session_id"": 70, ""resource_type"": ""OBJECT"", ""mode"": ""IX""}",OBJECT,IX,UNKNOWN
lock_released,2026-09-23 11:33:56.195,75,0,0,0,"{""event_name"": ""lock_released"", ""timestamp"": ""2026-09-23 11:33:56.195"", ""session_id"": 75, ""resource_type"": ""OBJECT"", ""mode"": ""IS""}",OBJECT,IS,UNKNOWN
lock_released,2026-09-23 11:33:56.195,71,0,0,0,"{""event_name"": ""lock_released"", ""timestamp"": ""2026-09-23 11:33:56.195"", ""session_id"": 71, ""resource_type"": ""OBJECT"", ""mode"": ""IX""}",OBJECT,IX,UNKNOWN
lock_released,2026-09-23 11:33:56.195,70,0,0,0,"{""event_name"": ""lock_released"", ""timestamp"": ""2026-09-23 11:33:56.195"", ""session_id"": 70, ""resource_type"": ""PAGE"", ""mode"": ""IS""}",PAGE,IS,UNKNOWN
lock_released,2026-09-23 11:33:56.195,74,0,0,0,"{""event_name"": ""lock_released"", ""timestamp"": ""2026-09-23 11:33:56.195"", ""session_id"": 74, ""resource_type"": ""OBJECT"", ""mode"": ""IS""}",OBJECT,IS,UNKNOWN
lock_released,2026-09-23 11:33:56.195,70,0,0,0,"{""event_name"": ""lock_released"", ""timestamp"": ""2026-09-23 11:33:56.195"", ""session_id"": 70, ""resource_type"": ""KEY"", ""mode"": ""S""}",KEY,S,UNKNOWN
lock_released,2026-09-23 11:33:56.195,74,0,0,0,"{""event_name"": ""lock_released"", ""timestamp"": ""2026-09-23 11:33:56.195"", ""session_id"": 74, ""resource_type"": ""OBJECT"", ""mode"": ""IX""}",OBJECT,IX,UNKNOWN
lock_released,2026-09-23 11:33:56.195,71,0,0,0,"{""event_name"": ""lock_released"", ""timestamp"": ""2026-09-23 11:33:56.195"", ""session_id"": 71, ""resource_type"": ""OBJECT"", ""mode"": ""IS""}",OBJECT,IS,UNKNOWN
lock_released,2026-09-23 11:33:56.195,73,0,0,0,"{""event_name"": ""lock_released"", ""timestamp"": ""2026-09-23 11:33:56.195"", ""session_id"": 73, ""resource_type"": ""OBJECT"", ""mode"": ""Sch-S""}",OBJECT,Sch-S,UNKNOWN
lock_released,2026-09-23 11:33:56.195,75,0,0,0,"{""event_name"": ""lock_released"", ""timestamp"": ""2026-09-23 11:33:56.195"", ""session_id"": 75, ""resource_type"": ""PAGE"", ""mode"": ""S""}",PAGE,S,UNKNOWN
lock_released,2026-09-23 11:33:56.195,71,0,0,0,"{""event_name"": ""lock_released"", ""timestamp"": ""2026-09-23 11:33:56.195"", ""session_id"": 71, ""resource_type"": ""PAGE"", ""mode"": ""S""}",PAGE,S,UNKNOWN
lock_acquired,2026-09-23 11:34:01.244,68,0,0,0,"{""event_name"": ""lock_acquired"", ""timestamp"": ""2026-09-23 11:34:01.244"", ""session_id"": 68, ""resource_type"": ""OBJECT"", ""mode"": ""Sch-S""}",OBJECT,Sch-S,UNKNOWN
lock_acquired,2026-09-23 11:34:01.244,75,0,0,0,"{""event_name"": ""lock_acquired"", ""timestamp"": ""2026-09-23 11:34:01.244"", ""session_id"": 75, ""resource_type"": ""KEY"", ""mode"": ""S""}",KEY,S,UNKNOWN
lock_acquired,2026-09-23 11:34:01.244,71,0,0,0,"{""event_name"": ""lock_acquired"", ""timestamp"": ""2026-09-23 11:34:01.244"", ""session_id"": 71, ""resource_type"": ""OBJECT"", ""mode"": ""IX""}",OBJECT,IX,UNKNOWN
lock_acquired,2026-09-23 11:34:01.244,72,0,0,0,"{""event_name"": ""lock_acquired"", ""timestamp"": ""2026-09-23 11:34:01.244"", ""session_id"": 72, ""resource_type"": ""KEY"", ""mode"": ""X""}",KEY,X,UNKNOWN
lock_acquired,2026-09-23 11:34:01.244,74,0,0,0,"{""event_name"": ""lock_acquired"", ""timestamp"": ""2026-09-23 11:34:01.244"", ""session_id"": 74, ""resource_type"": ""OBJECT"", ""mode"": ""IS""}",OBJECT,IS,UNKNOWN
lock_acquired,2026-09-23 11:34:01.244,68,0,0,0,"{""event_name"": ""lock_acquired"", ""timestamp"": ""2026-09-23 11:34:01.244"", ""session_id"": 68, ""resource_type"": ""METADATA"", ""mode"": ""Sch-S""}",METADATA,Sch-S,UNKNOWN
lock_acquired,2026-09-23 11:34:01.244,75,0,0,0,"{""event_name"": ""lock_acquired"", ""timestamp"": ""2026-09-23 11:34:01.244"", ""session_id"": 75, ""resource_type"": ""OBJECT"", ""mode"": ""Sch-S""}",OBJECT,Sch-S,UNKNOWN
lock_acquired,2026-09-23 11:34:01.244,74,0,0,0,"{""event_name"": ""lock_acquired"", ""timestamp"": ""2026-09-23 11:34:01.244"", ""session_id"": 74, ""resource_type"": ""OBJECT"", ""mode"": ""IX""}",OBJECT,IX,UNKNOWN
lock_acquired,2026-09-23 11:34:01.244,71,0,0,0,"{""event_name"": ""lock_acquired"", ""timestamp"": ""2026-09-23 11:34:01.244"", ""session_id"": 71, ""resource_type"": ""OBJECT"", ""mode"": ""IS""}",OBJECT,IS,UNKNOWN
lock_acquired,2026-09-23 11:34:01.244,72,0,0,0,"{""event_name"": ""lock_acquired"", ""timestamp"": ""2026-09-23 11:34:01.244"", ""session_id"": 72, ""resource_type"": ""PAGE"", ""mode"": ""IX""}",PAGE,IX,UNKNOWN
lock_acquired,2026-09-23 11:34:01.244,72,0,0,0,"{""event_name"": ""lock_acquired"", ""timestamp"": ""2026-09-23 11:34:01.244"", ""session_id"": 72, ""resource_type"": ""OBJECT"", ""mode"": ""IX""}",OBJECT,IX,UNKNOWN
lock_released,2026-09-23 11:34:01.244,71,0,0,0,"{""event_name"": ""lock_released"", ""timestamp"": ""2026-09-23 11:34:01.244"", ""session_id"": 71, ""resource_type"": ""OBJECT"", ""mode"": ""Sch-S""}",OBJECT,Sch-S,UNKNOWN
lock_released,2026-09-23 11:34:01.244,75,0,0,0,"{""event_name"": ""lock_released"", ""timestamp"": ""2026-09-23 11:34:01.244"", ""session_id"": 75, ""resource_type"": ""OBJECT"", ""mode"": ""IX""}",OBJECT,IX,UNKNOWN
lock_released,2026-09-23 11:34:01.244,69,0,0,0,"{""event_name"": ""lock_released"", ""timestamp"": ""2026-09-23 11:34:01.244"", ""session_id"": 69, ""resource_type"": ""PAGE"", ""mode"": ""S""}",PAGE,S,UNKNOWN
lock_released,2026-09-23 11:34:01.244,68,0,0,0,"{""event_name"": ""lock_released"", ""timestamp"": ""2026-09-23 11:34:01.244"", ""session_id"": 68, ""resource_type"": ""PAGE"", ""mode"": ""IS""}",PAGE,IS,UNKNOWN
lock_released,2026-09-23 11:34:01.244,68,0,0,0,"{""event_name"": ""lock_released"", ""timestamp"": ""2026-09-23 11:34:01.244"", ""session_id"": 68, ""resource_type"": ""OBJECT"", ""mode"": ""IS""}",OBJECT,IS,UNKNOWN
lock_released,2026-09-23 11:34:01.244,72,0,0,0,"{""event_name"": ""lock_released"", ""timestamp"": ""2026-09-23 11:34:01.244"", ""session_id"": 72, ""resource_type"": ""OBJECT"", ""mode"": ""IS""}",OBJECT,IS,UNKNOWN
lock_released,2026-09-23 11:34:01.244,69,0,0,0,"{""event_name"": ""lock_released"", ""timestamp"": ""2026-09-23 11:34:01.244"", ""session_id"": 69, ""resource_type"": ""OBJECT"", ""mode"": ""IS""}",OBJECT,IS,UNKNOWN
lock_released,2026-09-23 11:34:01.244,70,0,0,0,"{""event_name"": ""lock_released"", ""timestamp"": ""2026-09-23 11:34:01.244"", ""session_id"": 70, ""resource_type"": ""OBJECT"", ""mode"": ""IS""}",OBJECT,IS,UNKNOWN
lock_released,2026-09-23 11:34:01.244,69,0,0,0,"{""event_name"": ""lock_released"", ""timestamp"": ""2026-09-23 11:34:01.244"", ""session_id"": 69, ""resource_type"": ""OBJECT"", ""mode"": ""IX""}",OBJECT,IX,UNKNOWN
lock_released,2026-09-23 11:34:01.244,71,0,0,0,"{""event_name"": ""lock_released"", ""timestamp"": ""2026-09-23 11:34:01.244"", ""session_id"": 71, ""resource_type"": ""KEY"", ""mode"": ""X""}",KEY,X,UNKNOWN
lock_acquired,2026-09-23 11:34:06.282,70,0,0,0,"{""event_name"": ""lock_acquired"", ""timestamp"": ""2026-09-23 11:34:06.282"", ""session_id"": 70, ""resource_type"": ""KEY"", ""mode"": ""X""}",KEY,X,UNKNOWN
lock_acquired,2026-09-23 11:34:06.282,73,0,0,0,"{""event_name"": ""lock_acquired"", ""timestamp"": ""2026-09-23 11:34:06.282"", ""session_id"": 73, ""resource_type"": ""PAGE"", ""mode"": ""IX""}",PAGE,IX,UNKNOWN
lock_acquired,2026-09-23 11:34:06.282,71,0,0,0,"{""event_name"": ""lock_acquired"", ""timestamp"": ""2026-09-23 11:34:06.282"", ""session_id"": 71, ""resource_type"": ""PAGE"", ""mode"": ""S""}",PAGE,S,UNKNOWN
lock_acquired,2026-09-23 11:34:06.282,70,0,0,0,"{""event_name"": ""lock_acquired"", ""timestamp"": ""2026-09-23 11:34:06.282"", ""session_id"": 70, ""resource_type"": ""PAGE"", ""mode"": ""IX""}",PAGE,IX,UNKNOWN
lock_released,2026-09-23 11:34:06.282,68,0,0,0,"{""event_name"": ""lock_released"", ""timestamp"": ""2026-09-23 11:34:06.282"", ""session_id"": 68, ""resource_type"": ""OBJECT"", ""mode"": ""Sch-S""}",OBJECT,Sch-S,UNKNOWN
lock_released,2026-09-23 11:34:06.282,75,0,0,0,"{""event_name"": ""lock_released"", ""timestamp"": ""2026-09-23 11:34:06.282"", ""session_id"": 75, ""resource_type"": ""KEY"", ""mode"": ""S""}",KEY,S,UNKNOWN
lock_released,2026-09-23 11:34:06.282,72,0,0,0,"{""event_name"": ""lock_released"", ""timestamp"": ""2026-09-23 11:34:06.282"", ""session_id"": 72, ""resource_type"": ""KEY"", ""mode"": ""X""}",KEY,X,UNKNOWN
lock_released,2026-09-23 11:34:06.282,68,0,0,0,"{""event_name"": ""lock_released"", ""timestamp"": ""2026-09-23 11:34:06.282"", ""session_id"": 68, ""resource_type"": ""METADATA"", ""mode"": ""Sch-S""}",METADATA,Sch-S,UNKNOWN
lock_released,2026-09-23 11:34:06.282,75,0,0,0,"{""event_name"": ""lock_released"", ""timestamp"": ""2026-09-23 11:34:06.282"", ""session_id"": 75, ""resource_type"": ""OBJECT"", ""mode"": ""Sch-S""}",OBJECT,Sch-S,UNKNOWN
lock_released,2026-09-23 11:34:06.282,72,0,0,0,"{""event_name"": ""lock_released"", ""timestamp"": ""2026-09-23 11:34:06.282"", ""session_id"": 72, ""resource_type"": ""PAGE"", ""mode"": ""IX""}",PAGE,IX,UNKNOWN
lock_acquired,2026-09-23 11:34:11.375,74,0,0,0,"{""event_name"": ""lock_acquired"", ""timestamp"": ""2026-09-23 11:34:11.375"", ""session_id"": 74, ""resource_type"": ""PAGE"", ""mode"": ""S""}",PAGE,S,UNKNOWN
lock_acquired,2026-09-23 11:34:11.375,68,0,0,0,"{""event_name"": ""lock_acquired"", ""timestamp"": ""2026-09-23 11:34:11.375"", ""session_id"": 68, ""resource_type"": ""PAGE"", ""mode"": ""IX""}",PAGE,IX,UNKNOWN
lock_acquired,2026-09-23 11:34:11.375,68,0,0,0,"{""event_name"": ""lock_acquired"", ""timestamp"": ""2026-09-23 11:34:11.375"", ""session_id"": 68, ""resource_type"": ""OBJECT"", ""mode"": ""IX""}",OBJECT,IX,UNKNOWN
lock_acquired,2026-09-23 11:34:11.375,70,0,0,0,"{""event_name"": ""lock_acquired"", ""timestamp"": ""2026-09-23 11:34:11.375"", ""session_id"": 70, ""resource_type"": ""OBJECT"", ""mode"": ""IS""}",OBJECT,IS,UNKNOWN
lock_acquired,2026-09-23 11:34:11.375,69,0,0,0,"{""event_name"": ""lock_acquired"", ""timestamp"": ""2026-09-23 11:34:11.375"", ""session_id"": 69, ""resource_type"": ""OBJECT"", ""mode"": ""Sch-S""}",OBJECT,Sch-S,UNKNOWN
lock_released,2026-09-23 11:34:11.375,70,0,0,0,"{""event_name"": ""lock_released"", ""timestamp"": ""2026-09-23 11:34:11.375"", ""session_id"": 70, ""resource_type"": ""KEY"", ""mode"": ""X""}",KEY,X,UNKNOWN
lock_released,2026-09-23 11:34:11.375,72,0,0,0,"{""event_name"": ""lock_released"", ""timestamp"": ""2026-09-23 11:34:11.375"", ""session_id"": 72, ""resource_type"": ""OBJECT"", ""mode"": ""IX""}",OBJECT,IX,UNKNOWN
lock_released,2026-09-23 11:34:11.375,73,0,0,0,"{""event_name"": ""lock_released"", ""timestamp"": ""2026-09-23 11:34:11.375"", ""session_id"": 73, ""resource_type"": ""PAGE"", ""mode"": ""IX""}",PAGE,IX,UNKNOWN
lock_released,2026-09-23 11:34:11.375,70,0,0,0,"{""event_name"": ""lock_released"", ""timestamp"": ""2026-09-23 11:34:11.375"", ""session_id"": 70, ""resource_type"": ""PAGE"", ""mode"": ""IX""}",PAGE,IX,UNKNOWN
lock_acquired,2026-09-23 11:34:16.448,70,0,0,0,"{""event_name"": ""lock_acquired"", ""timestamp"": ""2026-09-23 11:34:16.448"", ""session_id"": 70, ""resource_type"": ""KEY"", ""mode"": ""X""}",KEY,X,UNKNOWN
lock_acquired,2026-09-23 11:34:16.448,75,0,0,0,"{""event_name"": ""lock_acquired"", ""timestamp"": ""2026-09-23 11:34:16.448"", ""session_id"": 75, ""resource_type"": ""OBJECT"", ""mode"": ""IX""}",OBJECT,IX,UNKNOWN
lock_acquired,2026-09-23 11:34:16.448,72,0,0,0,"{""event_name"": ""lock_acquired"", ""timestamp"": ""2026-09-23 11:34:16.448"", ""session_id"": 72, ""resource_type"": ""OBJECT"", ""mode"": ""IS""}",OBJECT,IS,UNKNOWN
lock_acquired,2026-09-23 11:34:16.448,69,0,0,0,"{""event_name"": ""lock_acquired"", ""timestamp"": ""2026-09-23 11:34:16.448"", ""session_id"": 69, ""resource_type"": ""OBJECT"", ""mode"": ""IS""}",OBJECT,IS,UNKNOWN
lock_acquired,2026-09-23 11:34:16.448,75,0,0,0,"{""event_name"": ""lock_acquired"", ""timestamp"": ""2026-09-23 11:34:16.448"", ""session_id"": 75, ""resource_type"": ""KEY"", ""mode"": ""X""}",KEY,X,UNKNOWN
lock_acquired,2026-09-23 11:34:16.448,72,0,0,0,"{""event_name"": ""lock_acquired"", ""timestamp"": ""2026-09-23 11:34:16.448"", ""session_id"": 72, ""resource_type"": ""OBJECT"", ""mode"": ""IX""}",OBJECT,IX,UNKNOWN
lock_acquired,2026-09-23 11:34:16.448,69,0,0,0,"{""event_name"": ""lock_acquired"", ""timestamp"": ""2026-09-23 11:34:16.448"", ""session_id"": 69, ""resource_type"": ""OBJECT"", ""mode"": ""IX""}",OBJECT,IX,UNKNOWN
lock_released,2026-09-23 11:34:16.448,74,0,0,0,"{""event_name"": ""lock_released"", ""timestamp"": ""2026-09-23 11:34:16.448"", ""session_id"": 74, ""resource_type"": ""PAGE"", ""mode"": ""S""}",PAGE,S,UNKNOWN
lock_released,2026-09-23 11:34:16.448,74,0,0,0,"{""event_name"": ""lock_released"", ""timestamp"": ""2026-09-23 11:34:16.448"", ""session_id"": 74, ""resource_type"": ""OBJECT"", ""mode"": ""IS""}",OBJECT,IS,UNKNOWN
lock_released,2026-09-23 11:34:16.448,74,0,0,0,"{""event_name"": ""lock_released"", ""timestamp"": ""2026-09-23 11:34:16.448"", ""session_id"": 74, ""resource_type"": ""OBJECT"", ""mode"": ""IX""}",OBJECT,IX,UNKNOWN
lock_released,2026-09-23 11:34:16.448,68,0,0,0,"{""event_name"": ""lock_released"", ""timestamp"": ""2026-09-23 11:34:16.448"", ""session_id"": 68, ""resource_type"": ""PAGE"", ""mode"": ""IX""}",PAGE,IX,UNKNOWN
lock_released,2026-09-23 11:34:16.448,68,0,0,0,"{""event_name"": ""lock_released"", ""timestamp"": ""2026-09-23 11:34:16.448"", ""session_id"": 68, ""resource_type"": ""OBJECT"", ""mode"": ""IX""}",OBJECT,IX,UNKNOWN
lock_released,2026-09-23 11:34:16.448,70,0,0,0,"{""event_name"": ""lock_released"", ""timestamp"": ""2026-09-23 11:34:16.448"", ""session_id"": 70, ""resource_type"": ""OBJECT"", ""mode"": ""IS""}",OBJECT,IS,UNKNOWN
lock_released,2026-09-23 11:34:16.448,69,0,0,0,"{""event_name"": ""lock_released"", ""timestamp"": ""2026-09-23 11:34:16.448"", ""session_id"": 69, ""resource_type"": ""OBJECT"", ""mode"": ""Sch-S""}",OBJECT,Sch-S,UNKNOWN
lock_released,2026-09-23 11:34:16.448,71,0,0,0,"{""event_name"": ""lock_released"", ""timestamp"": ""2026-09-23 11:34:16.448"", ""session_id"": 71, ""resource_type"": ""PAGE"", ""mode"": ""S""}",PAGE,S,UNKNOWN
login,2026-09-23 11:34:21.514,52,795ec2146175\Administrator,Microsoft SQL Server,SteelNort,"{""event_name"": ""login"", ""timestamp"": ""2026-09-23 11:34:21.514"", ""session_id"": 52, ""login_name"": ""795ec2146175\\Administrator"", ""program_name"": ""Microsoft SQL Server"", ""database_name"": ""SteelNort""}",0,0,UNKNOWN
lock_acquired,2026-09-23 11:34:21.514,68,0,0,0,"{""event_name"": ""lock_acquired"", ""timestamp"": ""2026-09-23 11:34:21.514"", ""session_id"": 68, ""resource_type"": ""OBJECT"", ""mode"": ""IX""}",OBJECT,IX,UNKNOWN
lock_acquired,2026-09-23 11:34:21.514,68,0,0,0,"{""event_name"": ""lock_acquired"", ""timestamp"": ""2026-09-23 11:34:21.514"", ""session_id"": 68, ""resource_type"": ""KEY"", ""mode"": ""X""}",KEY,X,UNKNOWN
lock_acquired,2026-09-23 11:34:21.514,68,0,0,0,"{""event_name"": ""lock_acquired"", ""timestamp"": ""2026-09-23 11:34:21.514"", ""session_id"": 68, ""resource_type"": ""PAGE"", ""mode"": ""IX""}",PAGE,IX,UNKNOWN
lock_released,2026-09-23 11:34:21.514,70,0,0,0,"{""event_name"": ""lock_released"", ""timestamp"": ""2026-09-23 11:34:21.514"", ""session_id"": 70, ""resource_type"": ""KEY"", ""mode"": ""X""}",KEY,X,UNKNOWN
lock_released,2026-09-23 11:34:21.514,71,0,0,0,"{""event_name"": ""lock_released"", ""timestamp"": ""2026-09-23 11:34:21.514"", ""session_id"": 71, ""resource_type"": ""OBJECT"", ""mode"": ""IX""}",OBJECT,IX,UNKNOWN
lock_released,2026-09-23 11:34:21.514,75,0,0,0,"{""event_name"": ""lock_released"", ""timestamp"": ""2026-09-23 11:34:21.514"", ""session_id"": 75, ""resource_type"": ""OBJECT"", ""mode"": ""IX""}",OBJECT,IX,UNKNOWN
lock_released,2026-09-23 11:34:21.514,72,0,0,0,"{""event_name"": ""lock_released"", ""timestamp"": ""2026-09-23 11:34:21.514"", ""session_id"": 72, ""resource_type"": ""OBJECT"", ""mode"": ""IS""}",OBJECT,IS,UNKNOWN
lock_released,2026-09-23 11:34:21.514,69,0,0,0,"{""event_name"": ""lock_released"", ""timestamp"": ""2026-09-23 11:34:21.514"", ""session_id"": 69, ""resource_type"": ""OBJECT"", ""mode"": ""IS""}",OBJECT,IS,UNKNOWN
lock_released,2026-09-23 11:34:21.514,71,0,0,0,"{""event_name"": ""lock_released"", ""timestamp"": ""2026-09-23 11:34:21.514"", ""session_id"": 71, ""resource_type"": ""OBJECT"", ""mode"": ""IS""}",OBJECT,IS,UNKNOWN
lock_released,2026-09-23 11:34:21.514,75,0,0,0,"{""event_name"": ""lock_released"", ""timestamp"": ""2026-09-23 11:34:21.514"", ""session_id"": 75, ""resource_type"": ""KEY"", ""mode"": ""X""}",KEY,X,UNKNOWN
lock_released,2026-09-23 11:34:21.514,69,0,0,0,"{""event_name"": ""lock_released"", ""timestamp"": ""2026-09-23 11:34:21.514"", ""session_id"": 69, ""resource_type"": ""OBJECT"", ""mode"": ""IX""}",OBJECT,IX,UNKNOWN
lock_released,2026-09-23 11:34:21.514,70,0,0,0,"{""event_name"": ""lock_released"", ""timestamp"": ""2026-09-23 11:34:21.514"", ""session_id"": 70, ""resource_type"": ""OBJECT"", ""mode"": ""IX""}",OBJECT,IX,UNKNOWN
lock_acquired,2026-09-23 11:34:26.538,68,0,0,0,"{""event_name"": ""lock_acquired"", ""timestamp"": ""2026-09-23 11:34:26.538"", ""session_id"": 68, ""resource_type"": ""OBJECT"", ""mode"": ""Sch-S""}",OBJECT,Sch-S,UNKNOWN
lock_acquired,2026-09-23 11:34:26.538,70,0,0,0,"{""event_name"": ""lock_acquired"", ""timestamp"": ""2026-09-23 11:34:26.538"", ""session_id"": 70, ""resource_type"": ""PAGE"", ""mode"": ""S""}",PAGE,S,UNKNOWN
lock_acquired,2026-09-23 11:34:26.538,74,0,0,0,"{""event_name"": ""lock_acquired"", ""timestamp"": ""2026-09-23 11:34:26.538"", ""session_id"": 74, ""resource_type"": ""PAGE"", ""mode"": ""S""}",PAGE,S,UNKNOWN
lock_acquired,2026-09-23 11:34:26.538,74,0,0,0,"{""event_name"": ""lock_acquired"", ""timestamp"": ""2026-09-23 11:34:26.538"", ""session_id"": 74, ""resource_type"": ""OBJECT"", ""mode"": ""IS""}",OBJECT,IS,UNKNOWN
lock_acquired,2026-09-23 11:34:26.538,69,0,0,0,"{""event_name"": ""lock_acquired"", ""timestamp"": ""2026-09-23 11:34:26.538"", ""session_id"": 69, ""resource_type"": ""PAGE"", ""mode"": ""S""}",PAGE,S,UNKNOWN
lock_acquired,2026-09-23 11:34:26.538,68,0,0,0,"{""event_name"": ""lock_acquired"", ""timestamp"": ""2026-09-23 11:34:26.538"", ""session_id"": 68, ""resource_type"": ""METADATA"", ""mode"": ""Sch-S""}",METADATA,Sch-S,UNKNOWN
lock_acquired,2026-09-23 11:34:26.538,74,0,0,0,"{""event_name"": ""lock_acquired"", ""timestamp"": ""2026-09-23 11:34:26.538"", ""session_id"": 74, ""resource_type"": ""OBJECT"", ""mode"": ""IX""}",OBJECT,IX,UNKNOWN
lock_acquired,2026-09-23 11:34:26.538,69,0,0,0,"{""event_name"": ""lock_acquired"", ""timestamp"": ""2026-09-23 11:34:26.538"", ""session_id"": 69, ""resource_type"": ""OBJECT"", ""mode"": ""IS""}",OBJECT,IS,UNKNOWN
lock_acquired,2026-09-23 11:34:26.538,72,0,0,0,"{""event_name"": ""lock_acquired"", ""timestamp"": ""2026-09-23 11:34:26.538"", ""session_id"": 72, ""resource_type"": ""PAGE"", ""mode"": ""IX""}",PAGE,IX,UNKNOWN
lock_acquired,2026-09-23 11:34:26.538,70,0,0,0,"{""event_name"": ""lock_acquired"", ""timestamp"": ""2026-09-23 11:34:26.538"", ""session_id"": 70, ""resource_type"": ""OBJECT"", ""mode"": ""IS""}",OBJECT,IS,UNKNOWN
lock_acquired,2026-09-23 11:34:26.538,69,0,0,0,"{""event_name"": ""lock_acquired"", ""timestamp"": ""2026-09-23 11:34:26.538"", ""session_id"": 69, ""resource_type"": ""OBJECT"", ""mode"": ""IX""}",OBJECT,IX,UNKNOWN
lock_acquired,2026-09-23 11:34:26.538,70,0,0,0,"{""event_name"": ""lock_acquired"", ""timestamp"": ""2026-09-23 11:34:26.538"", ""session_id"": 70, ""resource_type"": ""OBJECT"", ""mode"": ""IX""}",OBJECT,IX,UNKNOWN
lock_released,2026-09-23 11:34:26.538,68,0,0,0,"{""event_name"": ""lock_released"", ""timestamp"": ""2026-09-23 11:34:26.538"", ""session_id"": 68, ""resource_type"": ""OBJECT"", ""mode"": ""IX""}",OBJECT,IX,UNKNOWN
lock_released,2026-09-23 11:34:26.538,68,0,0,0,"{""event_name"": ""lock_released"", ""timestamp"": ""2026-09-23 11:34:26.538"", ""session_id"": 68, ""resource_type"": ""KEY"", ""mode"": ""X""}",KEY,X,UNKNOWN
lock_released,2026-09-23 11:34:26.538,68,0,0,0,"{""event_name"": ""lock_released"", ""timestamp"": ""2026-09-23 11:34:26.538"", ""session_id"": 68, ""resource_type"": ""PAGE"", ""mode"": ""IX""}",PAGE,IX,UNKNOWN
lock_acquired,2026-09-23 11:34:31.570,74,0,0,0,"{""event_name"": ""lock_acquired"", ""timestamp"": ""2026-09-23 11:34:31.570"", ""session_id"": 74, ""resource_type"": ""KEY"", ""mode"": ""X""}",KEY,X,UNKNOWN
lock_acquired,2026-09-23 11:34:31.570,72,0,0,0,"{""event_name"": ""lock_acquired"", ""timestamp"": ""2026-09-23 11:34:31.570"", ""session_id"": 72, ""resource_type"": ""KEY"", ""mode"": ""X""}",KEY,X,UNKNOWN
lock_acquired,2026-09-23 11:34:31.570,68,0,0,0,"{""event_name"": ""lock_acquired"", ""timestamp"": ""2026-09-23 11:34:31.570"", ""session_id"": 68, ""resource_type"": ""PAGE"", ""mode"": ""S""}",PAGE,S,UNKNOWN
lock_acquired,2026-09-23 11:34:31.570,74,0,0,0,"{""event_name"": ""lock_acquired"", ""timestamp"": ""2026-09-23 11:34:31.570"", ""session_id"": 74, ""resource_type"": ""PAGE"", ""mode"": ""IX""}",PAGE,IX,UNKNOWN
lock_acquired,2026-09-23 11:34:31.570,68,0,0,0,"{""event_name"": ""lock_acquired"", ""timestamp"": ""2026-09-23 11:34:31.570"", ""session_id"": 68, ""resource_type"": ""OBJECT"", ""mode"": ""IS""}",OBJECT,IS,UNKNOWN
lock_acquired,2026-09-23 11:34:31.570,69,0,0,0,"{""event_name"": ""lock_acquired"", ""timestamp"": ""2026-09-23 11:34:31.570"", ""session_id"": 69, ""resource_type"": ""KEY"", ""mode"": ""X""}",KEY,X,UNKNOWN
lock_acquired,2026-09-23 11:34:31.570,68,0,0,0,"{""event_name"": ""lock_acquired"", ""timestamp"": ""2026-09-23 11:34:31.570"", ""session_id"": 68, ""resource_type"": ""OBJECT"", ""mode"": ""IX""}",OBJECT,IX,UNKNOWN
lock_acquired,2026-09-23 11:34:31.570,69,0,0,0,"{""event_name"": ""lock_acquired"", ""timestamp"": ""2026-09-23 11:34:31.570"", ""session_id"": 69, ""resource_type"": ""PAGE"", ""mode"": ""IX""}",PAGE,IX,UNKNOWN
lock_released,2026-09-23 11:34:31.570,68,0,0,0,"{""event_name"": ""lock_released"", ""timestamp"": ""2026-09-23 11:34:31.570"", ""session_id"": 68, ""resource_type"": ""OBJECT"", ""mode"": ""Sch-S""}",OBJECT,Sch-S,UNKNOWN
lock_released,2026-09-23 11:34:31.570,70,0,0,0,"{""event_name"": ""lock_released"", ""timestamp"": ""2026-09-23 11:34:31.570"", ""session_id"": 70, ""resource_type"": ""PAGE"", ""mode"": ""S""}",PAGE,S,UNKNOWN
lock_released,2026-09-23 11:34:31.570,74,0,0,0,"{""event_name"": ""lock_released"", ""timestamp"": ""2026-09-23 11:34:31.570"", ""session_id"": 74, ""resource_type"": ""PAGE"", ""mode"": ""S""}",PAGE,S,UNKNOWN
lock_released,2026-09-23 11:34:31.570,74,0,0,0,"{""event_name"": ""lock_released"", ""timestamp"": ""2026-09-23 11:34:31.570"", ""session_id"": 74, ""resource_type"": ""OBJECT"", ""mode"": ""IS""}",OBJECT,IS,UNKNOWN
lock_released,2026-09-23 11:34:31.570,69,0,0,0,"{""event_name"": ""lock_released"", ""timestamp"": ""2026-09-23 11:34:31.570"", ""session_id"": 69, ""resource_type"": ""PAGE"", ""mode"": ""S""}",PAGE,S,UNKNOWN
lock_released,2026-09-23 11:34:31.570,68,0,0,0,"{""event_name"": ""lock_released"", ""timestamp"": ""2026-09-23 11:34:31.570"", ""session_id"": 68, ""resource_type"": ""METADATA"", ""mode"": ""Sch-S""}",METADATA,Sch-S,UNKNOWN
lock_released,2026-09-23 11:34:31.570,69,0,0,0,"{""event_name"": ""lock_released"", ""timestamp"": ""2026-09-23 11:34:31.570"", ""session_id"": 69, ""resource_type"": ""OBJECT"", ""mode"": ""IS""}",OBJECT,IS,UNKNOWN
logout,2026-09-23 11:34:36.611,52,0,0,0,"{""event_name"": ""logout"", ""timestamp"": ""2026-09-23 11:34:36.611"", ""session_id"": 52}",0,0,UNKNOWN
lock_acquired,2026-09-23 11:34:36.611,75,0,0,0,"{""event_name"": ""lock_acquired"", ""timestamp"": ""2026-09-23 11:34:36.611"", ""session_id"": 75, ""resource_type"": ""OBJECT"", ""mode"": ""IS""}",OBJECT,IS,UNKNOWN
lock_acquired,2026-09-23 11:34:36.611,70,0,0,0,"{""event_name"": ""lock_acquired"", ""timestamp"": ""2026-09-23 11:34:36.611"", ""session_id"": 70, ""resource_type"": ""KEY"", ""mode"": ""X""}",KEY,X,UNKNOWN
lock_acquired,2026-09-23 11:34:36.611,71,0,0,0,"{""event_name"": ""lock_acquired"", ""timestamp"": ""2026-09-23 11:34:36.611"", ""session_id"": 71, ""resource_type"": ""OBJECT"", ""mode"": ""Sch-S""}",OBJECT,Sch-S,UNKNOWN
lock_acquired,2026-09-23 11:34:36.611,73,0,0,0,"{""event_name"": ""lock_acquired"", ""timestamp"": ""2026-09-23 11:34:36.611"", ""session_id"": 73, ""resource_type"": ""PAGE"", ""mode"": ""IX""}",PAGE,IX,UNKNOWN
lock_acquired,2026-09-23 11:34:36.611,72,0,0,0,"{""event_name"": ""lock_acquired"", ""timestamp"": ""2026-09-23 11:34:36.611"", ""session_id"": 72, ""resource_type"": ""PAGE"", ""mode"": ""S""}",PAGE,S,UNKNOWN
lock_acquired,2026-09-23 11:34:36.611,69,0,0,0,"{""event_name"": ""lock_acquired"", ""timestamp"": ""2026-09-23 11:34:36.611"", ""session_id"": 69, ""resource_type"": ""PAGE"", ""mode"": ""S""}",PAGE,S,UNKNOWN
lock_acquired,2026-09-23 11:34:36.611,70,0,0,0,"{""event_name"": ""lock_acquired"", ""timestamp"": ""2026-09-23 11:34:36.611"", ""session_id"": 70, ""resource_type"": ""PAGE"", ""mode"": ""IX""}",PAGE,IX,UNKNOWN
lock_acquired,2026-09-23 11:34:36.611,73,0,0,0,"{""event_name"": ""lock_acquired"", ""timestamp"": ""2026-09-23 11:34:36.611"", ""session_id"": 73, ""resource_type"": ""OBJECT"", ""mode"": ""IX""}",OBJECT,IX,UNKNOWN
lock_acquired,2026-09-23 11:34:36.611,72,0,0,0,"{""event_name"": ""lock_acquired"", ""timestamp"": ""2026-09-23 11:34:36.611"", ""session_id"": 72, ""resource_type"": ""OBJECT"", ""mode"": ""IS""}",OBJECT,IS,UNKNOWN
lock_acquired,2026-09-23 11:34:36.611,69,0,0,0,"{""event_name"": ""lock_acquired"", ""timestamp"": ""2026-09-23 11:34:36.611"", ""session_id"": 69, ""resource_type"": ""OBJECT"", ""mode"": ""IS""}",OBJECT,IS,UNKNOWN
lock_acquired,2026-09-23 11:34:36.611,73,0,0,0,"{""event_name"": ""lock_acquired"", ""timestamp"": ""2026-09-23 11:34:36.611"", ""session_id"": 73, ""resource_type"": ""KEY"", ""mode"": ""X""}",KEY,X,UNKNOWN
lock_released,2026-09-23 11:34:36.611,70,0,0,0,"{""event_name"": ""lock_released"", ""timestamp"": ""2026-09-23 11:34:36.611"", ""session_id"": 70, ""resource_type"": ""OBJECT"", ""mode"": ""IS""}",OBJECT,IS,UNKNOWN
lock_released,2026-09-23 11:34:36.611,74,0,0,0,"{""event_name"": ""lock_released"", ""timestamp"": ""2026-09-23 11:34:36.611"", ""session_id"": 74, ""resource_type"": ""KEY"", ""mode"": ""X""}",KEY,X,UNKNOWN
lock_released,2026-09-23 11:34:36.611,72,0,0,0,"{""event_name"": ""lock_released"", ""timestamp"": ""2026-09-23 11:34:36.611"", ""session_id"": 72, ""resource_type"": ""KEY"", ""mode"": ""X""}",KEY,X,UNKNOWN
lock_released,2026-09-23 11:34:36.611,68,0,0,0,"{""event_name"": ""lock_released"", ""timestamp"": ""2026-09-23 11:34:36.611"", ""session_id"": 68, ""resource_type"": ""PAGE"", ""mode"": ""S""}",PAGE,S,UNKNOWN
lock_released,2026-09-23 11:34:36.611,68,0,0,0,"{""event_name"": ""lock_released"", ""timestamp"": ""2026-09-23 11:34:36.611"", ""session_id"": 68, ""resource_type"": ""OBJECT"", ""mode"": ""IS""}",OBJECT,IS,UNKNOWN
lock_released,2026-09-23 11:34:36.611,69,0,0,0,"{""event_name"": ""lock_released"", ""timestamp"": ""2026-09-23 11:34:36.611"", ""session_id"": 69, ""resource_type"": ""KEY"", ""mode"": ""X""}",KEY,X,UNKNOWN
lock_released,2026-09-23 11:34:36.611,72,0,0,0,"{""event_name"": ""lock_released"", ""timestamp"": ""2026-09-23 11:34:36.611"", ""session_id"": 72, ""resource_type"": ""PAGE"", ""mode"": ""IX""}",PAGE,IX,UNKNOWN
lock_released,2026-09-23 11:34:36.611,68,0,0,0,"{""event_name"": ""lock_released"", ""timestamp"": ""2026-09-23 11:34:36.611"", ""session_id"": 68, ""resource_type"": ""OBJECT"", ""mode"": ""IX""}",OBJECT,IX,UNKNOWN
lock_released,2026-09-23 11:34:36.611,69,0,0,0,"{""event_name"": ""lock_released"", ""timestamp"": ""2026-09-23 11:34:36.611"", ""session_id"": 69, ""resource_type"": ""PAGE"", ""mode"": ""IX""}",PAGE,IX,UNKNOWN
lock_acquired,2026-09-23 11:34:41.664,74,0,0,0,"{""event_name"": ""lock_acquired"", ""timestamp"": ""2026-09-23 11:34:41.664"", ""session_id"": 74, ""resource_type"": ""KEY"", ""mode"": ""X""}",KEY,X,UNKNOWN
lock_acquired,2026-09-23 11:34:41.664,75,0,0,0,"{""event_name"": ""lock_acquired"", ""timestamp"": ""2026-09-23 11:34:41.664"", ""session_id"": 75, ""resource_type"": ""OBJECT"", ""mode"": ""IX""}",OBJECT,IX,UNKNOWN
lock_acquired,2026-09-23 11:34:41.664,71,0,0,0,"{""event_name"": ""lock_acquired"", ""timestamp"": ""2026-09-23 11:34:41.664"", ""session_id"": 71, ""resource_type"": ""PAGE"", ""mode"": ""IS""}",PAGE,IS,UNKNOWN
lock_acquired,2026-09-23 11:34:41.664,73,0,0,0,"{""event_name"": ""lock_acquired"", ""timestamp"": ""2026-09-23 11:34:41.664"", ""session_id"": 73, ""resource_type"": ""KEY"", ""mode"": ""U""}",KEY,U,UNKNOWN
lock_acquired,2026-09-23 11:34:41.664,71,0,0,0,"{""event_name"": ""lock_acquired"", ""timestamp"": ""2026-09-23 11:34:41.664"", ""session_id"": 71, ""resource_type"": ""KEY"", ""mode"": ""S""}",KEY,S,UNKNOWN
lock_acquired,2026-09-23 11:34:41.664,71,0,0,0,"{""event_name"": ""lock_acquired"", ""timestamp"": ""2026-09-23 11:34:41.664"", ""session_id"": 71, ""resource_type"": ""OBJECT"", ""mode"": ""IS""}",OBJECT,IS,UNKNOWN
lock_acquired,2026-09-23 11:34:41.664,69,0,0,0,"{""event_name"": ""lock_acquired"", ""timestamp"": ""2026-09-23 11:34:41.664"", ""session_id"": 69, ""resource_type"": ""PAGE"", ""mode"": ""IX""}",PAGE,IX,UNKNOWN
lock_released,2026-09-23 11:34:41.664,70,0,0,0,"{""event_name"": ""lock_released"", ""timestamp"": ""2026-09-23 11:34:41.664"", ""session_id"": 70, ""resource_type"": ""KEY"", ""mode"": ""X""}",KEY,X,UNKNOWN
lock_released,2026-09-23 11:34:41.664,71,0,0,0,"{""event_name"": ""lock_released"", ""timestamp"": ""2026-09-23 11:34:41.664"", ""session_id"": 71, ""resource_type"": ""OBJECT"", ""mode"": ""Sch-S""}",OBJECT,Sch-S,UNKNOWN
lock_released,2026-09-23 11:34:41.664,72,0,0,0,"{""event_name"": ""lock_released"", ""timestamp"": ""2026-09-23 11:34:41.664"", ""session_id"": 72, ""resource_type"": ""PAGE"", ""mode"": ""S""}",PAGE,S,UNKNOWN
lock_released,2026-09-23 11:34:41.664,69,0,0,0,"{""event_name"": ""lock_released"", ""timestamp"": ""2026-09-23 11:34:41.664"", ""session_id"": 69, ""resource_type"": ""PAGE"", ""mode"": ""S""}",PAGE,S,UNKNOWN
lock_released,2026-09-23 11:34:41.664,70,0,0,0,"{""event_name"": ""lock_released"", ""timestamp"": ""2026-09-23 11:34:41.664"", ""session_id"": 70, ""resource_type"": ""PAGE"", ""mode"": ""IX""}",PAGE,IX,UNKNOWN
lock_released,2026-09-23 11:34:41.664,74,0,0,0,"{""event_name"": ""lock_released"", ""timestamp"": ""2026-09-23 11:34:41.664"", ""session_id"": 74, ""resource_type"": ""PAGE"", ""mode"": ""IX""}",PAGE,IX,UNKNOWN
lock_released,2026-09-23 11:34:41.664,72,0,0,0,"{""event_name"": ""lock_released"", ""timestamp"": ""2026-09-23 11:34:41.664"", ""session_id"": 72, ""resource_type"": ""OBJECT"", ""mode"": ""IS""}",OBJECT,IS,UNKNOWN
lock_released,2026-09-23 11:34:41.664,73,0,0,0,"{""event_name"": ""lock_released"", ""timestamp"": ""2026-09-23 11:34:41.664"", ""session_id"": 73, ""resource_type"": ""KEY"", ""mode"": ""X""}",KEY,X,UNKNOWN
lock_released,2026-09-23 11:34:41.664,69,0,0,0,"{""event_name"": ""lock_released"", ""timestamp"": ""2026-09-23 11:34:41.664"", ""session_id"": 69, ""resource_type"": ""OBJECT"", ""mode"": ""IS""}",OBJECT,IS,UNKNOWN
lock_released,2026-09-23 11:34:41.664,72,0,0,0,"{""event_name"": ""lock_released"", ""timestamp"": ""2026-09-23 11:34:41.664"", ""session_id"": 72, ""resource_type"": ""OBJECT"", ""mode"": ""IX""}",OBJECT,IX,UNKNOWN
lock_released,2026-09-23 11:34:41.664,70,0,0,0,"{""event_name"": ""lock_released"", ""timestamp"": ""2026-09-23 11:34:41.664"", ""session_id"": 70, ""resource_type"": ""OBJECT"", ""mode"": ""IX""}",OBJECT,IX,UNKNOWN
login,2026-09-23 11:34:46.704,52,sa,unknown,SteelNort,"{""event_name"": ""login"", ""timestamp"": ""2026-09-23 11:34:46.704"", ""session_id"": 52, ""login_name"": ""sa"", ""program_name"": ""unknown"", ""database_name"": ""SteelNort""}",0,0,UNKNOWN
lock_acquired,2026-09-23 11:34:46.704,72,0,0,0,"{""event_name"": ""lock_acquired"", ""timestamp"": ""2026-09-23 11:34:46.704"", ""session_id"": 72, ""resource_type"": ""OBJECT"", ""mode"": ""Sch-S""}",OBJECT,Sch-S,UNKNOWN
lock_acquired,2026-09-23 11:34:46.704,74,0,0,0,"{""event_name"": ""lock_acquired"", ""timestamp"": ""2026-09-23 11:34:46.704"", ""session_id"": 74, ""resource_type"": ""OBJECT"", ""mode"": ""IS""}",OBJECT,IS,UNKNOWN
lock_acquired,2026-09-23 11:34:46.704,72,0,0,0,"{""event_name"": ""lock_acquired"", ""timestamp"": ""2026-09-23 11:34:46.704"", ""session_id"": 72, ""resource_type"": ""METADATA"", ""mode"": ""Sch-S""}",METADATA,Sch-S,UNKNOWN
lock_acquired,2026-09-23 11:34:46.704,75,0,0,0,"{""event_name"": ""lock_acquired"", ""timestamp"": ""2026-09-23 11:34:46.704"", ""session_id"": 75, ""resource_type"": ""OBJECT"", ""mode"": ""Sch-S""}",OBJECT,Sch-S,UNKNOWN
lock_acquired,2026-09-23 11:34:46.704,75,0,0,0,"{""event_name"": ""lock_acquired"", ""timestamp"": ""2026-09-23 11:34:46.704"", ""session_id"": 75, ""resource_type"": ""METADATA"", ""mode"": ""Sch-S""}",METADATA,Sch-S,UNKNOWN
lock_released,2026-09-23 11:34:46.704,75,0,0,0,"{""event_name"": ""lock_released"", ""timestamp"": ""2026-09-23 11:34:46.704"", ""session_id"": 75, ""resource_type"": ""OBJECT"", ""mode"": ""IS""}",OBJECT,IS,UNKNOWN
lock_released,2026-09-23 11:34:46.704,74,0,0,0,"{""event_name"": ""lock_released"", ""timestamp"": ""2026-09-23 11:34:46.704"", ""session_id"": 74, ""resource_type"": ""KEY"", ""mode"": ""X""}",KEY,X,UNKNOWN
lock_released,2026-09-23 11:34:46.704,73,0,0,0,"{""event_name"": ""lock_released"", ""timestamp"": ""2026-09-23 11:34:46.704"", ""session_id"": 73, ""resource_type"": ""PAGE"", ""mode"": ""IX""}",PAGE,IX,UNKNOWN
lock_released,2026-09-23 11:34:46.704,75,0,0,0,"{""event_name"": ""lock_released"", ""timestamp"": ""2026-09-23 11:34:46.704"", ""session_id"": 75, ""resource_type"": ""OBJECT"", ""mode"": ""IX""}",OBJECT,IX,UNKNOWN
lock_released,2026-09-23 11:34:46.704,71,0,0,0,"{""event_name"": ""lock_released"", ""timestamp"": ""2026-09-23 11:34:46.704"", ""session_id"": 71, ""resource_type"": ""PAGE"", ""mode"": ""IS""}",PAGE,IS,UNKNOWN
lock_released,2026-09-23 11:34:46.704,73,0,0,0,"{""event_name"": ""lock_released"", ""timestamp"": ""2026-09-23 11:34:46.704"", ""session_id"": 73, ""resource_type"": ""KEY"", ""mode"": ""U""}",KEY,U,UNKNOWN
lock_released,2026-09-23 11:34:46.704,73,0,0,0,"{""event_name"": ""lock_released"", ""timestamp"": ""2026-09-23 11:34:46.704"", ""session_id"": 73, ""resource_type"": ""OBJECT"", ""mode"": ""IX""}",OBJECT,IX,UNKNOWN
lock_released,2026-09-23 11:34:46.704,71,0,0,0,"{""event_name"": ""lock_released"", ""timestamp"": ""2026-09-23 11:34:46.704"", ""session_id"": 71, ""resource_type"": ""KEY"", ""mode"": ""S""}",KEY,S,UNKNOWN
lock_released,2026-09-23 11:34:46.704,71,0,0,0,"{""event_name"": ""lock_released"", ""timestamp"": ""2026-09-23 11:34:46.704"", ""session_id"": 71, ""resource_type"": ""OBJECT"", ""mode"": ""IS""}",OBJECT,IS,UNKNOWN
lock_released,2026-09-23 11:34:46.704,69,0,0,0,"{""event_name"": ""lock_released"", ""timestamp"": ""2026-09-23 11:34:46.704"", ""session_id"": 69, ""resource_type"": ""PAGE"", ""mode"": ""IX""}",PAGE,IX,UNKNOWN
lock_released,2026-09-23 11:34:46.704,69,0,0,0,"{""event_name"": ""lock_released"", ""timestamp"": ""2026-09-23 11:34:46.704"", ""session_id"": 69, ""resource_type"": ""OBJECT"", ""mode"": ""IX""}",OBJECT,IX,UNKNOWN
lock_acquired,2026-09-23 11:34:51.736,70,0,0,0,"{""event_name"": ""lock_acquired"", ""timestamp"": ""2026-09-23 11:34:51.736"", ""session_id"": 70, ""resource_type"": ""OBJECT"", ""mode"": ""IS""}",OBJECT,IS,UNKNOWN
lock_acquired,2026-09-23 11:34:51.736,71,0,0,0,"{""event_name"": ""lock_acquired"", ""timestamp"": ""2026-09-23 11:34:51.736"", ""session_id"": 71, ""resource_type"": ""OBJECT"", ""mode"": ""IX""}",OBJECT,IX,UNKNOWN
lock_acquired,2026-09-23 11:34:51.736,70,0,0,0,"{""event_name"": ""lock_acquired"", ""timestamp"": ""2026-09-23 11:34:51.736"", ""session_id"": 70, ""resource_type"": ""PAGE"", ""mode"": ""S""}",PAGE,S,UNKNOWN
lock_acquired,2026-09-23 11:34:51.736,74,0,0,0,"{""event_name"": ""lock_acquired"", ""timestamp"": ""2026-09-23 11:34:51.736"", ""session_id"": 74, ""resource_type"": ""PAGE"", ""mode"": ""S""}",PAGE,S,UNKNOWN
lock_acquired,2026-09-23 11:34:51.736,75,0,0,0,"{""event_name"": ""lock_acquired"", ""timestamp"": ""2026-09-23 11:34:51.736"", ""session_id"": 75, ""resource_type"": ""PAGE"", ""mode"": ""IX""}",PAGE,IX,UNKNOWN
lock_acquired,2026-09-23 11:34:51.736,75,0,0,0,"{""event_name"": ""lock_acquired"", ""timestamp"": ""2026-09-23 11:34:51.736"", ""session_id"": 75, ""resource_type"": ""OBJECT"", ""mode"": ""IX""}",OBJECT,IX,UNKNOWN
lock_acquired,2026-09-23 11:34:51.736,73,0,0,0,"{""event_name"": ""lock_acquired"", ""timestamp"": ""2026-09-23 11:34:51.736"", ""session_id"": 73, ""resource_type"": ""OBJECT"", ""mode"": ""IS""}",OBJECT,IS,UNKNOWN
lock_acquired,2026-09-23 11:34:51.736,69,0,0,0,"{""event_name"": ""lock_acquired"", ""timestamp"": ""2026-09-23 11:34:51.736"", ""session_id"": 69, ""resource_type"": ""PAGE"", ""mode"": ""S""}",PAGE,S,UNKNOWN
lock_acquired,2026-09-23 11:34:51.736,73,0,0,0,"{""event_name"": ""lock_acquired"", ""timestamp"": ""2026-09-23 11:34:51.736"", ""session_id"": 73, ""resource_type"": ""OBJECT"", ""mode"": ""IX""}",OBJECT,IX,UNKNOWN
lock_acquired,2026-09-23 11:34:51.736,68,0,0,0,"{""event_name"": ""lock_acquired"", ""timestamp"": ""2026-09-23 11:34:51.736"", ""session_id"": 68, ""resource_type"": ""OBJECT"", ""mode"": ""IS""}",OBJECT,IS,UNKNOWN
lock_acquired,2026-09-23 11:34:51.736,69,0,0,0,"{""event_name"": ""lock_acquired"", ""timestamp"": ""2026-09-23 11:34:51.736"", ""session_id"": 69, ""resource_type"": ""OBJECT"", ""mode"": ""IS""}",OBJECT,IS,UNKNOWN
lock_acquired,2026-09-23 11:34:51.736,75,0,0,0,"{""event_name"": ""lock_acquired"", ""timestamp"": ""2026-09-23 11:34:51.736"", ""session_id"": 75, ""resource_type"": ""KEY"", ""mode"": ""X""}",KEY,X,UNKNOWN
lock_acquired,2026-09-23 11:34:51.736,68,0,0,0,"{""event_name"": ""lock_acquired"", ""timestamp"": ""2026-09-23 11:34:51.736"", ""session_id"": 68, ""resource_type"": ""OBJECT"", ""mode"": ""IX""}",OBJECT,IX,UNKNOWN
lock_acquired,2026-09-23 11:34:51.736,72,0,0,0,"{""event_name"": ""lock_acquired"", ""timestamp"": ""2026-09-23 11:34:51.736"", ""session_id"": 72, ""resource_type"": ""OBJECT"", ""mode"": ""IX""}",OBJECT,IX,UNKNOWN
lock_acquired,2026-09-23 11:34:51.736,69,0,0,0,"{""event_name"": ""lock_acquired"", ""timestamp"": ""2026-09-23 11:34:51.736"", ""session_id"": 69, ""resource_type"": ""OBJECT"", ""mode"": ""IX""}",OBJECT,IX,UNKNOWN
lock_acquired,2026-09-23 11:34:51.736,70,0,0,0,"{""event_name"": ""lock_acquired"", ""timestamp"": ""2026-09-23 11:34:51.736"", ""session_id"": 70, ""resource_type"": ""OBJECT"", ""mode"": ""IX""}",OBJECT,IX,UNKNOWN
lock_released,2026-09-23 11:34:51.736,72,0,0,0,"{""event_name"": ""lock_released"", ""timestamp"": ""2026-09-23 11:34:51.736"", ""session_id"": 72, ""resource_type"": ""OBJECT"", ""mode"": ""Sch-S""}",OBJECT,Sch-S,UNKNOWN
lock_released,2026-09-23 11:34:51.736,75,0,0,0,"{""event_name"": ""lock_released"", ""timestamp"": ""2026-09-23 11:34:51.736"", ""session_id"": 75, ""resource_type"": ""METADATA"", ""mode"": ""Sch-S""}",METADATA,Sch-S,UNKNOWN
lock_released,2026-09-23 11:34:51.736,72,0,0,0,"{""event_name"": ""lock_released"", ""timestamp"": ""2026-09-23 11:34:51.736"", ""session_id"": 72, ""resource_type"": ""METADATA"", ""mode"": ""Sch-S""}",METADATA,Sch-S,UNKNOWN
lock_released,2026-09-23 11:34:51.736,75,0,0,0,"{""event_name"": ""lock_released"", ""timestamp"": ""2026-09-23 11:34:51.736"", ""session_id"": 75, ""resource_type"": ""OBJECT"", ""mode"": ""Sch-S""}",OBJECT,Sch-S,UNKNOWN
lock_acquired,2026-09-23 11:34:56.775,71,0,0,0,"{""event_name"": ""lock_acquired"", ""timestamp"": ""2026-09-23 11:34:56.775"", ""session_id"": 71, ""resource_type"": ""METADATA"", ""mode"": ""S""}",METADATA,S,UNKNOWN
lock_acquired,2026-09-23 11:34:56.775,71,0,0,0,"{""event_name"": ""lock_acquired"", ""timestamp"": ""2026-09-23 11:34:56.775"", ""session_id"": 71, ""resource_type"": ""OBJECT"", ""mode"": ""Sch-S""}",OBJECT,Sch-S,UNKNOWN
lock_acquired,2026-09-23 11:34:56.775,72,0,0,0,"{""event_name"": ""lock_acquired"", ""timestamp"": ""2026-09-23 11:34:56.775"", ""session_id"": 72, ""resource_type"": ""OBJECT"", ""mode"": ""IS""}",OBJECT,IS,UNKNOWN
lock_released,2026-09-23 11:34:56.775,71,0,0,0,"{""event_name"": ""lock_released"", ""timestamp"": ""2026-09-23 11:34:56.775"", ""session_id"": 71, ""resource_type"": ""OBJECT"", ""mode"": ""IX""}",OBJECT,IX,UNKNOWN
lock_released,2026-09-23 11:34:56.775,74,0,0,0,"{""event_name"": ""lock_released"", ""timestamp"": ""2026-09-23 11:34:56.775"", ""session_id"": 74, ""resource_type"": ""PAGE"", ""mode"": ""S""}",PAGE,S,UNKNOWN
lock_released,2026-09-23 11:34:56.775,73,0,0,0,"{""event_name"": ""lock_released"", ""timestamp"": ""2026-09-23 11:34:56.775"", ""session_id"": 73, ""resource_type"": ""OBJECT"", ""mode"": ""IS""}",OBJECT,IS,UNKNOWN
lock_released,2026-09-23 11:34:56.775,74,0,0,0,"{""event_name"": ""lock_released"", ""timestamp"": ""2026-09-23 11:34:56.775"", ""session_id"": 74, ""resource_type"": ""OBJECT"", ""mode"": ""IS""}",OBJECT,IS,UNKNOWN
lock_released,2026-09-23 11:34:56.775,73,0,0,0,"{""event_name"": ""lock_released"", ""timestamp"": ""2026-09-23 11:34:56.775"", ""session_id"": 73, ""resource_type"": ""OBJECT"", ""mode"": ""IX""}",OBJECT,IX,UNKNOWN
lock_released,2026-09-23 11:34:56.775,74,0,0,0,"{""event_name"": ""lock_released"", ""timestamp"": ""2026-09-23 11:34:56.775"", ""session_id"": 74, ""resource_type"": ""OBJECT"", ""mode"": ""IX""}",OBJECT,IX,UNKNOWN
lock_acquired,2026-09-23 11:35:01.813,71,0,0,0,"{""event_name"": ""lock_acquired"", ""timestamp"": ""2026-09-23 11:35:01.813"", ""session_id"": 71, ""resource_type"": ""PAGE"", ""mode"": ""IX""}",PAGE,IX,UNKNOWN
lock_acquired,2026-09-23 11:35:01.813,71,0,0,0,"{""event_name"": ""lock_acquired"", ""timestamp"": ""2026-09-23 11:35:01.813"", ""session_id"": 71, ""resource_type"": ""OBJECT"", ""mode"": ""IX""}",OBJECT,IX,UNKNOWN
lock_released,2026-09-23 11:35:01.813,70,0,0,0,"{""event_name"": ""lock_released"", ""timestamp"": ""2026-09-23 11:35:01.813"", ""session_id"": 70, ""resource_type"": ""OBJECT"", ""mode"": ""IS""}",OBJECT,IS,UNKNOWN
lock_released,2026-09-23 11:35:01.813,71,0,0,0,"{""event_name"": ""lock_released"", ""timestamp"": ""2026-09-23 11:35:01.813"", ""session_id"": 71, ""resource_type"": ""METADATA"", ""mode"": ""S""}",METADATA,S,UNKNOWN
lock_released,2026-09-23 11:35:01.813,70,0,0,0,"{""event_name"": ""lock_released"", ""timestamp"": ""2026-09-23 11:35:01.813"", ""session_id"": 70, ""resource_type"": ""PAGE"", ""mode"": ""S""}",PAGE,S,UNKNOWN
lock_released,2026-09-23 11:35:01.813,71,0,0,0,"{""event_name"": ""lock_released"", ""timestamp"": ""2026-09-23 11:35:01.813"", ""session_id"": 71, ""resource_type"": ""OBJECT"", ""mode"": ""Sch-S""}",OBJECT,Sch-S,UNKNOWN
lock_released,2026-09-23 11:35:01.813,75,0,0,0,"{""event_name"": ""lock_released"", ""timestamp"": ""2026-09-23 11:35:01.813"", ""session_id"": 75, ""resource_type"": ""PAGE"", ""mode"": ""IX""}",PAGE,IX,UNKNOWN
lock_released,2026-09-23 11:35:01.813,75,0,0,0,"{""event_name"": ""lock_released"", ""timestamp"": ""2026-09-23 11:35:01.813"", ""session_id"": 75, ""resource_type"": ""OBJECT"", ""mode"": ""IX""}",OBJECT,IX,UNKNOWN
lock_released,2026-09-23 11:35:01.813,69,0,0,0,"{""event_name"": ""lock_released"", ""timestamp"": ""2026-09-23 11:35:01.813"", ""session_id"": 69, ""resource_type"": ""PAGE"", ""mode"": ""S""}",PAGE,S,UNKNOWN
lock_released,2026-09-23 11:35:01.813,72,0,0,0,"{""event_name"": ""lock_released"", ""timestamp"": ""2026-09-23 11:35:01.813"", ""session_id"": 72, ""resource_type"": ""OBJECT"", ""mode"": ""IS""}",OBJECT,IS,UNKNOWN
lock_released,2026-09-23 11:35:01.813,75,0,0,0,"{""event_name"": ""lock_released"", ""timestamp"": ""2026-09-23 11:35:01.813"", ""session_id"": 75, ""resource_type"": ""KEY"", ""mode"": ""X""}",KEY,X,UNKNOWN
lock_released,2026-09-23 11:35:01.813,72,0,0,0,"{""event_name"": ""lock_released"", ""timestamp"": ""2026-09-23 11:35:01.813"", ""session_id"": 72, ""resource_type"": ""OBJECT"", ""mode"": ""IX""}",OBJECT,IX,UNKNOWN
lock_released,2026-09-23 11:35:01.813,70,0,0,0,"{""event_name"": ""lock_released"", ""timestamp"": ""2026-09-23 11:35:01.813"", ""session_id"": 70, ""resource_type"": ""OBJECT"", ""mode"": ""IX""}",OBJECT,IX,UNKNOWN
lock_acquired,2026-09-23 11:35:06.853,73,0,0,0,"{""event_name"": ""lock_acquired"", ""timestamp"": ""2026-09-23 11:35:06.853"", ""session_id"": 73, ""resource_type"": ""PAGE"", ""mode"": ""IX""}",PAGE,IX,UNKNOWN
lock_acquired,2026-09-23 11:35:06.853,75,0,0,0,"{""event_name"": ""lock_acquired"", ""timestamp"": ""2026-09-23 11:35:06.853"", ""session_id"": 75, ""resource_type"": ""KEY"", ""mode"": ""U""}",KEY,U,UNKNOWN
lock_acquired,2026-09-23 11:35:06.853,75,0,0,0,"{""event_name"": ""lock_acquired"", ""timestamp"": ""2026-09-23 11:35:06.853"", ""session_id"": 75, ""resource_type"": ""PAGE"", ""mode"": ""IX""}",PAGE,IX,UNKNOWN
lock_acquired,2026-09-23 11:35:06.853,75,0,0,0,"{""event_name"": ""lock_acquired"", ""timestamp"": ""2026-09-23 11:35:06.853"", ""session_id"": 75, ""resource_type"": ""OBJECT"", ""mode"": ""IX""}",OBJECT,IX,UNKNOWN
lock_acquired,2026-09-23 11:35:06.853,74,0,0,0,"{""event_name"": ""lock_acquired"", ""timestamp"": ""2026-09-23 11:35:06.853"", ""session_id"": 74, ""resource_type"": ""OBJECT"", ""mode"": ""IS""}",OBJECT,IS,UNKNOWN
lock_acquired,2026-09-23 11:35:06.853,73,0,0,0,"{""event_name"": ""lock_acquired"", ""timestamp"": ""2026-09-23 11:35:06.853"", ""session_id"": 73, ""resource_type"": ""OBJECT"", ""mode"": ""IX""}",OBJECT,IX,UNKNOWN
lock_acquired,2026-09-23 11:35:06.853,73,0,0,0,"{""event_name"": ""lock_acquired"", ""timestamp"": ""2026-09-23 11:35:06.853"", ""session_id"": 73, ""resource_type"": ""PAGE"", ""mode"": ""IU""}",PAGE,IU,UNKNOWN
lock_acquired,2026-09-23 11:35:06.853,74,0,0,0,"{""event_name"": ""lock_acquired"", ""timestamp"": ""2026-09-23 11:35:06.853"", ""session_id"": 74, ""resource_type"": ""OBJECT"", ""mode"": ""IX""}",OBJECT,IX,UNKNOWN
lock_acquired,2026-09-23 11:35:06.853,69,0,0,0,"{""event_name"": ""lock_acquired"", ""timestamp"": ""2026-09-23 11:35:06.853"", ""session_id"": 69, ""resource_type"": ""KEY"", ""mode"": ""X""}",KEY,X,UNKNOWN
lock_acquired,2026-09-23 11:35:06.853,72,0,0,0,"{""event_name"": ""lock_acquired"", ""timestamp"": ""2026-09-23 11:35:06.853"", ""session_id"": 72, ""resource_type"": ""OBJECT"", ""mode"": ""IS""}",OBJECT,IS,UNKNOWN
lock_acquired,2026-09-23 11:35:06.853,71,0,0,0,"{""event_name"": ""lock_acquired"", ""timestamp"": ""2026-09-23 11:35:06.853"", ""session_id"": 71, ""resource_type"": ""OBJECT"", ""mode"": ""IS""}",OBJECT,IS,UNKNOWN
lock_acquired,2026-09-23 11:35:06.853,75,0,0,0,"{""event_name"": ""lock_acquired"", ""timestamp"": ""2026-09-23 11:35:06.853"", ""session_id"": 75, ""resource_type"": ""KEY"", ""mode"": ""X""}",KEY,X,UNKNOWN
lock_acquired,2026-09-23 11:35:06.853,72,0,0,0,"{""event_name"": ""lock_acquired"", ""timestamp"": ""2026-09-23 11:35:06.853"", ""session_id"": 72, ""resource_type"": ""OBJECT"", ""mode"": ""IX""}",OBJECT,IX,UNKNOWN
lock_acquired,2026-09-23 11:35:06.853,69,0,0,0,"{""event_name"": ""lock_acquired"", ""timestamp"": ""2026-09-23 11:35:06.853"", ""session_id"": 69, ""resource_type"": ""PAGE"", ""mode"": ""IX""}",PAGE,IX,UNKNOWN
lock_released,2026-09-23 11:35:06.853,71,0,0,0,"{""event_name"": ""lock_released"", ""timestamp"": ""2026-09-23 11:35:06.853"", ""session_id"": 71, ""resource_type"": ""PAGE"", ""mode"": ""IX""}",PAGE,IX,UNKNOWN
lock_released,2026-09-23 11:35:06.853,69,0,0,0,"{""event_name"": ""lock_released"", ""timestamp"": ""2026-09-23 11:35:06.853"", ""session_id"": 69, ""resource_type"": ""OBJECT"", ""mode"": ""IS""}",OBJECT,IS,UNKNOWN
lock_acquired,2026-09-23 11:35:11.897,75,0,0,0,"{""event_name"": ""lock_acquired"", ""timestamp"": ""2026-09-23 11:35:11.897"", ""session_id"": 75, ""resource_type"": ""OBJECT"", ""mode"": ""Sch-S""}",OBJECT,Sch-S,UNKNOWN
lock_acquired,2026-09-23 11:35:11.897,68,0,0,0,"{""event_name"": ""lock_acquired"", ""timestamp"": ""2026-09-23 11:35:11.897"", ""session_id"": 68, ""resource_type"": ""PAGE"", ""mode"": ""IX""}",PAGE,IX,UNKNOWN
lock_acquired,2026-09-23 11:35:11.897,70,0,0,0,"{""event_name"": ""lock_acquired"", ""timestamp"": ""2026-09-23 11:35:11.897"", ""session_id"": 70, ""resource_type"": ""OBJECT"", ""mode"": ""IS""}",OBJECT,IS,UNKNOWN
lock_acquired,2026-09-23 11:35:11.897,75,0,0,0,"{""event_name"": ""lock_acquired"", ""timestamp"": ""2026-09-23 11:35:11.897"", ""session_id"": 75, ""resource_type"": ""METADATA"", ""mode"": ""Sch-S""}",METADATA,Sch-S,UNKNOWN
lock_acquired,2026-09-23 11:35:11.897,69,0,0,0,"{""event_name"": ""lock_acquired"", ""timestamp"": ""2026-09-23 11:35:11.897"", ""session_id"": 69, ""resource_type"": ""OBJECT"", ""mode"": ""Sch-S""}",OBJECT,Sch-S,UNKNOWN
lock_acquired,2026-09-23 11:35:11.897,70,0,0,0,"{""event_name"": ""lock_acquired"", ""timestamp"": ""2026-09-23 11:35:11.897"", ""session_id"": 70, ""resource_type"": ""OBJECT"", ""mode"": ""IX""}",OBJECT,IX,UNKNOWN
lock_released,2026-09-23 11:35:11.897,73,0,0,0,"{""event_name"": ""lock_released"", ""timestamp"": ""2026-09-23 11:35:11.897"", ""session_id"": 73, ""resource_type"": ""PAGE"", ""mode"": ""IX""}",PAGE,IX,UNKNOWN
lock_released,2026-09-23 11:35:11.897,75,0,0,0,"{""event_name"": ""lock_released"", ""timestamp"": ""2026-09-23 11:35:11.897"", ""session_id"": 75, ""resource_type"": ""KEY"", ""mode"": ""U""}",KEY,U,UNKNOWN
lock_released,2026-09-23 11:35:11.897,75,0,0,0,"{""event_name"": ""lock_released"", ""timestamp"": ""2026-09-23 11:35:11.897"", ""session_id"": 75, ""resource_type"": ""PAGE"", ""mode"": ""IX""}",PAGE,IX,UNKNOWN
lock_released,2026-09-23 11:35:11.897,75,0,0,0,"{""event_name"": ""lock_released"", ""timestamp"": ""2026-09-23 11:35:11.897"", ""session_id"": 75, ""resource_type"": ""OBJECT"", ""mode"": ""IX""}",OBJECT,IX,UNKNOWN
lock_released,2026-09-23 11:35:11.897,74,0,0,0,"{""event_name"": ""lock_released"", ""timestamp"": ""2026-09-23 11:35:11.897"", ""session_id"": 74, ""resource_type"": ""OBJECT"", ""mode"": ""IS""}",OBJECT,IS,UNKNOWN
lock_released,2026-09-23 11:35:11.897,73,0,0,0,"{""event_name"": ""lock_released"", ""timestamp"": ""2026-09-23 11:35:11.897"", ""session_id"": 73, ""resource_type"": ""OBJECT"", ""mode"": ""IX""}",OBJECT,IX,UNKNOWN
lock_released,2026-09-23 11:35:11.897,73,0,0,0,"{""event_name"": ""lock_released"", ""timestamp"": ""2026-09-23 11:35:11.897"", ""session_id"": 73, ""resource_type"": ""PAGE"", ""mode"": ""IU""}",PAGE,IU,UNKNOWN
lock_released,2026-09-23 11:35:11.897,68,0,0,0,"{""event_name"": ""lock_released"", ""timestamp"": ""2026-09-23 11:35:11.897"", ""session_id"": 68, ""resource_type"": ""OBJECT"", ""mode"": ""IS""}",OBJECT,IS,UNKNOWN
lock_released,2026-09-23 11:35:11.897,69,0,0,0,"{""event_name"": ""lock_released"", ""timestamp"": ""2026-09-23 11:35:11.897"", ""session_id"": 69, ""resource_type"": ""KEY"", ""mode"": ""X""}",KEY,X,UNKNOWN
lock_released,2026-09-23 11:35:11.897,74,0,0,0,"{""event_name"": ""lock_released"", ""timestamp"": ""2026-09-23 11:35:11.897"", ""session_id"": 74, ""resource_type"": ""OBJECT"", ""mode"": ""IX""}",OBJECT,IX,UNKNOWN
lock_released,2026-09-23 11:35:11.897,72,0,0,0,"{""event_name"": ""lock_released"", ""timestamp"": ""2026-09-23 11:35:11.897"", ""session_id"": 72, ""resource_type"": ""OBJECT"", ""mode"": ""IS""}",OBJECT,IS,UNKNOWN
lock_released,2026-09-23 11:35:11.897,75,0,0,0,"{""event_name"": ""lock_released"", ""timestamp"": ""2026-09-23 11:35:11.897"", ""session_id"": 75, ""resource_type"": ""KEY"", ""mode"": ""X""}",KEY,X,UNKNOWN
lock_released,2026-09-23 11:35:11.897,72,0,0,0,"{""event_name"": ""lock_released"", ""timestamp"": ""2026-09-23 11:35:11.897"", ""session_id"": 72, ""resource_type"": ""OBJECT"", ""mode"": ""IX""}",OBJECT,IX,UNKNOWN
lock_released,2026-09-23 11:35:11.897,69,0,0,0,"{""event_name"": ""lock_released"", ""timestamp"": ""2026-09-23 11:35:11.897"", ""session_id"": 69, ""resource_type"": ""PAGE"", ""mode"": ""IX""}",PAGE,IX,UNKNOWN
lock_released,2026-09-23 11:35:11.897,69,0,0,0,"{""event_name"": ""lock_released"", ""timestamp"": ""2026-09-23 11:35:11.897"", ""session_id"": 69, ""resource_type"": ""OBJECT"", ""mode"": ""IX""}",OBJECT,IX,UNKNOWN
login,2026-09-23 11:35:16.930,64,795ec2146175\Administrator,Microsoft SQL Server,SteelNort,"{""event_name"": ""login"", ""timestamp"": ""2026-09-23 11:35:16.930"", ""session_id"": 64, ""login_name"": ""795ec2146175\\Administrator"", ""program_name"": ""Microsoft SQL Server"", ""database_name"": ""SteelNort""}",0,0,UNKNOWN
lock_acquired,2026-09-23 11:35:16.930,68,0,0,0,"{""event_name"": ""lock_acquired"", ""timestamp"": ""2026-09-23 11:35:16.930"", ""session_id"": 68, ""resource_type"": ""KEY"", ""mode"": ""X""}",KEY,X,UNKNOWN
lock_acquired,2026-09-23 11:35:16.930,72,0,0,0,"{""event_name"": ""lock_acquired"", ""timestamp"": ""2026-09-23 11:35:16.930"", ""session_id"": 72, ""resource_type"": ""KEY"", ""mode"": ""X""}",KEY,X,UNKNOWN
lock_acquired,2026-09-23 11:35:16.930,69,0,0,0,"{""event_name"": ""lock_acquired"", ""timestamp"": ""2026-09-23 11:35:16.930"", ""session_id"": 69, ""resource_type"": ""KEY"", ""mode"": ""X""}",KEY,X,UNKNOWN
lock_acquired,2026-09-23 11:35:16.930,69,0,0,0,"{""event_name"": ""lock_acquired"", ""timestamp"": ""2026-09-23 11:35:16.930"", ""session_id"": 69, ""resource_type"": ""PAGE"", ""mode"": ""IX""}",PAGE,IX,UNKNOWN
lock_acquired,2026-09-23 11:35:16.930,69,0,0,0,"{""event_name"": ""lock_acquired"", ""timestamp"": ""2026-09-23 11:35:16.930"", ""session_id"": 69, ""resource_type"": ""OBJECT"", ""mode"": ""IX""}",OBJECT,IX,UNKNOWN
lock_released,2026-09-23 11:35:16.930,71,0,0,0,"{""event_name"": ""lock_released"", ""timestamp"": ""2026-09-23 11:35:16.930"", ""session_id"": 71, ""resource_type"": ""OBJECT"", ""mode"": ""IX""}",OBJECT,IX,UNKNOWN
lock_released,2026-09-23 11:35:16.930,71,0,0,0,"{""event_name"": ""lock_released"", ""timestamp"": ""2026-09-23 11:35:16.930"", ""session_id"": 71, ""resource_type"": ""OBJECT"", ""mode"": ""IS""}",OBJECT,IS,UNKNOWN
lock_released,2026-09-23 11:35:16.930,68,0,0,0,"{""event_name"": ""lock_released"", ""timestamp"": ""2026-09-23 11:35:16.930"", ""session_id"": 68, ""resource_type"": ""PAGE"", ""mode"": ""IX""}",PAGE,IX,UNKNOWN
lock_released,2026-09-23 11:35:16.930,68,0,0,0,"{""event_name"": ""lock_released"", ""timestamp"": ""2026-09-23 11:35:16.930"", ""session_id"": 68, ""resource_type"": ""OBJECT"", ""mode"": ""IX""}",OBJECT,IX,UNKNOWN
lock_released,2026-09-23 11:35:16.930,70,0,0,0,"{""event_name"": ""lock_released"", ""timestamp"": ""2026-09-23 11:35:16.930"", ""session_id"": 70, ""resource_type"": ""OBJECT"", ""mode"": ""IS""}",OBJECT,IS,UNKNOWN
lock_released,2026-09-23 11:35:16.930,69,0,0,0,"{""event_name"": ""lock_released"", ""timestamp"": ""2026-09-23 11:35:16.930"", ""session_id"": 69, ""resource_type"": ""OBJECT"", ""mode"": ""Sch-S""}",OBJECT,Sch-S,UNKNOWN
lock_released,2026-09-23 11:35:16.930,70,0,0,0,"{""event_name"": ""lock_released"", ""timestamp"": ""2026-09-23 11:35:16.930"", ""session_id"": 70, ""resource_type"": ""OBJECT"", ""mode"": ""IX""}",OBJECT,IX,UNKNOWN
lock_acquired,2026-09-23 11:35:21.949,71,0,0,0,"{""event_name"": ""lock_acquired"", ""timestamp"": ""2026-09-23 11:35:21.949"", ""session_id"": 71, ""resource_type"": ""OBJECT"", ""mode"": ""IX""}",OBJECT,IX,UNKNOWN
lock_acquired,2026-09-23 11:35:21.949,70,0,0,0,"{""event_name"": ""lock_acquired"", ""timestamp"": ""2026-09-23 11:35:21.949"", ""session_id"": 70, ""resource_type"": ""PAGE"", ""mode"": ""S""}",PAGE,S,UNKNOWN
lock_acquired,2026-09-23 11:35:21.949,75,0,0,0,"{""event_name"": ""lock_acquired"", ""timestamp"": ""2026-09-23 11:35:21.949"", ""session_id"": 75, ""resource_type"": ""PAGE"", ""mode"": ""IX""}",PAGE,IX,UNKNOWN
lock_acquired,2026-09-23 11:35:21.949,75,0,0,0,"{""event_name"": ""lock_acquired"", ""timestamp"": ""2026-09-23 11:35:21.949"", ""session_id"": 75, ""resource_type"": ""OBJECT"", ""mode"": ""IX""}",OBJECT,IX,UNKNOWN
lock_acquired,2026-09-23 11:35:21.949,73,0,0,0,"{""event_name"": ""lock_acquired"", ""timestamp"": ""2026-09-23 11:35:21.949"", ""session_id"": 73, ""resource_type"": ""OBJECT"", ""mode"": ""IS""}",OBJECT,IS,UNKNOWN
lock_acquired,2026-09-23 11:35:21.949,69,0,0,0,"{""event_name"": ""lock_acquired"", ""timestamp"": ""2026-09-23 11:35:21.949"", ""session_id"": 69, ""resource_type"": ""PAGE"", ""mode"": ""S""}",PAGE,S,UNKNOWN
lock_acquired,2026-09-23 11:35:21.949,72,0,0,0,"{""event_name"": ""lock_acquired"", ""timestamp"": ""2026-09-23 11:35:21.949"", ""session_id"": 72, ""resource_type"": ""METADATA"", ""mode"": ""Sch-S""}",METADATA,Sch-S,UNKNOWN
lock_acquired,2026-09-23 11:35:21.949,73,0,0,0,"{""event_name"": ""lock_acquired"", ""timestamp"": ""2026-09-23 11:35:21.949"", ""session_id"": 73, ""resource_type"": ""OBJECT"", ""mode"": ""IX""}",OBJECT,IX,UNKNOWN
lock_acquired,2026-09-23 11:35:21.949,74,0,0,0,"{""event_name"": ""lock_acquired"", ""timestamp"": ""2026-09-23 11:35:21.949"", ""session_id"": 74, ""resource_type"": ""OBJECT"", ""mode"": ""IX""}",OBJECT,IX,UNKNOWN
lock_acquired,2026-09-23 11:35:21.949,68,0,0,0,"{""event_name"": ""lock_acquired"", ""timestamp"": ""2026-09-23 11:35:21.949"", ""session_id"": 68, ""resource_type"": ""OBJECT"", ""mode"": ""IS""}",OBJECT,IS,UNKNOWN
lock_acquired,2026-09-23 11:35:21.949,69,0,0,0,"{""event_name"": ""lock_acquired"", ""timestamp"": ""2026-09-23 11:35:21.949"", ""session_id"": 69, ""resource_type"": ""OBJECT"", ""mode"": ""IS""}",OBJECT,IS,UNKNOWN
lock_acquired,2026-09-23 11:35:21.949,71,0,0,0,"{""event_name"": ""lock_acquired"", ""timestamp"": ""2026-09-23 11:35:21.949"", ""session_id"": 71, ""resource_type"": ""OBJECT"", ""mode"": ""IS""}",OBJECT,IS,UNKNOWN
lock_acquired,2026-09-23 11:35:21.949,75,0,0,0,"{""event_name"": ""lock_acquired"", ""timestamp"": ""2026-09-23 11:35:21.949"", ""session_id"": 75, ""resource_type"": ""KEY"", ""mode"": ""X""}",KEY,X,UNKNOWN
lock_acquired,2026-09-23 11:35:21.949,68,0,0,0,"{""event_name"": ""lock_acquired"", ""timestamp"": ""2026-09-23 11:35:21.949"", ""session_id"": 68, ""resource_type"": ""OBJECT"", ""mode"": ""IX""}",OBJECT,IX,UNKNOWN
lock_acquired,2026-09-23 11:35:21.949,70,0,0,0,"{""event_name"": ""lock_acquired"", ""timestamp"": ""2026-09-23 11:35:21.949"", ""session_id"": 70, ""resource_type"": ""OBJECT"", ""mode"": ""IS""}",OBJECT,IS,UNKNOWN
lock_acquired,2026-09-23 11:35:21.949,71,0,0,0,"{""event_name"": ""lock_acquired"", ""timestamp"": ""2026-09-23 11:35:21.949"", ""session_id"": 71, ""resource_type"": ""PAGE"", ""mode"": ""S""}",PAGE,S,UNKNOWN
lock_acquired,2026-09-23 11:35:21.949,70,0,0,0,"{""event_name"": ""lock_acquired"", ""timestamp"": ""2026-09-23 11:35:21.949"", ""session_id"": 70, ""resource_type"": ""OBJECT"", ""mode"": ""IX""}",OBJECT,IX,UNKNOWN
lock_released,2026-09-23 11:35:21.949,68,0,0,0,"{""event_name"": ""lock_released"", ""timestamp"": ""2026-09-23 11:35:21.949"", ""session_id"": 68, ""resource_type"": ""KEY"", ""mode"": ""X""}",KEY,X,UNKNOWN
lock_released,2026-09-23 11:35:21.949,72,0,0,0,"{""event_name"": ""lock_released"", ""timestamp"": ""2026-09-23 11:35:21.949"", ""session_id"": 72, ""resource_type"": ""KEY"", ""mode"": ""X""}",KEY,X,UNKNOWN
lock_released,2026-09-23 11:35:21.949,75,0,0,0,"{""event_name"": ""lock_released"", ""timestamp"": ""2026-09-23 11:35:21.949"", ""session_id"": 75, ""resource_type"": ""OBJECT"", ""mode"": ""Sch-S""}",OBJECT,Sch-S,UNKNOWN
lock_released,2026-09-23 11:35:21.949,69,0,0,0,"{""event_name"": ""lock_released"", ""timestamp"": ""2026-09-23 11:35:21.949"", ""session_id"": 69, ""resource_type"": ""KEY"", ""mode"": ""X""}",KEY,X,UNKNOWN
lock_released,2026-09-23 11:35:21.949,69,0,0,0,"{""event_name"": ""lock_released"", ""timestamp"": ""2026-09-23 11:35:21.949"", ""session_id"": 69, ""resource_type"": ""PAGE"", ""mode"": ""IX""}",PAGE,IX,UNKNOWN
lock_released,2026-09-23 11:35:21.949,75,0,0,0,"{""event_name"": ""lock_released"", ""timestamp"": ""2026-09-23 11:35:21.949"", ""session_id"": 75, ""resource_type"": ""METADATA"", ""mode"": ""Sch-S""}",METADATA,Sch-S,UNKNOWN
lock_acquired,2026-09-23 11:35:27.043,72,0,0,0,"{""event_name"": ""lock_acquired"", ""timestamp"": ""2026-09-23 11:35:27.043"", ""session_id"": 72, ""resource_type"": ""OBJECT"", ""mode"": ""Sch-S""}",OBJECT,Sch-S,UNKNOWN
lock_acquired,2026-09-23 11:35:27.043,75,0,0,0,"{""event_name"": ""lock_acquired"", ""timestamp"": ""2026-09-23 11:35:27.043"", ""session_id"": 75, ""resource_type"": ""OBJECT"", ""mode"": ""IS""}",OBJECT,IS,UNKNOWN
lock_acquired,2026-09-23 11:35:27.043,73,0,0,0,"{""event_name"": ""lock_acquired"", ""timestamp"": ""2026-09-23 11:35:27.043"", ""session_id"": 73, ""resource_type"": ""METADATA"", ""mode"": ""Sch-S""}",METADATA,Sch-S,UNKNOWN
lock_acquired,2026-09-23 11:35:27.043,74,0,0,0,"{""event_name"": ""lock_acquired"", ""timestamp"": ""2026-09-23 11:35:27.043"", ""session_id"": 74, ""resource_type"": ""PAGE"", ""mode"": ""S""}",PAGE,S,UNKNOWN
lock_acquired,2026-09-23 11:35:27.043,73,0,0,0,"{""event_name"": ""lock_acquired"", ""timestamp"": ""2026-09-23 11:35:27.043"", ""session_id"": 73, ""resource_type"": ""OBJECT"", ""mode"": ""Sch-S""}",OBJECT,Sch-S,UNKNOWN
lock_released,2026-09-23 11:35:27.043,70,0,0,0,"{""event_name"": ""lock_released"", ""timestamp"": ""2026-09-23 11:35:27.043"", ""session_id"": 70, ""resource_type"": ""PAGE"", ""mode"": ""S""}",PAGE,S,UNKNOWN
lock_released,2026-09-23 11:35:27.043,75,0,0,0,"{""event_name"": ""lock_released"", ""timestamp"": ""2026-09-23 11:35:27.043"", ""session_id"": 75, ""resource_type"": ""PAGE"", ""mode"": ""IX""}",PAGE,IX,UNKNOWN
lock_released,2026-09-23 11:35:27.043,73,0,0,0,"{""event_name"": ""lock_released"", ""timestamp"": ""2026-09-23 11:35:27.043"", ""session_id"": 73, ""resource_type"": ""OBJECT"", ""mode"": ""IS""}",OBJECT,IS,UNKNOWN
lock_released,2026-09-23 11:35:27.043,73,0,0,0,"{""event_name"": ""lock_released"", ""timestamp"": ""2026-09-23 11:35:27.043"", ""session_id"": 73, ""resource_type"": ""OBJECT"", ""mode"": ""IX""}",OBJECT,IX,UNKNOWN
lock_released,2026-09-23 11:35:27.043,74,0,0,0,"{""event_name"": ""lock_released"", ""timestamp"": ""2026-09-23 11:35:27.043"", ""session_id"": 74, ""resource_type"": ""OBJECT"", ""mode"": ""IX""}",OBJECT,IX,UNKNOWN
lock_released,2026-09-23 11:35:27.043,68,0,0,0,"{""event_name"": ""lock_released"", ""timestamp"": ""2026-09-23 11:35:27.043"", ""session_id"": 68, ""resource_type"": ""OBJECT"", ""mode"": ""IS""}",OBJECT,IS,UNKNOWN
lock_released,2026-09-23 11:35:27.043,75,0,0,0,"{""event_name"": ""lock_released"", ""timestamp"": ""2026-09-23 11:35:27.043"", ""session_id"": 75, ""resource_type"": ""KEY"", ""mode"": ""X""}",KEY,X,UNKNOWN
lock_released,2026-09-23 11:35:27.043,70,0,0,0,"{""event_name"": ""lock_released"", ""timestamp"": ""2026-09-23 11:35:27.043"", ""session_id"": 70, ""resource_type"": ""OBJECT"", ""mode"": ""IS""}",OBJECT,IS,UNKNOWN
lock_acquired,2026-09-23 11:35:32.104,70,0,0,0,"{""event_name"": ""lock_acquired"", ""timestamp"": ""2026-09-23 11:35:32.104"", ""session_id"": 70, ""resource_type"": ""OBJECT"", ""mode"": ""IS""}",OBJECT,IS,UNKNOWN
lock_acquired,2026-09-23 11:35:32.104,70,0,0,0,"{""event_name"": ""lock_acquired"", ""timestamp"": ""2026-09-23 11:35:32.104"", ""session_id"": 70, ""resource_type"": ""PAGE"", ""mode"": ""S""}",PAGE,S,UNKNOWN
lock_acquired,2026-09-23 11:35:32.104,72,0,0,0,"{""event_name"": ""lock_acquired"", ""timestamp"": ""2026-09-23 11:35:32.104"", ""session_id"": 72, ""resource_type"": ""PAGE"", ""mode"": ""S""}",PAGE,S,UNKNOWN
lock_acquired,2026-09-23 11:35:32.104,68,0,0,0,"{""event_name"": ""lock_acquired"", ""timestamp"": ""2026-09-23 11:35:32.104"", ""session_id"": 68, ""resource_type"": ""OBJECT"", ""mode"": ""IS""}",OBJECT,IS,UNKNOWN
lock_acquired,2026-09-23 11:35:32.104,74,0,0,0,"{""event_name"": ""lock_acquired"", ""timestamp"": ""2026-09-23 11:35:32.104"", ""session_id"": 74, ""resource_type"": ""OBJECT"", ""mode"": ""Sch-S""}",OBJECT,Sch-S,UNKNOWN
lock_acquired,2026-09-23 11:35:32.104,72,0,0,0,"{""event_name"": ""lock_acquired"", ""timestamp"": ""2026-09-23 11:35:32.104"", ""session_id"": 72, ""resource_type"": ""OBJECT"", ""mode"": ""IS""}",OBJECT,IS,UNKNOWN
lock_acquired,2026-09-23 11:35:32.104,74,0,0,0,"{""event_name"": ""lock_acquired"", ""timestamp"": ""2026-09-23 11:35:32.104"", ""session_id"": 74, ""resource_type"": ""METADATA"", ""mode"": ""Sch-S""}",METADATA,Sch-S,UNKNOWN
lock_acquired,2026-09-23 11:35:32.104,72,0,0,0,"{""event_name"": ""lock_acquired"", ""timestamp"": ""2026-09-23 11:35:32.104"", ""session_id"": 72, ""resource_type"": ""OBJECT"", ""mode"": ""IX""}",OBJECT,IX,UNKNOWN
lock_acquired,2026-09-23 11:35:32.104,75,0,0,0,"{""event_name"": ""lock_acquired"", ""timestamp"": ""2026-09-23 11:35:32.104"", ""session_id"": 75, ""resource_type"": ""PAGE"", ""mode"": ""S""}",PAGE,S,UNKNOWN
lock_acquired,2026-09-23 11:35:32.104,71,0,0,0,"{""event_name"": ""lock_acquired"", ""timestamp"": ""2026-09-23 11:35:32.104"", ""session_id"": 71, ""resource_type"": ""KEY"", ""mode"": ""X""}",KEY,X,UNKNOWN
lock_released,2026-09-23 11:35:32.104,72,0,0,0,"{""event_name"": ""lock_released"", ""timestamp"": ""2026-09-23 11:35:32.104"", ""session_id"": 72, ""resource_type"": ""OBJECT"", ""mode"": ""Sch-S""}",OBJECT,Sch-S,UNKNOWN
lock_released,2026-09-23 11:35:32.104,75,0,0,0,"{""event_name"": ""lock_released"", ""timestamp"": ""2026-09-23 11:35:32.104"", ""session_id"": 75, ""resource_type"": ""OBJECT"", ""mode"": ""IS""}",OBJECT,IS,UNKNOWN
lock_released,2026-09-23 11:35:32.104,73,0,0,0,"{""event_name"": ""lock_released"", ""timestamp"": ""2026-09-23 11:35:32.104"", ""session_id"": 73, ""resource_type"": ""METADATA"", ""mode"": ""Sch-S""}",METADATA,Sch-S,UNKNOWN
lock_released,2026-09-23 11:35:32.104,74,0,0,0,"{""event_name"": ""lock_released"", ""timestamp"": ""2026-09-23 11:35:32.104"", ""session_id"": 74, ""resource_type"": ""PAGE"", ""mode"": ""S""}",PAGE,S,UNKNOWN
lock_released,2026-09-23 11:35:32.104,75,0,0,0,"{""event_name"": ""lock_released"", ""timestamp"": ""2026-09-23 11:35:32.104"", ""session_id"": 75, ""resource_type"": ""OBJECT"", ""mode"": ""IX""}",OBJECT,IX,UNKNOWN
lock_released,2026-09-23 11:35:32.104,69,0,0,0,"{""event_name"": ""lock_released"", ""timestamp"": ""2026-09-23 11:35:32.104"", ""session_id"": 69, ""resource_type"": ""PAGE"", ""mode"": ""S""}",PAGE,S,UNKNOWN
lock_released,2026-09-23 11:35:32.104,72,0,0,0,"{""event_name"": ""lock_released"", ""timestamp"": ""2026-09-23 11:35:32.104"", ""session_id"": 72, ""resource_type"": ""METADATA"", ""mode"": ""Sch-S""}",METADATA,Sch-S,UNKNOWN
lock_released,2026-09-23 11:35:32.104,71,0,0,0,"{""event_name"": ""lock_released"", ""timestamp"": ""2026-09-23 11:35:32.104"", ""session_id"": 71, ""resource_type"": ""OBJECT"", ""mode"": ""IS""}",OBJECT,IS,UNKNOWN
lock_released,2026-09-23 11:35:32.104,73,0,0,0,"{""event_name"": ""lock_released"", ""timestamp"": ""2026-09-23 11:35:32.104"", ""session_id"": 73, ""resource_type"": ""OBJECT"", ""mode"": ""Sch-S""}",OBJECT,Sch-S,UNKNOWN
lock_released,2026-09-23 11:35:32.104,71,0,0,0,"{""event_name"": ""lock_released"", ""timestamp"": ""2026-09-23 11:35:32.104"", ""session_id"": 71, ""resource_type"": ""PAGE"", ""mode"": ""S""}",PAGE,S,UNKNOWN
logout,2026-09-23 11:35:37.192,64,0,0,0,"{""event_name"": ""logout"", ""timestamp"": ""2026-09-23 11:35:37.192"", ""session_id"": 64}",0,0,UNKNOWN
lock_acquired,2026-09-23 11:35:37.192,75,0,0,0,"{""event_name"": ""lock_acquired"", ""timestamp"": ""2026-09-23 11:35:37.192"", ""session_id"": 75, ""resource_type"": ""OBJECT"", ""mode"": ""IS""}",OBJECT,IS,UNKNOWN
lock_acquired,2026-09-23 11:35:37.192,74,0,0,0,"{""event_name"": ""lock_acquired"", ""timestamp"": ""2026-09-23 11:35:37.192"", ""session_id"": 74, ""resource_type"": ""PAGE"", ""mode"": ""S""}",PAGE,S,UNKNOWN
lock_acquired,2026-09-23 11:35:37.192,75,0,0,0,"{""event_name"": ""lock_acquired"", ""timestamp"": ""2026-09-23 11:35:37.192"", ""session_id"": 75, ""resource_type"": ""OBJECT"", ""mode"": ""IX""}",OBJECT,IX,UNKNOWN
lock_acquired,2026-09-23 11:35:37.192,74,0,0,0,"{""event_name"": ""lock_acquired"", ""timestamp"": ""2026-09-23 11:35:37.192"", ""session_id"": 74, ""resource_type"": ""OBJECT"", ""mode"": ""IS""}",OBJECT,IS,UNKNOWN
lock_acquired,2026-09-23 11:35:37.192,69,0,0,0,"{""event_name"": ""lock_acquired"", ""timestamp"": ""2026-09-23 11:35:37.192"", ""session_id"": 69, ""resource_type"": ""PAGE"", ""mode"": ""S""}",PAGE,S,UNKNOWN
lock_acquired,2026-09-23 11:35:37.192,68,0,0,0,"{""event_name"": ""lock_acquired"", ""timestamp"": ""2026-09-23 11:35:37.192"", ""session_id"": 68, ""resource_type"": ""PAGE"", ""mode"": ""IS""}",PAGE,IS,UNKNOWN
lock_acquired,2026-09-23 11:35:37.192,74,0,0,0,"{""event_name"": ""lock_acquired"", ""timestamp"": ""2026-09-23 11:35:37.192"", ""session_id"": 74, ""resource_type"": ""OBJECT"", ""mode"": ""IX""}",OBJECT,IX,UNKNOWN
lock_acquired,2026-09-23 11:35:37.192,71,0,0,0,"{""event_name"": ""lock_acquired"", ""timestamp"": ""2026-09-23 11:35:37.192"", ""session_id"": 71, ""resource_type"": ""PAGE"", ""mode"": ""IX""}",PAGE,IX,UNKNOWN
lock_acquired,2026-09-23 11:35:37.192,68,0,0,0,"{""event_name"": ""lock_acquired"", ""timestamp"": ""2026-09-23 11:35:37.192"", ""session_id"": 68, ""resource_type"": ""KEY"", ""mode"": ""S""}",KEY,S,UNKNOWN
lock_released,2026-09-23 11:35:37.192,71,0,0,0,"{""event_name"": ""lock_released"", ""timestamp"": ""2026-09-23 11:35:37.192"", ""session_id"": 71, ""resource_type"": ""OBJECT"", ""mode"": ""IX""}",OBJECT,IX,UNKNOWN
lock_released,2026-09-23 11:35:37.192,70,0,0,0,"{""event_name"": ""lock_released"", ""timestamp"": ""2026-09-23 11:35:37.192"", ""session_id"": 70, ""resource_type"": ""PAGE"", ""mode"": ""S""}",PAGE,S,UNKNOWN
lock_released,2026-09-23 11:35:37.192,72,0,0,0,"{""event_name"": ""lock_released"", ""timestamp"": ""2026-09-23 11:35:37.192"", ""session_id"": 72, ""resource_type"": ""PAGE"", ""mode"": ""S""}",PAGE,S,UNKNOWN
lock_released,2026-09-23 11:35:37.192,74,0,0,0,"{""event_name"": ""lock_released"", ""timestamp"": ""2026-09-23 11:35:37.192"", ""session_id"": 74, ""resource_type"": ""OBJECT"", ""mode"": ""Sch-S""}",OBJECT,Sch-S,UNKNOWN
lock_released,2026-09-23 11:35:37.192,74,0,0,0,"{""event_name"": ""lock_released"", ""timestamp"": ""2026-09-23 11:35:37.192"", ""session_id"": 74, ""resource_type"": ""METADATA"", ""mode"": ""Sch-S""}",METADATA,Sch-S,UNKNOWN
lock_released,2026-09-23 11:35:37.192,68,0,0,0,"{""event_name"": ""lock_released"", ""timestamp"": ""2026-09-23 11:35:37.192"", ""session_id"": 68, ""resource_type"": ""OBJECT"", ""mode"": ""IX""}",OBJECT,IX,UNKNOWN
lock_released,2026-09-23 11:35:37.192,71,0,0,0,"{""event_name"": ""lock_released"", ""timestamp"": ""2026-09-23 11:35:37.192"", ""session_id"": 71, ""resource_type"": ""KEY"", ""mode"": ""X""}",KEY,X,UNKNOWN
lock_acquired,2026-09-23 11:35:42.255,71,0,0,0,"{""event_name"": ""lock_acquired"", ""timestamp"": ""2026-09-23 11:35:42.255"", ""session_id"": 71, ""resource_type"": ""OBJECT"", ""mode"": ""Sch-S""}",OBJECT,Sch-S,UNKNOWN
lock_acquired,2026-09-23 11:35:42.255,73,0,0,0,"{""event_name"": ""lock_acquired"", ""timestamp"": ""2026-09-23 11:35:42.255"", ""session_id"": 73, ""resource_type"": ""PAGE"", ""mode"": ""IX""}",PAGE,IX,UNKNOWN
lock_acquired,2026-09-23 11:35:42.255,73,0,0,0,"{""event_name"": ""lock_acquired"", ""timestamp"": ""2026-09-23 11:35:42.255"", ""session_id"": 73, ""resource_type"": ""OBJECT"", ""mode"": ""IX""}",OBJECT,IX,UNKNOWN
lock_acquired,2026-09-23 11:35:42.255,71,0,0,0,"{""event_name"": ""lock_acquired"", ""timestamp"": ""2026-09-23 11:35:42.255"", ""session_id"": 71, ""resource_type"": ""METADATA"", ""mode"": ""Sch-S""}",METADATA,Sch-S,UNKNOWN
lock_acquired,2026-09-23 11:35:42.255,68,0,0,0,"{""event_name"": ""lock_acquired"", ""timestamp"": ""2026-09-23 11:35:42.255"", ""session_id"": 68, ""resource_type"": ""OBJECT"", ""mode"": ""IX""}",OBJECT,IX,UNKNOWN
lock_acquired,2026-09-23 11:35:42.255,73,0,0,0,"{""event_name"": ""lock_acquired"", ""timestamp"": ""2026-09-23 11:35:42.255"", ""session_id"": 73, ""resource_type"": ""KEY"", ""mode"": ""X""}",KEY,X,UNKNOWN
lock_released,2026-09-23 11:35:42.255,74,0,0,0,"{""event_name"": ""lock_released"", ""timestamp"": ""2026-09-23 11:35:42.255"", ""session_id"": 74, ""resource_type"": ""PAGE"", ""mode"": ""S""}",PAGE,S,UNKNOWN
lock_released,2026-09-23 11:35:42.255,69,0,0,0,"{""event_name"": ""lock_released"", ""timestamp"": ""2026-09-23 11:35:42.255"", ""session_id"": 69, ""resource_type"": ""PAGE"", ""mode"": ""S""}",PAGE,S,UNKNOWN
lock_released,2026-09-23 11:35:42.255,68,0,0,0,"{""event_name"": ""lock_released"", ""timestamp"": ""2026-09-23 11:35:42.255"", ""session_id"": 68, ""resource_type"": ""PAGE"", ""mode"": ""IS""}",PAGE,IS,UNKNOWN
lock_released,2026-09-23 11:35:42.255,71,0,0,0,"{""event_name"": ""lock_released"", ""timestamp"": ""2026-09-23 11:35:42.255"", ""session_id"": 71, ""resource_type"": ""PAGE"", ""mode"": ""IX""}",PAGE,IX,UNKNOWN
lock_released,2026-09-23 11:35:42.255,69,0,0,0,"{""event_name"": ""lock_released"", ""timestamp"": ""2026-09-23 11:35:42.255"", ""session_id"": 69, ""resource_type"": ""OBJECT"", ""mode"": ""IS""}",OBJECT,IS,UNKNOWN
lock_released,2026-09-23 11:35:42.255,75,0,0,0,"{""event_name"": ""lock_released"", ""timestamp"": ""2026-09-23 11:35:42.255"", ""session_id"": 75, ""resource_type"": ""PAGE"", ""mode"": ""S""}",PAGE,S,UNKNOWN
lock_released,2026-09-23 11:35:42.255,68,0,0,0,"{""event_name"": ""lock_released"", ""timestamp"": ""2026-09-23 11:35:42.255"", ""session_id"": 68, ""resource_type"": ""KEY"", ""mode"": ""S""}",KEY,S,UNKNOWN
lock_acquired,2026-09-23 11:35:47.314,75,0,0,0,"{""event_name"": ""lock_acquired"", ""timestamp"": ""2026-09-23 11:35:47.314"", ""session_id"": 75, ""resource_type"": ""PAGE"", ""mode"": ""IX""}",PAGE,IX,UNKNOWN
lock_acquired,2026-09-23 11:35:47.314,75,0,0,0,"{""event_name"": ""lock_acquired"", ""timestamp"": ""2026-09-23 11:35:47.314"", ""session_id"": 75, ""resource_type"": ""KEY"", ""mode"": ""U""}",KEY,U,UNKNOWN
lock_acquired,2026-09-23 11:35:47.314,75,0,0,0,"{""event_name"": ""lock_acquired"", ""timestamp"": ""2026-09-23 11:35:47.314"", ""session_id"": 75, ""resource_type"": ""KEY"", ""mode"": ""X""}",KEY,X,UNKNOWN
lock_acquired,2026-09-23 11:35:47.314,69,0,0,0,"{""event_name"": ""lock_acquired"", ""timestamp"": ""2026-09-23 11:35:47.314"", ""session_id"": 69, ""resource_type"": ""METADATA"", ""mode"": ""Sch-S""}",METADATA,Sch-S,UNKNOWN
lock_acquired,2026-09-23 11:35:47.314,72,0,0,0,"{""event_name"": ""lock_acquired"", ""timestamp"": ""2026-09-23 11:35:47.314"", ""session_id"": 72, ""resource_type"": ""PAGE"", ""mode"": ""IX""}",PAGE,IX,UNKNOWN
lock_acquired,2026-09-23 11:35:47.314,69,0,0,0,"{""event_name"": ""lock_acquired"", ""timestamp"": ""2026-09-23 11:35:47.314"", ""session_id"": 69, ""resource_type"": ""OBJECT"", ""mode"": ""Sch-S""}",OBJECT,Sch-S,UNKNOWN
lock_released,2026-09-23 11:35:47.314,75,0,0,0,"{""event_name"": ""lock_released"", ""timestamp"": ""2026-09-23 11:35:47.314"", ""session_id"": 75, ""resource_type"": ""OBJECT"", ""mode"": ""IS""}",OBJECT,IS,UNKNOWN
lock_released,2026-09-23 11:35:47.314,73,0,0,0,"{""event_name"": ""lock_released"", ""timestamp"": ""2026-09-23 11:35:47.314"", ""session_id"": 73, ""resource_type"": ""PAGE"", ""mode"": ""IX""}",PAGE,IX,UNKNOWN
lock_released,2026-09-23 11:35:47.314,74,0,0,0,"{""event_name"": ""lock_released"", ""timestamp"": ""2026-09-23 11:35:47.314"", ""session_id"": 74, ""resource_type"": ""OBJECT"", ""mode"": ""IS""}",OBJECT,IS,UNKNOWN
lock_released,2026-09-23 11:35:47.314,73,0,0,0,"{""event_name"": ""lock_released"", ""timestamp"": ""2026-09-23 11:35:47.314"", ""session_id"": 73, ""resource_type"": ""OBJECT"", ""mode"": ""IX""}",OBJECT,IX,UNKNOWN
lock_released,2026-09-23 11:35:47.314,74,0,0,0,"{""event_name"": ""lock_released"", ""timestamp"": ""2026-09-23 11:35:47.314"", ""session_id"": 74, ""resource_type"": ""OBJECT"", ""mode"": ""IX""}",OBJECT,IX,UNKNOWN
lock_released,2026-09-23 11:35:47.314,68,0,0,0,"{""event_name"": ""lock_released"", ""timestamp"": ""2026-09-23 11:35:47.314"", ""session_id"": 68, ""resource_type"": ""OBJECT"", ""mode"": ""IS""}",OBJECT,IS,UNKNOWN
lock_released,2026-09-23 11:35:47.314,72,0,0,0,"{""event_name"": ""lock_released"", ""timestamp"": ""2026-09-23 11:35:47.314"", ""session_id"": 72, ""resource_type"": ""OBJECT"", ""mode"": ""IS""}",OBJECT,IS,UNKNOWN
lock_released,2026-09-23 11:35:47.314,73,0,0,0,"{""event_name"": ""lock_released"", ""timestamp"": ""2026-09-23 11:35:47.314"", ""session_id"": 73, ""resource_type"": ""KEY"", ""mode"": ""X""}",KEY,X,UNKNOWN
lock_released,2026-09-23 11:35:47.314,68,0,0,0,"{""event_name"": ""lock_released"", ""timestamp"": ""2026-09-23 11:35:47.314"", ""session_id"": 68, ""resource_type"": ""OBJECT"", ""mode"": ""IX""}",OBJECT,IX,UNKNOWN
lock_released,2026-09-23 11:35:47.314,70,0,0,0,"{""event_name"": ""lock_released"", ""timestamp"": ""2026-09-23 11:35:47.314"", ""session_id"": 70, ""resource_type"": ""OBJECT"", ""mode"": ""IS""}",OBJECT,IS,UNKNOWN
lock_released,2026-09-23 11:35:47.314,69,0,0,0,"{""event_name"": ""lock_released"", ""timestamp"": ""2026-09-23 11:35:47.314"", ""session_id"": 69, ""resource_type"": ""OBJECT"", ""mode"": ""IX""}",OBJECT,IX,UNKNOWN
lock_released,2026-09-23 11:35:47.314,70,0,0,0,"{""event_name"": ""lock_released"", ""timestamp"": ""2026-09-23 11:35:47.314"", ""session_id"": 70, ""resource_type"": ""OBJECT"", ""mode"": ""IX""}",OBJECT,IX,UNKNOWN
lock_acquired,2026-09-23 11:35:52.363,70,0,0,0,"{""event_name"": ""lock_acquired"", ""timestamp"": ""2026-09-23 11:35:52.363"", ""session_id"": 70, ""resource_type"": ""KEY"", ""mode"": ""X""}",KEY,X,UNKNOWN
lock_acquired,2026-09-23 11:35:52.363,71,0,0,0,"{""event_name"": ""lock_acquired"", ""timestamp"": ""2026-09-23 11:35:52.363"", ""session_id"": 71, ""resource_type"": ""OBJECT"", ""mode"": ""IX""}",OBJECT,IX,UNKNOWN
lock_acquired,2026-09-23 11:35:52.363,75,0,0,0,"{""event_name"": ""lock_acquired"", ""timestamp"": ""2026-09-23 11:35:52.363"", ""session_id"": 75, ""resource_type"": ""OBJECT"", ""mode"": ""IS""}",OBJECT,IS,UNKNOWN
lock_acquired,2026-09-23 11:35:52.363,70,0,0,0,"{""event_name"": ""lock_acquired"", ""timestamp"": ""2026-09-23 11:35:52.363"", ""session_id"": 70, ""resource_type"": ""PAGE"", ""mode"": ""IU""}",PAGE,IU,UNKNOWN
lock_acquired,2026-09-23 11:35:52.363,74,0,0,0,"{""event_name"": ""lock_acquired"", ""timestamp"": ""2026-09-23 11:35:52.363"", ""session_id"": 74, ""resource_type"": ""OBJECT"", ""mode"": ""IS""}",OBJECT,IS,UNKNOWN
lock_acquired,2026-09-23 11:35:52.363,74,0,0,0,"{""event_name"": ""lock_acquired"", ""timestamp"": ""2026-09-23 11:35:52.363"", ""session_id"": 74, ""resource_type"": ""KEY"", ""mode"": ""S""}",KEY,S,UNKNOWN
lock_acquired,2026-09-23 11:35:52.363,69,0,0,0,"{""event_name"": ""lock_acquired"", ""timestamp"": ""2026-09-23 11:35:52.363"", ""session_id"": 69, ""resource_type"": ""PAGE"", ""mode"": ""S""}",PAGE,S,UNKNOWN
lock_acquired,2026-09-23 11:35:52.363,70,0,0,0,"{""event_name"": ""lock_acquired"", ""timestamp"": ""2026-09-23 11:35:52.363"", ""session_id"": 70, ""resource_type"": ""PAGE"", ""mode"": ""IX""}",PAGE,IX,UNKNOWN
lock_acquired,2026-09-23 11:35:52.363,70,0,0,0,"{""event_name"": ""lock_acquired"", ""timestamp"": ""2026-09-23 11:35:52.363"", ""session_id"": 70, ""resource_type"": ""KEY"", ""mode"": ""U""}",KEY,U,UNKNOWN
lock_acquired,2026-09-23 11:35:52.363,72,0,0,0,"{""event_name"": ""lock_acquired"", ""timestamp"": ""2026-09-23 11:35:52.363"", ""session_id"": 72, ""resource_type"": ""OBJECT"", ""mode"": ""IS""}",OBJECT,IS,UNKNOWN
lock_acquired,2026-09-23 11:35:52.363,69,0,0,0,"{""event_name"": ""lock_acquired"", ""timestamp"": ""2026-09-23 11:35:52.363"", ""session_id"": 69, ""resource_type"": ""OBJECT"", ""mode"": ""IS""}",OBJECT,IS,UNKNOWN
lock_acquired,2026-09-23 11:35:52.363,71,0,0,0,"{""event_name"": ""lock_acquired"", ""timestamp"": ""2026-09-23 11:35:52.363"", ""session_id"": 71, ""resource_type"": ""OBJECT"", ""mode"": ""IS""}",OBJECT,IS,UNKNOWN
lock_acquired,2026-09-23 11:35:52.363,69,0,0,0,"{""event_name"": ""lock_acquired"", ""timestamp"": ""2026-09-23 11:35:52.363"", ""session_id"": 69, ""resource_type"": ""OBJECT"", ""mode"": ""IX""}",OBJECT,IX,UNKNOWN
lock_acquired,2026-09-23 11:35:52.363,71,0,0,0,"{""event_name"": ""lock_acquired"", ""timestamp"": ""2026-09-23 11:35:52.363"", ""session_id"": 71, ""resource_type"": ""PAGE"", ""mode"": ""S""}",PAGE,S,UNKNOWN
lock_acquired,2026-09-23 11:35:52.363,70,0,0,0,"{""event_name"": ""lock_acquired"", ""timestamp"": ""2026-09-23 11:35:52.363"", ""session_id"": 70, ""resource_type"": ""OBJECT"", ""mode"": ""IX""}",OBJECT,IX,UNKNOWN
lock_released,2026-09-23 11:35:52.363,71,0,0,0,"{""event_name"": ""lock_released"", ""timestamp"": ""2026-09-23 11:35:52.363"", ""session_id"": 71, ""resource_type"": ""OBJECT"", ""mode"": ""Sch-S""}",OBJECT,Sch-S,UNKNOWN
lock_released,2026-09-23 11:35:52.363,75,0,0,0,"{""event_name"": ""lock_released"", ""timestamp"": ""2026-09-23 11:35:52.363"", ""session_id"": 75, ""resource_type"": ""PAGE"", ""mode"": ""IX""}",PAGE,IX,UNKNOWN
lock_released,2026-09-23 11:35:52.363,75,0,0,0,"{""event_name"": ""lock_released"", ""timestamp"": ""2026-09-23 11:35:52.363"", ""session_id"": 75, ""resource_type"": ""KEY"", ""mode"": ""U""}",KEY,U,UNKNOWN
lock_released,2026-09-23 11:35:52.363,75,0,0,0,"{""event_name"": ""lock_released"", ""timestamp"": ""2026-09-23 11:35:52.363"", ""session_id"": 75, ""resource_type"": ""KEY"", ""mode"": ""X""}",KEY,X,UNKNOWN
lock_released,2026-09-23 11:35:52.363,69,0,0,0,"{""event_name"": ""lock_released"", ""timestamp"": ""2026-09-23 11:35:52.363"", ""session_id"": 69, ""resource_type"": ""METADATA"", ""mode"": ""Sch-S""}",METADATA,Sch-S,UNKNOWN
lock_released,2026-09-23 11:35:52.363,71,0,0,0,"{""event_name"": ""lock_released"", ""timestamp"": ""2026-09-23 11:35:52.363"", ""session_id"": 71, ""resource_type"": ""METADATA"", ""mode"": ""Sch-S""}",METADATA,Sch-S,UNKNOWN
lock_released,2026-09-23 11:35:52.363,72,0,0,0,"{""event_name"": ""lock_released"", ""timestamp"": ""2026-09-23 11:35:52.363"", ""session_id"": 72, ""resource_type"": ""PAGE"", ""mode"": ""IX""}",PAGE,IX,UNKNOWN
lock_released,2026-09-23 11:35:52.363,69,0,0,0,"{""event_name"": ""lock_released"", ""timestamp"": ""2026-09-23 11:35:52.363"", ""session_id"": 69, ""resource_type"": ""OBJECT"", ""mode"": ""Sch-S""}",OBJECT,Sch-S,UNKNOWN
lock_acquired,2026-09-23 11:35:57.408,75,0,0,0,"{""event_name"": ""lock_acquired"", ""timestamp"": ""2026-09-23 11:35:57.408"", ""session_id"": 75, ""resource_type"": ""PAGE"", ""mode"": ""IX""}",PAGE,IX,UNKNOWN
lock_acquired,2026-09-23 11:35:57.408,73,0,0,0,"{""event_name"": ""lock_acquired"", ""timestamp"": ""2026-09-23 11:35:57.408"", ""session_id"": 73, ""resource_type"": ""OBJECT"", ""mode"": ""IS""}",OBJECT,IS,UNKNOWN
lock_acquired,2026-09-23 11:35:57.408,72,0,0,0,"{""event_name"": ""lock_acquired"", ""timestamp"": ""2026-09-23 11:35:57.408"", ""session_id"": 72, ""resource_type"": ""PAGE"", ""mode"": ""S""}",PAGE,S,UNKNOWN
lock_acquired,2026-09-23 11:35:57.408,71,0,0,0,"{""event_name"": ""lock_acquired"", ""timestamp"": ""2026-09-23 11:35:57.408"", ""session_id"": 71, ""resource_type"": ""PAGE"", ""mode"": ""IS""}",PAGE,IS,UNKNOWN
lock_acquired,2026-09-23 11:35:57.408,73,0,0,0,"{""event_name"": ""lock_acquired"", ""timestamp"": ""2026-09-23 11:35:57.408"", ""session_id"": 73, ""resource_type"": ""OBJECT"", ""mode"": ""IX""}",OBJECT,IX,UNKNOWN
lock_acquired,2026-09-23 11:35:57.408,73,0,0,0,"{""event_name"": ""lock_acquired"", ""timestamp"": ""2026-09-23 11:35:57.408"", ""session_id"": 73, ""resource_type"": ""PAGE"", ""mode"": ""S""}",PAGE,S,UNKNOWN
lock_acquired,2026-09-23 11:35:57.408,75,0,0,0,"{""event_name"": ""lock_acquired"", ""timestamp"": ""2026-09-23 11:35:57.408"", ""session_id"": 75, ""resource_type"": ""KEY"", ""mode"": ""X""}",KEY,X,UNKNOWN
lock_released,2026-09-23 11:35:57.408,70,0,0,0,"{""event_name"": ""lock_released"", ""timestamp"": ""2026-09-23 11:35:57.408"", ""session_id"": 70, ""resource_type"": ""KEY"", ""mode"": ""X""}",KEY,X,UNKNOWN
lock_released,2026-09-23 11:35:57.408,71,0,0,0,"{""event_name"": ""lock_released"", ""timestamp"": ""2026-09-23 11:35:57.408"", ""session_id"": 71, ""resource_type"": ""OBJECT"", ""mode"": ""IX""}",OBJECT,IX,UNKNOWN
lock_released,2026-09-23 11:35:57.408,75,0,0,0,"{""event_name"": ""lock_released"", ""timestamp"": ""2026-09-23 11:35:57.408"", ""session_id"": 75, ""resource_type"": ""OBJECT"", ""mode"": ""IS""}",OBJECT,IS,UNKNOWN
lock_released,2026-09-23 11:35:57.408,70,0,0,0,"{""event_name"": ""lock_released"", ""timestamp"": ""2026-09-23 11:35:57.408"", ""session_id"": 70, ""resource_type"": ""PAGE"", ""mode"": ""IU""}",PAGE,IU,UNKNOWN
lock_released,2026-09-23 11:35:57.408,75,0,0,0,"{""event_name"": ""lock_released"", ""timestamp"": ""2026-09-23 11:35:57.408"", ""session_id"": 75, ""resource_type"": ""OBJECT"", ""mode"": ""IX""}",OBJECT,IX,UNKNOWN
lock_released,2026-09-23 11:35:57.408,74,0,0,0,"{""event_name"": ""lock_released"", ""timestamp"": ""2026-09-23 11:35:57.408"", ""session_id"": 74, ""resource_type"": ""OBJECT"", ""mode"": ""IS""}",OBJECT,IS,UNKNOWN
lock_released,2026-09-23 11:35:57.408,69,0,0,0,"{""event_name"": ""lock_released"", ""timestamp"": ""2026-09-23 11:35:57.408"", ""session_id"": 69, ""resource_type"": ""PAGE"", ""mode"": ""S""}",PAGE,S,UNKNOWN
lock_released,2026-09-23 11:35:57.408,74,0,0,0,"{""event_name"": ""lock_released"", ""timestamp"": ""2026-09-23 11:35:57.408"", ""session_id"": 74, ""resource_type"": ""KEY"", ""mode"": ""S""}",KEY,S,UNKNOWN
lock_released,2026-09-23 11:35:57.408,70,0,0,0,"{""event_name"": ""lock_released"", ""timestamp"": ""2026-09-23 11:35:57.408"", ""session_id"": 70, ""resource_type"": ""PAGE"", ""mode"": ""IX""}",PAGE,IX,UNKNOWN
lock_released,2026-09-23 11:35:57.408,70,0,0,0,"{""event_name"": ""lock_released"", ""timestamp"": ""2026-09-23 11:35:57.408"", ""session_id"": 70, ""resource_type"": ""KEY"", ""mode"": ""U""}",KEY,U,UNKNOWN
lock_released,2026-09-23 11:35:57.408,71,0,0,0,"{""event_name"": ""lock_released"", ""timestamp"": ""2026-09-23 11:35:57.408"", ""session_id"": 71, ""resource_type"": ""PAGE"", ""mode"": ""S""}",PAGE,S,UNKNOWN
lock_released,2026-09-23 11:35:57.408,70,0,0,0,"{""event_name"": ""lock_released"", ""timestamp"": ""2026-09-23 11:35:57.408"", ""session_id"": 70, ""resource_type"": ""OBJECT"", ""mode"": ""IX""}",OBJECT,IX,UNKNOWN
lock_acquired,2026-09-23 11:36:02.466,68,0,0,0,"{""event_name"": ""lock_acquired"", ""timestamp"": ""2026-09-23 11:36:02.466"", ""session_id"": 68, ""resource_type"": ""OBJECT"", ""mode"": ""Sch-S""}",OBJECT,Sch-S,UNKNOWN
lock_acquired,2026-09-23 11:36:02.466,72,0,0,0,"{""event_name"": ""lock_acquired"", ""timestamp"": ""2026-09-23 11:36:02.466"", ""session_id"": 72, ""resource_type"": ""OBJECT"", ""mode"": ""Sch-S""}",OBJECT,Sch-S,UNKNOWN
lock_acquired,2026-09-23 11:36:02.466,71,0,0,0,"{""event_name"": ""lock_acquired"", ""timestamp"": ""2026-09-23 11:36:02.466"", ""session_id"": 71, ""resource_type"": ""OBJECT"", ""mode"": ""IX""}",OBJECT,IX,UNKNOWN
lock_acquired,2026-09-23 11:36:02.466,70,0,0,0,"{""event_name"": ""lock_acquired"", ""timestamp"": ""2026-09-23 11:36:02.466"", ""session_id"": 70, ""resource_type"": ""PAGE"", ""mode"": ""S""}",PAGE,S,UNKNOWN
lock_acquired,2026-09-23 11:36:02.466,75,0,0,0,"{""event_name"": ""lock_acquired"", ""timestamp"": ""2026-09-23 11:36:02.466"", ""session_id"": 75, ""resource_type"": ""OBJECT"", ""mode"": ""IS""}",OBJECT,IS,UNKNOWN
lock_acquired,2026-09-23 11:36:02.466,69,0,0,0,"{""event_name"": ""lock_acquired"", ""timestamp"": ""2026-09-23 11:36:02.466"", ""session_id"": 69, ""resource_type"": ""KEY"", ""mode"": ""S""}",KEY,S,UNKNOWN
lock_acquired,2026-09-23 11:36:02.466,75,0,0,0,"{""event_name"": ""lock_acquired"", ""timestamp"": ""2026-09-23 11:36:02.466"", ""session_id"": 75, ""resource_type"": ""OBJECT"", ""mode"": ""IX""}",OBJECT,IX,UNKNOWN
lock_acquired,2026-09-23 11:36:02.466,74,0,0,0,"{""event_name"": ""lock_acquired"", ""timestamp"": ""2026-09-23 11:36:02.466"", ""session_id"": 74, ""resource_type"": ""OBJECT"", ""mode"": ""IS""}",OBJECT,IS,UNKNOWN
lock_acquired,2026-09-23 11:36:02.466,72,0,0,0,"{""event_name"": ""lock_acquired"", ""timestamp"": ""2026-09-23 11:36:02.466"", ""session_id"": 72, ""resource_type"": ""METADATA"", ""mode"": ""Sch-S""}",METADATA,Sch-S,UNKNOWN
lock_acquired,2026-09-23 11:36:02.466,74,0,0,0,"{""event_name"": ""lock_acquired"", ""timestamp"": ""2026-09-23 11:36:02.466"", ""session_id"": 74, ""resource_type"": ""OBJECT"", ""mode"": ""IX""}",OBJECT,IX,UNKNOWN
lock_acquired,2026-09-23 11:36:02.466,69,0,0,0,"{""event_name"": ""lock_acquired"", ""timestamp"": ""2026-09-23 11:36:02.466"", ""session_id"": 69, ""resource_type"": ""PAGE"", ""mode"": ""IS""}",PAGE,IS,UNKNOWN
lock_acquired,2026-09-23 11:36:02.466,73,0,0,0,"{""event_name"": ""lock_acquired"", ""timestamp"": ""2026-09-23 11:36:02.466"", ""session_id"": 73, ""resource_type"": ""OBJECT"", ""mode"": ""Sch-S""}",OBJECT,Sch-S,UNKNOWN
lock_acquired,2026-09-23 11:36:02.466,70,0,0,0,"{""event_name"": ""lock_acquired"", ""timestamp"": ""2026-09-23 11:36:02.466"", ""session_id"": 70, ""resource_type"": ""OBJECT"", ""mode"": ""IS""}",OBJECT,IS,UNKNOWN
lock_acquired,2026-09-23 11:36:02.466,70,0,0,0,"{""event_name"": ""lock_acquired"", ""timestamp"": ""2026-09-23 11:36:02.466"", ""session_id"": 70, ""resource_type"": ""OBJECT"", ""mode"": ""IX""}",OBJECT,IX,UNKNOWN
lock_released,2026-09-23 11:36:02.466,75,0,0,0,"{""event_name"": ""lock_released"", ""timestamp"": ""2026-09-23 11:36:02.466"", ""session_id"": 75, ""resource_type"": ""PAGE"", ""mode"": ""IX""}",PAGE,IX,UNKNOWN
lock_released,2026-09-23 11:36:02.466,73,0,0,0,"{""event_name"": ""lock_released"", ""timestamp"": ""2026-09-23 11:36:02.466"", ""session_id"": 73, ""resource_type"": ""OBJECT"", ""mode"": ""IS""}",OBJECT,IS,UNKNOWN
lock_released,2026-09-23 11:36:02.466,72,0,0,0,"{""event_name"": ""lock_released"", ""timestamp"": ""2026-09-23 11:36:02.466"", ""session_id"": 72, ""resource_type"": ""PAGE"", ""mode"": ""S""}",PAGE,S,UNKNOWN
lock_released,2026-09-23 11:36:02.466,71,0,0,0,"{""event_name"": ""lock_released"", ""timestamp"": ""2026-09-23 11:36:02.466"", ""session_id"": 71, ""resource_type"": ""PAGE"", ""mode"": ""IS""}",PAGE,IS,UNKNOWN
lock_released,2026-09-23 11:36:02.466,73,0,0,0,"{""event_name"": ""lock_released"", ""timestamp"": ""2026-09-23 11:36:02.466"", ""session_id"": 73, ""resource_type"": ""OBJECT"", ""mode"": ""IX""}",OBJECT,IX,UNKNOWN
lock_released,2026-09-23 11:36:02.466,73,0,0,0,"{""event_name"": ""lock_released"", ""timestamp"": ""2026-09-23 11:36:02.466"", ""session_id"": 73, ""resource_type"": ""PAGE"", ""mode"": ""S""}",PAGE,S,UNKNOWN
lock_released,2026-09-23 11:36:02.466,72,0,0,0,"{""event_name"": ""lock_released"", ""timestamp"": ""2026-09-23 11:36:02.466"", ""session_id"": 72, ""resource_type"": ""OBJECT"", ""mode"": ""IS""}",OBJECT,IS,UNKNOWN
lock_released,2026-09-23 11:36:02.466,75,0,0,0,"{""event_name"": ""lock_released"", ""timestamp"": ""2026-09-23 11:36:02.466"", ""session_id"": 75, ""resource_type"": ""KEY"", ""mode"": ""X""}",KEY,X,UNKNOWN
lock_released,2026-09-23 11:36:02.466,72,0,0,0,"{""event_name"": ""lock_released"", ""timestamp"": ""2026-09-23 11:36:02.466"", ""session_id"": 72, ""resource_type"": ""OBJECT"", ""mode"": ""IX""}",OBJECT,IX,UNKNOWN
lock_released,2026-09-23 11:36:02.466,69,0,0,0,"{""event_name"": ""lock_released"", ""timestamp"": ""2026-09-23 11:36:02.466"", ""session_id"": 69, ""resource_type"": ""OBJECT"", ""mode"": ""IX""}",OBJECT,IX,UNKNOWN
lock_acquired,2026-09-23 11:36:07.539,74,0,0,0,"{""event_name"": ""lock_acquired"", ""timestamp"": ""2026-09-23 11:36:07.539"", ""session_id"": 74, ""resource_type"": ""PAGE"", ""mode"": ""S""}",PAGE,S,UNKNOWN
lock_acquired,2026-09-23 11:36:07.539,75,0,0,0,"{""event_name"": ""lock_acquired"", ""timestamp"": ""2026-09-23 11:36:07.539"", ""session_id"": 75, ""resource_type"": ""PAGE"", ""mode"": ""IX""}",PAGE,IX,UNKNOWN
lock_acquired,2026-09-23 11:36:07.539,73,0,0,0,"{""event_name"": ""lock_acquired"", ""timestamp"": ""2026-09-23 11:36:07.539"", ""session_id"": 73, ""resource_type"": ""OBJECT"", ""mode"": ""IS""}",OBJECT,IS,UNKNOWN
lock_acquired,2026-09-23 11:36:07.539,73,0,0,0,"{""event_name"": ""lock_acquired"", ""timestamp"": ""2026-09-23 11:36:07.539"", ""session_id"": 73, ""resource_type"": ""OBJECT"", ""mode"": ""IX""}",OBJECT,IX,UNKNOWN
lock_acquired,2026-09-23 11:36:07.539,68,0,0,0,"{""event_name"": ""lock_acquired"", ""timestamp"": ""2026-09-23 11:36:07.539"", ""session_id"": 68, ""resource_type"": ""OBJECT"", ""mode"": ""IS""}",OBJECT,IS,UNKNOWN
lock_acquired,2026-09-23 11:36:07.539,75,0,0,0,"{""event_name"": ""lock_acquired"", ""timestamp"": ""2026-09-23 11:36:07.539"", ""session_id"": 75, ""resource_type"": ""KEY"", ""mode"": ""X""}",KEY,X,UNKNOWN
lock_acquired,2026-09-23 11:36:07.539,68,0,0,0,"{""event_name"": ""lock_acquired"", ""timestamp"": ""2026-09-23 11:36:07.539"", ""session_id"": 68, ""resource_type"": ""OBJECT"", ""mode"": ""IX""}",OBJECT,IX,UNKNOWN
lock_acquired,2026-09-23 11:36:07.539,72,0,0,0,"{""event_name"": ""lock_acquired"", ""timestamp"": ""2026-09-23 11:36:07.539"", ""session_id"": 72, ""resource_type"": ""OBJECT"", ""mode"": ""IX""}",OBJECT,IX,UNKNOWN
lock_acquired,2026-09-23 11:36:07.539,69,0,0,0,"{""event_name"": ""lock_acquired"", ""timestamp"": ""2026-09-23 11:36:07.539"", ""session_id"": 69, ""resource_type"": ""OBJECT"", ""mode"": ""IX""}",OBJECT,IX,UNKNOWN
lock_released,2026-09-23 11:36:07.539,68,0,0,0,"{""event_name"": ""lock_released"", ""timestamp"": ""2026-09-23 11:36:07.539"", ""session_id"": 68, ""resource_type"": ""OBJECT"", ""mode"": ""Sch-S""}",OBJECT,Sch-S,UNKNOWN
lock_released,2026-09-23 11:36:07.539,72,0,0,0,"{""event_name"": ""lock_released"", ""timestamp"": ""2026-09-23 11:36:07.539"", ""session_id"": 72, ""resource_type"": ""OBJECT"", ""mode"": ""Sch-S""}",OBJECT,Sch-S,UNKNOWN
lock_released,2026-09-23 11:36:07.539,71,0,0,0,"{""event_name"": ""lock_released"", ""timestamp"": ""2026-09-23 11:36:07.539"", ""session_id"": 71, ""resource_type"": ""OBJECT"", ""mode"": ""IX""}",OBJECT,IX,UNKNOWN
lock_released,2026-09-23 11:36:07.539,70,0,0,0,"{""event_name"": ""lock_released"", ""timestamp"": ""2026-09-23 11:36:07.539"", ""session_id"": 70, ""resource_type"": ""PAGE"", ""mode"": ""S""}",PAGE,S,UNKNOWN
lock_released,2026-09-23 11:36:07.539,75,0,0,0,"{""event_name"": ""lock_released"", ""timestamp"": ""2026-09-23 11:36:07.539"", ""session_id"": 75, ""resource_type"": ""OBJECT"", ""mode"": ""IS""}",OBJECT,IS,UNKNOWN
lock_released,2026-09-23 11:36:07.539,69,0,0,0,"{""event_name"": ""lock_released"", ""timestamp"": ""2026-09-23 11:36:07.539"", ""session_id"": 69, ""resource_type"": ""KEY"", ""mode"": ""S""}",KEY,S,UNKNOWN
lock_released,2026-09-23 11:36:07.539,72,0,0,0,"{""event_name"": ""lock_released"", ""timestamp"": ""2026-09-23 11:36:07.539"", ""session_id"": 72, ""resource_type"": ""METADATA"", ""mode"": ""Sch-S""}",METADATA,Sch-S,UNKNOWN
lock_released,2026-09-23 11:36:07.539,69,0,0,0,"{""event_name"": ""lock_released"", ""timestamp"": ""2026-09-23 11:36:07.539"", ""session_id"": 69, ""resource_type"": ""PAGE"", ""mode"": ""IS""}",PAGE,IS,UNKNOWN
lock_released,2026-09-23 11:36:07.539,69,0,0,0,"{""event_name"": ""lock_released"", ""timestamp"": ""2026-09-23 11:36:07.539"", ""session_id"": 69, ""resource_type"": ""OBJECT"", ""mode"": ""IS""}",OBJECT,IS,UNKNOWN
lock_released,2026-09-23 11:36:07.539,71,0,0,0,"{""event_name"": ""lock_released"", ""timestamp"": ""2026-09-23 11:36:07.539"", ""session_id"": 71, ""resource_type"": ""OBJECT"", ""mode"": ""IS""}",OBJECT,IS,UNKNOWN
lock_released,2026-09-23 11:36:07.539,73,0,0,0,"{""event_name"": ""lock_released"", ""timestamp"": ""2026-09-23 11:36:07.539"", ""session_id"": 73, ""resource_type"": ""OBJECT"", ""mode"": ""Sch-S""}",OBJECT,Sch-S,UNKNOWN
lock_released,2026-09-23 11:36:07.539,70,0,0,0,"{""event_name"": ""lock_released"", ""timestamp"": ""2026-09-23 11:36:07.539"", ""session_id"": 70, ""resource_type"": ""OBJECT"", ""mode"": ""IS""}",OBJECT,IS,UNKNOWN
lock_acquired,2026-09-23 11:36:12.610,71,0,0,0,"{""event_name"": ""lock_acquired"", ""timestamp"": ""2026-09-23 11:36:12.610"", ""session_id"": 71, ""resource_type"": ""OBJECT"", ""mode"": ""IX""}",OBJECT,IX,UNKNOWN
lock_acquired,2026-09-23 11:36:12.610,69,0,0,0,"{""event_name"": ""lock_acquired"", ""timestamp"": ""2026-09-23 11:36:12.610"", ""session_id"": 69, ""resource_type"": ""PAGE"", ""mode"": ""S""}",PAGE,S,UNKNOWN
lock_acquired,2026-09-23 11:36:12.610,73,0,0,0,"{""event_name"": ""lock_acquired"", ""timestamp"": ""2026-09-23 11:36:12.610"", ""session_id"": 73, ""resource_type"": ""PAGE"", ""mode"": ""S""}",PAGE,S,UNKNOWN
lock_acquired,2026-09-23 11:36:12.610,69,0,0,0,"{""event_name"": ""lock_acquired"", ""timestamp"": ""2026-09-23 11:36:12.610"", ""session_id"": 69, ""resource_type"": ""OBJECT"", ""mode"": ""IS""}",OBJECT,IS,UNKNOWN
lock_acquired,2026-09-23 11:36:12.610,71,0,0,0,"{""event_name"": ""lock_acquired"", ""timestamp"": ""2026-09-23 11:36:12.610"", ""session_id"": 71, ""resource_type"": ""OBJECT"", ""mode"": ""IS""}",OBJECT,IS,UNKNOWN
lock_acquired,2026-09-23 11:36:12.610,72,0,0,0,"{""event_name"": ""lock_acquired"", ""timestamp"": ""2026-09-23 11:36:12.610"", ""session_id"": 72, ""resource_type"": ""PAGE"", ""mode"": ""IX""}",PAGE,IX,UNKNOWN
lock_acquired,2026-09-23 11:36:12.610,75,0,0,0,"{""event_name"": ""lock_acquired"", ""timestamp"": ""2026-09-23 11:36:12.610"", ""session_id"": 75, ""resource_type"": ""PAGE"", ""mode"": ""IU""}",PAGE,IU,UNKNOWN
lock_acquired,2026-09-23 11:36:12.610,71,0,0,0,"{""event_name"": ""lock_acquired"", ""timestamp"": ""2026-09-23 11:36:12.610"", ""session_id"": 71, ""resource_type"": ""PAGE"", ""mode"": ""S""}",PAGE,S,UNKNOWN
lock_released,2026-09-23 11:36:12.610,74,0,0,0,"{""event_name"": ""lock_released"", ""timestamp"": ""2026-09-23 11:36:12.610"", ""session_id"": 74, ""resource_type"": ""PAGE"", ""mode"": ""S""}",PAGE,S,UNKNOWN
lock_released,2026-09-23 11:36:12.610,68,0,0,0,"{""event_name"": ""lock_released"", ""timestamp"": ""2026-09-23 11:36:12.610"", ""session_id"": 68, ""resource_type"": ""OBJECT"", ""mode"": ""IS""}",OBJECT,IS,UNKNOWN
lock_released,2026-09-23 11:36:12.610,75,0,0,0,"{""event_name"": ""lock_released"", ""timestamp"": ""2026-09-23 11:36:12.610"", ""session_id"": 75, ""resource_type"": ""KEY"", ""mode"": ""X""}",KEY,X,UNKNOWN
lock_released,2026-09-23 11:36:12.610,72,0,0,0,"{""event_name"": ""lock_released"", ""timestamp"": ""2026-09-23 11:36:12.610"", ""session_id"": 72, ""resource_type"": ""OBJECT"", ""mode"": ""IX""}",OBJECT,IX,UNKNOWN
lock_released,2026-09-23 11:36:12.610,70,0,0,0,"{""event_name"": ""lock_released"", ""timestamp"": ""2026-09-23 11:36:12.610"", ""session_id"": 70, ""resource_type"": ""OBJECT"", ""mode"": ""IX""}",OBJECT,IX,UNKNOWN
lock_acquired,2026-09-23 11:36:17.676,70,0,0,0,"{""event_name"": ""lock_acquired"", ""timestamp"": ""2026-09-23 11:36:17.676"", ""session_id"": 70, ""resource_type"": ""OBJECT"", ""mode"": ""Sch-S""}",OBJECT,Sch-S,UNKNOWN
lock_acquired,2026-09-23 11:36:17.676,70,0,0,0,"{""event_name"": ""lock_acquired"", ""timestamp"": ""2026-09-23 11:36:17.676"", ""session_id"": 70, ""resource_type"": ""KEY"", ""mode"": ""X""}",KEY,X,UNKNOWN
lock_acquired,2026-09-23 11:36:17.676,70,0,0,0,"{""event_name"": ""lock_acquired"", ""timestamp"": ""2026-09-23 11:36:17.676"", ""session_id"": 70, ""resource_type"": ""METADATA"", ""mode"": ""Sch-S""}",METADATA,Sch-S,UNKNOWN
lock_acquired,2026-09-23 11:36:17.676,74,0,0,0,"{""event_name"": ""lock_acquired"", ""timestamp"": ""2026-09-23 11:36:17.676"", ""session_id"": 74, ""resource_type"": ""PAGE"", ""mode"": ""IX""}",PAGE,IX,UNKNOWN
lock_acquired,2026-09-23 11:36:17.676,69,0,0,0,"{""event_name"": ""lock_acquired"", ""timestamp"": ""2026-09-23 11:36:17.676"", ""session_id"": 69, ""resource_type"": ""KEY"", ""mode"": ""X""}",KEY,X,UNKNOWN
lock_acquired,2026-09-23 11:36:17.676,72,0,0,0,"{""event_name"": ""lock_acquired"", ""timestamp"": ""2026-09-23 11:36:17.676"", ""session_id"": 72, ""resource_type"": ""OBJECT"", ""mode"": ""IX""}",OBJECT,IX,UNKNOWN
lock_acquired,2026-09-23 11:36:17.676,69,0,0,0,"{""event_name"": ""lock_acquired"", ""timestamp"": ""2026-09-23 11:36:17.676"", ""session_id"": 69, ""resource_type"": ""PAGE"", ""mode"": ""IX""}",PAGE,IX,UNKNOWN
lock_released,2026-09-23 11:36:17.676,75,0,0,0,"{""event_name"": ""lock_released"", ""timestamp"": ""2026-09-23 11:36:17.676"", ""session_id"": 75, ""resource_type"": ""PAGE"", ""mode"": ""IX""}",PAGE,IX,UNKNOWN
lock_released,2026-09-23 11:36:17.676,74,0,0,0,"{""event_name"": ""lock_released"", ""timestamp"": ""2026-09-23 11:36:17.676"", ""session_id"": 74, ""resource_type"": ""OBJECT"", ""mode"": ""IS""}",OBJECT,IS,UNKNOWN
lock_released,2026-09-23 11:36:17.676,69,0,0,0,"{""event_name"": ""lock_released"", ""timestamp"": ""2026-09-23 11:36:17.676"", ""session_id"": 69, ""resource_type"": ""PAGE"", ""mode"": ""S""}",PAGE,S,UNKNOWN
lock_released,2026-09-23 11:36:17.676,69,0,0,0,"{""event_name"": ""lock_released"", ""timestamp"": ""2026-09-23 11:36:17.676"", ""session_id"": 69, ""resource_type"": ""OBJECT"", ""mode"": ""IS""}",OBJECT,IS,UNKNOWN
lock_released,2026-09-23 11:36:17.676,72,0,0,0,"{""event_name"": ""lock_released"", ""timestamp"": ""2026-09-23 11:36:17.676"", ""session_id"": 72, ""resource_type"": ""PAGE"", ""mode"": ""IX""}",PAGE,IX,UNKNOWN
lock_released,2026-09-23 11:36:17.676,75,0,0,0,"{""event_name"": ""lock_released"", ""timestamp"": ""2026-09-23 11:36:17.676"", ""session_id"": 75, ""resource_type"": ""PAGE"", ""mode"": ""IU""}",PAGE,IU,UNKNOWN
lock_released,2026-09-23 11:36:17.676,71,0,0,0,"{""event_name"": ""lock_released"", ""timestamp"": ""2026-09-23 11:36:17.676"", ""session_id"": 71, ""resource_type"": ""PAGE"", ""mode"": ""S""}",PAGE,S,UNKNOWN
lock_acquired,2026-09-23 11:36:22.744,72,0,0,0,"{""event_name"": ""lock_acquired"", ""timestamp"": ""2026-09-23 11:36:22.744"", ""session_id"": 72, ""resource_type"": ""OBJECT"", ""mode"": ""Sch-S""}",OBJECT,Sch-S,UNKNOWN
lock_acquired,2026-09-23 11:36:22.744,72,0,0,0,"{""event_name"": ""lock_acquired"", ""timestamp"": ""2026-09-23 11:36:22.744"", ""session_id"": 72, ""resource_type"": ""METADATA"", ""mode"": ""Sch-S""}",METADATA,Sch-S,UNKNOWN
lock_acquired,2026-09-23 11:36:22.744,71,0,0,0,"{""event_name"": ""lock_acquired"", ""timestamp"": ""2026-09-23 11:36:22.744"", ""session_id"": 71, ""resource_type"": ""PAGE"", ""mode"": ""IX""}",PAGE,IX,UNKNOWN
lock_acquired,2026-09-23 11:36:22.744,71,0,0,0,"{""event_name"": ""lock_acquired"", ""timestamp"": ""2026-09-23 11:36:22.744"", ""session_id"": 71, ""resource_type"": ""KEY"", ""mode"": ""X""}",KEY,X,UNKNOWN
lock_acquired,2026-09-23 11:36:22.744,70,0,0,0,"{""event_name"": ""lock_acquired"", ""timestamp"": ""2026-09-23 11:36:22.744"", ""session_id"": 70, ""resource_type"": ""OBJECT"", ""mode"": ""IX""}",OBJECT,IX,UNKNOWN
lock_released,2026-09-23 11:36:22.744,70,0,0,0,"{""event_name"": ""lock_released"", ""timestamp"": ""2026-09-23 11:36:22.744"", ""session_id"": 70, ""resource_type"": ""OBJECT"", ""mode"": ""Sch-S""}",OBJECT,Sch-S,UNKNOWN
lock_released,2026-09-23 11:36:22.744,70,0,0,0,"{""event_name"": ""lock_released"", ""timestamp"": ""2026-09-23 11:36:22.744"", ""session_id"": 70, ""resource_type"": ""KEY"", ""mode"": ""X""}",KEY,X,UNKNOWN
lock_released,2026-09-23 11:36:22.744,70,0,0,0,"{""event_name"": ""lock_released"", ""timestamp"": ""2026-09-23 11:36:22.744"", ""session_id"": 70, ""resource_type"": ""METADATA"", ""mode"": ""Sch-S""}",METADATA,Sch-S,UNKNOWN
lock_released,2026-09-23 11:36:22.744,75,0,0,0,"{""event_name"": ""lock_released"", ""timestamp"": ""2026-09-23 11:36:22.744"", ""session_id"": 75, ""resource_type"": ""OBJECT"", ""mode"": ""IX""}",OBJECT,IX,UNKNOWN
lock_released,2026-09-23 11:36:22.744,73,0,0,0,"{""event_name"": ""lock_released"", ""timestamp"": ""2026-09-23 11:36:22.744"", ""session_id"": 73, ""resource_type"": ""OBJECT"", ""mode"": ""IS""}",OBJECT,IS,UNKNOWN
lock_released,2026-09-23 11:36:22.744,73,0,0,0,"{""event_name"": ""lock_released"", ""timestamp"": ""2026-09-23 11:36:22.744"", ""session_id"": 73, ""resource_type"": ""OBJECT"", ""mode"": ""IX""}",OBJECT,IX,UNKNOWN
lock_released,2026-09-23 11:36:22.744,74,0,0,0,"{""event_name"": ""lock_released"", ""timestamp"": ""2026-09-23 11:36:22.744"", ""session_id"": 74, ""resource_type"": ""PAGE"", ""mode"": ""IX""}",PAGE,IX,UNKNOWN
lock_released,2026-09-23 11:36:22.744,74,0,0,0,"{""event_name"": ""lock_released"", ""timestamp"": ""2026-09-23 11:36:22.744"", ""session_id"": 74, ""resource_type"": ""OBJECT"", ""mode"": ""IX""}",OBJECT,IX,UNKNOWN
lock_released,2026-09-23 11:36:22.744,73,0,0,0,"{""event_name"": ""lock_released"", ""timestamp"": ""2026-09-23 11:36:22.744"", ""session_id"": 73, ""resource_type"": ""PAGE"", ""mode"": ""S""}",PAGE,S,UNKNOWN
lock_released,2026-09-23 11:36:22.744,69,0,0,0,"{""event_name"": ""lock_released"", ""timestamp"": ""2026-09-23 11:36:22.744"", ""session_id"": 69, ""resource_type"": ""KEY"", ""mode"": ""X""}",KEY,X,UNKNOWN
lock_released,2026-09-23 11:36:22.744,71,0,0,0,"{""event_name"": ""lock_released"", ""timestamp"": ""2026-09-23 11:36:22.744"", ""session_id"": 71, ""resource_type"": ""OBJECT"", ""mode"": ""IS""}",OBJECT,IS,UNKNOWN
lock_released,2026-09-23 11:36:22.744,68,0,0,0,"{""event_name"": ""lock_released"", ""timestamp"": ""2026-09-23 11:36:22.744"", ""session_id"": 68, ""resource_type"": ""OBJECT"", ""mode"": ""IX""}",OBJECT,IX,UNKNOWN
lock_released,2026-09-23 11:36:22.744,72,0,0,0,"{""event_name"": ""lock_released"", ""timestamp"": ""2026-09-23 11:36:22.744"", ""session_id"": 72, ""resource_type"": ""OBJECT"", ""mode"": ""IX""}",OBJECT,IX,UNKNOWN
lock_released,2026-09-23 11:36:22.744,69,0,0,0,"{""event_name"": ""lock_released"", ""timestamp"": ""2026-09-23 11:36:22.744"", ""session_id"": 69, ""resource_type"": ""PAGE"", ""mode"": ""IX""}",PAGE,IX,UNKNOWN
lock_released,2026-09-23 11:36:22.744,69,0,0,0,"{""event_name"": ""lock_released"", ""timestamp"": ""2026-09-23 11:36:22.744"", ""session_id"": 69, ""resource_type"": ""OBJECT"", ""mode"": ""IX""}",OBJECT,IX,UNKNOWN
lock_acquired,2026-09-23 11:36:27.774,75,0,0,0,"{""event_name"": ""lock_acquired"", ""timestamp"": ""2026-09-23 11:36:27.774"", ""session_id"": 75, ""resource_type"": ""OBJECT"", ""mode"": ""IS""}",OBJECT,IS,UNKNOWN
lock_acquired,2026-09-23 11:36:27.774,74,0,0,0,"{""event_name"": ""lock_acquired"", ""timestamp"": ""2026-09-23 11:36:27.774"", ""session_id"": 74, ""resource_type"": ""PAGE"", ""mode"": ""S""}",PAGE,S,UNKNOWN
lock_acquired,2026-09-23 11:36:27.774,75,0,0,0,"{""event_name"": ""lock_acquired"", ""timestamp"": ""2026-09-23 11:36:27.774"", ""session_id"": 75, ""resource_type"": ""OBJECT"", ""mode"": ""IX""}",OBJECT,IX,UNKNOWN
lock_acquired,2026-09-23 11:36:27.774,73,0,0,0,"{""event_name"": ""lock_acquired"", ""timestamp"": ""2026-09-23 11:36:27.774"", ""session_id"": 73, ""resource_type"": ""OBJECT"", ""mode"": ""IS""}",OBJECT,IS,UNKNOWN
lock_acquired,2026-09-23 11:36:27.774,72,0,0,0,"{""event_name"": ""lock_acquired"", ""timestamp"": ""2026-09-23 11:36:27.774"", ""session_id"": 72, ""resource_type"": ""PAGE"", ""mode"": ""S""}",PAGE,S,UNKNOWN
lock_acquired,2026-09-23 11:36:27.774,74,0,0,0,"{""event_name"": ""lock_acquired"", ""timestamp"": ""2026-09-23 11:36:27.774"", ""session_id"": 74, ""resource_type"": ""OBJECT"", ""mode"": ""IS""}",OBJECT,IS,UNKNOWN
lock_acquired,2026-09-23 11:36:27.774,73,0,0,0,"{""event_name"": ""lock_acquired"", ""timestamp"": ""2026-09-23 11:36:27.774"", ""session_id"": 73, ""resource_type"": ""OBJECT"", ""mode"": ""IX""}",OBJECT,IX,UNKNOWN
lock_acquired,2026-09-23 11:36:27.774,74,0,0,0,"{""event_name"": ""lock_acquired"", ""timestamp"": ""2026-09-23 11:36:27.774"", ""session_id"": 74, ""resource_type"": ""OBJECT"", ""mode"": ""IX""}",OBJECT,IX,UNKNOWN
lock_acquired,2026-09-23 11:36:27.774,73,0,0,0,"{""event_name"": ""lock_acquired"", ""timestamp"": ""2026-09-23 11:36:27.774"", ""session_id"": 73, ""resource_type"": ""PAGE"", ""mode"": ""S""}",PAGE,S,UNKNOWN
lock_acquired,2026-09-23 11:36:27.774,72,0,0,0,"{""event_name"": ""lock_acquired"", ""timestamp"": ""2026-09-23 11:36:27.774"", ""session_id"": 72, ""resource_type"": ""OBJECT"", ""mode"": ""IS""}",OBJECT,IS,UNKNOWN
lock_acquired,2026-09-23 11:36:27.774,69,0,0,0,"{""event_name"": ""lock_acquired"", ""timestamp"": ""2026-09-23 11:36:27.774"", ""session_id"": 69, ""resource_type"": ""OBJECT"", ""mode"": ""IS""}",OBJECT,IS,UNKNOWN
lock_acquired,2026-09-23 11:36:27.774,68,0,0,0,"{""event_name"": ""lock_acquired"", ""timestamp"": ""2026-09-23 11:36:27.774"", ""session_id"": 68, ""resource_type"": ""OBJECT"", ""mode"": ""IX""}",OBJECT,IX,UNKNOWN
lock_acquired,2026-09-23 11:36:27.774,72,0,0,0,"{""event_name"": ""lock_acquired"", ""timestamp"": ""2026-09-23 11:36:27.774"", ""session_id"": 72, ""resource_type"": ""OBJECT"", ""mode"": ""IX""}",OBJECT,IX,UNKNOWN
lock_acquired,2026-09-23 11:36:27.774,69,0,0,0,"{""event_name"": ""lock_acquired"", ""timestamp"": ""2026-09-23 11:36:27.774"", ""session_id"": 69, ""resource_type"": ""OBJECT"", ""mode"": ""IX""}",OBJECT,IX,UNKNOWN
lock_acquired,2026-09-23 11:36:27.774,75,0,0,0,"{""event_name"": ""lock_acquired"", ""timestamp"": ""2026-09-23 11:36:27.774"", ""session_id"": 75, ""resource_type"": ""PAGE"", ""mode"": ""S""}",PAGE,S,UNKNOWN
lock_released,2026-09-23 11:36:27.774,71,0,0,0,"{""event_name"": ""lock_released"", ""timestamp"": ""2026-09-23 11:36:27.774"", ""session_id"": 71, ""resource_type"": ""KEY"", ""mode"": ""X""}",KEY,X,UNKNOWN
lock_released,2026-09-23 11:36:27.774,72,0,0,0,"{""event_name"": ""lock_released"", ""timestamp"": ""2026-09-23 11:36:27.774"", ""session_id"": 72, ""resource_type"": ""OBJECT"", ""mode"": ""Sch-S""}",OBJECT,Sch-S,UNKNOWN
lock_released,2026-09-23 11:36:27.774,72,0,0,0,"{""event_name"": ""lock_released"", ""timestamp"": ""2026-09-23 11:36:27.774"", ""session_id"": 72, ""resource_type"": ""METADATA"", ""mode"": ""Sch-S""}",METADATA,Sch-S,UNKNOWN
lock_released,2026-09-23 11:36:27.774,71,0,0,0,"{""event_name"": ""lock_released"", ""timestamp"": ""2026-09-23 11:36:27.774"", ""session_id"": 71, ""resource_type"": ""PAGE"", ""mode"": ""IX""}",PAGE,IX,UNKNOWN
login,2026-09-23 11:36:32.860,64,795ec2146175\Administrator,Microsoft SQL Server,SteelNort,"{""event_name"": ""login"", ""timestamp"": ""2026-09-23 11:36:32.860"", ""session_id"": 64, ""login_name"": ""795ec2146175\\Administrator"", ""program_name"": ""Microsoft SQL Server"", ""database_name"": ""SteelNort""}",0,0,UNKNOWN
lock_acquired,2026-09-23 11:36:32.860,72,0,0,0,"{""event_name"": ""lock_acquired"", ""timestamp"": ""2026-09-23 11:36:32.860"", ""session_id"": 72, ""resource_type"": ""OBJECT"", ""mode"": ""Sch-S""}",OBJECT,Sch-S,UNKNOWN
lock_acquired,2026-09-23 11:36:32.860,70,0,0,0,"{""event_name"": ""lock_acquired"", ""timestamp"": ""2026-09-23 11:36:32.860"", ""session_id"": 70, ""resource_type"": ""PAGE"", ""mode"": ""S""}",PAGE,S,UNKNOWN
lock_acquired,2026-09-23 11:36:32.860,74,0,0,0,"{""event_name"": ""lock_acquired"", ""timestamp"": ""2026-09-23 11:36:32.860"", ""session_id"": 74, ""resource_type"": ""PAGE"", ""mode"": ""IS""}",PAGE,IS,UNKNOWN
lock_acquired,2026-09-23 11:36:32.860,72,0,0,0,"{""event_name"": ""lock_acquired"", ""timestamp"": ""2026-09-23 11:36:32.860"", ""session_id"": 72, ""resource_type"": ""METADATA"", ""mode"": ""Sch-S""}",METADATA,Sch-S,UNKNOWN
lock_acquired,2026-09-23 11:36:32.860,69,0,0,0,"{""event_name"": ""lock_acquired"", ""timestamp"": ""2026-09-23 11:36:32.860"", ""session_id"": 69, ""resource_type"": ""PAGE"", ""mode"": ""S""}",PAGE,S,UNKNOWN
lock_acquired,2026-09-23 11:36:32.860,71,0,0,0,"{""event_name"": ""lock_acquired"", ""timestamp"": ""2026-09-23 11:36:32.860"", ""session_id"": 71, ""resource_type"": ""OBJECT"", ""mode"": ""IS""}",OBJECT,IS,UNKNOWN
lock_acquired,2026-09-23 11:36:32.860,75,0,0,0,"{""event_name"": ""lock_acquired"", ""timestamp"": ""2026-09-23 11:36:32.860"", ""session_id"": 75, ""resource_type"": ""KEY"", ""mode"": ""X""}",KEY,X,UNKNOWN
lock_acquired,2026-09-23 11:36:32.860,70,0,0,0,"{""event_name"": ""lock_acquired"", ""timestamp"": ""2026-09-23 11:36:32.860"", ""session_id"": 70, ""resource_type"": ""OBJECT"", ""mode"": ""IS""}",OBJECT,IS,UNKNOWN
lock_released,2026-09-23 11:36:32.860,75,0,0,0,"{""event_name"": ""lock_released"", ""timestamp"": ""2026-09-23 11:36:32.860"", ""session_id"": 75, ""resource_type"": ""OBJECT"", ""mode"": ""IS""}",OBJECT,IS,UNKNOWN
lock_released,2026-09-23 11:36:32.860,74,0,0,0,"{""event_name"": ""lock_released"", ""timestamp"": ""2026-09-23 11:36:32.860"", ""session_id"": 74, ""resource_type"": ""PAGE"", ""mode"": ""S""}",PAGE,S,UNKNOWN
lock_released,2026-09-23 11:36:32.860,72,0,0,0,"{""event_name"": ""lock_released"", ""timestamp"": ""2026-09-23 11:36:32.860"", ""session_id"": 72, ""resource_type"": ""PAGE"", ""mode"": ""S""}",PAGE,S,UNKNOWN
lock_released,2026-09-23 11:36:32.860,74,0,0,0,"{""event_name"": ""lock_released"", ""timestamp"": ""2026-09-23 11:36:32.860"", ""session_id"": 74, ""resource_type"": ""OBJECT"", ""mode"": ""IX""}",OBJECT,IX,UNKNOWN
lock_released,2026-09-23 11:36:32.860,72,0,0,0,"{""event_name"": ""lock_released"", ""timestamp"": ""2026-09-23 11:36:32.860"", ""session_id"": 72, ""resource_type"": ""OBJECT"", ""mode"": ""IS""}",OBJECT,IS,UNKNOWN
lock_released,2026-09-23 11:36:32.860,68,0,0,0,"{""event_name"": ""lock_released"", ""timestamp"": ""2026-09-23 11:36:32.860"", ""session_id"": 68, ""resource_type"": ""OBJECT"", ""mode"": ""IX""}",OBJECT,IX,UNKNOWN
lock_released,2026-09-23 11:36:32.860,72,0,0,0,"{""event_name"": ""lock_released"", ""timestamp"": ""2026-09-23 11:36:32.860"", ""session_id"": 72, ""resource_type"": ""OBJECT"", ""mode"": ""IX""}",OBJECT,IX,UNKNOWN
lock_released,2026-09-23 11:36:32.860,75,0,0,0,"{""event_name"": ""lock_released"", ""timestamp"": ""2026-09-23 11:36:32.860"", ""session_id"": 75, ""resource_type"": ""PAGE"", ""mode"": ""S""}",PAGE,S,UNKNOWN
lock_acquired,2026-09-23 11:36:37.932,70,0,0,0,"{""event_name"": ""lock_acquired"", ""timestamp"": ""2026-09-23 11:36:37.932"", ""session_id"": 70, ""resource_type"": ""KEY"", ""mode"": ""X""}",KEY,X,UNKNOWN
lock_acquired,2026-09-23 11:36:37.932,74,0,0,0,"{""event_name"": ""lock_acquired"", ""timestamp"": ""2026-09-23 11:36:37.932"", ""session_id"": 74, ""resource_type"": ""KEY"", ""mode"": ""X""}",KEY,X,UNKNOWN
lock_acquired,2026-09-23 11:36:37.932,71,0,0,0,"{""event_name"": ""lock_acquired"", ""timestamp"": ""2026-09-23 11:36:37.932"", ""session_id"": 71, ""resource_type"": ""OBJECT"", ""mode"": ""Sch-S""}",OBJECT,Sch-S,UNKNOWN
lock_acquired,2026-09-23 11:36:37.932,69,0,0,0,"{""event_name"": ""lock_acquired"", ""timestamp"": ""2026-09-23 11:36:37.932"", ""session_id"": 69, ""resource_type"": ""KEY"", ""mode"": ""S""}",KEY,S,UNKNOWN
lock_acquired,2026-09-23 11:36:37.932,68,0,0,0,"{""event_name"": ""lock_acquired"", ""timestamp"": ""2026-09-23 11:36:37.932"", ""session_id"": 68, ""resource_type"": ""PAGE"", ""mode"": ""S""}",PAGE,S,UNKNOWN
lock_acquired,2026-09-23 11:36:37.932,72,0,0,0,"{""event_name"": ""lock_acquired"", ""timestamp"": ""2026-09-23 11:36:37.932"", ""session_id"": 72, ""resource_type"": ""PAGE"", ""mode"": ""S""}",PAGE,S,UNKNOWN
lock_acquired,2026-09-23 11:36:37.932,70,0,0,0,"{""event_name"": ""lock_acquired"", ""timestamp"": ""2026-09-23 11:36:37.932"", ""session_id"": 70, ""resource_type"": ""PAGE"", ""mode"": ""IX""}",PAGE,IX,UNKNOWN
lock_acquired,2026-09-23 11:36:37.932,74,0,0,0,"{""event_name"": ""lock_acquired"", ""timestamp"": ""2026-09-23 11:36:37.932"", ""session_id"": 74, ""resource_type"": ""PAGE"", ""mode"": ""IX""}",PAGE,IX,UNKNOWN
lock_acquired,2026-09-23 11:36:37.932,74,0,0,0,"{""event_name"": ""lock_acquired"", ""timestamp"": ""2026-09-23 11:36:37.932"", ""session_id"": 74, ""resource_type"": ""OBJECT"", ""mode"": ""IX""}",OBJECT,IX,UNKNOWN
lock_acquired,2026-09-23 11:36:37.932,68,0,0,0,"{""event_name"": ""lock_acquired"", ""timestamp"": ""2026-09-23 11:36:37.932"", ""session_id"": 68, ""resource_type"": ""OBJECT"", ""mode"": ""IS""}",OBJECT,IS,UNKNOWN
lock_acquired,2026-09-23 11:36:37.932,72,0,0,0,"{""event_name"": ""lock_acquired"", ""timestamp"": ""2026-09-23 11:36:37.932"", ""session_id"": 72, ""resource_type"": ""OBJECT"", ""mode"": ""IS""}",OBJECT,IS,UNKNOWN
lock_acquired,2026-09-23 11:36:37.932,71,0,0,0,"{""event_name"": ""lock_acquired"", ""timestamp"": ""2026-09-23 11:36:37.932"", ""session_id"": 71, ""resource_type"": ""METADATA"", ""mode"": ""Sch-S""}",METADATA,Sch-S,UNKNOWN
lock_acquired,2026-09-23 11:36:37.932,68,0,0,0,"{""event_name"": ""lock_acquired"", ""timestamp"": ""2026-09-23 11:36:37.932"", ""session_id"": 68, ""resource_type"": ""OBJECT"", ""mode"": ""IX""}",OBJECT,IX,UNKNOWN
lock_acquired,2026-09-23 11:36:37.932,72,0,0,0,"{""event_name"": ""lock_acquired"", ""timestamp"": ""2026-09-23 11:36:37.932"", ""session_id"": 72, ""resource_type"": ""OBJECT"", ""mode"": ""IX""}",OBJECT,IX,UNKNOWN
lock_acquired,2026-09-23 11:36:37.932,69,0,0,0,"{""event_name"": ""lock_acquired"", ""timestamp"": ""2026-09-23 11:36:37.932"", ""session_id"": 69, ""resource_type"": ""OBJECT"", ""mode"": ""Sch-S""}",OBJECT,Sch-S,UNKNOWN
lock_released,2026-09-23 11:36:37.932,72,0,0,0,"{""event_name"": ""lock_released"", ""timestamp"": ""2026-09-23 11:36:37.932"", ""session_id"": 72, ""resource_type"": ""OBJECT"", ""mode"": ""Sch-S""}",OBJECT,Sch-S,UNKNOWN
lock_released,2026-09-23 11:36:37.932,71,0,0,0,"{""event_name"": ""lock_released"", ""timestamp"": ""2026-09-23 11:36:37.932"", ""session_id"": 71, ""resource_type"": ""OBJECT"", ""mode"": ""IX""}",OBJECT,IX,UNKNOWN
lock_released,2026-09-23 11:36:37.932,70,0,0,0,"{""event_name"": ""lock_released"", ""timestamp"": ""2026-09-23 11:36:37.932"", ""session_id"": 70, ""resource_type"": ""PAGE"", ""mode"": ""S""}",PAGE,S,UNKNOWN
lock_released,2026-09-23 11:36:37.932,75,0,0,0,"{""event_name"": ""lock_released"", ""timestamp"": ""2026-09-23 11:36:37.932"", ""session_id"": 75, ""resource_type"": ""OBJECT"", ""mode"": ""IX""}",OBJECT,IX,UNKNOWN
lock_released,2026-09-23 11:36:37.932,74,0,0,0,"{""event_name"": ""lock_released"", ""timestamp"": ""2026-09-23 11:36:37.932"", ""session_id"": 74, ""resource_type"": ""PAGE"", ""mode"": ""IS""}",PAGE,IS,UNKNOWN
lock_released,2026-09-23 11:36:37.932,73,0,0,0,"{""event_name"": ""lock_released"", ""timestamp"": ""2026-09-23 11:36:37.932"", ""session_id"": 73, ""resource_type"": ""OBJECT"", ""mode"": ""IS""}",OBJECT,IS,UNKNOWN
lock_released,2026-09-23 11:36:37.932,74,0,0,0,"{""event_name"": ""lock_released"", ""timestamp"": ""2026-09-23 11:36:37.932"", ""session_id"": 74, ""resource_type"": ""OBJECT"", ""mode"": ""IS""}",OBJECT,IS,UNKNOWN
lock_released,2026-09-23 11:36:37.932,69,0,0,0,"{""event_name"": ""lock_released"", ""timestamp"": ""2026-09-23 11:36:37.932"", ""session_id"": 69, ""resource_type"": ""PAGE"", ""mode"": ""S""}",PAGE,S,UNKNOWN
lock_released,2026-09-23 11:36:37.932,72,0,0,0,"{""event_name"": ""lock_released"", ""timestamp"": ""2026-09-23 11:36:37.932"", ""session_id"": 72, ""resource_type"": ""METADATA"", ""mode"": ""Sch-S""}",METADATA,Sch-S,UNKNOWN
lock_released,2026-09-23 11:36:37.932,73,0,0,0,"{""event_name"": ""lock_released"", ""timestamp"": ""2026-09-23 11:36:37.932"", ""session_id"": 73, ""resource_type"": ""OBJECT"", ""mode"": ""IX""}",OBJECT,IX,UNKNOWN
lock_released,2026-09-23 11:36:37.932,73,0,0,0,"{""event_name"": ""lock_released"", ""timestamp"": ""2026-09-23 11:36:37.932"", ""session_id"": 73, ""resource_type"": ""PAGE"", ""mode"": ""S""}",PAGE,S,UNKNOWN
lock_released,2026-09-23 11:36:37.932,69,0,0,0,"{""event_name"": ""lock_released"", ""timestamp"": ""2026-09-23 11:36:37.932"", ""session_id"": 69, ""resource_type"": ""OBJECT"", ""mode"": ""IS""}",OBJECT,IS,UNKNOWN
lock_released,2026-09-23 11:36:37.932,71,0,0,0,"{""event_name"": ""lock_released"", ""timestamp"": ""2026-09-23 11:36:37.932"", ""session_id"": 71, ""resource_type"": ""OBJECT"", ""mode"": ""IS""}",OBJECT,IS,UNKNOWN
lock_released,2026-09-23 11:36:37.932,75,0,0,0,"{""event_name"": ""lock_released"", ""timestamp"": ""2026-09-23 11:36:37.932"", ""session_id"": 75, ""resource_type"": ""KEY"", ""mode"": ""X""}",KEY,X,UNKNOWN
lock_released,2026-09-23 11:36:37.932,70,0,0,0,"{""event_name"": ""lock_released"", ""timestamp"": ""2026-09-23 11:36:37.932"", ""session_id"": 70, ""resource_type"": ""OBJECT"", ""mode"": ""IS""}",OBJECT,IS,UNKNOWN
lock_released,2026-09-23 11:36:37.932,69,0,0,0,"{""event_name"": ""lock_released"", ""timestamp"": ""2026-09-23 11:36:37.932"", ""session_id"": 69, ""resource_type"": ""OBJECT"", ""mode"": ""IX""}",OBJECT,IX,UNKNOWN
logout,2026-09-23 11:36:42.978,64,0,0,0,"{""event_name"": ""logout"", ""timestamp"": ""2026-09-23 11:36:42.978"", ""session_id"": 64}",0,0,UNKNOWN
lock_acquired,2026-09-23 11:36:42.978,72,0,0,0,"{""event_name"": ""lock_acquired"", ""timestamp"": ""2026-09-23 11:36:42.978"", ""session_id"": 72, ""resource_type"": ""OBJECT"", ""mode"": ""Sch-S""}",OBJECT,Sch-S,UNKNOWN
lock_acquired,2026-09-23 11:36:42.978,71,0,0,0,"{""event_name"": ""lock_acquired"", ""timestamp"": ""2026-09-23 11:36:42.978"", ""session_id"": 71, ""resource_type"": ""OBJECT"", ""mode"": ""IX""}",OBJECT,IX,UNKNOWN
lock_acquired,2026-09-23 11:36:42.978,69,0,0,0,"{""event_name"": ""lock_acquired"", ""timestamp"": ""2026-09-23 11:36:42.978"", ""session_id"": 69, ""resource_type"": ""OBJECT"", ""mode"": ""IX""}",OBJECT,IX,UNKNOWN
lock_acquired,2026-09-23 11:36:42.978,70,0,0,0,"{""event_name"": ""lock_acquired"", ""timestamp"": ""2026-09-23 11:36:42.978"", ""session_id"": 70, ""resource_type"": ""OBJECT"", ""mode"": ""IS""}",OBJECT,IS,UNKNOWN
lock_acquired,2026-09-23 11:36:42.978,73,0,0,0,"{""event_name"": ""lock_acquired"", ""timestamp"": ""2026-09-23 11:36:42.978"", ""session_id"": 73, ""resource_type"": ""PAGE"", ""mode"": ""IX""}",PAGE,IX,UNKNOWN
lock_acquired,2026-09-23 11:36:42.978,68,0,0,0,"{""event_name"": ""lock_acquired"", ""timestamp"": ""2026-09-23 11:36:42.978"", ""session_id"": 68, ""resource_type"": ""KEY"", ""mode"": ""X""}",KEY,X,UNKNOWN
lock_acquired,2026-09-23 11:36:42.978,72,0,0,0,"{""event_name"": ""lock_acquired"", ""timestamp"": ""2026-09-23 11:36:42.978"", ""session_id"": 72, ""resource_type"": ""METADATA"", ""mode"": ""Sch-S""}",METADATA,Sch-S,UNKNOWN
lock_acquired,2026-09-23 11:36:42.978,73,0,0,0,"{""event_name"": ""lock_acquired"", ""timestamp"": ""2026-09-23 11:36:42.978"", ""session_id"": 73, ""resource_type"": ""OBJECT"", ""mode"": ""IX""}",OBJECT,IX,UNKNOWN
lock_acquired,2026-09-23 11:36:42.978,75,0,0,0,"{""event_name"": ""lock_acquired"", ""timestamp"": ""2026-09-23 11:36:42.978"", ""session_id"": 75, ""resource_type"": ""OBJECT"", ""mode"": ""Sch-S""}",OBJECT,Sch-S,UNKNOWN
lock_acquired,2026-09-23 11:36:42.978,74,0,0,0,"{""event_name"": ""lock_acquired"", ""timestamp"": ""2026-09-23 11:36:42.978"", ""session_id"": 74, ""resource_type"": ""KEY"", ""mode"": ""U""}",KEY,U,UNKNOWN
lock_acquired,2026-09-23 11:36:42.978,71,0,0,0,"{""event_name"": ""lock_acquired"", ""timestamp"": ""2026-09-23 11:36:42.978"", ""session_id"": 71, ""resource_type"": ""PAGE"", ""mode"": ""IX""}",PAGE,IX,UNKNOWN
lock_acquired,2026-09-23 11:36:42.978,68,0,0,0,"{""event_name"": ""lock_acquired"", ""timestamp"": ""2026-09-23 11:36:42.978"", ""session_id"": 68, ""resource_type"": ""PAGE"", ""mode"": ""IX""}",PAGE,IX,UNKNOWN
lock_acquired,2026-09-23 11:36:42.978,69,0,0,0,"{""event_name"": ""lock_acquired"", ""timestamp"": ""2026-09-23 11:36:42.978"", ""session_id"": 69, ""resource_type"": ""PAGE"", ""mode"": ""IX""}",PAGE,IX,UNKNOWN
lock_acquired,2026-09-23 11:36:42.978,75,0,0,0,"{""event_name"": ""lock_acquired"", ""timestamp"": ""2026-09-23 11:36:42.978"", ""session_id"": 75, ""resource_type"": ""METADATA"", ""mode"": ""Sch-S""}",METADATA,Sch-S,UNKNOWN
lock_acquired,2026-09-23 11:36:42.978,71,0,0,0,"{""event_name"": ""lock_acquired"", ""timestamp"": ""2026-09-23 11:36:42.978"", ""session_id"": 71, ""resource_type"": ""KEY"", ""mode"": ""X""}",KEY,X,UNKNOWN
lock_acquired,2026-09-23 11:36:42.978,73,0,0,0,"{""event_name"": ""lock_acquired"", ""timestamp"": ""2026-09-23 11:36:42.978"", ""session_id"": 73, ""resource_type"": ""KEY"", ""mode"": ""X""}",KEY,X,UNKNOWN
lock_released,2026-09-23 11:36:42.978,70,0,0,0,"{""event_name"": ""lock_released"", ""timestamp"": ""2026-09-23 11:36:42.978"", ""session_id"": 70, ""resource_type"": ""KEY"", ""mode"": ""X""}",KEY,X,UNKNOWN
lock_released,2026-09-23 11:36:42.978,71,0,0,0,"{""event_name"": ""lock_released"", ""timestamp"": ""2026-09-23 11:36:42.978"", ""session_id"": 71, ""resource_type"": ""OBJECT"", ""mode"": ""Sch-S""}",OBJECT,Sch-S,UNKNOWN
lock_released,2026-09-23 11:36:42.978,69,0,0,0,"{""event_name"": ""lock_released"", ""timestamp"": ""2026-09-23 11:36:42.978"", ""session_id"": 69, ""resource_type"": ""KEY"", ""mode"": ""S""}",KEY,S,UNKNOWN
lock_released,2026-09-23 11:36:42.978,68,0,0,0,"{""event_name"": ""lock_released"", ""timestamp"": ""2026-09-23 11:36:42.978"", ""session_id"": 68, ""resource_type"": ""PAGE"", ""mode"": ""S""}",PAGE,S,UNKNOWN
lock_released,2026-09-23 11:36:42.978,72,0,0,0,"{""event_name"": ""lock_released"", ""timestamp"": ""2026-09-23 11:36:42.978"", ""session_id"": 72, ""resource_type"": ""PAGE"", ""mode"": ""S""}",PAGE,S,UNKNOWN
lock_released,2026-09-23 11:36:42.978,70,0,0,0,"{""event_name"": ""lock_released"", ""timestamp"": ""2026-09-23 11:36:42.978"", ""session_id"": 70, ""resource_type"": ""PAGE"", ""mode"": ""IX""}",PAGE,IX,UNKNOWN
lock_released,2026-09-23 11:36:42.978,68,0,0,0,"{""event_name"": ""lock_released"", ""timestamp"": ""2026-09-23 11:36:42.978"", ""session_id"": 68, ""resource_type"": ""OBJECT"", ""mode"": ""IS""}",OBJECT,IS,UNKNOWN
lock_released,2026-09-23 11:36:42.978,72,0,0,0,"{""event_name"": ""lock_released"", ""timestamp"": ""2026-09-23 11:36:42.978"", ""session_id"": 72, ""resource_type"": ""OBJECT"", ""mode"": ""IS""}",OBJECT,IS,UNKNOWN
lock_released,2026-09-23 11:36:42.978,71,0,0,0,"{""event_name"": ""lock_released"", ""timestamp"": ""2026-09-23 11:36:42.978"", ""session_id"": 71, ""resource_type"": ""METADATA"", ""mode"": ""Sch-S""}",METADATA,Sch-S,UNKNOWN
lock_released,2026-09-23 11:36:42.978,72,0,0,0,"{""event_name"": ""lock_released"", ""timestamp"": ""2026-09-23 11:36:42.978"", ""session_id"": 72, ""resource_type"": ""OBJECT"", ""mode"": ""IX""}",OBJECT,IX,UNKNOWN
lock_released,2026-09-23 11:36:42.978,69,0,0,0,"{""event_name"": ""lock_released"", ""timestamp"": ""2026-09-23 11:36:42.978"", ""session_id"": 69, ""resource_type"": ""OBJECT"", ""mode"": ""Sch-S""}",OBJECT,Sch-S,UNKNOWN
login,2026-09-23 11:36:47.998,64,sa,unknown,SteelNort,"{""event_name"": ""login"", ""timestamp"": ""2026-09-23 11:36:47.998"", ""session_id"": 64, ""login_name"": ""sa"", ""program_name"": ""unknown"", ""database_name"": ""SteelNort""}",0,0,UNKNOWN
lock_acquired,2026-09-23 11:36:47.998,75,0,0,0,"{""event_name"": ""lock_acquired"", ""timestamp"": ""2026-09-23 11:36:47.998"", ""session_id"": 75, ""resource_type"": ""OBJECT"", ""mode"": ""IS""}",OBJECT,IS,UNKNOWN
lock_acquired,2026-09-23 11:36:47.998,75,0,0,0,"{""event_name"": ""lock_acquired"", ""timestamp"": ""2026-09-23 11:36:47.998"", ""session_id"": 75, ""resource_type"": ""OBJECT"", ""mode"": ""IX""}",OBJECT,IX,UNKNOWN
lock_acquired,2026-09-23 11:36:47.998,74,0,0,0,"{""event_name"": ""lock_acquired"", ""timestamp"": ""2026-09-23 11:36:47.998"", ""session_id"": 74, ""resource_type"": ""OBJECT"", ""mode"": ""IS""}",OBJECT,IS,UNKNOWN
lock_acquired,2026-09-23 11:36:47.998,70,0,0,0,"{""event_name"": ""lock_acquired"", ""timestamp"": ""2026-09-23 11:36:47.998"", ""session_id"": 70, ""resource_type"": ""PAGE"", ""mode"": ""IX""}",PAGE,IX,UNKNOWN
lock_acquired,2026-09-23 11:36:47.998,70,0,0,0,"{""event_name"": ""lock_acquired"", ""timestamp"": ""2026-09-23 11:36:47.998"", ""session_id"": 70, ""resource_type"": ""KEY"", ""mode"": ""U""}",KEY,U,UNKNOWN
lock_acquired,2026-09-23 11:36:47.998,69,0,0,0,"{""event_name"": ""lock_acquired"", ""timestamp"": ""2026-09-23 11:36:47.998"", ""session_id"": 69, ""resource_type"": ""OBJECT"", ""mode"": ""IS""}",OBJECT,IS,UNKNOWN
lock_acquired,2026-09-23 11:36:47.998,71,0,0,0,"{""event_name"": ""lock_acquired"", ""timestamp"": ""2026-09-23 11:36:47.998"", ""session_id"": 71, ""resource_type"": ""OBJECT"", ""mode"": ""IS""}",OBJECT,IS,UNKNOWN
lock_acquired,2026-09-23 11:36:47.998,71,0,0,0,"{""event_name"": ""lock_acquired"", ""timestamp"": ""2026-09-23 11:36:47.998"", ""session_id"": 71, ""resource_type"": ""PAGE"", ""mode"": ""S""}",PAGE,S,UNKNOWN
lock_released,2026-09-23 11:36:47.998,72,0,0,0,"{""event_name"": ""lock_released"", ""timestamp"": ""2026-09-23 11:36:47.998"", ""session_id"": 72, ""resource_type"": ""OBJECT"", ""mode"": ""Sch-S""}",OBJECT,Sch-S,UNKNOWN
lock_released,2026-09-23 11:36:47.998,74,0,0,0,"{""event_name"": ""lock_released"", ""timestamp"": ""2026-09-23 11:36:47.998"", ""session_id"": 74, ""resource_type"": ""KEY"", ""mode"": ""X""}",KEY,X,UNKNOWN
lock_released,2026-09-23 11:36:47.998,70,0,0,0,"{""event_name"": ""lock_released"", ""timestamp"": ""2026-09-23 11:36:47.998"", ""session_id"": 70, ""resource_type"": ""OBJECT"", ""mode"": ""IS""}",OBJECT,IS,UNKNOWN
lock_released,2026-09-23 11:36:47.998,73,0,0,0,"{""event_name"": ""lock_released"", ""timestamp"": ""2026-09-23 11:36:47.998"", ""session_id"": 73, ""resource_type"": ""PAGE"", ""mode"": ""IX""}",PAGE,IX,UNKNOWN
lock_released,2026-09-23 11:36:47.998,68,0,0,0,"{""event_name"": ""lock_released"", ""timestamp"": ""2026-09-23 11:36:47.998"", ""session_id"": 68, ""resource_type"": ""KEY"", ""mode"": ""X""}",KEY,X,UNKNOWN
lock_released,2026-09-23 11:36:47.998,72,0,0,0,"{""event_name"": ""lock_released"", ""timestamp"": ""2026-09-23 11:36:47.998"", ""session_id"": 72, ""resource_type"": ""METADATA"", ""mode"": ""Sch-S""}",METADATA,Sch-S,UNKNOWN
lock_released,2026-09-23 11:36:47.998,73,0,0,0,"{""event_name"": ""lock_released"", ""timestamp"": ""2026-09-23 11:36:47.998"", ""session_id"": 73, ""resource_type"": ""OBJECT"", ""mode"": ""IX""}",OBJECT,IX,UNKNOWN
lock_released,2026-09-23 11:36:47.998,74,0,0,0,"{""event_name"": ""lock_released"", ""timestamp"": ""2026-09-23 11:36:47.998"", ""session_id"": 74, ""resource_type"": ""PAGE"", ""mode"": ""IX""}",PAGE,IX,UNKNOWN
lock_released,2026-09-23 11:36:47.998,74,0,0,0,"{""event_name"": ""lock_released"", ""timestamp"": ""2026-09-23 11:36:47.998"", ""session_id"": 74, ""resource_type"": ""KEY"", ""mode"": ""U""}",KEY,U,UNKNOWN
lock_released,2026-09-23 11:36:47.998,75,0,0,0,"{""event_name"": ""lock_released"", ""timestamp"": ""2026-09-23 11:36:47.998"", ""session_id"": 75, ""resource_type"": ""OBJECT"", ""mode"": ""Sch-S""}",OBJECT,Sch-S,UNKNOWN
lock_released,2026-09-23 11:36:47.998,71,0,0,0,"{""event_name"": ""lock_released"", ""timestamp"": ""2026-09-23 11:36:47.998"", ""session_id"": 71, ""resource_type"": ""PAGE"", ""mode"": ""IX""}",PAGE,IX,UNKNOWN
lock_released,2026-09-23 11:36:47.998,68,0,0,0,"{""event_name"": ""lock_released"", ""timestamp"": ""2026-09-23 11:36:47.998"", ""session_id"": 68, ""resource_type"": ""PAGE"", ""mode"": ""IX""}",PAGE,IX,UNKNOWN
lock_released,2026-09-23 11:36:47.998,68,0,0,0,"{""event_name"": ""lock_released"", ""timestamp"": ""2026-09-23 11:36:47.998"", ""session_id"": 68, ""resource_type"": ""OBJECT"", ""mode"": ""IX""}",OBJECT,IX,UNKNOWN
lock_released,2026-09-23 11:36:47.998,69,0,0,0,"{""event_name"": ""lock_released"", ""timestamp"": ""2026-09-23 11:36:47.998"", ""session_id"": 69, ""resource_type"": ""PAGE"", ""mode"": ""IX""}",PAGE,IX,UNKNOWN
lock_released,2026-09-23 11:36:47.998,75,0,0,0,"{""event_name"": ""lock_released"", ""timestamp"": ""2026-09-23 11:36:47.998"", ""session_id"": 75, ""resource_type"": ""METADATA"", ""mode"": ""Sch-S""}",METADATA,Sch-S,UNKNOWN
lock_released,2026-09-23 11:36:47.998,71,0,0,0,"{""event_name"": ""lock_released"", ""timestamp"": ""2026-09-23 11:36:47.998"", ""session_id"": 71, ""resource_type"": ""KEY"", ""mode"": ""X""}",KEY,X,UNKNOWN
lock_released,2026-09-23 11:36:47.998,73,0,0,0,"{""event_name"": ""lock_released"", ""timestamp"": ""2026-09-23 11:36:47.998"", ""session_id"": 73, ""resource_type"": ""KEY"", ""mode"": ""X""}",KEY,X,UNKNOWN
logout,2026-09-23 11:36:53.076,64,0,0,0,"{""event_name"": ""logout"", ""timestamp"": ""2026-09-23 11:36:53.076"", ""session_id"": 64}",0,0,UNKNOWN
lock_acquired,2026-09-23 11:36:53.076,70,0,0,0,"{""event_name"": ""lock_acquired"", ""timestamp"": ""2026-09-23 11:36:53.076"", ""session_id"": 70, ""resource_type"": ""OBJECT"", ""mode"": ""IS""}",OBJECT,IS,UNKNOWN
lock_acquired,2026-09-23 11:36:53.076,74,0,0,0,"{""event_name"": ""lock_acquired"", ""timestamp"": ""2026-09-23 11:36:53.076"", ""session_id"": 74, ""resource_type"": ""PAGE"", ""mode"": ""S""}",PAGE,S,UNKNOWN
lock_acquired,2026-09-23 11:36:53.076,68,0,0,0,"{""event_name"": ""lock_acquired"", ""timestamp"": ""2026-09-23 11:36:53.076"", ""session_id"": 68, ""resource_type"": ""PAGE"", ""mode"": ""S""}",PAGE,S,UNKNOWN
lock_acquired,2026-09-23 11:36:53.076,68,0,0,0,"{""event_name"": ""lock_acquired"", ""timestamp"": ""2026-09-23 11:36:53.076"", ""session_id"": 68, ""resource_type"": ""OBJECT"", ""mode"": ""IS""}",OBJECT,IS,UNKNOWN
lock_acquired,2026-09-23 11:36:53.076,68,0,0,0,"{""event_name"": ""lock_acquired"", ""timestamp"": ""2026-09-23 11:36:53.076"", ""session_id"": 68, ""resource_type"": ""OBJECT"", ""mode"": ""IX""}",OBJECT,IX,UNKNOWN
lock_acquired,2026-09-23 11:36:53.076,72,0,0,0,"{""event_name"": ""lock_acquired"", ""timestamp"": ""2026-09-23 11:36:53.076"", ""session_id"": 72, ""resource_type"": ""OBJECT"", ""mode"": ""IX""}",OBJECT,IX,UNKNOWN
lock_released,2026-09-23 11:36:53.076,70,0,0,0,"{""event_name"": ""lock_released"", ""timestamp"": ""2026-09-23 11:36:53.076"", ""session_id"": 70, ""resource_type"": ""KEY"", ""mode"": ""U""}",KEY,U,UNKNOWN
lock_released,2026-09-23 11:36:53.076,70,0,0,0,"{""event_name"": ""lock_released"", ""timestamp"": ""2026-09-23 11:36:53.076"", ""session_id"": 70, ""resource_type"": ""PAGE"", ""mode"": ""IX""}",PAGE,IX,UNKNOWN
lock_acquired,2026-09-23 11:36:58.118,68,0,0,0,"{""event_name"": ""lock_acquired"", ""timestamp"": ""2026-09-23 11:36:58.118"", ""session_id"": 68, ""resource_type"": ""OBJECT"", ""mode"": ""Sch-S""}",OBJECT,Sch-S,UNKNOWN
lock_acquired,2026-09-23 11:36:58.118,75,0,0,0,"{""event_name"": ""lock_acquired"", ""timestamp"": ""2026-09-23 11:36:58.118"", ""session_id"": 75, ""resource_type"": ""PAGE"", ""mode"": ""S""}",PAGE,S,UNKNOWN
lock_acquired,2026-09-23 11:36:58.118,72,0,0,0,"{""event_name"": ""lock_acquired"", ""timestamp"": ""2026-09-23 11:36:58.118"", ""session_id"": 72, ""resource_type"": ""PAGE"", ""mode"": ""S""}",PAGE,S,UNKNOWN
lock_acquired,2026-09-23 11:36:58.118,72,0,0,0,"{""event_name"": ""lock_acquired"", ""timestamp"": ""2026-09-23 11:36:58.118"", ""session_id"": 72, ""resource_type"": ""OBJECT"", ""mode"": ""IS""}",OBJECT,IS,UNKNOWN
lock_released,2026-09-23 11:36:58.118,68,0,0,0,"{""event_name"": ""lock_released"", ""timestamp"": ""2026-09-23 11:36:58.118"", ""session_id"": 68, ""resource_type"": ""PAGE"", ""mode"": ""S""}",PAGE,S,UNKNOWN
lock_released,2026-09-23 11:36:58.118,68,0,0,0,"{""event_name"": ""lock_released"", ""timestamp"": ""2026-09-23 11:36:58.118"", ""session_id"": 68, ""resource_type"": ""OBJECT"", ""mode"": ""IS""}",OBJECT,IS,UNKNOWN
lock_released,2026-09-23 11:36:58.118,71,0,0,0,"{""event_name"": ""lock_released"", ""timestamp"": ""2026-09-23 11:36:58.118"", ""session_id"": 71, ""resource_type"": ""OBJECT"", ""mode"": ""IS""}",OBJECT,IS,UNKNOWN
lock_released,2026-09-23 11:36:58.118,68,0,0,0,"{""event_name"": ""lock_released"", ""timestamp"": ""2026-09-23 11:36:58.118"", ""session_id"": 68, ""resource_type"": ""OBJECT"", ""mode"": ""IX""}",OBJECT,IX,UNKNOWN
lock_released,2026-09-23 11:36:58.118,71,0,0,0,"{""event_name"": ""lock_released"", ""timestamp"": ""2026-09-23 11:36:58.118"", ""session_id"": 71, ""resource_type"": ""PAGE"", ""mode"": ""S""}",PAGE,S,UNKNOWN
lock_acquired,2026-09-23 11:37:03.213,70,0,0,0,"{""event_name"": ""lock_acquired"", ""timestamp"": ""2026-09-23 11:37:03.213"", ""session_id"": 70, ""resource_type"": ""KEY"", ""mode"": ""X""}",KEY,X,UNKNOWN
lock_acquired,2026-09-23 11:37:03.213,70,0,0,0,"{""event_name"": ""lock_acquired"", ""timestamp"": ""2026-09-23 11:37:03.213"", ""session_id"": 70, ""resource_type"": ""PAGE"", ""mode"": ""IX""}",PAGE,IX,UNKNOWN
lock_acquired,2026-09-23 11:37:03.213,68,0,0,0,"{""event_name"": ""lock_acquired"", ""timestamp"": ""2026-09-23 11:37:03.213"", ""session_id"": 68, ""resource_type"": ""OBJECT"", ""mode"": ""IS""}",OBJECT,IS,UNKNOWN
lock_acquired,2026-09-23 11:37:03.213,69,0,0,0,"{""event_name"": ""lock_acquired"", ""timestamp"": ""2026-09-23 11:37:03.213"", ""session_id"": 69, ""resource_type"": ""KEY"", ""mode"": ""X""}",KEY,X,UNKNOWN
lock_acquired,2026-09-23 11:37:03.213,68,0,0,0,"{""event_name"": ""lock_acquired"", ""timestamp"": ""2026-09-23 11:37:03.213"", ""session_id"": 68, ""resource_type"": ""OBJECT"", ""mode"": ""IX""}",OBJECT,IX,UNKNOWN
lock_acquired,2026-09-23 11:37:03.213,69,0,0,0,"{""event_name"": ""lock_acquired"", ""timestamp"": ""2026-09-23 11:37:03.213"", ""session_id"": 69, ""resource_type"": ""PAGE"", ""mode"": ""IX""}",PAGE,IX,UNKNOWN
lock_released,2026-09-23 11:37:03.213,68,0,0,0,"{""event_name"": ""lock_released"", ""timestamp"": ""2026-09-23 11:37:03.213"", ""session_id"": 68, ""resource_type"": ""OBJECT"", ""mode"": ""Sch-S""}",OBJECT,Sch-S,UNKNOWN
lock_released,2026-09-23 11:37:03.213,75,0,0,0,"{""event_name"": ""lock_released"", ""timestamp"": ""2026-09-23 11:37:03.213"", ""session_id"": 75, ""resource_type"": ""OBJECT"", ""mode"": ""IS""}",OBJECT,IS,UNKNOWN
lock_released,2026-09-23 11:37:03.213,71,0,0,0,"{""event_name"": ""lock_released"", ""timestamp"": ""2026-09-23 11:37:03.213"", ""session_id"": 71, ""resource_type"": ""OBJECT"", ""mode"": ""IX""}",OBJECT,IX,UNKNOWN
lock_released,2026-09-23 11:37:03.213,70,0,0,0,"{""event_name"": ""lock_released"", ""timestamp"": ""2026-09-23 11:37:03.213"", ""session_id"": 70, ""resource_type"": ""OBJECT"", ""mode"": ""IS""}",OBJECT,IS,UNKNOWN
lock_released,2026-09-23 11:37:03.213,75,0,0,0,"{""event_name"": ""lock_released"", ""timestamp"": ""2026-09-23 11:37:03.213"", ""session_id"": 75, ""resource_type"": ""OBJECT"", ""mode"": ""IX""}",OBJECT,IX,UNKNOWN
lock_released,2026-09-23 11:37:03.213,72,0,0,0,"{""event_name"": ""lock_released"", ""timestamp"": ""2026-09-23 11:37:03.213"", ""session_id"": 72, ""resource_type"": ""PAGE"", ""mode"": ""S""}",PAGE,S,UNKNOWN
lock_released,2026-09-23 11:37:03.213,72,0,0,0,"{""event_name"": ""lock_released"", ""timestamp"": ""2026-09-23 11:37:03.213"", ""session_id"": 72, ""resource_type"": ""OBJECT"", ""mode"": ""IS""}",OBJECT,IS,UNKNOWN
lock_released,2026-09-23 11:37:03.213,69,0,0,0,"{""event_name"": ""lock_released"", ""timestamp"": ""2026-09-23 11:37:03.213"", ""session_id"": 69, ""resource_type"": ""OBJECT"", ""mode"": ""IS""}",OBJECT,IS,UNKNOWN
lock_released,2026-09-23 11:37:03.213,72,0,0,0,"{""event_name"": ""lock_released"", ""timestamp"": ""2026-09-23 11:37:03.213"", ""session_id"": 72, ""resource_type"": ""OBJECT"", ""mode"": ""IX""}",OBJECT,IX,UNKNOWN
lock_released,2026-09-23 11:37:03.213,75,0,0,0,"{""event_name"": ""lock_released"", ""timestamp"": ""2026-09-23 11:37:03.213"", ""session_id"": 75, ""resource_type"": ""PAGE"", ""mode"": ""S""}",PAGE,S,UNKNOWN
lock_acquired,2026-09-23 11:37:08.240,75,0,0,0,"{""event_name"": ""lock_acquired"", ""timestamp"": ""2026-09-23 11:37:08.240"", ""session_id"": 75, ""resource_type"": ""OBJECT"", ""mode"": ""IS""}",OBJECT,IS,UNKNOWN
lock_acquired,2026-09-23 11:37:08.240,74,0,0,0,"{""event_name"": ""lock_acquired"", ""timestamp"": ""2026-09-23 11:37:08.240"", ""session_id"": 74, ""resource_type"": ""KEY"", ""mode"": ""X""}",KEY,X,UNKNOWN
lock_acquired,2026-09-23 11:37:08.240,70,0,0,0,"{""event_name"": ""lock_acquired"", ""timestamp"": ""2026-09-23 11:37:08.240"", ""session_id"": 70, ""resource_type"": ""PAGE"", ""mode"": ""S""}",PAGE,S,UNKNOWN
lock_acquired,2026-09-23 11:37:08.240,71,0,0,0,"{""event_name"": ""lock_acquired"", ""timestamp"": ""2026-09-23 11:37:08.240"", ""session_id"": 71, ""resource_type"": ""OBJECT"", ""mode"": ""IX""}",OBJECT,IX,UNKNOWN
lock_acquired,2026-09-23 11:37:08.240,70,0,0,0,"{""event_name"": ""lock_acquired"", ""timestamp"": ""2026-09-23 11:37:08.240"", ""session_id"": 70, ""resource_type"": ""OBJECT"", ""mode"": ""IS""}",OBJECT,IS,UNKNOWN
lock_acquired,2026-09-23 11:37:08.240,75,0,0,0,"{""event_name"": ""lock_acquired"", ""timestamp"": ""2026-09-23 11:37:08.240"", ""session_id"": 75, ""resource_type"": ""OBJECT"", ""mode"": ""IX""}",OBJECT,IX,UNKNOWN
lock_acquired,2026-09-23 11:37:08.240,69,0,0,0,"{""event_name"": ""lock_acquired"", ""timestamp"": ""2026-09-23 11:37:08.240"", ""session_id"": 69, ""resource_type"": ""PAGE"", ""mode"": ""S""}",PAGE,S,UNKNOWN
lock_acquired,2026-09-23 11:37:08.240,74,0,0,0,"{""event_name"": ""lock_acquired"", ""timestamp"": ""2026-09-23 11:37:08.240"", ""session_id"": 74, ""resource_type"": ""PAGE"", ""mode"": ""IX""}",PAGE,IX,UNKNOWN
lock_acquired,2026-09-23 11:37:08.240,69,0,0,0,"{""event_name"": ""lock_acquired"", ""timestamp"": ""2026-09-23 11:37:08.240"", ""session_id"": 69, ""resource_type"": ""OBJECT"", ""mode"": ""IS""}",OBJECT,IS,UNKNOWN
lock_acquired,2026-09-23 11:37:08.240,71,0,0,0,"{""event_name"": ""lock_acquired"", ""timestamp"": ""2026-09-23 11:37:08.240"", ""session_id"": 71, ""resource_type"": ""OBJECT"", ""mode"": ""IS""}",OBJECT,IS,UNKNOWN
lock_acquired,2026-09-23 11:37:08.240,72,0,0,0,"{""event_name"": ""lock_acquired"", ""timestamp"": ""2026-09-23 11:37:08.240"", ""session_id"": 72, ""resource_type"": ""OBJECT"", ""mode"": ""IX""}",OBJECT,IX,UNKNOWN
lock_acquired,2026-09-23 11:37:08.240,71,0,0,0,"{""event_name"": ""lock_acquired"", ""timestamp"": ""2026-09-23 11:37:08.240"", ""session_id"": 71, ""resource_type"": ""PAGE"", ""mode"": ""S""}",PAGE,S,UNKNOWN
lock_released,2026-09-23 11:37:08.240,70,0,0,0,"{""event_name"": ""lock_released"", ""timestamp"": ""2026-09-23 11:37:08.240"", ""session_id"": 70, ""resource_type"": ""KEY"", ""mode"": ""X""}",KEY,X,UNKNOWN
lock_released,2026-09-23 11:37:08.240,74,0,0,0,"{""event_name"": ""lock_released"", ""timestamp"": ""2026-09-23 11:37:08.240"", ""session_id"": 74, ""resource_type"": ""PAGE"", ""mode"": ""S""}",PAGE,S,UNKNOWN
lock_released,2026-09-23 11:37:08.240,74,0,0,0,"{""event_name"": ""lock_released"", ""timestamp"": ""2026-09-23 11:37:08.240"", ""session_id"": 74, ""resource_type"": ""OBJECT"", ""mode"": ""IS""}",OBJECT,IS,UNKNOWN
lock_released,2026-09-23 11:37:08.240,70,0,0,0,"{""event_name"": ""lock_released"", ""timestamp"": ""2026-09-23 11:37:08.240"", ""session_id"": 70, ""resource_type"": ""PAGE"", ""mode"": ""IX""}",PAGE,IX,UNKNOWN
lock_released,2026-09-23 11:37:08.240,68,0,0,0,"{""event_name"": ""lock_released"", ""timestamp"": ""2026-09-23 11:37:08.240"", ""session_id"": 68, ""resource_type"": ""OBJECT"", ""mode"": ""IS""}",OBJECT,IS,UNKNOWN
lock_released,2026-09-23 11:37:08.240,69,0,0,0,"{""event_name"": ""lock_released"", ""timestamp"": ""2026-09-23 11:37:08.240"", ""session_id"": 69, ""resource_type"": ""KEY"", ""mode"": ""X""}",KEY,X,UNKNOWN
lock_released,2026-09-23 11:37:08.240,69,0,0,0,"{""event_name"": ""lock_released"", ""timestamp"": ""2026-09-23 11:37:08.240"", ""session_id"": 69, ""resource_type"": ""PAGE"", ""mode"": ""IX""}",PAGE,IX,UNKNOWN
lock_acquired,2026-09-23 11:37:13.311,68,0,0,0,"{""event_name"": ""lock_acquired"", ""timestamp"": ""2026-09-23 11:37:13.311"", ""session_id"": 68, ""resource_type"": ""OBJECT"", ""mode"": ""Sch-S""}",OBJECT,Sch-S,UNKNOWN
lock_acquired,2026-09-23 11:37:13.311,74,0,0,0,"{""event_name"": ""lock_acquired"", ""timestamp"": ""2026-09-23 11:37:13.311"", ""session_id"": 74, ""resource_type"": ""PAGE"", ""mode"": ""S""}",PAGE,S,UNKNOWN
lock_acquired,2026-09-23 11:37:13.311,75,0,0,0,"{""event_name"": ""lock_acquired"", ""timestamp"": ""2026-09-23 11:37:13.311"", ""session_id"": 75, ""resource_type"": ""PAGE"", ""mode"": ""IX""}",PAGE,IX,UNKNOWN
lock_acquired,2026-09-23 11:37:13.311,74,0,0,0,"{""event_name"": ""lock_acquired"", ""timestamp"": ""2026-09-23 11:37:13.311"", ""session_id"": 74, ""resource_type"": ""OBJECT"", ""mode"": ""IS""}",OBJECT,IS,UNKNOWN
lock_acquired,2026-09-23 11:37:13.311,70,0,0,0,"{""event_name"": ""lock_acquired"", ""timestamp"": ""2026-09-23 11:37:13.311"", ""session_id"": 70, ""resource_type"": ""KEY"", ""mode"": ""S""}",KEY,S,UNKNOWN
lock_acquired,2026-09-23 11:37:13.311,69,0,0,0,"{""event_name"": ""lock_acquired"", ""timestamp"": ""2026-09-23 11:37:13.311"", ""session_id"": 69, ""resource_type"": ""PAGE"", ""mode"": ""IS""}",PAGE,IS,UNKNOWN
lock_acquired,2026-09-23 11:37:13.311,75,0,0,0,"{""event_name"": ""lock_acquired"", ""timestamp"": ""2026-09-23 11:37:13.311"", ""session_id"": 75, ""resource_type"": ""KEY"", ""mode"": ""X""}",KEY,X,UNKNOWN
lock_acquired,2026-09-23 11:37:13.311,69,0,0,0,"{""event_name"": ""lock_acquired"", ""timestamp"": ""2026-09-23 11:37:13.311"", ""session_id"": 69, ""resource_type"": ""OBJECT"", ""mode"": ""Sch-S""}",OBJECT,Sch-S,UNKNOWN
lock_acquired,2026-09-23 11:37:13.311,71,0,0,0,"{""event_name"": ""lock_acquired"", ""timestamp"": ""2026-09-23 11:37:13.311"", ""session_id"": 71, ""resource_type"": ""KEY"", ""mode"": ""X""}",KEY,X,UNKNOWN
lock_released,2026-09-23 11:37:13.311,75,0,0,0,"{""event_name"": ""lock_released"", ""timestamp"": ""2026-09-23 11:37:13.311"", ""session_id"": 75, ""resource_type"": ""OBJECT"", ""mode"": ""IS""}",OBJECT,IS,UNKNOWN
lock_released,2026-09-23 11:37:13.311,74,0,0,0,"{""event_name"": ""lock_released"", ""timestamp"": ""2026-09-23 11:37:13.311"", ""session_id"": 74, ""resource_type"": ""KEY"", ""mode"": ""X""}",KEY,X,UNKNOWN
lock_released,2026-09-23 11:37:13.311,70,0,0,0,"{""event_name"": ""lock_released"", ""timestamp"": ""2026-09-23 11:37:13.311"", ""session_id"": 70, ""resource_type"": ""PAGE"", ""mode"": ""S""}",PAGE,S,UNKNOWN
lock_released,2026-09-23 11:37:13.311,69,0,0,0,"{""event_name"": ""lock_released"", ""timestamp"": ""2026-09-23 11:37:13.311"", ""session_id"": 69, ""resource_type"": ""PAGE"", ""mode"": ""S""}",PAGE,S,UNKNOWN
lock_released,2026-09-23 11:37:13.311,74,0,0,0,"{""event_name"": ""lock_released"", ""timestamp"": ""2026-09-23 11:37:13.311"", ""session_id"": 74, ""resource_type"": ""PAGE"", ""mode"": ""IX""}",PAGE,IX,UNKNOWN
lock_released,2026-09-23 11:37:13.311,71,0,0,0,"{""event_name"": ""lock_released"", ""timestamp"": ""2026-09-23 11:37:13.311"", ""session_id"": 71, ""resource_type"": ""OBJECT"", ""mode"": ""IS""}",OBJECT,IS,UNKNOWN
lock_released,2026-09-23 11:37:13.311,68,0,0,0,"{""event_name"": ""lock_released"", ""timestamp"": ""2026-09-23 11:37:13.311"", ""session_id"": 68, ""resource_type"": ""OBJECT"", ""mode"": ""IX""}",OBJECT,IX,UNKNOWN
lock_released,2026-09-23 11:37:13.311,72,0,0,0,"{""event_name"": ""lock_released"", ""timestamp"": ""2026-09-23 11:37:13.311"", ""session_id"": 72, ""resource_type"": ""OBJECT"", ""mode"": ""IX""}",OBJECT,IX,UNKNOWN
lock_released,2026-09-23 11:37:13.311,69,0,0,0,"{""event_name"": ""lock_released"", ""timestamp"": ""2026-09-23 11:37:13.311"", ""session_id"": 69, ""resource_type"": ""OBJECT"", ""mode"": ""IX""}",OBJECT,IX,UNKNOWN
lock_released,2026-09-23 11:37:13.311,71,0,0,0,"{""event_name"": ""lock_released"", ""timestamp"": ""2026-09-23 11:37:13.311"", ""session_id"": 71, ""resource_type"": ""PAGE"", ""mode"": ""S""}",PAGE,S,UNKNOWN
lock_released,2026-09-23 11:37:13.311,70,0,0,0,"{""event_name"": ""lock_released"", ""timestamp"": ""2026-09-23 11:37:13.311"", ""session_id"": 70, ""resource_type"": ""OBJECT"", ""mode"": ""IX""}",OBJECT,IX,UNKNOWN
lock_acquired,2026-09-23 11:37:18.344,70,0,0,0,"{""event_name"": ""lock_acquired"", ""timestamp"": ""2026-09-23 11:37:18.344"", ""session_id"": 70, ""resource_type"": ""OBJECT"", ""mode"": ""Sch-S""}",OBJECT,Sch-S,UNKNOWN
lock_acquired,2026-09-23 11:37:18.344,72,0,0,0,"{""event_name"": ""lock_acquired"", ""timestamp"": ""2026-09-23 11:37:18.344"", ""session_id"": 72, ""resource_type"": ""OBJECT"", ""mode"": ""Sch-S""}",OBJECT,Sch-S,UNKNOWN
lock_acquired,2026-09-23 11:37:18.344,74,0,0,0,"{""event_name"": ""lock_acquired"", ""timestamp"": ""2026-09-23 11:37:18.344"", ""session_id"": 74, ""resource_type"": ""KEY"", ""mode"": ""X""}",KEY,X,UNKNOWN
lock_acquired,2026-09-23 11:37:18.344,70,0,0,0,"{""event_name"": ""lock_acquired"", ""timestamp"": ""2026-09-23 11:37:18.344"", ""session_id"": 70, ""resource_type"": ""KEY"", ""mode"": ""X""}",KEY,X,UNKNOWN
lock_acquired,2026-09-23 11:37:18.344,74,0,0,0,"{""event_name"": ""lock_acquired"", ""timestamp"": ""2026-09-23 11:37:18.344"", ""session_id"": 74, ""resource_type"": ""PAGE"", ""mode"": ""IX""}",PAGE,IX,UNKNOWN
lock_acquired,2026-09-23 11:37:18.344,74,0,0,0,"{""event_name"": ""lock_acquired"", ""timestamp"": ""2026-09-23 11:37:18.344"", ""session_id"": 74, ""resource_type"": ""KEY"", ""mode"": ""U""}",KEY,U,UNKNOWN
lock_acquired,2026-09-23 11:37:18.344,73,0,0,0,"{""event_name"": ""lock_acquired"", ""timestamp"": ""2026-09-23 11:37:18.344"", ""session_id"": 73, ""resource_type"": ""KEY"", ""mode"": ""X""}",KEY,X,UNKNOWN
lock_released,2026-09-23 11:37:18.344,68,0,0,0,"{""event_name"": ""lock_released"", ""timestamp"": ""2026-09-23 11:37:18.344"", ""session_id"": 68, ""resource_type"": ""OBJECT"", ""mode"": ""Sch-S""}",OBJECT,Sch-S,UNKNOWN
lock_released,2026-09-23 11:37:18.344,71,0,0,0,"{""event_name"": ""lock_released"", ""timestamp"": ""2026-09-23 11:37:18.344"", ""session_id"": 71, ""resource_type"": ""OBJECT"", ""mode"": ""IX""}",OBJECT,IX,UNKNOWN
lock_released,2026-09-23 11:37:18.344,74,0,0,0,"{""event_name"": ""lock_released"", ""timestamp"": ""2026-09-23 11:37:18.344"", ""session_id"": 74, ""resource_type"": ""PAGE"", ""mode"": ""S""}",PAGE,S,UNKNOWN
lock_released,2026-09-23 11:37:18.344,74,0,0,0,"{""event_name"": ""lock_released"", ""timestamp"": ""2026-09-23 11:37:18.344"", ""session_id"": 74, ""resource_type"": ""OBJECT"", ""mode"": ""IS""}",OBJECT,IS,UNKNOWN
lock_released,2026-09-23 11:37:18.344,70,0,0,0,"{""event_name"": ""lock_released"", ""timestamp"": ""2026-09-23 11:37:18.344"", ""session_id"": 70, ""resource_type"": ""KEY"", ""mode"": ""S""}",KEY,S,UNKNOWN
lock_released,2026-09-23 11:37:18.344,69,0,0,0,"{""event_name"": ""lock_released"", ""timestamp"": ""2026-09-23 11:37:18.344"", ""session_id"": 69, ""resource_type"": ""PAGE"", ""mode"": ""IS""}",PAGE,IS,UNKNOWN
lock_released,2026-09-23 11:37:18.344,69,0,0,0,"{""event_name"": ""lock_released"", ""timestamp"": ""2026-09-23 11:37:18.344"", ""session_id"": 69, ""resource_type"": ""OBJECT"", ""mode"": ""IS""}",OBJECT,IS,UNKNOWN
lock_released,2026-09-23 11:37:18.344,70,0,0,0,"{""event_name"": ""lock_released"", ""timestamp"": ""2026-09-23 11:37:18.344"", ""session_id"": 70, ""resource_type"": ""OBJECT"", ""mode"": ""IS""}",OBJECT,IS,UNKNOWN
lock_released,2026-09-23 11:37:18.344,69,0,0,0,"{""event_name"": ""lock_released"", ""timestamp"": ""2026-09-23 11:37:18.344"", ""session_id"": 69, ""resource_type"": ""OBJECT"", ""mode"": ""Sch-S""}",OBJECT,Sch-S,UNKNOWN
lock_acquired,2026-09-23 11:37:23.387,71,0,0,0,"{""event_name"": ""lock_acquired"", ""timestamp"": ""2026-09-23 11:37:23.387"", ""session_id"": 71, ""resource_type"": ""OBJECT"", ""mode"": ""IX""}",OBJECT,IX,UNKNOWN
lock_acquired,2026-09-23 11:37:23.387,72,0,0,0,"{""event_name"": ""lock_acquired"", ""timestamp"": ""2026-09-23 11:37:23.387"", ""session_id"": 72, ""resource_type"": ""PAGE"", ""mode"": ""S""}",PAGE,S,UNKNOWN
lock_acquired,2026-09-23 11:37:23.387,72,0,0,0,"{""event_name"": ""lock_acquired"", ""timestamp"": ""2026-09-23 11:37:23.387"", ""session_id"": 72, ""resource_type"": ""OBJECT"", ""mode"": ""IS""}",OBJECT,IS,UNKNOWN
lock_acquired,2026-09-23 11:37:23.387,68,0,0,0,"{""event_name"": ""lock_acquired"", ""timestamp"": ""2026-09-23 11:37:23.387"", ""session_id"": 68, ""resource_type"": ""OBJECT"", ""mode"": ""IX""}",OBJECT,IX,UNKNOWN
lock_acquired,2026-09-23 11:37:23.387,72,0,0,0,"{""event_name"": ""lock_acquired"", ""timestamp"": ""2026-09-23 11:37:23.387"", ""session_id"": 72, ""resource_type"": ""OBJECT"", ""mode"": ""IX""}",OBJECT,IX,UNKNOWN
lock_released,2026-09-23 11:37:23.387,70,0,0,0,"{""event_name"": ""lock_released"", ""timestamp"": ""2026-09-23 11:37:23.387"", ""session_id"": 70, ""resource_type"": ""OBJECT"", ""mode"": ""Sch-S""}",OBJECT,Sch-S,UNKNOWN
lock_released,2026-09-23 11:37:23.387,72,0,0,0,"{""event_name"": ""lock_released"", ""timestamp"": ""2026-09-23 11:37:23.387"", ""session_id"": 72, ""resource_type"": ""OBJECT"", ""mode"": ""Sch-S""}",OBJECT,Sch-S,UNKNOWN
lock_released,2026-09-23 11:37:23.387,74,0,0,0,"{""event_name"": ""lock_released"", ""timestamp"": ""2026-09-23 11:37:23.387"", ""session_id"": 74, ""resource_type"": ""KEY"", ""mode"": ""U""}",KEY,U,UNKNOWN
lock_released,2026-09-23 11:37:23.387,71,0,0,0,"{""event_name"": ""lock_released"", ""timestamp"": ""2026-09-23 11:37:23.387"", ""session_id"": 71, ""resource_type"": ""KEY"", ""mode"": ""X""}",KEY,X,UNKNOWN
lock_released,2026-09-23 11:37:23.387,73,0,0,0,"{""event_name"": ""lock_released"", ""timestamp"": ""2026-09-23 11:37:23.387"", ""session_id"": 73, ""resource_type"": ""KEY"", ""mode"": ""X""}",KEY,X,UNKNOWN
lock_acquired,2026-09-23 11:37:28.417,75,0,0,0,"{""event_name"": ""lock_acquired"", ""timestamp"": ""2026-09-23 11:37:28.417"", ""session_id"": 75, ""resource_type"": ""OBJECT"", ""mode"": ""IS""}",OBJECT,IS,UNKNOWN
lock_acquired,2026-09-23 11:37:28.417,73,0,0,0,"{""event_name"": ""lock_acquired"", ""timestamp"": ""2026-09-23 11:37:28.417"", ""session_id"": 73, ""resource_type"": ""METADATA"", ""mode"": ""Sch-S""}",METADATA,Sch-S,UNKNOWN
lock_acquired,2026-09-23 11:37:28.417,68,0,0,0,"{""event_name"": ""lock_acquired"", ""timestamp"": ""2026-09-23 11:37:28.417"", ""session_id"": 68, ""resource_type"": ""PAGE"", ""mode"": ""S""}",PAGE,S,UNKNOWN
lock_acquired,2026-09-23 11:37:28.417,68,0,0,0,"{""event_name"": ""lock_acquired"", ""timestamp"": ""2026-09-23 11:37:28.417"", ""session_id"": 68, ""resource_type"": ""OBJECT"", ""mode"": ""IS""}",OBJECT,IS,UNKNOWN
lock_acquired,2026-09-23 11:37:28.417,71,0,0,0,"{""event_name"": ""lock_acquired"", ""timestamp"": ""2026-09-23 11:37:28.417"", ""session_id"": 71, ""resource_type"": ""OBJECT"", ""mode"": ""IS""}",OBJECT,IS,UNKNOWN
lock_acquired,2026-09-23 11:37:28.417,73,0,0,0,"{""event_name"": ""lock_acquired"", ""timestamp"": ""2026-09-23 11:37:28.417"", ""session_id"": 73, ""resource_type"": ""OBJECT"", ""mode"": ""Sch-S""}",OBJECT,Sch-S,UNKNOWN
lock_acquired,2026-09-23 11:37:28.417,71,0,0,0,"{""event_name"": ""lock_acquired"", ""timestamp"": ""2026-09-23 11:37:28.417"", ""session_id"": 71, ""resource_type"": ""PAGE"", ""mode"": ""S""}",PAGE,S,UNKNOWN
lock_acquired,2026-09-23 11:37:28.417,75,0,0,0,"{""event_name"": ""lock_acquired"", ""timestamp"": ""2026-09-23 11:37:28.417"", ""session_id"": 75, ""resource_type"": ""PAGE"", ""mode"": ""IS""}",PAGE,IS,UNKNOWN
lock_released,2026-09-23 11:37:28.417,70,0,0,0,"{""event_name"": ""lock_released"", ""timestamp"": ""2026-09-23 11:37:28.417"", ""session_id"": 70, ""resource_type"": ""KEY"", ""mode"": ""X""}",KEY,X,UNKNOWN
lock_released,2026-09-23 11:37:28.417,74,0,0,0,"{""event_name"": ""lock_released"", ""timestamp"": ""2026-09-23 11:37:28.417"", ""session_id"": 74, ""resource_type"": ""KEY"", ""mode"": ""X""}",KEY,X,UNKNOWN
lock_released,2026-09-23 11:37:28.417,75,0,0,0,"{""event_name"": ""lock_released"", ""timestamp"": ""2026-09-23 11:37:28.417"", ""session_id"": 75, ""resource_type"": ""PAGE"", ""mode"": ""IX""}",PAGE,IX,UNKNOWN
lock_released,2026-09-23 11:37:28.417,75,0,0,0,"{""event_name"": ""lock_released"", ""timestamp"": ""2026-09-23 11:37:28.417"", ""session_id"": 75, ""resource_type"": ""OBJECT"", ""mode"": ""IX""}",OBJECT,IX,UNKNOWN
lock_released,2026-09-23 11:37:28.417,72,0,0,0,"{""event_name"": ""lock_released"", ""timestamp"": ""2026-09-23 11:37:28.417"", ""session_id"": 72, ""resource_type"": ""PAGE"", ""mode"": ""S""}",PAGE,S,UNKNOWN
lock_released,2026-09-23 11:37:28.417,74,0,0,0,"{""event_name"": ""lock_released"", ""timestamp"": ""2026-09-23 11:37:28.417"", ""session_id"": 74, ""resource_type"": ""PAGE"", ""mode"": ""IX""}",PAGE,IX,UNKNOWN
lock_released,2026-09-23 11:37:28.417,74,0,0,0,"{""event_name"": ""lock_released"", ""timestamp"": ""2026-09-23 11:37:28.417"", ""session_id"": 74, ""resource_type"": ""OBJECT"", ""mode"": ""IX""}",OBJECT,IX,UNKNOWN
lock_released,2026-09-23 11:37:28.417,72,0,0,0,"{""event_name"": ""lock_released"", ""timestamp"": ""2026-09-23 11:37:28.417"", ""session_id"": 72, ""resource_type"": ""OBJECT"", ""mode"": ""IS""}",OBJECT,IS,UNKNOWN
lock_released,2026-09-23 11:37:28.417,75,0,0,0,"{""event_name"": ""lock_released"", ""timestamp"": ""2026-09-23 11:37:28.417"", ""session_id"": 75, ""resource_type"": ""KEY"", ""mode"": ""X""}",KEY,X,UNKNOWN
lock_released,2026-09-23 11:37:28.417,72,0,0,0,"{""event_name"": ""lock_released"", ""timestamp"": ""2026-09-23 11:37:28.417"", ""session_id"": 72, ""resource_type"": ""OBJECT"", ""mode"": ""IX""}",OBJECT,IX,UNKNOWN
lock_acquired,2026-09-23 11:37:33.471,70,0,0,0,"{""event_name"": ""lock_acquired"", ""timestamp"": ""2026-09-23 11:37:33.471"", ""session_id"": 70, ""resource_type"": ""OBJECT"", ""mode"": ""IS""}",OBJECT,IS,UNKNOWN
lock_acquired,2026-09-23 11:37:33.471,70,0,0,0,"{""event_name"": ""lock_acquired"", ""timestamp"": ""2026-09-23 11:37:33.471"", ""session_id"": 70, ""resource_type"": ""PAGE"", ""mode"": ""S""}",PAGE,S,UNKNOWN
lock_acquired,2026-09-23 11:37:33.471,75,0,0,0,"{""event_name"": ""lock_acquired"", ""timestamp"": ""2026-09-23 11:37:33.471"", ""session_id"": 75, ""resource_type"": ""OBJECT"", ""mode"": ""IX""}",OBJECT,IX,UNKNOWN
lock_acquired,2026-09-23 11:37:33.471,73,0,0,0,"{""event_name"": ""lock_acquired"", ""timestamp"": ""2026-09-23 11:37:33.471"", ""session_id"": 73, ""resource_type"": ""OBJECT"", ""mode"": ""IS""}",OBJECT,IS,UNKNOWN
lock_acquired,2026-09-23 11:37:33.471,69,0,0,0,"{""event_name"": ""lock_acquired"", ""timestamp"": ""2026-09-23 11:37:33.471"", ""session_id"": 69, ""resource_type"": ""PAGE"", ""mode"": ""S""}",PAGE,S,UNKNOWN
lock_acquired,2026-09-23 11:37:33.471,74,0,0,0,"{""event_name"": ""lock_acquired"", ""timestamp"": ""2026-09-23 11:37:33.471"", ""session_id"": 74, ""resource_type"": ""OBJECT"", ""mode"": ""IX""}",OBJECT,IX,UNKNOWN
lock_acquired,2026-09-23 11:37:33.471,69,0,0,0,"{""event_name"": ""lock_acquired"", ""timestamp"": ""2026-09-23 11:37:33.471"", ""session_id"": 69, ""resource_type"": ""OBJECT"", ""mode"": ""IS""}",OBJECT,IS,UNKNOWN
lock_acquired,2026-09-23 11:37:33.471,75,0,0,0,"{""event_name"": ""lock_acquired"", ""timestamp"": ""2026-09-23 11:37:33.471"", ""session_id"": 75, ""resource_type"": ""PAGE"", ""mode"": ""S""}",PAGE,S,UNKNOWN
lock_acquired,2026-09-23 11:37:33.471,69,0,0,0,"{""event_name"": ""lock_acquired"", ""timestamp"": ""2026-09-23 11:37:33.471"", ""session_id"": 69, ""resource_type"": ""OBJECT"", ""mode"": ""IX""}",OBJECT,IX,UNKNOWN
lock_acquired,2026-09-23 11:37:33.471,70,0,0,0,"{""event_name"": ""lock_acquired"", ""timestamp"": ""2026-09-23 11:37:33.471"", ""session_id"": 70, ""resource_type"": ""OBJECT"", ""mode"": ""IX""}",OBJECT,IX,UNKNOWN
lock_released,2026-09-23 11:37:33.471,71,0,0,0,"{""event_name"": ""lock_released"", ""timestamp"": ""2026-09-23 11:37:33.471"", ""session_id"": 71, ""resource_type"": ""PAGE"", ""mode"": ""S""}",PAGE,S,UNKNOWN
lock_released,2026-09-23 11:37:33.471,73,0,0,0,"{""event_name"": ""lock_released"", ""timestamp"": ""2026-09-23 11:37:33.471"", ""session_id"": 73, ""resource_type"": ""METADATA"", ""mode"": ""Sch-S""}",METADATA,Sch-S,UNKNOWN
lock_released,2026-09-23 11:37:33.471,73,0,0,0,"{""event_name"": ""lock_released"", ""timestamp"": ""2026-09-23 11:37:33.471"", ""session_id"": 73, ""resource_type"": ""OBJECT"", ""mode"": ""Sch-S""}",OBJECT,Sch-S,UNKNOWN
lock_released,2026-09-23 11:37:33.471,75,0,0,0,"{""event_name"": ""lock_released"", ""timestamp"": ""2026-09-23 11:37:33.471"", ""session_id"": 75, ""resource_type"": ""PAGE"", ""mode"": ""IS""}",PAGE,IS,UNKNOWN
lock_acquired,2026-09-23 11:37:38.567,70,0,0,0,"{""event_name"": ""lock_acquired"", ""timestamp"": ""2026-09-23 11:37:38.567"", ""session_id"": 70, ""resource_type"": ""KEY"", ""mode"": ""X""}",KEY,X,UNKNOWN
lock_acquired,2026-09-23 11:37:38.567,73,0,0,0,"{""event_name"": ""lock_acquired"", ""timestamp"": ""2026-09-23 11:37:38.567"", ""session_id"": 73, ""resource_type"": ""PAGE"", ""mode"": ""IX""}",PAGE,IX,UNKNOWN
lock_acquired,2026-09-23 11:37:38.567,74,0,0,0,"{""event_name"": ""lock_acquired"", ""timestamp"": ""2026-09-23 11:37:38.567"", ""session_id"": 74, ""resource_type"": ""OBJECT"", ""mode"": ""IS""}",OBJECT,IS,UNKNOWN
lock_acquired,2026-09-23 11:37:38.567,73,0,0,0,"{""event_name"": ""lock_acquired"", ""timestamp"": ""2026-09-23 11:37:38.567"", ""session_id"": 73, ""resource_type"": ""OBJECT"", ""mode"": ""IX""}",OBJECT,IX,UNKNOWN
lock_acquired,2026-09-23 11:37:38.567,75,0,0,0,"{""event_name"": ""lock_acquired"", ""timestamp"": ""2026-09-23 11:37:38.567"", ""session_id"": 75, ""resource_type"": ""OBJECT"", ""mode"": ""Sch-S""}",OBJECT,Sch-S,UNKNOWN
lock_acquired,2026-09-23 11:37:38.567,71,0,0,0,"{""event_name"": ""lock_acquired"", ""timestamp"": ""2026-09-23 11:37:38.567"", ""session_id"": 71, ""resource_type"": ""PAGE"", ""mode"": ""IX""}",PAGE,IX,UNKNOWN
lock_acquired,2026-09-23 11:37:38.567,72,0,0,0,"{""event_name"": ""lock_acquired"", ""timestamp"": ""2026-09-23 11:37:38.567"", ""session_id"": 72, ""resource_type"": ""OBJECT"", ""mode"": ""IS""}",OBJECT,IS,UNKNOWN
lock_acquired,2026-09-23 11:37:38.567,72,0,0,0,"{""event_name"": ""lock_acquired"", ""timestamp"": ""2026-09-23 11:37:38.567"", ""session_id"": 72, ""resource_type"": ""OBJECT"", ""mode"": ""IX""}",OBJECT,IX,UNKNOWN
lock_acquired,2026-09-23 11:37:38.567,75,0,0,0,"{""event_name"": ""lock_acquired"", ""timestamp"": ""2026-09-23 11:37:38.567"", ""session_id"": 75, ""resource_type"": ""METADATA"", ""mode"": ""Sch-S""}",METADATA,Sch-S,UNKNOWN
lock_acquired,2026-09-23 11:37:38.567,73,0,0,0,"{""event_name"": ""lock_acquired"", ""timestamp"": ""2026-09-23 11:37:38.567"", ""session_id"": 73, ""resource_type"": ""KEY"", ""mode"": ""X""}",KEY,X,UNKNOWN
lock_released,2026-09-23 11:37:38.567,75,0,0,0,"{""event_name"": ""lock_released"", ""timestamp"": ""2026-09-23 11:37:38.567"", ""session_id"": 75, ""resource_type"": ""OBJECT"", ""mode"": ""IS""}",OBJECT,IS,UNKNOWN
lock_released,2026-09-23 11:37:38.567,70,0,0,0,"{""event_name"": ""lock_released"", ""timestamp"": ""2026-09-23 11:37:38.567"", ""session_id"": 70, ""resource_type"": ""OBJECT"", ""mode"": ""IS""}",OBJECT,IS,UNKNOWN
lock_released,2026-09-23 11:37:38.567,70,0,0,0,"{""event_name"": ""lock_released"", ""timestamp"": ""2026-09-23 11:37:38.567"", ""session_id"": 70, ""resource_type"": ""PAGE"", ""mode"": ""S""}",PAGE,S,UNKNOWN
lock_released,2026-09-23 11:37:38.567,75,0,0,0,"{""event_name"": ""lock_released"", ""timestamp"": ""2026-09-23 11:37:38.567"", ""session_id"": 75, ""resource_type"": ""OBJECT"", ""mode"": ""IX""}",OBJECT,IX,UNKNOWN
lock_released,2026-09-23 11:37:38.567,73,0,0,0,"{""event_name"": ""lock_released"", ""timestamp"": ""2026-09-23 11:37:38.567"", ""session_id"": 73, ""resource_type"": ""OBJECT"", ""mode"": ""IS""}",OBJECT,IS,UNKNOWN
lock_released,2026-09-23 11:37:38.567,68,0,0,0,"{""event_name"": ""lock_released"", ""timestamp"": ""2026-09-23 11:37:38.567"", ""session_id"": 68, ""resource_type"": ""PAGE"", ""mode"": ""S""}",PAGE,S,UNKNOWN
lock_released,2026-09-23 11:37:38.567,69,0,0,0,"{""event_name"": ""lock_released"", ""timestamp"": ""2026-09-23 11:37:38.567"", ""session_id"": 69, ""resource_type"": ""PAGE"", ""mode"": ""S""}",PAGE,S,UNKNOWN
lock_released,2026-09-23 11:37:38.567,69,0,0,0,"{""event_name"": ""lock_released"", ""timestamp"": ""2026-09-23 11:37:38.567"", ""session_id"": 69, ""resource_type"": ""OBJECT"", ""mode"": ""IS""}",OBJECT,IS,UNKNOWN
lock_released,2026-09-23 11:37:38.567,71,0,0,0,"{""event_name"": ""lock_released"", ""timestamp"": ""2026-09-23 11:37:38.567"", ""session_id"": 71, ""resource_type"": ""OBJECT"", ""mode"": ""IS""}",OBJECT,IS,UNKNOWN
lock_released,2026-09-23 11:37:38.567,75,0,0,0,"{""event_name"": ""lock_released"", ""timestamp"": ""2026-09-23 11:37:38.567"", ""session_id"": 75, ""resource_type"": ""PAGE"", ""mode"": ""S""}",PAGE,S,UNKNOWN
lock_released,2026-09-23 11:37:38.567,69,0,0,0,"{""event_name"": ""lock_released"", ""timestamp"": ""2026-09-23 11:37:38.567"", ""session_id"": 69, ""resource_type"": ""OBJECT"", ""mode"": ""IX""}",OBJECT,IX,UNKNOWN
lock_released,2026-09-23 11:37:38.567,70,0,0,0,"{""event_name"": ""lock_released"", ""timestamp"": ""2026-09-23 11:37:38.567"", ""session_id"": 70, ""resource_type"": ""OBJECT"", ""mode"": ""IX""}",OBJECT,IX,UNKNOWN
login,2026-09-23 11:37:43.623,64,795ec2146175\Administrator,Microsoft SQL Server,SteelNort,"{""event_name"": ""login"", ""timestamp"": ""2026-09-23 11:37:43.623"", ""session_id"": 64, ""login_name"": ""795ec2146175\\Administrator"", ""program_name"": ""Microsoft SQL Server"", ""database_name"": ""SteelNort""}",0,0,UNKNOWN
lock_released,2026-09-23 11:37:43.623,71,0,0,0,"{""event_name"": ""lock_released"", ""timestamp"": ""2026-09-23 11:37:43.623"", ""session_id"": 71, ""resource_type"": ""OBJECT"", ""mode"": ""IX""}",OBJECT,IX,UNKNOWN
lock_released,2026-09-23 11:37:43.623,73,0,0,0,"{""event_name"": ""lock_released"", ""timestamp"": ""2026-09-23 11:37:43.623"", ""session_id"": 73, ""resource_type"": ""PAGE"", ""mode"": ""IX""}",PAGE,IX,UNKNOWN
lock_released,2026-09-23 11:37:43.623,74,0,0,0,"{""event_name"": ""lock_released"", ""timestamp"": ""2026-09-23 11:37:43.623"", ""session_id"": 74, ""resource_type"": ""OBJECT"", ""mode"": ""IS""}",OBJECT,IS,UNKNOWN
lock_released,2026-09-23 11:37:43.623,73,0,0,0,"{""event_name"": ""lock_released"", ""timestamp"": ""2026-09-23 11:37:43.623"", ""session_id"": 73, ""resource_type"": ""OBJECT"", ""mode"": ""IX""}",OBJECT,IX,UNKNOWN
lock_released,2026-09-23 11:37:43.623,71,0,0,0,"{""event_name"": ""lock_released"", ""timestamp"": ""2026-09-23 11:37:43.623"", ""session_id"": 71, ""resource_type"": ""PAGE"", ""mode"": ""IX""}",PAGE,IX,UNKNOWN
lock_released,2026-09-23 11:37:43.623,68,0,0,0,"{""event_name"": ""lock_released"", ""timestamp"": ""2026-09-23 11:37:43.623"", ""session_id"": 68, ""resource_type"": ""OBJECT"", ""mode"": ""IS""}",OBJECT,IS,UNKNOWN
lock_released,2026-09-23 11:37:43.623,74,0,0,0,"{""event_name"": ""lock_released"", ""timestamp"": ""2026-09-23 11:37:43.623"", ""session_id"": 74, ""resource_type"": ""OBJECT"", ""mode"": ""IX""}",OBJECT,IX,UNKNOWN
lock_released,2026-09-23 11:37:43.623,72,0,0,0,"{""event_name"": ""lock_released"", ""timestamp"": ""2026-09-23 11:37:43.623"", ""session_id"": 72, ""resource_type"": ""OBJECT"", ""mode"": ""IS""}",OBJECT,IS,UNKNOWN
lock_released,2026-09-23 11:37:43.623,68,0,0,0,"{""event_name"": ""lock_released"", ""timestamp"": ""2026-09-23 11:37:43.623"", ""session_id"": 68, ""resource_type"": ""OBJECT"", ""mode"": ""IX""}",OBJECT,IX,UNKNOWN
lock_released,2026-09-23 11:37:43.623,72,0,0,0,"{""event_name"": ""lock_released"", ""timestamp"": ""2026-09-23 11:37:43.623"", ""session_id"": 72, ""resource_type"": ""OBJECT"", ""mode"": ""IX""}",OBJECT,IX,UNKNOWN
lock_released,2026-09-23 11:37:43.623,75,0,0,0,"{""event_name"": ""lock_released"", ""timestamp"": ""2026-09-23 11:37:43.623"", ""session_id"": 75, ""resource_type"": ""METADATA"", ""mode"": ""Sch-S""}",METADATA,Sch-S,UNKNOWN
lock_released,2026-09-23 11:37:43.623,73,0,0,0,"{""event_name"": ""lock_released"", ""timestamp"": ""2026-09-23 11:37:43.623"", ""session_id"": 73, ""resource_type"": ""KEY"", ""mode"": ""X""}",KEY,X,UNKNOWN
logout,2026-09-23 11:37:48.652,64,0,0,0,"{""event_name"": ""logout"", ""timestamp"": ""2026-09-23 11:37:48.652"", ""session_id"": 64}",0,0,UNKNOWN
logout,2026-09-23 11:37:48.652,68,0,0,0,"{""event_name"": ""logout"", ""timestamp"": ""2026-09-23 11:37:48.652"", ""session_id"": 68}",0,0,UNKNOWN
logout,2026-09-23 11:37:48.652,69,0,0,0,"{""event_name"": ""logout"", ""timestamp"": ""2026-09-23 11:37:48.652"", ""session_id"": 69}",0,0,UNKNOWN
logout,2026-09-23 11:37:48.652,70,0,0,0,"{""event_name"": ""logout"", ""timestamp"": ""2026-09-23 11:37:48.652"", ""session_id"": 70}",0,0,UNKNOWN
logout,2026-09-23 11:37:48.652,71,0,0,0,"{""event_name"": ""logout"", ""timestamp"": ""2026-09-23 11:37:48.652"", ""session_id"": 71}",0,0,UNKNOWN
logout,2026-09-23 11:37:48.652,72,0,0,0,"{""event_name"": ""logout"", ""timestamp"": ""2026-09-23 11:37:48.652"", ""session_id"": 72}",0,0,UNKNOWN
logout,2026-09-23 11:37:48.652,73,0,0,0,"{""event_name"": ""logout"", ""timestamp"": ""2026-09-23 11:37:48.652"", ""session_id"": 73}",0,0,UNKNOWN
logout,2026-09-23 11:37:48.652,74,0,0,0,"{""event_name"": ""logout"", ""timestamp"": ""2026-09-23 11:37:48.652"", ""session_id"": 74}",0,0,UNKNOWN
logout,2026-09-23 11:37:48.652,75,0,0,0,"{""event_name"": ""logout"", ""timestamp"": ""2026-09-23 11:37:48.652"", ""session_id"": 75}",0,0,UNKNOWN
logout,2026-09-23 11:37:48.652,52,0,0,0,"{""event_name"": ""logout"", ""timestamp"": ""2026-09-23 11:37:48.652"", ""session_id"": 52}",0,0,UNKNOWN
logout,2026-09-23 11:37:48.652,86,0,0,0,"{""event_name"": ""logout"", ""timestamp"": ""2026-09-23 11:37:48.652"", ""session_id"": 86}",0,0,UNKNOWN
lock_released,2026-09-23 11:37:48.652,68,0,0,0,"{""event_name"": ""lock_released"", ""timestamp"": ""2026-09-23 11:37:48.652"", ""session_id"": 68, ""resource_type"": ""DATABASE"", ""mode"": ""S""}",DATABASE,S,UNKNOWN
lock_released,2026-09-23 11:37:48.652,72,0,0,0,"{""event_name"": ""lock_released"", ""timestamp"": ""2026-09-23 11:37:48.652"", ""session_id"": 72, ""resource_type"": ""DATABASE"", ""mode"": ""S""}",DATABASE,S,UNKNOWN
lock_released,2026-09-23 11:37:48.652,70,0,0,0,"{""event_name"": ""lock_released"", ""timestamp"": ""2026-09-23 11:37:48.652"", ""session_id"": 70, ""resource_type"": ""KEY"", ""mode"": ""X""}",KEY,X,UNKNOWN
lock_released,2026-09-23 11:37:48.652,75,0,0,0,"{""event_name"": ""lock_released"", ""timestamp"": ""2026-09-23 11:37:48.652"", ""session_id"": 75, ""resource_type"": ""DATABASE"", ""mode"": ""S""}",DATABASE,S,UNKNOWN
lock_released,2026-09-23 11:37:48.652,75,0,0,0,"{""event_name"": ""lock_released"", ""timestamp"": ""2026-09-23 11:37:48.652"", ""session_id"": 75, ""resource_type"": ""OBJECT"", ""mode"": ""Sch-S""}",OBJECT,Sch-S,UNKNOWN
lock_released,2026-09-23 11:37:48.652,74,0,0,0,"{""event_name"": ""lock_released"", ""timestamp"": ""2026-09-23 11:37:48.652"", ""session_id"": 74, ""resource_type"": ""DATABASE"", ""mode"": ""S""}",DATABASE,S,UNKNOWN
lock_released,2026-09-23 11:37:48.652,71,0,0,0,"{""event_name"": ""lock_released"", ""timestamp"": ""2026-09-23 11:37:48.652"", ""session_id"": 71, ""resource_type"": ""DATABASE"", ""mode"": ""S""}",DATABASE,S,UNKNOWN
lock_released,2026-09-23 11:37:48.652,73,0,0,0,"{""event_name"": ""lock_released"", ""timestamp"": ""2026-09-23 11:37:48.652"", ""session_id"": 73, ""resource_type"": ""DATABASE"", ""mode"": ""S""}",DATABASE,S,UNKNOWN
lock_released,2026-09-23 11:37:48.652,70,0,0,0,"{""event_name"": ""lock_released"", ""timestamp"": ""2026-09-23 11:37:48.652"", ""session_id"": 70, ""resource_type"": ""DATABASE"", ""mode"": ""S""}",DATABASE,S,UNKNOWN
lock_released,2026-09-23 11:37:48.652,69,0,0,0,"{""event_name"": ""lock_released"", ""timestamp"": ""2026-09-23 11:37:48.652"", ""session_id"": 69, ""resource_type"": ""DATABASE"", ""mode"": ""S""}",DATABASE,S,UNKNOWN
