timestamp,metrica,valor
2026-09-23 11:30:39,cpu_usr,12.6
2026-09-23 11:30:39,cpu_sys,15.6
2026-09-23 11:30:39,cpu_idl,70.6
2026-09-23 11:30:39,cpu_wai,0.0
2026-09-23 11:30:39,cpu_stl,0.0
2026-09-23 11:30:39,memory_percent,86.3
2026-09-23 11:30:39,memory_used_mb,13931.0
2026-09-23 11:30:39,memory_available_mb,2217.0
2026-09-23 11:30:39,disk_read_per_sec,50730.0
2026-09-23 11:30:39,disk_write_per_sec,50730.0
2026-09-23 11:30:39,net_send_per_sec,0.0
2026-09-23 11:30:39,net_recv_per_sec,0.0
2026-09-23 11:30:39,load1,0.0
2026-09-23 11:30:39,load5,0.0
2026-09-23 11:30:39,load15,0.0
2026-09-23 11:30:39,active_sessions,18.0
2026-09-23 11:30:39,active_requests,14.0
2026-09-23 11:30:39,long_queries,13.0
2026-09-23 11:30:39,long_transactions,13.0
2026-09-23 11:30:39,idle_sessions,17.0
2026-09-23 11:30:39,lock_waits,0.0
2026-09-23 11:30:39,total_locks,4.0
2026-09-23 11:30:39,deadlocks_per_sec,0.0
2026-09-23 11:30:39,page_life_expectancy,1855.0
2026-09-23 11:30:39,buffer_cache_hit_ratio,100.0
2026-09-23 11:30:39,database_size_mb,0.0
2026-09-23 11:30:39,total_reads,1410.0
2026-09-23 11:30:39,total_writes,53324.0
2026-09-23 11:30:39,venta_locks,0.0
2026-09-23 11:30:39,detalle_venta_locks,0.0
2026-09-23 11:30:39,inventario_locks,0.0
2026-09-23 11:30:39,kardex_locks,0.0
2026-09-23 11:30:39,caja_locks,0.0
2026-09-23 11:30:39,movimiento_caja_locks,0.0
2026-09-23 11:30:39,auditoria_locks,0.0
2026-09-23 11:30:39,api_status,0.0
2026-09-23 11:30:39,api_latency_ms,0.0
2026-09-23 11:30:39,products_count,0.0
2026-09-23 11:30:39,sales_count,0.0
2026-09-23 11:30:45,cpu_usr,7.7
2026-09-23 11:30:45,cpu_sys,17.7
2026-09-23 11:30:45,cpu_idl,73.7
2026-09-23 11:30:45,cpu_wai,0.0
2026-09-23 11:30:45,cpu_stl,0.0
2026-09-23 11:30:45,memory_percent,86.2
2026-09-23 11:30:45,memory_used_mb,13920.0
2026-09-23 11:30:45,memory_available_mb,2227.0
2026-09-23 11:30:45,disk_read_per_sec,2462999.0
2026-09-23 11:30:45,disk_write_per_sec,647541.0
2026-09-23 11:30:45,net_send_per_sec,485.0
2026-09-23 11:30:45,net_recv_per_sec,1813.0
2026-09-23 11:30:45,load1,0.0
2026-09-23 11:30:45,load5,0.0
2026-09-23 11:30:45,load15,0.0
2026-09-23 11:30:45,active_sessions,27.0
2026-09-23 11:30:45,active_requests,22.0
2026-09-23 11:30:45,long_queries,13.0
2026-09-23 11:30:45,long_transactions,13.0
2026-09-23 11:30:45,idle_sessions,19.0
2026-09-23 11:30:45,lock_waits,0.0
2026-09-23 11:30:45,total_locks,44.0
2026-09-23 11:30:45,deadlocks_per_sec,0.0
2026-09-23 11:30:45,page_life_expectancy,1860.0
2026-09-23 11:30:45,buffer_cache_hit_ratio,100.0
2026-09-23 11:30:45,transactions_per_sec,252.69
2026-09-23 11:30:45,page_reads_per_sec,0.0
2026-09-23 11:30:45,page_writes_per_sec,0.0
2026-09-23 11:30:45,rollbacks_per_sec,0.0
2026-09-23 11:30:45,batch_requests_per_sec,0.0
2026-09-23 11:30:45,sql_compilations_per_sec,0.0
2026-09-23 11:30:45,database_size_mb,0.0
2026-09-23 11:30:45,total_reads,1410.0
2026-09-23 11:30:45,total_writes,53402.0
2026-09-23 11:30:45,venta_locks,0.0
2026-09-23 11:30:45,detalle_venta_locks,0.0
2026-09-23 11:30:45,inventario_locks,0.0
2026-09-23 11:30:45,kardex_locks,0.0
2026-09-23 11:30:45,caja_locks,0.0
2026-09-23 11:30:45,movimiento_caja_locks,0.0
2026-09-23 11:30:45,auditoria_locks,0.0
2026-09-23 11:30:45,api_status,0.0
2026-09-23 11:30:45,api_latency_ms,0.0
2026-09-23 11:30:45,products_count,0.0
2026-09-23 11:30:45,sales_count,0.0
2026-09-23 11:30:50,cpu_usr,8.5
2026-09-23 11:30:50,cpu_sys,41.6
2026-09-23 11:30:50,cpu_idl,48.8
2026-09-23 11:30:50,cpu_wai,0.0
2026-09-23 11:30:50,cpu_stl,0.0
2026-09-23 11:30:50,memory_percent,86.5
2026-09-23 11:30:50,memory_used_mb,13960.0
2026-09-23 11:30:50,memory_available_mb,2187.0
2026-09-23 11:30:50,disk_read_per_sec,3988.0
2026-09-23 11:30:50,disk_write_per_sec,1736066.0
2026-09-23 11:30:50,net_send_per_sec,353.0
2026-09-23 11:30:50,net_recv_per_sec,936.0
2026-09-23 11:30:50,load1,0.0
2026-09-23 11:30:50,load5,0.0
2026-09-23 11:30:50,load15,0.0
2026-09-23 11:30:50,active_sessions,28.0
2026-09-23 11:30:50,active_requests,16.0
2026-09-23 11:30:50,long_queries,13.0
2026-09-23 11:30:50,long_transactions,13.0
2026-09-23 11:30:50,idle_sessions,26.0
2026-09-23 11:30:50,lock_waits,0.0
2026-09-23 11:30:50,total_locks,30.0
2026-09-23 11:30:50,deadlocks_per_sec,0.0
2026-09-23 11:30:50,page_life_expectancy,1865.0
2026-09-23 11:30:50,buffer_cache_hit_ratio,100.0
2026-09-23 11:30:50,transactions_per_sec,849.11
2026-09-23 11:30:50,page_reads_per_sec,0.0
2026-09-23 11:30:50,page_writes_per_sec,0.0
2026-09-23 11:30:50,rollbacks_per_sec,0.0
2026-09-23 11:30:50,batch_requests_per_sec,0.0
2026-09-23 11:30:50,sql_compilations_per_sec,0.0
2026-09-23 11:30:50,database_size_mb,0.0
2026-09-23 11:30:50,total_reads,1410.0
2026-09-23 11:30:50,total_writes,53643.0
2026-09-23 11:30:50,venta_locks,0.0
2026-09-23 11:30:50,detalle_venta_locks,0.0
2026-09-23 11:30:50,inventario_locks,0.0
2026-09-23 11:30:50,kardex_locks,0.0
2026-09-23 11:30:50,caja_locks,0.0
2026-09-23 11:30:50,movimiento_caja_locks,0.0
2026-09-23 11:30:50,auditoria_locks,0.0
2026-09-23 11:30:50,api_status,0.0
2026-09-23 11:30:50,api_latency_ms,4456.0
2026-09-23 11:30:50,products_count,0.0
2026-09-23 11:30:50,sales_count,0.0
2026-09-23 11:30:55,cpu_usr,5.6
2026-09-23 11:30:55,cpu_sys,40.1
2026-09-23 11:30:55,cpu_idl,53.0
2026-09-23 11:30:55,cpu_wai,0.0
2026-09-23 11:30:55,cpu_stl,0.0
2026-09-23 11:30:55,memory_percent,86.3
2026-09-23 11:30:55,memory_used_mb,13934.0
2026-09-23 11:30:55,memory_available_mb,2214.0
2026-09-23 11:30:55,disk_read_per_sec,436985.0
2026-09-23 11:30:55,disk_write_per_sec,1218290.0
2026-09-23 11:30:55,net_send_per_sec,310.0
2026-09-23 11:30:55,net_recv_per_sec,397.0
2026-09-23 11:30:55,load1,0.0
2026-09-23 11:30:55,load5,0.0
2026-09-23 11:30:55,load15,0.0
2026-09-23 11:30:55,active_sessions,28.0
2026-09-23 11:30:55,active_requests,20.0
2026-09-23 11:30:55,long_queries,13.0
2026-09-23 11:30:55,long_transactions,13.0
2026-09-23 11:30:55,idle_sessions,24.0
2026-09-23 11:30:55,lock_waits,0.0
2026-09-23 11:30:55,total_locks,34.0
2026-09-23 11:30:55,deadlocks_per_sec,0.0
2026-09-23 11:30:55,page_life_expectancy,1870.0
2026-09-23 11:30:55,buffer_cache_hit_ratio,100.0
2026-09-23 11:30:55,transactions_per_sec,746.85
2026-09-23 11:30:55,page_reads_per_sec,0.0
2026-09-23 11:30:55,page_writes_per_sec,0.0
2026-09-23 11:30:55,rollbacks_per_sec,0.0
2026-09-23 11:30:55,batch_requests_per_sec,0.0
2026-09-23 11:30:55,sql_compilations_per_sec,0.0
2026-09-23 11:30:55,database_size_mb,0.0
2026-09-23 11:30:55,total_reads,1410.0
2026-09-23 11:30:55,total_writes,53866.0
2026-09-23 11:30:55,venta_locks,0.0
2026-09-23 11:30:55,detalle_venta_locks,0.0
2026-09-23 11:30:55,inventario_locks,0.0
2026-09-23 11:30:55,kardex_locks,0.0
2026-09-23 11:30:55,caja_locks,0.0
2026-09-23 11:30:55,movimiento_caja_locks,0.0
2026-09-23 11:30:55,auditoria_locks,0.0
2026-09-23 11:30:55,api_status,0.0
2026-09-23 11:30:55,api_latency_ms,4456.0
2026-09-23 11:30:55,products_count,0.0
2026-09-23 11:30:55,sales_count,0.0
2026-09-23 11:31:01,cpu_usr,8.5
2026-09-23 11:31:01,cpu_sys,43.1
2026-09-23 11:31:01,cpu_idl,46.5
2026-09-23 11:31:01,cpu_wai,0.0
2026-09-23 11:31:01,cpu_stl,0.0
2026-09-23 11:31:01,memory_percent,86.6
2026-09-23 11:31:01,memory_used_mb,13990.0
2026-09-23 11:31:01,memory_available_mb,2158.0
2026-09-23 11:31:01,disk_read_per_sec,128202.0
2026-09-23 11:31:01,disk_write_per_sec,1325197.0
2026-09-23 11:31:01,net_send_per_sec,1336.0
2026-09-23 11:31:01,net_recv_per_sec,1694.0
2026-09-23 11:31:01,load1,0.0
2026-09-23 11:31:01,load5,0.0
2026-09-23 11:31:01,load15,0.0
2026-09-23 11:31:01,active_sessions,27.0
2026-09-23 11:31:01,active_requests,17.0
2026-09-23 11:31:01,long_queries,13.0
2026-09-23 11:31:01,long_transactions,13.0
2026-09-23 11:31:01,idle_sessions,20.0
2026-09-23 11:31:01,lock_waits,0.0
2026-09-23 11:31:01,total_locks,48.0
2026-09-23 11:31:01,deadlocks_per_sec,0.0
2026-09-23 11:31:01,page_life_expectancy,1876.0
2026-09-23 11:31:01,buffer_cache_hit_ratio,100.0
2026-09-23 11:31:01,transactions_per_sec,773.71
2026-09-23 11:31:01,page_reads_per_sec,0.0
2026-09-23 11:31:01,page_writes_per_sec,0.0
2026-09-23 11:31:01,rollbacks_per_sec,0.0
2026-09-23 11:31:01,batch_requests_per_sec,0.0
2026-09-23 11:31:01,sql_compilations_per_sec,0.0
2026-09-23 11:31:01,database_size_mb,0.0
2026-09-23 11:31:01,total_reads,1410.0
2026-09-23 11:31:01,total_writes,54086.0
2026-09-23 11:31:01,venta_locks,2.0
2026-09-23 11:31:01,detalle_venta_locks,0.0
2026-09-23 11:31:01,inventario_locks,0.0
2026-09-23 11:31:01,kardex_locks,0.0
2026-09-23 11:31:01,caja_locks,0.0
2026-09-23 11:31:01,movimiento_caja_locks,0.0
2026-09-23 11:31:01,auditoria_locks,0.0
2026-09-23 11:31:01,api_status,0.0
2026-09-23 11:31:01,api_latency_ms,4043.0
2026-09-23 11:31:01,products_count,0.0
2026-09-23 11:31:01,sales_count,0.0
2026-09-23 11:31:06,cpu_usr,7.7
2026-09-23 11:31:06,cpu_sys,40.7
2026-09-23 11:31:06,cpu_idl,50.6
2026-09-23 11:31:06,cpu_wai,0.0
2026-09-23 11:31:06,cpu_stl,0.0
2026-09-23 11:31:06,memory_percent,86.6
2026-09-23 11:31:06,memory_used_mb,13984.0
2026-09-23 11:31:06,memory_available_mb,2163.0
2026-09-23 11:31:06,disk_read_per_sec,664505.0
2026-09-23 11:31:06,disk_write_per_sec,1280071.0
2026-09-23 11:31:06,net_send_per_sec,231.0
2026-09-23 11:31:06,net_recv_per_sec,231.0
2026-09-23 11:31:06,load1,0.0
2026-09-23 11:31:06,load5,0.0
2026-09-23 11:31:06,load15,0.0
2026-09-23 11:31:06,active_sessions,27.0
2026-09-23 11:31:06,active_requests,18.0
2026-09-23 11:31:06,long_queries,13.0
2026-09-23 11:31:06,long_transactions,13.0
2026-09-23 11:31:06,idle_sessions,22.0
2026-09-23 11:31:06,lock_waits,2.0
2026-09-23 11:31:06,total_locks,43.0
2026-09-23 11:31:06,deadlocks_per_sec,0.0
2026-09-23 11:31:06,page_life_expectancy,1881.0
2026-09-23 11:31:06,buffer_cache_hit_ratio,105.51
2026-09-23 11:31:06,transactions_per_sec,741.01
2026-09-23 11:31:06,page_reads_per_sec,0.0
2026-09-23 11:31:06,page_writes_per_sec,0.0
2026-09-23 11:31:06,rollbacks_per_sec,0.0
2026-09-23 11:31:06,batch_requests_per_sec,0.0
2026-09-23 11:31:06,sql_compilations_per_sec,0.0
2026-09-23 11:31:06,database_size_mb,0.0
2026-09-23 11:31:06,total_reads,1410.0
2026-09-23 11:31:06,total_writes,54326.0
2026-09-23 11:31:06,venta_locks,1.0
2026-09-23 11:31:06,detalle_venta_locks,0.0
2026-09-23 11:31:06,inventario_locks,0.0
2026-09-23 11:31:06,kardex_locks,0.0
2026-09-23 11:31:06,caja_locks,0.0
2026-09-23 11:31:06,movimiento_caja_locks,0.0
2026-09-23 11:31:06,auditoria_locks,0.0
2026-09-23 11:31:06,api_status,0.0
2026-09-23 11:31:06,api_latency_ms,4043.0
2026-09-23 11:31:06,products_count,0.0
2026-09-23 11:31:06,sales_count,0.0
2026-09-23 11:31:11,cpu_usr,6.2
2026-09-23 11:31:11,cpu_sys,42.5
2026-09-23 11:31:11,cpu_idl,50.0
2026-09-23 11:31:11,cpu_wai,0.0
2026-09-23 11:31:11,cpu_stl,0.0
2026-09-23 11:31:11,memory_percent,86.6
2026-09-23 11:31:11,memory_used_mb,13991.0
2026-09-23 11:31:11,memory_available_mb,2157.0
2026-09-23 11:31:11,disk_read_per_sec,9463.0
2026-09-23 11:31:11,disk_write_per_sec,1296184.0
2026-09-23 11:31:11,net_send_per_sec,1885.0
2026-09-23 11:31:11,net_recv_per_sec,1611.0
2026-09-23 11:31:11,load1,0.0
2026-09-23 11:31:11,load5,0.0
2026-09-23 11:31:11,load15,0.0
2026-09-23 11:31:11,active_sessions,28.0
2026-09-23 11:31:11,active_requests,21.0
2026-09-23 11:31:11,long_queries,13.0
2026-09-23 11:31:11,long_transactions,13.0
2026-09-23 11:31:11,idle_sessions,21.0
2026-09-23 11:31:11,lock_waits,0.0
2026-09-23 11:31:11,total_locks,34.0
2026-09-23 11:31:11,deadlocks_per_sec,0.0
2026-09-23 11:31:11,page_life_expectancy,1886.0
2026-09-23 11:31:11,buffer_cache_hit_ratio,100.0
2026-09-23 11:31:11,transactions_per_sec,748.79
2026-09-23 11:31:11,page_reads_per_sec,0.0
2026-09-23 11:31:11,page_writes_per_sec,0.0
2026-09-23 11:31:11,rollbacks_per_sec,0.0
2026-09-23 11:31:11,batch_requests_per_sec,0.0
2026-09-23 11:31:11,sql_compilations_per_sec,0.0
2026-09-23 11:31:11,database_size_mb,0.0
2026-09-23 11:31:11,total_reads,1410.0
2026-09-23 11:31:11,total_writes,54599.0
2026-09-23 11:31:11,venta_locks,0.0
2026-09-23 11:31:11,detalle_venta_locks,0.0
2026-09-23 11:31:11,inventario_locks,0.0
2026-09-23 11:31:11,kardex_locks,0.0
2026-09-23 11:31:11,caja_locks,0.0
2026-09-23 11:31:11,movimiento_caja_locks,0.0
2026-09-23 11:31:11,auditoria_locks,0.0
2026-09-23 11:31:11,api_status,0.0
2026-09-23 11:31:11,api_latency_ms,4043.0
2026-09-23 11:31:11,products_count,0.0
2026-09-23 11:31:11,sales_count,0.0
2026-09-23 11:31:16,cpu_usr,6.5
2026-09-23 11:31:16,cpu_sys,41.8
2026-09-23 11:31:16,cpu_idl,50.7
2026-09-23 11:31:16,cpu_wai,0.0
2026-09-23 11:31:16,cpu_stl,0.0
2026-09-23 11:31:16,memory_percent,86.6
2026-09-23 11:31:16,memory_used_mb,13976.0
2026-09-23 11:31:16,memory_available_mb,2171.0
2026-09-23 11:31:16,disk_read_per_sec,15092.0
2026-09-23 11:31:16,disk_write_per_sec,1553476.0
2026-09-23 11:31:16,net_send_per_sec,1653.0
2026-09-23 11:31:16,net_recv_per_sec,1725.0
2026-09-23 11:31:16,load1,0.08
2026-09-23 11:31:16,load5,0.02
2026-09-23 11:31:16,load15,0.01
2026-09-23 11:31:16,active_sessions,27.0
2026-09-23 11:31:16,active_requests,17.0
2026-09-23 11:31:16,long_queries,13.0
2026-09-23 11:31:16,long_transactions,13.0
2026-09-23 11:31:16,idle_sessions,21.0
2026-09-23 11:31:16,lock_waits,0.0
2026-09-23 11:31:16,total_locks,44.0
2026-09-23 11:31:16,deadlocks_per_sec,0.0
2026-09-23 11:31:16,page_life_expectancy,1892.0
2026-09-23 11:31:16,buffer_cache_hit_ratio,100.0
2026-09-23 11:31:16,transactions_per_sec,794.32
2026-09-23 11:31:16,page_reads_per_sec,0.0
2026-09-23 11:31:16,page_writes_per_sec,0.0
2026-09-23 11:31:16,rollbacks_per_sec,0.0
2026-09-23 11:31:16,batch_requests_per_sec,0.0
2026-09-23 11:31:16,sql_compilations_per_sec,0.0
2026-09-23 11:31:16,database_size_mb,0.0
2026-09-23 11:31:16,total_reads,1410.0
2026-09-23 11:31:16,total_writes,54869.0
2026-09-23 11:31:16,venta_locks,0.0
2026-09-23 11:31:16,detalle_venta_locks,0.0
2026-09-23 11:31:16,inventario_locks,0.0
2026-09-23 11:31:16,kardex_locks,0.0
2026-09-23 11:31:16,caja_locks,0.0
2026-09-23 11:31:16,movimiento_caja_locks,0.0
2026-09-23 11:31:16,auditoria_locks,0.0
2026-09-23 11:31:16,api_status,0.0
2026-09-23 11:31:16,api_latency_ms,4029.0
2026-09-23 11:31:16,products_count,0.0
2026-09-23 11:31:16,sales_count,0.0
2026-09-23 11:31:22,cpu_usr,5.0
2026-09-23 11:31:22,cpu_sys,41.3
2026-09-23 11:31:22,cpu_idl,52.3
2026-09-23 11:31:22,cpu_wai,0.0
2026-09-23 11:31:22,cpu_stl,0.0
2026-09-23 11:31:22,memory_percent,86.6
2026-09-23 11:31:22,memory_used_mb,13982.0
2026-09-23 11:31:22,memory_available_mb,2166.0
2026-09-23 11:31:22,disk_read_per_sec,687760.0
2026-09-23 11:31:22,disk_write_per_sec,2253233.0
2026-09-23 11:31:22,net_send_per_sec,346.0
2026-09-23 11:31:22,net_recv_per_sec,612.0
2026-09-23 11:31:22,load1,0.07
2026-09-23 11:31:22,load5,0.02
2026-09-23 11:31:22,load15,0.01
2026-09-23 11:31:22,active_sessions,27.0
2026-09-23 11:31:22,active_requests,19.0
2026-09-23 11:31:22,long_queries,13.0
2026-09-23 11:31:22,long_transactions,13.0
2026-09-23 11:31:22,idle_sessions,21.0
2026-09-23 11:31:22,lock_waits,3.0
2026-09-23 11:31:22,total_locks,49.0
2026-09-23 11:31:22,deadlocks_per_sec,0.0
2026-09-23 11:31:22,page_life_expectancy,1897.0
2026-09-23 11:31:22,buffer_cache_hit_ratio,100.0
2026-09-23 11:31:22,transactions_per_sec,816.57
2026-09-23 11:31:22,page_reads_per_sec,0.0
2026-09-23 11:31:22,page_writes_per_sec,0.0
2026-09-23 11:31:22,rollbacks_per_sec,0.0
2026-09-23 11:31:22,batch_requests_per_sec,0.0
2026-09-23 11:31:22,sql_compilations_per_sec,0.0
2026-09-23 11:31:22,database_size_mb,0.0
2026-09-23 11:31:22,total_reads,1410.0
2026-09-23 11:31:22,total_writes,55143.0
2026-09-23 11:31:22,venta_locks,0.0
2026-09-23 11:31:22,detalle_venta_locks,0.0
2026-09-23 11:31:22,inventario_locks,0.0
2026-09-23 11:31:22,kardex_locks,0.0
2026-09-23 11:31:22,caja_locks,0.0
2026-09-23 11:31:22,movimiento_caja_locks,0.0
2026-09-23 11:31:22,auditoria_locks,0.0
2026-09-23 11:31:22,api_status,0.0
2026-09-23 11:31:22,api_latency_ms,4029.0
2026-09-23 11:31:22,products_count,0.0
2026-09-23 11:31:22,sales_count,0.0
2026-09-23 11:31:27,cpu_usr,4.5
2026-09-23 11:31:27,cpu_sys,40.9
2026-09-23 11:31:27,cpu_idl,53.2
2026-09-23 11:31:27,cpu_wai,0.0
2026-09-23 11:31:27,cpu_stl,0.0
2026-09-23 11:31:27,memory_percent,86.5
2026-09-23 11:31:27,memory_used_mb,13975.0
2026-09-23 11:31:27,memory_available_mb,2173.0
2026-09-23 11:31:27,disk_read_per_sec,72891.0
2026-09-23 11:31:27,disk_write_per_sec,1293265.0
2026-09-23 11:31:27,net_send_per_sec,307.0
2026-09-23 11:31:27,net_recv_per_sec,358.0
2026-09-23 11:31:27,load1,0.15
2026-09-23 11:31:27,load5,0.03
2026-09-23 11:31:27,load15,0.01
2026-09-23 11:31:27,active_sessions,27.0
2026-09-23 11:31:27,active_requests,18.0
2026-09-23 11:31:27,long_queries,13.0
2026-09-23 11:31:27,long_transactions,13.0
2026-09-23 11:31:27,idle_sessions,21.0
2026-09-23 11:31:27,lock_waits,0.0
2026-09-23 11:31:27,total_locks,62.0
2026-09-23 11:31:27,deadlocks_per_sec,0.0
2026-09-23 11:31:27,page_life_expectancy,1903.0
2026-09-23 11:31:27,buffer_cache_hit_ratio,100.0
2026-09-23 11:31:27,transactions_per_sec,823.76
2026-09-23 11:31:27,page_reads_per_sec,0.0
2026-09-23 11:31:27,page_writes_per_sec,0.0
2026-09-23 11:31:27,rollbacks_per_sec,0.0
2026-09-23 11:31:27,batch_requests_per_sec,0.0
2026-09-23 11:31:27,sql_compilations_per_sec,0.0
2026-09-23 11:31:27,database_size_mb,0.0
2026-09-23 11:31:27,total_reads,1410.0
2026-09-23 11:31:27,total_writes,55433.0
2026-09-23 11:31:27,venta_locks,0.0
2026-09-23 11:31:27,detalle_venta_locks,0.0
2026-09-23 11:31:27,inventario_locks,0.0
2026-09-23 11:31:27,kardex_locks,0.0
2026-09-23 11:31:27,caja_locks,0.0
2026-09-23 11:31:27,movimiento_caja_locks,0.0
2026-09-23 11:31:27,auditoria_locks,0.0
2026-09-23 11:31:27,api_status,0.0
2026-09-23 11:31:27,api_latency_ms,4035.0
2026-09-23 11:31:27,products_count,0.0
2026-09-23 11:31:27,sales_count,0.0
2026-09-23 11:31:32,cpu_usr,5.8
2026-09-23 11:31:32,cpu_sys,42.6
2026-09-23 11:31:32,cpu_idl,50.2
2026-09-23 11:31:32,cpu_wai,0.0
2026-09-23 11:31:32,cpu_stl,0.0
2026-09-23 11:31:32,memory_percent,86.0
2026-09-23 11:31:32,memory_used_mb,13888.0
2026-09-23 11:31:32,memory_available_mb,2259.0
2026-09-23 11:31:32,disk_read_per_sec,286895.0
2026-09-23 11:31:32,disk_write_per_sec,2519342.0
2026-09-23 11:31:32,net_send_per_sec,387.0
2026-09-23 11:31:32,net_recv_per_sec,452.0
2026-09-23 11:31:32,load1,0.14
2026-09-23 11:31:32,load5,0.03
2026-09-23 11:31:32,load15,0.01
2026-09-23 11:31:32,active_sessions,27.0
2026-09-23 11:31:32,active_requests,19.0
2026-09-23 11:31:32,long_queries,13.0
2026-09-23 11:31:32,long_transactions,13.0
2026-09-23 11:31:32,idle_sessions,20.0
2026-09-23 11:31:32,lock_waits,0.0
2026-09-23 11:31:32,total_locks,53.0
2026-09-23 11:31:32,deadlocks_per_sec,0.0
2026-09-23 11:31:32,page_life_expectancy,1908.0
2026-09-23 11:31:32,buffer_cache_hit_ratio,100.0
2026-09-23 11:31:32,transactions_per_sec,802.11
2026-09-23 11:31:32,page_reads_per_sec,0.0
2026-09-23 11:31:32,page_writes_per_sec,0.0
2026-09-23 11:31:32,rollbacks_per_sec,0.0
2026-09-23 11:31:32,batch_requests_per_sec,0.0
2026-09-23 11:31:32,sql_compilations_per_sec,0.0
2026-09-23 11:31:32,database_size_mb,0.0
2026-09-23 11:31:32,total_reads,1410.0
2026-09-23 11:31:32,total_writes,55683.0
2026-09-23 11:31:32,venta_locks,0.0
2026-09-23 11:31:32,detalle_venta_locks,0.0
2026-09-23 11:31:32,inventario_locks,0.0
2026-09-23 11:31:32,kardex_locks,0.0
2026-09-23 11:31:32,caja_locks,0.0
2026-09-23 11:31:32,movimiento_caja_locks,0.0
2026-09-23 11:31:32,auditoria_locks,0.0
2026-09-23 11:31:32,api_status,0.0
2026-09-23 11:31:32,api_latency_ms,4035.0
2026-09-23 11:31:32,products_count,0.0
2026-09-23 11:31:32,sales_count,0.0
2026-09-23 11:31:38,cpu_usr,6.1
2026-09-23 11:31:38,cpu_sys,41.0
2026-09-23 11:31:38,cpu_idl,51.5
2026-09-23 11:31:38,cpu_wai,0.0
2026-09-23 11:31:38,cpu_stl,0.0
2026-09-23 11:31:38,memory_percent,86.0
2026-09-23 11:31:38,memory_used_mb,13886.0
2026-09-23 11:31:38,memory_available_mb,2262.0
2026-09-23 11:31:38,disk_read_per_sec,46549.0
2026-09-23 11:31:38,disk_write_per_sec,1372567.0
2026-09-23 11:31:38,net_send_per_sec,154.0
2026-09-23 11:31:38,net_recv_per_sec,204.0
2026-09-23 11:31:38,load1,0.12
2026-09-23 11:31:38,load5,0.03
2026-09-23 11:31:38,load15,0.01
2026-09-23 11:31:38,active_sessions,27.0
2026-09-23 11:31:38,active_requests,18.0
2026-09-23 11:31:38,long_queries,13.0
2026-09-23 11:31:38,long_transactions,13.0
2026-09-23 11:31:38,idle_sessions,22.0
2026-09-23 11:31:38,lock_waits,0.0
2026-09-23 11:31:38,total_locks,24.0
2026-09-23 11:31:38,deadlocks_per_sec,0.0
2026-09-23 11:31:38,page_life_expectancy,1913.0
2026-09-23 11:31:38,buffer_cache_hit_ratio,100.0
2026-09-23 11:31:38,transactions_per_sec,770.99
2026-09-23 11:31:38,page_reads_per_sec,0.0
2026-09-23 11:31:38,page_writes_per_sec,0.0
2026-09-23 11:31:38,rollbacks_per_sec,0.0
2026-09-23 11:31:38,batch_requests_per_sec,0.0
2026-09-23 11:31:38,sql_compilations_per_sec,0.0
2026-09-23 11:31:38,database_size_mb,0.0
2026-09-23 11:31:38,total_reads,1410.0
2026-09-23 11:31:38,total_writes,55905.0
2026-09-23 11:31:38,venta_locks,0.0
2026-09-23 11:31:38,detalle_venta_locks,0.0
2026-09-23 11:31:38,inventario_locks,0.0
2026-09-23 11:31:38,kardex_locks,0.0
2026-09-23 11:31:38,caja_locks,0.0
2026-09-23 11:31:38,movimiento_caja_locks,0.0
2026-09-23 11:31:38,auditoria_locks,0.0
2026-09-23 11:31:38,api_status,0.0
2026-09-23 11:31:38,api_latency_ms,4035.0
2026-09-23 11:31:38,products_count,0.0
2026-09-23 11:31:38,sales_count,0.0
2026-09-23 11:31:43,cpu_usr,7.8
2026-09-23 11:31:43,cpu_sys,42.7
2026-09-23 11:31:43,cpu_idl,48.0
2026-09-23 11:31:43,cpu_wai,0.0
2026-09-23 11:31:43,cpu_stl,0.0
2026-09-23 11:31:43,memory_percent,85.7
2026-09-23 11:31:43,memory_used_mb,13843.0
2026-09-23 11:31:43,memory_available_mb,2305.0
2026-09-23 11:31:43,disk_read_per_sec,311507.0
2026-09-23 11:31:43,disk_write_per_sec,1222496.0
2026-09-23 11:31:43,net_send_per_sec,354.0
2026-09-23 11:31:43,net_recv_per_sec,431.0
2026-09-23 11:31:43,load1,0.11
2026-09-23 11:31:43,load5,0.03
2026-09-23 11:31:43,load15,0.01
2026-09-23 11:31:43,active_sessions,27.0
2026-09-23 11:31:43,active_requests,20.0
2026-09-23 11:31:43,long_queries,13.0
2026-09-23 11:31:43,long_transactions,13.0
2026-09-23 11:31:43,idle_sessions,23.0
2026-09-23 11:31:43,lock_waits,0.0
2026-09-23 11:31:43,total_locks,40.0
2026-09-23 11:31:43,deadlocks_per_sec,0.0
2026-09-23 11:31:43,page_life_expectancy,1918.0
2026-09-23 11:31:43,buffer_cache_hit_ratio,100.0
2026-09-23 11:31:43,transactions_per_sec,765.83
2026-09-23 11:31:43,page_reads_per_sec,0.0
2026-09-23 11:31:43,page_writes_per_sec,0.0
2026-09-23 11:31:43,rollbacks_per_sec,0.0
2026-09-23 11:31:43,batch_requests_per_sec,0.0
2026-09-23 11:31:43,sql_compilations_per_sec,0.0
2026-09-23 11:31:43,database_size_mb,0.0
2026-09-23 11:31:43,total_reads,1410.0
2026-09-23 11:31:43,total_writes,56142.0
2026-09-23 11:31:43,venta_locks,0.0
2026-09-23 11:31:43,detalle_venta_locks,0.0
2026-09-23 11:31:43,inventario_locks,0.0
2026-09-23 11:31:43,kardex_locks,0.0
2026-09-23 11:31:43,caja_locks,0.0
2026-09-23 11:31:43,movimiento_caja_locks,0.0
2026-09-23 11:31:43,auditoria_locks,0.0
2026-09-23 11:31:43,api_status,0.0
2026-09-23 11:31:43,api_latency_ms,4057.0
2026-09-23 11:31:43,products_count,0.0
2026-09-23 11:31:43,sales_count,0.0
2026-09-23 11:31:48,cpu_usr,5.7
2026-09-23 11:31:48,cpu_sys,41.4
2026-09-23 11:31:48,cpu_idl,51.5
2026-09-23 11:31:48,cpu_wai,0.0
2026-09-23 11:31:48,cpu_stl,0.0
2026-09-23 11:31:48,memory_percent,85.8
2026-09-23 11:31:48,memory_used_mb,13848.0
2026-09-23 11:31:48,memory_available_mb,2299.0
2026-09-23 11:31:48,disk_read_per_sec,67688.0
2026-09-23 11:31:48,disk_write_per_sec,5780979.0
2026-09-23 11:31:48,net_send_per_sec,522.0
2026-09-23 11:31:48,net_recv_per_sec,1991.0
2026-09-23 11:31:48,load1,0.11
2026-09-23 11:31:48,load5,0.03
2026-09-23 11:31:48,load15,0.01
2026-09-23 11:31:48,active_sessions,27.0
2026-09-23 11:31:48,active_requests,22.0
2026-09-23 11:31:48,long_queries,13.0
2026-09-23 11:31:48,long_transactions,13.0
2026-09-23 11:31:48,idle_sessions,19.0
2026-09-23 11:31:48,lock_waits,0.0
2026-09-23 11:31:48,total_locks,56.0
2026-09-23 11:31:48,deadlocks_per_sec,0.0
2026-09-23 11:31:48,page_life_expectancy,1924.0
2026-09-23 11:31:48,buffer_cache_hit_ratio,100.0
2026-09-23 11:31:48,transactions_per_sec,847.9
2026-09-23 11:31:48,page_reads_per_sec,0.0
2026-09-23 11:31:48,page_writes_per_sec,0.0
2026-09-23 11:31:48,rollbacks_per_sec,0.0
2026-09-23 11:31:48,batch_requests_per_sec,0.0
2026-09-23 11:31:48,sql_compilations_per_sec,0.0
2026-09-23 11:31:48,database_size_mb,0.0
2026-09-23 11:31:48,total_reads,1410.0
2026-09-23 11:31:48,total_writes,56408.0
2026-09-23 11:31:48,venta_locks,0.0
2026-09-23 11:31:48,detalle_venta_locks,0.0
2026-09-23 11:31:48,inventario_locks,0.0
2026-09-23 11:31:48,kardex_locks,0.0
2026-09-23 11:31:48,caja_locks,0.0
2026-09-23 11:31:48,movimiento_caja_locks,0.0
2026-09-23 11:31:48,auditoria_locks,0.0
2026-09-23 11:31:48,api_status,0.0
2026-09-23 11:31:48,api_latency_ms,4057.0
2026-09-23 11:31:48,products_count,0.0
2026-09-23 11:31:48,sales_count,0.0
2026-09-23 11:31:53,cpu_usr,8.6
2026-09-23 11:31:53,cpu_sys,44.0
2026-09-23 11:31:53,cpu_idl,45.9
2026-09-23 11:31:53,cpu_wai,0.0
2026-09-23 11:31:53,cpu_stl,0.0
2026-09-23 11:31:53,memory_percent,86.5
2026-09-23 11:31:53,memory_used_mb,13968.0
2026-09-23 11:31:53,memory_available_mb,2180.0
2026-09-23 11:31:53,disk_read_per_sec,550581.0
2026-09-23 11:31:53,disk_write_per_sec,1346942.0
2026-09-23 11:31:53,net_send_per_sec,11903.0
2026-09-23 11:31:53,net_recv_per_sec,18422.0
2026-09-23 11:31:53,load1,0.1
2026-09-23 11:31:53,load5,0.03
2026-09-23 11:31:53,load15,0.01
2026-09-23 11:31:53,active_sessions,27.0
2026-09-23 11:31:53,active_requests,21.0
2026-09-23 11:31:53,long_queries,13.0
2026-09-23 11:31:53,long_transactions,13.0
2026-09-23 11:31:53,idle_sessions,21.0
2026-09-23 11:31:53,lock_waits,0.0
2026-09-23 11:31:53,total_locks,34.0
2026-09-23 11:31:53,deadlocks_per_sec,0.0
2026-09-23 11:31:53,page_life_expectancy,1929.0
2026-09-23 11:31:53,buffer_cache_hit_ratio,100.0
2026-09-23 11:31:53,transactions_per_sec,743.02
2026-09-23 11:31:53,page_reads_per_sec,0.0
2026-09-23 11:31:53,page_writes_per_sec,0.0
2026-09-23 11:31:53,rollbacks_per_sec,0.0
2026-09-23 11:31:53,batch_requests_per_sec,0.0
2026-09-23 11:31:53,sql_compilations_per_sec,0.0
2026-09-23 11:31:53,database_size_mb,0.0
2026-09-23 11:31:53,total_reads,1410.0
2026-09-23 11:31:53,total_writes,56674.0
2026-09-23 11:31:53,venta_locks,0.0
2026-09-23 11:31:53,detalle_venta_locks,0.0
2026-09-23 11:31:53,inventario_locks,0.0
2026-09-23 11:31:53,kardex_locks,0.0
2026-09-23 11:31:53,caja_locks,0.0
2026-09-23 11:31:53,movimiento_caja_locks,0.0
2026-09-23 11:31:53,auditoria_locks,0.0
2026-09-23 11:31:53,api_status,0.0
2026-09-23 11:31:53,api_latency_ms,4081.0
2026-09-23 11:31:53,products_count,0.0
2026-09-23 11:31:53,sales_count,0.0
2026-09-23 11:31:59,cpu_usr,14.9
2026-09-23 11:31:59,cpu_sys,50.7
2026-09-23 11:31:59,cpu_idl,32.7
2026-09-23 11:31:59,cpu_wai,0.0
2026-09-23 11:31:59,cpu_stl,0.0
2026-09-23 11:31:59,memory_percent,88.7
2026-09-23 11:31:59,memory_used_mb,14320.0
2026-09-23 11:31:59,memory_available_mb,1827.0
2026-09-23 11:31:59,disk_read_per_sec,745412.0
2026-09-23 11:31:59,disk_write_per_sec,3007421.0
2026-09-23 11:31:59,net_send_per_sec,27357.0
2026-09-23 11:31:59,net_recv_per_sec,1399551.0
2026-09-23 11:31:59,load1,0.17
2026-09-23 11:31:59,load5,0.05
2026-09-23 11:31:59,load15,0.02
2026-09-23 11:31:59,active_sessions,26.0
2026-09-23 11:31:59,active_requests,20.0
2026-09-23 11:31:59,long_queries,13.0
2026-09-23 11:31:59,long_transactions,13.0
2026-09-23 11:31:59,idle_sessions,18.0
2026-09-23 11:31:59,lock_waits,0.0
2026-09-23 11:31:59,total_locks,56.0
2026-09-23 11:31:59,deadlocks_per_sec,0.0
2026-09-23 11:31:59,page_life_expectancy,1934.0
2026-09-23 11:31:59,buffer_cache_hit_ratio,100.0
2026-09-23 11:31:59,transactions_per_sec,724.51
2026-09-23 11:31:59,page_reads_per_sec,0.0
2026-09-23 11:31:59,page_writes_per_sec,0.0
2026-09-23 11:31:59,rollbacks_per_sec,0.0
2026-09-23 11:31:59,batch_requests_per_sec,0.0
2026-09-23 11:31:59,sql_compilations_per_sec,0.0
2026-09-23 11:31:59,database_size_mb,0.0
2026-09-23 11:31:59,total_reads,1410.0
2026-09-23 11:31:59,total_writes,56927.0
2026-09-23 11:31:59,venta_locks,0.0
2026-09-23 11:31:59,detalle_venta_locks,0.0
2026-09-23 11:31:59,inventario_locks,0.0
2026-09-23 11:31:59,kardex_locks,0.0
2026-09-23 11:31:59,caja_locks,0.0
2026-09-23 11:31:59,movimiento_caja_locks,0.0
2026-09-23 11:31:59,auditoria_locks,0.0
2026-09-23 11:31:59,api_status,0.0
2026-09-23 11:31:59,api_latency_ms,4081.0
2026-09-23 11:31:59,products_count,0.0
2026-09-23 11:31:59,sales_count,0.0
2026-09-23 11:32:04,cpu_usr,8.9
2026-09-23 11:32:04,cpu_sys,44.8
2026-09-23 11:32:04,cpu_idl,44.9
2026-09-23 11:32:04,cpu_wai,0.0
2026-09-23 11:32:04,cpu_stl,0.0
2026-09-23 11:32:04,memory_percent,87.8
2026-09-23 11:32:04,memory_used_mb,14184.0
2026-09-23 11:32:04,memory_available_mb,1963.0
2026-09-23 11:32:04,disk_read_per_sec,599902.0
2026-09-23 11:32:04,disk_write_per_sec,1444567.0
2026-09-23 11:32:04,net_send_per_sec,484.0
2026-09-23 11:32:04,net_recv_per_sec,311.0
2026-09-23 11:32:04,load1,0.16
2026-09-23 11:32:04,load5,0.05
2026-09-23 11:32:04,load15,0.02
2026-09-23 11:32:04,active_sessions,25.0
2026-09-23 11:32:04,active_requests,16.0
2026-09-23 11:32:04,long_queries,13.0
2026-09-23 11:32:04,long_transactions,13.0
2026-09-23 11:32:04,idle_sessions,21.0
2026-09-23 11:32:04,lock_waits,0.0
2026-09-23 11:32:04,total_locks,63.0
2026-09-23 11:32:04,deadlocks_per_sec,0.0
2026-09-23 11:32:04,page_life_expectancy,1939.0
2026-09-23 11:32:04,buffer_cache_hit_ratio,100.0
2026-09-23 11:32:04,transactions_per_sec,773.93
2026-09-23 11:32:04,page_reads_per_sec,0.0
2026-09-23 11:32:04,page_writes_per_sec,0.0
2026-09-23 11:32:04,rollbacks_per_sec,0.0
2026-09-23 11:32:04,batch_requests_per_sec,0.0
2026-09-23 11:32:04,sql_compilations_per_sec,0.0
2026-09-23 11:32:04,database_size_mb,0.0
2026-09-23 11:32:04,total_reads,1410.0
2026-09-23 11:32:04,total_writes,57243.0
2026-09-23 11:32:04,venta_locks,0.0
2026-09-23 11:32:04,detalle_venta_locks,0.0
2026-09-23 11:32:04,inventario_locks,0.0
2026-09-23 11:32:04,kardex_locks,0.0
2026-09-23 11:32:04,caja_locks,0.0
2026-09-23 11:32:04,movimiento_caja_locks,0.0
2026-09-23 11:32:04,auditoria_locks,0.0
2026-09-23 11:32:04,api_status,0.0
2026-09-23 11:32:04,api_latency_ms,4081.0
2026-09-23 11:32:04,products_count,0.0
2026-09-23 11:32:04,sales_count,0.0
2026-09-23 11:32:09,cpu_usr,7.3
2026-09-23 11:32:09,cpu_sys,43.0
2026-09-23 11:32:09,cpu_idl,48.1
2026-09-23 11:32:09,cpu_wai,0.0
2026-09-23 11:32:09,cpu_stl,0.0
2026-09-23 11:32:09,memory_percent,87.3
2026-09-23 11:32:09,memory_used_mb,14102.0
2026-09-23 11:32:09,memory_available_mb,2045.0
2026-09-23 11:32:09,disk_read_per_sec,219828.0
2026-09-23 11:32:09,disk_write_per_sec,1793683.0
2026-09-23 11:32:09,net_send_per_sec,596.0
2026-09-23 11:32:09,net_recv_per_sec,397.0
2026-09-23 11:32:09,load1,0.14
2026-09-23 11:32:09,load5,0.04
2026-09-23 11:32:09,load15,0.02
2026-09-23 11:32:09,active_sessions,25.0
2026-09-23 11:32:09,active_requests,20.0
2026-09-23 11:32:09,long_queries,13.0
2026-09-23 11:32:09,long_transactions,13.0
2026-09-23 11:32:09,idle_sessions,20.0
2026-09-23 11:32:09,lock_waits,0.0
2026-09-23 11:32:09,total_locks,28.0
2026-09-23 11:32:09,deadlocks_per_sec,0.0
2026-09-23 11:32:09,page_life_expectancy,1945.0
2026-09-23 11:32:09,buffer_cache_hit_ratio,100.0
2026-09-23 11:32:09,transactions_per_sec,791.93
2026-09-23 11:32:09,page_reads_per_sec,0.0
2026-09-23 11:32:09,page_writes_per_sec,0.0
2026-09-23 11:32:09,rollbacks_per_sec,0.0
2026-09-23 11:32:09,batch_requests_per_sec,0.0
2026-09-23 11:32:09,sql_compilations_per_sec,0.0
2026-09-23 11:32:09,database_size_mb,0.0
2026-09-23 11:32:09,total_reads,1410.0
2026-09-23 11:32:09,total_writes,57555.0
2026-09-23 11:32:09,venta_locks,0.0
2026-09-23 11:32:09,detalle_venta_locks,0.0
2026-09-23 11:32:09,inventario_locks,0.0
2026-09-23 11:32:09,kardex_locks,0.0
2026-09-23 11:32:09,caja_locks,0.0
2026-09-23 11:32:09,movimiento_caja_locks,0.0
2026-09-23 11:32:09,auditoria_locks,0.0
2026-09-23 11:32:09,api_status,0.0
2026-09-23 11:32:09,api_latency_ms,4055.0
2026-09-23 11:32:09,products_count,0.0
2026-09-23 11:32:09,sales_count,0.0
2026-09-23 11:32:15,cpu_usr,7.4
2026-09-23 11:32:15,cpu_sys,42.2
2026-09-23 11:32:15,cpu_idl,48.9
2026-09-23 11:32:15,cpu_wai,0.0
2026-09-23 11:32:15,cpu_stl,0.0
2026-09-23 11:32:15,memory_percent,86.6
2026-09-23 11:32:15,memory_used_mb,13990.0
2026-09-23 11:32:15,memory_available_mb,2157.0
2026-09-23 11:32:15,disk_read_per_sec,400554.0
2026-09-23 11:32:15,disk_write_per_sec,1734054.0
2026-09-23 11:32:15,net_send_per_sec,1296.0
2026-09-23 11:32:15,net_recv_per_sec,1808.0
2026-09-23 11:32:15,load1,0.13
2026-09-23 11:32:15,load5,0.04
2026-09-23 11:32:15,load15,0.02
2026-09-23 11:32:15,active_sessions,25.0
2026-09-23 11:32:15,active_requests,20.0
2026-09-23 11:32:15,long_queries,13.0
2026-09-23 11:32:15,long_transactions,13.0
2026-09-23 11:32:15,idle_sessions,21.0
2026-09-23 11:32:15,lock_waits,0.0
2026-09-23 11:32:15,total_locks,38.0
2026-09-23 11:32:15,deadlocks_per_sec,0.0
2026-09-23 11:32:15,page_life_expectancy,1950.0
2026-09-23 11:32:15,buffer_cache_hit_ratio,100.0
2026-09-23 11:32:15,transactions_per_sec,778.85
2026-09-23 11:32:15,page_reads_per_sec,0.0
2026-09-23 11:32:15,page_writes_per_sec,0.0
2026-09-23 11:32:15,rollbacks_per_sec,0.0
2026-09-23 11:32:15,batch_requests_per_sec,0.0
2026-09-23 11:32:15,sql_compilations_per_sec,0.0
2026-09-23 11:32:15,database_size_mb,0.0
2026-09-23 11:32:15,total_reads,1410.0
2026-09-23 11:32:15,total_writes,57874.0
2026-09-23 11:32:15,venta_locks,0.0
2026-09-23 11:32:15,detalle_venta_locks,0.0
2026-09-23 11:32:15,inventario_locks,0.0
2026-09-23 11:32:15,kardex_locks,0.0
2026-09-23 11:32:15,caja_locks,0.0
2026-09-23 11:32:15,movimiento_caja_locks,0.0
2026-09-23 11:32:15,auditoria_locks,0.0
2026-09-23 11:32:15,api_status,0.0
2026-09-23 11:32:15,api_latency_ms,4055.0
2026-09-23 11:32:15,products_count,0.0
2026-09-23 11:32:15,sales_count,0.0
2026-09-23 11:32:20,cpu_usr,7.7
2026-09-23 11:32:20,cpu_sys,42.3
2026-09-23 11:32:20,cpu_idl,49.0
2026-09-23 11:32:20,cpu_wai,0.0
2026-09-23 11:32:20,cpu_stl,0.0
2026-09-23 11:32:20,memory_percent,86.6
2026-09-23 11:32:20,memory_used_mb,13988.0
2026-09-23 11:32:20,memory_available_mb,2159.0
2026-09-23 11:32:20,disk_read_per_sec,48250.0
2026-09-23 11:32:20,disk_write_per_sec,1576763.0
2026-09-23 11:32:20,net_send_per_sec,347.0
2026-09-23 11:32:20,net_recv_per_sec,345.0
2026-09-23 11:32:20,load1,0.19
2026-09-23 11:32:20,load5,0.06
2026-09-23 11:32:20,load15,0.02
2026-09-23 11:32:20,active_sessions,25.0
2026-09-23 11:32:20,active_requests,18.0
2026-09-23 11:32:20,long_queries,13.0
2026-09-23 11:32:20,long_transactions,13.0
2026-09-23 11:32:20,idle_sessions,19.0
2026-09-23 11:32:20,lock_waits,0.0
2026-09-23 11:32:20,total_locks,39.0
2026-09-23 11:32:20,deadlocks_per_sec,0.0
2026-09-23 11:32:20,page_life_expectancy,1955.0
2026-09-23 11:32:20,buffer_cache_hit_ratio,100.0
2026-09-23 11:32:20,transactions_per_sec,801.0
2026-09-23 11:32:20,page_reads_per_sec,0.0
2026-09-23 11:32:20,page_writes_per_sec,0.0
2026-09-23 11:32:20,rollbacks_per_sec,0.0
2026-09-23 11:32:20,batch_requests_per_sec,0.0
2026-09-23 11:32:20,sql_compilations_per_sec,0.0
2026-09-23 11:32:20,database_size_mb,0.0
2026-09-23 11:32:20,total_reads,1410.0
2026-09-23 11:32:20,total_writes,58158.0
2026-09-23 11:32:20,venta_locks,0.0
2026-09-23 11:32:20,detalle_venta_locks,0.0
2026-09-23 11:32:20,inventario_locks,0.0
2026-09-23 11:32:20,kardex_locks,0.0
2026-09-23 11:32:20,caja_locks,0.0
2026-09-23 11:32:20,movimiento_caja_locks,0.0
2026-09-23 11:32:20,auditoria_locks,0.0
2026-09-23 11:32:20,api_status,0.0
2026-09-23 11:32:20,api_latency_ms,4061.0
2026-09-23 11:32:20,products_count,0.0
2026-09-23 11:32:20,sales_count,0.0
2026-09-23 11:32:25,cpu_usr,9.0
2026-09-23 11:32:25,cpu_sys,44.4
2026-09-23 11:32:25,cpu_idl,44.8
2026-09-23 11:32:25,cpu_wai,0.0
2026-09-23 11:32:25,cpu_stl,0.0
2026-09-23 11:32:25,memory_percent,86.2
2026-09-23 11:32:25,memory_used_mb,13916.0
2026-09-23 11:32:25,memory_available_mb,2231.0
2026-09-23 11:32:25,disk_read_per_sec,378050.0
2026-09-23 11:32:25,disk_write_per_sec,1443018.0
2026-09-23 11:32:25,net_send_per_sec,212.0
2026-09-23 11:32:25,net_recv_per_sec,317.0
2026-09-23 11:32:25,load1,0.18
2026-09-23 11:32:25,load5,0.06
2026-09-23 11:32:25,load15,0.02
2026-09-23 11:32:25,active_sessions,25.0
2026-09-23 11:32:25,active_requests,20.0
2026-09-23 11:32:25,long_queries,13.0
2026-09-23 11:32:25,long_transactions,13.0
2026-09-23 11:32:25,idle_sessions,17.0
2026-09-23 11:32:25,lock_waits,0.0
2026-09-23 11:32:25,total_locks,24.0
2026-09-23 11:32:25,deadlocks_per_sec,0.0
2026-09-23 11:32:25,page_life_expectancy,1960.0
2026-09-23 11:32:25,buffer_cache_hit_ratio,100.0
2026-09-23 11:32:25,transactions_per_sec,748.34
2026-09-23 11:32:25,page_reads_per_sec,0.0
2026-09-23 11:32:25,page_writes_per_sec,0.0
2026-09-23 11:32:25,rollbacks_per_sec,0.0
2026-09-23 11:32:25,batch_requests_per_sec,0.0
2026-09-23 11:32:25,sql_compilations_per_sec,0.0
2026-09-23 11:32:25,database_size_mb,0.0
2026-09-23 11:32:25,total_reads,1410.0
2026-09-23 11:32:25,total_writes,58421.0
2026-09-23 11:32:25,venta_locks,0.0
2026-09-23 11:32:25,detalle_venta_locks,0.0
2026-09-23 11:32:25,inventario_locks,0.0
2026-09-23 11:32:25,kardex_locks,0.0
2026-09-23 11:32:25,caja_locks,0.0
2026-09-23 11:32:25,movimiento_caja_locks,0.0
2026-09-23 11:32:25,auditoria_locks,0.0
2026-09-23 11:32:25,api_status,0.0
2026-09-23 11:32:25,api_latency_ms,4061.0
2026-09-23 11:32:25,products_count,0.0
2026-09-23 11:32:25,sales_count,0.0
2026-09-23 11:32:30,cpu_usr,5.6
2026-09-23 11:32:30,cpu_sys,42.5
2026-09-23 11:32:30,cpu_idl,50.3
2026-09-23 11:32:30,cpu_wai,0.0
2026-09-23 11:32:30,cpu_stl,0.0
2026-09-23 11:32:30,memory_percent,86.0
2026-09-23 11:32:30,memory_used_mb,13886.0
2026-09-23 11:32:30,memory_available_mb,2262.0
2026-09-23 11:32:30,disk_read_per_sec,236245.0
2026-09-23 11:32:30,disk_write_per_sec,1364984.0
2026-09-23 11:32:30,net_send_per_sec,321.0
2026-09-23 11:32:30,net_recv_per_sec,375.0
2026-09-23 11:32:30,load1,0.16
2026-09-23 11:32:30,load5,0.06
2026-09-23 11:32:30,load15,0.02
2026-09-23 11:32:30,active_sessions,25.0
2026-09-23 11:32:30,active_requests,20.0
2026-09-23 11:32:30,long_queries,13.0
2026-09-23 11:32:30,long_transactions,13.0
2026-09-23 11:32:30,idle_sessions,19.0
2026-09-23 11:32:30,lock_waits,0.0
2026-09-23 11:32:30,total_locks,58.0
2026-09-23 11:32:30,deadlocks_per_sec,0.0
2026-09-23 11:32:30,page_life_expectancy,1966.0
2026-09-23 11:32:30,buffer_cache_hit_ratio,100.0
2026-09-23 11:32:30,transactions_per_sec,811.35
2026-09-23 11:32:30,page_reads_per_sec,0.0
2026-09-23 11:32:30,page_writes_per_sec,0.0
2026-09-23 11:32:30,rollbacks_per_sec,0.0
2026-09-23 11:32:30,batch_requests_per_sec,0.0
2026-09-23 11:32:30,sql_compilations_per_sec,0.0
2026-09-23 11:32:30,database_size_mb,0.0
2026-09-23 11:32:30,total_reads,1410.0
2026-09-23 11:32:30,total_writes,58698.0
2026-09-23 11:32:30,venta_locks,0.0
2026-09-23 11:32:30,detalle_venta_locks,0.0
2026-09-23 11:32:30,inventario_locks,0.0
2026-09-23 11:32:30,kardex_locks,0.0
2026-09-23 11:32:30,caja_locks,0.0
2026-09-23 11:32:30,movimiento_caja_locks,0.0
2026-09-23 11:32:30,auditoria_locks,0.0
2026-09-23 11:32:30,api_status,0.0
2026-09-23 11:32:30,api_latency_ms,4061.0
2026-09-23 11:32:30,products_count,0.0
2026-09-23 11:32:30,sales_count,0.0
2026-09-23 11:32:36,cpu_usr,5.4
2026-09-23 11:32:36,cpu_sys,43.0
2026-09-23 11:32:36,cpu_idl,50.2
2026-09-23 11:32:36,cpu_wai,0.0
2026-09-23 11:32:36,cpu_stl,0.0
2026-09-23 11:32:36,memory_percent,85.9
2026-09-23 11:32:36,memory_used_mb,13864.0
2026-09-23 11:32:36,memory_available_mb,2283.0
2026-09-23 11:32:36,disk_read_per_sec,401928.0
2026-09-23 11:32:36,disk_write_per_sec,1307388.0
2026-09-23 11:32:36,net_send_per_sec,228.0
2026-09-23 11:32:36,net_recv_per_sec,297.0
2026-09-23 11:32:36,load1,0.15
2026-09-23 11:32:36,load5,0.06
2026-09-23 11:32:36,load15,0.02
2026-09-23 11:32:36,active_sessions,25.0
2026-09-23 11:32:36,active_requests,16.0
2026-09-23 11:32:36,long_queries,13.0
2026-09-23 11:32:36,long_transactions,13.0
2026-09-23 11:32:36,idle_sessions,18.0
2026-09-23 11:32:36,lock_waits,2.0
2026-09-23 11:32:36,total_locks,48.0
2026-09-23 11:32:36,deadlocks_per_sec,0.0
2026-09-23 11:32:36,page_life_expectancy,1971.0
2026-09-23 11:32:36,buffer_cache_hit_ratio,100.0
2026-09-23 11:32:36,transactions_per_sec,806.46
2026-09-23 11:32:36,page_reads_per_sec,0.0
2026-09-23 11:32:36,page_writes_per_sec,0.0
2026-09-23 11:32:36,rollbacks_per_sec,0.0
2026-09-23 11:32:36,batch_requests_per_sec,0.0
2026-09-23 11:32:36,sql_compilations_per_sec,0.0
2026-09-23 11:32:36,database_size_mb,0.0
2026-09-23 11:32:36,total_reads,1410.0
2026-09-23 11:32:36,total_writes,58976.0
2026-09-23 11:32:36,venta_locks,0.0
2026-09-23 11:32:36,detalle_venta_locks,0.0
2026-09-23 11:32:36,inventario_locks,0.0
2026-09-23 11:32:36,kardex_locks,0.0
2026-09-23 11:32:36,caja_locks,0.0
2026-09-23 11:32:36,movimiento_caja_locks,0.0
2026-09-23 11:32:36,auditoria_locks,0.0
2026-09-23 11:32:36,api_status,0.0
2026-09-23 11:32:36,api_latency_ms,4062.0
2026-09-23 11:32:36,products_count,0.0
2026-09-23 11:32:36,sales_count,0.0
2026-09-23 11:32:41,cpu_usr,7.8
2026-09-23 11:32:41,cpu_sys,43.1
2026-09-23 11:32:41,cpu_idl,47.9
2026-09-23 11:32:41,cpu_wai,0.0
2026-09-23 11:32:41,cpu_stl,0.0
2026-09-23 11:32:41,memory_percent,85.8
2026-09-23 11:32:41,memory_used_mb,13860.0
2026-09-23 11:32:41,memory_available_mb,2287.0
2026-09-23 11:32:41,disk_read_per_sec,875.0
2026-09-23 11:32:41,disk_write_per_sec,1252141.0
2026-09-23 11:32:41,net_send_per_sec,338.0
2026-09-23 11:32:41,net_recv_per_sec,503.0
2026-09-23 11:32:41,load1,0.14
2026-09-23 11:32:41,load5,0.06
2026-09-23 11:32:41,load15,0.02
2026-09-23 11:32:41,active_sessions,25.0
2026-09-23 11:32:41,active_requests,19.0
2026-09-23 11:32:41,long_queries,13.0
2026-09-23 11:32:41,long_transactions,13.0
2026-09-23 11:32:41,idle_sessions,18.0
2026-09-23 11:32:41,lock_waits,0.0
2026-09-23 11:32:41,total_locks,28.0
2026-09-23 11:32:41,deadlocks_per_sec,0.0
2026-09-23 11:32:41,page_life_expectancy,1976.0
2026-09-23 11:32:41,buffer_cache_hit_ratio,100.0
2026-09-23 11:32:41,transactions_per_sec,784.11
2026-09-23 11:32:41,page_reads_per_sec,0.0
2026-09-23 11:32:41,page_writes_per_sec,0.0
2026-09-23 11:32:41,rollbacks_per_sec,0.0
2026-09-23 11:32:41,batch_requests_per_sec,0.0
2026-09-23 11:32:41,sql_compilations_per_sec,0.0
2026-09-23 11:32:41,database_size_mb,0.0
2026-09-23 11:32:41,total_reads,1410.0
2026-09-23 11:32:41,total_writes,59220.0
2026-09-23 11:32:41,venta_locks,0.0
2026-09-23 11:32:41,detalle_venta_locks,0.0
2026-09-23 11:32:41,inventario_locks,0.0
2026-09-23 11:32:41,kardex_locks,0.0
2026-09-23 11:32:41,caja_locks,0.0
2026-09-23 11:32:41,movimiento_caja_locks,0.0
2026-09-23 11:32:41,auditoria_locks,0.0
2026-09-23 11:32:41,api_status,0.0
2026-09-23 11:32:41,api_latency_ms,4062.0
2026-09-23 11:32:41,products_count,0.0
2026-09-23 11:32:41,sales_count,0.0
2026-09-23 11:32:46,cpu_usr,6.0
2026-09-23 11:32:46,cpu_sys,41.8
2026-09-23 11:32:46,cpu_idl,50.7
2026-09-23 11:32:46,cpu_wai,0.0
2026-09-23 11:32:46,cpu_stl,0.0
2026-09-23 11:32:46,memory_percent,85.8
2026-09-23 11:32:46,memory_used_mb,13862.0
2026-09-23 11:32:46,memory_available_mb,2286.0
2026-09-23 11:32:46,disk_read_per_sec,324066.0
2026-09-23 11:32:46,disk_write_per_sec,1576442.0
2026-09-23 11:32:46,net_send_per_sec,1250.0
2026-09-23 11:32:46,net_recv_per_sec,3563.0
2026-09-23 11:32:46,load1,0.13
2026-09-23 11:32:46,load5,0.05
2026-09-23 11:32:46,load15,0.02
2026-09-23 11:32:46,active_sessions,21.0
2026-09-23 11:32:46,active_requests,17.0
2026-09-23 11:32:46,long_queries,9.0
2026-09-23 11:32:46,long_transactions,9.0
2026-09-23 11:32:46,idle_sessions,15.0
2026-09-23 11:32:46,lock_waits,1.0
2026-09-23 11:32:46,total_locks,28.0
2026-09-23 11:32:46,deadlocks_per_sec,0.0
2026-09-23 11:32:46,page_life_expectancy,1981.0
2026-09-23 11:32:46,buffer_cache_hit_ratio,100.0
2026-09-23 11:32:46,transactions_per_sec,789.62
2026-09-23 11:32:46,page_reads_per_sec,0.0
2026-09-23 11:32:46,page_writes_per_sec,0.0
2026-09-23 11:32:46,rollbacks_per_sec,0.0
2026-09-23 11:32:46,batch_requests_per_sec,0.0
2026-09-23 11:32:46,sql_compilations_per_sec,0.0
2026-09-23 11:32:46,database_size_mb,0.0
2026-09-23 11:32:46,total_reads,1410.0
2026-09-23 11:32:46,total_writes,59477.0
2026-09-23 11:32:46,venta_locks,0.0
2026-09-23 11:32:46,detalle_venta_locks,0.0
2026-09-23 11:32:46,inventario_locks,0.0
2026-09-23 11:32:46,kardex_locks,0.0
2026-09-23 11:32:46,caja_locks,0.0
2026-09-23 11:32:46,movimiento_caja_locks,0.0
2026-09-23 11:32:46,auditoria_locks,0.0
2026-09-23 11:32:46,api_status,0.0
2026-09-23 11:32:46,api_latency_ms,4048.0
2026-09-23 11:32:46,products_count,0.0
2026-09-23 11:32:46,sales_count,0.0
2026-09-23 11:32:52,cpu_usr,6.7
2026-09-23 11:32:52,cpu_sys,42.7
2026-09-23 11:32:52,cpu_idl,49.0
2026-09-23 11:32:52,cpu_wai,0.0
2026-09-23 11:32:52,cpu_stl,0.0
2026-09-23 11:32:52,memory_percent,85.9
2026-09-23 11:32:52,memory_used_mb,13863.0
2026-09-23 11:32:52,memory_available_mb,2284.0
2026-09-23 11:32:52,disk_read_per_sec,5070346.0
2026-09-23 11:32:52,disk_write_per_sec,1534829.0
2026-09-23 11:32:52,net_send_per_sec,378.0
2026-09-23 11:32:52,net_recv_per_sec,5617.0
2026-09-23 11:32:52,load1,0.44
2026-09-23 11:32:52,load5,0.12
2026-09-23 11:32:52,load15,0.04
2026-09-23 11:32:52,active_sessions,21.0
2026-09-23 11:32:52,active_requests,19.0
2026-09-23 11:32:52,long_queries,9.0
2026-09-23 11:32:52,long_transactions,9.0
2026-09-23 11:32:52,idle_sessions,18.0
2026-09-23 11:32:52,lock_waits,0.0
2026-09-23 11:32:52,total_locks,19.0
2026-09-23 11:32:52,deadlocks_per_sec,0.0
2026-09-23 11:32:52,page_life_expectancy,1986.0
2026-09-23 11:32:52,buffer_cache_hit_ratio,100.0
2026-09-23 11:32:52,transactions_per_sec,756.68
2026-09-23 11:32:52,page_reads_per_sec,0.0
2026-09-23 11:32:52,page_writes_per_sec,0.0
2026-09-23 11:32:52,rollbacks_per_sec,0.0
2026-09-23 11:32:52,batch_requests_per_sec,0.0
2026-09-23 11:32:52,sql_compilations_per_sec,0.0
2026-09-23 11:32:52,database_size_mb,0.0
2026-09-23 11:32:52,total_reads,1410.0
2026-09-23 11:32:52,total_writes,59712.0
2026-09-23 11:32:52,venta_locks,0.0
2026-09-23 11:32:52,detalle_venta_locks,0.0
2026-09-23 11:32:52,inventario_locks,0.0
2026-09-23 11:32:52,kardex_locks,0.0
2026-09-23 11:32:52,caja_locks,0.0
2026-09-23 11:32:52,movimiento_caja_locks,0.0
2026-09-23 11:32:52,auditoria_locks,0.0
2026-09-23 11:32:52,api_status,0.0
2026-09-23 11:32:52,api_latency_ms,4048.0
2026-09-23 11:32:52,products_count,0.0
2026-09-23 11:32:52,sales_count,0.0
2026-09-23 11:32:57,cpu_usr,6.7
2026-09-23 11:32:57,cpu_sys,42.1
2026-09-23 11:32:57,cpu_idl,49.9
2026-09-23 11:32:57,cpu_wai,0.0
2026-09-23 11:32:57,cpu_stl,0.0
2026-09-23 11:32:57,memory_percent,85.9
2026-09-23 11:32:57,memory_used_mb,13875.0
2026-09-23 11:32:57,memory_available_mb,2272.0
2026-09-23 11:32:57,disk_read_per_sec,197359.0
2026-09-23 11:32:57,disk_write_per_sec,1740741.0
2026-09-23 11:32:57,net_send_per_sec,1228.0
2026-09-23 11:32:57,net_recv_per_sec,1678.0
2026-09-23 11:32:57,load1,0.4
2026-09-23 11:32:57,load5,0.12
2026-09-23 11:32:57,load15,0.04
2026-09-23 11:32:57,active_sessions,22.0
2026-09-23 11:32:57,active_requests,14.0
2026-09-23 11:32:57,long_queries,9.0
2026-09-23 11:32:57,long_transactions,9.0
2026-09-23 11:32:57,idle_sessions,18.0
2026-09-23 11:32:57,lock_waits,0.0
2026-09-23 11:32:57,total_locks,26.0
2026-09-23 11:32:57,deadlocks_per_sec,0.0
2026-09-23 11:32:57,page_life_expectancy,1992.0
2026-09-23 11:32:57,buffer_cache_hit_ratio,100.0
2026-09-23 11:32:57,transactions_per_sec,783.21
2026-09-23 11:32:57,page_reads_per_sec,0.0
2026-09-23 11:32:57,page_writes_per_sec,0.0
2026-09-23 11:32:57,rollbacks_per_sec,0.0
2026-09-23 11:32:57,batch_requests_per_sec,0.0
2026-09-23 11:32:57,sql_compilations_per_sec,0.0
2026-09-23 11:32:57,database_size_mb,0.0
2026-09-23 11:32:57,total_reads,1410.0
2026-09-23 11:32:57,total_writes,59965.0
2026-09-23 11:32:57,venta_locks,0.0
2026-09-23 11:32:57,detalle_venta_locks,0.0
2026-09-23 11:32:57,inventario_locks,0.0
2026-09-23 11:32:57,kardex_locks,0.0
2026-09-23 11:32:57,caja_locks,0.0
2026-09-23 11:32:57,movimiento_caja_locks,0.0
2026-09-23 11:32:57,auditoria_locks,0.0
2026-09-23 11:32:57,api_status,0.0
2026-09-23 11:32:57,api_latency_ms,4048.0
2026-09-23 11:32:57,products_count,0.0
2026-09-23 11:32:57,sales_count,0.0
2026-09-23 11:33:02,cpu_usr,6.6
2026-09-23 11:33:02,cpu_sys,42.2
2026-09-23 11:33:02,cpu_idl,50.0
2026-09-23 11:33:02,cpu_wai,0.0
2026-09-23 11:33:02,cpu_stl,0.0
2026-09-23 11:33:02,memory_percent,86.4
2026-09-23 11:33:02,memory_used_mb,13948.0
2026-09-23 11:33:02,memory_available_mb,2200.0
2026-09-23 11:33:02,disk_read_per_sec,197947.0
2026-09-23 11:33:02,disk_write_per_sec,1307443.0
2026-09-23 11:33:02,net_send_per_sec,1267.0
2026-09-23 11:33:02,net_recv_per_sec,1378.0
2026-09-23 11:33:02,load1,0.37
2026-09-23 11:33:02,load5,0.12
2026-09-23 11:33:02,load15,0.04
2026-09-23 11:33:02,active_sessions,21.0
2026-09-23 11:33:02,active_requests,13.0
2026-09-23 11:33:02,long_queries,9.0
2026-09-23 11:33:02,long_transactions,9.0
2026-09-23 11:33:02,idle_sessions,15.0
2026-09-23 11:33:02,lock_waits,1.0
2026-09-23 11:33:02,total_locks,55.0
2026-09-23 11:33:02,deadlocks_per_sec,0.0
2026-09-23 11:33:02,page_life_expectancy,1997.0
2026-09-23 11:33:02,buffer_cache_hit_ratio,100.0
2026-09-23 11:33:02,transactions_per_sec,772.66
2026-09-23 11:33:02,page_reads_per_sec,0.0
2026-09-23 11:33:02,page_writes_per_sec,0.0
2026-09-23 11:33:02,rollbacks_per_sec,0.0
2026-09-23 11:33:02,batch_requests_per_sec,0.0
2026-09-23 11:33:02,sql_compilations_per_sec,0.0
2026-09-23 11:33:02,database_size_mb,0.0
2026-09-23 11:33:02,total_reads,1410.0
2026-09-23 11:33:02,total_writes,60194.0
2026-09-23 11:33:02,venta_locks,0.0
2026-09-23 11:33:02,detalle_venta_locks,0.0
2026-09-23 11:33:02,inventario_locks,0.0
2026-09-23 11:33:02,kardex_locks,0.0
2026-09-23 11:33:02,caja_locks,0.0
2026-09-23 11:33:02,movimiento_caja_locks,0.0
2026-09-23 11:33:02,auditoria_locks,0.0
2026-09-23 11:33:02,api_status,0.0
2026-09-23 11:33:02,api_latency_ms,4048.0
2026-09-23 11:33:02,products_count,0.0
2026-09-23 11:33:02,sales_count,0.0
2026-09-23 11:33:07,cpu_usr,6.5
2026-09-23 11:33:07,cpu_sys,41.4
2026-09-23 11:33:07,cpu_idl,50.4
2026-09-23 11:33:07,cpu_wai,0.0
2026-09-23 11:33:07,cpu_stl,0.0
2026-09-23 11:33:07,memory_percent,86.1
2026-09-23 11:33:07,memory_used_mb,13899.0
2026-09-23 11:33:07,memory_available_mb,2248.0
2026-09-23 11:33:07,disk_read_per_sec,343682.0
2026-09-23 11:33:07,disk_write_per_sec,1338904.0
2026-09-23 11:33:07,net_send_per_sec,404.0
2026-09-23 11:33:07,net_recv_per_sec,434.0
2026-09-23 11:33:07,load1,0.34
2026-09-23 11:33:07,load5,0.11
2026-09-23 11:33:07,load15,0.04
2026-09-23 11:33:07,active_sessions,20.0
2026-09-23 11:33:07,active_requests,16.0
2026-09-23 11:33:07,long_queries,9.0
2026-09-23 11:33:07,long_transactions,9.0
2026-09-23 11:33:07,idle_sessions,12.0
2026-09-23 11:33:07,lock_waits,0.0
2026-09-23 11:33:07,total_locks,63.0
2026-09-23 11:33:07,deadlocks_per_sec,0.0
2026-09-23 11:33:07,page_life_expectancy,2002.0
2026-09-23 11:33:07,buffer_cache_hit_ratio,100.0
2026-09-23 11:33:07,transactions_per_sec,827.01
2026-09-23 11:33:07,page_reads_per_sec,0.0
2026-09-23 11:33:07,page_writes_per_sec,0.0
2026-09-23 11:33:07,rollbacks_per_sec,0.0
2026-09-23 11:33:07,batch_requests_per_sec,0.0
2026-09-23 11:33:07,sql_compilations_per_sec,0.0
2026-09-23 11:33:07,database_size_mb,0.0
2026-09-23 11:33:07,total_reads,1410.0
2026-09-23 11:33:07,total_writes,60432.0
2026-09-23 11:33:07,venta_locks,0.0
2026-09-23 11:33:07,detalle_venta_locks,0.0
2026-09-23 11:33:07,inventario_locks,0.0
2026-09-23 11:33:07,kardex_locks,1.0
2026-09-23 11:33:07,caja_locks,0.0
2026-09-23 11:33:07,movimiento_caja_locks,0.0
2026-09-23 11:33:07,auditoria_locks,0.0
2026-09-23 11:33:07,api_status,0.0
2026-09-23 11:33:07,api_latency_ms,4048.0
2026-09-23 11:33:07,products_count,0.0
2026-09-23 11:33:07,sales_count,0.0
2026-09-23 11:33:13,cpu_usr,8.2
2026-09-23 11:33:13,cpu_sys,44.2
2026-09-23 11:33:13,cpu_idl,46.2
2026-09-23 11:33:13,cpu_wai,0.0
2026-09-23 11:33:13,cpu_stl,0.0
2026-09-23 11:33:13,memory_percent,86.2
2026-09-23 11:33:13,memory_used_mb,13912.0
2026-09-23 11:33:13,memory_available_mb,2236.0
2026-09-23 11:33:13,disk_read_per_sec,16404.0
2026-09-23 11:33:13,disk_write_per_sec,1211686.0
2026-09-23 11:33:13,net_send_per_sec,238.0
2026-09-23 11:33:13,net_recv_per_sec,286.0
2026-09-23 11:33:13,load1,0.31
2026-09-23 11:33:13,load5,0.11
2026-09-23 11:33:13,load15,0.04
2026-09-23 11:33:13,active_sessions,20.0
2026-09-23 11:33:13,active_requests,14.0
2026-09-23 11:33:13,long_queries,9.0
2026-09-23 11:33:13,long_transactions,9.0
2026-09-23 11:33:13,idle_sessions,14.0
2026-09-23 11:33:13,lock_waits,1.0
2026-09-23 11:33:13,total_locks,31.0
2026-09-23 11:33:13,deadlocks_per_sec,0.0
2026-09-23 11:33:13,page_life_expectancy,2008.0
2026-09-23 11:33:13,buffer_cache_hit_ratio,100.0
2026-09-23 11:33:13,transactions_per_sec,765.92
2026-09-23 11:33:13,page_reads_per_sec,0.0
2026-09-23 11:33:13,page_writes_per_sec,0.0
2026-09-23 11:33:13,rollbacks_per_sec,0.0
2026-09-23 11:33:13,batch_requests_per_sec,0.0
2026-09-23 11:33:13,sql_compilations_per_sec,0.0
2026-09-23 11:33:13,database_size_mb,0.0
2026-09-23 11:33:13,total_reads,1410.0
2026-09-23 11:33:13,total_writes,60663.0
2026-09-23 11:33:13,venta_locks,0.0
2026-09-23 11:33:13,detalle_venta_locks,0.0
2026-09-23 11:33:13,inventario_locks,0.0
2026-09-23 11:33:13,kardex_locks,0.0
2026-09-23 11:33:13,caja_locks,0.0
2026-09-23 11:33:13,movimiento_caja_locks,0.0
2026-09-23 11:33:13,auditoria_locks,0.0
2026-09-23 11:33:13,api_status,0.0
2026-09-23 11:33:13,api_latency_ms,4083.0
2026-09-23 11:33:13,products_count,0.0
2026-09-23 11:33:13,sales_count,0.0
2026-09-23 11:33:18,cpu_usr,7.4
2026-09-23 11:33:18,cpu_sys,42.6
2026-09-23 11:33:18,cpu_idl,48.4
2026-09-23 11:33:18,cpu_wai,0.0
2026-09-23 11:33:18,cpu_stl,0.0
2026-09-23 11:33:18,memory_percent,86.1
2026-09-23 11:33:18,memory_used_mb,13896.0
2026-09-23 11:33:18,memory_available_mb,2252.0
2026-09-23 11:33:18,disk_read_per_sec,867.0
2026-09-23 11:33:18,disk_write_per_sec,1303230.0
2026-09-23 11:33:18,net_send_per_sec,261.0
2026-09-23 11:33:18,net_recv_per_sec,354.0
2026-09-23 11:33:18,load1,0.37
2026-09-23 11:33:18,load5,0.13
2026-09-23 11:33:18,load15,0.05
2026-09-23 11:33:18,active_sessions,20.0
2026-09-23 11:33:18,active_requests,13.0
2026-09-23 11:33:18,long_queries,9.0
2026-09-23 11:33:18,long_transactions,9.0
2026-09-23 11:33:18,idle_sessions,17.0
2026-09-23 11:33:18,lock_waits,0.0
2026-09-23 11:33:18,total_locks,92.0
2026-09-23 11:33:18,deadlocks_per_sec,0.0
2026-09-23 11:33:18,page_life_expectancy,2014.0
2026-09-23 11:33:18,buffer_cache_hit_ratio,100.0
2026-09-23 11:33:18,transactions_per_sec,782.13
2026-09-23 11:33:18,page_reads_per_sec,0.0
2026-09-23 11:33:18,page_writes_per_sec,0.0
2026-09-23 11:33:18,rollbacks_per_sec,0.0
2026-09-23 11:33:18,batch_requests_per_sec,0.0
2026-09-23 11:33:18,sql_compilations_per_sec,0.0
2026-09-23 11:33:18,database_size_mb,0.0
2026-09-23 11:33:18,total_reads,1410.0
2026-09-23 11:33:18,total_writes,60887.0
2026-09-23 11:33:18,venta_locks,0.0
2026-09-23 11:33:18,detalle_venta_locks,0.0
2026-09-23 11:33:18,inventario_locks,0.0
2026-09-23 11:33:18,kardex_locks,0.0
2026-09-23 11:33:18,caja_locks,0.0
2026-09-23 11:33:18,movimiento_caja_locks,0.0
2026-09-23 11:33:18,auditoria_locks,0.0
2026-09-23 11:33:18,api_status,0.0
2026-09-23 11:33:18,api_latency_ms,4083.0
2026-09-23 11:33:18,products_count,0.0
2026-09-23 11:33:18,sales_count,0.0
2026-09-23 11:33:23,cpu_usr,7.9
2026-09-23 11:33:23,cpu_sys,42.7
2026-09-23 11:33:23,cpu_idl,47.9
2026-09-23 11:33:23,cpu_wai,0.0
2026-09-23 11:33:23,cpu_stl,0.0
2026-09-23 11:33:23,memory_percent,86.1
2026-09-23 11:33:23,memory_used_mb,13902.0
2026-09-23 11:33:23,memory_available_mb,2245.0
2026-09-23 11:33:23,disk_read_per_sec,10921.0
2026-09-23 11:33:23,disk_write_per_sec,1496454.0
2026-09-23 11:33:23,net_send_per_sec,334.0
2026-09-23 11:33:23,net_recv_per_sec,356.0
2026-09-23 11:33:23,load1,0.66
2026-09-23 11:33:23,load5,0.19
2026-09-23 11:33:23,load15,0.07
2026-09-23 11:33:23,active_sessions,20.0
2026-09-23 11:33:23,active_requests,15.0
2026-09-23 11:33:23,long_queries,9.0
2026-09-23 11:33:23,long_transactions,9.0
2026-09-23 11:33:23,idle_sessions,14.0
2026-09-23 11:33:23,lock_waits,1.0
2026-09-23 11:33:23,total_locks,44.0
2026-09-23 11:33:23,deadlocks_per_sec,0.0
2026-09-23 11:33:23,page_life_expectancy,2019.0
2026-09-23 11:33:23,buffer_cache_hit_ratio,100.0
2026-09-23 11:33:23,transactions_per_sec,802.23
2026-09-23 11:33:23,page_reads_per_sec,0.0
2026-09-23 11:33:23,page_writes_per_sec,0.0
2026-09-23 11:33:23,rollbacks_per_sec,0.0
2026-09-23 11:33:23,batch_requests_per_sec,0.0
2026-09-23 11:33:23,sql_compilations_per_sec,0.0
2026-09-23 11:33:23,database_size_mb,0.0
2026-09-23 11:33:23,total_reads,1410.0
2026-09-23 11:33:23,total_writes,61171.0
2026-09-23 11:33:23,venta_locks,0.0
2026-09-23 11:33:23,detalle_venta_locks,0.0
2026-09-23 11:33:23,inventario_locks,0.0
2026-09-23 11:33:23,kardex_locks,0.0
2026-09-23 11:33:23,caja_locks,0.0
2026-09-23 11:33:23,movimiento_caja_locks,0.0
2026-09-23 11:33:23,auditoria_locks,0.0
2026-09-23 11:33:23,api_status,0.0
2026-09-23 11:33:23,api_latency_ms,4083.0
2026-09-23 11:33:23,products_count,0.0
2026-09-23 11:33:23,sales_count,0.0
2026-09-23 11:33:29,cpu_usr,6.8
2026-09-23 11:33:29,cpu_sys,42.7
2026-09-23 11:33:29,cpu_idl,49.1
2026-09-23 11:33:29,cpu_wai,0.0
2026-09-23 11:33:29,cpu_stl,0.0
2026-09-23 11:33:29,memory_percent,86.1
2026-09-23 11:33:29,memory_used_mb,13900.0
2026-09-23 11:33:29,memory_available_mb,2247.0
2026-09-23 11:33:29,disk_read_per_sec,205561.0
2026-09-23 11:33:29,disk_write_per_sec,1621980.0
2026-09-23 11:33:29,net_send_per_sec,242.0
2026-09-23 11:33:29,net_recv_per_sec,316.0
2026-09-23 11:33:29,load1,0.69
2026-09-23 11:33:29,load5,0.2
2026-09-23 11:33:29,load15,0.07
2026-09-23 11:33:29,active_sessions,21.0
2026-09-23 11:33:29,active_requests,14.0
2026-09-23 11:33:29,long_queries,9.0
2026-09-23 11:33:29,long_transactions,9.0
2026-09-23 11:33:29,idle_sessions,15.0
2026-09-23 11:33:29,lock_waits,1.0
2026-09-23 11:33:29,total_locks,75.0
2026-09-23 11:33:29,deadlocks_per_sec,0.0
2026-09-23 11:33:29,page_life_expectancy,2024.0
2026-09-23 11:33:29,buffer_cache_hit_ratio,100.0
2026-09-23 11:33:29,transactions_per_sec,839.04
2026-09-23 11:33:29,page_reads_per_sec,0.0
2026-09-23 11:33:29,page_writes_per_sec,0.0
2026-09-23 11:33:29,rollbacks_per_sec,0.0
2026-09-23 11:33:29,batch_requests_per_sec,0.0
2026-09-23 11:33:29,sql_compilations_per_sec,0.0
2026-09-23 11:33:29,database_size_mb,0.0
2026-09-23 11:33:29,total_reads,1410.0
2026-09-23 11:33:29,total_writes,61483.0
2026-09-23 11:33:29,venta_locks,0.0
2026-09-23 11:33:29,detalle_venta_locks,0.0
2026-09-23 11:33:29,inventario_locks,0.0
2026-09-23 11:33:29,kardex_locks,0.0
2026-09-23 11:33:29,caja_locks,0.0
2026-09-23 11:33:29,movimiento_caja_locks,0.0
2026-09-23 11:33:29,auditoria_locks,0.0
2026-09-23 11:33:29,api_status,0.0
2026-09-23 11:33:29,api_latency_ms,4054.0
2026-09-23 11:33:29,products_count,0.0
2026-09-23 11:33:29,sales_count,0.0
2026-09-23 11:33:34,cpu_usr,7.4
2026-09-23 11:33:34,cpu_sys,42.7
2026-09-23 11:33:34,cpu_idl,48.7
2026-09-23 11:33:34,cpu_wai,0.0
2026-09-23 11:33:34,cpu_stl,0.0
2026-09-23 11:33:34,memory_percent,85.8
2026-09-23 11:33:34,memory_used_mb,13850.0
2026-09-23 11:33:34,memory_available_mb,2298.0
2026-09-23 11:33:34,disk_read_per_sec,25304.0
2026-09-23 11:33:34,disk_write_per_sec,1455575.0
2026-09-23 11:33:34,net_send_per_sec,2126.0
2026-09-23 11:33:34,net_recv_per_sec,2191.0
2026-09-23 11:33:34,load1,0.63
2026-09-23 11:33:34,load5,0.2
2026-09-23 11:33:34,load15,0.07
2026-09-23 11:33:34,active_sessions,22.0
2026-09-23 11:33:34,active_requests,14.0
2026-09-23 11:33:34,long_queries,9.0
2026-09-23 11:33:34,long_transactions,9.0
2026-09-23 11:33:34,idle_sessions,16.0
2026-09-23 11:33:34,lock_waits,0.0
2026-09-23 11:33:34,total_locks,48.0
2026-09-23 11:33:34,deadlocks_per_sec,0.0
2026-09-23 11:33:34,page_life_expectancy,2030.0
2026-09-23 11:33:34,buffer_cache_hit_ratio,100.0
2026-09-23 11:33:34,transactions_per_sec,800.25
2026-09-23 11:33:34,page_reads_per_sec,0.0
2026-09-23 11:33:34,page_writes_per_sec,0.0
2026-09-23 11:33:34,rollbacks_per_sec,0.0
2026-09-23 11:33:34,batch_requests_per_sec,0.0
2026-09-23 11:33:34,sql_compilations_per_sec,0.0
2026-09-23 11:33:34,database_size_mb,0.0
2026-09-23 11:33:34,total_reads,1410.0
2026-09-23 11:33:34,total_writes,61787.0
2026-09-23 11:33:34,venta_locks,0.0
2026-09-23 11:33:34,detalle_venta_locks,0.0
2026-09-23 11:33:34,inventario_locks,0.0
2026-09-23 11:33:34,kardex_locks,0.0
2026-09-23 11:33:34,caja_locks,0.0
2026-09-23 11:33:34,movimiento_caja_locks,0.0
2026-09-23 11:33:34,auditoria_locks,0.0
2026-09-23 11:33:34,api_status,0.0
2026-09-23 11:33:34,api_latency_ms,4054.0
2026-09-23 11:33:34,products_count,0.0
2026-09-23 11:33:34,sales_count,0.0
2026-09-23 11:33:39,cpu_usr,5.2
2026-09-23 11:33:39,cpu_sys,40.7
2026-09-23 11:33:39,cpu_idl,51.9
2026-09-23 11:33:39,cpu_wai,0.0
2026-09-23 11:33:39,cpu_stl,0.0
2026-09-23 11:33:39,memory_percent,85.8
2026-09-23 11:33:39,memory_used_mb,13846.0
2026-09-23 11:33:39,memory_available_mb,2301.0
2026-09-23 11:33:39,disk_read_per_sec,193463.0
2026-09-23 11:33:39,disk_write_per_sec,1571975.0
2026-09-23 11:33:39,net_send_per_sec,145.0
2026-09-23 11:33:39,net_recv_per_sec,219.0
2026-09-23 11:33:39,load1,0.58
2026-09-23 11:33:39,load5,0.2
2026-09-23 11:33:39,load15,0.07
2026-09-23 11:33:39,active_sessions,22.0
2026-09-23 11:33:39,active_requests,16.0
2026-09-23 11:33:39,long_queries,9.0
2026-09-23 11:33:39,long_transactions,9.0
2026-09-23 11:33:39,idle_sessions,15.0
2026-09-23 11:33:39,lock_waits,0.0
2026-09-23 11:33:39,total_locks,26.0
2026-09-23 11:33:39,deadlocks_per_sec,0.0
2026-09-23 11:33:39,page_life_expectancy,2035.0
2026-09-23 11:33:39,buffer_cache_hit_ratio,100.0
2026-09-23 11:33:39,transactions_per_sec,734.84
2026-09-23 11:33:39,page_reads_per_sec,0.0
2026-09-23 11:33:39,page_writes_per_sec,0.0
2026-09-23 11:33:39,rollbacks_per_sec,0.0
2026-09-23 11:33:39,batch_requests_per_sec,0.0
2026-09-23 11:33:39,sql_compilations_per_sec,0.0
2026-09-23 11:33:39,database_size_mb,0.0
2026-09-23 11:33:39,total_reads,1410.0
2026-09-23 11:33:39,total_writes,62087.0
2026-09-23 11:33:39,venta_locks,0.0
2026-09-23 11:33:39,detalle_venta_locks,0.0
2026-09-23 11:33:39,inventario_locks,0.0
2026-09-23 11:33:39,kardex_locks,0.0
2026-09-23 11:33:39,caja_locks,0.0
2026-09-23 11:33:39,movimiento_caja_locks,0.0
2026-09-23 11:33:39,auditoria_locks,0.0
2026-09-23 11:33:39,max_server_memory,4096.0
2026-09-23 11:33:39,user_connections_setting,0.0
2026-09-23 11:33:39,cost_threshold,5.0
2026-09-23 11:33:39,api_status,0.0
2026-09-23 11:33:39,api_latency_ms,4066.0
2026-09-23 11:33:39,products_count,0.0
2026-09-23 11:33:39,sales_count,0.0
2026-09-23 11:33:45,cpu_usr,6.7
2026-09-23 11:33:45,cpu_sys,43.0
2026-09-23 11:33:45,cpu_idl,49.1
2026-09-23 11:33:45,cpu_wai,0.0
2026-09-23 11:33:45,cpu_stl,0.0
2026-09-23 11:33:45,memory_percent,85.7
2026-09-23 11:33:45,memory_used_mb,13839.0
2026-09-23 11:33:45,memory_available_mb,2308.0
2026-09-23 11:33:45,disk_read_per_sec,272013.0
2026-09-23 11:33:45,disk_write_per_sec,1361569.0
2026-09-23 11:33:45,net_send_per_sec,1919.0
2026-09-23 11:33:45,net_recv_per_sec,3328.0
2026-09-23 11:33:45,load1,0.53
2026-09-23 11:33:45,load5,0.19
2026-09-23 11:33:45,load15,0.07
2026-09-23 11:33:45,active_sessions,21.0
2026-09-23 11:33:45,active_requests,14.0
2026-09-23 11:33:45,long_queries,9.0
2026-09-23 11:33:45,long_transactions,9.0
2026-09-23 11:33:45,idle_sessions,16.0
2026-09-23 11:33:45,lock_waits,0.0
2026-09-23 11:33:45,total_locks,50.0
2026-09-23 11:33:45,deadlocks_per_sec,0.0
2026-09-23 11:33:45,page_life_expectancy,2040.0
2026-09-23 11:33:45,buffer_cache_hit_ratio,100.0
2026-09-23 11:33:45,transactions_per_sec,773.1
2026-09-23 11:33:45,page_reads_per_sec,0.0
2026-09-23 11:33:45,page_writes_per_sec,0.0
2026-09-23 11:33:45,rollbacks_per_sec,0.0
2026-09-23 11:33:45,batch_requests_per_sec,0.0
2026-09-23 11:33:45,sql_compilations_per_sec,0.0
2026-09-23 11:33:45,database_size_mb,0.0
2026-09-23 11:33:45,total_reads,1410.0
2026-09-23 11:33:45,total_writes,62368.0
2026-09-23 11:33:45,venta_locks,0.0
2026-09-23 11:33:45,detalle_venta_locks,0.0
2026-09-23 11:33:45,inventario_locks,0.0
2026-09-23 11:33:45,kardex_locks,0.0
2026-09-23 11:33:45,caja_locks,0.0
2026-09-23 11:33:45,movimiento_caja_locks,0.0
2026-09-23 11:33:45,auditoria_locks,0.0
2026-09-23 11:33:45,api_status,0.0
2026-09-23 11:33:45,api_latency_ms,4066.0
2026-09-23 11:33:45,products_count,0.0
2026-09-23 11:33:45,sales_count,0.0
2026-09-23 11:33:50,cpu_usr,8.6
2026-09-23 11:33:50,cpu_sys,45.9
2026-09-23 11:33:50,cpu_idl,44.0
2026-09-23 11:33:50,cpu_wai,0.0
2026-09-23 11:33:50,cpu_stl,0.0
2026-09-23 11:33:50,memory_percent,86.0
2026-09-23 11:33:50,memory_used_mb,13885.0
2026-09-23 11:33:50,memory_available_mb,2263.0
2026-09-23 11:33:50,disk_read_per_sec,4327085.0
2026-09-23 11:33:50,disk_write_per_sec,1508472.0
2026-09-23 11:33:50,net_send_per_sec,2052.0
2026-09-23 11:33:50,net_recv_per_sec,15454.0
2026-09-23 11:33:50,load1,0.45
2026-09-23 11:33:50,load5,0.19
2026-09-23 11:33:50,load15,0.07
2026-09-23 11:33:50,active_sessions,21.0
2026-09-23 11:33:50,active_requests,15.0
2026-09-23 11:33:50,long_queries,9.0
2026-09-23 11:33:50,long_transactions,9.0
2026-09-23 11:33:50,idle_sessions,15.0
2026-09-23 11:33:50,lock_waits,0.0
2026-09-23 11:33:50,total_locks,17.0
2026-09-23 11:33:50,deadlocks_per_sec,0.0
2026-09-23 11:33:50,page_life_expectancy,2045.0
2026-09-23 11:33:50,buffer_cache_hit_ratio,100.0
2026-09-23 11:33:50,transactions_per_sec,786.69
2026-09-23 11:33:50,page_reads_per_sec,0.0
2026-09-23 11:33:50,page_writes_per_sec,0.0
2026-09-23 11:33:50,rollbacks_per_sec,0.0
2026-09-23 11:33:50,batch_requests_per_sec,0.0
2026-09-23 11:33:50,sql_compilations_per_sec,0.0
2026-09-23 11:33:50,database_size_mb,0.0
2026-09-23 11:33:50,total_reads,1410.0
2026-09-23 11:33:50,total_writes,62632.0
2026-09-23 11:33:50,venta_locks,2.0
2026-09-23 11:33:50,detalle_venta_locks,0.0
2026-09-23 11:33:50,inventario_locks,0.0
2026-09-23 11:33:50,kardex_locks,0.0
2026-09-23 11:33:50,caja_locks,0.0
2026-09-23 11:33:50,movimiento_caja_locks,0.0
2026-09-23 11:33:50,auditoria_locks,0.0
2026-09-23 11:33:50,api_status,0.0
2026-09-23 11:33:50,api_latency_ms,4066.0
2026-09-23 11:33:50,products_count,0.0
2026-09-23 11:33:50,sales_count,0.0
2026-09-23 11:33:55,cpu_usr,7.0
2026-09-23 11:33:55,cpu_sys,43.1
2026-09-23 11:33:55,cpu_idl,48.6
2026-09-23 11:33:55,cpu_wai,0.0
2026-09-23 11:33:55,cpu_stl,0.0
2026-09-23 11:33:55,memory_percent,86.0
2026-09-23 11:33:55,memory_used_mb,13879.0
2026-09-23 11:33:55,memory_available_mb,2268.0
2026-09-23 11:33:55,disk_read_per_sec,320370.0
2026-09-23 11:33:55,disk_write_per_sec,1229978.0
2026-09-23 11:33:55,net_send_per_sec,520.0
2026-09-23 11:33:55,net_recv_per_sec,1129.0
2026-09-23 11:33:55,load1,0.42
2026-09-23 11:33:55,load5,0.18
2026-09-23 11:33:55,load15,0.07
2026-09-23 11:33:55,active_sessions,21.0
2026-09-23 11:33:55,active_requests,12.0
2026-09-23 11:33:55,long_queries,9.0
2026-09-23 11:33:55,long_transactions,9.0
2026-09-23 11:33:55,idle_sessions,19.0
2026-09-23 11:33:55,lock_waits,0.0
2026-09-23 11:33:55,total_locks,34.0
2026-09-23 11:33:55,deadlocks_per_sec,0.0
2026-09-23 11:33:55,page_life_expectancy,2051.0
2026-09-23 11:33:55,buffer_cache_hit_ratio,100.0
2026-09-23 11:33:55,transactions_per_sec,778.5
2026-09-23 11:33:55,page_reads_per_sec,0.0
2026-09-23 11:33:55,page_writes_per_sec,0.0
2026-09-23 11:33:55,rollbacks_per_sec,0.0
2026-09-23 11:33:55,batch_requests_per_sec,0.0
2026-09-23 11:33:55,sql_compilations_per_sec,0.0
2026-09-23 11:33:55,database_size_mb,0.0
2026-09-23 11:33:55,total_reads,1410.0
2026-09-23 11:33:55,total_writes,62904.0
2026-09-23 11:33:55,venta_locks,0.0
2026-09-23 11:33:55,detalle_venta_locks,0.0
2026-09-23 11:33:55,inventario_locks,0.0
2026-09-23 11:33:55,kardex_locks,0.0
2026-09-23 11:33:55,caja_locks,0.0
2026-09-23 11:33:55,movimiento_caja_locks,0.0
2026-09-23 11:33:55,auditoria_locks,0.0
2026-09-23 11:33:55,api_status,0.0
2026-09-23 11:33:55,api_latency_ms,4068.0
2026-09-23 11:33:55,products_count,0.0
2026-09-23 11:33:55,sales_count,0.0
2026-09-23 11:34:01,cpu_usr,7.0
2026-09-23 11:34:01,cpu_sys,43.6
2026-09-23 11:34:01,cpu_idl,48.1
2026-09-23 11:34:01,cpu_wai,0.0
2026-09-23 11:34:01,cpu_stl,0.0
2026-09-23 11:34:01,memory_percent,86.3
2026-09-23 11:34:01,memory_used_mb,13932.0
2026-09-23 11:34:01,memory_available_mb,2216.0
2026-09-23 11:34:01,disk_read_per_sec,86847.0
2026-09-23 11:34:01,disk_write_per_sec,1740234.0
2026-09-23 11:34:01,net_send_per_sec,308.0
2026-09-23 11:34:01,net_recv_per_sec,338.0
2026-09-23 11:34:01,load1,0.46
2026-09-23 11:34:01,load5,0.2
2026-09-23 11:34:01,load15,0.08
2026-09-23 11:34:01,active_sessions,21.0
2026-09-23 11:34:01,active_requests,16.0
2026-09-23 11:34:01,long_queries,9.0
2026-09-23 11:34:01,long_transactions,9.0
2026-09-23 11:34:01,idle_sessions,15.0
2026-09-23 11:34:01,lock_waits,0.0
2026-09-23 11:34:01,total_locks,30.0
2026-09-23 11:34:01,deadlocks_per_sec,0.0
2026-09-23 11:34:01,page_life_expectancy,2056.0
2026-09-23 11:34:01,buffer_cache_hit_ratio,100.0
2026-09-23 11:34:01,transactions_per_sec,783.63
2026-09-23 11:34:01,page_reads_per_sec,0.0
2026-09-23 11:34:01,page_writes_per_sec,0.0
2026-09-23 11:34:01,rollbacks_per_sec,0.0
2026-09-23 11:34:01,batch_requests_per_sec,0.0
2026-09-23 11:34:01,sql_compilations_per_sec,0.0
2026-09-23 11:34:01,database_size_mb,0.0
2026-09-23 11:34:01,total_reads,1411.0
2026-09-23 11:34:01,total_writes,63220.0
2026-09-23 11:34:01,venta_locks,0.0
2026-09-23 11:34:01,detalle_venta_locks,0.0
2026-09-23 11:34:01,inventario_locks,0.0
2026-09-23 11:34:01,kardex_locks,0.0
2026-09-23 11:34:01,caja_locks,0.0
2026-09-23 11:34:01,movimiento_caja_locks,0.0
2026-09-23 11:34:01,auditoria_locks,0.0
2026-09-23 11:34:01,api_status,0.0
2026-09-23 11:34:01,api_latency_ms,4068.0
2026-09-23 11:34:01,products_count,0.0
2026-09-23 11:34:01,sales_count,0.0
2026-09-23 11:34:06,cpu_usr,12.9
2026-09-23 11:34:06,cpu_sys,46.0
2026-09-23 11:34:06,cpu_idl,39.2
2026-09-23 11:34:06,cpu_wai,0.0
2026-09-23 11:34:06,cpu_stl,0.0
2026-09-23 11:34:06,memory_percent,87.4
2026-09-23 11:34:06,memory_used_mb,14115.0
2026-09-23 11:34:06,memory_available_mb,2032.0
2026-09-23 11:34:06,disk_read_per_sec,2020381.0
2026-09-23 11:34:06,disk_write_per_sec,1641554.0
2026-09-23 11:34:06,net_send_per_sec,11868.0
2026-09-23 11:34:06,net_recv_per_sec,20136.0
2026-09-23 11:34:06,load1,0.43
2026-09-23 11:34:06,load5,0.19
2026-09-23 11:34:06,load15,0.08
2026-09-23 11:34:06,active_sessions,21.0
2026-09-23 11:34:06,active_requests,15.0
2026-09-23 11:34:06,long_queries,9.0
2026-09-23 11:34:06,long_transactions,9.0
2026-09-23 11:34:06,idle_sessions,13.0
2026-09-23 11:34:06,lock_waits,0.0
2026-09-23 11:34:06,total_locks,41.0
2026-09-23 11:34:06,deadlocks_per_sec,0.0
2026-09-23 11:34:06,page_life_expectancy,2061.0
2026-09-23 11:34:06,buffer_cache_hit_ratio,100.0
2026-09-23 11:34:06,transactions_per_sec,703.6
2026-09-23 11:34:06,page_reads_per_sec,0.0
2026-09-23 11:34:06,page_writes_per_sec,0.0
2026-09-23 11:34:06,rollbacks_per_sec,0.0
2026-09-23 11:34:06,batch_requests_per_sec,0.0
2026-09-23 11:34:06,sql_compilations_per_sec,0.0
2026-09-23 11:34:06,database_size_mb,0.0
2026-09-23 11:34:06,total_reads,1411.0
2026-09-23 11:34:06,total_writes,63502.0
2026-09-23 11:34:06,venta_locks,0.0
2026-09-23 11:34:06,detalle_venta_locks,0.0
2026-09-23 11:34:06,inventario_locks,0.0
2026-09-23 11:34:06,kardex_locks,0.0
2026-09-23 11:34:06,caja_locks,0.0
2026-09-23 11:34:06,movimiento_caja_locks,0.0
2026-09-23 11:34:06,auditoria_locks,0.0
2026-09-23 11:34:06,api_status,0.0
2026-09-23 11:34:06,api_latency_ms,4078.0
2026-09-23 11:34:06,products_count,0.0
2026-09-23 11:34:06,sales_count,0.0
2026-09-23 11:34:11,cpu_usr,20.8
2026-09-23 11:34:11,cpu_sys,48.6
2026-09-23 11:34:11,cpu_idl,28.7
2026-09-23 11:34:11,cpu_wai,0.0
2026-09-23 11:34:11,cpu_stl,0.0
2026-09-23 11:34:11,memory_percent,90.3
2026-09-23 11:34:11,memory_used_mb,14573.0
2026-09-23 11:34:11,memory_available_mb,1574.0
2026-09-23 11:34:11,disk_read_per_sec,1813109.0
2026-09-23 11:34:11,disk_write_per_sec,6910054.0
2026-09-23 11:34:11,net_send_per_sec,67366.0
2026-09-23 11:34:11,net_recv_per_sec,2847516.0
2026-09-23 11:34:11,load1,0.39
2026-09-23 11:34:11,load5,0.19
2026-09-23 11:34:11,load15,0.08
2026-09-23 11:34:11,active_sessions,21.0
2026-09-23 11:34:11,active_requests,15.0
2026-09-23 11:34:11,long_queries,9.0
2026-09-23 11:34:11,long_transactions,9.0
2026-09-23 11:34:11,idle_sessions,16.0
2026-09-23 11:34:11,lock_waits,1.0
2026-09-23 11:34:11,total_locks,31.0
2026-09-23 11:34:11,deadlocks_per_sec,0.0
2026-09-23 11:34:11,page_life_expectancy,2067.0
2026-09-23 11:34:11,buffer_cache_hit_ratio,100.0
2026-09-23 11:34:11,transactions_per_sec,688.59
2026-09-23 11:34:11,page_reads_per_sec,0.0
2026-09-23 11:34:11,page_writes_per_sec,0.0
2026-09-23 11:34:11,rollbacks_per_sec,0.0
2026-09-23 11:34:11,batch_requests_per_sec,0.0
2026-09-23 11:34:11,sql_compilations_per_sec,0.0
2026-09-23 11:34:11,database_size_mb,0.0
2026-09-23 11:34:11,total_reads,1411.0
2026-09-23 11:34:11,total_writes,63792.0
2026-09-23 11:34:11,venta_locks,0.0
2026-09-23 11:34:11,detalle_venta_locks,0.0
2026-09-23 11:34:11,inventario_locks,0.0
2026-09-23 11:34:11,kardex_locks,0.0
2026-09-23 11:34:11,caja_locks,0.0
2026-09-23 11:34:11,movimiento_caja_locks,0.0
2026-09-23 11:34:11,auditoria_locks,0.0
2026-09-23 11:34:11,api_status,0.0
2026-09-23 11:34:11,api_latency_ms,4078.0
2026-09-23 11:34:11,products_count,0.0
2026-09-23 11:34:11,sales_count,0.0
2026-09-23 11:34:17,cpu_usr,17.9
2026-09-23 11:34:17,cpu_sys,49.5
2026-09-23 11:34:17,cpu_idl,30.8
2026-09-23 11:34:17,cpu_wai,0.0
2026-09-23 11:34:17,cpu_stl,0.0
2026-09-23 11:34:17,memory_percent,91.6
2026-09-23 11:34:17,memory_used_mb,14789.0
2026-09-23 11:34:17,memory_available_mb,1359.0
2026-09-23 11:34:17,disk_read_per_sec,1785981.0
2026-09-23 11:34:17,disk_write_per_sec,3112277.0
2026-09-23 11:34:17,net_send_per_sec,84722.0
2026-09-23 11:34:17,net_recv_per_sec,5265267.0
2026-09-23 11:34:17,load1,0.36
2026-09-23 11:34:17,load5,0.19
2026-09-23 11:34:17,load15,0.08
2026-09-23 11:34:17,active_sessions,21.0
2026-09-23 11:34:17,active_requests,16.0
2026-09-23 11:34:17,long_queries,9.0
2026-09-23 11:34:17,long_transactions,9.0
2026-09-23 11:34:17,idle_sessions,15.0
2026-09-23 11:34:17,lock_waits,0.0
2026-09-23 11:34:17,total_locks,29.0
2026-09-23 11:34:17,deadlocks_per_sec,0.0
2026-09-23 11:34:17,page_life_expectancy,2072.0
2026-09-23 11:34:17,buffer_cache_hit_ratio,100.0
2026-09-23 11:34:17,transactions_per_sec,686.04
2026-09-23 11:34:17,page_reads_per_sec,0.0
2026-09-23 11:34:17,page_writes_per_sec,0.0
2026-09-23 11:34:17,rollbacks_per_sec,0.0
2026-09-23 11:34:17,batch_requests_per_sec,0.0
2026-09-23 11:34:17,sql_compilations_per_sec,0.0
2026-09-23 11:34:17,database_size_mb,0.0
2026-09-23 11:34:17,total_reads,1411.0
2026-09-23 11:34:17,total_writes,64116.0
2026-09-23 11:34:17,venta_locks,1.0
2026-09-23 11:34:17,detalle_venta_locks,0.0
2026-09-23 11:34:17,inventario_locks,0.0
2026-09-23 11:34:17,kardex_locks,0.0
2026-09-23 11:34:17,caja_locks,0.0
2026-09-23 11:34:17,movimiento_caja_locks,0.0
2026-09-23 11:34:17,auditoria_locks,0.0
2026-09-23 11:34:17,api_status,0.0
2026-09-23 11:34:17,api_latency_ms,4078.0
2026-09-23 11:34:17,products_count,0.0
2026-09-23 11:34:17,sales_count,0.0
2026-09-23 11:34:22,cpu_usr,10.3
2026-09-23 11:34:22,cpu_sys,45.1
2026-09-23 11:34:22,cpu_idl,43.2
2026-09-23 11:34:22,cpu_wai,0.0
2026-09-23 11:34:22,cpu_stl,0.0
2026-09-23 11:34:22,memory_percent,91.6
2026-09-23 11:34:22,memory_used_mb,14784.0
2026-09-23 11:34:22,memory_available_mb,1363.0
2026-09-23 11:34:22,disk_read_per_sec,208097.0
2026-09-23 11:34:22,disk_write_per_sec,3761555.0
2026-09-23 11:34:22,net_send_per_sec,45290.0
2026-09-23 11:34:22,net_recv_per_sec,4027100.0
2026-09-23 11:34:22,load1,0.33
2026-09-23 11:34:22,load5,0.19
2026-09-23 11:34:22,load15,0.08
2026-09-23 11:34:22,active_sessions,21.0
2026-09-23 11:34:22,active_requests,13.0
2026-09-23 11:34:22,long_queries,9.0
2026-09-23 11:34:22,long_transactions,9.0
2026-09-23 11:34:22,idle_sessions,17.0
2026-09-23 11:34:22,lock_waits,0.0
2026-09-23 11:34:22,total_locks,61.0
2026-09-23 11:34:22,deadlocks_per_sec,0.0
2026-09-23 11:34:22,page_life_expectancy,2077.0
2026-09-23 11:34:22,buffer_cache_hit_ratio,100.0
2026-09-23 11:34:22,transactions_per_sec,701.65
2026-09-23 11:34:22,page_reads_per_sec,0.0
2026-09-23 11:34:22,page_writes_per_sec,0.0
2026-09-23 11:34:22,rollbacks_per_sec,0.0
2026-09-23 11:34:22,batch_requests_per_sec,0.0
2026-09-23 11:34:22,sql_compilations_per_sec,0.0
2026-09-23 11:34:22,database_size_mb,0.0
2026-09-23 11:34:22,total_reads,1411.0
2026-09-23 11:34:22,total_writes,64397.0
2026-09-23 11:34:22,venta_locks,0.0
2026-09-23 11:34:22,detalle_venta_locks,0.0
2026-09-23 11:34:22,inventario_locks,0.0
2026-09-23 11:34:22,kardex_locks,0.0
2026-09-23 11:34:22,caja_locks,0.0
2026-09-23 11:34:22,movimiento_caja_locks,0.0
2026-09-23 11:34:22,auditoria_locks,0.0
2026-09-23 11:34:22,api_status,0.0
2026-09-23 11:34:22,api_latency_ms,4079.0
2026-09-23 11:34:22,products_count,0.0
2026-09-23 11:34:22,sales_count,0.0
2026-09-23 11:34:27,cpu_usr,8.3
2026-09-23 11:34:27,cpu_sys,42.7
2026-09-23 11:34:27,cpu_idl,47.3
2026-09-23 11:34:27,cpu_wai,0.0
2026-09-23 11:34:27,cpu_stl,0.0
2026-09-23 11:34:27,memory_percent,90.6
2026-09-23 11:34:27,memory_used_mb,14623.0
2026-09-23 11:34:27,memory_available_mb,1525.0
2026-09-23 11:34:27,disk_read_per_sec,870445.0
2026-09-23 11:34:27,disk_write_per_sec,3738429.0
2026-09-23 11:34:27,net_send_per_sec,354.0
2026-09-23 11:34:27,net_recv_per_sec,292.0
2026-09-23 11:34:27,load1,0.3
2026-09-23 11:34:27,load5,0.18
2026-09-23 11:34:27,load15,0.07
2026-09-23 11:34:27,active_sessions,21.0
2026-09-23 11:34:27,active_requests,17.0
2026-09-23 11:34:27,long_queries,9.0
2026-09-23 11:34:27,long_transactions,9.0
2026-09-23 11:34:27,idle_sessions,17.0
2026-09-23 11:34:27,lock_waits,0.0
2026-09-23 11:34:27,total_locks,58.0
2026-09-23 11:34:27,deadlocks_per_sec,0.0
2026-09-23 11:34:27,page_life_expectancy,2082.0
2026-09-23 11:34:27,buffer_cache_hit_ratio,100.0
2026-09-23 11:34:27,transactions_per_sec,711.47
2026-09-23 11:34:27,page_reads_per_sec,0.0
2026-09-23 11:34:27,page_writes_per_sec,0.0
2026-09-23 11:34:27,rollbacks_per_sec,0.0
2026-09-23 11:34:27,batch_requests_per_sec,0.0
2026-09-23 11:34:27,sql_compilations_per_sec,0.0
2026-09-23 11:34:27,database_size_mb,0.0
2026-09-23 11:34:27,total_reads,1411.0
2026-09-23 11:34:27,total_writes,64688.0
2026-09-23 11:34:27,venta_locks,0.0
2026-09-23 11:34:27,detalle_venta_locks,0.0
2026-09-23 11:34:27,inventario_locks,0.0
2026-09-23 11:34:27,kardex_locks,0.0
2026-09-23 11:34:27,caja_locks,0.0
2026-09-23 11:34:27,movimiento_caja_locks,0.0
2026-09-23 11:34:27,auditoria_locks,0.0
2026-09-23 11:34:27,api_status,0.0
2026-09-23 11:34:27,api_latency_ms,4079.0
2026-09-23 11:34:27,products_count,0.0
2026-09-23 11:34:27,sales_count,0.0
2026-09-23 11:34:33,cpu_usr,12.8
2026-09-23 11:34:33,cpu_sys,45.9
2026-09-23 11:34:33,cpu_idl,39.6
2026-09-23 11:34:33,cpu_wai,0.0
2026-09-23 11:34:33,cpu_stl,0.0
2026-09-23 11:34:33,memory_percent,90.9
2026-09-23 11:34:33,memory_used_mb,14676.0
2026-09-23 11:34:33,memory_available_mb,1471.0
2026-09-23 11:34:33,disk_read_per_sec,772307.0
2026-09-23 11:34:33,disk_write_per_sec,4150518.0
2026-09-23 11:34:33,net_send_per_sec,1794.0
2026-09-23 11:34:33,net_recv_per_sec,5174.0
2026-09-23 11:34:33,load1,0.28
2026-09-23 11:34:33,load5,0.18
2026-09-23 11:34:33,load15,0.07
2026-09-23 11:34:33,active_sessions,21.0
2026-09-23 11:34:33,active_requests,15.0
2026-09-23 11:34:33,long_queries,9.0
2026-09-23 11:34:33,long_transactions,9.0
2026-09-23 11:34:33,idle_sessions,17.0
2026-09-23 11:34:33,lock_waits,0.0
2026-09-23 11:34:33,total_locks,25.0
2026-09-23 11:34:33,deadlocks_per_sec,0.0
2026-09-23 11:34:33,page_life_expectancy,2088.0
2026-09-23 11:34:33,buffer_cache_hit_ratio,100.0
2026-09-23 11:34:33,transactions_per_sec,721.79
2026-09-23 11:34:33,page_reads_per_sec,0.0
2026-09-23 11:34:33,page_writes_per_sec,0.0
2026-09-23 11:34:33,rollbacks_per_sec,0.0
2026-09-23 11:34:33,batch_requests_per_sec,0.0
2026-09-23 11:34:33,sql_compilations_per_sec,0.0
2026-09-23 11:34:33,database_size_mb,0.0
2026-09-23 11:34:33,total_reads,1411.0
2026-09-23 11:34:33,total_writes,64959.0
2026-09-23 11:34:33,venta_locks,0.0
2026-09-23 11:34:33,detalle_venta_locks,0.0
2026-09-23 11:34:33,inventario_locks,0.0
2026-09-23 11:34:33,kardex_locks,0.0
2026-09-23 11:34:33,caja_locks,0.0
2026-09-23 11:34:33,movimiento_caja_locks,0.0
2026-09-23 11:34:33,auditoria_locks,0.0
2026-09-23 11:34:33,api_status,0.0
2026-09-23 11:34:33,api_latency_ms,4025.0
2026-09-23 11:34:33,products_count,0.0
2026-09-23 11:34:33,sales_count,0.0
2026-09-23 11:34:38,cpu_usr,8.5
2026-09-23 11:34:38,cpu_sys,41.0
2026-09-23 11:34:38,cpu_idl,49.4
2026-09-23 11:34:38,cpu_wai,0.0
2026-09-23 11:34:38,cpu_stl,0.0
2026-09-23 11:34:38,memory_percent,89.7
2026-09-23 11:34:38,memory_used_mb,14486.0
2026-09-23 11:34:38,memory_available_mb,1661.0
2026-09-23 11:34:38,disk_read_per_sec,1015570.0
2026-09-23 11:34:38,disk_write_per_sec,3759597.0
2026-09-23 11:34:38,net_send_per_sec,193.0
2026-09-23 11:34:38,net_recv_per_sec,299.0
2026-09-23 11:34:38,load1,0.26
2026-09-23 11:34:38,load5,0.18
2026-09-23 11:34:38,load15,0.07
2026-09-23 11:34:38,active_sessions,21.0
2026-09-23 11:34:38,active_requests,11.0
2026-09-23 11:34:38,long_queries,9.0
2026-09-23 11:34:38,long_transactions,9.0
2026-09-23 11:34:38,idle_sessions,18.0
2026-09-23 11:34:38,lock_waits,0.0
2026-09-23 11:34:38,total_locks,46.0
2026-09-23 11:34:38,deadlocks_per_sec,0.0
2026-09-23 11:34:38,page_life_expectancy,2093.0
2026-09-23 11:34:38,buffer_cache_hit_ratio,100.0
2026-09-23 11:34:38,transactions_per_sec,818.81
2026-09-23 11:34:38,page_reads_per_sec,0.0
2026-09-23 11:34:38,page_writes_per_sec,0.0
2026-09-23 11:34:38,rollbacks_per_sec,0.0
2026-09-23 11:34:38,batch_requests_per_sec,0.0
2026-09-23 11:34:38,sql_compilations_per_sec,0.0
2026-09-23 11:34:38,database_size_mb,0.0
2026-09-23 11:34:38,total_reads,1411.0
2026-09-23 11:34:38,total_writes,65256.0
2026-09-23 11:34:38,venta_locks,0.0
2026-09-23 11:34:38,detalle_venta_locks,0.0
2026-09-23 11:34:38,inventario_locks,0.0
2026-09-23 11:34:38,kardex_locks,0.0
2026-09-23 11:34:38,caja_locks,0.0
2026-09-23 11:34:38,movimiento_caja_locks,0.0
2026-09-23 11:34:38,auditoria_locks,0.0
2026-09-23 11:34:38,api_status,0.0
2026-09-23 11:34:38,api_latency_ms,4025.0
2026-09-23 11:34:38,products_count,0.0
2026-09-23 11:34:38,sales_count,0.0
2026-09-23 11:34:43,cpu_usr,6.6
2026-09-23 11:34:43,cpu_sys,45.6
2026-09-23 11:34:43,cpu_idl,46.5
2026-09-23 11:34:43,cpu_wai,0.0
2026-09-23 11:34:43,cpu_stl,0.0
2026-09-23 11:34:43,memory_percent,85.1
2026-09-23 11:34:43,memory_used_mb,13736.0
2026-09-23 11:34:43,memory_available_mb,2411.0
2026-09-23 11:34:43,disk_read_per_sec,237180.0
2026-09-23 11:34:43,disk_write_per_sec,6398808.0
2026-09-23 11:34:43,net_send_per_sec,298.0
2026-09-23 11:34:43,net_recv_per_sec,345.0
2026-09-23 11:34:43,load1,0.24
2026-09-23 11:34:43,load5,0.17
2026-09-23 11:34:43,load15,0.07
2026-09-23 11:34:43,active_sessions,21.0
2026-09-23 11:34:43,active_requests,15.0
2026-09-23 11:34:43,long_queries,9.0
2026-09-23 11:34:43,long_transactions,9.0
2026-09-23 11:34:43,idle_sessions,12.0
2026-09-23 11:34:43,lock_waits,0.0
2026-09-23 11:34:43,total_locks,41.0
2026-09-23 11:34:43,deadlocks_per_sec,0.0
2026-09-23 11:34:43,page_life_expectancy,2098.0
2026-09-23 11:34:43,buffer_cache_hit_ratio,100.0
2026-09-23 11:34:43,transactions_per_sec,718.11
2026-09-23 11:34:43,page_reads_per_sec,0.0
2026-09-23 11:34:43,page_writes_per_sec,0.0
2026-09-23 11:34:43,rollbacks_per_sec,0.0
2026-09-23 11:34:43,batch_requests_per_sec,0.0
2026-09-23 11:34:43,sql_compilations_per_sec,0.0
2026-09-23 11:34:43,database_size_mb,0.0
2026-09-23 11:34:43,total_reads,1411.0
2026-09-23 11:34:43,total_writes,65522.0
2026-09-23 11:34:43,venta_locks,0.0
2026-09-23 11:34:43,detalle_venta_locks,0.0
2026-09-23 11:34:43,inventario_locks,0.0
2026-09-23 11:34:43,kardex_locks,0.0
2026-09-23 11:34:43,caja_locks,0.0
2026-09-23 11:34:43,movimiento_caja_locks,0.0
2026-09-23 11:34:43,auditoria_locks,0.0
2026-09-23 11:34:43,api_status,0.0
2026-09-23 11:34:43,api_latency_ms,4025.0
2026-09-23 11:34:43,products_count,0.0
2026-09-23 11:34:43,sales_count,0.0
2026-09-23 11:34:48,cpu_usr,9.6
2026-09-23 11:34:48,cpu_sys,42.6
2026-09-23 11:34:48,cpu_idl,46.5
2026-09-23 11:34:48,cpu_wai,0.0
2026-09-23 11:34:48,cpu_stl,0.0
2026-09-23 11:34:48,memory_percent,84.8
2026-09-23 11:34:48,memory_used_mb,13692.0
2026-09-23 11:34:48,memory_available_mb,2455.0
2026-09-23 11:34:48,disk_read_per_sec,495464.0
2026-09-23 11:34:48,disk_write_per_sec,1478853.0
2026-09-23 11:34:48,net_send_per_sec,337.0
2026-09-23 11:34:48,net_recv_per_sec,1754.0
2026-09-23 11:34:48,load1,0.22
2026-09-23 11:34:48,load5,0.17
2026-09-23 11:34:48,load15,0.07
2026-09-23 11:34:48,active_sessions,22.0
2026-09-23 11:34:48,active_requests,14.0
2026-09-23 11:34:48,long_queries,9.0
2026-09-23 11:34:48,long_transactions,9.0
2026-09-23 11:34:48,idle_sessions,20.0
2026-09-23 11:34:48,lock_waits,1.0
2026-09-23 11:34:48,total_locks,61.0
2026-09-23 11:34:48,deadlocks_per_sec,0.0
2026-09-23 11:34:48,page_life_expectancy,2103.0
2026-09-23 11:34:48,buffer_cache_hit_ratio,100.0
2026-09-23 11:34:48,transactions_per_sec,791.6
2026-09-23 11:34:48,page_reads_per_sec,0.0
2026-09-23 11:34:48,page_writes_per_sec,0.0
2026-09-23 11:34:48,rollbacks_per_sec,0.0
2026-09-23 11:34:48,batch_requests_per_sec,0.0
2026-09-23 11:34:48,sql_compilations_per_sec,0.0
2026-09-23 11:34:48,database_size_mb,0.0
2026-09-23 11:34:48,total_reads,1411.0
2026-09-23 11:34:48,total_writes,65818.0
2026-09-23 11:34:48,venta_locks,0.0
2026-09-23 11:34:48,detalle_venta_locks,0.0
2026-09-23 11:34:48,inventario_locks,0.0
2026-09-23 11:34:48,kardex_locks,0.0
2026-09-23 11:34:48,caja_locks,0.0
2026-09-23 11:34:48,movimiento_caja_locks,0.0
2026-09-23 11:34:48,auditoria_locks,0.0
2026-09-23 11:34:48,api_status,0.0
2026-09-23 11:34:48,api_latency_ms,4055.0
2026-09-23 11:34:48,products_count,0.0
2026-09-23 11:34:48,sales_count,0.0
2026-09-23 11:34:54,cpu_usr,9.4
2026-09-23 11:34:54,cpu_sys,44.4
2026-09-23 11:34:54,cpu_idl,43.6
2026-09-23 11:34:54,cpu_wai,0.0
2026-09-23 11:34:54,cpu_stl,0.0
2026-09-23 11:34:54,memory_percent,86.2
2026-09-23 11:34:54,memory_used_mb,13927.0
2026-09-23 11:34:54,memory_available_mb,2221.0
2026-09-23 11:34:54,disk_read_per_sec,1735.0
2026-09-23 11:34:54,disk_write_per_sec,1323047.0
2026-09-23 11:34:54,net_send_per_sec,2048.0
2026-09-23 11:34:54,net_recv_per_sec,2139.0
2026-09-23 11:34:54,load1,0.2
2026-09-23 11:34:54,load5,0.17
2026-09-23 11:34:54,load15,0.07
2026-09-23 11:34:54,active_sessions,22.0
2026-09-23 11:34:54,active_requests,16.0
2026-09-23 11:34:54,long_queries,9.0
2026-09-23 11:34:54,long_transactions,9.0
2026-09-23 11:34:54,idle_sessions,17.0
2026-09-23 11:34:54,lock_waits,0.0
2026-09-23 11:34:54,total_locks,47.0
2026-09-23 11:34:54,deadlocks_per_sec,0.0
2026-09-23 11:34:54,page_life_expectancy,2109.0
2026-09-23 11:34:54,buffer_cache_hit_ratio,100.0
2026-09-23 11:34:54,transactions_per_sec,741.21
2026-09-23 11:34:54,page_reads_per_sec,0.0
2026-09-23 11:34:54,page_writes_per_sec,0.0
2026-09-23 11:34:54,rollbacks_per_sec,0.0
2026-09-23 11:34:54,batch_requests_per_sec,0.0
2026-09-23 11:34:54,sql_compilations_per_sec,0.0
2026-09-23 11:34:54,database_size_mb,0.0
2026-09-23 11:34:54,total_reads,1411.0
2026-09-23 11:34:54,total_writes,66089.0
2026-09-23 11:34:54,venta_locks,0.0
2026-09-23 11:34:54,detalle_venta_locks,0.0
2026-09-23 11:34:54,inventario_locks,0.0
2026-09-23 11:34:54,kardex_locks,0.0
2026-09-23 11:34:54,caja_locks,0.0
2026-09-23 11:34:54,movimiento_caja_locks,0.0
2026-09-23 11:34:54,auditoria_locks,0.0
2026-09-23 11:34:54,api_status,0.0
2026-09-23 11:34:54,api_latency_ms,4055.0
2026-09-23 11:34:54,products_count,0.0
2026-09-23 11:34:54,sales_count,0.0
2026-09-23 11:34:59,cpu_usr,10.6
2026-09-23 11:34:59,cpu_sys,42.0
2026-09-23 11:34:59,cpu_idl,45.6
2026-09-23 11:34:59,cpu_wai,0.0
2026-09-23 11:34:59,cpu_stl,0.0
2026-09-23 11:34:59,memory_percent,86.2
2026-09-23 11:34:59,memory_used_mb,13927.0
2026-09-23 11:34:59,memory_available_mb,2220.0
2026-09-23 11:34:59,disk_read_per_sec,7099.0
2026-09-23 11:34:59,disk_write_per_sec,1625624.0
2026-09-23 11:34:59,net_send_per_sec,4527.0
2026-09-23 11:34:59,net_recv_per_sec,7038.0
2026-09-23 11:34:59,load1,0.18
2026-09-23 11:34:59,load5,0.16
2026-09-23 11:34:59,load15,0.07
2026-09-23 11:34:59,active_sessions,22.0
2026-09-23 11:34:59,active_requests,15.0
2026-09-23 11:34:59,long_queries,9.0
2026-09-23 11:34:59,long_transactions,9.0
2026-09-23 11:34:59,idle_sessions,15.0
2026-09-23 11:34:59,lock_waits,0.0
2026-09-23 11:34:59,total_locks,53.0
2026-09-23 11:34:59,deadlocks_per_sec,0.0
2026-09-23 11:34:59,page_life_expectancy,2114.0
2026-09-23 11:34:59,buffer_cache_hit_ratio,100.0
2026-09-23 11:34:59,transactions_per_sec,663.04
2026-09-23 11:34:59,page_reads_per_sec,0.0
2026-09-23 11:34:59,page_writes_per_sec,0.0
2026-09-23 11:34:59,rollbacks_per_sec,0.0
2026-09-23 11:34:59,batch_requests_per_sec,0.0
2026-09-23 11:34:59,sql_compilations_per_sec,0.0
2026-09-23 11:34:59,database_size_mb,0.0
2026-09-23 11:34:59,total_reads,1411.0
2026-09-23 11:34:59,total_writes,66369.0
2026-09-23 11:34:59,venta_locks,0.0
2026-09-23 11:34:59,detalle_venta_locks,0.0
2026-09-23 11:34:59,inventario_locks,0.0
2026-09-23 11:34:59,kardex_locks,0.0
2026-09-23 11:34:59,caja_locks,0.0
2026-09-23 11:34:59,movimiento_caja_locks,0.0
2026-09-23 11:34:59,auditoria_locks,0.0
2026-09-23 11:34:59,api_status,0.0
2026-09-23 11:34:59,api_latency_ms,4049.0
2026-09-23 11:34:59,products_count,0.0
2026-09-23 11:34:59,sales_count,0.0
2026-09-23 11:35:04,cpu_usr,8.6
2026-09-23 11:35:04,cpu_sys,43.1
2026-09-23 11:35:04,cpu_idl,47.0
2026-09-23 11:35:04,cpu_wai,0.0
2026-09-23 11:35:04,cpu_stl,0.0
2026-09-23 11:35:04,memory_percent,85.2
2026-09-23 11:35:04,memory_used_mb,13762.0
2026-09-23 11:35:04,memory_available_mb,2385.0
2026-09-23 11:35:04,disk_read_per_sec,16101.0
2026-09-23 11:35:04,disk_write_per_sec,1586108.0
2026-09-23 11:35:04,net_send_per_sec,1373.0
2026-09-23 11:35:04,net_recv_per_sec,1432.0
2026-09-23 11:35:04,load1,0.17
2026-09-23 11:35:04,load5,0.16
2026-09-23 11:35:04,load15,0.07
2026-09-23 11:35:04,active_sessions,22.0
2026-09-23 11:35:04,active_requests,16.0
2026-09-23 11:35:04,long_queries,10.0
2026-09-23 11:35:04,long_transactions,9.0
2026-09-23 11:35:04,idle_sessions,21.0
2026-09-23 11:35:04,lock_waits,0.0
2026-09-23 11:35:04,total_locks,23.0
2026-09-23 11:35:04,deadlocks_per_sec,0.0
2026-09-23 11:35:04,page_life_expectancy,2119.0
2026-09-23 11:35:04,buffer_cache_hit_ratio,100.0
2026-09-23 11:35:04,transactions_per_sec,731.48
2026-09-23 11:35:04,page_reads_per_sec,0.0
2026-09-23 11:35:04,page_writes_per_sec,0.0
2026-09-23 11:35:04,rollbacks_per_sec,0.0
2026-09-23 11:35:04,batch_requests_per_sec,0.0
2026-09-23 11:35:04,sql_compilations_per_sec,0.0
2026-09-23 11:35:04,database_size_mb,0.0
2026-09-23 11:35:04,total_reads,1411.0
2026-09-23 11:35:04,total_writes,66630.0
2026-09-23 11:35:04,venta_locks,0.0
2026-09-23 11:35:04,detalle_venta_locks,0.0
2026-09-23 11:35:04,inventario_locks,0.0
2026-09-23 11:35:04,kardex_locks,0.0
2026-09-23 11:35:04,caja_locks,0.0
2026-09-23 11:35:04,movimiento_caja_locks,0.0
2026-09-23 11:35:04,auditoria_locks,0.0
2026-09-23 11:35:04,api_status,0.0
2026-09-23 11:35:04,api_latency_ms,4049.0
2026-09-23 11:35:04,products_count,0.0
2026-09-23 11:35:04,sales_count,0.0
2026-09-23 11:35:10,cpu_usr,7.3
2026-09-23 11:35:10,cpu_sys,41.6
2026-09-23 11:35:10,cpu_idl,49.9
2026-09-23 11:35:10,cpu_wai,0.0
2026-09-23 11:35:10,cpu_stl,0.0
2026-09-23 11:35:10,memory_percent,85.3
2026-09-23 11:35:10,memory_used_mb,13781.0
2026-09-23 11:35:10,memory_available_mb,2366.0
2026-09-23 11:35:10,disk_read_per_sec,284138.0
2026-09-23 11:35:10,disk_write_per_sec,1770614.0
2026-09-23 11:35:10,net_send_per_sec,2196.0
2026-09-23 11:35:10,net_recv_per_sec,2521.0
2026-09-23 11:35:10,load1,0.16
2026-09-23 11:35:10,load5,0.16
2026-09-23 11:35:10,load15,0.07
2026-09-23 11:35:10,active_sessions,22.0
2026-09-23 11:35:10,active_requests,19.0
2026-09-23 11:35:10,long_queries,10.0
2026-09-23 11:35:10,long_transactions,9.0
2026-09-23 11:35:10,idle_sessions,15.0
2026-09-23 11:35:10,lock_waits,0.0
2026-09-23 11:35:10,total_locks,45.0
2026-09-23 11:35:10,deadlocks_per_sec,0.0
2026-09-23 11:35:10,page_life_expectancy,2124.0
2026-09-23 11:35:10,buffer_cache_hit_ratio,100.0
2026-09-23 11:35:10,transactions_per_sec,746.79
2026-09-23 11:35:10,page_reads_per_sec,0.0
2026-09-23 11:35:10,page_writes_per_sec,0.0
2026-09-23 11:35:10,rollbacks_per_sec,0.0
2026-09-23 11:35:10,batch_requests_per_sec,0.0
2026-09-23 11:35:10,sql_compilations_per_sec,0.0
2026-09-23 11:35:10,database_size_mb,0.0
2026-09-23 11:35:10,total_reads,1411.0
2026-09-23 11:35:10,total_writes,66894.0
2026-09-23 11:35:10,venta_locks,0.0
2026-09-23 11:35:10,detalle_venta_locks,0.0
2026-09-23 11:35:10,inventario_locks,0.0
2026-09-23 11:35:10,kardex_locks,0.0
2026-09-23 11:35:10,caja_locks,0.0
2026-09-23 11:35:10,movimiento_caja_locks,0.0
2026-09-23 11:35:10,auditoria_locks,0.0
2026-09-23 11:35:10,api_status,0.0
2026-09-23 11:35:10,api_latency_ms,4049.0
2026-09-23 11:35:10,products_count,0.0
2026-09-23 11:35:10,sales_count,0.0
2026-09-23 11:35:15,cpu_usr,9.4
2026-09-23 11:35:15,cpu_sys,43.8
2026-09-23 11:35:15,cpu_idl,45.5
2026-09-23 11:35:15,cpu_wai,0.0
2026-09-23 11:35:15,cpu_stl,0.0
2026-09-23 11:35:15,memory_percent,85.3
2026-09-23 11:35:15,memory_used_mb,13774.0
2026-09-23 11:35:15,memory_available_mb,2373.0
2026-09-23 11:35:15,disk_read_per_sec,53823.0
2026-09-23 11:35:15,disk_write_per_sec,2224077.0
2026-09-23 11:35:15,net_send_per_sec,4907.0
2026-09-23 11:35:15,net_recv_per_sec,27513.0
2026-09-23 11:35:15,load1,0.14
2026-09-23 11:35:15,load5,0.16
2026-09-23 11:35:15,load15,0.07
2026-09-23 11:35:15,active_sessions,22.0
2026-09-23 11:35:15,active_requests,14.0
2026-09-23 11:35:15,long_queries,10.0
2026-09-23 11:35:15,long_transactions,9.0
2026-09-23 11:35:15,idle_sessions,19.0
2026-09-23 11:35:15,lock_waits,0.0
2026-09-23 11:35:15,total_locks,28.0
2026-09-23 11:35:15,deadlocks_per_sec,0.0
2026-09-23 11:35:15,page_life_expectancy,2130.0
2026-09-23 11:35:15,buffer_cache_hit_ratio,100.0
2026-09-23 11:35:15,transactions_per_sec,746.65
2026-09-23 11:35:15,page_reads_per_sec,0.0
2026-09-23 11:35:15,page_writes_per_sec,0.0
2026-09-23 11:35:15,rollbacks_per_sec,0.0
2026-09-23 11:35:15,batch_requests_per_sec,0.0
2026-09-23 11:35:15,sql_compilations_per_sec,0.0
2026-09-23 11:35:15,database_size_mb,0.0
2026-09-23 11:35:15,total_reads,1411.0
2026-09-23 11:35:15,total_writes,67162.0
2026-09-23 11:35:15,venta_locks,0.0
2026-09-23 11:35:15,detalle_venta_locks,0.0
2026-09-23 11:35:15,inventario_locks,1.0
2026-09-23 11:35:15,kardex_locks,0.0
2026-09-23 11:35:15,caja_locks,0.0
2026-09-23 11:35:15,movimiento_caja_locks,0.0
2026-09-23 11:35:15,auditoria_locks,0.0
2026-09-23 11:35:15,api_status,0.0
2026-09-23 11:35:15,api_latency_ms,4073.0
2026-09-23 11:35:15,products_count,0.0
2026-09-23 11:35:15,sales_count,0.0
2026-09-23 11:35:20,cpu_usr,7.4
2026-09-23 11:35:20,cpu_sys,43.1
2026-09-23 11:35:20,cpu_idl,47.7
2026-09-23 11:35:20,cpu_wai,0.0
2026-09-23 11:35:20,cpu_stl,0.0
2026-09-23 11:35:20,memory_percent,85.1
2026-09-23 11:35:20,memory_used_mb,13748.0
2026-09-23 11:35:20,memory_available_mb,2399.0
2026-09-23 11:35:20,disk_read_per_sec,24782.0
2026-09-23 11:35:20,disk_write_per_sec,1330056.0
2026-09-23 11:35:20,net_send_per_sec,700.0
2026-09-23 11:35:20,net_recv_per_sec,399.0
2026-09-23 11:35:20,load1,0.12
2026-09-23 11:35:20,load5,0.15
2026-09-23 11:35:20,load15,0.07
2026-09-23 11:35:20,active_sessions,22.0
2026-09-23 11:35:20,active_requests,16.0
2026-09-23 11:35:20,long_queries,10.0
2026-09-23 11:35:20,long_transactions,10.0
2026-09-23 11:35:20,idle_sessions,15.0
2026-09-23 11:35:20,lock_waits,0.0
2026-09-23 11:35:20,total_locks,39.0
2026-09-23 11:35:20,deadlocks_per_sec,0.0
2026-09-23 11:35:20,page_life_expectancy,2136.0
2026-09-23 11:35:20,buffer_cache_hit_ratio,100.0
2026-09-23 11:35:20,transactions_per_sec,713.05
2026-09-23 11:35:20,page_reads_per_sec,0.0
2026-09-23 11:35:20,page_writes_per_sec,0.0
2026-09-23 11:35:20,rollbacks_per_sec,0.0
2026-09-23 11:35:20,batch_requests_per_sec,0.0
2026-09-23 11:35:20,sql_compilations_per_sec,0.0
2026-09-23 11:35:20,database_size_mb,0.0
2026-09-23 11:35:20,total_reads,1411.0
2026-09-23 11:35:20,total_writes,67396.0
2026-09-23 11:35:20,venta_locks,1.0
2026-09-23 11:35:20,detalle_venta_locks,0.0
2026-09-23 11:35:20,inventario_locks,0.0
2026-09-23 11:35:20,kardex_locks,0.0
2026-09-23 11:35:20,caja_locks,0.0
2026-09-23 11:35:20,movimiento_caja_locks,0.0
2026-09-23 11:35:20,auditoria_locks,0.0
2026-09-23 11:35:20,api_status,0.0
2026-09-23 11:35:20,api_latency_ms,4073.0
2026-09-23 11:35:20,products_count,0.0
2026-09-23 11:35:20,sales_count,0.0
2026-09-23 11:35:26,cpu_usr,8.1
2026-09-23 11:35:26,cpu_sys,42.7
2026-09-23 11:35:26,cpu_idl,47.4
2026-09-23 11:35:26,cpu_wai,0.0
2026-09-23 11:35:26,cpu_stl,0.0
2026-09-23 11:35:26,memory_percent,85.1
2026-09-23 11:35:26,memory_used_mb,13741.0
2026-09-23 11:35:26,memory_available_mb,2406.0
2026-09-23 11:35:26,disk_read_per_sec,27191.0
2026-09-23 11:35:26,disk_write_per_sec,1208869.0
2026-09-23 11:35:26,net_send_per_sec,339.0
2026-09-23 11:35:26,net_recv_per_sec,455.0
2026-09-23 11:35:26,load1,0.11
2026-09-23 11:35:26,load5,0.15
2026-09-23 11:35:26,load15,0.07
2026-09-23 11:35:26,active_sessions,22.0
2026-09-23 11:35:26,active_requests,17.0
2026-09-23 11:35:26,long_queries,10.0
2026-09-23 11:35:26,long_transactions,10.0
2026-09-23 11:35:26,idle_sessions,14.0
2026-09-23 11:35:26,lock_waits,0.0
2026-09-23 11:35:26,total_locks,32.0
2026-09-23 11:35:26,deadlocks_per_sec,0.0
2026-09-23 11:35:26,page_life_expectancy,2141.0
2026-09-23 11:35:26,buffer_cache_hit_ratio,100.0
2026-09-23 11:35:26,transactions_per_sec,724.41
2026-09-23 11:35:26,page_reads_per_sec,0.0
2026-09-23 11:35:26,page_writes_per_sec,0.0
2026-09-23 11:35:26,rollbacks_per_sec,0.0
2026-09-23 11:35:26,batch_requests_per_sec,0.0
2026-09-23 11:35:26,sql_compilations_per_sec,0.0
2026-09-23 11:35:26,database_size_mb,0.0
2026-09-23 11:35:26,total_reads,1411.0
2026-09-23 11:35:26,total_writes,67634.0
2026-09-23 11:35:26,venta_locks,0.0
2026-09-23 11:35:26,detalle_venta_locks,0.0
2026-09-23 11:35:26,inventario_locks,0.0
2026-09-23 11:35:26,kardex_locks,0.0
2026-09-23 11:35:26,caja_locks,0.0
2026-09-23 11:35:26,movimiento_caja_locks,0.0
2026-09-23 11:35:26,auditoria_locks,0.0
2026-09-23 11:35:26,api_status,0.0
2026-09-23 11:35:26,api_latency_ms,4070.0
2026-09-23 11:35:26,products_count,0.0
2026-09-23 11:35:26,sales_count,0.0
2026-09-23 11:35:31,cpu_usr,6.1
2026-09-23 11:35:31,cpu_sys,41.6
2026-09-23 11:35:31,cpu_idl,50.8
2026-09-23 11:35:31,cpu_wai,0.0
2026-09-23 11:35:31,cpu_stl,0.0
2026-09-23 11:35:31,memory_percent,85.1
2026-09-23 11:35:31,memory_used_mb,13746.0
2026-09-23 11:35:31,memory_available_mb,2401.0
2026-09-23 11:35:31,disk_read_per_sec,40324.0
2026-09-23 11:35:31,disk_write_per_sec,1564041.0
2026-09-23 11:35:31,net_send_per_sec,794.0
2026-09-23 11:35:31,net_recv_per_sec,722.0
2026-09-23 11:35:31,load1,0.1
2026-09-23 11:35:31,load5,0.15
2026-09-23 11:35:31,load15,0.07
2026-09-23 11:35:31,active_sessions,22.0
2026-09-23 11:35:31,active_requests,17.0
2026-09-23 11:35:31,long_queries,10.0
2026-09-23 11:35:31,long_transactions,10.0
2026-09-23 11:35:31,idle_sessions,16.0
2026-09-23 11:35:31,lock_waits,0.0
2026-09-23 11:35:31,total_locks,46.0
2026-09-23 11:35:31,deadlocks_per_sec,0.0
2026-09-23 11:35:31,page_life_expectancy,2146.0
2026-09-23 11:35:31,buffer_cache_hit_ratio,100.0
2026-09-23 11:35:31,transactions_per_sec,765.72
2026-09-23 11:35:31,page_reads_per_sec,0.0
2026-09-23 11:35:31,page_writes_per_sec,0.0
2026-09-23 11:35:31,rollbacks_per_sec,0.0
2026-09-23 11:35:31,batch_requests_per_sec,0.0
2026-09-23 11:35:31,sql_compilations_per_sec,0.0
2026-09-23 11:35:31,database_size_mb,0.0
2026-09-23 11:35:31,total_reads,1411.0
2026-09-23 11:35:31,total_writes,67885.0
2026-09-23 11:35:31,venta_locks,0.0
2026-09-23 11:35:31,detalle_venta_locks,0.0
2026-09-23 11:35:31,inventario_locks,0.0
2026-09-23 11:35:31,kardex_locks,0.0
2026-09-23 11:35:31,caja_locks,0.0
2026-09-23 11:35:31,movimiento_caja_locks,0.0
2026-09-23 11:35:31,auditoria_locks,0.0
2026-09-23 11:35:31,api_status,0.0
2026-09-23 11:35:31,api_latency_ms,4070.0
2026-09-23 11:35:31,products_count,0.0
2026-09-23 11:35:31,sales_count,0.0
2026-09-23 11:35:36,cpu_usr,6.5
2026-09-23 11:35:36,cpu_sys,42.1
2026-09-23 11:35:36,cpu_idl,49.8
2026-09-23 11:35:36,cpu_wai,0.0
2026-09-23 11:35:36,cpu_stl,0.0
2026-09-23 11:35:36,memory_percent,85.0
2026-09-23 11:35:36,memory_used_mb,13718.0
2026-09-23 11:35:36,memory_available_mb,2429.0
2026-09-23 11:35:36,disk_read_per_sec,527131.0
2026-09-23 11:35:36,disk_write_per_sec,4782784.0
2026-09-23 11:35:36,net_send_per_sec,211.0
2026-09-23 11:35:36,net_recv_per_sec,461.0
2026-09-23 11:35:36,load1,0.09
2026-09-23 11:35:36,load5,0.14
2026-09-23 11:35:36,load15,0.07
2026-09-23 11:35:36,active_sessions,22.0
2026-09-23 11:35:36,active_requests,15.0
2026-09-23 11:35:36,long_queries,10.0
2026-09-23 11:35:36,long_transactions,10.0
2026-09-23 11:35:36,idle_sessions,17.0
2026-09-23 11:35:36,lock_waits,1.0
2026-09-23 11:35:36,total_locks,45.0
2026-09-23 11:35:36,deadlocks_per_sec,0.0
2026-09-23 11:35:36,page_life_expectancy,2152.0
2026-09-23 11:35:36,buffer_cache_hit_ratio,100.0
2026-09-23 11:35:36,transactions_per_sec,745.15
2026-09-23 11:35:36,page_reads_per_sec,0.0
2026-09-23 11:35:36,page_writes_per_sec,0.0
2026-09-23 11:35:36,rollbacks_per_sec,0.0
2026-09-23 11:35:36,batch_requests_per_sec,0.0
2026-09-23 11:35:36,sql_compilations_per_sec,0.0
2026-09-23 11:35:36,database_size_mb,0.0
2026-09-23 11:35:36,total_reads,1411.0
2026-09-23 11:35:36,total_writes,68140.0
2026-09-23 11:35:36,venta_locks,0.0
2026-09-23 11:35:36,detalle_venta_locks,0.0
2026-09-23 11:35:36,inventario_locks,0.0
2026-09-23 11:35:36,kardex_locks,0.0
2026-09-23 11:35:36,caja_locks,0.0
2026-09-23 11:35:36,movimiento_caja_locks,0.0
2026-09-23 11:35:36,auditoria_locks,0.0
2026-09-23 11:35:36,api_status,0.0
2026-09-23 11:35:36,api_latency_ms,4070.0
2026-09-23 11:35:36,products_count,0.0
2026-09-23 11:35:36,sales_count,0.0
2026-09-23 11:35:41,cpu_usr,7.1
2026-09-23 11:35:41,cpu_sys,42.0
2026-09-23 11:35:41,cpu_idl,49.4
2026-09-23 11:35:41,cpu_wai,0.0
2026-09-23 11:35:41,cpu_stl,0.0
2026-09-23 11:35:41,memory_percent,85.1
2026-09-23 11:35:41,memory_used_mb,13741.0
2026-09-23 11:35:41,memory_available_mb,2406.0
2026-09-23 11:35:41,disk_read_per_sec,197374.0
2026-09-23 11:35:41,disk_write_per_sec,1286124.0
2026-09-23 11:35:41,net_send_per_sec,321.0
2026-09-23 11:35:41,net_recv_per_sec,430.0
2026-09-23 11:35:41,load1,0.09
2026-09-23 11:35:41,load5,0.14
2026-09-23 11:35:41,load15,0.07
2026-09-23 11:35:41,active_sessions,22.0
2026-09-23 11:35:41,active_requests,18.0
2026-09-23 11:35:41,long_queries,10.0
2026-09-23 11:35:41,long_transactions,10.0
2026-09-23 11:35:41,idle_sessions,14.0
2026-09-23 11:35:41,lock_waits,0.0
2026-09-23 11:35:41,total_locks,53.0
2026-09-23 11:35:41,deadlocks_per_sec,0.0
2026-09-23 11:35:41,page_life_expectancy,2157.0
2026-09-23 11:35:41,buffer_cache_hit_ratio,100.0
2026-09-23 11:35:41,transactions_per_sec,715.73
2026-09-23 11:35:41,page_reads_per_sec,0.0
2026-09-23 11:35:41,page_writes_per_sec,0.0
2026-09-23 11:35:41,rollbacks_per_sec,0.0
2026-09-23 11:35:41,batch_requests_per_sec,0.0
2026-09-23 11:35:41,sql_compilations_per_sec,0.0
2026-09-23 11:35:41,database_size_mb,0.0
2026-09-23 11:35:41,total_reads,1411.0
2026-09-23 11:35:41,total_writes,68377.0
2026-09-23 11:35:41,venta_locks,0.0
2026-09-23 11:35:41,detalle_venta_locks,0.0
2026-09-23 11:35:41,inventario_locks,0.0
2026-09-23 11:35:41,kardex_locks,0.0
2026-09-23 11:35:41,caja_locks,0.0
2026-09-23 11:35:41,movimiento_caja_locks,0.0
2026-09-23 11:35:41,auditoria_locks,0.0
2026-09-23 11:35:41,api_status,0.0
2026-09-23 11:35:41,api_latency_ms,4066.0
2026-09-23 11:35:41,products_count,0.0
2026-09-23 11:35:41,sales_count,0.0
2026-09-23 11:35:47,cpu_usr,6.3
2026-09-23 11:35:47,cpu_sys,41.8
2026-09-23 11:35:47,cpu_idl,50.6
2026-09-23 11:35:47,cpu_wai,0.0
2026-09-23 11:35:47,cpu_stl,0.0
2026-09-23 11:35:47,memory_percent,84.7
2026-09-23 11:35:47,memory_used_mb,13681.0
2026-09-23 11:35:47,memory_available_mb,2466.0
2026-09-23 11:35:47,disk_read_per_sec,69964.0
2026-09-23 11:35:47,disk_write_per_sec,3721915.0
2026-09-23 11:35:47,net_send_per_sec,1239.0
2026-09-23 11:35:47,net_recv_per_sec,3757.0
2026-09-23 11:35:47,load1,0.08
2026-09-23 11:35:47,load5,0.14
2026-09-23 11:35:47,load15,0.07
2026-09-23 11:35:47,active_sessions,22.0
2026-09-23 11:35:47,active_requests,18.0
2026-09-23 11:35:47,long_queries,10.0
2026-09-23 11:35:47,long_transactions,10.0
2026-09-23 11:35:47,idle_sessions,14.0
2026-09-23 11:35:47,lock_waits,0.0
2026-09-23 11:35:47,total_locks,39.0
2026-09-23 11:35:47,deadlocks_per_sec,0.0
2026-09-23 11:35:47,page_life_expectancy,2162.0
2026-09-23 11:35:47,buffer_cache_hit_ratio,100.0
2026-09-23 11:35:47,transactions_per_sec,787.95
2026-09-23 11:35:47,page_reads_per_sec,0.0
2026-09-23 11:35:47,page_writes_per_sec,0.0
2026-09-23 11:35:47,rollbacks_per_sec,0.0
2026-09-23 11:35:47,batch_requests_per_sec,0.0
2026-09-23 11:35:47,sql_compilations_per_sec,0.0
2026-09-23 11:35:47,database_size_mb,0.0
2026-09-23 11:35:47,total_reads,1411.0
2026-09-23 11:35:47,total_writes,68680.0
2026-09-23 11:35:47,venta_locks,0.0
2026-09-23 11:35:47,detalle_venta_locks,0.0
2026-09-23 11:35:47,inventario_locks,0.0
2026-09-23 11:35:47,kardex_locks,0.0
2026-09-23 11:35:47,caja_locks,0.0
2026-09-23 11:35:47,movimiento_caja_locks,0.0
2026-09-23 11:35:47,auditoria_locks,0.0
2026-09-23 11:35:47,api_status,0.0
2026-09-23 11:35:47,api_latency_ms,4066.0
2026-09-23 11:35:47,products_count,0.0
2026-09-23 11:35:47,sales_count,0.0
2026-09-23 11:35:52,cpu_usr,7.3
2026-09-23 11:35:52,cpu_sys,43.4
2026-09-23 11:35:52,cpu_idl,48.0
2026-09-23 11:35:52,cpu_wai,0.0
2026-09-23 11:35:52,cpu_stl,0.0
2026-09-23 11:35:52,memory_percent,84.8
2026-09-23 11:35:52,memory_used_mb,13686.0
2026-09-23 11:35:52,memory_available_mb,2462.0
2026-09-23 11:35:52,disk_read_per_sec,31704.0
2026-09-23 11:35:52,disk_write_per_sec,1395285.0
2026-09-23 11:35:52,net_send_per_sec,415.0
2026-09-23 11:35:52,net_recv_per_sec,476.0
2026-09-23 11:35:52,load1,0.07
2026-09-23 11:35:52,load5,0.14
2026-09-23 11:35:52,load15,0.07
2026-09-23 11:35:52,active_sessions,23.0
2026-09-23 11:35:52,active_requests,18.0
2026-09-23 11:35:52,long_queries,10.0
2026-09-23 11:35:52,long_transactions,10.0
2026-09-23 11:35:52,idle_sessions,13.0
2026-09-23 11:35:52,lock_waits,0.0
2026-09-23 11:35:52,total_locks,30.0
2026-09-23 11:35:52,deadlocks_per_sec,0.0
2026-09-23 11:35:52,page_life_expectancy,2167.0
2026-09-23 11:35:52,buffer_cache_hit_ratio,100.0
2026-09-23 11:35:52,transactions_per_sec,785.05
2026-09-23 11:35:52,page_reads_per_sec,0.0
2026-09-23 11:35:52,page_writes_per_sec,0.0
2026-09-23 11:35:52,rollbacks_per_sec,0.0
2026-09-23 11:35:52,batch_requests_per_sec,0.0
2026-09-23 11:35:52,sql_compilations_per_sec,0.0
2026-09-23 11:35:52,database_size_mb,0.0
2026-09-23 11:35:52,total_reads,1411.0
2026-09-23 11:35:52,total_writes,68958.0
2026-09-23 11:35:52,venta_locks,0.0
2026-09-23 11:35:52,detalle_venta_locks,0.0
2026-09-23 11:35:52,inventario_locks,0.0
2026-09-23 11:35:52,kardex_locks,0.0
2026-09-23 11:35:52,caja_locks,0.0
2026-09-23 11:35:52,movimiento_caja_locks,0.0
2026-09-23 11:35:52,auditoria_locks,0.0
2026-09-23 11:35:52,api_status,0.0
2026-09-23 11:35:52,api_latency_ms,4067.0
2026-09-23 11:35:52,products_count,0.0
2026-09-23 11:35:52,sales_count,0.0
2026-09-23 11:35:57,cpu_usr,8.2
2026-09-23 11:35:57,cpu_sys,42.5
2026-09-23 11:35:57,cpu_idl,48.1
2026-09-23 11:35:57,cpu_wai,0.0
2026-09-23 11:35:57,cpu_stl,0.0
2026-09-23 11:35:57,memory_percent,84.7
2026-09-23 11:35:57,memory_used_mb,13673.0
2026-09-23 11:35:57,memory_available_mb,2475.0
2026-09-23 11:35:57,disk_read_per_sec,3984.0
2026-09-23 11:35:57,disk_write_per_sec,1363281.0
2026-09-23 11:35:57,net_send_per_sec,173.0
2026-09-23 11:35:57,net_recv_per_sec,214.0
2026-09-23 11:35:57,load1,0.07
2026-09-23 11:35:57,load5,0.13
2026-09-23 11:35:57,load15,0.07
2026-09-23 11:35:57,active_sessions,23.0
2026-09-23 11:35:57,active_requests,16.0
2026-09-23 11:35:57,long_queries,10.0
2026-09-23 11:35:57,long_transactions,10.0
2026-09-23 11:35:57,idle_sessions,17.0
2026-09-23 11:35:57,lock_waits,0.0
2026-09-23 11:35:57,total_locks,44.0
2026-09-23 11:35:57,deadlocks_per_sec,0.0
2026-09-23 11:35:57,page_life_expectancy,2173.0
2026-09-23 11:35:57,buffer_cache_hit_ratio,100.0
2026-09-23 11:35:57,transactions_per_sec,799.5
2026-09-23 11:35:57,page_reads_per_sec,0.0
2026-09-23 11:35:57,page_writes_per_sec,0.0
2026-09-23 11:35:57,rollbacks_per_sec,0.0
2026-09-23 11:35:57,batch_requests_per_sec,0.0
2026-09-23 11:35:57,sql_compilations_per_sec,0.0
2026-09-23 11:35:57,database_size_mb,0.0
2026-09-23 11:35:57,total_reads,1411.0
2026-09-23 11:35:57,total_writes,69245.0
2026-09-23 11:35:57,venta_locks,0.0
2026-09-23 11:35:57,detalle_venta_locks,0.0
2026-09-23 11:35:57,inventario_locks,0.0
2026-09-23 11:35:57,kardex_locks,0.0
2026-09-23 11:35:57,caja_locks,0.0
2026-09-23 11:35:57,movimiento_caja_locks,0.0
2026-09-23 11:35:57,auditoria_locks,0.0
2026-09-23 11:35:57,api_status,0.0
2026-09-23 11:35:57,api_latency_ms,4067.0
2026-09-23 11:35:57,products_count,0.0
2026-09-23 11:35:57,sales_count,0.0
2026-09-23 11:36:03,cpu_usr,8.4
2026-09-23 11:36:03,cpu_sys,43.3
2026-09-23 11:36:03,cpu_idl,47.0
2026-09-23 11:36:03,cpu_wai,0.0
2026-09-23 11:36:03,cpu_stl,0.0
2026-09-23 11:36:03,memory_percent,85.0
2026-09-23 11:36:03,memory_used_mb,13723.0
2026-09-23 11:36:03,memory_available_mb,2425.0
2026-09-23 11:36:03,disk_read_per_sec,3999.0
2026-09-23 11:36:03,disk_write_per_sec,1470626.0
2026-09-23 11:36:03,net_send_per_sec,2332.0
2026-09-23 11:36:03,net_recv_per_sec,2913.0
2026-09-23 11:36:03,load1,0.06
2026-09-23 11:36:03,load5,0.13
2026-09-23 11:36:03,load15,0.07
2026-09-23 11:36:03,active_sessions,23.0
2026-09-23 11:36:03,active_requests,17.0
2026-09-23 11:36:03,long_queries,10.0
2026-09-23 11:36:03,long_transactions,10.0
2026-09-23 11:36:03,idle_sessions,19.0
2026-09-23 11:36:03,lock_waits,0.0
2026-09-23 11:36:03,total_locks,26.0
2026-09-23 11:36:03,deadlocks_per_sec,0.0
2026-09-23 11:36:03,page_life_expectancy,2178.0
2026-09-23 11:36:03,buffer_cache_hit_ratio,100.0
2026-09-23 11:36:03,transactions_per_sec,784.38
2026-09-23 11:36:03,page_reads_per_sec,0.0
2026-09-23 11:36:03,page_writes_per_sec,0.0
2026-09-23 11:36:03,rollbacks_per_sec,0.0
2026-09-23 11:36:03,batch_requests_per_sec,0.0
2026-09-23 11:36:03,sql_compilations_per_sec,0.0
2026-09-23 11:36:03,database_size_mb,0.0
2026-09-23 11:36:03,total_reads,1411.0
2026-09-23 11:36:03,total_writes,69486.0
2026-09-23 11:36:03,venta_locks,0.0
2026-09-23 11:36:03,detalle_venta_locks,0.0
2026-09-23 11:36:03,inventario_locks,0.0
2026-09-23 11:36:03,kardex_locks,0.0
2026-09-23 11:36:03,caja_locks,0.0
2026-09-23 11:36:03,movimiento_caja_locks,0.0
2026-09-23 11:36:03,auditoria_locks,0.0
2026-09-23 11:36:03,api_status,0.0
2026-09-23 11:36:03,api_latency_ms,4075.0
2026-09-23 11:36:03,products_count,0.0
2026-09-23 11:36:03,sales_count,0.0
2026-09-23 11:36:08,cpu_usr,7.3
2026-09-23 11:36:08,cpu_sys,42.8
2026-09-23 11:36:08,cpu_idl,47.6
2026-09-23 11:36:08,cpu_wai,0.0
2026-09-23 11:36:08,cpu_stl,0.0
2026-09-23 11:36:08,memory_percent,85.0
2026-09-23 11:36:08,memory_used_mb,13725.0
2026-09-23 11:36:08,memory_available_mb,2422.0
2026-09-23 11:36:08,disk_read_per_sec,16270.0
2026-09-23 11:36:08,disk_write_per_sec,1345375.0
2026-09-23 11:36:08,net_send_per_sec,396.0
2026-09-23 11:36:08,net_recv_per_sec,453.0
2026-09-23 11:36:08,load1,0.06
2026-09-23 11:36:08,load5,0.13
2026-09-23 11:36:08,load15,0.07
2026-09-23 11:36:08,active_sessions,22.0
2026-09-23 11:36:08,active_requests,13.0
2026-09-23 11:36:08,long_queries,10.0
2026-09-23 11:36:08,long_transactions,10.0
2026-09-23 11:36:08,idle_sessions,18.0
2026-09-23 11:36:08,lock_waits,0.0
2026-09-23 11:36:08,total_locks,61.0
2026-09-23 11:36:08,deadlocks_per_sec,0.0
2026-09-23 11:36:08,page_life_expectancy,2183.0
2026-09-23 11:36:08,buffer_cache_hit_ratio,100.0
2026-09-23 11:36:08,transactions_per_sec,719.58
2026-09-23 11:36:08,page_reads_per_sec,0.0
2026-09-23 11:36:08,page_writes_per_sec,0.0
2026-09-23 11:36:08,rollbacks_per_sec,0.0
2026-09-23 11:36:08,batch_requests_per_sec,0.0
2026-09-23 11:36:08,sql_compilations_per_sec,0.0
2026-09-23 11:36:08,database_size_mb,0.0
2026-09-23 11:36:08,total_reads,1411.0
2026-09-23 11:36:08,total_writes,69750.0
2026-09-23 11:36:08,venta_locks,2.0
2026-09-23 11:36:08,detalle_venta_locks,0.0
2026-09-23 11:36:08,inventario_locks,0.0
2026-09-23 11:36:08,kardex_locks,0.0
2026-09-23 11:36:08,caja_locks,0.0
2026-09-23 11:36:08,movimiento_caja_locks,0.0
2026-09-23 11:36:08,auditoria_locks,0.0
2026-09-23 11:36:08,api_status,0.0
2026-09-23 11:36:08,api_latency_ms,4075.0
2026-09-23 11:36:08,products_count,0.0
2026-09-23 11:36:08,sales_count,0.0
2026-09-23 11:36:13,cpu_usr,6.8
2026-09-23 11:36:13,cpu_sys,44.0
2026-09-23 11:36:13,cpu_idl,48.1
2026-09-23 11:36:13,cpu_wai,0.0
2026-09-23 11:36:13,cpu_stl,0.0
2026-09-23 11:36:13,memory_percent,85.4
2026-09-23 11:36:13,memory_used_mb,13798.0
2026-09-23 11:36:13,memory_available_mb,2349.0
2026-09-23 11:36:13,disk_read_per_sec,16225.0
2026-09-23 11:36:13,disk_write_per_sec,1221691.0
2026-09-23 11:36:13,net_send_per_sec,3574.0
2026-09-23 11:36:13,net_recv_per_sec,3210.0
2026-09-23 11:36:13,load1,0.05
2026-09-23 11:36:13,load5,0.13
2026-09-23 11:36:13,load15,0.07
2026-09-23 11:36:13,active_sessions,22.0
2026-09-23 11:36:13,active_requests,14.0
2026-09-23 11:36:13,long_queries,10.0
2026-09-23 11:36:13,long_transactions,10.0
2026-09-23 11:36:13,idle_sessions,18.0
2026-09-23 11:36:13,lock_waits,0.0
2026-09-23 11:36:13,total_locks,48.0
2026-09-23 11:36:13,deadlocks_per_sec,0.0
2026-09-23 11:36:13,page_life_expectancy,2188.0
2026-09-23 11:36:13,buffer_cache_hit_ratio,100.0
2026-09-23 11:36:13,transactions_per_sec,719.49
2026-09-23 11:36:13,page_reads_per_sec,0.0
2026-09-23 11:36:13,page_writes_per_sec,0.0
2026-09-23 11:36:13,rollbacks_per_sec,0.0
2026-09-23 11:36:13,batch_requests_per_sec,0.0
2026-09-23 11:36:13,sql_compilations_per_sec,0.0
2026-09-23 11:36:13,database_size_mb,0.0
2026-09-23 11:36:13,total_reads,1411.0
2026-09-23 11:36:13,total_writes,70010.0
2026-09-23 11:36:13,venta_locks,0.0
2026-09-23 11:36:13,detalle_venta_locks,0.0
2026-09-23 11:36:13,inventario_locks,0.0
2026-09-23 11:36:13,kardex_locks,0.0
2026-09-23 11:36:13,caja_locks,0.0
2026-09-23 11:36:13,movimiento_caja_locks,0.0
2026-09-23 11:36:13,auditoria_locks,0.0
2026-09-23 11:36:13,api_status,0.0
2026-09-23 11:36:13,api_latency_ms,4075.0
2026-09-23 11:36:13,products_count,0.0
2026-09-23 11:36:13,sales_count,0.0
2026-09-23 11:36:19,cpu_usr,7.3
2026-09-23 11:36:19,cpu_sys,42.7
2026-09-23 11:36:19,cpu_idl,48.6
2026-09-23 11:36:19,cpu_wai,0.0
2026-09-23 11:36:19,cpu_stl,0.0
2026-09-23 11:36:19,memory_percent,85.5
2026-09-23 11:36:19,memory_used_mb,13798.0
2026-09-23 11:36:19,memory_available_mb,2349.0
2026-09-23 11:36:19,disk_read_per_sec,3957.0
2026-09-23 11:36:19,disk_write_per_sec,1580556.0
2026-09-23 11:36:19,net_send_per_sec,1305.0
2026-09-23 11:36:19,net_recv_per_sec,1532.0
2026-09-23 11:36:19,load1,0.53
2026-09-23 11:36:19,load5,0.23
2026-09-23 11:36:19,load15,0.1
2026-09-23 11:36:19,active_sessions,23.0
2026-09-23 11:36:19,active_requests,17.0
2026-09-23 11:36:19,long_queries,10.0
2026-09-23 11:36:19,long_transactions,10.0
2026-09-23 11:36:19,idle_sessions,16.0
2026-09-23 11:36:19,lock_waits,0.0
2026-09-23 11:36:19,total_locks,53.0
2026-09-23 11:36:19,deadlocks_per_sec,0.0
2026-09-23 11:36:19,page_life_expectancy,2194.0
2026-09-23 11:36:19,buffer_cache_hit_ratio,100.0
2026-09-23 11:36:19,transactions_per_sec,770.67
2026-09-23 11:36:19,page_reads_per_sec,0.0
2026-09-23 11:36:19,page_writes_per_sec,0.0
2026-09-23 11:36:19,rollbacks_per_sec,0.0
2026-09-23 11:36:19,batch_requests_per_sec,0.0
2026-09-23 11:36:19,sql_compilations_per_sec,0.0
2026-09-23 11:36:19,database_size_mb,0.0
2026-09-23 11:36:19,total_reads,1411.0
2026-09-23 11:36:19,total_writes,70277.0
2026-09-23 11:36:19,venta_locks,0.0
2026-09-23 11:36:19,detalle_venta_locks,0.0
2026-09-23 11:36:19,inventario_locks,0.0
2026-09-23 11:36:19,kardex_locks,0.0
2026-09-23 11:36:19,caja_locks,0.0
2026-09-23 11:36:19,movimiento_caja_locks,0.0
2026-09-23 11:36:19,auditoria_locks,0.0
2026-09-23 11:36:19,api_status,0.0
2026-09-23 11:36:19,api_latency_ms,4080.0
2026-09-23 11:36:19,products_count,0.0
2026-09-23 11:36:19,sales_count,0.0
2026-09-23 11:36:24,cpu_usr,7.7
2026-09-23 11:36:24,cpu_sys,43.2
2026-09-23 11:36:24,cpu_idl,47.4
2026-09-23 11:36:24,cpu_wai,0.0
2026-09-23 11:36:24,cpu_stl,0.0
2026-09-23 11:36:24,memory_percent,85.2
2026-09-23 11:36:24,memory_used_mb,13765.0
2026-09-23 11:36:24,memory_available_mb,2382.0
2026-09-23 11:36:24,disk_read_per_sec,3935.0
2026-09-23 11:36:24,disk_write_per_sec,1134317.0
2026-09-23 11:36:24,net_send_per_sec,1536.0
2026-09-23 11:36:24,net_recv_per_sec,1132.0
2026-09-23 11:36:24,load1,0.49
2026-09-23 11:36:24,load5,0.22
2026-09-23 11:36:24,load15,0.1
2026-09-23 11:36:24,active_sessions,23.0
2026-09-23 11:36:24,active_requests,20.0
2026-09-23 11:36:24,long_queries,10.0
2026-09-23 11:36:24,long_transactions,10.0
2026-09-23 11:36:24,idle_sessions,15.0
2026-09-23 11:36:24,lock_waits,0.0
2026-09-23 11:36:24,total_locks,58.0
2026-09-23 11:36:24,deadlocks_per_sec,0.0
2026-09-23 11:36:24,page_life_expectancy,2199.0
2026-09-23 11:36:24,buffer_cache_hit_ratio,100.0
2026-09-23 11:36:24,transactions_per_sec,788.72
2026-09-23 11:36:24,page_reads_per_sec,0.0
2026-09-23 11:36:24,page_writes_per_sec,0.0
2026-09-23 11:36:24,rollbacks_per_sec,0.0
2026-09-23 11:36:24,batch_requests_per_sec,0.0
2026-09-23 11:36:24,sql_compilations_per_sec,0.0
2026-09-23 11:36:24,database_size_mb,0.0
2026-09-23 11:36:24,total_reads,1411.0
2026-09-23 11:36:24,total_writes,70519.0
2026-09-23 11:36:24,venta_locks,0.0
2026-09-23 11:36:24,detalle_venta_locks,0.0
2026-09-23 11:36:24,inventario_locks,0.0
2026-09-23 11:36:24,kardex_locks,0.0
2026-09-23 11:36:24,caja_locks,0.0
2026-09-23 11:36:24,movimiento_caja_locks,0.0
2026-09-23 11:36:24,auditoria_locks,0.0
2026-09-23 11:36:24,api_status,0.0
2026-09-23 11:36:24,api_latency_ms,4080.0
2026-09-23 11:36:24,products_count,0.0
2026-09-23 11:36:24,sales_count,0.0
2026-09-23 11:36:29,cpu_usr,10.7
2026-09-23 11:36:29,cpu_sys,45.8
2026-09-23 11:36:29,cpu_idl,42.0
2026-09-23 11:36:29,cpu_wai,0.0
2026-09-23 11:36:29,cpu_stl,0.0
2026-09-23 11:36:29,memory_percent,85.3
2026-09-23 11:36:29,memory_used_mb,13769.0
2026-09-23 11:36:29,memory_available_mb,2378.0
2026-09-23 11:36:29,disk_read_per_sec,203655.0
2026-09-23 11:36:29,disk_write_per_sec,1270981.0
2026-09-23 11:36:29,net_send_per_sec,193.0
2026-09-23 11:36:29,net_recv_per_sec,286.0
2026-09-23 11:36:29,load1,0.45
2026-09-23 11:36:29,load5,0.22
2026-09-23 11:36:29,load15,0.1
2026-09-23 11:36:29,active_sessions,23.0
2026-09-23 11:36:29,active_requests,18.0
2026-09-23 11:36:29,long_queries,10.0
2026-09-23 11:36:29,long_transactions,10.0
2026-09-23 11:36:29,idle_sessions,15.0
2026-09-23 11:36:29,lock_waits,0.0
2026-09-23 11:36:29,total_locks,66.0
2026-09-23 11:36:29,deadlocks_per_sec,0.0
2026-09-23 11:36:29,page_life_expectancy,2204.0
2026-09-23 11:36:29,buffer_cache_hit_ratio,100.0
2026-09-23 11:36:29,transactions_per_sec,714.65
2026-09-23 11:36:29,page_reads_per_sec,0.0
2026-09-23 11:36:29,page_writes_per_sec,0.0
2026-09-23 11:36:29,rollbacks_per_sec,0.0
2026-09-23 11:36:29,batch_requests_per_sec,0.0
2026-09-23 11:36:29,sql_compilations_per_sec,0.0
2026-09-23 11:36:29,database_size_mb,0.0
2026-09-23 11:36:29,total_reads,1411.0
2026-09-23 11:36:29,total_writes,70731.0
2026-09-23 11:36:29,venta_locks,0.0
2026-09-23 11:36:29,detalle_venta_locks,0.0
2026-09-23 11:36:29,inventario_locks,0.0
2026-09-23 11:36:29,kardex_locks,0.0
2026-09-23 11:36:29,caja_locks,0.0
2026-09-23 11:36:29,movimiento_caja_locks,0.0
2026-09-23 11:36:29,auditoria_locks,0.0
2026-09-23 11:36:29,api_status,0.0
2026-09-23 11:36:29,api_latency_ms,4099.0
2026-09-23 11:36:29,products_count,0.0
2026-09-23 11:36:29,sales_count,0.0
2026-09-23 11:36:34,cpu_usr,8.7
2026-09-23 11:36:34,cpu_sys,43.8
2026-09-23 11:36:34,cpu_idl,46.1
2026-09-23 11:36:34,cpu_wai,0.0
2026-09-23 11:36:34,cpu_stl,0.0
2026-09-23 11:36:34,memory_percent,85.3
2026-09-23 11:36:34,memory_used_mb,13779.0
2026-09-23 11:36:34,memory_available_mb,2369.0
2026-09-23 11:36:34,disk_read_per_sec,7049.0
2026-09-23 11:36:34,disk_write_per_sec,1690534.0
2026-09-23 11:36:34,net_send_per_sec,178.0
2026-09-23 11:36:34,net_recv_per_sec,205.0
2026-09-23 11:36:34,load1,0.41
2026-09-23 11:36:34,load5,0.21
2026-09-23 11:36:34,load15,0.1
2026-09-23 11:36:34,active_sessions,22.0
2026-09-23 11:36:34,active_requests,14.0
2026-09-23 11:36:34,long_queries,10.0
2026-09-23 11:36:34,long_transactions,10.0
2026-09-23 11:36:34,idle_sessions,17.0
2026-09-23 11:36:34,lock_waits,0.0
2026-09-23 11:36:34,total_locks,29.0
2026-09-23 11:36:34,deadlocks_per_sec,0.0
2026-09-23 11:36:34,page_life_expectancy,2209.0
2026-09-23 11:36:34,buffer_cache_hit_ratio,100.0
2026-09-23 11:36:34,transactions_per_sec,718.71
2026-09-23 11:36:34,page_reads_per_sec,0.0
2026-09-23 11:36:34,page_writes_per_sec,0.0
2026-09-23 11:36:34,rollbacks_per_sec,0.0
2026-09-23 11:36:34,batch_requests_per_sec,0.0
2026-09-23 11:36:34,sql_compilations_per_sec,0.0
2026-09-23 11:36:34,database_size_mb,0.0
2026-09-23 11:36:34,total_reads,1411.0
2026-09-23 11:36:34,total_writes,70971.0
2026-09-23 11:36:34,venta_locks,0.0
2026-09-23 11:36:34,detalle_venta_locks,0.0
2026-09-23 11:36:34,inventario_locks,0.0
2026-09-23 11:36:34,kardex_locks,0.0
2026-09-23 11:36:34,caja_locks,0.0
2026-09-23 11:36:34,movimiento_caja_locks,0.0
2026-09-23 11:36:34,auditoria_locks,0.0
2026-09-23 11:36:34,api_status,0.0
2026-09-23 11:36:34,api_latency_ms,4099.0
2026-09-23 11:36:34,products_count,0.0
2026-09-23 11:36:34,sales_count,0.0
2026-09-23 11:36:40,cpu_usr,9.8
2026-09-23 11:36:40,cpu_sys,43.9
2026-09-23 11:36:40,cpu_idl,45.0
2026-09-23 11:36:40,cpu_wai,0.0
2026-09-23 11:36:40,cpu_stl,0.0
2026-09-23 11:36:40,memory_percent,86.2
2026-09-23 11:36:40,memory_used_mb,13912.0
2026-09-23 11:36:40,memory_available_mb,2236.0
2026-09-23 11:36:40,disk_read_per_sec,48518.0
2026-09-23 11:36:40,disk_write_per_sec,5363213.0
2026-09-23 11:36:40,net_send_per_sec,1391.0
2026-09-23 11:36:40,net_recv_per_sec,1557.0
2026-09-23 11:36:40,load1,0.46
2026-09-23 11:36:40,load5,0.23
2026-09-23 11:36:40,load15,0.1
2026-09-23 11:36:40,active_sessions,22.0
2026-09-23 11:36:40,active_requests,18.0
2026-09-23 11:36:40,long_queries,10.0
2026-09-23 11:36:40,long_transactions,10.0
2026-09-23 11:36:40,idle_sessions,15.0
2026-09-23 11:36:40,lock_waits,0.0
2026-09-23 11:36:40,total_locks,29.0
2026-09-23 11:36:40,deadlocks_per_sec,0.0
2026-09-23 11:36:40,page_life_expectancy,2215.0
2026-09-23 11:36:40,buffer_cache_hit_ratio,100.0
2026-09-23 11:36:40,transactions_per_sec,745.15
2026-09-23 11:36:40,page_reads_per_sec,0.0
2026-09-23 11:36:40,page_writes_per_sec,0.0
2026-09-23 11:36:40,rollbacks_per_sec,0.0
2026-09-23 11:36:40,batch_requests_per_sec,0.0
2026-09-23 11:36:40,sql_compilations_per_sec,0.0
2026-09-23 11:36:40,database_size_mb,0.0
2026-09-23 11:36:40,total_reads,1411.0
2026-09-23 11:36:40,total_writes,71183.0
2026-09-23 11:36:40,venta_locks,5.0
2026-09-23 11:36:40,detalle_venta_locks,0.0
2026-09-23 11:36:40,inventario_locks,0.0
2026-09-23 11:36:40,kardex_locks,0.0
2026-09-23 11:36:40,caja_locks,0.0
2026-09-23 11:36:40,movimiento_caja_locks,0.0
2026-09-23 11:36:40,auditoria_locks,0.0
2026-09-23 11:36:40,max_server_memory,4096.0
2026-09-23 11:36:40,user_connections_setting,0.0
2026-09-23 11:36:40,cost_threshold,5.0
2026-09-23 11:36:40,api_status,0.0
2026-09-23 11:36:40,api_latency_ms,4099.0
2026-09-23 11:36:40,products_count,0.0
2026-09-23 11:36:40,sales_count,0.0
2026-09-23 11:36:45,cpu_usr,12.3
2026-09-23 11:36:45,cpu_sys,44.5
2026-09-23 11:36:45,cpu_idl,41.5
2026-09-23 11:36:45,cpu_wai,0.0
2026-09-23 11:36:45,cpu_stl,0.0
2026-09-23 11:36:45,memory_percent,86.8
2026-09-23 11:36:45,memory_used_mb,14019.0
2026-09-23 11:36:45,memory_available_mb,2128.0
2026-09-23 11:36:45,disk_read_per_sec,279374.0
2026-09-23 11:36:45,disk_write_per_sec,1839118.0
2026-09-23 11:36:45,net_send_per_sec,986.0
2026-09-23 11:36:45,net_recv_per_sec,3597.0
2026-09-23 11:36:45,load1,0.42
2026-09-23 11:36:45,load5,0.22
2026-09-23 11:36:45,load15,0.1
2026-09-23 11:36:45,active_sessions,23.0
2026-09-23 11:36:45,active_requests,17.0
2026-09-23 11:36:45,long_queries,10.0
2026-09-23 11:36:45,long_transactions,10.0
2026-09-23 11:36:45,idle_sessions,16.0
2026-09-23 11:36:45,lock_waits,0.0
2026-09-23 11:36:45,total_locks,39.0
2026-09-23 11:36:45,deadlocks_per_sec,0.0
2026-09-23 11:36:45,page_life_expectancy,2220.0
2026-09-23 11:36:45,buffer_cache_hit_ratio,100.0
2026-09-23 11:36:45,transactions_per_sec,709.39
2026-09-23 11:36:45,page_reads_per_sec,0.0
2026-09-23 11:36:45,page_writes_per_sec,0.0
2026-09-23 11:36:45,rollbacks_per_sec,0.0
2026-09-23 11:36:45,batch_requests_per_sec,0.0
2026-09-23 11:36:45,sql_compilations_per_sec,0.0
2026-09-23 11:36:45,database_size_mb,0.0
2026-09-23 11:36:45,total_reads,1411.0
2026-09-23 11:36:45,total_writes,71437.0
2026-09-23 11:36:45,venta_locks,1.0
2026-09-23 11:36:45,detalle_venta_locks,0.0
2026-09-23 11:36:45,inventario_locks,0.0
2026-09-23 11:36:45,kardex_locks,0.0
2026-09-23 11:36:45,caja_locks,0.0
2026-09-23 11:36:45,movimiento_caja_locks,0.0
2026-09-23 11:36:45,auditoria_locks,0.0
2026-09-23 11:36:45,api_status,0.0
2026-09-23 11:36:45,api_latency_ms,4077.0
2026-09-23 11:36:45,products_count,0.0
2026-09-23 11:36:45,sales_count,0.0
2026-09-23 11:36:50,cpu_usr,8.8
2026-09-23 11:36:50,cpu_sys,45.1
2026-09-23 11:36:50,cpu_idl,44.6
2026-09-23 11:36:50,cpu_wai,0.0
2026-09-23 11:36:50,cpu_stl,0.0
2026-09-23 11:36:50,memory_percent,86.6
2026-09-23 11:36:50,memory_used_mb,13979.0
2026-09-23 11:36:50,memory_available_mb,2168.0
2026-09-23 11:36:50,disk_read_per_sec,99341.0
2026-09-23 11:36:50,disk_write_per_sec,6258576.0
2026-09-23 11:36:50,net_send_per_sec,2368.0
2026-09-23 11:36:50,net_recv_per_sec,1875.0
2026-09-23 11:36:50,load1,0.36
2026-09-23 11:36:50,load5,0.22
2026-09-23 11:36:50,load15,0.1
2026-09-23 11:36:50,active_sessions,23.0
2026-09-23 11:36:50,active_requests,17.0
2026-09-23 11:36:50,long_queries,10.0
2026-09-23 11:36:50,long_transactions,10.0
2026-09-23 11:36:50,idle_sessions,18.0
2026-09-23 11:36:50,lock_waits,0.0
2026-09-23 11:36:50,total_locks,44.0
2026-09-23 11:36:50,deadlocks_per_sec,0.0
2026-09-23 11:36:50,page_life_expectancy,2225.0
2026-09-23 11:36:50,buffer_cache_hit_ratio,100.0
2026-09-23 11:36:50,transactions_per_sec,761.65
2026-09-23 11:36:50,page_reads_per_sec,0.0
2026-09-23 11:36:50,page_writes_per_sec,0.0
2026-09-23 11:36:50,rollbacks_per_sec,0.0
2026-09-23 11:36:50,batch_requests_per_sec,0.0
2026-09-23 11:36:50,sql_compilations_per_sec,0.0
2026-09-23 11:36:50,database_size_mb,0.0
2026-09-23 11:36:50,total_reads,1411.0
2026-09-23 11:36:50,total_writes,71718.0
2026-09-23 11:36:50,venta_locks,0.0
2026-09-23 11:36:50,detalle_venta_locks,0.0
2026-09-23 11:36:50,inventario_locks,0.0
2026-09-23 11:36:50,kardex_locks,0.0
2026-09-23 11:36:50,caja_locks,0.0
2026-09-23 11:36:50,movimiento_caja_locks,0.0
2026-09-23 11:36:50,auditoria_locks,0.0
2026-09-23 11:36:50,api_status,0.0
2026-09-23 11:36:50,api_latency_ms,4077.0
2026-09-23 11:36:50,products_count,0.0
2026-09-23 11:36:50,sales_count,0.0
2026-09-23 11:36:56,cpu_usr,9.6
2026-09-23 11:36:56,cpu_sys,44.9
2026-09-23 11:36:56,cpu_idl,44.0
2026-09-23 11:36:56,cpu_wai,0.0
2026-09-23 11:36:56,cpu_stl,0.0
2026-09-23 11:36:56,memory_percent,86.4
2026-09-23 11:36:56,memory_used_mb,13953.0
2026-09-23 11:36:56,memory_available_mb,2194.0
2026-09-23 11:36:56,disk_read_per_sec,236692.0
2026-09-23 11:36:56,disk_write_per_sec,6701952.0
2026-09-23 11:36:56,net_send_per_sec,2498.0
2026-09-23 11:36:56,net_recv_per_sec,4960.0
2026-09-23 11:36:56,load1,0.33
2026-09-23 11:36:56,load5,0.21
2026-09-23 11:36:56,load15,0.1
2026-09-23 11:36:56,active_sessions,22.0
2026-09-23 11:36:56,active_requests,17.0
2026-09-23 11:36:56,long_queries,10.0
2026-09-23 11:36:56,long_transactions,10.0
2026-09-23 11:36:56,idle_sessions,17.0
2026-09-23 11:36:56,lock_waits,0.0
2026-09-23 11:36:56,total_locks,47.0
2026-09-23 11:36:56,deadlocks_per_sec,0.0
2026-09-23 11:36:56,page_life_expectancy,2231.0
2026-09-23 11:36:56,buffer_cache_hit_ratio,100.0
2026-09-23 11:36:56,transactions_per_sec,724.39
2026-09-23 11:36:56,page_reads_per_sec,0.0
2026-09-23 11:36:56,page_writes_per_sec,0.0
2026-09-23 11:36:56,rollbacks_per_sec,0.0
2026-09-23 11:36:56,batch_requests_per_sec,0.0
2026-09-23 11:36:56,sql_compilations_per_sec,0.0
2026-09-23 11:36:56,database_size_mb,0.0
2026-09-23 11:36:56,total_reads,1411.0
2026-09-23 11:36:56,total_writes,71973.0
2026-09-23 11:36:56,venta_locks,0.0
2026-09-23 11:36:56,detalle_venta_locks,0.0
2026-09-23 11:36:56,inventario_locks,0.0
2026-09-23 11:36:56,kardex_locks,0.0
2026-09-23 11:36:56,caja_locks,0.0
2026-09-23 11:36:56,movimiento_caja_locks,0.0
2026-09-23 11:36:56,auditoria_locks,0.0
2026-09-23 11:36:56,api_status,0.0
2026-09-23 11:36:56,api_latency_ms,4076.0
2026-09-23 11:36:56,products_count,0.0
2026-09-23 11:36:56,sales_count,0.0
2026-09-23 11:37:01,cpu_usr,11.9
2026-09-23 11:37:01,cpu_sys,43.9
2026-09-23 11:37:01,cpu_idl,42.8
2026-09-23 11:37:01,cpu_wai,0.0
2026-09-23 11:37:01,cpu_stl,0.0
2026-09-23 11:37:01,memory_percent,86.6
2026-09-23 11:37:01,memory_used_mb,13991.0
2026-09-23 11:37:01,memory_available_mb,2157.0
2026-09-23 11:37:01,disk_read_per_sec,31378.0
2026-09-23 11:37:01,disk_write_per_sec,1610030.0
2026-09-23 11:37:01,net_send_per_sec,975.0
2026-09-23 11:37:01,net_recv_per_sec,501.0
2026-09-23 11:37:01,load1,0.3
2026-09-23 11:37:01,load5,0.21
2026-09-23 11:37:01,load15,0.1
2026-09-23 11:37:01,active_sessions,23.0
2026-09-23 11:37:01,active_requests,17.0
2026-09-23 11:37:01,long_queries,10.0
2026-09-23 11:37:01,long_transactions,10.0
2026-09-23 11:37:01,idle_sessions,15.0
2026-09-23 11:37:01,lock_waits,0.0
2026-09-23 11:37:01,total_locks,53.0
2026-09-23 11:37:01,deadlocks_per_sec,0.0
2026-09-23 11:37:01,page_life_expectancy,2236.0
2026-09-23 11:37:01,buffer_cache_hit_ratio,100.0
2026-09-23 11:37:01,transactions_per_sec,736.74
2026-09-23 11:37:01,page_reads_per_sec,0.0
2026-09-23 11:37:01,page_writes_per_sec,0.0
2026-09-23 11:37:01,rollbacks_per_sec,0.0
2026-09-23 11:37:01,batch_requests_per_sec,0.0
2026-09-23 11:37:01,sql_compilations_per_sec,0.0
2026-09-23 11:37:01,database_size_mb,0.0
2026-09-23 11:37:01,total_reads,1411.0
2026-09-23 11:37:01,total_writes,72218.0
2026-09-23 11:37:01,venta_locks,0.0
2026-09-23 11:37:01,detalle_venta_locks,0.0
2026-09-23 11:37:01,inventario_locks,0.0
2026-09-23 11:37:01,kardex_locks,0.0
2026-09-23 11:37:01,caja_locks,0.0
2026-09-23 11:37:01,movimiento_caja_locks,0.0
2026-09-23 11:37:01,auditoria_locks,0.0
2026-09-23 11:37:01,api_status,0.0
2026-09-23 11:37:01,api_latency_ms,4076.0
2026-09-23 11:37:01,products_count,0.0
2026-09-23 11:37:01,sales_count,0.0
2026-09-23 11:37:06,cpu_usr,14.3
2026-09-23 11:37:06,cpu_sys,45.4
2026-09-23 11:37:06,cpu_idl,38.4
2026-09-23 11:37:06,cpu_wai,0.0
2026-09-23 11:37:06,cpu_stl,0.0
2026-09-23 11:37:06,memory_percent,87.0
2026-09-23 11:37:06,memory_used_mb,14043.0
2026-09-23 11:37:06,memory_available_mb,2104.0
2026-09-23 11:37:06,disk_read_per_sec,333996.0
2026-09-23 11:37:06,disk_write_per_sec,6039172.0
2026-09-23 11:37:06,net_send_per_sec,428.0
2026-09-23 11:37:06,net_recv_per_sec,501.0
2026-09-23 11:37:06,load1,0.28
2026-09-23 11:37:06,load5,0.21
2026-09-23 11:37:06,load15,0.1
2026-09-23 11:37:06,active_sessions,23.0
2026-09-23 11:37:06,active_requests,15.0
2026-09-23 11:37:06,long_queries,10.0
2026-09-23 11:37:06,long_transactions,10.0
2026-09-23 11:37:06,idle_sessions,17.0
2026-09-23 11:37:06,lock_waits,3.0
2026-09-23 11:37:06,total_locks,31.0
2026-09-23 11:37:06,deadlocks_per_sec,0.0
2026-09-23 11:37:06,page_life_expectancy,2241.0
2026-09-23 11:37:06,buffer_cache_hit_ratio,100.0
2026-09-23 11:37:06,transactions_per_sec,698.06
2026-09-23 11:37:06,page_reads_per_sec,0.0
2026-09-23 11:37:06,page_writes_per_sec,0.0
2026-09-23 11:37:06,rollbacks_per_sec,0.0
2026-09-23 11:37:06,batch_requests_per_sec,0.0
2026-09-23 11:37:06,sql_compilations_per_sec,0.0
2026-09-23 11:37:06,database_size_mb,0.0
2026-09-23 11:37:06,total_reads,1411.0
2026-09-23 11:37:06,total_writes,72446.0
2026-09-23 11:37:06,venta_locks,0.0
2026-09-23 11:37:06,detalle_venta_locks,0.0
2026-09-23 11:37:06,inventario_locks,0.0
2026-09-23 11:37:06,kardex_locks,0.0
2026-09-23 11:37:06,caja_locks,0.0
2026-09-23 11:37:06,movimiento_caja_locks,0.0
2026-09-23 11:37:06,auditoria_locks,0.0
2026-09-23 11:37:06,api_status,0.0
2026-09-23 11:37:06,api_latency_ms,4076.0
2026-09-23 11:37:06,products_count,0.0
2026-09-23 11:37:06,sales_count,0.0
2026-09-23 11:37:12,cpu_usr,11.1
2026-09-23 11:37:12,cpu_sys,43.9
2026-09-23 11:37:12,cpu_idl,43.8
2026-09-23 11:37:12,cpu_wai,0.0
2026-09-23 11:37:12,cpu_stl,0.0
2026-09-23 11:37:12,memory_percent,87.0
2026-09-23 11:37:12,memory_used_mb,14046.0
2026-09-23 11:37:12,memory_available_mb,2102.0
2026-09-23 11:37:12,disk_read_per_sec,23519.0
2026-09-23 11:37:12,disk_write_per_sec,1349846.0
2026-09-23 11:37:12,net_send_per_sec,985.0
2026-09-23 11:37:12,net_recv_per_sec,525.0
2026-09-23 11:37:12,load1,0.26
2026-09-23 11:37:12,load5,0.2
2026-09-23 11:37:12,load15,0.1
2026-09-23 11:37:12,active_sessions,22.0
2026-09-23 11:37:12,active_requests,17.0
2026-09-23 11:37:12,long_queries,10.0
2026-09-23 11:37:12,long_transactions,10.0
2026-09-23 11:37:12,idle_sessions,16.0
2026-09-23 11:37:12,lock_waits,1.0
2026-09-23 11:37:12,total_locks,44.0
2026-09-23 11:37:12,deadlocks_per_sec,0.0
2026-09-23 11:37:12,page_life_expectancy,2246.0
2026-09-23 11:37:12,buffer_cache_hit_ratio,100.0
2026-09-23 11:37:12,transactions_per_sec,704.28
2026-09-23 11:37:12,page_reads_per_sec,0.0
2026-09-23 11:37:12,page_writes_per_sec,0.0
2026-09-23 11:37:12,rollbacks_per_sec,0.0
2026-09-23 11:37:12,batch_requests_per_sec,0.0
2026-09-23 11:37:12,sql_compilations_per_sec,0.0
2026-09-23 11:37:12,database_size_mb,0.0
2026-09-23 11:37:12,total_reads,1411.0
2026-09-23 11:37:12,total_writes,72690.0
2026-09-23 11:37:12,venta_locks,0.0
2026-09-23 11:37:12,detalle_venta_locks,0.0
2026-09-23 11:37:12,inventario_locks,1.0
2026-09-23 11:37:12,kardex_locks,0.0
2026-09-23 11:37:12,caja_locks,0.0
2026-09-23 11:37:12,movimiento_caja_locks,0.0
2026-09-23 11:37:12,auditoria_locks,0.0
2026-09-23 11:37:12,api_status,0.0
2026-09-23 11:37:12,api_latency_ms,4045.0
2026-09-23 11:37:12,products_count,0.0
2026-09-23 11:37:12,sales_count,0.0
2026-09-23 11:37:17,cpu_usr,14.9
2026-09-23 11:37:17,cpu_sys,37.2
2026-09-23 11:37:17,cpu_idl,46.1
2026-09-23 11:37:17,cpu_wai,0.0
2026-09-23 11:37:17,cpu_stl,0.0
2026-09-23 11:37:17,memory_percent,88.3
2026-09-23 11:37:17,memory_used_mb,14251.0
2026-09-23 11:37:17,memory_available_mb,1897.0
2026-09-23 11:37:17,disk_read_per_sec,22641.0
2026-09-23 11:37:17,disk_write_per_sec,797573.0
2026-09-23 11:37:17,net_send_per_sec,5425.0
2026-09-23 11:37:17,net_recv_per_sec,1524.0
2026-09-23 11:37:17,load1,0.24
2026-09-23 11:37:17,load5,0.2
2026-09-23 11:37:17,load15,0.1
2026-09-23 11:37:17,active_sessions,22.0
2026-09-23 11:37:17,active_requests,17.0
2026-09-23 11:37:17,long_queries,10.0
2026-09-23 11:37:17,long_transactions,10.0
2026-09-23 11:37:17,idle_sessions,15.0
2026-09-23 11:37:17,lock_waits,0.0
2026-09-23 11:37:17,total_locks,45.0
2026-09-23 11:37:17,deadlocks_per_sec,0.0
2026-09-23 11:37:17,page_life_expectancy,2252.0
2026-09-23 11:37:17,buffer_cache_hit_ratio,100.0
2026-09-23 11:37:17,transactions_per_sec,464.97
2026-09-23 11:37:17,page_reads_per_sec,0.0
2026-09-23 11:37:17,page_writes_per_sec,0.0
2026-09-23 11:37:17,rollbacks_per_sec,0.0
2026-09-23 11:37:17,batch_requests_per_sec,0.0
2026-09-23 11:37:17,sql_compilations_per_sec,0.0
2026-09-23 11:37:17,database_size_mb,0.0
2026-09-23 11:37:17,total_reads,1411.0
2026-09-23 11:37:17,total_writes,72846.0
2026-09-23 11:37:17,venta_locks,0.0
2026-09-23 11:37:17,detalle_venta_locks,0.0
2026-09-23 11:37:17,inventario_locks,0.0
2026-09-23 11:37:17,kardex_locks,0.0
2026-09-23 11:37:17,caja_locks,0.0
2026-09-23 11:37:17,movimiento_caja_locks,0.0
2026-09-23 11:37:17,auditoria_locks,0.0
2026-09-23 11:37:17,api_status,0.0
2026-09-23 11:37:17,api_latency_ms,4045.0
2026-09-23 11:37:17,products_count,0.0
2026-09-23 11:37:17,sales_count,0.0
2026-09-23 11:37:22,cpu_usr,12.2
2026-09-23 11:37:22,cpu_sys,44.2
2026-09-23 11:37:22,cpu_idl,40.9
2026-09-23 11:37:22,cpu_wai,0.0
2026-09-23 11:37:22,cpu_stl,0.0
2026-09-23 11:37:22,memory_percent,88.6
2026-09-23 11:37:22,memory_used_mb,14299.0
2026-09-23 11:37:22,memory_available_mb,1848.0
2026-09-23 11:37:22,disk_read_per_sec,3295897.0
2026-09-23 11:37:22,disk_write_per_sec,4197627.0
2026-09-23 11:37:22,net_send_per_sec,11195.0
2026-09-23 11:37:22,net_recv_per_sec,69502.0
2026-09-23 11:37:22,load1,0.3
2026-09-23 11:37:22,load5,0.21
2026-09-23 11:37:22,load15,0.1
2026-09-23 11:37:22,active_sessions,22.0
2026-09-23 11:37:22,active_requests,17.0
2026-09-23 11:37:22,long_queries,10.0
2026-09-23 11:37:22,long_transactions,10.0
2026-09-23 11:37:22,idle_sessions,16.0
2026-09-23 11:37:22,lock_waits,3.0
2026-09-23 11:37:22,total_locks,51.0
2026-09-23 11:37:22,deadlocks_per_sec,0.0
2026-09-23 11:37:22,page_life_expectancy,2258.0
2026-09-23 11:37:22,buffer_cache_hit_ratio,100.0
2026-09-23 11:37:22,transactions_per_sec,716.91
2026-09-23 11:37:22,page_reads_per_sec,0.0
2026-09-23 11:37:22,page_writes_per_sec,0.0
2026-09-23 11:37:22,rollbacks_per_sec,0.0
2026-09-23 11:37:22,batch_requests_per_sec,0.0
2026-09-23 11:37:22,sql_compilations_per_sec,0.0
2026-09-23 11:37:22,database_size_mb,0.0
2026-09-23 11:37:22,total_reads,1411.0
2026-09-23 11:37:22,total_writes,73061.0
2026-09-23 11:37:22,venta_locks,0.0
2026-09-23 11:37:22,detalle_venta_locks,0.0
2026-09-23 11:37:22,inventario_locks,0.0
2026-09-23 11:37:22,kardex_locks,0.0
2026-09-23 11:37:22,caja_locks,0.0
2026-09-23 11:37:22,movimiento_caja_locks,0.0
2026-09-23 11:37:22,auditoria_locks,0.0
2026-09-23 11:37:22,api_status,0.0
2026-09-23 11:37:22,api_latency_ms,4056.0
2026-09-23 11:37:22,products_count,0.0
2026-09-23 11:37:22,sales_count,0.0
2026-09-23 11:37:28,cpu_usr,11.4
2026-09-23 11:37:28,cpu_sys,47.8
2026-09-23 11:37:28,cpu_idl,38.7
2026-09-23 11:37:28,cpu_wai,0.0
2026-09-23 11:37:28,cpu_stl,0.0
2026-09-23 11:37:28,memory_percent,87.4
2026-09-23 11:37:28,memory_used_mb,14116.0
2026-09-23 11:37:28,memory_available_mb,2032.0
2026-09-23 11:37:28,disk_read_per_sec,1609818.0
2026-09-23 11:37:28,disk_write_per_sec,3409168.0
2026-09-23 11:37:28,net_send_per_sec,1379.0
2026-09-23 11:37:28,net_recv_per_sec,1089.0
2026-09-23 11:37:28,load1,0.27
2026-09-23 11:37:28,load5,0.21
2026-09-23 11:37:28,load15,0.1
2026-09-23 11:37:28,active_sessions,22.0
2026-09-23 11:37:28,active_requests,14.0
2026-09-23 11:37:28,long_queries,10.0
2026-09-23 11:37:28,long_transactions,10.0
2026-09-23 11:37:28,idle_sessions,16.0
2026-09-23 11:37:28,lock_waits,0.0
2026-09-23 11:37:28,total_locks,34.0
2026-09-23 11:37:28,deadlocks_per_sec,0.0
2026-09-23 11:37:28,page_life_expectancy,2263.0
2026-09-23 11:37:28,buffer_cache_hit_ratio,100.0
2026-09-23 11:37:28,transactions_per_sec,645.52
2026-09-23 11:37:28,page_reads_per_sec,0.0
2026-09-23 11:37:28,page_writes_per_sec,0.0
2026-09-23 11:37:28,rollbacks_per_sec,0.0
2026-09-23 11:37:28,batch_requests_per_sec,0.0
2026-09-23 11:37:28,sql_compilations_per_sec,0.0
2026-09-23 11:37:28,database_size_mb,0.0
2026-09-23 11:37:28,total_reads,1411.0
2026-09-23 11:37:28,total_writes,73257.0
2026-09-23 11:37:28,venta_locks,0.0
2026-09-23 11:37:28,detalle_venta_locks,0.0
2026-09-23 11:37:28,inventario_locks,0.0
2026-09-23 11:37:28,kardex_locks,0.0
2026-09-23 11:37:28,caja_locks,0.0
2026-09-23 11:37:28,movimiento_caja_locks,0.0
2026-09-23 11:37:28,auditoria_locks,0.0
2026-09-23 11:37:28,api_status,0.0
2026-09-23 11:37:28,api_latency_ms,4056.0
2026-09-23 11:37:28,products_count,0.0
2026-09-23 11:37:28,sales_count,0.0
2026-09-23 11:37:33,cpu_usr,12.1
2026-09-23 11:37:33,cpu_sys,47.1
2026-09-23 11:37:33,cpu_idl,38.6
2026-09-23 11:37:33,cpu_wai,0.0
2026-09-23 11:37:33,cpu_stl,0.0
2026-09-23 11:37:33,memory_percent,87.8
2026-09-23 11:37:33,memory_used_mb,14178.0
2026-09-23 11:37:33,memory_available_mb,1969.0
2026-09-23 11:37:33,disk_read_per_sec,1131465.0
2026-09-23 11:37:33,disk_write_per_sec,1430784.0
2026-09-23 11:37:33,net_send_per_sec,8200.0
2026-09-23 11:37:33,net_recv_per_sec,9926.0
2026-09-23 11:37:33,load1,0.25
2026-09-23 11:37:33,load5,0.21
2026-09-23 11:37:33,load15,0.1
2026-09-23 11:37:33,active_sessions,22.0
2026-09-23 11:37:33,active_requests,17.0
2026-09-23 11:37:33,long_queries,10.0
2026-09-23 11:37:33,long_transactions,10.0
2026-09-23 11:37:33,idle_sessions,16.0
2026-09-23 11:37:33,lock_waits,0.0
2026-09-23 11:37:33,total_locks,52.0
2026-09-23 11:37:33,deadlocks_per_sec,0.0
2026-09-23 11:37:33,page_life_expectancy,2269.0
2026-09-23 11:37:33,buffer_cache_hit_ratio,100.0
2026-09-23 11:37:33,transactions_per_sec,697.54
2026-09-23 11:37:33,page_reads_per_sec,0.0
2026-09-23 11:37:33,page_writes_per_sec,0.0
2026-09-23 11:37:33,rollbacks_per_sec,0.0
2026-09-23 11:37:33,batch_requests_per_sec,0.0
2026-09-23 11:37:33,sql_compilations_per_sec,0.0
2026-09-23 11:37:33,database_size_mb,0.0
2026-09-23 11:37:33,total_reads,1411.0
2026-09-23 11:37:33,total_writes,73452.0
2026-09-23 11:37:33,venta_locks,0.0
2026-09-23 11:37:33,detalle_venta_locks,0.0
2026-09-23 11:37:33,inventario_locks,0.0
2026-09-23 11:37:33,kardex_locks,0.0
2026-09-23 11:37:33,caja_locks,0.0
2026-09-23 11:37:33,movimiento_caja_locks,0.0
2026-09-23 11:37:33,auditoria_locks,0.0
2026-09-23 11:37:33,api_status,0.0
2026-09-23 11:37:33,api_latency_ms,4056.0
2026-09-23 11:37:33,products_count,0.0
2026-09-23 11:37:33,sales_count,0.0
2026-09-23 11:37:38,cpu_usr,18.4
2026-09-23 11:37:38,cpu_sys,48.8
2026-09-23 11:37:38,cpu_idl,31.1
2026-09-23 11:37:38,cpu_wai,0.0
2026-09-23 11:37:38,cpu_stl,0.0
2026-09-23 11:37:38,memory_percent,87.5
2026-09-23 11:37:38,memory_used_mb,14131.0
2026-09-23 11:37:38,memory_available_mb,2016.0
2026-09-23 11:37:38,disk_read_per_sec,469826.0
2026-09-23 11:37:38,disk_write_per_sec,2249695.0
2026-09-23 11:37:38,net_send_per_sec,2943.0
2026-09-23 11:37:38,net_recv_per_sec,2865.0
2026-09-23 11:37:38,load1,0.23
2026-09-23 11:37:38,load5,0.2
2026-09-23 11:37:38,load15,0.1
2026-09-23 11:37:38,active_sessions,22.0
2026-09-23 11:37:38,active_requests,19.0
2026-09-23 11:37:38,long_queries,10.0
2026-09-23 11:37:38,long_transactions,10.0
2026-09-23 11:37:38,idle_sessions,16.0
2026-09-23 11:37:38,lock_waits,0.0
2026-09-23 11:37:38,total_locks,83.0
2026-09-23 11:37:38,deadlocks_per_sec,0.0
2026-09-23 11:37:38,page_life_expectancy,2274.0
2026-09-23 11:37:38,buffer_cache_hit_ratio,100.0
2026-09-23 11:37:38,transactions_per_sec,639.76
2026-09-23 11:37:38,page_reads_per_sec,0.0
2026-09-23 11:37:38,page_writes_per_sec,0.0
2026-09-23 11:37:38,rollbacks_per_sec,0.0
2026-09-23 11:37:38,batch_requests_per_sec,0.0
2026-09-23 11:37:38,sql_compilations_per_sec,0.0
2026-09-23 11:37:38,database_size_mb,0.0
2026-09-23 11:37:38,total_reads,1411.0
2026-09-23 11:37:38,total_writes,73649.0
2026-09-23 11:37:38,venta_locks,3.0
2026-09-23 11:37:38,detalle_venta_locks,0.0
2026-09-23 11:37:38,inventario_locks,0.0
2026-09-23 11:37:38,kardex_locks,0.0
2026-09-23 11:37:38,caja_locks,0.0
2026-09-23 11:37:38,movimiento_caja_locks,0.0
2026-09-23 11:37:38,auditoria_locks,0.0
2026-09-23 11:37:38,api_status,0.0
2026-09-23 11:37:38,api_latency_ms,4069.0
2026-09-23 11:37:38,products_count,0.0
2026-09-23 11:37:38,sales_count,0.0
2026-09-23 11:37:44,cpu_usr,17.6
2026-09-23 11:37:44,cpu_sys,44.0
2026-09-23 11:37:44,cpu_idl,37.1
2026-09-23 11:37:44,cpu_wai,0.0
2026-09-23 11:37:44,cpu_stl,0.0
2026-09-23 11:37:44,memory_percent,87.3
2026-09-23 11:37:44,memory_used_mb,14098.0
2026-09-23 11:37:44,memory_available_mb,2049.0
2026-09-23 11:37:44,disk_read_per_sec,1220581.0
2026-09-23 11:37:44,disk_write_per_sec,1117258.0
2026-09-23 11:37:44,net_send_per_sec,12425.0
2026-09-23 11:37:44,net_recv_per_sec,64802.0
2026-09-23 11:37:44,load1,0.21
2026-09-23 11:37:44,load5,0.2
2026-09-23 11:37:44,load15,0.1
2026-09-23 11:37:44,active_sessions,14.0
2026-09-23 11:37:44,active_requests,11.0
2026-09-23 11:37:44,long_queries,10.0
2026-09-23 11:37:44,long_transactions,10.0
2026-09-23 11:37:44,idle_sessions,13.0
2026-09-23 11:37:44,lock_waits,0.0
2026-09-23 11:37:44,total_locks,3.0
2026-09-23 11:37:44,deadlocks_per_sec,0.0
2026-09-23 11:37:44,page_life_expectancy,2279.0
2026-09-23 11:37:44,buffer_cache_hit_ratio,100.0
2026-09-23 11:37:44,transactions_per_sec,573.66
2026-09-23 11:37:44,page_reads_per_sec,0.0
2026-09-23 11:37:44,page_writes_per_sec,0.0
2026-09-23 11:37:44,rollbacks_per_sec,0.0
2026-09-23 11:37:44,batch_requests_per_sec,0.0
2026-09-23 11:37:44,sql_compilations_per_sec,0.0
2026-09-23 11:37:44,database_size_mb,0.0
2026-09-23 11:37:44,total_reads,1411.0
2026-09-23 11:37:44,total_writes,73839.0
2026-09-23 11:37:44,venta_locks,0.0
2026-09-23 11:37:44,detalle_venta_locks,0.0
2026-09-23 11:37:44,inventario_locks,0.0
2026-09-23 11:37:44,kardex_locks,0.0
2026-09-23 11:37:44,caja_locks,0.0
2026-09-23 11:37:44,movimiento_caja_locks,0.0
2026-09-23 11:37:44,auditoria_locks,0.0
2026-09-23 11:37:44,api_status,0.0
2026-09-23 11:37:44,api_latency_ms,4069.0
2026-09-23 11:37:44,products_count,0.0
2026-09-23 11:37:44,sales_count,0.0
2026-09-23 11:37:49,cpu_usr,17.7
2026-09-23 11:37:49,cpu_sys,13.0
2026-09-23 11:37:49,cpu_idl,68.1
2026-09-23 11:37:49,cpu_wai,0.0
2026-09-23 11:37:49,cpu_stl,0.0
2026-09-23 11:37:49,memory_percent,87.1
2026-09-23 11:37:49,memory_used_mb,14070.0
2026-09-23 11:37:49,memory_available_mb,2077.0
2026-09-23 11:37:49,disk_read_per_sec,797196.0
2026-09-23 11:37:49,disk_write_per_sec,357781.0
2026-09-23 11:37:49,net_send_per_sec,22348.0
2026-09-23 11:37:49,net_recv_per_sec,706181.0
2026-09-23 11:37:49,load1,0.2
2026-09-23 11:37:49,load5,0.2
2026-09-23 11:37:49,load15,0.1
2026-09-23 11:37:49,active_sessions,12.0
2026-09-23 11:37:49,active_requests,9.0
2026-09-23 11:37:49,long_queries,8.0
2026-09-23 11:37:49,long_transactions,8.0
2026-09-23 11:37:49,idle_sessions,11.0
2026-09-23 11:37:49,lock_waits,0.0
2026-09-23 11:37:49,total_locks,3.0
2026-09-23 11:37:49,deadlocks_per_sec,0.0
2026-09-23 11:37:49,page_life_expectancy,2284.0
2026-09-23 11:37:49,buffer_cache_hit_ratio,100.0
2026-09-23 11:37:49,transactions_per_sec,0.58
2026-09-23 11:37:49,page_reads_per_sec,0.0
2026-09-23 11:37:49,page_writes_per_sec,0.0
2026-09-23 11:37:49,rollbacks_per_sec,0.0
2026-09-23 11:37:49,batch_requests_per_sec,0.0
2026-09-23 11:37:49,sql_compilations_per_sec,0.0
2026-09-23 11:37:49,database_size_mb,0.0
2026-09-23 11:37:49,total_reads,1411.0
2026-09-23 11:37:49,total_writes,73839.0
2026-09-23 11:37:49,venta_locks,0.0
2026-09-23 11:37:49,detalle_venta_locks,0.0
2026-09-23 11:37:49,inventario_locks,0.0
2026-09-23 11:37:49,kardex_locks,0.0
2026-09-23 11:37:49,caja_locks,0.0
2026-09-23 11:37:49,movimiento_caja_locks,0.0
2026-09-23 11:37:49,auditoria_locks,0.0
2026-09-23 11:37:49,api_status,0.0
2026-09-23 11:37:49,api_latency_ms,4063.0
2026-09-23 11:37:49,products_count,0.0
2026-09-23 11:37:49,sales_count,0.0
