event_name,timestamp,database_name,severity,error_number,message,_linea,session_id,login_name,program_name,resource_type,mode,process_type
xml_deadlock_report,2026-09-11 10:37:35.932,SteelNort,13.0,1205.0,Deadlock detected,"{""event_name"": ""xml_deadlock_report"", ""timestamp"": ""2026-09-11 10:37:35.932"", ""database_name"": ""SteelNort"", ""severity"": 13, ""error_number"": 1205, ""message"": ""Deadlock detected""}",0.0,0,0,0,0,UNKNOWN
xml_deadlock_report,2026-09-11 10:37:35.932,SteelNort,13.0,1205.0,Deadlock detected,"{""event_name"": ""xml_deadlock_report"", ""timestamp"": ""2026-09-11 10:37:35.932"", ""database_name"": ""SteelNort"", ""severity"": 13, ""error_number"": 1205, ""message"": ""Deadlock detected""}",0.0,0,0,0,0,UNKNOWN
xml_deadlock_report,2026-09-11 10:37:35.932,SteelNort,13.0,1205.0,Deadlock detected,"{""event_name"": ""xml_deadlock_report"", ""timestamp"": ""2026-09-11 10:37:35.932"", ""database_name"": ""SteelNort"", ""severity"": 13, ""error_number"": 1205, ""message"": ""Deadlock detected""}",0.0,0,0,0,0,UNKNOWN
xml_deadlock_report,2026-09-11 10:37:35.932,SteelNort,13.0,1205.0,Deadlock detected,"{""event_name"": ""xml_deadlock_report"", ""timestamp"": ""2026-09-11 10:37:35.932"", ""database_name"": ""SteelNort"", ""severity"": 13, ""error_number"": 1205, ""message"": ""Deadlock detected""}",0.0,0,0,0,0,UNKNOWN
xml_deadlock_report,2026-09-11 10:37:35.932,SteelNort,13.0,1205.0,Deadlock detected,"{""event_name"": ""xml_deadlock_report"", ""timestamp"": ""2026-09-11 10:37:35.932"", ""database_name"": ""SteelNort"", ""severity"": 13, ""error_number"": 1205, ""message"": ""Deadlock detected""}",0.0,0,0,0,0,UNKNOWN
xml_deadlock_report,2026-09-11 10:37:35.932,SteelNort,13.0,1205.0,Deadlock detected,"{""event_name"": ""xml_deadlock_report"", ""timestamp"": ""2026-09-11 10:37:35.932"", ""database_name"": ""SteelNort"", ""severity"": 13, ""error_number"": 1205, ""message"": ""Deadlock detected""}",0.0,0,0,0,0,UNKNOWN
xml_deadlock_report,2026-09-11 10:37:35.932,SteelNort,13.0,1205.0,Deadlock detected,"{""event_name"": ""xml_deadlock_report"", ""timestamp"": ""2026-09-11 10:37:35.932"", ""database_name"": ""SteelNort"", ""severity"": 13, ""error_number"": 1205, ""message"": ""Deadlock detected""}",0.0,0,0,0,0,UNKNOWN
xml_deadlock_report,2026-09-11 10:37:35.932,SteelNort,13.0,1205.0,Deadlock detected,"{""event_name"": ""xml_deadlock_report"", ""timestamp"": ""2026-09-11 10:37:35.932"", ""database_name"": ""SteelNort"", ""severity"": 13, ""error_number"": 1205, ""message"": ""Deadlock detected""}",0.0,0,0,0,0,UNKNOWN
xml_deadlock_report,2026-09-11 10:37:35.932,SteelNort,13.0,1205.0,Deadlock detected,"{""event_name"": ""xml_deadlock_report"", ""timestamp"": ""2026-09-11 10:37:35.932"", ""database_name"": ""SteelNort"", ""severity"": 13, ""error_number"": 1205, ""message"": ""Deadlock detected""}",0.0,0,0,0,0,UNKNOWN
xml_deadlock_report,2026-09-11 10:37:35.932,SteelNort,13.0,1205.0,Deadlock detected,"{""event_name"": ""xml_deadlock_report"", ""timestamp"": ""2026-09-11 10:37:35.932"", ""database_name"": ""SteelNort"", ""severity"": 13, ""error_number"": 1205, ""message"": ""Deadlock detected""}",0.0,0,0,0,0,UNKNOWN
xml_deadlock_report,2026-09-11 10:37:35.932,SteelNort,13.0,1205.0,Deadlock detected,"{""event_name"": ""xml_deadlock_report"", ""timestamp"": ""2026-09-11 10:37:35.932"", ""database_name"": ""SteelNort"", ""severity"": 13, ""error_number"": 1205, ""message"": ""Deadlock detected""}",0.0,0,0,0,0,UNKNOWN
xml_deadlock_report,2026-09-11 10:37:35.932,SteelNort,13.0,1205.0,Deadlock detected,"{""event_name"": ""xml_deadlock_report"", ""timestamp"": ""2026-09-11 10:37:35.932"", ""database_name"": ""SteelNort"", ""severity"": 13, ""error_number"": 1205, ""message"": ""Deadlock detected""}",0.0,0,0,0,0,UNKNOWN
xml_deadlock_report,2026-09-11 10:37:35.932,SteelNort,13.0,1205.0,Deadlock detected,"{""event_name"": ""xml_deadlock_report"", ""timestamp"": ""2026-09-11 10:37:35.932"", ""database_name"": ""SteelNort"", ""severity"": 13, ""error_number"": 1205, ""message"": ""Deadlock detected""}",0.0,0,0,0,0,UNKNOWN
xml_deadlock_report,2026-09-11 10:37:35.932,SteelNort,13.0,1205.0,Deadlock detected,"{""event_name"": ""xml_deadlock_report"", ""timestamp"": ""2026-09-11 10:37:35.932"", ""database_name"": ""SteelNort"", ""severity"": 13, ""error_number"": 1205, ""message"": ""Deadlock detected""}",0.0,0,0,0,0,UNKNOWN
xml_deadlock_report,2026-09-11 10:37:35.932,SteelNort,13.0,1205.0,Deadlock detected,"{""event_name"": ""xml_deadlock_report"", ""timestamp"": ""2026-09-11 10:37:35.932"", ""database_name"": ""SteelNort"", ""severity"": 13, ""error_number"": 1205, ""message"": ""Deadlock detected""}",0.0,0,0,0,0,UNKNOWN
xml_deadlock_report,2026-09-11 10:37:35.932,SteelNort,13.0,1205.0,Deadlock detected,"{""event_name"": ""xml_deadlock_report"", ""timestamp"": ""2026-09-11 10:37:35.932"", ""database_name"": ""SteelNort"", ""severity"": 13, ""error_number"": 1205, ""message"": ""Deadlock detected""}",0.0,0,0,0,0,UNKNOWN
xml_deadlock_report,2026-09-11 10:37:35.932,SteelNort,13.0,1205.0,Deadlock detected,"{""event_name"": ""xml_deadlock_report"", ""timestamp"": ""2026-09-11 10:37:35.932"", ""database_name"": ""SteelNort"", ""severity"": 13, ""error_number"": 1205, ""message"": ""Deadlock detected""}",0.0,0,0,0,0,UNKNOWN
xml_deadlock_report,2026-09-11 10:37:35.932,SteelNort,13.0,1205.0,Deadlock detected,"{""event_name"": ""xml_deadlock_report"", ""timestamp"": ""2026-09-11 10:37:35.932"", ""database_name"": ""SteelNort"", ""severity"": 13, ""error_number"": 1205, ""message"": ""Deadlock detected""}",0.0,0,0,0,0,UNKNOWN
xml_deadlock_report,2026-09-11 10:37:35.932,SteelNort,13.0,1205.0,Deadlock detected,"{""event_name"": ""xml_deadlock_report"", ""timestamp"": ""2026-09-11 10:37:35.932"", ""database_name"": ""SteelNort"", ""severity"": 13, ""error_number"": 1205, ""message"": ""Deadlock detected""}",0.0,0,0,0,0,UNKNOWN
xml_deadlock_report,2026-09-11 10:37:35.932,SteelNort,13.0,1205.0,Deadlock detected,"{""event_name"": ""xml_deadlock_report"", ""timestamp"": ""2026-09-11 10:37:35.932"", ""database_name"": ""SteelNort"", ""severity"": 13, ""error_number"": 1205, ""message"": ""Deadlock detected""}",0.0,0,0,0,0,UNKNOWN
xml_deadlock_report,2026-09-11 10:37:35.932,SteelNort,13.0,1205.0,Deadlock detected,"{""event_name"": ""xml_deadlock_report"", ""timestamp"": ""2026-09-11 10:37:35.932"", ""database_name"": ""SteelNort"", ""severity"": 13, ""error_number"": 1205, ""message"": ""Deadlock detected""}",0.0,0,0,0,0,UNKNOWN
xml_deadlock_report,2026-09-11 10:37:35.932,SteelNort,13.0,1205.0,Deadlock detected,"{""event_name"": ""xml_deadlock_report"", ""timestamp"": ""2026-09-11 10:37:35.932"", ""database_name"": ""SteelNort"", ""severity"": 13, ""error_number"": 1205, ""message"": ""Deadlock detected""}",0.0,0,0,0,0,UNKNOWN
xml_deadlock_report,2026-09-11 10:37:35.932,SteelNort,13.0,1205.0,Deadlock detected,"{""event_name"": ""xml_deadlock_report"", ""timestamp"": ""2026-09-11 10:37:35.932"", ""database_name"": ""SteelNort"", ""severity"": 13, ""error_number"": 1205, ""message"": ""Deadlock detected""}",0.0,0,0,0,0,UNKNOWN
xml_deadlock_report,2026-09-11 10:37:35.932,SteelNort,13.0,1205.0,Deadlock detected,"{""event_name"": ""xml_deadlock_report"", ""timestamp"": ""2026-09-11 10:37:35.932"", ""database_name"": ""SteelNort"", ""severity"": 13, ""error_number"": 1205, ""message"": ""Deadlock detected""}",0.0,0,0,0,0,UNKNOWN
xml_deadlock_report,2026-09-11 10:37:35.932,SteelNort,13.0,1205.0,Deadlock detected,"{""event_name"": ""xml_deadlock_report"", ""timestamp"": ""2026-09-11 10:37:35.932"", ""database_name"": ""SteelNort"", ""severity"": 13, ""error_number"": 1205, ""message"": ""Deadlock detected""}",0.0,0,0,0,0,UNKNOWN
xml_deadlock_report,2026-09-11 10:37:35.932,SteelNort,13.0,1205.0,Deadlock detected,"{""event_name"": ""xml_deadlock_report"", ""timestamp"": ""2026-09-11 10:37:35.932"", ""database_name"": ""SteelNort"", ""severity"": 13, ""error_number"": 1205, ""message"": ""Deadlock detected""}",0.0,0,0,0,0,UNKNOWN
xml_deadlock_report,2026-09-11 10:37:35.932,SteelNort,13.0,1205.0,Deadlock detected,"{""event_name"": ""xml_deadlock_report"", ""timestamp"": ""2026-09-11 10:37:35.932"", ""database_name"": ""SteelNort"", ""severity"": 13, ""error_number"": 1205, ""message"": ""Deadlock detected""}",0.0,0,0,0,0,UNKNOWN
xml_deadlock_report,2026-09-11 10:37:35.932,SteelNort,13.0,1205.0,Deadlock detected,"{""event_name"": ""xml_deadlock_report"", ""timestamp"": ""2026-09-11 10:37:35.932"", ""database_name"": ""SteelNort"", ""severity"": 13, ""error_number"": 1205, ""message"": ""Deadlock detected""}",0.0,0,0,0,0,UNKNOWN
xml_deadlock_report,2026-09-11 10:37:35.932,SteelNort,13.0,1205.0,Deadlock detected,"{""event_name"": ""xml_deadlock_report"", ""timestamp"": ""2026-09-11 10:37:35.932"", ""database_name"": ""SteelNort"", ""severity"": 13, ""error_number"": 1205, ""message"": ""Deadlock detected""}",0.0,0,0,0,0,UNKNOWN
xml_deadlock_report,2026-09-11 10:37:35.932,SteelNort,13.0,1205.0,Deadlock detected,"{""event_name"": ""xml_deadlock_report"", ""timestamp"": ""2026-09-11 10:37:35.932"", ""database_name"": ""SteelNort"", ""severity"": 13, ""error_number"": 1205, ""message"": ""Deadlock detected""}",0.0,0,0,0,0,UNKNOWN
xml_deadlock_report,2026-09-11 10:37:35.932,SteelNort,13.0,1205.0,Deadlock detected,"{""event_name"": ""xml_deadlock_report"", ""timestamp"": ""2026-09-11 10:37:35.932"", ""database_name"": ""SteelNort"", ""severity"": 13, ""error_number"": 1205, ""message"": ""Deadlock detected""}",0.0,0,0,0,0,UNKNOWN
xml_deadlock_report,2026-09-11 10:37:35.932,SteelNort,13.0,1205.0,Deadlock detected,"{""event_name"": ""xml_deadlock_report"", ""timestamp"": ""2026-09-11 10:37:35.932"", ""database_name"": ""SteelNort"", ""severity"": 13, ""error_number"": 1205, ""message"": ""Deadlock detected""}",0.0,0,0,0,0,UNKNOWN
xml_deadlock_report,2026-09-11 10:37:35.932,SteelNort,13.0,1205.0,Deadlock detected,"{""event_name"": ""xml_deadlock_report"", ""timestamp"": ""2026-09-11 10:37:35.932"", ""database_name"": ""SteelNort"", ""severity"": 13, ""error_number"": 1205, ""message"": ""Deadlock detected""}",0.0,0,0,0,0,UNKNOWN
xml_deadlock_report,2026-09-11 10:37:35.932,SteelNort,13.0,1205.0,Deadlock detected,"{""event_name"": ""xml_deadlock_report"", ""timestamp"": ""2026-09-11 10:37:35.932"", ""database_name"": ""SteelNort"", ""severity"": 13, ""error_number"": 1205, ""message"": ""Deadlock detected""}",0.0,0,0,0,0,UNKNOWN
xml_deadlock_report,2026-09-11 10:37:35.932,SteelNort,13.0,1205.0,Deadlock detected,"{""event_name"": ""xml_deadlock_report"", ""timestamp"": ""2026-09-11 10:37:35.932"", ""database_name"": ""SteelNort"", ""severity"": 13, ""error_number"": 1205, ""message"": ""Deadlock detected""}",0.0,0,0,0,0,UNKNOWN
xml_deadlock_report,2026-09-11 10:37:35.932,SteelNort,13.0,1205.0,Deadlock detected,"{""event_name"": ""xml_deadlock_report"", ""timestamp"": ""2026-09-11 10:37:35.932"", ""database_name"": ""SteelNort"", ""severity"": 13, ""error_number"": 1205, ""message"": ""Deadlock detected""}",0.0,0,0,0,0,UNKNOWN
xml_deadlock_report,2026-09-11 10:37:35.932,SteelNort,13.0,1205.0,Deadlock detected,"{""event_name"": ""xml_deadlock_report"", ""timestamp"": ""2026-09-11 10:37:35.932"", ""database_name"": ""SteelNort"", ""severity"": 13, ""error_number"": 1205, ""message"": ""Deadlock detected""}",0.0,0,0,0,0,UNKNOWN
xml_deadlock_report,2026-09-11 10:37:35.932,SteelNort,13.0,1205.0,Deadlock detected,"{""event_name"": ""xml_deadlock_report"", ""timestamp"": ""2026-09-11 10:37:35.932"", ""database_name"": ""SteelNort"", ""severity"": 13, ""error_number"": 1205, ""message"": ""Deadlock detected""}",0.0,0,0,0,0,UNKNOWN
xml_deadlock_report,2026-09-11 10:37:35.932,SteelNort,13.0,1205.0,Deadlock detected,"{""event_name"": ""xml_deadlock_report"", ""timestamp"": ""2026-09-11 10:37:35.932"", ""database_name"": ""SteelNort"", ""severity"": 13, ""error_number"": 1205, ""message"": ""Deadlock detected""}",0.0,0,0,0,0,UNKNOWN
xml_deadlock_report,2026-09-11 10:37:35.932,SteelNort,13.0,1205.0,Deadlock detected,"{""event_name"": ""xml_deadlock_report"", ""timestamp"": ""2026-09-11 10:37:35.932"", ""database_name"": ""SteelNort"", ""severity"": 13, ""error_number"": 1205, ""message"": ""Deadlock detected""}",0.0,0,0,0,0,UNKNOWN
xml_deadlock_report,2026-09-11 10:37:35.932,SteelNort,13.0,1205.0,Deadlock detected,"{""event_name"": ""xml_deadlock_report"", ""timestamp"": ""2026-09-11 10:37:35.932"", ""database_name"": ""SteelNort"", ""severity"": 13, ""error_number"": 1205, ""message"": ""Deadlock detected""}",0.0,0,0,0,0,UNKNOWN
xml_deadlock_report,2026-09-11 10:37:35.932,SteelNort,13.0,1205.0,Deadlock detected,"{""event_name"": ""xml_deadlock_report"", ""timestamp"": ""2026-09-11 10:37:35.932"", ""database_name"": ""SteelNort"", ""severity"": 13, ""error_number"": 1205, ""message"": ""Deadlock detected""}",0.0,0,0,0,0,UNKNOWN
xml_deadlock_report,2026-09-11 10:37:35.932,SteelNort,13.0,1205.0,Deadlock detected,"{""event_name"": ""xml_deadlock_report"", ""timestamp"": ""2026-09-11 10:37:35.932"", ""database_name"": ""SteelNort"", ""severity"": 13, ""error_number"": 1205, ""message"": ""Deadlock detected""}",0.0,0,0,0,0,UNKNOWN
xml_deadlock_report,2026-09-11 10:37:35.932,SteelNort,13.0,1205.0,Deadlock detected,"{""event_name"": ""xml_deadlock_report"", ""timestamp"": ""2026-09-11 10:37:35.932"", ""database_name"": ""SteelNort"", ""severity"": 13, ""error_number"": 1205, ""message"": ""Deadlock detected""}",0.0,0,0,0,0,UNKNOWN
xml_deadlock_report,2026-09-11 10:37:35.932,SteelNort,13.0,1205.0,Deadlock detected,"{""event_name"": ""xml_deadlock_report"", ""timestamp"": ""2026-09-11 10:37:35.932"", ""database_name"": ""SteelNort"", ""severity"": 13, ""error_number"": 1205, ""message"": ""Deadlock detected""}",0.0,0,0,0,0,UNKNOWN
xml_deadlock_report,2026-09-11 10:37:35.932,SteelNort,13.0,1205.0,Deadlock detected,"{""event_name"": ""xml_deadlock_report"", ""timestamp"": ""2026-09-11 10:37:35.932"", ""database_name"": ""SteelNort"", ""severity"": 13, ""error_number"": 1205, ""message"": ""Deadlock detected""}",0.0,0,0,0,0,UNKNOWN
xml_deadlock_report,2026-09-11 10:37:35.932,SteelNort,13.0,1205.0,Deadlock detected,"{""event_name"": ""xml_deadlock_report"", ""timestamp"": ""2026-09-11 10:37:35.932"", ""database_name"": ""SteelNort"", ""severity"": 13, ""error_number"": 1205, ""message"": ""Deadlock detected""}",0.0,0,0,0,0,UNKNOWN
xml_deadlock_report,2026-09-11 10:37:35.932,SteelNort,13.0,1205.0,Deadlock detected,"{""event_name"": ""xml_deadlock_report"", ""timestamp"": ""2026-09-11 10:37:35.932"", ""database_name"": ""SteelNort"", ""severity"": 13, ""error_number"": 1205, ""message"": ""Deadlock detected""}",0.0,0,0,0,0,UNKNOWN
xml_deadlock_report,2026-09-11 10:37:35.932,SteelNort,13.0,1205.0,Deadlock detected,"{""event_name"": ""xml_deadlock_report"", ""timestamp"": ""2026-09-11 10:37:35.932"", ""database_name"": ""SteelNort"", ""severity"": 13, ""error_number"": 1205, ""message"": ""Deadlock detected""}",0.0,0,0,0,0,UNKNOWN
xml_deadlock_report,2026-09-11 10:37:35.932,SteelNort,13.0,1205.0,Deadlock detected,"{""event_name"": ""xml_deadlock_report"", ""timestamp"": ""2026-09-11 10:37:35.932"", ""database_name"": ""SteelNort"", ""severity"": 13, ""error_number"": 1205, ""message"": ""Deadlock detected""}",0.0,0,0,0,0,UNKNOWN
xml_deadlock_report,2026-09-11 10:37:35.932,SteelNort,13.0,1205.0,Deadlock detected,"{""event_name"": ""xml_deadlock_report"", ""timestamp"": ""2026-09-11 10:37:35.932"", ""database_name"": ""SteelNort"", ""severity"": 13, ""error_number"": 1205, ""message"": ""Deadlock detected""}",0.0,0,0,0,0,UNKNOWN
xml_deadlock_report,2026-09-11 10:37:35.932,SteelNort,13.0,1205.0,Deadlock detected,"{""event_name"": ""xml_deadlock_report"", ""timestamp"": ""2026-09-11 10:37:35.932"", ""database_name"": ""SteelNort"", ""severity"": 13, ""error_number"": 1205, ""message"": ""Deadlock detected""}",0.0,0,0,0,0,UNKNOWN
login,2026-09-11 10:37:41.083,SteelNort,0.0,0.0,0,"{""event_name"": ""login"", ""timestamp"": ""2026-09-11 10:37:41.083"", ""session_id"": 96, ""login_name"": ""795ec2146175\\Administrator"", ""program_name"": ""Microsoft SQL Server"", ""database_name"": ""SteelNort""}",96.0,795ec2146175\Administrator,Microsoft SQL Server,0,0,UNKNOWN
login,2026-09-11 10:37:41.083,SteelNort,0.0,0.0,0,"{""event_name"": ""login"", ""timestamp"": ""2026-09-11 10:37:41.083"", ""session_id"": 84, ""login_name"": ""sa"", ""program_name"": ""Python"", ""database_name"": ""SteelNort""}",84.0,sa,Python,0,0,UNKNOWN
login,2026-09-11 10:37:41.083,SteelNort,0.0,0.0,0,"{""event_name"": ""login"", ""timestamp"": ""2026-09-11 10:37:41.083"", ""session_id"": 85, ""login_name"": ""sa"", ""program_name"": ""Python"", ""database_name"": ""SteelNort""}",85.0,sa,Python,0,0,UNKNOWN
login,2026-09-11 10:37:41.083,SteelNort,0.0,0.0,0,"{""event_name"": ""login"", ""timestamp"": ""2026-09-11 10:37:41.083"", ""session_id"": 86, ""login_name"": ""sa"", ""program_name"": ""SteelNortCargaNormal"", ""database_name"": ""SteelNort""}",86.0,sa,SteelNortCargaNormal,0,0,UNKNOWN
login,2026-09-11 10:37:41.083,SteelNort,0.0,0.0,0,"{""event_name"": ""login"", ""timestamp"": ""2026-09-11 10:37:41.083"", ""session_id"": 87, ""login_name"": ""sa"", ""program_name"": ""SteelNortCargaNormal"", ""database_name"": ""SteelNort""}",87.0,sa,SteelNortCargaNormal,0,0,UNKNOWN
login,2026-09-11 10:37:41.083,SteelNort,0.0,0.0,0,"{""event_name"": ""login"", ""timestamp"": ""2026-09-11 10:37:41.083"", ""session_id"": 88, ""login_name"": ""sa"", ""program_name"": ""SteelNortCargaNormal"", ""database_name"": ""SteelNort""}",88.0,sa,SteelNortCargaNormal,0,0,UNKNOWN
login,2026-09-11 10:37:41.083,SteelNort,0.0,0.0,0,"{""event_name"": ""login"", ""timestamp"": ""2026-09-11 10:37:41.083"", ""session_id"": 89, ""login_name"": ""sa"", ""program_name"": ""SteelNortCargaNormal"", ""database_name"": ""SteelNort""}",89.0,sa,SteelNortCargaNormal,0,0,UNKNOWN
login,2026-09-11 10:37:41.083,SteelNort,0.0,0.0,0,"{""event_name"": ""login"", ""timestamp"": ""2026-09-11 10:37:41.083"", ""session_id"": 90, ""login_name"": ""sa"", ""program_name"": ""SteelNortCargaNormal"", ""database_name"": ""SteelNort""}",90.0,sa,SteelNortCargaNormal,0,0,UNKNOWN
login,2026-09-11 10:37:41.083,SteelNort,0.0,0.0,0,"{""event_name"": ""login"", ""timestamp"": ""2026-09-11 10:37:41.083"", ""session_id"": 91, ""login_name"": ""sa"", ""program_name"": ""SteelNortCargaNormal"", ""database_name"": ""SteelNort""}",91.0,sa,SteelNortCargaNormal,0,0,UNKNOWN
login,2026-09-11 10:37:41.083,SteelNort,0.0,0.0,0,"{""event_name"": ""login"", ""timestamp"": ""2026-09-11 10:37:41.083"", ""session_id"": 92, ""login_name"": ""sa"", ""program_name"": ""SteelNortCargaNormal"", ""database_name"": ""SteelNort""}",92.0,sa,SteelNortCargaNormal,0,0,UNKNOWN
login,2026-09-11 10:37:41.083,SteelNort,0.0,0.0,0,"{""event_name"": ""login"", ""timestamp"": ""2026-09-11 10:37:41.083"", ""session_id"": 93, ""login_name"": ""sa"", ""program_name"": ""SteelNortCargaNormal"", ""database_name"": ""SteelNort""}",93.0,sa,SteelNortCargaNormal,0,0,UNKNOWN
login,2026-09-11 10:37:41.083,SteelNort,0.0,0.0,0,"{""event_name"": ""login"", ""timestamp"": ""2026-09-11 10:37:41.083"", ""session_id"": 94, ""login_name"": ""sa"", ""program_name"": ""SteelNortCargaNormal"", ""database_name"": ""SteelNort""}",94.0,sa,SteelNortCargaNormal,0,0,UNKNOWN
login,2026-09-11 10:37:41.083,SteelNort,0.0,0.0,0,"{""event_name"": ""login"", ""timestamp"": ""2026-09-11 10:37:41.083"", ""session_id"": 95, ""login_name"": ""sa"", ""program_name"": ""SteelNortCargaNormal"", ""database_name"": ""SteelNort""}",95.0,sa,SteelNortCargaNormal,0,0,UNKNOWN
lock_acquired,2026-09-11 10:37:41.083,0,0.0,0.0,0,"{""event_name"": ""lock_acquired"", ""timestamp"": ""2026-09-11 10:37:41.083"", ""session_id"": 84, ""resource_type"": ""DATABASE"", ""mode"": ""S""}",84.0,0,0,DATABASE,S,UNKNOWN
lock_acquired,2026-09-11 10:37:41.083,0,0.0,0.0,0,"{""event_name"": ""lock_acquired"", ""timestamp"": ""2026-09-11 10:37:41.083"", ""session_id"": 90, ""resource_type"": ""DATABASE"", ""mode"": ""S""}",90.0,0,0,DATABASE,S,UNKNOWN
lock_acquired,2026-09-11 10:37:41.083,0,0.0,0.0,0,"{""event_name"": ""lock_acquired"", ""timestamp"": ""2026-09-11 10:37:41.083"", ""session_id"": 94, ""resource_type"": ""OBJECT"", ""mode"": ""Sch-S""}",94.0,0,0,OBJECT,Sch-S,UNKNOWN
lock_acquired,2026-09-11 10:37:41.083,0,0.0,0.0,0,"{""event_name"": ""lock_acquired"", ""timestamp"": ""2026-09-11 10:37:41.083"", ""session_id"": 88, ""resource_type"": ""OBJECT"", ""mode"": ""Sch-S""}",88.0,0,0,OBJECT,Sch-S,UNKNOWN
lock_acquired,2026-09-11 10:37:41.083,0,0.0,0.0,0,"{""event_name"": ""lock_acquired"", ""timestamp"": ""2026-09-11 10:37:41.083"", ""session_id"": 86, ""resource_type"": ""DATABASE"", ""mode"": ""S""}",86.0,0,0,DATABASE,S,UNKNOWN
lock_acquired,2026-09-11 10:37:41.083,0,0.0,0.0,0,"{""event_name"": ""lock_acquired"", ""timestamp"": ""2026-09-11 10:37:41.083"", ""session_id"": 87, ""resource_type"": ""PAGE"", ""mode"": ""IS""}",87.0,0,0,PAGE,IS,UNKNOWN
lock_acquired,2026-09-11 10:37:41.083,0,0.0,0.0,0,"{""event_name"": ""lock_acquired"", ""timestamp"": ""2026-09-11 10:37:41.083"", ""session_id"": 87, ""resource_type"": ""DATABASE"", ""mode"": ""S""}",87.0,0,0,DATABASE,S,UNKNOWN
lock_acquired,2026-09-11 10:37:41.083,0,0.0,0.0,0,"{""event_name"": ""lock_acquired"", ""timestamp"": ""2026-09-11 10:37:41.083"", ""session_id"": 89, ""resource_type"": ""DATABASE"", ""mode"": ""S""}",89.0,0,0,DATABASE,S,UNKNOWN
lock_acquired,2026-09-11 10:37:41.083,0,0.0,0.0,0,"{""event_name"": ""lock_acquired"", ""timestamp"": ""2026-09-11 10:37:41.083"", ""session_id"": 90, ""resource_type"": ""OBJECT"", ""mode"": ""IX""}",90.0,0,0,OBJECT,IX,UNKNOWN
lock_acquired,2026-09-11 10:37:41.083,0,0.0,0.0,0,"{""event_name"": ""lock_acquired"", ""timestamp"": ""2026-09-11 10:37:41.083"", ""session_id"": 90, ""resource_type"": ""PAGE"", ""mode"": ""S""}",90.0,0,0,PAGE,S,UNKNOWN
lock_acquired,2026-09-11 10:37:41.083,0,0.0,0.0,0,"{""event_name"": ""lock_acquired"", ""timestamp"": ""2026-09-11 10:37:41.083"", ""session_id"": 92, ""resource_type"": ""OBJECT"", ""mode"": ""IS""}",92.0,0,0,OBJECT,IS,UNKNOWN
lock_acquired,2026-09-11 10:37:41.083,0,0.0,0.0,0,"{""event_name"": ""lock_acquired"", ""timestamp"": ""2026-09-11 10:37:41.083"", ""session_id"": 85, ""resource_type"": ""DATABASE"", ""mode"": ""S""}",85.0,0,0,DATABASE,S,UNKNOWN
lock_acquired,2026-09-11 10:37:41.083,0,0.0,0.0,0,"{""event_name"": ""lock_acquired"", ""timestamp"": ""2026-09-11 10:37:41.083"", ""session_id"": 95, ""resource_type"": ""DATABASE"", ""mode"": ""S""}",95.0,0,0,DATABASE,S,UNKNOWN
lock_acquired,2026-09-11 10:37:41.083,0,0.0,0.0,0,"{""event_name"": ""lock_acquired"", ""timestamp"": ""2026-09-11 10:37:41.083"", ""session_id"": 86, ""resource_type"": ""OBJECT"", ""mode"": ""IX""}",86.0,0,0,OBJECT,IX,UNKNOWN
lock_acquired,2026-09-11 10:37:41.083,0,0.0,0.0,0,"{""event_name"": ""lock_acquired"", ""timestamp"": ""2026-09-11 10:37:41.083"", ""session_id"": 89, ""resource_type"": ""OBJECT"", ""mode"": ""IX""}",89.0,0,0,OBJECT,IX,UNKNOWN
lock_acquired,2026-09-11 10:37:41.083,0,0.0,0.0,0,"{""event_name"": ""lock_acquired"", ""timestamp"": ""2026-09-11 10:37:41.083"", ""session_id"": 91, ""resource_type"": ""DATABASE"", ""mode"": ""S""}",91.0,0,0,DATABASE,S,UNKNOWN
lock_acquired,2026-09-11 10:37:41.083,0,0.0,0.0,0,"{""event_name"": ""lock_acquired"", ""timestamp"": ""2026-09-11 10:37:41.083"", ""session_id"": 92, ""resource_type"": ""PAGE"", ""mode"": ""IS""}",92.0,0,0,PAGE,IS,UNKNOWN
lock_acquired,2026-09-11 10:37:41.083,0,0.0,0.0,0,"{""event_name"": ""lock_acquired"", ""timestamp"": ""2026-09-11 10:37:41.083"", ""session_id"": 92, ""resource_type"": ""DATABASE"", ""mode"": ""S""}",92.0,0,0,DATABASE,S,UNKNOWN
lock_acquired,2026-09-11 10:37:41.083,0,0.0,0.0,0,"{""event_name"": ""lock_acquired"", ""timestamp"": ""2026-09-11 10:37:41.083"", ""session_id"": 95, ""resource_type"": ""OBJECT"", ""mode"": ""IX""}",95.0,0,0,OBJECT,IX,UNKNOWN
lock_acquired,2026-09-11 10:37:41.083,0,0.0,0.0,0,"{""event_name"": ""lock_acquired"", ""timestamp"": ""2026-09-11 10:37:41.083"", ""session_id"": 93, ""resource_type"": ""DATABASE"", ""mode"": ""S""}",93.0,0,0,DATABASE,S,UNKNOWN
lock_acquired,2026-09-11 10:37:41.083,0,0.0,0.0,0,"{""event_name"": ""lock_acquired"", ""timestamp"": ""2026-09-11 10:37:41.083"", ""session_id"": 94, ""resource_type"": ""DATABASE"", ""mode"": ""S""}",94.0,0,0,DATABASE,S,UNKNOWN
lock_acquired,2026-09-11 10:37:41.083,0,0.0,0.0,0,"{""event_name"": ""lock_acquired"", ""timestamp"": ""2026-09-11 10:37:41.083"", ""session_id"": 89, ""resource_type"": ""PAGE"", ""mode"": ""S""}",89.0,0,0,PAGE,S,UNKNOWN
lock_acquired,2026-09-11 10:37:41.083,0,0.0,0.0,0,"{""event_name"": ""lock_acquired"", ""timestamp"": ""2026-09-11 10:37:41.083"", ""session_id"": 87, ""resource_type"": ""OBJECT"", ""mode"": ""IS""}",87.0,0,0,OBJECT,IS,UNKNOWN
lock_acquired,2026-09-11 10:37:41.083,0,0.0,0.0,0,"{""event_name"": ""lock_acquired"", ""timestamp"": ""2026-09-11 10:37:41.083"", ""session_id"": 88, ""resource_type"": ""DATABASE"", ""mode"": ""S""}",88.0,0,0,DATABASE,S,UNKNOWN
lock_acquired,2026-09-11 10:37:41.083,0,0.0,0.0,0,"{""event_name"": ""lock_acquired"", ""timestamp"": ""2026-09-11 10:37:41.083"", ""session_id"": 91, ""resource_type"": ""OBJECT"", ""mode"": ""IX""}",91.0,0,0,OBJECT,IX,UNKNOWN
lock_released,2026-09-11 10:37:41.083,0,0.0,0.0,0,"{""event_name"": ""lock_released"", ""timestamp"": ""2026-09-11 10:37:41.083"", ""session_id"": 83, ""resource_type"": ""OBJECT"", ""mode"": ""IX""}",83.0,0,0,OBJECT,IX,UNKNOWN
lock_released,2026-09-11 10:37:41.083,0,0.0,0.0,0,"{""event_name"": ""lock_released"", ""timestamp"": ""2026-09-11 10:37:41.083"", ""session_id"": 83, ""resource_type"": ""KEY"", ""mode"": ""X""}",83.0,0,0,KEY,X,UNKNOWN
lock_released,2026-09-11 10:37:41.083,0,0.0,0.0,0,"{""event_name"": ""lock_released"", ""timestamp"": ""2026-09-11 10:37:41.083"", ""session_id"": 83, ""resource_type"": ""METADATA"", ""mode"": ""Sch-M""}",83.0,0,0,METADATA,Sch-M,UNKNOWN
lock_released,2026-09-11 10:37:41.083,0,0.0,0.0,0,"{""event_name"": ""lock_released"", ""timestamp"": ""2026-09-11 10:37:41.083"", ""session_id"": 83, ""resource_type"": ""METADATA"", ""mode"": ""Sch-S""}",83.0,0,0,METADATA,Sch-S,UNKNOWN
lock_acquired,2026-09-11 10:37:46.145,0,0.0,0.0,0,"{""event_name"": ""lock_acquired"", ""timestamp"": ""2026-09-11 10:37:46.145"", ""session_id"": 90, ""resource_type"": ""METADATA"", ""mode"": ""Sch-S""}",90.0,0,0,METADATA,Sch-S,UNKNOWN
lock_acquired,2026-09-11 10:37:46.145,0,0.0,0.0,0,"{""event_name"": ""lock_acquired"", ""timestamp"": ""2026-09-11 10:37:46.145"", ""session_id"": 92, ""resource_type"": ""PAGE"", ""mode"": ""S""}",92.0,0,0,PAGE,S,UNKNOWN
lock_acquired,2026-09-11 10:37:46.145,0,0.0,0.0,0,"{""event_name"": ""lock_acquired"", ""timestamp"": ""2026-09-11 10:37:46.145"", ""session_id"": 95, ""resource_type"": ""OBJECT"", ""mode"": ""Sch-S""}",95.0,0,0,OBJECT,Sch-S,UNKNOWN
lock_acquired,2026-09-11 10:37:46.145,0,0.0,0.0,0,"{""event_name"": ""lock_acquired"", ""timestamp"": ""2026-09-11 10:37:46.145"", ""session_id"": 95, ""resource_type"": ""METADATA"", ""mode"": ""Sch-S""}",95.0,0,0,METADATA,Sch-S,UNKNOWN
lock_acquired,2026-09-11 10:37:46.145,0,0.0,0.0,0,"{""event_name"": ""lock_acquired"", ""timestamp"": ""2026-09-11 10:37:46.145"", ""session_id"": 92, ""resource_type"": ""OBJECT"", ""mode"": ""IX""}",92.0,0,0,OBJECT,IX,UNKNOWN
lock_acquired,2026-09-11 10:37:46.145,0,0.0,0.0,0,"{""event_name"": ""lock_acquired"", ""timestamp"": ""2026-09-11 10:37:46.145"", ""session_id"": 93, ""resource_type"": ""KEY"", ""mode"": ""X""}",93.0,0,0,KEY,X,UNKNOWN
lock_acquired,2026-09-11 10:37:46.145,0,0.0,0.0,0,"{""event_name"": ""lock_acquired"", ""timestamp"": ""2026-09-11 10:37:46.145"", ""session_id"": 87, ""resource_type"": ""PAGE"", ""mode"": ""S""}",87.0,0,0,PAGE,S,UNKNOWN
lock_acquired,2026-09-11 10:37:46.145,0,0.0,0.0,0,"{""event_name"": ""lock_acquired"", ""timestamp"": ""2026-09-11 10:37:46.145"", ""session_id"": 89, ""resource_type"": ""OBJECT"", ""mode"": ""Sch-S""}",89.0,0,0,OBJECT,Sch-S,UNKNOWN
lock_acquired,2026-09-11 10:37:46.145,0,0.0,0.0,0,"{""event_name"": ""lock_acquired"", ""timestamp"": ""2026-09-11 10:37:46.145"", ""session_id"": 89, ""resource_type"": ""METADATA"", ""mode"": ""Sch-S""}",89.0,0,0,METADATA,Sch-S,UNKNOWN
lock_acquired,2026-09-11 10:37:46.145,0,0.0,0.0,0,"{""event_name"": ""lock_acquired"", ""timestamp"": ""2026-09-11 10:37:46.145"", ""session_id"": 93, ""resource_type"": ""OBJECT"", ""mode"": ""IX""}",93.0,0,0,OBJECT,IX,UNKNOWN
lock_acquired,2026-09-11 10:37:46.145,0,0.0,0.0,0,"{""event_name"": ""lock_acquired"", ""timestamp"": ""2026-09-11 10:37:46.145"", ""session_id"": 90, ""resource_type"": ""OBJECT"", ""mode"": ""Sch-S""}",90.0,0,0,OBJECT,Sch-S,UNKNOWN
lock_acquired,2026-09-11 10:37:46.145,0,0.0,0.0,0,"{""event_name"": ""lock_acquired"", ""timestamp"": ""2026-09-11 10:37:46.145"", ""session_id"": 94, ""resource_type"": ""OBJECT"", ""mode"": ""IS""}",94.0,0,0,OBJECT,IS,UNKNOWN
lock_acquired,2026-09-11 10:37:46.145,0,0.0,0.0,0,"{""event_name"": ""lock_acquired"", ""timestamp"": ""2026-09-11 10:37:46.145"", ""session_id"": 91, ""resource_type"": ""KEY"", ""mode"": ""X""}",91.0,0,0,KEY,X,UNKNOWN
lock_acquired,2026-09-11 10:37:46.145,0,0.0,0.0,0,"{""event_name"": ""lock_acquired"", ""timestamp"": ""2026-09-11 10:37:46.145"", ""session_id"": 87, ""resource_type"": ""OBJECT"", ""mode"": ""IX""}",87.0,0,0,OBJECT,IX,UNKNOWN
lock_acquired,2026-09-11 10:37:46.145,0,0.0,0.0,0,"{""event_name"": ""lock_acquired"", ""timestamp"": ""2026-09-11 10:37:46.145"", ""session_id"": 93, ""resource_type"": ""PAGE"", ""mode"": ""IX""}",93.0,0,0,PAGE,IX,UNKNOWN
lock_released,2026-09-11 10:37:46.145,0,0.0,0.0,0,"{""event_name"": ""lock_released"", ""timestamp"": ""2026-09-11 10:37:46.145"", ""session_id"": 87, ""resource_type"": ""PAGE"", ""mode"": ""IS""}",87.0,0,0,PAGE,IS,UNKNOWN
lock_released,2026-09-11 10:37:46.145,0,0.0,0.0,0,"{""event_name"": ""lock_released"", ""timestamp"": ""2026-09-11 10:37:46.145"", ""session_id"": 95, ""resource_type"": ""OBJECT"", ""mode"": ""IX""}",95.0,0,0,OBJECT,IX,UNKNOWN
lock_released,2026-09-11 10:37:46.145,0,0.0,0.0,0,"{""event_name"": ""lock_released"", ""timestamp"": ""2026-09-11 10:37:46.145"", ""session_id"": 90, ""resource_type"": ""PAGE"", ""mode"": ""S""}",90.0,0,0,PAGE,S,UNKNOWN
lock_released,2026-09-11 10:37:46.145,0,0.0,0.0,0,"{""event_name"": ""lock_released"", ""timestamp"": ""2026-09-11 10:37:46.145"", ""session_id"": 89, ""resource_type"": ""OBJECT"", ""mode"": ""IX""}",89.0,0,0,OBJECT,IX,UNKNOWN
lock_released,2026-09-11 10:37:46.145,0,0.0,0.0,0,"{""event_name"": ""lock_released"", ""timestamp"": ""2026-09-11 10:37:46.145"", ""session_id"": 90, ""resource_type"": ""OBJECT"", ""mode"": ""IX""}",90.0,0,0,OBJECT,IX,UNKNOWN
lock_released,2026-09-11 10:37:46.145,0,0.0,0.0,0,"{""event_name"": ""lock_released"", ""timestamp"": ""2026-09-11 10:37:46.145"", ""session_id"": 89, ""resource_type"": ""PAGE"", ""mode"": ""S""}",89.0,0,0,PAGE,S,UNKNOWN
lock_released,2026-09-11 10:37:46.145,0,0.0,0.0,0,"{""event_name"": ""lock_released"", ""timestamp"": ""2026-09-11 10:37:46.145"", ""session_id"": 91, ""resource_type"": ""OBJECT"", ""mode"": ""IX""}",91.0,0,0,OBJECT,IX,UNKNOWN
lock_released,2026-09-11 10:37:46.145,0,0.0,0.0,0,"{""event_name"": ""lock_released"", ""timestamp"": ""2026-09-11 10:37:46.145"", ""session_id"": 94, ""resource_type"": ""OBJECT"", ""mode"": ""Sch-S""}",94.0,0,0,OBJECT,Sch-S,UNKNOWN
lock_released,2026-09-11 10:37:46.145,0,0.0,0.0,0,"{""event_name"": ""lock_released"", ""timestamp"": ""2026-09-11 10:37:46.145"", ""session_id"": 87, ""resource_type"": ""OBJECT"", ""mode"": ""IS""}",87.0,0,0,OBJECT,IS,UNKNOWN
lock_released,2026-09-11 10:37:46.145,0,0.0,0.0,0,"{""event_name"": ""lock_released"", ""timestamp"": ""2026-09-11 10:37:46.145"", ""session_id"": 92, ""resource_type"": ""PAGE"", ""mode"": ""IS""}",92.0,0,0,PAGE,IS,UNKNOWN
lock_released,2026-09-11 10:37:46.145,0,0.0,0.0,0,"{""event_name"": ""lock_released"", ""timestamp"": ""2026-09-11 10:37:46.145"", ""session_id"": 88, ""resource_type"": ""OBJECT"", ""mode"": ""Sch-S""}",88.0,0,0,OBJECT,Sch-S,UNKNOWN
lock_released,2026-09-11 10:37:46.145,0,0.0,0.0,0,"{""event_name"": ""lock_released"", ""timestamp"": ""2026-09-11 10:37:46.145"", ""session_id"": 92, ""resource_type"": ""OBJECT"", ""mode"": ""IS""}",92.0,0,0,OBJECT,IS,UNKNOWN
logout,2026-09-11 10:37:51.180,0,0.0,0.0,0,"{""event_name"": ""logout"", ""timestamp"": ""2026-09-11 10:37:51.180"", ""session_id"": 96}",96.0,0,0,0,0,UNKNOWN
logout,2026-09-11 10:37:51.180,0,0.0,0.0,0,"{""event_name"": ""logout"", ""timestamp"": ""2026-09-11 10:37:51.180"", ""session_id"": 73}",73.0,0,0,0,0,UNKNOWN
logout,2026-09-11 10:37:51.180,0,0.0,0.0,0,"{""event_name"": ""logout"", ""timestamp"": ""2026-09-11 10:37:51.180"", ""session_id"": 74}",74.0,0,0,0,0,UNKNOWN
logout,2026-09-11 10:37:51.180,0,0.0,0.0,0,"{""event_name"": ""logout"", ""timestamp"": ""2026-09-11 10:37:51.180"", ""session_id"": 75}",75.0,0,0,0,0,UNKNOWN
logout,2026-09-11 10:37:51.180,0,0.0,0.0,0,"{""event_name"": ""logout"", ""timestamp"": ""2026-09-11 10:37:51.180"", ""session_id"": 78}",78.0,0,0,0,0,UNKNOWN
logout,2026-09-11 10:37:51.180,0,0.0,0.0,0,"{""event_name"": ""logout"", ""timestamp"": ""2026-09-11 10:37:51.180"", ""session_id"": 79}",79.0,0,0,0,0,UNKNOWN
lock_acquired,2026-09-11 10:37:51.180,0,0.0,0.0,0,"{""event_name"": ""lock_acquired"", ""timestamp"": ""2026-09-11 10:37:51.180"", ""session_id"": 93, ""resource_type"": ""PAGE"", ""mode"": ""S""}",93.0,0,0,PAGE,S,UNKNOWN
lock_acquired,2026-09-11 10:37:51.180,0,0.0,0.0,0,"{""event_name"": ""lock_acquired"", ""timestamp"": ""2026-09-11 10:37:51.180"", ""session_id"": 86, ""resource_type"": ""OBJECT"", ""mode"": ""Sch-S""}",86.0,0,0,OBJECT,Sch-S,UNKNOWN
lock_acquired,2026-09-11 10:37:51.180,0,0.0,0.0,0,"{""event_name"": ""lock_acquired"", ""timestamp"": ""2026-09-11 10:37:51.180"", ""session_id"": 94, ""resource_type"": ""PAGE"", ""mode"": ""S""}",94.0,0,0,PAGE,S,UNKNOWN
lock_acquired,2026-09-11 10:37:51.180,0,0.0,0.0,0,"{""event_name"": ""lock_acquired"", ""timestamp"": ""2026-09-11 10:37:51.180"", ""session_id"": 89, ""resource_type"": ""KEY"", ""mode"": ""X""}",89.0,0,0,KEY,X,UNKNOWN
lock_acquired,2026-09-11 10:37:51.180,0,0.0,0.0,0,"{""event_name"": ""lock_acquired"", ""timestamp"": ""2026-09-11 10:37:51.180"", ""session_id"": 95, ""resource_type"": ""OBJECT"", ""mode"": ""IX""}",95.0,0,0,OBJECT,IX,UNKNOWN
lock_acquired,2026-09-11 10:37:51.180,0,0.0,0.0,0,"{""event_name"": ""lock_acquired"", ""timestamp"": ""2026-09-11 10:37:51.180"", ""session_id"": 91, ""resource_type"": ""PAGE"", ""mode"": ""S""}",91.0,0,0,PAGE,S,UNKNOWN
lock_acquired,2026-09-11 10:37:51.180,0,0.0,0.0,0,"{""event_name"": ""lock_acquired"", ""timestamp"": ""2026-09-11 10:37:51.180"", ""session_id"": 88, ""resource_type"": ""PAGE"", ""mode"": ""S""}",88.0,0,0,PAGE,S,UNKNOWN
lock_acquired,2026-09-11 10:37:51.180,0,0.0,0.0,0,"{""event_name"": ""lock_acquired"", ""timestamp"": ""2026-09-11 10:37:51.180"", ""session_id"": 89, ""resource_type"": ""OBJECT"", ""mode"": ""IX""}",89.0,0,0,OBJECT,IX,UNKNOWN
lock_acquired,2026-09-11 10:37:51.180,0,0.0,0.0,0,"{""event_name"": ""lock_acquired"", ""timestamp"": ""2026-09-11 10:37:51.180"", ""session_id"": 86, ""resource_type"": ""METADATA"", ""mode"": ""Sch-S""}",86.0,0,0,METADATA,Sch-S,UNKNOWN
lock_acquired,2026-09-11 10:37:51.180,0,0.0,0.0,0,"{""event_name"": ""lock_acquired"", ""timestamp"": ""2026-09-11 10:37:51.180"", ""session_id"": 89, ""resource_type"": ""PAGE"", ""mode"": ""IX""}",89.0,0,0,PAGE,IX,UNKNOWN
lock_acquired,2026-09-11 10:37:51.180,0,0.0,0.0,0,"{""event_name"": ""lock_acquired"", ""timestamp"": ""2026-09-11 10:37:51.180"", ""session_id"": 94, ""resource_type"": ""OBJECT"", ""mode"": ""IX""}",94.0,0,0,OBJECT,IX,UNKNOWN
lock_acquired,2026-09-11 10:37:51.180,0,0.0,0.0,0,"{""event_name"": ""lock_acquired"", ""timestamp"": ""2026-09-11 10:37:51.180"", ""session_id"": 91, ""resource_type"": ""OBJECT"", ""mode"": ""IX""}",91.0,0,0,OBJECT,IX,UNKNOWN
lock_acquired,2026-09-11 10:37:51.180,0,0.0,0.0,0,"{""event_name"": ""lock_acquired"", ""timestamp"": ""2026-09-11 10:37:51.180"", ""session_id"": 88, ""resource_type"": ""OBJECT"", ""mode"": ""IX""}",88.0,0,0,OBJECT,IX,UNKNOWN
lock_released,2026-09-11 10:37:51.180,0,0.0,0.0,0,"{""event_name"": ""lock_released"", ""timestamp"": ""2026-09-11 10:37:51.180"", ""session_id"": 90, ""resource_type"": ""METADATA"", ""mode"": ""Sch-S""}",90.0,0,0,METADATA,Sch-S,UNKNOWN
lock_released,2026-09-11 10:37:51.180,0,0.0,0.0,0,"{""event_name"": ""lock_released"", ""timestamp"": ""2026-09-11 10:37:51.180"", ""session_id"": 86, ""resource_type"": ""OBJECT"", ""mode"": ""IX""}",86.0,0,0,OBJECT,IX,UNKNOWN
lock_released,2026-09-11 10:37:51.180,0,0.0,0.0,0,"{""event_name"": ""lock_released"", ""timestamp"": ""2026-09-11 10:37:51.180"", ""session_id"": 95, ""resource_type"": ""OBJECT"", ""mode"": ""Sch-S""}",95.0,0,0,OBJECT,Sch-S,UNKNOWN
lock_released,2026-09-11 10:37:51.180,0,0.0,0.0,0,"{""event_name"": ""lock_released"", ""timestamp"": ""2026-09-11 10:37:51.180"", ""session_id"": 95, ""resource_type"": ""METADATA"", ""mode"": ""Sch-S""}",95.0,0,0,METADATA,Sch-S,UNKNOWN
lock_released,2026-09-11 10:37:51.180,0,0.0,0.0,0,"{""event_name"": ""lock_released"", ""timestamp"": ""2026-09-11 10:37:51.180"", ""session_id"": 93, ""resource_type"": ""KEY"", ""mode"": ""X""}",93.0,0,0,KEY,X,UNKNOWN
lock_released,2026-09-11 10:37:51.180,0,0.0,0.0,0,"{""event_name"": ""lock_released"", ""timestamp"": ""2026-09-11 10:37:51.180"", ""session_id"": 87, ""resource_type"": ""PAGE"", ""mode"": ""S""}",87.0,0,0,PAGE,S,UNKNOWN
lock_released,2026-09-11 10:37:51.180,0,0.0,0.0,0,"{""event_name"": ""lock_released"", ""timestamp"": ""2026-09-11 10:37:51.180"", ""session_id"": 89, ""resource_type"": ""OBJECT"", ""mode"": ""Sch-S""}",89.0,0,0,OBJECT,Sch-S,UNKNOWN
lock_released,2026-09-11 10:37:51.180,0,0.0,0.0,0,"{""event_name"": ""lock_released"", ""timestamp"": ""2026-09-11 10:37:51.180"", ""session_id"": 89, ""resource_type"": ""METADATA"", ""mode"": ""Sch-S""}",89.0,0,0,METADATA,Sch-S,UNKNOWN
lock_released,2026-09-11 10:37:51.180,0,0.0,0.0,0,"{""event_name"": ""lock_released"", ""timestamp"": ""2026-09-11 10:37:51.180"", ""session_id"": 90, ""resource_type"": ""OBJECT"", ""mode"": ""Sch-S""}",90.0,0,0,OBJECT,Sch-S,UNKNOWN
lock_released,2026-09-11 10:37:51.180,0,0.0,0.0,0,"{""event_name"": ""lock_released"", ""timestamp"": ""2026-09-11 10:37:51.180"", ""session_id"": 94, ""resource_type"": ""OBJECT"", ""mode"": ""IS""}",94.0,0,0,OBJECT,IS,UNKNOWN
lock_released,2026-09-11 10:37:51.180,0,0.0,0.0,0,"{""event_name"": ""lock_released"", ""timestamp"": ""2026-09-11 10:37:51.180"", ""session_id"": 91, ""resource_type"": ""KEY"", ""mode"": ""X""}",91.0,0,0,KEY,X,UNKNOWN
lock_released,2026-09-11 10:37:51.180,0,0.0,0.0,0,"{""event_name"": ""lock_released"", ""timestamp"": ""2026-09-11 10:37:51.180"", ""session_id"": 87, ""resource_type"": ""OBJECT"", ""mode"": ""IX""}",87.0,0,0,OBJECT,IX,UNKNOWN
lock_released,2026-09-11 10:37:51.180,0,0.0,0.0,0,"{""event_name"": ""lock_released"", ""timestamp"": ""2026-09-11 10:37:51.180"", ""session_id"": 93, ""resource_type"": ""PAGE"", ""mode"": ""IX""}",93.0,0,0,PAGE,IX,UNKNOWN
logout,2026-09-11 10:37:56.234,0,0.0,0.0,0,"{""event_name"": ""logout"", ""timestamp"": ""2026-09-11 10:37:56.234"", ""session_id"": 72}",72.0,0,0,0,0,UNKNOWN
logout,2026-09-11 10:37:56.234,0,0.0,0.0,0,"{""event_name"": ""logout"", ""timestamp"": ""2026-09-11 10:37:56.234"", ""session_id"": 76}",76.0,0,0,0,0,UNKNOWN
logout,2026-09-11 10:37:56.234,0,0.0,0.0,0,"{""event_name"": ""logout"", ""timestamp"": ""2026-09-11 10:37:56.234"", ""session_id"": 77}",77.0,0,0,0,0,UNKNOWN
logout,2026-09-11 10:37:56.234,0,0.0,0.0,0,"{""event_name"": ""logout"", ""timestamp"": ""2026-09-11 10:37:56.234"", ""session_id"": 71}",71.0,0,0,0,0,UNKNOWN
lock_acquired,2026-09-11 10:37:56.234,0,0.0,0.0,0,"{""event_name"": ""lock_acquired"", ""timestamp"": ""2026-09-11 10:37:56.234"", ""session_id"": 86, ""resource_type"": ""KEY"", ""mode"": ""X""}",86.0,0,0,KEY,X,UNKNOWN
lock_acquired,2026-09-11 10:37:56.234,0,0.0,0.0,0,"{""event_name"": ""lock_acquired"", ""timestamp"": ""2026-09-11 10:37:56.234"", ""session_id"": 94, ""resource_type"": ""METADATA"", ""mode"": ""Sch-S""}",94.0,0,0,METADATA,Sch-S,UNKNOWN
lock_acquired,2026-09-11 10:37:56.234,0,0.0,0.0,0,"{""event_name"": ""lock_acquired"", ""timestamp"": ""2026-09-11 10:37:56.234"", ""session_id"": 86, ""resource_type"": ""OBJECT"", ""mode"": ""IX""}",86.0,0,0,OBJECT,IX,UNKNOWN
lock_acquired,2026-09-11 10:37:56.234,0,0.0,0.0,0,"{""event_name"": ""lock_acquired"", ""timestamp"": ""2026-09-11 10:37:56.234"", ""session_id"": 88, ""resource_type"": ""PAGE"", ""mode"": ""IX""}",88.0,0,0,PAGE,IX,UNKNOWN
lock_acquired,2026-09-11 10:37:56.234,0,0.0,0.0,0,"{""event_name"": ""lock_acquired"", ""timestamp"": ""2026-09-11 10:37:56.234"", ""session_id"": 87, ""resource_type"": ""PAGE"", ""mode"": ""S""}",87.0,0,0,PAGE,S,UNKNOWN
lock_acquired,2026-09-11 10:37:56.234,0,0.0,0.0,0,"{""event_name"": ""lock_acquired"", ""timestamp"": ""2026-09-11 10:37:56.234"", ""session_id"": 89, ""resource_type"": ""OBJECT"", ""mode"": ""Sch-S""}",89.0,0,0,OBJECT,Sch-S,UNKNOWN
lock_acquired,2026-09-11 10:37:56.234,0,0.0,0.0,0,"{""event_name"": ""lock_acquired"", ""timestamp"": ""2026-09-11 10:37:56.234"", ""session_id"": 90, ""resource_type"": ""OBJECT"", ""mode"": ""IX""}",90.0,0,0,OBJECT,IX,UNKNOWN
lock_acquired,2026-09-11 10:37:56.234,0,0.0,0.0,0,"{""event_name"": ""lock_acquired"", ""timestamp"": ""2026-09-11 10:37:56.234"", ""session_id"": 86, ""resource_type"": ""PAGE"", ""mode"": ""IX""}",86.0,0,0,PAGE,IX,UNKNOWN
lock_acquired,2026-09-11 10:37:56.234,0,0.0,0.0,0,"{""event_name"": ""lock_acquired"", ""timestamp"": ""2026-09-11 10:37:56.234"", ""session_id"": 95, ""resource_type"": ""PAGE"", ""mode"": ""S""}",95.0,0,0,PAGE,S,UNKNOWN
lock_acquired,2026-09-11 10:37:56.234,0,0.0,0.0,0,"{""event_name"": ""lock_acquired"", ""timestamp"": ""2026-09-11 10:37:56.234"", ""session_id"": 94, ""resource_type"": ""OBJECT"", ""mode"": ""Sch-S""}",94.0,0,0,OBJECT,Sch-S,UNKNOWN
lock_acquired,2026-09-11 10:37:56.234,0,0.0,0.0,0,"{""event_name"": ""lock_acquired"", ""timestamp"": ""2026-09-11 10:37:56.234"", ""session_id"": 88, ""resource_type"": ""KEY"", ""mode"": ""X""}",88.0,0,0,KEY,X,UNKNOWN
lock_acquired,2026-09-11 10:37:56.234,0,0.0,0.0,0,"{""event_name"": ""lock_acquired"", ""timestamp"": ""2026-09-11 10:37:56.234"", ""session_id"": 91, ""resource_type"": ""OBJECT"", ""mode"": ""Sch-S""}",91.0,0,0,OBJECT,Sch-S,UNKNOWN
lock_acquired,2026-09-11 10:37:56.234,0,0.0,0.0,0,"{""event_name"": ""lock_acquired"", ""timestamp"": ""2026-09-11 10:37:56.234"", ""session_id"": 87, ""resource_type"": ""OBJECT"", ""mode"": ""IX""}",87.0,0,0,OBJECT,IX,UNKNOWN
lock_acquired,2026-09-11 10:37:56.234,0,0.0,0.0,0,"{""event_name"": ""lock_acquired"", ""timestamp"": ""2026-09-11 10:37:56.234"", ""session_id"": 90, ""resource_type"": ""PAGE"", ""mode"": ""S""}",90.0,0,0,PAGE,S,UNKNOWN
lock_released,2026-09-11 10:37:56.234,0,0.0,0.0,0,"{""event_name"": ""lock_released"", ""timestamp"": ""2026-09-11 10:37:56.234"", ""session_id"": 93, ""resource_type"": ""PAGE"", ""mode"": ""S""}",93.0,0,0,PAGE,S,UNKNOWN
lock_released,2026-09-11 10:37:56.234,0,0.0,0.0,0,"{""event_name"": ""lock_released"", ""timestamp"": ""2026-09-11 10:37:56.234"", ""session_id"": 86, ""resource_type"": ""OBJECT"", ""mode"": ""Sch-S""}",86.0,0,0,OBJECT,Sch-S,UNKNOWN
lock_released,2026-09-11 10:37:56.234,0,0.0,0.0,0,"{""event_name"": ""lock_released"", ""timestamp"": ""2026-09-11 10:37:56.234"", ""session_id"": 94, ""resource_type"": ""PAGE"", ""mode"": ""S""}",94.0,0,0,PAGE,S,UNKNOWN
lock_released,2026-09-11 10:37:56.234,0,0.0,0.0,0,"{""event_name"": ""lock_released"", ""timestamp"": ""2026-09-11 10:37:56.234"", ""session_id"": 89, ""resource_type"": ""KEY"", ""mode"": ""X""}",89.0,0,0,KEY,X,UNKNOWN
lock_released,2026-09-11 10:37:56.234,0,0.0,0.0,0,"{""event_name"": ""lock_released"", ""timestamp"": ""2026-09-11 10:37:56.234"", ""session_id"": 91, ""resource_type"": ""PAGE"", ""mode"": ""S""}",91.0,0,0,PAGE,S,UNKNOWN
lock_released,2026-09-11 10:37:56.234,0,0.0,0.0,0,"{""event_name"": ""lock_released"", ""timestamp"": ""2026-09-11 10:37:56.234"", ""session_id"": 88, ""resource_type"": ""PAGE"", ""mode"": ""S""}",88.0,0,0,PAGE,S,UNKNOWN
lock_released,2026-09-11 10:37:56.234,0,0.0,0.0,0,"{""event_name"": ""lock_released"", ""timestamp"": ""2026-09-11 10:37:56.234"", ""session_id"": 93, ""resource_type"": ""OBJECT"", ""mode"": ""IX""}",93.0,0,0,OBJECT,IX,UNKNOWN
lock_released,2026-09-11 10:37:56.234,0,0.0,0.0,0,"{""event_name"": ""lock_released"", ""timestamp"": ""2026-09-11 10:37:56.234"", ""session_id"": 89, ""resource_type"": ""OBJECT"", ""mode"": ""IX""}",89.0,0,0,OBJECT,IX,UNKNOWN
lock_released,2026-09-11 10:37:56.234,0,0.0,0.0,0,"{""event_name"": ""lock_released"", ""timestamp"": ""2026-09-11 10:37:56.234"", ""session_id"": 86, ""resource_type"": ""METADATA"", ""mode"": ""Sch-S""}",86.0,0,0,METADATA,Sch-S,UNKNOWN
lock_released,2026-09-11 10:37:56.234,0,0.0,0.0,0,"{""event_name"": ""lock_released"", ""timestamp"": ""2026-09-11 10:37:56.234"", ""session_id"": 89, ""resource_type"": ""PAGE"", ""mode"": ""IX""}",89.0,0,0,PAGE,IX,UNKNOWN
lock_released,2026-09-11 10:37:56.234,0,0.0,0.0,0,"{""event_name"": ""lock_released"", ""timestamp"": ""2026-09-11 10:37:56.234"", ""session_id"": 94, ""resource_type"": ""OBJECT"", ""mode"": ""IX""}",94.0,0,0,OBJECT,IX,UNKNOWN
lock_released,2026-09-11 10:37:56.234,0,0.0,0.0,0,"{""event_name"": ""lock_released"", ""timestamp"": ""2026-09-11 10:37:56.234"", ""session_id"": 91, ""resource_type"": ""OBJECT"", ""mode"": ""IX""}",91.0,0,0,OBJECT,IX,UNKNOWN
lock_acquired,2026-09-11 10:38:01.310,0,0.0,0.0,0,"{""event_name"": ""lock_acquired"", ""timestamp"": ""2026-09-11 10:38:01.310"", ""session_id"": 93, ""resource_type"": ""PAGE"", ""mode"": ""S""}",93.0,0,0,PAGE,S,UNKNOWN
lock_acquired,2026-09-11 10:38:01.310,0,0.0,0.0,0,"{""event_name"": ""lock_acquired"", ""timestamp"": ""2026-09-11 10:38:01.310"", ""session_id"": 94, ""resource_type"": ""PAGE"", ""mode"": ""S""}",94.0,0,0,PAGE,S,UNKNOWN
lock_acquired,2026-09-11 10:38:01.310,0,0.0,0.0,0,"{""event_name"": ""lock_acquired"", ""timestamp"": ""2026-09-11 10:38:01.310"", ""session_id"": 93, ""resource_type"": ""KEY"", ""mode"": ""X""}",93.0,0,0,KEY,X,UNKNOWN
lock_acquired,2026-09-11 10:38:01.310,0,0.0,0.0,0,"{""event_name"": ""lock_acquired"", ""timestamp"": ""2026-09-11 10:38:01.310"", ""session_id"": 91, ""resource_type"": ""PAGE"", ""mode"": ""S""}",91.0,0,0,PAGE,S,UNKNOWN
lock_acquired,2026-09-11 10:38:01.310,0,0.0,0.0,0,"{""event_name"": ""lock_acquired"", ""timestamp"": ""2026-09-11 10:38:01.310"", ""session_id"": 93, ""resource_type"": ""OBJECT"", ""mode"": ""IX""}",93.0,0,0,OBJECT,IX,UNKNOWN
lock_acquired,2026-09-11 10:38:01.310,0,0.0,0.0,0,"{""event_name"": ""lock_acquired"", ""timestamp"": ""2026-09-11 10:38:01.310"", ""session_id"": 91, ""resource_type"": ""OBJECT"", ""mode"": ""IX""}",91.0,0,0,OBJECT,IX,UNKNOWN
lock_acquired,2026-09-11 10:38:01.310,0,0.0,0.0,0,"{""event_name"": ""lock_acquired"", ""timestamp"": ""2026-09-11 10:38:01.310"", ""session_id"": 94, ""resource_type"": ""OBJECT"", ""mode"": ""IX""}",94.0,0,0,OBJECT,IX,UNKNOWN
lock_acquired,2026-09-11 10:38:01.310,0,0.0,0.0,0,"{""event_name"": ""lock_acquired"", ""timestamp"": ""2026-09-11 10:38:01.310"", ""session_id"": 88, ""resource_type"": ""OBJECT"", ""mode"": ""Sch-S""}",88.0,0,0,OBJECT,Sch-S,UNKNOWN
lock_acquired,2026-09-11 10:38:01.310,0,0.0,0.0,0,"{""event_name"": ""lock_acquired"", ""timestamp"": ""2026-09-11 10:38:01.310"", ""session_id"": 86, ""resource_type"": ""PAGE"", ""mode"": ""S""}",86.0,0,0,PAGE,S,UNKNOWN
lock_released,2026-09-11 10:38:01.310,0,0.0,0.0,0,"{""event_name"": ""lock_released"", ""timestamp"": ""2026-09-11 10:38:01.310"", ""session_id"": 86, ""resource_type"": ""KEY"", ""mode"": ""X""}",86.0,0,0,KEY,X,UNKNOWN
lock_released,2026-09-11 10:38:01.310,0,0.0,0.0,0,"{""event_name"": ""lock_released"", ""timestamp"": ""2026-09-11 10:38:01.310"", ""session_id"": 92, ""resource_type"": ""PAGE"", ""mode"": ""S""}",92.0,0,0,PAGE,S,UNKNOWN
lock_released,2026-09-11 10:38:01.310,0,0.0,0.0,0,"{""event_name"": ""lock_released"", ""timestamp"": ""2026-09-11 10:38:01.310"", ""session_id"": 94, ""resource_type"": ""METADATA"", ""mode"": ""Sch-S""}",94.0,0,0,METADATA,Sch-S,UNKNOWN
lock_released,2026-09-11 10:38:01.310,0,0.0,0.0,0,"{""event_name"": ""lock_released"", ""timestamp"": ""2026-09-11 10:38:01.310"", ""session_id"": 88, ""resource_type"": ""PAGE"", ""mode"": ""IX""}",88.0,0,0,PAGE,IX,UNKNOWN
lock_released,2026-09-11 10:38:01.310,0,0.0,0.0,0,"{""event_name"": ""lock_released"", ""timestamp"": ""2026-09-11 10:38:01.310"", ""session_id"": 86, ""resource_type"": ""PAGE"", ""mode"": ""IX""}",86.0,0,0,PAGE,IX,UNKNOWN
lock_released,2026-09-11 10:38:01.310,0,0.0,0.0,0,"{""event_name"": ""lock_released"", ""timestamp"": ""2026-09-11 10:38:01.310"", ""session_id"": 94, ""resource_type"": ""OBJECT"", ""mode"": ""Sch-S""}",94.0,0,0,OBJECT,Sch-S,UNKNOWN
lock_released,2026-09-11 10:38:01.310,0,0.0,0.0,0,"{""event_name"": ""lock_released"", ""timestamp"": ""2026-09-11 10:38:01.310"", ""session_id"": 88, ""resource_type"": ""KEY"", ""mode"": ""X""}",88.0,0,0,KEY,X,UNKNOWN
lock_released,2026-09-11 10:38:01.310,0,0.0,0.0,0,"{""event_name"": ""lock_released"", ""timestamp"": ""2026-09-11 10:38:01.310"", ""session_id"": 91, ""resource_type"": ""OBJECT"", ""mode"": ""Sch-S""}",91.0,0,0,OBJECT,Sch-S,UNKNOWN
login,2026-09-11 10:38:07.418,SteelNort,0.0,0.0,0,"{""event_name"": ""login"", ""timestamp"": ""2026-09-11 10:38:07.418"", ""session_id"": 71, ""login_name"": ""795ec2146175\\Administrator"", ""program_name"": ""Microsoft SQL Server"", ""database_name"": ""SteelNort""}",71.0,795ec2146175\Administrator,Microsoft SQL Server,0,0,UNKNOWN
lock_acquired,2026-09-11 10:38:07.418,0,0.0,0.0,0,"{""event_name"": ""lock_acquired"", ""timestamp"": ""2026-09-11 10:38:07.418"", ""session_id"": 93, ""resource_type"": ""PAGE"", ""mode"": ""IX""}",93.0,0,0,PAGE,IX,UNKNOWN
lock_released,2026-09-11 10:38:07.418,0,0.0,0.0,0,"{""event_name"": ""lock_released"", ""timestamp"": ""2026-09-11 10:38:07.418"", ""session_id"": 93, ""resource_type"": ""PAGE"", ""mode"": ""S""}",93.0,0,0,PAGE,S,UNKNOWN
lock_released,2026-09-11 10:38:07.418,0,0.0,0.0,0,"{""event_name"": ""lock_released"", ""timestamp"": ""2026-09-11 10:38:07.418"", ""session_id"": 86, ""resource_type"": ""PAGE"", ""mode"": ""S""}",86.0,0,0,PAGE,S,UNKNOWN
lock_released,2026-09-11 10:38:07.418,0,0.0,0.0,0,"{""event_name"": ""lock_released"", ""timestamp"": ""2026-09-11 10:38:07.418"", ""session_id"": 86, ""resource_type"": ""OBJECT"", ""mode"": ""IX""}",86.0,0,0,OBJECT,IX,UNKNOWN
lock_released,2026-09-11 10:38:07.418,0,0.0,0.0,0,"{""event_name"": ""lock_released"", ""timestamp"": ""2026-09-11 10:38:07.418"", ""session_id"": 94, ""resource_type"": ""PAGE"", ""mode"": ""S""}",94.0,0,0,PAGE,S,UNKNOWN
lock_released,2026-09-11 10:38:07.418,0,0.0,0.0,0,"{""event_name"": ""lock_released"", ""timestamp"": ""2026-09-11 10:38:07.418"", ""session_id"": 95, ""resource_type"": ""OBJECT"", ""mode"": ""IX""}",95.0,0,0,OBJECT,IX,UNKNOWN
lock_released,2026-09-11 10:38:07.418,0,0.0,0.0,0,"{""event_name"": ""lock_released"", ""timestamp"": ""2026-09-11 10:38:07.418"", ""session_id"": 90, ""resource_type"": ""PAGE"", ""mode"": ""S""}",90.0,0,0,PAGE,S,UNKNOWN
lock_released,2026-09-11 10:38:07.418,0,0.0,0.0,0,"{""event_name"": ""lock_released"", ""timestamp"": ""2026-09-11 10:38:07.418"", ""session_id"": 91, ""resource_type"": ""PAGE"", ""mode"": ""S""}",91.0,0,0,PAGE,S,UNKNOWN
lock_released,2026-09-11 10:38:07.418,0,0.0,0.0,0,"{""event_name"": ""lock_released"", ""timestamp"": ""2026-09-11 10:38:07.418"", ""session_id"": 89, ""resource_type"": ""OBJECT"", ""mode"": ""Sch-S""}",89.0,0,0,OBJECT,Sch-S,UNKNOWN
lock_released,2026-09-11 10:38:07.418,0,0.0,0.0,0,"{""event_name"": ""lock_released"", ""timestamp"": ""2026-09-11 10:38:07.418"", ""session_id"": 90, ""resource_type"": ""OBJECT"", ""mode"": ""IX""}",90.0,0,0,OBJECT,IX,UNKNOWN
lock_released,2026-09-11 10:38:07.418,0,0.0,0.0,0,"{""event_name"": ""lock_released"", ""timestamp"": ""2026-09-11 10:38:07.418"", ""session_id"": 95, ""resource_type"": ""PAGE"", ""mode"": ""S""}",95.0,0,0,PAGE,S,UNKNOWN
lock_released,2026-09-11 10:38:07.418,0,0.0,0.0,0,"{""event_name"": ""lock_released"", ""timestamp"": ""2026-09-11 10:38:07.418"", ""session_id"": 91, ""resource_type"": ""OBJECT"", ""mode"": ""IX""}",91.0,0,0,OBJECT,IX,UNKNOWN
lock_released,2026-09-11 10:38:07.418,0,0.0,0.0,0,"{""event_name"": ""lock_released"", ""timestamp"": ""2026-09-11 10:38:07.418"", ""session_id"": 94, ""resource_type"": ""OBJECT"", ""mode"": ""IX""}",94.0,0,0,OBJECT,IX,UNKNOWN
lock_released,2026-09-11 10:38:07.418,0,0.0,0.0,0,"{""event_name"": ""lock_released"", ""timestamp"": ""2026-09-11 10:38:07.418"", ""session_id"": 88, ""resource_type"": ""OBJECT"", ""mode"": ""Sch-S""}",88.0,0,0,OBJECT,Sch-S,UNKNOWN
lock_released,2026-09-11 10:38:07.418,0,0.0,0.0,0,"{""event_name"": ""lock_released"", ""timestamp"": ""2026-09-11 10:38:07.418"", ""session_id"": 88, ""resource_type"": ""OBJECT"", ""mode"": ""IX""}",88.0,0,0,OBJECT,IX,UNKNOWN
logout,2026-09-11 10:38:12.450,0,0.0,0.0,0,"{""event_name"": ""logout"", ""timestamp"": ""2026-09-11 10:38:12.450"", ""session_id"": 71}",71.0,0,0,0,0,UNKNOWN
lock_acquired,2026-09-11 10:38:12.450,0,0.0,0.0,0,"{""event_name"": ""lock_acquired"", ""timestamp"": ""2026-09-11 10:38:12.450"", ""session_id"": 86, ""resource_type"": ""KEY"", ""mode"": ""X""}",86.0,0,0,KEY,X,UNKNOWN
lock_acquired,2026-09-11 10:38:12.450,0,0.0,0.0,0,"{""event_name"": ""lock_acquired"", ""timestamp"": ""2026-09-11 10:38:12.450"", ""session_id"": 93, ""resource_type"": ""PAGE"", ""mode"": ""S""}",93.0,0,0,PAGE,S,UNKNOWN
lock_acquired,2026-09-11 10:38:12.450,0,0.0,0.0,0,"{""event_name"": ""lock_acquired"", ""timestamp"": ""2026-09-11 10:38:12.450"", ""session_id"": 86, ""resource_type"": ""OBJECT"", ""mode"": ""IX""}",86.0,0,0,OBJECT,IX,UNKNOWN
lock_acquired,2026-09-11 10:38:12.450,0,0.0,0.0,0,"{""event_name"": ""lock_acquired"", ""timestamp"": ""2026-09-11 10:38:12.450"", ""session_id"": 95, ""resource_type"": ""OBJECT"", ""mode"": ""IX""}",95.0,0,0,OBJECT,IX,UNKNOWN
lock_acquired,2026-09-11 10:38:12.450,0,0.0,0.0,0,"{""event_name"": ""lock_acquired"", ""timestamp"": ""2026-09-11 10:38:12.450"", ""session_id"": 89, ""resource_type"": ""KEY"", ""mode"": ""X""}",89.0,0,0,KEY,X,UNKNOWN
lock_acquired,2026-09-11 10:38:12.450,0,0.0,0.0,0,"{""event_name"": ""lock_acquired"", ""timestamp"": ""2026-09-11 10:38:12.450"", ""session_id"": 92, ""resource_type"": ""OBJECT"", ""mode"": ""IS""}",92.0,0,0,OBJECT,IS,UNKNOWN
lock_acquired,2026-09-11 10:38:12.450,0,0.0,0.0,0,"{""event_name"": ""lock_acquired"", ""timestamp"": ""2026-09-11 10:38:12.450"", ""session_id"": 91, ""resource_type"": ""PAGE"", ""mode"": ""S""}",91.0,0,0,PAGE,S,UNKNOWN
lock_acquired,2026-09-11 10:38:12.450,0,0.0,0.0,0,"{""event_name"": ""lock_acquired"", ""timestamp"": ""2026-09-11 10:38:12.450"", ""session_id"": 88, ""resource_type"": ""PAGE"", ""mode"": ""S""}",88.0,0,0,PAGE,S,UNKNOWN
lock_acquired,2026-09-11 10:38:12.450,0,0.0,0.0,0,"{""event_name"": ""lock_acquired"", ""timestamp"": ""2026-09-11 10:38:12.450"", ""session_id"": 89, ""resource_type"": ""OBJECT"", ""mode"": ""IX""}",89.0,0,0,OBJECT,IX,UNKNOWN
lock_acquired,2026-09-11 10:38:12.450,0,0.0,0.0,0,"{""event_name"": ""lock_acquired"", ""timestamp"": ""2026-09-11 10:38:12.450"", ""session_id"": 95, ""resource_type"": ""PAGE"", ""mode"": ""S""}",95.0,0,0,PAGE,S,UNKNOWN
lock_acquired,2026-09-11 10:38:12.450,0,0.0,0.0,0,"{""event_name"": ""lock_acquired"", ""timestamp"": ""2026-09-11 10:38:12.450"", ""session_id"": 86, ""resource_type"": ""PAGE"", ""mode"": ""IX""}",86.0,0,0,PAGE,IX,UNKNOWN
lock_acquired,2026-09-11 10:38:12.450,0,0.0,0.0,0,"{""event_name"": ""lock_acquired"", ""timestamp"": ""2026-09-11 10:38:12.450"", ""session_id"": 89, ""resource_type"": ""PAGE"", ""mode"": ""IX""}",89.0,0,0,PAGE,IX,UNKNOWN
lock_acquired,2026-09-11 10:38:12.450,0,0.0,0.0,0,"{""event_name"": ""lock_acquired"", ""timestamp"": ""2026-09-11 10:38:12.450"", ""session_id"": 92, ""resource_type"": ""PAGE"", ""mode"": ""IS""}",92.0,0,0,PAGE,IS,UNKNOWN
lock_acquired,2026-09-11 10:38:12.450,0,0.0,0.0,0,"{""event_name"": ""lock_acquired"", ""timestamp"": ""2026-09-11 10:38:12.450"", ""session_id"": 91, ""resource_type"": ""OBJECT"", ""mode"": ""IX""}",91.0,0,0,OBJECT,IX,UNKNOWN
lock_acquired,2026-09-11 10:38:12.450,0,0.0,0.0,0,"{""event_name"": ""lock_acquired"", ""timestamp"": ""2026-09-11 10:38:12.450"", ""session_id"": 88, ""resource_type"": ""OBJECT"", ""mode"": ""IX""}",88.0,0,0,OBJECT,IX,UNKNOWN
lock_released,2026-09-11 10:38:12.450,0,0.0,0.0,0,"{""event_name"": ""lock_released"", ""timestamp"": ""2026-09-11 10:38:12.450"", ""session_id"": 92, ""resource_type"": ""OBJECT"", ""mode"": ""IX""}",92.0,0,0,OBJECT,IX,UNKNOWN
lock_released,2026-09-11 10:38:12.450,0,0.0,0.0,0,"{""event_name"": ""lock_released"", ""timestamp"": ""2026-09-11 10:38:12.450"", ""session_id"": 93, ""resource_type"": ""PAGE"", ""mode"": ""IX""}",93.0,0,0,PAGE,IX,UNKNOWN
lock_released,2026-09-11 10:38:12.450,0,0.0,0.0,0,"{""event_name"": ""lock_released"", ""timestamp"": ""2026-09-11 10:38:12.450"", ""session_id"": 93, ""resource_type"": ""KEY"", ""mode"": ""X""}",93.0,0,0,KEY,X,UNKNOWN
lock_acquired,2026-09-11 10:38:17.488,0,0.0,0.0,0,"{""event_name"": ""lock_acquired"", ""timestamp"": ""2026-09-11 10:38:17.488"", ""session_id"": 92, ""resource_type"": ""PAGE"", ""mode"": ""S""}",92.0,0,0,PAGE,S,UNKNOWN
lock_acquired,2026-09-11 10:38:17.488,0,0.0,0.0,0,"{""event_name"": ""lock_acquired"", ""timestamp"": ""2026-09-11 10:38:17.488"", ""session_id"": 88, ""resource_type"": ""OBJECT"", ""mode"": ""Sch-S""}",88.0,0,0,OBJECT,Sch-S,UNKNOWN
lock_acquired,2026-09-11 10:38:17.488,0,0.0,0.0,0,"{""event_name"": ""lock_acquired"", ""timestamp"": ""2026-09-11 10:38:17.488"", ""session_id"": 95, ""resource_type"": ""OBJECT"", ""mode"": ""Sch-S""}",95.0,0,0,OBJECT,Sch-S,UNKNOWN
lock_acquired,2026-09-11 10:38:17.488,0,0.0,0.0,0,"{""event_name"": ""lock_acquired"", ""timestamp"": ""2026-09-11 10:38:17.488"", ""session_id"": 91, ""resource_type"": ""PAGE"", ""mode"": ""IX""}",91.0,0,0,PAGE,IX,UNKNOWN
lock_acquired,2026-09-11 10:38:17.488,0,0.0,0.0,0,"{""event_name"": ""lock_acquired"", ""timestamp"": ""2026-09-11 10:38:17.488"", ""session_id"": 95, ""resource_type"": ""PAGE"", ""mode"": ""IS""}",95.0,0,0,PAGE,IS,UNKNOWN
lock_acquired,2026-09-11 10:38:17.488,0,0.0,0.0,0,"{""event_name"": ""lock_acquired"", ""timestamp"": ""2026-09-11 10:38:17.488"", ""session_id"": 92, ""resource_type"": ""OBJECT"", ""mode"": ""IX""}",92.0,0,0,OBJECT,IX,UNKNOWN
lock_acquired,2026-09-11 10:38:17.488,0,0.0,0.0,0,"{""event_name"": ""lock_acquired"", ""timestamp"": ""2026-09-11 10:38:17.488"", ""session_id"": 90, ""resource_type"": ""PAGE"", ""mode"": ""S""}",90.0,0,0,PAGE,S,UNKNOWN
lock_acquired,2026-09-11 10:38:17.488,0,0.0,0.0,0,"{""event_name"": ""lock_acquired"", ""timestamp"": ""2026-09-11 10:38:17.488"", ""session_id"": 93, ""resource_type"": ""KEY"", ""mode"": ""X""}",93.0,0,0,KEY,X,UNKNOWN
lock_acquired,2026-09-11 10:38:17.488,0,0.0,0.0,0,"{""event_name"": ""lock_acquired"", ""timestamp"": ""2026-09-11 10:38:17.488"", ""session_id"": 88, ""resource_type"": ""METADATA"", ""mode"": ""Sch-S""}",88.0,0,0,METADATA,Sch-S,UNKNOWN
lock_acquired,2026-09-11 10:38:17.488,0,0.0,0.0,0,"{""event_name"": ""lock_acquired"", ""timestamp"": ""2026-09-11 10:38:17.488"", ""session_id"": 90, ""resource_type"": ""OBJECT"", ""mode"": ""IX""}",90.0,0,0,OBJECT,IX,UNKNOWN
lock_acquired,2026-09-11 10:38:17.488,0,0.0,0.0,0,"{""event_name"": ""lock_acquired"", ""timestamp"": ""2026-09-11 10:38:17.488"", ""session_id"": 95, ""resource_type"": ""KEY"", ""mode"": ""S""}",95.0,0,0,KEY,S,UNKNOWN
lock_acquired,2026-09-11 10:38:17.488,0,0.0,0.0,0,"{""event_name"": ""lock_acquired"", ""timestamp"": ""2026-09-11 10:38:17.488"", ""session_id"": 89, ""resource_type"": ""PAGE"", ""mode"": ""S""}",89.0,0,0,PAGE,S,UNKNOWN
lock_acquired,2026-09-11 10:38:17.488,0,0.0,0.0,0,"{""event_name"": ""lock_acquired"", ""timestamp"": ""2026-09-11 10:38:17.488"", ""session_id"": 91, ""resource_type"": ""KEY"", ""mode"": ""X""}",91.0,0,0,KEY,X,UNKNOWN
lock_acquired,2026-09-11 10:38:17.488,0,0.0,0.0,0,"{""event_name"": ""lock_acquired"", ""timestamp"": ""2026-09-11 10:38:17.488"", ""session_id"": 87, ""resource_type"": ""OBJECT"", ""mode"": ""Sch-S""}",87.0,0,0,OBJECT,Sch-S,UNKNOWN
lock_acquired,2026-09-11 10:38:17.488,0,0.0,0.0,0,"{""event_name"": ""lock_acquired"", ""timestamp"": ""2026-09-11 10:38:17.488"", ""session_id"": 86, ""resource_type"": ""OBJECT"", ""mode"": ""IS""}",86.0,0,0,OBJECT,IS,UNKNOWN
lock_acquired,2026-09-11 10:38:17.488,0,0.0,0.0,0,"{""event_name"": ""lock_acquired"", ""timestamp"": ""2026-09-11 10:38:17.488"", ""session_id"": 95, ""resource_type"": ""OBJECT"", ""mode"": ""IS""}",95.0,0,0,OBJECT,IS,UNKNOWN
lock_released,2026-09-11 10:38:17.488,0,0.0,0.0,0,"{""event_name"": ""lock_released"", ""timestamp"": ""2026-09-11 10:38:17.488"", ""session_id"": 86, ""resource_type"": ""KEY"", ""mode"": ""X""}",86.0,0,0,KEY,X,UNKNOWN
lock_released,2026-09-11 10:38:17.488,0,0.0,0.0,0,"{""event_name"": ""lock_released"", ""timestamp"": ""2026-09-11 10:38:17.488"", ""session_id"": 93, ""resource_type"": ""PAGE"", ""mode"": ""S""}",93.0,0,0,PAGE,S,UNKNOWN
lock_released,2026-09-11 10:38:17.488,0,0.0,0.0,0,"{""event_name"": ""lock_released"", ""timestamp"": ""2026-09-11 10:38:17.488"", ""session_id"": 86, ""resource_type"": ""OBJECT"", ""mode"": ""IX""}",86.0,0,0,OBJECT,IX,UNKNOWN
lock_released,2026-09-11 10:38:17.488,0,0.0,0.0,0,"{""event_name"": ""lock_released"", ""timestamp"": ""2026-09-11 10:38:17.488"", ""session_id"": 95, ""resource_type"": ""OBJECT"", ""mode"": ""IX""}",95.0,0,0,OBJECT,IX,UNKNOWN
lock_released,2026-09-11 10:38:17.488,0,0.0,0.0,0,"{""event_name"": ""lock_released"", ""timestamp"": ""2026-09-11 10:38:17.488"", ""session_id"": 89, ""resource_type"": ""KEY"", ""mode"": ""X""}",89.0,0,0,KEY,X,UNKNOWN
lock_released,2026-09-11 10:38:17.488,0,0.0,0.0,0,"{""event_name"": ""lock_released"", ""timestamp"": ""2026-09-11 10:38:17.488"", ""session_id"": 92, ""resource_type"": ""OBJECT"", ""mode"": ""IS""}",92.0,0,0,OBJECT,IS,UNKNOWN
lock_released,2026-09-11 10:38:17.488,0,0.0,0.0,0,"{""event_name"": ""lock_released"", ""timestamp"": ""2026-09-11 10:38:17.488"", ""session_id"": 91, ""resource_type"": ""PAGE"", ""mode"": ""S""}",91.0,0,0,PAGE,S,UNKNOWN
lock_released,2026-09-11 10:38:17.488,0,0.0,0.0,0,"{""event_name"": ""lock_released"", ""timestamp"": ""2026-09-11 10:38:17.488"", ""session_id"": 87, ""resource_type"": ""PAGE"", ""mode"": ""S""}",87.0,0,0,PAGE,S,UNKNOWN
lock_released,2026-09-11 10:38:17.488,0,0.0,0.0,0,"{""event_name"": ""lock_released"", ""timestamp"": ""2026-09-11 10:38:17.488"", ""session_id"": 88, ""resource_type"": ""PAGE"", ""mode"": ""S""}",88.0,0,0,PAGE,S,UNKNOWN
lock_released,2026-09-11 10:38:17.488,0,0.0,0.0,0,"{""event_name"": ""lock_released"", ""timestamp"": ""2026-09-11 10:38:17.488"", ""session_id"": 93, ""resource_type"": ""OBJECT"", ""mode"": ""IX""}",93.0,0,0,OBJECT,IX,UNKNOWN
lock_released,2026-09-11 10:38:17.488,0,0.0,0.0,0,"{""event_name"": ""lock_released"", ""timestamp"": ""2026-09-11 10:38:17.488"", ""session_id"": 95, ""resource_type"": ""PAGE"", ""mode"": ""S""}",95.0,0,0,PAGE,S,UNKNOWN
lock_released,2026-09-11 10:38:17.488,0,0.0,0.0,0,"{""event_name"": ""lock_released"", ""timestamp"": ""2026-09-11 10:38:17.488"", ""session_id"": 86, ""resource_type"": ""PAGE"", ""mode"": ""IX""}",86.0,0,0,PAGE,IX,UNKNOWN
lock_released,2026-09-11 10:38:17.488,0,0.0,0.0,0,"{""event_name"": ""lock_released"", ""timestamp"": ""2026-09-11 10:38:17.488"", ""session_id"": 89, ""resource_type"": ""PAGE"", ""mode"": ""IX""}",89.0,0,0,PAGE,IX,UNKNOWN
lock_released,2026-09-11 10:38:17.488,0,0.0,0.0,0,"{""event_name"": ""lock_released"", ""timestamp"": ""2026-09-11 10:38:17.488"", ""session_id"": 92, ""resource_type"": ""PAGE"", ""mode"": ""IS""}",92.0,0,0,PAGE,IS,UNKNOWN
lock_released,2026-09-11 10:38:17.488,0,0.0,0.0,0,"{""event_name"": ""lock_released"", ""timestamp"": ""2026-09-11 10:38:17.488"", ""session_id"": 87, ""resource_type"": ""OBJECT"", ""mode"": ""IX""}",87.0,0,0,OBJECT,IX,UNKNOWN
lock_released,2026-09-11 10:38:17.488,0,0.0,0.0,0,"{""event_name"": ""lock_released"", ""timestamp"": ""2026-09-11 10:38:17.488"", ""session_id"": 88, ""resource_type"": ""OBJECT"", ""mode"": ""IX""}",88.0,0,0,OBJECT,IX,UNKNOWN
lock_acquired,2026-09-11 10:38:22.539,0,0.0,0.0,0,"{""event_name"": ""lock_acquired"", ""timestamp"": ""2026-09-11 10:38:22.539"", ""session_id"": 94, ""resource_type"": ""METADATA"", ""mode"": ""Sch-S""}",94.0,0,0,METADATA,Sch-S,UNKNOWN
lock_acquired,2026-09-11 10:38:22.539,0,0.0,0.0,0,"{""event_name"": ""lock_acquired"", ""timestamp"": ""2026-09-11 10:38:22.539"", ""session_id"": 86, ""resource_type"": ""OBJECT"", ""mode"": ""IX""}",86.0,0,0,OBJECT,IX,UNKNOWN
lock_acquired,2026-09-11 10:38:22.539,0,0.0,0.0,0,"{""event_name"": ""lock_acquired"", ""timestamp"": ""2026-09-11 10:38:22.539"", ""session_id"": 91, ""resource_type"": ""PAGE"", ""mode"": ""S""}",91.0,0,0,PAGE,S,UNKNOWN
lock_acquired,2026-09-11 10:38:22.539,0,0.0,0.0,0,"{""event_name"": ""lock_acquired"", ""timestamp"": ""2026-09-11 10:38:22.539"", ""session_id"": 93, ""resource_type"": ""OBJECT"", ""mode"": ""Sch-S""}",93.0,0,0,OBJECT,Sch-S,UNKNOWN
lock_acquired,2026-09-11 10:38:22.539,0,0.0,0.0,0,"{""event_name"": ""lock_acquired"", ""timestamp"": ""2026-09-11 10:38:22.539"", ""session_id"": 93, ""resource_type"": ""METADATA"", ""mode"": ""Sch-S""}",93.0,0,0,METADATA,Sch-S,UNKNOWN
lock_acquired,2026-09-11 10:38:22.539,0,0.0,0.0,0,"{""event_name"": ""lock_acquired"", ""timestamp"": ""2026-09-11 10:38:22.539"", ""session_id"": 94, ""resource_type"": ""OBJECT"", ""mode"": ""Sch-S""}",94.0,0,0,OBJECT,Sch-S,UNKNOWN
lock_acquired,2026-09-11 10:38:22.539,0,0.0,0.0,0,"{""event_name"": ""lock_acquired"", ""timestamp"": ""2026-09-11 10:38:22.539"", ""session_id"": 86, ""resource_type"": ""PAGE"", ""mode"": ""S""}",86.0,0,0,PAGE,S,UNKNOWN
lock_acquired,2026-09-11 10:38:22.539,0,0.0,0.0,0,"{""event_name"": ""lock_acquired"", ""timestamp"": ""2026-09-11 10:38:22.539"", ""session_id"": 94, ""resource_type"": ""PAGE"", ""mode"": ""IS""}",94.0,0,0,PAGE,IS,UNKNOWN
lock_released,2026-09-11 10:38:22.539,0,0.0,0.0,0,"{""event_name"": ""lock_released"", ""timestamp"": ""2026-09-11 10:38:22.539"", ""session_id"": 95, ""resource_type"": ""OBJECT"", ""mode"": ""Sch-S""}",95.0,0,0,OBJECT,Sch-S,UNKNOWN
lock_released,2026-09-11 10:38:22.539,0,0.0,0.0,0,"{""event_name"": ""lock_released"", ""timestamp"": ""2026-09-11 10:38:22.539"", ""session_id"": 91, ""resource_type"": ""PAGE"", ""mode"": ""IX""}",91.0,0,0,PAGE,IX,UNKNOWN
lock_released,2026-09-11 10:38:22.539,0,0.0,0.0,0,"{""event_name"": ""lock_released"", ""timestamp"": ""2026-09-11 10:38:22.539"", ""session_id"": 95, ""resource_type"": ""PAGE"", ""mode"": ""IS""}",95.0,0,0,PAGE,IS,UNKNOWN
lock_released,2026-09-11 10:38:22.539,0,0.0,0.0,0,"{""event_name"": ""lock_released"", ""timestamp"": ""2026-09-11 10:38:22.539"", ""session_id"": 93, ""resource_type"": ""KEY"", ""mode"": ""X""}",93.0,0,0,KEY,X,UNKNOWN
lock_released,2026-09-11 10:38:22.539,0,0.0,0.0,0,"{""event_name"": ""lock_released"", ""timestamp"": ""2026-09-11 10:38:22.539"", ""session_id"": 95, ""resource_type"": ""KEY"", ""mode"": ""S""}",95.0,0,0,KEY,S,UNKNOWN
lock_released,2026-09-11 10:38:22.539,0,0.0,0.0,0,"{""event_name"": ""lock_released"", ""timestamp"": ""2026-09-11 10:38:22.539"", ""session_id"": 91, ""resource_type"": ""KEY"", ""mode"": ""X""}",91.0,0,0,KEY,X,UNKNOWN
lock_released,2026-09-11 10:38:22.539,0,0.0,0.0,0,"{""event_name"": ""lock_released"", ""timestamp"": ""2026-09-11 10:38:22.539"", ""session_id"": 87, ""resource_type"": ""OBJECT"", ""mode"": ""Sch-S""}",87.0,0,0,OBJECT,Sch-S,UNKNOWN
lock_released,2026-09-11 10:38:22.539,0,0.0,0.0,0,"{""event_name"": ""lock_released"", ""timestamp"": ""2026-09-11 10:38:22.539"", ""session_id"": 86, ""resource_type"": ""OBJECT"", ""mode"": ""IS""}",86.0,0,0,OBJECT,IS,UNKNOWN
lock_released,2026-09-11 10:38:22.539,0,0.0,0.0,0,"{""event_name"": ""lock_released"", ""timestamp"": ""2026-09-11 10:38:22.539"", ""session_id"": 95, ""resource_type"": ""OBJECT"", ""mode"": ""IS""}",95.0,0,0,OBJECT,IS,UNKNOWN
lock_acquired,2026-09-11 10:38:27.587,0,0.0,0.0,0,"{""event_name"": ""lock_acquired"", ""timestamp"": ""2026-09-11 10:38:27.587"", ""session_id"": 86, ""resource_type"": ""OBJECT"", ""mode"": ""Sch-S""}",86.0,0,0,OBJECT,Sch-S,UNKNOWN
lock_acquired,2026-09-11 10:38:27.587,0,0.0,0.0,0,"{""event_name"": ""lock_acquired"", ""timestamp"": ""2026-09-11 10:38:27.587"", ""session_id"": 92, ""resource_type"": ""OBJECT"", ""mode"": ""Sch-S""}",92.0,0,0,OBJECT,Sch-S,UNKNOWN
lock_acquired,2026-09-11 10:38:27.587,0,0.0,0.0,0,"{""event_name"": ""lock_acquired"", ""timestamp"": ""2026-09-11 10:38:27.587"", ""session_id"": 95, ""resource_type"": ""OBJECT"", ""mode"": ""IX""}",95.0,0,0,OBJECT,IX,UNKNOWN
lock_acquired,2026-09-11 10:38:27.587,0,0.0,0.0,0,"{""event_name"": ""lock_acquired"", ""timestamp"": ""2026-09-11 10:38:27.587"", ""session_id"": 88, ""resource_type"": ""PAGE"", ""mode"": ""IX""}",88.0,0,0,PAGE,IX,UNKNOWN
lock_acquired,2026-09-11 10:38:27.587,0,0.0,0.0,0,"{""event_name"": ""lock_acquired"", ""timestamp"": ""2026-09-11 10:38:27.587"", ""session_id"": 93, ""resource_type"": ""KEY"", ""mode"": ""X""}",93.0,0,0,KEY,X,UNKNOWN
lock_acquired,2026-09-11 10:38:27.587,0,0.0,0.0,0,"{""event_name"": ""lock_acquired"", ""timestamp"": ""2026-09-11 10:38:27.587"", ""session_id"": 87, ""resource_type"": ""PAGE"", ""mode"": ""IX""}",87.0,0,0,PAGE,IX,UNKNOWN
lock_acquired,2026-09-11 10:38:27.587,0,0.0,0.0,0,"{""event_name"": ""lock_acquired"", ""timestamp"": ""2026-09-11 10:38:27.587"", ""session_id"": 93, ""resource_type"": ""OBJECT"", ""mode"": ""IX""}",93.0,0,0,OBJECT,IX,UNKNOWN
lock_acquired,2026-09-11 10:38:27.587,0,0.0,0.0,0,"{""event_name"": ""lock_acquired"", ""timestamp"": ""2026-09-11 10:38:27.587"", ""session_id"": 95, ""resource_type"": ""PAGE"", ""mode"": ""S""}",95.0,0,0,PAGE,S,UNKNOWN
lock_acquired,2026-09-11 10:38:27.587,0,0.0,0.0,0,"{""event_name"": ""lock_acquired"", ""timestamp"": ""2026-09-11 10:38:27.587"", ""session_id"": 86, ""resource_type"": ""METADATA"", ""mode"": ""Sch-S""}",86.0,0,0,METADATA,Sch-S,UNKNOWN
lock_acquired,2026-09-11 10:38:27.587,0,0.0,0.0,0,"{""event_name"": ""lock_acquired"", ""timestamp"": ""2026-09-11 10:38:27.587"", ""session_id"": 94, ""resource_type"": ""OBJECT"", ""mode"": ""IX""}",94.0,0,0,OBJECT,IX,UNKNOWN
lock_acquired,2026-09-11 10:38:27.587,0,0.0,0.0,0,"{""event_name"": ""lock_acquired"", ""timestamp"": ""2026-09-11 10:38:27.587"", ""session_id"": 87, ""resource_type"": ""OBJECT"", ""mode"": ""IX""}",87.0,0,0,OBJECT,IX,UNKNOWN
lock_acquired,2026-09-11 10:38:27.587,0,0.0,0.0,0,"{""event_name"": ""lock_acquired"", ""timestamp"": ""2026-09-11 10:38:27.587"", ""session_id"": 93, ""resource_type"": ""PAGE"", ""mode"": ""IX""}",93.0,0,0,PAGE,IX,UNKNOWN
lock_acquired,2026-09-11 10:38:27.587,0,0.0,0.0,0,"{""event_name"": ""lock_acquired"", ""timestamp"": ""2026-09-11 10:38:27.587"", ""session_id"": 88, ""resource_type"": ""OBJECT"", ""mode"": ""IX""}",88.0,0,0,OBJECT,IX,UNKNOWN
lock_released,2026-09-11 10:38:27.587,0,0.0,0.0,0,"{""event_name"": ""lock_released"", ""timestamp"": ""2026-09-11 10:38:27.587"", ""session_id"": 92, ""resource_type"": ""PAGE"", ""mode"": ""S""}",92.0,0,0,PAGE,S,UNKNOWN
lock_released,2026-09-11 10:38:27.587,0,0.0,0.0,0,"{""event_name"": ""lock_released"", ""timestamp"": ""2026-09-11 10:38:27.587"", ""session_id"": 94, ""resource_type"": ""METADATA"", ""mode"": ""Sch-S""}",94.0,0,0,METADATA,Sch-S,UNKNOWN
lock_released,2026-09-11 10:38:27.587,0,0.0,0.0,0,"{""event_name"": ""lock_released"", ""timestamp"": ""2026-09-11 10:38:27.587"", ""session_id"": 86, ""resource_type"": ""OBJECT"", ""mode"": ""IX""}",86.0,0,0,OBJECT,IX,UNKNOWN
lock_released,2026-09-11 10:38:27.587,0,0.0,0.0,0,"{""event_name"": ""lock_released"", ""timestamp"": ""2026-09-11 10:38:27.587"", ""session_id"": 92, ""resource_type"": ""OBJECT"", ""mode"": ""IX""}",92.0,0,0,OBJECT,IX,UNKNOWN
lock_released,2026-09-11 10:38:27.587,0,0.0,0.0,0,"{""event_name"": ""lock_released"", ""timestamp"": ""2026-09-11 10:38:27.587"", ""session_id"": 90, ""resource_type"": ""PAGE"", ""mode"": ""S""}",90.0,0,0,PAGE,S,UNKNOWN
lock_released,2026-09-11 10:38:27.587,0,0.0,0.0,0,"{""event_name"": ""lock_released"", ""timestamp"": ""2026-09-11 10:38:27.587"", ""session_id"": 88, ""resource_type"": ""METADATA"", ""mode"": ""Sch-S""}",88.0,0,0,METADATA,Sch-S,UNKNOWN
lock_released,2026-09-11 10:38:27.587,0,0.0,0.0,0,"{""event_name"": ""lock_released"", ""timestamp"": ""2026-09-11 10:38:27.587"", ""session_id"": 91, ""resource_type"": ""PAGE"", ""mode"": ""S""}",91.0,0,0,PAGE,S,UNKNOWN
lock_released,2026-09-11 10:38:27.587,0,0.0,0.0,0,"{""event_name"": ""lock_released"", ""timestamp"": ""2026-09-11 10:38:27.587"", ""session_id"": 93, ""resource_type"": ""OBJECT"", ""mode"": ""Sch-S""}",93.0,0,0,OBJECT,Sch-S,UNKNOWN
lock_released,2026-09-11 10:38:27.587,0,0.0,0.0,0,"{""event_name"": ""lock_released"", ""timestamp"": ""2026-09-11 10:38:27.587"", ""session_id"": 93, ""resource_type"": ""METADATA"", ""mode"": ""Sch-S""}",93.0,0,0,METADATA,Sch-S,UNKNOWN
lock_released,2026-09-11 10:38:27.587,0,0.0,0.0,0,"{""event_name"": ""lock_released"", ""timestamp"": ""2026-09-11 10:38:27.587"", ""session_id"": 90, ""resource_type"": ""OBJECT"", ""mode"": ""IX""}",90.0,0,0,OBJECT,IX,UNKNOWN
lock_released,2026-09-11 10:38:27.587,0,0.0,0.0,0,"{""event_name"": ""lock_released"", ""timestamp"": ""2026-09-11 10:38:27.587"", ""session_id"": 89, ""resource_type"": ""PAGE"", ""mode"": ""S""}",89.0,0,0,PAGE,S,UNKNOWN
lock_released,2026-09-11 10:38:27.587,0,0.0,0.0,0,"{""event_name"": ""lock_released"", ""timestamp"": ""2026-09-11 10:38:27.587"", ""session_id"": 91, ""resource_type"": ""OBJECT"", ""mode"": ""IX""}",91.0,0,0,OBJECT,IX,UNKNOWN
lock_released,2026-09-11 10:38:27.587,0,0.0,0.0,0,"{""event_name"": ""lock_released"", ""timestamp"": ""2026-09-11 10:38:27.587"", ""session_id"": 94, ""resource_type"": ""OBJECT"", ""mode"": ""Sch-S""}",94.0,0,0,OBJECT,Sch-S,UNKNOWN
lock_released,2026-09-11 10:38:27.587,0,0.0,0.0,0,"{""event_name"": ""lock_released"", ""timestamp"": ""2026-09-11 10:38:27.587"", ""session_id"": 86, ""resource_type"": ""PAGE"", ""mode"": ""S""}",86.0,0,0,PAGE,S,UNKNOWN
lock_released,2026-09-11 10:38:27.587,0,0.0,0.0,0,"{""event_name"": ""lock_released"", ""timestamp"": ""2026-09-11 10:38:27.587"", ""session_id"": 88, ""resource_type"": ""OBJECT"", ""mode"": ""Sch-S""}",88.0,0,0,OBJECT,Sch-S,UNKNOWN
lock_released,2026-09-11 10:38:27.587,0,0.0,0.0,0,"{""event_name"": ""lock_released"", ""timestamp"": ""2026-09-11 10:38:27.587"", ""session_id"": 94, ""resource_type"": ""PAGE"", ""mode"": ""IS""}",94.0,0,0,PAGE,IS,UNKNOWN
lock_acquired,2026-09-11 10:38:32.649,0,0.0,0.0,0,"{""event_name"": ""lock_acquired"", ""timestamp"": ""2026-09-11 10:38:32.649"", ""session_id"": 92, ""resource_type"": ""PAGE"", ""mode"": ""S""}",92.0,0,0,PAGE,S,UNKNOWN
lock_acquired,2026-09-11 10:38:32.649,0,0.0,0.0,0,"{""event_name"": ""lock_acquired"", ""timestamp"": ""2026-09-11 10:38:32.649"", ""session_id"": 86, ""resource_type"": ""OBJECT"", ""mode"": ""IX""}",86.0,0,0,OBJECT,IX,UNKNOWN
lock_acquired,2026-09-11 10:38:32.649,0,0.0,0.0,0,"{""event_name"": ""lock_acquired"", ""timestamp"": ""2026-09-11 10:38:32.649"", ""session_id"": 92, ""resource_type"": ""OBJECT"", ""mode"": ""IX""}",92.0,0,0,OBJECT,IX,UNKNOWN
lock_acquired,2026-09-11 10:38:32.649,0,0.0,0.0,0,"{""event_name"": ""lock_acquired"", ""timestamp"": ""2026-09-11 10:38:32.649"", ""session_id"": 87, ""resource_type"": ""PAGE"", ""mode"": ""S""}",87.0,0,0,PAGE,S,UNKNOWN
lock_acquired,2026-09-11 10:38:32.649,0,0.0,0.0,0,"{""event_name"": ""lock_acquired"", ""timestamp"": ""2026-09-11 10:38:32.649"", ""session_id"": 93, ""resource_type"": ""OBJECT"", ""mode"": ""Sch-S""}",93.0,0,0,OBJECT,Sch-S,UNKNOWN
lock_acquired,2026-09-11 10:38:32.649,0,0.0,0.0,0,"{""event_name"": ""lock_acquired"", ""timestamp"": ""2026-09-11 10:38:32.649"", ""session_id"": 90, ""resource_type"": ""OBJECT"", ""mode"": ""IX""}",90.0,0,0,OBJECT,IX,UNKNOWN
lock_acquired,2026-09-11 10:38:32.649,0,0.0,0.0,0,"{""event_name"": ""lock_acquired"", ""timestamp"": ""2026-09-11 10:38:32.649"", ""session_id"": 91, ""resource_type"": ""KEY"", ""mode"": ""X""}",91.0,0,0,KEY,X,UNKNOWN
lock_acquired,2026-09-11 10:38:32.649,0,0.0,0.0,0,"{""event_name"": ""lock_acquired"", ""timestamp"": ""2026-09-11 10:38:32.649"", ""session_id"": 86, ""resource_type"": ""PAGE"", ""mode"": ""S""}",86.0,0,0,PAGE,S,UNKNOWN
lock_acquired,2026-09-11 10:38:32.649,0,0.0,0.0,0,"{""event_name"": ""lock_acquired"", ""timestamp"": ""2026-09-11 10:38:32.649"", ""session_id"": 90, ""resource_type"": ""PAGE"", ""mode"": ""S""}",90.0,0,0,PAGE,S,UNKNOWN
lock_released,2026-09-11 10:38:32.649,0,0.0,0.0,0,"{""event_name"": ""lock_released"", ""timestamp"": ""2026-09-11 10:38:32.649"", ""session_id"": 86, ""resource_type"": ""OBJECT"", ""mode"": ""Sch-S""}",86.0,0,0,OBJECT,Sch-S,UNKNOWN
lock_released,2026-09-11 10:38:32.649,0,0.0,0.0,0,"{""event_name"": ""lock_released"", ""timestamp"": ""2026-09-11 10:38:32.649"", ""session_id"": 92, ""resource_type"": ""OBJECT"", ""mode"": ""Sch-S""}",92.0,0,0,OBJECT,Sch-S,UNKNOWN
lock_released,2026-09-11 10:38:32.649,0,0.0,0.0,0,"{""event_name"": ""lock_released"", ""timestamp"": ""2026-09-11 10:38:32.649"", ""session_id"": 88, ""resource_type"": ""PAGE"", ""mode"": ""IX""}",88.0,0,0,PAGE,IX,UNKNOWN
lock_released,2026-09-11 10:38:32.649,0,0.0,0.0,0,"{""event_name"": ""lock_released"", ""timestamp"": ""2026-09-11 10:38:32.649"", ""session_id"": 93, ""resource_type"": ""KEY"", ""mode"": ""X""}",93.0,0,0,KEY,X,UNKNOWN
lock_released,2026-09-11 10:38:32.649,0,0.0,0.0,0,"{""event_name"": ""lock_released"", ""timestamp"": ""2026-09-11 10:38:32.649"", ""session_id"": 89, ""resource_type"": ""OBJECT"", ""mode"": ""IX""}",89.0,0,0,OBJECT,IX,UNKNOWN
lock_released,2026-09-11 10:38:32.649,0,0.0,0.0,0,"{""event_name"": ""lock_released"", ""timestamp"": ""2026-09-11 10:38:32.649"", ""session_id"": 93, ""resource_type"": ""OBJECT"", ""mode"": ""IX""}",93.0,0,0,OBJECT,IX,UNKNOWN
lock_released,2026-09-11 10:38:32.649,0,0.0,0.0,0,"{""event_name"": ""lock_released"", ""timestamp"": ""2026-09-11 10:38:32.649"", ""session_id"": 87, ""resource_type"": ""PAGE"", ""mode"": ""IX""}",87.0,0,0,PAGE,IX,UNKNOWN
lock_released,2026-09-11 10:38:32.649,0,0.0,0.0,0,"{""event_name"": ""lock_released"", ""timestamp"": ""2026-09-11 10:38:32.649"", ""session_id"": 86, ""resource_type"": ""METADATA"", ""mode"": ""Sch-S""}",86.0,0,0,METADATA,Sch-S,UNKNOWN
lock_released,2026-09-11 10:38:32.649,0,0.0,0.0,0,"{""event_name"": ""lock_released"", ""timestamp"": ""2026-09-11 10:38:32.649"", ""session_id"": 94, ""resource_type"": ""OBJECT"", ""mode"": ""IX""}",94.0,0,0,OBJECT,IX,UNKNOWN
lock_released,2026-09-11 10:38:32.649,0,0.0,0.0,0,"{""event_name"": ""lock_released"", ""timestamp"": ""2026-09-11 10:38:32.649"", ""session_id"": 93, ""resource_type"": ""PAGE"", ""mode"": ""IX""}",93.0,0,0,PAGE,IX,UNKNOWN
lock_released,2026-09-11 10:38:32.649,0,0.0,0.0,0,"{""event_name"": ""lock_released"", ""timestamp"": ""2026-09-11 10:38:32.649"", ""session_id"": 88, ""resource_type"": ""OBJECT"", ""mode"": ""IX""}",88.0,0,0,OBJECT,IX,UNKNOWN
lock_acquired,2026-09-11 10:38:37.732,0,0.0,0.0,0,"{""event_name"": ""lock_acquired"", ""timestamp"": ""2026-09-11 10:38:37.732"", ""session_id"": 90, ""resource_type"": ""METADATA"", ""mode"": ""Sch-S""}",90.0,0,0,METADATA,Sch-S,UNKNOWN
lock_acquired,2026-09-11 10:38:37.732,0,0.0,0.0,0,"{""event_name"": ""lock_acquired"", ""timestamp"": ""2026-09-11 10:38:37.732"", ""session_id"": 95, ""resource_type"": ""KEY"", ""mode"": ""X""}",95.0,0,0,KEY,X,UNKNOWN
lock_acquired,2026-09-11 10:38:37.732,0,0.0,0.0,0,"{""event_name"": ""lock_acquired"", ""timestamp"": ""2026-09-11 10:38:37.732"", ""session_id"": 94, ""resource_type"": ""METADATA"", ""mode"": ""Sch-S""}",94.0,0,0,METADATA,Sch-S,UNKNOWN
lock_acquired,2026-09-11 10:38:37.732,0,0.0,0.0,0,"{""event_name"": ""lock_acquired"", ""timestamp"": ""2026-09-11 10:38:37.732"", ""session_id"": 91, ""resource_type"": ""PAGE"", ""mode"": ""IX""}",91.0,0,0,PAGE,IX,UNKNOWN
lock_acquired,2026-09-11 10:38:37.732,0,0.0,0.0,0,"{""event_name"": ""lock_acquired"", ""timestamp"": ""2026-09-11 10:38:37.732"", ""session_id"": 89, ""resource_type"": ""OBJECT"", ""mode"": ""IX""}",89.0,0,0,OBJECT,IX,UNKNOWN
lock_acquired,2026-09-11 10:38:37.732,0,0.0,0.0,0,"{""event_name"": ""lock_acquired"", ""timestamp"": ""2026-09-11 10:38:37.732"", ""session_id"": 90, ""resource_type"": ""OBJECT"", ""mode"": ""Sch-S""}",90.0,0,0,OBJECT,Sch-S,UNKNOWN
lock_acquired,2026-09-11 10:38:37.732,0,0.0,0.0,0,"{""event_name"": ""lock_acquired"", ""timestamp"": ""2026-09-11 10:38:37.732"", ""session_id"": 89, ""resource_type"": ""PAGE"", ""mode"": ""S""}",89.0,0,0,PAGE,S,UNKNOWN
lock_acquired,2026-09-11 10:38:37.732,0,0.0,0.0,0,"{""event_name"": ""lock_acquired"", ""timestamp"": ""2026-09-11 10:38:37.732"", ""session_id"": 95, ""resource_type"": ""PAGE"", ""mode"": ""IX""}",95.0,0,0,PAGE,IX,UNKNOWN
lock_acquired,2026-09-11 10:38:37.732,0,0.0,0.0,0,"{""event_name"": ""lock_acquired"", ""timestamp"": ""2026-09-11 10:38:37.732"", ""session_id"": 94, ""resource_type"": ""OBJECT"", ""mode"": ""Sch-S""}",94.0,0,0,OBJECT,Sch-S,UNKNOWN
lock_acquired,2026-09-11 10:38:37.732,0,0.0,0.0,0,"{""event_name"": ""lock_acquired"", ""timestamp"": ""2026-09-11 10:38:37.732"", ""session_id"": 91, ""resource_type"": ""OBJECT"", ""mode"": ""IX""}",91.0,0,0,OBJECT,IX,UNKNOWN
lock_released,2026-09-11 10:38:37.732,0,0.0,0.0,0,"{""event_name"": ""lock_released"", ""timestamp"": ""2026-09-11 10:38:37.732"", ""session_id"": 86, ""resource_type"": ""OBJECT"", ""mode"": ""IX""}",86.0,0,0,OBJECT,IX,UNKNOWN
lock_released,2026-09-11 10:38:37.732,0,0.0,0.0,0,"{""event_name"": ""lock_released"", ""timestamp"": ""2026-09-11 10:38:37.732"", ""session_id"": 87, ""resource_type"": ""PAGE"", ""mode"": ""S""}",87.0,0,0,PAGE,S,UNKNOWN
lock_released,2026-09-11 10:38:37.732,0,0.0,0.0,0,"{""event_name"": ""lock_released"", ""timestamp"": ""2026-09-11 10:38:37.732"", ""session_id"": 93, ""resource_type"": ""OBJECT"", ""mode"": ""Sch-S""}",93.0,0,0,OBJECT,Sch-S,UNKNOWN
lock_released,2026-09-11 10:38:37.732,0,0.0,0.0,0,"{""event_name"": ""lock_released"", ""timestamp"": ""2026-09-11 10:38:37.732"", ""session_id"": 90, ""resource_type"": ""OBJECT"", ""mode"": ""IX""}",90.0,0,0,OBJECT,IX,UNKNOWN
lock_released,2026-09-11 10:38:37.732,0,0.0,0.0,0,"{""event_name"": ""lock_released"", ""timestamp"": ""2026-09-11 10:38:37.732"", ""session_id"": 95, ""resource_type"": ""PAGE"", ""mode"": ""S""}",95.0,0,0,PAGE,S,UNKNOWN
lock_released,2026-09-11 10:38:37.732,0,0.0,0.0,0,"{""event_name"": ""lock_released"", ""timestamp"": ""2026-09-11 10:38:37.732"", ""session_id"": 86, ""resource_type"": ""PAGE"", ""mode"": ""S""}",86.0,0,0,PAGE,S,UNKNOWN
lock_released,2026-09-11 10:38:37.732,0,0.0,0.0,0,"{""event_name"": ""lock_released"", ""timestamp"": ""2026-09-11 10:38:37.732"", ""session_id"": 90, ""resource_type"": ""PAGE"", ""mode"": ""S""}",90.0,0,0,PAGE,S,UNKNOWN
lock_acquired,2026-09-11 10:38:42.757,0,0.0,0.0,0,"{""event_name"": ""lock_acquired"", ""timestamp"": ""2026-09-11 10:38:42.757"", ""session_id"": 93, ""resource_type"": ""PAGE"", ""mode"": ""S""}",93.0,0,0,PAGE,S,UNKNOWN
lock_acquired,2026-09-11 10:38:42.757,0,0.0,0.0,0,"{""event_name"": ""lock_acquired"", ""timestamp"": ""2026-09-11 10:38:42.757"", ""session_id"": 86, ""resource_type"": ""OBJECT"", ""mode"": ""IX""}",86.0,0,0,OBJECT,IX,UNKNOWN
lock_acquired,2026-09-11 10:38:42.757,0,0.0,0.0,0,"{""event_name"": ""lock_acquired"", ""timestamp"": ""2026-09-11 10:38:42.757"", ""session_id"": 91, ""resource_type"": ""PAGE"", ""mode"": ""S""}",91.0,0,0,PAGE,S,UNKNOWN
lock_acquired,2026-09-11 10:38:42.757,0,0.0,0.0,0,"{""event_name"": ""lock_acquired"", ""timestamp"": ""2026-09-11 10:38:42.757"", ""session_id"": 87, ""resource_type"": ""PAGE"", ""mode"": ""S""}",87.0,0,0,PAGE,S,UNKNOWN
lock_acquired,2026-09-11 10:38:42.757,0,0.0,0.0,0,"{""event_name"": ""lock_acquired"", ""timestamp"": ""2026-09-11 10:38:42.757"", ""session_id"": 93, ""resource_type"": ""OBJECT"", ""mode"": ""IX""}",93.0,0,0,OBJECT,IX,UNKNOWN
lock_acquired,2026-09-11 10:38:42.757,0,0.0,0.0,0,"{""event_name"": ""lock_acquired"", ""timestamp"": ""2026-09-11 10:38:42.757"", ""session_id"": 90, ""resource_type"": ""OBJECT"", ""mode"": ""IX""}",90.0,0,0,OBJECT,IX,UNKNOWN
lock_acquired,2026-09-11 10:38:42.757,0,0.0,0.0,0,"{""event_name"": ""lock_acquired"", ""timestamp"": ""2026-09-11 10:38:42.757"", ""session_id"": 94, ""resource_type"": ""OBJECT"", ""mode"": ""IX""}",94.0,0,0,OBJECT,IX,UNKNOWN
lock_acquired,2026-09-11 10:38:42.757,0,0.0,0.0,0,"{""event_name"": ""lock_acquired"", ""timestamp"": ""2026-09-11 10:38:42.757"", ""session_id"": 91, ""resource_type"": ""OBJECT"", ""mode"": ""Sch-S""}",91.0,0,0,OBJECT,Sch-S,UNKNOWN
lock_acquired,2026-09-11 10:38:42.757,0,0.0,0.0,0,"{""event_name"": ""lock_acquired"", ""timestamp"": ""2026-09-11 10:38:42.757"", ""session_id"": 88, ""resource_type"": ""OBJECT"", ""mode"": ""Sch-S""}",88.0,0,0,OBJECT,Sch-S,UNKNOWN
lock_released,2026-09-11 10:38:42.757,0,0.0,0.0,0,"{""event_name"": ""lock_released"", ""timestamp"": ""2026-09-11 10:38:42.757"", ""session_id"": 90, ""resource_type"": ""METADATA"", ""mode"": ""Sch-S""}",90.0,0,0,METADATA,Sch-S,UNKNOWN
lock_released,2026-09-11 10:38:42.757,0,0.0,0.0,0,"{""event_name"": ""lock_released"", ""timestamp"": ""2026-09-11 10:38:42.757"", ""session_id"": 95, ""resource_type"": ""KEY"", ""mode"": ""X""}",95.0,0,0,KEY,X,UNKNOWN
lock_released,2026-09-11 10:38:42.757,0,0.0,0.0,0,"{""event_name"": ""lock_released"", ""timestamp"": ""2026-09-11 10:38:42.757"", ""session_id"": 94, ""resource_type"": ""METADATA"", ""mode"": ""Sch-S""}",94.0,0,0,METADATA,Sch-S,UNKNOWN
lock_released,2026-09-11 10:38:42.757,0,0.0,0.0,0,"{""event_name"": ""lock_released"", ""timestamp"": ""2026-09-11 10:38:42.757"", ""session_id"": 91, ""resource_type"": ""PAGE"", ""mode"": ""IX""}",91.0,0,0,PAGE,IX,UNKNOWN
lock_released,2026-09-11 10:38:42.757,0,0.0,0.0,0,"{""event_name"": ""lock_released"", ""timestamp"": ""2026-09-11 10:38:42.757"", ""session_id"": 90, ""resource_type"": ""OBJECT"", ""mode"": ""Sch-S""}",90.0,0,0,OBJECT,Sch-S,UNKNOWN
lock_released,2026-09-11 10:38:42.757,0,0.0,0.0,0,"{""event_name"": ""lock_released"", ""timestamp"": ""2026-09-11 10:38:42.757"", ""session_id"": 95, ""resource_type"": ""PAGE"", ""mode"": ""IX""}",95.0,0,0,PAGE,IX,UNKNOWN
lock_released,2026-09-11 10:38:42.757,0,0.0,0.0,0,"{""event_name"": ""lock_released"", ""timestamp"": ""2026-09-11 10:38:42.757"", ""session_id"": 94, ""resource_type"": ""OBJECT"", ""mode"": ""Sch-S""}",94.0,0,0,OBJECT,Sch-S,UNKNOWN
lock_released,2026-09-11 10:38:42.757,0,0.0,0.0,0,"{""event_name"": ""lock_released"", ""timestamp"": ""2026-09-11 10:38:42.757"", ""session_id"": 91, ""resource_type"": ""KEY"", ""mode"": ""X""}",91.0,0,0,KEY,X,UNKNOWN
lock_acquired,2026-09-11 10:38:51.037,0,0.0,0.0,0,"{""event_name"": ""lock_acquired"", ""timestamp"": ""2026-09-11 10:38:51.037"", ""session_id"": 95, ""resource_type"": ""OBJECT"", ""mode"": ""Sch-S""}",95.0,0,0,OBJECT,Sch-S,UNKNOWN
lock_acquired,2026-09-11 10:38:51.037,0,0.0,0.0,0,"{""event_name"": ""lock_acquired"", ""timestamp"": ""2026-09-11 10:38:51.037"", ""session_id"": 95, ""resource_type"": ""PAGE"", ""mode"": ""IS""}",95.0,0,0,PAGE,IS,UNKNOWN
lock_acquired,2026-09-11 10:38:51.037,0,0.0,0.0,0,"{""event_name"": ""lock_acquired"", ""timestamp"": ""2026-09-11 10:38:51.037"", ""session_id"": 94, ""resource_type"": ""PAGE"", ""mode"": ""IX""}",94.0,0,0,PAGE,IX,UNKNOWN
lock_acquired,2026-09-11 10:38:51.037,0,0.0,0.0,0,"{""event_name"": ""lock_acquired"", ""timestamp"": ""2026-09-11 10:38:51.037"", ""session_id"": 93, ""resource_type"": ""OBJECT"", ""mode"": ""Sch-S""}",93.0,0,0,OBJECT,Sch-S,UNKNOWN
lock_acquired,2026-09-11 10:38:51.037,0,0.0,0.0,0,"{""event_name"": ""lock_acquired"", ""timestamp"": ""2026-09-11 10:38:51.037"", ""session_id"": 88, ""resource_type"": ""PAGE"", ""mode"": ""S""}",88.0,0,0,PAGE,S,UNKNOWN
lock_acquired,2026-09-11 10:38:51.037,0,0.0,0.0,0,"{""event_name"": ""lock_acquired"", ""timestamp"": ""2026-09-11 10:38:51.037"", ""session_id"": 91, ""resource_type"": ""OBJECT"", ""mode"": ""IS""}",91.0,0,0,OBJECT,IS,UNKNOWN
lock_acquired,2026-09-11 10:38:51.037,0,0.0,0.0,0,"{""event_name"": ""lock_acquired"", ""timestamp"": ""2026-09-11 10:38:51.037"", ""session_id"": 93, ""resource_type"": ""METADATA"", ""mode"": ""Sch-S""}",93.0,0,0,METADATA,Sch-S,UNKNOWN
lock_acquired,2026-09-11 10:38:51.037,0,0.0,0.0,0,"{""event_name"": ""lock_acquired"", ""timestamp"": ""2026-09-11 10:38:51.037"", ""session_id"": 94, ""resource_type"": ""OBJECT"", ""mode"": ""Sch-S""}",94.0,0,0,OBJECT,Sch-S,UNKNOWN
lock_acquired,2026-09-11 10:38:51.037,0,0.0,0.0,0,"{""event_name"": ""lock_acquired"", ""timestamp"": ""2026-09-11 10:38:51.037"", ""session_id"": 86, ""resource_type"": ""PAGE"", ""mode"": ""S""}",86.0,0,0,PAGE,S,UNKNOWN
lock_acquired,2026-09-11 10:38:51.037,0,0.0,0.0,0,"{""event_name"": ""lock_acquired"", ""timestamp"": ""2026-09-11 10:38:51.037"", ""session_id"": 90, ""resource_type"": ""PAGE"", ""mode"": ""S""}",90.0,0,0,PAGE,S,UNKNOWN
lock_acquired,2026-09-11 10:38:51.037,0,0.0,0.0,0,"{""event_name"": ""lock_acquired"", ""timestamp"": ""2026-09-11 10:38:51.037"", ""session_id"": 88, ""resource_type"": ""OBJECT"", ""mode"": ""IX""}",88.0,0,0,OBJECT,IX,UNKNOWN
lock_released,2026-09-11 10:38:51.037,0,0.0,0.0,0,"{""event_name"": ""lock_released"", ""timestamp"": ""2026-09-11 10:38:51.037"", ""session_id"": 93, ""resource_type"": ""PAGE"", ""mode"": ""S""}",93.0,0,0,PAGE,S,UNKNOWN
lock_released,2026-09-11 10:38:51.037,0,0.0,0.0,0,"{""event_name"": ""lock_released"", ""timestamp"": ""2026-09-11 10:38:51.037"", ""session_id"": 92, ""resource_type"": ""PAGE"", ""mode"": ""S""}",92.0,0,0,PAGE,S,UNKNOWN
lock_released,2026-09-11 10:38:51.037,0,0.0,0.0,0,"{""event_name"": ""lock_released"", ""timestamp"": ""2026-09-11 10:38:51.037"", ""session_id"": 95, ""resource_type"": ""OBJECT"", ""mode"": ""IX""}",95.0,0,0,OBJECT,IX,UNKNOWN
lock_released,2026-09-11 10:38:51.037,0,0.0,0.0,0,"{""event_name"": ""lock_released"", ""timestamp"": ""2026-09-11 10:38:51.037"", ""session_id"": 91, ""resource_type"": ""PAGE"", ""mode"": ""S""}",91.0,0,0,PAGE,S,UNKNOWN
lock_released,2026-09-11 10:38:51.037,0,0.0,0.0,0,"{""event_name"": ""lock_released"", ""timestamp"": ""2026-09-11 10:38:51.037"", ""session_id"": 93, ""resource_type"": ""OBJECT"", ""mode"": ""IX""}",93.0,0,0,OBJECT,IX,UNKNOWN
lock_released,2026-09-11 10:38:51.037,0,0.0,0.0,0,"{""event_name"": ""lock_released"", ""timestamp"": ""2026-09-11 10:38:51.037"", ""session_id"": 91, ""resource_type"": ""OBJECT"", ""mode"": ""IX""}",91.0,0,0,OBJECT,IX,UNKNOWN
lock_released,2026-09-11 10:38:51.037,0,0.0,0.0,0,"{""event_name"": ""lock_released"", ""timestamp"": ""2026-09-11 10:38:51.037"", ""session_id"": 88, ""resource_type"": ""OBJECT"", ""mode"": ""Sch-S""}",88.0,0,0,OBJECT,Sch-S,UNKNOWN
logout,2026-09-11 10:38:56.249,0,0.0,0.0,0,"{""event_name"": ""logout"", ""timestamp"": ""2026-09-11 10:38:56.249"", ""session_id"": 70}",70.0,0,0,0,0,UNKNOWN
lock_acquired,2026-09-11 10:38:56.249,0,0.0,0.0,0,"{""event_name"": ""lock_acquired"", ""timestamp"": ""2026-09-11 10:38:56.249"", ""session_id"": 92, ""resource_type"": ""OBJECT"", ""mode"": ""Sch-S""}",92.0,0,0,OBJECT,Sch-S,UNKNOWN
lock_acquired,2026-09-11 10:38:56.249,0,0.0,0.0,0,"{""event_name"": ""lock_acquired"", ""timestamp"": ""2026-09-11 10:38:56.249"", ""session_id"": 89, ""resource_type"": ""KEY"", ""mode"": ""X""}",89.0,0,0,KEY,X,UNKNOWN
lock_acquired,2026-09-11 10:38:56.249,0,0.0,0.0,0,"{""event_name"": ""lock_acquired"", ""timestamp"": ""2026-09-11 10:38:56.249"", ""session_id"": 95, ""resource_type"": ""OBJECT"", ""mode"": ""IX""}",95.0,0,0,OBJECT,IX,UNKNOWN
lock_acquired,2026-09-11 10:38:56.249,0,0.0,0.0,0,"{""event_name"": ""lock_acquired"", ""timestamp"": ""2026-09-11 10:38:56.249"", ""session_id"": 93, ""resource_type"": ""OBJECT"", ""mode"": ""IX""}",93.0,0,0,OBJECT,IX,UNKNOWN
lock_acquired,2026-09-11 10:38:56.249,0,0.0,0.0,0,"{""event_name"": ""lock_acquired"", ""timestamp"": ""2026-09-11 10:38:56.249"", ""session_id"": 95, ""resource_type"": ""PAGE"", ""mode"": ""S""}",95.0,0,0,PAGE,S,UNKNOWN
lock_acquired,2026-09-11 10:38:56.249,0,0.0,0.0,0,"{""event_name"": ""lock_acquired"", ""timestamp"": ""2026-09-11 10:38:56.249"", ""session_id"": 89, ""resource_type"": ""PAGE"", ""mode"": ""IX""}",89.0,0,0,PAGE,IX,UNKNOWN
lock_acquired,2026-09-11 10:38:56.249,0,0.0,0.0,0,"{""event_name"": ""lock_acquired"", ""timestamp"": ""2026-09-11 10:38:56.249"", ""session_id"": 91, ""resource_type"": ""KEY"", ""mode"": ""X""}",91.0,0,0,KEY,X,UNKNOWN
lock_released,2026-09-11 10:38:56.249,0,0.0,0.0,0,"{""event_name"": ""lock_released"", ""timestamp"": ""2026-09-11 10:38:56.249"", ""session_id"": 70, ""resource_type"": ""DATABASE"", ""mode"": ""S""}",70.0,0,0,DATABASE,S,UNKNOWN
lock_released,2026-09-11 10:38:56.249,0,0.0,0.0,0,"{""event_name"": ""lock_released"", ""timestamp"": ""2026-09-11 10:38:56.249"", ""session_id"": 95, ""resource_type"": ""OBJECT"", ""mode"": ""Sch-S""}",95.0,0,0,OBJECT,Sch-S,UNKNOWN
lock_released,2026-09-11 10:38:56.249,0,0.0,0.0,0,"{""event_name"": ""lock_released"", ""timestamp"": ""2026-09-11 10:38:56.249"", ""session_id"": 95, ""resource_type"": ""PAGE"", ""mode"": ""IS""}",95.0,0,0,PAGE,IS,UNKNOWN
lock_released,2026-09-11 10:38:56.249,0,0.0,0.0,0,"{""event_name"": ""lock_released"", ""timestamp"": ""2026-09-11 10:38:56.249"", ""session_id"": 92, ""resource_type"": ""OBJECT"", ""mode"": ""IX""}",92.0,0,0,OBJECT,IX,UNKNOWN
lock_released,2026-09-11 10:38:56.249,0,0.0,0.0,0,"{""event_name"": ""lock_released"", ""timestamp"": ""2026-09-11 10:38:56.249"", ""session_id"": 94, ""resource_type"": ""PAGE"", ""mode"": ""IX""}",94.0,0,0,PAGE,IX,UNKNOWN
lock_released,2026-09-11 10:38:56.249,0,0.0,0.0,0,"{""event_name"": ""lock_released"", ""timestamp"": ""2026-09-11 10:38:56.249"", ""session_id"": 93, ""resource_type"": ""OBJECT"", ""mode"": ""Sch-S""}",93.0,0,0,OBJECT,Sch-S,UNKNOWN
lock_released,2026-09-11 10:38:56.249,0,0.0,0.0,0,"{""event_name"": ""lock_released"", ""timestamp"": ""2026-09-11 10:38:56.249"", ""session_id"": 88, ""resource_type"": ""PAGE"", ""mode"": ""S""}",88.0,0,0,PAGE,S,UNKNOWN
lock_released,2026-09-11 10:38:56.249,0,0.0,0.0,0,"{""event_name"": ""lock_released"", ""timestamp"": ""2026-09-11 10:38:56.249"", ""session_id"": 91, ""resource_type"": ""OBJECT"", ""mode"": ""IS""}",91.0,0,0,OBJECT,IS,UNKNOWN
lock_released,2026-09-11 10:38:56.249,0,0.0,0.0,0,"{""event_name"": ""lock_released"", ""timestamp"": ""2026-09-11 10:38:56.249"", ""session_id"": 93, ""resource_type"": ""METADATA"", ""mode"": ""Sch-S""}",93.0,0,0,METADATA,Sch-S,UNKNOWN
lock_released,2026-09-11 10:38:56.249,0,0.0,0.0,0,"{""event_name"": ""lock_released"", ""timestamp"": ""2026-09-11 10:38:56.249"", ""session_id"": 89, ""resource_type"": ""PAGE"", ""mode"": ""S""}",89.0,0,0,PAGE,S,UNKNOWN
lock_released,2026-09-11 10:38:56.249,0,0.0,0.0,0,"{""event_name"": ""lock_released"", ""timestamp"": ""2026-09-11 10:38:56.249"", ""session_id"": 94, ""resource_type"": ""OBJECT"", ""mode"": ""Sch-S""}",94.0,0,0,OBJECT,Sch-S,UNKNOWN
lock_released,2026-09-11 10:38:56.249,0,0.0,0.0,0,"{""event_name"": ""lock_released"", ""timestamp"": ""2026-09-11 10:38:56.249"", ""session_id"": 91, ""resource_type"": ""OBJECT"", ""mode"": ""Sch-S""}",91.0,0,0,OBJECT,Sch-S,UNKNOWN
lock_released,2026-09-11 10:38:56.249,0,0.0,0.0,0,"{""event_name"": ""lock_released"", ""timestamp"": ""2026-09-11 10:38:56.249"", ""session_id"": 90, ""resource_type"": ""PAGE"", ""mode"": ""S""}",90.0,0,0,PAGE,S,UNKNOWN
lock_released,2026-09-11 10:38:56.249,0,0.0,0.0,0,"{""event_name"": ""lock_released"", ""timestamp"": ""2026-09-11 10:38:56.249"", ""session_id"": 88, ""resource_type"": ""OBJECT"", ""mode"": ""IX""}",88.0,0,0,OBJECT,IX,UNKNOWN
logout,2026-09-11 10:39:01.348,0,0.0,0.0,0,"{""event_name"": ""logout"", ""timestamp"": ""2026-09-11 10:39:01.348"", ""session_id"": 85}",85.0,0,0,0,0,UNKNOWN
lock_acquired,2026-09-11 10:39:01.348,0,0.0,0.0,0,"{""event_name"": ""lock_acquired"", ""timestamp"": ""2026-09-11 10:39:01.348"", ""session_id"": 93, ""resource_type"": ""PAGE"", ""mode"": ""S""}",93.0,0,0,PAGE,S,UNKNOWN
lock_acquired,2026-09-11 10:39:01.348,0,0.0,0.0,0,"{""event_name"": ""lock_acquired"", ""timestamp"": ""2026-09-11 10:39:01.348"", ""session_id"": 90, ""resource_type"": ""PAGE"", ""mode"": ""S""}",90.0,0,0,PAGE,S,UNKNOWN
lock_acquired,2026-09-11 10:39:01.348,0,0.0,0.0,0,"{""event_name"": ""lock_acquired"", ""timestamp"": ""2026-09-11 10:39:01.348"", ""session_id"": 89, ""resource_type"": ""OBJECT"", ""mode"": ""Sch-S""}",89.0,0,0,OBJECT,Sch-S,UNKNOWN
lock_acquired,2026-09-11 10:39:01.348,0,0.0,0.0,0,"{""event_name"": ""lock_acquired"", ""timestamp"": ""2026-09-11 10:39:01.348"", ""session_id"": 88, ""resource_type"": ""OBJECT"", ""mode"": ""IX""}",88.0,0,0,OBJECT,IX,UNKNOWN
lock_released,2026-09-11 10:39:01.348,0,0.0,0.0,0,"{""event_name"": ""lock_released"", ""timestamp"": ""2026-09-11 10:39:01.348"", ""session_id"": 95, ""resource_type"": ""OBJECT"", ""mode"": ""IX""}",95.0,0,0,OBJECT,IX,UNKNOWN
lock_released,2026-09-11 10:39:01.348,0,0.0,0.0,0,"{""event_name"": ""lock_released"", ""timestamp"": ""2026-09-11 10:39:01.348"", ""session_id"": 89, ""resource_type"": ""KEY"", ""mode"": ""X""}",89.0,0,0,KEY,X,UNKNOWN
lock_released,2026-09-11 10:39:01.348,0,0.0,0.0,0,"{""event_name"": ""lock_released"", ""timestamp"": ""2026-09-11 10:39:01.348"", ""session_id"": 87, ""resource_type"": ""PAGE"", ""mode"": ""S""}",87.0,0,0,PAGE,S,UNKNOWN
lock_released,2026-09-11 10:39:01.348,0,0.0,0.0,0,"{""event_name"": ""lock_released"", ""timestamp"": ""2026-09-11 10:39:01.348"", ""session_id"": 89, ""resource_type"": ""OBJECT"", ""mode"": ""IX""}",89.0,0,0,OBJECT,IX,UNKNOWN
lock_released,2026-09-11 10:39:01.348,0,0.0,0.0,0,"{""event_name"": ""lock_released"", ""timestamp"": ""2026-09-11 10:39:01.348"", ""session_id"": 95, ""resource_type"": ""PAGE"", ""mode"": ""S""}",95.0,0,0,PAGE,S,UNKNOWN
lock_released,2026-09-11 10:39:01.348,0,0.0,0.0,0,"{""event_name"": ""lock_released"", ""timestamp"": ""2026-09-11 10:39:01.348"", ""session_id"": 89, ""resource_type"": ""PAGE"", ""mode"": ""IX""}",89.0,0,0,PAGE,IX,UNKNOWN
lock_released,2026-09-11 10:39:01.348,0,0.0,0.0,0,"{""event_name"": ""lock_released"", ""timestamp"": ""2026-09-11 10:39:01.348"", ""session_id"": 91, ""resource_type"": ""KEY"", ""mode"": ""X""}",91.0,0,0,KEY,X,UNKNOWN
lock_released,2026-09-11 10:39:01.348,0,0.0,0.0,0,"{""event_name"": ""lock_released"", ""timestamp"": ""2026-09-11 10:39:01.348"", ""session_id"": 94, ""resource_type"": ""OBJECT"", ""mode"": ""IX""}",94.0,0,0,OBJECT,IX,UNKNOWN
lock_released,2026-09-11 10:39:01.348,0,0.0,0.0,0,"{""event_name"": ""lock_released"", ""timestamp"": ""2026-09-11 10:39:01.348"", ""session_id"": 87, ""resource_type"": ""OBJECT"", ""mode"": ""IX""}",87.0,0,0,OBJECT,IX,UNKNOWN
lock_released,2026-09-11 10:39:01.348,0,0.0,0.0,0,"{""event_name"": ""lock_released"", ""timestamp"": ""2026-09-11 10:39:01.348"", ""session_id"": 85, ""resource_type"": ""DATABASE"", ""mode"": ""S""}",85.0,0,0,DATABASE,S,UNKNOWN
lock_acquired,2026-09-11 10:39:06.405,0,0.0,0.0,0,"{""event_name"": ""lock_acquired"", ""timestamp"": ""2026-09-11 10:39:06.405"", ""session_id"": 91, ""resource_type"": ""PAGE"", ""mode"": ""IX""}",91.0,0,0,PAGE,IX,UNKNOWN
lock_acquired,2026-09-11 10:39:06.405,0,0.0,0.0,0,"{""event_name"": ""lock_acquired"", ""timestamp"": ""2026-09-11 10:39:06.405"", ""session_id"": 94, ""resource_type"": ""PAGE"", ""mode"": ""IX""}",94.0,0,0,PAGE,IX,UNKNOWN
lock_acquired,2026-09-11 10:39:06.405,0,0.0,0.0,0,"{""event_name"": ""lock_acquired"", ""timestamp"": ""2026-09-11 10:39:06.405"", ""session_id"": 88, ""resource_type"": ""PAGE"", ""mode"": ""IX""}",88.0,0,0,PAGE,IX,UNKNOWN
lock_acquired,2026-09-11 10:39:06.405,0,0.0,0.0,0,"{""event_name"": ""lock_acquired"", ""timestamp"": ""2026-09-11 10:39:06.405"", ""session_id"": 87, ""resource_type"": ""PAGE"", ""mode"": ""S""}",87.0,0,0,PAGE,S,UNKNOWN
lock_acquired,2026-09-11 10:39:06.405,0,0.0,0.0,0,"{""event_name"": ""lock_acquired"", ""timestamp"": ""2026-09-11 10:39:06.405"", ""session_id"": 93, ""resource_type"": ""OBJECT"", ""mode"": ""Sch-S""}",93.0,0,0,OBJECT,Sch-S,UNKNOWN
lock_acquired,2026-09-11 10:39:06.405,0,0.0,0.0,0,"{""event_name"": ""lock_acquired"", ""timestamp"": ""2026-09-11 10:39:06.405"", ""session_id"": 84, ""resource_type"": ""OBJECT"", ""mode"": ""Sch-S""}",84.0,0,0,OBJECT,Sch-S,UNKNOWN
lock_acquired,2026-09-11 10:39:06.405,0,0.0,0.0,0,"{""event_name"": ""lock_acquired"", ""timestamp"": ""2026-09-11 10:39:06.405"", ""session_id"": 91, ""resource_type"": ""OBJECT"", ""mode"": ""IX""}",91.0,0,0,OBJECT,IX,UNKNOWN
lock_acquired,2026-09-11 10:39:06.405,0,0.0,0.0,0,"{""event_name"": ""lock_acquired"", ""timestamp"": ""2026-09-11 10:39:06.405"", ""session_id"": 91, ""resource_type"": ""KEY"", ""mode"": ""X""}",91.0,0,0,KEY,X,UNKNOWN
lock_acquired,2026-09-11 10:39:06.405,0,0.0,0.0,0,"{""event_name"": ""lock_acquired"", ""timestamp"": ""2026-09-11 10:39:06.405"", ""session_id"": 94, ""resource_type"": ""OBJECT"", ""mode"": ""IX""}",94.0,0,0,OBJECT,IX,UNKNOWN
lock_acquired,2026-09-11 10:39:06.405,0,0.0,0.0,0,"{""event_name"": ""lock_acquired"", ""timestamp"": ""2026-09-11 10:39:06.405"", ""session_id"": 94, ""resource_type"": ""KEY"", ""mode"": ""X""}",94.0,0,0,KEY,X,UNKNOWN
lock_acquired,2026-09-11 10:39:06.405,0,0.0,0.0,0,"{""event_name"": ""lock_acquired"", ""timestamp"": ""2026-09-11 10:39:06.405"", ""session_id"": 87, ""resource_type"": ""OBJECT"", ""mode"": ""IX""}",87.0,0,0,OBJECT,IX,UNKNOWN
lock_acquired,2026-09-11 10:39:06.405,0,0.0,0.0,0,"{""event_name"": ""lock_acquired"", ""timestamp"": ""2026-09-11 10:39:06.405"", ""session_id"": 88, ""resource_type"": ""KEY"", ""mode"": ""X""}",88.0,0,0,KEY,X,UNKNOWN
lock_released,2026-09-11 10:39:06.405,0,0.0,0.0,0,"{""event_name"": ""lock_released"", ""timestamp"": ""2026-09-11 10:39:06.405"", ""session_id"": 93, ""resource_type"": ""PAGE"", ""mode"": ""S""}",93.0,0,0,PAGE,S,UNKNOWN
lock_released,2026-09-11 10:39:06.405,0,0.0,0.0,0,"{""event_name"": ""lock_released"", ""timestamp"": ""2026-09-11 10:39:06.405"", ""session_id"": 86, ""resource_type"": ""OBJECT"", ""mode"": ""IX""}",86.0,0,0,OBJECT,IX,UNKNOWN
lock_released,2026-09-11 10:39:06.405,0,0.0,0.0,0,"{""event_name"": ""lock_released"", ""timestamp"": ""2026-09-11 10:39:06.405"", ""session_id"": 92, ""resource_type"": ""OBJECT"", ""mode"": ""Sch-S""}",92.0,0,0,OBJECT,Sch-S,UNKNOWN
lock_released,2026-09-11 10:39:06.405,0,0.0,0.0,0,"{""event_name"": ""lock_released"", ""timestamp"": ""2026-09-11 10:39:06.405"", ""session_id"": 93, ""resource_type"": ""OBJECT"", ""mode"": ""IX""}",93.0,0,0,OBJECT,IX,UNKNOWN
lock_released,2026-09-11 10:39:06.405,0,0.0,0.0,0,"{""event_name"": ""lock_released"", ""timestamp"": ""2026-09-11 10:39:06.405"", ""session_id"": 86, ""resource_type"": ""PAGE"", ""mode"": ""S""}",86.0,0,0,PAGE,S,UNKNOWN
logout,2026-09-11 10:39:11.483,0,0.0,0.0,0,"{""event_name"": ""logout"", ""timestamp"": ""2026-09-11 10:39:11.483"", ""session_id"": 86}",86.0,0,0,0,0,UNKNOWN
logout,2026-09-11 10:39:11.483,0,0.0,0.0,0,"{""event_name"": ""logout"", ""timestamp"": ""2026-09-11 10:39:11.483"", ""session_id"": 87}",87.0,0,0,0,0,UNKNOWN
logout,2026-09-11 10:39:11.483,0,0.0,0.0,0,"{""event_name"": ""logout"", ""timestamp"": ""2026-09-11 10:39:11.483"", ""session_id"": 88}",88.0,0,0,0,0,UNKNOWN
logout,2026-09-11 10:39:11.483,0,0.0,0.0,0,"{""event_name"": ""logout"", ""timestamp"": ""2026-09-11 10:39:11.483"", ""session_id"": 89}",89.0,0,0,0,0,UNKNOWN
logout,2026-09-11 10:39:11.483,0,0.0,0.0,0,"{""event_name"": ""logout"", ""timestamp"": ""2026-09-11 10:39:11.483"", ""session_id"": 90}",90.0,0,0,0,0,UNKNOWN
logout,2026-09-11 10:39:11.483,0,0.0,0.0,0,"{""event_name"": ""logout"", ""timestamp"": ""2026-09-11 10:39:11.483"", ""session_id"": 91}",91.0,0,0,0,0,UNKNOWN
logout,2026-09-11 10:39:11.483,0,0.0,0.0,0,"{""event_name"": ""logout"", ""timestamp"": ""2026-09-11 10:39:11.483"", ""session_id"": 92}",92.0,0,0,0,0,UNKNOWN
logout,2026-09-11 10:39:11.483,0,0.0,0.0,0,"{""event_name"": ""logout"", ""timestamp"": ""2026-09-11 10:39:11.483"", ""session_id"": 93}",93.0,0,0,0,0,UNKNOWN
logout,2026-09-11 10:39:11.483,0,0.0,0.0,0,"{""event_name"": ""logout"", ""timestamp"": ""2026-09-11 10:39:11.483"", ""session_id"": 94}",94.0,0,0,0,0,UNKNOWN
logout,2026-09-11 10:39:11.483,0,0.0,0.0,0,"{""event_name"": ""logout"", ""timestamp"": ""2026-09-11 10:39:11.483"", ""session_id"": 95}",95.0,0,0,0,0,UNKNOWN
lock_released,2026-09-11 10:39:11.483,0,0.0,0.0,0,"{""event_name"": ""lock_released"", ""timestamp"": ""2026-09-11 10:39:11.483"", ""session_id"": 90, ""resource_type"": ""DATABASE"", ""mode"": ""S""}",90.0,0,0,DATABASE,S,UNKNOWN
lock_released,2026-09-11 10:39:11.483,0,0.0,0.0,0,"{""event_name"": ""lock_released"", ""timestamp"": ""2026-09-11 10:39:11.483"", ""session_id"": 93, ""resource_type"": ""OBJECT"", ""mode"": ""Sch-S""}",93.0,0,0,OBJECT,Sch-S,UNKNOWN
lock_released,2026-09-11 10:39:11.483,0,0.0,0.0,0,"{""event_name"": ""lock_released"", ""timestamp"": ""2026-09-11 10:39:11.483"", ""session_id"": 94, ""resource_type"": ""OBJECT"", ""mode"": ""IX""}",94.0,0,0,OBJECT,IX,UNKNOWN
lock_released,2026-09-11 10:39:11.483,0,0.0,0.0,0,"{""event_name"": ""lock_released"", ""timestamp"": ""2026-09-11 10:39:11.483"", ""session_id"": 88, ""resource_type"": ""OBJECT"", ""mode"": ""IX""}",88.0,0,0,OBJECT,IX,UNKNOWN
lock_released,2026-09-11 10:39:11.483,0,0.0,0.0,0,"{""event_name"": ""lock_released"", ""timestamp"": ""2026-09-11 10:39:11.483"", ""session_id"": 86, ""resource_type"": ""DATABASE"", ""mode"": ""S""}",86.0,0,0,DATABASE,S,UNKNOWN
lock_released,2026-09-11 10:39:11.483,0,0.0,0.0,0,"{""event_name"": ""lock_released"", ""timestamp"": ""2026-09-11 10:39:11.483"", ""session_id"": 87, ""resource_type"": ""DATABASE"", ""mode"": ""S""}",87.0,0,0,DATABASE,S,UNKNOWN
lock_released,2026-09-11 10:39:11.483,0,0.0,0.0,0,"{""event_name"": ""lock_released"", ""timestamp"": ""2026-09-11 10:39:11.483"", ""session_id"": 91, ""resource_type"": ""PAGE"", ""mode"": ""IX""}",91.0,0,0,PAGE,IX,UNKNOWN
lock_released,2026-09-11 10:39:11.483,0,0.0,0.0,0,"{""event_name"": ""lock_released"", ""timestamp"": ""2026-09-11 10:39:11.483"", ""session_id"": 89, ""resource_type"": ""DATABASE"", ""mode"": ""S""}",89.0,0,0,DATABASE,S,UNKNOWN
lock_released,2026-09-11 10:39:11.483,0,0.0,0.0,0,"{""event_name"": ""lock_released"", ""timestamp"": ""2026-09-11 10:39:11.483"", ""session_id"": 84, ""resource_type"": ""OBJECT"", ""mode"": ""Sch-S""}",84.0,0,0,OBJECT,Sch-S,UNKNOWN
lock_released,2026-09-11 10:39:11.483,0,0.0,0.0,0,"{""event_name"": ""lock_released"", ""timestamp"": ""2026-09-11 10:39:11.483"", ""session_id"": 90, ""resource_type"": ""OBJECT"", ""mode"": ""IX""}",90.0,0,0,OBJECT,IX,UNKNOWN
lock_released,2026-09-11 10:39:11.483,0,0.0,0.0,0,"{""event_name"": ""lock_released"", ""timestamp"": ""2026-09-11 10:39:11.483"", ""session_id"": 87, ""resource_type"": ""OBJECT"", ""mode"": ""IX""}",87.0,0,0,OBJECT,IX,UNKNOWN
lock_released,2026-09-11 10:39:11.483,0,0.0,0.0,0,"{""event_name"": ""lock_released"", ""timestamp"": ""2026-09-11 10:39:11.483"", ""session_id"": 90, ""resource_type"": ""PAGE"", ""mode"": ""S""}",90.0,0,0,PAGE,S,UNKNOWN
lock_released,2026-09-11 10:39:11.483,0,0.0,0.0,0,"{""event_name"": ""lock_released"", ""timestamp"": ""2026-09-11 10:39:11.483"", ""session_id"": 95, ""resource_type"": ""DATABASE"", ""mode"": ""S""}",95.0,0,0,DATABASE,S,UNKNOWN
lock_released,2026-09-11 10:39:11.483,0,0.0,0.0,0,"{""event_name"": ""lock_released"", ""timestamp"": ""2026-09-11 10:39:11.483"", ""session_id"": 94, ""resource_type"": ""PAGE"", ""mode"": ""IX""}",94.0,0,0,PAGE,IX,UNKNOWN
lock_released,2026-09-11 10:39:11.483,0,0.0,0.0,0,"{""event_name"": ""lock_released"", ""timestamp"": ""2026-09-11 10:39:11.483"", ""session_id"": 88, ""resource_type"": ""PAGE"", ""mode"": ""IX""}",88.0,0,0,PAGE,IX,UNKNOWN
lock_released,2026-09-11 10:39:11.483,0,0.0,0.0,0,"{""event_name"": ""lock_released"", ""timestamp"": ""2026-09-11 10:39:11.483"", ""session_id"": 89, ""resource_type"": ""OBJECT"", ""mode"": ""Sch-S""}",89.0,0,0,OBJECT,Sch-S,UNKNOWN
lock_released,2026-09-11 10:39:11.483,0,0.0,0.0,0,"{""event_name"": ""lock_released"", ""timestamp"": ""2026-09-11 10:39:11.483"", ""session_id"": 87, ""resource_type"": ""PAGE"", ""mode"": ""S""}",87.0,0,0,PAGE,S,UNKNOWN
lock_released,2026-09-11 10:39:11.483,0,0.0,0.0,0,"{""event_name"": ""lock_released"", ""timestamp"": ""2026-09-11 10:39:11.483"", ""session_id"": 91, ""resource_type"": ""KEY"", ""mode"": ""X""}",91.0,0,0,KEY,X,UNKNOWN
lock_released,2026-09-11 10:39:11.483,0,0.0,0.0,0,"{""event_name"": ""lock_released"", ""timestamp"": ""2026-09-11 10:39:11.483"", ""session_id"": 91, ""resource_type"": ""DATABASE"", ""mode"": ""S""}",91.0,0,0,DATABASE,S,UNKNOWN
lock_released,2026-09-11 10:39:11.483,0,0.0,0.0,0,"{""event_name"": ""lock_released"", ""timestamp"": ""2026-09-11 10:39:11.483"", ""session_id"": 92, ""resource_type"": ""DATABASE"", ""mode"": ""S""}",92.0,0,0,DATABASE,S,UNKNOWN
lock_released,2026-09-11 10:39:11.483,0,0.0,0.0,0,"{""event_name"": ""lock_released"", ""timestamp"": ""2026-09-11 10:39:11.483"", ""session_id"": 93, ""resource_type"": ""DATABASE"", ""mode"": ""S""}",93.0,0,0,DATABASE,S,UNKNOWN
lock_released,2026-09-11 10:39:11.483,0,0.0,0.0,0,"{""event_name"": ""lock_released"", ""timestamp"": ""2026-09-11 10:39:11.483"", ""session_id"": 94, ""resource_type"": ""DATABASE"", ""mode"": ""S""}",94.0,0,0,DATABASE,S,UNKNOWN
lock_released,2026-09-11 10:39:11.483,0,0.0,0.0,0,"{""event_name"": ""lock_released"", ""timestamp"": ""2026-09-11 10:39:11.483"", ""session_id"": 91, ""resource_type"": ""OBJECT"", ""mode"": ""IX""}",91.0,0,0,OBJECT,IX,UNKNOWN
lock_released,2026-09-11 10:39:11.483,0,0.0,0.0,0,"{""event_name"": ""lock_released"", ""timestamp"": ""2026-09-11 10:39:11.483"", ""session_id"": 94, ""resource_type"": ""KEY"", ""mode"": ""X""}",94.0,0,0,KEY,X,UNKNOWN
lock_released,2026-09-11 10:39:11.483,0,0.0,0.0,0,"{""event_name"": ""lock_released"", ""timestamp"": ""2026-09-11 10:39:11.483"", ""session_id"": 88, ""resource_type"": ""DATABASE"", ""mode"": ""S""}",88.0,0,0,DATABASE,S,UNKNOWN
lock_released,2026-09-11 10:39:11.483,0,0.0,0.0,0,"{""event_name"": ""lock_released"", ""timestamp"": ""2026-09-11 10:39:11.483"", ""session_id"": 88, ""resource_type"": ""KEY"", ""mode"": ""X""}",88.0,0,0,KEY,X,UNKNOWN
