event_name,timestamp,database_name,severity,error_number,message,_linea,session_id,login_name,program_name,resource_type,mode,process_type
xml_deadlock_report,2026-09-11 10:39:16.940,SteelNort,13.0,1205.0,Deadlock detected,"{""event_name"": ""xml_deadlock_report"", ""timestamp"": ""2026-09-11 10:39:16.940"", ""database_name"": ""SteelNort"", ""severity"": 13, ""error_number"": 1205, ""message"": ""Deadlock detected""}",0.0,0,0,0,0,UNKNOWN
xml_deadlock_report,2026-09-11 10:39:16.940,SteelNort,13.0,1205.0,Deadlock detected,"{""event_name"": ""xml_deadlock_report"", ""timestamp"": ""2026-09-11 10:39:16.940"", ""database_name"": ""SteelNort"", ""severity"": 13, ""error_number"": 1205, ""message"": ""Deadlock detected""}",0.0,0,0,0,0,UNKNOWN
xml_deadlock_report,2026-09-11 10:39:16.940,SteelNort,13.0,1205.0,Deadlock detected,"{""event_name"": ""xml_deadlock_report"", ""timestamp"": ""2026-09-11 10:39:16.940"", ""database_name"": ""SteelNort"", ""severity"": 13, ""error_number"": 1205, ""message"": ""Deadlock detected""}",0.0,0,0,0,0,UNKNOWN
xml_deadlock_report,2026-09-11 10:39:16.940,SteelNort,13.0,1205.0,Deadlock detected,"{""event_name"": ""xml_deadlock_report"", ""timestamp"": ""2026-09-11 10:39:16.940"", ""database_name"": ""SteelNort"", ""severity"": 13, ""error_number"": 1205, ""message"": ""Deadlock detected""}",0.0,0,0,0,0,UNKNOWN
xml_deadlock_report,2026-09-11 10:39:16.940,SteelNort,13.0,1205.0,Deadlock detected,"{""event_name"": ""xml_deadlock_report"", ""timestamp"": ""2026-09-11 10:39:16.940"", ""database_name"": ""SteelNort"", ""severity"": 13, ""error_number"": 1205, ""message"": ""Deadlock detected""}",0.0,0,0,0,0,UNKNOWN
xml_deadlock_report,2026-09-11 10:39:16.940,SteelNort,13.0,1205.0,Deadlock detected,"{""event_name"": ""xml_deadlock_report"", ""timestamp"": ""2026-09-11 10:39:16.940"", ""database_name"": ""SteelNort"", ""severity"": 13, ""error_number"": 1205, ""message"": ""Deadlock detected""}",0.0,0,0,0,0,UNKNOWN
xml_deadlock_report,2026-09-11 10:39:16.940,SteelNort,13.0,1205.0,Deadlock detected,"{""event_name"": ""xml_deadlock_report"", ""timestamp"": ""2026-09-11 10:39:16.940"", ""database_name"": ""SteelNort"", ""severity"": 13, ""error_number"": 1205, ""message"": ""Deadlock detected""}",0.0,0,0,0,0,UNKNOWN
xml_deadlock_report,2026-09-11 10:39:16.940,SteelNort,13.0,1205.0,Deadlock detected,"{""event_name"": ""xml_deadlock_report"", ""timestamp"": ""2026-09-11 10:39:16.940"", ""database_name"": ""SteelNort"", ""severity"": 13, ""error_number"": 1205, ""message"": ""Deadlock detected""}",0.0,0,0,0,0,UNKNOWN
xml_deadlock_report,2026-09-11 10:39:16.940,SteelNort,13.0,1205.0,Deadlock detected,"{""event_name"": ""xml_deadlock_report"", ""timestamp"": ""2026-09-11 10:39:16.940"", ""database_name"": ""SteelNort"", ""severity"": 13, ""error_number"": 1205, ""message"": ""Deadlock detected""}",0.0,0,0,0,0,UNKNOWN
xml_deadlock_report,2026-09-11 10:39:16.940,SteelNort,13.0,1205.0,Deadlock detected,"{""event_name"": ""xml_deadlock_report"", ""timestamp"": ""2026-09-11 10:39:16.940"", ""database_name"": ""SteelNort"", ""severity"": 13, ""error_number"": 1205, ""message"": ""Deadlock detected""}",0.0,0,0,0,0,UNKNOWN
xml_deadlock_report,2026-09-11 10:39:16.940,SteelNort,13.0,1205.0,Deadlock detected,"{""event_name"": ""xml_deadlock_report"", ""timestamp"": ""2026-09-11 10:39:16.940"", ""database_name"": ""SteelNort"", ""severity"": 13, ""error_number"": 1205, ""message"": ""Deadlock detected""}",0.0,0,0,0,0,UNKNOWN
xml_deadlock_report,2026-09-11 10:39:16.940,SteelNort,13.0,1205.0,Deadlock detected,"{""event_name"": ""xml_deadlock_report"", ""timestamp"": ""2026-09-11 10:39:16.940"", ""database_name"": ""SteelNort"", ""severity"": 13, ""error_number"": 1205, ""message"": ""Deadlock detected""}",0.0,0,0,0,0,UNKNOWN
xml_deadlock_report,2026-09-11 10:39:16.940,SteelNort,13.0,1205.0,Deadlock detected,"{""event_name"": ""xml_deadlock_report"", ""timestamp"": ""2026-09-11 10:39:16.940"", ""database_name"": ""SteelNort"", ""severity"": 13, ""error_number"": 1205, ""message"": ""Deadlock detected""}",0.0,0,0,0,0,UNKNOWN
xml_deadlock_report,2026-09-11 10:39:16.940,SteelNort,13.0,1205.0,Deadlock detected,"{""event_name"": ""xml_deadlock_report"", ""timestamp"": ""2026-09-11 10:39:16.940"", ""database_name"": ""SteelNort"", ""severity"": 13, ""error_number"": 1205, ""message"": ""Deadlock detected""}",0.0,0,0,0,0,UNKNOWN
xml_deadlock_report,2026-09-11 10:39:16.940,SteelNort,13.0,1205.0,Deadlock detected,"{""event_name"": ""xml_deadlock_report"", ""timestamp"": ""2026-09-11 10:39:16.940"", ""database_name"": ""SteelNort"", ""severity"": 13, ""error_number"": 1205, ""message"": ""Deadlock detected""}",0.0,0,0,0,0,UNKNOWN
xml_deadlock_report,2026-09-11 10:39:16.940,SteelNort,13.0,1205.0,Deadlock detected,"{""event_name"": ""xml_deadlock_report"", ""timestamp"": ""2026-09-11 10:39:16.940"", ""database_name"": ""SteelNort"", ""severity"": 13, ""error_number"": 1205, ""message"": ""Deadlock detected""}",0.0,0,0,0,0,UNKNOWN
xml_deadlock_report,2026-09-11 10:39:16.940,SteelNort,13.0,1205.0,Deadlock detected,"{""event_name"": ""xml_deadlock_report"", ""timestamp"": ""2026-09-11 10:39:16.940"", ""database_name"": ""SteelNort"", ""severity"": 13, ""error_number"": 1205, ""message"": ""Deadlock detected""}",0.0,0,0,0,0,UNKNOWN
xml_deadlock_report,2026-09-11 10:39:16.940,SteelNort,13.0,1205.0,Deadlock detected,"{""event_name"": ""xml_deadlock_report"", ""timestamp"": ""2026-09-11 10:39:16.940"", ""database_name"": ""SteelNort"", ""severity"": 13, ""error_number"": 1205, ""message"": ""Deadlock detected""}",0.0,0,0,0,0,UNKNOWN
xml_deadlock_report,2026-09-11 10:39:16.940,SteelNort,13.0,1205.0,Deadlock detected,"{""event_name"": ""xml_deadlock_report"", ""timestamp"": ""2026-09-11 10:39:16.940"", ""database_name"": ""SteelNort"", ""severity"": 13, ""error_number"": 1205, ""message"": ""Deadlock detected""}",0.0,0,0,0,0,UNKNOWN
xml_deadlock_report,2026-09-11 10:39:16.940,SteelNort,13.0,1205.0,Deadlock detected,"{""event_name"": ""xml_deadlock_report"", ""timestamp"": ""2026-09-11 10:39:16.940"", ""database_name"": ""SteelNort"", ""severity"": 13, ""error_number"": 1205, ""message"": ""Deadlock detected""}",0.0,0,0,0,0,UNKNOWN
xml_deadlock_report,2026-09-11 10:39:16.940,SteelNort,13.0,1205.0,Deadlock detected,"{""event_name"": ""xml_deadlock_report"", ""timestamp"": ""2026-09-11 10:39:16.940"", ""database_name"": ""SteelNort"", ""severity"": 13, ""error_number"": 1205, ""message"": ""Deadlock detected""}",0.0,0,0,0,0,UNKNOWN
xml_deadlock_report,2026-09-11 10:39:16.940,SteelNort,13.0,1205.0,Deadlock detected,"{""event_name"": ""xml_deadlock_report"", ""timestamp"": ""2026-09-11 10:39:16.940"", ""database_name"": ""SteelNort"", ""severity"": 13, ""error_number"": 1205, ""message"": ""Deadlock detected""}",0.0,0,0,0,0,UNKNOWN
xml_deadlock_report,2026-09-11 10:39:16.940,SteelNort,13.0,1205.0,Deadlock detected,"{""event_name"": ""xml_deadlock_report"", ""timestamp"": ""2026-09-11 10:39:16.940"", ""database_name"": ""SteelNort"", ""severity"": 13, ""error_number"": 1205, ""message"": ""Deadlock detected""}",0.0,0,0,0,0,UNKNOWN
xml_deadlock_report,2026-09-11 10:39:16.940,SteelNort,13.0,1205.0,Deadlock detected,"{""event_name"": ""xml_deadlock_report"", ""timestamp"": ""2026-09-11 10:39:16.940"", ""database_name"": ""SteelNort"", ""severity"": 13, ""error_number"": 1205, ""message"": ""Deadlock detected""}",0.0,0,0,0,0,UNKNOWN
xml_deadlock_report,2026-09-11 10:39:16.940,SteelNort,13.0,1205.0,Deadlock detected,"{""event_name"": ""xml_deadlock_report"", ""timestamp"": ""2026-09-11 10:39:16.940"", ""database_name"": ""SteelNort"", ""severity"": 13, ""error_number"": 1205, ""message"": ""Deadlock detected""}",0.0,0,0,0,0,UNKNOWN
xml_deadlock_report,2026-09-11 10:39:16.940,SteelNort,13.0,1205.0,Deadlock detected,"{""event_name"": ""xml_deadlock_report"", ""timestamp"": ""2026-09-11 10:39:16.940"", ""database_name"": ""SteelNort"", ""severity"": 13, ""error_number"": 1205, ""message"": ""Deadlock detected""}",0.0,0,0,0,0,UNKNOWN
xml_deadlock_report,2026-09-11 10:39:16.940,SteelNort,13.0,1205.0,Deadlock detected,"{""event_name"": ""xml_deadlock_report"", ""timestamp"": ""2026-09-11 10:39:16.940"", ""database_name"": ""SteelNort"", ""severity"": 13, ""error_number"": 1205, ""message"": ""Deadlock detected""}",0.0,0,0,0,0,UNKNOWN
xml_deadlock_report,2026-09-11 10:39:16.940,SteelNort,13.0,1205.0,Deadlock detected,"{""event_name"": ""xml_deadlock_report"", ""timestamp"": ""2026-09-11 10:39:16.940"", ""database_name"": ""SteelNort"", ""severity"": 13, ""error_number"": 1205, ""message"": ""Deadlock detected""}",0.0,0,0,0,0,UNKNOWN
xml_deadlock_report,2026-09-11 10:39:16.940,SteelNort,13.0,1205.0,Deadlock detected,"{""event_name"": ""xml_deadlock_report"", ""timestamp"": ""2026-09-11 10:39:16.940"", ""database_name"": ""SteelNort"", ""severity"": 13, ""error_number"": 1205, ""message"": ""Deadlock detected""}",0.0,0,0,0,0,UNKNOWN
xml_deadlock_report,2026-09-11 10:39:16.940,SteelNort,13.0,1205.0,Deadlock detected,"{""event_name"": ""xml_deadlock_report"", ""timestamp"": ""2026-09-11 10:39:16.940"", ""database_name"": ""SteelNort"", ""severity"": 13, ""error_number"": 1205, ""message"": ""Deadlock detected""}",0.0,0,0,0,0,UNKNOWN
xml_deadlock_report,2026-09-11 10:39:16.940,SteelNort,13.0,1205.0,Deadlock detected,"{""event_name"": ""xml_deadlock_report"", ""timestamp"": ""2026-09-11 10:39:16.940"", ""database_name"": ""SteelNort"", ""severity"": 13, ""error_number"": 1205, ""message"": ""Deadlock detected""}",0.0,0,0,0,0,UNKNOWN
xml_deadlock_report,2026-09-11 10:39:16.940,SteelNort,13.0,1205.0,Deadlock detected,"{""event_name"": ""xml_deadlock_report"", ""timestamp"": ""2026-09-11 10:39:16.940"", ""database_name"": ""SteelNort"", ""severity"": 13, ""error_number"": 1205, ""message"": ""Deadlock detected""}",0.0,0,0,0,0,UNKNOWN
xml_deadlock_report,2026-09-11 10:39:16.940,SteelNort,13.0,1205.0,Deadlock detected,"{""event_name"": ""xml_deadlock_report"", ""timestamp"": ""2026-09-11 10:39:16.940"", ""database_name"": ""SteelNort"", ""severity"": 13, ""error_number"": 1205, ""message"": ""Deadlock detected""}",0.0,0,0,0,0,UNKNOWN
xml_deadlock_report,2026-09-11 10:39:16.940,SteelNort,13.0,1205.0,Deadlock detected,"{""event_name"": ""xml_deadlock_report"", ""timestamp"": ""2026-09-11 10:39:16.940"", ""database_name"": ""SteelNort"", ""severity"": 13, ""error_number"": 1205, ""message"": ""Deadlock detected""}",0.0,0,0,0,0,UNKNOWN
xml_deadlock_report,2026-09-11 10:39:16.940,SteelNort,13.0,1205.0,Deadlock detected,"{""event_name"": ""xml_deadlock_report"", ""timestamp"": ""2026-09-11 10:39:16.940"", ""database_name"": ""SteelNort"", ""severity"": 13, ""error_number"": 1205, ""message"": ""Deadlock detected""}",0.0,0,0,0,0,UNKNOWN
xml_deadlock_report,2026-09-11 10:39:16.940,SteelNort,13.0,1205.0,Deadlock detected,"{""event_name"": ""xml_deadlock_report"", ""timestamp"": ""2026-09-11 10:39:16.940"", ""database_name"": ""SteelNort"", ""severity"": 13, ""error_number"": 1205, ""message"": ""Deadlock detected""}",0.0,0,0,0,0,UNKNOWN
xml_deadlock_report,2026-09-11 10:39:16.940,SteelNort,13.0,1205.0,Deadlock detected,"{""event_name"": ""xml_deadlock_report"", ""timestamp"": ""2026-09-11 10:39:16.940"", ""database_name"": ""SteelNort"", ""severity"": 13, ""error_number"": 1205, ""message"": ""Deadlock detected""}",0.0,0,0,0,0,UNKNOWN
xml_deadlock_report,2026-09-11 10:39:16.940,SteelNort,13.0,1205.0,Deadlock detected,"{""event_name"": ""xml_deadlock_report"", ""timestamp"": ""2026-09-11 10:39:16.940"", ""database_name"": ""SteelNort"", ""severity"": 13, ""error_number"": 1205, ""message"": ""Deadlock detected""}",0.0,0,0,0,0,UNKNOWN
xml_deadlock_report,2026-09-11 10:39:16.940,SteelNort,13.0,1205.0,Deadlock detected,"{""event_name"": ""xml_deadlock_report"", ""timestamp"": ""2026-09-11 10:39:16.940"", ""database_name"": ""SteelNort"", ""severity"": 13, ""error_number"": 1205, ""message"": ""Deadlock detected""}",0.0,0,0,0,0,UNKNOWN
xml_deadlock_report,2026-09-11 10:39:16.940,SteelNort,13.0,1205.0,Deadlock detected,"{""event_name"": ""xml_deadlock_report"", ""timestamp"": ""2026-09-11 10:39:16.940"", ""database_name"": ""SteelNort"", ""severity"": 13, ""error_number"": 1205, ""message"": ""Deadlock detected""}",0.0,0,0,0,0,UNKNOWN
xml_deadlock_report,2026-09-11 10:39:16.940,SteelNort,13.0,1205.0,Deadlock detected,"{""event_name"": ""xml_deadlock_report"", ""timestamp"": ""2026-09-11 10:39:16.940"", ""database_name"": ""SteelNort"", ""severity"": 13, ""error_number"": 1205, ""message"": ""Deadlock detected""}",0.0,0,0,0,0,UNKNOWN
xml_deadlock_report,2026-09-11 10:39:16.940,SteelNort,13.0,1205.0,Deadlock detected,"{""event_name"": ""xml_deadlock_report"", ""timestamp"": ""2026-09-11 10:39:16.940"", ""database_name"": ""SteelNort"", ""severity"": 13, ""error_number"": 1205, ""message"": ""Deadlock detected""}",0.0,0,0,0,0,UNKNOWN
xml_deadlock_report,2026-09-11 10:39:16.940,SteelNort,13.0,1205.0,Deadlock detected,"{""event_name"": ""xml_deadlock_report"", ""timestamp"": ""2026-09-11 10:39:16.940"", ""database_name"": ""SteelNort"", ""severity"": 13, ""error_number"": 1205, ""message"": ""Deadlock detected""}",0.0,0,0,0,0,UNKNOWN
xml_deadlock_report,2026-09-11 10:39:16.940,SteelNort,13.0,1205.0,Deadlock detected,"{""event_name"": ""xml_deadlock_report"", ""timestamp"": ""2026-09-11 10:39:16.940"", ""database_name"": ""SteelNort"", ""severity"": 13, ""error_number"": 1205, ""message"": ""Deadlock detected""}",0.0,0,0,0,0,UNKNOWN
xml_deadlock_report,2026-09-11 10:39:16.940,SteelNort,13.0,1205.0,Deadlock detected,"{""event_name"": ""xml_deadlock_report"", ""timestamp"": ""2026-09-11 10:39:16.940"", ""database_name"": ""SteelNort"", ""severity"": 13, ""error_number"": 1205, ""message"": ""Deadlock detected""}",0.0,0,0,0,0,UNKNOWN
xml_deadlock_report,2026-09-11 10:39:16.940,SteelNort,13.0,1205.0,Deadlock detected,"{""event_name"": ""xml_deadlock_report"", ""timestamp"": ""2026-09-11 10:39:16.940"", ""database_name"": ""SteelNort"", ""severity"": 13, ""error_number"": 1205, ""message"": ""Deadlock detected""}",0.0,0,0,0,0,UNKNOWN
xml_deadlock_report,2026-09-11 10:39:16.940,SteelNort,13.0,1205.0,Deadlock detected,"{""event_name"": ""xml_deadlock_report"", ""timestamp"": ""2026-09-11 10:39:16.940"", ""database_name"": ""SteelNort"", ""severity"": 13, ""error_number"": 1205, ""message"": ""Deadlock detected""}",0.0,0,0,0,0,UNKNOWN
xml_deadlock_report,2026-09-11 10:39:16.940,SteelNort,13.0,1205.0,Deadlock detected,"{""event_name"": ""xml_deadlock_report"", ""timestamp"": ""2026-09-11 10:39:16.940"", ""database_name"": ""SteelNort"", ""severity"": 13, ""error_number"": 1205, ""message"": ""Deadlock detected""}",0.0,0,0,0,0,UNKNOWN
xml_deadlock_report,2026-09-11 10:39:16.940,SteelNort,13.0,1205.0,Deadlock detected,"{""event_name"": ""xml_deadlock_report"", ""timestamp"": ""2026-09-11 10:39:16.940"", ""database_name"": ""SteelNort"", ""severity"": 13, ""error_number"": 1205, ""message"": ""Deadlock detected""}",0.0,0,0,0,0,UNKNOWN
xml_deadlock_report,2026-09-11 10:39:16.940,SteelNort,13.0,1205.0,Deadlock detected,"{""event_name"": ""xml_deadlock_report"", ""timestamp"": ""2026-09-11 10:39:16.940"", ""database_name"": ""SteelNort"", ""severity"": 13, ""error_number"": 1205, ""message"": ""Deadlock detected""}",0.0,0,0,0,0,UNKNOWN
xml_deadlock_report,2026-09-11 10:39:16.940,SteelNort,13.0,1205.0,Deadlock detected,"{""event_name"": ""xml_deadlock_report"", ""timestamp"": ""2026-09-11 10:39:16.940"", ""database_name"": ""SteelNort"", ""severity"": 13, ""error_number"": 1205, ""message"": ""Deadlock detected""}",0.0,0,0,0,0,UNKNOWN
xml_deadlock_report,2026-09-11 10:39:16.940,SteelNort,13.0,1205.0,Deadlock detected,"{""event_name"": ""xml_deadlock_report"", ""timestamp"": ""2026-09-11 10:39:16.940"", ""database_name"": ""SteelNort"", ""severity"": 13, ""error_number"": 1205, ""message"": ""Deadlock detected""}",0.0,0,0,0,0,UNKNOWN
login,2026-09-11 10:39:21.978,SteelNort,0.0,0.0,0,"{""event_name"": ""login"", ""timestamp"": ""2026-09-11 10:39:21.978"", ""session_id"": 74, ""login_name"": ""sa"", ""program_name"": ""Python"", ""database_name"": ""SteelNort""}",74.0,sa,Python,0,0,UNKNOWN
login,2026-09-11 10:39:21.978,SteelNort,0.0,0.0,0,"{""event_name"": ""login"", ""timestamp"": ""2026-09-11 10:39:21.978"", ""session_id"": 75, ""login_name"": ""sa"", ""program_name"": ""Python"", ""database_name"": ""SteelNort""}",75.0,sa,Python,0,0,UNKNOWN
login,2026-09-11 10:39:21.978,SteelNort,0.0,0.0,0,"{""event_name"": ""login"", ""timestamp"": ""2026-09-11 10:39:21.978"", ""session_id"": 76, ""login_name"": ""sa"", ""program_name"": ""SteelNortCargaNormal"", ""database_name"": ""SteelNort""}",76.0,sa,SteelNortCargaNormal,0,0,UNKNOWN
lock_acquired,2026-09-11 10:39:21.978,0,0.0,0.0,0,"{""event_name"": ""lock_acquired"", ""timestamp"": ""2026-09-11 10:39:21.978"", ""session_id"": 76, ""resource_type"": ""DATABASE"", ""mode"": ""S""}",76.0,0,0,DATABASE,S,UNKNOWN
lock_acquired,2026-09-11 10:39:21.978,0,0.0,0.0,0,"{""event_name"": ""lock_acquired"", ""timestamp"": ""2026-09-11 10:39:21.978"", ""session_id"": 75, ""resource_type"": ""DATABASE"", ""mode"": ""S""}",75.0,0,0,DATABASE,S,UNKNOWN
lock_acquired,2026-09-11 10:39:21.978,0,0.0,0.0,0,"{""event_name"": ""lock_acquired"", ""timestamp"": ""2026-09-11 10:39:21.978"", ""session_id"": 74, ""resource_type"": ""DATABASE"", ""mode"": ""S""}",74.0,0,0,DATABASE,S,UNKNOWN
lock_released,2026-09-11 10:39:21.978,0,0.0,0.0,0,"{""event_name"": ""lock_released"", ""timestamp"": ""2026-09-11 10:39:21.978"", ""session_id"": 73, ""resource_type"": ""METADATA"", ""mode"": ""Sch-S""}",73.0,0,0,METADATA,Sch-S,UNKNOWN
lock_released,2026-09-11 10:39:21.978,0,0.0,0.0,0,"{""event_name"": ""lock_released"", ""timestamp"": ""2026-09-11 10:39:21.978"", ""session_id"": 73, ""resource_type"": ""OBJECT"", ""mode"": ""IX""}",73.0,0,0,OBJECT,IX,UNKNOWN
lock_released,2026-09-11 10:39:21.978,0,0.0,0.0,0,"{""event_name"": ""lock_released"", ""timestamp"": ""2026-09-11 10:39:21.978"", ""session_id"": 73, ""resource_type"": ""KEY"", ""mode"": ""X""}",73.0,0,0,KEY,X,UNKNOWN
lock_released,2026-09-11 10:39:21.978,0,0.0,0.0,0,"{""event_name"": ""lock_released"", ""timestamp"": ""2026-09-11 10:39:21.978"", ""session_id"": 73, ""resource_type"": ""METADATA"", ""mode"": ""Sch-M""}",73.0,0,0,METADATA,Sch-M,UNKNOWN
lock_acquired,2026-09-11 10:39:27.008,0,0.0,0.0,0,"{""event_name"": ""lock_acquired"", ""timestamp"": ""2026-09-11 10:39:27.008"", ""session_id"": 76, ""resource_type"": ""PAGE"", ""mode"": ""IX""}",76.0,0,0,PAGE,IX,UNKNOWN
lock_acquired,2026-09-11 10:39:27.008,0,0.0,0.0,0,"{""event_name"": ""lock_acquired"", ""timestamp"": ""2026-09-11 10:39:27.008"", ""session_id"": 76, ""resource_type"": ""KEY"", ""mode"": ""X""}",76.0,0,0,KEY,X,UNKNOWN
lock_acquired,2026-09-11 10:39:27.008,0,0.0,0.0,0,"{""event_name"": ""lock_acquired"", ""timestamp"": ""2026-09-11 10:39:27.008"", ""session_id"": 76, ""resource_type"": ""OBJECT"", ""mode"": ""IX""}",76.0,0,0,OBJECT,IX,UNKNOWN
login,2026-09-11 10:39:42.134,SteelNort,0.0,0.0,0,"{""event_name"": ""login"", ""timestamp"": ""2026-09-11 10:39:42.134"", ""session_id"": 77, ""login_name"": ""sa"", ""program_name"": ""SteelNortCargaAnomalia"", ""database_name"": ""SteelNort""}",77.0,sa,SteelNortCargaAnomalia,0,0,UNKNOWN
login,2026-09-11 10:39:42.134,SteelNort,0.0,0.0,0,"{""event_name"": ""login"", ""timestamp"": ""2026-09-11 10:39:42.134"", ""session_id"": 78, ""login_name"": ""sa"", ""program_name"": ""SteelNortCargaAnomalia"", ""database_name"": ""SteelNort""}",78.0,sa,SteelNortCargaAnomalia,0,0,UNKNOWN
login,2026-09-11 10:39:42.134,SteelNort,0.0,0.0,0,"{""event_name"": ""login"", ""timestamp"": ""2026-09-11 10:39:42.134"", ""session_id"": 79, ""login_name"": ""sa"", ""program_name"": ""SteelNortCargaAnomalia"", ""database_name"": ""SteelNort""}",79.0,sa,SteelNortCargaAnomalia,0,0,UNKNOWN
login,2026-09-11 10:39:42.134,SteelNort,0.0,0.0,0,"{""event_name"": ""login"", ""timestamp"": ""2026-09-11 10:39:42.134"", ""session_id"": 81, ""login_name"": ""sa"", ""program_name"": ""SteelNortCargaAnomalia"", ""database_name"": ""SteelNort""}",81.0,sa,SteelNortCargaAnomalia,0,0,UNKNOWN
login,2026-09-11 10:39:42.134,SteelNort,0.0,0.0,0,"{""event_name"": ""login"", ""timestamp"": ""2026-09-11 10:39:42.134"", ""session_id"": 82, ""login_name"": ""sa"", ""program_name"": ""SteelNortCargaAnomalia"", ""database_name"": ""SteelNort""}",82.0,sa,SteelNortCargaAnomalia,0,0,UNKNOWN
login,2026-09-11 10:39:42.134,SteelNort,0.0,0.0,0,"{""event_name"": ""login"", ""timestamp"": ""2026-09-11 10:39:42.134"", ""session_id"": 83, ""login_name"": ""sa"", ""program_name"": ""SteelNortCargaAnomalia"", ""database_name"": ""SteelNort""}",83.0,sa,SteelNortCargaAnomalia,0,0,UNKNOWN
login,2026-09-11 10:39:42.134,SteelNort,0.0,0.0,0,"{""event_name"": ""login"", ""timestamp"": ""2026-09-11 10:39:42.134"", ""session_id"": 84, ""login_name"": ""sa"", ""program_name"": ""SteelNortCargaAnomalia"", ""database_name"": ""SteelNort""}",84.0,sa,SteelNortCargaAnomalia,0,0,UNKNOWN
lock_acquired,2026-09-11 10:39:42.134,0,0.0,0.0,0,"{""event_name"": ""lock_acquired"", ""timestamp"": ""2026-09-11 10:39:42.134"", ""session_id"": 84, ""resource_type"": ""PAGE"", ""mode"": ""IX""}",84.0,0,0,PAGE,IX,UNKNOWN
lock_acquired,2026-09-11 10:39:42.134,0,0.0,0.0,0,"{""event_name"": ""lock_acquired"", ""timestamp"": ""2026-09-11 10:39:42.134"", ""session_id"": 77, ""resource_type"": ""KEY"", ""mode"": ""X""}",77.0,0,0,KEY,X,UNKNOWN
lock_acquired,2026-09-11 10:39:42.134,0,0.0,0.0,0,"{""event_name"": ""lock_acquired"", ""timestamp"": ""2026-09-11 10:39:42.134"", ""session_id"": 83, ""resource_type"": ""OBJECT"", ""mode"": ""IX""}",83.0,0,0,OBJECT,IX,UNKNOWN
lock_acquired,2026-09-11 10:39:42.134,0,0.0,0.0,0,"{""event_name"": ""lock_acquired"", ""timestamp"": ""2026-09-11 10:39:42.134"", ""session_id"": 83, ""resource_type"": ""DATABASE"", ""mode"": ""S""}",83.0,0,0,DATABASE,S,UNKNOWN
lock_acquired,2026-09-11 10:39:42.134,0,0.0,0.0,0,"{""event_name"": ""lock_acquired"", ""timestamp"": ""2026-09-11 10:39:42.134"", ""session_id"": 79, ""resource_type"": ""DATABASE"", ""mode"": ""S""}",79.0,0,0,DATABASE,S,UNKNOWN
lock_acquired,2026-09-11 10:39:42.134,0,0.0,0.0,0,"{""event_name"": ""lock_acquired"", ""timestamp"": ""2026-09-11 10:39:42.134"", ""session_id"": 79, ""resource_type"": ""OBJECT"", ""mode"": ""IX""}",79.0,0,0,OBJECT,IX,UNKNOWN
lock_acquired,2026-09-11 10:39:42.134,0,0.0,0.0,0,"{""event_name"": ""lock_acquired"", ""timestamp"": ""2026-09-11 10:39:42.134"", ""session_id"": 82, ""resource_type"": ""OBJECT"", ""mode"": ""IX""}",82.0,0,0,OBJECT,IX,UNKNOWN
lock_acquired,2026-09-11 10:39:42.134,0,0.0,0.0,0,"{""event_name"": ""lock_acquired"", ""timestamp"": ""2026-09-11 10:39:42.134"", ""session_id"": 82, ""resource_type"": ""DATABASE"", ""mode"": ""S""}",82.0,0,0,DATABASE,S,UNKNOWN
lock_acquired,2026-09-11 10:39:42.134,0,0.0,0.0,0,"{""event_name"": ""lock_acquired"", ""timestamp"": ""2026-09-11 10:39:42.134"", ""session_id"": 83, ""resource_type"": ""PAGE"", ""mode"": ""IX""}",83.0,0,0,PAGE,IX,UNKNOWN
lock_acquired,2026-09-11 10:39:42.134,0,0.0,0.0,0,"{""event_name"": ""lock_acquired"", ""timestamp"": ""2026-09-11 10:39:42.134"", ""session_id"": 81, ""resource_type"": ""OBJECT"", ""mode"": ""IX""}",81.0,0,0,OBJECT,IX,UNKNOWN
lock_acquired,2026-09-11 10:39:42.134,0,0.0,0.0,0,"{""event_name"": ""lock_acquired"", ""timestamp"": ""2026-09-11 10:39:42.134"", ""session_id"": 81, ""resource_type"": ""DATABASE"", ""mode"": ""S""}",81.0,0,0,DATABASE,S,UNKNOWN
lock_acquired,2026-09-11 10:39:42.134,0,0.0,0.0,0,"{""event_name"": ""lock_acquired"", ""timestamp"": ""2026-09-11 10:39:42.134"", ""session_id"": 78, ""resource_type"": ""DATABASE"", ""mode"": ""S""}",78.0,0,0,DATABASE,S,UNKNOWN
lock_acquired,2026-09-11 10:39:42.134,0,0.0,0.0,0,"{""event_name"": ""lock_acquired"", ""timestamp"": ""2026-09-11 10:39:42.134"", ""session_id"": 78, ""resource_type"": ""OBJECT"", ""mode"": ""IX""}",78.0,0,0,OBJECT,IX,UNKNOWN
lock_acquired,2026-09-11 10:39:42.134,0,0.0,0.0,0,"{""event_name"": ""lock_acquired"", ""timestamp"": ""2026-09-11 10:39:42.134"", ""session_id"": 77, ""resource_type"": ""DATABASE"", ""mode"": ""S""}",77.0,0,0,DATABASE,S,UNKNOWN
lock_acquired,2026-09-11 10:39:42.134,0,0.0,0.0,0,"{""event_name"": ""lock_acquired"", ""timestamp"": ""2026-09-11 10:39:42.134"", ""session_id"": 79, ""resource_type"": ""PAGE"", ""mode"": ""IX""}",79.0,0,0,PAGE,IX,UNKNOWN
lock_acquired,2026-09-11 10:39:42.134,0,0.0,0.0,0,"{""event_name"": ""lock_acquired"", ""timestamp"": ""2026-09-11 10:39:42.134"", ""session_id"": 77, ""resource_type"": ""OBJECT"", ""mode"": ""IX""}",77.0,0,0,OBJECT,IX,UNKNOWN
lock_acquired,2026-09-11 10:39:42.134,0,0.0,0.0,0,"{""event_name"": ""lock_acquired"", ""timestamp"": ""2026-09-11 10:39:42.134"", ""session_id"": 82, ""resource_type"": ""PAGE"", ""mode"": ""IX""}",82.0,0,0,PAGE,IX,UNKNOWN
lock_acquired,2026-09-11 10:39:42.134,0,0.0,0.0,0,"{""event_name"": ""lock_acquired"", ""timestamp"": ""2026-09-11 10:39:42.134"", ""session_id"": 84, ""resource_type"": ""DATABASE"", ""mode"": ""S""}",84.0,0,0,DATABASE,S,UNKNOWN
lock_acquired,2026-09-11 10:39:42.134,0,0.0,0.0,0,"{""event_name"": ""lock_acquired"", ""timestamp"": ""2026-09-11 10:39:42.134"", ""session_id"": 84, ""resource_type"": ""OBJECT"", ""mode"": ""IX""}",84.0,0,0,OBJECT,IX,UNKNOWN
lock_acquired,2026-09-11 10:39:42.134,0,0.0,0.0,0,"{""event_name"": ""lock_acquired"", ""timestamp"": ""2026-09-11 10:39:42.134"", ""session_id"": 81, ""resource_type"": ""PAGE"", ""mode"": ""IX""}",81.0,0,0,PAGE,IX,UNKNOWN
lock_acquired,2026-09-11 10:39:42.134,0,0.0,0.0,0,"{""event_name"": ""lock_acquired"", ""timestamp"": ""2026-09-11 10:39:42.134"", ""session_id"": 78, ""resource_type"": ""PAGE"", ""mode"": ""IX""}",78.0,0,0,PAGE,IX,UNKNOWN
lock_acquired,2026-09-11 10:39:42.134,0,0.0,0.0,0,"{""event_name"": ""lock_acquired"", ""timestamp"": ""2026-09-11 10:39:42.134"", ""session_id"": 77, ""resource_type"": ""PAGE"", ""mode"": ""IX""}",77.0,0,0,PAGE,IX,UNKNOWN
lock_released,2026-09-11 10:39:42.134,0,0.0,0.0,0,"{""event_name"": ""lock_released"", ""timestamp"": ""2026-09-11 10:39:42.134"", ""session_id"": 76, ""resource_type"": ""PAGE"", ""mode"": ""IX""}",76.0,0,0,PAGE,IX,UNKNOWN
lock_released,2026-09-11 10:39:42.134,0,0.0,0.0,0,"{""event_name"": ""lock_released"", ""timestamp"": ""2026-09-11 10:39:42.134"", ""session_id"": 76, ""resource_type"": ""KEY"", ""mode"": ""X""}",76.0,0,0,KEY,X,UNKNOWN
lock_released,2026-09-11 10:39:42.134,0,0.0,0.0,0,"{""event_name"": ""lock_released"", ""timestamp"": ""2026-09-11 10:39:42.134"", ""session_id"": 76, ""resource_type"": ""OBJECT"", ""mode"": ""IX""}",76.0,0,0,OBJECT,IX,UNKNOWN
login,2026-09-11 10:39:57.242,SteelNort,0.0,0.0,0,"{""event_name"": ""login"", ""timestamp"": ""2026-09-11 10:39:57.242"", ""session_id"": 85, ""login_name"": ""795ec2146175\\Administrator"", ""program_name"": ""Microsoft SQL Server"", ""database_name"": ""SteelNort""}",85.0,795ec2146175\Administrator,Microsoft SQL Server,0,0,UNKNOWN
lock_acquired,2026-09-11 10:39:57.242,0,0.0,0.0,0,"{""event_name"": ""lock_acquired"", ""timestamp"": ""2026-09-11 10:39:57.242"", ""session_id"": 76, ""resource_type"": ""OBJECT"", ""mode"": ""IX""}",76.0,0,0,OBJECT,IX,UNKNOWN
lock_acquired,2026-09-11 10:39:57.242,0,0.0,0.0,0,"{""event_name"": ""lock_acquired"", ""timestamp"": ""2026-09-11 10:39:57.242"", ""session_id"": 76, ""resource_type"": ""PAGE"", ""mode"": ""S""}",76.0,0,0,PAGE,S,UNKNOWN
lock_released,2026-09-11 10:39:57.242,0,0.0,0.0,0,"{""event_name"": ""lock_released"", ""timestamp"": ""2026-09-11 10:39:57.242"", ""session_id"": 78, ""resource_type"": ""OBJECT"", ""mode"": ""IX""}",78.0,0,0,OBJECT,IX,UNKNOWN
lock_released,2026-09-11 10:39:57.242,0,0.0,0.0,0,"{""event_name"": ""lock_released"", ""timestamp"": ""2026-09-11 10:39:57.242"", ""session_id"": 84, ""resource_type"": ""PAGE"", ""mode"": ""IX""}",84.0,0,0,PAGE,IX,UNKNOWN
lock_released,2026-09-11 10:39:57.242,0,0.0,0.0,0,"{""event_name"": ""lock_released"", ""timestamp"": ""2026-09-11 10:39:57.242"", ""session_id"": 77, ""resource_type"": ""KEY"", ""mode"": ""X""}",77.0,0,0,KEY,X,UNKNOWN
lock_released,2026-09-11 10:39:57.242,0,0.0,0.0,0,"{""event_name"": ""lock_released"", ""timestamp"": ""2026-09-11 10:39:57.242"", ""session_id"": 79, ""resource_type"": ""OBJECT"", ""mode"": ""IX""}",79.0,0,0,OBJECT,IX,UNKNOWN
lock_released,2026-09-11 10:39:57.242,0,0.0,0.0,0,"{""event_name"": ""lock_released"", ""timestamp"": ""2026-09-11 10:39:57.242"", ""session_id"": 82, ""resource_type"": ""OBJECT"", ""mode"": ""IX""}",82.0,0,0,OBJECT,IX,UNKNOWN
lock_released,2026-09-11 10:39:57.242,0,0.0,0.0,0,"{""event_name"": ""lock_released"", ""timestamp"": ""2026-09-11 10:39:57.242"", ""session_id"": 83, ""resource_type"": ""OBJECT"", ""mode"": ""IX""}",83.0,0,0,OBJECT,IX,UNKNOWN
lock_released,2026-09-11 10:39:57.242,0,0.0,0.0,0,"{""event_name"": ""lock_released"", ""timestamp"": ""2026-09-11 10:39:57.242"", ""session_id"": 78, ""resource_type"": ""PAGE"", ""mode"": ""IX""}",78.0,0,0,PAGE,IX,UNKNOWN
lock_released,2026-09-11 10:39:57.242,0,0.0,0.0,0,"{""event_name"": ""lock_released"", ""timestamp"": ""2026-09-11 10:39:57.242"", ""session_id"": 79, ""resource_type"": ""PAGE"", ""mode"": ""IX""}",79.0,0,0,PAGE,IX,UNKNOWN
lock_released,2026-09-11 10:39:57.242,0,0.0,0.0,0,"{""event_name"": ""lock_released"", ""timestamp"": ""2026-09-11 10:39:57.242"", ""session_id"": 77, ""resource_type"": ""OBJECT"", ""mode"": ""IX""}",77.0,0,0,OBJECT,IX,UNKNOWN
lock_released,2026-09-11 10:39:57.242,0,0.0,0.0,0,"{""event_name"": ""lock_released"", ""timestamp"": ""2026-09-11 10:39:57.242"", ""session_id"": 83, ""resource_type"": ""PAGE"", ""mode"": ""IX""}",83.0,0,0,PAGE,IX,UNKNOWN
lock_released,2026-09-11 10:39:57.242,0,0.0,0.0,0,"{""event_name"": ""lock_released"", ""timestamp"": ""2026-09-11 10:39:57.242"", ""session_id"": 81, ""resource_type"": ""OBJECT"", ""mode"": ""IX""}",81.0,0,0,OBJECT,IX,UNKNOWN
lock_released,2026-09-11 10:39:57.242,0,0.0,0.0,0,"{""event_name"": ""lock_released"", ""timestamp"": ""2026-09-11 10:39:57.242"", ""session_id"": 77, ""resource_type"": ""PAGE"", ""mode"": ""IX""}",77.0,0,0,PAGE,IX,UNKNOWN
lock_released,2026-09-11 10:39:57.242,0,0.0,0.0,0,"{""event_name"": ""lock_released"", ""timestamp"": ""2026-09-11 10:39:57.242"", ""session_id"": 82, ""resource_type"": ""PAGE"", ""mode"": ""IX""}",82.0,0,0,PAGE,IX,UNKNOWN
lock_released,2026-09-11 10:39:57.242,0,0.0,0.0,0,"{""event_name"": ""lock_released"", ""timestamp"": ""2026-09-11 10:39:57.242"", ""session_id"": 84, ""resource_type"": ""OBJECT"", ""mode"": ""IX""}",84.0,0,0,OBJECT,IX,UNKNOWN
lock_released,2026-09-11 10:39:57.242,0,0.0,0.0,0,"{""event_name"": ""lock_released"", ""timestamp"": ""2026-09-11 10:39:57.242"", ""session_id"": 81, ""resource_type"": ""PAGE"", ""mode"": ""IX""}",81.0,0,0,PAGE,IX,UNKNOWN
logout,2026-09-11 10:40:02.279,0,0.0,0.0,0,"{""event_name"": ""logout"", ""timestamp"": ""2026-09-11 10:40:02.279"", ""session_id"": 85}",85.0,0,0,0,0,UNKNOWN
lock_released,2026-09-11 10:40:02.279,0,0.0,0.0,0,"{""event_name"": ""lock_released"", ""timestamp"": ""2026-09-11 10:40:02.279"", ""session_id"": 76, ""resource_type"": ""OBJECT"", ""mode"": ""IX""}",76.0,0,0,OBJECT,IX,UNKNOWN
lock_released,2026-09-11 10:40:02.279,0,0.0,0.0,0,"{""event_name"": ""lock_released"", ""timestamp"": ""2026-09-11 10:40:02.279"", ""session_id"": 76, ""resource_type"": ""PAGE"", ""mode"": ""S""}",76.0,0,0,PAGE,S,UNKNOWN
lock_acquired,2026-09-11 10:40:07.312,0,0.0,0.0,0,"{""event_name"": ""lock_acquired"", ""timestamp"": ""2026-09-11 10:40:07.312"", ""session_id"": 76, ""resource_type"": ""OBJECT"", ""mode"": ""IX""}",76.0,0,0,OBJECT,IX,UNKNOWN
lock_acquired,2026-09-11 10:40:07.312,0,0.0,0.0,0,"{""event_name"": ""lock_acquired"", ""timestamp"": ""2026-09-11 10:40:07.312"", ""session_id"": 76, ""resource_type"": ""PAGE"", ""mode"": ""S""}",76.0,0,0,PAGE,S,UNKNOWN
xml_deadlock_report,2026-09-11 10:40:12.367,SteelNort,13.0,1205.0,Deadlock detected,"{""event_name"": ""xml_deadlock_report"", ""timestamp"": ""2026-09-11 10:40:12.367"", ""database_name"": ""SteelNort"", ""severity"": 13, ""error_number"": 1205, ""message"": ""Deadlock detected""}",0.0,0,0,0,0,UNKNOWN
login,2026-09-11 10:40:12.367,SteelNort,0.0,0.0,0,"{""event_name"": ""login"", ""timestamp"": ""2026-09-11 10:40:12.367"", ""session_id"": 88, ""login_name"": ""sa"", ""program_name"": ""SteelNortCargaAnomalia"", ""database_name"": ""SteelNort""}",88.0,sa,SteelNortCargaAnomalia,0,0,UNKNOWN
login,2026-09-11 10:40:12.367,SteelNort,0.0,0.0,0,"{""event_name"": ""login"", ""timestamp"": ""2026-09-11 10:40:12.367"", ""session_id"": 85, ""login_name"": ""sa"", ""program_name"": ""SteelNortCargaAnomalia"", ""database_name"": ""SteelNort""}",85.0,sa,SteelNortCargaAnomalia,0,0,UNKNOWN
login,2026-09-11 10:40:12.367,SteelNort,0.0,0.0,0,"{""event_name"": ""login"", ""timestamp"": ""2026-09-11 10:40:12.367"", ""session_id"": 86, ""login_name"": ""sa"", ""program_name"": ""SteelNortCargaAnomalia"", ""database_name"": ""SteelNort""}",86.0,sa,SteelNortCargaAnomalia,0,0,UNKNOWN
login,2026-09-11 10:40:12.367,SteelNort,0.0,0.0,0,"{""event_name"": ""login"", ""timestamp"": ""2026-09-11 10:40:12.367"", ""session_id"": 87, ""login_name"": ""sa"", ""program_name"": ""SteelNortCargaAnomalia"", ""database_name"": ""SteelNort""}",87.0,sa,SteelNortCargaAnomalia,0,0,UNKNOWN
lock_acquired,2026-09-11 10:40:12.367,0,0.0,0.0,0,"{""event_name"": ""lock_acquired"", ""timestamp"": ""2026-09-11 10:40:12.367"", ""session_id"": 84, ""resource_type"": ""PAGE"", ""mode"": ""IX""}",84.0,0,0,PAGE,IX,UNKNOWN
lock_acquired,2026-09-11 10:40:12.367,0,0.0,0.0,0,"{""event_name"": ""lock_acquired"", ""timestamp"": ""2026-09-11 10:40:12.367"", ""session_id"": 77, ""resource_type"": ""KEY"", ""mode"": ""X""}",77.0,0,0,KEY,X,UNKNOWN
lock_acquired,2026-09-11 10:40:12.367,0,0.0,0.0,0,"{""event_name"": ""lock_acquired"", ""timestamp"": ""2026-09-11 10:40:12.367"", ""session_id"": 78, ""resource_type"": ""KEY"", ""mode"": ""X""}",78.0,0,0,KEY,X,UNKNOWN
lock_acquired,2026-09-11 10:40:12.367,0,0.0,0.0,0,"{""event_name"": ""lock_acquired"", ""timestamp"": ""2026-09-11 10:40:12.367"", ""session_id"": 85, ""resource_type"": ""PAGE"", ""mode"": ""IS""}",85.0,0,0,PAGE,IS,UNKNOWN
lock_acquired,2026-09-11 10:40:12.367,0,0.0,0.0,0,"{""event_name"": ""lock_acquired"", ""timestamp"": ""2026-09-11 10:40:12.367"", ""session_id"": 88, ""resource_type"": ""KEY"", ""mode"": ""X""}",88.0,0,0,KEY,X,UNKNOWN
lock_acquired,2026-09-11 10:40:12.367,0,0.0,0.0,0,"{""event_name"": ""lock_acquired"", ""timestamp"": ""2026-09-11 10:40:12.367"", ""session_id"": 86, ""resource_type"": ""PAGE"", ""mode"": ""IX""}",86.0,0,0,PAGE,IX,UNKNOWN
lock_acquired,2026-09-11 10:40:12.367,0,0.0,0.0,0,"{""event_name"": ""lock_acquired"", ""timestamp"": ""2026-09-11 10:40:12.367"", ""session_id"": 85, ""resource_type"": ""DATABASE"", ""mode"": ""S""}",85.0,0,0,DATABASE,S,UNKNOWN
lock_acquired,2026-09-11 10:40:12.367,0,0.0,0.0,0,"{""event_name"": ""lock_acquired"", ""timestamp"": ""2026-09-11 10:40:12.367"", ""session_id"": 87, ""resource_type"": ""PAGE"", ""mode"": ""IX""}",87.0,0,0,PAGE,IX,UNKNOWN
lock_acquired,2026-09-11 10:40:12.367,0,0.0,0.0,0,"{""event_name"": ""lock_acquired"", ""timestamp"": ""2026-09-11 10:40:12.367"", ""session_id"": 85, ""resource_type"": ""OBJECT"", ""mode"": ""IX""}",85.0,0,0,OBJECT,IX,UNKNOWN
lock_acquired,2026-09-11 10:40:12.367,0,0.0,0.0,0,"{""event_name"": ""lock_acquired"", ""timestamp"": ""2026-09-11 10:40:12.367"", ""session_id"": 84, ""resource_type"": ""KEY"", ""mode"": ""U""}",84.0,0,0,KEY,U,UNKNOWN
lock_acquired,2026-09-11 10:40:12.367,0,0.0,0.0,0,"{""event_name"": ""lock_acquired"", ""timestamp"": ""2026-09-11 10:40:12.367"", ""session_id"": 84, ""resource_type"": ""KEY"", ""mode"": ""X""}",84.0,0,0,KEY,X,UNKNOWN
lock_acquired,2026-09-11 10:40:12.367,0,0.0,0.0,0,"{""event_name"": ""lock_acquired"", ""timestamp"": ""2026-09-11 10:40:12.367"", ""session_id"": 79, ""resource_type"": ""OBJECT"", ""mode"": ""IX""}",79.0,0,0,OBJECT,IX,UNKNOWN
lock_acquired,2026-09-11 10:40:12.367,0,0.0,0.0,0,"{""event_name"": ""lock_acquired"", ""timestamp"": ""2026-09-11 10:40:12.367"", ""session_id"": 86, ""resource_type"": ""KEY"", ""mode"": ""X""}",86.0,0,0,KEY,X,UNKNOWN
lock_acquired,2026-09-11 10:40:12.367,0,0.0,0.0,0,"{""event_name"": ""lock_acquired"", ""timestamp"": ""2026-09-11 10:40:12.367"", ""session_id"": 87, ""resource_type"": ""KEY"", ""mode"": ""X""}",87.0,0,0,KEY,X,UNKNOWN
lock_acquired,2026-09-11 10:40:12.367,0,0.0,0.0,0,"{""event_name"": ""lock_acquired"", ""timestamp"": ""2026-09-11 10:40:12.367"", ""session_id"": 85, ""resource_type"": ""PAGE"", ""mode"": ""IX""}",85.0,0,0,PAGE,IX,UNKNOWN
lock_acquired,2026-09-11 10:40:12.367,0,0.0,0.0,0,"{""event_name"": ""lock_acquired"", ""timestamp"": ""2026-09-11 10:40:12.367"", ""session_id"": 88, ""resource_type"": ""OBJECT"", ""mode"": ""IX""}",88.0,0,0,OBJECT,IX,UNKNOWN
lock_acquired,2026-09-11 10:40:12.367,0,0.0,0.0,0,"{""event_name"": ""lock_acquired"", ""timestamp"": ""2026-09-11 10:40:12.367"", ""session_id"": 79, ""resource_type"": ""KEY"", ""mode"": ""S""}",79.0,0,0,KEY,S,UNKNOWN
lock_acquired,2026-09-11 10:40:12.367,0,0.0,0.0,0,"{""event_name"": ""lock_acquired"", ""timestamp"": ""2026-09-11 10:40:12.367"", ""session_id"": 78, ""resource_type"": ""OBJECT"", ""mode"": ""IX""}",78.0,0,0,OBJECT,IX,UNKNOWN
lock_acquired,2026-09-11 10:40:12.367,0,0.0,0.0,0,"{""event_name"": ""lock_acquired"", ""timestamp"": ""2026-09-11 10:40:12.367"", ""session_id"": 88, ""resource_type"": ""DATABASE"", ""mode"": ""S""}",88.0,0,0,DATABASE,S,UNKNOWN
lock_acquired,2026-09-11 10:40:12.367,0,0.0,0.0,0,"{""event_name"": ""lock_acquired"", ""timestamp"": ""2026-09-11 10:40:12.367"", ""session_id"": 88, ""resource_type"": ""PAGE"", ""mode"": ""IS""}",88.0,0,0,PAGE,IS,UNKNOWN
lock_acquired,2026-09-11 10:40:12.367,0,0.0,0.0,0,"{""event_name"": ""lock_acquired"", ""timestamp"": ""2026-09-11 10:40:12.367"", ""session_id"": 78, ""resource_type"": ""PAGE"", ""mode"": ""IS""}",78.0,0,0,PAGE,IS,UNKNOWN
lock_acquired,2026-09-11 10:40:12.367,0,0.0,0.0,0,"{""event_name"": ""lock_acquired"", ""timestamp"": ""2026-09-11 10:40:12.367"", ""session_id"": 79, ""resource_type"": ""PAGE"", ""mode"": ""IX""}",79.0,0,0,PAGE,IX,UNKNOWN
lock_acquired,2026-09-11 10:40:12.367,0,0.0,0.0,0,"{""event_name"": ""lock_acquired"", ""timestamp"": ""2026-09-11 10:40:12.367"", ""session_id"": 77, ""resource_type"": ""OBJECT"", ""mode"": ""IX""}",77.0,0,0,OBJECT,IX,UNKNOWN
lock_acquired,2026-09-11 10:40:12.367,0,0.0,0.0,0,"{""event_name"": ""lock_acquired"", ""timestamp"": ""2026-09-11 10:40:12.367"", ""session_id"": 77, ""resource_type"": ""PAGE"", ""mode"": ""IS""}",77.0,0,0,PAGE,IS,UNKNOWN
lock_acquired,2026-09-11 10:40:12.367,0,0.0,0.0,0,"{""event_name"": ""lock_acquired"", ""timestamp"": ""2026-09-11 10:40:12.367"", ""session_id"": 85, ""resource_type"": ""KEY"", ""mode"": ""X""}",85.0,0,0,KEY,X,UNKNOWN
lock_acquired,2026-09-11 10:40:12.367,0,0.0,0.0,0,"{""event_name"": ""lock_acquired"", ""timestamp"": ""2026-09-11 10:40:12.367"", ""session_id"": 84, ""resource_type"": ""OBJECT"", ""mode"": ""IX""}",84.0,0,0,OBJECT,IX,UNKNOWN
lock_acquired,2026-09-11 10:40:12.367,0,0.0,0.0,0,"{""event_name"": ""lock_acquired"", ""timestamp"": ""2026-09-11 10:40:12.367"", ""session_id"": 79, ""resource_type"": ""KEY"", ""mode"": ""X""}",79.0,0,0,KEY,X,UNKNOWN
lock_acquired,2026-09-11 10:40:12.367,0,0.0,0.0,0,"{""event_name"": ""lock_acquired"", ""timestamp"": ""2026-09-11 10:40:12.367"", ""session_id"": 79, ""resource_type"": ""PAGE"", ""mode"": ""IU""}",79.0,0,0,PAGE,IU,UNKNOWN
lock_acquired,2026-09-11 10:40:12.367,0,0.0,0.0,0,"{""event_name"": ""lock_acquired"", ""timestamp"": ""2026-09-11 10:40:12.367"", ""session_id"": 88, ""resource_type"": ""PAGE"", ""mode"": ""IX""}",88.0,0,0,PAGE,IX,UNKNOWN
lock_acquired,2026-09-11 10:40:12.367,0,0.0,0.0,0,"{""event_name"": ""lock_acquired"", ""timestamp"": ""2026-09-11 10:40:12.367"", ""session_id"": 86, ""resource_type"": ""OBJECT"", ""mode"": ""IX""}",86.0,0,0,OBJECT,IX,UNKNOWN
lock_acquired,2026-09-11 10:40:12.367,0,0.0,0.0,0,"{""event_name"": ""lock_acquired"", ""timestamp"": ""2026-09-11 10:40:12.367"", ""session_id"": 78, ""resource_type"": ""PAGE"", ""mode"": ""IX""}",78.0,0,0,PAGE,IX,UNKNOWN
lock_acquired,2026-09-11 10:40:12.367,0,0.0,0.0,0,"{""event_name"": ""lock_acquired"", ""timestamp"": ""2026-09-11 10:40:12.367"", ""session_id"": 86, ""resource_type"": ""DATABASE"", ""mode"": ""S""}",86.0,0,0,DATABASE,S,UNKNOWN
lock_acquired,2026-09-11 10:40:12.367,0,0.0,0.0,0,"{""event_name"": ""lock_acquired"", ""timestamp"": ""2026-09-11 10:40:12.367"", ""session_id"": 87, ""resource_type"": ""DATABASE"", ""mode"": ""S""}",87.0,0,0,DATABASE,S,UNKNOWN
lock_acquired,2026-09-11 10:40:12.367,0,0.0,0.0,0,"{""event_name"": ""lock_acquired"", ""timestamp"": ""2026-09-11 10:40:12.367"", ""session_id"": 86, ""resource_type"": ""PAGE"", ""mode"": ""IS""}",86.0,0,0,PAGE,IS,UNKNOWN
lock_acquired,2026-09-11 10:40:12.367,0,0.0,0.0,0,"{""event_name"": ""lock_acquired"", ""timestamp"": ""2026-09-11 10:40:12.367"", ""session_id"": 77, ""resource_type"": ""PAGE"", ""mode"": ""IX""}",77.0,0,0,PAGE,IX,UNKNOWN
lock_acquired,2026-09-11 10:40:12.367,0,0.0,0.0,0,"{""event_name"": ""lock_acquired"", ""timestamp"": ""2026-09-11 10:40:12.367"", ""session_id"": 87, ""resource_type"": ""OBJECT"", ""mode"": ""IX""}",87.0,0,0,OBJECT,IX,UNKNOWN
lock_acquired,2026-09-11 10:40:12.367,0,0.0,0.0,0,"{""event_name"": ""lock_acquired"", ""timestamp"": ""2026-09-11 10:40:12.367"", ""session_id"": 87, ""resource_type"": ""PAGE"", ""mode"": ""IS""}",87.0,0,0,PAGE,IS,UNKNOWN
lock_released,2026-09-11 10:40:12.367,0,0.0,0.0,0,"{""event_name"": ""lock_released"", ""timestamp"": ""2026-09-11 10:40:12.367"", ""session_id"": 76, ""resource_type"": ""OBJECT"", ""mode"": ""IX""}",76.0,0,0,OBJECT,IX,UNKNOWN
lock_released,2026-09-11 10:40:12.367,0,0.0,0.0,0,"{""event_name"": ""lock_released"", ""timestamp"": ""2026-09-11 10:40:12.367"", ""session_id"": 76, ""resource_type"": ""PAGE"", ""mode"": ""S""}",76.0,0,0,PAGE,S,UNKNOWN
xml_deadlock_report,2026-09-11 10:40:17.394,SteelNort,13.0,1205.0,Deadlock detected,"{""event_name"": ""xml_deadlock_report"", ""timestamp"": ""2026-09-11 10:40:17.394"", ""database_name"": ""SteelNort"", ""severity"": 13, ""error_number"": 1205, ""message"": ""Deadlock detected""}",0.0,0,0,0,0,UNKNOWN
lock_acquired,2026-09-11 10:40:17.394,0,0.0,0.0,0,"{""event_name"": ""lock_acquired"", ""timestamp"": ""2026-09-11 10:40:17.394"", ""session_id"": 88, ""resource_type"": ""PAGE"", ""mode"": ""IU""}",88.0,0,0,PAGE,IU,UNKNOWN
lock_acquired,2026-09-11 10:40:17.394,0,0.0,0.0,0,"{""event_name"": ""lock_acquired"", ""timestamp"": ""2026-09-11 10:40:17.394"", ""session_id"": 85, ""resource_type"": ""PAGE"", ""mode"": ""IU""}",85.0,0,0,PAGE,IU,UNKNOWN
lock_acquired,2026-09-11 10:40:17.394,0,0.0,0.0,0,"{""event_name"": ""lock_acquired"", ""timestamp"": ""2026-09-11 10:40:17.394"", ""session_id"": 77, ""resource_type"": ""PAGE"", ""mode"": ""IU""}",77.0,0,0,PAGE,IU,UNKNOWN
lock_acquired,2026-09-11 10:40:17.394,0,0.0,0.0,0,"{""event_name"": ""lock_acquired"", ""timestamp"": ""2026-09-11 10:40:17.394"", ""session_id"": 77, ""resource_type"": ""KEY"", ""mode"": ""S""}",77.0,0,0,KEY,S,UNKNOWN
lock_acquired,2026-09-11 10:40:17.394,0,0.0,0.0,0,"{""event_name"": ""lock_acquired"", ""timestamp"": ""2026-09-11 10:40:17.394"", ""session_id"": 86, ""resource_type"": ""PAGE"", ""mode"": ""IU""}",86.0,0,0,PAGE,IU,UNKNOWN
lock_acquired,2026-09-11 10:40:17.394,0,0.0,0.0,0,"{""event_name"": ""lock_acquired"", ""timestamp"": ""2026-09-11 10:40:17.394"", ""session_id"": 86, ""resource_type"": ""KEY"", ""mode"": ""S""}",86.0,0,0,KEY,S,UNKNOWN
lock_acquired,2026-09-11 10:40:17.394,0,0.0,0.0,0,"{""event_name"": ""lock_acquired"", ""timestamp"": ""2026-09-11 10:40:17.394"", ""session_id"": 78, ""resource_type"": ""KEY"", ""mode"": ""S""}",78.0,0,0,KEY,S,UNKNOWN
lock_acquired,2026-09-11 10:40:17.394,0,0.0,0.0,0,"{""event_name"": ""lock_acquired"", ""timestamp"": ""2026-09-11 10:40:17.394"", ""session_id"": 87, ""resource_type"": ""KEY"", ""mode"": ""S""}",87.0,0,0,KEY,S,UNKNOWN
lock_acquired,2026-09-11 10:40:17.394,0,0.0,0.0,0,"{""event_name"": ""lock_acquired"", ""timestamp"": ""2026-09-11 10:40:17.394"", ""session_id"": 87, ""resource_type"": ""PAGE"", ""mode"": ""IU""}",87.0,0,0,PAGE,IU,UNKNOWN
lock_acquired,2026-09-11 10:40:17.394,0,0.0,0.0,0,"{""event_name"": ""lock_acquired"", ""timestamp"": ""2026-09-11 10:40:17.394"", ""session_id"": 88, ""resource_type"": ""KEY"", ""mode"": ""S""}",88.0,0,0,KEY,S,UNKNOWN
lock_acquired,2026-09-11 10:40:17.394,0,0.0,0.0,0,"{""event_name"": ""lock_acquired"", ""timestamp"": ""2026-09-11 10:40:17.394"", ""session_id"": 79, ""resource_type"": ""KEY"", ""mode"": ""U""}",79.0,0,0,KEY,U,UNKNOWN
lock_acquired,2026-09-11 10:40:17.394,0,0.0,0.0,0,"{""event_name"": ""lock_acquired"", ""timestamp"": ""2026-09-11 10:40:17.394"", ""session_id"": 85, ""resource_type"": ""KEY"", ""mode"": ""S""}",85.0,0,0,KEY,S,UNKNOWN
lock_acquired,2026-09-11 10:40:17.394,0,0.0,0.0,0,"{""event_name"": ""lock_acquired"", ""timestamp"": ""2026-09-11 10:40:17.394"", ""session_id"": 78, ""resource_type"": ""PAGE"", ""mode"": ""IU""}",78.0,0,0,PAGE,IU,UNKNOWN
lock_acquired,2026-09-11 10:40:17.394,0,0.0,0.0,0,"{""event_name"": ""lock_acquired"", ""timestamp"": ""2026-09-11 10:40:17.394"", ""session_id"": 84, ""resource_type"": ""PAGE"", ""mode"": ""IS""}",84.0,0,0,PAGE,IS,UNKNOWN
lock_released,2026-09-11 10:40:17.394,0,0.0,0.0,0,"{""event_name"": ""lock_released"", ""timestamp"": ""2026-09-11 10:40:17.394"", ""session_id"": 88, ""resource_type"": ""PAGE"", ""mode"": ""IS""}",88.0,0,0,PAGE,IS,UNKNOWN
lock_released,2026-09-11 10:40:17.394,0,0.0,0.0,0,"{""event_name"": ""lock_released"", ""timestamp"": ""2026-09-11 10:40:17.394"", ""session_id"": 78, ""resource_type"": ""PAGE"", ""mode"": ""IS""}",78.0,0,0,PAGE,IS,UNKNOWN
lock_released,2026-09-11 10:40:17.394,0,0.0,0.0,0,"{""event_name"": ""lock_released"", ""timestamp"": ""2026-09-11 10:40:17.394"", ""session_id"": 85, ""resource_type"": ""PAGE"", ""mode"": ""IS""}",85.0,0,0,PAGE,IS,UNKNOWN
lock_released,2026-09-11 10:40:17.394,0,0.0,0.0,0,"{""event_name"": ""lock_released"", ""timestamp"": ""2026-09-11 10:40:17.394"", ""session_id"": 77, ""resource_type"": ""PAGE"", ""mode"": ""IS""}",77.0,0,0,PAGE,IS,UNKNOWN
lock_released,2026-09-11 10:40:17.394,0,0.0,0.0,0,"{""event_name"": ""lock_released"", ""timestamp"": ""2026-09-11 10:40:17.394"", ""session_id"": 86, ""resource_type"": ""PAGE"", ""mode"": ""IS""}",86.0,0,0,PAGE,IS,UNKNOWN
lock_released,2026-09-11 10:40:17.394,0,0.0,0.0,0,"{""event_name"": ""lock_released"", ""timestamp"": ""2026-09-11 10:40:17.394"", ""session_id"": 87, ""resource_type"": ""PAGE"", ""mode"": ""IS""}",87.0,0,0,PAGE,IS,UNKNOWN
lock_released,2026-09-11 10:40:17.394,0,0.0,0.0,0,"{""event_name"": ""lock_released"", ""timestamp"": ""2026-09-11 10:40:17.394"", ""session_id"": 79, ""resource_type"": ""PAGE"", ""mode"": ""IU""}",79.0,0,0,PAGE,IU,UNKNOWN
lock_released,2026-09-11 10:40:17.394,0,0.0,0.0,0,"{""event_name"": ""lock_released"", ""timestamp"": ""2026-09-11 10:40:17.394"", ""session_id"": 84, ""resource_type"": ""KEY"", ""mode"": ""U""}",84.0,0,0,KEY,U,UNKNOWN
lock_released,2026-09-11 10:40:17.394,0,0.0,0.0,0,"{""event_name"": ""lock_released"", ""timestamp"": ""2026-09-11 10:40:17.394"", ""session_id"": 79, ""resource_type"": ""KEY"", ""mode"": ""S""}",79.0,0,0,KEY,S,UNKNOWN
xml_deadlock_report,2026-09-11 10:40:22.416,SteelNort,13.0,1205.0,Deadlock detected,"{""event_name"": ""xml_deadlock_report"", ""timestamp"": ""2026-09-11 10:40:22.416"", ""database_name"": ""SteelNort"", ""severity"": 13, ""error_number"": 1205, ""message"": ""Deadlock detected""}",0.0,0,0,0,0,UNKNOWN
xml_deadlock_report,2026-09-11 10:40:22.416,SteelNort,13.0,1205.0,Deadlock detected,"{""event_name"": ""xml_deadlock_report"", ""timestamp"": ""2026-09-11 10:40:22.416"", ""database_name"": ""SteelNort"", ""severity"": 13, ""error_number"": 1205, ""message"": ""Deadlock detected""}",0.0,0,0,0,0,UNKNOWN
xml_deadlock_report,2026-09-11 10:40:22.416,SteelNort,13.0,1205.0,Deadlock detected,"{""event_name"": ""xml_deadlock_report"", ""timestamp"": ""2026-09-11 10:40:22.416"", ""database_name"": ""SteelNort"", ""severity"": 13, ""error_number"": 1205, ""message"": ""Deadlock detected""}",0.0,0,0,0,0,UNKNOWN
xml_deadlock_report,2026-09-11 10:40:22.416,SteelNort,13.0,1205.0,Deadlock detected,"{""event_name"": ""xml_deadlock_report"", ""timestamp"": ""2026-09-11 10:40:22.416"", ""database_name"": ""SteelNort"", ""severity"": 13, ""error_number"": 1205, ""message"": ""Deadlock detected""}",0.0,0,0,0,0,UNKNOWN
xml_deadlock_report,2026-09-11 10:40:22.416,SteelNort,13.0,1205.0,Deadlock detected,"{""event_name"": ""xml_deadlock_report"", ""timestamp"": ""2026-09-11 10:40:22.416"", ""database_name"": ""SteelNort"", ""severity"": 13, ""error_number"": 1205, ""message"": ""Deadlock detected""}",0.0,0,0,0,0,UNKNOWN
xml_deadlock_report,2026-09-11 10:40:22.416,SteelNort,13.0,1205.0,Deadlock detected,"{""event_name"": ""xml_deadlock_report"", ""timestamp"": ""2026-09-11 10:40:22.416"", ""database_name"": ""SteelNort"", ""severity"": 13, ""error_number"": 1205, ""message"": ""Deadlock detected""}",0.0,0,0,0,0,UNKNOWN
xml_deadlock_report,2026-09-11 10:40:22.416,SteelNort,13.0,1205.0,Deadlock detected,"{""event_name"": ""xml_deadlock_report"", ""timestamp"": ""2026-09-11 10:40:22.416"", ""database_name"": ""SteelNort"", ""severity"": 13, ""error_number"": 1205, ""message"": ""Deadlock detected""}",0.0,0,0,0,0,UNKNOWN
xml_deadlock_report,2026-09-11 10:40:22.416,SteelNort,13.0,1205.0,Deadlock detected,"{""event_name"": ""xml_deadlock_report"", ""timestamp"": ""2026-09-11 10:40:22.416"", ""database_name"": ""SteelNort"", ""severity"": 13, ""error_number"": 1205, ""message"": ""Deadlock detected""}",0.0,0,0,0,0,UNKNOWN
xml_deadlock_report,2026-09-11 10:40:22.416,SteelNort,13.0,1205.0,Deadlock detected,"{""event_name"": ""xml_deadlock_report"", ""timestamp"": ""2026-09-11 10:40:22.416"", ""database_name"": ""SteelNort"", ""severity"": 13, ""error_number"": 1205, ""message"": ""Deadlock detected""}",0.0,0,0,0,0,UNKNOWN
xml_deadlock_report,2026-09-11 10:40:22.416,SteelNort,13.0,1205.0,Deadlock detected,"{""event_name"": ""xml_deadlock_report"", ""timestamp"": ""2026-09-11 10:40:22.416"", ""database_name"": ""SteelNort"", ""severity"": 13, ""error_number"": 1205, ""message"": ""Deadlock detected""}",0.0,0,0,0,0,UNKNOWN
lock_acquired,2026-09-11 10:40:22.416,0,0.0,0.0,0,"{""event_name"": ""lock_acquired"", ""timestamp"": ""2026-09-11 10:40:22.416"", ""session_id"": 88, ""resource_type"": ""PAGE"", ""mode"": ""IS""}",88.0,0,0,PAGE,IS,UNKNOWN
lock_acquired,2026-09-11 10:40:22.416,0,0.0,0.0,0,"{""event_name"": ""lock_acquired"", ""timestamp"": ""2026-09-11 10:40:22.416"", ""session_id"": 78, ""resource_type"": ""PAGE"", ""mode"": ""IS""}",78.0,0,0,PAGE,IS,UNKNOWN
lock_acquired,2026-09-11 10:40:22.416,0,0.0,0.0,0,"{""event_name"": ""lock_acquired"", ""timestamp"": ""2026-09-11 10:40:22.416"", ""session_id"": 84, ""resource_type"": ""KEY"", ""mode"": ""S""}",84.0,0,0,KEY,S,UNKNOWN
lock_acquired,2026-09-11 10:40:22.416,0,0.0,0.0,0,"{""event_name"": ""lock_acquired"", ""timestamp"": ""2026-09-11 10:40:22.416"", ""session_id"": 85, ""resource_type"": ""PAGE"", ""mode"": ""IS""}",85.0,0,0,PAGE,IS,UNKNOWN
lock_acquired,2026-09-11 10:40:22.416,0,0.0,0.0,0,"{""event_name"": ""lock_acquired"", ""timestamp"": ""2026-09-11 10:40:22.416"", ""session_id"": 77, ""resource_type"": ""PAGE"", ""mode"": ""IS""}",77.0,0,0,PAGE,IS,UNKNOWN
lock_acquired,2026-09-11 10:40:22.416,0,0.0,0.0,0,"{""event_name"": ""lock_acquired"", ""timestamp"": ""2026-09-11 10:40:22.416"", ""session_id"": 87, ""resource_type"": ""PAGE"", ""mode"": ""IS""}",87.0,0,0,PAGE,IS,UNKNOWN
lock_acquired,2026-09-11 10:40:22.416,0,0.0,0.0,0,"{""event_name"": ""lock_acquired"", ""timestamp"": ""2026-09-11 10:40:22.416"", ""session_id"": 84, ""resource_type"": ""PAGE"", ""mode"": ""IU""}",84.0,0,0,PAGE,IU,UNKNOWN
lock_acquired,2026-09-11 10:40:22.416,0,0.0,0.0,0,"{""event_name"": ""lock_acquired"", ""timestamp"": ""2026-09-11 10:40:22.416"", ""session_id"": 86, ""resource_type"": ""KEY"", ""mode"": ""U""}",86.0,0,0,KEY,U,UNKNOWN
lock_acquired,2026-09-11 10:40:22.416,0,0.0,0.0,0,"{""event_name"": ""lock_acquired"", ""timestamp"": ""2026-09-11 10:40:22.416"", ""session_id"": 79, ""resource_type"": ""PAGE"", ""mode"": ""IU""}",79.0,0,0,PAGE,IU,UNKNOWN
lock_acquired,2026-09-11 10:40:22.416,0,0.0,0.0,0,"{""event_name"": ""lock_acquired"", ""timestamp"": ""2026-09-11 10:40:22.416"", ""session_id"": 79, ""resource_type"": ""KEY"", ""mode"": ""S""}",79.0,0,0,KEY,S,UNKNOWN
lock_released,2026-09-11 10:40:22.416,0,0.0,0.0,0,"{""event_name"": ""lock_released"", ""timestamp"": ""2026-09-11 10:40:22.416"", ""session_id"": 88, ""resource_type"": ""PAGE"", ""mode"": ""IU""}",88.0,0,0,PAGE,IU,UNKNOWN
lock_released,2026-09-11 10:40:22.416,0,0.0,0.0,0,"{""event_name"": ""lock_released"", ""timestamp"": ""2026-09-11 10:40:22.416"", ""session_id"": 85, ""resource_type"": ""PAGE"", ""mode"": ""IU""}",85.0,0,0,PAGE,IU,UNKNOWN
lock_released,2026-09-11 10:40:22.416,0,0.0,0.0,0,"{""event_name"": ""lock_released"", ""timestamp"": ""2026-09-11 10:40:22.416"", ""session_id"": 77, ""resource_type"": ""PAGE"", ""mode"": ""IU""}",77.0,0,0,PAGE,IU,UNKNOWN
lock_released,2026-09-11 10:40:22.416,0,0.0,0.0,0,"{""event_name"": ""lock_released"", ""timestamp"": ""2026-09-11 10:40:22.416"", ""session_id"": 77, ""resource_type"": ""KEY"", ""mode"": ""S""}",77.0,0,0,KEY,S,UNKNOWN
lock_released,2026-09-11 10:40:22.416,0,0.0,0.0,0,"{""event_name"": ""lock_released"", ""timestamp"": ""2026-09-11 10:40:22.416"", ""session_id"": 86, ""resource_type"": ""PAGE"", ""mode"": ""IU""}",86.0,0,0,PAGE,IU,UNKNOWN
lock_released,2026-09-11 10:40:22.416,0,0.0,0.0,0,"{""event_name"": ""lock_released"", ""timestamp"": ""2026-09-11 10:40:22.416"", ""session_id"": 86, ""resource_type"": ""KEY"", ""mode"": ""S""}",86.0,0,0,KEY,S,UNKNOWN
lock_released,2026-09-11 10:40:22.416,0,0.0,0.0,0,"{""event_name"": ""lock_released"", ""timestamp"": ""2026-09-11 10:40:22.416"", ""session_id"": 78, ""resource_type"": ""KEY"", ""mode"": ""S""}",78.0,0,0,KEY,S,UNKNOWN
lock_released,2026-09-11 10:40:22.416,0,0.0,0.0,0,"{""event_name"": ""lock_released"", ""timestamp"": ""2026-09-11 10:40:22.416"", ""session_id"": 87, ""resource_type"": ""KEY"", ""mode"": ""S""}",87.0,0,0,KEY,S,UNKNOWN
lock_released,2026-09-11 10:40:22.416,0,0.0,0.0,0,"{""event_name"": ""lock_released"", ""timestamp"": ""2026-09-11 10:40:22.416"", ""session_id"": 87, ""resource_type"": ""PAGE"", ""mode"": ""IU""}",87.0,0,0,PAGE,IU,UNKNOWN
lock_released,2026-09-11 10:40:22.416,0,0.0,0.0,0,"{""event_name"": ""lock_released"", ""timestamp"": ""2026-09-11 10:40:22.416"", ""session_id"": 88, ""resource_type"": ""KEY"", ""mode"": ""S""}",88.0,0,0,KEY,S,UNKNOWN
lock_released,2026-09-11 10:40:22.416,0,0.0,0.0,0,"{""event_name"": ""lock_released"", ""timestamp"": ""2026-09-11 10:40:22.416"", ""session_id"": 79, ""resource_type"": ""KEY"", ""mode"": ""U""}",79.0,0,0,KEY,U,UNKNOWN
lock_released,2026-09-11 10:40:22.416,0,0.0,0.0,0,"{""event_name"": ""lock_released"", ""timestamp"": ""2026-09-11 10:40:22.416"", ""session_id"": 85, ""resource_type"": ""KEY"", ""mode"": ""S""}",85.0,0,0,KEY,S,UNKNOWN
lock_released,2026-09-11 10:40:22.416,0,0.0,0.0,0,"{""event_name"": ""lock_released"", ""timestamp"": ""2026-09-11 10:40:22.416"", ""session_id"": 78, ""resource_type"": ""PAGE"", ""mode"": ""IU""}",78.0,0,0,PAGE,IU,UNKNOWN
lock_released,2026-09-11 10:40:22.416,0,0.0,0.0,0,"{""event_name"": ""lock_released"", ""timestamp"": ""2026-09-11 10:40:22.416"", ""session_id"": 84, ""resource_type"": ""PAGE"", ""mode"": ""IS""}",84.0,0,0,PAGE,IS,UNKNOWN
xml_deadlock_report,2026-09-11 10:40:27.452,SteelNort,13.0,1205.0,Deadlock detected,"{""event_name"": ""xml_deadlock_report"", ""timestamp"": ""2026-09-11 10:40:27.452"", ""database_name"": ""SteelNort"", ""severity"": 13, ""error_number"": 1205, ""message"": ""Deadlock detected""}",0.0,0,0,0,0,UNKNOWN
xml_deadlock_report,2026-09-11 10:40:27.452,SteelNort,13.0,1205.0,Deadlock detected,"{""event_name"": ""xml_deadlock_report"", ""timestamp"": ""2026-09-11 10:40:27.452"", ""database_name"": ""SteelNort"", ""severity"": 13, ""error_number"": 1205, ""message"": ""Deadlock detected""}",0.0,0,0,0,0,UNKNOWN
xml_deadlock_report,2026-09-11 10:40:27.452,SteelNort,13.0,1205.0,Deadlock detected,"{""event_name"": ""xml_deadlock_report"", ""timestamp"": ""2026-09-11 10:40:27.452"", ""database_name"": ""SteelNort"", ""severity"": 13, ""error_number"": 1205, ""message"": ""Deadlock detected""}",0.0,0,0,0,0,UNKNOWN
xml_deadlock_report,2026-09-11 10:40:27.452,SteelNort,13.0,1205.0,Deadlock detected,"{""event_name"": ""xml_deadlock_report"", ""timestamp"": ""2026-09-11 10:40:27.452"", ""database_name"": ""SteelNort"", ""severity"": 13, ""error_number"": 1205, ""message"": ""Deadlock detected""}",0.0,0,0,0,0,UNKNOWN
xml_deadlock_report,2026-09-11 10:40:27.452,SteelNort,13.0,1205.0,Deadlock detected,"{""event_name"": ""xml_deadlock_report"", ""timestamp"": ""2026-09-11 10:40:27.452"", ""database_name"": ""SteelNort"", ""severity"": 13, ""error_number"": 1205, ""message"": ""Deadlock detected""}",0.0,0,0,0,0,UNKNOWN
xml_deadlock_report,2026-09-11 10:40:27.452,SteelNort,13.0,1205.0,Deadlock detected,"{""event_name"": ""xml_deadlock_report"", ""timestamp"": ""2026-09-11 10:40:27.452"", ""database_name"": ""SteelNort"", ""severity"": 13, ""error_number"": 1205, ""message"": ""Deadlock detected""}",0.0,0,0,0,0,UNKNOWN
xml_deadlock_report,2026-09-11 10:40:27.452,SteelNort,13.0,1205.0,Deadlock detected,"{""event_name"": ""xml_deadlock_report"", ""timestamp"": ""2026-09-11 10:40:27.452"", ""database_name"": ""SteelNort"", ""severity"": 13, ""error_number"": 1205, ""message"": ""Deadlock detected""}",0.0,0,0,0,0,UNKNOWN
xml_deadlock_report,2026-09-11 10:40:27.452,SteelNort,13.0,1205.0,Deadlock detected,"{""event_name"": ""xml_deadlock_report"", ""timestamp"": ""2026-09-11 10:40:27.452"", ""database_name"": ""SteelNort"", ""severity"": 13, ""error_number"": 1205, ""message"": ""Deadlock detected""}",0.0,0,0,0,0,UNKNOWN
xml_deadlock_report,2026-09-11 10:40:27.452,SteelNort,13.0,1205.0,Deadlock detected,"{""event_name"": ""xml_deadlock_report"", ""timestamp"": ""2026-09-11 10:40:27.452"", ""database_name"": ""SteelNort"", ""severity"": 13, ""error_number"": 1205, ""message"": ""Deadlock detected""}",0.0,0,0,0,0,UNKNOWN
xml_deadlock_report,2026-09-11 10:40:27.452,SteelNort,13.0,1205.0,Deadlock detected,"{""event_name"": ""xml_deadlock_report"", ""timestamp"": ""2026-09-11 10:40:27.452"", ""database_name"": ""SteelNort"", ""severity"": 13, ""error_number"": 1205, ""message"": ""Deadlock detected""}",0.0,0,0,0,0,UNKNOWN
xml_deadlock_report,2026-09-11 10:40:27.452,SteelNort,13.0,1205.0,Deadlock detected,"{""event_name"": ""xml_deadlock_report"", ""timestamp"": ""2026-09-11 10:40:27.452"", ""database_name"": ""SteelNort"", ""severity"": 13, ""error_number"": 1205, ""message"": ""Deadlock detected""}",0.0,0,0,0,0,UNKNOWN
xml_deadlock_report,2026-09-11 10:40:27.452,SteelNort,13.0,1205.0,Deadlock detected,"{""event_name"": ""xml_deadlock_report"", ""timestamp"": ""2026-09-11 10:40:27.452"", ""database_name"": ""SteelNort"", ""severity"": 13, ""error_number"": 1205, ""message"": ""Deadlock detected""}",0.0,0,0,0,0,UNKNOWN
xml_deadlock_report,2026-09-11 10:40:27.452,SteelNort,13.0,1205.0,Deadlock detected,"{""event_name"": ""xml_deadlock_report"", ""timestamp"": ""2026-09-11 10:40:27.452"", ""database_name"": ""SteelNort"", ""severity"": 13, ""error_number"": 1205, ""message"": ""Deadlock detected""}",0.0,0,0,0,0,UNKNOWN
xml_deadlock_report,2026-09-11 10:40:27.452,SteelNort,13.0,1205.0,Deadlock detected,"{""event_name"": ""xml_deadlock_report"", ""timestamp"": ""2026-09-11 10:40:27.452"", ""database_name"": ""SteelNort"", ""severity"": 13, ""error_number"": 1205, ""message"": ""Deadlock detected""}",0.0,0,0,0,0,UNKNOWN
xml_deadlock_report,2026-09-11 10:40:27.452,SteelNort,13.0,1205.0,Deadlock detected,"{""event_name"": ""xml_deadlock_report"", ""timestamp"": ""2026-09-11 10:40:27.452"", ""database_name"": ""SteelNort"", ""severity"": 13, ""error_number"": 1205, ""message"": ""Deadlock detected""}",0.0,0,0,0,0,UNKNOWN
xml_deadlock_report,2026-09-11 10:40:27.452,SteelNort,13.0,1205.0,Deadlock detected,"{""event_name"": ""xml_deadlock_report"", ""timestamp"": ""2026-09-11 10:40:27.452"", ""database_name"": ""SteelNort"", ""severity"": 13, ""error_number"": 1205, ""message"": ""Deadlock detected""}",0.0,0,0,0,0,UNKNOWN
xml_deadlock_report,2026-09-11 10:40:27.452,SteelNort,13.0,1205.0,Deadlock detected,"{""event_name"": ""xml_deadlock_report"", ""timestamp"": ""2026-09-11 10:40:27.452"", ""database_name"": ""SteelNort"", ""severity"": 13, ""error_number"": 1205, ""message"": ""Deadlock detected""}",0.0,0,0,0,0,UNKNOWN
xml_deadlock_report,2026-09-11 10:40:27.452,SteelNort,13.0,1205.0,Deadlock detected,"{""event_name"": ""xml_deadlock_report"", ""timestamp"": ""2026-09-11 10:40:27.452"", ""database_name"": ""SteelNort"", ""severity"": 13, ""error_number"": 1205, ""message"": ""Deadlock detected""}",0.0,0,0,0,0,UNKNOWN
xml_deadlock_report,2026-09-11 10:40:27.452,SteelNort,13.0,1205.0,Deadlock detected,"{""event_name"": ""xml_deadlock_report"", ""timestamp"": ""2026-09-11 10:40:27.452"", ""database_name"": ""SteelNort"", ""severity"": 13, ""error_number"": 1205, ""message"": ""Deadlock detected""}",0.0,0,0,0,0,UNKNOWN
xml_deadlock_report,2026-09-11 10:40:27.452,SteelNort,13.0,1205.0,Deadlock detected,"{""event_name"": ""xml_deadlock_report"", ""timestamp"": ""2026-09-11 10:40:27.452"", ""database_name"": ""SteelNort"", ""severity"": 13, ""error_number"": 1205, ""message"": ""Deadlock detected""}",0.0,0,0,0,0,UNKNOWN
xml_deadlock_report,2026-09-11 10:40:27.452,SteelNort,13.0,1205.0,Deadlock detected,"{""event_name"": ""xml_deadlock_report"", ""timestamp"": ""2026-09-11 10:40:27.452"", ""database_name"": ""SteelNort"", ""severity"": 13, ""error_number"": 1205, ""message"": ""Deadlock detected""}",0.0,0,0,0,0,UNKNOWN
xml_deadlock_report,2026-09-11 10:40:27.452,SteelNort,13.0,1205.0,Deadlock detected,"{""event_name"": ""xml_deadlock_report"", ""timestamp"": ""2026-09-11 10:40:27.452"", ""database_name"": ""SteelNort"", ""severity"": 13, ""error_number"": 1205, ""message"": ""Deadlock detected""}",0.0,0,0,0,0,UNKNOWN
xml_deadlock_report,2026-09-11 10:40:27.452,SteelNort,13.0,1205.0,Deadlock detected,"{""event_name"": ""xml_deadlock_report"", ""timestamp"": ""2026-09-11 10:40:27.452"", ""database_name"": ""SteelNort"", ""severity"": 13, ""error_number"": 1205, ""message"": ""Deadlock detected""}",0.0,0,0,0,0,UNKNOWN
xml_deadlock_report,2026-09-11 10:40:27.452,SteelNort,13.0,1205.0,Deadlock detected,"{""event_name"": ""xml_deadlock_report"", ""timestamp"": ""2026-09-11 10:40:27.452"", ""database_name"": ""SteelNort"", ""severity"": 13, ""error_number"": 1205, ""message"": ""Deadlock detected""}",0.0,0,0,0,0,UNKNOWN
xml_deadlock_report,2026-09-11 10:40:27.452,SteelNort,13.0,1205.0,Deadlock detected,"{""event_name"": ""xml_deadlock_report"", ""timestamp"": ""2026-09-11 10:40:27.452"", ""database_name"": ""SteelNort"", ""severity"": 13, ""error_number"": 1205, ""message"": ""Deadlock detected""}",0.0,0,0,0,0,UNKNOWN
xml_deadlock_report,2026-09-11 10:40:27.452,SteelNort,13.0,1205.0,Deadlock detected,"{""event_name"": ""xml_deadlock_report"", ""timestamp"": ""2026-09-11 10:40:27.452"", ""database_name"": ""SteelNort"", ""severity"": 13, ""error_number"": 1205, ""message"": ""Deadlock detected""}",0.0,0,0,0,0,UNKNOWN
xml_deadlock_report,2026-09-11 10:40:27.452,SteelNort,13.0,1205.0,Deadlock detected,"{""event_name"": ""xml_deadlock_report"", ""timestamp"": ""2026-09-11 10:40:27.452"", ""database_name"": ""SteelNort"", ""severity"": 13, ""error_number"": 1205, ""message"": ""Deadlock detected""}",0.0,0,0,0,0,UNKNOWN
xml_deadlock_report,2026-09-11 10:40:27.452,SteelNort,13.0,1205.0,Deadlock detected,"{""event_name"": ""xml_deadlock_report"", ""timestamp"": ""2026-09-11 10:40:27.452"", ""database_name"": ""SteelNort"", ""severity"": 13, ""error_number"": 1205, ""message"": ""Deadlock detected""}",0.0,0,0,0,0,UNKNOWN
xml_deadlock_report,2026-09-11 10:40:27.452,SteelNort,13.0,1205.0,Deadlock detected,"{""event_name"": ""xml_deadlock_report"", ""timestamp"": ""2026-09-11 10:40:27.452"", ""database_name"": ""SteelNort"", ""severity"": 13, ""error_number"": 1205, ""message"": ""Deadlock detected""}",0.0,0,0,0,0,UNKNOWN
xml_deadlock_report,2026-09-11 10:40:27.452,SteelNort,13.0,1205.0,Deadlock detected,"{""event_name"": ""xml_deadlock_report"", ""timestamp"": ""2026-09-11 10:40:27.452"", ""database_name"": ""SteelNort"", ""severity"": 13, ""error_number"": 1205, ""message"": ""Deadlock detected""}",0.0,0,0,0,0,UNKNOWN
xml_deadlock_report,2026-09-11 10:40:27.452,SteelNort,13.0,1205.0,Deadlock detected,"{""event_name"": ""xml_deadlock_report"", ""timestamp"": ""2026-09-11 10:40:27.452"", ""database_name"": ""SteelNort"", ""severity"": 13, ""error_number"": 1205, ""message"": ""Deadlock detected""}",0.0,0,0,0,0,UNKNOWN
xml_deadlock_report,2026-09-11 10:40:27.452,SteelNort,13.0,1205.0,Deadlock detected,"{""event_name"": ""xml_deadlock_report"", ""timestamp"": ""2026-09-11 10:40:27.452"", ""database_name"": ""SteelNort"", ""severity"": 13, ""error_number"": 1205, ""message"": ""Deadlock detected""}",0.0,0,0,0,0,UNKNOWN
xml_deadlock_report,2026-09-11 10:40:27.452,SteelNort,13.0,1205.0,Deadlock detected,"{""event_name"": ""xml_deadlock_report"", ""timestamp"": ""2026-09-11 10:40:27.452"", ""database_name"": ""SteelNort"", ""severity"": 13, ""error_number"": 1205, ""message"": ""Deadlock detected""}",0.0,0,0,0,0,UNKNOWN
xml_deadlock_report,2026-09-11 10:40:27.452,SteelNort,13.0,1205.0,Deadlock detected,"{""event_name"": ""xml_deadlock_report"", ""timestamp"": ""2026-09-11 10:40:27.452"", ""database_name"": ""SteelNort"", ""severity"": 13, ""error_number"": 1205, ""message"": ""Deadlock detected""}",0.0,0,0,0,0,UNKNOWN
xml_deadlock_report,2026-09-11 10:40:27.452,SteelNort,13.0,1205.0,Deadlock detected,"{""event_name"": ""xml_deadlock_report"", ""timestamp"": ""2026-09-11 10:40:27.452"", ""database_name"": ""SteelNort"", ""severity"": 13, ""error_number"": 1205, ""message"": ""Deadlock detected""}",0.0,0,0,0,0,UNKNOWN
xml_deadlock_report,2026-09-11 10:40:27.452,SteelNort,13.0,1205.0,Deadlock detected,"{""event_name"": ""xml_deadlock_report"", ""timestamp"": ""2026-09-11 10:40:27.452"", ""database_name"": ""SteelNort"", ""severity"": 13, ""error_number"": 1205, ""message"": ""Deadlock detected""}",0.0,0,0,0,0,UNKNOWN
xml_deadlock_report,2026-09-11 10:40:27.452,SteelNort,13.0,1205.0,Deadlock detected,"{""event_name"": ""xml_deadlock_report"", ""timestamp"": ""2026-09-11 10:40:27.452"", ""database_name"": ""SteelNort"", ""severity"": 13, ""error_number"": 1205, ""message"": ""Deadlock detected""}",0.0,0,0,0,0,UNKNOWN
lock_acquired,2026-09-11 10:40:27.452,0,0.0,0.0,0,"{""event_name"": ""lock_acquired"", ""timestamp"": ""2026-09-11 10:40:27.452"", ""session_id"": 88, ""resource_type"": ""KEY"", ""mode"": ""U""}",88.0,0,0,KEY,U,UNKNOWN
lock_acquired,2026-09-11 10:40:27.452,0,0.0,0.0,0,"{""event_name"": ""lock_acquired"", ""timestamp"": ""2026-09-11 10:40:27.452"", ""session_id"": 85, ""resource_type"": ""PAGE"", ""mode"": ""IU""}",85.0,0,0,PAGE,IU,UNKNOWN
lock_acquired,2026-09-11 10:40:27.452,0,0.0,0.0,0,"{""event_name"": ""lock_acquired"", ""timestamp"": ""2026-09-11 10:40:27.452"", ""session_id"": 86, ""resource_type"": ""KEY"", ""mode"": ""S""}",86.0,0,0,KEY,S,UNKNOWN
lock_acquired,2026-09-11 10:40:27.452,0,0.0,0.0,0,"{""event_name"": ""lock_acquired"", ""timestamp"": ""2026-09-11 10:40:27.452"", ""session_id"": 86, ""resource_type"": ""PAGE"", ""mode"": ""IU""}",86.0,0,0,PAGE,IU,UNKNOWN
lock_acquired,2026-09-11 10:40:27.452,0,0.0,0.0,0,"{""event_name"": ""lock_acquired"", ""timestamp"": ""2026-09-11 10:40:27.452"", ""session_id"": 85, ""resource_type"": ""KEY"", ""mode"": ""S""}",85.0,0,0,KEY,S,UNKNOWN
lock_released,2026-09-11 10:40:27.452,0,0.0,0.0,0,"{""event_name"": ""lock_released"", ""timestamp"": ""2026-09-11 10:40:27.452"", ""session_id"": 78, ""resource_type"": ""OBJECT"", ""mode"": ""IX""}",78.0,0,0,OBJECT,IX,UNKNOWN
lock_released,2026-09-11 10:40:27.452,0,0.0,0.0,0,"{""event_name"": ""lock_released"", ""timestamp"": ""2026-09-11 10:40:27.452"", ""session_id"": 88, ""resource_type"": ""PAGE"", ""mode"": ""IS""}",88.0,0,0,PAGE,IS,UNKNOWN
lock_released,2026-09-11 10:40:27.452,0,0.0,0.0,0,"{""event_name"": ""lock_released"", ""timestamp"": ""2026-09-11 10:40:27.452"", ""session_id"": 77, ""resource_type"": ""KEY"", ""mode"": ""X""}",77.0,0,0,KEY,X,UNKNOWN
lock_released,2026-09-11 10:40:27.452,0,0.0,0.0,0,"{""event_name"": ""lock_released"", ""timestamp"": ""2026-09-11 10:40:27.452"", ""session_id"": 78, ""resource_type"": ""PAGE"", ""mode"": ""IS""}",78.0,0,0,PAGE,IS,UNKNOWN
lock_released,2026-09-11 10:40:27.452,0,0.0,0.0,0,"{""event_name"": ""lock_released"", ""timestamp"": ""2026-09-11 10:40:27.452"", ""session_id"": 78, ""resource_type"": ""PAGE"", ""mode"": ""IX""}",78.0,0,0,PAGE,IX,UNKNOWN
lock_released,2026-09-11 10:40:27.452,0,0.0,0.0,0,"{""event_name"": ""lock_released"", ""timestamp"": ""2026-09-11 10:40:27.452"", ""session_id"": 78, ""resource_type"": ""KEY"", ""mode"": ""X""}",78.0,0,0,KEY,X,UNKNOWN
lock_released,2026-09-11 10:40:27.452,0,0.0,0.0,0,"{""event_name"": ""lock_released"", ""timestamp"": ""2026-09-11 10:40:27.452"", ""session_id"": 77, ""resource_type"": ""OBJECT"", ""mode"": ""IX""}",77.0,0,0,OBJECT,IX,UNKNOWN
lock_released,2026-09-11 10:40:27.452,0,0.0,0.0,0,"{""event_name"": ""lock_released"", ""timestamp"": ""2026-09-11 10:40:27.452"", ""session_id"": 87, ""resource_type"": ""KEY"", ""mode"": ""X""}",87.0,0,0,KEY,X,UNKNOWN
lock_released,2026-09-11 10:40:27.452,0,0.0,0.0,0,"{""event_name"": ""lock_released"", ""timestamp"": ""2026-09-11 10:40:27.452"", ""session_id"": 85, ""resource_type"": ""PAGE"", ""mode"": ""IS""}",85.0,0,0,PAGE,IS,UNKNOWN
lock_released,2026-09-11 10:40:27.452,0,0.0,0.0,0,"{""event_name"": ""lock_released"", ""timestamp"": ""2026-09-11 10:40:27.452"", ""session_id"": 77, ""resource_type"": ""PAGE"", ""mode"": ""IS""}",77.0,0,0,PAGE,IS,UNKNOWN
lock_released,2026-09-11 10:40:27.452,0,0.0,0.0,0,"{""event_name"": ""lock_released"", ""timestamp"": ""2026-09-11 10:40:27.452"", ""session_id"": 87, ""resource_type"": ""PAGE"", ""mode"": ""IS""}",87.0,0,0,PAGE,IS,UNKNOWN
lock_released,2026-09-11 10:40:27.452,0,0.0,0.0,0,"{""event_name"": ""lock_released"", ""timestamp"": ""2026-09-11 10:40:27.452"", ""session_id"": 77, ""resource_type"": ""PAGE"", ""mode"": ""IX""}",77.0,0,0,PAGE,IX,UNKNOWN
lock_released,2026-09-11 10:40:27.452,0,0.0,0.0,0,"{""event_name"": ""lock_released"", ""timestamp"": ""2026-09-11 10:40:27.452"", ""session_id"": 87, ""resource_type"": ""OBJECT"", ""mode"": ""IX""}",87.0,0,0,OBJECT,IX,UNKNOWN
lock_released,2026-09-11 10:40:27.452,0,0.0,0.0,0,"{""event_name"": ""lock_released"", ""timestamp"": ""2026-09-11 10:40:27.452"", ""session_id"": 86, ""resource_type"": ""KEY"", ""mode"": ""U""}",86.0,0,0,KEY,U,UNKNOWN
lock_released,2026-09-11 10:40:27.452,0,0.0,0.0,0,"{""event_name"": ""lock_released"", ""timestamp"": ""2026-09-11 10:40:27.452"", ""session_id"": 87, ""resource_type"": ""PAGE"", ""mode"": ""IX""}",87.0,0,0,PAGE,IX,UNKNOWN
xml_deadlock_report,2026-09-11 10:40:32.485,SteelNort,13.0,1205.0,Deadlock detected,"{""event_name"": ""xml_deadlock_report"", ""timestamp"": ""2026-09-11 10:40:32.485"", ""database_name"": ""SteelNort"", ""severity"": 13, ""error_number"": 1205, ""message"": ""Deadlock detected""}",0.0,0,0,0,0,UNKNOWN
xml_deadlock_report,2026-09-11 10:40:32.485,SteelNort,13.0,1205.0,Deadlock detected,"{""event_name"": ""xml_deadlock_report"", ""timestamp"": ""2026-09-11 10:40:32.485"", ""database_name"": ""SteelNort"", ""severity"": 13, ""error_number"": 1205, ""message"": ""Deadlock detected""}",0.0,0,0,0,0,UNKNOWN
xml_deadlock_report,2026-09-11 10:40:32.485,SteelNort,13.0,1205.0,Deadlock detected,"{""event_name"": ""xml_deadlock_report"", ""timestamp"": ""2026-09-11 10:40:32.485"", ""database_name"": ""SteelNort"", ""severity"": 13, ""error_number"": 1205, ""message"": ""Deadlock detected""}",0.0,0,0,0,0,UNKNOWN
xml_deadlock_report,2026-09-11 10:40:32.485,SteelNort,13.0,1205.0,Deadlock detected,"{""event_name"": ""xml_deadlock_report"", ""timestamp"": ""2026-09-11 10:40:32.485"", ""database_name"": ""SteelNort"", ""severity"": 13, ""error_number"": 1205, ""message"": ""Deadlock detected""}",0.0,0,0,0,0,UNKNOWN
login,2026-09-11 10:40:32.485,SteelNort,0.0,0.0,0,"{""event_name"": ""login"", ""timestamp"": ""2026-09-11 10:40:32.485"", ""session_id"": 89, ""login_name"": ""sa"", ""program_name"": ""SteelNortCargaNormal"", ""database_name"": ""SteelNort""}",89.0,sa,SteelNortCargaNormal,0,0,UNKNOWN
logout,2026-09-11 10:40:32.485,0,0.0,0.0,0,"{""event_name"": ""logout"", ""timestamp"": ""2026-09-11 10:40:32.485"", ""session_id"": 70}",70.0,0,0,0,0,UNKNOWN
lock_acquired,2026-09-11 10:40:32.485,0,0.0,0.0,0,"{""event_name"": ""lock_acquired"", ""timestamp"": ""2026-09-11 10:40:32.485"", ""session_id"": 89, ""resource_type"": ""METADATA"", ""mode"": ""Sch-S""}",89.0,0,0,METADATA,Sch-S,UNKNOWN
lock_acquired,2026-09-11 10:40:32.485,0,0.0,0.0,0,"{""event_name"": ""lock_acquired"", ""timestamp"": ""2026-09-11 10:40:32.485"", ""session_id"": 89, ""resource_type"": ""OBJECT"", ""mode"": ""Sch-S""}",89.0,0,0,OBJECT,Sch-S,UNKNOWN
lock_acquired,2026-09-11 10:40:32.485,0,0.0,0.0,0,"{""event_name"": ""lock_acquired"", ""timestamp"": ""2026-09-11 10:40:32.485"", ""session_id"": 89, ""resource_type"": ""DATABASE"", ""mode"": ""S""}",89.0,0,0,DATABASE,S,UNKNOWN
lock_released,2026-09-11 10:40:32.485,0,0.0,0.0,0,"{""event_name"": ""lock_released"", ""timestamp"": ""2026-09-11 10:40:32.485"", ""session_id"": 88, ""resource_type"": ""KEY"", ""mode"": ""U""}",88.0,0,0,KEY,U,UNKNOWN
lock_released,2026-09-11 10:40:32.485,0,0.0,0.0,0,"{""event_name"": ""lock_released"", ""timestamp"": ""2026-09-11 10:40:32.485"", ""session_id"": 84, ""resource_type"": ""PAGE"", ""mode"": ""IX""}",84.0,0,0,PAGE,IX,UNKNOWN
lock_released,2026-09-11 10:40:32.485,0,0.0,0.0,0,"{""event_name"": ""lock_released"", ""timestamp"": ""2026-09-11 10:40:32.485"", ""session_id"": 84, ""resource_type"": ""KEY"", ""mode"": ""S""}",84.0,0,0,KEY,S,UNKNOWN
lock_released,2026-09-11 10:40:32.485,0,0.0,0.0,0,"{""event_name"": ""lock_released"", ""timestamp"": ""2026-09-11 10:40:32.485"", ""session_id"": 86, ""resource_type"": ""KEY"", ""mode"": ""S""}",86.0,0,0,KEY,S,UNKNOWN
lock_released,2026-09-11 10:40:32.485,0,0.0,0.0,0,"{""event_name"": ""lock_released"", ""timestamp"": ""2026-09-11 10:40:32.485"", ""session_id"": 88, ""resource_type"": ""KEY"", ""mode"": ""X""}",88.0,0,0,KEY,X,UNKNOWN
lock_released,2026-09-11 10:40:32.485,0,0.0,0.0,0,"{""event_name"": ""lock_released"", ""timestamp"": ""2026-09-11 10:40:32.485"", ""session_id"": 84, ""resource_type"": ""PAGE"", ""mode"": ""IU""}",84.0,0,0,PAGE,IU,UNKNOWN
lock_released,2026-09-11 10:40:32.485,0,0.0,0.0,0,"{""event_name"": ""lock_released"", ""timestamp"": ""2026-09-11 10:40:32.485"", ""session_id"": 86, ""resource_type"": ""PAGE"", ""mode"": ""IX""}",86.0,0,0,PAGE,IX,UNKNOWN
lock_released,2026-09-11 10:40:32.485,0,0.0,0.0,0,"{""event_name"": ""lock_released"", ""timestamp"": ""2026-09-11 10:40:32.485"", ""session_id"": 85, ""resource_type"": ""OBJECT"", ""mode"": ""IX""}",85.0,0,0,OBJECT,IX,UNKNOWN
lock_released,2026-09-11 10:40:32.485,0,0.0,0.0,0,"{""event_name"": ""lock_released"", ""timestamp"": ""2026-09-11 10:40:32.485"", ""session_id"": 84, ""resource_type"": ""KEY"", ""mode"": ""X""}",84.0,0,0,KEY,X,UNKNOWN
lock_released,2026-09-11 10:40:32.485,0,0.0,0.0,0,"{""event_name"": ""lock_released"", ""timestamp"": ""2026-09-11 10:40:32.485"", ""session_id"": 79, ""resource_type"": ""OBJECT"", ""mode"": ""IX""}",79.0,0,0,OBJECT,IX,UNKNOWN
lock_released,2026-09-11 10:40:32.485,0,0.0,0.0,0,"{""event_name"": ""lock_released"", ""timestamp"": ""2026-09-11 10:40:32.485"", ""session_id"": 86, ""resource_type"": ""KEY"", ""mode"": ""X""}",86.0,0,0,KEY,X,UNKNOWN
lock_released,2026-09-11 10:40:32.485,0,0.0,0.0,0,"{""event_name"": ""lock_released"", ""timestamp"": ""2026-09-11 10:40:32.485"", ""session_id"": 70, ""resource_type"": ""DATABASE"", ""mode"": ""S""}",70.0,0,0,DATABASE,S,UNKNOWN
lock_released,2026-09-11 10:40:32.485,0,0.0,0.0,0,"{""event_name"": ""lock_released"", ""timestamp"": ""2026-09-11 10:40:32.485"", ""session_id"": 86, ""resource_type"": ""PAGE"", ""mode"": ""IU""}",86.0,0,0,PAGE,IU,UNKNOWN
lock_released,2026-09-11 10:40:32.485,0,0.0,0.0,0,"{""event_name"": ""lock_released"", ""timestamp"": ""2026-09-11 10:40:32.485"", ""session_id"": 85, ""resource_type"": ""PAGE"", ""mode"": ""IX""}",85.0,0,0,PAGE,IX,UNKNOWN
lock_released,2026-09-11 10:40:32.485,0,0.0,0.0,0,"{""event_name"": ""lock_released"", ""timestamp"": ""2026-09-11 10:40:32.485"", ""session_id"": 85, ""resource_type"": ""KEY"", ""mode"": ""S""}",85.0,0,0,KEY,S,UNKNOWN
lock_released,2026-09-11 10:40:32.485,0,0.0,0.0,0,"{""event_name"": ""lock_released"", ""timestamp"": ""2026-09-11 10:40:32.485"", ""session_id"": 88, ""resource_type"": ""OBJECT"", ""mode"": ""IX""}",88.0,0,0,OBJECT,IX,UNKNOWN
lock_released,2026-09-11 10:40:32.485,0,0.0,0.0,0,"{""event_name"": ""lock_released"", ""timestamp"": ""2026-09-11 10:40:32.485"", ""session_id"": 79, ""resource_type"": ""KEY"", ""mode"": ""S""}",79.0,0,0,KEY,S,UNKNOWN
lock_released,2026-09-11 10:40:32.485,0,0.0,0.0,0,"{""event_name"": ""lock_released"", ""timestamp"": ""2026-09-11 10:40:32.485"", ""session_id"": 85, ""resource_type"": ""PAGE"", ""mode"": ""IU""}",85.0,0,0,PAGE,IU,UNKNOWN
lock_released,2026-09-11 10:40:32.485,0,0.0,0.0,0,"{""event_name"": ""lock_released"", ""timestamp"": ""2026-09-11 10:40:32.485"", ""session_id"": 79, ""resource_type"": ""PAGE"", ""mode"": ""IX""}",79.0,0,0,PAGE,IX,UNKNOWN
lock_released,2026-09-11 10:40:32.485,0,0.0,0.0,0,"{""event_name"": ""lock_released"", ""timestamp"": ""2026-09-11 10:40:32.485"", ""session_id"": 85, ""resource_type"": ""KEY"", ""mode"": ""X""}",85.0,0,0,KEY,X,UNKNOWN
lock_released,2026-09-11 10:40:32.485,0,0.0,0.0,0,"{""event_name"": ""lock_released"", ""timestamp"": ""2026-09-11 10:40:32.485"", ""session_id"": 84, ""resource_type"": ""OBJECT"", ""mode"": ""IX""}",84.0,0,0,OBJECT,IX,UNKNOWN
lock_released,2026-09-11 10:40:32.485,0,0.0,0.0,0,"{""event_name"": ""lock_released"", ""timestamp"": ""2026-09-11 10:40:32.485"", ""session_id"": 79, ""resource_type"": ""KEY"", ""mode"": ""X""}",79.0,0,0,KEY,X,UNKNOWN
lock_released,2026-09-11 10:40:32.485,0,0.0,0.0,0,"{""event_name"": ""lock_released"", ""timestamp"": ""2026-09-11 10:40:32.485"", ""session_id"": 79, ""resource_type"": ""PAGE"", ""mode"": ""IU""}",79.0,0,0,PAGE,IU,UNKNOWN
lock_released,2026-09-11 10:40:32.485,0,0.0,0.0,0,"{""event_name"": ""lock_released"", ""timestamp"": ""2026-09-11 10:40:32.485"", ""session_id"": 88, ""resource_type"": ""PAGE"", ""mode"": ""IX""}",88.0,0,0,PAGE,IX,UNKNOWN
lock_released,2026-09-11 10:40:32.485,0,0.0,0.0,0,"{""event_name"": ""lock_released"", ""timestamp"": ""2026-09-11 10:40:32.485"", ""session_id"": 86, ""resource_type"": ""OBJECT"", ""mode"": ""IX""}",86.0,0,0,OBJECT,IX,UNKNOWN
logout,2026-09-11 10:40:42.570,0,0.0,0.0,0,"{""event_name"": ""logout"", ""timestamp"": ""2026-09-11 10:40:42.570"", ""session_id"": 75}",75.0,0,0,0,0,UNKNOWN
lock_acquired,2026-09-11 10:40:42.570,0,0.0,0.0,0,"{""event_name"": ""lock_acquired"", ""timestamp"": ""2026-09-11 10:40:42.570"", ""session_id"": 89, ""resource_type"": ""KEY"", ""mode"": ""X""}",89.0,0,0,KEY,X,UNKNOWN
lock_released,2026-09-11 10:40:42.570,0,0.0,0.0,0,"{""event_name"": ""lock_released"", ""timestamp"": ""2026-09-11 10:40:42.570"", ""session_id"": 89, ""resource_type"": ""METADATA"", ""mode"": ""Sch-S""}",89.0,0,0,METADATA,Sch-S,UNKNOWN
lock_released,2026-09-11 10:40:42.570,0,0.0,0.0,0,"{""event_name"": ""lock_released"", ""timestamp"": ""2026-09-11 10:40:42.570"", ""session_id"": 89, ""resource_type"": ""OBJECT"", ""mode"": ""Sch-S""}",89.0,0,0,OBJECT,Sch-S,UNKNOWN
lock_released,2026-09-11 10:40:42.570,0,0.0,0.0,0,"{""event_name"": ""lock_released"", ""timestamp"": ""2026-09-11 10:40:42.570"", ""session_id"": 75, ""resource_type"": ""DATABASE"", ""mode"": ""S""}",75.0,0,0,DATABASE,S,UNKNOWN
lock_acquired,2026-09-11 10:40:47.605,0,0.0,0.0,0,"{""event_name"": ""lock_acquired"", ""timestamp"": ""2026-09-11 10:40:47.605"", ""session_id"": 85, ""resource_type"": ""OBJECT"", ""mode"": ""IS""}",85.0,0,0,OBJECT,IS,UNKNOWN
lock_acquired,2026-09-11 10:40:47.605,0,0.0,0.0,0,"{""event_name"": ""lock_acquired"", ""timestamp"": ""2026-09-11 10:40:47.605"", ""session_id"": 86, ""resource_type"": ""OBJECT"", ""mode"": ""IS""}",86.0,0,0,OBJECT,IS,UNKNOWN
lock_acquired,2026-09-11 10:40:47.605,0,0.0,0.0,0,"{""event_name"": ""lock_acquired"", ""timestamp"": ""2026-09-11 10:40:47.605"", ""session_id"": 84, ""resource_type"": ""PAGE"", ""mode"": ""S""}",84.0,0,0,PAGE,S,UNKNOWN
lock_acquired,2026-09-11 10:40:47.605,0,0.0,0.0,0,"{""event_name"": ""lock_acquired"", ""timestamp"": ""2026-09-11 10:40:47.605"", ""session_id"": 83, ""resource_type"": ""OBJECT"", ""mode"": ""IS""}",83.0,0,0,OBJECT,IS,UNKNOWN
lock_acquired,2026-09-11 10:40:47.605,0,0.0,0.0,0,"{""event_name"": ""lock_acquired"", ""timestamp"": ""2026-09-11 10:40:47.605"", ""session_id"": 77, ""resource_type"": ""OBJECT"", ""mode"": ""IS""}",77.0,0,0,OBJECT,IS,UNKNOWN
lock_acquired,2026-09-11 10:40:47.605,0,0.0,0.0,0,"{""event_name"": ""lock_acquired"", ""timestamp"": ""2026-09-11 10:40:47.605"", ""session_id"": 79, ""resource_type"": ""PAGE"", ""mode"": ""S""}",79.0,0,0,PAGE,S,UNKNOWN
lock_acquired,2026-09-11 10:40:47.605,0,0.0,0.0,0,"{""event_name"": ""lock_acquired"", ""timestamp"": ""2026-09-11 10:40:47.605"", ""session_id"": 84, ""resource_type"": ""OBJECT"", ""mode"": ""IS""}",84.0,0,0,OBJECT,IS,UNKNOWN
lock_acquired,2026-09-11 10:40:47.605,0,0.0,0.0,0,"{""event_name"": ""lock_acquired"", ""timestamp"": ""2026-09-11 10:40:47.605"", ""session_id"": 86, ""resource_type"": ""PAGE"", ""mode"": ""S""}",86.0,0,0,PAGE,S,UNKNOWN
lock_acquired,2026-09-11 10:40:47.605,0,0.0,0.0,0,"{""event_name"": ""lock_acquired"", ""timestamp"": ""2026-09-11 10:40:47.605"", ""session_id"": 85, ""resource_type"": ""PAGE"", ""mode"": ""S""}",85.0,0,0,PAGE,S,UNKNOWN
lock_acquired,2026-09-11 10:40:47.605,0,0.0,0.0,0,"{""event_name"": ""lock_acquired"", ""timestamp"": ""2026-09-11 10:40:47.605"", ""session_id"": 79, ""resource_type"": ""OBJECT"", ""mode"": ""IS""}",79.0,0,0,OBJECT,IS,UNKNOWN
lock_acquired,2026-09-11 10:40:47.605,0,0.0,0.0,0,"{""event_name"": ""lock_acquired"", ""timestamp"": ""2026-09-11 10:40:47.605"", ""session_id"": 83, ""resource_type"": ""PAGE"", ""mode"": ""S""}",83.0,0,0,PAGE,S,UNKNOWN
lock_acquired,2026-09-11 10:40:47.605,0,0.0,0.0,0,"{""event_name"": ""lock_acquired"", ""timestamp"": ""2026-09-11 10:40:47.605"", ""session_id"": 77, ""resource_type"": ""PAGE"", ""mode"": ""S""}",77.0,0,0,PAGE,S,UNKNOWN
lock_released,2026-09-11 10:40:47.605,0,0.0,0.0,0,"{""event_name"": ""lock_released"", ""timestamp"": ""2026-09-11 10:40:47.605"", ""session_id"": 89, ""resource_type"": ""KEY"", ""mode"": ""X""}",89.0,0,0,KEY,X,UNKNOWN
logout,2026-09-11 10:40:57.668,0,0.0,0.0,0,"{""event_name"": ""logout"", ""timestamp"": ""2026-09-11 10:40:57.668"", ""session_id"": 81}",81.0,0,0,0,0,UNKNOWN
lock_released,2026-09-11 10:40:57.668,0,0.0,0.0,0,"{""event_name"": ""lock_released"", ""timestamp"": ""2026-09-11 10:40:57.668"", ""session_id"": 82, ""resource_type"": ""DATABASE"", ""mode"": ""S""}",82.0,0,0,DATABASE,S,UNKNOWN
lock_released,2026-09-11 10:40:57.668,0,0.0,0.0,0,"{""event_name"": ""lock_released"", ""timestamp"": ""2026-09-11 10:40:57.668"", ""session_id"": 81, ""resource_type"": ""DATABASE"", ""mode"": ""S""}",81.0,0,0,DATABASE,S,UNKNOWN
logout,2026-09-11 10:41:02.705,0,0.0,0.0,0,"{""event_name"": ""logout"", ""timestamp"": ""2026-09-11 10:41:02.705"", ""session_id"": 82}",82.0,0,0,0,0,UNKNOWN
lock_acquired,2026-09-11 10:41:02.705,0,0.0,0.0,0,"{""event_name"": ""lock_acquired"", ""timestamp"": ""2026-09-11 10:41:02.705"", ""session_id"": 76, ""resource_type"": ""OBJECT"", ""mode"": ""IX""}",76.0,0,0,OBJECT,IX,UNKNOWN
lock_acquired,2026-09-11 10:41:02.705,0,0.0,0.0,0,"{""event_name"": ""lock_acquired"", ""timestamp"": ""2026-09-11 10:41:02.705"", ""session_id"": 76, ""resource_type"": ""PAGE"", ""mode"": ""S""}",76.0,0,0,PAGE,S,UNKNOWN
lock_released,2026-09-11 10:41:02.705,0,0.0,0.0,0,"{""event_name"": ""lock_released"", ""timestamp"": ""2026-09-11 10:41:02.705"", ""session_id"": 85, ""resource_type"": ""OBJECT"", ""mode"": ""IS""}",85.0,0,0,OBJECT,IS,UNKNOWN
lock_released,2026-09-11 10:41:02.705,0,0.0,0.0,0,"{""event_name"": ""lock_released"", ""timestamp"": ""2026-09-11 10:41:02.705"", ""session_id"": 86, ""resource_type"": ""OBJECT"", ""mode"": ""IS""}",86.0,0,0,OBJECT,IS,UNKNOWN
lock_released,2026-09-11 10:41:02.705,0,0.0,0.0,0,"{""event_name"": ""lock_released"", ""timestamp"": ""2026-09-11 10:41:02.705"", ""session_id"": 84, ""resource_type"": ""PAGE"", ""mode"": ""S""}",84.0,0,0,PAGE,S,UNKNOWN
lock_released,2026-09-11 10:41:02.705,0,0.0,0.0,0,"{""event_name"": ""lock_released"", ""timestamp"": ""2026-09-11 10:41:02.705"", ""session_id"": 83, ""resource_type"": ""OBJECT"", ""mode"": ""IS""}",83.0,0,0,OBJECT,IS,UNKNOWN
lock_released,2026-09-11 10:41:02.705,0,0.0,0.0,0,"{""event_name"": ""lock_released"", ""timestamp"": ""2026-09-11 10:41:02.705"", ""session_id"": 77, ""resource_type"": ""OBJECT"", ""mode"": ""IS""}",77.0,0,0,OBJECT,IS,UNKNOWN
lock_released,2026-09-11 10:41:02.705,0,0.0,0.0,0,"{""event_name"": ""lock_released"", ""timestamp"": ""2026-09-11 10:41:02.705"", ""session_id"": 79, ""resource_type"": ""PAGE"", ""mode"": ""S""}",79.0,0,0,PAGE,S,UNKNOWN
lock_released,2026-09-11 10:41:02.705,0,0.0,0.0,0,"{""event_name"": ""lock_released"", ""timestamp"": ""2026-09-11 10:41:02.705"", ""session_id"": 84, ""resource_type"": ""OBJECT"", ""mode"": ""IS""}",84.0,0,0,OBJECT,IS,UNKNOWN
lock_released,2026-09-11 10:41:02.705,0,0.0,0.0,0,"{""event_name"": ""lock_released"", ""timestamp"": ""2026-09-11 10:41:02.705"", ""session_id"": 86, ""resource_type"": ""PAGE"", ""mode"": ""S""}",86.0,0,0,PAGE,S,UNKNOWN
lock_released,2026-09-11 10:41:02.705,0,0.0,0.0,0,"{""event_name"": ""lock_released"", ""timestamp"": ""2026-09-11 10:41:02.705"", ""session_id"": 85, ""resource_type"": ""PAGE"", ""mode"": ""S""}",85.0,0,0,PAGE,S,UNKNOWN
lock_released,2026-09-11 10:41:02.705,0,0.0,0.0,0,"{""event_name"": ""lock_released"", ""timestamp"": ""2026-09-11 10:41:02.705"", ""session_id"": 79, ""resource_type"": ""OBJECT"", ""mode"": ""IS""}",79.0,0,0,OBJECT,IS,UNKNOWN
lock_released,2026-09-11 10:41:02.705,0,0.0,0.0,0,"{""event_name"": ""lock_released"", ""timestamp"": ""2026-09-11 10:41:02.705"", ""session_id"": 83, ""resource_type"": ""PAGE"", ""mode"": ""S""}",83.0,0,0,PAGE,S,UNKNOWN
lock_released,2026-09-11 10:41:02.705,0,0.0,0.0,0,"{""event_name"": ""lock_released"", ""timestamp"": ""2026-09-11 10:41:02.705"", ""session_id"": 77, ""resource_type"": ""PAGE"", ""mode"": ""S""}",77.0,0,0,PAGE,S,UNKNOWN
lock_acquired,2026-09-11 10:41:12.762,0,0.0,0.0,0,"{""event_name"": ""lock_acquired"", ""timestamp"": ""2026-09-11 10:41:12.762"", ""session_id"": 76, ""resource_type"": ""PAGE"", ""mode"": ""IX""}",76.0,0,0,PAGE,IX,UNKNOWN
lock_acquired,2026-09-11 10:41:12.762,0,0.0,0.0,0,"{""event_name"": ""lock_acquired"", ""timestamp"": ""2026-09-11 10:41:12.762"", ""session_id"": 76, ""resource_type"": ""KEY"", ""mode"": ""X""}",76.0,0,0,KEY,X,UNKNOWN
lock_released,2026-09-11 10:41:12.762,0,0.0,0.0,0,"{""event_name"": ""lock_released"", ""timestamp"": ""2026-09-11 10:41:12.762"", ""session_id"": 76, ""resource_type"": ""PAGE"", ""mode"": ""S""}",76.0,0,0,PAGE,S,UNKNOWN
login,2026-09-11 10:41:17.802,SteelNort,0.0,0.0,0,"{""event_name"": ""login"", ""timestamp"": ""2026-09-11 10:41:17.802"", ""session_id"": 81, ""login_name"": ""sa"", ""program_name"": ""SteelNortCargaAnomalia"", ""database_name"": ""SteelNort""}",81.0,sa,SteelNortCargaAnomalia,0,0,UNKNOWN
login,2026-09-11 10:41:17.802,SteelNort,0.0,0.0,0,"{""event_name"": ""login"", ""timestamp"": ""2026-09-11 10:41:17.802"", ""session_id"": 82, ""login_name"": ""sa"", ""program_name"": ""SteelNortCargaAnomalia"", ""database_name"": ""SteelNort""}",82.0,sa,SteelNortCargaAnomalia,0,0,UNKNOWN
login,2026-09-11 10:41:17.802,SteelNort,0.0,0.0,0,"{""event_name"": ""login"", ""timestamp"": ""2026-09-11 10:41:17.802"", ""session_id"": 75, ""login_name"": ""sa"", ""program_name"": ""SteelNortCargaAnomalia"", ""database_name"": ""SteelNort""}",75.0,sa,SteelNortCargaAnomalia,0,0,UNKNOWN
login,2026-09-11 10:41:17.802,SteelNort,0.0,0.0,0,"{""event_name"": ""login"", ""timestamp"": ""2026-09-11 10:41:17.802"", ""session_id"": 70, ""login_name"": ""sa"", ""program_name"": ""SteelNortCargaAnomalia"", ""database_name"": ""SteelNort""}",70.0,sa,SteelNortCargaAnomalia,0,0,UNKNOWN
lock_acquired,2026-09-11 10:41:17.802,0,0.0,0.0,0,"{""event_name"": ""lock_acquired"", ""timestamp"": ""2026-09-11 10:41:17.802"", ""session_id"": 84, ""resource_type"": ""PAGE"", ""mode"": ""IX""}",84.0,0,0,PAGE,IX,UNKNOWN
lock_acquired,2026-09-11 10:41:17.802,0,0.0,0.0,0,"{""event_name"": ""lock_acquired"", ""timestamp"": ""2026-09-11 10:41:17.802"", ""session_id"": 77, ""resource_type"": ""KEY"", ""mode"": ""X""}",77.0,0,0,KEY,X,UNKNOWN
lock_acquired,2026-09-11 10:41:17.802,0,0.0,0.0,0,"{""event_name"": ""lock_acquired"", ""timestamp"": ""2026-09-11 10:41:17.802"", ""session_id"": 75, ""resource_type"": ""PAGE"", ""mode"": ""IX""}",75.0,0,0,PAGE,IX,UNKNOWN
lock_acquired,2026-09-11 10:41:17.802,0,0.0,0.0,0,"{""event_name"": ""lock_acquired"", ""timestamp"": ""2026-09-11 10:41:17.802"", ""session_id"": 86, ""resource_type"": ""PAGE"", ""mode"": ""IX""}",86.0,0,0,PAGE,IX,UNKNOWN
lock_acquired,2026-09-11 10:41:17.802,0,0.0,0.0,0,"{""event_name"": ""lock_acquired"", ""timestamp"": ""2026-09-11 10:41:17.802"", ""session_id"": 84, ""resource_type"": ""KEY"", ""mode"": ""X""}",84.0,0,0,KEY,X,UNKNOWN
lock_acquired,2026-09-11 10:41:17.802,0,0.0,0.0,0,"{""event_name"": ""lock_acquired"", ""timestamp"": ""2026-09-11 10:41:17.802"", ""session_id"": 79, ""resource_type"": ""OBJECT"", ""mode"": ""IX""}",79.0,0,0,OBJECT,IX,UNKNOWN
lock_acquired,2026-09-11 10:41:17.802,0,0.0,0.0,0,"{""event_name"": ""lock_acquired"", ""timestamp"": ""2026-09-11 10:41:17.802"", ""session_id"": 86, ""resource_type"": ""KEY"", ""mode"": ""X""}",86.0,0,0,KEY,X,UNKNOWN
lock_acquired,2026-09-11 10:41:17.802,0,0.0,0.0,0,"{""event_name"": ""lock_acquired"", ""timestamp"": ""2026-09-11 10:41:17.802"", ""session_id"": 82, ""resource_type"": ""OBJECT"", ""mode"": ""IX""}",82.0,0,0,OBJECT,IX,UNKNOWN
lock_acquired,2026-09-11 10:41:17.802,0,0.0,0.0,0,"{""event_name"": ""lock_acquired"", ""timestamp"": ""2026-09-11 10:41:17.802"", ""session_id"": 82, ""resource_type"": ""DATABASE"", ""mode"": ""S""}",82.0,0,0,DATABASE,S,UNKNOWN
lock_acquired,2026-09-11 10:41:17.802,0,0.0,0.0,0,"{""event_name"": ""lock_acquired"", ""timestamp"": ""2026-09-11 10:41:17.802"", ""session_id"": 70, ""resource_type"": ""DATABASE"", ""mode"": ""S""}",70.0,0,0,DATABASE,S,UNKNOWN
lock_acquired,2026-09-11 10:41:17.802,0,0.0,0.0,0,"{""event_name"": ""lock_acquired"", ""timestamp"": ""2026-09-11 10:41:17.802"", ""session_id"": 75, ""resource_type"": ""KEY"", ""mode"": ""X""}",75.0,0,0,KEY,X,UNKNOWN
lock_acquired,2026-09-11 10:41:17.802,0,0.0,0.0,0,"{""event_name"": ""lock_acquired"", ""timestamp"": ""2026-09-11 10:41:17.802"", ""session_id"": 70, ""resource_type"": ""OBJECT"", ""mode"": ""IX""}",70.0,0,0,OBJECT,IX,UNKNOWN
lock_acquired,2026-09-11 10:41:17.802,0,0.0,0.0,0,"{""event_name"": ""lock_acquired"", ""timestamp"": ""2026-09-11 10:41:17.802"", ""session_id"": 81, ""resource_type"": ""OBJECT"", ""mode"": ""IX""}",81.0,0,0,OBJECT,IX,UNKNOWN
lock_acquired,2026-09-11 10:41:17.802,0,0.0,0.0,0,"{""event_name"": ""lock_acquired"", ""timestamp"": ""2026-09-11 10:41:17.802"", ""session_id"": 81, ""resource_type"": ""DATABASE"", ""mode"": ""S""}",81.0,0,0,DATABASE,S,UNKNOWN
lock_acquired,2026-09-11 10:41:17.802,0,0.0,0.0,0,"{""event_name"": ""lock_acquired"", ""timestamp"": ""2026-09-11 10:41:17.802"", ""session_id"": 79, ""resource_type"": ""PAGE"", ""mode"": ""IX""}",79.0,0,0,PAGE,IX,UNKNOWN
lock_acquired,2026-09-11 10:41:17.802,0,0.0,0.0,0,"{""event_name"": ""lock_acquired"", ""timestamp"": ""2026-09-11 10:41:17.802"", ""session_id"": 77, ""resource_type"": ""OBJECT"", ""mode"": ""IX""}",77.0,0,0,OBJECT,IX,UNKNOWN
lock_acquired,2026-09-11 10:41:17.802,0,0.0,0.0,0,"{""event_name"": ""lock_acquired"", ""timestamp"": ""2026-09-11 10:41:17.802"", ""session_id"": 82, ""resource_type"": ""PAGE"", ""mode"": ""IX""}",82.0,0,0,PAGE,IX,UNKNOWN
lock_acquired,2026-09-11 10:41:17.802,0,0.0,0.0,0,"{""event_name"": ""lock_acquired"", ""timestamp"": ""2026-09-11 10:41:17.802"", ""session_id"": 70, ""resource_type"": ""PAGE"", ""mode"": ""IX""}",70.0,0,0,PAGE,IX,UNKNOWN
lock_acquired,2026-09-11 10:41:17.802,0,0.0,0.0,0,"{""event_name"": ""lock_acquired"", ""timestamp"": ""2026-09-11 10:41:17.802"", ""session_id"": 84, ""resource_type"": ""OBJECT"", ""mode"": ""IX""}",84.0,0,0,OBJECT,IX,UNKNOWN
lock_acquired,2026-09-11 10:41:17.802,0,0.0,0.0,0,"{""event_name"": ""lock_acquired"", ""timestamp"": ""2026-09-11 10:41:17.802"", ""session_id"": 79, ""resource_type"": ""KEY"", ""mode"": ""X""}",79.0,0,0,KEY,X,UNKNOWN
lock_acquired,2026-09-11 10:41:17.802,0,0.0,0.0,0,"{""event_name"": ""lock_acquired"", ""timestamp"": ""2026-09-11 10:41:17.802"", ""session_id"": 75, ""resource_type"": ""DATABASE"", ""mode"": ""S""}",75.0,0,0,DATABASE,S,UNKNOWN
lock_acquired,2026-09-11 10:41:17.802,0,0.0,0.0,0,"{""event_name"": ""lock_acquired"", ""timestamp"": ""2026-09-11 10:41:17.802"", ""session_id"": 81, ""resource_type"": ""PAGE"", ""mode"": ""IX""}",81.0,0,0,PAGE,IX,UNKNOWN
lock_acquired,2026-09-11 10:41:17.802,0,0.0,0.0,0,"{""event_name"": ""lock_acquired"", ""timestamp"": ""2026-09-11 10:41:17.802"", ""session_id"": 75, ""resource_type"": ""OBJECT"", ""mode"": ""IX""}",75.0,0,0,OBJECT,IX,UNKNOWN
lock_acquired,2026-09-11 10:41:17.802,0,0.0,0.0,0,"{""event_name"": ""lock_acquired"", ""timestamp"": ""2026-09-11 10:41:17.802"", ""session_id"": 70, ""resource_type"": ""KEY"", ""mode"": ""X""}",70.0,0,0,KEY,X,UNKNOWN
lock_acquired,2026-09-11 10:41:17.802,0,0.0,0.0,0,"{""event_name"": ""lock_acquired"", ""timestamp"": ""2026-09-11 10:41:17.802"", ""session_id"": 86, ""resource_type"": ""OBJECT"", ""mode"": ""IX""}",86.0,0,0,OBJECT,IX,UNKNOWN
lock_acquired,2026-09-11 10:41:17.802,0,0.0,0.0,0,"{""event_name"": ""lock_acquired"", ""timestamp"": ""2026-09-11 10:41:17.802"", ""session_id"": 81, ""resource_type"": ""KEY"", ""mode"": ""X""}",81.0,0,0,KEY,X,UNKNOWN
lock_acquired,2026-09-11 10:41:17.802,0,0.0,0.0,0,"{""event_name"": ""lock_acquired"", ""timestamp"": ""2026-09-11 10:41:17.802"", ""session_id"": 77, ""resource_type"": ""PAGE"", ""mode"": ""IX""}",77.0,0,0,PAGE,IX,UNKNOWN
lock_acquired,2026-09-11 10:41:17.802,0,0.0,0.0,0,"{""event_name"": ""lock_acquired"", ""timestamp"": ""2026-09-11 10:41:17.802"", ""session_id"": 82, ""resource_type"": ""KEY"", ""mode"": ""X""}",82.0,0,0,KEY,X,UNKNOWN
lock_released,2026-09-11 10:41:17.802,0,0.0,0.0,0,"{""event_name"": ""lock_released"", ""timestamp"": ""2026-09-11 10:41:17.802"", ""session_id"": 76, ""resource_type"": ""PAGE"", ""mode"": ""IX""}",76.0,0,0,PAGE,IX,UNKNOWN
lock_released,2026-09-11 10:41:17.802,0,0.0,0.0,0,"{""event_name"": ""lock_released"", ""timestamp"": ""2026-09-11 10:41:17.802"", ""session_id"": 76, ""resource_type"": ""KEY"", ""mode"": ""X""}",76.0,0,0,KEY,X,UNKNOWN
lock_released,2026-09-11 10:41:17.802,0,0.0,0.0,0,"{""event_name"": ""lock_released"", ""timestamp"": ""2026-09-11 10:41:17.802"", ""session_id"": 76, ""resource_type"": ""OBJECT"", ""mode"": ""IX""}",76.0,0,0,OBJECT,IX,UNKNOWN
login,2026-09-11 10:41:33.148,SteelNort,0.0,0.0,0,"{""event_name"": ""login"", ""timestamp"": ""2026-09-11 10:41:33.148"", ""session_id"": 90, ""login_name"": ""sa"", ""program_name"": ""unknown"", ""database_name"": ""SteelNort""}",90.0,sa,unknown,0,0,UNKNOWN
lock_acquired,2026-09-11 10:41:33.148,0,0.0,0.0,0,"{""event_name"": ""lock_acquired"", ""timestamp"": ""2026-09-11 10:41:33.148"", ""session_id"": 74, ""resource_type"": ""OBJECT"", ""mode"": ""Sch-S""}",74.0,0,0,OBJECT,Sch-S,UNKNOWN
logout,2026-09-11 10:41:38.389,0,0.0,0.0,0,"{""event_name"": ""logout"", ""timestamp"": ""2026-09-11 10:41:38.389"", ""session_id"": 88}",88.0,0,0,0,0,UNKNOWN
logout,2026-09-11 10:41:38.389,0,0.0,0.0,0,"{""event_name"": ""logout"", ""timestamp"": ""2026-09-11 10:41:38.389"", ""session_id"": 78}",78.0,0,0,0,0,UNKNOWN
logout,2026-09-11 10:41:38.389,0,0.0,0.0,0,"{""event_name"": ""logout"", ""timestamp"": ""2026-09-11 10:41:38.389"", ""session_id"": 87}",87.0,0,0,0,0,UNKNOWN
lock_acquired,2026-09-11 10:41:38.389,0,0.0,0.0,0,"{""event_name"": ""lock_acquired"", ""timestamp"": ""2026-09-11 10:41:38.389"", ""session_id"": 89, ""resource_type"": ""PAGE"", ""mode"": ""S""}",89.0,0,0,PAGE,S,UNKNOWN
lock_acquired,2026-09-11 10:41:38.389,0,0.0,0.0,0,"{""event_name"": ""lock_acquired"", ""timestamp"": ""2026-09-11 10:41:38.389"", ""session_id"": 89, ""resource_type"": ""OBJECT"", ""mode"": ""IX""}",89.0,0,0,OBJECT,IX,UNKNOWN
lock_released,2026-09-11 10:41:38.389,0,0.0,0.0,0,"{""event_name"": ""lock_released"", ""timestamp"": ""2026-09-11 10:41:38.389"", ""session_id"": 84, ""resource_type"": ""PAGE"", ""mode"": ""IX""}",84.0,0,0,PAGE,IX,UNKNOWN
lock_released,2026-09-11 10:41:38.389,0,0.0,0.0,0,"{""event_name"": ""lock_released"", ""timestamp"": ""2026-09-11 10:41:38.389"", ""session_id"": 77, ""resource_type"": ""KEY"", ""mode"": ""X""}",77.0,0,0,KEY,X,UNKNOWN
lock_released,2026-09-11 10:41:38.389,0,0.0,0.0,0,"{""event_name"": ""lock_released"", ""timestamp"": ""2026-09-11 10:41:38.389"", ""session_id"": 75, ""resource_type"": ""PAGE"", ""mode"": ""IX""}",75.0,0,0,PAGE,IX,UNKNOWN
lock_released,2026-09-11 10:41:38.389,0,0.0,0.0,0,"{""event_name"": ""lock_released"", ""timestamp"": ""2026-09-11 10:41:38.389"", ""session_id"": 86, ""resource_type"": ""PAGE"", ""mode"": ""IX""}",86.0,0,0,PAGE,IX,UNKNOWN
lock_released,2026-09-11 10:41:38.389,0,0.0,0.0,0,"{""event_name"": ""lock_released"", ""timestamp"": ""2026-09-11 10:41:38.389"", ""session_id"": 84, ""resource_type"": ""KEY"", ""mode"": ""X""}",84.0,0,0,KEY,X,UNKNOWN
lock_released,2026-09-11 10:41:38.389,0,0.0,0.0,0,"{""event_name"": ""lock_released"", ""timestamp"": ""2026-09-11 10:41:38.389"", ""session_id"": 79, ""resource_type"": ""OBJECT"", ""mode"": ""IX""}",79.0,0,0,OBJECT,IX,UNKNOWN
lock_released,2026-09-11 10:41:38.389,0,0.0,0.0,0,"{""event_name"": ""lock_released"", ""timestamp"": ""2026-09-11 10:41:38.389"", ""session_id"": 86, ""resource_type"": ""KEY"", ""mode"": ""X""}",86.0,0,0,KEY,X,UNKNOWN
lock_released,2026-09-11 10:41:38.389,0,0.0,0.0,0,"{""event_name"": ""lock_released"", ""timestamp"": ""2026-09-11 10:41:38.389"", ""session_id"": 82, ""resource_type"": ""OBJECT"", ""mode"": ""IX""}",82.0,0,0,OBJECT,IX,UNKNOWN
lock_released,2026-09-11 10:41:38.389,0,0.0,0.0,0,"{""event_name"": ""lock_released"", ""timestamp"": ""2026-09-11 10:41:38.389"", ""session_id"": 75, ""resource_type"": ""KEY"", ""mode"": ""X""}",75.0,0,0,KEY,X,UNKNOWN
lock_released,2026-09-11 10:41:38.389,0,0.0,0.0,0,"{""event_name"": ""lock_released"", ""timestamp"": ""2026-09-11 10:41:38.389"", ""session_id"": 70, ""resource_type"": ""OBJECT"", ""mode"": ""IX""}",70.0,0,0,OBJECT,IX,UNKNOWN
lock_released,2026-09-11 10:41:38.389,0,0.0,0.0,0,"{""event_name"": ""lock_released"", ""timestamp"": ""2026-09-11 10:41:38.389"", ""session_id"": 81, ""resource_type"": ""OBJECT"", ""mode"": ""IX""}",81.0,0,0,OBJECT,IX,UNKNOWN
lock_released,2026-09-11 10:41:38.389,0,0.0,0.0,0,"{""event_name"": ""lock_released"", ""timestamp"": ""2026-09-11 10:41:38.389"", ""session_id"": 78, ""resource_type"": ""DATABASE"", ""mode"": ""S""}",78.0,0,0,DATABASE,S,UNKNOWN
lock_released,2026-09-11 10:41:38.389,0,0.0,0.0,0,"{""event_name"": ""lock_released"", ""timestamp"": ""2026-09-11 10:41:38.389"", ""session_id"": 88, ""resource_type"": ""DATABASE"", ""mode"": ""S""}",88.0,0,0,DATABASE,S,UNKNOWN
lock_released,2026-09-11 10:41:38.389,0,0.0,0.0,0,"{""event_name"": ""lock_released"", ""timestamp"": ""2026-09-11 10:41:38.389"", ""session_id"": 77, ""resource_type"": ""OBJECT"", ""mode"": ""IX""}",77.0,0,0,OBJECT,IX,UNKNOWN
lock_released,2026-09-11 10:41:38.389,0,0.0,0.0,0,"{""event_name"": ""lock_released"", ""timestamp"": ""2026-09-11 10:41:38.389"", ""session_id"": 79, ""resource_type"": ""PAGE"", ""mode"": ""IX""}",79.0,0,0,PAGE,IX,UNKNOWN
lock_released,2026-09-11 10:41:38.389,0,0.0,0.0,0,"{""event_name"": ""lock_released"", ""timestamp"": ""2026-09-11 10:41:38.389"", ""session_id"": 82, ""resource_type"": ""PAGE"", ""mode"": ""IX""}",82.0,0,0,PAGE,IX,UNKNOWN
lock_released,2026-09-11 10:41:38.389,0,0.0,0.0,0,"{""event_name"": ""lock_released"", ""timestamp"": ""2026-09-11 10:41:38.389"", ""session_id"": 70, ""resource_type"": ""PAGE"", ""mode"": ""IX""}",70.0,0,0,PAGE,IX,UNKNOWN
lock_released,2026-09-11 10:41:38.389,0,0.0,0.0,0,"{""event_name"": ""lock_released"", ""timestamp"": ""2026-09-11 10:41:38.389"", ""session_id"": 74, ""resource_type"": ""OBJECT"", ""mode"": ""Sch-S""}",74.0,0,0,OBJECT,Sch-S,UNKNOWN
lock_released,2026-09-11 10:41:38.389,0,0.0,0.0,0,"{""event_name"": ""lock_released"", ""timestamp"": ""2026-09-11 10:41:38.389"", ""session_id"": 84, ""resource_type"": ""OBJECT"", ""mode"": ""IX""}",84.0,0,0,OBJECT,IX,UNKNOWN
lock_released,2026-09-11 10:41:38.389,0,0.0,0.0,0,"{""event_name"": ""lock_released"", ""timestamp"": ""2026-09-11 10:41:38.389"", ""session_id"": 79, ""resource_type"": ""KEY"", ""mode"": ""X""}",79.0,0,0,KEY,X,UNKNOWN
lock_released,2026-09-11 10:41:38.389,0,0.0,0.0,0,"{""event_name"": ""lock_released"", ""timestamp"": ""2026-09-11 10:41:38.389"", ""session_id"": 81, ""resource_type"": ""PAGE"", ""mode"": ""IX""}",81.0,0,0,PAGE,IX,UNKNOWN
lock_released,2026-09-11 10:41:38.389,0,0.0,0.0,0,"{""event_name"": ""lock_released"", ""timestamp"": ""2026-09-11 10:41:38.389"", ""session_id"": 75, ""resource_type"": ""OBJECT"", ""mode"": ""IX""}",75.0,0,0,OBJECT,IX,UNKNOWN
lock_released,2026-09-11 10:41:38.389,0,0.0,0.0,0,"{""event_name"": ""lock_released"", ""timestamp"": ""2026-09-11 10:41:38.389"", ""session_id"": 70, ""resource_type"": ""KEY"", ""mode"": ""X""}",70.0,0,0,KEY,X,UNKNOWN
lock_released,2026-09-11 10:41:38.389,0,0.0,0.0,0,"{""event_name"": ""lock_released"", ""timestamp"": ""2026-09-11 10:41:38.389"", ""session_id"": 86, ""resource_type"": ""OBJECT"", ""mode"": ""IX""}",86.0,0,0,OBJECT,IX,UNKNOWN
lock_released,2026-09-11 10:41:38.389,0,0.0,0.0,0,"{""event_name"": ""lock_released"", ""timestamp"": ""2026-09-11 10:41:38.389"", ""session_id"": 81, ""resource_type"": ""KEY"", ""mode"": ""X""}",81.0,0,0,KEY,X,UNKNOWN
lock_released,2026-09-11 10:41:38.389,0,0.0,0.0,0,"{""event_name"": ""lock_released"", ""timestamp"": ""2026-09-11 10:41:38.389"", ""session_id"": 87, ""resource_type"": ""DATABASE"", ""mode"": ""S""}",87.0,0,0,DATABASE,S,UNKNOWN
lock_released,2026-09-11 10:41:38.389,0,0.0,0.0,0,"{""event_name"": ""lock_released"", ""timestamp"": ""2026-09-11 10:41:38.389"", ""session_id"": 77, ""resource_type"": ""PAGE"", ""mode"": ""IX""}",77.0,0,0,PAGE,IX,UNKNOWN
lock_released,2026-09-11 10:41:38.389,0,0.0,0.0,0,"{""event_name"": ""lock_released"", ""timestamp"": ""2026-09-11 10:41:38.389"", ""session_id"": 82, ""resource_type"": ""KEY"", ""mode"": ""X""}",82.0,0,0,KEY,X,UNKNOWN
logout,2026-09-11 10:41:43.443,0,0.0,0.0,0,"{""event_name"": ""logout"", ""timestamp"": ""2026-09-11 10:41:43.443"", ""session_id"": 90}",90.0,0,0,0,0,UNKNOWN
lock_released,2026-09-11 10:41:48.484,0,0.0,0.0,0,"{""event_name"": ""lock_released"", ""timestamp"": ""2026-09-11 10:41:48.484"", ""session_id"": 89, ""resource_type"": ""PAGE"", ""mode"": ""S""}",89.0,0,0,PAGE,S,UNKNOWN
lock_released,2026-09-11 10:41:48.484,0,0.0,0.0,0,"{""event_name"": ""lock_released"", ""timestamp"": ""2026-09-11 10:41:48.484"", ""session_id"": 89, ""resource_type"": ""OBJECT"", ""mode"": ""IX""}",89.0,0,0,OBJECT,IX,UNKNOWN
login,2026-09-11 10:41:53.526,SteelNort,0.0,0.0,0,"{""event_name"": ""login"", ""timestamp"": ""2026-09-11 10:41:53.526"", ""session_id"": 78, ""login_name"": ""sa"", ""program_name"": ""SteelNortCargaAnomalia"", ""database_name"": ""SteelNort""}",78.0,sa,SteelNortCargaAnomalia,0,0,UNKNOWN
lock_acquired,2026-09-11 10:41:53.526,0,0.0,0.0,0,"{""event_name"": ""lock_acquired"", ""timestamp"": ""2026-09-11 10:41:53.526"", ""session_id"": 78, ""resource_type"": ""DATABASE"", ""mode"": ""S""}",78.0,0,0,DATABASE,S,UNKNOWN
lock_acquired,2026-09-11 10:42:08.790,0,0.0,0.0,0,"{""event_name"": ""lock_acquired"", ""timestamp"": ""2026-09-11 10:42:08.790"", ""session_id"": 76, ""resource_type"": ""METADATA"", ""mode"": ""Sch-S""}",76.0,0,0,METADATA,Sch-S,UNKNOWN
lock_acquired,2026-09-11 10:42:08.790,0,0.0,0.0,0,"{""event_name"": ""lock_acquired"", ""timestamp"": ""2026-09-11 10:42:08.790"", ""session_id"": 76, ""resource_type"": ""OBJECT"", ""mode"": ""Sch-S""}",76.0,0,0,OBJECT,Sch-S,UNKNOWN
lock_acquired,2026-09-11 10:42:13.825,0,0.0,0.0,0,"{""event_name"": ""lock_acquired"", ""timestamp"": ""2026-09-11 10:42:13.825"", ""session_id"": 76, ""resource_type"": ""OBJECT"", ""mode"": ""IX""}",76.0,0,0,OBJECT,IX,UNKNOWN
lock_acquired,2026-09-11 10:42:13.825,0,0.0,0.0,0,"{""event_name"": ""lock_acquired"", ""timestamp"": ""2026-09-11 10:42:13.825"", ""session_id"": 76, ""resource_type"": ""PAGE"", ""mode"": ""S""}",76.0,0,0,PAGE,S,UNKNOWN
lock_released,2026-09-11 10:42:13.825,0,0.0,0.0,0,"{""event_name"": ""lock_released"", ""timestamp"": ""2026-09-11 10:42:13.825"", ""session_id"": 76, ""resource_type"": ""METADATA"", ""mode"": ""Sch-S""}",76.0,0,0,METADATA,Sch-S,UNKNOWN
lock_released,2026-09-11 10:42:13.825,0,0.0,0.0,0,"{""event_name"": ""lock_released"", ""timestamp"": ""2026-09-11 10:42:13.825"", ""session_id"": 76, ""resource_type"": ""OBJECT"", ""mode"": ""Sch-S""}",76.0,0,0,OBJECT,Sch-S,UNKNOWN
logout,2026-09-11 10:42:18.876,0,0.0,0.0,0,"{""event_name"": ""logout"", ""timestamp"": ""2026-09-11 10:42:18.876"", ""session_id"": 85}",85.0,0,0,0,0,UNKNOWN
lock_acquired,2026-09-11 10:42:18.876,0,0.0,0.0,0,"{""event_name"": ""lock_acquired"", ""timestamp"": ""2026-09-11 10:42:18.876"", ""session_id"": 76, ""resource_type"": ""PAGE"", ""mode"": ""IX""}",76.0,0,0,PAGE,IX,UNKNOWN
lock_acquired,2026-09-11 10:42:18.876,0,0.0,0.0,0,"{""event_name"": ""lock_acquired"", ""timestamp"": ""2026-09-11 10:42:18.876"", ""session_id"": 76, ""resource_type"": ""KEY"", ""mode"": ""X""}",76.0,0,0,KEY,X,UNKNOWN
lock_released,2026-09-11 10:42:18.876,0,0.0,0.0,0,"{""event_name"": ""lock_released"", ""timestamp"": ""2026-09-11 10:42:18.876"", ""session_id"": 85, ""resource_type"": ""DATABASE"", ""mode"": ""S""}",85.0,0,0,DATABASE,S,UNKNOWN
lock_released,2026-09-11 10:42:18.876,0,0.0,0.0,0,"{""event_name"": ""lock_released"", ""timestamp"": ""2026-09-11 10:42:18.876"", ""session_id"": 76, ""resource_type"": ""PAGE"", ""mode"": ""S""}",76.0,0,0,PAGE,S,UNKNOWN
logout,2026-09-11 10:42:23.917,0,0.0,0.0,0,"{""event_name"": ""logout"", ""timestamp"": ""2026-09-11 10:42:23.917"", ""session_id"": 70}",70.0,0,0,0,0,UNKNOWN
logout,2026-09-11 10:42:23.917,0,0.0,0.0,0,"{""event_name"": ""logout"", ""timestamp"": ""2026-09-11 10:42:23.917"", ""session_id"": 75}",75.0,0,0,0,0,UNKNOWN
logout,2026-09-11 10:42:23.917,0,0.0,0.0,0,"{""event_name"": ""logout"", ""timestamp"": ""2026-09-11 10:42:23.917"", ""session_id"": 76}",76.0,0,0,0,0,UNKNOWN
logout,2026-09-11 10:42:23.917,0,0.0,0.0,0,"{""event_name"": ""logout"", ""timestamp"": ""2026-09-11 10:42:23.917"", ""session_id"": 77}",77.0,0,0,0,0,UNKNOWN
logout,2026-09-11 10:42:23.917,0,0.0,0.0,0,"{""event_name"": ""logout"", ""timestamp"": ""2026-09-11 10:42:23.917"", ""session_id"": 78}",78.0,0,0,0,0,UNKNOWN
logout,2026-09-11 10:42:23.917,0,0.0,0.0,0,"{""event_name"": ""logout"", ""timestamp"": ""2026-09-11 10:42:23.917"", ""session_id"": 79}",79.0,0,0,0,0,UNKNOWN
logout,2026-09-11 10:42:23.917,0,0.0,0.0,0,"{""event_name"": ""logout"", ""timestamp"": ""2026-09-11 10:42:23.917"", ""session_id"": 81}",81.0,0,0,0,0,UNKNOWN
logout,2026-09-11 10:42:23.917,0,0.0,0.0,0,"{""event_name"": ""logout"", ""timestamp"": ""2026-09-11 10:42:23.917"", ""session_id"": 82}",82.0,0,0,0,0,UNKNOWN
logout,2026-09-11 10:42:23.917,0,0.0,0.0,0,"{""event_name"": ""logout"", ""timestamp"": ""2026-09-11 10:42:23.917"", ""session_id"": 83}",83.0,0,0,0,0,UNKNOWN
logout,2026-09-11 10:42:23.917,0,0.0,0.0,0,"{""event_name"": ""logout"", ""timestamp"": ""2026-09-11 10:42:23.917"", ""session_id"": 84}",84.0,0,0,0,0,UNKNOWN
logout,2026-09-11 10:42:23.917,0,0.0,0.0,0,"{""event_name"": ""logout"", ""timestamp"": ""2026-09-11 10:42:23.917"", ""session_id"": 86}",86.0,0,0,0,0,UNKNOWN
logout,2026-09-11 10:42:23.917,0,0.0,0.0,0,"{""event_name"": ""logout"", ""timestamp"": ""2026-09-11 10:42:23.917"", ""session_id"": 89}",89.0,0,0,0,0,UNKNOWN
lock_released,2026-09-11 10:42:23.917,0,0.0,0.0,0,"{""event_name"": ""lock_released"", ""timestamp"": ""2026-09-11 10:42:23.917"", ""session_id"": 77, ""resource_type"": ""DATABASE"", ""mode"": ""S""}",77.0,0,0,DATABASE,S,UNKNOWN
lock_released,2026-09-11 10:42:23.917,0,0.0,0.0,0,"{""event_name"": ""lock_released"", ""timestamp"": ""2026-09-11 10:42:23.917"", ""session_id"": 70, ""resource_type"": ""DATABASE"", ""mode"": ""S""}",70.0,0,0,DATABASE,S,UNKNOWN
lock_released,2026-09-11 10:42:23.917,0,0.0,0.0,0,"{""event_name"": ""lock_released"", ""timestamp"": ""2026-09-11 10:42:23.917"", ""session_id"": 82, ""resource_type"": ""DATABASE"", ""mode"": ""S""}",82.0,0,0,DATABASE,S,UNKNOWN
lock_released,2026-09-11 10:42:23.917,0,0.0,0.0,0,"{""event_name"": ""lock_released"", ""timestamp"": ""2026-09-11 10:42:23.917"", ""session_id"": 76, ""resource_type"": ""OBJECT"", ""mode"": ""IX""}",76.0,0,0,OBJECT,IX,UNKNOWN
lock_released,2026-09-11 10:42:23.917,0,0.0,0.0,0,"{""event_name"": ""lock_released"", ""timestamp"": ""2026-09-11 10:42:23.917"", ""session_id"": 83, ""resource_type"": ""DATABASE"", ""mode"": ""S""}",83.0,0,0,DATABASE,S,UNKNOWN
lock_released,2026-09-11 10:42:23.917,0,0.0,0.0,0,"{""event_name"": ""lock_released"", ""timestamp"": ""2026-09-11 10:42:23.917"", ""session_id"": 86, ""resource_type"": ""DATABASE"", ""mode"": ""S""}",86.0,0,0,DATABASE,S,UNKNOWN
lock_released,2026-09-11 10:42:23.917,0,0.0,0.0,0,"{""event_name"": ""lock_released"", ""timestamp"": ""2026-09-11 10:42:23.917"", ""session_id"": 76, ""resource_type"": ""DATABASE"", ""mode"": ""S""}",76.0,0,0,DATABASE,S,UNKNOWN
lock_released,2026-09-11 10:42:23.917,0,0.0,0.0,0,"{""event_name"": ""lock_released"", ""timestamp"": ""2026-09-11 10:42:23.917"", ""session_id"": 76, ""resource_type"": ""PAGE"", ""mode"": ""IX""}",76.0,0,0,PAGE,IX,UNKNOWN
lock_released,2026-09-11 10:42:23.917,0,0.0,0.0,0,"{""event_name"": ""lock_released"", ""timestamp"": ""2026-09-11 10:42:23.917"", ""session_id"": 89, ""resource_type"": ""DATABASE"", ""mode"": ""S""}",89.0,0,0,DATABASE,S,UNKNOWN
lock_released,2026-09-11 10:42:23.917,0,0.0,0.0,0,"{""event_name"": ""lock_released"", ""timestamp"": ""2026-09-11 10:42:23.917"", ""session_id"": 81, ""resource_type"": ""DATABASE"", ""mode"": ""S""}",81.0,0,0,DATABASE,S,UNKNOWN
lock_released,2026-09-11 10:42:23.917,0,0.0,0.0,0,"{""event_name"": ""lock_released"", ""timestamp"": ""2026-09-11 10:42:23.917"", ""session_id"": 84, ""resource_type"": ""DATABASE"", ""mode"": ""S""}",84.0,0,0,DATABASE,S,UNKNOWN
lock_released,2026-09-11 10:42:23.917,0,0.0,0.0,0,"{""event_name"": ""lock_released"", ""timestamp"": ""2026-09-11 10:42:23.917"", ""session_id"": 76, ""resource_type"": ""KEY"", ""mode"": ""X""}",76.0,0,0,KEY,X,UNKNOWN
lock_released,2026-09-11 10:42:23.917,0,0.0,0.0,0,"{""event_name"": ""lock_released"", ""timestamp"": ""2026-09-11 10:42:23.917"", ""session_id"": 78, ""resource_type"": ""DATABASE"", ""mode"": ""S""}",78.0,0,0,DATABASE,S,UNKNOWN
lock_released,2026-09-11 10:42:23.917,0,0.0,0.0,0,"{""event_name"": ""lock_released"", ""timestamp"": ""2026-09-11 10:42:23.917"", ""session_id"": 75, ""resource_type"": ""DATABASE"", ""mode"": ""S""}",75.0,0,0,DATABASE,S,UNKNOWN
lock_released,2026-09-11 10:42:23.917,0,0.0,0.0,0,"{""event_name"": ""lock_released"", ""timestamp"": ""2026-09-11 10:42:23.917"", ""session_id"": 79, ""resource_type"": ""DATABASE"", ""mode"": ""S""}",79.0,0,0,DATABASE,S,UNKNOWN
