timestamp,metrica,valor
2026-09-23 11:09:47,cpu_usr,19.4
2026-09-23 11:09:47,cpu_sys,27.2
2026-09-23 11:09:47,cpu_idl,50.1
2026-09-23 11:09:47,cpu_wai,0.0
2026-09-23 11:09:47,cpu_stl,0.0
2026-09-23 11:09:47,memory_percent,87.4
2026-09-23 11:09:47,memory_used_mb,14112.0
2026-09-23 11:09:47,memory_available_mb,2036.0
2026-09-23 11:09:47,disk_read_per_sec,40015.0
2026-09-23 11:09:47,disk_write_per_sec,2050748.0
2026-09-23 11:09:47,net_send_per_sec,0.0
2026-09-23 11:09:47,net_recv_per_sec,0.0
2026-09-23 11:09:47,load1,0.0
2026-09-23 11:09:47,load5,0.0
2026-09-23 11:09:47,load15,0.0
2026-09-23 11:09:47,active_sessions,24.0
2026-09-23 11:09:47,active_requests,20.0
2026-09-23 11:09:47,long_queries,19.0
2026-09-23 11:09:47,long_transactions,19.0
2026-09-23 11:09:47,idle_sessions,23.0
2026-09-23 11:09:47,lock_waits,0.0
2026-09-23 11:09:47,total_locks,4.0
2026-09-23 11:09:47,deadlocks_per_sec,0.0
2026-09-23 11:09:47,page_life_expectancy,657.0
2026-09-23 11:09:47,buffer_cache_hit_ratio,100.0
2026-09-23 11:09:47,database_size_mb,0.0
2026-09-23 11:09:47,total_reads,1360.0
2026-09-23 11:09:47,total_writes,7392.0
2026-09-23 11:09:47,venta_locks,0.0
2026-09-23 11:09:47,detalle_venta_locks,0.0
2026-09-23 11:09:47,inventario_locks,0.0
2026-09-23 11:09:47,kardex_locks,0.0
2026-09-23 11:09:47,caja_locks,0.0
2026-09-23 11:09:47,movimiento_caja_locks,0.0
2026-09-23 11:09:47,auditoria_locks,0.0
2026-09-23 11:09:47,api_status,0.0
2026-09-23 11:09:47,api_latency_ms,0.0
2026-09-23 11:09:47,products_count,0.0
2026-09-23 11:09:47,sales_count,0.0
2026-09-23 11:09:53,cpu_usr,9.7
2026-09-23 11:09:53,cpu_sys,17.8
2026-09-23 11:09:53,cpu_idl,71.3
2026-09-23 11:09:53,cpu_wai,0.0
2026-09-23 11:09:53,cpu_stl,0.0
2026-09-23 11:09:53,memory_percent,87.3
2026-09-23 11:09:53,memory_used_mb,14094.0
2026-09-23 11:09:53,memory_available_mb,2054.0
2026-09-23 11:09:53,disk_read_per_sec,385058.0
2026-09-23 11:09:53,disk_write_per_sec,482829.0
2026-09-23 11:09:53,net_send_per_sec,6551.0
2026-09-23 11:09:53,net_recv_per_sec,7835.0
2026-09-23 11:09:53,load1,0.08
2026-09-23 11:09:53,load5,0.02
2026-09-23 11:09:53,load15,0.01
2026-09-23 11:09:53,active_sessions,28.0
2026-09-23 11:09:53,active_requests,22.0
2026-09-23 11:09:53,long_queries,19.0
2026-09-23 11:09:53,long_transactions,19.0
2026-09-23 11:09:53,idle_sessions,26.0
2026-09-23 11:09:53,lock_waits,0.0
2026-09-23 11:09:53,total_locks,25.0
2026-09-23 11:09:53,deadlocks_per_sec,0.0
2026-09-23 11:09:53,page_life_expectancy,662.0
2026-09-23 11:09:53,buffer_cache_hit_ratio,100.0
2026-09-23 11:09:53,transactions_per_sec,115.26
2026-09-23 11:09:53,page_reads_per_sec,0.0
2026-09-23 11:09:53,page_writes_per_sec,0.0
2026-09-23 11:09:53,rollbacks_per_sec,0.0
2026-09-23 11:09:53,batch_requests_per_sec,0.0
2026-09-23 11:09:53,sql_compilations_per_sec,0.0
2026-09-23 11:09:53,database_size_mb,0.0
2026-09-23 11:09:53,total_reads,1360.0
2026-09-23 11:09:53,total_writes,7432.0
2026-09-23 11:09:53,venta_locks,0.0
2026-09-23 11:09:53,detalle_venta_locks,0.0
2026-09-23 11:09:53,inventario_locks,0.0
2026-09-23 11:09:53,kardex_locks,0.0
2026-09-23 11:09:53,caja_locks,0.0
2026-09-23 11:09:53,movimiento_caja_locks,0.0
2026-09-23 11:09:53,auditoria_locks,0.0
2026-09-23 11:09:53,api_status,0.0
2026-09-23 11:09:53,api_latency_ms,0.0
2026-09-23 11:09:53,products_count,0.0
2026-09-23 11:09:53,sales_count,0.0
2026-09-23 11:09:58,cpu_usr,8.7
2026-09-23 11:09:58,cpu_sys,31.5
2026-09-23 11:09:58,cpu_idl,58.0
2026-09-23 11:09:58,cpu_wai,0.0
2026-09-23 11:09:58,cpu_stl,0.0
2026-09-23 11:09:58,memory_percent,87.2
2026-09-23 11:09:58,memory_used_mb,14075.0
2026-09-23 11:09:58,memory_available_mb,2072.0
2026-09-23 11:09:58,disk_read_per_sec,14102.0
2026-09-23 11:09:58,disk_write_per_sec,565722.0
2026-09-23 11:09:58,net_send_per_sec,4399.0
2026-09-23 11:09:58,net_recv_per_sec,3897.0
2026-09-23 11:09:58,load1,0.07
2026-09-23 11:09:58,load5,0.02
2026-09-23 11:09:58,load15,0.01
2026-09-23 11:09:58,active_sessions,28.0
2026-09-23 11:09:58,active_requests,22.0
2026-09-23 11:09:58,long_queries,19.0
2026-09-23 11:09:58,long_transactions,19.0
2026-09-23 11:09:58,idle_sessions,24.0
2026-09-23 11:09:58,lock_waits,0.0
2026-09-23 11:09:58,total_locks,16.0
2026-09-23 11:09:58,deadlocks_per_sec,0.0
2026-09-23 11:09:58,page_life_expectancy,668.0
2026-09-23 11:09:58,buffer_cache_hit_ratio,100.0
2026-09-23 11:09:58,transactions_per_sec,273.71
2026-09-23 11:09:58,page_reads_per_sec,0.0
2026-09-23 11:09:58,page_writes_per_sec,0.0
2026-09-23 11:09:58,rollbacks_per_sec,0.0
2026-09-23 11:09:58,batch_requests_per_sec,0.0
2026-09-23 11:09:58,sql_compilations_per_sec,0.0
2026-09-23 11:09:58,database_size_mb,0.0
2026-09-23 11:09:58,total_reads,1360.0
2026-09-23 11:09:58,total_writes,7537.0
2026-09-23 11:09:58,venta_locks,0.0
2026-09-23 11:09:58,detalle_venta_locks,0.0
2026-09-23 11:09:58,inventario_locks,0.0
2026-09-23 11:09:58,kardex_locks,0.0
2026-09-23 11:09:58,caja_locks,0.0
2026-09-23 11:09:58,movimiento_caja_locks,0.0
2026-09-23 11:09:58,auditoria_locks,0.0
2026-09-23 11:09:58,api_status,0.0
2026-09-23 11:09:58,api_latency_ms,4575.0
2026-09-23 11:09:58,products_count,0.0
2026-09-23 11:09:58,sales_count,0.0
2026-09-23 11:10:03,cpu_usr,8.1
2026-09-23 11:10:03,cpu_sys,35.2
2026-09-23 11:10:03,cpu_idl,54.9
2026-09-23 11:10:03,cpu_wai,0.0
2026-09-23 11:10:03,cpu_stl,0.0
2026-09-23 11:10:03,memory_percent,87.1
2026-09-23 11:10:03,memory_used_mb,14060.0
2026-09-23 11:10:03,memory_available_mb,2087.0
2026-09-23 11:10:03,disk_read_per_sec,25298.0
2026-09-23 11:10:03,disk_write_per_sec,705680.0
2026-09-23 11:10:03,net_send_per_sec,2289.0
2026-09-23 11:10:03,net_recv_per_sec,2371.0
2026-09-23 11:10:03,load1,0.07
2026-09-23 11:10:03,load5,0.02
2026-09-23 11:10:03,load15,0.01
2026-09-23 11:10:03,active_sessions,28.0
2026-09-23 11:10:03,active_requests,23.0
2026-09-23 11:10:03,long_queries,19.0
2026-09-23 11:10:03,long_transactions,19.0
2026-09-23 11:10:03,idle_sessions,24.0
2026-09-23 11:10:03,lock_waits,0.0
2026-09-23 11:10:03,total_locks,30.0
2026-09-23 11:10:03,deadlocks_per_sec,0.0
2026-09-23 11:10:03,page_life_expectancy,673.0
2026-09-23 11:10:03,buffer_cache_hit_ratio,100.0
2026-09-23 11:10:03,transactions_per_sec,274.16
2026-09-23 11:10:03,page_reads_per_sec,0.0
2026-09-23 11:10:03,page_writes_per_sec,0.0
2026-09-23 11:10:03,rollbacks_per_sec,0.0
2026-09-23 11:10:03,batch_requests_per_sec,0.0
2026-09-23 11:10:03,sql_compilations_per_sec,0.0
2026-09-23 11:10:03,database_size_mb,0.0
2026-09-23 11:10:03,total_reads,1360.0
2026-09-23 11:10:03,total_writes,7652.0
2026-09-23 11:10:03,venta_locks,0.0
2026-09-23 11:10:03,detalle_venta_locks,0.0
2026-09-23 11:10:03,inventario_locks,0.0
2026-09-23 11:10:03,kardex_locks,0.0
2026-09-23 11:10:03,caja_locks,0.0
2026-09-23 11:10:03,movimiento_caja_locks,0.0
2026-09-23 11:10:03,auditoria_locks,0.0
2026-09-23 11:10:03,api_status,0.0
2026-09-23 11:10:03,api_latency_ms,4575.0
2026-09-23 11:10:03,products_count,0.0
2026-09-23 11:10:03,sales_count,0.0
2026-09-23 11:10:08,cpu_usr,9.6
2026-09-23 11:10:08,cpu_sys,33.3
2026-09-23 11:10:08,cpu_idl,55.0
2026-09-23 11:10:08,cpu_wai,0.0
2026-09-23 11:10:08,cpu_stl,0.0
2026-09-23 11:10:08,memory_percent,87.1
2026-09-23 11:10:08,memory_used_mb,14063.0
2026-09-23 11:10:08,memory_available_mb,2084.0
2026-09-23 11:10:08,disk_read_per_sec,177414.0
2026-09-23 11:10:08,disk_write_per_sec,870988.0
2026-09-23 11:10:08,net_send_per_sec,5676.0
2026-09-23 11:10:08,net_recv_per_sec,5866.0
2026-09-23 11:10:08,load1,0.06
2026-09-23 11:10:08,load5,0.02
2026-09-23 11:10:08,load15,0.01
2026-09-23 11:10:08,active_sessions,28.0
2026-09-23 11:10:08,active_requests,21.0
2026-09-23 11:10:08,long_queries,19.0
2026-09-23 11:10:08,long_transactions,19.0
2026-09-23 11:10:08,idle_sessions,25.0
2026-09-23 11:10:08,lock_waits,0.0
2026-09-23 11:10:08,total_locks,22.0
2026-09-23 11:10:08,deadlocks_per_sec,0.0
2026-09-23 11:10:08,page_life_expectancy,678.0
2026-09-23 11:10:08,buffer_cache_hit_ratio,100.0
2026-09-23 11:10:08,transactions_per_sec,272.19
2026-09-23 11:10:08,page_reads_per_sec,0.0
2026-09-23 11:10:08,page_writes_per_sec,0.0
2026-09-23 11:10:08,rollbacks_per_sec,0.0
2026-09-23 11:10:08,batch_requests_per_sec,0.0
2026-09-23 11:10:08,sql_compilations_per_sec,0.0
2026-09-23 11:10:08,database_size_mb,0.0
2026-09-23 11:10:08,total_reads,1360.0
2026-09-23 11:10:08,total_writes,7766.0
2026-09-23 11:10:08,venta_locks,0.0
2026-09-23 11:10:08,detalle_venta_locks,0.0
2026-09-23 11:10:08,inventario_locks,0.0
2026-09-23 11:10:08,kardex_locks,0.0
2026-09-23 11:10:08,caja_locks,0.0
2026-09-23 11:10:08,movimiento_caja_locks,0.0
2026-09-23 11:10:08,auditoria_locks,0.0
2026-09-23 11:10:08,api_status,0.0
2026-09-23 11:10:08,api_latency_ms,4575.0
2026-09-23 11:10:08,products_count,0.0
2026-09-23 11:10:08,sales_count,0.0
2026-09-23 11:10:14,cpu_usr,9.6
2026-09-23 11:10:14,cpu_sys,34.8
2026-09-23 11:10:14,cpu_idl,53.7
2026-09-23 11:10:14,cpu_wai,0.0
2026-09-23 11:10:14,cpu_stl,0.0
2026-09-23 11:10:14,memory_percent,87.6
2026-09-23 11:10:14,memory_used_mb,14143.0
2026-09-23 11:10:14,memory_available_mb,2004.0
2026-09-23 11:10:14,disk_read_per_sec,258002.0
2026-09-23 11:10:14,disk_write_per_sec,681620.0
2026-09-23 11:10:14,net_send_per_sec,4554.0
2026-09-23 11:10:14,net_recv_per_sec,7983.0
2026-09-23 11:10:14,load1,0.06
2026-09-23 11:10:14,load5,0.02
2026-09-23 11:10:14,load15,0.01
2026-09-23 11:10:14,active_sessions,28.0
2026-09-23 11:10:14,active_requests,23.0
2026-09-23 11:10:14,long_queries,19.0
2026-09-23 11:10:14,long_transactions,19.0
2026-09-23 11:10:14,idle_sessions,24.0
2026-09-23 11:10:14,lock_waits,0.0
2026-09-23 11:10:14,total_locks,62.0
2026-09-23 11:10:14,deadlocks_per_sec,0.0
2026-09-23 11:10:14,page_life_expectancy,683.0
2026-09-23 11:10:14,buffer_cache_hit_ratio,100.0
2026-09-23 11:10:14,transactions_per_sec,245.02
2026-09-23 11:10:14,page_reads_per_sec,0.0
2026-09-23 11:10:14,page_writes_per_sec,0.0
2026-09-23 11:10:14,rollbacks_per_sec,0.0
2026-09-23 11:10:14,batch_requests_per_sec,0.0
2026-09-23 11:10:14,sql_compilations_per_sec,0.0
2026-09-23 11:10:14,database_size_mb,0.0
2026-09-23 11:10:14,total_reads,1360.0
2026-09-23 11:10:14,total_writes,7873.0
2026-09-23 11:10:14,venta_locks,0.0
2026-09-23 11:10:14,detalle_venta_locks,0.0
2026-09-23 11:10:14,inventario_locks,0.0
2026-09-23 11:10:14,kardex_locks,0.0
2026-09-23 11:10:14,caja_locks,0.0
2026-09-23 11:10:14,movimiento_caja_locks,0.0
2026-09-23 11:10:14,auditoria_locks,0.0
2026-09-23 11:10:14,api_status,0.0
2026-09-23 11:10:14,api_latency_ms,4051.0
2026-09-23 11:10:14,products_count,0.0
2026-09-23 11:10:14,sales_count,0.0
2026-09-23 11:10:19,cpu_usr,9.5
2026-09-23 11:10:19,cpu_sys,31.9
2026-09-23 11:10:19,cpu_idl,56.5
2026-09-23 11:10:19,cpu_wai,0.0
2026-09-23 11:10:19,cpu_stl,0.0
2026-09-23 11:10:19,memory_percent,87.4
2026-09-23 11:10:19,memory_used_mb,14109.0
2026-09-23 11:10:19,memory_available_mb,2039.0
2026-09-23 11:10:19,disk_read_per_sec,252746.0
2026-09-23 11:10:19,disk_write_per_sec,612902.0
2026-09-23 11:10:19,net_send_per_sec,5904.0
2026-09-23 11:10:19,net_recv_per_sec,24744.0
2026-09-23 11:10:19,load1,0.05
2026-09-23 11:10:19,load5,0.02
2026-09-23 11:10:19,load15,0.01
2026-09-23 11:10:19,active_sessions,28.0
2026-09-23 11:10:19,active_requests,21.0
2026-09-23 11:10:19,long_queries,19.0
2026-09-23 11:10:19,long_transactions,19.0
2026-09-23 11:10:19,idle_sessions,27.0
2026-09-23 11:10:19,lock_waits,0.0
2026-09-23 11:10:19,total_locks,19.0
2026-09-23 11:10:19,deadlocks_per_sec,0.0
2026-09-23 11:10:19,page_life_expectancy,688.0
2026-09-23 11:10:19,buffer_cache_hit_ratio,100.0
2026-09-23 11:10:19,transactions_per_sec,249.21
2026-09-23 11:10:19,page_reads_per_sec,0.0
2026-09-23 11:10:19,page_writes_per_sec,0.0
2026-09-23 11:10:19,rollbacks_per_sec,0.0
2026-09-23 11:10:19,batch_requests_per_sec,0.0
2026-09-23 11:10:19,sql_compilations_per_sec,0.0
2026-09-23 11:10:19,database_size_mb,0.0
2026-09-23 11:10:19,total_reads,1360.0
2026-09-23 11:10:19,total_writes,7981.0
2026-09-23 11:10:19,venta_locks,0.0
2026-09-23 11:10:19,detalle_venta_locks,0.0
2026-09-23 11:10:19,inventario_locks,0.0
2026-09-23 11:10:19,kardex_locks,0.0
2026-09-23 11:10:19,caja_locks,0.0
2026-09-23 11:10:19,movimiento_caja_locks,0.0
2026-09-23 11:10:19,auditoria_locks,0.0
2026-09-23 11:10:19,api_status,0.0
2026-09-23 11:10:19,api_latency_ms,4051.0
2026-09-23 11:10:19,products_count,0.0
2026-09-23 11:10:19,sales_count,0.0
2026-09-23 11:10:24,cpu_usr,9.7
2026-09-23 11:10:24,cpu_sys,35.8
2026-09-23 11:10:24,cpu_idl,52.6
2026-09-23 11:10:24,cpu_wai,0.0
2026-09-23 11:10:24,cpu_stl,0.0
2026-09-23 11:10:24,memory_percent,87.4
2026-09-23 11:10:24,memory_used_mb,14105.0
2026-09-23 11:10:24,memory_available_mb,2042.0
2026-09-23 11:10:24,disk_read_per_sec,20689.0
2026-09-23 11:10:24,disk_write_per_sec,606279.0
2026-09-23 11:10:24,net_send_per_sec,3882.0
2026-09-23 11:10:24,net_recv_per_sec,3957.0
2026-09-23 11:10:24,load1,0.05
2026-09-23 11:10:24,load5,0.01
2026-09-23 11:10:24,load15,0.01
2026-09-23 11:10:24,active_sessions,28.0
2026-09-23 11:10:24,active_requests,21.0
2026-09-23 11:10:24,long_queries,19.0
2026-09-23 11:10:24,long_transactions,19.0
2026-09-23 11:10:24,idle_sessions,26.0
2026-09-23 11:10:24,lock_waits,0.0
2026-09-23 11:10:24,total_locks,37.0
2026-09-23 11:10:24,deadlocks_per_sec,0.0
2026-09-23 11:10:24,page_life_expectancy,694.0
2026-09-23 11:10:24,buffer_cache_hit_ratio,100.0
2026-09-23 11:10:24,transactions_per_sec,268.23
2026-09-23 11:10:24,page_reads_per_sec,0.0
2026-09-23 11:10:24,page_writes_per_sec,0.0
2026-09-23 11:10:24,rollbacks_per_sec,0.0
2026-09-23 11:10:24,batch_requests_per_sec,0.0
2026-09-23 11:10:24,sql_compilations_per_sec,0.0
2026-09-23 11:10:24,database_size_mb,0.0
2026-09-23 11:10:24,total_reads,1360.0
2026-09-23 11:10:24,total_writes,8086.0
2026-09-23 11:10:24,venta_locks,0.0
2026-09-23 11:10:24,detalle_venta_locks,0.0
2026-09-23 11:10:24,inventario_locks,0.0
2026-09-23 11:10:24,kardex_locks,0.0
2026-09-23 11:10:24,caja_locks,0.0
2026-09-23 11:10:24,movimiento_caja_locks,0.0
2026-09-23 11:10:24,auditoria_locks,0.0
2026-09-23 11:10:24,api_status,0.0
2026-09-23 11:10:24,api_latency_ms,4064.0
2026-09-23 11:10:24,products_count,0.0
2026-09-23 11:10:24,sales_count,0.0
2026-09-23 11:10:29,cpu_usr,8.4
2026-09-23 11:10:29,cpu_sys,32.3
2026-09-23 11:10:29,cpu_idl,57.7
2026-09-23 11:10:29,cpu_wai,0.0
2026-09-23 11:10:29,cpu_stl,0.0
2026-09-23 11:10:29,memory_percent,87.6
2026-09-23 11:10:29,memory_used_mb,14149.0
2026-09-23 11:10:29,memory_available_mb,1998.0
2026-09-23 11:10:29,disk_read_per_sec,13242.0
2026-09-23 11:10:29,disk_write_per_sec,635722.0
2026-09-23 11:10:29,net_send_per_sec,6317.0
2026-09-23 11:10:29,net_recv_per_sec,6142.0
2026-09-23 11:10:29,load1,0.04
2026-09-23 11:10:29,load5,0.01
2026-09-23 11:10:29,load15,0.01
2026-09-23 11:10:29,active_sessions,28.0
2026-09-23 11:10:29,active_requests,22.0
2026-09-23 11:10:29,long_queries,19.0
2026-09-23 11:10:29,long_transactions,19.0
2026-09-23 11:10:29,idle_sessions,25.0
2026-09-23 11:10:29,lock_waits,0.0
2026-09-23 11:10:29,total_locks,34.0
2026-09-23 11:10:29,deadlocks_per_sec,0.0
2026-09-23 11:10:29,page_life_expectancy,699.0
2026-09-23 11:10:29,buffer_cache_hit_ratio,100.0
2026-09-23 11:10:29,transactions_per_sec,263.17
2026-09-23 11:10:29,page_reads_per_sec,0.0
2026-09-23 11:10:29,page_writes_per_sec,0.0
2026-09-23 11:10:29,rollbacks_per_sec,0.0
2026-09-23 11:10:29,batch_requests_per_sec,0.0
2026-09-23 11:10:29,sql_compilations_per_sec,0.0
2026-09-23 11:10:29,database_size_mb,0.0
2026-09-23 11:10:29,total_reads,1360.0
2026-09-23 11:10:29,total_writes,8197.0
2026-09-23 11:10:29,venta_locks,0.0
2026-09-23 11:10:29,detalle_venta_locks,0.0
2026-09-23 11:10:29,inventario_locks,0.0
2026-09-23 11:10:29,kardex_locks,0.0
2026-09-23 11:10:29,caja_locks,0.0
2026-09-23 11:10:29,movimiento_caja_locks,0.0
2026-09-23 11:10:29,auditoria_locks,0.0
2026-09-23 11:10:29,api_status,0.0
2026-09-23 11:10:29,api_latency_ms,4064.0
2026-09-23 11:10:29,products_count,0.0
2026-09-23 11:10:29,sales_count,0.0
2026-09-23 11:10:35,cpu_usr,10.2
2026-09-23 11:10:35,cpu_sys,31.9
2026-09-23 11:10:35,cpu_idl,55.6
2026-09-23 11:10:35,cpu_wai,0.0
2026-09-23 11:10:35,cpu_stl,0.0
2026-09-23 11:10:35,memory_percent,87.5
2026-09-23 11:10:35,memory_used_mb,14127.0
2026-09-23 11:10:35,memory_available_mb,2020.0
2026-09-23 11:10:35,disk_read_per_sec,12586.0
2026-09-23 11:10:35,disk_write_per_sec,884431.0
2026-09-23 11:10:35,net_send_per_sec,3971.0
2026-09-23 11:10:35,net_recv_per_sec,4038.0
2026-09-23 11:10:35,load1,0.04
2026-09-23 11:10:35,load5,0.01
2026-09-23 11:10:35,load15,0.01
2026-09-23 11:10:35,active_sessions,28.0
2026-09-23 11:10:35,active_requests,20.0
2026-09-23 11:10:35,long_queries,19.0
2026-09-23 11:10:35,long_transactions,19.0
2026-09-23 11:10:35,idle_sessions,26.0
2026-09-23 11:10:35,lock_waits,0.0
2026-09-23 11:10:35,total_locks,11.0
2026-09-23 11:10:35,deadlocks_per_sec,0.0
2026-09-23 11:10:35,page_life_expectancy,704.0
2026-09-23 11:10:35,buffer_cache_hit_ratio,100.0
2026-09-23 11:10:35,transactions_per_sec,244.68
2026-09-23 11:10:35,page_reads_per_sec,0.0
2026-09-23 11:10:35,page_writes_per_sec,0.0
2026-09-23 11:10:35,rollbacks_per_sec,0.0
2026-09-23 11:10:35,batch_requests_per_sec,0.0
2026-09-23 11:10:35,sql_compilations_per_sec,0.0
2026-09-23 11:10:35,database_size_mb,0.0
2026-09-23 11:10:35,total_reads,1361.0
2026-09-23 11:10:35,total_writes,8311.0
2026-09-23 11:10:35,venta_locks,0.0
2026-09-23 11:10:35,detalle_venta_locks,0.0
2026-09-23 11:10:35,inventario_locks,0.0
2026-09-23 11:10:35,kardex_locks,0.0
2026-09-23 11:10:35,caja_locks,0.0
2026-09-23 11:10:35,movimiento_caja_locks,0.0
2026-09-23 11:10:35,auditoria_locks,0.0
2026-09-23 11:10:35,api_status,0.0
2026-09-23 11:10:35,api_latency_ms,4064.0
2026-09-23 11:10:35,products_count,0.0
2026-09-23 11:10:35,sales_count,0.0
2026-09-23 11:10:40,cpu_usr,8.6
2026-09-23 11:10:40,cpu_sys,31.2
2026-09-23 11:10:40,cpu_idl,58.1
2026-09-23 11:10:40,cpu_wai,0.0
2026-09-23 11:10:40,cpu_stl,0.0
2026-09-23 11:10:40,memory_percent,87.6
2026-09-23 11:10:40,memory_used_mb,14141.0
2026-09-23 11:10:40,memory_available_mb,2006.0
2026-09-23 11:10:40,disk_read_per_sec,60385.0
2026-09-23 11:10:40,disk_write_per_sec,588094.0
2026-09-23 11:10:40,net_send_per_sec,3995.0
2026-09-23 11:10:40,net_recv_per_sec,4069.0
2026-09-23 11:10:40,load1,0.04
2026-09-23 11:10:40,load5,0.01
2026-09-23 11:10:40,load15,0.01
2026-09-23 11:10:40,active_sessions,28.0
2026-09-23 11:10:40,active_requests,22.0
2026-09-23 11:10:40,long_queries,19.0
2026-09-23 11:10:40,long_transactions,19.0
2026-09-23 11:10:40,idle_sessions,24.0
2026-09-23 11:10:40,lock_waits,2.0
2026-09-23 11:10:40,total_locks,16.0
2026-09-23 11:10:40,deadlocks_per_sec,0.0
2026-09-23 11:10:40,page_life_expectancy,709.0
2026-09-23 11:10:40,buffer_cache_hit_ratio,100.0
2026-09-23 11:10:40,transactions_per_sec,268.57
2026-09-23 11:10:40,page_reads_per_sec,0.0
2026-09-23 11:10:40,page_writes_per_sec,0.0
2026-09-23 11:10:40,rollbacks_per_sec,0.0
2026-09-23 11:10:40,batch_requests_per_sec,0.0
2026-09-23 11:10:40,sql_compilations_per_sec,0.0
2026-09-23 11:10:40,database_size_mb,0.0
2026-09-23 11:10:40,total_reads,1361.0
2026-09-23 11:10:40,total_writes,8416.0
2026-09-23 11:10:40,venta_locks,0.0
2026-09-23 11:10:40,detalle_venta_locks,0.0
2026-09-23 11:10:40,inventario_locks,0.0
2026-09-23 11:10:40,kardex_locks,0.0
2026-09-23 11:10:40,caja_locks,0.0
2026-09-23 11:10:40,movimiento_caja_locks,0.0
2026-09-23 11:10:40,auditoria_locks,0.0
2026-09-23 11:10:40,api_status,0.0
2026-09-23 11:10:40,api_latency_ms,4084.0
2026-09-23 11:10:40,products_count,0.0
2026-09-23 11:10:40,sales_count,0.0
2026-09-23 11:10:45,cpu_usr,11.4
2026-09-23 11:10:45,cpu_sys,34.9
2026-09-23 11:10:45,cpu_idl,52.1
2026-09-23 11:10:45,cpu_wai,0.0
2026-09-23 11:10:45,cpu_stl,0.0
2026-09-23 11:10:45,memory_percent,87.2
2026-09-23 11:10:45,memory_used_mb,14079.0
2026-09-23 11:10:45,memory_available_mb,2069.0
2026-09-23 11:10:45,disk_read_per_sec,25534340.0
2026-09-23 11:10:45,disk_write_per_sec,745800.0
2026-09-23 11:10:45,net_send_per_sec,4245.0
2026-09-23 11:10:45,net_recv_per_sec,5694.0
2026-09-23 11:10:45,load1,0.03
2026-09-23 11:10:45,load5,0.01
2026-09-23 11:10:45,load15,0.01
2026-09-23 11:10:45,active_sessions,28.0
2026-09-23 11:10:45,active_requests,21.0
2026-09-23 11:10:45,long_queries,19.0
2026-09-23 11:10:45,long_transactions,19.0
2026-09-23 11:10:45,idle_sessions,24.0
2026-09-23 11:10:45,lock_waits,0.0
2026-09-23 11:10:45,total_locks,24.0
2026-09-23 11:10:45,deadlocks_per_sec,0.0
2026-09-23 11:10:45,page_life_expectancy,714.0
2026-09-23 11:10:45,buffer_cache_hit_ratio,100.0
2026-09-23 11:10:45,transactions_per_sec,279.85
2026-09-23 11:10:45,page_reads_per_sec,0.0
2026-09-23 11:10:45,page_writes_per_sec,0.0
2026-09-23 11:10:45,rollbacks_per_sec,0.0
2026-09-23 11:10:45,batch_requests_per_sec,0.0
2026-09-23 11:10:45,sql_compilations_per_sec,0.0
2026-09-23 11:10:45,database_size_mb,0.0
2026-09-23 11:10:45,total_reads,1361.0
2026-09-23 11:10:45,total_writes,8532.0
2026-09-23 11:10:45,venta_locks,0.0
2026-09-23 11:10:45,detalle_venta_locks,0.0
2026-09-23 11:10:45,inventario_locks,0.0
2026-09-23 11:10:45,kardex_locks,0.0
2026-09-23 11:10:45,caja_locks,0.0
2026-09-23 11:10:45,movimiento_caja_locks,0.0
2026-09-23 11:10:45,auditoria_locks,0.0
2026-09-23 11:10:45,api_status,0.0
2026-09-23 11:10:45,api_latency_ms,4084.0
2026-09-23 11:10:45,products_count,0.0
2026-09-23 11:10:45,sales_count,0.0
2026-09-23 11:10:50,cpu_usr,10.5
2026-09-23 11:10:50,cpu_sys,32.3
2026-09-23 11:10:50,cpu_idl,55.5
2026-09-23 11:10:50,cpu_wai,0.0
2026-09-23 11:10:50,cpu_stl,0.0
2026-09-23 11:10:50,memory_percent,86.9
2026-09-23 11:10:50,memory_used_mb,14026.0
2026-09-23 11:10:50,memory_available_mb,2121.0
2026-09-23 11:10:50,disk_read_per_sec,234164.0
2026-09-23 11:10:50,disk_write_per_sec,3101092.0
2026-09-23 11:10:50,net_send_per_sec,4806.0
2026-09-23 11:10:50,net_recv_per_sec,4922.0
2026-09-23 11:10:50,load1,0.03
2026-09-23 11:10:50,load5,0.01
2026-09-23 11:10:50,load15,0.01
2026-09-23 11:10:50,active_sessions,28.0
2026-09-23 11:10:50,active_requests,23.0
2026-09-23 11:10:50,long_queries,19.0
2026-09-23 11:10:50,long_transactions,19.0
2026-09-23 11:10:50,idle_sessions,24.0
2026-09-23 11:10:50,lock_waits,0.0
2026-09-23 11:10:50,total_locks,30.0
2026-09-23 11:10:50,deadlocks_per_sec,0.0
2026-09-23 11:10:50,page_life_expectancy,720.0
2026-09-23 11:10:50,buffer_cache_hit_ratio,100.0
2026-09-23 11:10:50,transactions_per_sec,283.25
2026-09-23 11:10:50,page_reads_per_sec,0.0
2026-09-23 11:10:50,page_writes_per_sec,0.0
2026-09-23 11:10:50,rollbacks_per_sec,0.0
2026-09-23 11:10:50,batch_requests_per_sec,0.0
2026-09-23 11:10:50,sql_compilations_per_sec,0.0
2026-09-23 11:10:50,database_size_mb,0.0
2026-09-23 11:10:50,total_reads,1361.0
2026-09-23 11:10:50,total_writes,8643.0
2026-09-23 11:10:50,venta_locks,0.0
2026-09-23 11:10:50,detalle_venta_locks,0.0
2026-09-23 11:10:50,inventario_locks,0.0
2026-09-23 11:10:50,kardex_locks,0.0
2026-09-23 11:10:50,caja_locks,0.0
2026-09-23 11:10:50,movimiento_caja_locks,0.0
2026-09-23 11:10:50,auditoria_locks,0.0
2026-09-23 11:10:50,api_status,0.0
2026-09-23 11:10:50,api_latency_ms,4073.0
2026-09-23 11:10:50,products_count,0.0
2026-09-23 11:10:50,sales_count,0.0
2026-09-23 11:10:55,cpu_usr,9.2
2026-09-23 11:10:55,cpu_sys,31.6
2026-09-23 11:10:55,cpu_idl,57.3
2026-09-23 11:10:55,cpu_wai,0.0
2026-09-23 11:10:55,cpu_stl,0.0
2026-09-23 11:10:55,memory_percent,86.7
2026-09-23 11:10:55,memory_used_mb,14004.0
2026-09-23 11:10:55,memory_available_mb,2143.0
2026-09-23 11:10:55,disk_read_per_sec,24544.0
2026-09-23 11:10:55,disk_write_per_sec,650657.0
2026-09-23 11:10:55,net_send_per_sec,5443.0
2026-09-23 11:10:55,net_recv_per_sec,5522.0
2026-09-23 11:10:55,load1,0.03
2026-09-23 11:10:55,load5,0.01
2026-09-23 11:10:55,load15,0.01
2026-09-23 11:10:55,active_sessions,28.0
2026-09-23 11:10:55,active_requests,23.0
2026-09-23 11:10:55,long_queries,19.0
2026-09-23 11:10:55,long_transactions,19.0
2026-09-23 11:10:55,idle_sessions,25.0
2026-09-23 11:10:55,lock_waits,0.0
2026-09-23 11:10:55,total_locks,22.0
2026-09-23 11:10:55,deadlocks_per_sec,0.0
2026-09-23 11:10:55,page_life_expectancy,725.0
2026-09-23 11:10:55,buffer_cache_hit_ratio,100.0
2026-09-23 11:10:55,transactions_per_sec,240.46
2026-09-23 11:10:55,page_reads_per_sec,0.0
2026-09-23 11:10:55,page_writes_per_sec,0.0
2026-09-23 11:10:55,rollbacks_per_sec,0.0
2026-09-23 11:10:55,batch_requests_per_sec,0.0
2026-09-23 11:10:55,sql_compilations_per_sec,0.0
2026-09-23 11:10:55,database_size_mb,0.0
2026-09-23 11:10:55,total_reads,1361.0
2026-09-23 11:10:55,total_writes,8756.0
2026-09-23 11:10:55,venta_locks,0.0
2026-09-23 11:10:55,detalle_venta_locks,0.0
2026-09-23 11:10:55,inventario_locks,0.0
2026-09-23 11:10:55,kardex_locks,0.0
2026-09-23 11:10:55,caja_locks,0.0
2026-09-23 11:10:55,movimiento_caja_locks,0.0
2026-09-23 11:10:55,auditoria_locks,0.0
2026-09-23 11:10:55,api_status,0.0
2026-09-23 11:10:55,api_latency_ms,4073.0
2026-09-23 11:10:55,products_count,0.0
2026-09-23 11:10:55,sales_count,0.0
2026-09-23 11:11:01,cpu_usr,9.7
2026-09-23 11:11:01,cpu_sys,33.9
2026-09-23 11:11:01,cpu_idl,54.8
2026-09-23 11:11:01,cpu_wai,0.0
2026-09-23 11:11:01,cpu_stl,0.0
2026-09-23 11:11:01,memory_percent,87.3
2026-09-23 11:11:01,memory_used_mb,14089.0
2026-09-23 11:11:01,memory_available_mb,2059.0
2026-09-23 11:11:01,disk_read_per_sec,19684.0
2026-09-23 11:11:01,disk_write_per_sec,662103.0
2026-09-23 11:11:01,net_send_per_sec,6410.0
2026-09-23 11:11:01,net_recv_per_sec,6900.0
2026-09-23 11:11:01,load1,0.03
2026-09-23 11:11:01,load5,0.01
2026-09-23 11:11:01,load15,0.01
2026-09-23 11:11:01,active_sessions,28.0
2026-09-23 11:11:01,active_requests,23.0
2026-09-23 11:11:01,long_queries,19.0
2026-09-23 11:11:01,long_transactions,19.0
2026-09-23 11:11:01,idle_sessions,24.0
2026-09-23 11:11:01,lock_waits,0.0
2026-09-23 11:11:01,total_locks,26.0
2026-09-23 11:11:01,deadlocks_per_sec,0.0
2026-09-23 11:11:01,page_life_expectancy,730.0
2026-09-23 11:11:01,buffer_cache_hit_ratio,100.0
2026-09-23 11:11:01,transactions_per_sec,273.51
2026-09-23 11:11:01,page_reads_per_sec,0.0
2026-09-23 11:11:01,page_writes_per_sec,0.0
2026-09-23 11:11:01,rollbacks_per_sec,0.0
2026-09-23 11:11:01,batch_requests_per_sec,0.0
2026-09-23 11:11:01,sql_compilations_per_sec,0.0
2026-09-23 11:11:01,database_size_mb,0.0
2026-09-23 11:11:01,total_reads,1361.0
2026-09-23 11:11:01,total_writes,8849.0
2026-09-23 11:11:01,venta_locks,1.0
2026-09-23 11:11:01,detalle_venta_locks,0.0
2026-09-23 11:11:01,inventario_locks,0.0
2026-09-23 11:11:01,kardex_locks,0.0
2026-09-23 11:11:01,caja_locks,0.0
2026-09-23 11:11:01,movimiento_caja_locks,0.0
2026-09-23 11:11:01,auditoria_locks,0.0
2026-09-23 11:11:01,api_status,0.0
2026-09-23 11:11:01,api_latency_ms,4073.0
2026-09-23 11:11:01,products_count,0.0
2026-09-23 11:11:01,sales_count,0.0
2026-09-23 11:11:06,cpu_usr,7.1
2026-09-23 11:11:06,cpu_sys,33.8
2026-09-23 11:11:06,cpu_idl,57.5
2026-09-23 11:11:06,cpu_wai,0.0
2026-09-23 11:11:06,cpu_stl,0.0
2026-09-23 11:11:06,memory_percent,87.4
2026-09-23 11:11:06,memory_used_mb,14118.0
2026-09-23 11:11:06,memory_available_mb,2029.0
2026-09-23 11:11:06,disk_read_per_sec,864.0
2026-09-23 11:11:06,disk_write_per_sec,639390.0
2026-09-23 11:11:06,net_send_per_sec,3918.0
2026-09-23 11:11:06,net_recv_per_sec,3967.0
2026-09-23 11:11:06,load1,0.02
2026-09-23 11:11:06,load5,0.01
2026-09-23 11:11:06,load15,0.01
2026-09-23 11:11:06,active_sessions,27.0
2026-09-23 11:11:06,active_requests,22.0
2026-09-23 11:11:06,long_queries,19.0
2026-09-23 11:11:06,long_transactions,19.0
2026-09-23 11:11:06,idle_sessions,24.0
2026-09-23 11:11:06,lock_waits,0.0
2026-09-23 11:11:06,total_locks,25.0
2026-09-23 11:11:06,deadlocks_per_sec,0.0
2026-09-23 11:11:06,page_life_expectancy,735.0
2026-09-23 11:11:06,buffer_cache_hit_ratio,100.0
2026-09-23 11:11:06,transactions_per_sec,236.18
2026-09-23 11:11:06,page_reads_per_sec,0.0
2026-09-23 11:11:06,page_writes_per_sec,0.0
2026-09-23 11:11:06,rollbacks_per_sec,0.0
2026-09-23 11:11:06,batch_requests_per_sec,0.0
2026-09-23 11:11:06,sql_compilations_per_sec,0.0
2026-09-23 11:11:06,database_size_mb,0.0
2026-09-23 11:11:06,total_reads,1361.0
2026-09-23 11:11:06,total_writes,8937.0
2026-09-23 11:11:06,venta_locks,0.0
2026-09-23 11:11:06,detalle_venta_locks,0.0
2026-09-23 11:11:06,inventario_locks,0.0
2026-09-23 11:11:06,kardex_locks,0.0
2026-09-23 11:11:06,caja_locks,0.0
2026-09-23 11:11:06,movimiento_caja_locks,0.0
2026-09-23 11:11:06,auditoria_locks,0.0
2026-09-23 11:11:06,api_status,0.0
2026-09-23 11:11:06,api_latency_ms,4068.0
2026-09-23 11:11:06,products_count,0.0
2026-09-23 11:11:06,sales_count,0.0
2026-09-23 11:11:11,cpu_usr,7.7
2026-09-23 11:11:11,cpu_sys,32.0
2026-09-23 11:11:11,cpu_idl,58.2
2026-09-23 11:11:11,cpu_wai,0.0
2026-09-23 11:11:11,cpu_stl,0.0
2026-09-23 11:11:11,memory_percent,87.3
2026-09-23 11:11:11,memory_used_mb,14101.0
2026-09-23 11:11:11,memory_available_mb,2047.0
2026-09-23 11:11:11,disk_read_per_sec,87210.0
2026-09-23 11:11:11,disk_write_per_sec,1226620.0
2026-09-23 11:11:11,net_send_per_sec,5584.0
2026-09-23 11:11:11,net_recv_per_sec,5756.0
2026-09-23 11:11:11,load1,0.02
2026-09-23 11:11:11,load5,0.01
2026-09-23 11:11:11,load15,0.01
2026-09-23 11:11:11,active_sessions,27.0
2026-09-23 11:11:11,active_requests,22.0
2026-09-23 11:11:11,long_queries,19.0
2026-09-23 11:11:11,long_transactions,19.0
2026-09-23 11:11:11,idle_sessions,25.0
2026-09-23 11:11:11,lock_waits,0.0
2026-09-23 11:11:11,total_locks,22.0
2026-09-23 11:11:11,deadlocks_per_sec,0.0
2026-09-23 11:11:11,page_life_expectancy,740.0
2026-09-23 11:11:11,buffer_cache_hit_ratio,100.0
2026-09-23 11:11:11,transactions_per_sec,275.54
2026-09-23 11:11:11,page_reads_per_sec,0.0
2026-09-23 11:11:11,page_writes_per_sec,0.0
2026-09-23 11:11:11,rollbacks_per_sec,0.0
2026-09-23 11:11:11,batch_requests_per_sec,0.0
2026-09-23 11:11:11,sql_compilations_per_sec,0.0
2026-09-23 11:11:11,database_size_mb,0.0
2026-09-23 11:11:11,total_reads,1361.0
2026-09-23 11:11:11,total_writes,9039.0
2026-09-23 11:11:11,venta_locks,0.0
2026-09-23 11:11:11,detalle_venta_locks,0.0
2026-09-23 11:11:11,inventario_locks,0.0
2026-09-23 11:11:11,kardex_locks,0.0
2026-09-23 11:11:11,caja_locks,0.0
2026-09-23 11:11:11,movimiento_caja_locks,0.0
2026-09-23 11:11:11,auditoria_locks,0.0
2026-09-23 11:11:11,api_status,0.0
2026-09-23 11:11:11,api_latency_ms,4068.0
2026-09-23 11:11:11,products_count,0.0
2026-09-23 11:11:11,sales_count,0.0
2026-09-23 11:11:17,cpu_usr,5.9
2026-09-23 11:11:17,cpu_sys,31.2
2026-09-23 11:11:17,cpu_idl,60.6
2026-09-23 11:11:17,cpu_wai,0.0
2026-09-23 11:11:17,cpu_stl,0.0
2026-09-23 11:11:17,memory_percent,87.3
2026-09-23 11:11:17,memory_used_mb,14098.0
2026-09-23 11:11:17,memory_available_mb,2049.0
2026-09-23 11:11:17,disk_read_per_sec,884.0
2026-09-23 11:11:17,disk_write_per_sec,643506.0
2026-09-23 11:11:17,net_send_per_sec,3998.0
2026-09-23 11:11:17,net_recv_per_sec,4052.0
2026-09-23 11:11:17,load1,0.02
2026-09-23 11:11:17,load5,0.01
2026-09-23 11:11:17,load15,0.01
2026-09-23 11:11:17,active_sessions,26.0
2026-09-23 11:11:17,active_requests,23.0
2026-09-23 11:11:17,long_queries,19.0
2026-09-23 11:11:17,long_transactions,19.0
2026-09-23 11:11:17,idle_sessions,22.0
2026-09-23 11:11:17,lock_waits,0.0
2026-09-23 11:11:17,total_locks,27.0
2026-09-23 11:11:17,deadlocks_per_sec,0.0
2026-09-23 11:11:17,page_life_expectancy,746.0
2026-09-23 11:11:17,buffer_cache_hit_ratio,100.0
2026-09-23 11:11:17,transactions_per_sec,254.51
2026-09-23 11:11:17,page_reads_per_sec,0.0
2026-09-23 11:11:17,page_writes_per_sec,0.0
2026-09-23 11:11:17,rollbacks_per_sec,0.0
2026-09-23 11:11:17,batch_requests_per_sec,0.0
2026-09-23 11:11:17,sql_compilations_per_sec,0.0
2026-09-23 11:11:17,database_size_mb,0.0
2026-09-23 11:11:17,total_reads,1361.0
2026-09-23 11:11:17,total_writes,9145.0
2026-09-23 11:11:17,venta_locks,0.0
2026-09-23 11:11:17,detalle_venta_locks,0.0
2026-09-23 11:11:17,inventario_locks,0.0
2026-09-23 11:11:17,kardex_locks,0.0
2026-09-23 11:11:17,caja_locks,0.0
2026-09-23 11:11:17,movimiento_caja_locks,0.0
2026-09-23 11:11:17,auditoria_locks,0.0
2026-09-23 11:11:17,api_status,0.0
2026-09-23 11:11:17,api_latency_ms,4051.0
2026-09-23 11:11:17,products_count,0.0
2026-09-23 11:11:17,sales_count,0.0
2026-09-23 11:11:22,cpu_usr,8.2
2026-09-23 11:11:22,cpu_sys,32.4
2026-09-23 11:11:22,cpu_idl,57.2
2026-09-23 11:11:22,cpu_wai,0.0
2026-09-23 11:11:22,cpu_stl,0.0
2026-09-23 11:11:22,memory_percent,87.2
2026-09-23 11:11:22,memory_used_mb,14085.0
2026-09-23 11:11:22,memory_available_mb,2062.0
2026-09-23 11:11:22,disk_read_per_sec,883.0
2026-09-23 11:11:22,disk_write_per_sec,529895.0
2026-09-23 11:11:22,net_send_per_sec,5319.0
2026-09-23 11:11:22,net_recv_per_sec,5683.0
2026-09-23 11:11:22,load1,0.02
2026-09-23 11:11:22,load5,0.01
2026-09-23 11:11:22,load15,0.01
2026-09-23 11:11:22,active_sessions,26.0
2026-09-23 11:11:22,active_requests,23.0
2026-09-23 11:11:22,long_queries,19.0
2026-09-23 11:11:22,long_transactions,19.0
2026-09-23 11:11:22,idle_sessions,24.0
2026-09-23 11:11:22,lock_waits,0.0
2026-09-23 11:11:22,total_locks,22.0
2026-09-23 11:11:22,deadlocks_per_sec,0.0
2026-09-23 11:11:22,page_life_expectancy,751.0
2026-09-23 11:11:22,buffer_cache_hit_ratio,100.0
2026-09-23 11:11:22,transactions_per_sec,281.88
2026-09-23 11:11:22,page_reads_per_sec,0.0
2026-09-23 11:11:22,page_writes_per_sec,0.0
2026-09-23 11:11:22,rollbacks_per_sec,0.0
2026-09-23 11:11:22,batch_requests_per_sec,0.0
2026-09-23 11:11:22,sql_compilations_per_sec,0.0
2026-09-23 11:11:22,database_size_mb,0.0
2026-09-23 11:11:22,total_reads,1361.0
2026-09-23 11:11:22,total_writes,9247.0
2026-09-23 11:11:22,venta_locks,0.0
2026-09-23 11:11:22,detalle_venta_locks,0.0
2026-09-23 11:11:22,inventario_locks,0.0
2026-09-23 11:11:22,kardex_locks,0.0
2026-09-23 11:11:22,caja_locks,0.0
2026-09-23 11:11:22,movimiento_caja_locks,0.0
2026-09-23 11:11:22,auditoria_locks,0.0
2026-09-23 11:11:22,api_status,0.0
2026-09-23 11:11:22,api_latency_ms,4051.0
2026-09-23 11:11:22,products_count,0.0
2026-09-23 11:11:22,sales_count,0.0
2026-09-23 11:11:27,cpu_usr,15.1
2026-09-23 11:11:27,cpu_sys,40.3
2026-09-23 11:11:27,cpu_idl,42.8
2026-09-23 11:11:27,cpu_wai,0.0
2026-09-23 11:11:27,cpu_stl,0.0
2026-09-23 11:11:27,memory_percent,88.0
2026-09-23 11:11:27,memory_used_mb,14217.0
2026-09-23 11:11:27,memory_available_mb,1930.0
2026-09-23 11:11:27,disk_read_per_sec,19916341.0
2026-09-23 11:11:27,disk_write_per_sec,985767.0
2026-09-23 11:11:27,net_send_per_sec,2138.0
2026-09-23 11:11:27,net_recv_per_sec,2198.0
2026-09-23 11:11:27,load1,0.02
2026-09-23 11:11:27,load5,0.01
2026-09-23 11:11:27,load15,0.01
2026-09-23 11:11:27,active_sessions,26.0
2026-09-23 11:11:27,active_requests,23.0
2026-09-23 11:11:27,long_queries,19.0
2026-09-23 11:11:27,long_transactions,19.0
2026-09-23 11:11:27,idle_sessions,22.0
2026-09-23 11:11:27,lock_waits,0.0
2026-09-23 11:11:27,total_locks,20.0
2026-09-23 11:11:27,deadlocks_per_sec,0.0
2026-09-23 11:11:27,page_life_expectancy,756.0
2026-09-23 11:11:27,buffer_cache_hit_ratio,100.0
2026-09-23 11:11:27,transactions_per_sec,288.04
2026-09-23 11:11:27,page_reads_per_sec,0.0
2026-09-23 11:11:27,page_writes_per_sec,0.0
2026-09-23 11:11:27,rollbacks_per_sec,0.0
2026-09-23 11:11:27,batch_requests_per_sec,0.0
2026-09-23 11:11:27,sql_compilations_per_sec,0.0
2026-09-23 11:11:27,database_size_mb,0.0
2026-09-23 11:11:27,total_reads,1361.0
2026-09-23 11:11:27,total_writes,9371.0
2026-09-23 11:11:27,venta_locks,0.0
2026-09-23 11:11:27,detalle_venta_locks,0.0
2026-09-23 11:11:27,inventario_locks,0.0
2026-09-23 11:11:27,kardex_locks,0.0
2026-09-23 11:11:27,caja_locks,0.0
2026-09-23 11:11:27,movimiento_caja_locks,0.0
2026-09-23 11:11:27,auditoria_locks,0.0
2026-09-23 11:11:27,api_status,0.0
2026-09-23 11:11:27,api_latency_ms,4051.0
2026-09-23 11:11:27,products_count,0.0
2026-09-23 11:11:27,sales_count,0.0
2026-09-23 11:11:32,cpu_usr,8.9
2026-09-23 11:11:32,cpu_sys,33.3
2026-09-23 11:11:32,cpu_idl,55.9
2026-09-23 11:11:32,cpu_wai,0.0
2026-09-23 11:11:32,cpu_stl,0.0
2026-09-23 11:11:32,memory_percent,87.5
2026-09-23 11:11:32,memory_used_mb,14129.0
2026-09-23 11:11:32,memory_available_mb,2018.0
2026-09-23 11:11:32,disk_read_per_sec,81440.0
2026-09-23 11:11:32,disk_write_per_sec,719534.0
2026-09-23 11:11:32,net_send_per_sec,6062.0
2026-09-23 11:11:32,net_recv_per_sec,6176.0
2026-09-23 11:11:32,load1,0.02
2026-09-23 11:11:32,load5,0.01
2026-09-23 11:11:32,load15,0.0
2026-09-23 11:11:32,active_sessions,26.0
2026-09-23 11:11:32,active_requests,21.0
2026-09-23 11:11:32,long_queries,19.0
2026-09-23 11:11:32,long_transactions,19.0
2026-09-23 11:11:32,idle_sessions,24.0
2026-09-23 11:11:32,lock_waits,0.0
2026-09-23 11:11:32,total_locks,30.0
2026-09-23 11:11:32,deadlocks_per_sec,0.0
2026-09-23 11:11:32,page_life_expectancy,762.0
2026-09-23 11:11:32,buffer_cache_hit_ratio,100.0
2026-09-23 11:11:32,transactions_per_sec,280.72
2026-09-23 11:11:32,page_reads_per_sec,0.0
2026-09-23 11:11:32,page_writes_per_sec,0.0
2026-09-23 11:11:32,rollbacks_per_sec,0.0
2026-09-23 11:11:32,batch_requests_per_sec,0.0
2026-09-23 11:11:32,sql_compilations_per_sec,0.0
2026-09-23 11:11:32,database_size_mb,0.0
2026-09-23 11:11:32,total_reads,1361.0
2026-09-23 11:11:32,total_writes,9486.0
2026-09-23 11:11:32,venta_locks,0.0
2026-09-23 11:11:32,detalle_venta_locks,0.0
2026-09-23 11:11:32,inventario_locks,0.0
2026-09-23 11:11:32,kardex_locks,0.0
2026-09-23 11:11:32,caja_locks,0.0
2026-09-23 11:11:32,movimiento_caja_locks,0.0
2026-09-23 11:11:32,auditoria_locks,0.0
2026-09-23 11:11:32,api_status,0.0
2026-09-23 11:11:32,api_latency_ms,4064.0
2026-09-23 11:11:32,products_count,0.0
2026-09-23 11:11:32,sales_count,0.0
2026-09-23 11:11:37,cpu_usr,8.3
2026-09-23 11:11:37,cpu_sys,32.8
2026-09-23 11:11:37,cpu_idl,57.2
2026-09-23 11:11:37,cpu_wai,0.0
2026-09-23 11:11:37,cpu_stl,0.0
2026-09-23 11:11:37,memory_percent,87.3
2026-09-23 11:11:37,memory_used_mb,14104.0
2026-09-23 11:11:37,memory_available_mb,2043.0
2026-09-23 11:11:37,disk_read_per_sec,13461.0
2026-09-23 11:11:37,disk_write_per_sec,619519.0
2026-09-23 11:11:37,net_send_per_sec,6174.0
2026-09-23 11:11:37,net_recv_per_sec,6508.0
2026-09-23 11:11:37,load1,0.02
2026-09-23 11:11:37,load5,0.01
2026-09-23 11:11:37,load15,0.0
2026-09-23 11:11:37,active_sessions,26.0
2026-09-23 11:11:37,active_requests,23.0
2026-09-23 11:11:37,long_queries,19.0
2026-09-23 11:11:37,long_transactions,19.0
2026-09-23 11:11:37,idle_sessions,22.0
2026-09-23 11:11:37,lock_waits,0.0
2026-09-23 11:11:37,total_locks,27.0
2026-09-23 11:11:37,deadlocks_per_sec,0.0
2026-09-23 11:11:37,page_life_expectancy,767.0
2026-09-23 11:11:37,buffer_cache_hit_ratio,100.0
2026-09-23 11:11:37,transactions_per_sec,269.06
2026-09-23 11:11:37,page_reads_per_sec,0.0
2026-09-23 11:11:37,page_writes_per_sec,0.0
2026-09-23 11:11:37,rollbacks_per_sec,0.0
2026-09-23 11:11:37,batch_requests_per_sec,0.0
2026-09-23 11:11:37,sql_compilations_per_sec,0.0
2026-09-23 11:11:37,database_size_mb,0.0
2026-09-23 11:11:37,total_reads,1361.0
2026-09-23 11:11:37,total_writes,9582.0
2026-09-23 11:11:37,venta_locks,0.0
2026-09-23 11:11:37,detalle_venta_locks,0.0
2026-09-23 11:11:37,inventario_locks,0.0
2026-09-23 11:11:37,kardex_locks,0.0
2026-09-23 11:11:37,caja_locks,0.0
2026-09-23 11:11:37,movimiento_caja_locks,0.0
2026-09-23 11:11:37,auditoria_locks,0.0
2026-09-23 11:11:37,api_status,0.0
2026-09-23 11:11:37,api_latency_ms,4064.0
2026-09-23 11:11:37,products_count,0.0
2026-09-23 11:11:37,sales_count,0.0
2026-09-23 11:11:43,cpu_usr,7.7
2026-09-23 11:11:43,cpu_sys,34.1
2026-09-23 11:11:43,cpu_idl,56.3
2026-09-23 11:11:43,cpu_wai,0.0
2026-09-23 11:11:43,cpu_stl,0.0
2026-09-23 11:11:43,memory_percent,87.1
2026-09-23 11:11:43,memory_used_mb,14071.0
2026-09-23 11:11:43,memory_available_mb,2076.0
2026-09-23 11:11:43,disk_read_per_sec,182660.0
2026-09-23 11:11:43,disk_write_per_sec,7186619.0
2026-09-23 11:11:43,net_send_per_sec,3854.0
2026-09-23 11:11:43,net_recv_per_sec,3930.0
2026-09-23 11:11:43,load1,0.01
2026-09-23 11:11:43,load5,0.01
2026-09-23 11:11:43,load15,0.0
2026-09-23 11:11:43,active_sessions,26.0
2026-09-23 11:11:43,active_requests,23.0
2026-09-23 11:11:43,long_queries,19.0
2026-09-23 11:11:43,long_transactions,19.0
2026-09-23 11:11:43,idle_sessions,22.0
2026-09-23 11:11:43,lock_waits,0.0
2026-09-23 11:11:43,total_locks,24.0
2026-09-23 11:11:43,deadlocks_per_sec,0.0
2026-09-23 11:11:43,page_life_expectancy,773.0
2026-09-23 11:11:43,buffer_cache_hit_ratio,100.0
2026-09-23 11:11:43,transactions_per_sec,241.77
2026-09-23 11:11:43,page_reads_per_sec,0.0
2026-09-23 11:11:43,page_writes_per_sec,0.0
2026-09-23 11:11:43,rollbacks_per_sec,0.0
2026-09-23 11:11:43,batch_requests_per_sec,0.0
2026-09-23 11:11:43,sql_compilations_per_sec,0.0
2026-09-23 11:11:43,database_size_mb,0.0
2026-09-23 11:11:43,total_reads,1361.0
2026-09-23 11:11:43,total_writes,9685.0
2026-09-23 11:11:43,venta_locks,0.0
2026-09-23 11:11:43,detalle_venta_locks,0.0
2026-09-23 11:11:43,inventario_locks,0.0
2026-09-23 11:11:43,kardex_locks,0.0
2026-09-23 11:11:43,caja_locks,0.0
2026-09-23 11:11:43,movimiento_caja_locks,0.0
2026-09-23 11:11:43,auditoria_locks,0.0
2026-09-23 11:11:43,api_status,0.0
2026-09-23 11:11:43,api_latency_ms,4026.0
2026-09-23 11:11:43,products_count,0.0
2026-09-23 11:11:43,sales_count,0.0
2026-09-23 11:11:48,cpu_usr,8.9
2026-09-23 11:11:48,cpu_sys,33.5
2026-09-23 11:11:48,cpu_idl,56.1
2026-09-23 11:11:48,cpu_wai,0.0
2026-09-23 11:11:48,cpu_stl,0.0
2026-09-23 11:11:48,memory_percent,87.1
2026-09-23 11:11:48,memory_used_mb,14061.0
2026-09-23 11:11:48,memory_available_mb,2086.0
2026-09-23 11:11:48,disk_read_per_sec,883.0
2026-09-23 11:11:48,disk_write_per_sec,691168.0
2026-09-23 11:11:48,net_send_per_sec,4071.0
2026-09-23 11:11:48,net_recv_per_sec,4295.0
2026-09-23 11:11:48,load1,0.01
2026-09-23 11:11:48,load5,0.01
2026-09-23 11:11:48,load15,0.0
2026-09-23 11:11:48,active_sessions,26.0
2026-09-23 11:11:48,active_requests,23.0
2026-09-23 11:11:48,long_queries,19.0
2026-09-23 11:11:48,long_transactions,19.0
2026-09-23 11:11:48,idle_sessions,23.0
2026-09-23 11:11:48,lock_waits,0.0
2026-09-23 11:11:48,total_locks,27.0
2026-09-23 11:11:48,deadlocks_per_sec,0.0
2026-09-23 11:11:48,page_life_expectancy,778.0
2026-09-23 11:11:48,buffer_cache_hit_ratio,100.0
2026-09-23 11:11:48,transactions_per_sec,283.02
2026-09-23 11:11:48,page_reads_per_sec,0.0
2026-09-23 11:11:48,page_writes_per_sec,0.0
2026-09-23 11:11:48,rollbacks_per_sec,0.0
2026-09-23 11:11:48,batch_requests_per_sec,0.0
2026-09-23 11:11:48,sql_compilations_per_sec,0.0
2026-09-23 11:11:48,database_size_mb,0.0
2026-09-23 11:11:48,total_reads,1361.0
2026-09-23 11:11:48,total_writes,9796.0
2026-09-23 11:11:48,venta_locks,0.0
2026-09-23 11:11:48,detalle_venta_locks,0.0
2026-09-23 11:11:48,inventario_locks,0.0
2026-09-23 11:11:48,kardex_locks,0.0
2026-09-23 11:11:48,caja_locks,0.0
2026-09-23 11:11:48,movimiento_caja_locks,0.0
2026-09-23 11:11:48,auditoria_locks,0.0
2026-09-23 11:11:48,max_server_memory,4096.0
2026-09-23 11:11:48,user_connections_setting,0.0
2026-09-23 11:11:48,cost_threshold,5.0
2026-09-23 11:11:48,api_status,0.0
2026-09-23 11:11:48,api_latency_ms,4026.0
2026-09-23 11:11:48,products_count,0.0
2026-09-23 11:11:48,sales_count,0.0
2026-09-23 11:11:53,cpu_usr,7.1
2026-09-23 11:11:53,cpu_sys,31.7
2026-09-23 11:11:53,cpu_idl,59.3
2026-09-23 11:11:53,cpu_wai,0.0
2026-09-23 11:11:53,cpu_stl,0.0
2026-09-23 11:11:53,memory_percent,87.1
2026-09-23 11:11:53,memory_used_mb,14067.0
2026-09-23 11:11:53,memory_available_mb,2080.0
2026-09-23 11:11:53,disk_read_per_sec,3139338.0
2026-09-23 11:11:53,disk_write_per_sec,5009488.0
2026-09-23 11:11:53,net_send_per_sec,5548.0
2026-09-23 11:11:53,net_recv_per_sec,7843.0
2026-09-23 11:11:53,load1,0.01
2026-09-23 11:11:53,load5,0.01
2026-09-23 11:11:53,load15,0.0
2026-09-23 11:11:53,active_sessions,20.0
2026-09-23 11:11:53,active_requests,17.0
2026-09-23 11:11:53,long_queries,13.0
2026-09-23 11:11:53,long_transactions,13.0
2026-09-23 11:11:53,idle_sessions,16.0
2026-09-23 11:11:53,lock_waits,0.0
2026-09-23 11:11:53,total_locks,29.0
2026-09-23 11:11:53,deadlocks_per_sec,0.0
2026-09-23 11:11:53,page_life_expectancy,783.0
2026-09-23 11:11:53,buffer_cache_hit_ratio,100.0
2026-09-23 11:11:53,transactions_per_sec,282.25
2026-09-23 11:11:53,page_reads_per_sec,0.0
2026-09-23 11:11:53,page_writes_per_sec,0.0
2026-09-23 11:11:53,rollbacks_per_sec,0.0
2026-09-23 11:11:53,batch_requests_per_sec,0.0
2026-09-23 11:11:53,sql_compilations_per_sec,0.0
2026-09-23 11:11:53,database_size_mb,0.0
2026-09-23 11:11:53,total_reads,1361.0
2026-09-23 11:11:53,total_writes,9908.0
2026-09-23 11:11:53,venta_locks,0.0
2026-09-23 11:11:53,detalle_venta_locks,0.0
2026-09-23 11:11:53,inventario_locks,0.0
2026-09-23 11:11:53,kardex_locks,0.0
2026-09-23 11:11:53,caja_locks,0.0
2026-09-23 11:11:53,movimiento_caja_locks,0.0
2026-09-23 11:11:53,auditoria_locks,0.0
2026-09-23 11:11:53,api_status,0.0
2026-09-23 11:11:53,api_latency_ms,4026.0
2026-09-23 11:11:53,products_count,0.0
2026-09-23 11:11:53,sales_count,0.0
2026-09-23 11:11:58,cpu_usr,9.2
2026-09-23 11:11:58,cpu_sys,33.7
2026-09-23 11:11:58,cpu_idl,55.4
2026-09-23 11:11:58,cpu_wai,0.0
2026-09-23 11:11:58,cpu_stl,0.0
2026-09-23 11:11:58,memory_percent,86.8
2026-09-23 11:11:58,memory_used_mb,14018.0
2026-09-23 11:11:58,memory_available_mb,2129.0
2026-09-23 11:11:58,disk_read_per_sec,51384.0
2026-09-23 11:11:58,disk_write_per_sec,619474.0
2026-09-23 11:11:58,net_send_per_sec,6664.0
2026-09-23 11:11:58,net_recv_per_sec,7031.0
2026-09-23 11:11:58,load1,0.25
2026-09-23 11:11:58,load5,0.06
2026-09-23 11:11:58,load15,0.02
2026-09-23 11:11:58,active_sessions,17.0
2026-09-23 11:11:58,active_requests,12.0
2026-09-23 11:11:58,long_queries,10.0
2026-09-23 11:11:58,long_transactions,10.0
2026-09-23 11:11:58,idle_sessions,14.0
2026-09-23 11:11:58,lock_waits,0.0
2026-09-23 11:11:58,total_locks,23.0
2026-09-23 11:11:58,deadlocks_per_sec,0.0
2026-09-23 11:11:58,page_life_expectancy,788.0
2026-09-23 11:11:58,buffer_cache_hit_ratio,100.0
2026-09-23 11:11:58,transactions_per_sec,291.26
2026-09-23 11:11:58,page_reads_per_sec,0.0
2026-09-23 11:11:58,page_writes_per_sec,0.0
2026-09-23 11:11:58,rollbacks_per_sec,0.0
2026-09-23 11:11:58,batch_requests_per_sec,0.0
2026-09-23 11:11:58,sql_compilations_per_sec,0.0
2026-09-23 11:11:58,database_size_mb,0.0
2026-09-23 11:11:58,total_reads,1361.0
2026-09-23 11:11:58,total_writes,10013.0
2026-09-23 11:11:58,venta_locks,0.0
2026-09-23 11:11:58,detalle_venta_locks,0.0
2026-09-23 11:11:58,inventario_locks,0.0
2026-09-23 11:11:58,kardex_locks,0.0
2026-09-23 11:11:58,caja_locks,0.0
2026-09-23 11:11:58,movimiento_caja_locks,0.0
2026-09-23 11:11:58,auditoria_locks,0.0
2026-09-23 11:11:58,api_status,0.0
2026-09-23 11:11:58,api_latency_ms,4095.0
2026-09-23 11:11:58,products_count,0.0
2026-09-23 11:11:58,sales_count,0.0
2026-09-23 11:12:04,cpu_usr,8.4
2026-09-23 11:12:04,cpu_sys,35.5
2026-09-23 11:12:04,cpu_idl,54.2
2026-09-23 11:12:04,cpu_wai,0.0
2026-09-23 11:12:04,cpu_stl,0.0
2026-09-23 11:12:04,memory_percent,86.9
2026-09-23 11:12:04,memory_used_mb,14031.0
2026-09-23 11:12:04,memory_available_mb,2117.0
2026-09-23 11:12:04,disk_read_per_sec,206442.0
2026-09-23 11:12:04,disk_write_per_sec,609752.0
2026-09-23 11:12:04,net_send_per_sec,4546.0
2026-09-23 11:12:04,net_recv_per_sec,5524.0
2026-09-23 11:12:04,load1,0.23
2026-09-23 11:12:04,load5,0.06
2026-09-23 11:12:04,load15,0.02
2026-09-23 11:12:04,active_sessions,17.0
2026-09-23 11:12:04,active_requests,14.0
2026-09-23 11:12:04,long_queries,10.0
2026-09-23 11:12:04,long_transactions,10.0
2026-09-23 11:12:04,idle_sessions,12.0
2026-09-23 11:12:04,lock_waits,0.0
2026-09-23 11:12:04,total_locks,21.0
2026-09-23 11:12:04,deadlocks_per_sec,0.0
2026-09-23 11:12:04,page_life_expectancy,793.0
2026-09-23 11:12:04,buffer_cache_hit_ratio,100.0
2026-09-23 11:12:04,transactions_per_sec,270.2
2026-09-23 11:12:04,page_reads_per_sec,0.0
2026-09-23 11:12:04,page_writes_per_sec,0.0
2026-09-23 11:12:04,rollbacks_per_sec,0.0
2026-09-23 11:12:04,batch_requests_per_sec,0.0
2026-09-23 11:12:04,sql_compilations_per_sec,0.0
2026-09-23 11:12:04,database_size_mb,0.0
2026-09-23 11:12:04,total_reads,1361.0
2026-09-23 11:12:04,total_writes,10120.0
2026-09-23 11:12:04,venta_locks,0.0
2026-09-23 11:12:04,detalle_venta_locks,0.0
2026-09-23 11:12:04,inventario_locks,0.0
2026-09-23 11:12:04,kardex_locks,0.0
2026-09-23 11:12:04,caja_locks,0.0
2026-09-23 11:12:04,movimiento_caja_locks,0.0
2026-09-23 11:12:04,auditoria_locks,0.0
2026-09-23 11:12:04,api_status,0.0
2026-09-23 11:12:04,api_latency_ms,4095.0
2026-09-23 11:12:04,products_count,0.0
2026-09-23 11:12:04,sales_count,0.0
2026-09-23 11:12:09,cpu_usr,8.6
2026-09-23 11:12:09,cpu_sys,31.8
2026-09-23 11:12:09,cpu_idl,57.3
2026-09-23 11:12:09,cpu_wai,0.0
2026-09-23 11:12:09,cpu_stl,0.0
2026-09-23 11:12:09,memory_percent,86.9
2026-09-23 11:12:09,memory_used_mb,14037.0
2026-09-23 11:12:09,memory_available_mb,2110.0
2026-09-23 11:12:09,disk_read_per_sec,658071.0
2026-09-23 11:12:09,disk_write_per_sec,735931.0
2026-09-23 11:12:09,net_send_per_sec,3904.0
2026-09-23 11:12:09,net_recv_per_sec,4009.0
2026-09-23 11:12:09,load1,0.21
2026-09-23 11:12:09,load5,0.06
2026-09-23 11:12:09,load15,0.02
2026-09-23 11:12:09,active_sessions,17.0
2026-09-23 11:12:09,active_requests,13.0
2026-09-23 11:12:09,long_queries,10.0
2026-09-23 11:12:09,long_transactions,10.0
2026-09-23 11:12:09,idle_sessions,15.0
2026-09-23 11:12:09,lock_waits,0.0
2026-09-23 11:12:09,total_locks,11.0
2026-09-23 11:12:09,deadlocks_per_sec,0.0
2026-09-23 11:12:09,page_life_expectancy,798.0
2026-09-23 11:12:09,buffer_cache_hit_ratio,100.0
2026-09-23 11:12:09,transactions_per_sec,244.28
2026-09-23 11:12:09,page_reads_per_sec,0.0
2026-09-23 11:12:09,page_writes_per_sec,0.0
2026-09-23 11:12:09,rollbacks_per_sec,0.0
2026-09-23 11:12:09,batch_requests_per_sec,0.0
2026-09-23 11:12:09,sql_compilations_per_sec,0.0
2026-09-23 11:12:09,database_size_mb,0.0
2026-09-23 11:12:09,total_reads,1361.0
2026-09-23 11:12:09,total_writes,10218.0
2026-09-23 11:12:09,venta_locks,0.0
2026-09-23 11:12:09,detalle_venta_locks,0.0
2026-09-23 11:12:09,inventario_locks,0.0
2026-09-23 11:12:09,kardex_locks,0.0
2026-09-23 11:12:09,caja_locks,0.0
2026-09-23 11:12:09,movimiento_caja_locks,0.0
2026-09-23 11:12:09,auditoria_locks,0.0
2026-09-23 11:12:09,api_status,0.0
2026-09-23 11:12:09,api_latency_ms,4057.0
2026-09-23 11:12:09,products_count,0.0
2026-09-23 11:12:09,sales_count,0.0
2026-09-23 11:12:14,cpu_usr,7.3
2026-09-23 11:12:14,cpu_sys,32.0
2026-09-23 11:12:14,cpu_idl,59.0
2026-09-23 11:12:14,cpu_wai,0.0
2026-09-23 11:12:14,cpu_stl,0.0
2026-09-23 11:12:14,memory_percent,87.0
2026-09-23 11:12:14,memory_used_mb,14041.0
2026-09-23 11:12:14,memory_available_mb,2107.0
2026-09-23 11:12:14,disk_read_per_sec,446380.0
2026-09-23 11:12:14,disk_write_per_sec,1172959.0
2026-09-23 11:12:14,net_send_per_sec,4538.0
2026-09-23 11:12:14,net_recv_per_sec,6807.0
2026-09-23 11:12:14,load1,0.19
2026-09-23 11:12:14,load5,0.06
2026-09-23 11:12:14,load15,0.02
2026-09-23 11:12:14,active_sessions,17.0
2026-09-23 11:12:14,active_requests,13.0
2026-09-23 11:12:14,long_queries,10.0
2026-09-23 11:12:14,long_transactions,10.0
2026-09-23 11:12:14,idle_sessions,13.0
2026-09-23 11:12:14,lock_waits,0.0
2026-09-23 11:12:14,total_locks,22.0
2026-09-23 11:12:14,deadlocks_per_sec,0.0
2026-09-23 11:12:14,page_life_expectancy,803.0
2026-09-23 11:12:14,buffer_cache_hit_ratio,100.0
2026-09-23 11:12:14,transactions_per_sec,257.26
2026-09-23 11:12:14,page_reads_per_sec,0.0
2026-09-23 11:12:14,page_writes_per_sec,0.0
2026-09-23 11:12:14,rollbacks_per_sec,0.0
2026-09-23 11:12:14,batch_requests_per_sec,0.0
2026-09-23 11:12:14,sql_compilations_per_sec,0.0
2026-09-23 11:12:14,database_size_mb,0.0
2026-09-23 11:12:14,total_reads,1361.0
2026-09-23 11:12:14,total_writes,10321.0
2026-09-23 11:12:14,venta_locks,0.0
2026-09-23 11:12:14,detalle_venta_locks,0.0
2026-09-23 11:12:14,inventario_locks,0.0
2026-09-23 11:12:14,kardex_locks,0.0
2026-09-23 11:12:14,caja_locks,0.0
2026-09-23 11:12:14,movimiento_caja_locks,0.0
2026-09-23 11:12:14,auditoria_locks,0.0
2026-09-23 11:12:14,api_status,0.0
2026-09-23 11:12:14,api_latency_ms,4057.0
2026-09-23 11:12:14,products_count,0.0
2026-09-23 11:12:14,sales_count,0.0
2026-09-23 11:12:19,cpu_usr,9.7
2026-09-23 11:12:19,cpu_sys,33.4
2026-09-23 11:12:19,cpu_idl,55.0
2026-09-23 11:12:19,cpu_wai,0.0
2026-09-23 11:12:19,cpu_stl,0.0
2026-09-23 11:12:19,memory_percent,86.9
2026-09-23 11:12:19,memory_used_mb,14025.0
2026-09-23 11:12:19,memory_available_mb,2123.0
2026-09-23 11:12:19,disk_read_per_sec,884.0
2026-09-23 11:12:19,disk_write_per_sec,559430.0
2026-09-23 11:12:19,net_send_per_sec,5680.0
2026-09-23 11:12:19,net_recv_per_sec,5667.0
2026-09-23 11:12:19,load1,0.18
2026-09-23 11:12:19,load5,0.06
2026-09-23 11:12:19,load15,0.02
2026-09-23 11:12:19,active_sessions,17.0
2026-09-23 11:12:19,active_requests,14.0
2026-09-23 11:12:19,long_queries,10.0
2026-09-23 11:12:19,long_transactions,10.0
2026-09-23 11:12:19,idle_sessions,13.0
2026-09-23 11:12:19,lock_waits,0.0
2026-09-23 11:12:19,total_locks,30.0
2026-09-23 11:12:19,deadlocks_per_sec,0.0
2026-09-23 11:12:19,page_life_expectancy,809.0
2026-09-23 11:12:19,buffer_cache_hit_ratio,100.0
2026-09-23 11:12:19,transactions_per_sec,283.5
2026-09-23 11:12:19,page_reads_per_sec,0.0
2026-09-23 11:12:19,page_writes_per_sec,0.0
2026-09-23 11:12:19,rollbacks_per_sec,0.0
2026-09-23 11:12:19,batch_requests_per_sec,0.0
2026-09-23 11:12:19,sql_compilations_per_sec,0.0
2026-09-23 11:12:19,database_size_mb,0.0
2026-09-23 11:12:19,total_reads,1361.0
2026-09-23 11:12:19,total_writes,10425.0
2026-09-23 11:12:19,venta_locks,0.0
2026-09-23 11:12:19,detalle_venta_locks,0.0
2026-09-23 11:12:19,inventario_locks,0.0
2026-09-23 11:12:19,kardex_locks,0.0
2026-09-23 11:12:19,caja_locks,0.0
2026-09-23 11:12:19,movimiento_caja_locks,0.0
2026-09-23 11:12:19,auditoria_locks,0.0
2026-09-23 11:12:19,api_status,0.0
2026-09-23 11:12:19,api_latency_ms,4057.0
2026-09-23 11:12:19,products_count,0.0
2026-09-23 11:12:19,sales_count,0.0
2026-09-23 11:12:24,cpu_usr,8.4
2026-09-23 11:12:24,cpu_sys,33.1
2026-09-23 11:12:24,cpu_idl,56.8
2026-09-23 11:12:24,cpu_wai,0.0
2026-09-23 11:12:24,cpu_stl,0.0
2026-09-23 11:12:24,memory_percent,86.8
2026-09-23 11:12:24,memory_used_mb,14012.0
2026-09-23 11:12:24,memory_available_mb,2135.0
2026-09-23 11:12:24,disk_read_per_sec,392385.0
2026-09-23 11:12:24,disk_write_per_sec,579863.0
2026-09-23 11:12:24,net_send_per_sec,4297.0
2026-09-23 11:12:24,net_recv_per_sec,4446.0
2026-09-23 11:12:24,load1,0.16
2026-09-23 11:12:24,load5,0.06
2026-09-23 11:12:24,load15,0.02
2026-09-23 11:12:24,active_sessions,17.0
2026-09-23 11:12:24,active_requests,14.0
2026-09-23 11:12:24,long_queries,10.0
2026-09-23 11:12:24,long_transactions,10.0
2026-09-23 11:12:24,idle_sessions,16.0
2026-09-23 11:12:24,lock_waits,0.0
2026-09-23 11:12:24,total_locks,12.0
2026-09-23 11:12:24,deadlocks_per_sec,0.0
2026-09-23 11:12:24,page_life_expectancy,814.0
2026-09-23 11:12:24,buffer_cache_hit_ratio,100.0
2026-09-23 11:12:24,transactions_per_sec,259.43
2026-09-23 11:12:24,page_reads_per_sec,0.0
2026-09-23 11:12:24,page_writes_per_sec,0.0
2026-09-23 11:12:24,rollbacks_per_sec,0.0
2026-09-23 11:12:24,batch_requests_per_sec,0.0
2026-09-23 11:12:24,sql_compilations_per_sec,0.0
2026-09-23 11:12:24,database_size_mb,0.0
2026-09-23 11:12:24,total_reads,1361.0
2026-09-23 11:12:24,total_writes,10526.0
2026-09-23 11:12:24,venta_locks,2.0
2026-09-23 11:12:24,detalle_venta_locks,0.0
2026-09-23 11:12:24,inventario_locks,0.0
2026-09-23 11:12:24,kardex_locks,0.0
2026-09-23 11:12:24,caja_locks,0.0
2026-09-23 11:12:24,movimiento_caja_locks,0.0
2026-09-23 11:12:24,auditoria_locks,0.0
2026-09-23 11:12:24,api_status,0.0
2026-09-23 11:12:24,api_latency_ms,4077.0
2026-09-23 11:12:24,products_count,0.0
2026-09-23 11:12:24,sales_count,0.0
2026-09-23 11:12:30,cpu_usr,7.8
2026-09-23 11:12:30,cpu_sys,31.5
2026-09-23 11:12:30,cpu_idl,59.2
2026-09-23 11:12:30,cpu_wai,0.0
2026-09-23 11:12:30,cpu_stl,0.0
2026-09-23 11:12:30,memory_percent,86.6
2026-09-23 11:12:30,memory_used_mb,13991.0
2026-09-23 11:12:30,memory_available_mb,2157.0
2026-09-23 11:12:30,disk_read_per_sec,1769.0
2026-09-23 11:12:30,disk_write_per_sec,504294.0
2026-09-23 11:12:30,net_send_per_sec,4119.0
2026-09-23 11:12:30,net_recv_per_sec,4167.0
2026-09-23 11:12:30,load1,0.15
2026-09-23 11:12:30,load5,0.05
2026-09-23 11:12:30,load15,0.02
2026-09-23 11:12:30,active_sessions,17.0
2026-09-23 11:12:30,active_requests,13.0
2026-09-23 11:12:30,long_queries,10.0
2026-09-23 11:12:30,long_transactions,10.0
2026-09-23 11:12:30,idle_sessions,16.0
2026-09-23 11:12:30,lock_waits,0.0
2026-09-23 11:12:30,total_locks,16.0
2026-09-23 11:12:30,deadlocks_per_sec,0.0
2026-09-23 11:12:30,page_life_expectancy,819.0
2026-09-23 11:12:30,buffer_cache_hit_ratio,100.0
2026-09-23 11:12:30,transactions_per_sec,253.05
2026-09-23 11:12:30,page_reads_per_sec,0.0
2026-09-23 11:12:30,page_writes_per_sec,0.0
2026-09-23 11:12:30,rollbacks_per_sec,0.0
2026-09-23 11:12:30,batch_requests_per_sec,0.0
2026-09-23 11:12:30,sql_compilations_per_sec,0.0
2026-09-23 11:12:30,database_size_mb,0.0
2026-09-23 11:12:30,total_reads,1361.0
2026-09-23 11:12:30,total_writes,10618.0
2026-09-23 11:12:30,venta_locks,0.0
2026-09-23 11:12:30,detalle_venta_locks,0.0
2026-09-23 11:12:30,inventario_locks,0.0
2026-09-23 11:12:30,kardex_locks,0.0
2026-09-23 11:12:30,caja_locks,0.0
2026-09-23 11:12:30,movimiento_caja_locks,0.0
2026-09-23 11:12:30,auditoria_locks,0.0
2026-09-23 11:12:30,api_status,0.0
2026-09-23 11:12:30,api_latency_ms,4077.0
2026-09-23 11:12:30,products_count,0.0
2026-09-23 11:12:30,sales_count,0.0
2026-09-23 11:12:35,cpu_usr,6.7
2026-09-23 11:12:35,cpu_sys,32.7
2026-09-23 11:12:35,cpu_idl,58.4
2026-09-23 11:12:35,cpu_wai,0.0
2026-09-23 11:12:35,cpu_stl,0.0
2026-09-23 11:12:35,memory_percent,86.6
2026-09-23 11:12:35,memory_used_mb,13988.0
2026-09-23 11:12:35,memory_available_mb,2159.0
2026-09-23 11:12:35,disk_read_per_sec,280000.0
2026-09-23 11:12:35,disk_write_per_sec,649249.0
2026-09-23 11:12:35,net_send_per_sec,398.0
2026-09-23 11:12:35,net_recv_per_sec,592.0
2026-09-23 11:12:35,load1,0.14
2026-09-23 11:12:35,load5,0.05
2026-09-23 11:12:35,load15,0.02
2026-09-23 11:12:35,active_sessions,17.0
2026-09-23 11:12:35,active_requests,12.0
2026-09-23 11:12:35,long_queries,10.0
2026-09-23 11:12:35,long_transactions,10.0
2026-09-23 11:12:35,idle_sessions,14.0
2026-09-23 11:12:35,lock_waits,0.0
2026-09-23 11:12:35,total_locks,31.0
2026-09-23 11:12:35,deadlocks_per_sec,0.0
2026-09-23 11:12:35,page_life_expectancy,824.0
2026-09-23 11:12:35,buffer_cache_hit_ratio,100.0
2026-09-23 11:12:35,transactions_per_sec,294.58
2026-09-23 11:12:35,page_reads_per_sec,0.0
2026-09-23 11:12:35,page_writes_per_sec,0.0
2026-09-23 11:12:35,rollbacks_per_sec,0.0
2026-09-23 11:12:35,batch_requests_per_sec,0.0
2026-09-23 11:12:35,sql_compilations_per_sec,0.0
2026-09-23 11:12:35,database_size_mb,0.0
2026-09-23 11:12:35,total_reads,1361.0
2026-09-23 11:12:35,total_writes,10717.0
2026-09-23 11:12:35,venta_locks,0.0
2026-09-23 11:12:35,detalle_venta_locks,0.0
2026-09-23 11:12:35,inventario_locks,0.0
2026-09-23 11:12:35,kardex_locks,0.0
2026-09-23 11:12:35,caja_locks,0.0
2026-09-23 11:12:35,movimiento_caja_locks,0.0
2026-09-23 11:12:35,auditoria_locks,0.0
2026-09-23 11:12:35,api_status,0.0
2026-09-23 11:12:35,api_latency_ms,4060.0
2026-09-23 11:12:35,products_count,0.0
2026-09-23 11:12:35,sales_count,0.0
2026-09-23 11:12:40,cpu_usr,7.7
2026-09-23 11:12:40,cpu_sys,32.9
2026-09-23 11:12:40,cpu_idl,57.2
2026-09-23 11:12:40,cpu_wai,0.0
2026-09-23 11:12:40,cpu_stl,0.0
2026-09-23 11:12:40,memory_percent,86.6
2026-09-23 11:12:40,memory_used_mb,13988.0
2026-09-23 11:12:40,memory_available_mb,2159.0
2026-09-23 11:12:40,disk_read_per_sec,1643.0
2026-09-23 11:12:40,disk_write_per_sec,648995.0
2026-09-23 11:12:40,net_send_per_sec,77.0
2026-09-23 11:12:40,net_recv_per_sec,128.0
2026-09-23 11:12:40,load1,0.13
2026-09-23 11:12:40,load5,0.05
2026-09-23 11:12:40,load15,0.02
2026-09-23 11:12:40,active_sessions,17.0
2026-09-23 11:12:40,active_requests,12.0
2026-09-23 11:12:40,long_queries,10.0
2026-09-23 11:12:40,long_transactions,10.0
2026-09-23 11:12:40,idle_sessions,14.0
2026-09-23 11:12:40,lock_waits,0.0
2026-09-23 11:12:40,total_locks,27.0
2026-09-23 11:12:40,deadlocks_per_sec,0.0
2026-09-23 11:12:40,page_life_expectancy,829.0
2026-09-23 11:12:40,buffer_cache_hit_ratio,100.0
2026-09-23 11:12:40,transactions_per_sec,247.51
2026-09-23 11:12:40,page_reads_per_sec,0.0
2026-09-23 11:12:40,page_writes_per_sec,0.0
2026-09-23 11:12:40,rollbacks_per_sec,0.0
2026-09-23 11:12:40,batch_requests_per_sec,0.0
2026-09-23 11:12:40,sql_compilations_per_sec,0.0
2026-09-23 11:12:40,database_size_mb,0.0
2026-09-23 11:12:40,total_reads,1361.0
2026-09-23 11:12:40,total_writes,10828.0
2026-09-23 11:12:40,venta_locks,0.0
2026-09-23 11:12:40,detalle_venta_locks,0.0
2026-09-23 11:12:40,inventario_locks,0.0
2026-09-23 11:12:40,kardex_locks,0.0
2026-09-23 11:12:40,caja_locks,0.0
2026-09-23 11:12:40,movimiento_caja_locks,0.0
2026-09-23 11:12:40,auditoria_locks,0.0
2026-09-23 11:12:40,api_status,0.0
2026-09-23 11:12:40,api_latency_ms,4060.0
2026-09-23 11:12:40,products_count,0.0
2026-09-23 11:12:40,sales_count,0.0
2026-09-23 11:12:45,cpu_usr,7.1
2026-09-23 11:12:45,cpu_sys,33.7
2026-09-23 11:12:45,cpu_idl,57.1
2026-09-23 11:12:45,cpu_wai,0.0
2026-09-23 11:12:45,cpu_stl,0.0
2026-09-23 11:12:45,memory_percent,86.9
2026-09-23 11:12:45,memory_used_mb,14027.0
2026-09-23 11:12:45,memory_available_mb,2120.0
2026-09-23 11:12:45,disk_read_per_sec,1668.0
2026-09-23 11:12:45,disk_write_per_sec,941928.0
2026-09-23 11:12:45,net_send_per_sec,496.0
2026-09-23 11:12:45,net_recv_per_sec,1925.0
2026-09-23 11:12:45,load1,0.12
2026-09-23 11:12:45,load5,0.05
2026-09-23 11:12:45,load15,0.02
2026-09-23 11:12:45,active_sessions,17.0
2026-09-23 11:12:45,active_requests,14.0
2026-09-23 11:12:45,long_queries,10.0
2026-09-23 11:12:45,long_transactions,10.0
2026-09-23 11:12:45,idle_sessions,14.0
2026-09-23 11:12:45,lock_waits,0.0
2026-09-23 11:12:45,total_locks,28.0
2026-09-23 11:12:45,deadlocks_per_sec,0.0
2026-09-23 11:12:45,page_life_expectancy,835.0
2026-09-23 11:12:45,buffer_cache_hit_ratio,100.0
2026-09-23 11:12:45,transactions_per_sec,257.72
2026-09-23 11:12:45,page_reads_per_sec,0.0
2026-09-23 11:12:45,page_writes_per_sec,0.0
2026-09-23 11:12:45,rollbacks_per_sec,0.0
2026-09-23 11:12:45,batch_requests_per_sec,0.0
2026-09-23 11:12:45,sql_compilations_per_sec,0.0
2026-09-23 11:12:45,database_size_mb,0.0
2026-09-23 11:12:45,total_reads,1361.0
2026-09-23 11:12:45,total_writes,10931.0
2026-09-23 11:12:45,venta_locks,0.0
2026-09-23 11:12:45,detalle_venta_locks,0.0
2026-09-23 11:12:45,inventario_locks,0.0
2026-09-23 11:12:45,kardex_locks,0.0
2026-09-23 11:12:45,caja_locks,0.0
2026-09-23 11:12:45,movimiento_caja_locks,0.0
2026-09-23 11:12:45,auditoria_locks,0.0
2026-09-23 11:12:45,api_status,0.0
2026-09-23 11:12:45,api_latency_ms,4060.0
2026-09-23 11:12:45,products_count,0.0
2026-09-23 11:12:45,sales_count,0.0
2026-09-23 11:12:50,cpu_usr,7.5
2026-09-23 11:12:50,cpu_sys,33.7
2026-09-23 11:12:50,cpu_idl,56.6
2026-09-23 11:12:50,cpu_wai,0.0
2026-09-23 11:12:50,cpu_stl,0.0
2026-09-23 11:12:50,memory_percent,87.3
2026-09-23 11:12:50,memory_used_mb,14094.0
2026-09-23 11:12:50,memory_available_mb,2054.0
2026-09-23 11:12:50,disk_read_per_sec,880.0
2026-09-23 11:12:50,disk_write_per_sec,637902.0
2026-09-23 11:12:50,net_send_per_sec,95.0
2026-09-23 11:12:50,net_recv_per_sec,156.0
2026-09-23 11:12:50,load1,0.11
2026-09-23 11:12:50,load5,0.05
2026-09-23 11:12:50,load15,0.02
2026-09-23 11:12:50,active_sessions,17.0
2026-09-23 11:12:50,active_requests,14.0
2026-09-23 11:12:50,long_queries,10.0
2026-09-23 11:12:50,long_transactions,10.0
2026-09-23 11:12:50,idle_sessions,13.0
2026-09-23 11:12:50,lock_waits,0.0
2026-09-23 11:12:50,total_locks,27.0
2026-09-23 11:12:50,deadlocks_per_sec,0.0
2026-09-23 11:12:50,page_life_expectancy,840.0
2026-09-23 11:12:50,buffer_cache_hit_ratio,100.0
2026-09-23 11:12:50,transactions_per_sec,284.87
2026-09-23 11:12:50,page_reads_per_sec,0.0
2026-09-23 11:12:50,page_writes_per_sec,0.0
2026-09-23 11:12:50,rollbacks_per_sec,0.0
2026-09-23 11:12:50,batch_requests_per_sec,0.0
2026-09-23 11:12:50,sql_compilations_per_sec,0.0
2026-09-23 11:12:50,database_size_mb,0.0
2026-09-23 11:12:50,total_reads,1361.0
2026-09-23 11:12:50,total_writes,11037.0
2026-09-23 11:12:50,venta_locks,0.0
2026-09-23 11:12:50,detalle_venta_locks,0.0
2026-09-23 11:12:50,inventario_locks,0.0
2026-09-23 11:12:50,kardex_locks,0.0
2026-09-23 11:12:50,caja_locks,0.0
2026-09-23 11:12:50,movimiento_caja_locks,0.0
2026-09-23 11:12:50,auditoria_locks,0.0
2026-09-23 11:12:50,api_status,0.0
2026-09-23 11:12:50,api_latency_ms,4068.0
2026-09-23 11:12:50,products_count,0.0
2026-09-23 11:12:50,sales_count,0.0
2026-09-23 11:12:56,cpu_usr,8.5
2026-09-23 11:12:56,cpu_sys,37.8
2026-09-23 11:12:56,cpu_idl,52.3
2026-09-23 11:12:56,cpu_wai,0.0
2026-09-23 11:12:56,cpu_stl,0.0
2026-09-23 11:12:56,memory_percent,82.3
2026-09-23 11:12:56,memory_used_mb,13292.0
2026-09-23 11:12:56,memory_available_mb,2856.0
2026-09-23 11:12:56,disk_read_per_sec,214709.0
2026-09-23 11:12:56,disk_write_per_sec,1007420.0
2026-09-23 11:12:56,net_send_per_sec,1866.0
2026-09-23 11:12:56,net_recv_per_sec,24818.0
2026-09-23 11:12:56,load1,0.1
2026-09-23 11:12:56,load5,0.05
2026-09-23 11:12:56,load15,0.02
2026-09-23 11:12:56,active_sessions,17.0
2026-09-23 11:12:56,active_requests,13.0
2026-09-23 11:12:56,long_queries,10.0
2026-09-23 11:12:56,long_transactions,10.0
2026-09-23 11:12:56,idle_sessions,15.0
2026-09-23 11:12:56,lock_waits,2.0
2026-09-23 11:12:56,total_locks,22.0
2026-09-23 11:12:56,deadlocks_per_sec,0.0
2026-09-23 11:12:56,page_life_expectancy,845.0
2026-09-23 11:12:56,buffer_cache_hit_ratio,100.0
2026-09-23 11:12:56,transactions_per_sec,295.81
2026-09-23 11:12:56,page_reads_per_sec,0.0
2026-09-23 11:12:56,page_writes_per_sec,0.0
2026-09-23 11:12:56,rollbacks_per_sec,0.0
2026-09-23 11:12:56,batch_requests_per_sec,0.0
2026-09-23 11:12:56,sql_compilations_per_sec,0.0
2026-09-23 11:12:56,database_size_mb,0.0
2026-09-23 11:12:56,total_reads,1361.0
2026-09-23 11:12:56,total_writes,11148.0
2026-09-23 11:12:56,venta_locks,0.0
2026-09-23 11:12:56,detalle_venta_locks,0.0
2026-09-23 11:12:56,inventario_locks,0.0
2026-09-23 11:12:56,kardex_locks,0.0
2026-09-23 11:12:56,caja_locks,0.0
2026-09-23 11:12:56,movimiento_caja_locks,0.0
2026-09-23 11:12:56,auditoria_locks,0.0
2026-09-23 11:12:56,api_status,0.0
2026-09-23 11:12:56,api_latency_ms,4068.0
2026-09-23 11:12:56,products_count,0.0
2026-09-23 11:12:56,sales_count,0.0
2026-09-23 11:13:01,cpu_usr,11.6
2026-09-23 11:13:01,cpu_sys,32.9
2026-09-23 11:13:01,cpu_idl,53.7
2026-09-23 11:13:01,cpu_wai,0.0
2026-09-23 11:13:01,cpu_stl,0.0
2026-09-23 11:13:01,memory_percent,82.3
2026-09-23 11:13:01,memory_used_mb,13286.0
2026-09-23 11:13:01,memory_available_mb,2861.0
2026-09-23 11:13:01,disk_read_per_sec,106382.0
2026-09-23 11:13:01,disk_write_per_sec,624621.0
2026-09-23 11:13:01,net_send_per_sec,2024.0
2026-09-23 11:13:01,net_recv_per_sec,1819.0
2026-09-23 11:13:01,load1,0.09
2026-09-23 11:13:01,load5,0.05
2026-09-23 11:13:01,load15,0.02
2026-09-23 11:13:01,active_sessions,18.0
2026-09-23 11:13:01,active_requests,14.0
2026-09-23 11:13:01,long_queries,10.0
2026-09-23 11:13:01,long_transactions,10.0
2026-09-23 11:13:01,idle_sessions,13.0
2026-09-23 11:13:01,lock_waits,0.0
2026-09-23 11:13:01,total_locks,27.0
2026-09-23 11:13:01,deadlocks_per_sec,0.0
2026-09-23 11:13:01,page_life_expectancy,850.0
2026-09-23 11:13:01,buffer_cache_hit_ratio,100.0
2026-09-23 11:13:01,transactions_per_sec,292.44
2026-09-23 11:13:01,page_reads_per_sec,0.0
2026-09-23 11:13:01,page_writes_per_sec,0.0
2026-09-23 11:13:01,rollbacks_per_sec,0.0
2026-09-23 11:13:01,batch_requests_per_sec,0.0
2026-09-23 11:13:01,sql_compilations_per_sec,0.0
2026-09-23 11:13:01,database_size_mb,0.0
2026-09-23 11:13:01,total_reads,1361.0
2026-09-23 11:13:01,total_writes,11257.0
2026-09-23 11:13:01,venta_locks,0.0
2026-09-23 11:13:01,detalle_venta_locks,0.0
2026-09-23 11:13:01,inventario_locks,0.0
2026-09-23 11:13:01,kardex_locks,0.0
2026-09-23 11:13:01,caja_locks,0.0
2026-09-23 11:13:01,movimiento_caja_locks,0.0
2026-09-23 11:13:01,auditoria_locks,0.0
2026-09-23 11:13:01,api_status,0.0
2026-09-23 11:13:01,api_latency_ms,4061.0
2026-09-23 11:13:01,products_count,0.0
2026-09-23 11:13:01,sales_count,0.0
2026-09-23 11:13:06,cpu_usr,7.0
2026-09-23 11:13:06,cpu_sys,31.0
2026-09-23 11:13:06,cpu_idl,60.2
2026-09-23 11:13:06,cpu_wai,0.0
2026-09-23 11:13:06,cpu_stl,0.0
2026-09-23 11:13:06,memory_percent,82.6
2026-09-23 11:13:06,memory_used_mb,13344.0
2026-09-23 11:13:06,memory_available_mb,2803.0
2026-09-23 11:13:06,disk_read_per_sec,144182.0
2026-09-23 11:13:06,disk_write_per_sec,624200.0
2026-09-23 11:13:06,net_send_per_sec,148.0
2026-09-23 11:13:06,net_recv_per_sec,205.0
2026-09-23 11:13:06,load1,0.08
2026-09-23 11:13:06,load5,0.05
2026-09-23 11:13:06,load15,0.02
2026-09-23 11:13:06,active_sessions,17.0
2026-09-23 11:13:06,active_requests,13.0
2026-09-23 11:13:06,long_queries,10.0
2026-09-23 11:13:06,long_transactions,10.0
2026-09-23 11:13:06,idle_sessions,14.0
2026-09-23 11:13:06,lock_waits,0.0
2026-09-23 11:13:06,total_locks,24.0
2026-09-23 11:13:06,deadlocks_per_sec,0.0
2026-09-23 11:13:06,page_life_expectancy,855.0
2026-09-23 11:13:06,buffer_cache_hit_ratio,100.0
2026-09-23 11:13:06,transactions_per_sec,279.12
2026-09-23 11:13:06,page_reads_per_sec,0.0
2026-09-23 11:13:06,page_writes_per_sec,0.0
2026-09-23 11:13:06,rollbacks_per_sec,0.0
2026-09-23 11:13:06,batch_requests_per_sec,0.0
2026-09-23 11:13:06,sql_compilations_per_sec,0.0
2026-09-23 11:13:06,database_size_mb,0.0
2026-09-23 11:13:06,total_reads,1361.0
2026-09-23 11:13:06,total_writes,11366.0
2026-09-23 11:13:06,venta_locks,0.0
2026-09-23 11:13:06,detalle_venta_locks,0.0
2026-09-23 11:13:06,inventario_locks,0.0
2026-09-23 11:13:06,kardex_locks,0.0
2026-09-23 11:13:06,caja_locks,0.0
2026-09-23 11:13:06,movimiento_caja_locks,0.0
2026-09-23 11:13:06,auditoria_locks,0.0
2026-09-23 11:13:06,api_status,0.0
2026-09-23 11:13:06,api_latency_ms,4061.0
2026-09-23 11:13:06,products_count,0.0
2026-09-23 11:13:06,sales_count,0.0
2026-09-23 11:13:11,cpu_usr,8.5
2026-09-23 11:13:11,cpu_sys,31.7
2026-09-23 11:13:11,cpu_idl,58.3
2026-09-23 11:13:11,cpu_wai,0.0
2026-09-23 11:13:11,cpu_stl,0.0
2026-09-23 11:13:11,memory_percent,82.3
2026-09-23 11:13:11,memory_used_mb,13294.0
2026-09-23 11:13:11,memory_available_mb,2853.0
2026-09-23 11:13:11,disk_read_per_sec,13481.0
2026-09-23 11:13:11,disk_write_per_sec,577918.0
2026-09-23 11:13:11,net_send_per_sec,96.0
2026-09-23 11:13:11,net_recv_per_sec,147.0
2026-09-23 11:13:11,load1,0.16
2026-09-23 11:13:11,load5,0.06
2026-09-23 11:13:11,load15,0.03
2026-09-23 11:13:11,active_sessions,17.0
2026-09-23 11:13:11,active_requests,14.0
2026-09-23 11:13:11,long_queries,10.0
2026-09-23 11:13:11,long_transactions,10.0
2026-09-23 11:13:11,idle_sessions,13.0
2026-09-23 11:13:11,lock_waits,0.0
2026-09-23 11:13:11,total_locks,27.0
2026-09-23 11:13:11,deadlocks_per_sec,0.0
2026-09-23 11:13:11,page_life_expectancy,861.0
2026-09-23 11:13:11,buffer_cache_hit_ratio,100.0
2026-09-23 11:13:11,transactions_per_sec,271.38
2026-09-23 11:13:11,page_reads_per_sec,0.0
2026-09-23 11:13:11,page_writes_per_sec,0.0
2026-09-23 11:13:11,rollbacks_per_sec,0.0
2026-09-23 11:13:11,batch_requests_per_sec,0.0
2026-09-23 11:13:11,sql_compilations_per_sec,0.0
2026-09-23 11:13:11,database_size_mb,0.0
2026-09-23 11:13:11,total_reads,1361.0
2026-09-23 11:13:11,total_writes,11460.0
2026-09-23 11:13:11,venta_locks,0.0
2026-09-23 11:13:11,detalle_venta_locks,0.0
2026-09-23 11:13:11,inventario_locks,0.0
2026-09-23 11:13:11,kardex_locks,0.0
2026-09-23 11:13:11,caja_locks,0.0
2026-09-23 11:13:11,movimiento_caja_locks,0.0
2026-09-23 11:13:11,auditoria_locks,0.0
2026-09-23 11:13:11,api_status,0.0
2026-09-23 11:13:11,api_latency_ms,4061.0
2026-09-23 11:13:11,products_count,0.0
2026-09-23 11:13:11,sales_count,0.0
2026-09-23 11:13:17,cpu_usr,8.1
2026-09-23 11:13:17,cpu_sys,34.1
2026-09-23 11:13:17,cpu_idl,56.1
2026-09-23 11:13:17,cpu_wai,0.0
2026-09-23 11:13:17,cpu_stl,0.0
2026-09-23 11:13:17,memory_percent,82.5
2026-09-23 11:13:17,memory_used_mb,13322.0
2026-09-23 11:13:17,memory_available_mb,2825.0
2026-09-23 11:13:17,disk_read_per_sec,881.0
2026-09-23 11:13:17,disk_write_per_sec,914464.0
2026-09-23 11:13:17,net_send_per_sec,616.0
2026-09-23 11:13:17,net_recv_per_sec,694.0
2026-09-23 11:13:17,load1,0.15
2026-09-23 11:13:17,load5,0.06
2026-09-23 11:13:17,load15,0.03
2026-09-23 11:13:17,active_sessions,17.0
2026-09-23 11:13:17,active_requests,14.0
2026-09-23 11:13:17,long_queries,10.0
2026-09-23 11:13:17,long_transactions,10.0
2026-09-23 11:13:17,idle_sessions,13.0
2026-09-23 11:13:17,lock_waits,0.0
2026-09-23 11:13:17,total_locks,27.0
2026-09-23 11:13:17,deadlocks_per_sec,0.0
2026-09-23 11:13:17,page_life_expectancy,866.0
2026-09-23 11:13:17,buffer_cache_hit_ratio,100.0
2026-09-23 11:13:17,transactions_per_sec,279.62
2026-09-23 11:13:17,page_reads_per_sec,0.0
2026-09-23 11:13:17,page_writes_per_sec,0.0
2026-09-23 11:13:17,rollbacks_per_sec,0.0
2026-09-23 11:13:17,batch_requests_per_sec,0.0
2026-09-23 11:13:17,sql_compilations_per_sec,0.0
2026-09-23 11:13:17,database_size_mb,0.0
2026-09-23 11:13:17,total_reads,1361.0
2026-09-23 11:13:17,total_writes,11574.0
2026-09-23 11:13:17,venta_locks,0.0
2026-09-23 11:13:17,detalle_venta_locks,0.0
2026-09-23 11:13:17,inventario_locks,0.0
2026-09-23 11:13:17,kardex_locks,0.0
2026-09-23 11:13:17,caja_locks,0.0
2026-09-23 11:13:17,movimiento_caja_locks,0.0
2026-09-23 11:13:17,auditoria_locks,0.0
2026-09-23 11:13:17,api_status,0.0
2026-09-23 11:13:17,api_latency_ms,4076.0
2026-09-23 11:13:17,products_count,0.0
2026-09-23 11:13:17,sales_count,0.0
2026-09-23 11:13:22,cpu_usr,8.8
2026-09-23 11:13:22,cpu_sys,32.9
2026-09-23 11:13:22,cpu_idl,56.7
2026-09-23 11:13:22,cpu_wai,0.0
2026-09-23 11:13:22,cpu_stl,0.0
2026-09-23 11:13:22,memory_percent,82.5
2026-09-23 11:13:22,memory_used_mb,13320.0
2026-09-23 11:13:22,memory_available_mb,2827.0
2026-09-23 11:13:22,disk_read_per_sec,11094.0
2026-09-23 11:13:22,disk_write_per_sec,911947.0
2026-09-23 11:13:22,net_send_per_sec,4797.0
2026-09-23 11:13:22,net_recv_per_sec,5488.0
2026-09-23 11:13:22,load1,0.13
2026-09-23 11:13:22,load5,0.06
2026-09-23 11:13:22,load15,0.03
2026-09-23 11:13:22,active_sessions,17.0
2026-09-23 11:13:22,active_requests,13.0
2026-09-23 11:13:22,long_queries,10.0
2026-09-23 11:13:22,long_transactions,10.0
2026-09-23 11:13:22,idle_sessions,14.0
2026-09-23 11:13:22,lock_waits,0.0
2026-09-23 11:13:22,total_locks,22.0
2026-09-23 11:13:22,deadlocks_per_sec,0.0
2026-09-23 11:13:22,page_life_expectancy,871.0
2026-09-23 11:13:22,buffer_cache_hit_ratio,100.0
2026-09-23 11:13:22,transactions_per_sec,256.94
2026-09-23 11:13:22,page_reads_per_sec,0.0
2026-09-23 11:13:22,page_writes_per_sec,0.0
2026-09-23 11:13:22,rollbacks_per_sec,0.0
2026-09-23 11:13:22,batch_requests_per_sec,0.0
2026-09-23 11:13:22,sql_compilations_per_sec,0.0
2026-09-23 11:13:22,database_size_mb,0.0
2026-09-23 11:13:22,total_reads,1361.0
2026-09-23 11:13:22,total_writes,11683.0
2026-09-23 11:13:22,venta_locks,0.0
2026-09-23 11:13:22,detalle_venta_locks,0.0
2026-09-23 11:13:22,inventario_locks,0.0
2026-09-23 11:13:22,kardex_locks,0.0
2026-09-23 11:13:22,caja_locks,0.0
2026-09-23 11:13:22,movimiento_caja_locks,0.0
2026-09-23 11:13:22,auditoria_locks,0.0
2026-09-23 11:13:22,api_status,0.0
2026-09-23 11:13:22,api_latency_ms,4076.0
2026-09-23 11:13:22,products_count,0.0
2026-09-23 11:13:22,sales_count,0.0
2026-09-23 11:13:27,cpu_usr,7.7
2026-09-23 11:13:27,cpu_sys,31.1
2026-09-23 11:13:27,cpu_idl,59.5
2026-09-23 11:13:27,cpu_wai,0.0
2026-09-23 11:13:27,cpu_stl,0.0
2026-09-23 11:13:27,memory_percent,82.6
2026-09-23 11:13:27,memory_used_mb,13336.0
2026-09-23 11:13:27,memory_available_mb,2811.0
2026-09-23 11:13:27,disk_read_per_sec,872.0
2026-09-23 11:13:27,disk_write_per_sec,627295.0
2026-09-23 11:13:27,net_send_per_sec,213.0
2026-09-23 11:13:27,net_recv_per_sec,263.0
2026-09-23 11:13:27,load1,0.12
2026-09-23 11:13:27,load5,0.06
2026-09-23 11:13:27,load15,0.02
2026-09-23 11:13:27,active_sessions,17.0
2026-09-23 11:13:27,active_requests,13.0
2026-09-23 11:13:27,long_queries,10.0
2026-09-23 11:13:27,long_transactions,10.0
2026-09-23 11:13:27,idle_sessions,14.0
2026-09-23 11:13:27,lock_waits,0.0
2026-09-23 11:13:27,total_locks,21.0
2026-09-23 11:13:27,deadlocks_per_sec,0.0
2026-09-23 11:13:27,page_life_expectancy,876.0
2026-09-23 11:13:27,buffer_cache_hit_ratio,100.0
2026-09-23 11:13:27,transactions_per_sec,270.85
2026-09-23 11:13:27,page_reads_per_sec,0.0
2026-09-23 11:13:27,page_writes_per_sec,0.0
2026-09-23 11:13:27,rollbacks_per_sec,0.0
2026-09-23 11:13:27,batch_requests_per_sec,0.0
2026-09-23 11:13:27,sql_compilations_per_sec,0.0
2026-09-23 11:13:27,database_size_mb,0.0
2026-09-23 11:13:27,total_reads,1361.0
2026-09-23 11:13:27,total_writes,11793.0
2026-09-23 11:13:27,venta_locks,0.0
2026-09-23 11:13:27,detalle_venta_locks,0.0
2026-09-23 11:13:27,inventario_locks,0.0
2026-09-23 11:13:27,kardex_locks,0.0
2026-09-23 11:13:27,caja_locks,0.0
2026-09-23 11:13:27,movimiento_caja_locks,0.0
2026-09-23 11:13:27,auditoria_locks,0.0
2026-09-23 11:13:27,api_status,0.0
2026-09-23 11:13:27,api_latency_ms,4081.0
2026-09-23 11:13:27,products_count,0.0
2026-09-23 11:13:27,sales_count,0.0
2026-09-23 11:13:32,cpu_usr,8.6
2026-09-23 11:13:32,cpu_sys,33.7
2026-09-23 11:13:32,cpu_idl,55.4
2026-09-23 11:13:32,cpu_wai,0.0
2026-09-23 11:13:32,cpu_stl,0.0
2026-09-23 11:13:32,memory_percent,82.1
2026-09-23 11:13:32,memory_used_mb,13262.0
2026-09-23 11:13:32,memory_available_mb,2886.0
2026-09-23 11:13:32,disk_read_per_sec,272043.0
2026-09-23 11:13:32,disk_write_per_sec,591419.0
2026-09-23 11:13:32,net_send_per_sec,251.0
2026-09-23 11:13:32,net_recv_per_sec,289.0
2026-09-23 11:13:32,load1,0.11
2026-09-23 11:13:32,load5,0.06
2026-09-23 11:13:32,load15,0.02
2026-09-23 11:13:32,active_sessions,17.0
2026-09-23 11:13:32,active_requests,13.0
2026-09-23 11:13:32,long_queries,10.0
2026-09-23 11:13:32,long_transactions,10.0
2026-09-23 11:13:32,idle_sessions,13.0
2026-09-23 11:13:32,lock_waits,0.0
2026-09-23 11:13:32,total_locks,27.0
2026-09-23 11:13:32,deadlocks_per_sec,0.0
2026-09-23 11:13:32,page_life_expectancy,881.0
2026-09-23 11:13:32,buffer_cache_hit_ratio,100.0
2026-09-23 11:13:32,transactions_per_sec,280.05
2026-09-23 11:13:32,page_reads_per_sec,0.0
2026-09-23 11:13:32,page_writes_per_sec,0.0
2026-09-23 11:13:32,rollbacks_per_sec,0.0
2026-09-23 11:13:32,batch_requests_per_sec,0.0
2026-09-23 11:13:32,sql_compilations_per_sec,0.0
2026-09-23 11:13:32,database_size_mb,0.0
2026-09-23 11:13:32,total_reads,1361.0
2026-09-23 11:13:32,total_writes,11898.0
2026-09-23 11:13:32,venta_locks,0.0
2026-09-23 11:13:32,detalle_venta_locks,0.0
2026-09-23 11:13:32,inventario_locks,0.0
2026-09-23 11:13:32,kardex_locks,0.0
2026-09-23 11:13:32,caja_locks,0.0
2026-09-23 11:13:32,movimiento_caja_locks,0.0
2026-09-23 11:13:32,auditoria_locks,0.0
2026-09-23 11:13:32,api_status,0.0
2026-09-23 11:13:32,api_latency_ms,4081.0
2026-09-23 11:13:32,products_count,0.0
2026-09-23 11:13:32,sales_count,0.0
2026-09-23 11:13:38,cpu_usr,10.2
2026-09-23 11:13:38,cpu_sys,35.3
2026-09-23 11:13:38,cpu_idl,52.7
2026-09-23 11:13:38,cpu_wai,0.0
2026-09-23 11:13:38,cpu_stl,0.0
2026-09-23 11:13:38,memory_percent,82.2
2026-09-23 11:13:38,memory_used_mb,13274.0
2026-09-23 11:13:38,memory_available_mb,2874.0
2026-09-23 11:13:38,disk_read_per_sec,25218.0
2026-09-23 11:13:38,disk_write_per_sec,745834.0
2026-09-23 11:13:38,net_send_per_sec,1912.0
2026-09-23 11:13:38,net_recv_per_sec,2542.0
2026-09-23 11:13:38,load1,0.1
2026-09-23 11:13:38,load5,0.06
2026-09-23 11:13:38,load15,0.02
2026-09-23 11:13:38,active_sessions,17.0
2026-09-23 11:13:38,active_requests,13.0
2026-09-23 11:13:38,long_queries,10.0
2026-09-23 11:13:38,long_transactions,10.0
2026-09-23 11:13:38,idle_sessions,14.0
2026-09-23 11:13:38,lock_waits,0.0
2026-09-23 11:13:38,total_locks,23.0
2026-09-23 11:13:38,deadlocks_per_sec,0.0
2026-09-23 11:13:38,page_life_expectancy,887.0
2026-09-23 11:13:38,buffer_cache_hit_ratio,100.0
2026-09-23 11:13:38,transactions_per_sec,262.17
2026-09-23 11:13:38,page_reads_per_sec,0.0
2026-09-23 11:13:38,page_writes_per_sec,0.0
2026-09-23 11:13:38,rollbacks_per_sec,0.0
2026-09-23 11:13:38,batch_requests_per_sec,0.0
2026-09-23 11:13:38,sql_compilations_per_sec,0.0
2026-09-23 11:13:38,database_size_mb,0.0
2026-09-23 11:13:38,total_reads,1361.0
2026-09-23 11:13:38,total_writes,12012.0
2026-09-23 11:13:38,venta_locks,0.0
2026-09-23 11:13:38,detalle_venta_locks,0.0
2026-09-23 11:13:38,inventario_locks,0.0
2026-09-23 11:13:38,kardex_locks,0.0
2026-09-23 11:13:38,caja_locks,0.0
2026-09-23 11:13:38,movimiento_caja_locks,0.0
2026-09-23 11:13:38,auditoria_locks,0.0
2026-09-23 11:13:38,api_status,0.0
2026-09-23 11:13:38,api_latency_ms,4081.0
2026-09-23 11:13:38,products_count,0.0
2026-09-23 11:13:38,sales_count,0.0
2026-09-23 11:13:43,cpu_usr,9.9
2026-09-23 11:13:43,cpu_sys,34.0
2026-09-23 11:13:43,cpu_idl,54.2
2026-09-23 11:13:43,cpu_wai,0.0
2026-09-23 11:13:43,cpu_stl,0.0
2026-09-23 11:13:43,memory_percent,82.2
2026-09-23 11:13:43,memory_used_mb,13271.0
2026-09-23 11:13:43,memory_available_mb,2876.0
2026-09-23 11:13:43,disk_read_per_sec,200569.0
2026-09-23 11:13:43,disk_write_per_sec,760027.0
2026-09-23 11:13:43,net_send_per_sec,199.0
2026-09-23 11:13:43,net_recv_per_sec,306.0
2026-09-23 11:13:43,load1,0.1
2026-09-23 11:13:43,load5,0.06
2026-09-23 11:13:43,load15,0.02
2026-09-23 11:13:43,active_sessions,17.0
2026-09-23 11:13:43,active_requests,13.0
2026-09-23 11:13:43,long_queries,10.0
2026-09-23 11:13:43,long_transactions,10.0
2026-09-23 11:13:43,idle_sessions,14.0
2026-09-23 11:13:43,lock_waits,0.0
2026-09-23 11:13:43,total_locks,39.0
2026-09-23 11:13:43,deadlocks_per_sec,0.0
2026-09-23 11:13:43,page_life_expectancy,893.0
2026-09-23 11:13:43,buffer_cache_hit_ratio,100.0
2026-09-23 11:13:43,transactions_per_sec,255.72
2026-09-23 11:13:43,page_reads_per_sec,0.0
2026-09-23 11:13:43,page_writes_per_sec,0.0
2026-09-23 11:13:43,rollbacks_per_sec,0.0
2026-09-23 11:13:43,batch_requests_per_sec,0.0
2026-09-23 11:13:43,sql_compilations_per_sec,0.0
2026-09-23 11:13:43,database_size_mb,0.0
2026-09-23 11:13:43,total_reads,1361.0
2026-09-23 11:13:43,total_writes,12117.0
2026-09-23 11:13:43,venta_locks,0.0
2026-09-23 11:13:43,detalle_venta_locks,0.0
2026-09-23 11:13:43,inventario_locks,0.0
2026-09-23 11:13:43,kardex_locks,0.0
2026-09-23 11:13:43,caja_locks,0.0
2026-09-23 11:13:43,movimiento_caja_locks,0.0
2026-09-23 11:13:43,auditoria_locks,0.0
2026-09-23 11:13:43,api_status,0.0
2026-09-23 11:13:43,api_latency_ms,4065.0
2026-09-23 11:13:43,products_count,0.0
2026-09-23 11:13:43,sales_count,0.0
2026-09-23 11:13:48,cpu_usr,8.7
2026-09-23 11:13:48,cpu_sys,34.4
2026-09-23 11:13:48,cpu_idl,54.7
2026-09-23 11:13:48,cpu_wai,0.0
2026-09-23 11:13:48,cpu_stl,0.0
2026-09-23 11:13:48,memory_percent,82.0
2026-09-23 11:13:48,memory_used_mb,13235.0
2026-09-23 11:13:48,memory_available_mb,2912.0
2026-09-23 11:13:48,disk_read_per_sec,7154.0
2026-09-23 11:13:48,disk_write_per_sec,2629556.0
2026-09-23 11:13:48,net_send_per_sec,1973.0
2026-09-23 11:13:48,net_recv_per_sec,3538.0
2026-09-23 11:13:48,load1,0.31
2026-09-23 11:13:48,load5,0.11
2026-09-23 11:13:48,load15,0.04
2026-09-23 11:13:48,active_sessions,17.0
2026-09-23 11:13:48,active_requests,12.0
2026-09-23 11:13:48,long_queries,10.0
2026-09-23 11:13:48,long_transactions,10.0
2026-09-23 11:13:48,idle_sessions,15.0
2026-09-23 11:13:48,lock_waits,0.0
2026-09-23 11:13:48,total_locks,13.0
2026-09-23 11:13:48,deadlocks_per_sec,0.0
2026-09-23 11:13:48,page_life_expectancy,898.0
2026-09-23 11:13:48,buffer_cache_hit_ratio,100.0
2026-09-23 11:13:48,transactions_per_sec,242.31
2026-09-23 11:13:48,page_reads_per_sec,0.0
2026-09-23 11:13:48,page_writes_per_sec,0.0
2026-09-23 11:13:48,rollbacks_per_sec,0.0
2026-09-23 11:13:48,batch_requests_per_sec,0.0
2026-09-23 11:13:48,sql_compilations_per_sec,0.0
2026-09-23 11:13:48,database_size_mb,0.0
2026-09-23 11:13:48,total_reads,1361.0
2026-09-23 11:13:48,total_writes,12238.0
2026-09-23 11:13:48,venta_locks,0.0
2026-09-23 11:13:48,detalle_venta_locks,0.0
2026-09-23 11:13:48,inventario_locks,0.0
2026-09-23 11:13:48,kardex_locks,0.0
2026-09-23 11:13:48,caja_locks,0.0
2026-09-23 11:13:48,movimiento_caja_locks,0.0
2026-09-23 11:13:48,auditoria_locks,0.0
2026-09-23 11:13:48,max_server_memory,4096.0
2026-09-23 11:13:48,user_connections_setting,0.0
2026-09-23 11:13:48,cost_threshold,5.0
2026-09-23 11:13:48,api_status,0.0
2026-09-23 11:13:48,api_latency_ms,4065.0
2026-09-23 11:13:48,products_count,0.0
2026-09-23 11:13:48,sales_count,0.0
2026-09-23 11:13:53,cpu_usr,8.8
2026-09-23 11:13:53,cpu_sys,31.4
2026-09-23 11:13:53,cpu_idl,57.8
2026-09-23 11:13:53,cpu_wai,0.0
2026-09-23 11:13:53,cpu_stl,0.0
2026-09-23 11:13:53,memory_percent,81.8
2026-09-23 11:13:53,memory_used_mb,13207.0
2026-09-23 11:13:53,memory_available_mb,2941.0
2026-09-23 11:13:53,disk_read_per_sec,890.0
2026-09-23 11:13:53,disk_write_per_sec,768418.0
2026-09-23 11:13:53,net_send_per_sec,390.0
2026-09-23 11:13:53,net_recv_per_sec,1288.0
2026-09-23 11:13:53,load1,0.29
2026-09-23 11:13:53,load5,0.1
2026-09-23 11:13:53,load15,0.04
2026-09-23 11:13:53,active_sessions,22.0
2026-09-23 11:13:53,active_requests,19.0
2026-09-23 11:13:53,long_queries,10.0
2026-09-23 11:13:53,long_transactions,10.0
2026-09-23 11:13:53,idle_sessions,18.0
2026-09-23 11:13:53,lock_waits,0.0
2026-09-23 11:13:53,total_locks,27.0
2026-09-23 11:13:53,deadlocks_per_sec,0.0
2026-09-23 11:13:53,page_life_expectancy,903.0
2026-09-23 11:13:53,buffer_cache_hit_ratio,100.0
2026-09-23 11:13:53,transactions_per_sec,276.05
2026-09-23 11:13:53,page_reads_per_sec,0.0
2026-09-23 11:13:53,page_writes_per_sec,0.0
2026-09-23 11:13:53,rollbacks_per_sec,0.0
2026-09-23 11:13:53,batch_requests_per_sec,0.0
2026-09-23 11:13:53,sql_compilations_per_sec,0.0
2026-09-23 11:13:53,database_size_mb,0.0
2026-09-23 11:13:53,total_reads,1361.0
2026-09-23 11:13:53,total_writes,12352.0
2026-09-23 11:13:53,venta_locks,0.0
2026-09-23 11:13:53,detalle_venta_locks,0.0
2026-09-23 11:13:53,inventario_locks,0.0
2026-09-23 11:13:53,kardex_locks,0.0
2026-09-23 11:13:53,caja_locks,0.0
2026-09-23 11:13:53,movimiento_caja_locks,0.0
2026-09-23 11:13:53,auditoria_locks,0.0
2026-09-23 11:13:53,api_status,0.0
2026-09-23 11:13:53,api_latency_ms,4108.0
2026-09-23 11:13:53,products_count,0.0
2026-09-23 11:13:53,sales_count,0.0
2026-09-23 11:13:58,cpu_usr,8.4
2026-09-23 11:13:58,cpu_sys,33.1
2026-09-23 11:13:58,cpu_idl,56.4
2026-09-23 11:13:58,cpu_wai,0.0
2026-09-23 11:13:58,cpu_stl,0.0
2026-09-23 11:13:58,memory_percent,82.0
2026-09-23 11:13:58,memory_used_mb,13241.0
2026-09-23 11:13:58,memory_available_mb,2906.0
2026-09-23 11:13:58,disk_read_per_sec,13325.0
2026-09-23 11:13:58,disk_write_per_sec,567322.0
2026-09-23 11:13:58,net_send_per_sec,442.0
2026-09-23 11:13:58,net_recv_per_sec,588.0
2026-09-23 11:13:58,load1,0.27
2026-09-23 11:13:58,load5,0.1
2026-09-23 11:13:58,load15,0.04
2026-09-23 11:13:58,active_sessions,22.0
2026-09-23 11:13:58,active_requests,18.0
2026-09-23 11:13:58,long_queries,10.0
2026-09-23 11:13:58,long_transactions,10.0
2026-09-23 11:13:58,idle_sessions,19.0
2026-09-23 11:13:58,lock_waits,0.0
2026-09-23 11:13:58,total_locks,24.0
2026-09-23 11:13:58,deadlocks_per_sec,0.0
2026-09-23 11:13:58,page_life_expectancy,908.0
2026-09-23 11:13:58,buffer_cache_hit_ratio,100.0
2026-09-23 11:13:58,transactions_per_sec,241.82
2026-09-23 11:13:58,page_reads_per_sec,0.0
2026-09-23 11:13:58,page_writes_per_sec,0.0
2026-09-23 11:13:58,rollbacks_per_sec,0.0
2026-09-23 11:13:58,batch_requests_per_sec,0.0
2026-09-23 11:13:58,sql_compilations_per_sec,0.0
2026-09-23 11:13:58,database_size_mb,0.0
2026-09-23 11:13:58,total_reads,1361.0
2026-09-23 11:13:58,total_writes,12452.0
2026-09-23 11:13:58,venta_locks,0.0
2026-09-23 11:13:58,detalle_venta_locks,0.0
2026-09-23 11:13:58,inventario_locks,0.0
2026-09-23 11:13:58,kardex_locks,0.0
2026-09-23 11:13:58,caja_locks,0.0
2026-09-23 11:13:58,movimiento_caja_locks,0.0
2026-09-23 11:13:58,auditoria_locks,0.0
2026-09-23 11:13:58,api_status,0.0
2026-09-23 11:13:58,api_latency_ms,4108.0
2026-09-23 11:13:58,products_count,0.0
2026-09-23 11:13:58,sales_count,0.0
2026-09-23 11:14:04,cpu_usr,10.8
2026-09-23 11:14:04,cpu_sys,34.9
2026-09-23 11:14:04,cpu_idl,52.4
2026-09-23 11:14:04,cpu_wai,0.0
2026-09-23 11:14:04,cpu_stl,0.0
2026-09-23 11:14:04,memory_percent,81.8
2026-09-23 11:14:04,memory_used_mb,13205.0
2026-09-23 11:14:04,memory_available_mb,2942.0
2026-09-23 11:14:04,disk_read_per_sec,9591.0
2026-09-23 11:14:04,disk_write_per_sec,1007082.0
2026-09-23 11:14:04,net_send_per_sec,143.0
2026-09-23 11:14:04,net_recv_per_sec,210.0
2026-09-23 11:14:04,load1,0.24
2026-09-23 11:14:04,load5,0.1
2026-09-23 11:14:04,load15,0.04
2026-09-23 11:14:04,active_sessions,22.0
2026-09-23 11:14:04,active_requests,19.0
2026-09-23 11:14:04,long_queries,10.0
2026-09-23 11:14:04,long_transactions,10.0
2026-09-23 11:14:04,idle_sessions,19.0
2026-09-23 11:14:04,lock_waits,0.0
2026-09-23 11:14:04,total_locks,28.0
2026-09-23 11:14:04,deadlocks_per_sec,0.0
2026-09-23 11:14:04,page_life_expectancy,913.0
2026-09-23 11:14:04,buffer_cache_hit_ratio,100.0
2026-09-23 11:14:04,transactions_per_sec,270.18
2026-09-23 11:14:04,page_reads_per_sec,0.0
2026-09-23 11:14:04,page_writes_per_sec,0.0
2026-09-23 11:14:04,rollbacks_per_sec,0.0
2026-09-23 11:14:04,batch_requests_per_sec,0.0
2026-09-23 11:14:04,sql_compilations_per_sec,0.0
2026-09-23 11:14:04,database_size_mb,0.0
2026-09-23 11:14:04,total_reads,1361.0
2026-09-23 11:14:04,total_writes,12560.0
2026-09-23 11:14:04,venta_locks,0.0
2026-09-23 11:14:04,detalle_venta_locks,0.0
2026-09-23 11:14:04,inventario_locks,0.0
2026-09-23 11:14:04,kardex_locks,0.0
2026-09-23 11:14:04,caja_locks,0.0
2026-09-23 11:14:04,movimiento_caja_locks,0.0
2026-09-23 11:14:04,auditoria_locks,0.0
2026-09-23 11:14:04,api_status,0.0
2026-09-23 11:14:04,api_latency_ms,4108.0
2026-09-23 11:14:04,products_count,0.0
2026-09-23 11:14:04,sales_count,0.0
2026-09-23 11:14:09,cpu_usr,8.5
2026-09-23 11:14:09,cpu_sys,31.1
2026-09-23 11:14:09,cpu_idl,58.3
2026-09-23 11:14:09,cpu_wai,0.0
2026-09-23 11:14:09,cpu_stl,0.0
2026-09-23 11:14:09,memory_percent,82.1
2026-09-23 11:14:09,memory_used_mb,13256.0
2026-09-23 11:14:09,memory_available_mb,2891.0
2026-09-23 11:14:09,disk_read_per_sec,880.0
2026-09-23 11:14:09,disk_write_per_sec,590411.0
2026-09-23 11:14:09,net_send_per_sec,1736.0
2026-09-23 11:14:09,net_recv_per_sec,1645.0
2026-09-23 11:14:09,load1,0.23
2026-09-23 11:14:09,load5,0.1
2026-09-23 11:14:09,load15,0.04
2026-09-23 11:14:09,active_sessions,22.0
2026-09-23 11:14:09,active_requests,18.0
2026-09-23 11:14:09,long_queries,15.0
2026-09-23 11:14:09,long_transactions,10.0
2026-09-23 11:14:09,idle_sessions,19.0
2026-09-23 11:14:09,lock_waits,0.0
2026-09-23 11:14:09,total_locks,35.0
2026-09-23 11:14:09,deadlocks_per_sec,0.0
2026-09-23 11:14:09,page_life_expectancy,919.0
2026-09-23 11:14:09,buffer_cache_hit_ratio,100.0
2026-09-23 11:14:09,transactions_per_sec,268.77
2026-09-23 11:14:09,page_reads_per_sec,0.0
2026-09-23 11:14:09,page_writes_per_sec,0.0
2026-09-23 11:14:09,rollbacks_per_sec,0.0
2026-09-23 11:14:09,batch_requests_per_sec,0.0
2026-09-23 11:14:09,sql_compilations_per_sec,0.0
2026-09-23 11:14:09,database_size_mb,0.0
2026-09-23 11:14:09,total_reads,1361.0
2026-09-23 11:14:09,total_writes,12671.0
2026-09-23 11:14:09,venta_locks,0.0
2026-09-23 11:14:09,detalle_venta_locks,0.0
2026-09-23 11:14:09,inventario_locks,0.0
2026-09-23 11:14:09,kardex_locks,0.0
2026-09-23 11:14:09,caja_locks,0.0
2026-09-23 11:14:09,movimiento_caja_locks,0.0
2026-09-23 11:14:09,auditoria_locks,0.0
2026-09-23 11:14:09,api_status,0.0
2026-09-23 11:14:09,api_latency_ms,4056.0
2026-09-23 11:14:09,products_count,0.0
2026-09-23 11:14:09,sales_count,0.0
2026-09-23 11:14:14,cpu_usr,10.6
2026-09-23 11:14:14,cpu_sys,32.8
2026-09-23 11:14:14,cpu_idl,55.0
2026-09-23 11:14:14,cpu_wai,0.0
2026-09-23 11:14:14,cpu_stl,0.0
2026-09-23 11:14:14,memory_percent,81.8
2026-09-23 11:14:14,memory_used_mb,13215.0
2026-09-23 11:14:14,memory_available_mb,2932.0
2026-09-23 11:14:14,disk_read_per_sec,375229.0
2026-09-23 11:14:14,disk_write_per_sec,821335.0
2026-09-23 11:14:14,net_send_per_sec,465.0
2026-09-23 11:14:14,net_recv_per_sec,484.0
2026-09-23 11:14:14,load1,0.21
2026-09-23 11:14:14,load5,0.1
2026-09-23 11:14:14,load15,0.04
2026-09-23 11:14:14,active_sessions,22.0
2026-09-23 11:14:14,active_requests,19.0
2026-09-23 11:14:14,long_queries,15.0
2026-09-23 11:14:14,long_transactions,10.0
2026-09-23 11:14:14,idle_sessions,19.0
2026-09-23 11:14:14,lock_waits,0.0
2026-09-23 11:14:14,total_locks,21.0
2026-09-23 11:14:14,deadlocks_per_sec,0.0
2026-09-23 11:14:14,page_life_expectancy,924.0
2026-09-23 11:14:14,buffer_cache_hit_ratio,100.0
2026-09-23 11:14:14,transactions_per_sec,260.35
2026-09-23 11:14:14,page_reads_per_sec,0.0
2026-09-23 11:14:14,page_writes_per_sec,0.0
2026-09-23 11:14:14,rollbacks_per_sec,0.0
2026-09-23 11:14:14,batch_requests_per_sec,0.0
2026-09-23 11:14:14,sql_compilations_per_sec,0.0
2026-09-23 11:14:14,database_size_mb,0.0
2026-09-23 11:14:14,total_reads,1361.0
2026-09-23 11:14:14,total_writes,12785.0
2026-09-23 11:14:14,venta_locks,0.0
2026-09-23 11:14:14,detalle_venta_locks,0.0
2026-09-23 11:14:14,inventario_locks,0.0
2026-09-23 11:14:14,kardex_locks,0.0
2026-09-23 11:14:14,caja_locks,0.0
2026-09-23 11:14:14,movimiento_caja_locks,0.0
2026-09-23 11:14:14,auditoria_locks,0.0
2026-09-23 11:14:14,api_status,0.0
2026-09-23 11:14:14,api_latency_ms,4056.0
2026-09-23 11:14:14,products_count,0.0
2026-09-23 11:14:14,sales_count,0.0
2026-09-23 11:14:19,cpu_usr,9.1
2026-09-23 11:14:19,cpu_sys,31.3
2026-09-23 11:14:19,cpu_idl,57.6
2026-09-23 11:14:19,cpu_wai,0.0
2026-09-23 11:14:19,cpu_stl,0.0
2026-09-23 11:14:19,memory_percent,82.1
2026-09-23 11:14:19,memory_used_mb,13254.0
2026-09-23 11:14:19,memory_available_mb,2893.0
2026-09-23 11:14:19,disk_read_per_sec,885.0
2026-09-23 11:14:19,disk_write_per_sec,662479.0
2026-09-23 11:14:19,net_send_per_sec,353.0
2026-09-23 11:14:19,net_recv_per_sec,482.0
2026-09-23 11:14:19,load1,0.19
2026-09-23 11:14:19,load5,0.1
2026-09-23 11:14:19,load15,0.04
2026-09-23 11:14:19,active_sessions,22.0
2026-09-23 11:14:19,active_requests,18.0
2026-09-23 11:14:19,long_queries,15.0
2026-09-23 11:14:19,long_transactions,10.0
2026-09-23 11:14:19,idle_sessions,19.0
2026-09-23 11:14:19,lock_waits,0.0
2026-09-23 11:14:19,total_locks,25.0
2026-09-23 11:14:19,deadlocks_per_sec,0.0
2026-09-23 11:14:19,page_life_expectancy,929.0
2026-09-23 11:14:19,buffer_cache_hit_ratio,100.0
2026-09-23 11:14:19,transactions_per_sec,287.9
2026-09-23 11:14:19,page_reads_per_sec,0.0
2026-09-23 11:14:19,page_writes_per_sec,0.0
2026-09-23 11:14:19,rollbacks_per_sec,0.0
2026-09-23 11:14:19,batch_requests_per_sec,0.0
2026-09-23 11:14:19,sql_compilations_per_sec,0.0
2026-09-23 11:14:19,database_size_mb,0.0
2026-09-23 11:14:19,total_reads,1361.0
2026-09-23 11:14:19,total_writes,12888.0
2026-09-23 11:14:19,venta_locks,0.0
2026-09-23 11:14:19,detalle_venta_locks,0.0
2026-09-23 11:14:19,inventario_locks,0.0
2026-09-23 11:14:19,kardex_locks,0.0
2026-09-23 11:14:19,caja_locks,0.0
2026-09-23 11:14:19,movimiento_caja_locks,0.0
2026-09-23 11:14:19,auditoria_locks,0.0
2026-09-23 11:14:19,api_status,0.0
2026-09-23 11:14:19,api_latency_ms,4085.0
2026-09-23 11:14:19,products_count,0.0
2026-09-23 11:14:19,sales_count,0.0
2026-09-23 11:14:25,cpu_usr,7.4
2026-09-23 11:14:25,cpu_sys,33.6
2026-09-23 11:14:25,cpu_idl,57.5
2026-09-23 11:14:25,cpu_wai,0.0
2026-09-23 11:14:25,cpu_stl,0.0
2026-09-23 11:14:25,memory_percent,82.0
2026-09-23 11:14:25,memory_used_mb,13243.0
2026-09-23 11:14:25,memory_available_mb,2904.0
2026-09-23 11:14:25,disk_read_per_sec,79076.0
2026-09-23 11:14:25,disk_write_per_sec,614892.0
2026-09-23 11:14:25,net_send_per_sec,77.0
2026-09-23 11:14:25,net_recv_per_sec,129.0
2026-09-23 11:14:25,load1,0.18
2026-09-23 11:14:25,load5,0.09
2026-09-23 11:14:25,load15,0.04
2026-09-23 11:14:25,active_sessions,22.0
2026-09-23 11:14:25,active_requests,19.0
2026-09-23 11:14:25,long_queries,15.0
2026-09-23 11:14:25,long_transactions,15.0
2026-09-23 11:14:25,idle_sessions,18.0
2026-09-23 11:14:25,lock_waits,0.0
2026-09-23 11:14:25,total_locks,30.0
2026-09-23 11:14:25,deadlocks_per_sec,0.0
2026-09-23 11:14:25,page_life_expectancy,934.0
2026-09-23 11:14:25,buffer_cache_hit_ratio,100.0
2026-09-23 11:14:25,transactions_per_sec,246.88
2026-09-23 11:14:25,page_reads_per_sec,0.0
2026-09-23 11:14:25,page_writes_per_sec,0.0
2026-09-23 11:14:25,rollbacks_per_sec,0.0
2026-09-23 11:14:25,batch_requests_per_sec,0.0
2026-09-23 11:14:25,sql_compilations_per_sec,0.0
2026-09-23 11:14:25,database_size_mb,0.0
2026-09-23 11:14:25,total_reads,1361.0
2026-09-23 11:14:25,total_writes,12992.0
2026-09-23 11:14:25,venta_locks,0.0
2026-09-23 11:14:25,detalle_venta_locks,0.0
2026-09-23 11:14:25,inventario_locks,0.0
2026-09-23 11:14:25,kardex_locks,0.0
2026-09-23 11:14:25,caja_locks,0.0
2026-09-23 11:14:25,movimiento_caja_locks,0.0
2026-09-23 11:14:25,auditoria_locks,0.0
2026-09-23 11:14:25,api_status,0.0
2026-09-23 11:14:25,api_latency_ms,4085.0
2026-09-23 11:14:25,products_count,0.0
2026-09-23 11:14:25,sales_count,0.0
2026-09-23 11:14:30,cpu_usr,7.4
2026-09-23 11:14:30,cpu_sys,31.9
2026-09-23 11:14:30,cpu_idl,58.6
2026-09-23 11:14:30,cpu_wai,0.0
2026-09-23 11:14:30,cpu_stl,0.0
2026-09-23 11:14:30,memory_percent,81.8
2026-09-23 11:14:30,memory_used_mb,13215.0
2026-09-23 11:14:30,memory_available_mb,2932.0
2026-09-23 11:14:30,disk_read_per_sec,889.0
2026-09-23 11:14:30,disk_write_per_sec,879291.0
2026-09-23 11:14:30,net_send_per_sec,241.0
2026-09-23 11:14:30,net_recv_per_sec,275.0
2026-09-23 11:14:30,load1,0.16
2026-09-23 11:14:30,load5,0.09
2026-09-23 11:14:30,load15,0.04
2026-09-23 11:14:30,active_sessions,22.0
2026-09-23 11:14:30,active_requests,19.0
2026-09-23 11:14:30,long_queries,15.0
2026-09-23 11:14:30,long_transactions,15.0
2026-09-23 11:14:30,idle_sessions,20.0
2026-09-23 11:14:30,lock_waits,0.0
2026-09-23 11:14:30,total_locks,13.0
2026-09-23 11:14:30,deadlocks_per_sec,0.0
2026-09-23 11:14:30,page_life_expectancy,939.0
2026-09-23 11:14:30,buffer_cache_hit_ratio,100.0
2026-09-23 11:14:30,transactions_per_sec,263.25
2026-09-23 11:14:30,page_reads_per_sec,0.0
2026-09-23 11:14:30,page_writes_per_sec,0.0
2026-09-23 11:14:30,rollbacks_per_sec,0.0
2026-09-23 11:14:30,batch_requests_per_sec,0.0
2026-09-23 11:14:30,sql_compilations_per_sec,0.0
2026-09-23 11:14:30,database_size_mb,0.0
2026-09-23 11:14:30,total_reads,1361.0
2026-09-23 11:14:30,total_writes,13102.0
2026-09-23 11:14:30,venta_locks,0.0
2026-09-23 11:14:30,detalle_venta_locks,0.0
2026-09-23 11:14:30,inventario_locks,0.0
2026-09-23 11:14:30,kardex_locks,0.0
2026-09-23 11:14:30,caja_locks,0.0
2026-09-23 11:14:30,movimiento_caja_locks,0.0
2026-09-23 11:14:30,auditoria_locks,0.0
2026-09-23 11:14:30,api_status,0.0
2026-09-23 11:14:30,api_latency_ms,4085.0
2026-09-23 11:14:30,products_count,0.0
2026-09-23 11:14:30,sales_count,0.0
2026-09-23 11:14:35,cpu_usr,6.2
2026-09-23 11:14:35,cpu_sys,31.7
2026-09-23 11:14:35,cpu_idl,60.4
2026-09-23 11:14:35,cpu_wai,0.0
2026-09-23 11:14:35,cpu_stl,0.0
2026-09-23 11:14:35,memory_percent,81.8
2026-09-23 11:14:35,memory_used_mb,13203.0
2026-09-23 11:14:35,memory_available_mb,2944.0
2026-09-23 11:14:35,disk_read_per_sec,754725.0
2026-09-23 11:14:35,disk_write_per_sec,835408.0
2026-09-23 11:14:35,net_send_per_sec,128.0
2026-09-23 11:14:35,net_recv_per_sec,199.0
2026-09-23 11:14:35,load1,0.15
2026-09-23 11:14:35,load5,0.09
2026-09-23 11:14:35,load15,0.04
2026-09-23 11:14:35,active_sessions,22.0
2026-09-23 11:14:35,active_requests,19.0
2026-09-23 11:14:35,long_queries,15.0
2026-09-23 11:14:35,long_transactions,15.0
2026-09-23 11:14:35,idle_sessions,18.0
2026-09-23 11:14:35,lock_waits,0.0
2026-09-23 11:14:35,total_locks,27.0
2026-09-23 11:14:35,deadlocks_per_sec,0.0
2026-09-23 11:14:35,page_life_expectancy,944.0
2026-09-23 11:14:35,buffer_cache_hit_ratio,100.0
2026-09-23 11:14:35,transactions_per_sec,274.23
2026-09-23 11:14:35,page_reads_per_sec,0.0
2026-09-23 11:14:35,page_writes_per_sec,0.0
2026-09-23 11:14:35,rollbacks_per_sec,0.0
2026-09-23 11:14:35,batch_requests_per_sec,0.0
2026-09-23 11:14:35,sql_compilations_per_sec,0.0
2026-09-23 11:14:35,database_size_mb,0.0
2026-09-23 11:14:35,total_reads,1361.0
2026-09-23 11:14:35,total_writes,13203.0
2026-09-23 11:14:35,venta_locks,0.0
2026-09-23 11:14:35,detalle_venta_locks,0.0
2026-09-23 11:14:35,inventario_locks,0.0
2026-09-23 11:14:35,kardex_locks,0.0
2026-09-23 11:14:35,caja_locks,0.0
2026-09-23 11:14:35,movimiento_caja_locks,0.0
2026-09-23 11:14:35,auditoria_locks,0.0
2026-09-23 11:14:35,api_status,0.0
2026-09-23 11:14:35,api_latency_ms,4062.0
2026-09-23 11:14:35,products_count,0.0
2026-09-23 11:14:35,sales_count,0.0
2026-09-23 11:14:40,cpu_usr,10.0
2026-09-23 11:14:40,cpu_sys,34.6
2026-09-23 11:14:40,cpu_idl,53.5
2026-09-23 11:14:40,cpu_wai,0.0
2026-09-23 11:14:40,cpu_stl,0.0
2026-09-23 11:14:40,memory_percent,82.5
2026-09-23 11:14:40,memory_used_mb,13329.0
2026-09-23 11:14:40,memory_available_mb,2818.0
2026-09-23 11:14:40,disk_read_per_sec,22977.0
2026-09-23 11:14:40,disk_write_per_sec,14921534.0
2026-09-23 11:14:40,net_send_per_sec,341.0
2026-09-23 11:14:40,net_recv_per_sec,905.0
2026-09-23 11:14:40,load1,0.14
2026-09-23 11:14:40,load5,0.09
2026-09-23 11:14:40,load15,0.04
2026-09-23 11:14:40,active_sessions,22.0
2026-09-23 11:14:40,active_requests,19.0
2026-09-23 11:14:40,long_queries,15.0
2026-09-23 11:14:40,long_transactions,15.0
2026-09-23 11:14:40,idle_sessions,18.0
2026-09-23 11:14:40,lock_waits,0.0
2026-09-23 11:14:40,total_locks,27.0
2026-09-23 11:14:40,deadlocks_per_sec,0.0
2026-09-23 11:14:40,page_life_expectancy,950.0
2026-09-23 11:14:40,buffer_cache_hit_ratio,100.0
2026-09-23 11:14:40,transactions_per_sec,261.37
2026-09-23 11:14:40,page_reads_per_sec,0.0
2026-09-23 11:14:40,page_writes_per_sec,0.0
2026-09-23 11:14:40,rollbacks_per_sec,0.0
2026-09-23 11:14:40,batch_requests_per_sec,0.0
2026-09-23 11:14:40,sql_compilations_per_sec,0.0
2026-09-23 11:14:40,database_size_mb,0.0
2026-09-23 11:14:40,total_reads,1365.0
2026-09-23 11:14:40,total_writes,13367.0
2026-09-23 11:14:40,venta_locks,0.0
2026-09-23 11:14:40,detalle_venta_locks,0.0
2026-09-23 11:14:40,inventario_locks,0.0
2026-09-23 11:14:40,kardex_locks,0.0
2026-09-23 11:14:40,caja_locks,0.0
2026-09-23 11:14:40,movimiento_caja_locks,0.0
2026-09-23 11:14:40,auditoria_locks,0.0
2026-09-23 11:14:40,api_status,0.0
2026-09-23 11:14:40,api_latency_ms,4062.0
2026-09-23 11:14:40,products_count,0.0
2026-09-23 11:14:40,sales_count,0.0
2026-09-23 11:14:45,cpu_usr,9.2
2026-09-23 11:14:45,cpu_sys,34.4
2026-09-23 11:14:45,cpu_idl,53.8
2026-09-23 11:14:45,cpu_wai,0.0
2026-09-23 11:14:45,cpu_stl,0.0
2026-09-23 11:14:45,memory_percent,82.7
2026-09-23 11:14:45,memory_used_mb,13353.0
2026-09-23 11:14:45,memory_available_mb,2794.0
2026-09-23 11:14:45,disk_read_per_sec,1775.0
2026-09-23 11:14:45,disk_write_per_sec,611458.0
2026-09-23 11:14:45,net_send_per_sec,1131.0
2026-09-23 11:14:45,net_recv_per_sec,3197.0
2026-09-23 11:14:45,load1,0.13
2026-09-23 11:14:45,load5,0.09
2026-09-23 11:14:45,load15,0.04
2026-09-23 11:14:45,active_sessions,22.0
2026-09-23 11:14:45,active_requests,18.0
2026-09-23 11:14:45,long_queries,15.0
2026-09-23 11:14:45,long_transactions,15.0
2026-09-23 11:14:45,idle_sessions,20.0
2026-09-23 11:14:45,lock_waits,0.0
2026-09-23 11:14:45,total_locks,35.0
2026-09-23 11:14:45,deadlocks_per_sec,0.0
2026-09-23 11:14:45,page_life_expectancy,955.0
2026-09-23 11:14:45,buffer_cache_hit_ratio,100.0
2026-09-23 11:14:45,transactions_per_sec,264.58
2026-09-23 11:14:45,page_reads_per_sec,0.0
2026-09-23 11:14:45,page_writes_per_sec,0.0
2026-09-23 11:14:45,rollbacks_per_sec,0.0
2026-09-23 11:14:45,batch_requests_per_sec,0.0
2026-09-23 11:14:45,sql_compilations_per_sec,0.0
2026-09-23 11:14:45,database_size_mb,0.0
2026-09-23 11:14:45,total_reads,1365.0
2026-09-23 11:14:45,total_writes,13471.0
2026-09-23 11:14:45,venta_locks,0.0
2026-09-23 11:14:45,detalle_venta_locks,0.0
2026-09-23 11:14:45,inventario_locks,0.0
2026-09-23 11:14:45,kardex_locks,0.0
2026-09-23 11:14:45,caja_locks,0.0
2026-09-23 11:14:45,movimiento_caja_locks,0.0
2026-09-23 11:14:45,auditoria_locks,0.0
2026-09-23 11:14:45,api_status,0.0
2026-09-23 11:14:45,api_latency_ms,4046.0
2026-09-23 11:14:45,products_count,0.0
2026-09-23 11:14:45,sales_count,0.0
2026-09-23 11:14:51,cpu_usr,6.6
2026-09-23 11:14:51,cpu_sys,30.2
2026-09-23 11:14:51,cpu_idl,61.2
2026-09-23 11:14:51,cpu_wai,0.0
2026-09-23 11:14:51,cpu_stl,0.0
2026-09-23 11:14:51,memory_percent,82.5
2026-09-23 11:14:51,memory_used_mb,13316.0
2026-09-23 11:14:51,memory_available_mb,2832.0
2026-09-23 11:14:51,disk_read_per_sec,497061.0
2026-09-23 11:14:51,disk_write_per_sec,631312.0
2026-09-23 11:14:51,net_send_per_sec,353.0
2026-09-23 11:14:51,net_recv_per_sec,5480.0
2026-09-23 11:14:51,load1,0.12
2026-09-23 11:14:51,load5,0.09
2026-09-23 11:14:51,load15,0.04
2026-09-23 11:14:51,active_sessions,22.0
2026-09-23 11:14:51,active_requests,18.0
2026-09-23 11:14:51,long_queries,15.0
2026-09-23 11:14:51,long_transactions,15.0
2026-09-23 11:14:51,idle_sessions,19.0
2026-09-23 11:14:51,lock_waits,0.0
2026-09-23 11:14:51,total_locks,23.0
2026-09-23 11:14:51,deadlocks_per_sec,0.0
2026-09-23 11:14:51,page_life_expectancy,960.0
2026-09-23 11:14:51,buffer_cache_hit_ratio,100.0
2026-09-23 11:14:51,transactions_per_sec,261.06
2026-09-23 11:14:51,page_reads_per_sec,0.0
2026-09-23 11:14:51,page_writes_per_sec,0.0
2026-09-23 11:14:51,rollbacks_per_sec,0.0
2026-09-23 11:14:51,batch_requests_per_sec,0.0
2026-09-23 11:14:51,sql_compilations_per_sec,0.0
2026-09-23 11:14:51,database_size_mb,0.0
2026-09-23 11:14:51,total_reads,1365.0
2026-09-23 11:14:51,total_writes,13584.0
2026-09-23 11:14:51,venta_locks,0.0
2026-09-23 11:14:51,detalle_venta_locks,0.0
2026-09-23 11:14:51,inventario_locks,0.0
2026-09-23 11:14:51,kardex_locks,0.0
2026-09-23 11:14:51,caja_locks,0.0
2026-09-23 11:14:51,movimiento_caja_locks,0.0
2026-09-23 11:14:51,auditoria_locks,0.0
2026-09-23 11:14:51,api_status,0.0
2026-09-23 11:14:51,api_latency_ms,4046.0
2026-09-23 11:14:51,products_count,0.0
2026-09-23 11:14:51,sales_count,0.0
2026-09-23 11:14:56,cpu_usr,8.1
2026-09-23 11:14:56,cpu_sys,11.7
2026-09-23 11:14:56,cpu_idl,78.6
2026-09-23 11:14:56,cpu_wai,0.0
2026-09-23 11:14:56,cpu_stl,0.0
2026-09-23 11:14:56,memory_percent,82.4
2026-09-23 11:14:56,memory_used_mb,13305.0
2026-09-23 11:14:56,memory_available_mb,2842.0
2026-09-23 11:14:56,disk_read_per_sec,524411.0
2026-09-23 11:14:56,disk_write_per_sec,1458687.0
2026-09-23 11:14:56,net_send_per_sec,190.0
2026-09-23 11:14:56,net_recv_per_sec,268.0
2026-09-23 11:14:56,load1,0.11
2026-09-23 11:14:56,load5,0.09
2026-09-23 11:14:56,load15,0.04
2026-09-23 11:14:56,active_sessions,21.0
2026-09-23 11:14:56,active_requests,18.0
2026-09-23 11:14:56,long_queries,15.0
2026-09-23 11:14:56,long_transactions,15.0
2026-09-23 11:14:56,idle_sessions,20.0
2026-09-23 11:14:56,lock_waits,0.0
2026-09-23 11:14:56,total_locks,3.0
2026-09-23 11:14:56,deadlocks_per_sec,0.0
2026-09-23 11:14:56,page_life_expectancy,965.0
2026-09-23 11:14:56,buffer_cache_hit_ratio,99.49
2026-09-23 11:14:56,transactions_per_sec,54.72
2026-09-23 11:14:56,page_reads_per_sec,0.0
2026-09-23 11:14:56,page_writes_per_sec,0.0
2026-09-23 11:14:56,rollbacks_per_sec,0.0
2026-09-23 11:14:56,batch_requests_per_sec,0.0
2026-09-23 11:14:56,sql_compilations_per_sec,0.0
2026-09-23 11:14:56,database_size_mb,0.0
2026-09-23 11:14:56,total_reads,1410.0
2026-09-23 11:14:56,total_writes,13769.0
2026-09-23 11:14:56,venta_locks,0.0
2026-09-23 11:14:56,detalle_venta_locks,0.0
2026-09-23 11:14:56,inventario_locks,0.0
2026-09-23 11:14:56,kardex_locks,0.0
2026-09-23 11:14:56,caja_locks,0.0
2026-09-23 11:14:56,movimiento_caja_locks,0.0
2026-09-23 11:14:56,auditoria_locks,0.0
2026-09-23 11:14:56,api_status,0.0
2026-09-23 11:14:56,api_latency_ms,4046.0
2026-09-23 11:14:56,products_count,0.0
2026-09-23 11:14:56,sales_count,0.0
