event_name,timestamp,session_id,login_name,program_name,database_name,_linea,command,duration,cpu_time,logical_reads,writes,wait_type,resource_type,mode,status,process_type
login,2026-09-07 04:26:22.557,64,sa,Microsoft JDBC Driver for SQL Server,SteelNort,"{""event_name"": ""login"", ""timestamp"": ""2026-09-07 04:26:22.557"", ""session_id"": 64, ""login_name"": ""sa"", ""program_name"": ""Microsoft JDBC Driver for SQL Server"", ""database_name"": ""SteelNort""}",0,0.0,0.0,0.0,0.0,0,0,0,0,UNKNOWN
login,2026-09-07 04:26:22.557,65,sa,Microsoft JDBC Driver for SQL Server,SteelNort,"{""event_name"": ""login"", ""timestamp"": ""2026-09-07 04:26:22.557"", ""session_id"": 65, ""login_name"": ""sa"", ""program_name"": ""Microsoft JDBC Driver for SQL Server"", ""database_name"": ""SteelNort""}",0,0.0,0.0,0.0,0.0,0,0,0,0,UNKNOWN
login,2026-09-07 04:26:22.557,66,sa,Microsoft JDBC Driver for SQL Server,SteelNort,"{""event_name"": ""login"", ""timestamp"": ""2026-09-07 04:26:22.557"", ""session_id"": 66, ""login_name"": ""sa"", ""program_name"": ""Microsoft JDBC Driver for SQL Server"", ""database_name"": ""SteelNort""}",0,0.0,0.0,0.0,0.0,0,0,0,0,UNKNOWN
login,2026-09-07 04:26:22.557,67,sa,Microsoft JDBC Driver for SQL Server,SteelNort,"{""event_name"": ""login"", ""timestamp"": ""2026-09-07 04:26:22.557"", ""session_id"": 67, ""login_name"": ""sa"", ""program_name"": ""Microsoft JDBC Driver for SQL Server"", ""database_name"": ""SteelNort""}",0,0.0,0.0,0.0,0.0,0,0,0,0,UNKNOWN
login,2026-09-07 04:26:22.557,68,sa,Microsoft JDBC Driver for SQL Server,SteelNort,"{""event_name"": ""login"", ""timestamp"": ""2026-09-07 04:26:22.557"", ""session_id"": 68, ""login_name"": ""sa"", ""program_name"": ""Microsoft JDBC Driver for SQL Server"", ""database_name"": ""SteelNort""}",0,0.0,0.0,0.0,0.0,0,0,0,0,UNKNOWN
login,2026-09-07 04:26:22.557,69,sa,python3.11,SteelNort,"{""event_name"": ""login"", ""timestamp"": ""2026-09-07 04:26:22.557"", ""session_id"": 69, ""login_name"": ""sa"", ""program_name"": ""python3.11"", ""database_name"": ""SteelNort""}",0,0.0,0.0,0.0,0.0,0,0,0,0,UNKNOWN
login,2026-09-07 04:26:22.557,70,sa,python3.11,SteelNort,"{""event_name"": ""login"", ""timestamp"": ""2026-09-07 04:26:22.557"", ""session_id"": 70, ""login_name"": ""sa"", ""program_name"": ""python3.11"", ""database_name"": ""SteelNort""}",0,0.0,0.0,0.0,0.0,0,0,0,0,UNKNOWN
login,2026-09-07 04:26:22.557,71,sa,python3.11,SteelNort,"{""event_name"": ""login"", ""timestamp"": ""2026-09-07 04:26:22.557"", ""session_id"": 71, ""login_name"": ""sa"", ""program_name"": ""python3.11"", ""database_name"": ""SteelNort""}",0,0.0,0.0,0.0,0.0,0,0,0,0,UNKNOWN
login,2026-09-07 04:26:22.557,51,sa,Microsoft JDBC Driver for SQL Server,SteelNort,"{""event_name"": ""login"", ""timestamp"": ""2026-09-07 04:26:22.557"", ""session_id"": 51, ""login_name"": ""sa"", ""program_name"": ""Microsoft JDBC Driver for SQL Server"", ""database_name"": ""SteelNort""}",0,0.0,0.0,0.0,0.0,0,0,0,0,UNKNOWN
login,2026-09-07 04:26:22.557,52,sa,Microsoft JDBC Driver for SQL Server,SteelNort,"{""event_name"": ""login"", ""timestamp"": ""2026-09-07 04:26:22.557"", ""session_id"": 52, ""login_name"": ""sa"", ""program_name"": ""Microsoft JDBC Driver for SQL Server"", ""database_name"": ""SteelNort""}",0,0.0,0.0,0.0,0.0,0,0,0,0,UNKNOWN
login,2026-09-07 04:26:22.557,53,sa,unknown,SteelNort,"{""event_name"": ""login"", ""timestamp"": ""2026-09-07 04:26:22.557"", ""session_id"": 53, ""login_name"": ""sa"", ""program_name"": ""unknown"", ""database_name"": ""SteelNort""}",0,0.0,0.0,0.0,0.0,0,0,0,0,UNKNOWN
login,2026-09-07 04:26:22.557,54,sa,unknown,SteelNort,"{""event_name"": ""login"", ""timestamp"": ""2026-09-07 04:26:22.557"", ""session_id"": 54, ""login_name"": ""sa"", ""program_name"": ""unknown"", ""database_name"": ""SteelNort""}",0,0.0,0.0,0.0,0.0,0,0,0,0,UNKNOWN
login,2026-09-07 04:26:22.557,55,sa,unknown,SteelNort,"{""event_name"": ""login"", ""timestamp"": ""2026-09-07 04:26:22.557"", ""session_id"": 55, ""login_name"": ""sa"", ""program_name"": ""unknown"", ""database_name"": ""SteelNort""}",0,0.0,0.0,0.0,0.0,0,0,0,0,UNKNOWN
login,2026-09-07 04:26:22.557,56,sa,unknown,SteelNort,"{""event_name"": ""login"", ""timestamp"": ""2026-09-07 04:26:22.557"", ""session_id"": 56, ""login_name"": ""sa"", ""program_name"": ""unknown"", ""database_name"": ""SteelNort""}",0,0.0,0.0,0.0,0.0,0,0,0,0,UNKNOWN
login,2026-09-07 04:26:22.557,57,sa,unknown,SteelNort,"{""event_name"": ""login"", ""timestamp"": ""2026-09-07 04:26:22.557"", ""session_id"": 57, ""login_name"": ""sa"", ""program_name"": ""unknown"", ""database_name"": ""SteelNort""}",0,0.0,0.0,0.0,0.0,0,0,0,0,UNKNOWN
login,2026-09-07 04:26:22.557,58,sa,unknown,SteelNort,"{""event_name"": ""login"", ""timestamp"": ""2026-09-07 04:26:22.557"", ""session_id"": 58, ""login_name"": ""sa"", ""program_name"": ""unknown"", ""database_name"": ""SteelNort""}",0,0.0,0.0,0.0,0.0,0,0,0,0,UNKNOWN
login,2026-09-07 04:26:22.557,59,sa,unknown,SteelNort,"{""event_name"": ""login"", ""timestamp"": ""2026-09-07 04:26:22.557"", ""session_id"": 59, ""login_name"": ""sa"", ""program_name"": ""unknown"", ""database_name"": ""SteelNort""}",0,0.0,0.0,0.0,0.0,0,0,0,0,UNKNOWN
login,2026-09-07 04:26:22.557,60,sa,Microsoft JDBC Driver for SQL Server,SteelNort,"{""event_name"": ""login"", ""timestamp"": ""2026-09-07 04:26:22.557"", ""session_id"": 60, ""login_name"": ""sa"", ""program_name"": ""Microsoft JDBC Driver for SQL Server"", ""database_name"": ""SteelNort""}",0,0.0,0.0,0.0,0.0,0,0,0,0,UNKNOWN
login,2026-09-07 04:26:22.557,61,sa,unknown,SteelNort,"{""event_name"": ""login"", ""timestamp"": ""2026-09-07 04:26:22.557"", ""session_id"": 61, ""login_name"": ""sa"", ""program_name"": ""unknown"", ""database_name"": ""SteelNort""}",0,0.0,0.0,0.0,0.0,0,0,0,0,UNKNOWN
login,2026-09-07 04:26:22.557,62,sa,Microsoft JDBC Driver for SQL Server,SteelNort,"{""event_name"": ""login"", ""timestamp"": ""2026-09-07 04:26:22.557"", ""session_id"": 62, ""login_name"": ""sa"", ""program_name"": ""Microsoft JDBC Driver for SQL Server"", ""database_name"": ""SteelNort""}",0,0.0,0.0,0.0,0.0,0,0,0,0,UNKNOWN
login,2026-09-07 04:26:22.557,63,sa,Microsoft JDBC Driver for SQL Server,SteelNort,"{""event_name"": ""login"", ""timestamp"": ""2026-09-07 04:26:22.557"", ""session_id"": 63, ""login_name"": ""sa"", ""program_name"": ""Microsoft JDBC Driver for SQL Server"", ""database_name"": ""SteelNort""}",0,0.0,0.0,0.0,0.0,0,0,0,0,UNKNOWN
sql_batch_completed,2026-09-07 04:26:22.557,53,0,0,master,"{""event_name"": ""sql_batch_completed"", ""timestamp"": ""2026-09-07 04:26:22.557"", ""database_name"": ""master"", ""session_id"": 53, ""command"": ""TRACE QUEUE TASK"", ""duration"": 270425, ""cpu_time"": 0, ""logical_reads"": 0, ""writes"": 0, ""wait_type"": ""SQLTRACE_INCREMENTAL_FLUSH_SLEEP""}",TRACE QUEUE TASK,270425.0,0.0,0.0,0.0,SQLTRACE_INCREMENTAL_FLUSH_SLEEP,0,0,0,SQL_SERVER_INTERNAL
sql_batch_completed,2026-09-07 04:26:22.557,54,0,0,SteelNort,"{""event_name"": ""sql_batch_completed"", ""timestamp"": ""2026-09-07 04:26:22.557"", ""database_name"": ""SteelNort"", ""session_id"": 54, ""command"": ""SYSTEM_HEALTH_MONITOR"", ""duration"": 270428, ""cpu_time"": 0, ""logical_reads"": 0, ""writes"": 0, ""wait_type"": ""SP_SERVER_DIAGNOSTICS_SLEEP""}",SYSTEM_HEALTH_MONITOR,270428.0,0.0,0.0,0.0,SP_SERVER_DIAGNOSTICS_SLEEP,0,0,0,SQL_SERVER_INTERNAL
sql_batch_completed,2026-09-07 04:26:22.557,55,0,0,master,"{""event_name"": ""sql_batch_completed"", ""timestamp"": ""2026-09-07 04:26:22.557"", ""database_name"": ""master"", ""session_id"": 55, ""command"": ""TASK MANAGER"", ""duration"": 270336, ""cpu_time"": 0, ""logical_reads"": 0, ""writes"": 0, ""wait_type"": ""ONDEMAND_TASK_QUEUE""}",TASK MANAGER,270336.0,0.0,0.0,0.0,ONDEMAND_TASK_QUEUE,0,0,0,SQL_SERVER_INTERNAL
sql_batch_completed,2026-09-07 04:26:22.557,56,0,0,master,"{""event_name"": ""sql_batch_completed"", ""timestamp"": ""2026-09-07 04:26:22.557"", ""database_name"": ""master"", ""session_id"": 56, ""command"": ""CHECKPOINT"", ""duration"": 270338, ""cpu_time"": 0, ""logical_reads"": 0, ""writes"": 6, ""wait_type"": ""CHECKPOINT_QUEUE""}",CHECKPOINT,270338.0,0.0,0.0,6.0,CHECKPOINT_QUEUE,0,0,0,SQL_SERVER_INTERNAL
sql_batch_completed,2026-09-07 04:26:22.557,57,0,0,master,"{""event_name"": ""sql_batch_completed"", ""timestamp"": ""2026-09-07 04:26:22.557"", ""database_name"": ""master"", ""session_id"": 57, ""command"": ""BRKR EVENT HNDLR"", ""duration"": 268669, ""cpu_time"": 5, ""logical_reads"": 16, ""writes"": 3, ""wait_type"": ""BROKER_EVENTHANDLER""}",BRKR EVENT HNDLR,268669.0,5.0,16.0,3.0,BROKER_EVENTHANDLER,0,0,0,UNKNOWN
sql_batch_completed,2026-09-07 04:26:22.557,58,0,0,master,"{""event_name"": ""sql_batch_completed"", ""timestamp"": ""2026-09-07 04:26:22.557"", ""database_name"": ""master"", ""session_id"": 58, ""command"": ""BRKR TASK"", ""duration"": 268665, ""cpu_time"": 25, ""logical_reads"": 0, ""writes"": 0, ""wait_type"": ""BROKER_TO_FLUSH""}",BRKR TASK,268665.0,25.0,0.0,0.0,BROKER_TO_FLUSH,0,0,0,SQL_SERVER_INTERNAL
sql_batch_completed,2026-09-07 04:26:22.557,59,0,0,master,"{""event_name"": ""sql_batch_completed"", ""timestamp"": ""2026-09-07 04:26:22.557"", ""database_name"": ""master"", ""session_id"": 59, ""command"": ""BRKR TASK"", ""duration"": 268667, ""cpu_time"": 100, ""logical_reads"": 0, ""writes"": 0, ""wait_type"": ""HADR_FILESTREAM_IOMGR_IOCOMPLETION""}",BRKR TASK,268667.0,100.0,0.0,0.0,HADR_FILESTREAM_IOMGR_IOCOMPLETION,0,0,0,SQL_SERVER_INTERNAL
sql_batch_completed,2026-09-07 04:26:22.557,61,0,0,SteelNort,"{""event_name"": ""sql_batch_completed"", ""timestamp"": ""2026-09-07 04:26:22.557"", ""database_name"": ""SteelNort"", ""session_id"": 61, ""command"": ""HADR_AR_MGR_NOTIFICATION_WORKER"", ""duration"": 270321, ""cpu_time"": 0, ""logical_reads"": 0, ""writes"": 0, ""wait_type"": ""HADR_NOTIFICATION_DEQUEUE""}",HADR_AR_MGR_NOTIFICATION_WORKER,270321.0,0.0,0.0,0.0,HADR_NOTIFICATION_DEQUEUE,0,0,0,SQL_SERVER_INTERNAL
sql_batch_completed,2026-09-07 04:26:22.557,69,0,0,SteelNort,"{""event_name"": ""sql_batch_completed"", ""timestamp"": ""2026-09-07 04:26:22.557"", ""database_name"": ""SteelNort"", ""session_id"": 69, ""command"": ""SELECT"", ""duration"": 13, ""cpu_time"": 4, ""logical_reads"": 0, ""writes"": 0}",SELECT,13.0,4.0,0.0,0.0,0,0,0,0,USER
sql_batch_completed,2026-09-07 04:26:22.557,70,0,0,SteelNort,"{""event_name"": ""sql_batch_completed"", ""timestamp"": ""2026-09-07 04:26:22.557"", ""database_name"": ""SteelNort"", ""session_id"": 70, ""command"": ""SELECT"", ""duration"": 14, ""cpu_time"": 6, ""logical_reads"": 0, ""writes"": 0}",SELECT,14.0,6.0,0.0,0.0,0,0,0,0,USER
sql_batch_completed,2026-09-07 04:26:22.557,71,0,0,SteelNort,"{""event_name"": ""sql_batch_completed"", ""timestamp"": ""2026-09-07 04:26:22.557"", ""database_name"": ""SteelNort"", ""session_id"": 71, ""command"": ""EXECUTE"", ""duration"": 88, ""cpu_time"": 55, ""logical_reads"": 40, ""writes"": 0, ""wait_type"": ""PREEMPTIVE_OS_VERIFYTRUST""}",EXECUTE,88.0,55.0,40.0,0.0,PREEMPTIVE_OS_VERIFYTRUST,0,0,0,USER
lock_acquired,2026-09-07 04:26:22.557,64,0,0,0,"{""event_name"": ""lock_acquired"", ""timestamp"": ""2026-09-07 04:26:22.557"", ""session_id"": 64, ""resource_type"": ""DATABASE"", ""mode"": ""S""}",0,0.0,0.0,0.0,0.0,0,DATABASE,S,0,UNKNOWN
lock_acquired,2026-09-07 04:26:22.557,70,0,0,0,"{""event_name"": ""lock_acquired"", ""timestamp"": ""2026-09-07 04:26:22.557"", ""session_id"": 70, ""resource_type"": ""DATABASE"", ""mode"": ""S""}",0,0.0,0.0,0.0,0.0,0,DATABASE,S,0,UNKNOWN
lock_acquired,2026-09-07 04:26:22.557,67,0,0,0,"{""event_name"": ""lock_acquired"", ""timestamp"": ""2026-09-07 04:26:22.557"", ""session_id"": 67, ""resource_type"": ""DATABASE"", ""mode"": ""S""}",0,0.0,0.0,0.0,0.0,0,DATABASE,S,0,UNKNOWN
lock_acquired,2026-09-07 04:26:22.557,68,0,0,0,"{""event_name"": ""lock_acquired"", ""timestamp"": ""2026-09-07 04:26:22.557"", ""session_id"": 68, ""resource_type"": ""DATABASE"", ""mode"": ""S""}",0,0.0,0.0,0.0,0.0,0,DATABASE,S,0,UNKNOWN
lock_acquired,2026-09-07 04:26:22.557,52,0,0,0,"{""event_name"": ""lock_acquired"", ""timestamp"": ""2026-09-07 04:26:22.557"", ""session_id"": 52, ""resource_type"": ""DATABASE"", ""mode"": ""S""}",0,0.0,0.0,0.0,0.0,0,DATABASE,S,0,UNKNOWN
lock_acquired,2026-09-07 04:26:22.557,71,0,0,0,"{""event_name"": ""lock_acquired"", ""timestamp"": ""2026-09-07 04:26:22.557"", ""session_id"": 71, ""resource_type"": ""DATABASE"", ""mode"": ""S""}",0,0.0,0.0,0.0,0.0,0,DATABASE,S,0,UNKNOWN
lock_acquired,2026-09-07 04:26:22.557,65,0,0,0,"{""event_name"": ""lock_acquired"", ""timestamp"": ""2026-09-07 04:26:22.557"", ""session_id"": 65, ""resource_type"": ""DATABASE"", ""mode"": ""S""}",0,0.0,0.0,0.0,0.0,0,DATABASE,S,0,UNKNOWN
lock_acquired,2026-09-07 04:26:22.557,62,0,0,0,"{""event_name"": ""lock_acquired"", ""timestamp"": ""2026-09-07 04:26:22.557"", ""session_id"": 62, ""resource_type"": ""DATABASE"", ""mode"": ""S""}",0,0.0,0.0,0.0,0.0,0,DATABASE,S,0,UNKNOWN
lock_acquired,2026-09-07 04:26:22.557,69,0,0,0,"{""event_name"": ""lock_acquired"", ""timestamp"": ""2026-09-07 04:26:22.557"", ""session_id"": 69, ""resource_type"": ""DATABASE"", ""mode"": ""S""}",0,0.0,0.0,0.0,0.0,0,DATABASE,S,0,UNKNOWN
lock_acquired,2026-09-07 04:26:22.557,66,0,0,0,"{""event_name"": ""lock_acquired"", ""timestamp"": ""2026-09-07 04:26:22.557"", ""session_id"": 66, ""resource_type"": ""DATABASE"", ""mode"": ""S""}",0,0.0,0.0,0.0,0.0,0,DATABASE,S,0,UNKNOWN
lock_acquired,2026-09-07 04:26:22.557,51,0,0,0,"{""event_name"": ""lock_acquired"", ""timestamp"": ""2026-09-07 04:26:22.557"", ""session_id"": 51, ""resource_type"": ""DATABASE"", ""mode"": ""S""}",0,0.0,0.0,0.0,0.0,0,DATABASE,S,0,UNKNOWN
lock_acquired,2026-09-07 04:26:22.557,63,0,0,0,"{""event_name"": ""lock_acquired"", ""timestamp"": ""2026-09-07 04:26:22.557"", ""session_id"": 63, ""resource_type"": ""DATABASE"", ""mode"": ""S""}",0,0.0,0.0,0.0,0.0,0,DATABASE,S,0,UNKNOWN
lock_acquired,2026-09-07 04:26:22.557,60,0,0,0,"{""event_name"": ""lock_acquired"", ""timestamp"": ""2026-09-07 04:26:22.557"", ""session_id"": 60, ""resource_type"": ""DATABASE"", ""mode"": ""S""}",0,0.0,0.0,0.0,0.0,0,DATABASE,S,0,UNKNOWN
sql_batch_completed,2026-09-07 04:26:24.685,51,0,0,SteelNort,"{""event_name"": ""sql_batch_completed"", ""timestamp"": ""2026-09-07 04:26:24.685"", ""database_name"": ""SteelNort"", ""session_id"": 51, ""command"": ""EXECUTE"", ""duration"": -8, ""cpu_time"": 0, ""logical_reads"": 0, ""writes"": 0}",EXECUTE,-8.0,0.0,0.0,0.0,0,0,0,0,USER
wait_info,2026-09-07 04:26:24.685,71,0,0,SteelNort,"{""event_name"": ""wait_info"", ""timestamp"": ""2026-09-07 04:26:24.685"", ""session_id"": 71, ""wait_type"": ""MSQL_XP"", ""database_name"": ""SteelNort""}",0,0.0,0.0,0.0,0.0,MSQL_XP,0,0,0,UNKNOWN
sql_batch_completed,2026-09-07 04:26:24.685,69,0,0,SteelNort,"{""event_name"": ""sql_batch_completed"", ""timestamp"": ""2026-09-07 04:26:24.685"", ""database_name"": ""SteelNort"", ""session_id"": 69, ""command"": ""SELECT"", ""duration"": 2060, ""cpu_time"": 4, ""logical_reads"": 0, ""writes"": 0, ""status"": ""completed""}",SELECT,2060.0,4.0,0.0,0.0,0,0,0,completed,USER
sql_batch_completed,2026-09-07 04:26:26.716,65,0,0,SteelNort,"{""event_name"": ""sql_batch_completed"", ""timestamp"": ""2026-09-07 04:26:26.716"", ""database_name"": ""SteelNort"", ""session_id"": 65, ""command"": ""SELECT"", ""duration"": 238, ""cpu_time"": 28, ""logical_reads"": 0, ""writes"": 0}",SELECT,238.0,28.0,0.0,0.0,0,0,0,0,USER
sql_batch_completed,2026-09-07 04:26:26.716,66,0,0,SteelNort,"{""event_name"": ""sql_batch_completed"", ""timestamp"": ""2026-09-07 04:26:26.716"", ""database_name"": ""SteelNort"", ""session_id"": 66, ""command"": ""SELECT"", ""duration"": 132, ""cpu_time"": 27, ""logical_reads"": 0, ""writes"": 0}",SELECT,132.0,27.0,0.0,0.0,0,0,0,0,USER
sql_batch_completed,2026-09-07 04:26:26.716,67,0,0,SteelNort,"{""event_name"": ""sql_batch_completed"", ""timestamp"": ""2026-09-07 04:26:26.716"", ""database_name"": ""SteelNort"", ""session_id"": 67, ""command"": ""COMMIT TRANSACTION"", ""duration"": -3, ""cpu_time"": 2, ""logical_reads"": 0, ""writes"": 0, ""wait_type"": ""PREEMPTIVE_OS_FLUSHFILEBUFFERS""}",COMMIT TRANSACTION,-3.0,2.0,0.0,0.0,PREEMPTIVE_OS_FLUSHFILEBUFFERS,0,0,0,UNKNOWN
sql_batch_completed,2026-09-07 04:26:26.716,51,0,0,SteelNort,"{""event_name"": ""sql_batch_completed"", ""timestamp"": ""2026-09-07 04:26:26.716"", ""database_name"": ""SteelNort"", ""session_id"": 51, ""command"": ""EXECUTE"", ""duration"": 2031, ""cpu_time"": 0, ""logical_reads"": 0, ""writes"": 0, ""status"": ""completed""}",EXECUTE,2031.0,0.0,0.0,0.0,0,0,0,completed,USER
sql_batch_completed,2026-09-07 04:26:26.716,71,0,0,SteelNort,"{""event_name"": ""sql_batch_completed"", ""timestamp"": ""2026-09-07 04:26:26.716"", ""database_name"": ""SteelNort"", ""session_id"": 71, ""command"": ""EXECUTE"", ""duration"": 2077, ""cpu_time"": 47, ""logical_reads"": 0, ""writes"": 0, ""status"": ""completed""}",EXECUTE,2077.0,47.0,0.0,0.0,0,0,0,completed,USER
lock_acquired,2026-09-07 04:26:26.716,66,0,0,0,"{""event_name"": ""lock_acquired"", ""timestamp"": ""2026-09-07 04:26:26.716"", ""session_id"": 66, ""resource_type"": ""RID"", ""mode"": ""S""}",0,0.0,0.0,0.0,0.0,0,RID,S,0,UNKNOWN
lock_acquired,2026-09-07 04:26:26.716,65,0,0,0,"{""event_name"": ""lock_acquired"", ""timestamp"": ""2026-09-07 04:26:26.716"", ""session_id"": 65, ""resource_type"": ""OBJECT"", ""mode"": ""IS""}",0,0.0,0.0,0.0,0.0,0,OBJECT,IS,0,UNKNOWN
lock_acquired,2026-09-07 04:26:26.716,65,0,0,0,"{""event_name"": ""lock_acquired"", ""timestamp"": ""2026-09-07 04:26:26.716"", ""session_id"": 65, ""resource_type"": ""PAGE"", ""mode"": ""IS""}",0,0.0,0.0,0.0,0.0,0,PAGE,IS,0,UNKNOWN
lock_acquired,2026-09-07 04:26:26.716,66,0,0,0,"{""event_name"": ""lock_acquired"", ""timestamp"": ""2026-09-07 04:26:26.716"", ""session_id"": 66, ""resource_type"": ""OBJECT"", ""mode"": ""IS""}",0,0.0,0.0,0.0,0.0,0,OBJECT,IS,0,UNKNOWN
lock_acquired,2026-09-07 04:26:26.716,66,0,0,0,"{""event_name"": ""lock_acquired"", ""timestamp"": ""2026-09-07 04:26:26.716"", ""session_id"": 66, ""resource_type"": ""PAGE"", ""mode"": ""IS""}",0,0.0,0.0,0.0,0.0,0,PAGE,IS,0,UNKNOWN
sql_batch_completed,2026-09-07 04:26:28.767,65,0,0,SteelNort,"{""event_name"": ""sql_batch_completed"", ""timestamp"": ""2026-09-07 04:26:28.767"", ""database_name"": ""SteelNort"", ""session_id"": 65, ""command"": ""SELECT"", ""duration"": 2291, ""cpu_time"": 28, ""logical_reads"": 0, ""writes"": 0, ""status"": ""completed""}",SELECT,2291.0,28.0,0.0,0.0,0,0,0,completed,USER
sql_batch_completed,2026-09-07 04:26:28.767,66,0,0,SteelNort,"{""event_name"": ""sql_batch_completed"", ""timestamp"": ""2026-09-07 04:26:28.767"", ""database_name"": ""SteelNort"", ""session_id"": 66, ""command"": ""SELECT"", ""duration"": 2186, ""cpu_time"": 27, ""logical_reads"": 0, ""writes"": 0, ""status"": ""completed""}",SELECT,2186.0,27.0,0.0,0.0,0,0,0,completed,USER
sql_batch_completed,2026-09-07 04:26:28.767,67,0,0,SteelNort,"{""event_name"": ""sql_batch_completed"", ""timestamp"": ""2026-09-07 04:26:28.767"", ""database_name"": ""SteelNort"", ""session_id"": 67, ""command"": ""COMMIT TRANSACTION"", ""duration"": 2051, ""cpu_time"": 2, ""logical_reads"": 0, ""writes"": 0, ""status"": ""completed""}",COMMIT TRANSACTION,2051.0,2.0,0.0,0.0,0,0,0,completed,UNKNOWN
lock_released,2026-09-07 04:26:28.767,66,0,0,0,"{""event_name"": ""lock_released"", ""timestamp"": ""2026-09-07 04:26:28.767"", ""session_id"": 66, ""resource_type"": ""RID"", ""mode"": ""S""}",0,0.0,0.0,0.0,0.0,0,RID,S,0,UNKNOWN
lock_released,2026-09-07 04:26:28.767,65,0,0,0,"{""event_name"": ""lock_released"", ""timestamp"": ""2026-09-07 04:26:28.767"", ""session_id"": 65, ""resource_type"": ""OBJECT"", ""mode"": ""IS""}",0,0.0,0.0,0.0,0.0,0,OBJECT,IS,0,UNKNOWN
lock_released,2026-09-07 04:26:28.767,65,0,0,0,"{""event_name"": ""lock_released"", ""timestamp"": ""2026-09-07 04:26:28.767"", ""session_id"": 65, ""resource_type"": ""PAGE"", ""mode"": ""IS""}",0,0.0,0.0,0.0,0.0,0,PAGE,IS,0,UNKNOWN
lock_released,2026-09-07 04:26:28.767,66,0,0,0,"{""event_name"": ""lock_released"", ""timestamp"": ""2026-09-07 04:26:28.767"", ""session_id"": 66, ""resource_type"": ""OBJECT"", ""mode"": ""IS""}",0,0.0,0.0,0.0,0.0,0,OBJECT,IS,0,UNKNOWN
lock_released,2026-09-07 04:26:28.767,66,0,0,0,"{""event_name"": ""lock_released"", ""timestamp"": ""2026-09-07 04:26:28.767"", ""session_id"": 66, ""resource_type"": ""PAGE"", ""mode"": ""IS""}",0,0.0,0.0,0.0,0.0,0,PAGE,IS,0,UNKNOWN
sql_batch_completed,2026-09-07 04:26:34.884,71,0,0,SteelNort,"{""event_name"": ""sql_batch_completed"", ""timestamp"": ""2026-09-07 04:26:34.884"", ""database_name"": ""SteelNort"", ""session_id"": 71, ""command"": ""EXECUTE"", ""duration"": 66, ""cpu_time"": 93, ""logical_reads"": 0, ""writes"": 0, ""wait_type"": ""MSQL_XP""}",EXECUTE,66.0,93.0,0.0,0.0,MSQL_XP,0,0,0,USER
lock_acquired,2026-09-07 04:26:34.884,62,0,0,0,"{""event_name"": ""lock_acquired"", ""timestamp"": ""2026-09-07 04:26:34.884"", ""session_id"": 62, ""resource_type"": ""OBJECT"", ""mode"": ""IS""}",0,0.0,0.0,0.0,0.0,0,OBJECT,IS,0,UNKNOWN
login,2026-09-07 04:26:36.955,72,sa,unknown,SteelNort,"{""event_name"": ""login"", ""timestamp"": ""2026-09-07 04:26:36.955"", ""session_id"": 72, ""login_name"": ""sa"", ""program_name"": ""unknown"", ""database_name"": ""SteelNort""}",0,0.0,0.0,0.0,0.0,0,0,0,0,UNKNOWN
login,2026-09-07 04:26:36.955,73,sa,unknown,SteelNort,"{""event_name"": ""login"", ""timestamp"": ""2026-09-07 04:26:36.955"", ""session_id"": 73, ""login_name"": ""sa"", ""program_name"": ""unknown"", ""database_name"": ""SteelNort""}",0,0.0,0.0,0.0,0.0,0,0,0,0,UNKNOWN
login,2026-09-07 04:26:36.955,74,sa,unknown,SteelNort,"{""event_name"": ""login"", ""timestamp"": ""2026-09-07 04:26:36.955"", ""session_id"": 74, ""login_name"": ""sa"", ""program_name"": ""unknown"", ""database_name"": ""SteelNort""}",0,0.0,0.0,0.0,0.0,0,0,0,0,UNKNOWN
login,2026-09-07 04:26:36.955,75,sa,unknown,SteelNort,"{""event_name"": ""login"", ""timestamp"": ""2026-09-07 04:26:36.955"", ""session_id"": 75, ""login_name"": ""sa"", ""program_name"": ""unknown"", ""database_name"": ""SteelNort""}",0,0.0,0.0,0.0,0.0,0,0,0,0,UNKNOWN
login,2026-09-07 04:26:36.955,76,sa,unknown,SteelNort,"{""event_name"": ""login"", ""timestamp"": ""2026-09-07 04:26:36.955"", ""session_id"": 76, ""login_name"": ""sa"", ""program_name"": ""unknown"", ""database_name"": ""SteelNort""}",0,0.0,0.0,0.0,0.0,0,0,0,0,UNKNOWN
login,2026-09-07 04:26:36.955,77,sa,unknown,SteelNort,"{""event_name"": ""login"", ""timestamp"": ""2026-09-07 04:26:36.955"", ""session_id"": 77, ""login_name"": ""sa"", ""program_name"": ""unknown"", ""database_name"": ""SteelNort""}",0,0.0,0.0,0.0,0.0,0,0,0,0,UNKNOWN
login,2026-09-07 04:26:36.955,78,sa,unknown,SteelNort,"{""event_name"": ""login"", ""timestamp"": ""2026-09-07 04:26:36.955"", ""session_id"": 78, ""login_name"": ""sa"", ""program_name"": ""unknown"", ""database_name"": ""SteelNort""}",0,0.0,0.0,0.0,0.0,0,0,0,0,UNKNOWN
login,2026-09-07 04:26:36.955,79,sa,unknown,SteelNort,"{""event_name"": ""login"", ""timestamp"": ""2026-09-07 04:26:36.955"", ""session_id"": 79, ""login_name"": ""sa"", ""program_name"": ""unknown"", ""database_name"": ""SteelNort""}",0,0.0,0.0,0.0,0.0,0,0,0,0,UNKNOWN
sql_batch_completed,2026-09-07 04:26:36.955,72,0,0,master,"{""event_name"": ""sql_batch_completed"", ""timestamp"": ""2026-09-07 04:26:36.955"", ""database_name"": ""master"", ""session_id"": 72, ""command"": ""TASK MANAGER"", ""duration"": 153, ""cpu_time"": 0, ""logical_reads"": 0, ""writes"": 0}",TASK MANAGER,153.0,0.0,0.0,0.0,0,0,0,0,SQL_SERVER_INTERNAL
sql_batch_completed,2026-09-07 04:26:36.955,73,0,0,master,"{""event_name"": ""sql_batch_completed"", ""timestamp"": ""2026-09-07 04:26:36.955"", ""database_name"": ""master"", ""session_id"": 73, ""command"": ""TASK MANAGER"", ""duration"": 155, ""cpu_time"": 0, ""logical_reads"": 0, ""writes"": 0}",TASK MANAGER,155.0,0.0,0.0,0.0,0,0,0,0,SQL_SERVER_INTERNAL
sql_batch_completed,2026-09-07 04:26:36.955,74,0,0,master,"{""event_name"": ""sql_batch_completed"", ""timestamp"": ""2026-09-07 04:26:36.955"", ""database_name"": ""master"", ""session_id"": 74, ""command"": ""TASK MANAGER"", ""duration"": 156, ""cpu_time"": 0, ""logical_reads"": 0, ""writes"": 0}",TASK MANAGER,156.0,0.0,0.0,0.0,0,0,0,0,SQL_SERVER_INTERNAL
sql_batch_completed,2026-09-07 04:26:36.955,75,0,0,master,"{""event_name"": ""sql_batch_completed"", ""timestamp"": ""2026-09-07 04:26:36.955"", ""database_name"": ""master"", ""session_id"": 75, ""command"": ""TASK MANAGER"", ""duration"": 154, ""cpu_time"": 0, ""logical_reads"": 0, ""writes"": 0}",TASK MANAGER,154.0,0.0,0.0,0.0,0,0,0,0,SQL_SERVER_INTERNAL
sql_batch_completed,2026-09-07 04:26:36.955,76,0,0,master,"{""event_name"": ""sql_batch_completed"", ""timestamp"": ""2026-09-07 04:26:36.955"", ""database_name"": ""master"", ""session_id"": 76, ""command"": ""TASK MANAGER"", ""duration"": 155, ""cpu_time"": 0, ""logical_reads"": 0, ""writes"": 0}",TASK MANAGER,155.0,0.0,0.0,0.0,0,0,0,0,SQL_SERVER_INTERNAL
sql_batch_completed,2026-09-07 04:26:36.955,77,0,0,master,"{""event_name"": ""sql_batch_completed"", ""timestamp"": ""2026-09-07 04:26:36.955"", ""database_name"": ""master"", ""session_id"": 77, ""command"": ""TASK MANAGER"", ""duration"": 156, ""cpu_time"": 0, ""logical_reads"": 0, ""writes"": 0}",TASK MANAGER,156.0,0.0,0.0,0.0,0,0,0,0,SQL_SERVER_INTERNAL
sql_batch_completed,2026-09-07 04:26:36.955,78,0,0,master,"{""event_name"": ""sql_batch_completed"", ""timestamp"": ""2026-09-07 04:26:36.955"", ""database_name"": ""master"", ""session_id"": 78, ""command"": ""TASK MANAGER"", ""duration"": 157, ""cpu_time"": 0, ""logical_reads"": 0, ""writes"": 0}",TASK MANAGER,157.0,0.0,0.0,0.0,0,0,0,0,SQL_SERVER_INTERNAL
sql_batch_completed,2026-09-07 04:26:36.955,79,0,0,master,"{""event_name"": ""sql_batch_completed"", ""timestamp"": ""2026-09-07 04:26:36.955"", ""database_name"": ""master"", ""session_id"": 79, ""command"": ""TASK MANAGER"", ""duration"": 158, ""cpu_time"": 0, ""logical_reads"": 0, ""writes"": 0}",TASK MANAGER,158.0,0.0,0.0,0.0,0,0,0,0,SQL_SERVER_INTERNAL
sql_batch_completed,2026-09-07 04:26:36.955,71,0,0,SteelNort,"{""event_name"": ""sql_batch_completed"", ""timestamp"": ""2026-09-07 04:26:36.955"", ""database_name"": ""SteelNort"", ""session_id"": 71, ""command"": ""EXECUTE"", ""duration"": 2137, ""cpu_time"": 93, ""logical_reads"": 0, ""writes"": 0, ""status"": ""completed""}",EXECUTE,2137.0,93.0,0.0,0.0,0,0,0,completed,USER
lock_released,2026-09-07 04:26:36.955,62,0,0,0,"{""event_name"": ""lock_released"", ""timestamp"": ""2026-09-07 04:26:36.955"", ""session_id"": 62, ""resource_type"": ""OBJECT"", ""mode"": ""IS""}",0,0.0,0.0,0.0,0.0,0,OBJECT,IS,0,UNKNOWN
login,2026-09-07 04:26:39.010,80,795ec2146175\Administrator,Microsoft SQL Server,SteelNort,"{""event_name"": ""login"", ""timestamp"": ""2026-09-07 04:26:39.010"", ""session_id"": 80, ""login_name"": ""795ec2146175\\Administrator"", ""program_name"": ""Microsoft SQL Server"", ""database_name"": ""SteelNort""}",0,0.0,0.0,0.0,0.0,0,0,0,0,UNKNOWN
sql_batch_completed,2026-09-07 04:26:39.010,71,0,0,SteelNort,"{""event_name"": ""sql_batch_completed"", ""timestamp"": ""2026-09-07 04:26:39.010"", ""database_name"": ""SteelNort"", ""session_id"": 71, ""command"": ""EXECUTE"", ""duration"": 253, ""cpu_time"": 175, ""logical_reads"": 0, ""writes"": 0, ""wait_type"": ""MSQL_XP""}",EXECUTE,253.0,175.0,0.0,0.0,MSQL_XP,0,0,0,USER
logout,2026-09-07 04:26:41.052,80,0,0,0,"{""event_name"": ""logout"", ""timestamp"": ""2026-09-07 04:26:41.052"", ""session_id"": 80}",0,0.0,0.0,0.0,0.0,0,0,0,0,UNKNOWN
sql_batch_completed,2026-09-07 04:26:41.052,71,0,0,SteelNort,"{""event_name"": ""sql_batch_completed"", ""timestamp"": ""2026-09-07 04:26:41.052"", ""database_name"": ""SteelNort"", ""session_id"": 71, ""command"": ""EXECUTE"", ""duration"": 2284, ""cpu_time"": 175, ""logical_reads"": 0, ""writes"": 0, ""status"": ""completed""}",EXECUTE,2284.0,175.0,0.0,0.0,0,0,0,completed,USER
login,2026-09-07 04:26:43.078,80,795ec2146175\Administrator,Microsoft SQL Server,SteelNort,"{""event_name"": ""login"", ""timestamp"": ""2026-09-07 04:26:43.078"", ""session_id"": 80, ""login_name"": ""795ec2146175\\Administrator"", ""program_name"": ""Microsoft SQL Server"", ""database_name"": ""SteelNort""}",0,0.0,0.0,0.0,0.0,0,0,0,0,UNKNOWN
wait_info,2026-09-07 04:26:43.078,58,0,0,master,"{""event_name"": ""wait_info"", ""timestamp"": ""2026-09-07 04:26:43.078"", ""session_id"": 58, ""wait_type"": ""SLEEP_TASK"", ""database_name"": ""master""}",0,0.0,0.0,0.0,0.0,SLEEP_TASK,0,0,0,UNKNOWN
sql_batch_completed,2026-09-07 04:26:43.078,63,0,0,SteelNort,"{""event_name"": ""sql_batch_completed"", ""timestamp"": ""2026-09-07 04:26:43.078"", ""database_name"": ""SteelNort"", ""session_id"": 63, ""command"": ""AWAITING COMMAND"", ""duration"": -4, ""cpu_time"": 0, ""logical_reads"": 0, ""writes"": 0}",AWAITING COMMAND,-4.0,0.0,0.0,0.0,0,0,0,0,UNKNOWN
sql_batch_completed,2026-09-07 04:26:43.078,71,0,0,SteelNort,"{""event_name"": ""sql_batch_completed"", ""timestamp"": ""2026-09-07 04:26:43.078"", ""database_name"": ""SteelNort"", ""session_id"": 71, ""command"": ""EXECUTE"", ""duration"": 261, ""cpu_time"": 151, ""logical_reads"": 0, ""writes"": 0, ""wait_type"": ""MSQL_XP""}",EXECUTE,261.0,151.0,0.0,0.0,MSQL_XP,0,0,0,USER
logout,2026-09-07 04:26:45.174,80,0,0,0,"{""event_name"": ""logout"", ""timestamp"": ""2026-09-07 04:26:45.174"", ""session_id"": 80}",0,0.0,0.0,0.0,0.0,0,0,0,0,UNKNOWN
sql_batch_completed,2026-09-07 04:26:45.174,62,0,0,SteelNort,"{""event_name"": ""sql_batch_completed"", ""timestamp"": ""2026-09-07 04:26:45.174"", ""database_name"": ""SteelNort"", ""session_id"": 62, ""command"": ""CONDITIONAL"", ""duration"": -22, ""cpu_time"": 0, ""logical_reads"": 0, ""writes"": 0}",CONDITIONAL,-22.0,0.0,0.0,0.0,0,0,0,0,UNKNOWN
sql_batch_completed,2026-09-07 04:26:45.174,67,0,0,SteelNort,"{""event_name"": ""sql_batch_completed"", ""timestamp"": ""2026-09-07 04:26:45.174"", ""database_name"": ""SteelNort"", ""session_id"": 67, ""command"": ""AWAITING COMMAND"", ""duration"": -21, ""cpu_time"": 0, ""logical_reads"": 0, ""writes"": 0}",AWAITING COMMAND,-21.0,0.0,0.0,0.0,0,0,0,0,UNKNOWN
sql_batch_completed,2026-09-07 04:26:45.174,71,0,0,SteelNort,"{""event_name"": ""sql_batch_completed"", ""timestamp"": ""2026-09-07 04:26:45.174"", ""database_name"": ""SteelNort"", ""session_id"": 71, ""command"": ""EXECUTE"", ""duration"": 2330, ""cpu_time"": 151, ""logical_reads"": 0, ""writes"": 0, ""status"": ""completed""}",EXECUTE,2330.0,151.0,0.0,0.0,0,0,0,completed,USER
sql_batch_completed,2026-09-07 04:26:45.174,63,0,0,SteelNort,"{""event_name"": ""sql_batch_completed"", ""timestamp"": ""2026-09-07 04:26:45.174"", ""database_name"": ""SteelNort"", ""session_id"": 63, ""command"": ""AWAITING COMMAND"", ""duration"": 2074, ""cpu_time"": 0, ""logical_reads"": 0, ""writes"": 0, ""status"": ""completed""}",AWAITING COMMAND,2074.0,0.0,0.0,0.0,0,0,0,completed,UNKNOWN
login,2026-09-07 04:26:47.208,80,795ec2146175\Administrator,Microsoft SQL Server,SteelNort,"{""event_name"": ""login"", ""timestamp"": ""2026-09-07 04:26:47.208"", ""session_id"": 80, ""login_name"": ""795ec2146175\\Administrator"", ""program_name"": ""Microsoft SQL Server"", ""database_name"": ""SteelNort""}",0,0.0,0.0,0.0,0.0,0,0,0,0,UNKNOWN
sql_batch_completed,2026-09-07 04:26:47.208,71,0,0,SteelNort,"{""event_name"": ""sql_batch_completed"", ""timestamp"": ""2026-09-07 04:26:47.208"", ""database_name"": ""SteelNort"", ""session_id"": 71, ""command"": ""EXECUTE"", ""duration"": 469, ""cpu_time"": 244, ""logical_reads"": 0, ""writes"": 0, ""wait_type"": ""MSQL_XP""}",EXECUTE,469.0,244.0,0.0,0.0,MSQL_XP,0,0,0,USER
sql_batch_completed,2026-09-07 04:26:47.208,67,0,0,SteelNort,"{""event_name"": ""sql_batch_completed"", ""timestamp"": ""2026-09-07 04:26:47.208"", ""database_name"": ""SteelNort"", ""session_id"": 67, ""command"": ""AWAITING COMMAND"", ""duration"": 2021, ""cpu_time"": 0, ""logical_reads"": 0, ""writes"": 0, ""status"": ""completed""}",AWAITING COMMAND,2021.0,0.0,0.0,0.0,0,0,0,completed,UNKNOWN
sql_batch_completed,2026-09-07 04:26:47.208,62,0,0,SteelNort,"{""event_name"": ""sql_batch_completed"", ""timestamp"": ""2026-09-07 04:26:47.208"", ""database_name"": ""SteelNort"", ""session_id"": 62, ""command"": ""CONDITIONAL"", ""duration"": 2022, ""cpu_time"": 0, ""logical_reads"": 0, ""writes"": 0, ""status"": ""completed""}",CONDITIONAL,2022.0,0.0,0.0,0.0,0,0,0,completed,UNKNOWN
sql_batch_completed,2026-09-07 04:26:49.261,80,0,0,master,"{""event_name"": ""sql_batch_completed"", ""timestamp"": ""2026-09-07 04:26:49.261"", ""database_name"": ""master"", ""session_id"": 80, ""command"": ""BRKR TASK"", ""duration"": 409, ""cpu_time"": 0, ""logical_reads"": 0, ""writes"": 0, ""wait_type"": ""BROKER_TASK_STOP""}",BRKR TASK,409.0,0.0,0.0,0.0,BROKER_TASK_STOP,0,0,0,SQL_SERVER_INTERNAL
sql_batch_completed,2026-09-07 04:26:49.261,71,0,0,SteelNort,"{""event_name"": ""sql_batch_completed"", ""timestamp"": ""2026-09-07 04:26:49.261"", ""database_name"": ""SteelNort"", ""session_id"": 71, ""command"": ""EXECUTE"", ""duration"": 2518, ""cpu_time"": 244, ""logical_reads"": 0, ""writes"": 0, ""status"": ""completed""}",EXECUTE,2518.0,244.0,0.0,0.0,0,0,0,completed,USER
login,2026-09-07 04:26:51.297,81,795ec2146175\Administrator,Microsoft SQL Server,SteelNort,"{""event_name"": ""login"", ""timestamp"": ""2026-09-07 04:26:51.297"", ""session_id"": 81, ""login_name"": ""795ec2146175\\Administrator"", ""program_name"": ""Microsoft SQL Server"", ""database_name"": ""SteelNort""}",0,0.0,0.0,0.0,0.0,0,0,0,0,UNKNOWN
sql_batch_completed,2026-09-07 04:26:51.297,71,0,0,SteelNort,"{""event_name"": ""sql_batch_completed"", ""timestamp"": ""2026-09-07 04:26:51.297"", ""database_name"": ""SteelNort"", ""session_id"": 71, ""command"": ""EXECUTE"", ""duration"": 304, ""cpu_time"": 279, ""logical_reads"": 0, ""writes"": 0, ""wait_type"": ""MSQL_XP""}",EXECUTE,304.0,279.0,0.0,0.0,MSQL_XP,0,0,0,USER
login,2026-09-07 04:26:53.357,82,NT AUTHORITY\SYSTEM,SQLServerCEIP,SteelNort,"{""event_name"": ""login"", ""timestamp"": ""2026-09-07 04:26:53.357"", ""session_id"": 82, ""login_name"": ""NT AUTHORITY\\SYSTEM"", ""program_name"": ""SQLServerCEIP"", ""database_name"": ""SteelNort""}",0,0.0,0.0,0.0,0.0,0,0,0,0,UNKNOWN
logout,2026-09-07 04:26:53.357,81,0,0,0,"{""event_name"": ""logout"", ""timestamp"": ""2026-09-07 04:26:53.357"", ""session_id"": 81}",0,0.0,0.0,0.0,0.0,0,0,0,0,UNKNOWN
sql_batch_completed,2026-09-07 04:26:53.357,51,0,0,SteelNort,"{""event_name"": ""sql_batch_completed"", ""timestamp"": ""2026-09-07 04:26:53.357"", ""database_name"": ""SteelNort"", ""session_id"": 51, ""command"": ""AWAITING COMMAND"", ""duration"": -1, ""cpu_time"": 0, ""logical_reads"": 0, ""writes"": 0}",AWAITING COMMAND,-1.0,0.0,0.0,0.0,0,0,0,0,UNKNOWN
sql_batch_completed,2026-09-07 04:26:53.357,71,0,0,SteelNort,"{""event_name"": ""sql_batch_completed"", ""timestamp"": ""2026-09-07 04:26:53.357"", ""database_name"": ""SteelNort"", ""session_id"": 71, ""command"": ""EXECUTE"", ""duration"": 2367, ""cpu_time"": 279, ""logical_reads"": 0, ""writes"": 0, ""status"": ""completed""}",EXECUTE,2367.0,279.0,0.0,0.0,0,0,0,completed,USER
sql_batch_completed,2026-09-07 04:26:55.421,51,0,0,SteelNort,"{""event_name"": ""sql_batch_completed"", ""timestamp"": ""2026-09-07 04:26:55.421"", ""database_name"": ""SteelNort"", ""session_id"": 51, ""command"": ""AWAITING COMMAND"", ""duration"": 2052, ""cpu_time"": 0, ""logical_reads"": 0, ""writes"": 0, ""status"": ""completed""}",AWAITING COMMAND,2052.0,0.0,0.0,0.0,0,0,0,completed,UNKNOWN
login,2026-09-07 04:26:59.665,81,795ec2146175\Administrator,Microsoft SQL Server,SteelNort,"{""event_name"": ""login"", ""timestamp"": ""2026-09-07 04:26:59.665"", ""session_id"": 81, ""login_name"": ""795ec2146175\\Administrator"", ""program_name"": ""Microsoft SQL Server"", ""database_name"": ""SteelNort""}",0,0.0,0.0,0.0,0.0,0,0,0,0,UNKNOWN
sql_batch_completed,2026-09-07 04:26:59.665,60,0,0,SteelNort,"{""event_name"": ""sql_batch_completed"", ""timestamp"": ""2026-09-07 04:26:59.665"", ""database_name"": ""SteelNort"", ""session_id"": 60, ""command"": ""AWAITING COMMAND"", ""duration"": -18, ""cpu_time"": 0, ""logical_reads"": 0, ""writes"": 0}",AWAITING COMMAND,-18.0,0.0,0.0,0.0,0,0,0,0,UNKNOWN
sql_batch_completed,2026-09-07 04:26:59.665,71,0,0,SteelNort,"{""event_name"": ""sql_batch_completed"", ""timestamp"": ""2026-09-07 04:26:59.665"", ""database_name"": ""SteelNort"", ""session_id"": 71, ""command"": ""EXECUTE"", ""duration"": 133, ""cpu_time"": 147, ""logical_reads"": 0, ""writes"": 0, ""wait_type"": ""MSQL_XP""}",EXECUTE,133.0,147.0,0.0,0.0,MSQL_XP,0,0,0,USER
sql_batch_completed,2026-09-07 04:26:59.665,81,0,0,master,"{""event_name"": ""sql_batch_completed"", ""timestamp"": ""2026-09-07 04:26:59.665"", ""database_name"": ""master"", ""session_id"": 81, ""command"": ""EXECUTE"", ""duration"": -18, ""cpu_time"": 0, ""logical_reads"": 0, ""writes"": 0, ""wait_type"": ""MEMORY_ALLOCATION_EXT""}",EXECUTE,-18.0,0.0,0.0,0.0,MEMORY_ALLOCATION_EXT,0,0,0,UNKNOWN
logout,2026-09-07 04:27:01.709,81,0,0,0,"{""event_name"": ""logout"", ""timestamp"": ""2026-09-07 04:27:01.709"", ""session_id"": 81}",0,0.0,0.0,0.0,0.0,0,0,0,0,UNKNOWN
sql_batch_completed,2026-09-07 04:27:01.709,63,0,0,SteelNort,"{""event_name"": ""sql_batch_completed"", ""timestamp"": ""2026-09-07 04:27:01.709"", ""database_name"": ""SteelNort"", ""session_id"": 63, ""command"": ""EXECUTE"", ""duration"": -27, ""cpu_time"": 0, ""logical_reads"": 0, ""writes"": 0}",EXECUTE,-27.0,0.0,0.0,0.0,0,0,0,0,USER
sql_batch_completed,2026-09-07 04:27:01.709,81,0,0,master,"{""event_name"": ""sql_batch_completed"", ""timestamp"": ""2026-09-07 04:27:01.709"", ""database_name"": ""master"", ""session_id"": 81, ""command"": ""EXECUTE"", ""duration"": 2020, ""cpu_time"": 0, ""logical_reads"": 0, ""writes"": 0, ""status"": ""completed""}",EXECUTE,2020.0,0.0,0.0,0.0,0,0,0,completed,UNKNOWN
sql_batch_completed,2026-09-07 04:27:01.709,60,0,0,SteelNort,"{""event_name"": ""sql_batch_completed"", ""timestamp"": ""2026-09-07 04:27:01.709"", ""database_name"": ""SteelNort"", ""session_id"": 60, ""command"": ""AWAITING COMMAND"", ""duration"": 2024, ""cpu_time"": 0, ""logical_reads"": 0, ""writes"": 0, ""status"": ""completed""}",AWAITING COMMAND,2024.0,0.0,0.0,0.0,0,0,0,completed,UNKNOWN
sql_batch_completed,2026-09-07 04:27:01.709,71,0,0,SteelNort,"{""event_name"": ""sql_batch_completed"", ""timestamp"": ""2026-09-07 04:27:01.709"", ""database_name"": ""SteelNort"", ""session_id"": 71, ""command"": ""EXECUTE"", ""duration"": 2175, ""cpu_time"": 147, ""logical_reads"": 0, ""writes"": 0, ""status"": ""completed""}",EXECUTE,2175.0,147.0,0.0,0.0,0,0,0,completed,USER
sql_batch_completed,2026-09-07 04:27:03.757,71,0,0,SteelNort,"{""event_name"": ""sql_batch_completed"", ""timestamp"": ""2026-09-07 04:27:03.757"", ""database_name"": ""SteelNort"", ""session_id"": 71, ""command"": ""EXECUTE"", ""duration"": 436, ""cpu_time"": 219, ""logical_reads"": 0, ""writes"": 0, ""wait_type"": ""MSQL_XP""}",EXECUTE,436.0,219.0,0.0,0.0,MSQL_XP,0,0,0,USER
sql_batch_completed,2026-09-07 04:27:03.757,80,0,0,master,"{""event_name"": ""sql_batch_completed"", ""timestamp"": ""2026-09-07 04:27:03.757"", ""database_name"": ""master"", ""session_id"": 80, ""command"": ""BRKR TASK"", ""duration"": 10375, ""cpu_time"": 0, ""logical_reads"": 0, ""writes"": 0, ""status"": ""completed""}",BRKR TASK,10375.0,0.0,0.0,0.0,0,0,0,completed,SQL_SERVER_INTERNAL
sql_batch_completed,2026-09-07 04:27:03.757,63,0,0,SteelNort,"{""event_name"": ""sql_batch_completed"", ""timestamp"": ""2026-09-07 04:27:03.757"", ""database_name"": ""SteelNort"", ""session_id"": 63, ""command"": ""EXECUTE"", ""duration"": 2020, ""cpu_time"": 0, ""logical_reads"": 0, ""writes"": 0, ""status"": ""completed""}",EXECUTE,2020.0,0.0,0.0,0.0,0,0,0,completed,USER
logout,2026-09-07 04:27:05.804,80,0,0,0,"{""event_name"": ""logout"", ""timestamp"": ""2026-09-07 04:27:05.804"", ""session_id"": 80}",0,0.0,0.0,0.0,0.0,0,0,0,0,UNKNOWN
wait_info,2026-09-07 04:27:05.804,58,0,0,master,"{""event_name"": ""wait_info"", ""timestamp"": ""2026-09-07 04:27:05.804"", ""session_id"": 58, ""wait_type"": ""BROKER_TO_FLUSH"", ""database_name"": ""master""}",0,0.0,0.0,0.0,0.0,BROKER_TO_FLUSH,0,0,0,UNKNOWN
sql_batch_completed,2026-09-07 04:27:05.804,71,0,0,SteelNort,"{""event_name"": ""sql_batch_completed"", ""timestamp"": ""2026-09-07 04:27:05.804"", ""database_name"": ""SteelNort"", ""session_id"": 71, ""command"": ""EXECUTE"", ""duration"": 2485, ""cpu_time"": 219, ""logical_reads"": 0, ""writes"": 0, ""status"": ""completed""}",EXECUTE,2485.0,219.0,0.0,0.0,0,0,0,completed,USER
sql_batch_completed,2026-09-07 04:27:09.882,65,0,0,SteelNort,"{""event_name"": ""sql_batch_completed"", ""timestamp"": ""2026-09-07 04:27:09.882"", ""database_name"": ""SteelNort"", ""session_id"": 65, ""command"": ""AWAITING COMMAND"", ""duration"": -6, ""cpu_time"": 0, ""logical_reads"": 0, ""writes"": 0}",AWAITING COMMAND,-6.0,0.0,0.0,0.0,0,0,0,0,UNKNOWN
login,2026-09-07 04:27:11.917,80,795ec2146175\Administrator,Microsoft SQL Server,SteelNort,"{""event_name"": ""login"", ""timestamp"": ""2026-09-07 04:27:11.917"", ""session_id"": 80, ""login_name"": ""795ec2146175\\Administrator"", ""program_name"": ""Microsoft SQL Server"", ""database_name"": ""SteelNort""}",0,0.0,0.0,0.0,0.0,0,0,0,0,UNKNOWN
sql_batch_completed,2026-09-07 04:27:11.917,71,0,0,SteelNort,"{""event_name"": ""sql_batch_completed"", ""timestamp"": ""2026-09-07 04:27:11.917"", ""database_name"": ""SteelNort"", ""session_id"": 71, ""command"": ""EXECUTE"", ""duration"": 147, ""cpu_time"": 112, ""logical_reads"": 0, ""writes"": 0, ""wait_type"": ""MSQL_XP""}",EXECUTE,147.0,112.0,0.0,0.0,MSQL_XP,0,0,0,USER
sql_batch_completed,2026-09-07 04:27:11.917,65,0,0,SteelNort,"{""event_name"": ""sql_batch_completed"", ""timestamp"": ""2026-09-07 04:27:11.917"", ""database_name"": ""SteelNort"", ""session_id"": 65, ""command"": ""AWAITING COMMAND"", ""duration"": 2025, ""cpu_time"": 0, ""logical_reads"": 0, ""writes"": 0, ""status"": ""completed""}",AWAITING COMMAND,2025.0,0.0,0.0,0.0,0,0,0,completed,UNKNOWN
logout,2026-09-07 04:27:13.941,80,0,0,0,"{""event_name"": ""logout"", ""timestamp"": ""2026-09-07 04:27:13.941"", ""session_id"": 80}",0,0.0,0.0,0.0,0.0,0,0,0,0,UNKNOWN
sql_batch_completed,2026-09-07 04:27:13.941,71,0,0,SteelNort,"{""event_name"": ""sql_batch_completed"", ""timestamp"": ""2026-09-07 04:27:13.941"", ""database_name"": ""SteelNort"", ""session_id"": 71, ""command"": ""EXECUTE"", ""duration"": 2191, ""cpu_time"": 112, ""logical_reads"": 0, ""writes"": 0, ""status"": ""completed""}",EXECUTE,2191.0,112.0,0.0,0.0,0,0,0,completed,USER
sql_batch_completed,2026-09-07 04:27:24.215,51,0,0,SteelNort,"{""event_name"": ""sql_batch_completed"", ""timestamp"": ""2026-09-07 04:27:24.215"", ""database_name"": ""SteelNort"", ""session_id"": 51, ""command"": ""SET OPTION OFF"", ""duration"": 0, ""cpu_time"": 0, ""logical_reads"": 0, ""writes"": 0}",SET OPTION OFF,0.0,0.0,0.0,0.0,0,0,0,0,UNKNOWN
sql_batch_completed,2026-09-07 04:27:24.215,67,0,0,SteelNort,"{""event_name"": ""sql_batch_completed"", ""timestamp"": ""2026-09-07 04:27:24.215"", ""database_name"": ""SteelNort"", ""session_id"": 67, ""command"": ""AWAITING COMMAND"", ""duration"": 0, ""cpu_time"": 0, ""logical_reads"": 0, ""writes"": 0}",AWAITING COMMAND,0.0,0.0,0.0,0.0,0,0,0,0,UNKNOWN
sql_batch_completed,2026-09-07 04:27:26.241,67,0,0,SteelNort,"{""event_name"": ""sql_batch_completed"", ""timestamp"": ""2026-09-07 04:27:26.241"", ""database_name"": ""SteelNort"", ""session_id"": 67, ""command"": ""AWAITING COMMAND"", ""duration"": 2027, ""cpu_time"": 0, ""logical_reads"": 0, ""writes"": 0, ""status"": ""completed""}",AWAITING COMMAND,2027.0,0.0,0.0,0.0,0,0,0,completed,UNKNOWN
sql_batch_completed,2026-09-07 04:27:26.241,51,0,0,SteelNort,"{""event_name"": ""sql_batch_completed"", ""timestamp"": ""2026-09-07 04:27:26.241"", ""database_name"": ""SteelNort"", ""session_id"": 51, ""command"": ""SET OPTION OFF"", ""duration"": 2028, ""cpu_time"": 0, ""logical_reads"": 0, ""writes"": 0, ""status"": ""completed""}",SET OPTION OFF,2028.0,0.0,0.0,0.0,0,0,0,completed,UNKNOWN
sql_batch_completed,2026-09-07 04:27:34.344,65,0,0,SteelNort,"{""event_name"": ""sql_batch_completed"", ""timestamp"": ""2026-09-07 04:27:34.344"", ""database_name"": ""SteelNort"", ""session_id"": 65, ""command"": ""AWAITING COMMAND"", ""duration"": -19, ""cpu_time"": 0, ""logical_reads"": 0, ""writes"": 0}",AWAITING COMMAND,-19.0,0.0,0.0,0.0,0,0,0,0,UNKNOWN
sql_batch_completed,2026-09-07 04:27:34.344,71,0,0,SteelNort,"{""event_name"": ""sql_batch_completed"", ""timestamp"": ""2026-09-07 04:27:34.344"", ""database_name"": ""SteelNort"", ""session_id"": 71, ""command"": ""EXECUTE"", ""duration"": 27, ""cpu_time"": 43, ""logical_reads"": 0, ""writes"": 0, ""wait_type"": ""MSQL_XP""}",EXECUTE,27.0,43.0,0.0,0.0,MSQL_XP,0,0,0,USER
wait_info,2026-09-07 04:27:36.377,76,0,0,master,"{""event_name"": ""wait_info"", ""timestamp"": ""2026-09-07 04:27:36.377"", ""session_id"": 76, ""wait_type"": ""SLEEP_TASK"", ""database_name"": ""master""}",0,0.0,0.0,0.0,0.0,SLEEP_TASK,0,0,0,UNKNOWN
sql_batch_completed,2026-09-07 04:27:36.377,65,0,0,SteelNort,"{""event_name"": ""sql_batch_completed"", ""timestamp"": ""2026-09-07 04:27:36.377"", ""database_name"": ""SteelNort"", ""session_id"": 65, ""command"": ""AWAITING COMMAND"", ""duration"": 2017, ""cpu_time"": 0, ""logical_reads"": 0, ""writes"": 0, ""status"": ""completed""}",AWAITING COMMAND,2017.0,0.0,0.0,0.0,0,0,0,completed,UNKNOWN
sql_batch_completed,2026-09-07 04:27:36.377,71,0,0,SteelNort,"{""event_name"": ""sql_batch_completed"", ""timestamp"": ""2026-09-07 04:27:36.377"", ""database_name"": ""SteelNort"", ""session_id"": 71, ""command"": ""EXECUTE"", ""duration"": 2064, ""cpu_time"": 43, ""logical_reads"": 0, ""writes"": 0, ""status"": ""completed""}",EXECUTE,2064.0,43.0,0.0,0.0,0,0,0,completed,USER
wait_info,2026-09-07 04:27:40.421,58,0,0,master,"{""event_name"": ""wait_info"", ""timestamp"": ""2026-09-07 04:27:40.421"", ""session_id"": 58, ""wait_type"": ""SLEEP_TASK"", ""database_name"": ""master""}",0,0.0,0.0,0.0,0.0,SLEEP_TASK,0,0,0,UNKNOWN
sql_batch_completed,2026-09-07 04:27:40.421,63,0,0,SteelNort,"{""event_name"": ""sql_batch_completed"", ""timestamp"": ""2026-09-07 04:27:40.421"", ""database_name"": ""SteelNort"", ""session_id"": 63, ""command"": ""EXECUTE"", ""duration"": -32, ""cpu_time"": 1, ""logical_reads"": 0, ""writes"": 0}",EXECUTE,-32.0,1.0,0.0,0.0,0,0,0,0,USER
sql_batch_completed,2026-09-07 04:27:40.421,68,0,0,SteelNort,"{""event_name"": ""sql_batch_completed"", ""timestamp"": ""2026-09-07 04:27:40.421"", ""database_name"": ""SteelNort"", ""session_id"": 68, ""command"": ""CONDITIONAL"", ""duration"": -30, ""cpu_time"": 0, ""logical_reads"": 0, ""writes"": 0}",CONDITIONAL,-30.0,0.0,0.0,0.0,0,0,0,0,UNKNOWN
sql_batch_completed,2026-09-07 04:27:42.451,68,0,0,SteelNort,"{""event_name"": ""sql_batch_completed"", ""timestamp"": ""2026-09-07 04:27:42.451"", ""database_name"": ""SteelNort"", ""session_id"": 68, ""command"": ""CONDITIONAL"", ""duration"": 2012, ""cpu_time"": 0, ""logical_reads"": 0, ""writes"": 0, ""status"": ""completed""}",CONDITIONAL,2012.0,0.0,0.0,0.0,0,0,0,completed,UNKNOWN
sql_batch_completed,2026-09-07 04:27:42.451,63,0,0,SteelNort,"{""event_name"": ""sql_batch_completed"", ""timestamp"": ""2026-09-07 04:27:42.451"", ""database_name"": ""SteelNort"", ""session_id"": 63, ""command"": ""EXECUTE"", ""duration"": 2013, ""cpu_time"": 1, ""logical_reads"": 0, ""writes"": 0, ""status"": ""completed""}",EXECUTE,2013.0,1.0,0.0,0.0,0,0,0,completed,USER
sql_batch_completed,2026-09-07 04:27:44.499,64,0,0,SteelNort,"{""event_name"": ""sql_batch_completed"", ""timestamp"": ""2026-09-07 04:27:44.499"", ""database_name"": ""SteelNort"", ""session_id"": 64, ""command"": ""SET OPTION ON"", ""duration"": -2, ""cpu_time"": 0, ""logical_reads"": 0, ""writes"": 0}",SET OPTION ON,-2.0,0.0,0.0,0.0,0,0,0,0,UNKNOWN
lock_acquired,2026-09-07 04:27:44.499,62,0,0,0,"{""event_name"": ""lock_acquired"", ""timestamp"": ""2026-09-07 04:27:44.499"", ""session_id"": 62, ""resource_type"": ""KEY"", ""mode"": ""X""}",0,0.0,0.0,0.0,0.0,0,KEY,X,0,UNKNOWN
lock_acquired,2026-09-07 04:27:44.499,62,0,0,0,"{""event_name"": ""lock_acquired"", ""timestamp"": ""2026-09-07 04:27:44.499"", ""session_id"": 62, ""resource_type"": ""OBJECT"", ""mode"": ""IX""}",0,0.0,0.0,0.0,0.0,0,OBJECT,IX,0,UNKNOWN
lock_acquired,2026-09-07 04:27:44.499,62,0,0,0,"{""event_name"": ""lock_acquired"", ""timestamp"": ""2026-09-07 04:27:44.499"", ""session_id"": 62, ""resource_type"": ""PAGE"", ""mode"": ""IX""}",0,0.0,0.0,0.0,0.0,0,PAGE,IX,0,UNKNOWN
lock_acquired,2026-09-07 04:27:44.499,62,0,0,0,"{""event_name"": ""lock_acquired"", ""timestamp"": ""2026-09-07 04:27:44.499"", ""session_id"": 62, ""resource_type"": ""RID"", ""mode"": ""X""}",0,0.0,0.0,0.0,0.0,0,RID,X,0,UNKNOWN
sql_batch_completed,2026-09-07 04:27:46.617,71,0,0,SteelNort,"{""event_name"": ""sql_batch_completed"", ""timestamp"": ""2026-09-07 04:27:46.617"", ""database_name"": ""SteelNort"", ""session_id"": 71, ""command"": ""EXECUTE"", ""duration"": 138, ""cpu_time"": 118, ""logical_reads"": 0, ""writes"": 0, ""wait_type"": ""MSQL_XP""}",EXECUTE,138.0,118.0,0.0,0.0,MSQL_XP,0,0,0,USER
sql_batch_completed,2026-09-07 04:27:46.617,64,0,0,SteelNort,"{""event_name"": ""sql_batch_completed"", ""timestamp"": ""2026-09-07 04:27:46.617"", ""database_name"": ""SteelNort"", ""session_id"": 64, ""command"": ""SET OPTION ON"", ""duration"": 2112, ""cpu_time"": 0, ""logical_reads"": 0, ""writes"": 0, ""status"": ""completed""}",SET OPTION ON,2112.0,0.0,0.0,0.0,0,0,0,completed,UNKNOWN
lock_released,2026-09-07 04:27:46.617,62,0,0,0,"{""event_name"": ""lock_released"", ""timestamp"": ""2026-09-07 04:27:46.617"", ""session_id"": 62, ""resource_type"": ""KEY"", ""mode"": ""X""}",0,0.0,0.0,0.0,0.0,0,KEY,X,0,UNKNOWN
lock_released,2026-09-07 04:27:46.617,62,0,0,0,"{""event_name"": ""lock_released"", ""timestamp"": ""2026-09-07 04:27:46.617"", ""session_id"": 62, ""resource_type"": ""OBJECT"", ""mode"": ""IX""}",0,0.0,0.0,0.0,0.0,0,OBJECT,IX,0,UNKNOWN
lock_released,2026-09-07 04:27:46.617,62,0,0,0,"{""event_name"": ""lock_released"", ""timestamp"": ""2026-09-07 04:27:46.617"", ""session_id"": 62, ""resource_type"": ""PAGE"", ""mode"": ""IX""}",0,0.0,0.0,0.0,0.0,0,PAGE,IX,0,UNKNOWN
lock_released,2026-09-07 04:27:46.617,62,0,0,0,"{""event_name"": ""lock_released"", ""timestamp"": ""2026-09-07 04:27:46.617"", ""session_id"": 62, ""resource_type"": ""RID"", ""mode"": ""X""}",0,0.0,0.0,0.0,0.0,0,RID,X,0,UNKNOWN
sql_batch_completed,2026-09-07 04:27:48.829,71,0,0,SteelNort,"{""event_name"": ""sql_batch_completed"", ""timestamp"": ""2026-09-07 04:27:48.829"", ""database_name"": ""SteelNort"", ""session_id"": 71, ""command"": ""EXECUTE"", ""duration"": 2343, ""cpu_time"": 118, ""logical_reads"": 0, ""writes"": 0, ""status"": ""completed""}",EXECUTE,2343.0,118.0,0.0,0.0,0,0,0,completed,USER
sql_batch_completed,2026-09-07 04:27:56.971,67,0,0,SteelNort,"{""event_name"": ""sql_batch_completed"", ""timestamp"": ""2026-09-07 04:27:56.971"", ""database_name"": ""SteelNort"", ""session_id"": 67, ""command"": ""AWAITING COMMAND"", ""duration"": 0, ""cpu_time"": 0, ""logical_reads"": 0, ""writes"": 0}",AWAITING COMMAND,0.0,0.0,0.0,0.0,0,0,0,0,UNKNOWN
sql_batch_completed,2026-09-07 04:27:58.995,63,0,0,SteelNort,"{""event_name"": ""sql_batch_completed"", ""timestamp"": ""2026-09-07 04:27:58.995"", ""database_name"": ""SteelNort"", ""session_id"": 63, ""command"": ""AWAITING COMMAND"", ""duration"": -5, ""cpu_time"": 0, ""logical_reads"": 0, ""writes"": 0}",AWAITING COMMAND,-5.0,0.0,0.0,0.0,0,0,0,0,UNKNOWN
sql_batch_completed,2026-09-07 04:27:58.995,68,0,0,SteelNort,"{""event_name"": ""sql_batch_completed"", ""timestamp"": ""2026-09-07 04:27:58.995"", ""database_name"": ""SteelNort"", ""session_id"": 68, ""command"": ""SELECT"", ""duration"": -3, ""cpu_time"": 1, ""logical_reads"": 0, ""writes"": 0}",SELECT,-3.0,1.0,0.0,0.0,0,0,0,0,USER
sql_batch_completed,2026-09-07 04:27:58.995,67,0,0,SteelNort,"{""event_name"": ""sql_batch_completed"", ""timestamp"": ""2026-09-07 04:27:58.995"", ""database_name"": ""SteelNort"", ""session_id"": 67, ""command"": ""AWAITING COMMAND"", ""duration"": 2025, ""cpu_time"": 0, ""logical_reads"": 0, ""writes"": 0, ""status"": ""completed""}",AWAITING COMMAND,2025.0,0.0,0.0,0.0,0,0,0,completed,UNKNOWN
sql_batch_completed,2026-09-07 04:28:01.029,68,0,0,SteelNort,"{""event_name"": ""sql_batch_completed"", ""timestamp"": ""2026-09-07 04:28:01.029"", ""database_name"": ""SteelNort"", ""session_id"": 68, ""command"": ""SELECT"", ""duration"": 2030, ""cpu_time"": 1, ""logical_reads"": 0, ""writes"": 0, ""status"": ""completed""}",SELECT,2030.0,1.0,0.0,0.0,0,0,0,completed,USER
sql_batch_completed,2026-09-07 04:28:01.029,63,0,0,SteelNort,"{""event_name"": ""sql_batch_completed"", ""timestamp"": ""2026-09-07 04:28:01.029"", ""database_name"": ""SteelNort"", ""session_id"": 63, ""command"": ""AWAITING COMMAND"", ""duration"": 2031, ""cpu_time"": 0, ""logical_reads"": 0, ""writes"": 0, ""status"": ""completed""}",AWAITING COMMAND,2031.0,0.0,0.0,0.0,0,0,0,completed,UNKNOWN
sql_batch_completed,2026-09-07 04:28:03.055,71,0,0,SteelNort,"{""event_name"": ""sql_batch_completed"", ""timestamp"": ""2026-09-07 04:28:03.055"", ""database_name"": ""SteelNort"", ""session_id"": 71, ""command"": ""EXECUTE"", ""duration"": 53, ""cpu_time"": 61, ""logical_reads"": 0, ""writes"": 0, ""wait_type"": ""MSQL_XP""}",EXECUTE,53.0,61.0,0.0,0.0,MSQL_XP,0,0,0,USER
sql_batch_completed,2026-09-07 04:28:05.082,71,0,0,SteelNort,"{""event_name"": ""sql_batch_completed"", ""timestamp"": ""2026-09-07 04:28:05.082"", ""database_name"": ""SteelNort"", ""session_id"": 71, ""command"": ""EXECUTE"", ""duration"": 2080, ""cpu_time"": 61, ""logical_reads"": 0, ""writes"": 0, ""status"": ""completed""}",EXECUTE,2080.0,61.0,0.0,0.0,0,0,0,completed,USER
login,2026-09-07 04:28:07.107,80,sa,unknown,SteelNort,"{""event_name"": ""login"", ""timestamp"": ""2026-09-07 04:28:07.107"", ""session_id"": 80, ""login_name"": ""sa"", ""program_name"": ""unknown"", ""database_name"": ""SteelNort""}",0,0.0,0.0,0.0,0.0,0,0,0,0,UNKNOWN
wait_info,2026-09-07 04:28:07.107,58,0,0,master,"{""event_name"": ""wait_info"", ""timestamp"": ""2026-09-07 04:28:07.107"", ""session_id"": 58, ""wait_type"": ""BROKER_TO_FLUSH"", ""database_name"": ""master""}",0,0.0,0.0,0.0,0.0,BROKER_TO_FLUSH,0,0,0,UNKNOWN
sql_batch_completed,2026-09-07 04:28:07.107,71,0,0,SteelNort,"{""event_name"": ""sql_batch_completed"", ""timestamp"": ""2026-09-07 04:28:07.107"", ""database_name"": ""SteelNort"", ""session_id"": 71, ""command"": ""EXECUTE"", ""duration"": 95, ""cpu_time"": 109, ""logical_reads"": 0, ""writes"": 0, ""wait_type"": ""MSQL_XP""}",EXECUTE,95.0,109.0,0.0,0.0,MSQL_XP,0,0,0,USER
sql_batch_completed,2026-09-07 04:28:07.107,80,0,0,master,"{""event_name"": ""sql_batch_completed"", ""timestamp"": ""2026-09-07 04:28:07.107"", ""database_name"": ""master"", ""session_id"": 80, ""command"": ""BRKR TASK"", ""duration"": 1636, ""cpu_time"": 0, ""logical_reads"": 0, ""writes"": 0, ""wait_type"": ""BROKER_TASK_STOP""}",BRKR TASK,1636.0,0.0,0.0,0.0,BROKER_TASK_STOP,0,0,0,SQL_SERVER_INTERNAL
lock_acquired,2026-09-07 04:28:07.107,81,0,0,0,"{""event_name"": ""lock_acquired"", ""timestamp"": ""2026-09-07 04:28:07.107"", ""session_id"": 81, ""resource_type"": ""DATABASE"", ""mode"": ""S""}",0,0.0,0.0,0.0,0.0,0,DATABASE,S,0,UNKNOWN
sql_batch_completed,2026-09-07 04:28:09.161,71,0,0,SteelNort,"{""event_name"": ""sql_batch_completed"", ""timestamp"": ""2026-09-07 04:28:09.161"", ""database_name"": ""SteelNort"", ""session_id"": 71, ""command"": ""EXECUTE"", ""duration"": 2145, ""cpu_time"": 109, ""logical_reads"": 0, ""writes"": 0, ""status"": ""completed""}",EXECUTE,2145.0,109.0,0.0,0.0,0,0,0,completed,USER
lock_released,2026-09-07 04:28:09.161,81,0,0,0,"{""event_name"": ""lock_released"", ""timestamp"": ""2026-09-07 04:28:09.161"", ""session_id"": 81, ""resource_type"": ""DATABASE"", ""mode"": ""S""}",0,0.0,0.0,0.0,0.0,0,DATABASE,S,0,UNKNOWN
logout,2026-09-07 04:28:15.316,80,0,0,0,"{""event_name"": ""logout"", ""timestamp"": ""2026-09-07 04:28:15.316"", ""session_id"": 80}",0,0.0,0.0,0.0,0.0,0,0,0,0,UNKNOWN
sql_batch_completed,2026-09-07 04:28:15.316,80,0,0,master,"{""event_name"": ""sql_batch_completed"", ""timestamp"": ""2026-09-07 04:28:15.316"", ""database_name"": ""master"", ""session_id"": 80, ""command"": ""BRKR TASK"", ""duration"": 9831, ""cpu_time"": 0, ""logical_reads"": 0, ""writes"": 0, ""status"": ""completed""}",BRKR TASK,9831.0,0.0,0.0,0.0,0,0,0,completed,SQL_SERVER_INTERNAL
login,2026-09-07 04:28:17.360,80,795ec2146175\Administrator,Microsoft SQL Server,SteelNort,"{""event_name"": ""login"", ""timestamp"": ""2026-09-07 04:28:17.360"", ""session_id"": 80, ""login_name"": ""795ec2146175\\Administrator"", ""program_name"": ""Microsoft SQL Server"", ""database_name"": ""SteelNort""}",0,0.0,0.0,0.0,0.0,0,0,0,0,UNKNOWN
sql_batch_completed,2026-09-07 04:28:17.360,52,0,0,SteelNort,"{""event_name"": ""sql_batch_completed"", ""timestamp"": ""2026-09-07 04:28:17.360"", ""database_name"": ""SteelNort"", ""session_id"": 52, ""command"": ""EXECUTE"", ""duration"": -8, ""cpu_time"": 0, ""logical_reads"": 0, ""writes"": 0}",EXECUTE,-8.0,0.0,0.0,0.0,0,0,0,0,USER
sql_batch_completed,2026-09-07 04:28:17.360,71,0,0,SteelNort,"{""event_name"": ""sql_batch_completed"", ""timestamp"": ""2026-09-07 04:28:17.360"", ""database_name"": ""SteelNort"", ""session_id"": 71, ""command"": ""EXECUTE"", ""duration"": 268, ""cpu_time"": 189, ""logical_reads"": 0, ""writes"": 0, ""wait_type"": ""MSQL_XP""}",EXECUTE,268.0,189.0,0.0,0.0,MSQL_XP,0,0,0,USER
logout,2026-09-07 04:28:19.392,80,0,0,0,"{""event_name"": ""logout"", ""timestamp"": ""2026-09-07 04:28:19.392"", ""session_id"": 80}",0,0.0,0.0,0.0,0.0,0,0,0,0,UNKNOWN
sql_batch_completed,2026-09-07 04:28:19.392,52,0,0,SteelNort,"{""event_name"": ""sql_batch_completed"", ""timestamp"": ""2026-09-07 04:28:19.392"", ""database_name"": ""SteelNort"", ""session_id"": 52, ""command"": ""EXECUTE"", ""duration"": 2033, ""cpu_time"": 0, ""logical_reads"": 0, ""writes"": 0, ""status"": ""completed""}",EXECUTE,2033.0,0.0,0.0,0.0,0,0,0,completed,USER
sql_batch_completed,2026-09-07 04:28:19.392,71,0,0,SteelNort,"{""event_name"": ""sql_batch_completed"", ""timestamp"": ""2026-09-07 04:28:19.392"", ""database_name"": ""SteelNort"", ""session_id"": 71, ""command"": ""EXECUTE"", ""duration"": 2311, ""cpu_time"": 189, ""logical_reads"": 0, ""writes"": 0, ""status"": ""completed""}",EXECUTE,2311.0,189.0,0.0,0.0,0,0,0,completed,USER
sql_batch_completed,2026-09-07 04:28:21.442,71,0,0,SteelNort,"{""event_name"": ""sql_batch_completed"", ""timestamp"": ""2026-09-07 04:28:21.442"", ""database_name"": ""SteelNort"", ""session_id"": 71, ""command"": ""EXECUTE"", ""duration"": 127, ""cpu_time"": 142, ""logical_reads"": 0, ""writes"": 0, ""wait_type"": ""MSQL_XP""}",EXECUTE,127.0,142.0,0.0,0.0,MSQL_XP,0,0,0,USER
sql_batch_completed,2026-09-07 04:28:23.503,71,0,0,SteelNort,"{""event_name"": ""sql_batch_completed"", ""timestamp"": ""2026-09-07 04:28:23.503"", ""database_name"": ""SteelNort"", ""session_id"": 71, ""command"": ""EXECUTE"", ""duration"": 2185, ""cpu_time"": 142, ""logical_reads"": 0, ""writes"": 0, ""status"": ""completed""}",EXECUTE,2185.0,142.0,0.0,0.0,0,0,0,completed,USER
sql_batch_completed,2026-09-07 04:28:25.556,71,0,0,SteelNort,"{""event_name"": ""sql_batch_completed"", ""timestamp"": ""2026-09-07 04:28:25.556"", ""database_name"": ""SteelNort"", ""session_id"": 71, ""command"": ""EXECUTE"", ""duration"": 264, ""cpu_time"": 287, ""logical_reads"": 0, ""writes"": 0, ""wait_type"": ""MSQL_XP""}",EXECUTE,264.0,287.0,0.0,0.0,MSQL_XP,0,0,0,USER
sql_batch_completed,2026-09-07 04:28:27.664,71,0,0,SteelNort,"{""event_name"": ""sql_batch_completed"", ""timestamp"": ""2026-09-07 04:28:27.664"", ""database_name"": ""SteelNort"", ""session_id"": 71, ""command"": ""EXECUTE"", ""duration"": 2326, ""cpu_time"": 287, ""logical_reads"": 0, ""writes"": 0, ""status"": ""completed""}",EXECUTE,2326.0,287.0,0.0,0.0,0,0,0,completed,USER
sql_batch_completed,2026-09-07 04:28:29.729,51,0,0,SteelNort,"{""event_name"": ""sql_batch_completed"", ""timestamp"": ""2026-09-07 04:28:29.729"", ""database_name"": ""SteelNort"", ""session_id"": 51, ""command"": ""EXECUTE"", ""duration"": 0, ""cpu_time"": 0, ""logical_reads"": 0, ""writes"": 0}",EXECUTE,0.0,0.0,0.0,0.0,0,0,0,0,USER
sql_batch_completed,2026-09-07 04:28:31.765,51,0,0,SteelNort,"{""event_name"": ""sql_batch_completed"", ""timestamp"": ""2026-09-07 04:28:31.765"", ""database_name"": ""SteelNort"", ""session_id"": 51, ""command"": ""EXECUTE"", ""duration"": 2055, ""cpu_time"": 0, ""logical_reads"": 0, ""writes"": 0, ""status"": ""completed""}",EXECUTE,2055.0,0.0,0.0,0.0,0,0,0,completed,USER
login,2026-09-07 04:28:33.820,80,sa,unknown,SteelNort,"{""event_name"": ""login"", ""timestamp"": ""2026-09-07 04:28:33.820"", ""session_id"": 80, ""login_name"": ""sa"", ""program_name"": ""unknown"", ""database_name"": ""SteelNort""}",0,0.0,0.0,0.0,0.0,0,0,0,0,UNKNOWN
wait_info,2026-09-07 04:28:33.820,58,0,0,master,"{""event_name"": ""wait_info"", ""timestamp"": ""2026-09-07 04:28:33.820"", ""session_id"": 58, ""wait_type"": ""SLEEP_TASK"", ""database_name"": ""master""}",0,0.0,0.0,0.0,0.0,SLEEP_TASK,0,0,0,UNKNOWN
sql_batch_completed,2026-09-07 04:28:33.820,71,0,0,SteelNort,"{""event_name"": ""sql_batch_completed"", ""timestamp"": ""2026-09-07 04:28:33.820"", ""database_name"": ""SteelNort"", ""session_id"": 71, ""command"": ""EXECUTE"", ""duration"": 992, ""cpu_time"": 494, ""logical_reads"": 0, ""writes"": 0, ""wait_type"": ""MSQL_XP""}",EXECUTE,992.0,494.0,0.0,0.0,MSQL_XP,0,0,0,USER
logout,2026-09-07 04:28:36.851,80,0,0,0,"{""event_name"": ""logout"", ""timestamp"": ""2026-09-07 04:28:36.851"", ""session_id"": 80}",0,0.0,0.0,0.0,0.0,0,0,0,0,UNKNOWN
wait_info,2026-09-07 04:28:36.851,58,0,0,master,"{""event_name"": ""wait_info"", ""timestamp"": ""2026-09-07 04:28:36.851"", ""session_id"": 58, ""wait_type"": ""BROKER_TO_FLUSH"", ""database_name"": ""master""}",0,0.0,0.0,0.0,0.0,BROKER_TO_FLUSH,0,0,0,UNKNOWN
wait_info,2026-09-07 04:28:36.851,59,0,0,master,"{""event_name"": ""wait_info"", ""timestamp"": ""2026-09-07 04:28:36.851"", ""session_id"": 59, ""wait_type"": ""HADR_FILESTREAM_IOMGR_IOCOMPLETION"", ""database_name"": ""master""}",0,0.0,0.0,0.0,0.0,HADR_FILESTREAM_IOMGR_IOCOMPLETION,0,0,0,UNKNOWN
sql_batch_completed,2026-09-07 04:28:39.235,71,0,0,SteelNort,"{""event_name"": ""sql_batch_completed"", ""timestamp"": ""2026-09-07 04:28:39.235"", ""database_name"": ""SteelNort"", ""session_id"": 71, ""command"": ""EXECUTE"", ""duration"": 3400, ""cpu_time"": 1169, ""logical_reads"": 0, ""writes"": 0, ""status"": ""completed""}",EXECUTE,3400.0,1169.0,0.0,0.0,0,0,0,completed,USER
wait_info,2026-09-07 04:28:41.760,58,0,0,master,"{""event_name"": ""wait_info"", ""timestamp"": ""2026-09-07 04:28:41.760"", ""session_id"": 58, ""wait_type"": ""SLEEP_TASK"", ""database_name"": ""master""}",0,0.0,0.0,0.0,0.0,SLEEP_TASK,0,0,0,UNKNOWN
sql_batch_completed,2026-09-07 04:28:43.848,71,0,0,SteelNort,"{""event_name"": ""sql_batch_completed"", ""timestamp"": ""2026-09-07 04:28:43.848"", ""database_name"": ""SteelNort"", ""session_id"": 71, ""command"": ""EXECUTE"", ""duration"": 1841, ""cpu_time"": 1870, ""logical_reads"": 0, ""writes"": 0, ""wait_type"": ""MSQL_XP""}",EXECUTE,1841.0,1870.0,0.0,0.0,MSQL_XP,0,0,0,USER
wait_info,2026-09-07 04:28:46.928,58,0,0,master,"{""event_name"": ""wait_info"", ""timestamp"": ""2026-09-07 04:28:46.928"", ""session_id"": 58, ""wait_type"": ""BROKER_TO_FLUSH"", ""database_name"": ""master""}",0,0.0,0.0,0.0,0.0,BROKER_TO_FLUSH,0,0,0,UNKNOWN
wait_info,2026-09-07 04:28:52.333,58,0,0,master,"{""event_name"": ""wait_info"", ""timestamp"": ""2026-09-07 04:28:52.333"", ""session_id"": 58, ""wait_type"": ""SLEEP_TASK"", ""database_name"": ""master""}",0,0.0,0.0,0.0,0.0,SLEEP_TASK,0,0,0,UNKNOWN
sql_batch_completed,2026-09-07 04:28:52.333,71,0,0,SteelNort,"{""event_name"": ""sql_batch_completed"", ""timestamp"": ""2026-09-07 04:28:52.333"", ""database_name"": ""SteelNort"", ""session_id"": 71, ""command"": ""EXECUTE"", ""duration"": 2951, ""cpu_time"": 81, ""logical_reads"": 0, ""writes"": 0, ""status"": ""completed""}",EXECUTE,2951.0,81.0,0.0,0.0,0,0,0,completed,USER
sql_batch_completed,2026-09-07 04:28:54.378,71,0,0,SteelNort,"{""event_name"": ""sql_batch_completed"", ""timestamp"": ""2026-09-07 04:28:54.378"", ""database_name"": ""SteelNort"", ""session_id"": 71, ""command"": ""EXECUTE"", ""duration"": 59, ""cpu_time"": 66, ""logical_reads"": 0, ""writes"": 0, ""wait_type"": ""MSQL_XP""}",EXECUTE,59.0,66.0,0.0,0.0,MSQL_XP,0,0,0,USER
sql_batch_completed,2026-09-07 04:28:56.403,65,0,0,SteelNort,"{""event_name"": ""sql_batch_completed"", ""timestamp"": ""2026-09-07 04:28:56.403"", ""database_name"": ""SteelNort"", ""session_id"": 65, ""command"": ""AWAITING COMMAND"", ""duration"": -12, ""cpu_time"": 0, ""logical_reads"": 0, ""writes"": 0}",AWAITING COMMAND,-12.0,0.0,0.0,0.0,0,0,0,0,UNKNOWN
sql_batch_completed,2026-09-07 04:28:56.403,71,0,0,SteelNort,"{""event_name"": ""sql_batch_completed"", ""timestamp"": ""2026-09-07 04:28:56.403"", ""database_name"": ""SteelNort"", ""session_id"": 71, ""command"": ""EXECUTE"", ""duration"": 2089, ""cpu_time"": 66, ""logical_reads"": 0, ""writes"": 0, ""status"": ""completed""}",EXECUTE,2089.0,66.0,0.0,0.0,0,0,0,completed,USER
login,2026-09-07 04:28:58.430,80,795ec2146175\Administrator,Microsoft SQL Server,SteelNort,"{""event_name"": ""login"", ""timestamp"": ""2026-09-07 04:28:58.430"", ""session_id"": 80, ""login_name"": ""795ec2146175\\Administrator"", ""program_name"": ""Microsoft SQL Server"", ""database_name"": ""SteelNort""}",0,0.0,0.0,0.0,0.0,0,0,0,0,UNKNOWN
sql_batch_completed,2026-09-07 04:28:58.430,71,0,0,SteelNort,"{""event_name"": ""sql_batch_completed"", ""timestamp"": ""2026-09-07 04:28:58.430"", ""database_name"": ""SteelNort"", ""session_id"": 71, ""command"": ""EXECUTE"", ""duration"": 283, ""cpu_time"": 186, ""logical_reads"": 0, ""writes"": 0, ""wait_type"": ""MSQL_XP""}",EXECUTE,283.0,186.0,0.0,0.0,MSQL_XP,0,0,0,USER
sql_batch_completed,2026-09-07 04:28:58.430,65,0,0,SteelNort,"{""event_name"": ""sql_batch_completed"", ""timestamp"": ""2026-09-07 04:28:58.430"", ""database_name"": ""SteelNort"", ""session_id"": 65, ""command"": ""AWAITING COMMAND"", ""duration"": 2028, ""cpu_time"": 0, ""logical_reads"": 0, ""writes"": 0, ""status"": ""completed""}",AWAITING COMMAND,2028.0,0.0,0.0,0.0,0,0,0,completed,UNKNOWN
logout,2026-09-07 04:29:00.497,80,0,0,0,"{""event_name"": ""logout"", ""timestamp"": ""2026-09-07 04:29:00.497"", ""session_id"": 80}",0,0.0,0.0,0.0,0.0,0,0,0,0,UNKNOWN
wait_info,2026-09-07 04:29:00.497,58,0,0,master,"{""event_name"": ""wait_info"", ""timestamp"": ""2026-09-07 04:29:00.497"", ""session_id"": 58, ""wait_type"": ""BROKER_TO_FLUSH"", ""database_name"": ""master""}",0,0.0,0.0,0.0,0.0,BROKER_TO_FLUSH,0,0,0,UNKNOWN
sql_batch_completed,2026-09-07 04:29:00.497,67,0,0,SteelNort,"{""event_name"": ""sql_batch_completed"", ""timestamp"": ""2026-09-07 04:29:00.497"", ""database_name"": ""SteelNort"", ""session_id"": 67, ""command"": ""SELECT"", ""duration"": 509, ""cpu_time"": 283, ""logical_reads"": 0, ""writes"": 0}",SELECT,509.0,283.0,0.0,0.0,0,0,0,0,USER
sql_batch_completed,2026-09-07 04:29:00.497,71,0,0,SteelNort,"{""event_name"": ""sql_batch_completed"", ""timestamp"": ""2026-09-07 04:29:00.497"", ""database_name"": ""SteelNort"", ""session_id"": 71, ""command"": ""EXECUTE"", ""duration"": 2840, ""cpu_time"": 186, ""logical_reads"": 0, ""writes"": 0, ""status"": ""completed""}",EXECUTE,2840.0,186.0,0.0,0.0,0,0,0,completed,USER
lock_acquired,2026-09-07 04:29:00.497,72,0,0,0,"{""event_name"": ""lock_acquired"", ""timestamp"": ""2026-09-07 04:29:00.497"", ""session_id"": 72, ""resource_type"": ""KEY"", ""mode"": ""X""}",0,0.0,0.0,0.0,0.0,0,KEY,X,0,UNKNOWN
login,2026-09-07 04:29:04.219,80,795ec2146175\Administrator,Microsoft SQL Server,SteelNort,"{""event_name"": ""login"", ""timestamp"": ""2026-09-07 04:29:04.219"", ""session_id"": 80, ""login_name"": ""795ec2146175\\Administrator"", ""program_name"": ""Microsoft SQL Server"", ""database_name"": ""SteelNort""}",0,0.0,0.0,0.0,0.0,0,0,0,0,UNKNOWN
wait_info,2026-09-07 04:29:04.219,58,0,0,master,"{""event_name"": ""wait_info"", ""timestamp"": ""2026-09-07 04:29:04.219"", ""session_id"": 58, ""wait_type"": ""SLEEP_TASK"", ""database_name"": ""master""}",0,0.0,0.0,0.0,0.0,SLEEP_TASK,0,0,0,UNKNOWN
sql_batch_completed,2026-09-07 04:29:04.219,65,0,0,SteelNort,"{""event_name"": ""sql_batch_completed"", ""timestamp"": ""2026-09-07 04:29:04.219"", ""database_name"": ""SteelNort"", ""session_id"": 65, ""command"": ""AWAITING COMMAND"", ""duration"": -2, ""cpu_time"": 0, ""logical_reads"": 0, ""writes"": 0}",AWAITING COMMAND,-2.0,0.0,0.0,0.0,0,0,0,0,UNKNOWN
sql_batch_completed,2026-09-07 04:29:04.219,71,0,0,SteelNort,"{""event_name"": ""sql_batch_completed"", ""timestamp"": ""2026-09-07 04:29:04.219"", ""database_name"": ""SteelNort"", ""session_id"": 71, ""command"": ""EXECUTE"", ""duration"": 3527, ""cpu_time"": 3558, ""logical_reads"": 0, ""writes"": 0, ""wait_type"": ""MSQL_XP""}",EXECUTE,3527.0,3558.0,0.0,0.0,MSQL_XP,0,0,0,USER
sql_batch_completed,2026-09-07 04:29:04.219,82,0,0,msdb,"{""event_name"": ""sql_batch_completed"", ""timestamp"": ""2026-09-07 04:29:04.219"", ""database_name"": ""msdb"", ""session_id"": 82, ""command"": ""SELECT"", ""duration"": 1275, ""cpu_time"": 314, ""logical_reads"": 8, ""writes"": 0}",SELECT,1275.0,314.0,8.0,0.0,0,0,0,0,UNKNOWN
sql_batch_completed,2026-09-07 04:29:04.219,67,0,0,SteelNort,"{""event_name"": ""sql_batch_completed"", ""timestamp"": ""2026-09-07 04:29:04.219"", ""database_name"": ""SteelNort"", ""session_id"": 67, ""command"": ""SELECT"", ""duration"": 4132, ""cpu_time"": 283, ""logical_reads"": 0, ""writes"": 0, ""status"": ""completed""}",SELECT,4132.0,283.0,0.0,0.0,0,0,0,completed,USER
lock_released,2026-09-07 04:29:04.219,72,0,0,0,"{""event_name"": ""lock_released"", ""timestamp"": ""2026-09-07 04:29:04.219"", ""session_id"": 72, ""resource_type"": ""KEY"", ""mode"": ""X""}",0,0.0,0.0,0.0,0.0,0,KEY,X,0,UNKNOWN
logout,2026-09-07 04:29:06.635,80,0,0,0,"{""event_name"": ""logout"", ""timestamp"": ""2026-09-07 04:29:06.635"", ""session_id"": 80}",0,0.0,0.0,0.0,0.0,0,0,0,0,UNKNOWN
wait_info,2026-09-07 04:29:06.635,58,0,0,master,"{""event_name"": ""wait_info"", ""timestamp"": ""2026-09-07 04:29:06.635"", ""session_id"": 58, ""wait_type"": ""BROKER_TO_FLUSH"", ""database_name"": ""master""}",0,0.0,0.0,0.0,0.0,BROKER_TO_FLUSH,0,0,0,UNKNOWN
sql_batch_completed,2026-09-07 04:29:06.635,65,0,0,SteelNort,"{""event_name"": ""sql_batch_completed"", ""timestamp"": ""2026-09-07 04:29:06.635"", ""database_name"": ""SteelNort"", ""session_id"": 65, ""command"": ""AWAITING COMMAND"", ""duration"": 2600, ""cpu_time"": 0, ""logical_reads"": 0, ""writes"": 0, ""status"": ""completed""}",AWAITING COMMAND,2600.0,0.0,0.0,0.0,0,0,0,completed,UNKNOWN
sql_batch_completed,2026-09-07 04:29:06.635,82,0,0,msdb,"{""event_name"": ""sql_batch_completed"", ""timestamp"": ""2026-09-07 04:29:06.635"", ""database_name"": ""msdb"", ""session_id"": 82, ""command"": ""SELECT"", ""duration"": 3946, ""cpu_time"": 314, ""logical_reads"": 8, ""writes"": 0, ""status"": ""completed""}",SELECT,3946.0,314.0,8.0,0.0,0,0,0,completed,UNKNOWN
login,2026-09-07 04:29:10.033,80,795ec2146175\Administrator,Microsoft SQL Server,SteelNort,"{""event_name"": ""login"", ""timestamp"": ""2026-09-07 04:29:10.033"", ""session_id"": 80, ""login_name"": ""795ec2146175\\Administrator"", ""program_name"": ""Microsoft SQL Server"", ""database_name"": ""SteelNort""}",0,0.0,0.0,0.0,0.0,0,0,0,0,UNKNOWN
wait_info,2026-09-07 04:29:10.033,58,0,0,master,"{""event_name"": ""wait_info"", ""timestamp"": ""2026-09-07 04:29:10.033"", ""session_id"": 58, ""wait_type"": ""SLEEP_TASK"", ""database_name"": ""master""}",0,0.0,0.0,0.0,0.0,SLEEP_TASK,0,0,0,UNKNOWN
sql_batch_completed,2026-09-07 04:29:10.033,69,0,0,SteelNort,"{""event_name"": ""sql_batch_completed"", ""timestamp"": ""2026-09-07 04:29:10.033"", ""database_name"": ""SteelNort"", ""session_id"": 69, ""command"": ""SELECT"", ""duration"": 567, ""cpu_time"": 246, ""logical_reads"": 0, ""writes"": 0}",SELECT,567.0,246.0,0.0,0.0,0,0,0,0,USER
logout,2026-09-07 04:29:12.646,80,0,0,0,"{""event_name"": ""logout"", ""timestamp"": ""2026-09-07 04:29:12.646"", ""session_id"": 80}",0,0.0,0.0,0.0,0.0,0,0,0,0,UNKNOWN
wait_info,2026-09-07 04:29:12.646,58,0,0,master,"{""event_name"": ""wait_info"", ""timestamp"": ""2026-09-07 04:29:12.646"", ""session_id"": 58, ""wait_type"": ""BROKER_TO_FLUSH"", ""database_name"": ""master""}",0,0.0,0.0,0.0,0.0,BROKER_TO_FLUSH,0,0,0,UNKNOWN
sql_batch_completed,2026-09-07 04:29:14.776,69,0,0,SteelNort,"{""event_name"": ""sql_batch_completed"", ""timestamp"": ""2026-09-07 04:29:14.776"", ""database_name"": ""SteelNort"", ""session_id"": 69, ""command"": ""SELECT"", ""duration"": 2168, ""cpu_time"": 12, ""logical_reads"": 0, ""writes"": 0, ""status"": ""completed""}",SELECT,2168.0,12.0,0.0,0.0,0,0,0,completed,USER
sql_batch_completed,2026-09-07 04:29:14.776,71,0,0,SteelNort,"{""event_name"": ""sql_batch_completed"", ""timestamp"": ""2026-09-07 04:29:14.776"", ""database_name"": ""SteelNort"", ""session_id"": 71, ""command"": ""EXECUTE"", ""duration"": 3263, ""cpu_time"": 1040, ""logical_reads"": 0, ""writes"": 0, ""status"": ""completed""}",EXECUTE,3263.0,1040.0,0.0,0.0,0,0,0,completed,USER
sql_batch_completed,2026-09-07 04:29:16.991,71,0,0,SteelNort,"{""event_name"": ""sql_batch_completed"", ""timestamp"": ""2026-09-07 04:29:16.991"", ""database_name"": ""SteelNort"", ""session_id"": 71, ""command"": ""EXECUTE"", ""duration"": 1176, ""cpu_time"": 1170, ""logical_reads"": 0, ""writes"": 0, ""wait_type"": ""MSQL_XP""}",EXECUTE,1176.0,1170.0,0.0,0.0,MSQL_XP,0,0,0,USER
sql_batch_completed,2026-09-07 04:29:16.991,82,0,0,master,"{""event_name"": ""sql_batch_completed"", ""timestamp"": ""2026-09-07 04:29:16.991"", ""database_name"": ""master"", ""session_id"": 82, ""command"": ""EXECUTE"", ""duration"": 180, ""cpu_time"": 104, ""logical_reads"": 40, ""writes"": 0}",EXECUTE,180.0,104.0,40.0,0.0,0,0,0,0,UNKNOWN
lock_acquired,2026-09-07 04:29:16.991,82,0,0,0,"{""event_name"": ""lock_acquired"", ""timestamp"": ""2026-09-07 04:29:16.991"", ""session_id"": 82, ""resource_type"": ""OBJECT"", ""mode"": ""X""}",0,0.0,0.0,0.0,0.0,0,OBJECT,X,0,UNKNOWN
lock_acquired,2026-09-07 04:29:16.991,82,0,0,0,"{""event_name"": ""lock_acquired"", ""timestamp"": ""2026-09-07 04:29:16.991"", ""session_id"": 82, ""resource_type"": ""DATABASE"", ""mode"": ""S""}",0,0.0,0.0,0.0,0.0,0,DATABASE,S,0,UNKNOWN
lock_acquired,2026-09-07 04:29:16.991,82,0,0,0,"{""event_name"": ""lock_acquired"", ""timestamp"": ""2026-09-07 04:29:16.991"", ""session_id"": 82, ""resource_type"": ""OBJECT"", ""mode"": ""Sch-S""}",0,0.0,0.0,0.0,0.0,0,OBJECT,Sch-S,0,UNKNOWN
lock_acquired,2026-09-07 04:29:16.991,82,0,0,0,"{""event_name"": ""lock_acquired"", ""timestamp"": ""2026-09-07 04:29:16.991"", ""session_id"": 82, ""resource_type"": ""METADATA"", ""mode"": ""Sch-S""}",0,0.0,0.0,0.0,0.0,0,METADATA,Sch-S,0,UNKNOWN
sql_batch_completed,2026-09-07 04:29:19.227,82,0,0,master,"{""event_name"": ""sql_batch_completed"", ""timestamp"": ""2026-09-07 04:29:19.227"", ""database_name"": ""master"", ""session_id"": 82, ""command"": ""EXECUTE"", ""duration"": 2282, ""cpu_time"": 104, ""logical_reads"": 40, ""writes"": 0, ""status"": ""completed""}",EXECUTE,2282.0,104.0,40.0,0.0,0,0,0,completed,UNKNOWN
sql_batch_completed,2026-09-07 04:29:19.227,71,0,0,SteelNort,"{""event_name"": ""sql_batch_completed"", ""timestamp"": ""2026-09-07 04:29:19.227"", ""database_name"": ""SteelNort"", ""session_id"": 71, ""command"": ""EXECUTE"", ""duration"": 3281, ""cpu_time"": 1170, ""logical_reads"": 0, ""writes"": 0, ""status"": ""completed""}",EXECUTE,3281.0,1170.0,0.0,0.0,0,0,0,completed,USER
lock_released,2026-09-07 04:29:19.227,82,0,0,0,"{""event_name"": ""lock_released"", ""timestamp"": ""2026-09-07 04:29:19.227"", ""session_id"": 82, ""resource_type"": ""OBJECT"", ""mode"": ""X""}",0,0.0,0.0,0.0,0.0,0,OBJECT,X,0,UNKNOWN
lock_released,2026-09-07 04:29:19.227,82,0,0,0,"{""event_name"": ""lock_released"", ""timestamp"": ""2026-09-07 04:29:19.227"", ""session_id"": 82, ""resource_type"": ""DATABASE"", ""mode"": ""S""}",0,0.0,0.0,0.0,0.0,0,DATABASE,S,0,UNKNOWN
lock_released,2026-09-07 04:29:19.227,82,0,0,0,"{""event_name"": ""lock_released"", ""timestamp"": ""2026-09-07 04:29:19.227"", ""session_id"": 82, ""resource_type"": ""OBJECT"", ""mode"": ""Sch-S""}",0,0.0,0.0,0.0,0.0,0,OBJECT,Sch-S,0,UNKNOWN
lock_released,2026-09-07 04:29:19.227,82,0,0,0,"{""event_name"": ""lock_released"", ""timestamp"": ""2026-09-07 04:29:19.227"", ""session_id"": 82, ""resource_type"": ""METADATA"", ""mode"": ""Sch-S""}",0,0.0,0.0,0.0,0.0,0,METADATA,Sch-S,0,UNKNOWN
login,2026-09-07 04:29:21.262,80,795ec2146175\Administrator,Microsoft SQL Server,SteelNort,"{""event_name"": ""login"", ""timestamp"": ""2026-09-07 04:29:21.262"", ""session_id"": 80, ""login_name"": ""795ec2146175\\Administrator"", ""program_name"": ""Microsoft SQL Server"", ""database_name"": ""SteelNort""}",0,0.0,0.0,0.0,0.0,0,0,0,0,UNKNOWN
sql_batch_completed,2026-09-07 04:29:21.262,71,0,0,SteelNort,"{""event_name"": ""sql_batch_completed"", ""timestamp"": ""2026-09-07 04:29:21.262"", ""database_name"": ""SteelNort"", ""session_id"": 71, ""command"": ""EXECUTE"", ""duration"": 142, ""cpu_time"": 135, ""logical_reads"": 0, ""writes"": 0, ""wait_type"": ""MSQL_XP""}",EXECUTE,142.0,135.0,0.0,0.0,MSQL_XP,0,0,0,USER
logout,2026-09-07 04:29:23.299,80,0,0,0,"{""event_name"": ""logout"", ""timestamp"": ""2026-09-07 04:29:23.299"", ""session_id"": 80}",0,0.0,0.0,0.0,0.0,0,0,0,0,UNKNOWN
sql_batch_completed,2026-09-07 04:29:23.299,71,0,0,SteelNort,"{""event_name"": ""sql_batch_completed"", ""timestamp"": ""2026-09-07 04:29:23.299"", ""database_name"": ""SteelNort"", ""session_id"": 71, ""command"": ""EXECUTE"", ""duration"": 2169, ""cpu_time"": 135, ""logical_reads"": 0, ""writes"": 0, ""status"": ""completed""}",EXECUTE,2169.0,135.0,0.0,0.0,0,0,0,completed,USER
wait_info,2026-09-07 04:29:31.408,58,0,0,master,"{""event_name"": ""wait_info"", ""timestamp"": ""2026-09-07 04:29:31.408"", ""session_id"": 58, ""wait_type"": ""SLEEP_TASK"", ""database_name"": ""master""}",0,0.0,0.0,0.0,0.0,SLEEP_TASK,0,0,0,UNKNOWN
login,2026-09-07 04:29:39.516,80,795ec2146175\Administrator,Microsoft SQL Server,SteelNort,"{""event_name"": ""login"", ""timestamp"": ""2026-09-07 04:29:39.516"", ""session_id"": 80, ""login_name"": ""795ec2146175\\Administrator"", ""program_name"": ""Microsoft SQL Server"", ""database_name"": ""SteelNort""}",0,0.0,0.0,0.0,0.0,0,0,0,0,UNKNOWN
sql_batch_completed,2026-09-07 04:29:39.516,52,0,0,SteelNort,"{""event_name"": ""sql_batch_completed"", ""timestamp"": ""2026-09-07 04:29:39.516"", ""database_name"": ""SteelNort"", ""session_id"": 52, ""command"": ""AWAITING COMMAND"", ""duration"": 1, ""cpu_time"": 0, ""logical_reads"": 0, ""writes"": 0}",AWAITING COMMAND,1.0,0.0,0.0,0.0,0,0,0,0,UNKNOWN
sql_batch_completed,2026-09-07 04:29:39.516,60,0,0,SteelNort,"{""event_name"": ""sql_batch_completed"", ""timestamp"": ""2026-09-07 04:29:39.516"", ""database_name"": ""SteelNort"", ""session_id"": 60, ""command"": ""CONDITIONAL"", ""duration"": 2, ""cpu_time"": 0, ""logical_reads"": 0, ""writes"": 0}",CONDITIONAL,2.0,0.0,0.0,0.0,0,0,0,0,UNKNOWN
sql_batch_completed,2026-09-07 04:29:39.516,71,0,0,SteelNort,"{""event_name"": ""sql_batch_completed"", ""timestamp"": ""2026-09-07 04:29:39.516"", ""database_name"": ""SteelNort"", ""session_id"": 71, ""command"": ""EXECUTE"", ""duration"": 153, ""cpu_time"": 173, ""logical_reads"": 0, ""writes"": 0, ""wait_type"": ""MSQL_XP""}",EXECUTE,153.0,173.0,0.0,0.0,MSQL_XP,0,0,0,USER
logout,2026-09-07 04:29:41.554,72,0,0,0,"{""event_name"": ""logout"", ""timestamp"": ""2026-09-07 04:29:41.554"", ""session_id"": 72}",0,0.0,0.0,0.0,0.0,0,0,0,0,UNKNOWN
logout,2026-09-07 04:29:41.554,75,0,0,0,"{""event_name"": ""logout"", ""timestamp"": ""2026-09-07 04:29:41.554"", ""session_id"": 75}",0,0.0,0.0,0.0,0.0,0,0,0,0,UNKNOWN
logout,2026-09-07 04:29:41.554,78,0,0,0,"{""event_name"": ""logout"", ""timestamp"": ""2026-09-07 04:29:41.554"", ""session_id"": 78}",0,0.0,0.0,0.0,0.0,0,0,0,0,UNKNOWN
logout,2026-09-07 04:29:41.554,79,0,0,0,"{""event_name"": ""logout"", ""timestamp"": ""2026-09-07 04:29:41.554"", ""session_id"": 79}",0,0.0,0.0,0.0,0.0,0,0,0,0,UNKNOWN
logout,2026-09-07 04:29:41.554,80,0,0,0,"{""event_name"": ""logout"", ""timestamp"": ""2026-09-07 04:29:41.554"", ""session_id"": 80}",0,0.0,0.0,0.0,0.0,0,0,0,0,UNKNOWN
sql_batch_completed,2026-09-07 04:29:41.554,66,0,0,SteelNort,"{""event_name"": ""sql_batch_completed"", ""timestamp"": ""2026-09-07 04:29:41.554"", ""database_name"": ""SteelNort"", ""session_id"": 66, ""command"": ""AWAITING COMMAND"", ""duration"": -6, ""cpu_time"": 0, ""logical_reads"": 0, ""writes"": 0}",AWAITING COMMAND,-6.0,0.0,0.0,0.0,0,0,0,0,UNKNOWN
sql_batch_completed,2026-09-07 04:29:41.554,71,0,0,SteelNort,"{""event_name"": ""sql_batch_completed"", ""timestamp"": ""2026-09-07 04:29:41.554"", ""database_name"": ""SteelNort"", ""session_id"": 71, ""command"": ""EXECUTE"", ""duration"": 2191, ""cpu_time"": 173, ""logical_reads"": 0, ""writes"": 0, ""status"": ""completed""}",EXECUTE,2191.0,173.0,0.0,0.0,0,0,0,completed,USER
sql_batch_completed,2026-09-07 04:29:41.554,72,0,0,master,"{""event_name"": ""sql_batch_completed"", ""timestamp"": ""2026-09-07 04:29:41.554"", ""database_name"": ""master"", ""session_id"": 72, ""command"": ""TASK MANAGER"", ""duration"": 184748, ""cpu_time"": 0, ""logical_reads"": 0, ""writes"": 0, ""status"": ""completed""}",TASK MANAGER,184748.0,0.0,0.0,0.0,0,0,0,completed,SQL_SERVER_INTERNAL
sql_batch_completed,2026-09-07 04:29:41.554,75,0,0,master,"{""event_name"": ""sql_batch_completed"", ""timestamp"": ""2026-09-07 04:29:41.554"", ""database_name"": ""master"", ""session_id"": 75, ""command"": ""TASK MANAGER"", ""duration"": 184747, ""cpu_time"": 0, ""logical_reads"": 0, ""writes"": 0, ""status"": ""completed""}",TASK MANAGER,184747.0,0.0,0.0,0.0,0,0,0,completed,SQL_SERVER_INTERNAL
sql_batch_completed,2026-09-07 04:29:41.554,78,0,0,master,"{""event_name"": ""sql_batch_completed"", ""timestamp"": ""2026-09-07 04:29:41.554"", ""database_name"": ""master"", ""session_id"": 78, ""command"": ""TASK MANAGER"", ""duration"": 184747, ""cpu_time"": 0, ""logical_reads"": 0, ""writes"": 0, ""status"": ""completed""}",TASK MANAGER,184747.0,0.0,0.0,0.0,0,0,0,completed,SQL_SERVER_INTERNAL
sql_batch_completed,2026-09-07 04:29:41.554,79,0,0,master,"{""event_name"": ""sql_batch_completed"", ""timestamp"": ""2026-09-07 04:29:41.554"", ""database_name"": ""master"", ""session_id"": 79, ""command"": ""TASK MANAGER"", ""duration"": 184749, ""cpu_time"": 0, ""logical_reads"": 0, ""writes"": 0, ""status"": ""completed""}",TASK MANAGER,184749.0,0.0,0.0,0.0,0,0,0,completed,SQL_SERVER_INTERNAL
sql_batch_completed,2026-09-07 04:29:41.554,52,0,0,SteelNort,"{""event_name"": ""sql_batch_completed"", ""timestamp"": ""2026-09-07 04:29:41.554"", ""database_name"": ""SteelNort"", ""session_id"": 52, ""command"": ""AWAITING COMMAND"", ""duration"": 2047, ""cpu_time"": 0, ""logical_reads"": 0, ""writes"": 0, ""status"": ""completed""}",AWAITING COMMAND,2047.0,0.0,0.0,0.0,0,0,0,completed,UNKNOWN
sql_batch_completed,2026-09-07 04:29:41.554,60,0,0,SteelNort,"{""event_name"": ""sql_batch_completed"", ""timestamp"": ""2026-09-07 04:29:41.554"", ""database_name"": ""SteelNort"", ""session_id"": 60, ""command"": ""CONDITIONAL"", ""duration"": 2049, ""cpu_time"": 0, ""logical_reads"": 0, ""writes"": 0, ""status"": ""completed""}",CONDITIONAL,2049.0,0.0,0.0,0.0,0,0,0,completed,UNKNOWN
sql_batch_completed,2026-09-07 04:29:43.599,71,0,0,SteelNort,"{""event_name"": ""sql_batch_completed"", ""timestamp"": ""2026-09-07 04:29:43.599"", ""database_name"": ""SteelNort"", ""session_id"": 71, ""command"": ""EXECUTE"", ""duration"": -2, ""cpu_time"": 4, ""logical_reads"": 0, ""writes"": 0, ""wait_type"": ""MSQL_XP""}",EXECUTE,-2.0,4.0,0.0,0.0,MSQL_XP,0,0,0,USER
sql_batch_completed,2026-09-07 04:29:43.599,66,0,0,SteelNort,"{""event_name"": ""sql_batch_completed"", ""timestamp"": ""2026-09-07 04:29:43.599"", ""database_name"": ""SteelNort"", ""session_id"": 66, ""command"": ""AWAITING COMMAND"", ""duration"": 2035, ""cpu_time"": 0, ""logical_reads"": 0, ""writes"": 0, ""status"": ""completed""}",AWAITING COMMAND,2035.0,0.0,0.0,0.0,0,0,0,completed,UNKNOWN
logout,2026-09-07 04:29:45.640,73,0,0,0,"{""event_name"": ""logout"", ""timestamp"": ""2026-09-07 04:29:45.640"", ""session_id"": 73}",0,0.0,0.0,0.0,0.0,0,0,0,0,UNKNOWN
logout,2026-09-07 04:29:45.640,76,0,0,0,"{""event_name"": ""logout"", ""timestamp"": ""2026-09-07 04:29:45.640"", ""session_id"": 76}",0,0.0,0.0,0.0,0.0,0,0,0,0,UNKNOWN
logout,2026-09-07 04:29:45.640,77,0,0,0,"{""event_name"": ""logout"", ""timestamp"": ""2026-09-07 04:29:45.640"", ""session_id"": 77}",0,0.0,0.0,0.0,0.0,0,0,0,0,UNKNOWN
sql_batch_completed,2026-09-07 04:29:45.640,82,0,0,master,"{""event_name"": ""sql_batch_completed"", ""timestamp"": ""2026-09-07 04:29:45.640"", ""database_name"": ""master"", ""session_id"": 82, ""command"": ""EXECUTE"", ""duration"": 55, ""cpu_time"": 52, ""logical_reads"": 8, ""writes"": 0}",EXECUTE,55.0,52.0,8.0,0.0,0,0,0,0,UNKNOWN
sql_batch_completed,2026-09-07 04:29:45.640,73,0,0,master,"{""event_name"": ""sql_batch_completed"", ""timestamp"": ""2026-09-07 04:29:45.640"", ""database_name"": ""master"", ""session_id"": 73, ""command"": ""TASK MANAGER"", ""duration"": 188858, ""cpu_time"": 0, ""logical_reads"": 0, ""writes"": 0, ""status"": ""completed""}",TASK MANAGER,188858.0,0.0,0.0,0.0,0,0,0,completed,SQL_SERVER_INTERNAL
sql_batch_completed,2026-09-07 04:29:45.640,76,0,0,master,"{""event_name"": ""sql_batch_completed"", ""timestamp"": ""2026-09-07 04:29:45.640"", ""database_name"": ""master"", ""session_id"": 76, ""command"": ""TASK MANAGER"", ""duration"": 188876, ""cpu_time"": 0, ""logical_reads"": 0, ""writes"": 0, ""status"": ""completed""}",TASK MANAGER,188876.0,0.0,0.0,0.0,0,0,0,completed,SQL_SERVER_INTERNAL
sql_batch_completed,2026-09-07 04:29:45.640,77,0,0,master,"{""event_name"": ""sql_batch_completed"", ""timestamp"": ""2026-09-07 04:29:45.640"", ""database_name"": ""master"", ""session_id"": 77, ""command"": ""TASK MANAGER"", ""duration"": 188889, ""cpu_time"": 0, ""logical_reads"": 0, ""writes"": 0, ""status"": ""completed""}",TASK MANAGER,188889.0,0.0,0.0,0.0,0,0,0,completed,SQL_SERVER_INTERNAL
sql_batch_completed,2026-09-07 04:29:45.640,71,0,0,SteelNort,"{""event_name"": ""sql_batch_completed"", ""timestamp"": ""2026-09-07 04:29:45.640"", ""database_name"": ""SteelNort"", ""session_id"": 71, ""command"": ""EXECUTE"", ""duration"": 2107, ""cpu_time"": 4, ""logical_reads"": 0, ""writes"": 0, ""status"": ""completed""}",EXECUTE,2107.0,4.0,0.0,0.0,0,0,0,completed,USER
lock_acquired,2026-09-07 04:29:45.640,82,0,0,0,"{""event_name"": ""lock_acquired"", ""timestamp"": ""2026-09-07 04:29:45.640"", ""session_id"": 82, ""resource_type"": ""DATABASE"", ""mode"": ""S""}",0,0.0,0.0,0.0,0.0,0,DATABASE,S,0,UNKNOWN
lock_acquired,2026-09-07 04:29:45.640,82,0,0,0,"{""event_name"": ""lock_acquired"", ""timestamp"": ""2026-09-07 04:29:45.640"", ""session_id"": 82, ""resource_type"": ""OBJECT"", ""mode"": ""Sch-S""}",0,0.0,0.0,0.0,0.0,0,OBJECT,Sch-S,0,UNKNOWN
lock_acquired,2026-09-07 04:29:45.640,82,0,0,0,"{""event_name"": ""lock_acquired"", ""timestamp"": ""2026-09-07 04:29:45.640"", ""session_id"": 82, ""resource_type"": ""METADATA"", ""mode"": ""Sch-S""}",0,0.0,0.0,0.0,0.0,0,METADATA,Sch-S,0,UNKNOWN
wait_info,2026-09-07 04:29:47.785,58,0,0,master,"{""event_name"": ""wait_info"", ""timestamp"": ""2026-09-07 04:29:47.785"", ""session_id"": 58, ""wait_type"": ""BROKER_TO_FLUSH"", ""database_name"": ""master""}",0,0.0,0.0,0.0,0.0,BROKER_TO_FLUSH,0,0,0,UNKNOWN
sql_batch_completed,2026-09-07 04:29:47.785,71,0,0,SteelNort,"{""event_name"": ""sql_batch_completed"", ""timestamp"": ""2026-09-07 04:29:47.785"", ""database_name"": ""SteelNort"", ""session_id"": 71, ""command"": ""EXECUTE"", ""duration"": 880, ""cpu_time"": 711, ""logical_reads"": 0, ""writes"": 0, ""wait_type"": ""MSQL_XP""}",EXECUTE,880.0,711.0,0.0,0.0,MSQL_XP,0,0,0,USER
sql_batch_completed,2026-09-07 04:29:47.785,82,0,0,master,"{""event_name"": ""sql_batch_completed"", ""timestamp"": ""2026-09-07 04:29:47.785"", ""database_name"": ""master"", ""session_id"": 82, ""command"": ""EXECUTE"", ""duration"": 3405, ""cpu_time"": 52, ""logical_reads"": 8, ""writes"": 0, ""status"": ""completed""}",EXECUTE,3405.0,52.0,8.0,0.0,0,0,0,completed,UNKNOWN
lock_released,2026-09-07 04:29:47.785,82,0,0,0,"{""event_name"": ""lock_released"", ""timestamp"": ""2026-09-07 04:29:47.785"", ""session_id"": 82, ""resource_type"": ""DATABASE"", ""mode"": ""S""}",0,0.0,0.0,0.0,0.0,0,DATABASE,S,0,UNKNOWN
lock_released,2026-09-07 04:29:47.785,82,0,0,0,"{""event_name"": ""lock_released"", ""timestamp"": ""2026-09-07 04:29:47.785"", ""session_id"": 82, ""resource_type"": ""OBJECT"", ""mode"": ""Sch-S""}",0,0.0,0.0,0.0,0.0,0,OBJECT,Sch-S,0,UNKNOWN
lock_released,2026-09-07 04:29:47.785,82,0,0,0,"{""event_name"": ""lock_released"", ""timestamp"": ""2026-09-07 04:29:47.785"", ""session_id"": 82, ""resource_type"": ""METADATA"", ""mode"": ""Sch-S""}",0,0.0,0.0,0.0,0.0,0,METADATA,Sch-S,0,UNKNOWN
login,2026-09-07 04:29:51.078,72,795ec2146175\Administrator,Microsoft SQL Server,SteelNort,"{""event_name"": ""login"", ""timestamp"": ""2026-09-07 04:29:51.078"", ""session_id"": 72, ""login_name"": ""795ec2146175\\Administrator"", ""program_name"": ""Microsoft SQL Server"", ""database_name"": ""SteelNort""}",0,0.0,0.0,0.0,0.0,0,0,0,0,UNKNOWN
wait_info,2026-09-07 04:29:51.078,58,0,0,master,"{""event_name"": ""wait_info"", ""timestamp"": ""2026-09-07 04:29:51.078"", ""session_id"": 58, ""wait_type"": ""SLEEP_TASK"", ""database_name"": ""master""}",0,0.0,0.0,0.0,0.0,SLEEP_TASK,0,0,0,UNKNOWN
sql_batch_completed,2026-09-07 04:29:51.078,71,0,0,SteelNort,"{""event_name"": ""sql_batch_completed"", ""timestamp"": ""2026-09-07 04:29:51.078"", ""database_name"": ""SteelNort"", ""session_id"": 71, ""command"": ""EXECUTE"", ""duration"": 3191, ""cpu_time"": 711, ""logical_reads"": 0, ""writes"": 0, ""status"": ""completed""}",EXECUTE,3191.0,711.0,0.0,0.0,0,0,0,completed,USER
logout,2026-09-07 04:29:53.355,72,0,0,0,"{""event_name"": ""logout"", ""timestamp"": ""2026-09-07 04:29:53.355"", ""session_id"": 72}",0,0.0,0.0,0.0,0.0,0,0,0,0,UNKNOWN
sql_batch_completed,2026-09-07 04:29:53.355,71,0,0,SteelNort,"{""event_name"": ""sql_batch_completed"", ""timestamp"": ""2026-09-07 04:29:53.355"", ""database_name"": ""SteelNort"", ""session_id"": 71, ""command"": ""EXECUTE"", ""duration"": 72, ""cpu_time"": 47, ""logical_reads"": 0, ""writes"": 0, ""wait_type"": ""MSQL_XP""}",EXECUTE,72.0,47.0,0.0,0.0,MSQL_XP,0,0,0,USER
login,2026-09-07 04:29:56.461,72,795ec2146175\Administrator,Microsoft SQL Server,SteelNort,"{""event_name"": ""login"", ""timestamp"": ""2026-09-07 04:29:56.461"", ""session_id"": 72, ""login_name"": ""795ec2146175\\Administrator"", ""program_name"": ""Microsoft SQL Server"", ""database_name"": ""SteelNort""}",0,0.0,0.0,0.0,0.0,0,0,0,0,UNKNOWN
wait_info,2026-09-07 04:29:56.461,58,0,0,master,"{""event_name"": ""wait_info"", ""timestamp"": ""2026-09-07 04:29:56.461"", ""session_id"": 58, ""wait_type"": ""BROKER_TO_FLUSH"", ""database_name"": ""master""}",0,0.0,0.0,0.0,0.0,BROKER_TO_FLUSH,0,0,0,UNKNOWN
sql_batch_completed,2026-09-07 04:29:56.461,67,0,0,SteelNort,"{""event_name"": ""sql_batch_completed"", ""timestamp"": ""2026-09-07 04:29:56.461"", ""database_name"": ""SteelNort"", ""session_id"": 67, ""command"": ""EXECUTE"", ""duration"": 127, ""cpu_time"": 0, ""logical_reads"": 0, ""writes"": 0}",EXECUTE,127.0,0.0,0.0,0.0,0,0,0,0,USER
logout,2026-09-07 04:29:59.345,72,0,0,0,"{""event_name"": ""logout"", ""timestamp"": ""2026-09-07 04:29:59.345"", ""session_id"": 72}",0,0.0,0.0,0.0,0.0,0,0,0,0,UNKNOWN
wait_info,2026-09-07 04:29:59.345,58,0,0,master,"{""event_name"": ""wait_info"", ""timestamp"": ""2026-09-07 04:29:59.345"", ""session_id"": 58, ""wait_type"": ""SLEEP_TASK"", ""database_name"": ""master""}",0,0.0,0.0,0.0,0.0,SLEEP_TASK,0,0,0,UNKNOWN
sql_batch_completed,2026-09-07 04:29:59.345,82,0,0,master,"{""event_name"": ""sql_batch_completed"", ""timestamp"": ""2026-09-07 04:29:59.345"", ""database_name"": ""master"", ""session_id"": 82, ""command"": ""SELECT"", ""duration"": 180, ""cpu_time"": 136, ""logical_reads"": 0, ""writes"": 0}",SELECT,180.0,136.0,0.0,0.0,0,0,0,0,UNKNOWN
sql_batch_completed,2026-09-07 04:29:59.345,67,0,0,SteelNort,"{""event_name"": ""sql_batch_completed"", ""timestamp"": ""2026-09-07 04:29:59.345"", ""database_name"": ""SteelNort"", ""session_id"": 67, ""command"": ""EXECUTE"", ""duration"": 2569, ""cpu_time"": 0, ""logical_reads"": 0, ""writes"": 0, ""status"": ""completed""}",EXECUTE,2569.0,0.0,0.0,0.0,0,0,0,completed,USER
sql_batch_completed,2026-09-07 04:30:01.533,82,0,0,master,"{""event_name"": ""sql_batch_completed"", ""timestamp"": ""2026-09-07 04:30:01.533"", ""database_name"": ""master"", ""session_id"": 82, ""command"": ""SELECT"", ""duration"": 2397, ""cpu_time"": 136, ""logical_reads"": 0, ""writes"": 0, ""status"": ""completed""}",SELECT,2397.0,136.0,0.0,0.0,0,0,0,completed,UNKNOWN
sql_batch_completed,2026-09-07 04:30:03.724,65,0,0,SteelNort,"{""event_name"": ""sql_batch_completed"", ""timestamp"": ""2026-09-07 04:30:03.724"", ""database_name"": ""SteelNort"", ""session_id"": 65, ""command"": ""EXECUTE"", ""duration"": -1, ""cpu_time"": 0, ""logical_reads"": 0, ""writes"": 0}",EXECUTE,-1.0,0.0,0.0,0.0,0,0,0,0,USER
sql_batch_completed,2026-09-07 04:30:03.724,71,0,0,SteelNort,"{""event_name"": ""sql_batch_completed"", ""timestamp"": ""2026-09-07 04:30:03.724"", ""database_name"": ""SteelNort"", ""session_id"": 71, ""command"": ""EXECUTE"", ""duration"": 2898, ""cpu_time"": 844, ""logical_reads"": 0, ""writes"": 0, ""status"": ""completed""}",EXECUTE,2898.0,844.0,0.0,0.0,0,0,0,completed,USER
sql_batch_completed,2026-09-07 04:30:05.760,68,0,0,SteelNort,"{""event_name"": ""sql_batch_completed"", ""timestamp"": ""2026-09-07 04:30:05.760"", ""database_name"": ""SteelNort"", ""session_id"": 68, ""command"": ""CONDITIONAL"", ""duration"": -9, ""cpu_time"": 0, ""logical_reads"": 0, ""writes"": 0}",CONDITIONAL,-9.0,0.0,0.0,0.0,0,0,0,0,UNKNOWN
sql_batch_completed,2026-09-07 04:30:05.760,65,0,0,SteelNort,"{""event_name"": ""sql_batch_completed"", ""timestamp"": ""2026-09-07 04:30:05.760"", ""database_name"": ""SteelNort"", ""session_id"": 65, ""command"": ""EXECUTE"", ""duration"": 2029, ""cpu_time"": 0, ""logical_reads"": 0, ""writes"": 0, ""status"": ""completed""}",EXECUTE,2029.0,0.0,0.0,0.0,0,0,0,completed,USER
sql_batch_completed,2026-09-07 04:30:07.781,68,0,0,SteelNort,"{""event_name"": ""sql_batch_completed"", ""timestamp"": ""2026-09-07 04:30:07.781"", ""database_name"": ""SteelNort"", ""session_id"": 68, ""command"": ""CONDITIONAL"", ""duration"": 2008, ""cpu_time"": 0, ""logical_reads"": 0, ""writes"": 0, ""status"": ""completed""}",CONDITIONAL,2008.0,0.0,0.0,0.0,0,0,0,completed,UNKNOWN
sql_batch_completed,2026-09-07 04:30:09.807,71,0,0,SteelNort,"{""event_name"": ""sql_batch_completed"", ""timestamp"": ""2026-09-07 04:30:09.807"", ""database_name"": ""SteelNort"", ""session_id"": 71, ""command"": ""EXECUTE"", ""duration"": 1078, ""cpu_time"": 1005, ""logical_reads"": 0, ""writes"": 0, ""wait_type"": ""MSQL_XP""}",EXECUTE,1078.0,1005.0,0.0,0.0,MSQL_XP,0,0,0,USER
sql_batch_completed,2026-09-07 04:30:13.276,82,0,0,master,"{""event_name"": ""sql_batch_completed"", ""timestamp"": ""2026-09-07 04:30:13.276"", ""database_name"": ""master"", ""session_id"": 82, ""command"": ""SELECT"", ""duration"": 3479, ""cpu_time"": 3186, ""logical_reads"": 0, ""writes"": 0}",SELECT,3479.0,3186.0,0.0,0.0,0,0,0,0,UNKNOWN
login,2026-09-07 04:30:16.115,72,sa,SQLCMD,SteelNort,"{""event_name"": ""login"", ""timestamp"": ""2026-09-07 04:30:16.115"", ""session_id"": 72, ""login_name"": ""sa"", ""program_name"": ""SQLCMD"", ""database_name"": ""SteelNort""}",0,0.0,0.0,0.0,0.0,0,0,0,0,UNKNOWN
wait_info,2026-09-07 04:30:16.115,58,0,0,master,"{""event_name"": ""wait_info"", ""timestamp"": ""2026-09-07 04:30:16.115"", ""session_id"": 58, ""wait_type"": ""BROKER_TO_FLUSH"", ""database_name"": ""master""}",0,0.0,0.0,0.0,0.0,BROKER_TO_FLUSH,0,0,0,UNKNOWN
wait_info,2026-09-07 04:30:16.115,71,0,0,SteelNort,"{""event_name"": ""wait_info"", ""timestamp"": ""2026-09-07 04:30:16.115"", ""session_id"": 71, ""wait_type"": ""MSQL_XP"", ""database_name"": ""SteelNort""}",0,0.0,0.0,0.0,0.0,MSQL_XP,0,0,0,UNKNOWN
sql_batch_completed,2026-09-07 04:30:16.115,82,0,0,master,"{""event_name"": ""sql_batch_completed"", ""timestamp"": ""2026-09-07 04:30:16.115"", ""database_name"": ""master"", ""session_id"": 82, ""command"": ""SELECT"", ""duration"": 5689, ""cpu_time"": 3186, ""logical_reads"": 0, ""writes"": 0, ""status"": ""completed""}",SELECT,5689.0,3186.0,0.0,0.0,0,0,0,completed,UNKNOWN
lock_acquired,2026-09-07 04:30:16.115,69,0,0,0,"{""event_name"": ""lock_acquired"", ""timestamp"": ""2026-09-07 04:30:16.115"", ""session_id"": 69, ""resource_type"": ""OBJECT"", ""mode"": ""Sch-S""}",0,0.0,0.0,0.0,0.0,0,OBJECT,Sch-S,0,UNKNOWN
logout,2026-09-07 04:30:18.324,72,0,0,0,"{""event_name"": ""logout"", ""timestamp"": ""2026-09-07 04:30:18.324"", ""session_id"": 72}",0,0.0,0.0,0.0,0.0,0,0,0,0,UNKNOWN
sql_batch_completed,2026-09-07 04:30:18.324,52,0,0,SteelNort,"{""event_name"": ""sql_batch_completed"", ""timestamp"": ""2026-09-07 04:30:18.324"", ""database_name"": ""SteelNort"", ""session_id"": 52, ""command"": ""EXECUTE"", ""duration"": -28, ""cpu_time"": 0, ""logical_reads"": 0, ""writes"": 0}",EXECUTE,-28.0,0.0,0.0,0.0,0,0,0,0,USER
lock_released,2026-09-07 04:30:18.324,69,0,0,0,"{""event_name"": ""lock_released"", ""timestamp"": ""2026-09-07 04:30:18.324"", ""session_id"": 69, ""resource_type"": ""OBJECT"", ""mode"": ""Sch-S""}",0,0.0,0.0,0.0,0.0,0,OBJECT,Sch-S,0,UNKNOWN
sql_batch_completed,2026-09-07 04:30:21.013,52,0,0,SteelNort,"{""event_name"": ""sql_batch_completed"", ""timestamp"": ""2026-09-07 04:30:21.013"", ""database_name"": ""SteelNort"", ""session_id"": 52, ""command"": ""EXECUTE"", ""duration"": 2062, ""cpu_time"": 0, ""logical_reads"": 0, ""writes"": 0, ""status"": ""completed""}",EXECUTE,2062.0,0.0,0.0,0.0,0,0,0,completed,USER
sql_batch_completed,2026-09-07 04:30:21.013,71,0,0,SteelNort,"{""event_name"": ""sql_batch_completed"", ""timestamp"": ""2026-09-07 04:30:21.013"", ""database_name"": ""SteelNort"", ""session_id"": 71, ""command"": ""EXECUTE"", ""duration"": 3495, ""cpu_time"": 1456, ""logical_reads"": 0, ""writes"": 0, ""status"": ""completed""}",EXECUTE,3495.0,1456.0,0.0,0.0,0,0,0,completed,USER
login,2026-09-07 04:30:23.128,72,795ec2146175\Administrator,Microsoft SQL Server,SteelNort,"{""event_name"": ""login"", ""timestamp"": ""2026-09-07 04:30:23.128"", ""session_id"": 72, ""login_name"": ""795ec2146175\\Administrator"", ""program_name"": ""Microsoft SQL Server"", ""database_name"": ""SteelNort""}",0,0.0,0.0,0.0,0.0,0,0,0,0,UNKNOWN
wait_info,2026-09-07 04:30:23.128,58,0,0,master,"{""event_name"": ""wait_info"", ""timestamp"": ""2026-09-07 04:30:23.128"", ""session_id"": 58, ""wait_type"": ""SLEEP_TASK"", ""database_name"": ""master""}",0,0.0,0.0,0.0,0.0,SLEEP_TASK,0,0,0,UNKNOWN
sql_batch_completed,2026-09-07 04:30:23.128,71,0,0,SteelNort,"{""event_name"": ""sql_batch_completed"", ""timestamp"": ""2026-09-07 04:30:23.128"", ""database_name"": ""SteelNort"", ""session_id"": 71, ""command"": ""EXECUTE"", ""duration"": 239, ""cpu_time"": 145, ""logical_reads"": 0, ""writes"": 0, ""wait_type"": ""MSQL_XP""}",EXECUTE,239.0,145.0,0.0,0.0,MSQL_XP,0,0,0,USER
logout,2026-09-07 04:30:25.174,72,0,0,0,"{""event_name"": ""logout"", ""timestamp"": ""2026-09-07 04:30:25.174"", ""session_id"": 72}",0,0.0,0.0,0.0,0.0,0,0,0,0,UNKNOWN
sql_batch_completed,2026-09-07 04:30:25.174,60,0,0,SteelNort,"{""event_name"": ""sql_batch_completed"", ""timestamp"": ""2026-09-07 04:30:25.174"", ""database_name"": ""SteelNort"", ""session_id"": 60, ""command"": ""AWAITING COMMAND"", ""duration"": -9, ""cpu_time"": 0, ""logical_reads"": 0, ""writes"": 0}",AWAITING COMMAND,-9.0,0.0,0.0,0.0,0,0,0,0,UNKNOWN
sql_batch_completed,2026-09-07 04:30:25.174,71,0,0,SteelNort,"{""event_name"": ""sql_batch_completed"", ""timestamp"": ""2026-09-07 04:30:25.174"", ""database_name"": ""SteelNort"", ""session_id"": 71, ""command"": ""EXECUTE"", ""duration"": 2277, ""cpu_time"": 145, ""logical_reads"": 0, ""writes"": 0, ""status"": ""completed""}",EXECUTE,2277.0,145.0,0.0,0.0,0,0,0,completed,USER
sql_batch_completed,2026-09-07 04:30:27.230,52,0,0,SteelNort,"{""event_name"": ""sql_batch_completed"", ""timestamp"": ""2026-09-07 04:30:27.230"", ""database_name"": ""SteelNort"", ""session_id"": 52, ""command"": ""AWAITING COMMAND"", ""duration"": -10, ""cpu_time"": 0, ""logical_reads"": 0, ""writes"": 0}",AWAITING COMMAND,-10.0,0.0,0.0,0.0,0,0,0,0,UNKNOWN
sql_batch_completed,2026-09-07 04:30:27.230,60,0,0,SteelNort,"{""event_name"": ""sql_batch_completed"", ""timestamp"": ""2026-09-07 04:30:27.230"", ""database_name"": ""SteelNort"", ""session_id"": 60, ""command"": ""AWAITING COMMAND"", ""duration"": 2061, ""cpu_time"": 0, ""logical_reads"": 0, ""writes"": 0, ""status"": ""completed""}",AWAITING COMMAND,2061.0,0.0,0.0,0.0,0,0,0,completed,UNKNOWN
sql_batch_completed,2026-09-07 04:30:29.298,52,0,0,SteelNort,"{""event_name"": ""sql_batch_completed"", ""timestamp"": ""2026-09-07 04:30:29.298"", ""database_name"": ""SteelNort"", ""session_id"": 52, ""command"": ""AWAITING COMMAND"", ""duration"": 2055, ""cpu_time"": 0, ""logical_reads"": 0, ""writes"": 0, ""status"": ""completed""}",AWAITING COMMAND,2055.0,0.0,0.0,0.0,0,0,0,completed,UNKNOWN
sql_batch_completed,2026-09-07 04:30:33.349,71,0,0,SteelNort,"{""event_name"": ""sql_batch_completed"", ""timestamp"": ""2026-09-07 04:30:33.349"", ""database_name"": ""SteelNort"", ""session_id"": 71, ""command"": ""EXECUTE"", ""duration"": 1, ""cpu_time"": 26, ""logical_reads"": 0, ""writes"": 0, ""wait_type"": ""MSQL_XP""}",EXECUTE,1.0,26.0,0.0,0.0,MSQL_XP,0,0,0,USER
login,2026-09-07 04:30:35.402,72,795ec2146175\Administrator,Microsoft SQL Server,SteelNort,"{""event_name"": ""login"", ""timestamp"": ""2026-09-07 04:30:35.402"", ""session_id"": 72, ""login_name"": ""795ec2146175\\Administrator"", ""program_name"": ""Microsoft SQL Server"", ""database_name"": ""SteelNort""}",0,0.0,0.0,0.0,0.0,0,0,0,0,UNKNOWN
logout,2026-09-07 04:30:38.041,72,0,0,0,"{""event_name"": ""logout"", ""timestamp"": ""2026-09-07 04:30:38.041"", ""session_id"": 72}",0,0.0,0.0,0.0,0.0,0,0,0,0,UNKNOWN
wait_info,2026-09-07 04:30:38.041,58,0,0,master,"{""event_name"": ""wait_info"", ""timestamp"": ""2026-09-07 04:30:38.041"", ""session_id"": 58, ""wait_type"": ""BROKER_TO_FLUSH"", ""database_name"": ""master""}",0,0.0,0.0,0.0,0.0,BROKER_TO_FLUSH,0,0,0,UNKNOWN
wait_info,2026-09-07 04:30:41.057,58,0,0,master,"{""event_name"": ""wait_info"", ""timestamp"": ""2026-09-07 04:30:41.057"", ""session_id"": 58, ""wait_type"": ""SLEEP_TASK"", ""database_name"": ""master""}",0,0.0,0.0,0.0,0.0,SLEEP_TASK,0,0,0,UNKNOWN
sql_batch_completed,2026-09-07 04:30:41.057,67,0,0,SteelNort,"{""event_name"": ""sql_batch_completed"", ""timestamp"": ""2026-09-07 04:30:41.057"", ""database_name"": ""SteelNort"", ""session_id"": 67, ""command"": ""SELECT"", ""duration"": 51, ""cpu_time"": 1, ""logical_reads"": 0, ""writes"": 0}",SELECT,51.0,1.0,0.0,0.0,0,0,0,0,USER
sql_batch_completed,2026-09-07 04:30:41.057,82,0,0,master,"{""event_name"": ""sql_batch_completed"", ""timestamp"": ""2026-09-07 04:30:41.057"", ""database_name"": ""master"", ""session_id"": 82, ""command"": ""SELECT"", ""duration"": 463, ""cpu_time"": 175, ""logical_reads"": 0, ""writes"": 0}",SELECT,463.0,175.0,0.0,0.0,0,0,0,0,UNKNOWN
sql_batch_completed,2026-09-07 04:30:41.057,71,0,0,SteelNort,"{""event_name"": ""sql_batch_completed"", ""timestamp"": ""2026-09-07 04:30:41.057"", ""database_name"": ""SteelNort"", ""session_id"": 71, ""command"": ""EXECUTE"", ""duration"": 4059, ""cpu_time"": 1206, ""logical_reads"": 0, ""writes"": 0, ""status"": ""completed""}",EXECUTE,4059.0,1206.0,0.0,0.0,0,0,0,completed,USER
lock_acquired,2026-09-07 04:30:41.057,82,0,0,0,"{""event_name"": ""lock_acquired"", ""timestamp"": ""2026-09-07 04:30:41.057"", ""session_id"": 82, ""resource_type"": ""DATABASE"", ""mode"": ""S""}",0,0.0,0.0,0.0,0.0,0,DATABASE,S,0,UNKNOWN
lock_acquired,2026-09-07 04:30:41.057,82,0,0,0,"{""event_name"": ""lock_acquired"", ""timestamp"": ""2026-09-07 04:30:41.057"", ""session_id"": 82, ""resource_type"": ""METADATA"", ""mode"": ""Sch-S""}",0,0.0,0.0,0.0,0.0,0,METADATA,Sch-S,0,UNKNOWN
wait_info,2026-09-07 04:30:43.784,58,0,0,master,"{""event_name"": ""wait_info"", ""timestamp"": ""2026-09-07 04:30:43.784"", ""session_id"": 58, ""wait_type"": ""BROKER_TO_FLUSH"", ""database_name"": ""master""}",0,0.0,0.0,0.0,0.0,BROKER_TO_FLUSH,0,0,0,UNKNOWN
sql_batch_completed,2026-09-07 04:30:43.784,71,0,0,SteelNort,"{""event_name"": ""sql_batch_completed"", ""timestamp"": ""2026-09-07 04:30:43.784"", ""database_name"": ""SteelNort"", ""session_id"": 71, ""command"": ""EXECUTE"", ""duration"": 68, ""cpu_time"": 47, ""logical_reads"": 0, ""writes"": 0, ""wait_type"": ""MSQL_XP""}",EXECUTE,68.0,47.0,0.0,0.0,MSQL_XP,0,0,0,USER
sql_batch_completed,2026-09-07 04:30:43.784,82,0,0,master,"{""event_name"": ""sql_batch_completed"", ""timestamp"": ""2026-09-07 04:30:43.784"", ""database_name"": ""master"", ""session_id"": 82, ""command"": ""SELECT"", ""duration"": 3152, ""cpu_time"": 175, ""logical_reads"": 0, ""writes"": 0, ""status"": ""completed""}",SELECT,3152.0,175.0,0.0,0.0,0,0,0,completed,UNKNOWN
sql_batch_completed,2026-09-07 04:30:43.784,67,0,0,SteelNort,"{""event_name"": ""sql_batch_completed"", ""timestamp"": ""2026-09-07 04:30:43.784"", ""database_name"": ""SteelNort"", ""session_id"": 67, ""command"": ""SELECT"", ""duration"": 2783, ""cpu_time"": 1, ""logical_reads"": 0, ""writes"": 0, ""status"": ""completed""}",SELECT,2783.0,1.0,0.0,0.0,0,0,0,completed,USER
lock_released,2026-09-07 04:30:43.784,82,0,0,0,"{""event_name"": ""lock_released"", ""timestamp"": ""2026-09-07 04:30:43.784"", ""session_id"": 82, ""resource_type"": ""DATABASE"", ""mode"": ""S""}",0,0.0,0.0,0.0,0.0,0,DATABASE,S,0,UNKNOWN
lock_released,2026-09-07 04:30:43.784,82,0,0,0,"{""event_name"": ""lock_released"", ""timestamp"": ""2026-09-07 04:30:43.784"", ""session_id"": 82, ""resource_type"": ""METADATA"", ""mode"": ""Sch-S""}",0,0.0,0.0,0.0,0.0,0,METADATA,Sch-S,0,UNKNOWN
wait_info,2026-09-07 04:30:46.917,58,0,0,master,"{""event_name"": ""wait_info"", ""timestamp"": ""2026-09-07 04:30:46.917"", ""session_id"": 58, ""wait_type"": ""SLEEP_TASK"", ""database_name"": ""master""}",0,0.0,0.0,0.0,0.0,SLEEP_TASK,0,0,0,UNKNOWN
sql_batch_completed,2026-09-07 04:30:46.917,71,0,0,SteelNort,"{""event_name"": ""sql_batch_completed"", ""timestamp"": ""2026-09-07 04:30:46.917"", ""database_name"": ""SteelNort"", ""session_id"": 71, ""command"": ""EXECUTE"", ""duration"": 3108, ""cpu_time"": 47, ""logical_reads"": 0, ""writes"": 0, ""status"": ""completed""}",EXECUTE,3108.0,47.0,0.0,0.0,0,0,0,completed,USER
sql_batch_completed,2026-09-07 04:30:51.057,62,0,0,SteelNort,"{""event_name"": ""sql_batch_completed"", ""timestamp"": ""2026-09-07 04:30:51.057"", ""database_name"": ""SteelNort"", ""session_id"": 62, ""command"": ""AWAITING COMMAND"", ""duration"": 16, ""cpu_time"": 0, ""logical_reads"": 0, ""writes"": 0}",AWAITING COMMAND,16.0,0.0,0.0,0.0,0,0,0,0,UNKNOWN
sql_batch_completed,2026-09-07 04:30:51.057,71,0,0,SteelNort,"{""event_name"": ""sql_batch_completed"", ""timestamp"": ""2026-09-07 04:30:51.057"", ""database_name"": ""SteelNort"", ""session_id"": 71, ""command"": ""EXECUTE"", ""duration"": 156, ""cpu_time"": 109, ""logical_reads"": 0, ""writes"": 0, ""wait_type"": ""MSQL_XP""}",EXECUTE,156.0,109.0,0.0,0.0,MSQL_XP,0,0,0,USER
sql_batch_completed,2026-09-07 04:30:53.610,62,0,0,SteelNort,"{""event_name"": ""sql_batch_completed"", ""timestamp"": ""2026-09-07 04:30:53.610"", ""database_name"": ""SteelNort"", ""session_id"": 62, ""command"": ""AWAITING COMMAND"", ""duration"": 2388, ""cpu_time"": 0, ""logical_reads"": 0, ""writes"": 0, ""status"": ""completed""}",AWAITING COMMAND,2388.0,0.0,0.0,0.0,0,0,0,completed,UNKNOWN
sql_batch_completed,2026-09-07 04:30:53.610,71,0,0,SteelNort,"{""event_name"": ""sql_batch_completed"", ""timestamp"": ""2026-09-07 04:30:53.610"", ""database_name"": ""SteelNort"", ""session_id"": 71, ""command"": ""EXECUTE"", ""duration"": 2509, ""cpu_time"": 109, ""logical_reads"": 0, ""writes"": 0, ""status"": ""completed""}",EXECUTE,2509.0,109.0,0.0,0.0,0,0,0,completed,USER
lock_acquired,2026-09-07 04:30:59.660,64,0,0,0,"{""event_name"": ""lock_acquired"", ""timestamp"": ""2026-09-07 04:30:59.660"", ""session_id"": 64, ""resource_type"": ""OBJECT"", ""mode"": ""IS""}",0,0.0,0.0,0.0,0.0,0,OBJECT,IS,0,UNKNOWN
